1692.32,1692.13,1692.28,1693.33,1695.86,1696.91,1697.51,1698.01,1699.24,1700.49,1700.69,1700.69,1701.29,1702.78,1703.77,1702.80,1702.09,1701.73,1700.88,1699.88,1699.25,1700.00,1701.60,1703.24,1704.74,1706.15,1708.02,1710.48,1713.09,1716.53,1720.98,1725.93,1730.83,1735.90,1739.93,1743.80,1748.41,1751.25,1753.33,1753.60,1753.36,1755.02,1756.30,1758.02,1761.62,1766.31,1771.03,1775.36,1778.76,1782.03,1784.95,1787.04,1788.06,1788.18,1787.37,1786.99,1787.10,1786.69,1783.53,1781.70,1780.27,1772.13,1765.02,1761.13,1758.55,1759.90,1761.83,1762.76,1765.43,1770.11,1776.94,1787.28,1795.61,1804.44,1814.42,1823.91,1833.82,1843.88,1850.35,1861.63,1871.14,1878.10,1880.55,1884.60,1891.81,1896.01,1900.10,1905.80,1910.86,1913.68,1916.32,1916.12,1912.69,1904.01,1892.55,1887.01,1889.69,1890.60,1889.64,1889.15,1890.11,1890.76,1889.67,1889.17,1888.60,1883.85,1876.80,1868.55,1859.74,1852.54,1844.79,1837.72,1829.99,1823.07,1814.79,1805.50,1794.15,1781.95,1771.66,1762.29,1748.63,1735.49,1724.17,1711.71,1700.57,1688.68,1678.58,1670.20,1660.47,1651.97,1642.88,1634.64,1627.50,1621.05,1614.29,1607.62,1601.74,1596.02,1590.38,1584.93,1580.25,1580.10,1578.24,1575.79,1573.93,1572.71,1571.67,1572.94,1576.99,1583.72,1592.03,1598.67,1598.09,1590.20,1574.19,1563.45,1564.95,1565.97,1559.19,1550.92,1543.51,1538.65,1534.36,1528.89,1522.10,1519.93,1516.20,1509.09,1500.16,1491.79,1483.24,1473.59,1463.96,1456.44,1449.62,1444.59,1441.06,1437.06,1432.86,1428.74,1425.02,1422.38,1424.01,1431.53,1440.37,1447.49,1450.26,1444.07,1429.38,1420.14,1416.47,1413.51,1412.66,1414.94,1416.86,1418.71,1425.21,1438.37,1446.18,1451.45,1452.18,1451.22,1447.57,1445.06,1442.74,1439.65,1438.35,1438.01,1439.36,1440.15,1443.34,1445.82,1446.75,1449.63,1451.96,1450.22,1446.11,1444.25,1448.56,1454.20,1459.96,1466.08,1472.08,1478.18,1483.14,1487.70,1491.55,1494.89,1498.12,1500.91,1503.13,1502.96,1501.80,1500.63,1499.40,1498.26,1498.63,1500.59,1503.87,1507.14,1511.20,1517.96,1526.75,1532.87,1537.38,1541.41,1545.20,1548.84,1553.35,1558.61,1563.67,1568.66,1571.21,1572.85,1574.07,1573.41
1689.87,1689.69,1689.68,1690.04,1690.98,1691.88,1692.89,1693.84,1695.44,1697.07,1697.99,1698.29,1698.32,1699.00,1700.34,1700.67,1700.31,1699.87,1699.74,1699.22,1699.49,1701.31,1703.10,1704.80,1706.74,1709.00,1711.26,1714.23,1717.16,1720.80,1725.39,1730.25,1735.11,1740.07,1744.25,1748.91,1752.00,1754.64,1755.48,1755.03,1754.38,1755.76,1757.10,1758.68,1761.21,1765.09,1768.76,1772.00,1774.76,1777.06,1778.87,1780.68,1782.04,1782.33,1781.34,1780.43,1779.94,1778.91,1775.24,1772.11,1768.42,1762.76,1756.52,1749.68,1748.65,1751.15,1753.25,1757.89,1763.87,1770.53,1779.43,1790.50,1796.10,1804.40,1815.35,1826.22,1836.30,1845.56,1856.34,1868.10,1877.43,1883.23,1886.95,1890.32,1895.15,1899.74,1904.27,1909.53,1913.06,1914.49,1913.89,1910.31,1898.31,1886.51,1876.88,1872.94,1872.91,1873.36,1873.15,1873.11,1874.70,1876.44,1875.37,1874.62,1875.67,1876.20,1874.23,1870.19,1863.55,1860.48,1856.88,1851.45,1843.04,1834.26,1825.37,1816.46,1807.52,1796.68,1784.49,1773.38,1761.57,1747.79,1735.02,1723.56,1711.79,1701.26,1687.49,1675.34,1665.59,1655.54,1645.77,1637.27,1629.73,1622.88,1615.37,1608.31,1601.61,1595.10,1589.22,1584.55,1580.09,1576.37,1574.49,1572.40,1571.25,1570.50,1569.88,1571.06,1577.21,1586.40,1594.77,1597.84,1593.84,1585.39,1571.55,1557.32,1555.43,1555.00,1546.36,1539.27,1535.52,1532.23,1527.52,1520.79,1518.44,1516.34,1511.43,1503.70,1495.31,1487.96,1481.68,1474.69,1468.34,1463.21,1456.65,1448.48,1442.33,1434.99,1430.40,1427.45,1424.08,1420.60,1418.98,1423.68,1433.67,1442.95,1445.01,1436.34,1423.01,1417.92,1414.45,1412.17,1413.20,1416.43,1419.08,1425.93,1438.45,1449.12,1457.04,1459.38,1457.48,1453.93,1450.54,1447.73,1444.83,1444.05,1444.36,1444.40,1446.18,1446.35,1448.27,1451.38,1451.95,1453.01,1455.82,1457.24,1454.24,1450.44,1454.30,1459.22,1464.25,1470.26,1475.88,1481.16,1485.57,1489.52,1492.48,1495.53,1498.30,1500.92,1503.36,1504.90,1504.12,1503.09,1502.30,1501.12,1500.00,1500.11,1502.45,1505.43,1508.46,1514.05,1524.87,1531.77,1536.23,1540.58,1544.61,1548.51,1552.66,1557.11,1561.48,1566.18,1569.77,1571.77,1571.97,1570.87
1685.88,1685.77,1685.79,1686.02,1686.75,1687.46,1688.47,1689.85,1691.50,1693.03,1694.05,1694.47,1694.73,1695.79,1697.07,1697.92,1697.89,1697.47,1697.40,1697.45,1699.53,1701.81,1704.02,1706.17,1708.37,1710.84,1713.91,1716.98,1720.64,1724.40,1728.87,1733.41,1738.27,1742.56,1746.86,1750.69,1753.21,1755.00,1755.09,1754.22,1753.26,1754.20,1755.45,1757.11,1759.31,1762.18,1765.33,1768.27,1770.53,1772.60,1774.43,1776.33,1777.45,1777.26,1775.40,1774.21,1774.61,1771.57,1767.27,1763.00,1758.88,1753.93,1746.81,1739.77,1741.26,1746.48,1754.15,1762.14,1768.53,1776.31,1784.47,1791.98,1798.92,1807.69,1817.67,1828.38,1839.05,1850.11,1861.74,1871.41,1879.31,1885.06,1890.14,1894.76,1899.12,1903.34,1907.66,1911.19,1911.84,1911.10,1909.31,1900.36,1884.01,1870.67,1863.85,1860.57,1859.32,1858.37,1857.07,1855.21,1858.88,1863.04,1862.22,1860.29,1861.15,1861.84,1862.44,1863.72,1862.03,1866.42,1867.16,1856.37,1848.79,1842.09,1834.89,1827.07,1818.88,1810.05,1799.79,1787.74,1774.50,1761.32,1749.60,1738.14,1725.58,1713.32,1697.16,1681.78,1670.89,1660.63,1649.69,1640.45,1632.36,1623.93,1616.42,1609.95,1603.06,1595.92,1588.77,1583.18,1578.35,1574.40,1571.89,1569.87,1569.06,1568.79,1569.07,1572.61,1581.05,1591.67,1599.48,1599.68,1593.12,1582.03,1568.31,1553.71,1544.82,1539.95,1534.74,1530.28,1526.67,1523.63,1518.87,1515.13,1514.74,1513.33,1508.13,1502.23,1498.07,1493.98,1489.72,1484.38,1479.64,1472.55,1466.19,1458.66,1449.45,1440.96,1430.50,1424.90,1421.91,1419.19,1416.55,1418.46,1425.71,1434.84,1435.83,1426.36,1415.54,1412.44,1410.94,1412.50,1415.43,1418.81,1427.48,1438.27,1448.60,1457.54,1461.24,1461.10,1458.64,1455.40,1452.51,1449.62,1448.84,1449.63,1450.84,1451.28,1453.43,1453.94,1455.86,1458.71,1458.91,1457.92,1459.05,1461.77,1461.28,1457.69,1458.44,1463.20,1468.02,1473.93,1479.36,1482.92,1487.23,1490.92,1493.36,1495.56,1497.84,1500.01,1502.71,1505.46,1506.41,1505.71,1504.99,1504.18,1503.31,1502.48,1502.84,1504.59,1506.72,1510.12,1522.01,1530.45,1535.14,1539.64,1543.34,1545.91,1548.88,1553.26,1558.68,1563.03,1566.89,1569.16,1567.70,1565.85
1681.56,1681.66,1681.72,1681.94,1682.79,1683.38,1684.30,1685.71,1687.41,1688.94,1690.02,1690.56,1691.35,1692.58,1693.69,1694.61,1694.68,1694.44,1694.57,1695.52,1698.06,1700.56,1703.03,1705.76,1708.36,1711.54,1715.05,1718.53,1722.56,1726.83,1731.17,1735.63,1740.14,1744.03,1748.26,1751.13,1753.02,1753.66,1753.26,1752.33,1751.64,1752.39,1753.67,1755.29,1757.34,1759.36,1762.02,1764.86,1767.04,1768.91,1770.41,1772.52,1773.76,1773.18,1770.97,1768.96,1768.44,1762.62,1757.81,1753.58,1748.89,1742.69,1736.17,1737.48,1743.94,1751.42,1760.72,1767.27,1774.03,1782.06,1789.26,1796.81,1804.92,1814.29,1823.14,1832.95,1844.30,1856.20,1864.61,1872.33,1879.25,1885.51,1891.59,1897.48,1901.63,1905.32,1909.07,1909.43,1905.90,1903.80,1897.78,1882.34,1864.06,1853.99,1847.18,1841.36,1839.31,1839.40,1835.51,1832.50,1843.49,1849.40,1849.08,1848.04,1849.92,1851.23,1852.37,1855.32,1859.18,1862.69,1862.10,1851.85,1845.28,1840.14,1833.97,1828.71,1823.66,1818.38,1810.49,1801.24,1789.17,1776.05,1764.98,1753.41,1736.88,1720.51,1703.67,1688.09,1675.33,1665.60,1655.02,1645.69,1636.06,1626.99,1617.93,1610.42,1603.71,1596.02,1588.31,1582.06,1575.45,1571.57,1570.29,1568.32,1567.50,1568.39,1570.00,1576.42,1587.80,1596.56,1604.00,1602.99,1592.18,1578.91,1566.05,1553.14,1542.11,1535.90,1530.49,1520.01,1515.90,1514.59,1511.95,1508.72,1509.86,1512.08,1510.09,1506.41,1503.42,1500.72,1496.16,1490.67,1484.57,1477.92,1470.66,1463.82,1455.73,1445.88,1434.34,1424.42,1419.77,1417.05,1414.36,1415.32,1418.27,1420.74,1419.95,1414.57,1410.72,1409.93,1410.49,1415.33,1420.18,1426.93,1436.06,1444.78,1452.82,1459.11,1462.17,1462.37,1460.17,1457.82,1455.44,1453.94,1454.06,1454.61,1456.56,1457.81,1459.84,1461.63,1464.41,1466.09,1464.97,1462.44,1462.63,1464.70,1464.45,1463.00,1463.11,1466.46,1472.34,1478.05,1481.24,1484.28,1487.12,1489.92,1492.31,1494.82,1497.30,1499.75,1502.61,1505.80,1508.20,1508.15,1507.58,1507.62,1507.22,1506.55,1506.01,1506.66,1508.31,1509.51,1518.33,1527.48,1531.25,1534.82,1539.63,1542.04,1544.99,1548.49,1553.25,1557.52,1560.26,1562.63,1560.94,1560.06
1676.99,1677.25,1677.34,1677.79,1678.74,1679.23,1680.05,1681.52,1683.31,1684.62,1685.35,1685.98,1687.16,1689.39,1690.43,1691.30,1691.39,1691.45,1691.92,1693.66,1696.26,1699.05,1701.84,1704.73,1707.92,1711.35,1715.02,1718.78,1723.24,1727.84,1732.53,1737.29,1741.35,1744.63,1748.65,1751.05,1751.65,1751.33,1750.63,1750.13,1749.88,1750.67,1752.14,1753.81,1755.72,1757.67,1759.61,1762.08,1764.65,1766.41,1767.82,1769.24,1770.22,1769.67,1767.65,1765.18,1761.20,1755.62,1749.55,1743.81,1738.91,1732.94,1730.77,1739.46,1747.63,1755.56,1764.18,1772.84,1780.62,1786.79,1794.49,1802.97,1810.78,1820.18,1830.94,1840.95,1850.69,1859.67,1865.69,1871.78,1878.62,1884.99,1891.32,1898.21,1902.63,1904.70,1903.29,1898.27,1892.08,1885.01,1875.44,1861.38,1844.81,1833.73,1825.30,1818.02,1814.17,1813.37,1810.60,1813.36,1827.01,1834.03,1832.71,1833.75,1835.35,1837.33,1840.50,1844.13,1848.27,1852.73,1850.69,1843.31,1837.21,1831.03,1825.02,1820.62,1817.66,1815.51,1812.27,1807.04,1800.17,1788.61,1777.36,1763.94,1743.95,1722.95,1705.83,1693.03,1679.28,1669.12,1662.37,1656.80,1644.89,1632.30,1620.06,1610.29,1601.97,1592.50,1585.90,1579.83,1571.96,1568.38,1567.85,1566.66,1568.63,1571.70,1576.59,1584.87,1594.46,1601.83,1608.93,1608.85,1600.09,1587.88,1574.62,1560.41,1548.80,1541.67,1536.05,1523.49,1512.11,1504.17,1500.32,1496.88,1500.86,1506.88,1506.60,1502.60,1501.80,1500.68,1495.67,1489.55,1480.84,1474.44,1469.08,1462.88,1455.96,1447.23,1435.86,1423.81,1417.68,1414.73,1412.13,1411.49,1411.59,1411.60,1411.10,1410.13,1409.90,1410.02,1412.78,1418.15,1424.77,1432.19,1438.99,1446.88,1453.31,1458.30,1461.71,1464.12,1462.91,1460.54,1459.34,1459.39,1459.90,1460.20,1462.22,1464.05,1464.80,1467.65,1470.75,1471.45,1469.42,1466.03,1466.31,1467.92,1468.38,1468.06,1468.76,1470.37,1475.00,1479.53,1483.32,1487.03,1489.23,1491.07,1493.24,1495.93,1498.83,1501.82,1504.55,1507.04,1509.43,1510.71,1511.16,1511.62,1511.28,1510.57,1509.99,1509.81,1511.37,1512.31,1515.65,1521.38,1524.39,1527.65,1530.31,1533.68,1540.30,1544.16,1547.79,1551.60,1554.43,1556.31,1555.59,1557.92
1672.13,1672.59,1672.87,1673.59,1674.55,1675.06,1675.43,1676.57,1679.05,1680.14,1680.36,1681.08,1682.90,1686.63,1687.73,1688.47,1688.34,1688.60,1689.43,1691.74,1694.54,1697.28,1699.88,1702.91,1706.75,1710.65,1714.47,1718.66,1723.33,1728.22,1732.99,1737.70,1742.32,1745.66,1748.27,1749.77,1749.80,1749.23,1748.68,1748.41,1748.38,1749.35,1750.68,1752.31,1754.17,1756.11,1757.97,1760.08,1762.29,1763.95,1765.52,1766.74,1767.55,1766.99,1764.96,1762.45,1758.22,1752.81,1744.55,1736.10,1729.96,1725.61,1730.24,1739.95,1749.04,1757.65,1766.41,1775.03,1782.58,1790.27,1798.62,1808.75,1818.13,1827.18,1837.78,1845.29,1852.36,1858.47,1863.76,1869.80,1876.68,1882.98,1889.15,1896.19,1900.65,1899.58,1890.38,1879.63,1870.59,1863.12,1856.48,1845.57,1830.11,1816.05,1806.04,1796.46,1790.59,1790.81,1791.25,1800.13,1811.72,1817.06,1815.13,1814.66,1816.11,1818.05,1820.87,1826.09,1833.69,1838.81,1838.04,1830.91,1824.55,1817.95,1811.72,1809.02,1807.80,1807.45,1805.88,1803.15,1800.33,1790.96,1782.39,1770.90,1750.17,1727.79,1709.91,1697.00,1685.06,1677.58,1671.30,1664.27,1651.74,1636.43,1622.47,1610.63,1599.86,1589.01,1582.46,1575.33,1567.84,1564.23,1564.34,1565.51,1571.59,1579.90,1586.83,1592.81,1598.32,1603.99,1608.94,1611.32,1606.47,1593.80,1581.06,1570.73,1560.37,1550.73,1543.40,1532.81,1520.52,1508.35,1497.64,1489.67,1491.53,1496.21,1494.73,1491.37,1491.50,1492.32,1487.92,1481.31,1473.88,1467.27,1462.07,1457.78,1452.51,1445.01,1435.59,1423.24,1415.77,1412.21,1409.66,1409.34,1409.80,1409.90,1409.90,1409.90,1410.06,1411.97,1416.05,1421.10,1426.05,1431.62,1438.83,1445.77,1451.74,1456.06,1460.05,1463.84,1465.75,1464.31,1463.92,1464.68,1466.42,1468.38,1470.01,1470.76,1470.80,1472.08,1474.31,1474.49,1471.81,1469.16,1470.86,1474.05,1475.77,1476.66,1477.87,1477.95,1479.65,1483.07,1486.62,1490.74,1493.43,1494.70,1495.72,1497.50,1500.27,1504.26,1507.34,1509.70,1512.28,1514.78,1516.18,1516.29,1515.60,1515.60,1515.61,1515.39,1516.10,1516.54,1516.99,1518.13,1520.20,1523.33,1525.61,1527.84,1533.70,1538.29,1540.17,1543.32,1546.96,1549.64,1550.74,1555.14
1666.67,1667.29,1668.01,1669.27,1670.32,1670.88,1670.66,1671.47,1674.82,1675.67,1675.82,1678.61,1681.97,1684.19,1685.11,1685.88,1685.56,1685.94,1687.51,1690.08,1692.74,1695.42,1698.11,1701.40,1705.47,1709.43,1713.64,1718.28,1723.08,1727.79,1732.57,1737.64,1743.00,1746.19,1747.88,1748.20,1747.99,1747.45,1746.93,1746.75,1747.01,1748.05,1749.29,1750.61,1752.58,1754.57,1756.37,1758.37,1760.17,1761.81,1763.17,1764.16,1764.91,1764.42,1762.35,1759.56,1755.27,1749.87,1739.77,1729.45,1722.18,1722.20,1730.57,1739.92,1748.90,1758.16,1767.19,1774.64,1782.60,1792.58,1802.28,1814.19,1823.26,1831.18,1839.98,1845.65,1850.72,1855.78,1860.50,1866.84,1873.99,1880.05,1886.30,1892.17,1895.07,1888.63,1874.98,1864.04,1855.26,1847.53,1838.54,1827.92,1817.70,1803.95,1789.79,1781.53,1775.14,1772.62,1777.48,1789.95,1798.46,1799.69,1798.32,1797.92,1798.78,1799.95,1803.35,1812.27,1823.06,1828.31,1826.40,1818.69,1810.86,1802.96,1796.40,1796.23,1796.28,1795.53,1793.85,1792.20,1788.82,1781.57,1774.71,1767.42,1757.24,1739.30,1718.72,1705.09,1695.27,1686.73,1677.64,1667.94,1654.83,1638.66,1624.00,1610.84,1598.81,1586.95,1579.09,1573.68,1567.41,1560.60,1560.27,1562.57,1570.96,1581.55,1587.20,1591.41,1594.48,1599.47,1605.07,1610.46,1611.12,1602.69,1596.31,1588.77,1573.89,1559.36,1547.38,1539.46,1525.89,1514.87,1503.08,1492.12,1484.09,1483.11,1481.08,1480.25,1480.39,1479.76,1477.81,1473.71,1465.91,1458.76,1454.40,1450.88,1447.17,1440.88,1432.59,1422.90,1415.15,1409.56,1408.47,1409.17,1409.73,1409.90,1409.90,1410.26,1412.84,1417.34,1423.54,1430.53,1433.44,1433.53,1437.45,1443.70,1449.40,1454.00,1458.57,1462.94,1466.97,1468.38,1468.57,1470.26,1474.31,1478.17,1480.08,1480.85,1480.89,1480.31,1479.53,1477.76,1475.13,1475.06,1479.60,1483.69,1486.28,1486.87,1487.09,1487.36,1488.12,1491.10,1492.33,1495.74,1498.38,1499.77,1499.81,1501.45,1504.34,1507.99,1510.74,1513.71,1516.63,1519.03,1520.64,1520.56,1520.10,1520.98,1521.42,1521.34,1521.13,1521.27,1522.45,1523.12,1523.17,1524.64,1526.34,1527.58,1530.89,1533.39,1535.04,1536.61,1538.71,1541.05,1545.67,1549.57
1660.89,1661.38,1662.63,1664.72,1666.23,1667.21,1667.37,1668.76,1670.92,1671.49,1673.35,1677.14,1679.95,1681.38,1682.24,1683.16,1682.82,1683.49,1685.88,1688.52,1691.11,1693.74,1696.87,1700.18,1703.95,1707.72,1712.09,1717.65,1722.60,1727.08,1732.08,1737.78,1743.34,1745.99,1746.81,1746.48,1746.20,1745.62,1745.22,1745.18,1745.59,1746.79,1748.09,1749.44,1751.38,1753.22,1754.81,1756.59,1758.38,1759.80,1760.76,1761.33,1762.29,1762.19,1758.06,1753.52,1751.86,1745.02,1733.19,1722.20,1715.39,1720.94,1730.26,1739.03,1747.78,1757.76,1766.67,1774.45,1783.47,1793.97,1804.09,1815.45,1823.83,1831.00,1838.15,1843.23,1847.86,1852.57,1856.81,1862.76,1870.92,1876.83,1882.64,1887.63,1887.42,1878.89,1867.91,1854.72,1841.33,1829.99,1819.77,1810.19,1804.03,1797.62,1779.56,1767.22,1760.01,1755.08,1761.63,1773.11,1784.37,1784.76,1781.62,1781.30,1782.22,1782.92,1787.51,1800.97,1812.86,1819.38,1816.11,1807.15,1799.45,1787.61,1779.30,1781.39,1782.02,1781.46,1779.63,1777.66,1773.28,1767.50,1760.42,1753.98,1749.20,1740.93,1725.72,1708.10,1696.67,1686.60,1675.41,1663.49,1651.08,1635.70,1623.54,1609.42,1597.73,1584.43,1576.44,1571.39,1563.87,1556.86,1554.42,1558.29,1565.92,1573.74,1580.02,1583.09,1586.89,1592.19,1599.93,1606.35,1612.38,1611.75,1607.62,1596.90,1580.91,1564.59,1547.43,1537.37,1525.34,1514.32,1502.70,1494.03,1485.88,1478.57,1472.19,1469.33,1469.36,1469.27,1468.74,1464.53,1457.69,1451.96,1447.90,1444.74,1441.19,1435.68,1428.69,1422.11,1414.85,1408.28,1408.14,1409.03,1409.71,1409.90,1410.35,1413.10,1416.91,1422.49,1430.49,1437.00,1441.06,1441.51,1442.81,1448.00,1452.13,1454.81,1458.09,1462.78,1467.57,1470.58,1472.69,1476.85,1483.12,1488.51,1489.83,1491.01,1493.34,1493.70,1489.55,1483.19,1480.08,1483.32,1486.74,1490.68,1495.11,1497.03,1496.62,1496.63,1496.15,1498.10,1499.24,1501.26,1504.27,1506.22,1506.79,1509.24,1510.96,1513.63,1515.81,1518.64,1521.22,1522.93,1524.21,1524.58,1524.81,1525.88,1526.39,1526.36,1526.04,1526.27,1527.94,1529.15,1529.71,1530.29,1531.02,1531.58,1532.16,1532.76,1535.35,1537.14,1537.25,1539.33,1542.99,1546.11
1656.64,1657.08,1658.31,1660.62,1662.53,1663.68,1664.61,1666.21,1667.36,1668.72,1671.09,1674.05,1676.22,1677.90,1678.92,1680.55,1680.14,1681.34,1684.03,1686.85,1689.38,1691.93,1694.97,1698.83,1702.92,1706.80,1711.28,1717.09,1722.33,1727.07,1732.05,1737.99,1743.09,1745.39,1745.41,1744.68,1743.95,1743.44,1743.46,1743.58,1744.44,1745.81,1747.27,1748.82,1750.49,1752.16,1753.62,1755.09,1756.71,1757.96,1758.54,1758.92,1759.63,1755.61,1747.98,1747.48,1745.75,1737.70,1726.14,1712.95,1711.31,1719.50,1729.00,1737.11,1745.28,1755.51,1765.74,1774.49,1783.79,1794.24,1803.52,1813.63,1821.68,1828.21,1834.15,1839.07,1843.76,1848.54,1853.13,1858.45,1866.87,1873.64,1878.28,1881.86,1880.03,1873.28,1863.17,1848.31,1829.98,1818.05,1804.49,1792.04,1785.81,1782.85,1771.66,1752.91,1742.48,1737.96,1743.96,1755.57,1767.15,1767.82,1762.55,1761.77,1761.55,1762.93,1773.31,1787.61,1801.50,1810.11,1806.90,1797.00,1785.67,1773.81,1764.50,1765.43,1767.62,1767.66,1765.14,1761.31,1754.16,1748.01,1741.25,1733.51,1729.25,1728.37,1722.45,1704.70,1687.87,1673.93,1662.56,1652.83,1640.60,1627.94,1617.93,1606.47,1594.40,1578.86,1573.24,1566.50,1559.24,1553.58,1549.85,1551.31,1559.97,1565.83,1571.31,1574.11,1577.05,1583.22,1592.47,1601.72,1609.96,1615.31,1610.61,1595.60,1580.63,1564.45,1545.27,1534.66,1524.97,1515.66,1508.11,1500.02,1491.50,1483.12,1476.13,1468.27,1460.52,1457.93,1457.33,1454.43,1450.27,1444.77,1441.79,1438.59,1433.60,1429.28,1423.68,1419.13,1413.34,1407.30,1408.03,1408.82,1409.60,1411.05,1414.63,1417.50,1421.07,1427.86,1434.91,1440.81,1444.83,1448.38,1450.67,1453.32,1457.41,1460.73,1462.03,1463.52,1467.66,1472.62,1476.86,1481.26,1487.39,1493.15,1496.39,1498.59,1501.86,1504.19,1499.87,1490.71,1489.87,1494.27,1497.48,1499.45,1503.21,1506.36,1507.52,1507.48,1507.77,1508.61,1508.05,1507.49,1511.23,1513.78,1514.03,1516.60,1518.18,1519.07,1521.15,1523.68,1526.06,1527.37,1528.31,1528.91,1529.81,1531.18,1531.80,1531.92,1531.39,1531.99,1533.95,1535.08,1535.40,1535.52,1536.11,1537.34,1538.06,1536.49,1538.27,1541.88,1541.25,1540.46,1541.01,1543.72
1652.75,1653.63,1654.99,1657.22,1659.36,1660.88,1662.09,1663.26,1664.90,1666.83,1668.73,1670.60,1672.28,1673.92,1675.57,1677.20,1677.50,1679.62,1682.63,1685.37,1687.60,1689.84,1693.03,1697.68,1702.03,1706.15,1710.75,1716.71,1722.41,1727.46,1732.34,1737.67,1741.90,1743.36,1742.94,1741.64,1740.71,1741.07,1741.52,1742.46,1743.71,1745.17,1746.73,1748.29,1749.85,1751.48,1752.91,1754.21,1755.23,1756.14,1756.52,1756.41,1754.88,1750.33,1746.93,1742.70,1737.97,1728.80,1716.01,1705.44,1709.36,1717.64,1726.60,1733.92,1741.23,1751.34,1763.73,1775.00,1783.55,1793.63,1803.02,1811.69,1817.85,1823.47,1829.31,1834.40,1839.32,1844.03,1849.76,1855.63,1861.47,1868.28,1873.04,1876.23,1874.45,1867.62,1857.00,1842.23,1823.52,1809.00,1787.85,1771.34,1764.20,1763.11,1761.93,1745.10,1726.54,1721.49,1726.80,1738.74,1749.00,1748.34,1742.47,1741.28,1741.11,1744.64,1760.24,1775.32,1787.12,1799.03,1796.52,1783.48,1770.95,1759.43,1748.47,1746.24,1746.98,1748.14,1748.89,1746.16,1738.74,1730.34,1723.66,1715.36,1708.74,1709.62,1710.00,1702.19,1685.12,1667.15,1650.84,1637.85,1626.64,1617.14,1607.56,1600.32,1589.09,1578.42,1569.69,1560.85,1556.07,1552.19,1548.42,1547.65,1552.41,1559.08,1564.50,1567.13,1569.26,1575.53,1585.71,1597.05,1607.51,1614.19,1611.40,1596.63,1582.54,1566.95,1550.20,1537.13,1529.65,1522.13,1515.54,1505.71,1496.07,1490.26,1484.35,1476.76,1466.18,1454.65,1449.09,1446.22,1441.94,1436.28,1434.14,1431.37,1425.87,1421.69,1418.04,1415.55,1411.44,1406.62,1407.91,1409.11,1410.89,1418.47,1424.64,1426.48,1427.44,1430.12,1436.19,1441.67,1446.42,1450.96,1455.63,1458.96,1463.10,1466.99,1468.65,1468.83,1469.60,1472.78,1478.36,1483.92,1489.28,1495.05,1500.65,1504.30,1507.84,1511.19,1506.88,1499.24,1502.03,1506.55,1509.73,1511.97,1512.99,1515.81,1519.73,1519.44,1522.01,1522.57,1519.76,1518.97,1522.50,1523.61,1521.99,1524.13,1525.14,1525.94,1527.21,1528.88,1531.43,1532.57,1534.22,1535.53,1536.47,1537.64,1538.31,1538.67,1538.13,1539.04,1540.61,1541.71,1541.77,1540.67,1541.12,1542.92,1543.40,1540.81,1544.12,1547.54,1547.12,1545.41,1544.44,1547.10
1652.67,1654.80,1656.22,1656.88,1657.75,1658.92,1660.26,1661.62,1663.12,1664.85,1666.59,1667.88,1669.05,1670.61,1672.45,1674.14,1675.96,1678.46,1681.30,1683.71,1685.93,1688.24,1691.19,1695.94,1700.81,1705.46,1710.28,1716.84,1722.84,1728.03,1732.51,1737.29,1740.24,1740.48,1739.61,1738.18,1737.54,1739.40,1741.07,1742.64,1744.11,1745.36,1746.77,1748.25,1749.73,1751.20,1752.66,1753.76,1754.07,1754.38,1754.64,1753.87,1752.10,1750.21,1746.16,1739.48,1728.06,1717.70,1706.02,1700.46,1706.63,1714.78,1723.85,1732.17,1741.19,1751.35,1764.78,1772.89,1781.40,1791.63,1801.24,1809.57,1814.44,1818.56,1824.07,1829.82,1834.82,1839.52,1846.48,1852.99,1857.75,1863.56,1868.72,1871.34,1868.93,1859.79,1848.94,1832.96,1816.78,1800.38,1774.84,1756.06,1746.66,1743.23,1745.07,1734.45,1715.55,1706.04,1710.70,1722.30,1733.20,1731.12,1725.10,1723.56,1723.58,1729.13,1743.87,1760.34,1773.39,1781.11,1778.92,1768.21,1755.77,1745.56,1734.35,1728.90,1731.07,1732.31,1732.41,1730.59,1722.06,1712.51,1705.26,1700.75,1693.72,1695.06,1699.68,1700.42,1686.93,1669.79,1655.29,1635.57,1618.51,1607.32,1596.67,1590.15,1584.36,1575.77,1566.15,1558.16,1553.36,1549.67,1547.14,1545.01,1547.14,1550.34,1556.31,1561.64,1565.08,1570.47,1581.02,1592.69,1603.67,1611.98,1611.13,1598.73,1586.43,1572.67,1559.17,1544.67,1534.14,1526.05,1518.64,1510.98,1506.13,1500.66,1492.43,1483.90,1474.68,1463.79,1453.59,1448.54,1441.98,1433.28,1427.32,1423.49,1420.20,1417.65,1414.35,1411.16,1408.60,1406.11,1407.80,1409.47,1417.59,1425.35,1431.25,1434.03,1434.45,1434.83,1437.99,1441.99,1446.02,1451.23,1458.50,1463.69,1468.41,1473.53,1476.86,1478.28,1477.79,1477.32,1478.87,1486.12,1491.67,1497.08,1503.56,1508.96,1512.59,1515.03,1511.12,1507.69,1512.70,1518.58,1523.15,1524.81,1526.95,1530.22,1533.52,1533.41,1537.26,1536.82,1530.18,1530.18,1533.80,1534.72,1532.22,1532.96,1534.21,1535.39,1536.58,1537.84,1538.81,1538.51,1541.02,1543.05,1544.41,1545.50,1545.85,1545.21,1543.66,1544.28,1546.35,1548.58,1549.64,1547.04,1546.49,1548.43,1549.31,1550.31,1552.37,1552.38,1551.98,1550.52,1549.41,1550.44
1656.80,1658.99,1659.80,1660.59,1660.67,1660.80,1661.93,1663.30,1664.32,1665.17,1666.13,1667.63,1669.19,1670.14,1671.43,1673.21,1675.25,1677.57,1679.96,1682.31,1684.71,1687.16,1689.69,1693.87,1698.85,1703.87,1709.26,1716.14,1722.55,1728.18,1732.62,1735.49,1736.64,1736.61,1735.38,1734.55,1737.35,1740.34,1741.96,1743.59,1745.02,1745.89,1747.02,1748.46,1749.74,1751.10,1752.54,1753.71,1754.26,1753.65,1752.72,1751.81,1749.75,1746.38,1742.55,1730.95,1716.99,1707.06,1698.19,1697.99,1706.54,1715.57,1724.66,1733.59,1742.29,1752.30,1762.01,1768.14,1778.47,1789.17,1798.21,1805.56,1810.31,1814.07,1818.99,1824.57,1830.91,1836.82,1843.41,1849.68,1854.88,1860.08,1864.51,1865.27,1861.23,1850.07,1836.10,1821.23,1809.23,1789.34,1769.18,1749.45,1732.67,1723.57,1721.02,1716.81,1701.40,1690.38,1697.78,1706.55,1717.67,1715.02,1707.66,1704.74,1705.66,1712.60,1727.57,1744.04,1759.23,1765.51,1764.39,1756.47,1743.36,1732.65,1720.15,1714.37,1715.68,1715.67,1713.88,1711.80,1706.12,1697.21,1690.49,1685.50,1678.02,1676.93,1686.24,1691.85,1684.92,1669.66,1657.55,1640.01,1623.97,1609.49,1597.77,1587.50,1581.30,1573.41,1564.90,1558.42,1552.25,1547.90,1544.97,1542.45,1541.95,1543.10,1546.66,1552.82,1560.14,1563.50,1577.32,1588.70,1599.31,1608.52,1610.98,1601.74,1588.07,1576.17,1564.89,1554.35,1541.61,1532.70,1526.26,1522.56,1518.64,1512.26,1502.59,1492.21,1482.94,1471.39,1462.47,1456.45,1449.22,1438.15,1429.10,1421.65,1416.53,1414.93,1411.70,1408.25,1405.46,1406.23,1408.22,1412.47,1424.25,1430.80,1434.72,1438.64,1440.41,1442.38,1443.95,1445.87,1447.59,1451.90,1460.42,1467.22,1473.43,1479.68,1485.31,1489.47,1490.92,1489.77,1485.17,1488.99,1495.04,1499.77,1507.40,1513.29,1517.25,1519.70,1515.90,1515.42,1521.29,1529.69,1535.67,1536.20,1540.62,1545.34,1543.64,1545.07,1548.99,1546.97,1541.36,1544.38,1548.91,1545.39,1539.83,1542.74,1545.44,1545.89,1544.90,1545.48,1545.14,1544.83,1547.27,1549.72,1551.70,1552.95,1553.03,1550.68,1548.40,1549.01,1551.51,1553.83,1555.06,1553.43,1553.14,1554.54,1555.14,1555.26,1556.24,1556.32,1556.08,1555.40,1554.77,1555.08
1659.28,1661.01,1661.50,1663.17,1663.95,1664.15,1664.86,1666.09,1666.77,1667.55,1668.54,1669.76,1670.86,1671.71,1672.54,1673.83,1675.47,1677.17,1679.05,1681.31,1683.72,1686.14,1688.47,1691.95,1696.94,1702.03,1707.76,1714.53,1721.35,1726.93,1730.51,1731.80,1732.38,1732.22,1731.30,1733.50,1738.06,1741.04,1742.83,1744.46,1745.62,1746.52,1747.41,1748.71,1749.70,1750.92,1752.66,1754.40,1755.32,1753.74,1751.32,1747.56,1741.10,1738.56,1733.78,1719.66,1706.81,1697.19,1692.08,1697.43,1706.71,1715.70,1724.87,1734.20,1743.16,1752.78,1761.43,1767.49,1776.48,1786.53,1794.54,1800.76,1805.08,1808.98,1813.97,1819.40,1827.04,1834.27,1840.60,1846.63,1852.06,1856.74,1859.82,1859.15,1852.57,1837.49,1823.61,1811.52,1798.72,1783.54,1768.81,1751.09,1730.34,1711.95,1700.45,1699.19,1687.71,1676.77,1683.61,1692.76,1703.04,1700.18,1689.73,1686.40,1688.14,1698.50,1714.05,1729.76,1746.93,1755.14,1755.50,1747.48,1732.71,1720.48,1707.99,1699.13,1698.53,1698.06,1695.21,1693.27,1688.81,1681.32,1673.85,1665.71,1660.00,1662.34,1671.22,1681.03,1682.04,1669.87,1655.98,1639.68,1626.55,1616.00,1602.84,1588.01,1579.94,1571.23,1564.60,1558.99,1552.88,1547.04,1542.91,1540.32,1538.42,1538.13,1541.29,1546.78,1553.04,1558.06,1572.33,1584.81,1595.26,1604.41,1608.90,1603.37,1592.87,1580.94,1569.98,1561.42,1550.96,1538.22,1535.30,1533.64,1529.58,1522.30,1511.66,1500.49,1489.91,1479.31,1470.11,1463.23,1455.39,1443.79,1432.70,1423.21,1413.74,1412.07,1409.76,1405.63,1405.23,1407.52,1409.38,1415.42,1428.03,1434.37,1438.73,1441.65,1444.41,1447.59,1450.43,1450.72,1451.34,1455.42,1461.86,1469.02,1476.56,1484.02,1491.44,1498.02,1501.88,1501.52,1497.06,1493.65,1499.28,1506.07,1513.27,1518.66,1522.36,1524.70,1520.59,1522.99,1531.73,1541.07,1546.50,1548.41,1552.69,1556.31,1556.50,1557.96,1562.04,1559.53,1553.55,1559.72,1564.17,1559.12,1554.24,1559.30,1560.11,1558.86,1556.11,1554.46,1553.31,1553.97,1555.68,1556.18,1557.77,1559.05,1559.39,1556.06,1554.17,1554.55,1556.89,1559.21,1561.26,1562.40,1562.04,1562.27,1561.93,1561.41,1561.10,1561.12,1561.05,1560.85,1560.52,1560.73
1659.93,1661.99,1663.03,1665.26,1667.10,1667.54,1668.08,1668.78,1669.14,1669.72,1670.33,1670.89,1671.86,1673.01,1674.04,1675.05,1676.33,1677.92,1679.57,1681.56,1683.73,1685.92,1688.18,1691.30,1695.68,1700.28,1706.05,1712.64,1719.34,1723.51,1725.50,1726.61,1726.81,1726.50,1727.94,1732.76,1737.43,1740.99,1743.27,1745.11,1746.12,1747.00,1747.88,1748.74,1749.50,1750.70,1752.79,1754.98,1754.38,1750.60,1745.81,1739.76,1735.28,1731.19,1722.16,1709.68,1698.77,1690.77,1689.20,1696.31,1705.33,1714.18,1724.03,1734.07,1743.09,1753.24,1761.37,1767.29,1775.10,1783.46,1790.25,1795.54,1799.81,1804.94,1810.76,1816.58,1823.84,1831.03,1837.20,1843.28,1848.50,1852.66,1855.00,1853.84,1844.73,1829.15,1814.18,1801.70,1782.42,1766.88,1761.47,1751.55,1731.12,1712.56,1693.80,1682.06,1677.24,1668.88,1667.94,1677.22,1687.02,1685.48,1676.95,1673.41,1677.10,1686.18,1699.67,1716.75,1733.02,1745.72,1746.50,1737.82,1724.09,1710.60,1698.21,1684.20,1679.42,1678.59,1677.18,1673.83,1670.05,1663.57,1656.59,1650.97,1646.88,1650.91,1659.21,1667.49,1675.35,1668.74,1653.98,1638.65,1624.11,1614.17,1602.80,1591.95,1577.54,1567.23,1560.76,1555.98,1551.70,1546.19,1540.99,1537.80,1535.78,1535.14,1537.80,1543.30,1550.01,1556.19,1568.16,1581.88,1591.20,1600.01,1604.84,1603.67,1597.66,1586.80,1577.15,1567.68,1558.78,1546.76,1543.90,1541.53,1538.31,1531.63,1519.72,1508.16,1496.22,1484.97,1474.65,1465.38,1457.05,1446.92,1434.50,1421.82,1409.42,1406.84,1407.02,1404.20,1407.15,1410.67,1412.80,1418.02,1430.14,1436.05,1440.66,1443.85,1447.05,1450.36,1453.53,1454.13,1455.42,1459.67,1464.69,1470.61,1477.70,1485.82,1494.38,1503.14,1509.69,1510.71,1507.18,1503.72,1505.77,1512.51,1519.92,1527.88,1530.66,1530.66,1526.23,1530.87,1541.01,1548.89,1554.03,1556.86,1560.70,1565.14,1569.25,1571.18,1573.13,1571.94,1567.48,1570.77,1574.21,1571.61,1569.50,1571.95,1572.73,1572.14,1570.11,1567.16,1566.69,1569.41,1569.45,1564.08,1563.29,1564.94,1566.08,1564.61,1564.32,1563.76,1566.77,1569.40,1570.89,1571.65,1571.78,1571.55,1571.08,1570.20,1568.87,1569.06,1568.91,1568.42,1568.20,1568.87
1659.52,1662.16,1664.26,1666.72,1669.15,1669.99,1670.33,1670.45,1670.56,1670.83,1671.23,1671.79,1672.78,1673.93,1675.04,1676.18,1677.44,1678.82,1680.52,1682.52,1684.68,1686.88,1689.23,1691.68,1695.30,1698.85,1703.54,1709.53,1715.19,1718.80,1720.05,1720.31,1720.30,1720.47,1724.82,1730.58,1735.13,1739.41,1742.75,1745.32,1746.37,1747.09,1747.28,1747.48,1748.26,1749.91,1751.82,1752.65,1748.43,1742.86,1738.07,1734.30,1730.44,1724.91,1714.35,1703.45,1693.79,1687.38,1687.64,1694.19,1701.54,1710.48,1720.68,1732.23,1741.17,1750.90,1759.98,1764.87,1773.08,1780.66,1786.01,1790.71,1796.03,1801.57,1808.13,1814.95,1821.68,1827.49,1832.90,1838.98,1843.89,1847.94,1850.05,1848.16,1838.03,1821.61,1804.14,1788.18,1772.13,1754.15,1742.17,1738.23,1728.71,1714.27,1691.17,1677.44,1671.16,1659.69,1657.15,1663.36,1669.26,1670.94,1667.33,1665.76,1667.80,1678.26,1691.44,1706.45,1719.31,1732.79,1736.74,1728.95,1715.67,1702.12,1687.77,1672.74,1664.02,1663.36,1660.95,1658.90,1654.45,1649.20,1644.84,1639.56,1634.35,1638.87,1644.10,1656.40,1668.64,1665.26,1652.51,1637.07,1621.43,1609.62,1597.60,1588.39,1572.73,1563.65,1556.66,1551.41,1547.51,1542.49,1538.16,1534.82,1533.25,1531.87,1533.94,1540.02,1547.26,1554.56,1565.65,1579.96,1588.50,1596.98,1601.78,1602.03,1597.62,1589.39,1582.20,1573.74,1564.28,1552.73,1546.66,1543.29,1541.02,1536.35,1527.80,1516.43,1503.01,1487.01,1471.27,1460.35,1453.24,1444.53,1432.92,1414.05,1401.68,1400.92,1403.24,1405.10,1408.08,1411.36,1415.65,1420.76,1429.63,1434.71,1439.84,1444.24,1448.31,1452.39,1456.28,1457.85,1458.44,1463.93,1469.59,1473.31,1478.20,1486.47,1495.02,1504.44,1512.75,1517.54,1517.83,1516.89,1516.49,1519.92,1529.15,1537.41,1540.05,1536.92,1532.17,1534.99,1544.54,1552.55,1559.04,1562.94,1566.65,1571.95,1576.63,1579.63,1581.42,1582.11,1580.60,1581.47,1583.23,1579.73,1579.44,1583.07,1584.91,1584.56,1579.68,1575.39,1576.14,1578.59,1578.81,1573.20,1569.12,1572.39,1576.72,1581.14,1582.07,1580.24,1578.96,1577.68,1577.39,1576.99,1576.89,1576.40,1576.86,1577.31,1576.60,1576.02,1575.64,1575.21,1575.12,1575.45
1657.99,1661.42,1664.26,1666.58,1668.72,1670.04,1670.72,1671.17,1671.43,1671.70,1672.09,1672.69,1673.68,1674.77,1675.75,1676.92,1678.18,1679.51,1681.35,1683.44,1685.55,1687.75,1689.91,1692.31,1695.16,1697.77,1700.75,1705.73,1710.72,1714.49,1716.52,1717.17,1716.84,1717.19,1721.47,1727.17,1732.25,1736.50,1740.46,1744.09,1745.83,1746.41,1745.90,1745.77,1746.41,1747.75,1748.44,1746.13,1741.38,1735.86,1731.17,1726.54,1723.08,1718.56,1709.90,1700.10,1689.07,1682.34,1685.32,1691.38,1697.56,1707.56,1720.78,1732.57,1741.89,1750.48,1756.24,1760.89,1770.37,1777.03,1782.24,1787.37,1793.07,1798.96,1805.59,1812.25,1818.84,1824.02,1828.09,1832.51,1837.82,1842.51,1844.27,1841.18,1831.97,1815.48,1796.66,1777.61,1761.06,1745.48,1727.20,1719.98,1719.11,1707.75,1684.63,1675.44,1668.42,1654.39,1644.27,1650.33,1660.43,1660.60,1656.09,1654.79,1655.98,1669.27,1685.19,1695.62,1705.47,1718.73,1725.90,1720.44,1707.15,1693.04,1678.86,1665.51,1653.69,1649.86,1648.59,1647.53,1645.21,1636.29,1633.87,1629.45,1623.16,1624.69,1635.78,1652.37,1662.18,1660.86,1649.47,1634.37,1619.53,1603.38,1593.32,1581.78,1567.85,1559.11,1552.46,1546.22,1541.63,1538.14,1534.98,1531.71,1530.10,1528.86,1531.04,1538.25,1546.81,1554.30,1565.26,1578.36,1587.07,1594.13,1597.96,1597.00,1591.94,1585.51,1580.82,1574.77,1565.64,1551.83,1543.71,1537.31,1533.78,1532.55,1528.60,1517.14,1505.06,1487.27,1466.75,1451.53,1443.16,1436.21,1427.69,1405.44,1398.98,1400.44,1404.83,1408.55,1409.92,1413.34,1417.46,1421.72,1428.68,1435.66,1440.82,1444.40,1448.34,1453.36,1458.62,1462.11,1464.25,1469.49,1473.12,1476.31,1480.60,1487.50,1494.88,1503.75,1513.99,1521.79,1527.31,1530.83,1532.71,1532.90,1538.34,1545.45,1547.07,1543.91,1539.29,1537.21,1544.90,1552.86,1560.68,1565.85,1570.56,1575.89,1582.32,1585.33,1586.68,1588.18,1589.84,1592.73,1594.26,1593.43,1594.18,1598.14,1603.31,1602.47,1592.61,1584.38,1587.43,1590.06,1588.35,1582.95,1577.70,1583.51,1589.33,1593.47,1594.78,1592.19,1588.35,1586.21,1585.29,1584.38,1583.16,1581.79,1581.98,1582.90,1582.63,1582.15,1581.98,1581.71,1581.80,1582.31
1655.43,1659.38,1662.87,1665.82,1667.65,1669.12,1670.23,1671.07,1671.81,1672.26,1672.77,1673.43,1674.40,1675.41,1676.40,1677.51,1678.57,1679.64,1681.37,1683.21,1685.42,1687.95,1690.24,1693.00,1696.27,1699.20,1701.29,1703.46,1706.90,1710.42,1712.81,1714.36,1713.70,1714.03,1718.14,1723.24,1728.70,1732.87,1736.95,1741.47,1745.03,1745.67,1744.51,1740.85,1741.00,1743.07,1741.68,1736.17,1734.46,1725.28,1715.02,1711.40,1711.94,1710.13,1704.20,1694.37,1682.90,1678.61,1682.99,1689.02,1696.06,1707.18,1721.55,1732.95,1741.15,1749.18,1754.58,1760.86,1767.51,1773.28,1779.38,1785.35,1791.21,1797.14,1803.13,1808.99,1814.95,1820.14,1823.61,1825.55,1828.99,1834.79,1837.59,1835.50,1827.91,1811.97,1793.35,1775.88,1757.83,1737.53,1720.20,1706.74,1699.65,1689.80,1677.59,1672.38,1665.39,1652.07,1636.71,1636.46,1646.35,1646.85,1640.61,1642.28,1652.01,1658.87,1673.31,1681.44,1691.84,1705.92,1716.32,1711.45,1697.18,1683.15,1671.28,1656.87,1647.05,1639.82,1637.66,1636.28,1633.97,1625.47,1620.24,1617.98,1615.98,1619.79,1634.59,1649.63,1656.74,1655.38,1644.38,1629.67,1613.33,1596.18,1588.07,1575.47,1563.43,1554.78,1547.99,1542.06,1537.40,1534.12,1531.29,1528.54,1526.71,1526.26,1530.17,1536.98,1546.36,1554.33,1564.66,1576.89,1584.98,1590.63,1591.79,1588.61,1583.03,1577.58,1573.55,1569.31,1560.86,1548.65,1538.32,1526.43,1522.51,1522.69,1520.36,1510.80,1496.82,1481.77,1465.13,1445.72,1431.47,1422.30,1412.88,1400.07,1398.02,1402.39,1409.20,1412.72,1414.16,1417.80,1421.87,1426.55,1432.98,1439.52,1443.55,1446.39,1449.96,1455.02,1460.45,1465.65,1470.13,1475.10,1478.48,1479.37,1483.71,1488.71,1494.84,1503.71,1514.25,1523.01,1531.56,1538.29,1542.47,1544.53,1549.43,1554.30,1554.12,1551.37,1546.83,1540.74,1545.00,1553.71,1561.88,1568.09,1573.60,1578.89,1587.69,1590.84,1593.52,1598.01,1601.36,1603.32,1603.99,1603.94,1605.81,1610.18,1614.42,1611.96,1603.61,1601.22,1602.15,1602.14,1598.48,1591.74,1587.44,1594.91,1601.00,1604.24,1604.30,1600.38,1596.21,1593.86,1593.44,1592.60,1591.16,1589.39,1588.13,1587.69,1587.28,1587.42,1588.22,1588.24,1588.65,1589.61
1655.42,1659.31,1662.22,1664.93,1666.71,1668.24,1669.57,1670.62,1671.28,1671.79,1672.37,1672.91,1673.83,1674.80,1675.69,1676.67,1677.70,1678.98,1680.66,1682.20,1684.62,1687.33,1690.16,1693.57,1697.00,1700.29,1702.65,1704.72,1707.26,1709.18,1711.03,1711.42,1709.88,1710.74,1715.24,1719.61,1724.51,1729.10,1733.36,1738.13,1742.41,1743.39,1739.49,1733.33,1730.56,1730.48,1727.57,1725.99,1723.65,1709.88,1702.24,1698.92,1701.99,1701.88,1697.12,1686.95,1677.90,1675.88,1680.70,1687.04,1695.02,1705.35,1719.20,1730.55,1737.90,1745.88,1753.52,1759.85,1765.88,1771.93,1778.02,1783.78,1789.27,1795.00,1800.66,1805.98,1810.94,1815.35,1817.74,1818.44,1821.88,1826.32,1829.39,1829.47,1824.20,1809.22,1789.90,1772.54,1756.57,1738.76,1718.30,1702.49,1686.63,1677.15,1670.84,1663.48,1657.40,1647.40,1633.01,1626.06,1632.27,1632.38,1629.36,1640.46,1649.25,1654.28,1659.23,1667.63,1679.78,1695.74,1707.14,1705.29,1691.52,1676.13,1660.18,1648.28,1640.67,1632.10,1629.01,1627.54,1625.12,1618.25,1611.46,1610.17,1609.51,1616.55,1629.78,1642.89,1652.21,1650.74,1636.56,1620.15,1607.08,1595.53,1583.58,1570.49,1558.21,1550.95,1543.46,1537.70,1532.93,1530.44,1527.58,1525.03,1523.29,1524.33,1529.53,1536.54,1545.30,1553.16,1561.18,1572.75,1580.26,1584.54,1583.91,1579.31,1573.87,1568.93,1565.54,1561.83,1554.14,1544.42,1532.65,1518.81,1511.29,1511.80,1511.05,1501.64,1482.63,1469.79,1457.41,1443.24,1428.54,1409.43,1397.07,1396.65,1399.16,1408.22,1417.74,1418.43,1418.90,1422.19,1426.02,1430.10,1436.34,1441.98,1446.15,1449.41,1455.18,1459.94,1463.51,1469.13,1475.14,1481.33,1486.34,1486.74,1487.85,1492.59,1496.42,1504.77,1514.28,1522.81,1533.41,1543.88,1551.84,1557.86,1562.22,1562.65,1561.18,1558.44,1555.27,1548.89,1548.78,1556.66,1564.61,1571.03,1577.24,1583.38,1590.81,1596.09,1600.06,1603.65,1606.68,1609.16,1610.78,1612.43,1614.72,1619.00,1622.31,1620.93,1614.89,1614.39,1615.48,1615.08,1609.64,1601.50,1598.55,1603.75,1608.56,1614.03,1614.28,1611.42,1605.82,1602.39,1601.75,1600.70,1598.90,1596.19,1594.32,1593.01,1592.09,1592.29,1593.02,1592.99,1593.03,1593.63
1654.90,1657.71,1660.39,1663.41,1665.83,1667.09,1668.68,1669.87,1670.44,1671.12,1671.55,1671.95,1672.65,1673.44,1674.30,1675.30,1676.42,1677.97,1679.49,1681.15,1683.51,1685.81,1688.69,1692.36,1696.26,1700.09,1702.73,1704.97,1707.46,1708.88,1708.16,1706.67,1705.26,1709.22,1713.81,1717.68,1721.91,1726.28,1730.16,1734.68,1737.69,1736.30,1730.76,1726.13,1723.79,1721.20,1719.81,1717.64,1711.27,1704.52,1696.20,1688.65,1692.22,1692.79,1687.53,1678.56,1672.91,1674.18,1679.13,1685.44,1692.87,1702.11,1713.69,1725.88,1734.63,1745.89,1753.51,1759.16,1764.99,1770.92,1776.67,1782.05,1787.16,1792.42,1797.93,1802.97,1807.01,1809.39,1809.26,1810.87,1813.93,1817.63,1819.85,1821.18,1818.87,1808.47,1790.22,1772.15,1755.66,1739.34,1721.47,1706.37,1689.66,1675.34,1663.30,1649.89,1644.30,1637.22,1626.61,1618.11,1618.53,1619.78,1623.31,1634.59,1642.19,1647.23,1652.47,1657.68,1670.04,1686.80,1699.79,1700.71,1690.68,1673.56,1654.57,1642.21,1635.02,1626.95,1621.77,1619.64,1617.16,1609.68,1598.66,1595.60,1600.68,1614.82,1626.25,1639.60,1647.27,1643.76,1627.99,1612.82,1604.07,1591.74,1577.31,1563.98,1554.33,1545.61,1537.28,1533.67,1528.52,1526.09,1524.10,1521.87,1519.86,1521.05,1525.12,1534.78,1541.90,1550.24,1557.75,1567.29,1574.55,1577.65,1576.06,1571.38,1565.93,1561.13,1557.58,1552.65,1546.82,1540.12,1526.59,1513.90,1504.10,1498.41,1498.84,1494.13,1477.95,1459.96,1443.87,1434.29,1420.75,1398.87,1394.14,1398.92,1406.81,1418.09,1422.30,1422.75,1424.08,1426.96,1430.35,1434.34,1439.63,1444.22,1448.78,1455.03,1461.35,1465.46,1469.23,1475.19,1481.81,1488.92,1494.70,1494.81,1493.46,1497.86,1501.68,1507.32,1514.46,1522.28,1534.03,1546.52,1558.43,1566.01,1570.11,1569.96,1568.75,1566.04,1564.01,1559.18,1555.20,1558.99,1567.44,1573.89,1580.36,1589.09,1593.56,1598.68,1602.98,1606.73,1610.06,1612.54,1614.42,1616.76,1619.83,1624.30,1627.74,1629.18,1629.39,1629.96,1630.49,1629.16,1620.79,1612.19,1611.60,1611.84,1618.58,1624.77,1624.02,1620.46,1617.38,1615.13,1613.25,1612.07,1610.36,1605.55,1601.54,1598.78,1597.07,1596.84,1597.16,1597.14,1596.78,1597.14
1653.12,1655.77,1658.20,1660.80,1663.82,1665.65,1667.47,1668.39,1669.48,1670.40,1670.56,1670.89,1671.33,1672.02,1672.91,1673.78,1674.41,1675.92,1677.49,1679.23,1681.20,1683.18,1686.14,1690.22,1694.26,1698.20,1701.07,1702.90,1704.90,1705.20,1703.91,1701.63,1701.39,1708.26,1713.05,1716.72,1720.24,1723.85,1727.11,1730.19,1732.29,1729.88,1718.68,1716.72,1711.50,1707.78,1708.47,1706.53,1702.25,1698.77,1690.85,1681.38,1681.97,1681.24,1675.30,1669.48,1668.32,1673.15,1679.33,1687.82,1697.75,1709.68,1717.57,1727.56,1736.82,1747.20,1753.00,1757.77,1763.84,1769.88,1775.25,1780.11,1784.85,1789.53,1794.82,1799.71,1803.37,1803.36,1801.76,1803.12,1804.80,1808.97,1812.45,1813.79,1813.52,1809.00,1795.10,1779.07,1760.75,1746.90,1733.22,1713.32,1695.26,1678.40,1667.57,1651.52,1639.55,1630.13,1621.58,1613.78,1609.06,1609.79,1617.92,1627.45,1633.24,1635.86,1643.42,1648.81,1662.35,1678.94,1690.75,1692.52,1686.99,1672.81,1653.18,1640.14,1632.71,1623.16,1614.88,1610.99,1608.38,1600.89,1592.14,1584.90,1598.68,1613.86,1624.19,1636.13,1640.08,1635.77,1622.49,1608.17,1598.90,1582.33,1568.95,1558.42,1550.96,1541.58,1532.90,1528.63,1524.89,1521.63,1520.44,1519.11,1517.16,1517.25,1519.86,1531.02,1537.94,1546.57,1555.05,1562.83,1568.41,1571.05,1569.70,1565.05,1559.21,1553.46,1550.48,1548.07,1544.70,1539.02,1525.76,1512.27,1499.83,1487.61,1486.23,1485.29,1477.29,1461.23,1441.53,1425.92,1410.39,1391.88,1390.89,1400.91,1415.62,1422.34,1424.90,1426.97,1429.20,1432.23,1435.57,1438.59,1443.08,1447.08,1453.15,1461.21,1466.01,1470.75,1476.48,1482.94,1490.85,1499.17,1504.88,1502.17,1500.62,1506.86,1511.46,1513.95,1518.49,1524.53,1535.27,1548.42,1562.27,1570.71,1576.65,1577.19,1576.21,1574.08,1572.09,1568.92,1564.78,1563.69,1571.27,1578.03,1583.95,1591.92,1595.97,1600.27,1604.89,1608.88,1611.69,1614.33,1617.01,1619.86,1624.24,1629.14,1633.45,1637.51,1641.55,1644.97,1647.59,1645.06,1634.01,1627.95,1629.21,1625.44,1630.74,1638.60,1637.25,1632.64,1630.00,1626.94,1624.06,1622.24,1620.21,1617.05,1612.42,1607.29,1604.60,1603.76,1603.20,1602.79,1601.68,1601.92
1653.82,1656.03,1658.25,1660.16,1662.30,1664.79,1665.93,1667.55,1668.82,1669.56,1669.68,1669.89,1670.16,1670.62,1671.46,1671.47,1671.75,1673.09,1674.46,1676.01,1677.85,1679.84,1683.09,1687.20,1691.32,1695.08,1698.39,1700.55,1701.60,1701.41,1699.79,1697.13,1698.93,1706.64,1712.10,1715.00,1717.75,1720.49,1722.73,1724.27,1724.47,1719.56,1712.99,1706.57,1697.15,1696.45,1697.82,1696.13,1691.73,1689.02,1682.43,1673.94,1672.01,1670.29,1664.82,1662.83,1666.72,1672.90,1681.11,1691.75,1704.04,1715.35,1724.90,1732.64,1738.36,1745.53,1749.71,1754.52,1762.07,1768.03,1772.96,1777.80,1782.58,1787.15,1792.07,1796.53,1799.49,1797.39,1792.27,1791.63,1794.96,1800.72,1805.23,1806.20,1805.62,1802.56,1793.46,1782.68,1771.56,1759.01,1742.75,1721.79,1703.14,1685.48,1673.93,1663.02,1649.61,1637.78,1626.64,1613.92,1603.89,1600.08,1609.26,1619.88,1624.15,1624.97,1633.85,1642.18,1653.60,1670.17,1680.32,1682.45,1680.29,1668.50,1651.05,1637.26,1626.70,1614.20,1607.99,1603.89,1602.88,1593.83,1582.73,1579.17,1596.65,1612.48,1622.11,1631.53,1633.25,1628.87,1615.29,1604.27,1590.52,1576.83,1564.23,1552.64,1544.77,1537.11,1528.70,1523.53,1520.15,1518.00,1516.78,1515.79,1514.15,1513.91,1516.72,1525.89,1535.38,1543.44,1551.31,1558.18,1561.35,1563.10,1562.55,1559.25,1552.28,1547.30,1545.67,1544.43,1543.21,1538.41,1525.96,1512.09,1498.15,1483.18,1473.53,1473.38,1470.06,1457.62,1440.89,1423.41,1405.96,1390.26,1389.01,1399.38,1416.95,1423.95,1427.46,1429.93,1432.90,1436.81,1440.68,1444.03,1447.66,1452.59,1458.46,1465.74,1472.02,1478.30,1484.65,1492.79,1501.83,1509.68,1513.98,1509.77,1507.34,1514.40,1520.80,1522.76,1524.17,1529.86,1537.82,1552.09,1565.18,1574.81,1581.84,1583.71,1583.16,1581.76,1579.43,1576.61,1574.17,1571.67,1574.77,1581.87,1587.78,1592.84,1596.84,1601.03,1606.00,1610.41,1612.92,1615.57,1618.40,1622.16,1627.07,1632.26,1637.27,1642.57,1647.68,1653.18,1658.74,1659.18,1647.42,1644.34,1645.23,1641.47,1645.78,1653.44,1654.10,1647.00,1642.42,1639.05,1635.46,1632.78,1630.85,1628.68,1625.13,1620.14,1617.21,1616.14,1614.03,1611.79,1610.21,1609.93
1657.27,1658.22,1660.84,1662.28,1663.24,1664.32,1665.82,1668.05,1668.75,1668.91,1668.96,1669.02,1668.74,1669.07,1669.38,1668.71,1668.91,1670.02,1671.14,1672.34,1674.29,1676.57,1679.49,1682.90,1687.79,1691.64,1694.45,1696.36,1696.42,1694.79,1693.43,1692.68,1696.09,1701.43,1707.87,1712.05,1714.13,1716.17,1717.31,1716.88,1715.45,1714.06,1708.13,1700.17,1690.84,1686.28,1686.04,1684.07,1680.33,1677.65,1673.98,1667.54,1662.99,1660.58,1658.19,1661.41,1666.57,1673.64,1683.39,1693.93,1706.17,1717.59,1728.25,1734.57,1739.67,1743.86,1747.68,1753.39,1760.33,1765.72,1770.48,1775.67,1780.72,1785.21,1789.20,1792.60,1793.58,1790.22,1782.79,1780.79,1786.45,1792.09,1794.86,1795.61,1793.79,1790.80,1785.69,1779.45,1773.62,1762.66,1747.68,1732.42,1718.40,1696.97,1679.53,1670.68,1657.94,1641.96,1628.14,1614.68,1601.77,1595.25,1599.26,1609.26,1613.82,1614.78,1625.24,1636.48,1646.13,1658.03,1665.29,1668.29,1669.13,1661.24,1646.55,1634.50,1620.30,1605.61,1600.86,1596.98,1596.86,1591.60,1577.03,1573.28,1591.60,1609.51,1618.83,1625.91,1624.55,1615.02,1606.59,1598.83,1583.78,1572.87,1558.81,1547.41,1538.18,1531.49,1526.09,1520.16,1516.63,1514.75,1513.25,1512.40,1511.26,1510.93,1512.48,1522.01,1534.05,1541.23,1546.89,1551.52,1553.97,1555.70,1556.76,1554.47,1549.86,1542.50,1541.18,1540.86,1540.15,1535.13,1524.04,1511.69,1497.45,1481.15,1465.83,1462.26,1460.55,1450.61,1436.18,1420.31,1406.85,1390.97,1387.61,1396.18,1414.19,1424.72,1429.34,1433.38,1436.45,1440.41,1444.80,1448.90,1453.66,1460.39,1465.47,1472.82,1480.02,1484.85,1491.63,1501.07,1508.67,1518.53,1523.00,1517.64,1513.00,1520.09,1531.21,1536.79,1534.34,1540.51,1545.22,1553.97,1566.12,1576.31,1584.34,1589.58,1589.34,1588.30,1586.16,1583.80,1581.65,1579.20,1578.07,1583.04,1589.05,1593.36,1597.20,1601.02,1605.82,1610.54,1613.53,1616.52,1619.27,1623.35,1628.18,1633.66,1639.51,1645.92,1652.34,1659.13,1665.64,1670.21,1663.98,1662.62,1661.31,1655.42,1657.05,1663.87,1666.48,1661.12,1654.09,1649.69,1646.42,1644.35,1643.02,1640.98,1637.48,1633.32,1628.62,1627.97,1626.78,1623.24,1620.32,1618.81
1663.95,1663.97,1664.94,1665.68,1666.23,1666.80,1667.46,1668.75,1669.26,1668.93,1668.65,1668.05,1667.32,1667.27,1667.11,1665.99,1665.83,1666.92,1668.17,1669.15,1670.80,1673.20,1675.78,1680.26,1684.88,1687.61,1689.96,1691.05,1690.49,1688.43,1685.69,1684.73,1690.62,1694.52,1697.89,1705.18,1709.78,1711.40,1711.78,1709.99,1707.31,1708.06,1702.22,1694.51,1684.69,1676.58,1674.10,1671.82,1667.15,1664.72,1664.10,1660.25,1655.66,1654.09,1656.94,1661.45,1666.72,1674.22,1684.21,1694.57,1706.05,1717.95,1727.09,1733.53,1739.02,1743.25,1747.82,1753.08,1759.22,1764.29,1768.77,1773.40,1778.32,1782.39,1785.10,1786.11,1784.86,1779.68,1772.52,1770.66,1778.52,1783.98,1784.51,1781.73,1780.50,1779.39,1775.16,1772.45,1769.05,1761.18,1751.34,1738.22,1724.95,1705.27,1682.25,1669.89,1652.84,1639.20,1625.76,1611.93,1599.13,1592.32,1587.88,1592.68,1599.26,1604.63,1614.38,1629.24,1641.94,1646.26,1650.89,1653.02,1657.06,1653.87,1641.60,1631.46,1615.53,1600.33,1592.63,1589.36,1589.72,1586.52,1574.76,1565.34,1582.23,1603.53,1614.98,1619.16,1616.90,1608.42,1598.40,1590.81,1579.22,1563.77,1549.48,1539.36,1531.71,1525.28,1521.22,1516.82,1513.09,1511.57,1510.15,1509.38,1508.97,1508.65,1509.69,1519.42,1532.52,1538.09,1540.71,1544.81,1547.73,1550.12,1552.07,1549.69,1542.97,1538.25,1537.23,1537.03,1535.82,1532.51,1522.91,1510.49,1494.54,1478.43,1462.51,1448.82,1447.45,1443.28,1427.83,1413.21,1401.80,1388.57,1385.90,1395.15,1412.86,1424.82,1431.38,1436.54,1440.28,1442.86,1447.21,1452.30,1457.45,1463.50,1469.83,1478.96,1485.24,1491.31,1500.84,1508.37,1516.84,1528.43,1535.41,1528.07,1519.50,1527.61,1543.02,1550.55,1548.91,1553.44,1558.19,1562.06,1567.33,1576.11,1585.38,1592.41,1594.54,1594.13,1592.38,1589.99,1588.40,1586.32,1583.90,1584.41,1588.78,1592.65,1595.84,1598.44,1602.47,1608.45,1612.97,1616.83,1619.81,1624.30,1629.35,1635.22,1641.67,1648.99,1655.97,1662.88,1669.34,1674.30,1674.83,1674.83,1673.31,1668.27,1666.57,1673.30,1678.26,1674.86,1668.39,1664.22,1660.87,1658.33,1656.41,1652.05,1646.71,1643.16,1639.86,1640.64,1641.17,1637.62,1631.96,1629.37
1672.03,1671.63,1670.19,1669.83,1669.91,1669.83,1669.84,1670.18,1670.03,1669.58,1669.10,1667.56,1666.11,1665.53,1665.31,1664.79,1664.62,1664.96,1665.84,1666.83,1668.33,1670.01,1672.45,1677.51,1680.79,1682.79,1684.72,1685.86,1686.53,1684.68,1680.60,1676.84,1682.65,1688.71,1694.25,1701.68,1704.23,1705.42,1705.89,1704.09,1699.21,1696.71,1693.64,1687.48,1678.24,1668.89,1662.94,1660.67,1656.36,1652.50,1652.95,1651.55,1649.58,1651.98,1656.36,1661.19,1667.09,1674.12,1683.02,1693.61,1704.03,1716.24,1726.27,1732.81,1738.11,1743.23,1748.28,1753.68,1759.34,1763.49,1767.44,1770.55,1774.32,1777.84,1778.89,1776.32,1772.28,1766.80,1761.33,1763.65,1772.16,1776.34,1774.75,1768.89,1765.54,1763.81,1762.08,1761.84,1759.83,1755.46,1748.95,1738.66,1723.31,1702.90,1680.43,1670.27,1656.32,1644.99,1632.91,1618.16,1601.04,1590.08,1583.30,1581.88,1586.68,1596.86,1610.39,1624.89,1633.00,1635.84,1640.70,1642.17,1644.16,1643.24,1636.57,1625.44,1609.07,1594.39,1585.94,1583.37,1583.71,1581.62,1570.12,1558.10,1570.82,1592.99,1607.25,1611.76,1608.20,1595.53,1585.56,1581.31,1572.58,1556.23,1541.56,1532.07,1524.75,1519.35,1515.38,1511.91,1509.38,1508.45,1507.82,1507.25,1507.03,1506.77,1508.15,1519.06,1531.26,1533.64,1534.46,1539.16,1542.81,1545.18,1546.90,1544.87,1538.58,1534.91,1533.69,1532.77,1530.91,1528.50,1519.05,1505.74,1490.13,1474.48,1458.40,1443.25,1437.28,1437.12,1424.17,1409.49,1396.21,1382.83,1381.78,1397.00,1414.38,1426.13,1433.14,1438.79,1444.58,1448.20,1449.76,1454.18,1459.26,1465.40,1472.50,1481.86,1491.13,1501.89,1509.64,1517.20,1526.71,1538.54,1547.97,1539.50,1528.25,1535.25,1548.36,1559.41,1561.40,1564.85,1571.21,1576.72,1579.88,1584.22,1589.32,1595.37,1599.52,1600.34,1598.97,1596.57,1595.08,1593.01,1590.77,1589.58,1590.05,1592.47,1594.63,1596.95,1601.04,1607.77,1612.75,1616.82,1620.80,1625.59,1630.91,1637.17,1644.18,1651.67,1658.48,1665.13,1671.92,1678.06,1682.02,1683.56,1682.11,1678.69,1678.11,1687.18,1693.33,1689.16,1682.93,1679.36,1677.01,1675.38,1674.86,1669.10,1660.68,1654.14,1649.72,1650.94,1653.25,1650.77,1643.90,1639.96
1676.97,1677.85,1677.67,1677.09,1676.07,1674.47,1673.01,1672.58,1671.84,1670.88,1669.65,1667.73,1665.72,1664.77,1664.63,1664.47,1664.25,1664.39,1664.61,1665.14,1666.56,1667.76,1669.41,1672.54,1676.12,1678.18,1679.70,1681.12,1682.55,1682.11,1677.66,1671.63,1675.46,1681.82,1687.41,1693.77,1698.08,1698.88,1699.32,1697.23,1690.35,1684.94,1683.62,1679.18,1671.64,1663.87,1655.00,1651.09,1648.19,1643.68,1643.63,1644.43,1647.86,1652.28,1656.64,1662.05,1669.28,1676.51,1685.21,1696.58,1709.62,1719.25,1726.23,1732.50,1738.56,1744.15,1749.36,1754.77,1759.92,1763.30,1766.58,1768.42,1769.42,1771.05,1770.41,1766.78,1762.23,1753.33,1750.75,1760.98,1766.03,1766.43,1762.26,1755.46,1750.87,1749.77,1748.17,1747.21,1747.65,1746.55,1743.50,1735.61,1717.25,1695.54,1676.58,1666.70,1654.52,1645.16,1635.30,1620.33,1602.23,1590.34,1580.15,1574.69,1580.97,1590.90,1604.17,1614.36,1619.03,1619.70,1622.74,1630.30,1633.58,1634.15,1631.60,1618.12,1601.85,1587.53,1579.69,1578.18,1578.45,1575.34,1563.42,1550.00,1561.95,1580.95,1592.84,1595.10,1588.46,1579.91,1571.68,1568.97,1563.38,1550.71,1535.45,1524.76,1517.05,1512.29,1509.56,1507.31,1505.54,1505.15,1505.32,1505.16,1505.01,1504.80,1508.84,1519.38,1527.55,1527.92,1528.14,1531.49,1536.66,1539.21,1540.00,1538.53,1533.83,1530.27,1529.83,1528.81,1525.78,1520.05,1510.44,1497.02,1482.57,1468.23,1454.68,1439.48,1429.60,1430.15,1422.39,1409.11,1395.61,1379.84,1380.71,1400.16,1416.12,1427.75,1434.52,1440.33,1447.24,1452.85,1456.08,1459.46,1463.04,1467.66,1474.24,1482.00,1493.44,1505.50,1513.97,1523.20,1535.21,1548.22,1555.47,1552.74,1542.83,1545.23,1555.55,1568.03,1575.35,1578.49,1583.67,1591.00,1595.76,1598.12,1599.43,1603.59,1608.44,1610.34,1608.47,1605.28,1603.08,1600.47,1597.76,1595.68,1594.66,1595.12,1596.88,1598.35,1601.44,1607.69,1612.78,1617.25,1621.99,1626.93,1632.53,1639.21,1646.76,1653.89,1660.43,1666.93,1673.92,1681.36,1687.04,1690.82,1692.56,1691.81,1693.60,1702.32,1709.20,1704.59,1698.15,1693.64,1690.50,1690.14,1691.42,1688.37,1679.75,1671.39,1669.29,1668.81,1667.84,1663.34,1655.52,1651.44
1680.62,1680.98,1680.84,1680.46,1679.49,1677.81,1676.00,1674.86,1674.08,1673.11,1671.89,1669.46,1667.17,1665.00,1664.47,1664.17,1663.90,1663.90,1664.05,1664.43,1664.87,1665.64,1667.23,1669.09,1671.93,1674.10,1675.88,1677.42,1678.92,1678.74,1674.32,1667.84,1668.76,1674.55,1680.68,1686.62,1691.80,1692.63,1691.38,1687.29,1681.12,1673.35,1672.70,1668.94,1663.99,1656.59,1647.41,1641.49,1638.24,1636.85,1639.00,1642.83,1647.90,1652.91,1657.92,1664.42,1672.84,1681.50,1691.42,1703.15,1716.15,1724.31,1729.86,1734.22,1738.09,1744.30,1750.79,1756.22,1760.94,1764.05,1765.28,1764.59,1764.20,1763.24,1761.33,1758.48,1752.83,1743.80,1745.88,1754.51,1756.63,1755.13,1750.89,1743.92,1738.69,1737.57,1735.76,1731.23,1730.77,1732.38,1734.79,1728.21,1708.55,1688.09,1673.26,1658.12,1642.21,1633.29,1625.71,1615.14,1600.95,1589.10,1578.46,1568.56,1573.41,1583.15,1593.19,1602.99,1607.04,1606.60,1608.69,1615.13,1622.53,1626.00,1623.21,1610.95,1594.78,1581.51,1575.35,1574.09,1574.36,1570.04,1555.45,1541.38,1551.30,1568.39,1580.25,1576.46,1570.60,1563.87,1553.88,1551.53,1549.82,1541.26,1528.81,1518.96,1512.09,1506.45,1504.11,1503.01,1501.69,1501.95,1502.66,1502.62,1502.30,1502.38,1508.52,1516.62,1521.32,1521.96,1522.85,1526.46,1530.42,1532.95,1532.97,1531.49,1528.25,1525.62,1525.10,1525.44,1521.78,1511.66,1497.35,1484.02,1470.20,1459.96,1449.56,1437.77,1426.37,1421.91,1417.61,1407.71,1393.49,1377.38,1380.77,1400.14,1415.79,1427.78,1434.65,1440.50,1447.07,1454.50,1460.87,1465.20,1469.58,1473.16,1476.06,1480.65,1489.35,1501.58,1511.61,1523.26,1536.76,1551.10,1560.35,1565.81,1560.41,1556.43,1565.22,1577.38,1587.96,1594.59,1596.00,1605.78,1610.93,1612.53,1613.66,1616.35,1619.68,1619.71,1615.99,1612.59,1610.02,1606.66,1602.84,1600.75,1599.27,1598.62,1600.16,1602.54,1605.57,1611.04,1615.27,1619.52,1624.27,1629.24,1634.97,1641.71,1648.89,1655.74,1662.24,1668.69,1675.85,1683.25,1690.89,1696.47,1700.09,1704.22,1710.60,1719.20,1726.38,1722.90,1717.40,1712.10,1708.48,1707.50,1708.08,1703.81,1695.33,1687.69,1686.31,1685.32,1684.34,1680.80,1670.47,1665.15
1682.66,1682.42,1681.89,1681.33,1680.67,1679.85,1678.26,1676.76,1675.98,1675.41,1675.11,1673.23,1670.52,1667.09,1664.74,1664.36,1663.96,1663.53,1663.40,1663.68,1663.88,1664.36,1665.23,1666.92,1669.11,1670.59,1672.34,1673.86,1675.01,1674.62,1670.67,1663.32,1663.02,1668.71,1676.18,1682.81,1686.39,1685.94,1683.09,1677.80,1669.96,1660.80,1660.08,1658.27,1653.28,1646.06,1639.66,1634.25,1631.17,1634.17,1637.61,1642.08,1647.84,1654.00,1660.72,1668.94,1678.06,1687.32,1697.56,1709.21,1719.19,1727.24,1732.52,1736.73,1740.99,1747.42,1752.96,1758.29,1761.63,1762.97,1761.99,1760.45,1757.17,1753.38,1750.49,1747.98,1744.43,1736.93,1738.39,1745.12,1746.20,1744.51,1740.01,1734.11,1729.42,1727.76,1723.91,1711.10,1706.91,1711.57,1718.96,1712.46,1696.66,1685.97,1674.57,1653.00,1636.86,1621.98,1612.08,1604.90,1596.01,1585.70,1574.47,1562.30,1564.61,1575.38,1583.99,1590.39,1594.72,1594.38,1597.34,1604.14,1610.72,1615.92,1614.06,1602.20,1586.94,1574.70,1570.08,1569.73,1570.59,1565.57,1549.35,1536.67,1541.56,1555.59,1562.46,1558.17,1553.16,1548.74,1537.05,1532.13,1531.31,1528.73,1519.74,1513.06,1506.45,1501.37,1499.02,1498.73,1498.42,1498.88,1500.20,1500.29,1499.89,1500.43,1504.93,1510.30,1513.77,1515.03,1518.32,1521.28,1523.95,1526.42,1526.31,1524.79,1523.26,1522.68,1523.49,1526.01,1522.72,1512.83,1498.06,1481.56,1469.10,1454.74,1444.53,1435.34,1426.14,1417.30,1411.16,1402.60,1388.20,1374.90,1378.78,1394.04,1412.33,1424.96,1431.97,1437.60,1445.33,1455.01,1463.16,1469.45,1477.11,1481.99,1484.90,1488.97,1492.05,1498.55,1507.42,1518.02,1530.82,1545.30,1561.04,1571.87,1574.37,1569.88,1573.55,1587.25,1601.07,1608.24,1611.58,1618.87,1624.92,1626.88,1627.16,1629.09,1629.68,1625.58,1619.10,1615.10,1611.38,1606.76,1603.52,1601.56,1600.57,1601.82,1603.80,1606.88,1609.99,1614.03,1618.20,1622.63,1627.02,1632.12,1637.66,1644.13,1650.78,1657.41,1663.72,1670.14,1677.88,1685.10,1693.42,1701.43,1707.78,1716.56,1723.51,1732.41,1738.41,1736.41,1732.91,1729.65,1728.00,1725.50,1722.90,1718.35,1711.34,1706.22,1704.79,1701.72,1701.37,1694.61,1685.03,1680.92
1682.58,1681.82,1681.33,1680.89,1680.51,1679.87,1679.23,1678.32,1677.40,1676.81,1676.21,1675.43,1674.42,1671.46,1666.76,1664.75,1664.25,1663.61,1662.82,1662.83,1663.00,1663.52,1664.33,1665.75,1667.56,1668.61,1669.50,1670.47,1671.29,1670.86,1666.65,1658.67,1657.42,1665.03,1671.76,1677.66,1679.24,1677.39,1673.08,1667.20,1659.42,1649.79,1645.93,1644.40,1640.85,1637.31,1633.74,1629.32,1629.92,1633.58,1637.57,1642.65,1649.05,1657.49,1666.38,1675.52,1684.64,1694.35,1706.05,1714.13,1722.07,1729.94,1734.74,1739.39,1745.11,1750.65,1754.67,1759.30,1760.89,1759.55,1755.59,1750.97,1746.95,1743.50,1741.06,1739.09,1735.85,1729.13,1730.18,1736.35,1737.24,1735.62,1731.77,1722.62,1714.20,1711.03,1699.45,1690.07,1688.96,1690.74,1693.58,1690.51,1686.27,1681.60,1670.17,1651.93,1637.01,1621.02,1602.79,1594.50,1588.33,1580.10,1569.65,1558.71,1559.79,1568.82,1577.11,1582.45,1585.54,1583.92,1586.27,1592.16,1600.41,1606.86,1605.18,1592.21,1578.13,1565.97,1562.23,1564.01,1564.46,1559.77,1547.89,1535.30,1533.70,1539.62,1545.07,1542.32,1538.46,1534.35,1526.01,1519.38,1518.26,1515.67,1508.69,1503.63,1497.98,1495.60,1494.58,1495.20,1495.53,1495.98,1497.10,1498.15,1499.12,1501.88,1504.11,1506.38,1509.09,1511.29,1514.85,1517.00,1518.95,1520.10,1520.23,1519.67,1520.09,1521.79,1524.33,1529.01,1525.75,1514.67,1496.39,1480.21,1468.97,1461.89,1452.39,1441.95,1431.17,1420.07,1409.26,1400.00,1389.97,1373.04,1373.31,1385.73,1403.62,1418.00,1423.98,1429.69,1438.24,1450.33,1461.94,1473.43,1482.80,1488.30,1495.21,1500.81,1503.38,1505.64,1510.04,1518.20,1529.19,1541.28,1557.11,1571.29,1581.88,1583.72,1586.25,1598.43,1612.96,1621.56,1624.33,1628.08,1631.93,1632.84,1632.64,1632.32,1630.57,1625.52,1618.85,1614.07,1609.28,1604.30,1602.74,1600.89,1601.13,1603.28,1605.78,1609.12,1613.17,1617.27,1621.24,1625.38,1629.83,1635.07,1640.18,1646.43,1652.85,1659.12,1665.35,1672.29,1680.61,1687.96,1697.12,1705.06,1713.04,1722.12,1728.52,1735.65,1741.57,1744.30,1745.80,1746.16,1747.07,1745.46,1737.76,1732.32,1726.46,1723.31,1721.56,1720.41,1716.95,1707.90,1701.44,1697.05
1680.88,1680.30,1680.07,1679.72,1679.25,1678.48,1677.94,1677.83,1677.61,1677.22,1676.77,1676.10,1675.41,1672.91,1668.86,1665.77,1664.59,1663.75,1662.57,1662.18,1662.56,1663.28,1664.10,1664.95,1666.21,1667.46,1667.71,1667.67,1667.49,1666.33,1661.93,1653.62,1649.99,1658.05,1663.84,1666.61,1667.17,1665.61,1662.71,1656.36,1649.14,1642.15,1636.55,1634.14,1631.54,1629.24,1627.20,1625.26,1628.51,1632.41,1638.01,1644.98,1653.76,1664.06,1673.56,1682.13,1691.13,1701.93,1711.59,1717.51,1723.70,1729.68,1735.63,1741.26,1747.06,1751.83,1754.71,1755.65,1755.08,1750.93,1746.61,1742.85,1738.65,1734.72,1732.19,1730.63,1728.38,1723.06,1721.50,1726.75,1727.98,1727.23,1723.86,1710.76,1694.25,1687.68,1683.40,1677.14,1675.85,1679.26,1682.21,1681.11,1677.39,1670.52,1662.78,1648.30,1634.36,1620.67,1600.68,1591.67,1581.07,1573.18,1565.96,1557.16,1554.08,1564.28,1570.63,1574.39,1577.64,1577.11,1578.53,1582.38,1590.05,1597.09,1595.05,1581.93,1568.02,1558.29,1556.57,1558.22,1557.37,1554.33,1545.38,1531.93,1524.88,1525.23,1528.45,1528.63,1527.52,1521.48,1514.58,1511.00,1508.75,1502.31,1496.22,1493.72,1491.05,1489.84,1490.59,1492.49,1495.45,1499.52,1503.91,1506.30,1507.88,1509.35,1509.97,1510.37,1510.49,1511.39,1513.87,1515.67,1516.04,1515.67,1516.17,1516.88,1519.45,1522.07,1524.87,1530.18,1528.01,1515.16,1496.44,1475.16,1456.39,1448.22,1443.11,1437.74,1430.92,1420.89,1407.85,1398.44,1390.55,1374.38,1367.99,1378.48,1395.28,1408.15,1416.48,1429.07,1440.78,1448.11,1458.72,1472.80,1484.07,1492.43,1501.77,1508.76,1514.11,1515.96,1517.50,1527.74,1538.99,1549.29,1561.74,1573.88,1586.14,1595.51,1603.63,1614.97,1625.88,1632.79,1633.44,1633.86,1635.71,1635.54,1633.90,1631.87,1628.68,1622.68,1616.62,1611.67,1605.94,1601.78,1601.49,1600.53,1601.99,1604.30,1607.62,1611.98,1616.65,1621.63,1626.67,1631.00,1636.20,1641.54,1646.47,1651.43,1656.64,1662.42,1668.57,1675.86,1684.00,1691.79,1700.74,1708.54,1717.53,1724.43,1730.12,1734.31,1737.52,1741.38,1746.91,1752.38,1754.71,1754.13,1748.82,1743.41,1740.18,1737.85,1735.66,1734.73,1730.51,1722.91,1717.25,1712.21
1679.49,1678.87,1678.40,1677.88,1677.31,1676.68,1676.22,1676.31,1676.19,1676.03,1676.07,1676.03,1675.10,1671.65,1668.97,1666.82,1665.21,1664.02,1662.48,1661.77,1663.04,1664.06,1664.57,1664.91,1665.68,1666.38,1665.98,1664.89,1664.08,1663.25,1660.40,1651.34,1642.81,1645.06,1649.37,1651.59,1652.09,1652.21,1649.36,1644.85,1640.01,1635.28,1630.84,1626.51,1624.20,1622.53,1621.35,1623.80,1628.09,1633.45,1641.18,1650.58,1659.96,1670.25,1678.64,1687.57,1697.67,1705.59,1712.97,1719.62,1724.58,1729.50,1735.08,1740.96,1746.30,1750.05,1750.50,1748.94,1746.52,1743.54,1739.77,1734.70,1729.63,1725.86,1723.13,1721.35,1720.69,1718.27,1713.65,1718.56,1720.37,1719.54,1716.64,1704.70,1685.34,1676.81,1668.65,1657.84,1659.22,1667.42,1671.03,1668.20,1663.04,1660.07,1654.06,1643.84,1633.05,1621.27,1603.14,1594.62,1581.84,1569.83,1562.88,1553.83,1546.84,1556.88,1563.56,1566.56,1568.76,1570.76,1573.26,1577.78,1582.75,1587.43,1584.27,1570.71,1558.10,1551.92,1551.66,1552.67,1550.09,1549.18,1543.34,1531.02,1519.16,1515.75,1516.68,1516.23,1513.32,1506.93,1502.30,1499.52,1498.94,1492.69,1487.85,1485.80,1486.57,1490.32,1496.11,1502.03,1507.59,1512.31,1515.53,1517.36,1517.49,1516.41,1515.64,1515.05,1514.66,1515.34,1516.43,1516.21,1515.51,1515.51,1515.42,1517.49,1521.38,1523.83,1525.56,1528.04,1526.12,1513.65,1495.56,1475.05,1455.90,1440.53,1429.09,1423.14,1418.79,1411.47,1400.40,1393.83,1387.50,1375.17,1366.91,1370.87,1385.89,1403.45,1423.15,1441.87,1454.66,1462.29,1469.98,1478.85,1486.61,1497.41,1506.86,1515.84,1525.91,1531.84,1529.44,1536.60,1550.07,1563.00,1575.88,1586.30,1596.52,1607.91,1617.26,1627.85,1634.24,1639.55,1640.29,1639.02,1636.82,1633.94,1631.65,1629.12,1624.59,1618.27,1612.16,1607.54,1602.60,1599.27,1599.48,1600.36,1602.65,1605.61,1610.05,1615.46,1620.82,1627.08,1633.56,1639.69,1644.99,1650.18,1655.65,1660.39,1664.17,1668.75,1673.96,1680.94,1689.09,1696.13,1704.10,1712.67,1720.75,1725.62,1727.63,1728.12,1729.33,1733.00,1739.03,1746.56,1751.18,1751.10,1749.72,1748.05,1748.50,1749.14,1749.21,1747.93,1743.73,1737.78,1733.46,1728.31
1678.30,1677.84,1676.93,1676.04,1675.41,1674.62,1674.29,1674.52,1674.55,1674.59,1675.10,1675.47,1673.81,1669.69,1667.90,1667.08,1665.95,1664.31,1662.15,1661.72,1663.63,1665.06,1665.68,1666.47,1667.16,1666.05,1664.35,1662.38,1661.43,1661.18,1659.41,1650.43,1640.24,1635.57,1637.46,1638.63,1639.81,1640.04,1638.14,1634.32,1630.22,1627.74,1624.53,1620.61,1618.19,1617.46,1619.80,1623.79,1628.43,1635.93,1645.53,1655.19,1664.46,1673.55,1682.84,1693.12,1700.50,1705.93,1711.48,1717.61,1723.10,1727.69,1733.20,1739.59,1743.60,1744.73,1744.10,1742.54,1740.06,1736.40,1731.20,1724.69,1719.34,1715.20,1712.67,1712.44,1713.62,1713.13,1707.59,1709.28,1711.88,1711.97,1709.33,1694.65,1680.53,1660.05,1649.13,1640.57,1649.80,1658.37,1659.19,1653.64,1649.78,1648.33,1643.70,1636.78,1629.75,1620.86,1608.01,1597.06,1583.45,1569.98,1560.72,1550.92,1541.13,1547.80,1555.19,1559.43,1562.84,1564.90,1566.75,1571.67,1576.21,1578.18,1569.16,1555.90,1548.91,1546.56,1548.45,1548.80,1547.95,1546.89,1543.97,1535.85,1524.15,1514.05,1507.09,1503.46,1499.05,1494.98,1493.41,1492.49,1489.71,1483.95,1481.50,1485.19,1492.35,1499.98,1506.70,1513.25,1518.26,1522.77,1524.80,1524.04,1521.41,1516.80,1515.77,1515.71,1515.72,1515.87,1515.72,1515.72,1516.09,1517.93,1520.49,1523.03,1524.99,1523.28,1519.92,1520.22,1519.51,1513.66,1504.60,1486.80,1466.05,1446.86,1430.38,1416.03,1404.65,1397.83,1393.03,1388.32,1383.09,1371.80,1364.93,1367.52,1387.60,1408.23,1427.75,1444.67,1457.35,1466.27,1475.28,1484.34,1494.49,1504.22,1512.98,1523.96,1538.08,1549.98,1550.01,1550.19,1562.24,1576.52,1589.96,1599.49,1607.84,1616.44,1623.42,1629.35,1634.02,1638.69,1641.11,1638.74,1633.90,1630.72,1627.76,1624.15,1618.96,1611.58,1606.53,1602.88,1599.52,1597.32,1597.53,1599.90,1603.06,1607.11,1612.80,1618.82,1625.48,1632.66,1640.21,1646.38,1652.30,1658.76,1664.40,1668.57,1672.53,1676.71,1680.55,1686.81,1694.58,1701.22,1708.89,1717.18,1722.06,1721.87,1720.00,1718.12,1718.34,1724.05,1731.30,1739.25,1743.87,1745.00,1745.09,1746.09,1750.09,1753.44,1755.36,1755.34,1754.21,1751.17,1749.03,1744.92
1676.87,1676.68,1676.09,1674.53,1672.92,1672.15,1671.62,1671.76,1672.18,1672.45,1673.24,1673.62,1670.77,1667.38,1665.71,1665.40,1665.27,1663.38,1660.89,1661.49,1664.06,1665.74,1666.82,1668.01,1668.96,1666.83,1663.41,1660.26,1658.57,1658.36,1656.52,1650.44,1641.13,1632.98,1627.92,1627.79,1628.96,1630.07,1628.66,1625.99,1623.15,1620.48,1617.81,1615.29,1613.52,1615.60,1619.70,1624.28,1628.97,1636.69,1647.25,1657.44,1666.81,1675.51,1686.33,1693.97,1698.86,1704.22,1710.36,1716.00,1720.48,1725.14,1730.51,1736.04,1738.29,1737.86,1736.58,1734.83,1732.40,1728.03,1721.42,1715.23,1709.83,1706.64,1705.90,1706.33,1707.68,1708.10,1704.34,1700.33,1702.92,1703.66,1700.20,1687.53,1677.97,1653.86,1635.54,1627.60,1635.26,1644.88,1644.89,1638.14,1633.67,1633.84,1630.39,1626.51,1623.95,1617.49,1607.82,1596.51,1584.44,1569.55,1558.12,1546.72,1537.20,1540.50,1545.91,1551.39,1557.01,1558.93,1559.07,1563.59,1566.24,1562.77,1553.47,1545.61,1541.01,1545.78,1548.40,1549.78,1551.90,1553.16,1552.55,1546.80,1536.24,1528.34,1518.19,1506.34,1499.66,1493.85,1487.94,1486.01,1482.79,1478.56,1482.65,1492.13,1503.20,1511.99,1519.61,1526.74,1533.15,1536.58,1534.02,1528.99,1523.54,1516.88,1515.86,1516.18,1516.36,1516.31,1516.25,1516.74,1522.09,1526.30,1527.57,1524.40,1518.65,1511.37,1505.50,1508.08,1509.48,1502.76,1499.85,1493.56,1475.29,1454.40,1436.49,1419.98,1404.66,1391.38,1383.42,1378.83,1370.15,1362.37,1360.87,1370.49,1389.70,1409.98,1422.38,1435.75,1448.14,1457.88,1466.28,1475.51,1488.18,1500.39,1513.43,1529.43,1545.31,1558.27,1566.14,1564.60,1571.66,1584.53,1594.47,1601.04,1604.79,1609.72,1615.65,1618.61,1628.22,1635.90,1640.60,1636.13,1630.08,1625.93,1622.14,1618.02,1611.90,1606.26,1601.78,1598.31,1595.95,1594.76,1596.80,1599.68,1603.33,1608.21,1614.64,1621.63,1629.25,1637.42,1645.87,1652.64,1658.95,1665.63,1671.80,1676.76,1680.93,1684.66,1688.12,1693.88,1701.21,1707.15,1713.31,1717.77,1717.87,1714.29,1710.96,1708.23,1707.83,1713.76,1723.57,1731.90,1736.04,1738.03,1739.99,1742.95,1747.70,1752.57,1755.70,1756.70,1756.00,1754.27,1752.58,1752.07
1675.25,1675.29,1674.33,1671.12,1670.14,1669.68,1669.20,1669.13,1669.66,1670.14,1670.47,1669.98,1667.84,1664.95,1662.68,1662.18,1662.29,1660.64,1658.70,1659.84,1662.76,1665.11,1665.91,1667.05,1667.80,1665.88,1662.66,1659.17,1656.54,1654.86,1653.32,1649.96,1642.87,1635.28,1627.44,1621.14,1620.55,1621.90,1621.04,1619.08,1616.68,1614.30,1611.96,1610.06,1610.64,1614.05,1618.44,1625.26,1632.34,1639.49,1648.11,1657.94,1667.67,1676.15,1684.67,1690.97,1695.49,1701.27,1709.25,1714.53,1717.81,1721.23,1725.80,1729.71,1730.57,1729.44,1727.26,1725.96,1724.11,1718.67,1711.63,1705.98,1702.46,1701.02,1700.90,1701.41,1702.27,1702.60,1701.34,1696.69,1695.28,1695.00,1692.34,1685.13,1675.67,1654.44,1632.32,1618.26,1620.29,1626.88,1630.13,1624.95,1618.91,1619.28,1617.28,1615.84,1614.78,1609.59,1602.43,1594.25,1584.17,1569.07,1556.03,1542.01,1532.79,1533.69,1539.03,1545.75,1551.08,1555.75,1557.83,1558.67,1557.60,1552.20,1543.07,1537.10,1537.60,1545.18,1552.28,1558.12,1562.51,1561.83,1554.92,1547.66,1542.74,1537.96,1527.16,1514.55,1504.93,1496.28,1486.22,1480.31,1478.03,1477.48,1488.71,1501.73,1514.44,1524.71,1533.90,1543.73,1549.66,1549.63,1542.53,1533.64,1525.28,1516.86,1515.71,1516.30,1516.16,1515.93,1517.32,1523.78,1529.15,1531.23,1528.80,1516.28,1506.32,1497.92,1490.34,1491.30,1494.51,1488.66,1486.23,1487.36,1479.46,1459.46,1438.17,1420.01,1403.54,1387.91,1375.44,1363.95,1357.89,1357.45,1364.19,1375.45,1387.56,1399.82,1410.33,1421.60,1433.05,1442.42,1449.72,1458.11,1474.39,1490.82,1508.57,1529.72,1545.59,1561.12,1570.53,1572.84,1574.74,1580.37,1586.81,1588.10,1587.02,1593.04,1595.56,1602.98,1620.40,1633.15,1638.57,1632.84,1626.20,1621.25,1616.78,1611.28,1606.19,1601.53,1597.39,1593.89,1591.95,1592.86,1595.70,1598.63,1602.80,1608.67,1615.70,1623.37,1631.91,1642.02,1651.58,1658.42,1664.98,1672.14,1679.00,1684.05,1688.44,1692.30,1696.32,1701.83,1707.54,1710.96,1712.88,1712.69,1709.10,1704.50,1700.38,1697.49,1697.79,1704.36,1714.06,1722.97,1726.49,1728.79,1732.12,1737.65,1743.99,1750.49,1755.19,1755.55,1754.72,1753.88,1753.89,1754.67
1672.20,1671.75,1669.84,1668.24,1667.89,1667.59,1667.16,1666.89,1666.95,1667.09,1666.99,1666.62,1665.14,1662.14,1659.61,1658.71,1658.87,1657.91,1656.05,1657.40,1659.93,1662.13,1663.76,1665.41,1665.98,1664.09,1661.34,1658.35,1655.59,1652.84,1650.56,1647.73,1642.69,1637.10,1628.89,1619.98,1614.56,1614.68,1613.96,1612.14,1609.98,1608.48,1607.05,1606.30,1608.78,1613.21,1620.43,1628.24,1636.54,1646.33,1653.44,1660.87,1668.33,1675.08,1680.52,1686.49,1692.07,1697.63,1706.73,1712.23,1714.96,1717.45,1717.84,1718.16,1717.22,1715.37,1712.80,1712.46,1710.56,1707.39,1700.90,1696.86,1695.67,1695.43,1695.86,1696.91,1697.68,1697.22,1694.78,1691.77,1689.66,1688.13,1687.22,1683.38,1672.32,1654.09,1632.32,1613.84,1607.99,1611.41,1613.75,1610.51,1605.57,1605.23,1602.79,1602.78,1603.73,1600.56,1595.40,1590.69,1582.70,1569.31,1553.70,1539.11,1530.40,1528.29,1536.78,1546.21,1554.49,1559.35,1560.74,1559.78,1552.86,1543.12,1532.48,1531.75,1536.29,1546.49,1558.74,1567.02,1567.23,1554.37,1540.39,1532.66,1529.56,1529.93,1517.79,1504.49,1495.50,1486.71,1479.26,1476.06,1473.74,1478.49,1492.00,1506.92,1519.95,1531.61,1544.06,1555.19,1558.32,1552.32,1543.66,1534.54,1523.43,1515.28,1514.97,1516.53,1516.45,1516.85,1522.76,1529.50,1532.65,1532.62,1525.85,1508.90,1494.74,1484.08,1476.49,1476.99,1477.70,1475.88,1470.11,1473.74,1473.17,1460.46,1438.78,1419.51,1400.98,1385.22,1373.87,1359.07,1354.49,1363.04,1377.85,1389.34,1399.29,1406.43,1413.07,1416.86,1426.49,1434.49,1442.84,1453.32,1468.29,1484.41,1503.48,1528.00,1545.30,1556.65,1559.55,1559.77,1558.49,1565.64,1572.81,1571.54,1569.32,1577.05,1583.02,1597.46,1614.81,1630.77,1636.25,1630.88,1623.43,1617.29,1611.74,1606.24,1601.23,1596.65,1592.48,1589.47,1589.02,1591.02,1594.00,1597.86,1603.20,1609.79,1616.74,1624.75,1634.45,1646.08,1655.97,1663.06,1670.13,1677.85,1683.93,1689.46,1695.35,1699.91,1704.37,1709.63,1714.32,1713.72,1711.30,1705.90,1699.48,1693.96,1689.00,1686.66,1689.13,1697.03,1706.17,1713.46,1715.85,1717.98,1723.30,1730.47,1738.24,1746.02,1751.38,1751.94,1751.62,1751.46,1753.45,1755.75
1668.30,1667.81,1666.92,1666.22,1665.77,1665.36,1664.94,1664.64,1664.27,1664.08,1663.80,1663.24,1661.65,1659.26,1657.56,1656.21,1656.19,1655.27,1653.35,1654.71,1656.76,1658.47,1660.29,1662.34,1663.65,1662.61,1660.22,1657.72,1654.82,1651.91,1648.87,1645.58,1641.93,1636.90,1629.23,1620.69,1612.77,1608.31,1607.78,1606.42,1604.43,1603.17,1602.68,1604.36,1608.26,1615.46,1624.18,1631.74,1639.83,1649.50,1656.65,1662.77,1668.24,1673.67,1679.27,1685.40,1691.18,1696.14,1701.70,1708.11,1712.00,1713.77,1710.53,1707.84,1706.41,1704.70,1703.12,1701.45,1699.84,1698.85,1694.76,1690.36,1689.81,1690.13,1691.36,1693.03,1693.76,1692.88,1689.95,1687.09,1685.00,1683.24,1682.53,1680.13,1668.00,1650.00,1630.71,1612.97,1599.06,1595.69,1597.05,1596.75,1593.10,1592.95,1588.48,1587.38,1589.04,1589.27,1588.48,1586.83,1581.90,1569.12,1553.18,1537.48,1529.28,1522.10,1533.13,1546.71,1559.18,1561.76,1560.80,1556.06,1545.07,1531.08,1527.19,1530.09,1537.38,1550.43,1562.06,1570.30,1558.64,1541.06,1526.06,1515.08,1511.61,1515.46,1506.53,1492.38,1482.82,1476.24,1473.44,1471.95,1471.00,1480.61,1492.63,1505.62,1520.98,1533.22,1548.97,1559.31,1555.44,1547.03,1538.83,1530.34,1518.71,1513.79,1512.63,1515.03,1518.09,1520.22,1527.93,1532.43,1534.70,1532.80,1526.71,1509.77,1493.09,1476.05,1462.27,1460.00,1460.52,1458.35,1452.23,1455.98,1458.45,1453.22,1438.80,1417.96,1397.82,1381.01,1372.08,1357.05,1352.20,1366.84,1385.35,1401.69,1415.28,1422.21,1428.08,1430.86,1439.07,1452.88,1456.96,1462.83,1483.22,1497.23,1507.46,1528.72,1544.90,1543.56,1540.82,1538.54,1539.75,1548.89,1556.37,1554.01,1553.70,1563.29,1577.81,1595.70,1613.80,1629.72,1635.00,1630.17,1621.51,1614.47,1608.02,1601.89,1596.67,1592.08,1588.16,1585.80,1586.26,1588.98,1593.08,1598.46,1604.58,1611.16,1618.36,1627.88,1638.29,1648.83,1659.23,1667.01,1674.47,1681.73,1687.45,1693.94,1700.69,1705.75,1711.02,1716.90,1719.55,1715.27,1708.13,1697.45,1689.35,1682.04,1677.16,1676.54,1679.85,1688.35,1698.81,1705.44,1706.55,1708.68,1715.09,1723.34,1731.22,1739.11,1745.32,1746.61,1745.83,1746.84,1749.99,1753.46
1663.96,1663.75,1663.19,1662.62,1661.63,1660.70,1660.64,1661.40,1661.47,1661.49,1661.28,1660.20,1658.18,1656.51,1655.06,1653.74,1653.50,1652.97,1650.68,1651.68,1653.48,1655.11,1656.78,1658.34,1659.89,1660.27,1659.01,1657.17,1654.52,1651.76,1648.97,1644.92,1640.64,1634.53,1626.71,1618.75,1610.32,1604.22,1602.61,1601.68,1599.63,1598.63,1599.22,1602.89,1607.87,1616.64,1625.26,1632.44,1640.23,1648.79,1656.09,1662.22,1667.41,1673.15,1679.42,1685.47,1691.11,1695.96,1700.79,1705.58,1708.85,1709.95,1707.09,1702.52,1700.23,1697.20,1693.90,1690.84,1688.70,1687.97,1685.67,1684.25,1685.36,1686.29,1688.42,1689.35,1689.42,1688.35,1686.42,1684.88,1681.97,1676.16,1672.10,1671.05,1662.95,1651.49,1637.41,1620.02,1605.44,1590.78,1583.68,1581.90,1579.27,1576.37,1573.21,1572.91,1575.99,1579.03,1581.13,1582.33,1579.11,1567.99,1552.52,1535.49,1526.40,1517.82,1524.41,1540.42,1556.72,1561.49,1552.65,1543.16,1534.88,1524.44,1524.26,1529.97,1539.31,1552.33,1563.78,1568.72,1551.36,1533.07,1516.03,1502.36,1494.06,1495.85,1492.47,1480.86,1472.66,1468.24,1467.18,1466.13,1472.86,1486.02,1497.72,1510.80,1522.57,1535.82,1552.52,1554.91,1545.08,1538.43,1534.21,1525.74,1515.60,1511.87,1511.22,1511.55,1515.40,1522.68,1529.86,1532.92,1534.62,1532.28,1528.61,1510.86,1493.09,1472.45,1456.61,1444.15,1441.09,1439.08,1434.74,1436.10,1440.19,1440.51,1433.72,1414.05,1393.34,1376.05,1366.22,1351.38,1348.41,1364.62,1385.56,1405.20,1421.89,1431.02,1440.53,1450.95,1457.79,1472.64,1479.86,1477.97,1487.34,1510.63,1529.20,1539.95,1536.39,1525.63,1522.69,1521.79,1520.54,1531.35,1537.66,1538.84,1548.34,1562.69,1577.41,1594.81,1614.48,1629.17,1633.68,1629.36,1620.05,1611.41,1604.83,1598.21,1592.26,1587.50,1584.17,1581.96,1583.95,1587.89,1593.22,1599.63,1606.44,1613.51,1621.41,1631.35,1642.23,1652.02,1661.86,1669.83,1677.08,1683.65,1689.78,1697.19,1704.41,1710.55,1716.38,1720.40,1718.83,1711.79,1701.07,1689.55,1679.37,1670.42,1667.17,1667.50,1671.55,1680.48,1689.70,1695.67,1695.68,1700.12,1707.84,1716.16,1723.93,1732.06,1740.11,1742.02,1739.36,1740.47,1743.33,1747.56
1660.60,1659.64,1658.25,1657.56,1657.33,1656.89,1656.85,1657.45,1658.29,1658.64,1658.47,1657.21,1654.95,1653.48,1652.28,1651.31,1650.87,1650.70,1648.27,1648.50,1650.15,1651.63,1653.40,1655.04,1656.51,1657.32,1657.02,1655.71,1654.18,1652.07,1649.32,1644.49,1638.85,1631.34,1622.77,1613.77,1606.16,1600.88,1597.98,1597.90,1596.11,1595.34,1597.90,1602.19,1607.77,1616.58,1624.47,1630.92,1638.38,1646.70,1654.30,1660.93,1666.68,1672.76,1679.28,1685.06,1690.27,1695.19,1699.97,1703.74,1706.16,1704.99,1701.71,1696.89,1693.11,1688.25,1684.07,1681.23,1679.43,1678.84,1678.16,1679.33,1681.52,1684.01,1686.80,1685.82,1683.86,1682.72,1681.54,1681.14,1680.18,1672.14,1659.80,1653.73,1649.48,1648.66,1644.04,1630.71,1617.98,1602.47,1589.32,1577.95,1568.56,1564.72,1562.66,1563.42,1564.86,1567.04,1570.12,1574.04,1574.17,1565.38,1546.54,1531.33,1520.65,1513.73,1521.60,1537.21,1552.50,1560.24,1551.77,1538.57,1526.71,1519.18,1520.60,1529.00,1539.95,1553.47,1564.94,1565.68,1549.22,1532.32,1515.02,1499.02,1485.66,1479.85,1477.22,1471.30,1463.28,1461.24,1460.23,1464.03,1477.04,1489.25,1501.76,1516.50,1527.89,1543.66,1554.39,1548.85,1537.26,1527.90,1520.84,1513.93,1503.51,1499.33,1500.43,1504.03,1512.05,1518.79,1523.66,1527.71,1531.64,1532.18,1526.86,1506.01,1483.94,1466.28,1453.86,1441.59,1430.51,1423.69,1420.17,1419.75,1421.58,1423.52,1422.55,1410.51,1389.92,1369.76,1357.46,1346.89,1347.61,1362.10,1381.62,1402.08,1418.08,1428.23,1437.03,1445.67,1456.40,1470.45,1487.15,1498.15,1507.44,1522.15,1539.74,1534.14,1517.31,1507.91,1505.94,1502.93,1504.80,1516.40,1523.43,1532.93,1547.69,1567.12,1581.85,1596.10,1615.09,1629.00,1632.32,1627.84,1618.58,1608.53,1602.02,1594.16,1587.13,1582.06,1578.87,1578.02,1582.61,1588.13,1594.04,1600.41,1608.39,1615.88,1624.14,1634.48,1645.00,1654.21,1663.17,1671.13,1678.31,1684.58,1691.07,1699.63,1707.76,1714.83,1720.12,1719.13,1712.97,1703.93,1692.39,1681.04,1669.96,1660.73,1658.02,1658.53,1663.40,1673.48,1681.70,1684.78,1684.86,1691.16,1699.27,1707.93,1716.68,1726.01,1734.91,1737.82,1733.53,1732.47,1735.46,1740.38
1656.30,1655.36,1653.94,1653.09,1653.69,1653.62,1653.47,1653.73,1654.93,1655.61,1655.28,1654.30,1651.91,1650.35,1649.65,1649.08,1648.55,1647.78,1645.12,1645.38,1647.07,1648.30,1650.01,1651.83,1653.22,1654.01,1654.60,1653.82,1652.63,1651.16,1648.41,1643.76,1637.13,1627.45,1618.48,1609.72,1602.00,1596.88,1593.77,1594.47,1592.70,1593.11,1597.06,1601.71,1607.61,1616.27,1624.53,1631.34,1638.20,1645.49,1652.62,1659.41,1665.93,1672.41,1678.78,1684.15,1688.66,1693.24,1698.15,1701.86,1703.57,1701.80,1697.14,1690.35,1685.11,1680.12,1675.75,1673.44,1672.51,1671.69,1672.66,1676.90,1681.20,1685.07,1687.52,1684.84,1681.15,1678.72,1677.49,1677.15,1676.77,1670.41,1656.29,1643.79,1638.51,1634.27,1637.43,1632.71,1624.36,1613.57,1601.78,1588.90,1575.00,1565.80,1556.02,1553.90,1556.05,1558.07,1560.44,1565.51,1567.81,1559.86,1540.34,1526.35,1514.46,1509.45,1525.55,1543.05,1554.10,1553.49,1544.96,1533.64,1519.86,1512.90,1516.44,1525.54,1539.42,1554.54,1564.60,1557.51,1539.83,1523.31,1511.63,1501.40,1486.56,1472.78,1464.85,1459.57,1455.83,1455.15,1459.08,1470.06,1482.13,1493.49,1507.09,1522.40,1535.41,1550.27,1551.58,1544.99,1533.78,1514.38,1503.55,1497.63,1492.97,1486.69,1484.45,1492.91,1502.84,1508.55,1514.16,1519.78,1529.69,1532.01,1526.37,1504.85,1482.26,1464.43,1449.27,1438.08,1428.30,1416.64,1409.82,1406.62,1407.63,1409.84,1408.69,1400.17,1382.93,1366.05,1352.43,1342.83,1347.45,1360.85,1373.96,1391.13,1403.19,1411.80,1420.57,1431.47,1443.72,1456.89,1477.20,1499.60,1521.80,1535.86,1536.07,1520.09,1502.09,1490.80,1488.89,1492.98,1503.89,1515.31,1523.68,1534.04,1548.02,1566.74,1581.87,1600.14,1618.48,1629.63,1630.77,1625.03,1614.05,1605.22,1597.40,1587.78,1580.75,1575.24,1571.93,1574.96,1581.34,1588.59,1595.10,1601.82,1609.85,1617.38,1625.60,1635.46,1644.95,1653.67,1662.80,1670.96,1678.04,1684.80,1692.79,1702.88,1711.28,1718.06,1716.46,1709.16,1701.33,1691.80,1683.62,1673.14,1662.27,1653.29,1649.67,1649.66,1656.33,1666.45,1672.03,1672.48,1674.93,1683.67,1689.97,1698.34,1709.03,1720.14,1730.91,1734.19,1729.66,1727.31,1729.76,1735.12
1651.52,1650.87,1649.85,1649.19,1649.88,1650.40,1650.19,1650.05,1651.80,1652.59,1652.28,1651.53,1649.41,1647.57,1646.96,1646.64,1646.16,1644.08,1641.59,1642.53,1644.11,1645.09,1646.68,1648.51,1650.13,1651.19,1651.99,1651.83,1650.72,1648.61,1644.95,1640.55,1632.18,1622.40,1613.76,1604.96,1597.62,1592.73,1589.97,1591.09,1589.43,1591.33,1595.83,1601.18,1607.51,1615.92,1624.53,1631.92,1638.57,1644.99,1651.57,1658.49,1665.75,1672.37,1678.09,1682.88,1686.73,1690.46,1694.52,1698.42,1700.08,1697.73,1691.34,1683.47,1676.27,1672.04,1668.29,1666.74,1666.02,1666.35,1672.85,1679.80,1684.27,1688.19,1690.17,1688.20,1684.00,1679.21,1676.72,1674.37,1673.66,1669.56,1658.67,1639.78,1628.19,1622.19,1622.66,1620.43,1618.29,1614.27,1607.07,1596.28,1584.90,1574.28,1561.13,1547.89,1543.23,1544.51,1547.65,1554.78,1558.51,1550.46,1535.57,1519.61,1506.54,1506.49,1526.62,1543.60,1551.69,1543.93,1532.44,1521.27,1512.63,1507.90,1513.89,1523.57,1541.83,1555.70,1563.10,1550.27,1528.52,1512.65,1496.09,1488.28,1482.07,1469.57,1457.69,1450.63,1450.22,1454.34,1463.91,1474.62,1485.50,1496.94,1509.07,1524.87,1541.34,1550.60,1545.18,1539.32,1530.03,1510.83,1496.03,1485.14,1481.11,1477.20,1475.80,1482.47,1490.86,1496.92,1502.97,1511.38,1525.71,1531.57,1528.48,1509.23,1487.97,1466.91,1450.58,1437.58,1425.41,1416.08,1409.17,1401.40,1393.41,1390.87,1390.47,1382.38,1371.45,1358.61,1346.19,1340.51,1351.86,1367.70,1377.51,1384.68,1394.27,1401.30,1413.22,1437.11,1456.61,1474.45,1487.98,1506.07,1528.42,1528.03,1521.70,1509.06,1491.36,1480.28,1481.87,1494.01,1509.91,1528.23,1538.09,1546.13,1558.59,1572.93,1588.73,1607.35,1621.01,1627.77,1626.74,1617.11,1603.47,1599.04,1589.92,1581.42,1573.87,1568.20,1567.93,1573.73,1579.86,1587.03,1594.44,1602.94,1610.27,1617.89,1625.86,1635.55,1644.33,1652.22,1661.89,1670.13,1677.41,1685.50,1695.08,1705.82,1712.57,1712.41,1700.88,1693.50,1684.16,1674.69,1673.27,1665.23,1654.34,1646.69,1644.04,1643.65,1648.46,1660.51,1662.10,1661.52,1666.21,1675.14,1682.08,1690.57,1703.54,1715.05,1727.88,1731.40,1726.85,1723.53,1725.61,1730.13
1647.77,1646.61,1645.84,1646.14,1646.62,1646.96,1646.68,1646.52,1648.28,1649.42,1649.33,1648.67,1647.50,1645.62,1644.26,1643.87,1643.76,1641.54,1638.66,1639.70,1641.03,1641.75,1643.17,1645.14,1647.05,1648.40,1649.00,1648.87,1647.20,1644.13,1639.74,1633.27,1624.88,1616.21,1607.91,1599.60,1593.50,1588.58,1586.90,1587.38,1586.73,1588.85,1593.51,1600.32,1606.89,1615.28,1623.93,1631.61,1638.51,1644.98,1651.33,1657.83,1664.74,1671.30,1676.72,1681.36,1684.72,1687.66,1690.05,1692.36,1693.08,1690.64,1685.54,1678.07,1669.48,1662.96,1660.58,1660.41,1660.22,1664.35,1673.05,1680.05,1685.19,1690.35,1695.13,1692.67,1687.69,1682.44,1678.99,1674.87,1671.13,1667.16,1659.11,1642.09,1624.62,1614.47,1609.38,1605.21,1602.98,1600.38,1597.25,1592.28,1586.86,1580.75,1571.03,1555.63,1542.54,1532.89,1532.48,1537.92,1544.50,1540.22,1528.29,1512.05,1498.39,1506.05,1525.57,1541.49,1546.10,1534.19,1521.41,1511.97,1504.47,1505.07,1514.21,1526.28,1545.71,1557.77,1562.07,1550.29,1531.03,1513.90,1496.25,1481.19,1470.27,1460.60,1452.14,1446.87,1449.07,1461.00,1474.65,1485.96,1492.70,1500.49,1511.03,1527.62,1544.64,1547.49,1538.91,1529.98,1520.76,1508.45,1495.94,1479.92,1472.29,1470.18,1467.89,1473.11,1479.95,1486.29,1496.42,1510.96,1525.31,1531.19,1530.25,1517.23,1494.68,1472.47,1453.32,1438.92,1429.13,1423.66,1419.03,1408.58,1395.53,1383.04,1373.67,1360.83,1359.84,1349.65,1338.91,1339.75,1357.40,1379.70,1393.60,1400.72,1410.03,1419.32,1426.21,1439.88,1461.81,1483.18,1500.37,1517.81,1525.19,1514.46,1504.16,1493.91,1478.90,1469.83,1481.31,1497.05,1515.05,1537.74,1554.89,1561.14,1570.98,1582.54,1598.56,1613.32,1620.01,1621.11,1616.84,1603.53,1592.06,1588.19,1582.82,1574.36,1566.41,1561.88,1565.99,1572.53,1579.31,1585.91,1593.74,1602.61,1610.57,1618.45,1626.42,1636.30,1644.85,1652.42,1662.11,1669.87,1677.93,1687.14,1697.28,1708.05,1712.51,1705.44,1685.74,1675.28,1667.37,1658.09,1660.89,1656.37,1645.99,1639.36,1637.51,1636.72,1639.49,1649.65,1651.38,1651.21,1658.25,1665.48,1674.02,1684.44,1700.01,1712.99,1723.89,1728.23,1723.70,1718.95,1719.96,1724.50
1644.38,1642.40,1641.58,1642.43,1643.45,1643.26,1642.93,1642.90,1644.28,1645.78,1646.08,1645.74,1644.94,1643.86,1642.00,1641.08,1641.42,1639.92,1636.46,1636.56,1637.94,1638.59,1639.86,1641.90,1643.84,1644.98,1644.78,1644.12,1642.44,1638.41,1631.21,1624.89,1617.53,1609.21,1601.31,1593.94,1588.79,1585.79,1583.76,1583.69,1584.69,1588.18,1592.84,1599.52,1606.53,1614.13,1622.18,1630.02,1637.52,1644.57,1650.93,1656.84,1663.02,1669.15,1674.37,1679.13,1682.42,1684.28,1685.84,1686.57,1686.63,1685.01,1680.43,1672.43,1663.82,1657.05,1655.03,1655.47,1656.91,1663.53,1672.12,1679.44,1685.08,1690.08,1693.78,1693.98,1690.78,1686.20,1681.45,1676.39,1670.25,1664.19,1654.78,1639.09,1624.50,1612.61,1604.56,1597.27,1590.71,1584.99,1582.24,1579.36,1576.69,1574.77,1571.24,1563.14,1551.48,1537.82,1526.24,1523.87,1525.77,1525.34,1520.52,1505.88,1495.08,1504.93,1521.05,1538.01,1540.82,1525.45,1512.84,1503.10,1497.71,1504.53,1515.41,1530.65,1549.07,1558.33,1559.03,1552.35,1539.13,1522.81,1500.95,1483.74,1465.24,1452.33,1444.01,1443.10,1453.41,1469.07,1484.55,1496.31,1504.84,1510.21,1519.13,1534.70,1542.11,1538.71,1532.50,1517.93,1505.68,1500.54,1490.57,1477.43,1464.67,1459.15,1457.88,1465.06,1473.37,1482.33,1495.34,1511.47,1526.07,1530.83,1530.64,1523.47,1500.59,1476.86,1455.85,1445.63,1444.59,1442.28,1435.10,1420.65,1403.21,1387.11,1370.29,1357.45,1354.66,1345.53,1336.85,1340.56,1361.50,1387.43,1407.31,1420.19,1431.08,1440.91,1448.63,1454.57,1464.75,1480.60,1495.50,1504.06,1507.85,1501.45,1485.35,1476.41,1465.65,1462.76,1475.96,1491.72,1509.76,1535.08,1554.61,1568.92,1583.46,1596.19,1610.39,1614.06,1610.70,1609.83,1605.12,1592.82,1581.38,1575.26,1575.18,1567.36,1558.76,1559.03,1564.97,1571.75,1580.32,1587.35,1594.51,1602.40,1610.61,1619.43,1627.15,1637.92,1647.13,1655.44,1664.68,1672.72,1681.61,1692.13,1701.82,1710.46,1710.22,1699.78,1680.26,1663.01,1648.23,1640.77,1641.70,1644.69,1638.10,1631.67,1629.26,1628.71,1630.70,1635.54,1639.00,1642.61,1649.25,1656.85,1668.69,1681.57,1696.13,1709.59,1720.00,1724.62,1720.45,1713.20,1712.21,1716.69
1641.02,1639.05,1637.64,1639.26,1640.26,1639.66,1639.05,1639.14,1640.45,1642.14,1642.59,1642.88,1642.16,1641.52,1640.11,1637.91,1638.26,1636.91,1633.82,1633.59,1634.99,1635.87,1637.25,1639.22,1641.07,1641.32,1640.19,1639.07,1636.71,1630.97,1623.42,1617.03,1609.71,1601.92,1593.95,1588.00,1584.30,1582.14,1580.95,1580.87,1583.19,1587.32,1592.62,1599.46,1606.59,1613.70,1620.94,1628.62,1636.40,1643.19,1648.57,1654.48,1661.09,1666.43,1671.13,1675.66,1678.85,1680.47,1681.41,1681.05,1680.88,1679.25,1673.14,1663.63,1656.00,1651.44,1650.22,1651.11,1654.96,1662.52,1670.36,1677.99,1683.81,1688.59,1691.51,1692.06,1690.27,1685.85,1681.47,1675.75,1669.68,1664.19,1655.48,1640.03,1628.84,1621.28,1610.51,1600.24,1591.49,1582.16,1573.95,1569.24,1567.77,1565.98,1563.09,1560.67,1555.13,1543.90,1530.05,1519.14,1511.57,1508.64,1505.89,1496.81,1490.43,1498.93,1513.77,1531.22,1535.87,1522.52,1507.72,1496.37,1493.03,1501.57,1517.13,1533.05,1549.48,1551.66,1543.43,1535.71,1528.07,1517.15,1499.55,1481.41,1462.59,1447.01,1438.77,1442.86,1455.60,1471.51,1488.63,1501.00,1512.72,1522.22,1531.36,1536.49,1537.27,1533.68,1523.29,1506.67,1493.59,1485.85,1479.30,1472.29,1459.99,1450.59,1450.05,1459.78,1467.55,1475.48,1487.18,1504.77,1524.79,1530.44,1530.52,1526.24,1505.93,1486.96,1470.50,1462.43,1459.43,1449.96,1436.94,1422.62,1406.24,1390.09,1368.02,1356.75,1352.97,1345.53,1335.84,1341.56,1361.43,1388.18,1409.79,1422.88,1434.12,1447.93,1459.88,1464.17,1467.46,1473.50,1476.35,1486.58,1486.11,1484.10,1472.55,1459.04,1455.18,1461.08,1476.09,1494.69,1508.01,1527.18,1547.45,1567.34,1589.79,1606.31,1612.38,1606.68,1600.63,1598.01,1593.65,1582.24,1571.22,1563.50,1565.85,1559.38,1552.41,1557.26,1563.96,1572.51,1582.07,1588.59,1594.50,1600.56,1609.16,1618.39,1626.01,1636.99,1648.08,1658.62,1670.80,1680.67,1690.99,1702.41,1709.71,1711.71,1701.86,1687.55,1672.28,1659.15,1642.36,1629.37,1626.39,1629.63,1629.08,1624.53,1621.72,1620.99,1623.65,1627.54,1632.40,1638.55,1646.11,1655.59,1667.63,1679.12,1689.66,1702.64,1716.71,1721.45,1716.68,1706.82,1702.57,1706.05
1636.43,1635.05,1634.28,1635.72,1636.55,1635.89,1634.56,1634.68,1636.31,1638.26,1639.38,1639.72,1638.52,1637.60,1636.73,1634.39,1634.88,1633.82,1631.00,1630.72,1632.15,1633.22,1634.47,1636.34,1637.80,1637.63,1635.74,1633.16,1629.65,1622.66,1614.55,1607.43,1600.92,1593.01,1586.26,1582.16,1579.66,1578.78,1578.40,1578.92,1581.82,1585.98,1591.99,1599.64,1607.29,1614.00,1620.51,1627.89,1635.28,1641.29,1645.81,1650.65,1657.35,1662.74,1666.87,1670.57,1673.17,1674.36,1674.49,1673.70,1672.63,1669.77,1663.03,1655.43,1648.92,1645.63,1645.72,1647.42,1652.30,1660.12,1667.74,1675.40,1681.70,1686.31,1688.71,1689.04,1686.05,1681.02,1676.04,1670.45,1666.39,1663.36,1657.79,1651.19,1646.32,1635.98,1623.49,1609.98,1600.07,1591.82,1578.96,1570.13,1566.71,1563.29,1557.04,1546.83,1541.34,1535.60,1529.76,1520.45,1510.40,1500.94,1495.95,1491.34,1485.95,1490.13,1502.57,1518.18,1528.38,1518.72,1501.80,1490.63,1489.92,1500.86,1517.10,1534.23,1547.09,1542.38,1525.20,1510.41,1507.59,1503.42,1492.19,1476.76,1456.38,1440.03,1435.93,1443.56,1456.23,1471.25,1489.00,1503.46,1518.35,1529.35,1532.22,1532.10,1533.10,1531.70,1518.83,1501.34,1487.54,1474.15,1466.11,1460.12,1451.95,1443.86,1443.72,1451.23,1457.50,1466.24,1481.30,1501.12,1520.02,1524.61,1526.56,1527.45,1514.54,1501.45,1483.82,1468.23,1454.19,1438.96,1425.59,1412.52,1399.84,1385.87,1364.12,1355.87,1352.65,1344.82,1333.62,1337.99,1356.20,1382.80,1401.00,1414.82,1426.22,1441.62,1459.29,1458.23,1455.17,1455.96,1458.78,1468.78,1466.64,1467.43,1459.74,1448.78,1453.16,1467.55,1483.94,1502.82,1518.95,1540.57,1556.56,1575.13,1594.54,1609.79,1607.51,1597.75,1592.03,1588.73,1585.37,1576.85,1563.68,1553.13,1554.23,1549.35,1548.41,1556.13,1564.63,1574.10,1582.51,1588.28,1592.87,1597.02,1604.75,1614.78,1623.36,1633.17,1646.32,1659.87,1677.02,1688.94,1702.02,1712.04,1716.09,1708.81,1687.62,1670.46,1657.25,1647.48,1642.26,1629.85,1615.79,1613.88,1615.98,1616.92,1614.68,1613.92,1617.40,1621.98,1629.51,1636.78,1644.51,1653.24,1662.41,1670.56,1680.84,1695.65,1712.30,1716.48,1710.23,1698.32,1692.62,1694.76
1631.94,1630.57,1631.27,1632.26,1632.61,1631.93,1630.41,1630.31,1631.99,1634.29,1635.63,1634.97,1633.07,1631.65,1632.57,1630.72,1631.18,1630.93,1627.59,1626.90,1629.26,1630.25,1631.48,1633.11,1633.99,1633.66,1631.96,1627.47,1620.45,1612.33,1605.84,1598.55,1589.83,1583.54,1579.15,1576.76,1576.18,1575.80,1576.00,1577.73,1580.10,1585.29,1592.23,1600.68,1608.92,1614.54,1620.50,1627.22,1633.43,1638.04,1641.30,1645.30,1650.70,1656.31,1660.51,1663.66,1666.12,1666.51,1665.91,1664.96,1662.61,1659.07,1655.32,1649.89,1643.36,1640.43,1641.53,1644.92,1650.88,1657.87,1665.44,1673.09,1679.80,1683.20,1684.33,1683.87,1680.00,1674.52,1668.67,1664.04,1661.67,1662.50,1664.49,1666.28,1661.76,1649.78,1637.43,1625.18,1616.53,1606.65,1595.43,1580.95,1572.42,1565.05,1554.25,1540.26,1534.32,1529.34,1524.14,1516.49,1510.40,1504.32,1498.25,1493.31,1486.92,1481.04,1487.60,1500.79,1514.41,1510.67,1493.72,1483.79,1486.09,1499.11,1514.71,1530.32,1540.70,1535.42,1517.16,1499.11,1485.58,1479.38,1476.19,1468.21,1451.44,1434.34,1433.78,1442.65,1458.14,1472.34,1488.72,1504.07,1518.34,1524.72,1523.86,1519.75,1523.36,1528.94,1521.76,1506.25,1491.54,1475.86,1463.47,1453.25,1443.49,1435.62,1435.33,1442.37,1453.81,1469.99,1486.74,1504.02,1511.83,1509.81,1511.04,1522.65,1515.28,1496.49,1475.76,1454.00,1437.88,1424.55,1411.41,1397.93,1387.71,1378.87,1362.20,1355.53,1348.84,1338.84,1330.83,1336.63,1352.81,1373.18,1385.82,1398.81,1414.78,1435.32,1455.85,1451.53,1435.52,1436.59,1446.15,1453.53,1448.63,1452.85,1446.48,1439.62,1451.21,1467.84,1482.23,1500.23,1519.56,1545.63,1565.66,1579.38,1594.88,1605.85,1599.84,1591.30,1584.34,1580.62,1578.08,1571.26,1559.38,1547.06,1542.46,1539.96,1546.30,1556.22,1564.97,1573.73,1580.31,1582.01,1584.62,1587.27,1596.43,1608.12,1617.85,1627.00,1640.76,1653.30,1672.23,1689.55,1705.82,1717.54,1718.02,1701.06,1675.14,1658.52,1643.91,1635.47,1634.50,1629.89,1615.59,1600.93,1603.98,1608.63,1607.26,1606.47,1610.18,1616.77,1625.21,1633.48,1640.86,1647.08,1654.19,1663.28,1677.09,1694.87,1710.09,1709.07,1697.61,1688.53,1683.87,1685.54
1627.20,1626.63,1628.54,1628.88,1628.36,1627.35,1625.67,1626.21,1628.47,1631.40,1631.33,1629.90,1628.00,1626.66,1627.77,1626.58,1626.97,1626.18,1622.98,1622.88,1625.99,1626.98,1628.35,1629.63,1629.98,1629.53,1627.51,1622.13,1613.53,1602.95,1596.20,1588.21,1580.75,1576.03,1573.66,1572.56,1572.77,1573.07,1575.12,1577.47,1580.39,1586.15,1593.76,1603.00,1610.87,1615.67,1620.29,1625.58,1630.72,1633.85,1636.02,1638.73,1642.94,1647.23,1651.53,1655.62,1658.28,1658.75,1658.07,1656.95,1655.08,1652.50,1649.28,1644.15,1639.00,1636.90,1638.69,1643.35,1650.43,1656.94,1663.97,1671.45,1676.63,1678.82,1679.41,1678.25,1673.32,1666.83,1661.37,1658.39,1658.47,1663.28,1669.31,1673.05,1673.63,1664.88,1653.39,1644.85,1631.99,1620.62,1609.13,1595.78,1582.50,1569.10,1555.64,1543.95,1538.37,1535.52,1530.94,1525.11,1520.11,1512.38,1504.77,1497.12,1490.13,1480.99,1474.15,1481.59,1496.55,1498.74,1484.87,1476.74,1483.06,1498.41,1513.19,1526.48,1533.36,1533.49,1524.93,1507.38,1488.04,1470.82,1458.32,1453.03,1443.13,1429.78,1428.97,1441.05,1456.85,1471.69,1488.36,1503.73,1512.80,1511.17,1506.63,1504.00,1505.42,1517.30,1521.50,1510.77,1495.00,1479.81,1465.72,1454.47,1441.70,1429.24,1427.78,1437.84,1452.57,1468.17,1480.86,1496.18,1498.84,1491.01,1497.07,1513.98,1514.88,1497.18,1475.13,1453.61,1441.46,1427.82,1416.34,1408.06,1399.44,1392.78,1378.96,1363.52,1345.29,1329.76,1329.14,1336.91,1348.64,1362.86,1378.15,1396.98,1418.42,1435.95,1451.62,1443.70,1424.19,1418.96,1429.89,1434.58,1433.07,1438.90,1433.43,1436.30,1451.15,1471.09,1486.80,1503.60,1522.88,1542.38,1556.38,1566.27,1583.79,1597.93,1591.44,1583.17,1575.91,1570.59,1569.37,1565.70,1557.57,1545.65,1532.59,1531.73,1543.81,1554.23,1561.57,1567.64,1571.23,1571.05,1572.64,1580.17,1590.80,1600.98,1608.14,1619.18,1631.63,1644.95,1660.57,1680.62,1700.14,1715.63,1714.59,1691.36,1666.55,1649.00,1635.98,1627.90,1624.06,1623.86,1616.98,1598.12,1592.63,1597.95,1597.63,1598.64,1605.28,1613.08,1620.31,1628.00,1635.85,1643.51,1652.22,1663.06,1677.69,1697.45,1707.03,1698.85,1686.55,1679.39,1674.22,1675.11
1622.13,1623.68,1625.01,1624.38,1623.54,1622.40,1620.83,1622.92,1625.70,1627.11,1626.96,1624.95,1622.98,1621.39,1621.53,1621.57,1622.20,1620.52,1617.86,1620.38,1622.90,1623.76,1624.92,1625.92,1626.20,1625.30,1622.85,1617.70,1608.31,1596.23,1587.19,1579.34,1573.81,1570.30,1568.85,1568.79,1569.77,1571.98,1575.01,1577.61,1581.36,1587.87,1596.35,1605.67,1611.85,1615.84,1620.10,1624.78,1628.33,1629.19,1629.74,1631.43,1635.24,1639.34,1643.21,1647.74,1651.09,1652.16,1651.72,1650.48,1648.84,1646.63,1643.38,1638.54,1635.46,1634.49,1637.55,1642.75,1650.19,1656.22,1662.40,1669.04,1673.05,1674.27,1673.68,1670.82,1665.24,1658.92,1655.57,1654.77,1657.54,1662.40,1669.89,1675.08,1679.17,1675.77,1665.10,1656.02,1641.19,1626.42,1613.39,1599.87,1586.24,1569.27,1554.45,1550.03,1548.77,1547.38,1542.48,1533.84,1527.23,1519.63,1511.78,1501.39,1491.39,1482.61,1473.47,1469.47,1476.55,1483.57,1476.37,1468.85,1480.78,1496.48,1511.58,1520.24,1521.53,1524.88,1526.21,1516.44,1498.87,1480.92,1463.33,1447.61,1435.48,1425.03,1424.95,1439.50,1454.86,1469.09,1487.55,1502.13,1503.81,1496.47,1492.54,1492.35,1494.91,1505.35,1512.87,1505.14,1493.56,1478.36,1463.89,1451.98,1438.09,1424.65,1421.42,1432.56,1447.13,1460.13,1473.00,1483.48,1481.41,1474.87,1487.90,1504.95,1512.30,1504.17,1487.21,1471.35,1454.66,1439.69,1432.70,1428.70,1418.88,1404.52,1387.06,1366.93,1346.40,1328.84,1327.33,1336.79,1347.30,1360.22,1376.74,1396.30,1414.52,1432.50,1441.40,1429.00,1415.38,1406.62,1414.90,1417.69,1420.28,1425.76,1425.00,1433.70,1446.51,1463.55,1478.70,1497.47,1511.84,1524.46,1537.80,1555.82,1580.89,1594.54,1584.55,1574.88,1566.82,1560.64,1560.61,1558.72,1550.50,1540.84,1528.42,1527.08,1539.23,1549.37,1552.65,1554.04,1557.04,1560.17,1566.65,1576.20,1584.54,1590.86,1597.83,1611.05,1623.61,1636.97,1653.90,1673.97,1694.65,1710.17,1705.56,1681.09,1659.17,1642.74,1630.91,1620.04,1609.75,1609.49,1609.96,1598.44,1585.74,1587.96,1590.55,1591.98,1602.72,1610.68,1617.29,1625.03,1633.74,1643.51,1654.02,1664.38,1681.06,1699.11,1701.50,1692.11,1679.70,1668.28,1663.16,1663.46
1617.75,1621.04,1621.31,1619.74,1618.70,1617.81,1617.21,1620.17,1620.82,1621.78,1622.71,1620.06,1617.37,1615.65,1615.24,1615.63,1616.27,1613.38,1612.24,1616.21,1619.40,1620.28,1621.21,1622.22,1622.47,1621.17,1618.42,1613.12,1601.10,1589.84,1579.74,1572.25,1568.42,1566.77,1565.59,1566.60,1568.75,1571.29,1574.59,1578.19,1583.24,1590.95,1599.67,1607.80,1612.63,1616.12,1619.87,1623.76,1625.66,1625.05,1624.94,1625.88,1628.91,1633.05,1636.99,1640.88,1644.47,1645.78,1645.36,1644.06,1642.63,1640.87,1637.91,1633.38,1630.86,1632.05,1636.20,1642.17,1649.85,1656.16,1661.83,1666.97,1669.05,1668.99,1666.47,1662.02,1657.42,1652.93,1651.04,1654.15,1658.21,1664.27,1671.32,1675.13,1678.82,1676.83,1667.20,1655.81,1640.34,1625.91,1613.44,1597.09,1581.88,1566.09,1562.88,1566.58,1564.17,1558.83,1553.68,1547.31,1540.06,1529.39,1518.80,1506.56,1495.10,1485.00,1476.27,1468.88,1462.85,1467.71,1465.45,1461.24,1474.37,1487.41,1500.68,1504.19,1499.33,1512.01,1521.57,1512.26,1496.60,1480.59,1468.57,1451.42,1434.94,1421.40,1422.14,1436.64,1454.18,1467.98,1486.80,1498.69,1494.94,1485.08,1479.84,1480.86,1485.81,1500.36,1505.14,1494.58,1481.13,1470.07,1458.90,1446.62,1432.05,1418.73,1415.72,1425.25,1437.01,1449.96,1463.61,1469.71,1463.42,1459.06,1477.16,1495.38,1505.55,1502.45,1495.67,1488.11,1469.15,1454.05,1452.57,1444.42,1427.89,1408.37,1388.84,1367.64,1354.93,1336.45,1324.15,1334.25,1342.73,1355.54,1370.75,1387.06,1408.18,1425.85,1428.28,1412.94,1400.86,1394.41,1399.56,1404.36,1409.55,1415.64,1426.50,1438.84,1445.67,1454.32,1465.12,1479.15,1494.30,1511.15,1535.88,1558.49,1582.81,1592.68,1582.55,1570.32,1557.48,1550.52,1549.66,1548.11,1541.53,1532.25,1522.84,1521.91,1535.28,1541.74,1541.98,1543.83,1548.03,1552.82,1559.95,1568.31,1572.90,1581.63,1590.73,1605.79,1620.44,1636.40,1656.00,1676.97,1695.47,1704.26,1693.01,1671.24,1651.90,1636.38,1626.39,1615.06,1597.99,1594.70,1599.03,1593.45,1579.64,1579.50,1584.28,1587.67,1599.25,1607.94,1617.21,1626.88,1635.94,1647.70,1659.90,1670.52,1686.00,1697.61,1695.40,1685.95,1672.94,1661.17,1654.97,1654.61
1612.95,1616.53,1616.07,1613.64,1613.15,1613.58,1613.40,1615.61,1615.99,1617.47,1617.63,1613.56,1610.64,1609.51,1608.75,1609.11,1609.12,1605.83,1607.20,1611.08,1614.20,1615.66,1616.80,1618.11,1618.44,1616.93,1614.01,1606.71,1593.51,1583.66,1573.93,1567.71,1565.17,1563.74,1563.27,1565.17,1567.21,1569.41,1573.61,1578.95,1586.15,1595.17,1602.94,1608.74,1612.26,1614.87,1618.39,1621.76,1622.01,1621.04,1620.49,1620.93,1623.85,1628.20,1632.67,1636.07,1638.63,1639.55,1639.05,1637.92,1636.57,1634.99,1632.50,1629.30,1627.60,1629.54,1635.03,1642.01,1649.77,1656.53,1661.82,1664.23,1664.04,1661.86,1657.91,1654.15,1650.81,1648.23,1650.28,1656.20,1661.57,1668.48,1673.59,1677.19,1678.30,1673.98,1663.71,1652.27,1637.66,1621.56,1608.63,1591.19,1576.04,1569.64,1575.13,1582.23,1577.27,1569.56,1563.72,1554.66,1543.63,1530.84,1516.45,1504.63,1495.19,1486.30,1477.57,1470.13,1461.49,1454.16,1452.14,1451.55,1463.57,1474.10,1482.29,1484.77,1486.90,1503.52,1514.12,1504.68,1488.59,1473.45,1459.10,1446.15,1430.49,1418.18,1419.69,1435.85,1453.24,1467.66,1485.36,1492.45,1484.99,1473.60,1468.75,1470.76,1479.30,1493.02,1502.72,1491.18,1473.30,1462.66,1452.38,1438.34,1423.31,1413.10,1409.67,1417.88,1427.15,1441.61,1452.38,1449.97,1441.60,1445.12,1467.97,1485.72,1496.89,1492.61,1483.50,1484.19,1479.10,1466.18,1456.94,1444.38,1427.46,1408.66,1390.62,1376.67,1359.45,1342.11,1321.63,1329.57,1337.41,1349.05,1365.05,1380.20,1402.17,1418.83,1420.34,1399.40,1388.53,1390.02,1402.25,1411.24,1416.08,1424.57,1440.72,1453.11,1463.59,1472.37,1476.00,1479.49,1498.88,1520.94,1541.62,1564.79,1588.27,1590.44,1580.17,1567.95,1552.29,1543.36,1540.38,1539.66,1533.36,1523.63,1516.89,1519.80,1531.49,1533.13,1532.37,1536.04,1541.11,1547.67,1555.80,1562.23,1568.70,1578.92,1589.93,1604.99,1618.99,1635.69,1656.27,1676.61,1692.89,1694.96,1679.71,1662.09,1643.90,1628.87,1617.59,1606.78,1593.57,1583.64,1587.25,1583.12,1573.12,1571.20,1577.33,1581.23,1593.25,1604.64,1615.77,1628.65,1637.46,1648.03,1662.39,1675.87,1687.54,1693.45,1688.33,1679.51,1665.44,1654.75,1647.46,1644.76
1608.91,1611.68,1610.29,1608.21,1608.35,1608.40,1608.89,1610.68,1611.36,1611.91,1610.75,1607.46,1605.15,1603.69,1601.57,1602.94,1602.84,1599.21,1602.39,1605.66,1608.56,1610.70,1612.03,1613.42,1613.76,1612.78,1609.21,1598.55,1586.66,1576.89,1568.42,1564.06,1561.68,1560.69,1561.38,1563.42,1565.42,1567.72,1572.26,1579.76,1589.45,1597.97,1603.49,1606.88,1609.03,1611.17,1614.15,1616.82,1617.04,1616.52,1616.20,1616.73,1619.44,1623.93,1628.52,1631.72,1633.23,1633.64,1633.25,1632.26,1630.86,1629.29,1627.38,1625.52,1625.25,1628.56,1634.58,1642.26,1649.61,1655.77,1660.05,1660.08,1658.09,1654.41,1650.79,1647.90,1645.81,1646.70,1651.87,1659.82,1667.06,1672.79,1676.82,1680.51,1680.54,1673.76,1660.67,1646.49,1629.84,1613.66,1598.15,1586.75,1581.55,1580.96,1586.29,1592.51,1588.96,1578.84,1566.72,1551.80,1539.14,1526.99,1510.79,1498.91,1491.00,1485.93,1481.23,1475.19,1465.89,1458.41,1452.46,1446.10,1445.01,1453.24,1463.42,1469.57,1477.77,1493.82,1505.36,1500.64,1483.34,1470.91,1455.42,1440.53,1424.73,1414.69,1416.78,1432.17,1449.81,1464.58,1480.79,1482.95,1472.35,1462.86,1459.43,1463.57,1475.40,1488.93,1501.02,1494.34,1477.19,1462.12,1450.09,1438.52,1421.32,1408.80,1403.23,1411.48,1422.73,1434.57,1437.92,1429.97,1422.32,1437.13,1460.53,1478.29,1487.36,1480.48,1466.70,1466.09,1469.62,1461.91,1442.10,1426.87,1415.66,1407.30,1398.21,1381.95,1362.53,1344.35,1324.77,1321.34,1328.29,1340.22,1356.43,1373.90,1394.55,1412.13,1410.02,1392.03,1380.63,1392.36,1410.81,1425.69,1435.46,1442.37,1452.32,1463.68,1477.62,1491.33,1497.77,1498.66,1503.40,1528.38,1550.72,1572.85,1590.47,1586.35,1575.85,1565.29,1551.11,1537.66,1531.48,1530.61,1525.45,1516.00,1511.84,1517.84,1523.36,1524.27,1527.83,1538.77,1545.86,1554.81,1563.65,1569.36,1578.03,1585.64,1595.49,1607.28,1619.53,1635.09,1654.15,1672.64,1684.39,1682.13,1668.16,1654.14,1639.26,1626.65,1612.19,1597.06,1586.51,1576.29,1575.82,1573.41,1566.43,1561.04,1566.05,1576.38,1589.99,1604.00,1613.70,1626.15,1637.20,1648.57,1662.76,1677.78,1686.45,1688.12,1682.53,1673.56,1661.63,1648.70,1639.75,1634.91
1604.94,1605.80,1605.28,1603.81,1602.12,1600.60,1603.78,1605.74,1606.52,1606.55,1605.36,1602.32,1600.05,1597.49,1593.48,1596.70,1596.54,1592.27,1595.63,1599.64,1602.61,1605.01,1606.79,1608.55,1608.93,1607.70,1602.81,1591.25,1580.29,1570.48,1564.11,1560.54,1559.15,1558.66,1559.66,1561.42,1563.51,1566.92,1571.91,1582.22,1592.37,1598.25,1601.66,1603.06,1604.47,1605.90,1608.02,1609.56,1610.53,1611.64,1611.96,1612.88,1615.72,1620.27,1624.33,1626.86,1627.76,1627.95,1627.51,1626.66,1625.42,1624.00,1622.47,1621.43,1623.99,1628.39,1635.00,1642.79,1648.95,1653.82,1656.17,1653.96,1650.38,1647.13,1644.76,1642.69,1643.62,1648.64,1655.77,1665.73,1673.31,1677.96,1681.05,1684.42,1681.57,1673.79,1660.45,1642.69,1625.93,1609.11,1598.32,1595.17,1593.58,1593.24,1600.10,1601.50,1593.26,1578.56,1562.39,1546.46,1533.41,1519.49,1504.79,1498.42,1497.13,1493.53,1489.52,1484.03,1474.38,1467.04,1459.42,1449.74,1441.87,1439.22,1443.48,1450.41,1465.56,1478.73,1493.52,1497.26,1481.81,1463.90,1448.99,1435.43,1418.75,1409.86,1413.12,1426.73,1444.09,1460.43,1473.32,1470.13,1458.48,1449.89,1449.84,1456.44,1472.70,1487.87,1498.40,1494.97,1483.43,1470.65,1457.10,1443.45,1424.77,1406.58,1396.39,1404.12,1414.99,1423.41,1421.15,1412.38,1412.42,1430.16,1453.64,1472.58,1477.87,1468.06,1452.13,1448.68,1461.32,1463.21,1442.42,1420.94,1399.65,1388.32,1382.60,1376.54,1363.53,1346.32,1325.95,1315.99,1323.29,1332.66,1350.14,1368.81,1389.86,1406.61,1400.85,1383.54,1373.23,1390.53,1408.02,1421.61,1428.30,1438.20,1448.35,1460.59,1475.55,1495.02,1510.79,1522.43,1525.11,1534.10,1553.82,1574.52,1586.04,1577.39,1568.92,1559.62,1548.90,1534.80,1524.89,1521.31,1516.16,1508.36,1504.97,1511.76,1514.95,1520.67,1534.32,1549.93,1559.65,1564.72,1572.09,1582.94,1591.28,1599.45,1609.68,1618.08,1628.10,1638.13,1652.08,1667.90,1674.64,1667.17,1653.51,1642.72,1628.50,1621.00,1613.30,1597.42,1580.16,1570.67,1565.77,1565.36,1560.44,1552.04,1558.22,1575.72,1593.28,1606.34,1618.44,1628.28,1640.96,1654.31,1666.65,1678.20,1683.02,1680.45,1674.49,1666.08,1654.75,1643.30,1632.83,1626.66
1599.56,1598.56,1599.40,1598.49,1595.78,1593.96,1598.74,1600.85,1601.34,1601.41,1600.47,1597.93,1595.40,1592.83,1588.02,1591.04,1591.02,1586.78,1588.63,1592.76,1596.50,1599.12,1601.41,1603.28,1604.00,1602.69,1595.96,1584.87,1574.64,1565.60,1560.27,1558.67,1557.67,1557.06,1557.99,1559.35,1562.08,1568.04,1574.41,1585.27,1593.01,1596.44,1597.93,1598.88,1599.32,1600.13,1601.55,1602.91,1604.73,1606.61,1607.39,1608.57,1612.41,1616.78,1619.78,1621.76,1622.52,1622.50,1621.89,1621.07,1620.28,1619.23,1618.42,1619.28,1623.06,1628.95,1636.29,1642.82,1648.07,1652.00,1651.94,1648.04,1643.56,1640.98,1639.63,1639.75,1644.64,1651.41,1660.17,1670.64,1677.76,1682.85,1686.29,1688.27,1680.77,1671.06,1656.08,1637.73,1623.22,1615.19,1614.24,1613.34,1609.57,1608.76,1610.32,1599.30,1586.85,1572.83,1557.24,1542.22,1527.33,1514.62,1510.21,1512.40,1511.96,1503.35,1500.11,1493.66,1482.84,1474.74,1468.61,1457.32,1447.14,1440.84,1434.05,1437.73,1452.60,1462.34,1479.10,1492.14,1485.51,1471.16,1452.79,1437.24,1415.85,1404.76,1410.00,1423.23,1440.75,1457.17,1463.31,1456.42,1443.25,1438.59,1444.36,1455.14,1472.31,1486.02,1493.30,1491.85,1481.07,1468.55,1454.23,1439.54,1423.33,1405.79,1390.41,1390.84,1402.61,1408.70,1405.43,1399.52,1407.54,1424.19,1446.97,1466.88,1467.17,1454.23,1439.89,1438.31,1454.50,1456.46,1437.48,1422.81,1400.12,1378.41,1363.82,1363.94,1358.46,1344.98,1325.05,1313.44,1320.12,1329.51,1349.93,1367.76,1384.67,1397.40,1390.43,1374.80,1368.07,1381.78,1394.36,1403.10,1410.45,1425.35,1442.97,1455.12,1470.11,1487.27,1509.78,1532.27,1547.04,1552.05,1561.68,1579.15,1579.01,1568.13,1558.70,1551.46,1543.51,1531.92,1519.09,1511.66,1507.04,1501.79,1497.86,1505.34,1515.00,1526.38,1541.70,1554.66,1560.99,1566.00,1575.06,1587.86,1595.28,1603.89,1612.98,1620.38,1626.70,1634.97,1647.22,1662.18,1665.51,1653.55,1637.94,1626.42,1615.54,1603.43,1602.08,1592.28,1577.47,1567.51,1558.49,1555.06,1550.71,1546.64,1558.30,1575.14,1594.48,1606.01,1620.22,1633.23,1644.64,1655.71,1667.85,1675.61,1676.15,1670.75,1664.37,1657.12,1646.69,1636.40,1626.46,1619.24
1591.10,1590.27,1591.22,1590.84,1588.69,1589.42,1593.97,1595.87,1596.25,1596.28,1595.47,1593.82,1591.37,1587.89,1582.74,1585.09,1586.08,1581.76,1583.13,1586.64,1590.40,1593.01,1595.68,1598.11,1599.09,1597.19,1589.05,1579.22,1569.57,1560.92,1557.91,1556.94,1556.04,1555.44,1556.81,1558.86,1562.78,1569.80,1577.52,1586.76,1591.85,1592.03,1592.28,1593.00,1592.75,1593.24,1594.83,1596.45,1599.10,1601.59,1602.40,1604.61,1609.68,1612.64,1614.49,1616.20,1617.25,1617.43,1617.35,1617.12,1616.74,1616.09,1616.59,1618.76,1622.92,1629.38,1636.11,1641.76,1646.46,1649.05,1646.61,1641.43,1638.06,1636.98,1637.48,1640.29,1646.25,1653.76,1663.77,1673.26,1679.31,1685.49,1690.05,1688.81,1676.59,1664.67,1650.13,1636.36,1631.23,1632.20,1632.39,1632.12,1627.76,1621.35,1611.17,1593.26,1577.61,1566.67,1550.82,1536.50,1524.22,1519.36,1522.76,1525.50,1520.43,1515.50,1513.61,1501.11,1490.23,1485.26,1477.67,1464.76,1449.19,1442.78,1435.39,1429.12,1437.94,1451.74,1462.98,1481.18,1484.05,1470.97,1453.01,1434.87,1413.51,1400.78,1406.84,1418.69,1437.06,1450.78,1452.33,1445.47,1434.22,1431.00,1442.27,1457.33,1472.23,1479.18,1483.43,1485.94,1477.28,1461.15,1444.88,1430.85,1421.12,1404.68,1387.34,1381.80,1391.26,1395.43,1395.32,1395.45,1404.96,1421.47,1443.52,1460.83,1454.96,1440.68,1425.60,1427.53,1447.69,1448.74,1427.10,1410.27,1398.53,1382.91,1363.38,1348.95,1346.06,1340.12,1323.87,1311.22,1316.47,1327.05,1347.63,1364.17,1376.70,1381.57,1376.12,1365.64,1362.78,1372.66,1384.44,1395.14,1407.12,1428.65,1448.76,1461.42,1476.89,1496.51,1516.90,1539.05,1556.34,1566.78,1577.22,1580.77,1572.69,1558.78,1547.29,1541.25,1536.09,1526.54,1513.97,1504.25,1499.42,1494.89,1497.29,1509.08,1518.52,1531.25,1542.88,1549.96,1556.41,1562.66,1570.57,1580.52,1589.62,1597.90,1605.99,1611.99,1618.47,1630.37,1644.31,1657.22,1658.06,1645.17,1628.32,1610.77,1602.02,1589.24,1586.37,1581.69,1572.90,1565.06,1555.53,1544.48,1540.16,1545.73,1560.01,1573.50,1591.63,1603.29,1614.51,1628.13,1639.71,1648.28,1661.94,1671.45,1667.64,1660.08,1654.93,1647.54,1637.63,1627.93,1619.13,1613.28
1585.74,1582.70,1584.51,1584.68,1582.66,1584.96,1588.95,1590.90,1591.21,1591.12,1590.35,1589.02,1586.77,1583.27,1577.75,1579.61,1581.55,1576.40,1577.53,1581.10,1584.85,1587.45,1590.45,1593.33,1594.15,1591.49,1582.51,1573.91,1564.41,1557.38,1555.50,1554.55,1553.80,1553.85,1555.83,1558.17,1562.57,1569.83,1578.68,1586.13,1587.85,1587.20,1587.13,1587.64,1587.58,1587.79,1589.15,1590.09,1593.25,1596.64,1598.29,1601.63,1605.71,1607.70,1608.99,1610.76,1612.05,1612.75,1613.14,1613.77,1613.56,1613.95,1616.12,1618.44,1622.65,1629.59,1635.23,1640.47,1644.34,1643.75,1639.86,1634.91,1633.12,1634.56,1637.95,1642.48,1649.29,1657.67,1667.69,1675.80,1681.74,1688.01,1691.83,1688.59,1675.84,1667.41,1657.39,1648.59,1648.27,1650.20,1648.73,1648.38,1641.02,1626.54,1608.34,1588.83,1573.52,1560.82,1546.32,1534.06,1528.81,1531.33,1536.40,1535.60,1528.45,1526.97,1520.13,1509.52,1504.14,1494.04,1479.86,1467.26,1459.20,1451.78,1440.38,1429.49,1424.95,1436.08,1450.96,1465.55,1476.06,1467.44,1449.06,1431.83,1414.01,1397.02,1399.86,1411.25,1427.63,1440.25,1439.97,1429.96,1423.83,1426.48,1441.58,1456.16,1465.70,1469.68,1472.97,1476.35,1473.60,1460.14,1445.35,1431.13,1415.93,1400.26,1387.21,1375.86,1375.70,1379.29,1380.69,1391.75,1403.25,1419.00,1438.04,1449.81,1439.25,1423.18,1412.31,1419.60,1439.98,1440.99,1422.75,1397.15,1385.03,1380.14,1366.90,1350.97,1336.88,1331.23,1319.33,1308.47,1313.13,1321.10,1343.01,1357.65,1362.08,1361.14,1359.02,1356.92,1364.69,1381.68,1395.90,1410.05,1422.62,1432.14,1451.63,1468.32,1489.62,1507.90,1518.25,1536.31,1554.56,1567.68,1578.07,1578.01,1565.65,1550.16,1537.91,1531.30,1527.54,1520.81,1509.41,1499.37,1491.50,1488.57,1497.85,1512.28,1521.95,1531.48,1537.83,1544.26,1551.39,1556.32,1562.50,1570.02,1577.57,1587.18,1595.50,1606.21,1617.43,1630.66,1643.78,1652.55,1649.66,1633.76,1616.69,1600.86,1585.27,1576.30,1570.88,1570.37,1565.78,1559.61,1551.26,1539.24,1534.53,1544.26,1557.13,1570.81,1586.44,1598.24,1609.37,1619.91,1633.27,1644.97,1657.98,1664.64,1658.94,1652.89,1645.86,1637.60,1628.64,1620.71,1612.09,1605.46
1579.14,1574.63,1577.44,1578.24,1576.10,1578.78,1582.07,1584.26,1584.97,1585.11,1584.93,1584.03,1581.99,1577.75,1572.07,1574.62,1575.55,1569.93,1572.67,1576.38,1579.57,1582.59,1585.05,1587.63,1588.13,1583.43,1575.60,1568.07,1559.36,1553.81,1552.56,1552.12,1551.68,1552.59,1555.36,1557.71,1560.78,1568.46,1578.41,1582.98,1582.36,1582.20,1582.56,1583.50,1584.84,1586.79,1588.30,1589.28,1590.98,1593.45,1596.08,1598.56,1601.08,1602.67,1604.48,1606.92,1608.12,1608.93,1609.56,1610.50,1611.33,1613.42,1615.82,1618.13,1621.80,1628.80,1634.57,1639.61,1640.76,1638.06,1633.28,1629.14,1631.21,1636.64,1641.56,1648.55,1655.92,1664.23,1672.94,1680.30,1686.01,1691.38,1694.96,1693.03,1686.96,1678.61,1667.28,1660.48,1664.48,1666.30,1664.28,1655.09,1639.49,1621.04,1603.54,1585.56,1573.47,1560.56,1547.83,1539.48,1541.64,1545.08,1549.43,1544.08,1539.78,1539.72,1529.30,1522.99,1515.52,1499.98,1490.38,1484.16,1471.81,1459.36,1446.49,1431.79,1422.17,1422.57,1433.54,1449.16,1463.86,1464.76,1450.52,1434.35,1416.75,1395.30,1391.26,1400.80,1415.71,1425.47,1423.94,1415.58,1413.95,1424.78,1438.45,1449.01,1454.48,1455.88,1457.71,1462.45,1462.04,1456.07,1447.94,1434.24,1420.30,1408.10,1394.10,1377.32,1368.13,1369.24,1369.82,1383.94,1399.14,1414.22,1429.39,1433.59,1419.65,1407.52,1401.03,1414.63,1437.07,1436.04,1417.68,1394.92,1373.04,1361.65,1359.31,1351.50,1336.03,1323.35,1313.74,1306.42,1311.97,1318.29,1339.16,1345.97,1346.20,1345.38,1347.60,1356.12,1373.70,1391.06,1405.98,1423.97,1442.26,1452.71,1462.88,1476.10,1493.43,1500.76,1507.55,1518.92,1540.50,1556.76,1569.15,1572.98,1561.28,1545.76,1531.54,1521.58,1518.09,1514.36,1505.01,1495.11,1486.22,1486.95,1498.00,1512.40,1519.20,1522.35,1529.71,1536.40,1543.48,1552.45,1559.65,1568.39,1578.95,1590.69,1601.23,1612.17,1622.34,1632.36,1640.24,1645.41,1639.59,1623.16,1605.08,1588.87,1575.99,1565.07,1557.39,1555.02,1554.22,1551.89,1544.66,1534.62,1529.82,1539.17,1552.44,1565.22,1578.30,1589.39,1604.87,1616.44,1631.15,1644.04,1654.40,1656.13,1652.27,1644.99,1636.73,1628.70,1619.91,1612.05,1604.84,1595.88
1572.38,1566.71,1568.65,1570.67,1567.97,1569.96,1573.92,1576.05,1577.57,1578.16,1578.29,1577.91,1575.93,1571.53,1565.65,1568.27,1568.54,1563.53,1567.29,1571.16,1573.35,1575.95,1577.75,1579.23,1578.13,1573.28,1567.13,1559.87,1553.55,1549.93,1549.55,1549.86,1550.14,1553.01,1556.88,1559.57,1561.42,1566.04,1574.10,1577.57,1577.24,1579.28,1582.16,1584.49,1587.13,1590.05,1591.62,1592.34,1592.55,1593.23,1594.50,1596.16,1597.77,1599.09,1601.19,1603.38,1605.08,1606.31,1607.71,1609.37,1611.49,1613.82,1616.46,1618.65,1622.39,1629.00,1633.75,1635.95,1634.99,1631.06,1626.40,1626.61,1632.63,1639.25,1646.58,1654.79,1663.73,1673.28,1680.65,1686.54,1690.30,1693.55,1697.07,1697.05,1693.08,1683.57,1674.99,1671.72,1675.28,1676.82,1668.09,1653.14,1636.67,1619.49,1605.83,1593.94,1581.26,1567.64,1553.67,1546.97,1551.96,1556.16,1560.01,1555.53,1552.67,1553.45,1544.10,1533.22,1520.20,1512.91,1507.42,1496.19,1479.67,1462.44,1447.70,1434.59,1424.23,1416.99,1420.22,1431.18,1448.34,1459.39,1451.60,1435.48,1416.34,1394.43,1385.84,1389.76,1403.50,1413.27,1412.73,1406.66,1409.49,1424.09,1432.94,1434.37,1437.48,1439.03,1437.61,1442.05,1442.91,1441.87,1442.11,1438.34,1429.84,1417.30,1396.66,1377.11,1363.29,1362.88,1366.24,1376.79,1391.32,1406.49,1416.74,1412.64,1400.74,1392.59,1394.68,1412.89,1434.94,1434.78,1413.10,1390.59,1369.03,1350.84,1342.34,1340.90,1330.00,1317.60,1308.54,1306.70,1313.85,1322.35,1333.26,1334.23,1336.73,1344.06,1355.62,1368.78,1385.18,1404.53,1419.74,1436.09,1451.68,1461.52,1467.33,1473.59,1479.95,1482.44,1487.01,1498.59,1524.29,1542.22,1555.72,1567.48,1558.69,1542.52,1528.15,1514.81,1506.68,1503.71,1497.07,1487.99,1479.51,1484.60,1496.37,1507.22,1510.13,1514.41,1530.67,1538.46,1546.66,1558.91,1569.07,1578.11,1588.32,1598.61,1607.97,1616.78,1624.32,1627.13,1627.16,1632.40,1630.49,1616.98,1597.26,1579.85,1566.72,1553.24,1546.95,1543.61,1542.71,1542.30,1537.90,1529.41,1525.68,1533.76,1544.08,1554.57,1567.50,1582.73,1601.74,1617.00,1632.39,1642.54,1648.60,1647.24,1643.15,1635.16,1627.62,1618.57,1611.53,1602.11,1594.36,1584.40
1565.11,1559.41,1561.27,1563.09,1559.95,1562.63,1566.27,1567.74,1568.93,1569.75,1569.80,1569.63,1568.07,1563.20,1558.54,1560.59,1560.37,1557.77,1559.97,1562.64,1565.31,1567.79,1568.74,1568.74,1566.64,1562.22,1556.11,1552.14,1548.89,1547.59,1547.96,1549.19,1551.41,1555.59,1559.36,1563.06,1566.30,1568.93,1570.90,1574.43,1578.36,1582.13,1585.23,1587.38,1589.62,1593.02,1595.03,1595.87,1596.09,1596.55,1597.50,1598.22,1599.46,1600.23,1600.83,1602.14,1603.87,1605.66,1607.86,1610.19,1612.30,1614.87,1618.03,1620.92,1624.80,1628.61,1630.03,1630.01,1627.85,1623.62,1621.68,1626.59,1633.27,1640.63,1648.50,1658.28,1670.01,1680.38,1687.13,1691.52,1691.45,1692.88,1695.87,1696.95,1694.54,1688.79,1683.08,1681.08,1682.03,1679.70,1666.45,1652.52,1639.59,1626.60,1615.62,1604.58,1588.46,1569.84,1557.48,1553.46,1559.36,1565.41,1569.08,1568.66,1568.47,1565.90,1557.69,1543.50,1533.45,1525.38,1510.97,1494.10,1477.77,1461.58,1446.43,1436.49,1428.17,1417.44,1412.75,1418.43,1431.64,1447.76,1448.53,1433.55,1414.36,1391.14,1381.63,1383.75,1392.20,1403.12,1401.38,1398.25,1410.37,1422.96,1424.87,1421.47,1422.16,1423.81,1420.38,1425.38,1426.64,1425.31,1426.59,1432.07,1428.96,1414.49,1393.81,1375.80,1359.77,1357.33,1362.78,1370.08,1382.21,1396.88,1404.39,1395.94,1386.13,1380.41,1391.60,1413.28,1433.44,1434.24,1409.24,1388.30,1372.11,1351.84,1334.45,1325.28,1318.73,1309.40,1301.96,1306.94,1315.72,1322.89,1326.57,1333.32,1343.05,1357.35,1374.30,1387.26,1396.39,1416.27,1433.86,1443.36,1449.34,1453.23,1454.32,1457.24,1462.85,1464.37,1465.62,1485.22,1510.93,1533.66,1546.16,1560.55,1555.18,1538.29,1523.03,1511.02,1497.13,1491.45,1487.70,1478.88,1472.97,1480.99,1489.98,1495.47,1499.14,1513.64,1531.72,1541.34,1550.64,1561.69,1571.07,1578.84,1587.74,1598.53,1611.55,1619.62,1620.61,1614.15,1612.16,1619.50,1620.69,1612.88,1596.99,1575.90,1559.68,1544.29,1536.88,1535.86,1534.18,1533.71,1529.91,1521.80,1521.57,1528.71,1540.13,1554.26,1568.78,1583.53,1602.75,1620.63,1632.92,1637.95,1640.04,1638.13,1633.50,1624.27,1617.52,1611.38,1603.37,1589.07,1582.01,1575.17
1558.31,1553.45,1553.39,1554.95,1553.54,1556.15,1559.36,1560.68,1561.41,1561.65,1561.34,1560.44,1558.99,1554.97,1552.25,1553.20,1552.78,1553.86,1555.19,1556.21,1557.96,1559.36,1559.24,1557.80,1554.57,1550.62,1547.44,1546.14,1546.10,1547.18,1549.30,1552.26,1555.82,1559.93,1563.96,1567.83,1571.33,1574.86,1577.78,1580.50,1583.61,1586.65,1589.27,1591.78,1594.54,1597.14,1598.68,1600.08,1600.72,1602.70,1605.59,1607.47,1608.48,1607.93,1606.05,1604.83,1604.54,1605.77,1607.98,1610.70,1613.07,1616.06,1619.30,1623.01,1624.73,1623.83,1623.11,1622.01,1619.77,1617.82,1619.63,1625.97,1633.76,1642.43,1651.22,1661.38,1672.37,1681.50,1686.84,1690.62,1690.70,1691.58,1693.91,1694.47,1693.06,1692.09,1689.81,1687.26,1684.28,1679.12,1669.05,1656.17,1649.02,1637.94,1620.30,1603.30,1587.41,1571.34,1561.64,1558.52,1563.08,1573.81,1585.06,1589.65,1593.52,1583.66,1571.00,1558.93,1541.38,1525.74,1506.77,1488.56,1473.85,1460.55,1450.99,1440.71,1430.36,1418.83,1411.52,1409.11,1420.87,1437.37,1443.07,1432.28,1411.96,1390.63,1378.78,1379.36,1387.57,1393.97,1392.95,1396.57,1411.19,1416.85,1412.37,1403.99,1408.56,1411.17,1402.00,1405.87,1408.99,1404.89,1406.81,1420.49,1422.42,1406.53,1386.56,1371.17,1354.51,1350.39,1357.76,1365.51,1375.08,1385.52,1388.99,1381.73,1372.02,1376.24,1392.35,1414.26,1431.94,1429.00,1407.28,1385.76,1369.50,1350.58,1332.60,1317.27,1303.98,1294.49,1300.27,1306.66,1313.42,1319.78,1332.09,1346.99,1360.08,1375.25,1390.81,1404.50,1414.97,1428.92,1440.88,1442.81,1437.46,1433.38,1435.90,1441.68,1446.76,1446.74,1455.46,1478.97,1504.82,1526.59,1540.17,1554.13,1546.89,1531.10,1517.42,1504.30,1490.19,1483.52,1480.32,1471.61,1469.24,1475.64,1483.10,1490.89,1499.32,1515.00,1530.20,1539.96,1548.23,1557.21,1566.04,1575.25,1586.62,1600.92,1613.50,1615.86,1606.56,1592.76,1593.56,1604.93,1604.15,1596.12,1584.28,1569.99,1552.49,1541.37,1529.56,1528.22,1527.68,1527.16,1522.51,1516.68,1520.20,1529.18,1546.00,1562.30,1575.09,1590.19,1608.96,1622.42,1630.07,1631.36,1630.21,1629.55,1624.47,1615.91,1609.95,1602.95,1591.30,1576.85,1571.29,1568.80
1551.94,1548.59,1547.82,1548.53,1548.25,1549.62,1550.92,1551.12,1552.47,1553.62,1552.97,1550.84,1548.93,1547.86,1547.57,1548.21,1548.47,1550.45,1550.34,1551.23,1552.16,1551.37,1549.09,1547.38,1545.49,1544.14,1544.26,1546.09,1547.75,1549.55,1553.54,1557.37,1560.91,1565.29,1569.39,1573.36,1577.05,1580.85,1583.96,1586.72,1589.75,1593.81,1597.52,1600.56,1602.41,1603.65,1606.03,1609.41,1612.09,1613.46,1614.28,1615.88,1616.40,1615.19,1612.36,1609.18,1607.73,1607.36,1608.18,1610.47,1613.39,1615.96,1619.71,1622.12,1620.44,1617.69,1616.32,1614.30,1612.79,1614.03,1618.07,1624.37,1633.27,1643.32,1652.87,1663.51,1673.17,1681.58,1685.26,1688.99,1689.96,1690.38,1691.82,1691.79,1690.75,1691.01,1691.06,1688.67,1683.54,1678.28,1672.00,1659.40,1648.91,1635.83,1617.92,1597.47,1583.33,1573.56,1568.51,1565.37,1566.19,1579.83,1592.50,1599.07,1607.72,1605.39,1588.79,1561.39,1539.38,1521.98,1503.91,1489.72,1477.28,1465.62,1456.01,1444.34,1432.31,1421.82,1412.28,1405.25,1411.39,1426.44,1435.21,1430.68,1414.74,1392.33,1378.33,1375.47,1380.09,1383.87,1387.22,1395.16,1404.08,1404.03,1394.66,1388.10,1395.47,1396.63,1388.68,1390.70,1390.91,1387.24,1390.99,1406.48,1411.50,1394.95,1378.41,1361.81,1347.65,1342.82,1350.04,1361.68,1370.90,1373.41,1370.56,1364.79,1363.21,1375.73,1395.46,1414.94,1428.37,1421.24,1404.24,1383.74,1369.76,1357.13,1335.49,1314.84,1294.62,1293.81,1303.09,1307.74,1313.05,1322.69,1343.29,1356.72,1368.80,1381.53,1397.30,1417.42,1432.14,1437.91,1438.56,1432.39,1419.88,1414.54,1422.64,1429.93,1431.80,1437.96,1455.97,1475.59,1501.00,1521.46,1538.06,1551.77,1538.51,1523.91,1511.70,1498.59,1485.16,1476.90,1471.61,1465.23,1469.88,1478.56,1491.01,1500.70,1508.20,1517.07,1528.84,1541.33,1548.67,1558.61,1569.27,1579.95,1590.86,1606.87,1611.55,1602.18,1584.13,1574.56,1578.95,1584.97,1582.35,1575.23,1573.69,1562.95,1546.69,1537.18,1526.57,1521.98,1522.70,1522.03,1518.11,1512.70,1518.75,1531.03,1548.30,1566.07,1580.56,1595.87,1611.08,1620.34,1623.62,1622.48,1621.00,1620.27,1616.51,1608.83,1601.17,1590.14,1577.43,1567.04,1562.63,1567.74
1547.76,1545.72,1544.50,1545.08,1544.42,1544.32,1544.46,1544.52,1545.53,1546.32,1545.84,1544.15,1543.19,1543.44,1544.36,1545.14,1546.64,1547.46,1546.20,1546.09,1545.88,1544.44,1542.74,1541.45,1542.24,1545.34,1548.24,1550.86,1553.48,1557.48,1561.31,1564.44,1567.84,1573.12,1578.52,1581.54,1585.65,1590.17,1591.54,1595.64,1600.15,1604.42,1607.65,1610.29,1611.87,1612.89,1614.82,1617.39,1620.11,1621.30,1621.88,1623.62,1624.80,1623.21,1620.02,1615.68,1611.81,1610.00,1609.84,1611.83,1614.46,1616.43,1619.18,1619.14,1614.97,1611.57,1609.27,1607.18,1608.26,1612.27,1616.69,1622.64,1631.39,1641.31,1652.18,1665.46,1675.07,1681.38,1684.21,1687.39,1688.32,1688.34,1689.39,1689.76,1689.41,1689.60,1689.55,1687.07,1682.55,1677.94,1672.09,1659.06,1644.31,1626.50,1610.20,1597.73,1589.66,1584.22,1582.06,1576.47,1572.96,1578.98,1590.07,1599.87,1615.25,1610.72,1590.18,1561.79,1540.13,1523.47,1505.78,1492.98,1479.34,1467.41,1457.00,1447.29,1439.07,1428.77,1415.97,1405.93,1400.79,1411.75,1424.77,1427.02,1416.96,1397.60,1380.59,1371.75,1373.28,1375.66,1379.67,1387.03,1392.01,1391.82,1383.35,1379.65,1384.96,1385.76,1379.05,1376.42,1377.26,1377.28,1381.21,1389.55,1394.99,1385.26,1373.28,1356.71,1342.62,1336.75,1340.14,1354.22,1359.07,1355.60,1351.05,1350.52,1359.16,1375.51,1396.39,1414.72,1422.35,1414.26,1401.73,1388.07,1373.96,1357.30,1334.24,1311.04,1292.12,1296.94,1303.94,1307.56,1310.33,1323.48,1342.53,1353.66,1367.81,1382.22,1398.80,1419.58,1427.83,1424.76,1420.00,1415.06,1405.55,1405.09,1411.29,1411.38,1417.84,1433.40,1452.73,1471.14,1495.21,1518.87,1539.39,1549.93,1534.84,1519.63,1505.66,1491.57,1480.18,1470.55,1463.93,1459.91,1468.98,1483.32,1496.10,1504.61,1512.31,1520.65,1530.15,1542.90,1553.16,1561.95,1570.63,1579.38,1587.57,1601.66,1603.70,1585.83,1568.59,1558.18,1561.14,1565.07,1565.35,1559.18,1561.23,1557.20,1543.67,1531.85,1521.51,1513.12,1516.12,1514.86,1509.14,1506.44,1516.03,1528.79,1543.42,1561.26,1577.62,1590.80,1606.14,1614.94,1613.86,1610.31,1609.68,1608.94,1605.65,1597.92,1585.78,1575.40,1565.67,1557.63,1558.22,1567.67
1544.03,1542.70,1541.41,1541.76,1541.08,1539.95,1539.75,1539.91,1540.28,1540.32,1540.13,1539.30,1539.23,1540.37,1541.67,1542.86,1544.62,1544.30,1542.50,1541.23,1540.26,1539.97,1541.11,1544.11,1548.28,1552.76,1557.08,1560.62,1564.87,1569.38,1572.64,1576.17,1580.29,1585.50,1591.51,1594.80,1598.29,1602.68,1605.03,1610.36,1614.89,1617.71,1619.69,1622.82,1625.77,1626.11,1624.92,1628.91,1632.72,1634.93,1636.04,1636.87,1637.26,1634.79,1630.25,1624.27,1617.97,1614.79,1615.37,1617.58,1619.80,1619.94,1619.30,1615.67,1611.16,1604.24,1599.60,1601.83,1606.29,1611.00,1615.81,1621.70,1629.56,1641.42,1653.60,1667.04,1676.16,1681.09,1683.61,1685.56,1685.27,1685.06,1685.76,1685.55,1684.82,1685.28,1685.09,1683.10,1680.61,1677.41,1673.25,1664.04,1649.61,1630.24,1614.55,1608.57,1604.77,1600.46,1596.43,1593.21,1591.80,1586.30,1588.22,1601.47,1618.39,1614.06,1594.95,1571.72,1547.71,1529.31,1508.87,1494.76,1482.52,1470.22,1461.28,1452.77,1444.33,1432.18,1421.09,1411.26,1400.13,1396.72,1409.47,1418.35,1414.79,1401.63,1382.68,1369.61,1367.17,1369.61,1373.54,1376.57,1376.62,1375.16,1372.64,1369.43,1375.91,1377.19,1368.49,1363.32,1364.45,1366.10,1371.46,1379.94,1382.61,1378.16,1367.29,1352.06,1338.89,1332.11,1334.01,1343.41,1349.87,1344.60,1336.95,1343.32,1357.93,1375.73,1395.33,1412.59,1414.24,1404.27,1390.70,1381.18,1366.75,1346.25,1326.24,1306.10,1288.66,1297.69,1302.59,1304.72,1308.27,1323.69,1339.19,1350.69,1363.69,1380.26,1397.59,1411.07,1412.81,1409.72,1406.82,1401.52,1393.44,1394.37,1395.08,1400.26,1415.32,1433.30,1451.24,1469.39,1493.63,1515.91,1535.26,1545.70,1532.35,1516.18,1499.55,1484.88,1472.29,1462.87,1454.84,1456.69,1471.39,1485.84,1496.31,1505.36,1512.97,1519.42,1528.00,1536.90,1544.64,1548.62,1555.62,1563.09,1577.77,1592.60,1594.76,1578.92,1556.47,1541.11,1538.00,1543.38,1545.99,1541.69,1547.70,1553.14,1540.46,1526.55,1516.25,1505.84,1508.53,1504.29,1497.65,1502.38,1514.12,1526.31,1539.85,1555.69,1569.87,1586.10,1599.86,1604.78,1601.54,1598.68,1598.15,1593.35,1590.13,1583.38,1570.55,1563.41,1554.59,1551.82,1557.22,1565.96
1540.43,1540.05,1539.13,1538.88,1538.67,1537.77,1537.74,1538.03,1538.11,1537.83,1537.50,1536.87,1537.00,1538.00,1539.35,1541.02,1542.19,1541.22,1539.15,1539.09,1541.19,1544.96,1549.39,1554.04,1559.08,1564.71,1569.81,1574.95,1580.22,1584.55,1588.71,1591.63,1595.34,1600.87,1607.23,1610.06,1609.29,1612.36,1619.04,1626.68,1633.94,1639.17,1640.52,1642.45,1646.63,1642.88,1636.33,1637.22,1642.95,1648.50,1652.14,1653.17,1652.59,1648.92,1639.10,1629.91,1620.99,1616.28,1617.85,1621.63,1624.93,1625.18,1622.23,1615.96,1606.91,1597.14,1594.86,1599.13,1604.08,1610.61,1616.99,1624.44,1632.71,1644.45,1658.14,1668.43,1675.54,1680.13,1682.41,1683.27,1682.16,1681.74,1681.65,1680.58,1679.75,1679.94,1680.00,1679.55,1678.56,1676.34,1672.92,1664.23,1647.99,1634.38,1628.50,1624.70,1618.76,1613.22,1611.20,1609.39,1607.93,1602.11,1596.73,1603.28,1617.50,1621.17,1608.63,1589.10,1561.01,1540.07,1514.36,1498.60,1489.64,1482.12,1473.82,1463.93,1450.97,1435.50,1423.73,1414.46,1404.44,1391.92,1394.01,1406.48,1408.71,1399.69,1384.47,1370.71,1364.07,1363.10,1363.84,1366.00,1365.14,1363.90,1361.44,1358.11,1360.86,1363.02,1356.09,1351.99,1350.55,1355.87,1363.97,1368.02,1370.76,1366.01,1356.69,1345.39,1334.77,1324.79,1324.98,1333.41,1342.24,1335.96,1329.75,1342.02,1357.50,1375.60,1394.73,1406.91,1403.73,1393.30,1377.32,1369.49,1361.53,1346.84,1327.32,1300.62,1285.64,1293.36,1298.75,1302.44,1307.35,1319.68,1332.97,1346.21,1358.48,1375.98,1395.00,1400.42,1396.68,1394.78,1392.42,1387.64,1381.74,1382.77,1395.29,1410.89,1427.19,1446.34,1463.44,1478.30,1492.54,1507.96,1522.69,1535.41,1529.37,1514.40,1497.05,1481.46,1467.70,1456.28,1447.24,1455.08,1471.26,1485.02,1494.52,1502.79,1506.29,1507.20,1511.42,1515.34,1523.93,1530.02,1539.12,1549.65,1571.05,1586.59,1584.88,1570.31,1553.77,1534.15,1521.24,1523.04,1526.70,1526.48,1539.97,1547.87,1536.28,1522.70,1509.41,1499.30,1500.35,1491.74,1491.78,1501.59,1513.87,1525.06,1535.18,1549.01,1565.69,1578.43,1590.80,1593.63,1586.45,1581.35,1582.36,1576.97,1576.30,1569.60,1557.76,1550.84,1545.94,1549.78,1555.97,1562.93
1538.07,1537.91,1537.28,1536.64,1536.28,1535.88,1535.94,1536.43,1536.45,1536.00,1535.45,1535.44,1535.90,1536.34,1537.14,1538.46,1538.89,1538.62,1539.23,1542.30,1546.31,1551.56,1556.94,1562.92,1570.14,1577.69,1584.49,1588.76,1594.55,1600.06,1603.92,1607.37,1610.97,1614.06,1618.66,1622.36,1623.27,1626.37,1632.56,1643.98,1652.07,1656.86,1658.23,1661.54,1660.85,1653.67,1646.08,1646.37,1653.80,1661.32,1664.68,1663.53,1659.88,1652.04,1641.31,1627.86,1617.10,1612.95,1615.82,1620.76,1624.21,1623.39,1618.09,1610.98,1598.47,1589.42,1591.47,1596.56,1603.20,1611.24,1618.34,1627.62,1638.48,1650.50,1661.72,1670.79,1675.66,1678.45,1680.56,1680.76,1679.25,1678.01,1677.10,1676.43,1676.05,1675.56,1676.17,1676.81,1677.01,1675.41,1672.31,1663.54,1655.42,1651.98,1647.39,1639.50,1630.72,1626.05,1624.64,1623.25,1622.81,1615.45,1609.63,1609.98,1619.76,1629.02,1619.62,1602.75,1576.43,1553.19,1528.72,1510.11,1501.67,1494.26,1484.00,1469.57,1455.08,1441.92,1427.32,1415.32,1405.08,1393.50,1386.36,1391.35,1395.84,1389.77,1380.98,1370.40,1362.54,1357.49,1355.44,1353.78,1352.22,1352.33,1348.35,1347.68,1347.18,1346.21,1343.56,1340.45,1337.80,1341.49,1350.43,1354.78,1357.41,1350.01,1340.76,1338.16,1331.66,1319.97,1317.28,1322.44,1333.21,1326.76,1325.91,1340.41,1357.02,1376.13,1394.37,1399.45,1393.38,1383.74,1366.22,1355.08,1355.57,1350.81,1333.29,1302.53,1285.13,1285.02,1293.30,1298.18,1303.19,1313.90,1329.43,1344.34,1357.92,1375.18,1388.27,1387.39,1379.37,1375.51,1376.25,1374.57,1375.72,1388.49,1405.31,1420.53,1435.25,1452.12,1461.54,1469.58,1482.24,1497.07,1507.60,1524.16,1522.02,1506.91,1490.01,1474.47,1461.97,1449.56,1441.07,1451.23,1468.65,1482.02,1491.34,1498.84,1496.08,1492.84,1494.51,1495.98,1503.62,1513.20,1527.67,1543.13,1557.60,1577.52,1577.74,1564.34,1549.62,1532.24,1514.78,1507.53,1509.81,1516.71,1532.63,1536.42,1527.81,1514.35,1500.81,1491.59,1486.85,1482.88,1491.08,1501.49,1513.29,1522.32,1531.23,1542.73,1555.62,1566.52,1580.17,1582.78,1574.74,1566.21,1566.22,1562.73,1560.99,1555.08,1546.01,1540.68,1542.66,1550.11,1556.14,1562.07
1536.03,1535.82,1535.23,1534.72,1534.15,1533.93,1534.23,1534.82,1534.85,1534.60,1535.44,1536.84,1537.64,1537.91,1537.76,1538.41,1540.01,1539.57,1541.18,1546.10,1551.28,1557.42,1564.12,1571.13,1578.30,1587.52,1593.96,1597.69,1603.08,1607.76,1612.35,1615.19,1618.42,1622.56,1627.26,1630.98,1635.02,1640.41,1646.77,1653.68,1664.06,1670.63,1673.95,1675.82,1669.79,1661.40,1655.39,1657.90,1666.74,1674.01,1673.82,1666.48,1655.63,1646.59,1634.75,1621.08,1611.00,1606.84,1610.80,1617.60,1620.50,1615.20,1607.16,1598.17,1587.70,1584.35,1589.04,1595.11,1603.41,1612.39,1619.95,1630.70,1641.70,1653.32,1664.56,1672.01,1673.38,1674.67,1676.76,1676.99,1675.47,1673.82,1672.24,1670.48,1669.62,1669.52,1671.07,1673.44,1675.25,1674.71,1672.79,1669.71,1667.78,1663.52,1658.47,1649.46,1639.26,1634.63,1633.28,1633.56,1633.48,1627.73,1619.97,1623.36,1628.16,1631.28,1618.59,1602.90,1581.79,1559.75,1539.86,1522.90,1511.02,1499.67,1486.85,1472.73,1458.09,1444.35,1426.66,1414.46,1406.46,1398.68,1389.25,1381.63,1382.27,1377.86,1371.79,1366.26,1361.49,1355.53,1350.26,1345.99,1340.34,1337.36,1333.07,1330.69,1330.44,1332.43,1333.90,1333.06,1327.46,1327.97,1329.58,1334.48,1337.89,1332.22,1325.04,1327.64,1325.24,1317.26,1312.76,1317.81,1322.84,1318.36,1322.93,1338.14,1356.61,1376.15,1390.92,1390.38,1379.26,1368.11,1357.15,1342.34,1339.71,1342.50,1332.82,1307.85,1286.04,1277.98,1285.67,1292.65,1298.57,1309.61,1327.39,1345.06,1359.14,1372.45,1375.02,1371.82,1364.81,1362.30,1361.99,1364.08,1376.54,1393.19,1406.03,1415.59,1426.10,1435.90,1442.56,1456.73,1469.63,1483.36,1500.46,1521.00,1518.02,1498.46,1480.28,1465.31,1454.74,1444.85,1436.92,1446.15,1464.38,1477.60,1487.00,1491.53,1486.24,1479.22,1481.59,1492.97,1504.38,1515.54,1529.21,1543.79,1558.57,1570.74,1567.50,1564.29,1550.45,1532.93,1516.19,1498.09,1494.64,1504.31,1519.50,1522.46,1516.65,1505.04,1493.04,1482.45,1477.43,1481.93,1490.75,1500.24,1509.86,1516.85,1523.77,1530.61,1539.94,1557.97,1571.27,1571.29,1565.78,1555.26,1551.02,1547.68,1547.21,1544.39,1536.25,1534.11,1542.49,1550.80,1556.98,1562.92
1534.61,1534.07,1533.58,1533.10,1532.51,1532.37,1532.88,1533.58,1534.29,1535.73,1537.43,1538.66,1539.95,1541.25,1541.99,1541.55,1538.42,1536.42,1541.83,1548.62,1555.85,1563.41,1572.16,1580.64,1588.82,1595.79,1600.98,1603.80,1608.48,1612.77,1616.70,1619.80,1623.75,1628.76,1634.09,1639.84,1645.92,1653.50,1661.03,1666.63,1671.96,1677.38,1681.21,1681.04,1674.44,1666.36,1663.24,1667.71,1674.59,1679.61,1675.88,1663.76,1647.64,1635.56,1625.21,1614.33,1605.10,1600.01,1604.21,1612.40,1613.98,1605.32,1593.57,1584.71,1579.03,1579.52,1584.77,1591.32,1599.34,1611.07,1621.22,1633.83,1646.11,1655.59,1665.39,1669.21,1667.85,1669.24,1672.08,1672.39,1671.20,1669.14,1666.36,1662.98,1660.09,1660.47,1663.61,1668.01,1671.59,1671.29,1670.20,1671.11,1670.16,1666.64,1662.21,1655.42,1646.13,1639.76,1638.33,1639.45,1639.07,1634.94,1630.34,1632.54,1635.07,1630.41,1610.30,1592.09,1570.95,1551.45,1534.89,1518.04,1502.88,1491.67,1479.71,1466.14,1452.96,1438.32,1423.51,1416.85,1412.66,1403.80,1391.52,1380.03,1373.85,1371.02,1367.64,1362.96,1358.22,1354.99,1351.19,1344.82,1339.62,1335.18,1331.78,1330.03,1324.14,1320.65,1322.15,1317.04,1313.24,1316.54,1321.53,1321.18,1320.65,1318.43,1312.90,1311.37,1310.79,1310.05,1308.46,1313.41,1314.31,1311.33,1319.84,1335.67,1356.38,1375.66,1384.03,1383.99,1369.56,1352.95,1343.10,1335.16,1324.15,1328.30,1323.74,1307.53,1286.22,1274.88,1281.53,1288.52,1295.41,1306.66,1324.77,1343.70,1355.60,1360.10,1355.87,1351.75,1350.15,1350.06,1350.55,1360.25,1370.98,1381.92,1389.97,1398.72,1407.52,1416.43,1426.74,1441.24,1456.65,1477.67,1503.38,1521.83,1517.91,1499.89,1481.11,1463.57,1449.40,1439.03,1433.13,1441.27,1458.18,1471.91,1480.20,1482.43,1476.92,1470.82,1481.13,1494.65,1507.12,1520.80,1537.46,1554.19,1570.01,1560.98,1551.29,1551.62,1548.52,1534.25,1510.74,1492.37,1487.18,1493.01,1500.50,1507.24,1507.11,1498.89,1488.36,1475.83,1473.26,1482.63,1489.44,1496.58,1503.91,1509.52,1514.26,1520.43,1535.04,1551.91,1560.16,1555.00,1552.58,1544.90,1541.08,1537.71,1533.97,1532.08,1527.73,1533.32,1543.65,1551.41,1558.37,1565.65
1535.14,1535.19,1534.52,1532.85,1531.82,1532.12,1533.76,1535.48,1536.87,1538.64,1540.44,1542.61,1545.30,1544.34,1541.39,1536.97,1532.12,1533.12,1543.77,1551.89,1560.16,1570.04,1581.99,1593.17,1600.22,1603.65,1606.89,1608.66,1612.51,1615.90,1619.14,1622.47,1626.80,1632.07,1637.31,1644.44,1652.16,1659.63,1667.58,1672.27,1674.28,1677.34,1681.07,1678.77,1672.79,1668.01,1667.02,1669.74,1674.33,1676.64,1672.41,1659.27,1641.57,1628.21,1618.11,1606.03,1597.73,1593.98,1598.12,1606.63,1608.08,1597.33,1584.59,1575.68,1571.97,1575.45,1581.63,1589.90,1599.39,1610.75,1622.03,1635.08,1645.78,1653.16,1657.50,1656.81,1654.91,1656.11,1663.20,1666.82,1665.95,1663.16,1659.19,1653.86,1650.71,1651.10,1656.66,1662.44,1666.28,1666.34,1665.18,1667.02,1667.02,1663.24,1659.57,1654.85,1649.42,1645.28,1643.30,1641.78,1639.76,1636.84,1634.13,1635.42,1636.55,1630.19,1613.10,1591.83,1570.03,1547.69,1527.19,1507.27,1493.03,1480.76,1467.11,1454.80,1445.01,1435.09,1427.20,1421.12,1414.18,1402.53,1395.45,1389.37,1378.63,1368.55,1362.80,1360.74,1355.88,1351.57,1347.54,1343.26,1341.00,1338.99,1336.01,1333.08,1327.23,1319.15,1314.71,1310.70,1307.60,1304.49,1307.12,1308.94,1308.66,1306.92,1304.33,1301.37,1301.26,1303.57,1304.55,1309.08,1307.46,1302.07,1310.83,1331.77,1351.58,1371.73,1377.72,1378.04,1367.97,1354.15,1334.03,1321.66,1310.07,1310.75,1308.97,1295.72,1280.22,1270.43,1278.33,1285.94,1293.65,1304.44,1320.88,1336.25,1342.85,1342.37,1339.15,1337.46,1338.10,1340.47,1346.12,1356.53,1369.89,1378.82,1383.04,1391.47,1401.68,1412.41,1424.70,1443.58,1465.90,1486.74,1507.70,1521.32,1514.56,1499.29,1482.30,1465.59,1448.62,1434.94,1429.16,1436.92,1450.94,1463.81,1471.21,1471.90,1465.71,1463.37,1474.74,1487.07,1500.72,1516.40,1536.14,1555.03,1571.49,1552.98,1537.24,1534.76,1533.17,1521.50,1502.09,1487.37,1481.53,1483.35,1487.82,1495.94,1495.71,1489.55,1481.37,1469.03,1470.89,1481.56,1485.08,1490.54,1496.05,1499.35,1504.60,1517.98,1535.02,1546.95,1546.52,1540.92,1538.87,1535.25,1529.64,1527.06,1521.45,1519.37,1526.87,1535.53,1543.27,1550.90,1559.70,1570.49
1536.87,1537.27,1536.93,1534.75,1531.95,1533.40,1536.18,1538.13,1540.53,1544.77,1547.89,1549.01,1545.32,1537.84,1532.93,1529.58,1527.93,1536.39,1547.00,1555.91,1564.25,1576.24,1589.41,1600.19,1606.11,1609.48,1610.44,1611.57,1614.46,1617.07,1619.53,1623.36,1627.72,1632.64,1638.32,1645.48,1653.07,1660.94,1667.39,1668.93,1667.67,1669.25,1671.82,1670.04,1667.08,1663.97,1664.62,1668.16,1671.95,1673.35,1668.97,1653.99,1637.83,1623.40,1610.96,1598.46,1592.11,1587.74,1591.58,1598.13,1598.52,1588.78,1576.64,1567.84,1566.35,1571.27,1578.93,1589.55,1600.21,1610.77,1622.35,1635.90,1643.40,1645.00,1644.30,1642.82,1641.52,1643.86,1651.97,1660.33,1660.50,1657.70,1652.97,1645.90,1641.07,1641.77,1648.61,1655.67,1660.15,1659.98,1658.91,1661.43,1662.50,1660.10,1656.57,1652.88,1648.89,1644.01,1640.55,1637.99,1635.99,1634.23,1632.61,1633.55,1635.91,1630.17,1613.48,1592.27,1570.15,1547.30,1525.84,1506.32,1491.40,1479.29,1465.56,1453.59,1445.78,1439.78,1430.79,1421.72,1413.94,1409.17,1404.23,1396.71,1388.53,1377.81,1367.75,1359.74,1356.14,1354.23,1351.28,1349.55,1347.22,1343.19,1339.40,1335.34,1330.63,1324.25,1317.92,1313.88,1311.25,1305.87,1299.87,1298.36,1298.06,1297.27,1296.62,1295.87,1295.60,1297.91,1299.77,1303.36,1302.51,1297.35,1305.45,1325.77,1345.83,1363.78,1370.70,1370.80,1361.14,1347.74,1328.43,1306.19,1295.69,1293.93,1292.63,1281.12,1269.73,1267.84,1276.35,1284.35,1291.49,1300.71,1312.36,1321.65,1325.35,1324.97,1325.01,1328.20,1334.46,1343.19,1348.55,1362.13,1379.19,1392.09,1399.12,1407.16,1419.62,1430.55,1441.22,1449.23,1469.02,1490.56,1509.14,1518.78,1506.68,1491.06,1477.59,1463.34,1448.65,1433.35,1425.72,1433.14,1443.73,1454.11,1457.70,1457.06,1452.97,1456.20,1472.05,1488.39,1502.52,1519.57,1538.20,1557.09,1567.84,1550.43,1530.90,1514.62,1512.23,1506.84,1492.39,1481.67,1475.89,1475.04,1481.13,1488.46,1483.80,1478.24,1472.07,1463.09,1467.27,1474.76,1478.28,1484.54,1487.28,1494.81,1505.12,1517.06,1531.52,1535.73,1532.93,1530.62,1526.02,1523.71,1518.95,1516.73,1512.52,1516.66,1528.76,1535.84,1542.86,1552.09,1561.07,1573.04
1538.52,1539.20,1539.44,1536.57,1532.39,1535.56,1539.09,1542.28,1547.63,1552.19,1553.56,1549.80,1540.04,1530.09,1526.04,1525.03,1530.10,1541.64,1550.24,1560.30,1569.10,1581.19,1593.10,1602.47,1609.27,1611.29,1611.80,1612.74,1614.69,1616.85,1619.37,1623.18,1627.59,1632.45,1637.96,1643.10,1648.97,1656.54,1660.31,1658.55,1654.79,1656.67,1660.30,1661.59,1660.07,1658.28,1660.70,1663.76,1667.48,1669.57,1666.26,1653.92,1638.43,1622.46,1610.61,1597.13,1586.37,1580.55,1581.65,1587.45,1588.84,1580.02,1567.63,1560.08,1561.11,1566.98,1576.04,1587.92,1599.36,1609.78,1620.80,1631.73,1636.38,1633.33,1629.86,1629.03,1629.71,1638.05,1646.40,1653.35,1655.78,1653.10,1648.33,1641.00,1632.19,1632.02,1638.45,1647.17,1652.75,1650.28,1649.83,1654.11,1655.84,1654.01,1651.81,1650.68,1646.10,1640.45,1636.30,1633.63,1632.40,1630.98,1628.78,1629.91,1633.31,1630.07,1610.72,1592.02,1571.17,1549.86,1528.91,1512.59,1498.49,1486.95,1474.70,1463.04,1452.23,1442.60,1430.86,1423.90,1423.87,1423.05,1416.21,1404.81,1395.48,1388.36,1380.00,1371.73,1364.89,1359.59,1355.95,1353.65,1350.34,1345.63,1341.03,1336.30,1332.08,1327.30,1320.93,1316.86,1313.55,1310.00,1302.62,1296.93,1293.94,1293.54,1292.86,1291.42,1290.54,1291.76,1292.28,1296.41,1296.95,1292.17,1301.65,1321.50,1339.91,1354.00,1358.02,1362.26,1351.49,1333.42,1319.50,1305.12,1286.28,1279.68,1276.58,1268.33,1262.63,1267.02,1275.37,1282.78,1287.78,1294.70,1302.64,1308.08,1311.26,1313.84,1323.33,1336.83,1347.05,1357.81,1363.54,1365.80,1376.75,1391.21,1405.55,1420.20,1433.11,1448.37,1456.12,1464.51,1472.55,1492.20,1508.36,1514.00,1504.09,1488.99,1474.07,1457.91,1442.94,1429.99,1420.67,1428.51,1436.02,1441.28,1442.32,1441.82,1443.18,1455.68,1473.30,1489.09,1505.64,1527.32,1546.68,1561.16,1562.08,1546.93,1528.49,1511.60,1499.16,1492.45,1485.65,1477.44,1470.04,1468.55,1474.29,1480.34,1475.53,1467.08,1460.25,1457.16,1462.25,1468.41,1472.62,1476.60,1483.58,1494.97,1504.30,1511.17,1518.39,1519.15,1517.87,1512.95,1510.21,1511.81,1509.52,1507.83,1508.01,1517.94,1528.38,1536.25,1545.60,1555.56,1564.15,1573.61
1540.55,1541.74,1541.81,1537.80,1532.35,1536.58,1542.07,1547.36,1553.31,1557.69,1554.75,1545.53,1534.74,1525.65,1521.68,1526.70,1537.54,1545.56,1553.99,1563.69,1573.84,1586.38,1597.45,1605.63,1611.58,1613.36,1613.37,1613.18,1614.47,1616.73,1619.46,1623.53,1628.07,1632.87,1634.91,1636.86,1642.33,1645.99,1645.16,1641.07,1637.11,1638.92,1645.51,1649.32,1649.93,1651.83,1655.49,1657.98,1661.10,1663.73,1663.21,1654.48,1638.92,1623.67,1611.38,1596.58,1582.70,1575.70,1572.63,1575.94,1579.44,1570.89,1557.96,1552.61,1556.66,1563.76,1573.27,1585.48,1597.27,1607.02,1615.32,1619.97,1620.53,1617.57,1615.30,1616.78,1622.18,1634.84,1643.62,1649.13,1651.54,1649.40,1645.62,1638.16,1627.23,1623.01,1629.16,1637.08,1642.56,1639.14,1637.43,1642.75,1644.54,1642.49,1642.50,1643.85,1640.67,1635.79,1631.31,1628.88,1628.34,1627.12,1625.28,1627.38,1631.15,1631.58,1618.60,1597.90,1583.63,1563.14,1541.16,1523.97,1509.73,1496.35,1482.02,1470.22,1457.30,1445.61,1435.55,1438.46,1443.55,1439.95,1430.07,1417.36,1405.65,1400.46,1394.30,1385.12,1376.80,1367.66,1358.44,1354.08,1350.02,1345.84,1341.80,1337.66,1333.98,1329.20,1323.78,1319.41,1315.61,1311.71,1305.81,1300.14,1292.75,1289.84,1288.68,1287.13,1286.28,1286.12,1285.97,1288.82,1291.64,1287.37,1296.41,1316.01,1331.69,1337.97,1343.21,1350.55,1344.09,1326.47,1304.47,1298.39,1282.93,1269.67,1261.48,1257.91,1262.56,1267.07,1274.32,1281.30,1284.69,1288.80,1294.01,1300.93,1306.65,1315.70,1330.77,1346.05,1354.88,1366.91,1378.11,1382.74,1387.15,1389.23,1398.11,1413.87,1430.62,1452.53,1465.96,1477.18,1486.56,1501.41,1511.25,1511.34,1500.16,1489.08,1474.20,1457.83,1439.36,1426.16,1416.30,1420.80,1425.44,1426.50,1428.82,1434.49,1442.95,1460.22,1479.60,1493.14,1511.15,1532.49,1551.13,1559.88,1558.23,1542.57,1524.42,1509.97,1498.00,1484.99,1478.36,1473.15,1465.23,1463.24,1465.38,1471.25,1470.12,1459.64,1452.10,1453.43,1459.61,1464.71,1467.03,1473.13,1482.83,1492.44,1499.81,1501.85,1503.00,1504.53,1504.57,1500.76,1499.35,1502.78,1502.95,1501.56,1508.73,1518.72,1526.47,1534.03,1546.09,1557.53,1567.97,1579.81
1544.56,1545.25,1543.54,1538.52,1531.98,1536.17,1543.43,1550.13,1557.20,1560.77,1552.89,1541.37,1529.89,1520.93,1519.58,1528.13,1540.59,1548.07,1557.86,1566.73,1577.86,1590.50,1601.45,1609.63,1613.92,1615.16,1614.77,1614.29,1615.20,1617.79,1620.14,1623.82,1627.89,1631.18,1628.73,1627.02,1631.64,1633.16,1629.74,1625.35,1623.54,1625.54,1631.78,1634.71,1638.90,1645.57,1650.23,1652.50,1654.36,1657.60,1658.61,1652.79,1637.65,1622.09,1611.36,1595.89,1581.04,1572.19,1566.11,1563.76,1567.73,1561.65,1549.79,1546.98,1552.82,1560.13,1569.84,1581.50,1592.26,1600.12,1602.89,1603.33,1601.65,1599.92,1600.71,1609.67,1620.11,1633.09,1641.93,1646.01,1647.30,1646.37,1643.20,1636.21,1624.96,1616.24,1619.28,1626.06,1631.56,1627.31,1622.73,1629.90,1631.21,1629.46,1631.23,1634.37,1633.73,1630.04,1626.31,1623.59,1622.78,1622.08,1621.58,1624.75,1629.34,1631.14,1622.33,1608.01,1595.21,1573.55,1549.15,1525.70,1508.07,1494.06,1482.76,1472.16,1459.45,1450.32,1444.80,1452.03,1461.05,1455.36,1443.66,1432.91,1421.63,1412.42,1403.40,1390.91,1379.31,1371.88,1366.64,1360.17,1356.80,1355.71,1351.64,1343.73,1336.13,1330.46,1326.05,1322.05,1317.09,1312.85,1308.13,1302.08,1295.22,1289.84,1283.20,1282.07,1282.47,1281.41,1280.76,1283.63,1287.43,1284.06,1289.56,1307.61,1319.31,1322.62,1327.70,1336.11,1337.47,1324.06,1299.10,1284.17,1273.81,1264.51,1255.44,1254.40,1262.98,1267.40,1272.21,1278.06,1283.67,1288.59,1293.33,1300.80,1308.19,1317.46,1328.79,1340.65,1349.76,1361.46,1375.36,1386.38,1399.38,1405.41,1408.85,1418.91,1433.04,1453.73,1469.66,1483.11,1495.80,1508.13,1513.11,1506.55,1494.30,1484.35,1471.09,1458.10,1440.64,1422.12,1411.31,1412.19,1413.85,1418.97,1430.92,1442.92,1454.15,1467.76,1482.28,1496.42,1513.33,1528.79,1540.63,1545.59,1552.16,1542.34,1524.62,1508.83,1494.75,1482.22,1473.43,1466.62,1459.30,1456.78,1457.48,1463.55,1463.45,1452.12,1445.75,1450.20,1456.46,1459.85,1464.24,1471.64,1480.24,1485.07,1487.18,1488.01,1488.88,1490.18,1491.02,1489.21,1490.44,1493.55,1495.75,1499.55,1507.84,1516.39,1523.90,1531.13,1542.47,1555.81,1569.75,1583.64
1549.20,1548.87,1545.03,1537.79,1530.39,1535.19,1543.97,1552.51,1560.22,1559.68,1548.12,1535.85,1523.17,1516.92,1518.78,1527.39,1540.20,1549.04,1559.53,1570.07,1581.42,1593.17,1603.02,1610.41,1614.14,1615.69,1616.08,1616.38,1616.96,1617.54,1619.07,1622.21,1625.49,1627.18,1622.79,1618.40,1619.88,1619.87,1615.55,1612.47,1611.52,1613.31,1619.18,1624.76,1632.30,1640.99,1645.66,1647.08,1648.00,1650.94,1652.60,1648.85,1635.80,1620.25,1606.78,1591.14,1579.06,1569.16,1561.92,1555.04,1554.39,1552.82,1543.55,1541.76,1548.91,1556.38,1565.85,1577.45,1586.59,1589.32,1588.01,1588.95,1587.95,1588.01,1594.58,1606.69,1621.12,1633.30,1639.58,1642.21,1643.23,1642.95,1641.21,1634.25,1623.43,1610.81,1610.75,1615.73,1619.85,1615.59,1608.63,1614.59,1614.22,1614.76,1619.96,1625.50,1627.88,1625.75,1622.11,1618.66,1617.56,1617.36,1617.90,1621.33,1626.84,1629.89,1622.74,1608.95,1590.34,1571.23,1550.38,1533.31,1517.21,1500.13,1488.94,1480.73,1466.28,1458.87,1454.51,1467.11,1474.61,1469.05,1457.56,1444.79,1432.98,1417.64,1403.39,1390.91,1386.40,1392.57,1389.25,1380.55,1374.66,1371.51,1364.19,1350.42,1339.32,1334.03,1331.13,1325.23,1317.65,1312.67,1307.80,1302.83,1297.51,1290.92,1282.39,1278.80,1279.79,1277.47,1276.20,1278.08,1280.83,1278.22,1282.47,1297.17,1303.92,1305.99,1315.28,1325.62,1330.73,1323.03,1306.15,1286.23,1266.61,1258.37,1253.60,1251.24,1261.69,1266.75,1273.72,1283.14,1292.21,1297.11,1300.72,1305.15,1308.90,1314.01,1322.29,1332.34,1341.00,1349.59,1363.27,1377.54,1392.91,1408.14,1422.42,1433.24,1445.95,1460.21,1472.30,1481.83,1490.14,1506.61,1516.16,1506.74,1490.41,1475.98,1461.72,1451.41,1439.63,1421.38,1409.15,1405.72,1408.02,1418.67,1433.95,1447.18,1458.28,1466.32,1475.16,1489.16,1507.33,1521.25,1526.66,1530.40,1542.66,1542.37,1530.11,1516.47,1500.47,1487.24,1475.29,1462.52,1453.76,1449.77,1450.66,1458.21,1456.66,1442.07,1440.93,1446.18,1450.90,1454.48,1460.31,1466.99,1471.39,1472.50,1473.07,1475.28,1478.87,1480.18,1480.35,1482.06,1485.08,1489.49,1496.79,1505.23,1512.47,1520.72,1529.68,1535.06,1541.50,1552.23,1565.22,1582.02
1554.77,1552.61,1547.13,1535.57,1528.05,1534.28,1543.88,1553.68,1560.25,1552.59,1541.16,1527.56,1517.24,1513.65,1519.66,1528.47,1540.90,1550.19,1561.07,1574.60,1586.22,1596.05,1603.72,1608.63,1612.13,1614.36,1614.41,1614.46,1613.95,1614.09,1616.04,1619.35,1622.30,1623.34,1618.88,1611.60,1610.44,1609.74,1605.53,1603.10,1601.88,1603.36,1609.13,1619.34,1628.17,1636.71,1641.25,1642.04,1642.20,1644.44,1646.70,1644.37,1634.82,1622.12,1606.27,1592.23,1580.39,1569.64,1561.12,1553.38,1546.55,1543.32,1536.68,1536.76,1543.34,1550.92,1560.54,1572.22,1579.28,1576.92,1575.32,1575.93,1575.16,1582.60,1593.36,1603.64,1620.71,1631.93,1636.10,1638.45,1639.14,1639.14,1637.79,1631.42,1621.98,1607.78,1599.04,1601.50,1607.30,1605.12,1597.14,1601.40,1600.42,1605.17,1613.82,1620.45,1623.82,1621.71,1618.23,1614.33,1612.72,1612.70,1615.51,1620.45,1625.15,1628.41,1621.43,1608.96,1594.11,1581.14,1565.13,1546.76,1528.02,1512.88,1501.81,1490.03,1475.98,1468.59,1465.43,1477.45,1483.20,1478.66,1465.85,1451.18,1435.56,1417.27,1401.87,1392.54,1399.47,1407.22,1405.41,1400.61,1392.79,1381.86,1365.93,1354.82,1350.10,1340.68,1334.40,1327.10,1322.23,1318.98,1314.49,1311.07,1305.66,1295.63,1284.56,1276.05,1276.22,1274.52,1271.97,1271.56,1271.65,1270.19,1275.03,1284.50,1289.17,1292.50,1301.63,1317.24,1325.53,1322.01,1308.59,1288.05,1266.89,1252.38,1249.14,1248.65,1256.98,1265.22,1276.33,1292.42,1302.24,1310.47,1316.69,1319.94,1321.39,1322.73,1324.49,1327.88,1332.98,1340.04,1348.77,1364.12,1379.57,1394.72,1409.29,1422.62,1440.68,1451.54,1462.21,1468.53,1483.38,1504.40,1518.48,1511.11,1493.35,1476.76,1455.79,1444.50,1434.49,1419.48,1408.76,1401.37,1405.05,1416.25,1431.05,1440.00,1445.99,1452.51,1466.00,1486.19,1501.30,1508.68,1508.73,1518.29,1533.68,1539.61,1531.72,1519.41,1503.78,1488.23,1474.58,1459.95,1449.84,1445.84,1445.61,1452.29,1448.90,1436.41,1436.93,1440.53,1444.79,1450.07,1455.44,1457.48,1458.49,1459.76,1461.34,1465.17,1468.48,1471.82,1475.71,1480.61,1487.78,1494.18,1501.71,1510.36,1519.00,1531.80,1542.78,1550.33,1550.99,1555.52,1564.81,1580.90
1559.18,1554.39,1546.44,1532.02,1525.60,1532.87,1543.60,1553.31,1553.62,1543.55,1531.77,1519.86,1511.19,1511.45,1522.34,1532.17,1543.56,1554.55,1565.10,1576.46,1587.98,1597.08,1602.86,1606.27,1609.49,1611.76,1611.15,1610.72,1610.63,1610.97,1612.72,1615.93,1618.80,1618.96,1614.59,1607.23,1601.00,1598.13,1594.56,1589.50,1588.51,1592.27,1602.86,1616.03,1624.66,1632.13,1636.47,1637.60,1637.51,1638.89,1641.14,1640.62,1634.07,1624.04,1611.12,1596.79,1583.18,1570.45,1558.97,1549.87,1543.31,1536.86,1530.98,1530.89,1535.21,1542.66,1554.39,1565.55,1569.23,1566.28,1563.29,1563.32,1568.26,1579.53,1589.80,1600.43,1616.45,1627.78,1632.84,1634.02,1634.30,1634.69,1633.84,1629.58,1620.77,1606.62,1594.72,1590.34,1593.44,1592.62,1586.36,1587.90,1593.97,1603.59,1612.36,1618.90,1619.83,1617.04,1613.66,1609.54,1606.26,1608.01,1613.41,1620.65,1626.30,1629.38,1625.99,1617.52,1607.39,1594.81,1575.46,1558.26,1540.43,1526.04,1511.68,1494.58,1487.30,1481.08,1475.38,1485.66,1488.02,1477.59,1464.76,1448.78,1432.36,1416.20,1403.08,1403.63,1409.89,1417.05,1418.36,1409.03,1393.76,1379.46,1371.44,1367.14,1355.18,1344.89,1339.60,1334.40,1334.72,1329.77,1322.17,1315.70,1308.86,1302.36,1291.63,1275.62,1272.12,1272.24,1269.12,1267.95,1265.86,1264.11,1266.72,1271.84,1275.41,1278.09,1289.64,1306.81,1319.35,1319.51,1306.26,1285.73,1265.54,1245.17,1243.36,1248.86,1255.52,1264.26,1278.89,1297.21,1308.84,1322.28,1332.70,1341.27,1344.64,1345.39,1345.93,1345.10,1345.34,1348.75,1348.95,1352.32,1366.71,1381.51,1392.69,1401.37,1414.02,1431.59,1446.28,1464.38,1482.23,1501.17,1518.52,1511.85,1495.60,1479.03,1457.45,1442.78,1431.63,1420.00,1408.17,1398.78,1398.14,1406.21,1420.60,1428.30,1430.47,1444.37,1463.74,1478.15,1488.11,1491.10,1492.72,1510.43,1528.63,1535.31,1529.74,1517.50,1502.28,1488.45,1474.09,1457.05,1445.55,1441.56,1440.11,1446.23,1443.70,1431.52,1433.00,1437.13,1439.77,1443.41,1447.62,1446.88,1449.20,1452.24,1455.35,1458.92,1464.74,1471.28,1477.30,1483.21,1489.15,1496.23,1504.16,1513.76,1524.67,1539.92,1552.05,1560.26,1563.41,1568.34,1575.67,1586.93
1558.41,1553.57,1542.77,1529.03,1523.21,1531.32,1543.27,1552.68,1547.25,1535.25,1522.38,1511.17,1505.66,1512.90,1524.05,1534.15,1543.28,1554.08,1564.97,1575.85,1587.98,1595.99,1601.19,1604.70,1607.77,1608.86,1607.27,1606.58,1606.62,1607.14,1609.04,1611.80,1613.17,1611.51,1608.60,1603.79,1596.36,1588.83,1585.68,1581.27,1581.26,1585.33,1596.31,1608.29,1617.25,1627.15,1632.06,1633.50,1633.30,1634.38,1636.11,1636.37,1632.53,1623.47,1613.27,1600.53,1585.01,1573.80,1562.66,1550.26,1540.59,1532.47,1526.91,1525.85,1529.49,1537.79,1548.96,1557.21,1556.31,1552.57,1551.32,1556.88,1568.14,1579.76,1591.50,1603.54,1617.31,1625.59,1629.62,1629.10,1629.29,1630.24,1629.51,1626.48,1618.71,1604.51,1592.84,1582.56,1581.29,1579.38,1579.16,1587.27,1598.14,1607.42,1613.00,1615.39,1613.46,1610.63,1607.68,1603.48,1599.47,1603.99,1610.28,1619.43,1627.88,1630.96,1628.57,1623.46,1616.12,1601.13,1587.59,1569.71,1549.01,1536.42,1520.58,1505.23,1498.66,1490.82,1484.82,1493.05,1487.14,1470.60,1455.34,1441.17,1428.03,1416.09,1410.37,1416.43,1422.31,1427.50,1426.54,1408.03,1393.47,1387.62,1384.89,1372.54,1357.41,1355.08,1347.08,1348.75,1346.85,1334.10,1328.13,1322.80,1315.07,1310.03,1301.40,1284.33,1270.74,1268.20,1267.64,1265.16,1263.98,1261.19,1258.94,1261.26,1265.48,1267.82,1277.94,1295.59,1305.99,1309.93,1303.00,1284.23,1261.02,1240.86,1242.99,1248.32,1253.78,1262.44,1277.63,1292.87,1308.07,1324.64,1342.60,1358.13,1365.15,1368.18,1371.01,1371.09,1366.66,1366.32,1368.35,1367.81,1366.76,1373.17,1382.62,1389.75,1399.63,1417.25,1439.78,1459.08,1477.21,1496.47,1516.74,1515.72,1501.07,1485.58,1467.13,1449.57,1437.57,1424.82,1409.22,1397.72,1392.14,1397.76,1407.00,1410.32,1419.76,1441.01,1457.46,1464.87,1469.27,1472.55,1487.76,1507.17,1526.07,1532.26,1526.02,1514.75,1501.22,1489.55,1476.47,1457.81,1442.25,1435.08,1433.22,1439.92,1441.59,1428.65,1430.06,1432.11,1433.04,1436.38,1438.27,1440.57,1445.29,1449.88,1455.13,1460.37,1466.40,1472.60,1477.23,1483.02,1490.47,1499.26,1510.67,1522.15,1534.86,1548.61,1560.26,1571.85,1577.81,1584.83,1592.47,1602.16
1555.43,1550.90,1538.59,1525.00,1520.68,1530.68,1543.55,1551.42,1542.21,1528.07,1513.47,1504.00,1503.35,1515.94,1526.90,1537.99,1545.23,1552.47,1564.26,1577.48,1588.10,1594.93,1600.13,1603.39,1604.31,1603.95,1602.85,1602.34,1602.41,1602.98,1604.40,1605.58,1605.02,1598.78,1596.50,1597.74,1593.87,1585.90,1579.16,1574.43,1573.64,1579.25,1588.17,1598.38,1610.09,1621.21,1627.56,1628.06,1628.14,1628.92,1630.68,1631.37,1629.78,1620.63,1611.45,1601.01,1590.04,1581.08,1569.97,1557.74,1544.84,1532.85,1523.83,1521.71,1525.76,1533.40,1542.95,1546.03,1542.26,1539.18,1543.77,1558.30,1572.40,1585.39,1595.72,1607.71,1619.47,1624.76,1624.74,1623.58,1624.17,1624.93,1624.06,1621.61,1613.10,1600.93,1589.85,1579.62,1572.19,1569.90,1579.47,1589.74,1600.29,1608.84,1612.26,1610.67,1606.71,1601.96,1598.89,1595.28,1594.32,1600.72,1605.79,1612.61,1623.77,1630.61,1630.04,1626.34,1620.02,1610.10,1600.13,1586.71,1568.44,1550.02,1533.39,1520.29,1510.69,1499.20,1494.36,1500.07,1486.79,1470.71,1456.41,1442.87,1429.91,1421.70,1421.88,1427.77,1434.94,1436.82,1428.02,1409.15,1404.66,1399.29,1388.95,1374.27,1368.74,1365.83,1359.00,1364.62,1353.80,1343.01,1341.44,1331.74,1321.94,1319.01,1309.94,1295.09,1275.62,1264.91,1263.04,1262.74,1261.04,1258.15,1255.45,1255.39,1255.63,1258.14,1268.82,1285.54,1292.89,1297.70,1294.38,1275.13,1254.28,1236.67,1242.12,1246.19,1251.85,1260.66,1275.39,1289.36,1305.68,1323.08,1342.24,1358.86,1371.05,1380.12,1386.36,1391.01,1390.12,1389.64,1390.84,1390.35,1387.35,1386.54,1394.97,1401.81,1412.49,1428.16,1444.38,1458.09,1475.00,1493.00,1512.92,1519.78,1508.00,1489.22,1472.41,1457.77,1440.79,1426.01,1410.71,1397.39,1387.41,1390.32,1396.93,1400.06,1415.47,1432.91,1442.42,1445.44,1448.73,1462.86,1485.72,1504.04,1521.40,1527.05,1516.35,1503.59,1492.73,1483.57,1472.75,1455.08,1438.70,1428.80,1427.59,1436.12,1441.47,1425.66,1425.11,1425.39,1426.56,1431.04,1436.16,1441.86,1446.83,1452.04,1457.69,1462.90,1467.76,1472.70,1477.26,1483.74,1492.91,1504.41,1518.21,1533.09,1544.60,1554.86,1568.12,1581.52,1589.36,1599.57,1607.89,1615.77
1552.92,1547.22,1535.37,1520.75,1519.66,1530.72,1544.01,1548.78,1537.11,1522.46,1508.01,1499.19,1502.68,1516.38,1528.59,1541.97,1550.22,1558.03,1567.55,1577.86,1586.42,1592.72,1597.81,1600.46,1599.88,1598.91,1598.29,1598.16,1598.26,1598.64,1599.10,1599.07,1597.21,1589.64,1585.99,1591.66,1592.05,1585.78,1577.30,1568.46,1566.74,1572.92,1580.69,1589.71,1604.69,1617.53,1622.21,1619.81,1620.80,1620.57,1621.53,1624.20,1624.07,1615.96,1603.88,1595.61,1588.68,1583.13,1573.88,1560.80,1547.27,1532.60,1521.20,1517.01,1520.04,1528.17,1535.30,1533.90,1531.09,1534.63,1547.29,1562.01,1574.49,1583.85,1595.61,1608.88,1619.94,1622.76,1620.48,1617.59,1618.13,1618.77,1617.75,1614.29,1605.92,1595.67,1584.66,1574.95,1565.65,1563.00,1574.70,1584.67,1597.26,1605.56,1608.56,1605.64,1600.69,1593.76,1588.41,1586.05,1588.05,1593.98,1597.71,1602.30,1609.70,1619.79,1625.27,1626.66,1622.91,1619.18,1611.98,1608.90,1594.70,1569.27,1547.90,1532.58,1522.43,1509.63,1506.28,1508.59,1494.25,1479.19,1461.55,1446.67,1437.41,1432.99,1432.74,1438.55,1443.15,1440.38,1429.79,1419.40,1413.90,1403.59,1390.34,1386.30,1385.32,1376.42,1376.32,1376.90,1361.03,1358.02,1349.13,1335.65,1328.84,1326.28,1316.25,1302.20,1282.89,1268.65,1259.35,1257.94,1256.77,1254.32,1252.02,1250.86,1249.27,1249.56,1258.88,1272.25,1284.07,1288.00,1279.73,1262.14,1247.20,1233.38,1234.45,1240.54,1247.32,1259.87,1278.33,1294.64,1311.78,1327.36,1342.98,1354.77,1362.49,1373.48,1387.66,1399.68,1402.63,1405.36,1408.96,1409.63,1408.13,1408.40,1417.09,1426.67,1433.06,1447.83,1461.01,1472.54,1482.16,1492.05,1506.37,1519.28,1510.77,1487.82,1468.21,1453.37,1439.32,1425.56,1411.33,1398.32,1385.44,1382.90,1386.11,1394.86,1407.47,1417.84,1421.64,1424.91,1440.18,1460.15,1481.98,1499.38,1513.35,1516.74,1505.12,1487.50,1475.03,1470.82,1463.56,1450.60,1433.77,1423.43,1424.65,1436.06,1441.46,1423.52,1419.63,1419.43,1423.72,1431.07,1436.84,1442.20,1447.04,1452.10,1457.42,1463.01,1468.58,1474.10,1478.85,1484.35,1492.25,1503.58,1517.10,1531.01,1542.34,1554.30,1570.37,1586.04,1600.26,1614.86,1624.00,1629.88
1550.61,1541.80,1531.66,1517.18,1518.79,1531.00,1543.25,1543.48,1531.86,1518.27,1505.14,1496.13,1500.63,1512.36,1527.82,1543.28,1552.43,1560.62,1568.38,1576.02,1582.47,1587.83,1591.92,1594.49,1594.78,1594.32,1594.04,1594.01,1594.13,1594.23,1594.25,1593.69,1590.52,1581.73,1577.76,1585.35,1587.25,1582.03,1575.07,1564.97,1559.53,1565.47,1573.82,1584.50,1598.97,1611.38,1616.68,1612.81,1610.82,1608.22,1611.42,1616.27,1618.05,1611.72,1597.76,1585.53,1580.82,1577.72,1571.30,1560.41,1545.34,1529.39,1518.17,1512.48,1515.13,1521.02,1523.02,1521.13,1525.44,1536.58,1549.92,1561.18,1569.64,1577.88,1590.08,1606.26,1617.49,1619.02,1614.96,1610.76,1609.88,1610.88,1610.66,1606.57,1597.69,1587.41,1576.98,1568.76,1559.56,1556.97,1567.27,1581.84,1594.12,1601.42,1604.00,1600.47,1592.87,1587.14,1579.73,1577.09,1581.86,1585.54,1585.19,1588.11,1595.96,1606.95,1618.05,1624.26,1624.17,1622.26,1619.30,1617.85,1607.51,1587.58,1565.48,1546.16,1533.32,1525.83,1523.59,1516.91,1498.02,1480.29,1465.13,1458.19,1451.89,1442.75,1446.26,1449.86,1444.08,1438.03,1432.79,1425.44,1417.03,1407.93,1404.64,1404.67,1398.06,1391.78,1396.61,1388.24,1373.98,1370.47,1355.56,1340.33,1338.78,1331.54,1318.56,1305.34,1289.82,1274.39,1263.60,1254.73,1250.26,1249.40,1247.65,1246.55,1245.23,1246.00,1250.14,1259.33,1269.69,1276.27,1268.84,1254.37,1241.01,1233.31,1228.25,1236.04,1243.79,1262.29,1281.42,1299.43,1317.74,1329.85,1336.80,1340.34,1345.79,1359.30,1375.03,1384.72,1391.47,1398.14,1406.02,1411.00,1417.22,1423.10,1431.41,1441.90,1449.01,1463.68,1471.51,1472.56,1475.19,1482.43,1495.15,1510.14,1506.62,1482.93,1459.07,1443.18,1431.14,1420.84,1409.64,1398.99,1383.92,1376.84,1379.70,1389.47,1399.12,1404.24,1408.84,1420.58,1439.01,1457.17,1475.06,1492.09,1501.08,1501.98,1493.42,1474.72,1458.85,1457.08,1453.44,1443.42,1426.53,1417.71,1421.99,1435.05,1440.18,1423.82,1414.87,1417.72,1423.65,1429.85,1435.07,1440.40,1444.58,1449.11,1454.03,1460.54,1467.75,1474.04,1479.73,1485.37,1492.16,1500.93,1510.01,1521.60,1535.26,1549.48,1566.01,1581.99,1597.61,1614.48,1625.59,1631.31
1543.71,1536.03,1526.55,1511.25,1515.82,1531.58,1541.70,1538.17,1525.89,1512.49,1500.61,1492.60,1496.92,1511.27,1526.49,1541.62,1551.20,1560.19,1567.10,1572.70,1577.28,1581.37,1584.86,1587.39,1588.68,1589.19,1589.34,1589.48,1589.67,1589.75,1589.53,1588.18,1584.34,1573.55,1568.98,1575.06,1579.45,1575.68,1570.71,1561.34,1554.05,1558.62,1567.31,1578.66,1592.27,1605.17,1611.70,1607.50,1601.04,1597.39,1600.88,1608.38,1612.15,1605.56,1594.79,1579.50,1565.87,1561.01,1558.95,1553.43,1539.10,1523.69,1512.88,1507.47,1512.02,1513.34,1512.51,1517.76,1526.20,1537.88,1547.19,1555.57,1564.28,1575.18,1586.88,1603.58,1614.14,1613.87,1607.70,1603.20,1601.91,1604.10,1604.74,1601.88,1592.62,1579.00,1567.97,1561.82,1554.12,1552.45,1562.12,1575.46,1588.36,1596.86,1599.92,1595.18,1587.15,1580.82,1572.87,1569.45,1575.57,1577.88,1573.66,1579.04,1589.72,1601.33,1611.53,1618.65,1620.74,1621.80,1621.74,1620.27,1613.22,1601.75,1583.04,1563.13,1549.77,1542.03,1533.57,1518.33,1502.73,1491.78,1485.13,1477.20,1464.16,1454.10,1457.36,1450.90,1440.18,1431.24,1428.49,1423.13,1415.32,1414.41,1414.48,1413.77,1410.08,1408.00,1407.99,1396.62,1389.44,1380.08,1360.54,1353.43,1351.99,1335.82,1318.97,1308.76,1300.48,1284.57,1270.78,1258.73,1252.19,1248.52,1244.91,1242.35,1240.97,1242.10,1245.25,1247.66,1254.00,1259.92,1259.46,1246.77,1231.81,1224.96,1223.71,1232.63,1241.32,1263.65,1283.34,1300.92,1316.14,1324.57,1327.86,1328.40,1332.60,1345.19,1356.49,1358.39,1369.47,1381.59,1388.20,1395.77,1405.40,1415.64,1426.76,1440.93,1451.91,1462.64,1463.54,1456.69,1456.44,1466.33,1478.97,1494.17,1496.99,1477.96,1453.43,1437.66,1423.13,1411.84,1402.79,1391.60,1379.58,1372.28,1375.08,1382.25,1386.76,1394.37,1405.17,1419.14,1436.17,1452.79,1466.56,1478.14,1482.29,1478.59,1476.81,1467.12,1448.39,1441.01,1440.64,1432.99,1419.92,1412.85,1418.40,1430.75,1433.70,1419.85,1410.25,1414.96,1420.36,1425.69,1430.86,1436.15,1440.64,1446.38,1453.06,1459.68,1468.55,1475.68,1481.23,1486.98,1492.47,1499.75,1509.24,1519.02,1529.48,1541.60,1554.29,1567.41,1580.59,1596.31,1606.14,1615.08
1535.01,1530.73,1519.80,1505.63,1510.26,1529.90,1537.67,1531.44,1516.82,1503.80,1494.15,1487.83,1496.15,1508.55,1522.29,1538.40,1548.75,1557.52,1563.79,1567.85,1570.67,1574.42,1577.47,1579.47,1580.61,1581.28,1581.80,1583.08,1584.22,1585.23,1585.13,1583.04,1578.24,1564.34,1557.49,1565.05,1572.35,1570.82,1564.06,1555.94,1548.30,1553.71,1559.66,1571.44,1586.03,1597.97,1603.83,1601.91,1593.92,1590.42,1594.70,1601.95,1605.91,1594.49,1585.65,1576.61,1561.39,1547.63,1542.75,1540.30,1527.92,1516.41,1506.06,1500.97,1505.42,1503.79,1509.65,1518.95,1526.69,1534.48,1542.11,1552.51,1561.93,1573.69,1587.96,1603.71,1611.27,1608.59,1600.52,1594.45,1592.87,1594.99,1597.67,1596.07,1587.66,1575.42,1560.46,1554.47,1548.45,1545.45,1553.69,1567.04,1582.85,1591.84,1595.78,1592.80,1584.05,1573.85,1565.98,1563.77,1567.91,1567.93,1565.36,1573.90,1585.24,1593.67,1602.68,1611.55,1615.90,1619.99,1621.08,1619.79,1615.13,1608.85,1595.81,1578.51,1565.13,1554.22,1542.93,1532.22,1520.13,1509.21,1500.35,1490.72,1477.01,1468.80,1462.00,1447.84,1436.38,1425.28,1417.38,1412.76,1404.25,1403.56,1405.40,1406.39,1410.19,1411.94,1411.07,1407.81,1401.58,1386.48,1368.60,1368.33,1360.63,1344.98,1332.24,1318.74,1306.16,1294.21,1286.12,1271.22,1257.19,1252.21,1247.24,1242.59,1237.91,1235.56,1240.16,1240.39,1241.64,1248.29,1250.25,1235.38,1219.16,1218.86,1223.14,1231.29,1240.47,1262.54,1282.17,1297.68,1306.28,1310.42,1310.98,1311.00,1319.92,1333.06,1339.54,1339.46,1350.96,1360.56,1365.55,1376.46,1388.71,1400.22,1413.52,1431.58,1445.74,1451.42,1447.34,1438.66,1437.73,1450.11,1461.07,1476.01,1487.47,1475.17,1454.65,1437.12,1423.25,1413.70,1405.78,1392.95,1379.47,1369.63,1371.46,1375.99,1378.93,1389.70,1401.26,1413.97,1430.83,1446.25,1457.42,1463.36,1460.10,1454.43,1462.41,1457.82,1442.40,1428.72,1425.12,1421.16,1412.88,1407.44,1414.77,1424.78,1422.23,1408.48,1403.34,1411.49,1419.06,1426.06,1432.99,1439.40,1445.51,1450.39,1456.03,1463.36,1471.16,1478.72,1488.03,1497.44,1506.35,1510.33,1512.30,1517.01,1525.48,1535.46,1543.65,1555.24,1569.22,1581.08,1590.52,1600.66
1524.65,1522.17,1512.67,1499.70,1504.36,1523.78,1531.34,1523.00,1507.92,1496.27,1487.25,1483.67,1496.99,1508.70,1524.32,1538.01,1547.85,1554.84,1559.13,1561.54,1564.16,1567.77,1570.16,1571.99,1572.84,1573.62,1575.15,1577.34,1579.51,1581.22,1581.06,1578.01,1570.45,1552.99,1545.92,1555.49,1563.20,1567.25,1558.99,1548.71,1541.09,1547.40,1554.22,1565.87,1577.54,1586.79,1593.22,1593.05,1586.05,1583.20,1590.99,1597.99,1599.88,1587.44,1573.58,1566.35,1559.23,1547.44,1532.57,1523.65,1517.43,1509.77,1497.75,1492.58,1495.01,1499.16,1509.35,1517.44,1524.74,1532.60,1542.03,1552.86,1562.01,1575.57,1589.03,1600.18,1605.99,1602.73,1595.95,1587.39,1580.61,1581.49,1585.88,1587.45,1580.72,1571.91,1558.72,1546.07,1539.58,1539.56,1550.16,1564.00,1579.42,1588.71,1592.69,1591.13,1583.26,1572.71,1562.54,1557.19,1560.51,1558.60,1557.59,1568.88,1577.92,1582.24,1590.56,1602.78,1612.28,1617.46,1619.71,1616.73,1611.50,1606.81,1596.87,1580.88,1569.65,1559.44,1550.20,1542.20,1532.70,1522.69,1511.38,1500.15,1488.17,1473.19,1458.83,1443.58,1432.21,1418.39,1407.07,1401.93,1393.74,1389.72,1391.91,1392.42,1398.33,1401.67,1404.94,1407.46,1403.09,1393.96,1387.51,1381.27,1370.40,1359.36,1343.15,1323.52,1309.71,1304.24,1296.46,1284.77,1266.99,1255.75,1249.58,1244.38,1237.77,1230.33,1233.34,1231.11,1229.56,1235.08,1240.21,1227.06,1215.71,1220.71,1224.95,1230.10,1238.30,1258.11,1276.35,1285.91,1290.83,1293.04,1292.54,1298.90,1311.66,1319.37,1326.30,1326.61,1335.23,1338.97,1344.85,1357.89,1372.13,1386.18,1404.33,1427.65,1441.02,1437.12,1431.25,1422.20,1424.68,1435.30,1444.88,1458.41,1478.78,1473.08,1453.49,1441.03,1433.27,1423.01,1409.45,1396.07,1379.84,1367.66,1365.23,1369.85,1373.15,1381.53,1394.99,1406.60,1419.90,1433.41,1442.78,1444.26,1437.01,1439.82,1453.50,1451.98,1439.34,1425.20,1415.11,1409.29,1404.67,1401.19,1408.41,1414.25,1409.04,1399.54,1402.56,1413.91,1421.65,1427.64,1434.43,1442.17,1449.85,1456.79,1465.25,1474.75,1480.79,1485.65,1489.98,1498.99,1516.13,1526.11,1527.18,1524.86,1529.22,1535.84,1542.64,1551.40,1561.33,1572.53,1586.30,1599.68
1514.16,1512.25,1505.51,1491.36,1499.53,1517.65,1522.87,1512.22,1499.11,1488.37,1480.37,1482.15,1498.60,1513.58,1529.43,1540.07,1547.07,1550.81,1551.77,1554.33,1558.20,1560.61,1562.55,1564.31,1564.96,1566.69,1569.89,1572.59,1574.90,1576.49,1575.90,1572.13,1561.49,1545.45,1536.39,1544.64,1553.57,1562.82,1557.42,1545.30,1535.84,1538.23,1549.43,1558.08,1564.81,1572.73,1581.04,1583.21,1577.63,1578.67,1588.17,1594.43,1591.60,1578.06,1564.89,1553.61,1551.20,1546.49,1534.05,1518.82,1510.02,1501.09,1490.26,1487.65,1489.40,1498.22,1506.01,1514.23,1524.26,1533.20,1541.84,1551.26,1560.89,1572.81,1585.02,1593.70,1598.89,1597.05,1591.41,1581.52,1568.64,1567.26,1573.28,1576.70,1573.28,1566.19,1556.05,1544.14,1532.77,1531.71,1544.77,1557.35,1574.20,1584.83,1588.85,1588.74,1582.01,1571.75,1558.87,1549.24,1550.93,1549.72,1550.70,1562.85,1566.70,1568.86,1580.19,1594.28,1606.99,1613.56,1617.11,1612.89,1604.07,1596.47,1587.86,1568.55,1554.35,1546.92,1543.26,1539.33,1532.61,1523.86,1514.21,1503.13,1486.83,1465.67,1448.55,1435.42,1422.47,1408.87,1399.98,1392.81,1385.97,1380.58,1378.63,1378.05,1381.27,1382.23,1387.08,1394.32,1393.04,1387.96,1387.12,1381.57,1374.15,1363.66,1349.73,1334.54,1326.55,1317.72,1304.55,1294.92,1286.80,1268.55,1253.10,1246.11,1239.06,1229.00,1227.50,1228.86,1224.95,1222.97,1227.63,1220.67,1212.85,1218.31,1223.16,1226.03,1233.15,1252.10,1265.11,1269.37,1270.30,1272.13,1275.01,1288.58,1296.76,1301.76,1308.13,1312.60,1320.12,1326.73,1338.75,1356.38,1374.82,1392.34,1411.36,1431.38,1433.95,1422.90,1414.85,1406.99,1414.27,1423.48,1432.25,1449.02,1470.72,1477.53,1464.29,1453.57,1441.64,1425.18,1404.30,1392.97,1381.49,1368.82,1359.19,1361.45,1366.54,1374.13,1384.81,1397.84,1407.22,1414.99,1420.09,1419.82,1415.50,1428.84,1446.30,1447.65,1436.37,1424.53,1413.46,1402.85,1397.58,1395.70,1399.76,1402.54,1398.33,1395.08,1405.53,1414.29,1420.41,1425.69,1432.87,1441.32,1450.34,1458.91,1472.18,1484.62,1494.09,1502.86,1505.02,1504.14,1512.56,1529.42,1539.88,1542.98,1541.59,1545.41,1550.87,1556.66,1566.51,1579.23,1591.23,1604.81
1504.57,1501.90,1493.63,1482.41,1493.81,1510.86,1512.43,1501.52,1488.60,1476.86,1474.37,1483.63,1499.12,1516.30,1531.03,1539.07,1543.34,1545.53,1546.02,1549.14,1552.75,1553.21,1555.61,1556.80,1557.63,1560.69,1564.62,1567.97,1570.10,1571.34,1570.08,1564.50,1551.86,1536.36,1525.52,1533.58,1546.09,1558.92,1556.20,1543.15,1532.08,1531.25,1541.83,1548.53,1551.67,1558.55,1567.50,1571.89,1568.03,1574.49,1584.86,1589.75,1582.21,1571.18,1556.19,1542.84,1537.59,1539.07,1532.06,1518.01,1507.26,1494.48,1486.36,1484.38,1486.87,1493.77,1504.14,1513.79,1521.97,1527.93,1531.97,1540.44,1550.31,1564.00,1580.83,1588.63,1590.23,1589.76,1585.87,1575.07,1558.88,1553.52,1558.81,1562.58,1561.99,1556.93,1549.72,1539.98,1525.58,1524.77,1539.76,1553.93,1567.70,1577.71,1583.07,1586.52,1581.56,1572.13,1560.18,1546.16,1541.12,1540.15,1545.73,1556.64,1556.35,1558.13,1570.17,1585.66,1597.24,1608.18,1614.28,1612.91,1603.00,1586.64,1572.59,1553.55,1541.65,1533.06,1528.17,1525.55,1521.90,1513.95,1504.56,1493.11,1475.55,1452.21,1437.97,1424.80,1415.45,1411.10,1409.07,1404.30,1395.94,1386.29,1374.89,1367.18,1366.94,1368.08,1372.64,1377.33,1374.19,1370.13,1371.35,1369.84,1364.82,1361.07,1354.45,1345.04,1336.68,1325.48,1311.25,1301.62,1292.63,1278.50,1260.04,1250.68,1242.36,1230.06,1221.81,1224.56,1224.56,1220.75,1218.09,1216.16,1210.03,1212.90,1218.22,1220.71,1230.28,1245.27,1251.61,1253.43,1253.82,1255.83,1263.92,1275.71,1283.68,1289.76,1296.81,1305.43,1316.39,1332.44,1346.85,1361.53,1378.34,1399.96,1422.40,1431.43,1423.70,1410.37,1401.49,1394.71,1401.23,1408.39,1424.03,1444.64,1465.07,1472.86,1469.38,1459.83,1444.92,1431.03,1415.07,1402.12,1390.92,1377.30,1360.07,1351.84,1357.29,1366.31,1376.31,1386.02,1395.67,1400.15,1402.62,1401.59,1401.94,1420.78,1437.84,1437.32,1425.36,1417.95,1410.09,1400.33,1392.48,1390.83,1390.91,1392.51,1388.88,1393.36,1404.72,1411.16,1414.91,1418.51,1425.96,1435.50,1446.01,1456.70,1470.57,1485.80,1502.58,1515.97,1521.78,1522.11,1521.92,1528.70,1543.69,1556.46,1558.58,1560.11,1563.32,1570.25,1581.49,1592.23,1601.43,1611.95
1499.32,1490.95,1481.43,1478.50,1490.13,1503.19,1502.23,1490.32,1476.16,1469.63,1475.98,1486.17,1499.74,1517.60,1531.21,1535.28,1538.60,1540.06,1540.61,1545.14,1546.85,1546.98,1547.78,1548.94,1551.61,1556.18,1560.65,1563.71,1565.04,1566.00,1563.17,1551.93,1541.32,1527.78,1516.54,1527.37,1541.96,1553.76,1552.56,1541.30,1529.67,1523.54,1533.45,1534.97,1539.81,1549.41,1558.90,1562.10,1559.55,1566.80,1578.91,1582.99,1570.11,1557.16,1548.55,1536.61,1525.74,1526.14,1523.26,1515.13,1505.69,1491.52,1484.30,1480.37,1483.17,1490.03,1500.92,1508.37,1512.25,1515.98,1522.59,1530.79,1542.83,1557.70,1574.72,1582.31,1580.93,1580.11,1576.92,1564.48,1551.33,1543.45,1546.37,1551.34,1548.05,1545.14,1541.50,1531.38,1518.23,1519.00,1533.34,1546.81,1557.25,1568.79,1579.88,1584.82,1580.99,1572.65,1561.29,1546.34,1533.98,1531.12,1542.64,1551.64,1547.05,1548.89,1559.34,1571.71,1588.22,1601.19,1610.05,1613.56,1604.79,1588.01,1568.78,1550.65,1536.42,1525.35,1516.84,1511.80,1508.08,1501.65,1492.34,1480.41,1463.16,1444.19,1433.78,1427.81,1427.10,1426.21,1423.37,1418.20,1409.97,1397.86,1383.31,1369.01,1359.57,1356.27,1356.89,1358.82,1356.39,1351.68,1352.31,1350.00,1344.34,1346.26,1345.28,1337.78,1331.01,1320.82,1310.76,1300.68,1286.22,1273.11,1262.80,1256.37,1246.28,1231.42,1219.46,1221.87,1222.36,1220.04,1215.17,1212.62,1209.33,1208.88,1214.04,1219.09,1226.28,1234.79,1237.57,1241.32,1248.27,1257.56,1266.57,1275.40,1285.23,1293.99,1303.24,1315.33,1328.76,1339.45,1353.52,1372.20,1388.64,1407.73,1423.08,1422.24,1411.78,1397.30,1386.79,1383.26,1389.54,1397.58,1417.29,1441.19,1460.23,1460.70,1458.56,1457.78,1448.90,1437.52,1426.52,1413.13,1399.72,1385.55,1364.34,1347.21,1345.99,1353.39,1364.83,1374.77,1381.80,1386.93,1386.82,1384.14,1396.32,1415.42,1427.40,1424.17,1414.15,1407.69,1401.71,1394.12,1387.11,1385.55,1385.90,1385.06,1383.15,1389.24,1397.47,1406.80,1417.25,1422.32,1426.66,1433.27,1438.72,1447.64,1462.56,1480.40,1502.83,1527.49,1544.00,1547.18,1543.98,1540.07,1548.63,1565.11,1576.41,1578.12,1579.80,1584.93,1594.85,1605.07,1613.75,1620.32
1504.87,1492.03,1478.96,1476.12,1488.99,1497.44,1492.75,1478.35,1466.52,1470.55,1479.29,1491.90,1505.78,1519.70,1528.72,1530.22,1533.79,1532.88,1535.59,1541.28,1540.48,1541.03,1540.20,1542.07,1548.03,1553.32,1556.72,1558.95,1559.45,1560.62,1558.56,1543.70,1527.92,1517.38,1508.72,1522.03,1536.88,1545.57,1545.41,1538.57,1528.23,1516.90,1522.71,1525.87,1535.45,1546.94,1551.33,1552.98,1553.18,1561.28,1573.38,1576.53,1562.45,1547.84,1536.61,1529.47,1516.51,1511.43,1511.32,1507.30,1497.86,1487.28,1481.16,1475.45,1478.22,1485.51,1492.47,1495.75,1498.40,1508.61,1519.38,1526.07,1536.41,1550.03,1563.84,1571.64,1567.24,1564.25,1562.38,1554.36,1544.41,1534.06,1534.39,1540.82,1537.84,1534.55,1531.52,1522.72,1510.83,1513.96,1527.30,1541.12,1554.72,1568.27,1579.95,1583.64,1580.55,1572.62,1560.92,1545.49,1530.21,1526.38,1537.58,1542.18,1534.90,1540.88,1546.43,1555.98,1578.66,1592.20,1604.31,1612.34,1608.44,1594.88,1577.11,1559.95,1544.26,1528.96,1516.90,1506.62,1500.25,1492.93,1484.96,1472.52,1460.13,1446.54,1441.04,1439.17,1439.32,1441.91,1443.53,1432.85,1421.23,1405.38,1389.00,1375.61,1368.24,1357.97,1348.87,1343.17,1340.52,1334.54,1332.86,1330.60,1325.65,1326.87,1326.12,1318.10,1310.62,1305.07,1303.81,1301.35,1291.12,1282.00,1273.41,1267.24,1253.34,1235.05,1218.33,1219.62,1219.20,1217.54,1214.15,1209.45,1206.19,1207.41,1214.15,1219.74,1224.00,1227.92,1236.22,1248.38,1260.63,1273.95,1284.43,1293.99,1301.07,1308.75,1319.18,1333.21,1345.51,1354.67,1364.94,1379.55,1394.04,1412.41,1417.40,1410.10,1401.41,1388.62,1375.34,1370.08,1377.57,1395.38,1418.14,1441.86,1454.13,1447.26,1444.38,1444.34,1442.75,1439.19,1431.07,1419.96,1405.02,1388.06,1364.34,1345.76,1339.47,1343.98,1352.68,1363.82,1371.88,1376.02,1374.90,1377.86,1392.93,1408.52,1416.01,1412.57,1406.18,1395.71,1387.79,1383.99,1380.73,1379.79,1380.90,1379.42,1380.57,1392.39,1403.58,1414.72,1424.60,1431.95,1440.11,1448.21,1452.90,1452.22,1456.66,1471.93,1497.37,1524.28,1545.84,1560.44,1564.78,1560.00,1559.55,1570.53,1587.13,1593.29,1594.24,1596.12,1602.05,1609.76,1616.08,1620.54
1508.16,1493.91,1478.24,1473.25,1486.63,1489.80,1481.24,1466.47,1463.22,1472.46,1484.41,1497.99,1514.09,1522.59,1525.39,1527.22,1528.12,1527.74,1532.88,1535.89,1535.55,1533.81,1533.67,1539.37,1545.37,1549.50,1552.03,1553.26,1553.28,1555.03,1553.93,1541.42,1522.10,1506.64,1500.84,1513.18,1525.36,1530.69,1533.75,1533.95,1525.84,1513.00,1511.87,1520.53,1534.02,1540.27,1539.09,1540.44,1547.49,1558.17,1570.08,1571.18,1556.45,1541.72,1526.78,1519.91,1509.42,1499.64,1499.44,1497.42,1490.06,1481.29,1475.70,1469.32,1470.48,1478.18,1483.31,1488.27,1498.82,1507.24,1516.76,1525.51,1533.97,1543.49,1555.80,1562.30,1556.13,1551.69,1550.02,1544.85,1538.24,1527.99,1522.97,1529.16,1525.18,1522.20,1520.44,1513.19,1503.17,1513.66,1527.41,1540.13,1554.60,1567.29,1579.02,1582.35,1579.49,1570.18,1557.56,1542.00,1526.87,1521.05,1532.75,1534.08,1525.55,1528.61,1533.06,1546.79,1565.21,1585.75,1601.98,1611.27,1610.67,1601.19,1583.14,1562.01,1545.13,1532.74,1522.38,1512.13,1505.01,1498.34,1488.77,1474.97,1465.60,1459.92,1458.68,1456.97,1456.27,1458.05,1456.99,1447.68,1430.25,1414.94,1399.28,1388.77,1383.72,1373.29,1359.06,1349.36,1342.56,1334.78,1328.41,1319.36,1312.87,1308.18,1304.29,1300.45,1295.15,1290.95,1291.28,1295.51,1295.72,1293.36,1289.25,1280.10,1262.05,1239.50,1218.19,1215.05,1215.30,1214.85,1212.51,1208.70,1203.32,1207.92,1214.13,1218.70,1224.78,1234.06,1249.55,1261.89,1276.52,1290.51,1303.26,1314.15,1320.27,1326.92,1337.58,1349.49,1360.03,1372.24,1383.59,1394.11,1406.50,1413.49,1410.30,1397.99,1386.84,1375.25,1363.34,1365.28,1378.55,1396.37,1417.45,1439.84,1445.47,1433.26,1427.14,1426.47,1427.78,1431.35,1429.35,1419.20,1403.01,1385.30,1363.28,1346.31,1337.09,1338.00,1345.09,1355.08,1362.85,1367.29,1367.40,1374.09,1387.29,1402.36,1406.56,1403.58,1399.38,1389.08,1381.25,1375.58,1374.17,1374.38,1375.43,1374.38,1381.27,1395.34,1406.61,1414.50,1422.94,1432.12,1442.65,1456.80,1465.12,1469.75,1471.78,1476.88,1492.67,1517.37,1538.29,1559.31,1573.53,1579.63,1580.41,1586.66,1594.73,1599.79,1597.29,1592.99,1596.57,1601.97,1609.05,1614.94
1506.07,1489.43,1474.33,1467.59,1479.43,1479.94,1469.10,1459.20,1463.25,1475.26,1487.89,1501.60,1518.81,1522.47,1521.08,1523.06,1522.18,1525.78,1529.77,1529.59,1530.40,1527.12,1529.78,1536.32,1541.65,1545.12,1547.30,1547.66,1547.81,1549.49,1548.63,1538.51,1519.01,1501.29,1493.92,1501.41,1507.67,1511.65,1520.09,1525.77,1520.38,1507.63,1507.29,1516.90,1528.27,1530.04,1526.87,1529.16,1543.78,1555.53,1565.20,1565.87,1553.26,1538.86,1522.53,1510.63,1502.17,1493.35,1490.56,1489.25,1482.83,1474.51,1469.31,1463.38,1461.76,1468.61,1478.89,1492.72,1506.29,1515.51,1523.15,1530.08,1537.36,1545.24,1552.95,1554.25,1550.91,1541.97,1537.03,1532.28,1529.83,1520.68,1510.71,1516.07,1511.69,1509.88,1507.99,1500.32,1498.43,1512.27,1524.57,1536.42,1552.09,1563.94,1576.00,1580.77,1574.90,1562.86,1549.01,1534.99,1521.18,1511.97,1526.74,1531.09,1519.28,1515.72,1522.89,1537.50,1556.11,1580.34,1595.82,1607.91,1610.73,1604.45,1579.89,1552.29,1534.05,1523.82,1520.10,1515.18,1509.31,1499.36,1485.45,1467.67,1459.04,1460.42,1465.84,1468.69,1469.04,1468.03,1463.00,1454.11,1439.30,1422.27,1407.82,1402.13,1396.16,1385.41,1372.20,1368.02,1355.75,1345.29,1341.19,1327.96,1316.69,1309.04,1299.28,1292.43,1286.68,1282.01,1279.95,1280.53,1285.17,1290.51,1292.03,1286.74,1268.09,1245.54,1222.50,1211.39,1211.55,1211.63,1210.56,1206.32,1201.42,1203.73,1208.78,1212.29,1222.42,1238.98,1256.06,1271.21,1288.83,1300.49,1311.74,1318.63,1322.60,1327.45,1335.93,1348.09,1361.21,1375.06,1389.40,1401.79,1408.53,1406.54,1401.07,1388.84,1373.97,1362.18,1353.10,1361.46,1378.56,1400.32,1424.69,1442.22,1438.39,1424.00,1408.80,1408.42,1413.83,1420.16,1422.38,1415.60,1399.27,1380.57,1362.20,1346.59,1335.89,1332.45,1336.38,1345.05,1353.22,1357.98,1363.47,1374.95,1390.06,1399.59,1397.35,1394.01,1390.61,1383.30,1374.92,1369.20,1368.34,1370.29,1369.38,1374.52,1385.58,1393.82,1401.65,1410.70,1418.49,1425.17,1437.29,1454.85,1467.78,1478.67,1486.18,1492.41,1499.45,1508.93,1528.05,1548.01,1566.63,1583.44,1588.99,1590.38,1591.93,1593.19,1588.79,1584.55,1585.48,1590.27,1600.70,1608.58
1501.78,1487.86,1471.83,1460.35,1464.89,1465.78,1457.87,1456.23,1466.13,1479.43,1491.05,1503.42,1518.24,1519.23,1517.88,1518.92,1518.37,1522.23,1525.11,1524.92,1524.26,1520.71,1525.87,1532.34,1537.33,1540.78,1542.59,1542.52,1543.04,1543.80,1541.35,1531.58,1516.85,1500.39,1488.08,1488.19,1492.19,1496.71,1505.49,1514.36,1512.28,1499.38,1502.40,1513.80,1521.84,1518.14,1513.20,1522.04,1538.80,1551.45,1557.05,1556.49,1547.69,1537.27,1519.30,1502.61,1494.56,1487.83,1482.09,1478.84,1475.12,1467.18,1462.54,1456.89,1458.00,1468.33,1481.69,1497.89,1511.17,1520.56,1526.64,1532.84,1539.15,1544.44,1547.69,1543.93,1544.37,1540.04,1525.79,1511.96,1514.59,1513.55,1501.97,1503.10,1501.59,1499.93,1496.80,1490.65,1495.78,1510.03,1520.96,1534.80,1549.16,1561.95,1571.91,1576.93,1570.57,1559.63,1543.35,1525.69,1511.32,1504.20,1516.78,1524.84,1512.97,1506.81,1514.42,1531.01,1552.77,1570.57,1584.70,1596.49,1604.98,1601.92,1572.49,1544.35,1523.40,1508.17,1509.11,1510.06,1505.62,1493.86,1477.33,1455.20,1444.82,1447.45,1456.92,1463.37,1466.20,1466.65,1462.26,1453.50,1441.91,1428.59,1420.91,1419.14,1409.49,1397.33,1388.02,1379.03,1365.75,1361.09,1353.10,1339.37,1331.97,1318.55,1307.25,1300.16,1292.91,1283.24,1275.50,1268.92,1269.47,1277.23,1286.36,1285.91,1269.82,1251.27,1227.84,1209.73,1207.79,1208.09,1208.06,1205.55,1201.63,1198.17,1197.60,1204.71,1218.10,1235.99,1254.09,1273.06,1291.76,1301.72,1305.34,1305.45,1308.03,1312.15,1320.93,1332.94,1348.73,1367.32,1387.39,1399.66,1395.59,1388.99,1385.82,1376.60,1359.68,1349.61,1347.43,1361.48,1381.25,1401.38,1425.69,1441.05,1432.99,1419.28,1401.19,1391.29,1397.29,1404.39,1410.08,1409.70,1397.64,1375.02,1356.66,1344.50,1332.58,1327.16,1329.88,1336.35,1341.62,1348.26,1362.80,1377.95,1391.08,1391.86,1383.99,1382.53,1379.83,1372.83,1366.93,1363.72,1363.11,1362.66,1366.35,1379.60,1395.60,1406.44,1413.07,1421.00,1429.48,1437.39,1441.91,1448.39,1462.20,1476.47,1486.48,1498.97,1511.49,1519.66,1528.25,1542.84,1561.47,1578.39,1580.89,1582.34,1584.93,1585.46,1581.08,1577.00,1578.07,1583.33,1592.84,1598.92
1496.97,1487.22,1471.36,1458.49,1451.54,1451.57,1451.93,1462.25,1473.92,1485.48,1496.80,1507.09,1515.27,1516.02,1514.97,1515.07,1514.79,1518.44,1520.80,1520.23,1518.73,1514.90,1522.04,1528.05,1532.10,1534.62,1536.70,1537.46,1538.04,1536.28,1527.04,1519.05,1512.52,1500.72,1485.50,1475.90,1479.42,1485.70,1495.07,1505.08,1502.97,1491.28,1499.05,1511.96,1516.22,1509.67,1506.26,1517.32,1533.30,1545.22,1548.04,1545.08,1541.18,1533.66,1519.63,1500.48,1489.51,1482.48,1477.38,1472.70,1467.71,1459.51,1454.59,1449.89,1456.13,1467.97,1482.59,1499.07,1509.88,1520.71,1526.02,1530.78,1533.89,1538.75,1539.50,1530.94,1533.68,1537.03,1526.44,1503.92,1497.06,1502.56,1496.05,1489.99,1489.45,1487.20,1485.55,1484.78,1496.73,1509.00,1519.64,1534.66,1548.15,1560.59,1567.39,1569.26,1563.78,1555.22,1540.26,1520.87,1504.07,1496.74,1508.04,1513.94,1503.58,1500.19,1511.22,1529.86,1548.80,1558.51,1567.42,1578.19,1588.61,1589.29,1564.53,1538.44,1515.88,1500.00,1495.79,1500.66,1498.97,1488.91,1469.22,1449.52,1436.45,1431.23,1438.71,1446.72,1449.31,1454.22,1454.96,1452.16,1443.80,1436.56,1433.80,1431.70,1422.48,1410.37,1400.96,1385.70,1381.95,1378.66,1361.72,1353.24,1344.63,1329.30,1324.33,1317.75,1305.31,1295.08,1285.62,1272.51,1261.06,1263.66,1272.70,1278.32,1271.11,1254.77,1234.10,1211.99,1204.48,1204.20,1205.01,1205.29,1202.66,1199.18,1193.32,1199.36,1212.07,1232.65,1248.54,1267.47,1285.13,1291.46,1288.09,1285.87,1288.07,1293.27,1305.46,1321.65,1341.26,1361.99,1384.18,1393.29,1383.72,1374.55,1371.84,1364.41,1349.76,1338.76,1343.18,1362.72,1387.31,1409.46,1431.07,1439.45,1428.42,1411.36,1392.29,1377.91,1380.71,1385.21,1390.58,1396.34,1390.54,1367.04,1348.30,1339.65,1328.55,1322.48,1327.22,1332.77,1339.37,1350.11,1368.61,1383.70,1392.19,1384.86,1374.61,1371.85,1368.15,1363.76,1360.24,1357.43,1356.69,1357.70,1368.13,1381.53,1397.17,1411.15,1421.41,1432.18,1444.22,1452.97,1457.02,1458.16,1464.35,1475.46,1484.39,1495.86,1512.34,1529.68,1544.35,1554.66,1563.61,1569.11,1570.21,1574.22,1579.04,1578.65,1573.07,1568.93,1571.79,1577.79,1586.04,1589.43
1492.52,1485.88,1475.00,1461.22,1448.97,1448.05,1455.25,1467.50,1478.02,1491.01,1502.85,1510.82,1513.84,1512.36,1511.93,1511.52,1511.04,1514.61,1516.40,1514.97,1512.75,1509.71,1518.07,1523.10,1525.37,1527.41,1530.63,1532.44,1532.46,1526.09,1514.63,1507.86,1505.62,1499.59,1484.32,1470.30,1467.78,1475.28,1485.57,1495.23,1490.43,1484.51,1498.83,1510.78,1511.22,1501.49,1501.17,1513.34,1528.70,1537.46,1536.54,1533.93,1531.95,1525.94,1515.86,1501.63,1489.25,1476.25,1469.76,1466.93,1461.84,1455.73,1449.20,1443.96,1451.39,1464.74,1482.51,1499.51,1509.38,1515.72,1521.58,1524.50,1526.64,1530.43,1528.25,1519.23,1520.12,1529.00,1526.74,1508.28,1488.95,1487.23,1488.83,1480.87,1474.51,1473.38,1473.96,1481.82,1493.44,1506.04,1518.06,1530.36,1544.07,1556.03,1560.93,1558.05,1551.97,1542.62,1530.21,1516.16,1500.44,1489.83,1500.12,1503.17,1493.65,1494.70,1510.21,1528.23,1544.33,1548.18,1549.93,1556.50,1566.20,1569.96,1556.24,1529.43,1509.35,1494.49,1482.08,1489.36,1491.07,1481.68,1461.63,1442.82,1430.29,1419.34,1422.89,1428.94,1433.42,1443.23,1445.61,1448.67,1446.47,1442.66,1440.39,1436.62,1431.91,1424.65,1410.38,1399.27,1398.50,1390.96,1378.98,1368.44,1349.36,1343.30,1343.32,1329.68,1316.20,1304.26,1294.81,1281.24,1263.43,1254.15,1260.26,1270.24,1270.01,1255.77,1237.03,1215.47,1203.05,1200.41,1201.64,1203.12,1201.64,1196.23,1190.03,1194.93,1205.60,1225.78,1243.78,1256.45,1268.58,1272.89,1266.83,1263.86,1271.31,1286.95,1303.52,1320.71,1342.46,1362.95,1383.73,1386.12,1367.61,1355.61,1354.85,1351.06,1339.01,1330.68,1339.28,1362.82,1387.41,1409.34,1430.28,1432.25,1419.27,1401.83,1382.93,1367.25,1364.13,1366.45,1373.24,1381.56,1377.56,1357.53,1342.98,1333.42,1323.32,1318.01,1323.84,1329.67,1339.79,1354.29,1371.47,1384.91,1389.82,1381.01,1368.95,1364.19,1360.34,1356.73,1354.42,1351.23,1350.94,1361.05,1373.76,1386.48,1400.52,1412.74,1424.07,1436.78,1449.80,1458.19,1465.97,1473.61,1479.83,1488.30,1496.40,1500.92,1512.80,1530.39,1547.95,1554.03,1556.39,1557.58,1560.61,1567.22,1574.37,1572.00,1565.58,1561.99,1565.59,1572.27,1577.96,1581.18
1488.67,1485.44,1479.67,1464.54,1449.82,1447.57,1456.71,1467.95,1478.61,1493.18,1504.95,1510.52,1511.14,1508.83,1508.05,1507.52,1507.09,1511.23,1512.09,1509.34,1506.90,1506.64,1512.68,1515.78,1517.96,1522.27,1526.45,1527.48,1523.91,1513.11,1505.70,1498.23,1496.43,1494.89,1482.17,1467.14,1459.16,1466.34,1478.63,1487.13,1480.29,1481.98,1499.60,1508.76,1503.92,1492.13,1495.25,1507.93,1521.80,1527.62,1524.09,1522.78,1519.53,1514.33,1508.45,1500.16,1490.77,1478.03,1465.75,1460.74,1457.30,1452.37,1445.71,1439.93,1453.10,1466.79,1484.38,1500.79,1506.12,1507.22,1514.26,1515.28,1520.77,1519.37,1512.82,1507.32,1508.03,1516.46,1520.42,1509.85,1490.91,1477.42,1477.67,1475.36,1463.23,1463.73,1473.43,1482.20,1493.49,1505.29,1520.42,1532.93,1542.65,1549.18,1549.91,1545.13,1539.79,1531.37,1516.13,1504.18,1490.94,1482.07,1490.74,1491.35,1483.35,1490.34,1507.40,1525.80,1537.80,1532.80,1533.43,1539.19,1546.72,1552.40,1544.73,1520.46,1501.55,1484.99,1469.83,1476.14,1483.91,1475.63,1456.85,1440.47,1425.95,1411.55,1405.96,1410.35,1422.14,1430.11,1435.32,1442.55,1443.80,1443.43,1441.23,1436.19,1431.20,1426.77,1418.57,1414.19,1411.97,1404.14,1392.87,1374.25,1356.65,1358.46,1348.49,1330.29,1317.23,1305.17,1294.83,1282.28,1267.30,1252.60,1247.77,1256.17,1264.23,1255.36,1236.09,1217.29,1203.24,1196.10,1197.74,1201.00,1200.72,1193.47,1188.25,1194.28,1201.19,1214.34,1235.24,1245.34,1250.11,1252.28,1250.40,1251.73,1264.65,1281.77,1299.13,1318.08,1341.58,1363.43,1381.14,1375.99,1356.19,1343.25,1340.05,1335.72,1325.93,1324.20,1335.90,1361.10,1386.83,1409.37,1421.06,1416.62,1405.53,1390.94,1369.39,1350.56,1345.44,1346.66,1355.84,1362.98,1357.29,1345.52,1336.44,1326.44,1316.63,1312.27,1318.98,1326.95,1339.78,1356.86,1370.37,1378.31,1377.54,1369.87,1361.92,1357.53,1353.57,1350.19,1347.57,1345.25,1351.62,1364.35,1374.76,1385.70,1397.30,1407.87,1419.38,1430.37,1443.13,1451.53,1462.72,1477.93,1488.95,1500.47,1510.76,1516.70,1524.86,1537.57,1545.88,1546.25,1546.81,1547.90,1552.83,1562.20,1571.68,1568.01,1559.12,1555.83,1558.16,1563.60,1567.00,1570.12
1484.90,1482.47,1476.64,1463.14,1448.26,1445.61,1455.22,1467.82,1480.14,1492.62,1500.99,1504.43,1506.07,1504.43,1503.26,1502.65,1502.61,1506.98,1508.49,1505.09,1500.93,1502.49,1506.35,1509.62,1511.16,1517.63,1522.44,1521.29,1514.07,1500.27,1492.18,1486.16,1483.69,1487.24,1477.32,1461.84,1452.20,1460.65,1476.39,1481.90,1472.59,1481.36,1499.43,1504.57,1495.05,1482.64,1488.56,1499.61,1510.17,1514.48,1513.88,1512.39,1508.53,1503.64,1499.35,1494.88,1487.71,1476.61,1464.76,1455.36,1452.63,1447.66,1439.80,1435.24,1448.97,1466.55,1483.83,1498.92,1499.99,1498.48,1503.04,1509.17,1515.73,1508.83,1499.60,1495.51,1498.05,1505.01,1509.50,1504.63,1490.66,1475.78,1466.49,1463.70,1456.91,1461.45,1473.52,1484.84,1495.34,1508.08,1523.62,1533.66,1536.65,1537.05,1539.73,1530.00,1522.12,1519.99,1509.72,1492.88,1479.43,1473.82,1479.70,1477.10,1476.23,1489.21,1507.83,1523.79,1525.89,1516.44,1517.19,1524.72,1531.41,1537.84,1534.64,1515.95,1497.21,1476.83,1459.75,1456.92,1470.19,1470.13,1452.08,1434.73,1421.61,1408.28,1395.42,1397.47,1409.45,1415.38,1425.23,1435.52,1437.25,1440.05,1439.41,1433.65,1425.27,1424.15,1422.94,1420.77,1412.16,1401.93,1394.64,1384.91,1374.04,1362.68,1343.81,1326.33,1311.86,1300.40,1292.57,1281.33,1266.63,1253.43,1242.31,1244.29,1256.18,1255.31,1238.35,1222.26,1207.23,1195.29,1191.35,1195.76,1196.97,1189.93,1190.09,1195.01,1196.95,1204.86,1222.17,1231.15,1235.08,1234.75,1237.35,1249.51,1263.05,1284.18,1302.40,1317.71,1339.65,1361.26,1372.78,1364.79,1349.92,1335.72,1325.75,1321.76,1315.30,1319.66,1334.40,1358.04,1386.18,1404.96,1408.47,1400.73,1389.25,1375.39,1354.89,1342.32,1334.11,1334.28,1340.38,1344.59,1341.20,1334.98,1327.36,1318.31,1310.25,1308.14,1315.35,1325.90,1339.65,1356.77,1370.80,1373.22,1365.56,1358.24,1352.94,1350.69,1347.77,1344.65,1341.04,1342.28,1351.92,1361.02,1368.13,1378.67,1387.98,1397.50,1409.34,1420.16,1430.56,1443.59,1458.92,1473.76,1488.29,1503.28,1514.74,1525.47,1534.18,1540.51,1540.61,1538.22,1537.91,1541.69,1550.73,1559.58,1568.44,1564.18,1554.68,1549.79,1549.99,1554.19,1558.41,1561.49
1482.57,1479.13,1469.45,1457.01,1445.39,1443.89,1456.17,1469.82,1481.30,1489.34,1490.98,1494.57,1499.27,1499.85,1499.31,1498.57,1498.94,1502.77,1504.74,1502.10,1497.70,1498.46,1502.63,1503.36,1505.31,1512.84,1517.61,1515.88,1507.92,1493.73,1479.49,1473.73,1471.57,1476.81,1470.44,1455.50,1447.11,1456.36,1474.41,1475.84,1467.08,1479.42,1497.69,1500.00,1486.52,1473.81,1479.22,1489.32,1497.12,1502.65,1503.06,1500.79,1499.06,1496.33,1492.05,1487.26,1478.70,1468.14,1459.83,1450.24,1446.91,1442.25,1431.31,1428.65,1444.78,1464.08,1480.00,1492.73,1492.10,1490.67,1494.74,1506.57,1511.70,1503.26,1488.84,1482.36,1487.51,1493.41,1497.42,1493.51,1484.65,1472.99,1460.05,1452.78,1452.82,1466.14,1479.06,1491.56,1503.75,1516.10,1525.48,1526.60,1523.93,1521.70,1526.95,1520.89,1506.16,1504.98,1503.50,1490.14,1472.63,1464.21,1466.60,1465.41,1472.48,1488.05,1506.31,1518.06,1514.62,1502.48,1498.78,1505.01,1514.80,1524.21,1524.09,1510.91,1490.85,1471.04,1453.23,1444.03,1455.58,1465.00,1453.38,1435.74,1416.96,1401.07,1390.48,1385.13,1391.25,1401.74,1418.12,1423.48,1424.15,1430.44,1435.08,1430.90,1419.38,1417.42,1421.09,1418.53,1407.31,1392.46,1383.26,1377.18,1369.08,1355.13,1341.85,1328.53,1317.72,1309.04,1300.08,1288.51,1273.81,1261.58,1247.27,1236.76,1245.27,1251.83,1239.08,1223.66,1209.43,1197.35,1187.92,1188.75,1193.01,1186.81,1189.80,1192.48,1194.72,1201.35,1212.35,1217.43,1222.09,1226.68,1235.56,1248.07,1262.07,1283.59,1301.59,1319.50,1339.34,1355.97,1361.28,1351.88,1339.56,1327.52,1315.99,1310.03,1307.00,1317.72,1334.74,1355.82,1377.00,1389.48,1388.92,1380.54,1370.53,1358.08,1347.02,1336.12,1325.06,1320.07,1323.67,1328.12,1327.85,1323.66,1317.38,1309.43,1303.22,1305.59,1312.20,1324.23,1338.93,1356.27,1371.28,1368.97,1358.29,1349.19,1344.98,1344.06,1341.19,1339.66,1337.77,1339.72,1347.56,1356.74,1369.57,1379.68,1387.70,1394.05,1402.81,1413.68,1424.96,1440.80,1456.47,1472.91,1487.73,1499.28,1509.56,1517.05,1526.49,1534.02,1533.20,1531.92,1532.20,1538.38,1549.04,1556.37,1561.34,1557.31,1549.34,1543.42,1542.18,1545.82,1550.73,1554.33
1481.74,1478.92,1467.79,1453.06,1442.46,1439.92,1454.49,1468.05,1476.34,1480.62,1479.83,1487.01,1494.59,1496.86,1495.88,1495.26,1496.60,1499.87,1501.13,1498.20,1493.31,1494.02,1498.56,1497.66,1501.29,1507.58,1510.80,1509.60,1498.82,1484.07,1473.30,1461.89,1460.79,1464.61,1461.78,1448.85,1441.66,1452.47,1469.65,1468.58,1461.70,1476.08,1493.03,1493.46,1477.81,1464.62,1469.81,1476.72,1485.71,1493.66,1493.67,1491.79,1490.98,1489.81,1487.16,1482.39,1475.11,1462.61,1451.54,1443.94,1437.56,1434.48,1424.07,1423.67,1441.37,1460.96,1476.42,1485.84,1483.82,1481.31,1491.29,1503.99,1508.04,1499.58,1483.02,1470.27,1476.82,1481.39,1485.54,1481.43,1469.70,1463.13,1450.67,1441.95,1451.90,1470.06,1479.60,1491.98,1505.50,1515.89,1518.50,1514.14,1509.44,1506.09,1513.01,1514.74,1500.76,1489.80,1491.82,1484.10,1467.52,1454.30,1454.11,1455.88,1468.71,1486.49,1501.56,1504.72,1496.78,1485.68,1481.83,1490.59,1502.93,1510.20,1513.99,1505.57,1485.65,1464.58,1443.05,1433.20,1445.58,1458.63,1454.24,1436.85,1417.07,1399.13,1387.48,1377.32,1378.41,1391.70,1406.46,1408.90,1411.95,1424.59,1430.69,1426.24,1413.48,1406.98,1413.74,1409.80,1396.14,1383.31,1366.55,1355.73,1350.23,1342.70,1337.36,1332.39,1325.68,1317.84,1304.18,1288.73,1274.45,1260.88,1247.32,1234.67,1231.44,1241.03,1235.78,1220.70,1206.98,1196.82,1187.57,1184.14,1187.28,1183.53,1183.85,1188.20,1192.93,1197.84,1204.35,1211.36,1223.76,1235.12,1245.55,1258.42,1272.36,1288.08,1303.67,1320.33,1335.69,1346.77,1348.86,1337.11,1326.14,1316.08,1305.86,1298.99,1302.28,1319.42,1336.44,1353.33,1361.62,1365.16,1361.39,1355.94,1351.72,1344.63,1337.70,1326.63,1320.37,1311.42,1309.45,1313.54,1314.68,1311.76,1303.03,1297.73,1298.00,1303.38,1311.34,1325.30,1339.77,1354.76,1368.32,1364.01,1350.65,1341.08,1338.64,1338.51,1336.66,1335.50,1335.22,1338.88,1348.28,1365.33,1380.17,1390.49,1399.04,1406.43,1415.78,1423.65,1430.00,1438.04,1449.15,1466.69,1479.81,1487.64,1496.43,1507.72,1521.18,1527.68,1525.41,1523.73,1527.07,1534.93,1542.89,1550.29,1551.75,1548.36,1543.41,1538.01,1536.24,1538.90,1542.43,1547.93
1481.45,1479.52,1467.21,1451.97,1439.72,1437.06,1448.60,1462.21,1466.57,1467.14,1474.43,1485.60,1492.75,1493.74,1492.51,1491.93,1493.86,1496.57,1496.79,1493.56,1488.74,1490.14,1494.25,1492.30,1496.29,1501.36,1503.25,1502.39,1492.09,1472.56,1462.59,1452.71,1447.24,1450.50,1448.40,1440.33,1436.83,1450.53,1464.69,1461.21,1457.01,1471.36,1486.72,1487.24,1470.96,1457.14,1460.22,1467.05,1477.50,1484.76,1484.19,1482.01,1480.78,1480.95,1482.05,1479.55,1473.63,1462.97,1449.54,1438.03,1431.12,1425.34,1418.05,1421.97,1439.00,1457.64,1472.69,1477.82,1472.53,1476.36,1489.45,1501.16,1503.84,1495.12,1475.46,1457.75,1460.46,1467.76,1474.29,1469.35,1456.85,1449.40,1440.09,1440.50,1455.73,1468.25,1477.44,1490.24,1499.70,1501.52,1501.80,1498.14,1490.62,1489.64,1500.82,1509.88,1498.49,1479.13,1472.76,1472.29,1462.74,1448.79,1444.23,1449.94,1466.13,1483.47,1492.93,1489.49,1479.94,1468.12,1466.59,1479.99,1490.40,1495.78,1504.40,1501.84,1483.43,1460.12,1437.42,1424.01,1436.06,1450.89,1453.11,1437.76,1419.56,1404.74,1388.23,1374.17,1368.60,1380.27,1390.87,1393.44,1406.23,1415.23,1420.90,1418.25,1405.45,1397.31,1405.02,1404.00,1391.34,1368.82,1354.55,1340.85,1334.71,1331.02,1327.59,1325.77,1322.85,1315.90,1301.51,1289.58,1274.57,1262.02,1247.49,1234.16,1224.93,1228.48,1230.53,1215.53,1202.72,1194.73,1187.60,1183.31,1179.79,1178.16,1177.05,1181.10,1190.80,1198.69,1209.36,1224.90,1240.98,1252.30,1259.54,1266.93,1283.63,1300.32,1313.76,1323.77,1328.42,1333.86,1338.53,1326.63,1312.32,1304.64,1296.65,1291.40,1302.36,1323.39,1337.81,1343.53,1339.74,1344.46,1339.93,1336.56,1333.26,1328.56,1323.37,1315.85,1312.54,1308.15,1298.22,1299.96,1300.60,1295.84,1290.13,1290.60,1295.64,1301.68,1311.55,1326.49,1343.67,1358.56,1365.13,1357.35,1342.27,1333.80,1332.74,1333.72,1333.04,1331.88,1334.63,1341.31,1356.03,1374.22,1387.18,1401.13,1410.95,1420.75,1431.42,1440.08,1445.44,1450.44,1453.55,1459.34,1470.07,1484.84,1498.19,1510.43,1519.76,1521.13,1518.52,1517.13,1522.94,1529.95,1535.00,1541.27,1542.35,1539.86,1536.39,1532.02,1530.71,1532.86,1537.16,1542.32
1481.33,1477.15,1462.65,1449.51,1438.49,1435.07,1442.61,1453.82,1456.86,1464.64,1478.23,1488.05,1491.27,1490.28,1489.27,1488.76,1490.94,1492.76,1492.49,1489.10,1484.55,1487.36,1490.27,1486.76,1491.47,1495.40,1495.89,1495.16,1487.64,1470.74,1454.51,1444.51,1436.88,1437.15,1437.17,1430.38,1434.88,1452.48,1462.64,1453.90,1453.47,1467.90,1481.12,1481.63,1466.56,1452.12,1450.82,1461.05,1470.39,1475.75,1474.08,1471.85,1472.72,1473.13,1475.91,1474.54,1466.87,1456.22,1445.12,1431.83,1426.14,1419.11,1412.09,1420.68,1438.61,1456.52,1467.37,1464.90,1464.42,1476.00,1487.39,1497.98,1498.65,1486.81,1469.65,1453.61,1448.46,1456.54,1462.91,1460.57,1448.61,1435.73,1431.21,1439.48,1452.29,1465.28,1479.10,1491.17,1488.31,1483.90,1483.43,1479.44,1474.07,1477.37,1491.88,1505.08,1498.06,1479.00,1459.68,1453.30,1453.15,1443.95,1436.95,1445.09,1463.84,1479.48,1484.04,1476.11,1464.42,1450.73,1453.25,1470.11,1477.56,1483.93,1494.90,1496.16,1481.96,1460.23,1438.28,1418.41,1422.67,1438.64,1447.95,1443.10,1428.52,1411.91,1391.31,1373.85,1362.49,1364.20,1374.17,1382.12,1395.08,1401.00,1410.35,1409.76,1397.55,1386.61,1396.54,1397.36,1379.63,1357.78,1345.74,1333.22,1320.94,1318.26,1315.33,1311.80,1311.14,1309.42,1303.53,1295.48,1282.10,1265.42,1247.23,1232.22,1221.03,1220.56,1223.43,1210.49,1200.73,1193.43,1187.98,1184.00,1179.95,1175.48,1172.61,1175.23,1186.26,1196.63,1212.67,1228.96,1243.77,1255.49,1263.65,1271.30,1290.20,1306.04,1314.25,1316.43,1315.39,1322.19,1328.13,1313.89,1298.58,1294.39,1287.69,1287.79,1302.67,1323.28,1332.69,1328.26,1324.52,1326.88,1325.77,1322.55,1317.08,1312.62,1310.38,1303.90,1300.86,1298.67,1289.96,1287.07,1284.88,1284.77,1286.36,1290.35,1295.91,1303.35,1314.06,1327.05,1345.34,1360.40,1360.76,1348.18,1334.90,1327.81,1327.27,1328.54,1328.22,1329.12,1334.85,1342.86,1360.13,1378.39,1392.43,1407.38,1418.45,1428.87,1440.14,1448.97,1456.46,1464.69,1470.65,1473.43,1477.60,1485.56,1499.40,1510.28,1517.16,1516.21,1512.92,1511.70,1517.51,1522.73,1526.90,1531.73,1533.77,1531.88,1528.53,1524.90,1524.38,1527.99,1534.31,1537.06
1480.75,1476.93,1459.11,1444.62,1436.42,1432.52,1437.24,1446.50,1456.12,1468.73,1480.76,1486.56,1487.94,1487.05,1485.94,1485.04,1487.06,1488.62,1487.52,1483.08,1479.78,1483.67,1483.81,1480.31,1486.91,1490.10,1489.28,1488.16,1482.57,1470.32,1459.77,1446.49,1432.51,1425.48,1424.43,1424.45,1439.83,1455.43,1457.17,1446.12,1452.26,1467.24,1477.35,1477.59,1463.58,1448.33,1442.84,1453.15,1463.56,1469.01,1463.88,1460.54,1464.88,1466.33,1469.92,1468.65,1456.43,1444.90,1435.74,1427.95,1423.20,1415.71,1407.47,1417.61,1437.91,1454.62,1459.81,1450.72,1460.64,1475.24,1484.30,1488.97,1488.27,1479.55,1467.43,1452.77,1442.58,1450.75,1453.52,1449.23,1437.96,1427.01,1427.67,1439.08,1454.31,1469.06,1481.65,1490.41,1479.68,1468.89,1466.61,1462.53,1459.51,1470.07,1486.80,1501.71,1500.54,1482.30,1460.04,1444.17,1440.22,1435.79,1431.32,1444.21,1462.10,1474.75,1474.22,1463.09,1450.88,1439.69,1443.58,1457.69,1464.04,1473.84,1487.51,1493.02,1482.21,1458.62,1436.28,1413.20,1407.65,1422.30,1432.83,1435.49,1430.47,1415.58,1395.44,1378.18,1361.92,1353.11,1356.54,1368.54,1381.61,1387.13,1399.36,1402.98,1388.21,1377.03,1388.23,1392.70,1377.07,1359.64,1348.09,1336.21,1318.18,1306.21,1301.35,1298.51,1297.42,1297.66,1298.05,1295.28,1283.28,1261.07,1246.45,1231.67,1218.65,1214.24,1214.93,1208.23,1200.68,1194.16,1188.38,1183.62,1179.35,1175.12,1170.89,1169.31,1177.84,1190.44,1208.60,1222.13,1234.71,1247.24,1259.21,1268.57,1284.98,1299.86,1303.86,1299.62,1297.65,1310.32,1316.26,1301.12,1291.31,1284.26,1279.74,1283.97,1300.20,1316.94,1322.95,1316.11,1311.32,1315.37,1315.22,1307.41,1300.84,1297.47,1297.02,1293.72,1289.99,1285.37,1280.94,1278.00,1277.37,1282.06,1287.82,1295.59,1304.02,1311.17,1320.09,1334.31,1351.91,1362.30,1355.93,1340.13,1328.69,1322.90,1321.92,1322.91,1322.17,1327.75,1336.35,1347.63,1365.02,1379.82,1394.96,1408.90,1418.68,1427.35,1435.45,1444.73,1452.60,1463.97,1478.09,1485.03,1489.89,1494.11,1503.68,1510.90,1514.98,1513.02,1507.81,1505.14,1510.01,1513.16,1517.24,1521.98,1524.49,1522.77,1520.38,1517.87,1519.34,1527.07,1533.26,1532.88
1479.67,1478.96,1462.81,1445.22,1435.78,1430.22,1434.19,1445.72,1456.72,1467.85,1478.22,1483.02,1483.40,1483.04,1482.64,1481.16,1482.73,1484.14,1482.14,1477.22,1476.62,1479.78,1476.68,1475.08,1482.16,1484.66,1483.51,1481.99,1474.82,1459.13,1453.65,1443.76,1427.85,1418.03,1417.28,1426.09,1446.15,1455.30,1448.62,1439.65,1449.46,1464.70,1473.85,1474.33,1462.66,1446.23,1437.11,1445.17,1455.75,1462.12,1458.38,1448.72,1453.99,1456.89,1462.10,1463.32,1453.63,1439.35,1427.46,1422.05,1417.89,1409.36,1402.80,1414.45,1435.44,1452.22,1449.87,1444.00,1455.45,1469.72,1476.85,1477.93,1476.18,1469.32,1457.48,1445.71,1434.33,1440.25,1442.35,1434.80,1427.38,1420.58,1428.68,1443.79,1459.49,1472.47,1482.00,1482.53,1471.51,1458.03,1448.34,1446.03,1447.81,1463.40,1479.26,1498.09,1500.17,1483.91,1462.01,1444.82,1433.62,1429.12,1426.76,1443.91,1459.99,1470.20,1466.28,1454.24,1441.27,1427.90,1433.01,1442.27,1454.30,1468.24,1483.47,1489.68,1477.81,1454.62,1432.24,1412.20,1397.05,1404.46,1416.56,1420.56,1419.99,1415.50,1404.79,1385.80,1365.00,1349.03,1344.44,1353.64,1364.67,1374.98,1388.28,1395.08,1382.26,1368.94,1379.81,1384.33,1374.21,1362.63,1351.99,1338.84,1322.52,1307.88,1297.15,1289.06,1283.54,1283.75,1286.90,1288.72,1283.07,1266.69,1252.24,1233.17,1216.71,1208.69,1207.67,1204.78,1199.68,1193.90,1188.08,1182.47,1178.68,1175.13,1171.43,1167.87,1175.29,1185.79,1198.52,1212.90,1226.08,1239.26,1250.03,1260.49,1273.47,1285.77,1287.78,1283.70,1287.17,1299.93,1305.17,1293.77,1283.29,1275.06,1273.53,1280.38,1295.20,1309.49,1310.93,1299.35,1295.84,1300.17,1299.51,1292.28,1287.72,1286.23,1286.48,1282.78,1278.09,1273.90,1272.01,1271.35,1274.48,1280.91,1294.13,1307.20,1319.28,1327.96,1331.17,1339.85,1354.64,1360.72,1349.16,1332.99,1321.55,1316.84,1316.64,1317.06,1316.25,1324.68,1338.91,1355.26,1369.01,1380.84,1394.75,1404.16,1410.66,1416.85,1423.51,1433.47,1440.98,1451.11,1466.65,1482.06,1490.00,1497.95,1505.68,1511.19,1512.72,1509.74,1501.70,1498.24,1502.48,1505.38,1509.77,1514.17,1515.02,1513.01,1512.21,1512.25,1519.57,1527.14,1531.34,1528.76
1479.58,1479.30,1463.61,1447.78,1436.93,1429.57,1430.81,1442.00,1453.78,1464.48,1473.49,1478.23,1477.94,1478.78,1479.48,1477.08,1478.21,1479.72,1476.06,1471.45,1474.62,1474.24,1468.40,1470.48,1477.08,1479.17,1477.72,1475.79,1464.37,1446.10,1437.84,1433.84,1420.96,1412.48,1416.93,1430.12,1448.17,1451.66,1441.28,1434.69,1447.53,1462.56,1471.40,1472.56,1461.44,1445.43,1432.49,1436.94,1448.05,1455.04,1453.93,1441.59,1441.50,1446.98,1456.11,1459.70,1451.34,1439.14,1425.99,1415.78,1410.41,1400.29,1396.95,1412.43,1432.26,1448.54,1441.13,1438.45,1448.70,1459.53,1464.03,1460.57,1459.34,1455.21,1448.36,1438.61,1426.68,1429.47,1433.00,1421.47,1414.82,1417.13,1428.73,1444.43,1459.88,1471.94,1476.19,1467.75,1456.77,1448.26,1437.47,1431.32,1438.53,1453.78,1471.48,1493.10,1496.10,1482.79,1462.70,1445.45,1432.21,1420.99,1422.22,1441.86,1457.35,1464.43,1458.61,1445.90,1428.54,1416.81,1423.26,1439.74,1458.10,1470.95,1480.72,1484.43,1474.58,1454.63,1433.16,1411.47,1393.31,1391.79,1399.22,1401.35,1400.93,1403.23,1402.54,1389.21,1367.91,1349.19,1337.25,1339.94,1348.93,1362.91,1377.04,1384.66,1375.57,1360.27,1367.26,1372.75,1359.73,1351.35,1347.20,1337.65,1324.51,1313.40,1300.91,1291.14,1277.61,1267.88,1271.19,1275.88,1275.73,1263.62,1247.11,1227.69,1214.68,1206.94,1203.13,1199.43,1195.78,1191.05,1186.29,1181.28,1177.92,1175.30,1172.60,1168.71,1168.34,1178.68,1190.65,1208.34,1221.25,1232.19,1240.78,1253.34,1267.96,1275.84,1273.12,1271.44,1282.21,1292.89,1295.00,1284.11,1273.41,1265.13,1267.91,1277.96,1291.52,1301.56,1299.09,1288.91,1284.51,1288.10,1286.71,1280.39,1275.94,1274.19,1272.84,1269.53,1267.15,1265.57,1265.18,1269.01,1276.83,1285.74,1300.59,1314.68,1329.24,1340.92,1348.51,1349.98,1358.66,1354.26,1339.97,1326.66,1316.09,1310.57,1311.45,1310.95,1311.78,1326.03,1342.82,1357.51,1366.77,1376.82,1387.90,1389.88,1394.93,1402.70,1410.72,1418.57,1425.45,1437.64,1454.69,1472.70,1484.67,1494.44,1503.52,1508.39,1509.57,1505.14,1496.67,1490.94,1493.51,1499.77,1504.57,1507.12,1506.34,1504.84,1505.96,1512.13,1519.80,1524.63,1527.39,1523.91
1480.15,1480.41,1472.50,1457.35,1443.96,1431.03,1427.34,1436.62,1447.00,1457.90,1466.83,1470.91,1471.30,1474.13,1476.64,1473.60,1472.00,1473.68,1470.38,1468.62,1472.90,1470.62,1463.24,1465.17,1471.10,1473.48,1471.92,1470.33,1460.81,1442.81,1425.63,1419.22,1411.66,1407.24,1416.30,1431.27,1446.99,1446.15,1433.30,1431.61,1448.73,1462.30,1468.87,1470.72,1459.81,1443.55,1428.07,1426.91,1437.88,1446.77,1446.46,1435.00,1434.09,1442.29,1452.14,1454.18,1445.41,1434.43,1423.49,1411.23,1402.89,1392.70,1391.45,1408.49,1430.14,1443.59,1435.87,1431.87,1440.15,1447.76,1450.68,1445.71,1447.05,1448.41,1442.92,1433.36,1419.53,1420.97,1421.90,1409.68,1410.11,1419.49,1433.74,1447.88,1462.13,1467.79,1461.23,1452.95,1442.00,1433.93,1427.42,1421.95,1433.37,1448.83,1467.76,1484.74,1488.53,1478.69,1462.05,1444.95,1430.05,1414.68,1417.00,1436.73,1452.05,1457.40,1449.21,1433.65,1412.55,1408.79,1421.35,1437.43,1452.00,1468.09,1473.80,1477.17,1472.54,1457.04,1436.59,1415.54,1398.38,1383.90,1381.66,1382.06,1382.19,1385.70,1390.92,1387.21,1369.18,1352.84,1338.39,1331.69,1338.09,1350.28,1364.75,1372.79,1366.55,1350.98,1351.63,1356.52,1347.12,1336.47,1335.62,1333.36,1323.34,1311.71,1299.55,1291.88,1280.90,1263.28,1258.86,1264.23,1266.01,1254.24,1237.07,1224.04,1213.97,1205.67,1200.58,1196.78,1192.77,1188.98,1185.24,1181.17,1177.74,1174.32,1171.63,1168.15,1162.35,1169.19,1183.12,1201.06,1212.03,1222.61,1236.45,1251.79,1263.46,1263.85,1257.49,1263.98,1277.62,1287.89,1285.03,1274.96,1265.52,1257.92,1261.63,1273.16,1284.97,1291.50,1288.22,1279.61,1273.91,1274.51,1272.89,1268.14,1264.78,1262.99,1259.28,1257.93,1258.76,1259.03,1262.01,1271.37,1283.33,1295.97,1306.98,1317.21,1329.50,1343.64,1352.41,1353.37,1352.05,1346.74,1334.20,1322.66,1312.30,1305.18,1304.07,1303.17,1311.65,1328.33,1342.66,1350.63,1355.28,1360.97,1368.03,1371.65,1380.58,1389.49,1395.44,1401.07,1415.84,1431.12,1447.37,1465.11,1479.49,1490.32,1499.35,1503.49,1504.47,1500.71,1492.01,1486.32,1489.11,1496.05,1500.64,1500.36,1497.80,1498.36,1505.23,1512.50,1517.47,1520.98,1522.81,1521.24
1479.76,1480.39,1479.60,1467.82,1452.08,1434.61,1424.98,1430.49,1439.89,1447.93,1456.51,1461.50,1464.98,1471.34,1474.43,1472.07,1468.51,1467.99,1465.95,1466.14,1470.85,1467.67,1458.22,1458.44,1463.74,1467.16,1465.49,1464.04,1460.47,1445.07,1424.61,1412.19,1403.46,1403.61,1414.13,1428.86,1441.97,1438.76,1426.54,1429.21,1445.87,1459.59,1465.85,1465.35,1455.94,1442.14,1425.43,1418.22,1425.68,1433.29,1433.33,1426.72,1432.02,1442.16,1449.43,1448.86,1438.31,1424.38,1413.92,1403.65,1394.78,1386.69,1387.15,1404.37,1427.04,1439.95,1433.35,1422.05,1429.28,1435.02,1435.61,1432.12,1436.77,1440.19,1435.61,1429.01,1416.39,1411.17,1410.99,1401.42,1411.69,1426.23,1441.77,1453.55,1462.60,1458.82,1447.30,1439.82,1429.85,1421.41,1415.85,1413.01,1430.76,1447.88,1460.17,1471.00,1477.87,1472.47,1458.41,1441.73,1424.64,1409.93,1410.70,1428.77,1443.24,1445.82,1437.16,1418.21,1401.73,1403.12,1415.60,1431.85,1447.94,1460.34,1463.32,1468.18,1469.11,1460.96,1446.56,1426.72,1409.88,1390.81,1374.93,1369.69,1370.15,1370.64,1374.65,1376.56,1369.32,1358.46,1342.68,1328.15,1328.14,1338.46,1352.03,1359.63,1354.88,1342.76,1336.89,1341.46,1336.61,1325.88,1324.64,1327.76,1321.13,1306.68,1296.20,1290.52,1281.80,1266.70,1254.47,1250.91,1253.78,1249.24,1234.83,1223.07,1213.56,1204.77,1198.26,1194.40,1191.10,1188.21,1184.89,1181.33,1177.55,1173.51,1169.72,1165.75,1160.94,1164.03,1176.67,1194.16,1206.26,1220.04,1238.43,1252.36,1255.16,1249.28,1246.24,1258.09,1270.78,1282.74,1280.70,1269.63,1258.38,1251.64,1255.97,1264.80,1274.31,1277.57,1274.84,1268.56,1262.18,1261.28,1259.20,1257.01,1253.91,1251.02,1249.48,1250.81,1253.33,1259.35,1266.43,1277.76,1286.83,1299.61,1315.36,1326.19,1332.78,1344.74,1352.15,1347.71,1336.99,1333.47,1323.93,1311.15,1302.76,1299.25,1298.00,1302.21,1312.51,1325.97,1335.43,1340.41,1342.30,1347.34,1353.74,1361.05,1370.42,1378.12,1388.16,1402.04,1413.62,1427.05,1440.84,1457.63,1474.42,1487.36,1494.24,1497.54,1498.60,1493.91,1485.89,1481.78,1486.41,1492.24,1495.08,1493.66,1489.77,1494.21,1502.40,1507.91,1512.38,1515.63,1518.07,1519.01
1478.73,1480.05,1480.17,1474.07,1457.04,1439.34,1427.13,1421.76,1428.34,1437.52,1445.91,1454.47,1463.02,1469.74,1472.53,1471.79,1467.76,1463.06,1462.31,1462.02,1466.26,1464.54,1454.63,1452.39,1457.28,1460.21,1457.62,1455.90,1454.00,1443.73,1425.58,1412.03,1400.15,1399.63,1410.33,1424.24,1436.39,1433.46,1421.48,1423.33,1437.72,1453.37,1462.45,1458.89,1451.74,1442.98,1427.53,1415.02,1415.94,1422.34,1422.64,1419.89,1433.03,1441.79,1444.94,1439.05,1427.92,1419.72,1407.64,1395.89,1387.43,1380.11,1385.94,1405.92,1424.48,1435.73,1430.34,1413.06,1412.82,1419.76,1422.38,1422.73,1430.77,1431.18,1423.87,1419.86,1412.30,1404.76,1401.96,1397.14,1412.40,1426.93,1439.23,1450.95,1459.70,1453.62,1436.45,1427.32,1421.22,1410.05,1402.67,1404.18,1423.85,1438.72,1446.23,1453.65,1464.97,1463.09,1447.34,1431.64,1417.63,1404.40,1404.45,1419.35,1432.66,1431.91,1422.46,1404.76,1395.31,1398.44,1408.93,1425.97,1439.40,1445.21,1449.09,1462.13,1467.66,1461.70,1446.77,1428.67,1412.28,1397.07,1381.67,1368.21,1359.14,1356.29,1355.72,1357.48,1355.87,1349.76,1340.97,1327.73,1318.25,1324.19,1335.35,1342.92,1343.53,1336.91,1327.44,1329.68,1325.91,1315.52,1313.44,1318.95,1318.15,1308.84,1296.32,1287.77,1285.25,1275.16,1259.96,1247.95,1239.93,1236.26,1226.38,1217.25,1210.45,1204.38,1198.89,1193.62,1189.35,1186.77,1184.19,1181.40,1177.71,1173.56,1169.41,1165.19,1161.01,1159.06,1169.32,1187.92,1205.84,1222.77,1240.38,1248.10,1242.86,1232.70,1239.27,1252.66,1263.89,1277.44,1278.92,1266.29,1253.05,1245.45,1249.25,1255.96,1262.63,1264.88,1260.01,1254.09,1252.28,1251.17,1248.68,1245.92,1244.75,1243.99,1245.74,1252.93,1262.44,1268.47,1278.09,1284.34,1291.64,1306.48,1322.42,1335.30,1344.19,1352.32,1349.21,1337.25,1323.30,1317.83,1307.93,1299.56,1296.47,1294.67,1296.20,1303.49,1312.42,1319.19,1324.14,1329.99,1335.57,1343.07,1353.00,1362.62,1374.41,1384.30,1396.07,1407.84,1423.22,1435.97,1446.91,1459.55,1472.96,1482.51,1486.60,1490.50,1492.56,1486.17,1479.08,1476.94,1482.58,1487.40,1489.51,1488.69,1484.50,1489.17,1495.18,1500.22,1506.02,1510.19,1513.09,1515.47
1477.31,1479.14,1479.75,1475.15,1461.30,1447.52,1435.26,1422.53,1418.40,1426.84,1439.17,1453.27,1462.90,1468.18,1470.23,1469.66,1465.23,1459.26,1458.65,1457.40,1460.70,1461.67,1451.88,1446.42,1452.21,1454.07,1448.09,1446.80,1447.08,1440.45,1423.85,1407.80,1395.70,1393.24,1403.91,1418.92,1431.43,1430.34,1416.29,1417.91,1435.51,1452.66,1457.18,1450.92,1445.74,1441.88,1429.96,1414.62,1407.94,1413.33,1413.30,1419.55,1432.12,1436.53,1437.89,1431.61,1418.26,1409.73,1403.19,1390.23,1380.64,1375.09,1384.34,1401.61,1419.87,1433.16,1430.61,1411.61,1400.43,1404.68,1410.28,1412.41,1422.30,1424.76,1417.96,1409.71,1406.11,1397.43,1392.96,1393.91,1409.35,1422.78,1432.65,1447.25,1454.70,1446.70,1430.22,1415.23,1411.33,1403.00,1393.54,1397.68,1415.01,1426.41,1432.53,1439.10,1451.71,1455.15,1440.92,1423.41,1408.92,1396.28,1397.39,1410.95,1422.83,1421.80,1412.80,1397.89,1389.30,1390.92,1399.73,1412.38,1424.37,1432.14,1444.00,1459.28,1466.43,1461.03,1449.22,1432.96,1421.79,1412.49,1395.66,1379.04,1363.60,1348.45,1341.51,1338.63,1335.17,1330.44,1325.92,1320.19,1311.01,1313.00,1320.40,1327.76,1333.85,1333.82,1324.40,1315.41,1313.87,1306.59,1300.73,1305.00,1307.03,1306.40,1297.53,1282.50,1282.49,1280.77,1268.50,1255.24,1243.53,1231.38,1222.24,1215.06,1208.63,1204.04,1199.76,1194.12,1189.05,1185.17,1182.14,1179.59,1176.77,1173.27,1168.81,1162.73,1159.16,1156.24,1158.87,1177.11,1203.54,1222.99,1238.41,1238.07,1228.69,1219.78,1233.82,1246.31,1258.38,1272.36,1276.12,1263.25,1248.74,1240.74,1241.30,1247.26,1250.55,1249.58,1243.93,1242.38,1241.27,1238.45,1238.54,1238.13,1238.12,1239.34,1248.20,1263.04,1275.26,1281.12,1287.34,1292.49,1295.57,1304.91,1323.84,1337.88,1348.04,1352.43,1342.90,1327.76,1315.87,1307.56,1298.76,1294.95,1292.44,1290.91,1295.82,1302.31,1308.82,1316.82,1326.21,1336.60,1345.89,1355.07,1361.05,1367.36,1380.26,1393.12,1405.57,1416.79,1433.68,1447.05,1457.88,1465.85,1472.95,1475.58,1478.08,1484.51,1487.62,1481.15,1474.76,1471.95,1478.83,1483.03,1485.28,1483.70,1478.91,1481.52,1488.33,1494.47,1499.87,1504.06,1507.53,1511.52
1475.83,1477.55,1478.14,1475.31,1468.08,1458.67,1447.01,1429.03,1416.64,1420.02,1434.18,1449.02,1461.06,1466.01,1466.83,1466.40,1462.71,1457.16,1454.33,1453.71,1456.41,1456.32,1446.26,1440.53,1447.36,1448.32,1437.88,1438.82,1440.82,1434.95,1422.68,1407.64,1394.26,1388.05,1398.11,1414.28,1424.29,1419.93,1409.38,1418.29,1437.44,1449.70,1449.51,1441.30,1437.20,1436.67,1427.19,1410.90,1402.44,1403.71,1408.63,1421.66,1427.83,1425.46,1426.70,1425.74,1413.79,1397.57,1392.78,1385.90,1374.25,1371.10,1385.90,1405.01,1420.25,1432.19,1431.93,1417.76,1400.91,1391.13,1396.20,1401.99,1411.10,1415.80,1412.88,1404.22,1397.85,1389.42,1386.92,1390.06,1403.61,1419.20,1431.63,1446.12,1448.77,1437.75,1422.62,1408.42,1400.66,1395.09,1387.33,1391.58,1406.39,1412.26,1416.68,1426.22,1441.05,1449.69,1439.63,1421.35,1403.21,1388.54,1389.70,1402.72,1412.89,1407.62,1400.58,1389.66,1379.80,1384.29,1396.78,1411.53,1423.82,1435.17,1447.99,1460.72,1466.03,1465.40,1458.23,1444.91,1438.69,1426.28,1408.99,1394.81,1376.78,1358.84,1348.44,1339.68,1330.03,1324.12,1316.77,1308.79,1302.05,1302.40,1309.29,1314.81,1323.57,1329.63,1325.82,1313.81,1305.70,1298.90,1290.45,1291.08,1294.95,1301.51,1297.65,1280.75,1275.87,1280.26,1275.33,1262.61,1252.03,1240.76,1228.84,1217.63,1208.38,1203.51,1199.23,1193.46,1188.32,1183.64,1180.26,1176.25,1173.35,1170.92,1165.99,1159.56,1156.66,1154.23,1155.69,1168.72,1197.64,1217.52,1230.08,1227.25,1213.63,1210.47,1226.35,1238.24,1253.73,1269.41,1272.80,1257.89,1244.09,1237.66,1233.82,1237.82,1238.13,1236.18,1233.38,1233.43,1232.22,1230.29,1230.59,1231.43,1234.32,1241.59,1257.52,1276.30,1289.36,1294.42,1296.00,1298.50,1304.45,1308.21,1320.03,1337.13,1351.40,1347.81,1335.98,1321.19,1306.13,1295.49,1291.13,1289.96,1287.09,1289.06,1297.67,1305.10,1313.09,1323.73,1337.27,1350.64,1360.33,1370.01,1375.69,1378.77,1384.89,1395.83,1410.94,1425.05,1439.70,1450.23,1457.85,1462.18,1466.84,1467.83,1471.89,1481.44,1485.18,1479.32,1471.73,1467.32,1473.16,1477.98,1481.20,1480.65,1475.08,1474.29,1480.00,1486.32,1491.34,1496.45,1500.30,1505.03
1474.38,1475.94,1476.29,1473.94,1470.39,1462.36,1449.00,1431.09,1415.46,1415.29,1429.37,1444.83,1458.66,1463.07,1462.46,1462.99,1460.96,1455.56,1451.01,1450.30,1452.28,1451.25,1440.03,1436.15,1442.28,1441.76,1429.70,1426.61,1428.96,1425.83,1416.90,1403.28,1390.47,1384.15,1397.08,1412.45,1415.40,1405.95,1406.47,1422.08,1437.32,1440.09,1438.14,1429.32,1426.22,1428.59,1420.48,1405.20,1395.91,1396.63,1410.87,1422.49,1422.55,1412.57,1409.23,1414.21,1410.12,1396.74,1386.15,1380.42,1368.21,1369.45,1386.82,1406.24,1419.93,1430.90,1431.82,1420.16,1403.72,1388.88,1382.64,1391.23,1402.57,1405.95,1406.01,1399.60,1388.78,1383.16,1382.89,1390.04,1406.77,1422.19,1434.79,1444.14,1443.49,1431.55,1414.47,1402.76,1395.44,1385.19,1378.97,1385.34,1396.91,1401.19,1405.10,1419.42,1434.36,1441.43,1433.84,1417.08,1396.24,1380.94,1383.25,1395.08,1401.55,1395.35,1388.67,1379.41,1371.30,1380.84,1399.11,1414.39,1427.11,1436.80,1447.21,1459.36,1465.29,1465.91,1461.58,1456.35,1448.83,1435.14,1422.18,1406.96,1386.53,1375.84,1364.81,1351.92,1346.20,1337.94,1328.03,1315.76,1303.77,1296.98,1298.82,1302.91,1311.98,1318.64,1324.35,1321.03,1312.23,1300.66,1288.99,1279.00,1283.71,1295.10,1296.03,1282.08,1268.98,1270.83,1274.34,1270.94,1260.26,1251.88,1239.16,1223.58,1211.75,1202.82,1196.22,1190.25,1185.18,1181.12,1177.08,1172.85,1169.47,1166.43,1162.25,1157.83,1154.65,1152.15,1153.01,1165.53,1187.84,1207.28,1218.12,1212.47,1202.32,1203.62,1216.41,1233.65,1251.18,1266.27,1268.52,1253.18,1240.03,1234.00,1228.33,1229.09,1230.39,1226.94,1222.45,1222.12,1222.76,1223.67,1226.60,1232.22,1240.48,1253.22,1270.50,1290.25,1303.22,1308.37,1309.36,1308.65,1311.03,1321.06,1330.38,1342.81,1353.96,1340.28,1324.89,1313.43,1299.13,1288.81,1285.51,1284.13,1282.64,1290.31,1300.29,1306.61,1314.63,1326.58,1341.93,1354.04,1366.09,1376.68,1383.74,1390.52,1396.86,1399.88,1413.72,1427.51,1436.62,1442.62,1444.12,1448.34,1455.02,1461.20,1470.91,1480.26,1483.11,1476.79,1467.82,1462.60,1467.37,1471.38,1475.89,1477.16,1472.44,1467.81,1471.19,1476.15,1483.26,1487.98,1491.48,1494.76
1473.08,1474.30,1474.80,1472.74,1469.53,1462.42,1447.07,1429.40,1412.96,1412.09,1425.09,1442.16,1455.54,1460.10,1458.28,1459.37,1458.66,1454.09,1448.96,1446.96,1449.14,1446.94,1434.44,1430.36,1436.49,1435.72,1426.12,1416.29,1416.60,1415.11,1406.06,1391.85,1380.88,1380.54,1400.80,1411.87,1405.44,1400.12,1413.20,1428.68,1434.29,1426.98,1424.63,1417.36,1408.78,1415.24,1413.40,1400.93,1390.14,1394.72,1412.52,1420.79,1414.76,1401.61,1393.65,1398.04,1401.40,1394.77,1384.68,1372.18,1360.36,1367.30,1386.03,1403.16,1416.72,1427.79,1430.78,1423.87,1411.32,1396.03,1380.90,1378.67,1391.05,1394.67,1398.66,1394.64,1383.98,1376.66,1377.73,1389.13,1406.27,1423.62,1436.20,1442.40,1441.75,1430.56,1413.36,1399.97,1386.43,1377.46,1372.66,1379.00,1385.63,1389.36,1400.00,1413.72,1425.69,1434.90,1429.51,1411.05,1389.14,1374.33,1376.01,1388.16,1393.49,1387.32,1376.34,1368.31,1366.84,1378.52,1394.85,1406.47,1415.07,1426.18,1437.82,1452.22,1463.06,1465.73,1464.94,1461.81,1451.78,1438.56,1425.53,1408.10,1399.71,1395.19,1377.05,1366.12,1361.82,1353.28,1340.91,1324.76,1312.03,1300.30,1290.60,1292.34,1296.56,1304.85,1315.34,1320.37,1317.72,1308.63,1294.07,1279.25,1275.83,1287.68,1293.84,1285.65,1268.92,1259.64,1263.51,1266.90,1265.26,1258.12,1249.79,1233.82,1219.91,1205.28,1193.65,1187.76,1182.56,1177.60,1172.87,1168.84,1165.64,1162.20,1158.88,1155.65,1152.53,1149.62,1152.18,1164.71,1181.66,1197.96,1205.54,1199.68,1192.65,1202.19,1216.55,1236.26,1250.52,1260.54,1259.20,1248.91,1236.36,1228.79,1224.61,1222.63,1223.72,1217.80,1214.04,1215.95,1219.59,1225.78,1232.48,1240.97,1249.41,1261.53,1275.46,1291.59,1304.01,1313.37,1320.22,1322.19,1321.62,1333.64,1342.65,1353.60,1355.90,1336.68,1318.66,1305.64,1292.99,1285.36,1281.26,1279.26,1279.77,1290.59,1299.04,1304.43,1312.15,1324.47,1339.26,1350.66,1362.77,1373.90,1382.78,1395.52,1403.78,1409.54,1417.66,1424.25,1428.30,1430.28,1431.85,1440.81,1453.58,1464.06,1472.28,1479.09,1481.58,1475.76,1465.75,1457.98,1460.36,1463.65,1469.77,1473.06,1471.65,1463.53,1462.56,1470.74,1476.26,1477.39,1477.36,1481.58
1471.42,1472.66,1473.24,1471.58,1468.26,1461.80,1445.35,1427.64,1410.09,1408.91,1422.12,1438.93,1452.06,1457.45,1455.46,1454.63,1454.88,1452.36,1446.42,1444.43,1446.66,1442.54,1431.83,1422.29,1428.02,1427.93,1421.37,1408.18,1404.14,1404.26,1394.89,1379.88,1371.87,1381.69,1402.86,1407.15,1396.71,1404.96,1419.37,1431.99,1429.01,1415.16,1408.36,1403.55,1396.19,1403.61,1404.55,1392.76,1384.76,1394.32,1411.08,1416.15,1407.33,1392.38,1381.76,1385.37,1390.33,1384.09,1375.30,1360.63,1353.29,1363.09,1382.15,1398.92,1412.30,1421.85,1427.16,1424.10,1414.12,1399.61,1385.90,1372.17,1375.32,1380.28,1387.64,1387.07,1377.20,1369.50,1375.84,1390.12,1407.06,1423.24,1433.95,1438.14,1436.11,1425.47,1411.03,1398.93,1381.27,1369.57,1364.96,1371.68,1375.05,1381.53,1392.28,1403.64,1417.13,1429.27,1428.88,1409.58,1385.77,1369.63,1368.28,1380.43,1386.92,1379.27,1367.12,1361.12,1364.10,1374.01,1383.36,1393.30,1405.35,1420.45,1432.80,1446.18,1459.27,1464.40,1464.86,1461.46,1451.60,1438.88,1427.19,1420.41,1415.32,1406.82,1395.13,1386.22,1375.91,1360.40,1343.78,1327.46,1315.17,1303.79,1290.85,1286.15,1287.19,1294.65,1304.85,1310.10,1312.57,1309.90,1296.39,1281.57,1269.26,1278.41,1289.37,1286.80,1273.53,1259.40,1251.36,1253.19,1256.69,1257.12,1253.58,1244.12,1228.16,1211.14,1196.16,1187.35,1181.30,1176.00,1171.03,1167.00,1163.58,1160.06,1156.62,1153.41,1150.01,1147.11,1154.84,1164.71,1178.68,1191.49,1193.13,1185.87,1189.14,1205.03,1223.11,1239.33,1247.43,1250.60,1244.20,1240.85,1230.53,1219.63,1218.11,1216.98,1218.63,1211.08,1211.54,1218.40,1223.51,1229.65,1237.73,1247.36,1252.29,1259.04,1271.48,1283.92,1293.85,1304.39,1314.24,1326.74,1334.15,1341.52,1354.42,1359.43,1346.36,1326.64,1313.39,1301.69,1288.72,1280.47,1276.60,1274.55,1278.85,1288.98,1294.44,1299.94,1310.43,1320.65,1332.70,1341.99,1354.00,1365.53,1379.06,1394.75,1403.51,1408.85,1413.25,1415.54,1417.62,1421.56,1433.47,1446.32,1457.25,1465.58,1471.88,1476.53,1479.99,1475.52,1466.33,1455.62,1452.19,1455.24,1462.71,1467.12,1466.80,1459.57,1459.49,1469.60,1468.38,1462.50,1459.55,1463.82
1469.78,1471.33,1471.24,1469.55,1466.21,1460.65,1443.99,1426.09,1407.67,1405.21,1419.51,1436.01,1450.18,1455.04,1453.68,1450.69,1449.99,1445.78,1440.09,1442.81,1444.36,1439.91,1425.95,1413.71,1413.59,1417.15,1413.84,1403.05,1395.93,1396.08,1385.94,1371.26,1368.29,1382.71,1398.41,1397.05,1391.52,1407.12,1421.88,1430.79,1421.66,1406.26,1396.00,1393.64,1387.69,1394.47,1394.15,1382.35,1380.94,1394.74,1408.39,1411.47,1404.84,1390.67,1377.39,1375.70,1378.97,1371.01,1358.17,1349.45,1350.77,1364.58,1383.71,1400.40,1413.52,1421.23,1424.38,1422.25,1415.65,1405.09,1393.88,1375.50,1364.96,1367.70,1377.38,1380.09,1369.11,1365.64,1376.75,1393.35,1410.76,1423.42,1427.97,1425.95,1422.20,1415.99,1407.04,1396.00,1379.15,1364.42,1357.53,1362.66,1365.96,1374.30,1386.77,1401.12,1415.74,1427.34,1428.45,1408.77,1386.89,1368.14,1360.34,1369.71,1377.98,1371.20,1360.25,1355.18,1358.83,1368.85,1380.94,1394.84,1410.03,1425.69,1435.20,1443.72,1451.94,1459.63,1460.64,1457.81,1451.66,1443.66,1436.71,1430.97,1421.78,1405.81,1394.22,1384.77,1373.37,1358.05,1343.66,1334.22,1323.61,1310.67,1298.00,1285.01,1280.36,1284.12,1293.24,1300.30,1304.96,1306.18,1299.98,1285.95,1270.19,1264.77,1278.60,1281.78,1273.97,1263.66,1249.09,1239.68,1241.27,1248.10,1251.95,1247.49,1232.09,1213.39,1196.89,1186.82,1179.11,1174.17,1169.57,1164.88,1161.59,1158.73,1155.72,1152.58,1149.18,1145.47,1150.59,1161.78,1171.71,1182.78,1179.93,1177.68,1189.26,1205.02,1223.01,1233.00,1234.89,1235.80,1228.13,1227.23,1222.91,1214.37,1211.20,1211.72,1213.42,1208.07,1210.98,1219.05,1224.57,1229.85,1238.69,1249.35,1258.04,1261.94,1266.20,1276.82,1285.95,1298.10,1311.04,1324.85,1336.79,1346.13,1357.73,1355.29,1333.98,1317.13,1303.83,1292.83,1281.04,1274.37,1271.41,1272.21,1279.91,1286.88,1293.73,1301.42,1307.76,1314.26,1324.04,1333.21,1348.17,1362.76,1377.74,1392.31,1400.31,1402.40,1404.99,1407.29,1414.28,1425.86,1439.43,1451.42,1460.10,1464.83,1466.73,1470.10,1476.50,1474.02,1467.43,1456.45,1447.57,1449.03,1455.89,1457.37,1456.69,1454.52,1460.58,1465.29,1460.24,1448.38,1442.02,1444.55
1468.21,1469.81,1469.58,1466.79,1463.38,1456.81,1440.43,1424.05,1405.73,1400.77,1416.87,1433.84,1447.74,1452.88,1452.55,1448.64,1442.65,1438.13,1438.17,1441.96,1442.89,1439.40,1423.58,1410.30,1401.99,1404.23,1404.57,1397.86,1389.80,1390.78,1378.85,1364.80,1367.14,1380.23,1387.40,1383.59,1389.28,1405.85,1420.38,1427.40,1416.33,1398.78,1386.51,1383.93,1380.17,1386.18,1382.30,1372.40,1381.38,1397.17,1403.97,1401.76,1397.01,1385.56,1372.18,1363.04,1364.87,1357.41,1347.45,1345.14,1351.31,1368.97,1388.59,1404.59,1416.86,1422.03,1423.11,1421.40,1416.77,1409.47,1402.12,1387.30,1368.44,1357.76,1364.02,1368.63,1360.51,1363.04,1374.93,1391.65,1409.31,1420.32,1417.73,1409.86,1406.38,1404.72,1401.38,1387.07,1371.58,1358.03,1351.91,1356.05,1360.20,1375.16,1391.09,1404.08,1417.16,1428.75,1429.22,1410.86,1387.73,1367.59,1354.34,1355.29,1362.78,1363.19,1356.70,1349.36,1356.76,1370.36,1385.20,1398.78,1414.04,1428.29,1433.13,1434.44,1444.96,1449.57,1450.03,1449.62,1446.64,1442.71,1438.27,1429.31,1416.53,1398.87,1381.44,1366.04,1356.33,1345.89,1337.05,1330.85,1322.69,1312.01,1298.63,1284.91,1277.00,1274.54,1278.02,1286.49,1295.30,1300.63,1300.29,1289.93,1273.35,1257.38,1262.03,1267.08,1265.70,1262.68,1254.22,1239.83,1230.27,1237.13,1245.63,1245.87,1235.66,1217.78,1200.63,1190.82,1179.16,1171.01,1166.73,1162.13,1159.03,1156.35,1153.60,1151.05,1148.01,1144.17,1144.45,1154.91,1160.73,1172.79,1170.94,1174.94,1190.49,1206.19,1219.95,1220.93,1219.26,1218.69,1214.60,1214.25,1212.99,1207.51,1205.22,1208.72,1209.58,1205.20,1207.72,1216.65,1225.60,1235.53,1241.65,1245.99,1257.21,1271.26,1276.47,1279.65,1284.40,1293.18,1306.66,1319.13,1334.05,1346.47,1355.50,1348.29,1329.51,1314.80,1299.59,1284.24,1273.75,1268.28,1266.73,1272.03,1280.60,1287.25,1292.33,1295.92,1301.70,1314.57,1324.35,1331.56,1341.38,1353.29,1370.04,1382.38,1391.17,1395.38,1399.42,1406.78,1418.08,1430.36,1440.18,1449.01,1455.19,1457.70,1457.00,1466.49,1473.87,1472.22,1466.34,1456.99,1445.28,1441.23,1446.37,1445.40,1447.52,1453.32,1459.39,1456.13,1447.19,1433.64,1428.11,1431.58
1466.57,1468.03,1467.95,1465.71,1462.09,1453.05,1437.84,1421.92,1404.25,1399.06,1414.33,1431.17,1442.79,1449.79,1451.15,1448.51,1441.34,1434.60,1436.24,1439.66,1440.33,1438.49,1422.99,1407.68,1395.28,1390.52,1392.22,1389.28,1383.10,1383.50,1371.63,1359.82,1363.69,1372.37,1373.23,1375.73,1391.64,1407.14,1419.59,1424.38,1413.51,1395.55,1381.60,1375.53,1373.38,1377.01,1371.52,1368.39,1383.88,1399.69,1394.05,1384.01,1384.11,1378.94,1365.12,1352.19,1352.48,1345.28,1341.01,1345.29,1356.53,1375.84,1393.01,1408.34,1418.91,1421.76,1420.64,1418.72,1413.61,1409.87,1404.36,1395.17,1377.47,1357.86,1351.77,1356.65,1354.67,1362.17,1373.08,1389.64,1408.42,1414.65,1407.66,1396.33,1390.88,1394.07,1390.84,1377.10,1361.73,1350.01,1346.97,1351.09,1358.42,1374.56,1393.14,1409.23,1423.13,1430.68,1429.25,1413.27,1389.69,1371.55,1353.80,1346.47,1346.24,1348.43,1345.46,1341.66,1353.45,1365.23,1377.61,1392.08,1408.77,1417.42,1420.22,1428.18,1438.22,1436.18,1435.27,1438.17,1439.72,1438.40,1436.41,1429.03,1416.03,1400.20,1382.85,1362.46,1347.33,1333.13,1322.94,1317.96,1311.77,1301.58,1292.54,1284.95,1278.04,1271.15,1268.48,1272.88,1280.45,1288.10,1291.54,1287.80,1274.84,1255.74,1250.02,1252.28,1252.28,1253.30,1251.02,1243.68,1232.48,1225.73,1236.74,1242.37,1237.70,1223.84,1207.47,1194.12,1180.31,1170.04,1164.04,1159.96,1156.84,1153.97,1151.07,1148.51,1145.97,1142.81,1140.27,1146.42,1153.29,1159.91,1160.84,1170.65,1186.78,1203.10,1214.11,1214.73,1210.11,1208.57,1205.90,1203.84,1202.71,1199.38,1201.16,1204.62,1205.05,1201.59,1202.81,1214.73,1226.40,1240.10,1251.62,1254.52,1253.31,1268.59,1285.10,1294.28,1294.50,1295.75,1309.01,1324.45,1339.89,1354.27,1349.78,1334.20,1318.74,1307.39,1293.02,1275.52,1263.85,1261.70,1265.87,1272.22,1277.69,1281.69,1287.40,1297.84,1309.85,1322.32,1332.74,1341.38,1348.59,1356.75,1370.37,1382.30,1390.84,1398.33,1403.71,1411.68,1422.04,1430.92,1436.12,1440.80,1442.99,1443.16,1447.37,1463.31,1471.47,1469.24,1464.09,1455.90,1442.37,1433.28,1434.70,1440.81,1450.36,1452.36,1450.40,1444.12,1427.88,1417.39,1413.81,1421.42
1464.84,1466.21,1465.79,1464.49,1461.96,1454.06,1438.20,1420.96,1402.36,1397.72,1411.45,1425.46,1435.59,1443.58,1447.80,1447.17,1440.42,1431.77,1430.56,1432.16,1434.32,1434.16,1421.40,1405.59,1393.72,1384.16,1382.45,1380.07,1376.56,1375.78,1364.53,1355.06,1359.93,1364.19,1367.91,1380.01,1400.70,1414.97,1422.04,1420.43,1406.08,1389.89,1376.86,1369.36,1367.18,1366.71,1363.72,1367.87,1384.18,1395.55,1383.84,1371.29,1369.90,1365.47,1351.77,1341.17,1340.41,1337.17,1338.20,1346.51,1363.89,1381.06,1397.54,1412.67,1419.96,1417.81,1411.07,1408.92,1408.16,1404.39,1399.48,1392.30,1379.45,1361.19,1346.45,1347.02,1353.55,1367.03,1379.33,1395.07,1409.04,1409.39,1403.10,1389.69,1379.69,1384.49,1381.90,1368.20,1352.39,1342.53,1342.54,1348.66,1362.14,1380.53,1396.04,1411.52,1423.87,1430.30,1428.96,1415.68,1398.31,1382.63,1362.20,1351.25,1344.11,1337.02,1332.47,1334.92,1343.74,1351.55,1366.47,1387.09,1399.77,1403.34,1413.32,1426.24,1432.28,1422.08,1421.37,1427.45,1432.45,1433.16,1433.58,1432.30,1424.68,1410.65,1396.82,1377.05,1359.07,1339.26,1322.40,1312.03,1304.99,1301.11,1300.36,1292.18,1281.01,1271.03,1264.80,1264.03,1268.67,1273.06,1275.84,1278.89,1274.26,1263.04,1247.64,1239.62,1237.71,1236.41,1235.79,1238.79,1235.55,1224.34,1220.53,1231.41,1232.16,1221.93,1206.65,1192.54,1178.99,1167.89,1161.47,1157.76,1155.52,1152.98,1149.87,1146.12,1143.06,1141.06,1138.55,1136.96,1142.76,1150.41,1159.47,1172.09,1185.92,1204.35,1212.52,1210.32,1202.14,1196.56,1195.75,1195.85,1195.54,1193.38,1196.39,1199.73,1200.16,1197.15,1198.88,1211.15,1225.79,1241.62,1256.31,1270.32,1266.15,1270.83,1286.53,1303.78,1311.13,1310.06,1319.92,1336.58,1349.16,1357.40,1340.18,1323.39,1311.98,1299.64,1282.00,1267.43,1258.75,1260.82,1265.61,1269.78,1274.67,1281.05,1289.61,1302.71,1314.71,1327.11,1338.23,1350.42,1364.28,1376.18,1387.17,1392.80,1397.50,1402.59,1407.18,1414.47,1422.13,1426.01,1424.92,1424.34,1426.72,1430.11,1443.29,1460.03,1467.61,1463.37,1459.80,1451.38,1438.00,1427.48,1435.93,1445.43,1448.55,1441.24,1435.36,1432.95,1415.63,1404.05,1399.94,1406.97
1462.92,1464.35,1463.71,1462.58,1461.09,1453.40,1439.69,1421.97,1402.53,1394.35,1403.14,1415.28,1426.38,1435.69,1442.20,1445.93,1441.40,1431.85,1424.05,1423.42,1427.58,1429.03,1419.69,1404.98,1392.91,1380.10,1374.41,1373.92,1370.93,1368.17,1356.60,1350.20,1357.15,1358.55,1369.51,1385.65,1405.34,1418.07,1421.99,1419.28,1406.57,1391.66,1375.57,1364.97,1361.43,1360.03,1359.01,1367.33,1380.66,1384.32,1374.65,1364.67,1353.36,1346.74,1337.67,1333.37,1333.24,1333.37,1338.80,1348.70,1367.99,1383.85,1401.90,1414.02,1415.90,1405.70,1398.12,1397.39,1401.95,1400.46,1393.98,1383.25,1369.94,1356.72,1342.18,1343.72,1354.05,1369.24,1381.40,1395.30,1402.83,1397.03,1392.71,1384.36,1371.73,1374.31,1372.66,1360.47,1344.27,1334.75,1338.86,1349.87,1366.78,1383.22,1398.21,1412.41,1421.13,1427.62,1427.95,1420.28,1410.80,1395.93,1380.61,1368.25,1355.14,1343.24,1330.17,1327.75,1332.87,1343.72,1362.43,1381.44,1389.91,1394.21,1411.46,1423.68,1426.05,1414.36,1408.55,1415.61,1424.41,1426.27,1429.14,1431.08,1427.27,1418.50,1406.70,1388.32,1362.15,1341.41,1328.79,1321.65,1316.63,1314.14,1309.39,1296.32,1281.72,1270.42,1264.03,1257.58,1257.44,1259.34,1258.97,1264.07,1264.67,1261.77,1253.80,1243.22,1235.28,1227.88,1222.08,1225.57,1228.81,1225.01,1213.95,1212.50,1221.61,1221.24,1210.78,1195.70,1181.27,1166.01,1158.13,1153.95,1152.21,1151.22,1148.80,1144.72,1140.55,1137.96,1135.85,1134.27,1139.69,1150.11,1164.62,1179.20,1193.28,1204.88,1206.58,1198.13,1190.12,1187.05,1187.72,1189.58,1189.76,1185.82,1190.17,1193.80,1194.50,1192.04,1193.80,1208.83,1226.28,1246.39,1261.50,1276.63,1285.82,1286.52,1289.97,1304.72,1320.91,1331.01,1336.88,1346.29,1359.27,1352.38,1330.23,1312.60,1300.02,1291.35,1277.72,1263.30,1255.27,1259.31,1262.33,1267.70,1274.80,1281.65,1289.16,1301.34,1315.65,1329.74,1342.44,1356.81,1373.44,1383.61,1390.90,1394.59,1397.58,1398.82,1403.47,1408.25,1412.79,1415.85,1409.76,1406.34,1411.55,1425.14,1444.78,1459.38,1461.64,1455.17,1451.19,1441.93,1427.22,1423.35,1435.73,1435.67,1433.44,1425.27,1419.14,1419.96,1410.42,1397.66,1388.89,1395.10
1461.08,1462.51,1461.73,1460.53,1458.70,1452.75,1444.17,1427.92,1408.05,1393.62,1389.96,1401.20,1415.06,1425.56,1433.78,1439.34,1442.99,1433.91,1422.73,1416.41,1419.20,1422.51,1420.16,1406.08,1392.65,1379.49,1369.49,1368.02,1365.94,1360.23,1350.81,1347.61,1352.60,1354.32,1368.08,1384.21,1400.03,1413.21,1418.33,1416.77,1404.45,1389.14,1371.64,1362.33,1356.36,1354.11,1355.68,1365.78,1374.30,1370.27,1362.98,1356.10,1342.03,1333.87,1329.29,1326.48,1326.95,1330.38,1343.15,1357.42,1375.42,1391.11,1404.95,1411.43,1406.36,1393.59,1383.83,1385.78,1394.50,1394.99,1389.33,1378.67,1361.07,1346.24,1338.56,1340.51,1350.26,1366.39,1379.08,1389.36,1394.25,1385.20,1380.34,1378.13,1364.37,1360.86,1362.63,1354.20,1336.05,1329.08,1338.01,1352.33,1368.41,1382.17,1394.36,1409.79,1417.08,1422.39,1425.79,1422.35,1415.26,1405.88,1397.49,1381.13,1365.86,1351.34,1332.56,1323.49,1327.45,1339.17,1358.98,1375.23,1382.66,1392.71,1409.43,1420.10,1420.07,1409.67,1400.28,1406.24,1413.14,1418.47,1424.54,1427.33,1425.49,1419.52,1408.20,1390.70,1365.64,1352.61,1348.63,1339.69,1328.43,1319.57,1306.84,1291.62,1281.43,1273.43,1265.70,1256.48,1247.71,1246.09,1245.69,1250.30,1251.21,1248.21,1245.43,1242.46,1239.60,1233.26,1223.16,1213.91,1214.20,1214.71,1211.68,1203.54,1207.34,1214.25,1212.15,1201.05,1185.33,1168.16,1155.93,1150.07,1148.25,1147.54,1146.17,1143.19,1139.81,1136.53,1133.26,1131.80,1138.71,1149.20,1164.25,1180.92,1197.25,1202.99,1193.93,1181.38,1179.03,1181.13,1183.34,1185.25,1184.30,1179.42,1182.23,1185.86,1187.87,1187.41,1191.78,1208.03,1225.86,1241.53,1252.80,1267.83,1290.26,1301.29,1302.30,1306.62,1327.13,1343.64,1352.69,1358.74,1359.17,1345.97,1323.37,1303.28,1289.38,1280.25,1271.49,1258.00,1251.49,1255.45,1259.10,1266.11,1272.93,1279.14,1289.49,1303.86,1317.52,1330.70,1342.56,1355.58,1368.65,1377.30,1387.81,1393.42,1393.34,1390.14,1398.06,1399.59,1400.38,1401.23,1393.63,1392.68,1406.14,1423.95,1446.09,1458.09,1455.41,1443.56,1438.08,1426.46,1415.67,1420.02,1431.39,1422.59,1412.73,1407.69,1402.38,1405.04,1402.97,1389.84,1383.18,1387.78
1459.15,1460.26,1459.87,1458.73,1456.96,1453.10,1449.51,1438.07,1418.88,1401.62,1387.63,1387.85,1402.95,1416.70,1426.62,1434.00,1441.01,1437.17,1424.21,1412.71,1409.01,1412.80,1416.33,1409.58,1397.95,1385.92,1370.55,1362.03,1361.87,1357.61,1348.82,1343.47,1345.95,1350.63,1366.99,1383.56,1396.01,1402.53,1402.34,1408.17,1400.02,1387.01,1370.39,1361.30,1352.45,1348.69,1352.31,1362.70,1367.38,1362.82,1349.82,1343.55,1333.25,1324.43,1321.29,1319.33,1323.55,1338.33,1351.74,1366.33,1380.39,1393.25,1402.03,1404.22,1399.47,1383.77,1370.53,1374.14,1386.73,1388.81,1383.73,1371.74,1356.76,1343.13,1335.93,1337.80,1345.49,1357.86,1370.23,1379.36,1386.15,1378.55,1369.27,1366.13,1358.74,1350.16,1351.70,1345.51,1329.22,1326.53,1337.98,1352.58,1364.01,1374.68,1387.77,1404.15,1413.31,1418.33,1422.32,1422.98,1419.27,1409.81,1398.86,1382.59,1368.93,1353.37,1333.00,1320.05,1322.26,1333.13,1351.18,1364.21,1375.24,1388.85,1403.24,1413.53,1415.13,1403.57,1391.31,1394.70,1399.70,1410.42,1419.85,1422.71,1420.49,1417.48,1410.32,1395.72,1378.37,1372.20,1361.90,1346.92,1329.67,1314.15,1301.39,1292.69,1289.62,1280.59,1270.70,1262.42,1250.81,1240.99,1238.08,1238.13,1237.54,1234.02,1230.03,1228.97,1227.68,1225.64,1221.86,1212.29,1204.16,1201.67,1202.71,1199.95,1197.48,1203.84,1205.17,1196.47,1183.04,1168.25,1155.96,1148.58,1143.55,1142.55,1143.02,1141.01,1138.35,1135.77,1132.55,1129.96,1137.13,1147.12,1162.33,1177.75,1195.19,1194.87,1181.59,1174.28,1174.38,1176.93,1179.56,1181.26,1180.65,1175.62,1176.42,1178.86,1181.37,1186.80,1194.86,1207.07,1221.27,1233.83,1247.33,1262.09,1284.21,1302.94,1315.56,1322.64,1335.20,1351.28,1360.76,1353.41,1343.62,1335.11,1318.03,1298.99,1282.72,1272.88,1262.79,1250.05,1248.41,1252.27,1257.08,1263.16,1268.85,1276.99,1289.04,1302.64,1313.51,1324.03,1335.61,1345.87,1356.58,1370.81,1385.21,1391.64,1389.38,1383.14,1392.62,1389.50,1387.29,1385.49,1383.43,1390.16,1404.95,1421.27,1442.77,1452.59,1446.50,1426.55,1418.04,1413.60,1408.29,1415.28,1425.10,1417.01,1402.70,1393.37,1388.75,1390.00,1393.32,1384.66,1376.41,1380.65
1456.84,1457.61,1457.37,1456.59,1455.60,1453.98,1451.61,1445.01,1428.84,1410.29,1389.97,1380.47,1391.86,1409.08,1423.05,1432.33,1439.11,1440.29,1427.51,1413.96,1402.24,1402.43,1407.44,1406.65,1399.25,1387.24,1372.13,1359.41,1357.27,1354.91,1346.85,1339.42,1339.77,1350.81,1370.31,1381.82,1384.08,1385.19,1387.79,1398.71,1400.63,1387.62,1371.83,1360.14,1350.76,1343.12,1346.74,1354.08,1356.44,1357.76,1348.99,1336.13,1323.90,1315.64,1311.68,1317.62,1334.12,1352.12,1361.30,1369.90,1379.66,1387.34,1390.25,1390.75,1387.94,1371.69,1357.36,1364.97,1378.87,1383.00,1378.43,1364.25,1351.00,1338.74,1333.42,1336.66,1342.99,1352.59,1361.41,1371.06,1381.00,1377.15,1365.73,1356.25,1354.30,1346.61,1340.80,1335.87,1321.65,1324.24,1335.89,1346.13,1354.87,1368.79,1383.90,1397.38,1407.70,1413.69,1417.81,1420.68,1417.87,1402.33,1386.64,1373.73,1363.22,1347.24,1329.52,1315.57,1316.94,1324.49,1338.03,1354.98,1373.43,1386.29,1397.01,1409.13,1413.93,1404.33,1385.55,1382.19,1390.47,1402.40,1413.24,1418.31,1413.64,1408.88,1406.93,1401.57,1394.06,1381.99,1362.78,1342.12,1325.91,1315.66,1308.56,1301.78,1293.41,1287.62,1286.90,1278.77,1264.97,1248.37,1238.79,1234.95,1230.49,1225.22,1220.55,1217.88,1215.29,1213.83,1211.49,1209.88,1205.42,1198.18,1191.13,1190.60,1188.85,1193.02,1197.84,1193.69,1183.06,1167.80,1155.08,1147.72,1141.19,1138.43,1139.08,1138.06,1135.25,1132.76,1131.58,1127.80,1133.25,1144.89,1160.76,1173.63,1185.97,1182.11,1172.10,1168.40,1170.44,1173.19,1175.12,1175.72,1173.89,1172.96,1179.15,1183.09,1186.35,1192.71,1205.89,1217.84,1226.68,1238.15,1246.24,1253.18,1272.94,1297.66,1317.78,1335.33,1347.12,1359.33,1353.55,1333.10,1320.35,1315.37,1308.09,1294.82,1278.72,1265.77,1255.12,1245.65,1244.68,1248.89,1254.01,1259.43,1266.67,1277.60,1288.74,1295.99,1300.90,1312.24,1325.93,1339.59,1353.75,1369.48,1382.15,1387.64,1381.18,1377.21,1385.59,1380.39,1375.26,1372.36,1381.12,1389.83,1404.27,1419.88,1435.67,1443.43,1432.56,1415.35,1404.79,1401.74,1399.46,1412.93,1420.51,1413.04,1399.30,1385.51,1376.33,1376.55,1383.26,1374.56,1366.46,1372.59
1454.42,1454.89,1454.58,1454.08,1453.26,1452.77,1451.64,1446.67,1434.12,1416.48,1392.05,1378.49,1385.18,1404.54,1420.67,1431.99,1438.37,1441.17,1431.20,1415.20,1401.80,1392.58,1392.73,1391.68,1387.54,1381.74,1372.93,1359.54,1353.35,1352.11,1344.25,1335.71,1336.63,1350.59,1369.29,1373.07,1369.49,1369.90,1376.76,1391.51,1400.15,1391.19,1374.09,1361.70,1349.60,1338.89,1339.69,1342.89,1350.55,1358.24,1348.97,1334.46,1319.12,1308.13,1308.83,1326.48,1344.63,1356.66,1362.34,1365.55,1370.05,1374.87,1374.78,1375.72,1373.45,1359.16,1349.03,1359.39,1371.00,1376.48,1370.86,1356.49,1343.95,1333.34,1331.06,1336.36,1343.76,1354.38,1362.80,1369.09,1376.60,1375.76,1367.74,1353.34,1346.16,1343.31,1331.07,1323.49,1315.88,1322.70,1332.78,1338.99,1348.29,1364.86,1377.51,1389.03,1396.86,1406.04,1412.70,1416.59,1411.42,1396.82,1376.74,1360.19,1350.31,1336.29,1322.58,1310.05,1314.07,1322.26,1338.39,1357.01,1377.28,1392.30,1402.16,1409.78,1412.31,1402.43,1381.11,1371.70,1381.86,1395.29,1410.05,1413.11,1407.86,1397.83,1397.15,1399.22,1397.56,1386.53,1368.57,1350.02,1339.31,1329.82,1317.54,1304.41,1296.36,1299.05,1300.27,1291.65,1276.35,1261.43,1249.38,1244.37,1237.63,1228.54,1222.30,1217.46,1211.86,1205.31,1200.86,1199.70,1200.73,1199.86,1191.74,1183.39,1181.14,1181.42,1185.83,1187.34,1181.80,1168.25,1152.62,1146.10,1140.93,1136.37,1134.46,1134.01,1132.25,1129.25,1127.83,1124.77,1129.33,1139.06,1155.04,1169.22,1176.43,1169.37,1163.71,1164.11,1166.79,1169.12,1169.66,1168.79,1167.80,1173.27,1182.78,1191.77,1199.28,1201.98,1209.46,1224.08,1238.49,1252.70,1262.81,1268.32,1278.73,1293.95,1316.45,1339.93,1358.05,1358.67,1339.47,1313.08,1299.25,1293.85,1291.78,1286.10,1272.91,1258.26,1248.31,1240.20,1242.66,1247.05,1252.72,1259.54,1268.32,1276.48,1282.19,1286.70,1294.42,1307.24,1323.22,1337.43,1349.25,1363.39,1377.05,1381.18,1371.28,1368.71,1375.59,1369.72,1361.31,1367.45,1379.42,1389.55,1404.50,1418.78,1429.36,1430.66,1419.58,1408.78,1395.95,1389.19,1395.46,1414.49,1419.66,1412.63,1401.21,1385.75,1370.56,1366.51,1373.35,1364.93,1358.32,1364.80
1451.85,1452.13,1451.77,1451.30,1450.74,1450.37,1449.79,1445.03,1435.15,1416.87,1390.93,1376.77,1384.44,1403.44,1419.24,1431.57,1437.39,1440.56,1433.57,1415.31,1401.30,1388.51,1379.36,1373.17,1372.66,1369.98,1367.74,1357.90,1349.18,1348.08,1340.76,1332.78,1334.85,1346.75,1363.74,1363.30,1357.99,1361.27,1375.71,1387.73,1395.33,1391.35,1377.32,1363.17,1348.38,1336.98,1332.11,1336.62,1348.16,1357.39,1350.32,1332.58,1313.60,1302.48,1309.05,1330.04,1344.72,1350.48,1354.43,1357.37,1362.59,1365.05,1360.34,1359.89,1361.26,1349.93,1341.95,1352.38,1361.70,1368.67,1362.35,1349.70,1334.67,1325.78,1331.24,1338.88,1349.81,1358.81,1365.24,1368.24,1371.90,1372.91,1366.35,1352.93,1337.42,1337.51,1328.21,1314.60,1311.22,1320.60,1329.11,1336.17,1344.40,1358.39,1373.53,1385.08,1393.07,1400.89,1408.78,1412.01,1404.62,1391.06,1371.30,1351.68,1335.84,1323.82,1313.23,1304.36,1312.20,1325.38,1344.23,1363.10,1379.09,1393.22,1402.95,1410.30,1406.95,1392.56,1373.37,1368.02,1380.64,1394.65,1403.72,1405.92,1404.22,1390.22,1383.15,1387.39,1391.48,1388.88,1378.16,1366.09,1357.15,1344.27,1326.33,1307.14,1304.28,1309.66,1309.30,1299.33,1286.76,1272.52,1264.64,1260.61,1253.12,1241.85,1234.10,1227.52,1219.38,1209.32,1200.30,1194.55,1191.28,1189.15,1185.41,1181.43,1176.58,1173.71,1175.30,1178.27,1176.67,1166.49,1151.90,1145.23,1140.45,1135.88,1131.60,1129.92,1129.29,1127.21,1124.03,1121.81,1126.17,1133.03,1145.23,1163.99,1167.59,1162.23,1158.03,1160.07,1162.52,1163.91,1163.97,1162.95,1167.75,1175.47,1187.09,1201.22,1211.22,1212.58,1216.13,1224.49,1238.56,1254.50,1270.21,1283.60,1295.64,1304.74,1321.20,1345.33,1359.02,1348.00,1329.39,1308.11,1289.08,1277.60,1276.77,1273.22,1261.06,1248.61,1240.71,1235.72,1240.76,1245.79,1252.32,1258.35,1265.79,1271.69,1278.25,1284.40,1292.27,1303.06,1318.90,1332.45,1347.58,1366.54,1378.45,1376.09,1363.20,1356.53,1361.14,1356.08,1351.02,1362.82,1378.28,1391.58,1404.55,1414.41,1422.05,1420.50,1410.25,1397.12,1387.68,1385.28,1397.47,1414.30,1415.12,1406.35,1396.95,1377.48,1361.84,1356.92,1359.37,1358.22,1353.17,1354.97
1449.30,1449.32,1448.77,1448.24,1447.68,1447.12,1446.36,1442.80,1432.49,1411.94,1386.20,1375.80,1386.60,1403.44,1418.03,1430.66,1435.97,1439.04,1433.01,1415.97,1401.36,1388.06,1377.17,1364.64,1357.64,1357.01,1359.69,1353.70,1343.05,1343.94,1338.19,1329.70,1332.57,1343.14,1355.97,1353.54,1350.67,1361.66,1375.87,1384.45,1390.54,1390.91,1382.89,1366.67,1347.94,1335.17,1328.31,1330.77,1343.74,1353.86,1345.65,1324.69,1304.23,1298.00,1308.18,1327.37,1338.20,1343.06,1344.49,1350.52,1355.83,1355.50,1349.04,1348.43,1351.53,1342.39,1331.81,1341.81,1355.63,1362.33,1354.90,1341.36,1326.34,1320.61,1331.48,1343.42,1356.77,1363.42,1363.50,1361.27,1366.07,1368.28,1362.98,1352.87,1336.59,1328.00,1322.63,1308.80,1307.47,1316.50,1329.60,1340.29,1350.71,1361.36,1373.67,1383.69,1389.36,1397.19,1404.19,1405.93,1395.09,1375.91,1360.77,1347.30,1330.24,1313.44,1301.77,1299.35,1310.89,1325.35,1343.61,1362.86,1375.47,1387.30,1397.94,1406.92,1397.49,1380.77,1364.01,1366.61,1381.74,1391.14,1393.33,1394.34,1394.97,1389.71,1374.49,1373.96,1381.25,1384.93,1383.73,1377.32,1369.58,1353.02,1333.96,1321.02,1318.54,1322.70,1314.32,1302.54,1295.79,1287.46,1281.74,1278.08,1268.56,1256.91,1250.63,1241.99,1230.14,1218.71,1208.86,1199.34,1193.81,1186.82,1181.38,1176.70,1174.78,1171.10,1168.29,1169.99,1170.01,1163.15,1152.06,1145.33,1140.30,1135.50,1130.79,1127.26,1126.60,1125.78,1122.75,1119.91,1123.86,1131.06,1139.58,1154.72,1155.11,1153.39,1153.38,1155.47,1157.10,1157.77,1158.07,1159.82,1170.92,1179.39,1194.03,1211.94,1228.06,1229.15,1226.82,1235.43,1240.65,1251.22,1269.79,1286.16,1300.64,1315.45,1332.17,1351.85,1352.65,1333.78,1317.05,1303.89,1284.93,1270.71,1264.52,1258.64,1248.86,1240.56,1233.26,1231.17,1236.51,1241.87,1248.57,1253.67,1260.93,1272.46,1285.87,1292.42,1299.64,1312.72,1327.27,1337.50,1352.78,1370.89,1380.33,1374.39,1360.62,1347.39,1346.92,1344.87,1346.10,1361.49,1376.00,1386.87,1396.98,1408.16,1413.66,1411.06,1401.33,1385.88,1377.21,1381.91,1397.07,1411.74,1408.81,1393.85,1382.09,1367.34,1356.34,1351.06,1350.83,1352.51,1345.93,1346.57
1446.68,1446.47,1445.67,1445.00,1444.38,1443.51,1442.52,1439.34,1426.41,1406.52,1383.33,1375.29,1386.97,1403.15,1416.94,1429.85,1434.50,1436.63,1431.94,1418.43,1402.83,1389.03,1376.80,1364.78,1354.36,1347.21,1347.26,1347.82,1338.36,1339.50,1336.67,1326.83,1329.30,1340.33,1345.98,1343.85,1348.97,1361.63,1371.20,1376.68,1382.63,1385.32,1383.45,1370.45,1349.71,1335.14,1325.82,1325.41,1339.53,1350.87,1339.22,1319.06,1300.32,1296.03,1305.84,1319.93,1328.17,1332.49,1338.73,1346.68,1349.78,1346.10,1336.03,1334.40,1335.20,1326.50,1323.39,1340.37,1353.76,1355.85,1346.03,1331.18,1318.49,1318.71,1332.73,1348.44,1360.22,1363.44,1357.77,1349.44,1355.60,1359.51,1358.01,1352.48,1338.01,1321.92,1316.66,1304.89,1303.32,1318.66,1332.96,1346.61,1358.95,1368.92,1373.67,1381.01,1387.73,1394.11,1399.32,1399.79,1387.37,1364.17,1346.45,1332.90,1320.38,1307.77,1295.76,1296.47,1307.57,1321.95,1337.68,1354.96,1370.58,1379.40,1394.52,1401.62,1388.88,1371.46,1354.51,1362.13,1376.26,1379.36,1376.39,1377.06,1380.66,1381.70,1371.57,1360.74,1366.47,1374.37,1379.91,1380.85,1374.95,1362.02,1347.53,1337.29,1332.74,1331.00,1320.52,1311.94,1303.88,1296.73,1292.93,1289.64,1283.23,1276.24,1267.09,1254.39,1240.31,1232.45,1225.70,1213.34,1204.47,1196.20,1188.45,1179.98,1171.54,1168.06,1165.31,1164.37,1161.46,1156.29,1150.39,1145.38,1140.63,1135.99,1131.28,1126.51,1123.76,1123.94,1121.86,1119.17,1123.68,1130.21,1137.15,1143.68,1145.09,1147.14,1149.29,1150.67,1150.88,1150.77,1154.24,1163.80,1175.12,1186.43,1202.74,1221.31,1238.80,1243.90,1243.55,1248.48,1254.91,1254.78,1265.95,1280.77,1294.20,1311.07,1333.80,1350.94,1344.33,1325.80,1304.14,1288.87,1277.12,1266.18,1256.05,1249.31,1242.38,1234.88,1228.32,1228.71,1233.15,1238.83,1245.85,1253.94,1262.86,1277.02,1295.37,1304.51,1312.39,1321.33,1331.52,1343.17,1360.48,1375.81,1383.92,1377.47,1361.97,1343.38,1336.04,1335.57,1342.26,1353.64,1363.34,1380.49,1394.43,1402.75,1399.86,1400.33,1391.98,1378.36,1368.95,1377.93,1394.55,1406.71,1397.23,1384.13,1372.13,1361.09,1351.03,1342.88,1340.89,1344.88,1338.16,1336.02
1443.93,1443.60,1442.80,1441.90,1441.06,1440.10,1438.66,1434.20,1421.21,1404.41,1383.22,1371.59,1384.48,1400.84,1414.43,1427.72,1432.40,1434.49,1432.45,1424.57,1408.19,1393.49,1377.84,1365.42,1353.47,1343.12,1337.63,1341.59,1335.35,1332.62,1333.27,1324.77,1324.12,1333.50,1334.61,1341.49,1352.14,1359.99,1360.82,1364.92,1370.99,1372.31,1376.80,1370.25,1354.74,1336.79,1323.85,1320.41,1335.05,1346.73,1337.41,1318.27,1298.78,1293.19,1299.22,1310.55,1318.17,1326.63,1337.13,1344.30,1344.17,1338.44,1325.95,1315.15,1315.33,1312.24,1320.75,1339.63,1350.83,1348.14,1335.17,1320.30,1310.82,1318.77,1334.97,1351.48,1360.99,1361.62,1350.63,1339.48,1343.61,1347.03,1348.68,1347.59,1337.33,1321.00,1310.05,1299.47,1302.30,1319.72,1332.18,1344.19,1357.82,1370.79,1375.41,1379.43,1384.41,1389.91,1394.40,1390.49,1380.55,1363.94,1344.87,1324.52,1308.44,1298.25,1290.45,1294.13,1306.60,1323.40,1338.63,1351.16,1364.33,1377.69,1393.00,1394.84,1380.34,1363.96,1347.52,1353.93,1361.61,1361.37,1358.07,1359.98,1366.69,1368.20,1367.21,1359.20,1351.17,1358.20,1367.91,1373.68,1376.18,1372.61,1362.16,1352.17,1344.93,1335.55,1323.45,1311.02,1301.71,1294.13,1289.75,1286.65,1282.14,1280.11,1275.40,1264.38,1251.04,1246.15,1243.52,1230.98,1217.61,1206.71,1200.21,1186.88,1174.26,1166.30,1162.67,1160.75,1155.78,1149.83,1147.72,1143.42,1139.78,1135.77,1131.34,1126.07,1121.33,1121.17,1120.90,1118.08,1122.97,1129.16,1134.42,1138.38,1141.66,1144.00,1145.83,1146.26,1146.42,1149.47,1156.22,1167.65,1179.57,1194.18,1208.33,1223.19,1237.32,1250.47,1257.64,1262.76,1268.59,1272.14,1277.54,1286.19,1299.15,1312.83,1335.17,1345.69,1331.96,1314.43,1296.65,1279.04,1266.12,1257.22,1249.15,1243.27,1236.03,1229.11,1224.65,1227.58,1231.94,1237.90,1247.34,1256.70,1267.91,1281.61,1294.43,1304.93,1318.11,1328.63,1337.01,1348.56,1366.01,1380.17,1385.62,1379.44,1361.75,1340.31,1329.60,1329.58,1336.97,1345.23,1361.14,1380.61,1389.00,1388.56,1382.21,1385.47,1382.26,1369.76,1362.33,1373.84,1392.06,1399.44,1383.47,1372.24,1366.71,1358.39,1349.66,1337.54,1332.28,1332.80,1330.14,1328.83
1441.26,1440.53,1439.39,1438.04,1436.49,1435.15,1433.13,1428.18,1418.13,1405.73,1385.18,1368.30,1378.29,1395.80,1409.93,1423.10,1429.38,1431.52,1432.35,1428.67,1416.25,1399.27,1381.19,1366.57,1351.98,1338.66,1331.56,1334.93,1334.69,1327.29,1327.07,1321.01,1319.18,1324.54,1332.40,1343.30,1348.88,1351.03,1350.82,1355.80,1359.96,1359.60,1364.25,1361.46,1350.65,1332.60,1319.88,1317.00,1331.34,1341.05,1332.76,1314.45,1294.95,1286.55,1291.15,1299.47,1308.45,1322.47,1334.79,1341.16,1338.97,1330.90,1315.97,1303.87,1301.25,1307.77,1325.22,1339.55,1344.87,1337.37,1322.60,1309.76,1308.53,1319.88,1335.43,1351.64,1360.52,1359.62,1346.32,1332.66,1330.61,1334.23,1338.16,1340.03,1333.34,1321.01,1304.26,1293.80,1300.00,1315.62,1326.54,1340.57,1357.57,1370.45,1373.99,1373.63,1378.44,1386.06,1389.58,1382.36,1371.30,1355.43,1335.17,1315.93,1300.84,1290.78,1286.07,1292.30,1307.73,1327.54,1345.19,1360.43,1370.90,1381.62,1390.36,1386.23,1373.54,1354.64,1337.78,1343.08,1345.18,1342.22,1341.03,1348.25,1359.98,1355.82,1351.11,1354.91,1342.76,1342.74,1353.00,1364.07,1373.21,1375.78,1373.07,1363.95,1347.85,1333.57,1320.85,1309.47,1302.32,1295.54,1285.06,1277.46,1272.83,1270.41,1272.14,1270.90,1261.77,1257.18,1253.06,1240.92,1227.49,1217.84,1209.24,1192.03,1179.70,1168.90,1161.32,1155.27,1148.82,1145.88,1144.09,1142.41,1137.49,1132.94,1129.36,1124.60,1120.04,1118.34,1118.24,1115.57,1117.87,1124.21,1131.10,1135.36,1138.74,1141.37,1142.53,1142.19,1144.62,1150.06,1156.29,1166.54,1179.95,1194.27,1206.62,1217.71,1230.90,1243.18,1254.22,1264.69,1274.93,1283.04,1290.14,1295.35,1303.60,1317.60,1336.74,1339.08,1323.07,1306.50,1288.26,1273.54,1263.62,1251.31,1244.12,1238.16,1229.09,1222.96,1221.86,1226.18,1231.36,1238.75,1248.52,1254.73,1264.06,1276.19,1287.08,1297.83,1311.23,1324.64,1339.59,1355.64,1371.25,1381.58,1385.03,1377.40,1357.99,1337.42,1325.34,1324.61,1331.74,1346.25,1363.71,1376.49,1375.96,1374.20,1368.83,1372.64,1370.42,1359.31,1357.83,1371.96,1389.35,1394.92,1375.54,1360.29,1354.70,1353.99,1350.78,1336.46,1327.30,1325.57,1324.56,1324.10
1437.01,1434.49,1432.80,1431.91,1430.20,1426.99,1422.92,1418.10,1411.59,1403.38,1383.99,1365.30,1372.86,1390.70,1406.39,1420.78,1426.38,1428.63,1430.26,1428.87,1419.12,1403.15,1386.12,1370.02,1352.50,1336.29,1327.78,1327.26,1333.21,1327.76,1319.78,1317.88,1315.55,1321.94,1332.34,1338.63,1335.93,1337.56,1343.33,1349.11,1350.43,1352.37,1354.29,1351.53,1343.21,1329.20,1316.45,1312.63,1327.22,1336.07,1326.08,1311.68,1293.16,1280.03,1283.36,1290.87,1298.47,1315.30,1328.80,1334.40,1328.56,1317.65,1305.99,1295.97,1296.52,1313.17,1327.10,1334.58,1336.82,1326.16,1308.85,1303.08,1311.98,1325.29,1335.41,1348.72,1357.71,1357.42,1346.27,1330.84,1321.31,1323.25,1326.62,1329.45,1326.98,1317.96,1301.17,1289.35,1297.21,1313.59,1325.99,1341.43,1356.26,1367.75,1369.98,1368.09,1373.41,1382.14,1383.78,1378.38,1363.25,1344.41,1326.60,1307.65,1292.07,1283.42,1282.86,1292.27,1308.35,1328.50,1346.46,1361.91,1369.13,1374.63,1382.45,1381.61,1369.71,1350.49,1326.43,1324.09,1326.05,1325.02,1332.60,1346.95,1354.04,1343.36,1330.92,1335.30,1327.07,1326.66,1337.41,1357.18,1371.14,1375.15,1376.23,1368.26,1351.80,1339.07,1327.90,1316.86,1308.50,1301.13,1293.10,1284.25,1276.00,1265.49,1259.87,1264.18,1265.61,1263.42,1257.91,1247.25,1235.60,1227.85,1213.97,1196.89,1184.21,1172.92,1164.91,1157.64,1150.97,1144.18,1139.70,1140.72,1139.47,1133.50,1128.66,1124.42,1120.33,1116.71,1115.01,1113.46,1114.67,1123.14,1128.69,1132.48,1135.62,1137.58,1138.41,1139.17,1143.78,1148.65,1153.87,1161.52,1172.71,1185.68,1200.99,1212.12,1222.16,1229.54,1240.18,1254.43,1267.02,1277.96,1285.86,1291.68,1300.57,1316.17,1332.78,1331.35,1314.52,1297.99,1281.91,1263.96,1254.23,1245.70,1237.38,1230.76,1223.13,1217.95,1219.91,1224.60,1229.64,1236.54,1245.46,1255.84,1266.97,1279.50,1293.35,1306.30,1317.68,1328.50,1341.35,1356.73,1366.84,1373.40,1379.26,1370.13,1348.13,1330.42,1319.81,1318.02,1328.34,1347.32,1360.13,1362.30,1359.52,1359.79,1355.85,1357.80,1355.99,1349.71,1357.20,1372.71,1390.69,1393.22,1376.83,1358.88,1342.31,1340.81,1343.28,1333.68,1324.43,1321.08,1319.12,1319.21
1431.20,1427.53,1424.58,1423.00,1419.19,1413.29,1410.77,1406.10,1400.14,1392.90,1377.14,1361.69,1370.40,1389.88,1405.73,1420.89,1423.37,1424.33,1426.02,1424.49,1416.88,1402.07,1385.04,1371.96,1355.96,1339.13,1327.11,1321.11,1326.43,1329.60,1319.03,1313.03,1311.59,1318.57,1326.03,1329.49,1327.83,1329.66,1339.27,1342.76,1342.00,1347.19,1343.89,1335.67,1332.86,1324.81,1313.91,1307.92,1319.22,1332.68,1331.25,1317.74,1297.35,1281.26,1273.94,1280.63,1292.10,1306.96,1320.66,1325.13,1318.21,1306.57,1295.03,1288.43,1301.78,1315.99,1319.60,1323.33,1326.81,1312.87,1299.76,1303.26,1316.73,1329.87,1338.16,1345.25,1352.94,1353.93,1345.68,1330.31,1319.04,1313.99,1314.97,1316.88,1317.15,1310.18,1295.05,1286.36,1296.34,1311.02,1322.55,1335.41,1350.26,1362.59,1364.94,1363.65,1369.42,1376.78,1377.21,1372.20,1358.02,1339.05,1319.42,1300.72,1286.01,1277.04,1279.72,1293.25,1309.22,1325.41,1340.83,1349.00,1351.55,1358.01,1372.76,1376.43,1365.03,1346.31,1321.02,1307.72,1312.84,1315.72,1331.83,1344.09,1345.43,1330.21,1311.87,1316.51,1311.83,1310.17,1329.13,1353.29,1367.87,1372.90,1374.23,1370.86,1360.32,1346.37,1332.02,1314.76,1304.29,1294.49,1292.55,1289.78,1283.79,1275.07,1258.45,1250.97,1256.02,1260.30,1259.24,1253.49,1246.19,1233.25,1216.87,1199.33,1186.89,1178.94,1172.18,1162.56,1153.38,1145.24,1138.29,1134.99,1135.64,1133.69,1129.77,1125.12,1120.54,1116.54,1113.51,1111.65,1113.91,1119.67,1124.67,1129.38,1131.70,1132.14,1132.63,1137.68,1142.17,1147.51,1152.93,1158.78,1170.46,1184.23,1196.57,1205.31,1212.38,1219.07,1228.62,1242.58,1254.54,1264.20,1272.15,1282.58,1294.84,1311.19,1324.85,1320.16,1309.85,1294.01,1275.44,1259.57,1246.30,1238.70,1229.45,1223.39,1217.88,1213.93,1217.26,1222.79,1229.45,1239.18,1253.12,1264.70,1277.44,1288.59,1300.81,1312.29,1322.82,1332.27,1340.61,1348.26,1353.90,1362.67,1371.35,1361.14,1341.48,1326.35,1313.57,1315.15,1328.74,1341.15,1351.24,1349.54,1344.28,1345.04,1341.88,1341.99,1342.38,1347.47,1358.56,1376.51,1392.52,1388.90,1371.86,1354.68,1338.05,1326.17,1326.92,1325.86,1321.79,1314.80,1311.59,1312.40
1426.91,1422.52,1415.60,1409.92,1407.50,1399.44,1394.08,1389.11,1383.86,1377.96,1367.99,1358.45,1369.97,1392.02,1406.86,1418.84,1420.14,1420.05,1421.48,1420.30,1410.60,1394.59,1377.63,1366.30,1355.15,1340.91,1326.14,1317.54,1319.22,1326.95,1320.92,1309.73,1307.79,1313.22,1320.43,1324.49,1324.47,1326.37,1332.83,1333.91,1338.37,1343.51,1336.77,1323.39,1319.36,1316.34,1309.27,1304.47,1313.29,1329.08,1333.41,1323.09,1301.81,1286.37,1270.54,1270.54,1280.71,1294.17,1307.42,1313.01,1307.38,1294.18,1282.35,1287.20,1306.07,1312.26,1305.79,1315.13,1317.96,1304.00,1295.47,1306.00,1319.91,1332.82,1341.21,1345.49,1349.16,1349.94,1342.36,1329.72,1317.72,1307.13,1302.59,1302.79,1302.47,1297.10,1286.08,1283.28,1294.29,1305.93,1315.40,1329.01,1344.88,1357.62,1359.99,1360.14,1366.57,1369.81,1368.79,1361.56,1348.52,1335.15,1314.99,1294.73,1279.54,1271.27,1277.60,1291.98,1306.96,1323.30,1330.43,1330.63,1335.62,1348.81,1364.45,1370.39,1362.71,1343.06,1318.06,1301.04,1297.20,1308.42,1327.51,1338.98,1338.77,1323.33,1302.76,1299.14,1296.45,1305.39,1325.72,1346.55,1358.47,1367.42,1369.56,1365.17,1356.80,1342.90,1323.20,1306.44,1296.78,1285.13,1282.75,1284.84,1283.59,1279.56,1267.53,1250.94,1242.21,1247.39,1252.18,1253.49,1249.90,1237.28,1220.54,1204.97,1196.16,1190.36,1180.05,1165.73,1152.70,1144.03,1137.78,1131.62,1128.60,1127.54,1124.46,1123.64,1118.77,1113.16,1111.76,1109.92,1112.81,1118.62,1123.03,1126.80,1127.48,1127.76,1131.53,1136.12,1139.48,1148.81,1154.02,1158.80,1169.46,1181.86,1192.31,1199.24,1204.59,1210.31,1219.49,1231.16,1244.04,1254.67,1263.78,1280.15,1295.82,1310.98,1315.82,1306.43,1298.78,1286.25,1269.51,1255.96,1242.95,1232.18,1220.87,1216.56,1213.20,1210.52,1215.41,1222.11,1230.47,1241.43,1255.24,1265.87,1276.05,1285.77,1296.81,1306.67,1312.95,1320.40,1329.40,1334.10,1340.70,1356.23,1364.33,1353.55,1334.93,1321.95,1309.83,1312.54,1323.57,1333.83,1341.31,1336.30,1329.47,1329.43,1328.61,1332.78,1339.57,1352.83,1365.03,1381.99,1393.42,1384.33,1368.57,1353.35,1338.69,1323.82,1317.21,1317.62,1316.88,1310.88,1305.95,1306.01
1422.85,1416.63,1406.16,1395.06,1392.68,1384.78,1376.57,1371.11,1362.95,1359.88,1357.80,1363.45,1376.82,1395.54,1408.90,1416.63,1417.81,1416.68,1417.18,1415.43,1405.70,1390.22,1372.96,1357.49,1347.26,1336.39,1324.01,1315.83,1314.97,1322.81,1324.03,1313.70,1305.96,1307.50,1314.68,1319.95,1321.29,1321.86,1324.69,1324.54,1334.51,1340.24,1335.02,1322.65,1311.77,1309.61,1304.32,1300.20,1311.36,1329.67,1332.47,1326.41,1310.06,1292.59,1272.51,1264.17,1269.57,1281.66,1294.65,1301.76,1296.92,1280.55,1273.87,1288.94,1303.51,1303.49,1295.39,1309.44,1310.77,1296.38,1292.82,1308.60,1322.79,1332.08,1338.34,1342.52,1345.19,1344.42,1340.67,1333.59,1324.21,1312.16,1299.66,1292.80,1289.63,1284.83,1277.02,1281.44,1291.73,1302.70,1316.58,1332.08,1343.72,1351.76,1353.73,1360.34,1362.12,1358.62,1355.58,1347.82,1337.20,1324.18,1302.17,1286.65,1273.00,1267.46,1276.27,1291.76,1307.24,1317.89,1316.16,1316.10,1330.26,1342.47,1355.18,1364.85,1363.63,1348.15,1318.42,1298.06,1288.81,1300.62,1320.10,1331.03,1332.59,1319.24,1300.09,1288.22,1288.62,1301.42,1318.37,1332.53,1345.17,1361.16,1365.64,1358.76,1344.29,1336.58,1322.42,1310.32,1297.12,1283.95,1274.85,1275.32,1276.63,1274.48,1269.13,1259.36,1243.43,1234.66,1239.66,1245.01,1245.12,1237.23,1224.55,1211.15,1202.58,1192.12,1180.05,1164.86,1149.19,1140.32,1136.20,1132.98,1127.58,1123.50,1119.46,1119.28,1115.92,1109.46,1108.31,1107.53,1111.98,1118.31,1122.40,1123.52,1123.23,1126.67,1131.44,1132.86,1138.69,1146.77,1153.74,1158.72,1167.37,1176.42,1183.23,1190.39,1196.42,1201.53,1212.00,1225.77,1237.53,1250.81,1261.45,1279.38,1296.91,1310.32,1306.42,1289.20,1277.33,1270.10,1258.80,1246.74,1236.53,1225.28,1215.02,1212.01,1209.22,1208.77,1214.18,1220.81,1228.79,1238.70,1250.19,1259.82,1267.75,1273.13,1282.46,1294.39,1296.68,1301.76,1312.52,1321.27,1336.76,1353.07,1357.02,1347.00,1328.53,1315.55,1304.03,1304.27,1314.91,1323.28,1322.93,1318.25,1316.82,1320.91,1328.94,1336.14,1346.99,1362.29,1375.33,1388.56,1392.43,1374.81,1358.08,1350.71,1339.43,1324.55,1314.45,1310.57,1308.18,1304.93,1301.40,1300.39
1416.46,1406.66,1395.15,1384.83,1381.58,1370.64,1360.33,1352.69,1348.90,1354.37,1365.20,1380.86,1390.10,1402.71,1411.22,1415.88,1415.67,1413.82,1412.76,1410.71,1403.30,1390.08,1375.87,1360.48,1350.65,1339.41,1327.09,1316.93,1310.87,1316.88,1323.77,1320.55,1309.73,1302.12,1308.33,1314.59,1317.68,1315.92,1317.69,1317.20,1327.28,1335.24,1333.07,1323.44,1310.31,1303.00,1299.01,1296.49,1310.47,1328.69,1331.16,1325.10,1311.81,1294.64,1276.01,1260.63,1263.15,1272.26,1282.98,1287.57,1282.70,1269.33,1269.40,1285.02,1293.46,1289.15,1288.86,1302.15,1305.63,1290.84,1292.35,1308.97,1318.91,1324.64,1331.15,1339.53,1341.52,1342.04,1340.94,1336.16,1328.49,1320.78,1310.14,1298.39,1292.43,1282.10,1272.87,1282.85,1296.24,1308.21,1318.96,1332.49,1340.57,1345.52,1353.33,1359.46,1353.55,1343.62,1338.02,1331.41,1323.16,1310.90,1293.61,1277.27,1265.14,1265.08,1275.72,1293.21,1304.78,1304.15,1299.05,1311.56,1324.56,1332.79,1346.02,1360.12,1362.65,1347.39,1321.05,1298.92,1284.78,1289.43,1308.39,1320.22,1323.14,1315.57,1299.64,1284.58,1282.58,1293.76,1305.15,1315.17,1334.66,1354.84,1363.40,1359.74,1343.51,1327.66,1324.00,1316.43,1303.66,1289.23,1279.04,1264.64,1263.68,1263.90,1260.19,1257.06,1249.97,1234.41,1225.87,1230.22,1232.54,1229.15,1219.62,1206.45,1194.86,1181.13,1169.86,1156.72,1146.94,1143.00,1144.47,1143.86,1134.32,1125.79,1119.62,1115.82,1112.78,1109.42,1106.17,1105.57,1111.39,1116.36,1120.43,1119.72,1120.89,1124.91,1128.14,1133.50,1144.00,1155.14,1166.39,1169.32,1175.11,1180.41,1184.25,1191.07,1201.03,1211.69,1224.28,1237.76,1246.70,1257.17,1265.99,1278.43,1296.83,1306.55,1297.36,1278.35,1258.38,1250.93,1244.69,1235.22,1227.82,1217.75,1209.92,1207.07,1205.45,1206.89,1210.87,1217.49,1224.94,1231.72,1241.36,1248.97,1254.38,1258.27,1268.07,1279.83,1285.60,1292.66,1304.43,1319.69,1336.37,1345.27,1344.91,1342.26,1331.86,1319.06,1302.96,1297.78,1306.61,1308.71,1303.34,1302.77,1314.07,1324.80,1335.69,1347.56,1361.16,1374.13,1386.11,1392.94,1389.66,1370.99,1351.12,1338.99,1328.70,1316.61,1308.08,1301.00,1299.16,1297.52,1297.13,1296.77
1413.87,1402.51,1386.54,1374.01,1367.86,1355.17,1343.62,1344.83,1354.79,1367.36,1380.28,1393.18,1402.58,1409.80,1413.12,1414.83,1413.34,1411.47,1409.66,1406.24,1398.66,1385.25,1370.62,1359.63,1350.25,1340.30,1329.04,1316.38,1307.55,1307.64,1318.92,1322.24,1314.45,1301.09,1299.83,1308.36,1313.36,1311.20,1311.18,1309.18,1315.62,1328.57,1333.47,1324.89,1312.79,1300.28,1293.14,1292.88,1308.28,1322.11,1327.40,1322.07,1309.20,1294.17,1279.02,1259.81,1254.88,1260.85,1270.82,1275.89,1271.13,1261.64,1260.81,1267.13,1271.37,1273.31,1282.56,1297.39,1302.18,1287.07,1290.59,1304.67,1310.21,1320.10,1332.03,1339.86,1341.12,1341.40,1340.61,1334.75,1326.20,1322.97,1317.53,1309.09,1298.29,1278.55,1269.30,1281.43,1292.26,1302.06,1311.87,1322.55,1336.24,1348.84,1354.77,1354.85,1345.65,1330.27,1322.27,1315.15,1308.61,1297.78,1283.86,1267.58,1258.65,1264.29,1274.58,1291.00,1296.72,1291.57,1293.80,1307.45,1317.22,1329.91,1342.94,1358.12,1358.07,1338.74,1318.02,1297.52,1282.60,1278.55,1295.13,1307.38,1311.21,1304.71,1293.21,1281.45,1275.28,1283.73,1290.39,1303.13,1324.38,1347.35,1360.90,1359.80,1344.10,1326.03,1313.93,1310.32,1298.28,1286.00,1276.66,1265.20,1254.97,1253.98,1249.09,1245.38,1243.13,1234.23,1217.78,1215.86,1217.83,1216.10,1211.16,1201.88,1185.68,1171.49,1161.85,1154.80,1155.14,1156.69,1159.36,1155.62,1145.87,1128.81,1119.61,1115.83,1112.65,1108.53,1103.40,1103.47,1107.82,1112.00,1115.32,1117.14,1121.26,1124.66,1128.36,1138.67,1151.57,1166.04,1178.18,1185.47,1189.18,1195.23,1196.08,1196.02,1207.24,1219.88,1232.70,1245.17,1257.06,1269.79,1281.82,1289.34,1300.28,1302.08,1288.60,1269.57,1251.77,1237.09,1228.76,1221.70,1216.68,1211.03,1205.73,1202.61,1202.99,1205.32,1208.40,1214.35,1221.27,1225.98,1232.88,1239.68,1245.41,1251.18,1259.88,1271.63,1283.15,1292.25,1306.13,1320.54,1331.87,1332.54,1330.55,1333.38,1328.97,1316.95,1300.80,1290.55,1292.65,1294.57,1299.37,1309.14,1321.56,1335.59,1347.95,1360.25,1372.94,1384.40,1391.79,1390.64,1383.19,1369.14,1352.30,1334.99,1324.00,1314.55,1305.18,1295.16,1292.62,1293.32,1293.41,1293.32
1409.31,1397.90,1382.15,1366.50,1351.83,1341.59,1340.82,1352.28,1366.28,1383.05,1393.34,1404.25,1410.14,1412.01,1412.97,1411.91,1410.09,1408.30,1406.43,1402.96,1394.72,1378.69,1360.30,1349.84,1337.87,1330.64,1321.88,1310.61,1303.32,1299.53,1309.52,1319.83,1317.33,1301.59,1294.07,1301.03,1308.26,1308.93,1305.30,1304.33,1306.59,1320.07,1332.87,1328.60,1314.16,1298.38,1288.32,1289.78,1301.58,1307.69,1310.09,1314.37,1309.53,1296.67,1281.52,1262.91,1248.23,1250.50,1258.80,1263.18,1257.35,1251.81,1251.43,1250.86,1254.89,1262.97,1281.26,1295.78,1298.17,1281.05,1284.76,1298.33,1311.78,1325.49,1335.29,1340.26,1341.13,1341.20,1339.96,1332.82,1318.60,1316.15,1314.96,1309.79,1295.94,1273.88,1265.60,1276.30,1286.41,1295.31,1306.11,1322.91,1338.10,1348.41,1352.39,1351.37,1340.80,1319.20,1305.61,1297.97,1288.82,1284.27,1274.67,1260.28,1254.77,1263.15,1273.76,1284.81,1284.71,1283.37,1291.33,1302.53,1314.18,1328.74,1343.49,1355.88,1354.49,1339.20,1324.84,1306.84,1285.88,1271.39,1281.39,1295.48,1301.45,1298.25,1290.63,1279.13,1268.00,1274.10,1286.82,1300.12,1318.82,1339.99,1353.14,1357.94,1348.59,1329.37,1308.18,1299.19,1291.38,1283.66,1269.94,1259.64,1250.81,1243.29,1237.87,1230.75,1227.43,1223.11,1211.90,1200.64,1199.20,1198.82,1197.11,1190.12,1178.98,1167.49,1160.83,1163.17,1166.91,1169.67,1168.85,1157.32,1146.26,1129.70,1118.27,1113.82,1111.26,1104.95,1099.68,1101.86,1105.78,1109.26,1111.68,1115.67,1119.84,1123.13,1129.51,1143.88,1155.65,1168.35,1184.23,1197.33,1201.27,1207.86,1209.78,1205.73,1207.54,1218.80,1232.71,1244.85,1256.07,1266.20,1282.25,1293.80,1300.76,1296.02,1278.99,1258.75,1244.03,1231.36,1222.36,1215.30,1210.09,1204.98,1200.26,1198.42,1200.88,1203.58,1207.15,1211.84,1216.69,1221.72,1229.93,1239.63,1247.40,1257.68,1270.61,1279.34,1291.02,1303.36,1313.57,1321.06,1326.57,1319.34,1320.88,1324.18,1319.70,1312.17,1296.78,1286.16,1288.12,1293.69,1302.89,1314.01,1329.05,1343.08,1355.97,1369.77,1381.28,1389.60,1387.00,1381.32,1373.32,1357.69,1347.34,1338.07,1327.59,1315.47,1306.16,1292.02,1286.25,1288.20,1289.54,1288.82
1402.31,1388.81,1371.99,1357.45,1342.62,1338.17,1351.22,1363.36,1378.21,1391.99,1400.68,1407.29,1410.23,1410.85,1410.21,1408.49,1406.22,1403.98,1402.44,1400.69,1393.35,1377.68,1358.51,1342.00,1331.40,1324.52,1315.92,1307.22,1302.04,1295.04,1298.84,1310.84,1316.79,1302.54,1290.37,1292.35,1300.14,1303.07,1300.78,1299.27,1301.50,1314.40,1327.82,1332.19,1317.47,1298.94,1286.60,1284.75,1288.28,1290.74,1294.66,1299.81,1303.78,1297.68,1282.82,1265.95,1245.97,1242.97,1247.86,1249.05,1246.23,1243.35,1244.41,1250.85,1255.90,1258.55,1273.53,1287.46,1286.96,1275.93,1283.47,1298.70,1313.94,1327.34,1335.70,1340.25,1341.22,1341.43,1339.66,1331.82,1313.13,1302.70,1302.43,1301.23,1291.96,1269.16,1262.95,1275.18,1285.06,1294.80,1308.57,1324.10,1336.10,1343.34,1347.95,1347.07,1336.58,1317.30,1296.44,1285.41,1276.01,1269.50,1261.61,1252.39,1251.54,1260.61,1270.20,1274.78,1274.31,1280.34,1292.48,1304.12,1317.66,1331.97,1343.83,1351.87,1345.45,1328.28,1318.50,1308.14,1287.57,1268.31,1269.35,1281.06,1288.66,1288.65,1281.90,1269.70,1263.30,1277.14,1292.40,1304.45,1315.74,1327.28,1342.08,1352.80,1348.91,1333.22,1311.59,1296.97,1280.96,1272.48,1262.99,1253.85,1247.98,1242.20,1237.39,1230.78,1220.12,1212.67,1203.77,1197.11,1191.72,1189.17,1186.04,1179.48,1172.58,1169.45,1171.21,1174.77,1178.17,1175.36,1163.70,1150.50,1140.13,1126.16,1115.88,1110.59,1107.78,1102.40,1097.76,1100.20,1104.45,1108.01,1109.81,1112.36,1115.64,1118.29,1124.61,1138.80,1150.15,1162.36,1181.56,1194.85,1198.68,1204.14,1212.25,1217.63,1218.38,1221.95,1231.18,1241.58,1252.57,1264.76,1276.18,1288.85,1295.28,1285.52,1266.52,1249.16,1234.61,1224.68,1217.14,1210.33,1205.52,1201.52,1196.39,1192.85,1197.27,1201.47,1204.95,1208.91,1213.42,1221.09,1232.67,1247.71,1258.31,1273.12,1287.40,1291.47,1298.29,1311.78,1321.48,1320.77,1319.07,1308.20,1308.04,1310.24,1302.33,1297.61,1287.48,1283.77,1291.80,1300.32,1307.80,1314.86,1329.75,1343.44,1359.72,1373.79,1385.12,1388.61,1378.33,1367.95,1358.08,1344.34,1330.72,1322.84,1316.86,1309.72,1298.68,1283.92,1278.03,1277.68,1278.81,1279.19
1395.26,1384.23,1366.23,1348.19,1336.72,1343.51,1362.90,1375.47,1385.60,1395.76,1402.48,1405.69,1407.33,1407.83,1407.52,1405.80,1403.86,1400.91,1397.92,1395.65,1390.24,1376.88,1359.81,1342.68,1330.83,1323.45,1315.23,1306.30,1299.37,1291.70,1290.14,1297.07,1309.29,1305.12,1289.87,1285.23,1289.94,1294.79,1295.58,1293.95,1298.19,1308.84,1321.96,1331.68,1323.60,1307.10,1292.22,1282.35,1278.01,1278.11,1281.04,1285.96,1293.07,1294.55,1284.47,1268.46,1247.14,1238.78,1240.63,1238.99,1238.58,1238.62,1248.72,1263.07,1269.47,1265.85,1263.88,1269.71,1271.59,1273.38,1285.66,1298.01,1309.93,1324.60,1333.63,1339.30,1340.64,1340.00,1335.83,1330.59,1315.26,1299.60,1289.69,1290.26,1285.38,1264.28,1259.32,1268.66,1278.18,1290.42,1307.20,1322.38,1332.24,1336.66,1339.31,1338.83,1331.80,1316.16,1297.49,1281.83,1267.56,1258.09,1252.53,1246.86,1249.96,1258.29,1264.12,1264.99,1272.75,1284.26,1294.46,1305.19,1318.34,1326.24,1336.93,1346.09,1338.64,1319.21,1302.71,1299.97,1287.33,1266.06,1259.13,1267.82,1273.88,1274.92,1268.40,1256.14,1259.84,1276.02,1286.87,1292.31,1301.05,1317.87,1333.80,1344.14,1343.85,1333.54,1315.33,1301.76,1285.82,1274.29,1266.74,1258.89,1258.15,1251.84,1246.97,1236.89,1229.15,1225.22,1213.75,1206.11,1197.88,1188.19,1180.52,1176.75,1177.23,1181.00,1185.34,1189.03,1188.02,1172.98,1158.12,1151.16,1144.03,1130.08,1114.94,1106.22,1103.09,1099.28,1095.81,1100.20,1104.67,1106.62,1107.91,1109.54,1112.18,1114.56,1119.04,1129.74,1143.84,1160.10,1177.42,1183.55,1184.91,1193.38,1202.68,1212.15,1222.34,1231.45,1239.37,1245.18,1251.82,1261.23,1272.67,1284.25,1287.42,1272.18,1254.59,1239.11,1225.26,1215.90,1208.15,1201.91,1198.72,1196.43,1192.60,1189.22,1193.28,1197.70,1201.34,1205.64,1212.47,1220.49,1233.33,1251.79,1267.97,1283.48,1299.32,1305.75,1309.60,1317.09,1319.33,1307.97,1307.41,1298.08,1292.30,1292.45,1285.62,1282.73,1278.27,1284.28,1295.98,1307.73,1318.64,1323.00,1329.30,1340.57,1357.55,1373.43,1385.15,1387.96,1377.14,1356.93,1340.39,1331.52,1321.42,1309.95,1304.77,1296.43,1285.58,1273.86,1269.63,1269.59,1270.50,1271.84
1393.87,1379.42,1363.02,1344.42,1335.37,1347.41,1364.74,1377.80,1387.12,1396.18,1401.67,1403.48,1404.47,1404.97,1404.82,1403.13,1401.57,1399.76,1395.60,1391.31,1385.64,1376.63,1364.22,1352.36,1341.59,1332.44,1323.40,1311.11,1300.00,1291.08,1286.34,1288.15,1298.27,1307.34,1293.07,1283.33,1281.63,1287.40,1289.73,1289.16,1293.88,1305.12,1318.51,1328.47,1327.97,1314.45,1304.38,1295.28,1282.36,1274.69,1271.66,1275.41,1279.48,1284.97,1285.34,1271.84,1251.97,1237.62,1234.33,1234.14,1233.97,1240.21,1256.13,1273.62,1284.40,1283.12,1277.09,1272.44,1272.91,1280.73,1294.09,1305.98,1316.81,1327.41,1333.46,1336.70,1336.15,1334.25,1325.63,1318.59,1313.21,1303.09,1287.64,1279.36,1274.19,1260.40,1256.70,1268.04,1279.23,1294.04,1309.50,1319.54,1325.16,1327.27,1328.41,1327.95,1323.82,1315.44,1302.82,1288.88,1267.75,1250.87,1245.61,1243.81,1248.39,1254.43,1256.68,1262.82,1273.28,1284.35,1295.32,1306.99,1312.92,1316.09,1331.64,1342.15,1336.49,1318.51,1299.86,1290.39,1284.89,1264.54,1249.14,1253.90,1260.72,1261.14,1255.20,1247.51,1257.67,1267.89,1274.70,1282.84,1297.93,1313.72,1323.46,1327.49,1334.14,1332.81,1319.09,1305.73,1296.05,1287.84,1278.11,1269.38,1270.68,1263.89,1251.53,1243.83,1240.09,1233.85,1224.77,1214.64,1201.64,1191.19,1184.05,1184.69,1190.28,1198.43,1200.58,1199.51,1191.44,1179.07,1175.92,1166.23,1152.52,1135.61,1114.11,1102.45,1097.68,1093.59,1094.59,1101.19,1103.18,1104.12,1105.37,1107.00,1108.82,1109.53,1114.58,1130.98,1147.30,1159.87,1167.49,1168.40,1170.10,1180.43,1189.59,1196.88,1210.63,1228.08,1238.04,1237.58,1241.16,1255.58,1268.92,1278.74,1278.34,1262.45,1245.42,1232.12,1220.63,1211.63,1201.85,1196.21,1192.91,1190.71,1187.89,1185.44,1188.91,1193.76,1197.90,1204.51,1216.42,1228.09,1240.35,1253.74,1267.51,1283.44,1296.98,1304.49,1309.72,1316.57,1314.78,1297.77,1291.25,1285.86,1275.78,1273.46,1269.36,1270.91,1281.21,1293.56,1301.05,1312.31,1325.38,1333.23,1335.80,1342.24,1354.28,1370.65,1383.58,1386.57,1375.97,1357.03,1335.02,1322.90,1312.30,1301.97,1293.58,1284.60,1276.71,1269.19,1267.90,1268.05,1267.97,1268.23
1397.72,1382.32,1363.22,1343.87,1334.20,1346.17,1361.94,1376.99,1388.28,1395.67,1400.29,1401.80,1402.29,1402.71,1402.75,1401.78,1400.71,1398.82,1394.97,1390.66,1384.20,1374.70,1361.30,1353.98,1349.35,1340.81,1329.87,1313.51,1299.69,1289.40,1284.63,1282.41,1291.95,1302.51,1299.20,1284.07,1277.53,1282.69,1285.19,1286.88,1293.15,1303.21,1313.61,1324.15,1330.91,1326.32,1319.18,1307.80,1292.01,1280.49,1271.05,1266.60,1267.03,1272.98,1283.45,1278.15,1261.83,1247.07,1234.01,1230.40,1230.18,1237.42,1256.63,1275.39,1291.91,1297.44,1297.35,1294.11,1291.47,1293.54,1302.58,1310.69,1324.18,1331.22,1334.20,1333.42,1328.65,1326.20,1318.63,1303.53,1299.19,1299.12,1291.26,1278.30,1266.25,1255.99,1252.21,1267.53,1279.95,1291.52,1306.14,1316.34,1316.58,1315.95,1314.34,1310.54,1306.99,1305.53,1302.02,1290.90,1271.22,1251.38,1240.26,1241.04,1246.08,1248.84,1253.29,1259.95,1267.72,1277.16,1286.46,1296.57,1300.27,1312.17,1328.88,1337.83,1333.24,1319.50,1305.05,1290.06,1279.13,1262.77,1248.41,1240.84,1244.23,1246.31,1241.93,1243.63,1250.74,1259.26,1266.76,1277.70,1296.55,1306.53,1310.68,1316.76,1324.90,1326.26,1315.76,1306.27,1303.01,1298.43,1287.30,1282.01,1282.20,1274.50,1261.09,1251.18,1241.34,1231.48,1221.92,1209.77,1199.30,1196.78,1196.20,1199.00,1204.07,1212.06,1214.45,1209.74,1200.80,1195.07,1186.17,1166.90,1150.22,1131.70,1110.82,1098.64,1092.51,1089.69,1094.13,1098.86,1100.87,1101.17,1102.02,1103.30,1104.40,1105.57,1111.64,1126.77,1141.17,1147.68,1150.16,1152.27,1155.84,1165.74,1178.73,1193.12,1211.00,1223.98,1227.46,1224.43,1234.49,1248.42,1260.93,1272.73,1266.87,1255.10,1241.03,1229.34,1217.55,1207.57,1197.75,1192.36,1187.96,1186.74,1185.52,1182.41,1183.74,1189.19,1194.82,1203.93,1216.96,1229.28,1241.33,1254.73,1269.49,1278.75,1283.52,1290.68,1300.74,1311.85,1308.90,1294.57,1277.63,1270.84,1260.67,1258.97,1263.99,1273.73,1289.89,1303.13,1310.30,1316.49,1328.15,1339.91,1345.59,1348.81,1360.68,1371.46,1382.02,1383.34,1373.78,1359.73,1339.87,1325.02,1313.91,1308.84,1299.23,1282.28,1271.81,1267.60,1266.50,1266.33,1265.92,1266.49
1398.06,1382.85,1362.02,1341.71,1331.41,1342.46,1357.18,1374.80,1387.48,1393.94,1398.06,1399.80,1400.18,1400.78,1401.10,1400.61,1399.21,1396.53,1393.43,1389.83,1384.76,1377.69,1360.58,1345.58,1338.89,1337.22,1329.26,1311.08,1296.55,1287.31,1282.64,1278.73,1284.34,1294.12,1296.58,1283.69,1274.66,1278.38,1281.59,1284.67,1293.64,1305.91,1314.39,1322.57,1329.06,1331.09,1328.09,1317.00,1302.20,1289.25,1276.51,1263.89,1259.55,1264.54,1277.16,1281.50,1269.89,1257.96,1239.95,1227.00,1226.23,1233.19,1252.46,1269.59,1287.70,1301.05,1306.43,1307.73,1307.89,1307.41,1314.77,1320.93,1328.34,1331.86,1332.61,1331.86,1326.83,1317.55,1315.55,1306.72,1291.52,1285.73,1287.24,1281.98,1269.00,1255.68,1247.63,1262.72,1275.63,1287.30,1303.74,1314.37,1310.41,1304.04,1299.23,1293.63,1291.72,1288.38,1286.14,1284.49,1272.91,1253.52,1237.63,1237.11,1240.65,1244.94,1251.77,1259.02,1266.03,1272.63,1280.01,1291.16,1300.93,1312.94,1326.11,1332.56,1328.80,1317.18,1301.31,1288.95,1280.06,1267.45,1253.62,1239.81,1231.82,1233.17,1233.57,1241.25,1252.06,1264.25,1270.86,1278.96,1292.90,1297.30,1296.95,1305.39,1313.72,1314.20,1304.92,1296.82,1299.52,1299.20,1293.77,1293.99,1289.92,1283.46,1272.18,1256.79,1245.93,1230.76,1216.71,1209.25,1209.32,1212.94,1211.01,1211.42,1217.85,1225.07,1224.52,1213.48,1204.88,1198.28,1182.38,1159.22,1139.60,1121.21,1106.34,1094.13,1088.93,1089.96,1094.30,1097.39,1098.46,1098.31,1098.68,1099.37,1100.21,1101.63,1108.26,1120.96,1130.29,1135.47,1136.53,1140.89,1153.52,1168.94,1185.79,1200.14,1212.12,1214.65,1211.39,1214.03,1230.31,1245.93,1260.05,1268.81,1256.67,1239.85,1228.87,1220.89,1211.62,1200.81,1192.83,1187.57,1182.48,1181.58,1182.60,1180.68,1180.09,1186.46,1194.05,1203.66,1213.88,1222.43,1230.05,1241.48,1255.55,1261.74,1266.48,1278.41,1297.22,1308.54,1302.42,1288.57,1268.20,1254.93,1252.62,1259.48,1269.01,1280.36,1296.77,1310.18,1322.47,1327.55,1334.68,1344.43,1355.34,1359.96,1366.79,1374.75,1380.57,1378.38,1368.21,1352.62,1338.09,1326.63,1319.82,1317.84,1300.98,1281.60,1269.99,1266.44,1264.80,1264.30,1264.07,1266.46
1392.56,1378.53,1357.96,1336.63,1328.91,1340.31,1355.12,1371.64,1385.16,1391.72,1395.22,1396.86,1397.34,1398.07,1398.24,1397.70,1395.91,1393.71,1391.39,1388.58,1384.56,1377.95,1361.96,1345.55,1332.39,1327.82,1326.40,1315.09,1301.84,1288.24,1281.72,1277.12,1275.01,1284.19,1291.37,1282.39,1271.66,1272.02,1277.03,1283.35,1294.93,1307.87,1316.16,1322.39,1327.30,1330.13,1329.19,1320.45,1309.21,1295.79,1280.59,1266.33,1254.79,1257.03,1271.43,1282.14,1274.39,1261.23,1246.46,1229.07,1223.12,1230.39,1246.52,1261.54,1278.45,1293.86,1306.16,1311.95,1314.21,1317.38,1321.56,1324.55,1328.03,1330.40,1330.21,1329.29,1324.57,1313.72,1306.24,1300.74,1287.39,1273.58,1274.42,1274.81,1269.03,1255.63,1244.50,1258.66,1270.83,1282.50,1298.63,1311.83,1309.52,1299.64,1288.34,1281.56,1279.28,1280.28,1272.34,1272.03,1267.68,1250.57,1233.07,1232.45,1237.23,1244.04,1253.25,1264.49,1275.82,1283.63,1288.00,1300.11,1311.37,1319.57,1323.19,1326.13,1323.24,1310.32,1290.76,1274.29,1266.76,1263.32,1256.05,1241.61,1228.55,1225.85,1232.36,1244.61,1258.35,1269.63,1276.91,1283.78,1288.96,1284.14,1284.41,1293.58,1302.57,1303.04,1291.88,1284.62,1289.02,1293.33,1299.81,1300.60,1294.50,1286.49,1276.95,1263.83,1250.74,1232.42,1219.16,1219.32,1223.93,1228.26,1225.84,1223.53,1231.97,1235.50,1221.92,1201.66,1191.46,1183.11,1172.73,1156.20,1135.32,1116.22,1101.49,1089.89,1087.16,1090.81,1093.46,1095.53,1095.76,1095.35,1095.68,1096.34,1097.31,1098.37,1103.06,1113.83,1122.15,1125.20,1129.07,1141.58,1157.71,1172.54,1186.00,1198.28,1204.13,1202.82,1200.64,1213.75,1230.93,1245.52,1256.19,1264.26,1257.00,1236.76,1220.38,1211.63,1203.71,1191.38,1185.62,1181.89,1178.03,1177.56,1178.90,1177.76,1178.10,1185.44,1192.83,1200.37,1207.52,1215.38,1222.26,1228.91,1239.85,1248.56,1259.10,1277.04,1293.47,1302.68,1295.74,1276.87,1256.36,1246.65,1251.77,1263.19,1279.02,1293.44,1304.33,1315.34,1324.40,1328.80,1331.51,1340.60,1355.93,1366.46,1371.68,1375.14,1376.56,1372.76,1363.05,1350.86,1338.39,1331.82,1325.23,1313.83,1296.13,1276.58,1267.02,1264.33,1262.50,1261.89,1263.01,1267.13
1384.67,1371.86,1350.91,1330.46,1328.11,1343.03,1356.91,1371.52,1383.57,1389.30,1392.37,1393.78,1394.25,1394.49,1393.86,1393.34,1392.05,1390.29,1388.66,1386.69,1383.77,1379.03,1367.78,1352.80,1335.03,1320.94,1317.73,1313.38,1302.61,1289.08,1280.07,1275.53,1271.33,1272.44,1283.07,1279.82,1269.09,1267.31,1273.70,1285.10,1296.36,1306.80,1314.18,1320.15,1324.52,1327.40,1324.46,1314.94,1305.46,1292.71,1277.23,1263.67,1250.82,1251.22,1267.09,1280.56,1279.78,1266.50,1252.49,1235.36,1220.38,1227.36,1239.86,1253.17,1271.87,1287.38,1299.13,1305.18,1307.00,1308.63,1310.67,1316.28,1322.46,1326.57,1327.30,1325.58,1322.11,1311.63,1298.17,1289.97,1283.80,1271.97,1261.13,1257.13,1258.95,1252.23,1239.15,1252.71,1266.61,1278.72,1294.78,1308.80,1309.76,1301.11,1286.99,1272.54,1268.23,1271.81,1267.25,1258.06,1257.79,1245.03,1229.08,1229.50,1234.53,1241.45,1253.66,1266.45,1280.46,1293.84,1299.15,1307.57,1315.08,1316.01,1311.26,1316.51,1315.82,1301.10,1285.74,1267.58,1254.44,1250.83,1250.48,1239.43,1226.37,1222.17,1229.50,1245.00,1258.67,1265.56,1272.64,1277.43,1279.61,1273.09,1273.09,1280.32,1288.59,1291.96,1281.10,1273.32,1280.55,1292.55,1301.64,1302.03,1295.91,1285.87,1275.47,1261.73,1247.02,1233.72,1227.97,1232.79,1237.42,1242.85,1241.43,1240.19,1244.49,1236.37,1215.50,1197.87,1183.03,1170.01,1160.30,1148.99,1132.20,1113.06,1097.48,1088.57,1086.12,1089.14,1091.85,1093.44,1092.91,1092.39,1092.77,1093.55,1094.60,1096.32,1099.74,1106.06,1113.77,1121.19,1130.96,1144.91,1158.82,1173.28,1184.54,1188.00,1188.68,1189.02,1195.68,1211.53,1224.62,1240.24,1254.03,1261.76,1255.54,1237.49,1218.56,1205.17,1197.13,1184.10,1178.58,1176.87,1174.49,1174.22,1175.42,1173.49,1176.14,1184.09,1189.88,1195.92,1203.18,1217.05,1226.15,1232.04,1239.88,1251.62,1263.11,1278.34,1291.83,1295.84,1285.79,1264.05,1244.94,1243.08,1253.59,1269.55,1288.78,1301.11,1306.68,1305.76,1306.63,1309.99,1319.60,1334.53,1352.20,1365.20,1371.04,1371.33,1371.81,1364.60,1353.96,1346.24,1336.31,1329.62,1320.52,1306.28,1289.34,1270.38,1262.64,1261.45,1259.93,1259.18,1262.67,1267.00
1378.51,1363.78,1342.01,1324.39,1329.40,1345.07,1359.85,1374.10,1383.00,1387.06,1389.55,1390.72,1391.16,1390.88,1389.83,1389.32,1388.54,1387.20,1385.74,1383.98,1381.85,1377.42,1368.70,1356.49,1337.41,1320.97,1308.95,1303.36,1296.94,1286.72,1278.98,1276.14,1271.05,1267.14,1272.99,1275.33,1266.59,1263.55,1271.43,1286.47,1299.83,1308.73,1313.31,1317.61,1321.79,1323.41,1319.52,1310.35,1300.68,1286.48,1270.86,1257.59,1246.51,1246.38,1262.76,1277.01,1281.17,1271.76,1252.81,1235.71,1217.36,1221.63,1232.54,1247.00,1265.19,1277.56,1286.04,1290.20,1292.46,1296.54,1298.79,1304.10,1317.37,1323.54,1323.80,1320.69,1319.33,1315.06,1305.62,1303.83,1300.38,1285.92,1266.89,1251.59,1247.85,1245.26,1234.44,1244.76,1258.96,1275.34,1290.15,1304.07,1309.08,1302.60,1289.49,1269.20,1258.44,1259.86,1258.47,1250.04,1246.86,1237.14,1223.25,1225.00,1230.22,1239.66,1250.99,1265.20,1280.16,1296.00,1307.67,1312.53,1306.95,1301.37,1296.76,1302.63,1307.03,1291.84,1273.24,1265.01,1256.33,1243.85,1240.01,1233.19,1221.49,1219.35,1227.68,1242.80,1254.30,1260.79,1267.50,1270.40,1270.95,1263.74,1262.16,1268.93,1276.95,1280.33,1270.57,1269.00,1283.31,1295.45,1303.22,1302.65,1296.88,1287.40,1276.63,1262.58,1251.64,1242.17,1237.87,1244.78,1249.20,1256.80,1254.73,1252.59,1250.55,1240.46,1222.88,1204.87,1180.96,1159.68,1146.52,1138.16,1125.15,1110.33,1095.89,1087.79,1084.42,1087.89,1090.03,1090.69,1090.30,1089.58,1089.95,1090.84,1091.95,1094.26,1098.17,1104.15,1111.95,1121.90,1133.76,1147.15,1158.97,1168.66,1172.80,1171.20,1174.84,1182.31,1192.56,1206.57,1223.21,1240.92,1254.20,1257.38,1246.59,1230.67,1215.09,1200.63,1192.76,1181.69,1174.63,1172.23,1170.82,1170.58,1171.81,1169.78,1173.96,1185.31,1194.87,1202.64,1212.50,1229.88,1240.66,1247.88,1250.38,1258.11,1272.49,1284.30,1290.41,1283.33,1269.63,1254.60,1238.42,1242.66,1258.70,1277.47,1293.25,1296.08,1293.49,1290.19,1292.33,1302.21,1319.21,1337.23,1353.31,1362.86,1365.13,1363.97,1366.08,1358.71,1346.63,1333.43,1326.97,1321.02,1310.18,1297.53,1283.12,1264.48,1257.64,1256.31,1254.87,1257.62,1261.86,1263.41
1370.65,1353.48,1332.94,1321.13,1332.46,1348.89,1364.23,1375.69,1381.97,1385.06,1387.04,1388.18,1387.90,1387.13,1386.32,1386.42,1385.54,1384.27,1382.97,1381.34,1379.17,1374.74,1367.35,1355.78,1338.80,1322.44,1308.01,1298.98,1293.04,1287.45,1288.09,1283.07,1274.16,1266.11,1263.98,1267.84,1262.13,1260.60,1270.64,1288.75,1299.95,1306.79,1311.34,1315.28,1318.70,1319.86,1315.77,1309.17,1302.06,1291.80,1272.94,1255.48,1244.13,1240.03,1254.39,1269.70,1279.96,1271.32,1251.38,1234.75,1214.81,1213.33,1224.70,1241.33,1255.53,1263.28,1272.83,1286.01,1299.00,1304.42,1303.67,1306.51,1317.05,1321.68,1321.57,1315.87,1308.85,1311.02,1312.07,1311.73,1309.74,1296.49,1279.53,1260.25,1246.98,1238.68,1230.45,1234.46,1249.30,1267.03,1284.85,1298.96,1304.12,1303.17,1292.42,1270.63,1252.99,1249.14,1246.66,1243.13,1237.60,1228.14,1217.98,1221.86,1227.75,1237.06,1250.03,1265.43,1281.25,1297.55,1309.57,1309.96,1298.83,1287.82,1285.97,1291.39,1295.62,1284.04,1263.85,1252.22,1253.12,1245.62,1231.42,1222.38,1215.71,1216.24,1226.21,1240.23,1249.47,1255.51,1260.20,1263.05,1261.17,1254.66,1253.19,1260.28,1266.81,1264.52,1258.00,1267.19,1282.10,1296.32,1304.76,1304.03,1301.21,1294.61,1285.98,1273.92,1263.85,1252.26,1248.45,1252.25,1252.89,1252.07,1244.34,1245.18,1243.21,1240.11,1229.37,1207.27,1178.85,1154.33,1137.62,1127.08,1115.35,1106.34,1094.35,1086.68,1082.90,1085.24,1087.23,1088.25,1088.00,1087.34,1087.64,1088.51,1089.46,1091.41,1095.90,1104.69,1115.97,1126.63,1138.89,1148.21,1153.51,1157.16,1158.36,1162.51,1175.89,1187.99,1199.75,1211.52,1223.27,1237.09,1248.78,1249.99,1237.78,1220.14,1209.48,1198.82,1188.37,1178.00,1171.93,1168.53,1167.74,1167.40,1168.05,1166.88,1174.25,1188.68,1204.33,1218.31,1227.21,1240.97,1255.33,1264.74,1261.05,1261.21,1275.18,1285.14,1283.87,1271.93,1256.24,1241.20,1234.75,1244.68,1263.29,1279.31,1282.88,1278.75,1281.02,1284.89,1294.94,1309.39,1326.69,1340.61,1351.43,1357.27,1357.05,1354.43,1358.48,1352.78,1341.92,1326.43,1320.99,1312.43,1302.03,1289.13,1276.73,1262.68,1255.39,1250.84,1250.94,1255.69,1258.38,1258.90
1361.60,1342.87,1325.11,1322.48,1337.57,1354.53,1367.14,1375.36,1380.34,1382.74,1384.67,1385.48,1384.58,1383.58,1382.39,1383.18,1382.81,1381.59,1380.30,1379.00,1376.83,1372.89,1367.21,1357.78,1341.12,1323.53,1311.37,1300.97,1293.89,1294.90,1300.22,1292.88,1279.98,1268.90,1259.52,1261.25,1259.56,1258.61,1269.67,1286.78,1294.47,1298.38,1303.78,1308.43,1314.43,1317.91,1314.35,1309.60,1304.27,1296.21,1277.20,1258.61,1243.51,1233.55,1241.91,1258.26,1274.35,1271.09,1252.16,1235.10,1212.45,1203.32,1215.14,1230.14,1242.52,1255.85,1274.59,1291.76,1307.15,1310.54,1308.63,1308.21,1314.11,1317.96,1318.71,1312.31,1299.57,1298.87,1304.35,1306.86,1307.22,1300.80,1288.44,1270.07,1254.97,1242.24,1230.50,1229.34,1241.33,1258.30,1277.77,1289.38,1294.50,1299.16,1293.32,1274.18,1253.91,1244.50,1238.51,1231.63,1227.32,1220.02,1213.77,1217.50,1223.95,1236.53,1252.07,1264.90,1281.55,1297.26,1305.94,1303.84,1289.98,1272.84,1274.64,1282.80,1281.97,1271.82,1258.73,1244.85,1243.18,1240.22,1226.45,1215.18,1210.69,1212.90,1225.12,1239.21,1245.08,1247.33,1248.38,1252.58,1253.23,1246.95,1246.74,1254.23,1254.35,1249.70,1253.63,1267.63,1282.30,1295.69,1303.45,1303.37,1300.99,1295.32,1286.45,1273.24,1264.89,1257.53,1252.71,1246.59,1239.93,1233.62,1229.84,1233.05,1230.39,1229.34,1224.91,1208.01,1180.42,1160.49,1142.78,1127.79,1110.78,1098.90,1089.84,1084.57,1081.15,1082.67,1084.46,1085.94,1085.76,1085.15,1085.38,1086.14,1086.96,1088.34,1093.60,1103.73,1113.59,1121.86,1132.11,1138.27,1142.42,1146.55,1152.87,1162.59,1176.10,1187.75,1200.24,1214.72,1225.41,1231.90,1238.66,1240.44,1226.77,1213.63,1199.46,1192.73,1185.43,1177.20,1171.30,1166.03,1164.66,1164.14,1163.92,1163.96,1175.08,1190.98,1207.62,1225.14,1242.07,1253.42,1268.35,1277.82,1270.53,1265.01,1274.88,1283.59,1274.82,1262.05,1249.29,1235.14,1232.05,1244.96,1260.08,1267.74,1266.25,1267.43,1275.29,1287.24,1299.70,1315.95,1332.41,1339.81,1341.43,1347.44,1346.17,1340.12,1342.25,1343.62,1332.64,1318.75,1315.44,1308.92,1301.08,1286.50,1273.59,1262.48,1254.38,1248.22,1247.77,1251.98,1254.51,1255.05
1351.63,1333.35,1319.07,1325.10,1341.79,1357.53,1367.89,1373.85,1378.42,1381.08,1382.78,1382.86,1381.70,1380.33,1378.99,1380.32,1380.15,1378.94,1377.67,1376.58,1375.09,1372.01,1366.80,1357.36,1339.57,1324.57,1313.02,1300.57,1296.35,1302.54,1308.97,1300.00,1284.59,1272.75,1259.50,1252.96,1255.31,1256.41,1265.78,1276.11,1280.54,1284.89,1292.16,1301.24,1311.00,1317.04,1315.06,1309.64,1304.70,1297.37,1276.29,1258.64,1243.30,1230.23,1232.63,1250.04,1268.02,1268.28,1252.41,1233.76,1209.97,1199.61,1209.67,1224.13,1242.48,1263.71,1282.35,1296.79,1301.67,1299.27,1298.64,1297.72,1307.65,1313.67,1316.24,1311.53,1296.51,1284.88,1294.13,1299.76,1301.69,1300.18,1293.46,1280.09,1265.47,1248.40,1230.22,1226.60,1242.24,1257.55,1270.98,1273.67,1278.29,1289.81,1293.19,1283.06,1263.69,1249.29,1240.35,1230.55,1221.14,1212.28,1210.05,1215.14,1222.71,1236.03,1252.58,1268.48,1283.55,1295.53,1300.55,1294.18,1277.90,1262.61,1265.77,1271.70,1268.81,1257.66,1248.38,1235.80,1228.13,1224.52,1214.83,1208.92,1205.65,1210.74,1225.67,1237.91,1238.59,1239.73,1236.98,1238.19,1241.38,1236.67,1241.66,1244.10,1239.03,1243.53,1257.89,1271.60,1284.69,1290.83,1292.69,1295.46,1294.02,1287.61,1273.38,1261.85,1255.89,1252.35,1246.00,1236.55,1227.69,1219.92,1218.77,1219.79,1215.66,1214.22,1213.44,1205.81,1184.19,1165.76,1147.87,1130.43,1113.95,1098.66,1087.82,1081.70,1079.73,1080.76,1082.35,1083.77,1083.50,1082.92,1082.89,1083.64,1084.61,1087.11,1091.58,1101.57,1109.84,1116.25,1122.53,1128.07,1134.88,1146.82,1155.37,1162.58,1173.23,1183.05,1195.92,1210.30,1215.22,1217.10,1230.02,1233.00,1216.34,1202.80,1194.01,1184.75,1178.82,1173.01,1168.74,1163.65,1161.52,1161.08,1160.88,1160.49,1171.39,1185.23,1200.57,1219.74,1240.99,1258.09,1274.72,1280.33,1278.90,1275.28,1279.03,1282.67,1273.44,1256.36,1239.08,1228.01,1228.28,1238.58,1248.31,1253.46,1258.04,1268.81,1281.30,1295.78,1308.16,1324.37,1332.46,1326.57,1325.12,1333.33,1331.74,1326.53,1327.53,1335.18,1328.14,1315.72,1310.64,1307.06,1301.87,1289.85,1274.99,1261.71,1252.52,1245.11,1245.55,1249.05,1251.35,1251.90
1344.19,1325.34,1316.64,1327.71,1345.17,1357.88,1366.08,1371.98,1376.34,1379.11,1380.59,1380.31,1379.17,1377.41,1376.13,1377.21,1377.48,1376.27,1374.87,1373.69,1372.90,1371.66,1368.01,1358.38,1341.36,1327.00,1315.24,1304.39,1300.38,1306.84,1310.52,1302.07,1290.41,1278.81,1263.30,1250.60,1246.87,1252.60,1258.77,1265.69,1274.38,1285.93,1296.58,1304.86,1311.41,1315.68,1316.34,1311.05,1305.26,1296.87,1278.36,1262.20,1244.17,1227.90,1226.03,1241.47,1258.77,1260.31,1247.03,1228.38,1204.49,1196.57,1207.57,1224.23,1241.31,1264.87,1287.84,1295.35,1288.17,1284.67,1284.16,1284.87,1299.13,1311.12,1314.41,1311.67,1298.04,1277.38,1280.49,1290.99,1296.22,1295.25,1292.34,1283.04,1266.47,1248.84,1228.66,1223.81,1240.28,1252.26,1260.88,1256.51,1259.47,1276.61,1285.95,1287.13,1274.90,1257.09,1243.87,1236.20,1223.56,1209.02,1207.45,1212.57,1219.49,1231.47,1245.30,1263.51,1279.80,1292.27,1292.83,1281.15,1265.44,1251.53,1252.35,1258.47,1259.74,1250.03,1239.00,1228.25,1217.66,1212.47,1206.97,1203.26,1200.55,1212.01,1228.19,1234.45,1230.96,1231.88,1225.61,1228.61,1228.79,1229.92,1235.80,1231.71,1233.92,1248.19,1260.25,1271.38,1279.51,1278.00,1281.41,1285.82,1285.16,1274.91,1260.38,1251.96,1242.65,1236.03,1230.25,1224.08,1216.20,1209.06,1203.78,1204.34,1199.87,1196.41,1196.41,1192.44,1180.19,1163.42,1144.26,1126.62,1110.66,1097.06,1086.84,1080.42,1078.50,1079.24,1080.78,1081.57,1081.19,1080.76,1080.52,1081.01,1082.51,1085.74,1089.63,1097.62,1105.57,1112.82,1118.48,1125.21,1135.88,1150.14,1161.98,1174.34,1182.97,1190.88,1198.48,1202.03,1199.95,1209.71,1227.59,1231.64,1218.14,1201.14,1187.72,1177.39,1171.50,1166.13,1161.76,1159.32,1158.44,1158.44,1158.68,1158.33,1167.42,1184.56,1201.19,1220.58,1239.14,1257.36,1272.49,1276.20,1277.74,1279.08,1281.15,1281.90,1275.35,1255.57,1234.50,1222.52,1225.81,1239.39,1250.12,1258.57,1268.62,1281.93,1293.49,1304.76,1317.86,1327.11,1325.22,1313.87,1312.45,1317.64,1316.31,1315.83,1320.94,1328.95,1327.51,1314.95,1306.97,1300.05,1293.71,1283.51,1269.64,1255.41,1246.18,1240.91,1243.58,1246.69,1248.54,1249.08
1338.97,1320.84,1315.69,1329.82,1347.03,1358.87,1366.38,1371.67,1374.45,1376.71,1378.05,1377.67,1376.34,1374.51,1373.09,1373.90,1374.67,1373.60,1372.16,1370.84,1370.29,1369.79,1367.29,1361.19,1347.86,1332.50,1321.42,1314.78,1311.37,1308.73,1310.99,1307.41,1297.59,1285.05,1268.11,1252.21,1240.53,1246.36,1258.94,1272.85,1284.40,1297.43,1302.47,1305.62,1308.73,1310.89,1315.09,1314.10,1307.60,1298.58,1280.65,1264.79,1247.47,1228.44,1220.19,1231.70,1246.88,1250.67,1239.01,1219.03,1197.65,1192.89,1203.88,1222.60,1243.76,1263.97,1281.96,1285.84,1275.94,1270.54,1267.57,1276.88,1292.80,1307.64,1312.56,1310.60,1297.46,1275.40,1271.35,1285.17,1291.68,1290.12,1287.06,1278.30,1265.13,1248.80,1226.43,1218.93,1231.61,1241.91,1248.55,1244.10,1248.94,1264.11,1271.42,1277.11,1273.72,1255.45,1239.45,1228.16,1218.75,1205.10,1203.68,1209.65,1220.71,1235.17,1246.48,1262.17,1280.45,1289.94,1288.02,1274.06,1255.71,1237.39,1236.74,1244.00,1250.51,1242.40,1231.95,1222.97,1212.71,1203.16,1199.12,1197.43,1199.68,1216.52,1228.61,1230.84,1224.55,1221.36,1217.60,1219.88,1222.59,1229.19,1228.75,1226.56,1239.32,1253.30,1265.05,1273.24,1272.68,1267.29,1273.92,1275.30,1277.03,1265.00,1252.97,1241.80,1229.80,1219.09,1211.82,1209.33,1203.08,1192.97,1187.51,1185.64,1183.75,1179.72,1178.53,1175.30,1167.08,1156.57,1144.49,1130.15,1115.19,1100.20,1087.80,1080.16,1077.31,1077.70,1079.31,1079.50,1079.25,1078.97,1078.60,1078.91,1080.66,1083.97,1087.70,1094.17,1104.19,1115.99,1125.63,1134.18,1143.02,1157.01,1169.29,1179.02,1184.91,1187.64,1185.70,1185.27,1192.19,1208.51,1224.66,1227.89,1217.99,1202.87,1185.72,1173.22,1165.17,1161.06,1157.61,1155.83,1155.56,1155.81,1155.88,1156.97,1167.28,1181.95,1195.49,1214.92,1234.01,1253.05,1265.12,1263.10,1266.67,1271.58,1275.51,1278.81,1270.89,1250.14,1230.26,1218.72,1227.70,1247.45,1262.43,1274.85,1283.32,1294.69,1303.55,1311.39,1317.70,1315.82,1311.06,1299.45,1298.05,1302.08,1304.01,1310.19,1319.11,1321.03,1324.44,1317.11,1308.03,1298.34,1283.18,1274.86,1263.72,1252.07,1242.38,1238.32,1241.75,1244.36,1245.96,1245.64
1335.77,1318.63,1315.04,1330.07,1346.47,1357.39,1364.68,1369.97,1372.54,1374.51,1375.42,1375.03,1373.63,1371.71,1370.21,1371.10,1371.88,1371.17,1369.43,1367.69,1367.32,1367.91,1365.40,1360.87,1350.88,1333.76,1321.90,1313.15,1306.23,1304.31,1307.59,1306.62,1297.44,1282.97,1267.86,1253.15,1239.08,1244.61,1259.78,1274.99,1287.27,1295.44,1297.56,1303.51,1302.24,1301.49,1311.23,1315.35,1309.94,1297.58,1276.69,1260.66,1246.82,1230.29,1216.99,1220.70,1234.16,1239.53,1229.66,1206.92,1191.28,1190.78,1200.39,1218.64,1241.07,1258.09,1272.14,1273.92,1263.85,1258.72,1258.47,1273.62,1289.07,1301.70,1310.38,1305.40,1290.57,1271.61,1261.99,1276.64,1284.77,1286.30,1282.01,1272.82,1261.18,1246.58,1226.20,1213.02,1218.79,1227.45,1229.97,1230.06,1242.83,1250.05,1251.38,1260.30,1269.28,1259.52,1244.06,1229.43,1215.38,1201.06,1200.13,1206.51,1220.36,1236.96,1250.63,1267.41,1281.38,1286.78,1282.73,1271.07,1252.11,1228.29,1220.24,1229.83,1240.32,1233.75,1221.38,1213.92,1208.55,1198.20,1189.81,1192.59,1202.97,1215.71,1221.53,1225.56,1219.88,1212.87,1210.74,1215.73,1223.25,1225.07,1222.44,1225.27,1241.99,1255.25,1265.71,1271.62,1265.17,1258.09,1264.22,1263.25,1271.64,1264.17,1253.88,1245.95,1233.11,1215.48,1199.95,1193.55,1187.42,1178.75,1171.73,1168.51,1165.78,1161.74,1160.05,1156.77,1149.05,1140.49,1135.66,1128.35,1117.67,1102.05,1088.34,1080.43,1077.19,1076.38,1078.36,1078.22,1077.86,1077.51,1077.17,1077.84,1079.37,1082.18,1087.04,1094.16,1104.36,1117.55,1129.85,1141.77,1153.53,1162.37,1166.45,1168.97,1171.96,1167.95,1167.96,1177.18,1196.07,1212.34,1222.70,1219.70,1206.51,1191.88,1178.62,1169.31,1159.85,1155.41,1153.52,1152.86,1153.11,1153.43,1153.67,1156.51,1165.93,1177.59,1192.67,1213.33,1232.13,1248.08,1255.07,1249.48,1249.89,1257.55,1263.92,1274.41,1265.07,1244.28,1225.43,1213.72,1225.20,1242.53,1257.16,1270.16,1281.41,1293.48,1304.74,1308.09,1302.58,1296.07,1291.05,1284.73,1285.92,1295.24,1303.44,1309.92,1310.68,1314.84,1320.30,1315.73,1305.88,1297.92,1285.52,1278.33,1266.27,1253.62,1242.72,1236.01,1239.37,1241.90,1243.44,1242.39
1332.52,1314.55,1311.64,1327.88,1343.78,1355.02,1362.96,1367.48,1370.41,1372.04,1372.76,1372.40,1371.01,1369.18,1367.75,1368.50,1369.16,1368.41,1366.39,1364.43,1363.88,1365.41,1364.44,1360.08,1351.11,1331.25,1317.36,1304.36,1293.63,1293.03,1297.36,1297.09,1287.30,1273.29,1261.44,1249.38,1238.11,1240.66,1256.04,1273.27,1283.21,1288.37,1297.70,1300.50,1290.42,1293.03,1307.04,1314.52,1310.87,1295.01,1278.19,1259.52,1243.50,1229.41,1214.71,1210.97,1221.70,1230.42,1219.47,1196.74,1184.59,1189.14,1203.14,1217.31,1234.91,1253.35,1270.45,1267.59,1256.19,1249.88,1253.06,1267.44,1279.94,1294.58,1303.54,1298.00,1281.89,1262.52,1249.84,1261.73,1273.95,1281.61,1281.65,1275.78,1265.91,1248.95,1229.49,1213.33,1207.19,1209.68,1214.00,1223.94,1237.16,1236.49,1236.24,1245.05,1258.74,1261.91,1250.31,1235.18,1220.96,1202.52,1196.50,1203.24,1217.06,1231.56,1246.74,1262.98,1277.49,1282.85,1270.98,1255.51,1240.54,1222.03,1208.05,1218.29,1229.66,1222.51,1213.07,1204.01,1202.17,1193.27,1185.97,1191.78,1202.24,1207.30,1211.99,1220.03,1215.35,1206.79,1210.09,1219.43,1219.97,1216.22,1215.65,1223.23,1237.60,1249.64,1260.14,1266.66,1257.29,1251.28,1254.43,1257.74,1267.13,1266.64,1261.58,1255.39,1246.77,1228.69,1210.79,1196.24,1182.61,1172.34,1164.74,1159.77,1154.70,1148.61,1144.07,1138.89,1130.76,1123.57,1117.40,1112.20,1107.83,1097.45,1087.23,1080.26,1076.97,1075.06,1076.88,1076.89,1076.48,1076.04,1075.84,1076.90,1078.43,1080.41,1084.93,1092.17,1101.84,1114.47,1127.73,1140.81,1150.03,1151.00,1149.93,1154.39,1155.62,1153.33,1165.41,1179.76,1194.99,1207.24,1218.42,1211.80,1195.12,1180.66,1169.21,1161.45,1155.32,1150.27,1149.60,1149.79,1150.92,1151.15,1152.31,1156.88,1164.42,1176.79,1190.03,1206.85,1224.47,1237.24,1242.80,1237.36,1235.87,1245.85,1261.80,1272.29,1258.55,1237.83,1220.01,1208.18,1219.53,1234.78,1249.13,1265.71,1281.38,1295.80,1303.90,1298.48,1290.91,1282.68,1277.23,1277.65,1290.08,1301.55,1304.34,1303.59,1304.91,1312.93,1318.31,1312.57,1303.69,1297.92,1291.71,1283.87,1270.07,1255.64,1242.88,1233.92,1235.62,1239.09,1240.76,1239.53
1330.85,1311.50,1308.52,1324.23,1340.03,1351.17,1360.49,1364.59,1367.46,1369.46,1370.12,1369.75,1368.42,1366.77,1365.33,1365.92,1366.61,1365.28,1363.33,1361.20,1360.55,1363.13,1363.83,1360.25,1351.95,1333.35,1317.16,1305.16,1291.43,1284.61,1283.54,1284.13,1277.44,1267.22,1260.98,1255.48,1243.12,1234.80,1247.55,1266.65,1276.35,1289.66,1297.34,1289.49,1279.47,1288.69,1303.88,1312.21,1307.02,1291.52,1279.53,1268.10,1250.98,1233.08,1215.27,1203.97,1211.71,1220.96,1210.60,1190.88,1179.88,1189.55,1209.13,1222.00,1239.40,1259.55,1270.47,1263.38,1249.86,1241.11,1245.12,1260.73,1273.76,1288.43,1294.68,1291.92,1278.55,1257.62,1240.14,1246.15,1257.31,1270.09,1275.52,1273.78,1266.90,1250.99,1237.78,1224.09,1210.69,1200.49,1203.42,1216.59,1228.74,1225.49,1225.78,1234.05,1247.61,1255.25,1247.06,1234.60,1222.70,1203.18,1193.27,1200.36,1213.50,1228.13,1244.36,1261.66,1276.26,1278.18,1260.52,1241.45,1226.33,1214.22,1201.08,1206.34,1217.50,1213.78,1204.91,1196.12,1192.22,1185.43,1181.31,1186.20,1192.69,1195.62,1204.14,1214.08,1208.58,1201.88,1211.71,1214.38,1210.06,1209.48,1216.63,1223.79,1232.74,1244.10,1254.60,1257.60,1250.77,1241.16,1250.34,1263.51,1270.80,1272.25,1271.24,1263.66,1254.05,1237.04,1219.36,1205.74,1191.61,1180.88,1178.35,1175.99,1169.01,1158.70,1150.40,1145.28,1139.09,1123.47,1108.98,1101.38,1097.66,1091.16,1085.00,1079.48,1075.92,1073.54,1074.77,1075.53,1075.12,1074.67,1074.57,1075.84,1077.25,1078.68,1081.68,1088.30,1097.93,1111.73,1124.79,1132.37,1135.28,1134.38,1134.81,1139.22,1143.29,1154.60,1169.07,1179.20,1186.12,1199.04,1211.20,1207.90,1192.41,1175.85,1162.36,1153.66,1149.47,1145.82,1145.11,1146.08,1148.62,1148.65,1150.61,1155.68,1163.50,1174.01,1185.45,1199.44,1216.97,1229.26,1229.06,1223.57,1230.76,1246.09,1263.46,1268.95,1252.47,1231.51,1212.33,1202.44,1212.74,1229.86,1247.28,1266.11,1284.69,1299.20,1299.36,1287.71,1278.51,1270.19,1267.54,1280.17,1295.25,1300.38,1298.38,1297.73,1303.99,1313.32,1315.82,1309.48,1304.91,1300.62,1290.71,1279.36,1265.34,1252.01,1241.70,1230.81,1231.97,1235.69,1237.02,1236.63
1332.12,1312.00,1305.05,1318.84,1334.89,1348.35,1357.13,1361.71,1364.39,1366.82,1367.62,1366.95,1365.72,1364.24,1362.84,1363.29,1364.07,1362.58,1360.43,1357.41,1358.73,1362.09,1362.67,1359.73,1352.18,1336.24,1319.60,1308.74,1295.47,1286.21,1280.67,1275.54,1272.06,1272.88,1271.08,1262.87,1247.97,1232.15,1236.12,1258.47,1274.45,1289.00,1290.43,1276.89,1274.06,1285.49,1301.70,1306.94,1297.31,1279.51,1266.67,1259.09,1248.00,1232.95,1216.11,1199.18,1201.98,1212.51,1205.00,1184.81,1176.63,1189.82,1211.14,1225.01,1243.67,1261.05,1266.20,1259.23,1245.38,1233.94,1239.78,1257.40,1271.17,1280.80,1285.94,1287.05,1276.34,1256.61,1233.15,1231.78,1242.56,1253.03,1260.65,1262.78,1260.37,1255.09,1251.39,1240.51,1220.45,1203.35,1195.02,1203.51,1216.93,1215.37,1216.51,1228.07,1239.72,1244.92,1237.67,1223.60,1212.63,1197.24,1189.27,1197.23,1213.18,1229.38,1245.69,1263.32,1274.48,1272.96,1258.52,1241.72,1225.67,1210.55,1197.67,1194.17,1204.35,1207.95,1199.50,1188.35,1181.47,1177.28,1176.19,1178.66,1181.09,1191.17,1204.60,1209.60,1202.39,1198.84,1207.17,1206.13,1203.97,1214.19,1222.28,1226.04,1229.51,1239.05,1244.29,1244.68,1240.14,1245.16,1255.80,1268.16,1275.28,1275.72,1271.75,1261.19,1250.06,1235.67,1223.40,1216.18,1206.46,1195.71,1195.39,1194.40,1187.93,1177.82,1168.86,1165.77,1159.94,1143.20,1122.97,1109.99,1102.40,1093.58,1086.08,1079.51,1075.35,1072.42,1073.18,1074.03,1073.79,1073.36,1073.08,1074.02,1075.38,1076.65,1078.50,1083.51,1094.78,1106.85,1117.85,1121.95,1122.63,1123.00,1125.32,1132.70,1144.28,1156.34,1160.56,1168.81,1183.10,1197.82,1203.62,1200.51,1191.42,1175.90,1160.65,1150.03,1144.35,1141.26,1140.88,1142.09,1143.99,1145.04,1146.59,1152.47,1160.73,1171.67,1185.74,1200.00,1214.79,1217.80,1213.12,1216.64,1232.27,1250.39,1266.11,1265.64,1246.19,1225.80,1206.75,1197.59,1209.70,1228.72,1246.88,1265.91,1284.37,1298.63,1292.80,1275.94,1264.58,1257.25,1267.97,1282.62,1293.36,1292.98,1292.77,1296.46,1305.31,1312.79,1312.95,1308.68,1303.98,1298.17,1289.09,1276.20,1261.23,1248.82,1240.22,1228.26,1229.03,1232.05,1232.73,1232.81
1334.46,1315.66,1301.33,1309.14,1327.76,1345.02,1353.43,1358.20,1361.38,1364.14,1364.87,1364.08,1362.97,1361.57,1360.38,1360.74,1361.63,1360.10,1356.49,1353.23,1358.15,1361.39,1361.31,1357.56,1349.04,1333.76,1317.29,1306.26,1300.20,1299.17,1292.41,1281.20,1283.62,1285.74,1276.74,1264.94,1249.83,1233.01,1229.71,1250.57,1270.97,1285.03,1283.80,1269.53,1269.72,1283.90,1299.95,1300.06,1287.34,1269.97,1254.38,1244.50,1236.19,1226.76,1216.88,1201.05,1194.06,1204.75,1199.86,1179.63,1173.42,1187.85,1209.80,1224.56,1241.02,1255.64,1259.28,1251.74,1237.00,1228.37,1234.11,1251.80,1265.46,1272.90,1277.59,1281.92,1274.97,1255.47,1232.80,1219.73,1228.79,1236.37,1246.34,1248.60,1244.84,1245.92,1252.18,1249.16,1230.84,1209.23,1192.48,1194.79,1207.75,1207.13,1213.45,1224.29,1228.46,1237.80,1238.68,1222.24,1206.67,1192.43,1186.41,1195.31,1212.14,1229.94,1249.25,1265.17,1272.59,1267.93,1254.73,1240.80,1227.10,1212.24,1196.49,1185.98,1191.45,1199.78,1196.72,1183.06,1175.15,1172.05,1172.26,1173.65,1182.77,1195.05,1202.17,1203.92,1197.02,1193.69,1199.78,1198.68,1205.30,1219.24,1223.18,1219.98,1220.14,1226.10,1228.37,1230.29,1241.41,1255.70,1264.93,1272.86,1276.05,1275.77,1271.31,1260.62,1249.66,1241.22,1235.92,1231.66,1220.82,1214.84,1215.45,1212.69,1205.01,1195.45,1190.74,1187.37,1176.23,1159.98,1141.80,1124.40,1112.42,1100.19,1091.15,1083.38,1077.26,1072.37,1070.98,1072.18,1072.52,1072.01,1071.67,1072.13,1073.34,1074.55,1076.41,1079.60,1089.76,1100.47,1107.11,1109.67,1111.31,1115.61,1122.70,1132.95,1143.09,1147.86,1157.70,1169.94,1185.11,1193.70,1190.13,1188.02,1179.21,1167.84,1154.82,1144.22,1139.67,1138.41,1138.29,1139.61,1141.68,1141.92,1142.70,1152.16,1161.91,1172.27,1185.88,1199.21,1207.24,1203.99,1203.13,1218.00,1233.94,1248.70,1261.76,1259.21,1242.95,1223.41,1202.44,1193.30,1207.22,1225.36,1245.10,1263.41,1282.18,1293.68,1286.64,1269.67,1251.83,1251.96,1269.73,1282.18,1288.28,1287.51,1289.56,1294.57,1304.82,1311.46,1311.41,1307.99,1302.92,1296.37,1287.34,1275.74,1261.21,1248.09,1238.21,1227.21,1225.08,1228.19,1228.81,1228.89
1334.43,1317.46,1300.87,1299.86,1319.30,1339.89,1349.27,1354.24,1358.68,1362.08,1362.30,1361.27,1360.25,1359.05,1358.16,1358.86,1359.08,1356.98,1353.53,1349.79,1355.34,1359.95,1358.84,1352.79,1342.33,1329.08,1317.13,1312.18,1310.08,1306.03,1297.78,1293.34,1292.84,1289.65,1278.88,1266.71,1254.51,1239.23,1226.89,1241.08,1264.17,1279.06,1280.04,1265.66,1263.49,1278.71,1294.75,1293.69,1275.33,1257.36,1247.85,1236.82,1227.08,1218.43,1212.25,1202.89,1189.28,1197.94,1197.14,1176.01,1170.59,1183.24,1203.21,1220.19,1232.97,1244.40,1246.51,1238.20,1226.62,1226.09,1235.22,1246.02,1257.47,1264.05,1268.54,1273.77,1268.97,1252.18,1232.93,1210.85,1211.98,1222.93,1233.40,1235.11,1231.13,1234.37,1246.10,1250.12,1236.82,1214.12,1194.29,1184.79,1195.80,1198.17,1207.78,1213.53,1218.09,1233.16,1239.86,1222.84,1201.76,1187.30,1182.73,1193.32,1211.07,1228.96,1250.24,1264.30,1268.63,1259.37,1241.95,1228.22,1218.20,1208.62,1194.87,1182.25,1180.65,1188.70,1191.15,1181.01,1170.06,1167.44,1167.78,1170.96,1186.29,1193.92,1195.76,1196.76,1190.13,1185.95,1188.95,1192.33,1205.32,1217.73,1218.68,1212.28,1210.04,1215.41,1222.82,1235.18,1246.42,1255.59,1264.08,1270.86,1272.85,1273.10,1272.51,1268.57,1259.84,1252.06,1242.21,1231.77,1224.06,1222.95,1227.43,1226.16,1219.74,1212.37,1207.66,1201.00,1187.59,1168.43,1150.64,1134.36,1121.13,1105.27,1095.13,1088.44,1080.18,1073.60,1066.36,1067.54,1071.00,1070.54,1070.20,1070.33,1070.99,1072.31,1074.58,1077.91,1083.17,1091.41,1095.96,1098.15,1104.94,1113.85,1119.91,1127.61,1137.32,1152.37,1168.13,1177.31,1184.18,1182.68,1176.39,1174.41,1163.97,1155.48,1146.50,1137.68,1135.52,1135.29,1135.30,1137.18,1139.81,1140.12,1139.83,1151.04,1161.49,1170.92,1180.13,1189.55,1193.58,1192.84,1201.08,1216.77,1234.69,1247.35,1255.99,1248.56,1234.67,1217.04,1196.01,1189.92,1202.41,1220.47,1239.54,1254.81,1273.24,1286.15,1276.37,1260.10,1245.35,1249.61,1263.65,1273.47,1281.29,1286.06,1286.95,1294.21,1304.01,1307.67,1305.97,1306.16,1300.03,1286.80,1276.48,1268.41,1257.12,1243.54,1234.74,1226.12,1221.13,1224.42,1225.12,1224.97
1328.04,1313.05,1298.52,1296.88,1312.73,1332.44,1343.38,1350.96,1355.87,1359.60,1359.91,1358.62,1357.64,1356.79,1356.17,1357.27,1356.50,1353.85,1350.96,1347.39,1352.91,1355.87,1352.32,1343.18,1331.41,1318.21,1309.94,1307.86,1306.28,1304.60,1301.35,1295.15,1288.84,1286.20,1282.50,1273.58,1259.52,1244.97,1227.35,1231.11,1254.71,1270.31,1271.89,1257.08,1258.74,1274.13,1288.61,1288.44,1271.80,1251.45,1240.44,1231.53,1221.78,1213.94,1206.81,1197.70,1185.43,1192.00,1195.17,1176.09,1167.16,1177.38,1193.19,1209.79,1222.89,1230.08,1231.36,1224.14,1220.30,1232.11,1243.75,1251.56,1255.06,1253.68,1255.60,1260.29,1260.87,1246.30,1232.30,1210.66,1197.90,1209.16,1220.74,1222.87,1218.48,1224.68,1239.02,1245.96,1237.68,1220.41,1201.30,1182.44,1181.69,1189.10,1197.04,1201.80,1213.01,1229.79,1234.09,1214.53,1193.93,1180.69,1180.23,1192.44,1210.35,1226.60,1246.72,1258.59,1260.30,1252.21,1229.43,1212.90,1208.67,1202.12,1193.45,1181.34,1172.38,1175.16,1180.39,1173.88,1164.37,1162.94,1162.36,1170.07,1182.79,1186.58,1185.35,1185.38,1181.90,1179.35,1183.27,1190.54,1197.86,1204.10,1204.06,1202.15,1206.44,1213.52,1222.80,1230.79,1237.59,1247.69,1258.28,1261.71,1266.51,1268.55,1268.65,1264.96,1258.98,1252.33,1236.56,1217.71,1213.03,1214.65,1218.95,1220.24,1216.72,1208.29,1203.07,1200.87,1189.91,1171.72,1159.78,1151.59,1132.28,1111.32,1097.43,1092.32,1084.90,1076.21,1066.69,1060.17,1064.30,1066.75,1066.51,1067.34,1068.10,1069.63,1072.58,1076.57,1080.85,1085.92,1090.37,1098.26,1112.89,1121.79,1128.99,1139.44,1144.93,1159.93,1175.59,1184.70,1181.60,1168.14,1161.49,1160.09,1153.38,1142.65,1135.61,1131.68,1132.18,1132.25,1132.44,1134.87,1137.50,1136.82,1138.28,1148.58,1154.93,1161.33,1167.59,1175.88,1187.02,1196.88,1207.44,1222.85,1236.45,1248.77,1252.16,1237.52,1222.30,1207.28,1190.17,1188.87,1199.81,1216.03,1233.02,1245.76,1263.64,1273.37,1261.86,1248.65,1239.90,1248.52,1261.99,1274.44,1282.60,1283.03,1285.52,1292.87,1302.22,1302.08,1298.60,1302.79,1295.92,1279.24,1263.08,1257.96,1247.88,1236.69,1229.45,1221.38,1218.30,1221.17,1221.44,1221.00
1318.43,1301.50,1291.92,1300.58,1318.84,1332.56,1340.83,1349.95,1354.30,1357.40,1357.48,1356.08,1354.90,1354.15,1354.38,1355.74,1354.32,1351.09,1346.61,1343.97,1350.89,1351.29,1342.19,1325.86,1315.47,1304.74,1299.55,1296.81,1293.94,1294.84,1293.75,1286.94,1278.01,1275.29,1278.61,1276.73,1262.49,1247.73,1227.06,1221.94,1243.47,1258.83,1259.39,1245.63,1254.94,1266.91,1277.11,1285.15,1273.13,1254.39,1242.47,1231.82,1223.10,1219.00,1215.12,1200.93,1182.39,1184.83,1190.71,1176.37,1162.60,1169.53,1182.74,1196.90,1208.66,1214.64,1214.50,1212.93,1224.75,1238.10,1246.28,1251.30,1249.82,1245.03,1244.84,1250.22,1253.22,1243.74,1232.28,1213.52,1190.68,1195.66,1206.68,1209.39,1206.04,1217.39,1232.97,1237.72,1234.67,1225.58,1208.04,1189.29,1177.14,1183.86,1193.55,1204.97,1219.34,1231.23,1224.90,1204.38,1186.63,1176.55,1179.39,1192.49,1207.42,1224.60,1240.70,1248.95,1249.63,1242.83,1225.19,1206.57,1196.56,1193.05,1189.43,1180.19,1170.31,1165.25,1169.64,1163.84,1157.78,1158.06,1158.91,1164.42,1169.33,1171.29,1169.45,1173.30,1176.03,1177.18,1181.60,1186.51,1190.09,1193.89,1196.00,1199.34,1204.33,1208.37,1214.12,1220.49,1229.02,1238.81,1247.51,1255.52,1259.41,1262.48,1263.41,1256.06,1247.33,1239.60,1228.11,1213.02,1199.49,1200.05,1203.04,1202.95,1200.58,1194.80,1188.59,1193.13,1189.85,1176.88,1168.35,1160.53,1144.52,1123.13,1105.31,1096.87,1089.30,1079.21,1068.72,1062.19,1058.95,1061.50,1062.02,1063.65,1064.38,1066.76,1070.24,1074.26,1078.53,1083.76,1092.41,1105.01,1119.70,1130.83,1141.57,1150.43,1156.33,1166.10,1176.06,1181.02,1175.51,1161.12,1148.87,1145.63,1143.96,1135.85,1128.58,1127.52,1129.28,1130.03,1129.79,1132.58,1134.43,1132.95,1137.36,1144.94,1153.17,1162.21,1168.59,1178.78,1193.82,1206.75,1217.24,1229.36,1242.80,1250.63,1244.23,1228.54,1210.53,1195.70,1183.83,1186.10,1195.28,1208.07,1225.47,1240.98,1256.12,1257.59,1246.36,1237.60,1240.63,1257.05,1269.63,1279.80,1280.58,1279.83,1287.20,1293.43,1299.45,1297.44,1296.58,1301.25,1293.00,1277.43,1259.41,1248.56,1237.80,1229.60,1223.92,1218.08,1215.12,1216.92,1218.07,1217.89
1303.64,1289.26,1292.84,1311.20,1329.36,1339.01,1345.35,1350.87,1353.68,1355.17,1354.93,1353.81,1352.25,1351.68,1352.88,1354.26,1353.01,1350.59,1344.90,1339.39,1345.10,1341.83,1327.24,1316.56,1310.12,1299.76,1295.32,1292.24,1288.12,1285.49,1280.96,1274.21,1268.39,1265.70,1266.90,1271.54,1262.41,1247.93,1230.23,1216.68,1229.94,1243.47,1243.20,1235.94,1246.18,1258.06,1270.66,1282.65,1271.26,1254.98,1243.54,1235.27,1228.80,1223.33,1217.63,1201.14,1180.25,1178.24,1181.41,1172.56,1159.18,1160.38,1170.29,1181.13,1191.45,1196.72,1203.18,1216.55,1230.55,1238.72,1243.93,1246.57,1243.85,1237.33,1232.66,1240.88,1246.16,1242.21,1230.56,1210.32,1186.12,1184.29,1194.50,1196.71,1195.92,1213.04,1230.19,1226.97,1222.88,1221.27,1208.71,1192.58,1174.02,1183.40,1196.70,1206.98,1218.57,1230.06,1218.36,1197.86,1180.71,1173.14,1177.86,1191.69,1204.92,1221.38,1235.03,1236.88,1234.09,1228.15,1215.67,1204.35,1193.81,1183.77,1181.72,1176.46,1166.74,1157.91,1155.99,1153.98,1152.41,1152.85,1156.58,1158.04,1160.20,1163.32,1165.40,1169.22,1172.11,1175.28,1178.92,1182.78,1186.49,1192.96,1202.87,1209.53,1211.70,1214.96,1222.56,1227.13,1231.68,1233.40,1239.53,1248.57,1257.82,1262.87,1260.74,1249.68,1232.56,1216.91,1212.86,1211.01,1197.41,1187.39,1187.97,1186.13,1187.99,1183.68,1175.06,1180.90,1182.23,1175.01,1164.51,1155.95,1144.88,1130.75,1113.70,1100.80,1090.35,1081.10,1069.73,1062.85,1056.36,1057.10,1059.09,1060.29,1060.95,1063.92,1067.21,1070.97,1075.12,1083.29,1094.85,1104.84,1114.26,1126.10,1137.60,1147.07,1155.27,1164.38,1167.61,1171.12,1172.87,1161.39,1145.52,1135.39,1132.48,1128.68,1124.38,1124.72,1125.96,1125.72,1126.67,1130.80,1131.07,1131.57,1140.91,1151.55,1165.48,1176.45,1182.14,1184.62,1192.77,1204.46,1224.40,1237.85,1245.23,1246.28,1232.52,1218.93,1202.80,1187.58,1178.10,1184.39,1194.11,1208.34,1226.11,1240.54,1247.42,1241.93,1229.60,1228.80,1246.61,1264.72,1273.95,1276.22,1273.50,1280.47,1289.54,1293.50,1293.49,1290.00,1294.65,1298.58,1291.91,1278.63,1262.89,1248.51,1231.29,1222.99,1219.79,1215.66,1212.08,1213.25,1214.73,1214.74
1287.42,1285.24,1301.07,1321.39,1335.27,1342.98,1348.70,1351.57,1352.76,1352.63,1352.29,1351.58,1349.94,1349.78,1351.43,1352.32,1351.92,1350.48,1345.40,1336.19,1335.13,1329.33,1318.32,1312.52,1307.26,1300.63,1299.31,1299.64,1297.69,1293.51,1286.40,1277.27,1268.16,1263.34,1259.83,1265.30,1265.63,1253.40,1236.24,1216.04,1215.14,1226.64,1225.73,1229.51,1241.99,1257.20,1272.06,1281.32,1267.60,1250.06,1238.81,1230.55,1221.71,1213.39,1205.22,1194.10,1180.10,1172.81,1170.38,1164.72,1156.12,1155.78,1162.68,1173.14,1187.74,1199.98,1214.00,1228.18,1234.09,1235.80,1238.47,1239.99,1236.50,1228.18,1222.51,1230.52,1238.51,1234.48,1219.54,1198.97,1179.95,1173.07,1182.43,1183.18,1191.88,1210.81,1225.95,1217.86,1210.20,1210.95,1202.85,1187.23,1170.66,1176.92,1189.91,1199.47,1217.20,1227.01,1212.85,1193.88,1176.36,1169.38,1173.53,1188.73,1205.08,1222.46,1232.39,1223.11,1216.55,1215.06,1206.21,1191.31,1188.88,1179.64,1172.47,1171.98,1162.60,1154.10,1147.99,1147.75,1147.75,1151.07,1153.78,1155.72,1158.20,1161.56,1165.27,1168.86,1173.52,1178.59,1185.13,1190.94,1193.55,1201.64,1212.95,1222.18,1227.07,1229.83,1237.55,1240.61,1243.40,1243.62,1241.63,1248.46,1259.61,1263.16,1259.25,1247.94,1229.82,1209.63,1198.64,1200.24,1195.51,1183.68,1175.25,1171.79,1175.02,1175.03,1164.68,1165.14,1172.96,1170.70,1157.41,1142.30,1132.83,1123.95,1109.01,1097.59,1087.16,1078.67,1068.39,1062.04,1054.15,1054.56,1057.14,1058.16,1058.25,1060.47,1063.68,1067.16,1071.83,1080.30,1089.71,1096.14,1104.76,1115.41,1125.59,1133.45,1143.76,1158.16,1156.64,1160.19,1168.55,1162.30,1145.92,1132.29,1125.69,1122.47,1120.27,1121.52,1122.05,1121.06,1123.05,1127.33,1127.11,1132.21,1145.46,1161.99,1177.26,1187.56,1196.20,1202.12,1202.21,1212.07,1226.74,1240.31,1240.31,1233.38,1215.78,1204.22,1193.85,1180.33,1174.81,1183.65,1195.93,1212.21,1229.73,1239.38,1235.77,1226.53,1219.99,1229.05,1248.58,1265.02,1268.29,1267.73,1275.47,1282.71,1288.79,1288.79,1283.73,1286.08,1293.88,1294.99,1289.34,1278.20,1268.74,1254.63,1234.87,1218.93,1216.16,1213.14,1209.63,1210.25,1211.36,1211.53
1278.94,1290.73,1307.10,1326.48,1338.32,1345.00,1349.92,1351.95,1351.61,1350.39,1349.85,1349.16,1347.61,1347.74,1349.36,1349.92,1349.46,1348.54,1344.92,1337.19,1330.31,1323.56,1316.53,1311.18,1307.48,1305.89,1308.85,1312.51,1311.04,1305.34,1296.23,1285.71,1275.71,1266.62,1257.65,1262.44,1270.50,1263.53,1242.77,1220.87,1207.71,1210.88,1215.19,1230.27,1245.28,1256.13,1269.76,1279.41,1272.15,1255.41,1240.45,1229.05,1220.93,1212.19,1204.07,1201.18,1191.89,1177.10,1166.30,1160.16,1152.53,1152.42,1161.81,1174.34,1191.07,1207.09,1221.80,1230.83,1231.48,1227.76,1229.41,1230.08,1224.95,1215.96,1212.60,1222.79,1227.00,1222.39,1209.03,1191.16,1173.63,1164.83,1169.53,1177.19,1194.93,1211.58,1223.01,1214.60,1199.78,1198.46,1194.00,1180.56,1167.88,1172.85,1189.07,1205.03,1220.95,1220.74,1206.99,1188.49,1171.30,1166.10,1170.53,1186.65,1205.47,1222.42,1229.09,1215.75,1199.73,1199.68,1195.08,1183.40,1177.18,1174.72,1164.62,1162.16,1157.41,1148.10,1143.36,1144.15,1145.48,1149.22,1154.88,1160.02,1163.43,1167.17,1169.98,1173.64,1179.09,1188.21,1200.30,1208.90,1211.28,1208.37,1217.40,1226.70,1238.61,1243.43,1246.93,1250.88,1252.11,1254.03,1250.82,1255.04,1260.40,1262.10,1256.61,1243.79,1224.09,1207.53,1190.29,1184.05,1186.09,1182.76,1171.63,1161.71,1163.02,1169.69,1161.05,1155.23,1168.98,1170.73,1159.57,1140.36,1123.98,1113.18,1102.76,1091.15,1080.65,1072.75,1065.37,1059.66,1052.08,1053.02,1055.75,1056.21,1056.33,1058.19,1060.40,1064.10,1069.09,1075.05,1080.53,1088.02,1096.60,1104.79,1113.53,1125.97,1140.32,1146.54,1143.67,1152.57,1163.19,1158.30,1143.65,1128.68,1120.65,1117.82,1116.30,1116.93,1117.27,1118.07,1121.49,1124.43,1123.81,1133.73,1150.54,1168.87,1179.65,1188.65,1202.21,1216.79,1219.91,1224.41,1233.74,1235.77,1226.90,1209.81,1199.14,1187.79,1179.95,1170.09,1173.68,1186.02,1197.54,1210.25,1225.55,1227.05,1218.63,1212.20,1218.35,1234.60,1246.92,1255.49,1262.38,1272.81,1282.35,1286.70,1285.94,1281.42,1277.34,1287.07,1293.67,1293.21,1285.68,1277.21,1267.59,1254.37,1237.09,1218.71,1212.38,1210.56,1207.68,1207.31,1208.10,1208.54
1281.16,1293.00,1309.09,1326.74,1339.57,1346.23,1350.42,1351.71,1350.59,1349.01,1348.15,1347.08,1345.47,1344.94,1346.44,1346.83,1346.33,1346.09,1344.00,1339.53,1335.74,1332.30,1323.68,1316.66,1313.76,1314.72,1318.80,1320.38,1316.99,1310.81,1299.41,1291.28,1284.46,1271.36,1256.76,1258.38,1269.01,1269.96,1253.71,1232.06,1211.63,1200.40,1207.08,1227.23,1245.31,1256.44,1263.55,1271.91,1273.91,1261.20,1244.97,1232.88,1225.20,1219.06,1213.56,1211.02,1203.92,1188.97,1172.46,1160.20,1149.33,1148.16,1157.19,1172.41,1188.64,1206.26,1221.85,1228.09,1225.36,1216.20,1214.93,1214.70,1209.84,1201.47,1204.10,1212.12,1213.15,1206.47,1195.30,1180.35,1167.44,1157.67,1163.15,1181.10,1199.21,1212.51,1220.99,1213.62,1195.52,1187.01,1183.79,1171.97,1166.00,1176.54,1193.65,1208.57,1221.87,1215.29,1198.83,1180.81,1166.01,1162.34,1170.39,1186.10,1202.22,1217.28,1223.47,1218.00,1199.55,1185.24,1181.30,1175.18,1165.89,1166.27,1162.74,1152.97,1145.83,1138.80,1139.14,1140.64,1143.79,1149.89,1161.13,1172.66,1176.42,1178.52,1180.02,1179.56,1188.19,1199.88,1211.50,1220.21,1223.18,1221.88,1228.10,1234.67,1242.97,1250.29,1253.80,1258.65,1260.89,1262.62,1261.37,1261.48,1262.64,1258.71,1250.90,1234.95,1215.32,1203.45,1186.56,1170.18,1170.49,1174.03,1172.25,1163.33,1154.06,1159.30,1155.94,1149.71,1165.91,1169.99,1161.68,1147.79,1130.90,1113.43,1102.36,1092.38,1079.45,1069.51,1061.84,1055.67,1050.16,1052.26,1054.41,1054.11,1054.50,1056.43,1058.10,1060.22,1064.28,1070.42,1077.34,1086.06,1095.36,1103.83,1114.10,1126.70,1131.15,1128.84,1134.47,1148.84,1160.58,1152.70,1136.40,1121.86,1115.40,1113.06,1111.99,1111.93,1113.38,1116.41,1120.08,1121.48,1120.82,1133.37,1151.02,1165.45,1170.07,1185.13,1201.63,1218.49,1229.90,1237.02,1240.57,1236.04,1217.80,1198.42,1185.29,1176.23,1169.49,1165.53,1175.76,1193.08,1206.31,1213.13,1215.06,1211.58,1205.10,1210.93,1226.40,1244.21,1257.37,1259.90,1268.18,1279.76,1284.72,1285.56,1281.15,1274.76,1274.13,1284.51,1289.58,1292.39,1285.23,1275.27,1264.45,1249.54,1234.47,1215.97,1208.81,1207.71,1205.44,1204.37,1205.13,1205.64
1294.98,1302.89,1313.25,1326.93,1340.45,1346.51,1350.53,1351.37,1350.56,1348.57,1346.60,1345.12,1343.94,1342.96,1343.72,1343.59,1342.99,1342.83,1342.19,1341.31,1341.45,1340.78,1335.49,1326.39,1320.19,1319.79,1321.83,1321.54,1317.88,1310.75,1297.37,1289.97,1283.18,1272.13,1256.26,1250.78,1260.75,1265.48,1253.99,1238.62,1214.98,1198.84,1197.91,1216.53,1233.90,1245.45,1255.24,1266.16,1271.87,1260.88,1245.28,1233.98,1224.71,1216.13,1210.49,1208.55,1204.74,1196.94,1177.63,1160.57,1148.81,1145.23,1150.63,1167.19,1185.24,1202.81,1219.19,1222.54,1216.95,1204.19,1199.30,1198.43,1194.30,1188.11,1195.84,1199.82,1195.86,1191.50,1180.48,1169.73,1159.86,1151.00,1162.11,1181.98,1197.15,1210.38,1217.93,1212.35,1196.90,1185.33,1172.82,1162.81,1169.19,1187.71,1203.77,1212.57,1221.72,1212.14,1192.56,1173.66,1161.07,1158.42,1168.57,1183.84,1200.64,1212.79,1216.51,1216.37,1205.72,1187.18,1173.59,1165.37,1156.10,1154.65,1155.40,1146.36,1137.43,1134.51,1133.84,1138.55,1146.88,1155.01,1165.58,1181.32,1189.22,1191.47,1191.58,1188.05,1197.38,1206.38,1214.37,1222.02,1228.67,1233.24,1240.05,1243.86,1245.44,1252.46,1257.32,1260.89,1263.30,1265.58,1264.65,1262.85,1262.58,1257.10,1243.44,1225.50,1207.87,1196.01,1181.62,1168.28,1158.34,1157.65,1160.49,1158.69,1149.68,1148.40,1146.03,1145.90,1161.75,1162.94,1155.30,1148.88,1137.82,1122.50,1111.78,1101.12,1082.79,1067.66,1058.71,1053.55,1049.31,1051.96,1052.48,1052.03,1052.73,1054.13,1054.37,1055.70,1058.69,1066.87,1076.50,1088.55,1101.02,1107.43,1112.04,1114.47,1113.95,1118.43,1132.68,1148.08,1156.73,1146.52,1129.66,1117.95,1112.14,1108.56,1108.32,1110.36,1111.49,1114.26,1117.26,1117.59,1118.70,1131.86,1149.93,1156.73,1163.25,1177.99,1193.35,1209.74,1225.52,1238.91,1241.83,1235.76,1218.56,1195.20,1176.12,1165.03,1161.57,1163.04,1177.24,1194.74,1206.07,1204.63,1199.79,1197.08,1202.72,1216.49,1232.15,1248.95,1265.54,1269.54,1271.83,1279.45,1278.51,1276.83,1270.46,1265.09,1271.54,1277.87,1282.54,1290.73,1285.78,1272.64,1261.91,1247.58,1233.18,1212.40,1206.92,1205.07,1203.06,1201.76,1202.22,1202.81
1305.86,1313.19,1321.95,1333.13,1341.71,1345.72,1348.47,1350.16,1350.68,1348.62,1346.36,1344.37,1342.72,1341.21,1340.93,1340.27,1339.18,1339.13,1340.39,1342.47,1344.67,1344.79,1341.11,1333.97,1327.07,1323.66,1323.89,1321.98,1317.40,1308.61,1295.53,1287.98,1282.41,1275.04,1261.11,1246.93,1246.06,1252.55,1247.30,1234.99,1214.35,1194.17,1192.63,1207.16,1225.42,1239.97,1252.85,1262.26,1267.66,1255.41,1240.01,1231.05,1222.95,1212.05,1205.65,1200.25,1195.89,1188.66,1174.20,1157.03,1147.06,1142.88,1144.98,1159.72,1179.38,1196.77,1208.86,1214.81,1210.29,1196.23,1182.58,1182.64,1179.14,1173.79,1180.16,1181.12,1178.28,1175.26,1165.85,1158.84,1149.75,1145.64,1160.34,1179.30,1191.92,1204.47,1210.08,1206.33,1195.61,1182.72,1166.18,1159.16,1174.39,1191.16,1209.10,1218.79,1221.37,1207.59,1188.03,1169.04,1158.75,1155.46,1165.33,1178.95,1192.60,1203.16,1211.06,1211.96,1207.16,1193.48,1181.05,1171.76,1157.79,1145.34,1140.55,1134.83,1132.81,1130.88,1130.35,1140.43,1153.75,1166.44,1169.99,1182.22,1194.70,1200.95,1201.73,1196.87,1199.12,1203.48,1208.41,1218.98,1230.20,1238.46,1246.52,1249.63,1247.93,1252.20,1255.57,1258.46,1260.78,1262.96,1261.04,1258.76,1259.28,1253.67,1242.16,1225.77,1208.64,1196.91,1187.06,1178.58,1166.14,1151.31,1143.56,1143.55,1139.00,1136.03,1133.77,1143.70,1154.28,1154.17,1142.40,1137.05,1133.78,1120.81,1108.11,1100.10,1084.24,1066.24,1056.12,1050.97,1047.62,1049.87,1049.98,1049.80,1050.94,1051.00,1050.47,1052.76,1058.41,1065.06,1074.14,1087.68,1094.99,1095.09,1095.89,1099.28,1108.98,1121.93,1136.74,1149.17,1153.48,1142.32,1126.85,1116.73,1110.96,1106.02,1106.08,1108.31,1109.37,1111.68,1114.14,1114.10,1117.40,1130.52,1143.47,1147.48,1156.41,1167.13,1184.81,1204.29,1221.92,1234.56,1234.40,1223.46,1210.81,1190.24,1171.77,1159.74,1156.01,1162.72,1177.59,1191.45,1196.07,1192.02,1189.25,1192.96,1207.72,1221.87,1238.93,1256.42,1269.48,1272.22,1273.91,1272.82,1267.30,1262.23,1259.04,1260.51,1269.13,1276.01,1283.43,1289.36,1282.75,1268.39,1259.77,1246.27,1231.84,1211.31,1205.64,1202.92,1201.20,1199.26,1199.22,1199.91
1310.08,1319.26,1327.85,1335.46,1340.54,1343.34,1346.11,1349.12,1350.63,1348.99,1347.39,1345.76,1343.93,1341.51,1339.60,1337.83,1335.86,1334.88,1337.22,1340.49,1343.33,1344.89,1342.79,1335.88,1329.96,1326.28,1324.46,1321.82,1316.96,1308.30,1297.81,1290.47,1284.67,1277.68,1266.06,1252.47,1238.25,1239.25,1241.61,1232.29,1211.40,1189.92,1193.62,1210.67,1230.21,1241.70,1245.43,1252.07,1261.05,1249.77,1232.44,1221.25,1218.22,1215.68,1212.67,1209.09,1202.00,1188.69,1172.61,1155.94,1146.30,1141.49,1139.75,1153.54,1170.61,1184.37,1197.07,1205.64,1200.80,1186.68,1171.03,1166.51,1164.54,1160.59,1165.29,1164.44,1162.73,1160.61,1152.93,1145.98,1140.81,1140.82,1157.28,1176.15,1190.25,1196.85,1195.72,1192.97,1183.39,1170.23,1156.36,1159.72,1178.87,1195.78,1211.68,1219.81,1216.12,1197.76,1180.18,1163.69,1154.47,1151.64,1160.73,1171.92,1180.15,1189.94,1203.00,1207.24,1203.13,1192.32,1183.19,1175.61,1166.60,1151.87,1137.98,1129.16,1126.52,1125.68,1130.18,1143.44,1163.53,1179.82,1182.41,1184.13,1191.67,1200.41,1204.90,1200.19,1196.64,1199.68,1206.80,1219.02,1230.73,1240.18,1247.78,1251.36,1250.95,1250.87,1253.07,1255.53,1257.98,1258.19,1253.27,1246.97,1245.75,1244.62,1238.77,1225.82,1209.40,1197.94,1193.35,1188.54,1178.65,1162.01,1144.65,1134.92,1127.45,1123.29,1123.46,1137.38,1142.31,1142.57,1129.92,1119.96,1122.25,1114.42,1101.73,1092.13,1081.28,1065.91,1054.43,1048.46,1044.98,1045.28,1046.53,1047.91,1048.98,1048.54,1048.55,1052.13,1057.78,1062.89,1069.13,1078.08,1083.52,1087.46,1095.08,1110.10,1124.42,1133.80,1146.04,1151.71,1152.16,1143.48,1126.29,1115.82,1109.51,1103.89,1103.14,1104.84,1106.67,1109.36,1111.07,1111.19,1116.65,1126.42,1133.99,1143.02,1154.33,1167.24,1184.34,1199.62,1214.60,1226.47,1222.59,1208.22,1194.14,1178.44,1164.10,1155.82,1152.71,1163.08,1178.03,1183.53,1182.16,1180.88,1185.74,1197.49,1215.12,1233.36,1250.63,1264.16,1271.05,1272.54,1272.59,1268.73,1261.46,1256.82,1256.13,1259.95,1270.35,1280.61,1284.38,1283.88,1273.44,1257.62,1248.59,1238.59,1226.18,1208.48,1202.18,1201.12,1199.42,1196.60,1195.95,1196.50
1313.99,1321.35,1328.23,1334.07,1338.81,1342.61,1346.43,1349.85,1351.31,1350.22,1349.23,1347.99,1346.20,1344.08,1342.16,1340.76,1338.84,1334.33,1332.48,1335.99,1339.76,1342.02,1340.79,1335.92,1330.08,1323.38,1322.10,1320.98,1316.61,1308.72,1298.47,1291.30,1285.64,1281.50,1274.96,1260.88,1243.31,1228.49,1226.88,1222.95,1206.69,1188.03,1197.58,1215.73,1230.04,1233.97,1233.04,1243.07,1254.79,1248.22,1231.33,1215.95,1205.81,1208.84,1211.66,1212.03,1209.69,1196.99,1178.90,1159.49,1146.11,1139.98,1135.97,1145.86,1159.95,1173.57,1187.35,1193.84,1186.34,1176.53,1166.25,1156.76,1154.18,1152.66,1155.49,1150.47,1150.01,1149.52,1144.52,1136.88,1131.34,1138.15,1155.81,1176.50,1188.95,1185.32,1177.88,1178.26,1170.36,1156.06,1148.88,1161.08,1177.11,1190.02,1205.58,1216.94,1207.67,1188.05,1170.99,1157.67,1147.96,1147.22,1155.20,1165.12,1175.04,1185.30,1197.46,1203.74,1199.54,1190.65,1177.31,1166.97,1162.51,1154.35,1138.65,1127.48,1121.10,1122.38,1131.91,1147.23,1169.78,1187.09,1193.69,1195.20,1201.07,1206.91,1209.73,1203.90,1199.49,1204.30,1213.97,1224.42,1231.32,1240.05,1247.33,1251.23,1253.69,1252.68,1251.20,1251.92,1254.52,1253.60,1248.37,1236.94,1228.69,1228.78,1226.72,1217.20,1201.55,1187.60,1187.24,1188.15,1184.80,1173.99,1157.19,1144.09,1133.04,1121.10,1116.30,1121.75,1123.94,1129.78,1120.36,1106.59,1108.09,1109.91,1102.34,1093.11,1083.66,1066.27,1054.27,1048.81,1044.16,1042.41,1044.60,1046.84,1047.22,1046.68,1047.77,1052.12,1056.15,1059.74,1066.60,1076.27,1086.84,1095.70,1106.03,1119.47,1131.70,1140.84,1149.37,1151.56,1150.90,1142.06,1124.77,1114.07,1106.85,1101.21,1100.70,1102.00,1104.39,1106.84,1107.78,1108.73,1114.82,1123.04,1131.14,1140.93,1149.29,1162.88,1178.53,1192.56,1205.46,1221.35,1218.83,1202.90,1186.32,1172.98,1157.52,1149.85,1149.07,1162.66,1171.39,1170.05,1171.07,1178.08,1189.93,1203.60,1221.73,1240.64,1258.42,1268.81,1271.22,1270.79,1268.35,1262.38,1254.85,1253.32,1255.45,1261.72,1274.19,1278.76,1277.47,1275.70,1262.43,1252.01,1240.70,1232.67,1220.60,1203.32,1199.06,1199.18,1197.64,1194.44,1192.53,1192.99
1318.59,1321.70,1328.44,1333.82,1338.60,1342.78,1346.65,1349.94,1351.16,1350.86,1350.34,1349.87,1348.78,1346.71,1344.41,1342.70,1341.09,1337.07,1329.99,1331.68,1335.81,1338.67,1338.49,1334.90,1329.08,1318.57,1316.22,1317.11,1315.01,1309.45,1301.44,1295.66,1289.82,1283.31,1276.49,1265.88,1249.76,1233.83,1217.61,1210.23,1200.39,1186.14,1198.06,1214.08,1220.50,1221.14,1226.35,1238.13,1250.89,1247.33,1231.58,1215.45,1199.70,1198.54,1203.03,1206.58,1207.01,1198.62,1181.02,1160.02,1144.04,1137.60,1132.77,1136.72,1146.17,1163.60,1176.48,1179.06,1168.97,1162.15,1160.33,1149.81,1144.83,1145.55,1147.90,1140.80,1139.33,1138.73,1132.67,1125.60,1126.59,1142.09,1160.51,1176.76,1183.46,1175.95,1166.41,1164.59,1156.95,1144.34,1149.61,1169.29,1183.34,1194.03,1206.75,1211.42,1199.75,1179.91,1161.60,1152.23,1143.47,1141.88,1151.45,1166.26,1181.61,1192.05,1200.64,1198.39,1187.80,1185.30,1178.18,1164.51,1151.81,1147.53,1134.99,1123.13,1117.45,1121.70,1133.46,1149.88,1172.68,1188.59,1200.06,1207.74,1213.03,1217.16,1217.62,1214.21,1208.67,1210.26,1222.74,1231.79,1235.74,1241.55,1249.24,1253.13,1255.52,1255.01,1252.25,1248.54,1249.33,1250.57,1246.70,1234.61,1218.13,1212.19,1211.30,1208.49,1195.43,1178.21,1175.75,1180.04,1182.68,1181.84,1170.21,1156.35,1142.18,1130.15,1115.93,1104.46,1107.32,1115.57,1114.42,1099.37,1095.81,1099.82,1103.67,1100.49,1091.03,1069.59,1055.95,1049.65,1043.50,1041.01,1043.82,1045.37,1045.37,1044.96,1047.40,1050.79,1053.44,1057.98,1064.86,1077.19,1084.14,1091.11,1098.75,1107.46,1121.63,1132.07,1142.46,1149.64,1147.29,1135.35,1118.78,1106.49,1100.55,1098.02,1098.51,1099.80,1102.23,1103.82,1104.79,1108.65,1115.28,1122.33,1129.12,1137.77,1147.98,1163.03,1182.23,1199.24,1213.25,1221.13,1218.79,1202.79,1182.84,1165.07,1148.97,1141.22,1145.64,1156.50,1159.34,1162.66,1171.99,1185.90,1194.67,1201.99,1217.37,1236.81,1257.17,1268.71,1270.44,1268.45,1262.83,1252.07,1245.66,1248.84,1254.50,1262.78,1269.79,1266.88,1261.30,1258.82,1254.18,1246.76,1237.50,1229.59,1215.22,1200.00,1196.56,1196.94,1195.81,1192.33,1189.65,1189.35
1323.19,1325.05,1329.60,1334.02,1338.64,1342.67,1346.18,1349.34,1350.69,1351.03,1350.74,1350.41,1350.10,1348.95,1346.39,1344.13,1341.74,1337.52,1329.67,1328.02,1332.37,1335.20,1336.42,1333.56,1328.39,1314.29,1308.38,1310.74,1310.82,1307.23,1303.55,1300.12,1292.57,1279.80,1269.35,1262.94,1250.76,1239.24,1222.28,1204.46,1191.78,1182.65,1190.55,1202.87,1209.62,1218.67,1229.01,1237.46,1242.93,1243.61,1233.04,1215.93,1198.78,1188.38,1189.89,1194.62,1197.11,1193.11,1179.34,1157.47,1139.87,1134.96,1130.34,1129.38,1138.32,1155.43,1165.72,1165.90,1155.83,1146.46,1147.71,1140.71,1132.47,1135.01,1137.12,1130.23,1127.30,1126.31,1120.60,1116.63,1125.81,1142.82,1156.56,1173.69,1177.49,1166.27,1156.69,1149.69,1142.80,1142.02,1158.28,1172.61,1186.18,1198.66,1205.59,1202.33,1188.75,1174.80,1157.22,1145.78,1139.01,1139.54,1149.71,1165.10,1184.25,1194.82,1198.49,1188.90,1172.04,1172.38,1171.62,1162.60,1147.41,1136.03,1127.75,1118.23,1114.91,1121.34,1133.73,1149.56,1170.47,1183.49,1193.98,1203.61,1209.18,1214.90,1219.98,1222.14,1221.15,1217.19,1221.59,1222.92,1226.55,1230.56,1243.86,1252.51,1254.96,1254.38,1251.33,1245.94,1243.45,1245.97,1244.60,1235.23,1219.34,1206.15,1199.03,1195.97,1188.99,1172.84,1160.58,1165.46,1176.59,1181.18,1177.54,1164.49,1150.26,1136.91,1124.01,1105.78,1096.75,1098.28,1101.46,1092.91,1085.34,1088.64,1096.09,1100.48,1094.37,1068.31,1056.36,1050.49,1043.99,1040.43,1042.84,1043.62,1043.49,1043.63,1046.51,1047.82,1051.44,1054.36,1057.36,1063.81,1071.59,1078.86,1090.09,1103.59,1119.29,1130.79,1137.43,1141.78,1139.01,1125.74,1109.68,1098.63,1095.75,1095.64,1097.09,1098.58,1099.93,1100.87,1102.60,1108.50,1114.68,1120.75,1130.15,1141.55,1156.45,1173.64,1190.94,1204.41,1212.19,1214.89,1209.04,1196.85,1181.29,1160.46,1142.18,1137.09,1143.38,1150.41,1158.13,1169.13,1177.72,1192.38,1205.11,1212.78,1222.83,1242.73,1262.86,1268.96,1267.52,1261.51,1254.20,1243.34,1238.35,1245.67,1254.43,1261.23,1261.74,1253.96,1247.91,1246.55,1242.81,1240.93,1234.49,1225.61,1208.61,1197.54,1194.26,1194.47,1194.48,1191.48,1189.03,1186.35
1325.17,1326.47,1329.16,1333.63,1338.83,1342.55,1345.70,1348.61,1350.28,1350.70,1350.68,1350.44,1350.15,1349.09,1346.72,1344.35,1341.21,1336.38,1329.17,1325.13,1329.88,1332.98,1334.56,1332.75,1328.47,1315.29,1304.95,1301.05,1302.09,1298.53,1296.90,1297.83,1294.54,1284.15,1268.90,1253.38,1242.39,1234.00,1222.57,1209.24,1196.53,1183.43,1180.05,1193.21,1207.46,1219.51,1229.94,1229.90,1230.44,1236.07,1233.66,1218.73,1200.38,1186.40,1177.07,1180.45,1182.31,1179.77,1170.08,1155.84,1139.19,1132.33,1128.01,1125.51,1132.06,1143.69,1153.45,1151.66,1144.04,1135.34,1132.63,1130.75,1120.53,1121.31,1123.03,1118.30,1116.66,1114.89,1110.09,1115.91,1129.05,1143.68,1157.03,1171.83,1172.10,1157.13,1143.96,1137.10,1140.36,1153.35,1167.83,1178.60,1187.83,1194.55,1195.75,1190.41,1176.89,1163.98,1150.71,1140.05,1135.99,1138.43,1147.59,1166.66,1184.90,1193.07,1191.83,1180.24,1161.98,1155.43,1160.77,1155.96,1138.63,1124.15,1117.69,1111.88,1112.89,1120.83,1131.66,1144.82,1162.56,1174.64,1179.92,1188.28,1192.06,1198.07,1208.10,1216.39,1222.39,1217.93,1211.01,1207.02,1211.43,1223.04,1241.53,1247.43,1248.19,1250.39,1248.58,1243.11,1237.01,1240.99,1242.28,1230.51,1216.98,1205.87,1193.96,1184.20,1178.76,1167.81,1152.87,1157.52,1168.71,1173.48,1174.50,1168.27,1157.56,1145.32,1131.14,1113.99,1099.02,1091.26,1088.05,1085.60,1079.43,1079.70,1086.73,1091.72,1083.16,1062.32,1055.48,1050.73,1044.60,1039.51,1041.12,1041.87,1041.58,1042.52,1043.95,1044.51,1047.56,1050.02,1054.37,1059.92,1070.69,1086.12,1101.91,1118.29,1129.82,1133.02,1129.56,1129.20,1126.63,1114.40,1100.66,1095.83,1093.08,1094.12,1095.80,1097.21,1098.10,1098.60,1100.08,1105.01,1110.19,1116.43,1127.55,1141.22,1154.27,1172.16,1190.42,1197.39,1196.39,1198.17,1192.36,1182.90,1172.91,1153.59,1136.82,1134.24,1140.95,1150.07,1166.69,1179.33,1193.05,1202.95,1213.88,1227.09,1237.45,1253.72,1264.88,1264.41,1262.39,1252.22,1239.37,1234.19,1234.40,1245.15,1254.51,1259.24,1253.60,1241.73,1238.84,1232.06,1231.24,1233.66,1232.11,1220.14,1201.71,1192.87,1191.19,1191.81,1192.76,1191.44,1189.62,1185.63
1321.69,1322.82,1326.58,1332.07,1337.84,1341.71,1344.17,1346.09,1349.44,1350.39,1350.34,1350.07,1348.72,1346.34,1345.32,1343.49,1340.37,1335.11,1328.35,1322.35,1327.19,1331.12,1332.29,1331.56,1328.27,1318.44,1306.42,1296.85,1292.02,1291.16,1288.98,1292.09,1295.14,1289.96,1275.70,1259.99,1245.80,1235.79,1228.91,1222.93,1207.72,1186.80,1175.47,1186.19,1201.92,1214.24,1219.26,1212.71,1218.04,1226.84,1229.48,1221.29,1203.83,1189.32,1172.09,1167.39,1167.90,1164.55,1156.72,1148.07,1136.01,1128.02,1124.59,1121.44,1125.64,1131.62,1136.83,1134.29,1129.63,1124.64,1117.25,1116.44,1110.06,1108.14,1107.70,1105.95,1107.10,1105.62,1106.52,1120.37,1139.33,1154.42,1164.15,1171.67,1163.28,1145.23,1133.84,1137.87,1153.42,1169.84,1177.57,1176.69,1176.29,1184.27,1183.24,1175.38,1165.00,1151.87,1141.86,1135.72,1133.32,1137.14,1144.89,1164.24,1180.97,1189.02,1186.04,1174.24,1157.86,1143.53,1147.80,1144.20,1129.69,1118.26,1112.05,1107.39,1108.38,1113.73,1123.15,1137.06,1153.07,1162.64,1164.67,1173.16,1175.92,1181.79,1193.45,1209.38,1213.14,1205.58,1195.92,1195.20,1206.98,1224.76,1241.95,1238.61,1241.63,1244.81,1244.31,1239.34,1230.10,1237.78,1240.01,1227.59,1213.54,1204.55,1197.17,1184.34,1171.68,1161.68,1148.55,1147.01,1156.27,1159.91,1163.71,1166.16,1162.63,1155.41,1142.21,1124.03,1109.04,1098.72,1089.16,1081.70,1076.71,1072.86,1073.59,1077.12,1073.42,1060.23,1054.50,1049.21,1042.32,1037.99,1038.70,1039.39,1039.38,1040.51,1040.49,1041.08,1044.34,1048.31,1052.89,1060.02,1072.88,1089.73,1107.59,1124.74,1130.69,1124.74,1115.43,1112.72,1111.32,1102.41,1095.13,1092.88,1090.80,1092.22,1094.35,1095.62,1096.22,1096.58,1097.82,1099.65,1105.35,1113.97,1123.27,1135.93,1148.05,1167.62,1185.03,1182.67,1174.73,1179.13,1177.42,1164.58,1156.90,1141.69,1131.05,1132.42,1143.10,1156.58,1170.90,1178.66,1188.80,1197.92,1210.71,1230.10,1247.09,1260.86,1259.00,1255.08,1255.46,1247.57,1229.89,1227.63,1234.31,1247.21,1254.14,1252.11,1240.71,1232.01,1225.91,1222.31,1223.19,1226.33,1226.26,1211.96,1196.10,1188.89,1188.47,1189.11,1190.20,1188.98,1187.96,1184.66
1315.50,1317.56,1323.68,1329.57,1334.01,1337.60,1340.36,1340.17,1343.97,1348.24,1349.12,1347.45,1343.97,1341.54,1341.75,1341.88,1339.76,1334.90,1328.78,1319.86,1322.11,1326.94,1327.88,1328.16,1326.24,1319.49,1307.82,1298.39,1285.49,1280.49,1281.07,1286.10,1291.52,1292.52,1283.06,1271.87,1260.95,1248.92,1239.68,1229.45,1213.14,1191.03,1174.69,1173.35,1190.65,1205.82,1205.57,1199.76,1208.10,1217.99,1219.67,1218.65,1210.04,1196.91,1181.53,1166.47,1156.76,1151.94,1146.92,1140.92,1134.63,1128.42,1123.88,1119.59,1118.20,1121.65,1121.64,1120.26,1116.04,1110.95,1105.40,1101.92,1100.52,1099.22,1096.13,1097.12,1099.02,1099.09,1105.20,1119.75,1138.51,1156.95,1166.98,1166.92,1152.03,1133.44,1129.59,1145.31,1166.02,1176.61,1179.99,1169.87,1164.12,1171.78,1173.31,1162.43,1152.02,1141.40,1135.31,1131.00,1130.82,1135.08,1141.99,1157.86,1175.20,1182.57,1179.69,1167.18,1150.17,1136.91,1135.41,1130.16,1120.31,1114.09,1108.11,1103.87,1104.66,1106.84,1115.88,1131.33,1144.72,1149.25,1148.94,1155.03,1160.39,1167.95,1187.96,1202.04,1199.20,1191.54,1189.35,1202.39,1219.49,1233.32,1239.91,1229.61,1231.59,1236.25,1236.08,1227.59,1223.49,1233.01,1236.03,1230.22,1218.00,1211.38,1204.23,1193.30,1178.58,1163.04,1151.40,1141.73,1141.49,1147.33,1151.24,1159.38,1156.92,1152.15,1145.49,1134.58,1120.79,1105.75,1094.42,1086.16,1079.55,1073.73,1068.29,1064.17,1063.26,1059.17,1053.38,1047.47,1039.71,1035.28,1035.03,1036.09,1037.84,1038.19,1038.11,1039.50,1042.25,1045.30,1049.15,1059.13,1072.73,1090.03,1108.75,1121.79,1121.65,1113.64,1104.06,1099.07,1095.87,1091.78,1090.27,1090.09,1089.04,1091.38,1093.00,1093.83,1094.19,1094.55,1095.80,1098.10,1103.63,1112.97,1120.91,1135.03,1149.12,1169.02,1178.69,1167.51,1158.87,1163.63,1166.60,1152.28,1139.18,1129.79,1126.53,1133.98,1145.69,1155.63,1164.72,1171.84,1177.27,1187.38,1207.26,1231.21,1250.90,1261.48,1255.23,1245.81,1242.61,1235.68,1224.59,1224.38,1234.17,1247.57,1250.31,1238.66,1231.85,1223.91,1216.20,1212.82,1215.73,1219.29,1217.39,1203.74,1192.26,1186.67,1185.60,1186.20,1186.99,1186.32,1185.64,1183.93
1305.77,1310.02,1319.21,1322.51,1320.80,1322.96,1329.35,1325.65,1329.97,1340.89,1343.93,1342.13,1338.08,1334.80,1337.04,1339.17,1338.82,1335.40,1330.75,1320.83,1313.49,1317.56,1320.07,1322.45,1323.27,1318.60,1307.97,1299.07,1285.17,1271.26,1270.67,1279.96,1288.26,1291.92,1290.19,1280.88,1268.89,1256.64,1245.11,1232.51,1218.72,1200.65,1182.38,1168.20,1178.25,1195.12,1195.70,1192.30,1201.29,1203.35,1202.55,1208.18,1212.04,1204.82,1191.89,1176.19,1160.79,1151.47,1145.13,1139.28,1134.16,1128.87,1123.48,1118.82,1114.23,1110.81,1108.60,1105.68,1103.29,1100.68,1097.75,1093.74,1091.96,1090.94,1089.98,1090.78,1092.13,1095.61,1105.24,1118.13,1134.81,1153.97,1163.47,1159.40,1142.04,1125.95,1130.78,1149.10,1166.66,1171.87,1177.06,1165.46,1153.32,1159.80,1165.78,1157.10,1144.14,1134.07,1129.97,1126.69,1127.82,1130.63,1142.22,1157.01,1170.19,1174.92,1168.41,1160.87,1148.75,1135.71,1124.51,1117.09,1111.19,1108.26,1104.18,1100.19,1100.93,1101.08,1109.02,1125.69,1134.85,1135.59,1135.37,1139.29,1147.54,1165.39,1183.38,1188.43,1184.46,1184.43,1193.63,1209.92,1224.87,1236.31,1234.60,1219.29,1219.48,1222.93,1221.00,1211.97,1217.40,1226.49,1227.46,1227.47,1223.38,1219.09,1208.26,1198.15,1187.52,1175.10,1164.59,1151.43,1133.69,1131.99,1140.65,1148.70,1142.52,1134.48,1133.64,1132.45,1124.42,1111.17,1099.81,1092.39,1083.03,1075.50,1070.06,1063.52,1058.42,1055.87,1052.01,1047.51,1039.81,1034.31,1032.83,1034.97,1036.32,1036.20,1037.12,1038.62,1038.81,1041.42,1045.10,1054.60,1070.11,1087.17,1105.85,1116.37,1109.30,1095.31,1091.76,1091.62,1089.42,1087.19,1086.19,1086.08,1086.91,1090.18,1091.21,1092.05,1092.03,1092.48,1093.90,1096.65,1100.97,1111.98,1122.32,1137.23,1155.09,1171.33,1171.20,1157.01,1148.60,1153.25,1153.93,1142.72,1129.93,1123.92,1124.74,1133.89,1143.46,1153.11,1160.97,1169.60,1181.72,1191.48,1205.52,1231.18,1253.58,1259.64,1254.35,1248.32,1234.85,1224.50,1218.83,1221.14,1232.33,1245.36,1240.71,1224.69,1218.76,1212.44,1206.20,1204.88,1207.05,1208.14,1203.80,1196.82,1189.89,1184.86,1182.63,1182.99,1183.67,1183.20,1183.03,1182.79
1294.38,1301.47,1312.10,1307.27,1301.24,1303.27,1314.95,1313.76,1317.11,1330.12,1335.48,1335.01,1331.07,1327.59,1333.20,1336.10,1336.23,1335.86,1332.96,1325.41,1313.03,1306.78,1310.01,1314.59,1318.91,1316.04,1308.09,1299.34,1285.73,1271.46,1264.05,1274.58,1282.40,1287.39,1288.43,1277.32,1261.82,1249.82,1239.13,1228.92,1216.32,1202.87,1187.38,1169.10,1167.76,1178.58,1180.47,1183.73,1191.73,1186.75,1184.94,1194.55,1201.32,1203.24,1196.91,1184.34,1172.16,1166.00,1157.52,1148.57,1139.56,1133.93,1126.57,1120.13,1116.28,1112.23,1109.17,1105.28,1101.54,1098.38,1095.15,1090.89,1087.76,1085.73,1085.18,1086.18,1086.87,1092.50,1101.99,1114.93,1129.63,1144.64,1155.95,1151.71,1135.38,1119.96,1125.77,1139.04,1150.93,1161.19,1166.09,1158.94,1145.38,1148.12,1158.55,1153.83,1142.60,1130.68,1125.53,1122.68,1123.62,1126.27,1137.29,1148.80,1160.46,1165.25,1159.23,1149.67,1146.05,1136.70,1123.93,1110.22,1105.65,1103.26,1101.26,1096.65,1096.57,1097.03,1102.55,1115.96,1122.06,1122.30,1125.21,1134.71,1149.36,1164.81,1171.91,1172.00,1176.63,1188.30,1200.08,1214.47,1227.26,1233.13,1227.81,1210.65,1208.96,1211.96,1207.70,1199.87,1211.48,1217.69,1215.62,1219.08,1222.63,1218.57,1207.87,1196.79,1186.00,1175.80,1163.55,1150.18,1132.36,1121.73,1130.93,1137.18,1133.05,1120.60,1116.44,1122.37,1119.94,1114.30,1105.53,1098.28,1086.34,1077.63,1073.26,1065.84,1059.12,1054.97,1051.67,1047.30,1040.12,1033.75,1031.20,1033.69,1034.42,1034.90,1036.49,1036.77,1036.00,1037.12,1039.82,1048.26,1064.20,1077.93,1095.41,1110.40,1105.60,1089.86,1086.01,1086.57,1086.13,1084.19,1082.55,1082.50,1085.34,1088.02,1089.38,1090.22,1089.89,1090.50,1091.68,1094.35,1098.23,1109.97,1125.25,1142.72,1159.28,1167.02,1162.65,1147.41,1137.28,1141.16,1137.88,1130.23,1123.31,1119.49,1124.12,1133.85,1145.56,1158.47,1170.20,1175.87,1189.79,1203.05,1215.42,1232.26,1251.18,1257.65,1254.96,1251.57,1239.00,1224.06,1216.06,1219.14,1229.17,1241.01,1234.70,1222.13,1210.05,1204.21,1198.81,1196.85,1196.38,1195.44,1193.03,1190.35,1186.64,1182.09,1179.69,1179.94,1180.43,1180.39,1180.19,1180.16
1283.84,1294.57,1303.37,1292.92,1285.11,1294.23,1301.53,1299.24,1307.15,1316.95,1321.34,1326.35,1321.52,1320.73,1330.69,1332.80,1332.66,1333.08,1333.23,1330.03,1318.26,1304.89,1298.77,1304.18,1312.61,1315.09,1310.78,1301.63,1288.48,1273.19,1260.14,1264.59,1268.89,1275.52,1280.69,1273.44,1256.64,1242.32,1230.14,1218.92,1205.50,1197.00,1187.37,1172.91,1163.11,1162.56,1166.04,1172.31,1179.52,1176.42,1174.37,1182.79,1186.16,1187.19,1187.24,1182.69,1174.37,1171.07,1166.98,1158.62,1148.64,1141.37,1134.37,1127.32,1119.97,1116.53,1114.32,1109.23,1106.18,1103.84,1101.07,1096.09,1092.01,1086.08,1080.92,1081.55,1080.95,1087.92,1098.82,1107.71,1115.09,1129.30,1144.46,1146.57,1134.97,1119.35,1118.16,1126.09,1137.73,1147.87,1150.40,1145.60,1137.10,1143.80,1156.42,1152.07,1140.74,1129.59,1122.58,1119.24,1119.72,1121.44,1128.25,1137.32,1145.53,1149.37,1153.10,1142.49,1131.33,1124.53,1117.54,1104.83,1100.94,1097.89,1096.53,1092.57,1092.02,1093.58,1099.36,1107.49,1112.78,1117.59,1124.90,1135.31,1145.74,1152.86,1153.84,1158.80,1177.39,1193.18,1209.12,1224.59,1231.42,1226.47,1217.89,1202.44,1197.53,1201.36,1195.74,1193.32,1204.99,1203.88,1202.47,1210.63,1216.95,1215.62,1205.10,1187.89,1174.16,1161.03,1149.48,1141.31,1129.51,1116.71,1119.19,1122.73,1121.83,1111.30,1103.45,1109.07,1107.04,1103.53,1100.15,1096.13,1089.78,1083.61,1078.78,1068.05,1058.91,1055.10,1051.66,1046.59,1039.97,1033.69,1030.38,1032.46,1032.81,1034.32,1035.17,1034.57,1033.95,1035.10,1037.20,1042.89,1057.59,1071.03,1086.94,1101.13,1099.70,1088.64,1082.64,1081.75,1082.88,1081.22,1079.51,1081.11,1083.44,1085.71,1087.35,1087.80,1087.52,1088.22,1089.29,1092.25,1098.44,1114.39,1131.33,1148.27,1156.70,1155.86,1150.55,1136.86,1126.33,1129.99,1122.84,1116.12,1115.32,1119.01,1124.76,1132.97,1145.52,1161.15,1179.05,1188.36,1191.64,1202.77,1217.93,1236.59,1251.65,1252.29,1252.43,1251.25,1240.81,1223.52,1212.23,1217.13,1226.47,1235.36,1231.34,1221.61,1208.26,1196.48,1190.14,1188.63,1188.21,1187.53,1186.42,1184.64,1181.55,1178.73,1176.82,1176.70,1176.91,1176.81,1176.26,1175.63
1276.45,1288.94,1289.47,1276.34,1273.09,1285.56,1284.88,1283.95,1294.00,1301.94,1309.91,1319.31,1314.17,1314.93,1323.96,1327.58,1325.19,1324.42,1328.64,1331.04,1324.73,1309.95,1294.11,1293.20,1304.24,1311.32,1312.03,1305.93,1293.65,1277.46,1261.07,1254.62,1259.62,1265.16,1272.18,1270.02,1260.07,1246.25,1233.08,1219.37,1207.77,1201.37,1193.39,1179.39,1165.66,1155.64,1152.11,1155.45,1159.69,1159.77,1161.55,1168.22,1168.10,1167.60,1168.55,1167.45,1161.90,1157.42,1160.17,1156.85,1148.11,1141.48,1136.78,1132.07,1126.64,1122.29,1120.44,1116.66,1108.50,1104.44,1099.65,1091.39,1088.60,1086.31,1081.33,1076.33,1075.78,1082.02,1091.25,1096.62,1102.99,1116.00,1130.09,1140.75,1139.38,1123.36,1113.39,1116.47,1127.18,1135.52,1137.48,1131.82,1129.41,1141.44,1157.52,1155.44,1144.44,1131.90,1119.92,1115.89,1116.08,1116.88,1123.32,1129.87,1132.08,1135.67,1142.76,1139.17,1129.68,1116.73,1106.84,1098.50,1094.36,1090.87,1090.75,1088.67,1088.12,1090.98,1097.34,1104.58,1111.92,1117.23,1122.08,1130.29,1136.64,1143.01,1147.91,1157.73,1178.43,1196.09,1214.41,1227.09,1229.25,1221.28,1208.51,1194.32,1188.49,1188.99,1182.51,1188.64,1196.78,1192.33,1197.24,1205.79,1208.20,1209.48,1206.15,1191.92,1175.78,1161.53,1148.42,1136.53,1125.43,1114.32,1106.84,1105.64,1109.35,1103.30,1096.60,1097.60,1095.47,1090.75,1086.10,1083.79,1081.93,1080.65,1078.39,1071.54,1062.54,1055.87,1051.10,1041.40,1036.76,1032.09,1029.31,1030.78,1032.09,1033.36,1033.20,1032.57,1032.43,1033.61,1035.58,1039.50,1053.97,1069.02,1082.05,1091.04,1089.87,1083.67,1078.44,1077.26,1077.24,1075.30,1078.29,1080.50,1082.13,1083.92,1084.95,1084.95,1084.91,1085.61,1086.99,1091.26,1102.99,1121.14,1135.84,1146.86,1144.13,1138.81,1137.56,1128.18,1115.55,1114.40,1111.45,1110.74,1114.37,1119.21,1126.74,1136.61,1147.51,1162.41,1179.69,1198.15,1205.51,1209.18,1220.81,1237.24,1248.84,1246.95,1244.52,1241.78,1235.40,1217.30,1208.34,1212.14,1223.97,1231.14,1227.94,1218.07,1202.96,1189.65,1183.41,1182.80,1182.81,1182.12,1181.13,1179.18,1176.18,1174.68,1173.48,1173.20,1173.16,1172.90,1172.14,1171.02
1268.03,1280.09,1275.55,1260.76,1264.59,1269.89,1272.77,1282.21,1292.40,1303.70,1312.20,1314.85,1307.16,1307.62,1315.63,1314.83,1309.97,1309.44,1315.61,1324.39,1323.83,1313.75,1297.69,1283.16,1292.73,1306.32,1309.78,1305.99,1297.12,1284.98,1266.25,1249.01,1245.98,1253.88,1263.23,1263.60,1253.43,1243.16,1235.36,1226.06,1215.13,1202.62,1193.46,1181.96,1173.26,1163.66,1151.13,1146.09,1143.44,1143.77,1145.94,1148.05,1148.12,1147.81,1148.11,1148.22,1145.22,1141.15,1142.11,1140.68,1135.61,1130.13,1127.57,1123.12,1121.96,1122.32,1120.80,1117.09,1107.66,1103.35,1098.51,1090.35,1087.30,1083.90,1081.44,1076.01,1071.22,1076.48,1081.82,1087.38,1093.17,1101.77,1116.19,1131.83,1141.58,1129.64,1113.97,1107.53,1114.79,1120.94,1123.04,1121.16,1128.38,1138.76,1155.24,1160.89,1148.68,1133.44,1119.96,1112.98,1112.70,1111.53,1116.50,1120.88,1120.15,1123.24,1129.04,1129.80,1119.90,1110.45,1100.42,1095.32,1090.35,1086.91,1086.01,1085.27,1084.41,1089.32,1097.53,1106.81,1116.12,1122.78,1126.83,1131.23,1137.96,1148.30,1160.38,1164.51,1178.23,1196.61,1213.62,1223.13,1223.82,1219.82,1207.63,1192.94,1182.05,1179.98,1174.11,1179.81,1182.51,1184.35,1196.31,1198.93,1196.44,1200.36,1202.57,1195.75,1182.79,1171.72,1159.42,1144.33,1130.42,1117.61,1107.37,1098.77,1097.40,1094.71,1091.65,1091.02,1086.63,1080.81,1070.80,1065.78,1065.24,1065.83,1068.54,1070.29,1065.34,1054.06,1044.58,1036.25,1032.36,1028.84,1026.45,1029.22,1031.38,1031.49,1031.24,1030.88,1030.89,1031.64,1034.60,1039.31,1051.75,1065.89,1078.42,1081.30,1077.98,1075.22,1072.80,1071.69,1070.22,1072.88,1076.67,1078.96,1080.69,1082.15,1082.33,1082.13,1082.34,1083.21,1086.72,1093.56,1110.21,1128.56,1140.12,1133.38,1130.09,1124.05,1119.95,1114.55,1105.35,1104.25,1106.53,1110.99,1115.37,1120.07,1130.90,1143.14,1153.80,1166.39,1180.05,1195.87,1207.48,1210.71,1216.51,1231.71,1244.62,1242.84,1236.95,1227.58,1222.28,1209.19,1204.09,1208.30,1221.30,1227.13,1223.59,1212.62,1196.20,1182.47,1178.21,1177.85,1177.49,1175.98,1173.18,1170.77,1169.78,1169.45,1169.72,1169.24,1168.59,1168.66,1167.52,1166.24
1252.83,1260.14,1257.16,1245.91,1250.51,1258.71,1276.80,1289.74,1302.40,1310.34,1311.10,1310.74,1300.02,1296.82,1304.05,1301.37,1294.32,1292.96,1302.76,1312.30,1314.30,1308.98,1293.91,1276.30,1284.62,1300.72,1304.82,1301.40,1297.40,1289.89,1274.36,1251.77,1239.09,1242.38,1253.74,1257.64,1245.61,1233.25,1224.49,1219.78,1209.59,1197.84,1193.91,1192.84,1187.12,1171.64,1161.98,1156.72,1148.22,1141.54,1136.67,1133.00,1129.99,1128.63,1127.58,1127.17,1126.11,1124.40,1123.84,1122.03,1116.88,1112.67,1109.54,1107.03,1108.72,1108.79,1106.42,1105.43,1104.23,1101.54,1097.78,1093.95,1090.57,1085.17,1079.54,1073.64,1067.80,1070.99,1075.46,1079.88,1086.14,1095.76,1110.58,1128.20,1140.74,1134.86,1118.09,1103.78,1103.40,1109.42,1114.24,1119.31,1131.96,1147.71,1158.47,1160.61,1145.14,1130.32,1117.59,1109.85,1109.21,1107.83,1108.13,1111.04,1111.39,1113.54,1116.70,1116.89,1104.39,1096.51,1092.97,1091.41,1087.76,1083.61,1081.78,1081.49,1081.67,1087.56,1099.42,1114.13,1126.27,1133.93,1140.91,1146.59,1151.47,1161.47,1176.81,1182.17,1182.58,1193.44,1207.63,1215.63,1211.62,1209.62,1204.84,1192.17,1175.55,1171.03,1163.34,1164.83,1172.88,1185.98,1194.47,1192.78,1185.51,1187.28,1194.37,1196.69,1190.64,1178.79,1163.38,1145.93,1133.16,1122.30,1117.60,1108.09,1096.08,1088.75,1085.59,1082.13,1078.13,1072.27,1064.20,1058.57,1055.92,1053.97,1055.15,1057.36,1057.58,1051.13,1040.63,1033.18,1028.79,1027.06,1024.64,1027.78,1029.29,1029.23,1029.85,1029.47,1029.26,1029.93,1032.56,1037.08,1045.53,1061.39,1073.90,1072.70,1067.08,1063.56,1064.32,1063.71,1068.63,1072.63,1075.23,1077.15,1078.79,1079.82,1079.71,1079.40,1079.88,1081.38,1086.91,1098.87,1117.19,1133.90,1135.11,1119.72,1112.98,1111.83,1104.89,1098.52,1098.03,1101.70,1105.99,1110.28,1116.25,1123.14,1131.83,1140.63,1148.24,1161.40,1176.06,1187.31,1192.30,1194.58,1207.32,1224.13,1241.03,1237.52,1229.77,1215.13,1207.41,1200.43,1202.07,1207.66,1218.85,1222.87,1217.31,1203.97,1186.77,1177.47,1174.63,1173.44,1172.07,1168.52,1163.91,1160.63,1160.70,1161.53,1161.83,1161.39,1162.55,1163.76,1162.12,1161.91
1236.38,1239.59,1239.28,1234.49,1239.99,1257.28,1276.28,1289.46,1299.20,1300.12,1298.04,1304.22,1293.59,1285.05,1289.40,1287.87,1280.56,1282.33,1292.86,1301.59,1302.98,1291.84,1278.80,1269.08,1278.92,1294.94,1299.93,1295.96,1292.95,1290.00,1279.14,1255.83,1239.26,1233.76,1241.86,1250.89,1247.30,1234.17,1223.41,1212.04,1204.87,1204.69,1204.72,1201.27,1188.82,1178.94,1176.77,1176.76,1168.21,1156.65,1147.28,1140.05,1134.17,1130.70,1127.74,1123.44,1119.67,1116.39,1114.98,1112.95,1108.59,1105.40,1102.39,1099.74,1097.85,1096.86,1095.85,1095.06,1094.67,1094.32,1092.78,1091.30,1090.31,1083.94,1078.07,1073.86,1067.87,1064.35,1069.94,1074.97,1080.91,1089.71,1103.12,1120.54,1137.06,1136.46,1122.35,1103.84,1098.57,1107.91,1118.79,1126.25,1130.91,1148.38,1164.07,1162.93,1149.59,1138.37,1123.97,1110.46,1105.60,1104.83,1103.12,1102.94,1103.63,1105.09,1106.77,1106.24,1096.75,1088.06,1086.52,1084.84,1081.72,1079.73,1077.91,1076.63,1080.07,1087.45,1103.83,1118.34,1129.67,1139.69,1149.76,1162.85,1169.88,1175.47,1187.00,1194.13,1196.14,1196.07,1202.91,1206.73,1196.74,1196.20,1197.46,1186.11,1169.35,1162.23,1155.36,1158.61,1175.09,1187.02,1192.20,1188.70,1177.40,1178.18,1186.61,1193.82,1193.27,1181.46,1165.98,1147.65,1137.80,1134.96,1132.74,1120.32,1108.56,1100.37,1089.75,1081.60,1077.89,1077.61,1075.06,1067.63,1061.62,1053.06,1048.02,1047.33,1047.59,1045.90,1040.01,1032.70,1027.97,1024.83,1022.44,1023.55,1025.68,1027.83,1028.18,1027.96,1027.81,1028.58,1030.58,1036.40,1046.51,1062.51,1069.91,1065.11,1058.91,1055.96,1057.99,1060.16,1066.85,1071.62,1073.26,1074.89,1076.22,1077.00,1076.82,1076.46,1077.11,1079.63,1086.88,1099.96,1119.92,1133.52,1126.06,1108.78,1098.18,1096.59,1092.31,1092.53,1095.95,1100.39,1106.25,1111.98,1119.61,1127.44,1133.40,1138.82,1141.98,1151.29,1164.25,1173.08,1180.32,1189.89,1206.41,1225.19,1239.12,1232.79,1221.26,1212.89,1204.98,1197.81,1201.30,1207.90,1216.63,1215.73,1207.00,1192.02,1179.47,1174.10,1170.84,1167.56,1162.70,1158.50,1156.50,1155.28,1155.98,1157.09,1157.29,1157.07,1158.24,1158.34,1156.78,1158.05
1219.45,1220.92,1220.22,1222.90,1235.97,1254.19,1267.33,1278.12,1283.05,1282.25,1288.46,1299.51,1289.57,1274.57,1276.44,1275.82,1269.45,1274.75,1281.38,1292.19,1289.59,1276.60,1267.45,1264.01,1275.38,1288.21,1294.28,1291.50,1288.51,1287.09,1281.23,1261.60,1242.91,1231.50,1231.31,1239.28,1245.44,1240.57,1232.48,1219.63,1216.05,1217.00,1213.12,1203.94,1191.57,1195.38,1196.71,1195.98,1187.31,1178.05,1169.37,1157.83,1152.15,1149.89,1147.26,1143.71,1137.09,1127.81,1116.82,1111.85,1111.32,1110.61,1106.27,1103.38,1101.27,1097.13,1092.96,1090.08,1088.07,1085.95,1085.90,1085.04,1085.03,1082.32,1075.98,1068.65,1065.50,1059.95,1064.87,1071.06,1077.08,1086.76,1101.41,1118.56,1133.03,1133.72,1120.40,1101.02,1097.41,1112.65,1125.37,1136.27,1140.93,1151.48,1157.66,1158.02,1154.13,1151.11,1132.51,1116.13,1106.47,1101.29,1099.62,1096.94,1096.29,1095.57,1095.00,1094.38,1089.06,1081.80,1081.09,1078.77,1076.94,1076.06,1074.80,1072.29,1077.49,1087.15,1104.39,1116.63,1124.82,1135.26,1147.78,1167.19,1174.93,1178.30,1184.45,1191.96,1199.03,1201.63,1203.47,1200.55,1187.90,1183.48,1187.42,1179.38,1163.27,1155.05,1149.82,1154.69,1171.96,1181.79,1186.81,1181.19,1168.48,1167.48,1179.16,1190.94,1193.66,1185.79,1169.44,1153.98,1153.57,1151.59,1142.62,1129.67,1118.63,1107.66,1100.55,1091.87,1085.92,1085.65,1084.69,1081.24,1072.55,1062.29,1051.59,1046.30,1042.54,1040.13,1036.85,1031.63,1027.95,1024.39,1021.10,1021.87,1025.01,1026.45,1026.39,1026.32,1026.95,1028.43,1030.57,1037.85,1050.14,1061.12,1059.70,1056.65,1053.38,1054.84,1058.47,1062.14,1066.27,1069.54,1070.52,1072.25,1072.85,1073.85,1073.48,1073.45,1075.85,1079.18,1086.89,1099.78,1118.33,1129.01,1117.93,1100.39,1089.08,1087.24,1087.54,1091.43,1095.78,1101.50,1111.42,1120.04,1128.50,1141.57,1145.22,1152.27,1151.66,1156.82,1166.03,1176.91,1187.74,1198.03,1215.28,1231.23,1232.94,1225.93,1209.45,1201.06,1197.40,1191.68,1199.32,1209.90,1210.81,1203.88,1193.11,1181.22,1175.03,1169.91,1164.20,1158.44,1155.12,1152.11,1151.02,1151.17,1152.52,1154.11,1154.61,1154.25,1154.35,1155.37,1157.17,1158.84
1212.40,1209.11,1209.63,1217.89,1227.78,1244.63,1253.52,1257.18,1263.68,1276.11,1288.74,1294.45,1284.44,1267.97,1265.77,1266.13,1258.22,1264.08,1276.95,1284.45,1279.11,1266.26,1259.00,1254.95,1269.06,1281.12,1287.85,1286.36,1284.94,1284.22,1280.71,1266.56,1248.13,1234.94,1226.64,1228.54,1238.71,1241.44,1236.63,1231.14,1229.39,1225.85,1219.42,1207.64,1197.19,1204.61,1208.00,1207.43,1199.57,1196.30,1191.25,1179.03,1177.49,1175.69,1169.18,1162.40,1155.21,1144.08,1132.67,1124.80,1123.57,1123.47,1113.17,1108.00,1110.42,1107.19,1101.36,1099.59,1095.28,1089.97,1081.49,1075.75,1074.73,1072.32,1064.77,1059.78,1058.25,1056.99,1060.08,1064.36,1072.87,1082.76,1097.66,1115.65,1131.01,1129.33,1114.62,1096.93,1093.72,1109.21,1120.09,1131.20,1141.12,1148.31,1143.11,1145.00,1145.83,1151.61,1137.43,1124.59,1113.85,1100.46,1095.49,1092.11,1090.88,1088.67,1086.54,1084.82,1082.01,1077.38,1075.01,1072.23,1072.39,1072.11,1071.87,1069.31,1074.36,1085.63,1097.82,1109.73,1120.57,1133.90,1150.02,1169.32,1171.98,1167.92,1173.40,1184.37,1189.26,1192.29,1198.78,1195.77,1183.70,1171.48,1176.98,1171.02,1157.76,1148.15,1143.79,1147.85,1161.22,1174.13,1177.01,1169.44,1156.90,1160.69,1177.63,1189.87,1192.72,1186.44,1173.52,1167.44,1167.11,1160.41,1147.24,1132.40,1119.93,1108.53,1100.46,1092.54,1085.79,1081.68,1080.53,1082.89,1081.10,1073.97,1064.19,1055.04,1049.90,1042.06,1036.28,1032.60,1029.21,1025.03,1020.97,1021.41,1024.33,1024.81,1024.75,1025.40,1027.19,1028.75,1031.86,1039.56,1049.59,1053.15,1051.36,1048.69,1051.07,1054.76,1057.90,1060.88,1063.72,1066.14,1068.43,1069.19,1069.76,1070.91,1070.13,1070.75,1073.83,1078.71,1087.84,1102.30,1114.10,1117.52,1106.84,1089.95,1082.36,1081.98,1085.52,1090.00,1096.71,1108.21,1121.33,1131.11,1139.44,1153.66,1158.67,1161.99,1163.80,1168.80,1177.60,1188.41,1198.93,1209.39,1224.45,1228.49,1218.62,1216.12,1211.92,1196.90,1186.52,1190.49,1203.07,1204.83,1199.25,1190.83,1181.17,1175.95,1170.87,1164.50,1156.36,1150.78,1149.72,1148.34,1147.65,1148.35,1149.68,1151.13,1152.05,1152.94,1154.91,1157.02,1159.52,1165.30
1216.92,1209.79,1204.38,1210.62,1218.63,1227.78,1236.80,1245.45,1262.75,1281.39,1290.47,1290.43,1281.19,1267.66,1257.81,1255.59,1248.65,1257.66,1270.58,1275.97,1269.57,1258.84,1249.61,1245.24,1257.33,1270.61,1275.88,1277.73,1280.98,1281.64,1277.89,1268.12,1253.51,1238.76,1228.85,1222.78,1228.91,1233.41,1231.37,1228.40,1226.24,1225.45,1223.12,1215.42,1204.30,1208.18,1211.60,1211.27,1209.76,1208.41,1201.96,1193.42,1193.13,1192.31,1187.46,1178.15,1164.47,1154.07,1150.16,1137.92,1134.43,1136.09,1125.57,1119.06,1124.29,1122.93,1116.09,1116.08,1110.16,1100.73,1090.49,1076.26,1069.48,1067.78,1067.85,1067.15,1061.25,1055.79,1054.61,1057.21,1064.13,1075.71,1089.75,1109.68,1126.58,1125.97,1111.50,1095.52,1088.22,1097.32,1107.95,1119.66,1130.60,1132.01,1128.88,1132.91,1136.15,1149.47,1142.75,1134.22,1125.09,1109.81,1097.84,1091.10,1087.14,1084.91,1082.29,1079.16,1077.07,1074.62,1071.52,1068.33,1067.93,1068.33,1068.25,1066.41,1075.74,1091.28,1101.89,1112.30,1125.16,1141.60,1156.02,1164.40,1159.54,1157.04,1170.12,1176.48,1174.92,1180.21,1191.77,1190.96,1180.17,1161.29,1160.84,1160.46,1150.63,1140.51,1136.66,1144.44,1160.93,1172.54,1167.36,1155.88,1145.81,1155.63,1174.99,1187.29,1191.54,1187.63,1182.13,1177.19,1170.09,1158.85,1145.07,1130.14,1113.98,1101.27,1092.99,1086.34,1082.72,1078.16,1076.29,1077.93,1081.85,1081.41,1078.39,1070.94,1062.75,1051.81,1038.93,1034.40,1030.41,1026.07,1021.35,1020.89,1023.13,1023.17,1023.70,1025.53,1027.55,1029.39,1033.75,1038.42,1040.03,1040.21,1040.74,1043.84,1050.77,1053.48,1056.06,1058.62,1061.18,1064.55,1066.12,1066.60,1066.82,1067.93,1067.84,1068.24,1070.80,1079.45,1090.50,1100.68,1101.64,1100.30,1091.66,1080.84,1077.10,1079.60,1084.07,1089.28,1100.14,1112.96,1121.90,1129.03,1139.51,1153.41,1160.32,1158.28,1156.70,1166.10,1176.57,1186.40,1195.17,1206.32,1225.14,1225.82,1209.43,1204.88,1208.06,1199.91,1184.28,1193.33,1198.30,1194.72,1187.88,1179.87,1175.94,1172.32,1166.25,1158.23,1150.03,1146.54,1145.77,1146.16,1148.27,1149.71,1150.49,1151.64,1153.70,1155.49,1157.36,1159.96,1168.31,1174.55
1224.25,1213.92,1202.22,1201.94,1207.35,1212.56,1224.67,1242.48,1258.80,1276.42,1283.25,1285.03,1282.73,1272.94,1260.47,1249.00,1241.03,1246.62,1259.81,1268.55,1265.00,1254.24,1241.36,1238.92,1247.39,1256.61,1263.06,1268.80,1275.90,1276.79,1273.52,1265.84,1253.83,1239.46,1229.81,1220.55,1219.87,1221.76,1218.43,1217.64,1214.57,1213.89,1218.34,1215.64,1212.13,1212.05,1213.30,1212.12,1211.38,1209.39,1205.27,1203.33,1202.13,1200.70,1196.56,1186.87,1171.62,1167.14,1158.18,1145.33,1144.07,1147.57,1139.20,1132.27,1138.79,1137.59,1133.48,1133.53,1125.63,1110.81,1097.70,1085.22,1083.76,1083.40,1084.16,1082.28,1074.08,1063.34,1054.63,1050.95,1054.88,1067.50,1080.84,1102.14,1118.10,1125.75,1118.89,1104.29,1090.87,1085.21,1093.72,1107.80,1116.44,1114.96,1116.71,1121.34,1130.49,1144.77,1146.34,1143.81,1135.00,1120.14,1104.25,1095.43,1088.98,1083.09,1079.72,1076.51,1073.36,1071.50,1069.15,1065.95,1063.87,1064.53,1064.46,1063.07,1073.99,1093.27,1105.85,1116.60,1130.22,1147.37,1151.09,1145.60,1143.62,1154.16,1162.25,1159.95,1162.52,1174.76,1184.75,1186.01,1173.76,1157.35,1148.04,1147.53,1141.58,1130.00,1128.61,1146.88,1162.91,1170.43,1163.18,1148.59,1138.68,1150.42,1168.63,1182.13,1189.78,1188.79,1182.35,1173.77,1164.49,1153.89,1142.32,1128.63,1111.81,1097.65,1088.99,1084.45,1079.94,1076.35,1073.34,1071.52,1075.56,1081.02,1081.04,1078.48,1068.47,1056.53,1039.54,1032.67,1029.11,1025.78,1021.79,1020.13,1021.54,1021.78,1022.83,1024.93,1027.38,1030.08,1032.61,1032.86,1034.54,1037.17,1040.17,1043.33,1048.09,1051.49,1054.20,1057.14,1060.61,1062.15,1063.25,1063.21,1063.63,1064.84,1065.47,1066.72,1072.51,1086.38,1092.84,1091.72,1088.22,1084.68,1078.05,1073.48,1074.39,1078.38,1083.23,1089.44,1099.66,1105.32,1113.93,1127.92,1139.83,1152.11,1154.59,1148.75,1146.37,1154.86,1166.92,1176.86,1187.57,1199.68,1219.99,1224.91,1204.96,1193.76,1196.07,1191.59,1178.32,1186.87,1188.21,1184.71,1178.98,1175.33,1172.23,1168.35,1161.69,1151.85,1146.34,1143.68,1147.04,1153.76,1158.71,1159.09,1157.99,1157.67,1158.32,1159.60,1162.99,1170.18,1176.87,1185.46
1236.29,1220.01,1204.36,1197.22,1197.46,1203.67,1217.51,1234.81,1248.76,1260.36,1268.67,1276.41,1281.92,1277.94,1265.28,1252.08,1236.85,1239.05,1253.94,1262.57,1259.28,1247.94,1236.35,1231.20,1236.51,1244.46,1255.46,1265.85,1272.13,1269.60,1263.98,1255.85,1245.66,1234.63,1226.74,1220.13,1215.00,1212.62,1208.22,1208.19,1206.89,1200.34,1200.39,1201.97,1204.69,1209.27,1209.92,1206.99,1208.47,1202.16,1193.14,1199.34,1200.95,1197.80,1196.03,1190.17,1180.59,1169.13,1156.12,1148.65,1153.67,1157.25,1148.69,1146.27,1153.08,1151.49,1148.61,1146.90,1132.70,1113.21,1099.04,1094.21,1101.20,1105.55,1105.79,1100.05,1086.79,1071.94,1061.11,1050.70,1048.14,1055.57,1072.18,1091.60,1110.02,1120.67,1124.24,1116.66,1101.32,1083.76,1082.21,1095.92,1103.90,1104.61,1110.04,1121.55,1131.03,1135.93,1144.85,1149.51,1138.61,1124.43,1114.61,1103.44,1094.85,1086.53,1078.87,1073.82,1069.66,1067.27,1065.18,1062.91,1060.66,1060.84,1060.80,1059.50,1068.53,1088.02,1103.38,1115.82,1130.07,1140.14,1136.33,1126.75,1134.93,1146.81,1147.54,1145.66,1157.69,1166.14,1174.80,1182.25,1171.67,1158.08,1146.13,1136.98,1131.13,1123.68,1124.60,1143.94,1157.42,1163.77,1158.33,1144.75,1133.54,1144.03,1159.13,1172.31,1183.09,1185.78,1177.97,1167.18,1154.03,1142.29,1133.40,1121.73,1108.75,1099.11,1093.28,1090.20,1083.99,1079.88,1075.40,1069.49,1069.66,1078.29,1080.39,1077.09,1067.87,1056.10,1038.52,1029.32,1026.78,1022.98,1020.50,1018.59,1020.09,1020.95,1022.03,1023.43,1025.62,1028.19,1029.65,1032.22,1035.49,1039.49,1042.51,1045.09,1047.86,1050.89,1053.97,1056.92,1059.03,1058.61,1060.27,1060.28,1060.67,1061.80,1062.92,1066.36,1075.33,1086.26,1085.62,1081.65,1074.75,1071.07,1068.74,1069.69,1072.75,1076.61,1080.35,1086.87,1094.24,1103.38,1116.83,1129.00,1133.47,1140.41,1143.59,1138.72,1142.66,1153.48,1161.86,1169.63,1182.88,1197.51,1218.07,1222.04,1205.01,1188.37,1179.95,1177.32,1170.52,1175.26,1177.32,1178.84,1176.87,1173.21,1169.34,1165.58,1157.81,1146.76,1142.13,1147.05,1159.45,1170.59,1176.60,1175.07,1170.57,1168.09,1167.93,1171.38,1174.08,1179.33,1191.55,1200.90
1249.26,1228.91,1210.35,1199.42,1194.54,1195.20,1204.68,1219.01,1234.67,1245.31,1254.17,1266.49,1275.74,1273.67,1265.48,1254.88,1237.04,1230.96,1244.23,1252.77,1249.06,1240.40,1228.55,1224.10,1231.50,1243.08,1256.42,1265.27,1266.75,1262.76,1254.60,1244.63,1238.61,1233.38,1229.03,1223.33,1216.85,1213.26,1206.84,1201.63,1197.67,1192.81,1188.67,1187.54,1187.94,1191.44,1197.61,1193.22,1196.56,1192.21,1180.94,1189.24,1196.18,1186.85,1183.48,1185.64,1180.44,1164.49,1157.99,1158.99,1166.52,1167.62,1155.21,1155.43,1160.86,1159.89,1157.71,1149.12,1129.85,1111.15,1102.34,1108.33,1116.05,1120.39,1115.14,1102.89,1088.22,1074.04,1064.26,1054.59,1046.23,1047.07,1061.45,1079.71,1099.56,1112.17,1120.16,1122.01,1109.45,1090.41,1076.50,1083.22,1092.25,1102.63,1115.02,1123.74,1123.62,1127.81,1142.75,1149.89,1138.07,1133.73,1130.14,1116.59,1105.34,1094.60,1088.77,1083.86,1073.17,1065.29,1061.16,1059.30,1057.86,1057.98,1057.40,1056.71,1066.94,1082.89,1095.66,1108.82,1123.17,1129.47,1121.45,1111.21,1122.03,1129.30,1129.38,1133.30,1147.50,1157.60,1172.08,1178.22,1166.18,1155.13,1143.84,1133.11,1124.60,1117.53,1120.43,1139.86,1152.22,1156.42,1149.18,1133.32,1124.85,1135.81,1149.25,1164.35,1176.64,1182.64,1178.27,1168.49,1153.37,1138.64,1125.47,1112.54,1104.61,1098.26,1094.30,1092.48,1090.35,1085.97,1079.36,1069.64,1068.99,1079.29,1078.93,1069.06,1058.56,1048.04,1036.56,1027.88,1023.64,1020.91,1017.21,1015.76,1019.45,1020.34,1021.22,1022.69,1024.79,1027.06,1029.92,1033.31,1036.65,1039.99,1042.72,1045.28,1047.56,1049.02,1050.44,1052.94,1054.77,1055.70,1057.40,1057.91,1058.29,1059.54,1060.95,1066.34,1074.46,1076.36,1072.94,1068.51,1063.99,1063.77,1065.38,1067.88,1070.71,1073.25,1076.45,1082.82,1094.59,1103.47,1111.99,1118.89,1118.66,1121.67,1126.92,1129.63,1142.34,1156.84,1168.10,1174.82,1184.38,1200.11,1219.89,1220.06,1203.82,1186.38,1172.32,1166.10,1165.91,1168.84,1174.11,1178.80,1178.64,1174.97,1171.20,1166.70,1154.46,1141.91,1141.11,1157.05,1174.43,1186.96,1188.05,1184.76,1183.11,1182.14,1182.76,1183.76,1182.56,1191.67,1201.81,1206.29
1260.78,1239.83,1221.07,1206.29,1196.33,1190.28,1192.01,1203.19,1212.78,1225.90,1244.50,1261.02,1266.32,1261.15,1255.18,1249.26,1235.60,1223.99,1234.66,1244.81,1241.97,1229.08,1218.06,1223.93,1236.63,1249.95,1259.76,1263.26,1259.28,1255.35,1252.09,1242.51,1235.59,1234.36,1232.38,1228.56,1223.60,1221.32,1212.66,1203.68,1203.14,1200.78,1194.13,1189.13,1182.01,1178.50,1181.55,1179.28,1180.63,1178.66,1168.22,1174.23,1187.57,1182.35,1171.57,1179.58,1180.61,1174.33,1172.64,1174.75,1176.32,1174.34,1165.36,1162.92,1164.27,1160.84,1154.07,1139.07,1122.95,1117.79,1115.02,1122.17,1131.37,1130.39,1114.81,1098.22,1086.45,1073.92,1064.05,1055.49,1047.10,1042.32,1050.39,1068.28,1088.16,1103.57,1112.80,1121.02,1113.57,1097.13,1079.10,1074.03,1087.55,1103.12,1116.07,1119.47,1115.06,1127.68,1139.20,1145.74,1144.58,1144.10,1135.85,1128.08,1119.93,1106.84,1104.99,1098.51,1087.83,1075.56,1066.49,1057.42,1055.05,1055.28,1054.75,1054.06,1065.82,1078.30,1087.55,1098.93,1107.38,1111.68,1103.76,1099.55,1106.80,1113.53,1123.57,1136.29,1146.39,1159.71,1172.44,1174.00,1163.81,1152.82,1139.45,1125.60,1117.73,1111.19,1112.19,1132.23,1147.02,1150.46,1142.10,1126.28,1118.34,1131.83,1147.62,1158.51,1170.99,1177.92,1176.08,1170.12,1158.37,1145.37,1131.60,1121.05,1110.38,1102.54,1090.38,1086.20,1085.29,1083.13,1077.79,1066.41,1065.27,1076.73,1078.09,1068.71,1058.12,1045.44,1032.50,1023.85,1019.76,1018.50,1016.00,1014.38,1017.51,1018.79,1020.28,1022.71,1025.09,1027.35,1029.78,1032.85,1036.13,1039.28,1041.81,1043.82,1045.50,1046.44,1047.54,1049.76,1051.64,1053.18,1054.74,1055.49,1055.98,1057.27,1058.64,1062.49,1069.43,1067.32,1062.63,1057.95,1058.85,1061.30,1063.69,1066.18,1067.90,1069.42,1074.08,1084.75,1092.93,1095.60,1098.75,1103.19,1107.59,1113.16,1118.78,1127.39,1138.23,1150.23,1165.97,1179.92,1192.91,1209.13,1221.16,1214.34,1196.39,1179.67,1164.77,1160.56,1163.89,1168.12,1176.15,1180.75,1177.53,1172.02,1165.03,1157.14,1146.57,1139.00,1144.63,1168.63,1186.43,1193.02,1191.86,1191.39,1190.93,1190.80,1191.29,1191.63,1192.79,1196.78,1203.14,1207.87
1268.28,1249.68,1232.96,1213.90,1199.12,1189.65,1185.96,1189.79,1199.13,1214.50,1232.17,1248.24,1251.36,1244.84,1237.34,1236.39,1228.09,1218.26,1230.90,1241.19,1236.99,1220.41,1214.88,1228.25,1245.55,1255.25,1260.16,1257.80,1250.47,1243.64,1246.28,1237.29,1230.76,1228.99,1228.86,1227.01,1226.30,1223.33,1217.74,1214.01,1216.87,1214.31,1209.07,1204.09,1190.70,1178.88,1172.91,1169.37,1166.27,1162.56,1154.57,1159.39,1174.76,1174.93,1163.88,1177.63,1185.18,1185.31,1184.27,1182.03,1180.93,1178.81,1173.91,1170.22,1158.70,1149.88,1139.68,1131.11,1131.65,1131.49,1125.06,1132.63,1141.25,1133.12,1116.26,1109.74,1096.04,1077.76,1063.76,1053.52,1047.03,1040.95,1041.18,1055.82,1075.46,1093.76,1107.25,1119.43,1117.21,1105.23,1085.89,1069.13,1080.16,1096.04,1110.40,1107.91,1109.59,1121.60,1132.47,1141.09,1147.60,1149.13,1138.77,1134.08,1129.61,1123.42,1122.19,1108.48,1098.91,1087.49,1075.70,1061.67,1052.47,1052.41,1052.34,1050.72,1059.82,1071.32,1078.47,1087.37,1092.08,1092.32,1095.14,1102.74,1112.16,1123.28,1138.13,1149.63,1158.60,1167.28,1169.82,1167.10,1165.30,1155.07,1140.36,1122.96,1110.49,1104.35,1103.04,1119.38,1136.56,1144.20,1134.86,1119.16,1113.95,1129.47,1140.41,1149.99,1165.54,1168.11,1165.81,1166.49,1162.71,1151.72,1144.44,1133.31,1124.90,1112.94,1096.83,1083.53,1078.13,1077.27,1073.64,1061.58,1059.50,1070.53,1077.02,1067.60,1056.67,1046.21,1030.92,1021.84,1017.87,1015.94,1013.88,1012.63,1014.77,1017.91,1020.98,1023.11,1025.39,1027.59,1029.64,1032.70,1035.66,1038.12,1040.16,1041.96,1042.87,1043.73,1045.23,1047.50,1049.38,1050.72,1052.22,1053.11,1053.69,1055.11,1057.10,1059.25,1061.80,1058.33,1054.14,1054.72,1057.32,1059.45,1061.63,1063.90,1065.15,1067.43,1071.71,1080.29,1084.67,1088.58,1093.47,1097.61,1103.95,1113.81,1122.56,1130.21,1141.78,1153.60,1164.64,1178.77,1195.04,1212.02,1216.21,1202.68,1184.80,1169.00,1156.27,1153.67,1163.38,1170.47,1180.97,1182.30,1175.50,1161.60,1151.89,1144.17,1138.27,1139.32,1152.93,1180.92,1193.01,1196.24,1195.70,1197.28,1196.86,1197.65,1199.93,1200.82,1202.06,1203.16,1205.20,1208.36
1275.22,1257.39,1243.23,1224.75,1206.70,1192.13,1185.32,1180.97,1190.15,1203.78,1215.56,1228.78,1236.43,1231.13,1222.06,1220.75,1216.12,1213.46,1228.28,1235.47,1228.18,1212.92,1215.26,1233.37,1250.21,1254.68,1253.30,1249.37,1239.52,1230.05,1235.49,1225.84,1219.67,1215.51,1212.31,1218.19,1228.21,1226.11,1225.40,1223.21,1222.90,1219.23,1214.48,1211.36,1202.89,1189.68,1180.36,1173.64,1167.29,1158.26,1149.29,1146.68,1160.26,1162.68,1156.88,1175.36,1184.94,1180.48,1183.08,1180.37,1175.77,1173.16,1172.90,1170.05,1157.96,1145.79,1139.39,1142.22,1146.93,1140.47,1136.45,1140.51,1147.01,1136.41,1127.69,1115.96,1096.98,1078.72,1063.92,1050.85,1044.77,1041.16,1037.28,1045.06,1064.03,1081.21,1098.94,1115.84,1117.40,1108.01,1086.97,1066.75,1075.47,1093.65,1103.57,1096.78,1104.22,1116.58,1128.78,1132.69,1138.22,1142.63,1133.59,1129.01,1129.22,1128.26,1119.10,1103.82,1093.57,1085.72,1074.84,1063.46,1051.18,1049.49,1049.43,1047.56,1053.03,1063.36,1068.95,1073.79,1077.82,1087.32,1103.74,1119.38,1129.01,1137.71,1148.38,1158.28,1163.55,1166.39,1160.15,1153.00,1156.42,1148.68,1137.07,1120.82,1106.36,1098.72,1098.73,1114.78,1128.61,1138.94,1131.20,1115.36,1108.03,1121.62,1133.10,1148.44,1161.47,1156.57,1148.45,1151.21,1155.80,1154.71,1150.86,1143.62,1133.91,1119.42,1101.95,1085.81,1072.13,1069.88,1065.18,1057.30,1057.30,1066.58,1076.02,1070.38,1061.63,1049.38,1033.54,1022.32,1017.95,1015.37,1012.70,1011.58,1014.66,1018.55,1021.40,1023.30,1025.24,1027.13,1029.06,1031.52,1033.74,1036.35,1038.13,1039.50,1040.11,1041.08,1042.71,1044.97,1047.16,1048.65,1049.84,1050.70,1051.87,1054.29,1055.54,1053.99,1051.52,1049.30,1050.78,1053.11,1055.51,1056.71,1059.40,1061.15,1062.65,1066.57,1070.32,1075.36,1078.81,1085.78,1094.45,1099.09,1106.80,1121.12,1133.10,1136.00,1143.10,1158.19,1172.34,1185.37,1200.06,1212.75,1205.81,1189.41,1169.63,1157.27,1144.67,1145.15,1163.18,1175.89,1182.94,1178.38,1161.22,1145.76,1139.14,1137.36,1142.98,1153.70,1173.81,1191.78,1197.67,1199.20,1199.52,1201.59,1202.10,1202.95,1205.64,1207.54,1208.46,1209.16,1209.88,1210.60
1286.98,1270.21,1253.38,1233.89,1215.04,1202.80,1190.17,1179.99,1179.84,1190.91,1204.15,1215.50,1223.89,1220.66,1210.04,1203.42,1202.63,1212.49,1226.07,1225.10,1213.97,1207.01,1219.97,1237.01,1249.71,1248.83,1238.90,1233.53,1226.44,1218.84,1227.81,1220.56,1206.64,1205.80,1203.14,1215.92,1228.25,1229.67,1230.67,1227.99,1222.24,1213.58,1204.87,1202.38,1205.60,1202.23,1196.37,1188.73,1180.90,1170.20,1155.41,1141.16,1147.09,1151.06,1150.52,1166.58,1174.90,1166.54,1176.90,1179.88,1173.81,1164.69,1162.48,1164.92,1162.78,1156.51,1149.96,1154.14,1157.28,1152.98,1149.55,1151.59,1149.88,1144.12,1137.93,1123.25,1100.92,1082.55,1065.49,1050.00,1040.01,1038.38,1035.30,1039.44,1054.89,1070.85,1086.81,1104.52,1111.62,1104.31,1082.91,1064.59,1069.73,1086.47,1091.88,1084.21,1095.96,1112.36,1120.64,1121.85,1130.85,1136.04,1128.39,1116.94,1116.55,1118.94,1111.69,1097.67,1079.87,1073.90,1066.59,1058.36,1050.06,1046.49,1045.58,1044.20,1047.93,1056.86,1067.22,1077.07,1080.02,1089.98,1106.45,1124.41,1134.75,1141.29,1146.30,1150.59,1158.31,1159.05,1149.49,1139.89,1143.91,1140.98,1130.78,1115.44,1102.06,1092.15,1095.27,1111.30,1122.28,1130.20,1125.62,1110.64,1101.63,1114.62,1130.78,1147.97,1156.46,1150.77,1134.21,1134.83,1140.95,1144.15,1143.26,1138.13,1130.39,1119.01,1102.36,1084.51,1068.64,1063.82,1060.19,1056.29,1055.57,1064.67,1075.49,1075.06,1068.80,1054.09,1037.52,1023.85,1017.72,1014.79,1011.91,1010.56,1014.09,1017.92,1020.31,1022.29,1024.12,1025.04,1026.28,1028.73,1031.83,1034.39,1035.68,1037.02,1037.90,1038.88,1040.38,1042.61,1044.81,1046.67,1047.58,1048.27,1051.29,1053.37,1052.55,1049.40,1045.78,1046.66,1049.08,1050.63,1052.65,1053.55,1055.80,1057.86,1059.87,1064.90,1073.76,1081.72,1087.47,1094.15,1100.45,1104.36,1111.39,1120.50,1130.61,1141.27,1144.63,1155.23,1170.60,1186.15,1202.53,1207.88,1194.08,1171.99,1154.87,1143.08,1137.82,1147.23,1165.40,1180.20,1182.56,1169.10,1149.28,1137.82,1136.81,1148.77,1162.23,1176.70,1191.93,1197.61,1200.81,1202.38,1203.08,1204.94,1206.88,1208.06,1209.89,1211.41,1212.05,1212.30,1212.26,1212.12
1296.74,1281.23,1260.91,1241.54,1226.16,1212.04,1195.73,1182.48,1175.95,1179.43,1192.11,1200.69,1209.33,1209.07,1199.55,1196.22,1204.42,1216.78,1220.34,1210.91,1201.11,1208.53,1227.42,1240.47,1246.95,1239.97,1224.65,1219.42,1214.36,1207.92,1219.08,1220.68,1201.89,1192.53,1195.02,1209.12,1216.48,1219.47,1226.37,1223.03,1217.86,1206.88,1195.86,1192.51,1201.82,1202.70,1198.10,1191.91,1187.92,1177.27,1162.00,1144.60,1136.26,1141.46,1146.20,1161.70,1163.74,1156.32,1169.13,1177.42,1173.99,1163.70,1151.90,1149.46,1152.35,1153.03,1148.65,1150.08,1156.03,1159.25,1157.91,1150.74,1138.27,1138.52,1141.08,1128.09,1106.26,1089.35,1067.80,1051.43,1038.37,1033.25,1032.29,1036.03,1045.18,1061.81,1075.59,1091.06,1103.53,1104.13,1087.35,1065.19,1059.82,1069.18,1073.36,1076.33,1092.70,1104.87,1107.18,1114.36,1129.02,1131.15,1121.48,1106.96,1104.07,1105.88,1104.43,1096.63,1079.40,1064.23,1055.16,1049.88,1047.45,1043.97,1042.43,1041.15,1046.28,1060.75,1076.71,1092.33,1093.23,1090.58,1100.10,1112.20,1125.94,1132.28,1135.87,1143.54,1153.88,1149.35,1138.19,1129.15,1134.72,1137.27,1133.38,1120.60,1104.39,1089.73,1090.69,1105.67,1115.61,1120.91,1118.33,1104.67,1099.28,1115.40,1131.63,1146.51,1152.86,1145.05,1126.45,1117.85,1123.56,1127.26,1126.29,1120.08,1114.28,1109.92,1097.48,1078.31,1068.26,1065.66,1063.51,1056.28,1052.72,1063.16,1075.00,1076.02,1070.43,1059.86,1046.28,1029.77,1018.04,1014.62,1011.13,1010.33,1013.77,1016.79,1018.93,1020.77,1021.52,1021.16,1022.81,1026.69,1030.44,1032.13,1033.30,1034.65,1035.80,1037.21,1039.29,1041.72,1043.50,1044.02,1044.25,1045.01,1049.68,1051.47,1050.55,1046.06,1042.09,1044.92,1046.88,1048.21,1049.71,1050.16,1051.97,1054.22,1057.21,1065.96,1079.26,1088.19,1090.75,1092.83,1095.38,1098.54,1104.65,1111.61,1120.09,1133.23,1143.36,1153.10,1171.93,1186.84,1197.83,1196.01,1176.59,1154.61,1140.71,1134.34,1139.09,1150.72,1163.63,1180.75,1180.81,1160.46,1143.18,1134.92,1147.84,1169.29,1186.88,1197.31,1199.02,1200.70,1202.34,1204.45,1206.22,1207.87,1209.99,1211.94,1212.74,1213.72,1214.57,1214.67,1213.89,1213.52
1299.08,1287.57,1267.14,1250.74,1237.19,1217.95,1199.05,1186.83,1177.94,1172.44,1173.06,1180.81,1193.48,1194.40,1187.98,1198.09,1209.34,1214.61,1205.07,1195.47,1198.24,1218.10,1234.02,1242.62,1242.71,1233.45,1220.71,1208.57,1204.10,1198.73,1209.92,1216.44,1201.95,1181.19,1182.76,1195.02,1201.99,1208.73,1217.47,1212.09,1207.71,1201.53,1190.94,1185.33,1197.79,1194.88,1183.13,1177.64,1182.64,1175.95,1162.00,1147.51,1131.64,1132.08,1146.50,1160.00,1154.95,1151.89,1170.61,1175.66,1171.90,1165.38,1159.48,1150.54,1140.59,1138.88,1134.94,1134.12,1139.61,1149.49,1154.44,1147.01,1127.26,1122.68,1133.39,1130.00,1115.84,1095.78,1071.80,1053.80,1038.02,1030.91,1030.04,1031.47,1035.50,1050.05,1064.79,1079.20,1093.34,1102.64,1092.01,1071.24,1057.83,1054.91,1058.43,1071.73,1085.23,1094.06,1104.81,1120.73,1130.51,1127.69,1115.36,1100.01,1089.29,1086.99,1086.81,1085.67,1077.27,1060.66,1049.47,1046.10,1044.36,1041.54,1040.47,1038.55,1045.64,1065.93,1083.77,1100.22,1107.27,1103.29,1101.76,1104.39,1111.91,1119.28,1129.34,1141.27,1148.34,1140.14,1128.34,1122.72,1129.99,1137.84,1139.02,1127.44,1109.63,1090.92,1086.98,1096.72,1105.72,1111.02,1113.07,1101.01,1096.64,1109.04,1124.79,1141.59,1150.78,1144.00,1125.71,1111.05,1108.65,1110.86,1108.79,1106.37,1101.04,1096.89,1085.60,1073.04,1068.58,1067.41,1061.73,1051.23,1049.90,1061.93,1073.53,1075.91,1072.81,1067.81,1053.20,1036.94,1021.57,1014.00,1009.42,1010.89,1013.34,1015.32,1017.23,1018.44,1018.72,1018.52,1020.47,1024.11,1027.52,1029.51,1031.17,1032.55,1033.82,1035.88,1037.93,1040.27,1041.12,1040.82,1040.58,1040.13,1042.87,1046.79,1044.86,1039.69,1040.75,1043.14,1044.67,1046.33,1047.67,1047.71,1047.94,1050.85,1056.94,1068.73,1077.32,1080.56,1082.18,1088.24,1096.22,1106.80,1114.11,1118.06,1122.52,1126.56,1132.92,1146.32,1165.80,1184.30,1191.14,1181.51,1160.00,1144.29,1132.74,1128.32,1134.03,1142.94,1153.36,1173.13,1172.51,1152.63,1137.53,1136.99,1158.85,1183.64,1199.56,1202.27,1201.86,1202.23,1203.82,1205.97,1208.07,1209.86,1211.89,1214.26,1215.78,1216.44,1216.89,1216.28,1214.62,1213.96
1299.76,1292.59,1280.73,1265.07,1248.19,1227.80,1206.78,1194.71,1184.17,1175.85,1169.56,1167.43,1175.45,1176.18,1184.68,1201.38,1210.13,1202.35,1188.82,1192.57,1209.50,1226.91,1237.49,1241.10,1235.78,1225.97,1219.37,1208.27,1196.60,1190.36,1200.27,1208.27,1196.70,1178.13,1169.39,1178.35,1187.42,1200.18,1207.33,1199.38,1193.70,1190.38,1177.96,1177.20,1189.28,1181.24,1166.91,1163.30,1173.66,1174.62,1163.26,1147.46,1128.67,1125.33,1143.62,1150.98,1142.23,1151.77,1167.36,1171.06,1169.87,1171.26,1169.25,1160.69,1152.69,1145.28,1133.97,1126.23,1122.76,1133.42,1144.91,1144.40,1127.41,1112.63,1120.25,1124.75,1119.17,1099.44,1076.64,1057.83,1037.91,1028.20,1027.22,1027.58,1029.17,1035.90,1050.19,1066.74,1083.15,1098.70,1096.00,1082.87,1069.20,1054.29,1049.19,1058.93,1076.19,1097.17,1111.23,1118.96,1124.14,1117.74,1110.88,1098.09,1083.81,1074.97,1072.47,1072.06,1066.33,1051.88,1045.40,1043.25,1040.99,1037.41,1035.89,1036.59,1046.87,1069.42,1084.88,1097.05,1108.81,1115.09,1115.89,1116.82,1120.87,1122.87,1129.54,1137.18,1140.22,1129.16,1120.46,1117.73,1127.36,1136.31,1138.14,1127.48,1109.86,1091.64,1081.71,1086.95,1092.88,1104.42,1108.64,1097.31,1092.84,1104.68,1124.50,1141.07,1152.17,1149.93,1131.87,1115.24,1100.49,1096.23,1094.23,1090.70,1087.17,1084.96,1077.26,1069.02,1065.46,1066.41,1061.64,1049.00,1048.52,1060.37,1070.49,1075.53,1075.30,1070.18,1059.30,1042.92,1026.58,1012.04,1006.86,1009.31,1010.97,1013.39,1014.87,1015.65,1016.07,1017.16,1019.46,1022.33,1025.38,1028.06,1029.49,1030.53,1031.48,1033.55,1035.99,1037.69,1038.35,1037.81,1037.34,1037.05,1037.98,1039.36,1038.89,1036.49,1039.13,1040.80,1042.17,1043.98,1045.64,1045.53,1046.11,1049.20,1057.70,1067.87,1070.12,1074.88,1083.69,1096.24,1107.10,1118.26,1129.10,1135.78,1139.32,1139.78,1141.37,1146.95,1164.80,1180.92,1184.27,1169.82,1150.04,1137.35,1124.79,1120.92,1125.88,1132.56,1142.35,1155.20,1153.91,1140.42,1127.77,1141.69,1164.14,1189.63,1201.18,1203.51,1204.27,1204.28,1205.21,1207.32,1209.55,1211.70,1213.64,1215.88,1218.29,1219.46,1219.24,1216.93,1214.45,1214.05
1299.66,1295.11,1290.17,1278.30,1259.84,1240.39,1219.20,1204.62,1191.95,1181.96,1173.99,1165.42,1161.79,1165.30,1182.82,1198.39,1201.80,1190.38,1183.66,1199.27,1219.61,1228.27,1232.40,1230.14,1221.10,1213.22,1212.94,1210.77,1201.65,1190.39,1189.65,1200.03,1199.33,1181.48,1164.33,1166.49,1179.08,1194.30,1196.49,1184.88,1178.88,1175.19,1164.83,1169.58,1180.20,1172.11,1158.47,1148.76,1158.89,1166.51,1160.70,1148.77,1128.94,1115.92,1124.82,1131.01,1137.77,1154.06,1165.68,1162.16,1160.44,1168.89,1167.23,1165.83,1164.20,1157.91,1149.60,1139.56,1121.47,1121.97,1133.99,1139.52,1126.11,1109.67,1103.76,1112.49,1114.95,1103.91,1083.09,1061.20,1041.96,1028.69,1023.92,1024.54,1025.90,1028.12,1035.46,1050.37,1070.24,1087.61,1094.63,1092.23,1082.50,1063.00,1045.33,1050.44,1072.05,1092.45,1102.99,1108.42,1114.98,1103.34,1099.67,1095.24,1083.67,1070.03,1059.98,1058.72,1053.64,1044.91,1039.32,1039.32,1036.13,1031.30,1031.32,1036.28,1046.92,1064.94,1078.00,1093.80,1108.48,1117.93,1122.11,1124.47,1129.43,1132.81,1134.44,1133.55,1133.40,1121.23,1111.11,1113.28,1125.42,1133.77,1136.70,1130.21,1114.45,1094.17,1079.10,1077.25,1081.90,1096.68,1100.80,1090.69,1090.77,1105.60,1122.72,1137.83,1151.00,1151.30,1131.74,1115.22,1100.92,1087.57,1082.18,1077.44,1075.63,1074.34,1071.55,1065.62,1060.74,1064.38,1063.28,1050.48,1045.70,1058.14,1069.06,1074.54,1072.76,1062.66,1054.53,1046.47,1029.32,1013.88,1006.20,1006.28,1009.78,1011.26,1012.22,1013.00,1014.46,1016.81,1019.20,1021.85,1024.60,1026.37,1026.85,1027.63,1028.81,1031.11,1033.50,1034.44,1035.05,1035.28,1034.27,1034.27,1035.24,1036.19,1034.70,1034.98,1037.28,1038.31,1039.48,1041.41,1043.59,1043.43,1045.56,1049.12,1056.80,1064.00,1070.08,1078.06,1088.63,1097.01,1104.13,1115.50,1131.32,1144.30,1149.59,1151.32,1156.73,1157.28,1164.93,1179.39,1179.63,1161.49,1142.05,1124.86,1113.91,1112.93,1118.83,1124.59,1130.73,1134.83,1131.18,1117.56,1129.07,1146.87,1168.80,1193.13,1201.75,1204.22,1206.20,1206.60,1206.88,1207.96,1210.18,1212.70,1214.98,1217.25,1219.65,1220.98,1221.22,1218.06,1214.82,1213.87
1298.91,1295.65,1292.48,1286.56,1268.00,1250.51,1231.88,1214.55,1200.25,1188.96,1177.99,1167.64,1158.66,1158.91,1172.25,1186.04,1186.68,1178.10,1184.32,1203.32,1219.04,1222.65,1221.09,1215.35,1207.01,1199.91,1204.40,1206.35,1202.33,1193.46,1180.83,1188.42,1195.56,1183.95,1164.04,1156.94,1170.09,1183.14,1181.79,1166.22,1160.14,1156.89,1151.29,1163.81,1173.74,1163.71,1147.68,1139.20,1146.58,1154.84,1148.65,1142.54,1125.94,1111.00,1107.25,1121.91,1146.89,1160.58,1164.38,1154.63,1148.84,1156.24,1151.10,1153.24,1161.70,1162.82,1158.17,1148.61,1129.43,1112.92,1119.19,1131.03,1119.89,1104.67,1091.49,1096.82,1103.84,1100.49,1084.08,1063.61,1047.85,1031.93,1022.75,1021.66,1021.98,1022.47,1028.44,1037.97,1055.26,1072.91,1082.22,1086.41,1084.37,1066.23,1044.37,1045.75,1064.30,1080.59,1088.16,1100.97,1105.76,1090.90,1084.00,1088.47,1082.13,1067.76,1054.67,1049.08,1043.87,1038.78,1035.46,1034.89,1032.56,1028.46,1028.59,1033.91,1046.01,1058.10,1074.86,1090.17,1103.24,1110.74,1115.07,1117.84,1125.32,1132.73,1133.67,1129.29,1124.67,1114.92,1108.25,1110.01,1120.57,1132.47,1138.93,1135.31,1120.06,1098.95,1079.43,1070.79,1074.42,1085.69,1088.33,1083.13,1089.86,1103.40,1117.45,1134.26,1149.72,1148.13,1129.12,1113.50,1101.11,1090.24,1079.25,1071.19,1064.79,1063.41,1064.39,1061.26,1057.83,1064.28,1063.58,1050.58,1042.24,1056.09,1068.76,1071.52,1066.01,1059.80,1044.48,1038.63,1028.23,1019.63,1009.55,1004.13,1006.79,1008.30,1009.88,1011.60,1014.11,1016.67,1019.20,1021.73,1023.42,1023.84,1024.03,1024.64,1026.95,1029.53,1030.52,1031.27,1032.01,1032.45,1031.74,1031.51,1032.42,1033.17,1031.33,1033.82,1034.90,1035.20,1036.65,1039.41,1041.23,1041.81,1044.64,1047.91,1054.72,1065.49,1073.00,1080.89,1086.82,1091.34,1098.17,1108.70,1127.05,1143.51,1151.16,1152.35,1151.38,1154.25,1166.26,1177.13,1173.56,1155.15,1133.91,1114.70,1106.10,1106.45,1109.60,1115.17,1119.45,1120.18,1113.51,1117.69,1140.88,1154.16,1175.12,1196.64,1203.19,1205.59,1207.37,1208.67,1209.20,1209.87,1211.60,1213.50,1214.72,1216.32,1219.16,1221.12,1221.45,1217.60,1214.48,1213.53
1296.99,1296.17,1293.68,1290.60,1276.88,1258.50,1243.22,1224.31,1207.99,1195.94,1182.92,1169.98,1159.25,1155.47,1160.63,1169.45,1169.09,1174.94,1190.11,1206.58,1213.19,1210.69,1206.22,1200.18,1193.05,1190.42,1192.86,1191.00,1187.88,1181.59,1172.89,1179.13,1190.03,1183.30,1166.52,1151.42,1155.38,1167.61,1166.17,1152.24,1146.90,1144.73,1141.75,1157.56,1168.71,1161.89,1145.62,1132.32,1137.55,1145.33,1131.97,1121.69,1114.21,1105.49,1101.49,1125.57,1150.02,1162.18,1159.23,1143.03,1136.27,1140.58,1134.04,1135.65,1149.54,1157.55,1155.70,1148.09,1131.62,1110.94,1111.06,1120.28,1115.48,1100.65,1086.10,1080.95,1085.14,1089.75,1083.32,1067.00,1051.63,1034.41,1022.68,1018.38,1018.04,1018.23,1020.75,1029.99,1042.33,1057.97,1067.09,1071.74,1073.04,1065.20,1044.03,1039.68,1052.92,1065.97,1076.60,1094.98,1098.38,1085.11,1072.93,1078.87,1078.90,1063.64,1049.24,1041.87,1036.66,1034.03,1031.56,1030.64,1029.39,1025.89,1027.08,1039.62,1059.10,1063.68,1069.97,1080.57,1089.99,1097.87,1107.32,1117.58,1128.72,1133.90,1132.55,1126.50,1119.32,1109.63,1106.37,1111.55,1123.74,1135.99,1140.84,1134.14,1119.88,1103.39,1083.97,1066.94,1067.39,1074.40,1074.24,1078.97,1093.14,1106.33,1119.95,1134.53,1148.26,1149.08,1131.42,1116.70,1108.41,1098.55,1080.23,1064.74,1057.65,1054.98,1055.16,1052.38,1057.61,1064.39,1062.49,1047.99,1039.07,1053.26,1067.29,1070.93,1063.45,1053.00,1040.66,1034.40,1035.73,1032.37,1017.34,1003.78,1003.30,1005.48,1008.22,1011.19,1013.82,1016.41,1018.80,1020.43,1021.07,1021.30,1021.43,1022.17,1024.74,1027.29,1028.06,1028.40,1028.72,1029.50,1029.70,1028.58,1029.20,1029.84,1028.60,1030.06,1031.33,1032.20,1033.67,1035.86,1038.25,1041.22,1044.72,1048.51,1056.85,1068.42,1075.63,1079.16,1081.32,1092.52,1102.54,1112.15,1127.55,1142.08,1146.36,1145.30,1138.23,1144.93,1160.62,1170.74,1164.48,1147.88,1123.47,1106.07,1107.55,1112.06,1112.31,1109.43,1109.18,1109.31,1114.28,1136.07,1152.00,1163.95,1183.84,1200.14,1204.36,1206.45,1208.18,1209.86,1211.01,1211.80,1211.49,1212.51,1214.07,1215.24,1217.67,1220.34,1219.81,1215.28,1213.88,1213.03
1293.99,1294.50,1294.01,1291.77,1286.88,1268.93,1252.72,1234.34,1216.22,1201.97,1187.65,1173.31,1162.44,1156.00,1152.92,1156.56,1166.81,1182.93,1196.00,1207.15,1203.00,1198.86,1194.23,1189.58,1185.08,1180.26,1177.21,1174.04,1172.51,1169.68,1165.99,1172.38,1181.08,1181.72,1170.42,1152.69,1144.18,1153.01,1154.58,1145.73,1138.28,1134.02,1134.50,1148.47,1160.12,1155.98,1142.41,1127.10,1127.74,1128.45,1120.61,1105.04,1097.78,1095.08,1100.79,1127.25,1147.87,1152.88,1146.33,1128.87,1120.55,1123.68,1120.05,1123.69,1138.65,1145.57,1142.54,1140.90,1131.34,1115.98,1106.23,1106.36,1107.83,1100.08,1085.41,1074.98,1070.85,1075.25,1075.98,1069.03,1054.80,1038.43,1023.56,1016.42,1014.56,1015.48,1016.92,1020.92,1031.31,1042.33,1050.34,1053.31,1055.04,1059.46,1045.76,1034.72,1039.47,1051.88,1069.48,1088.43,1090.12,1076.50,1065.26,1072.31,1072.93,1055.70,1042.13,1035.05,1030.64,1029.21,1027.51,1026.41,1025.62,1023.11,1029.10,1044.05,1062.24,1076.22,1080.74,1084.99,1089.64,1101.45,1112.07,1121.66,1132.21,1135.78,1133.58,1127.34,1121.22,1110.13,1101.92,1111.65,1124.75,1134.79,1138.78,1126.58,1112.95,1102.63,1088.48,1068.66,1060.65,1064.46,1067.69,1078.14,1089.97,1100.90,1112.55,1125.70,1140.92,1149.56,1138.62,1125.64,1113.51,1098.43,1074.17,1059.19,1054.07,1049.47,1046.60,1047.28,1056.09,1062.30,1060.51,1046.18,1035.83,1047.50,1062.38,1070.64,1065.98,1055.36,1046.62,1041.02,1048.17,1041.44,1022.90,1005.81,1001.09,1004.20,1007.76,1010.92,1013.22,1015.20,1017.01,1017.94,1018.53,1018.70,1018.69,1020.00,1022.63,1025.23,1024.45,1024.18,1024.84,1025.99,1027.46,1026.36,1025.43,1025.22,1024.95,1026.45,1027.72,1029.60,1032.20,1034.87,1037.17,1039.03,1042.01,1047.98,1059.06,1070.62,1083.09,1087.94,1086.38,1094.78,1103.83,1116.69,1129.27,1139.61,1137.41,1133.05,1125.78,1138.17,1153.26,1159.28,1149.92,1130.60,1109.00,1111.78,1122.25,1130.18,1135.91,1137.04,1135.05,1137.14,1147.87,1157.38,1165.39,1177.59,1195.55,1202.44,1205.13,1206.82,1208.42,1209.95,1211.16,1210.92,1209.89,1211.25,1213.09,1215.00,1217.50,1220.11,1218.03,1214.13,1213.14,1212.35
1291.20,1291.90,1292.61,1291.95,1290.21,1277.98,1260.80,1241.34,1221.33,1205.09,1190.37,1178.60,1168.37,1158.75,1150.34,1152.13,1162.75,1179.07,1188.85,1192.92,1195.19,1197.22,1197.40,1198.80,1195.53,1188.37,1183.15,1172.76,1166.58,1163.30,1160.39,1164.24,1171.51,1175.17,1169.87,1154.75,1140.08,1140.23,1145.12,1142.26,1133.21,1122.76,1126.46,1139.31,1150.08,1147.32,1134.01,1119.69,1113.97,1109.68,1109.75,1101.99,1088.88,1090.58,1108.54,1129.81,1142.63,1140.42,1132.44,1117.27,1101.73,1107.49,1107.51,1118.59,1129.25,1128.63,1124.05,1128.16,1131.64,1123.06,1110.25,1100.78,1095.87,1089.53,1080.82,1072.76,1062.08,1058.51,1058.40,1057.53,1050.82,1040.38,1025.02,1016.73,1012.21,1012.16,1012.87,1014.68,1019.16,1025.37,1031.21,1035.28,1038.48,1046.74,1048.03,1033.12,1031.91,1045.91,1063.93,1081.09,1081.05,1066.67,1056.11,1065.35,1065.39,1046.55,1033.63,1028.39,1026.69,1025.12,1023.13,1022.25,1021.81,1020.95,1036.67,1054.47,1062.86,1078.03,1090.72,1099.18,1098.37,1104.33,1117.60,1126.25,1132.43,1132.07,1128.10,1123.97,1119.53,1106.34,1098.87,1109.72,1121.99,1130.85,1135.60,1125.57,1112.45,1101.01,1088.59,1072.07,1058.72,1058.30,1064.85,1074.71,1082.76,1093.26,1107.43,1125.05,1139.59,1147.98,1141.29,1125.84,1109.30,1091.30,1067.67,1054.26,1049.21,1046.01,1042.18,1041.94,1048.70,1056.67,1057.86,1047.39,1033.61,1039.76,1054.57,1064.83,1065.79,1063.48,1059.76,1051.00,1053.98,1045.47,1025.04,1009.50,1000.40,1003.22,1006.47,1009.22,1010.97,1012.94,1014.72,1015.38,1015.94,1016.20,1017.10,1019.24,1021.41,1022.91,1022.07,1020.29,1021.08,1022.54,1024.88,1024.93,1022.74,1021.64,1022.23,1024.05,1026.54,1028.92,1030.70,1032.05,1033.41,1036.46,1040.76,1047.52,1059.79,1073.07,1086.55,1094.37,1091.48,1098.13,1106.85,1120.55,1128.08,1130.13,1126.12,1118.43,1117.69,1133.46,1145.26,1144.06,1126.83,1107.74,1104.56,1118.54,1132.54,1148.92,1163.14,1171.05,1170.93,1171.95,1177.11,1180.11,1183.87,1194.21,1202.52,1204.59,1205.84,1207.30,1208.63,1209.87,1210.68,1210.15,1209.44,1210.96,1213.00,1215.27,1217.85,1220.09,1217.18,1213.84,1212.53,1211.54
1287.57,1288.73,1290.31,1290.39,1288.40,1280.18,1264.47,1244.57,1224.47,1205.36,1192.13,1183.98,1176.60,1163.67,1150.29,1147.56,1152.38,1165.35,1171.89,1177.81,1189.24,1195.63,1200.14,1201.84,1202.92,1202.15,1200.14,1191.86,1175.31,1165.36,1160.08,1155.98,1157.01,1161.76,1160.51,1151.43,1140.43,1128.77,1128.71,1130.13,1125.98,1117.25,1117.39,1128.38,1140.91,1144.14,1133.07,1115.09,1102.19,1096.91,1094.99,1092.11,1081.80,1093.09,1111.19,1124.28,1132.36,1126.21,1112.14,1105.30,1090.01,1087.40,1094.84,1112.52,1120.36,1114.41,1110.37,1121.45,1128.32,1121.45,1113.36,1107.98,1100.98,1096.00,1095.77,1087.61,1072.39,1059.43,1049.45,1045.65,1040.54,1032.60,1024.86,1018.26,1011.85,1008.92,1007.60,1007.88,1010.38,1011.97,1014.66,1017.26,1023.61,1036.00,1045.09,1034.18,1026.79,1038.32,1053.92,1073.19,1073.46,1059.05,1047.42,1056.92,1057.78,1041.00,1026.74,1022.12,1022.45,1021.41,1019.50,1018.52,1018.00,1022.09,1042.28,1062.80,1077.29,1082.37,1089.91,1101.36,1105.62,1108.43,1116.11,1122.97,1124.42,1119.31,1114.48,1112.38,1109.77,1101.33,1096.43,1105.76,1116.98,1126.51,1133.96,1125.74,1114.02,1107.38,1090.82,1070.64,1060.17,1052.52,1056.39,1065.46,1077.11,1091.97,1106.09,1119.36,1131.53,1138.77,1134.71,1119.91,1101.42,1082.38,1064.22,1052.57,1045.93,1041.71,1038.62,1038.05,1045.17,1051.69,1056.11,1050.78,1034.50,1031.04,1045.23,1057.68,1062.19,1063.79,1064.89,1061.56,1057.38,1047.39,1026.09,1011.24,1000.98,1001.73,1004.44,1006.82,1008.76,1011.00,1012.13,1012.89,1013.42,1014.16,1015.89,1017.70,1019.01,1019.61,1020.22,1018.55,1018.41,1020.23,1022.48,1023.25,1021.49,1019.62,1021.02,1023.69,1025.43,1026.65,1027.58,1028.64,1030.03,1038.51,1045.85,1051.66,1060.57,1072.37,1086.72,1099.14,1099.73,1104.55,1114.28,1119.81,1118.81,1116.43,1112.04,1107.40,1112.83,1126.54,1135.42,1122.69,1103.33,1100.67,1110.96,1120.54,1137.28,1157.83,1174.22,1185.99,1193.91,1196.64,1198.29,1199.12,1199.33,1202.86,1205.22,1206.03,1206.86,1207.85,1208.85,1209.66,1210.05,1209.42,1208.82,1209.85,1211.85,1214.92,1217.21,1219.20,1216.53,1213.59,1212.08,1210.76
1283.17,1282.29,1284.09,1284.92,1283.75,1276.79,1261.27,1242.38,1227.15,1211.89,1198.23,1187.98,1181.40,1168.89,1151.51,1145.33,1146.20,1150.36,1156.17,1169.60,1182.46,1189.02,1194.63,1199.42,1202.85,1206.09,1206.39,1199.62,1185.14,1173.78,1169.10,1162.47,1152.15,1147.61,1146.77,1143.35,1136.35,1130.06,1120.34,1114.49,1111.95,1109.13,1108.21,1115.95,1128.88,1138.76,1134.94,1118.57,1100.31,1090.45,1083.12,1078.84,1074.20,1090.04,1104.02,1108.79,1117.43,1119.04,1103.26,1087.14,1079.08,1073.91,1086.20,1101.51,1109.10,1100.38,1100.35,1116.57,1119.37,1111.80,1107.46,1115.33,1116.26,1112.10,1110.00,1101.97,1086.81,1066.79,1057.14,1049.85,1042.65,1036.71,1030.53,1022.83,1015.60,1011.97,1008.31,1003.89,1002.97,1005.51,1007.25,1008.54,1013.53,1028.23,1041.46,1035.00,1022.90,1026.57,1045.54,1067.84,1069.16,1052.63,1039.64,1047.67,1047.18,1032.48,1020.32,1017.77,1018.56,1018.22,1016.32,1015.13,1016.18,1028.36,1045.72,1065.29,1084.78,1094.91,1097.34,1108.13,1111.88,1115.80,1120.84,1118.19,1112.27,1108.32,1107.02,1104.81,1099.00,1094.22,1094.81,1105.99,1116.72,1127.27,1134.16,1131.38,1122.02,1109.43,1089.02,1071.47,1062.18,1052.01,1049.38,1057.67,1071.82,1082.96,1093.69,1103.88,1115.83,1125.76,1122.66,1111.67,1096.20,1077.22,1063.22,1052.48,1044.64,1038.49,1034.60,1035.95,1047.51,1049.93,1055.32,1053.26,1038.46,1025.98,1034.50,1048.33,1055.23,1059.97,1063.71,1062.09,1055.60,1044.10,1025.68,1009.66,999.59,1000.09,1003.04,1005.43,1007.74,1009.14,1009.69,1010.66,1011.44,1012.35,1013.88,1015.26,1016.12,1017.01,1017.92,1017.25,1016.85,1018.28,1019.38,1020.14,1019.82,1018.83,1020.72,1021.81,1022.76,1023.85,1024.64,1025.85,1029.03,1038.70,1052.01,1060.89,1065.00,1080.13,1091.96,1099.47,1102.95,1106.87,1110.55,1108.82,1105.41,1103.24,1097.68,1100.01,1111.33,1126.62,1126.57,1104.98,1098.75,1113.84,1122.19,1127.84,1144.62,1163.68,1180.00,1191.15,1199.07,1202.43,1202.92,1202.53,1201.66,1203.34,1204.95,1205.98,1207.07,1208.31,1208.78,1209.35,1208.93,1208.33,1207.84,1209.04,1211.13,1212.43,1213.78,1216.32,1214.72,1212.79,1211.57,1209.99
1281.38,1277.45,1276.78,1277.48,1277.42,1271.08,1256.34,1236.84,1221.76,1208.46,1198.50,1188.85,1183.07,1175.63,1159.26,1147.31,1141.95,1139.44,1143.65,1159.17,1171.67,1179.22,1186.06,1192.77,1196.26,1199.72,1202.73,1201.74,1193.24,1185.82,1180.85,1174.61,1164.01,1151.66,1144.45,1140.51,1134.42,1125.95,1118.67,1112.07,1103.38,1099.20,1098.80,1104.27,1114.60,1119.95,1130.27,1124.43,1107.72,1091.33,1076.65,1068.48,1069.20,1083.50,1091.11,1094.22,1106.16,1108.78,1099.41,1079.66,1064.85,1064.02,1078.48,1089.44,1090.10,1083.47,1089.96,1106.24,1105.73,1097.17,1095.92,1113.68,1125.87,1127.63,1117.74,1105.33,1092.12,1076.52,1071.81,1060.28,1050.20,1047.21,1043.29,1033.17,1021.81,1014.95,1008.99,1003.18,999.56,1001.22,1003.09,1003.32,1007.10,1019.99,1035.86,1033.37,1020.27,1022.26,1043.03,1062.37,1060.72,1043.56,1033.98,1039.76,1035.37,1023.01,1015.41,1014.04,1014.40,1014.74,1012.42,1012.70,1021.22,1040.22,1057.49,1073.28,1089.19,1098.89,1102.74,1103.83,1110.57,1117.13,1121.96,1119.50,1117.69,1117.43,1117.04,1112.97,1101.06,1090.73,1090.89,1099.53,1112.00,1124.04,1132.68,1132.30,1121.53,1103.30,1088.46,1078.65,1063.56,1052.76,1046.08,1050.04,1062.05,1072.63,1082.34,1092.18,1103.72,1111.64,1107.11,1098.55,1087.39,1071.94,1060.56,1051.65,1044.38,1038.21,1032.34,1031.31,1044.05,1048.06,1054.09,1053.06,1040.01,1023.64,1024.52,1037.82,1049.36,1056.91,1060.53,1059.29,1053.39,1040.57,1023.58,1007.90,998.66,998.65,1002.32,1004.70,1006.93,1007.50,1008.15,1009.06,1009.81,1010.61,1011.79,1012.74,1013.59,1014.51,1015.27,1015.10,1015.02,1016.29,1017.60,1018.26,1016.93,1017.70,1018.70,1019.35,1020.16,1021.01,1021.84,1024.47,1029.55,1040.77,1055.97,1067.41,1071.43,1082.87,1090.34,1093.42,1095.97,1098.86,1098.42,1095.08,1090.45,1090.15,1094.48,1105.94,1121.94,1131.04,1117.86,1095.74,1103.47,1121.71,1133.36,1146.10,1158.94,1171.86,1183.12,1191.22,1198.91,1203.88,1205.08,1204.19,1202.75,1202.89,1204.40,1206.03,1207.74,1208.81,1208.83,1208.67,1207.74,1207.03,1206.78,1208.36,1210.06,1208.88,1208.98,1210.95,1209.88,1209.91,1210.01,1207.52
1275.36,1274.72,1271.32,1270.85,1270.66,1264.81,1253.18,1235.99,1220.26,1205.78,1195.96,1188.52,1184.80,1180.99,1169.99,1155.08,1146.25,1139.08,1137.03,1147.27,1160.68,1166.62,1173.34,1180.09,1182.72,1186.53,1193.79,1197.06,1193.86,1187.29,1181.47,1178.51,1171.58,1162.18,1150.95,1149.11,1145.77,1137.16,1128.80,1121.59,1110.93,1101.20,1093.38,1093.32,1099.17,1104.46,1118.86,1117.10,1109.80,1094.04,1075.84,1063.43,1065.03,1076.27,1077.35,1083.55,1094.38,1093.14,1086.22,1077.41,1058.80,1054.72,1069.97,1077.47,1073.09,1067.66,1074.45,1086.85,1086.48,1078.00,1083.67,1101.91,1118.44,1122.37,1116.69,1106.52,1097.99,1093.66,1084.05,1070.96,1066.42,1062.82,1055.63,1041.94,1026.38,1016.47,1009.01,1003.35,998.00,996.75,998.34,998.03,1000.58,1010.14,1026.89,1027.85,1018.11,1020.60,1040.74,1056.65,1052.61,1035.49,1028.05,1032.43,1024.16,1014.70,1010.38,1010.44,1010.36,1011.20,1009.42,1015.20,1029.93,1049.95,1065.63,1077.55,1085.28,1094.44,1094.17,1090.52,1099.58,1104.79,1117.14,1118.81,1117.09,1118.78,1117.38,1115.73,1106.33,1092.16,1087.14,1095.59,1110.43,1123.24,1131.21,1130.41,1118.36,1105.42,1098.87,1082.26,1063.55,1050.17,1044.03,1042.86,1050.67,1062.73,1072.33,1083.25,1094.74,1100.54,1094.38,1084.01,1077.19,1066.16,1054.09,1045.97,1041.25,1035.85,1029.53,1026.50,1031.24,1041.49,1050.70,1050.73,1039.51,1023.17,1017.82,1031.11,1047.15,1054.78,1056.72,1055.25,1052.30,1040.18,1023.31,1007.49,998.22,996.75,1001.57,1003.95,1005.78,1005.86,1006.74,1007.49,1008.17,1008.87,1009.56,1010.22,1011.00,1012.01,1012.57,1012.61,1013.30,1014.61,1015.87,1015.99,1014.94,1016.43,1016.87,1017.16,1017.86,1018.16,1019.69,1023.04,1028.76,1040.01,1052.30,1063.41,1073.84,1077.68,1080.21,1081.72,1086.76,1088.76,1084.62,1080.95,1083.45,1093.19,1103.45,1116.80,1131.34,1128.16,1107.27,1090.55,1106.71,1122.48,1138.88,1153.51,1163.22,1173.69,1183.25,1191.18,1199.04,1204.81,1205.77,1204.54,1203.39,1203.25,1204.41,1206.70,1208.59,1209.25,1208.82,1207.73,1206.65,1205.75,1205.71,1207.35,1208.35,1206.85,1206.54,1207.31,1206.32,1207.20,1206.40,1203.64
1263.42,1268.62,1268.47,1263.88,1259.33,1251.29,1241.64,1232.13,1223.78,1210.94,1201.56,1192.79,1187.79,1183.82,1176.39,1161.76,1151.04,1141.43,1136.29,1136.28,1145.70,1149.50,1155.19,1162.12,1162.83,1164.48,1174.00,1181.79,1181.14,1174.65,1169.00,1173.88,1173.13,1169.76,1164.12,1161.99,1159.37,1152.13,1145.29,1140.23,1127.50,1113.85,1100.35,1088.10,1085.75,1094.31,1105.35,1105.07,1097.38,1087.00,1070.39,1058.91,1056.27,1063.38,1061.37,1068.44,1071.89,1065.34,1062.77,1067.15,1054.08,1047.20,1060.45,1065.18,1063.03,1054.43,1061.13,1068.09,1066.11,1062.06,1073.97,1097.26,1109.53,1107.89,1111.72,1113.66,1110.95,1103.20,1090.16,1082.90,1083.98,1078.51,1065.08,1049.34,1034.71,1023.20,1012.76,1004.52,998.32,994.63,992.37,993.33,996.88,1004.52,1020.69,1021.72,1015.34,1019.11,1034.78,1050.61,1047.31,1028.95,1022.99,1025.36,1016.07,1009.51,1006.66,1006.32,1006.04,1006.21,1008.88,1017.92,1032.11,1047.75,1060.55,1071.48,1082.87,1088.71,1082.58,1079.75,1089.27,1097.83,1105.84,1103.32,1106.41,1110.09,1112.75,1116.69,1111.36,1097.71,1086.00,1093.83,1107.96,1119.32,1127.64,1130.36,1126.34,1115.14,1098.62,1078.72,1062.28,1050.59,1043.35,1038.69,1040.43,1051.51,1062.26,1072.95,1085.07,1094.07,1090.49,1075.68,1065.39,1054.32,1044.57,1038.50,1035.28,1031.02,1026.73,1023.08,1025.01,1034.63,1042.72,1046.28,1038.16,1022.19,1014.76,1022.99,1038.47,1050.36,1050.01,1049.50,1050.74,1036.27,1020.74,1006.15,997.73,994.78,1000.43,1003.24,1004.23,1004.34,1005.21,1005.85,1006.46,1007.03,1007.51,1007.95,1007.88,1008.27,1009.54,1010.75,1011.82,1013.36,1014.41,1013.76,1013.76,1015.11,1015.12,1015.10,1016.01,1018.03,1019.88,1023.19,1028.12,1035.32,1044.85,1058.10,1063.27,1063.84,1065.52,1070.65,1074.91,1072.42,1070.80,1077.24,1091.09,1106.13,1117.20,1126.03,1132.70,1122.85,1098.54,1088.82,1105.66,1121.35,1136.36,1149.28,1156.47,1168.05,1181.73,1192.36,1200.82,1205.78,1206.22,1204.64,1203.97,1203.98,1204.59,1207.32,1209.56,1209.58,1208.71,1207.34,1205.96,1204.67,1204.53,1205.75,1206.38,1204.78,1204.33,1204.66,1203.45,1204.23,1202.30,1200.08
1253.21,1259.82,1263.37,1261.50,1254.25,1241.38,1224.40,1217.84,1217.15,1213.90,1209.97,1201.30,1192.26,1185.94,1180.39,1168.90,1155.89,1145.59,1138.08,1132.32,1130.91,1134.59,1138.40,1143.41,1145.82,1146.24,1149.17,1157.14,1160.88,1157.89,1154.86,1160.82,1160.85,1159.30,1155.35,1154.61,1161.43,1158.26,1148.49,1137.84,1130.84,1119.76,1104.47,1088.82,1078.88,1080.93,1083.93,1082.84,1076.95,1069.47,1056.61,1049.93,1045.37,1046.58,1045.05,1049.14,1047.71,1043.17,1044.60,1048.24,1041.49,1037.34,1045.88,1050.71,1052.70,1045.22,1052.53,1054.63,1049.71,1052.02,1067.36,1087.20,1095.86,1091.52,1101.13,1107.89,1109.15,1109.08,1101.90,1097.05,1093.32,1085.32,1071.59,1058.85,1044.20,1030.41,1017.15,1005.50,998.19,994.45,990.64,990.78,995.34,1002.82,1016.10,1016.08,1012.46,1019.49,1034.32,1049.07,1043.97,1023.35,1019.16,1016.85,1008.23,1004.39,1003.05,1002.19,1001.91,1004.93,1010.45,1022.02,1035.64,1051.48,1063.01,1076.04,1083.20,1079.64,1072.33,1072.49,1084.20,1091.66,1094.14,1091.83,1096.73,1099.89,1111.54,1119.24,1116.04,1104.08,1087.58,1085.50,1100.85,1111.98,1122.30,1124.77,1126.43,1116.69,1098.34,1080.63,1067.75,1054.36,1042.65,1036.91,1035.81,1041.42,1051.62,1062.99,1075.71,1087.92,1091.01,1078.22,1063.10,1051.91,1041.39,1034.17,1030.12,1027.00,1023.99,1020.45,1019.30,1024.44,1032.98,1040.75,1037.87,1021.72,1011.99,1014.28,1028.16,1038.84,1040.69,1047.67,1049.01,1033.94,1019.03,1006.68,998.31,993.94,998.14,1002.38,1002.39,1002.92,1003.38,1004.03,1004.61,1004.95,1005.34,1005.80,1005.94,1005.67,1006.90,1008.61,1010.37,1012.04,1012.54,1011.73,1012.76,1013.35,1013.31,1013.58,1016.00,1018.46,1020.63,1023.92,1028.22,1034.70,1044.49,1051.56,1050.63,1052.83,1056.01,1059.83,1063.58,1066.91,1075.58,1086.61,1095.19,1109.17,1126.43,1133.82,1135.06,1120.73,1095.81,1087.74,1099.39,1114.51,1126.12,1139.70,1148.04,1159.80,1178.18,1191.62,1201.78,1206.31,1207.25,1205.58,1205.01,1205.23,1206.24,1209.22,1210.61,1209.79,1208.57,1207.09,1205.47,1203.70,1203.10,1204.09,1204.43,1202.61,1202.20,1201.98,1200.57,1201.08,1199.09,1199.02
1239.69,1248.60,1255.18,1256.90,1250.56,1235.46,1213.63,1201.32,1201.14,1203.88,1205.95,1204.98,1198.11,1188.37,1183.40,1176.33,1164.41,1150.16,1139.88,1133.70,1128.91,1127.18,1127.27,1126.82,1127.00,1127.19,1128.03,1134.08,1139.91,1139.96,1139.73,1141.27,1140.30,1142.93,1140.08,1149.34,1158.75,1153.49,1138.47,1123.21,1116.73,1111.24,1100.97,1086.41,1073.12,1068.73,1067.48,1063.50,1059.48,1054.68,1048.16,1043.47,1039.74,1037.35,1036.75,1035.29,1032.30,1030.27,1028.62,1027.65,1026.88,1025.19,1030.16,1031.56,1036.84,1033.78,1040.97,1040.29,1034.19,1042.43,1057.88,1070.43,1073.74,1073.69,1087.87,1094.10,1101.70,1110.17,1101.85,1096.53,1092.28,1086.35,1074.58,1059.54,1045.28,1030.76,1017.46,1006.45,998.67,994.63,990.11,989.40,994.98,1002.54,1010.68,1008.89,1009.98,1022.18,1036.46,1045.87,1037.83,1016.98,1012.73,1007.64,1000.52,999.32,999.52,998.60,1000.13,1005.38,1013.52,1030.90,1046.84,1055.60,1062.91,1072.11,1075.62,1069.83,1062.17,1064.59,1073.50,1078.04,1079.69,1081.75,1089.33,1100.91,1112.23,1120.16,1118.48,1108.53,1090.41,1078.83,1089.15,1099.84,1110.94,1119.54,1121.82,1107.54,1095.07,1081.44,1069.66,1055.40,1042.00,1035.85,1032.68,1035.34,1040.68,1053.36,1066.64,1079.65,1087.01,1083.53,1073.07,1057.97,1044.95,1033.97,1026.38,1022.20,1020.43,1018.11,1017.33,1022.83,1032.05,1036.18,1037.30,1023.45,1010.75,1008.76,1021.12,1030.04,1037.43,1047.00,1047.48,1035.80,1024.29,1010.66,999.10,993.51,994.84,1000.74,1000.61,1001.32,1001.47,1002.21,1002.83,1003.34,1003.55,1003.78,1004.03,1004.57,1006.05,1007.69,1009.05,1009.56,1009.89,1009.88,1011.08,1011.35,1011.48,1012.69,1016.02,1018.88,1021.53,1024.74,1028.44,1034.47,1042.14,1044.81,1045.24,1048.28,1053.63,1058.45,1063.47,1070.98,1083.75,1097.37,1104.71,1113.84,1127.73,1138.99,1140.47,1126.35,1103.74,1087.69,1090.59,1102.78,1113.87,1126.86,1139.51,1153.57,1175.22,1191.69,1202.30,1206.74,1208.54,1207.83,1207.94,1208.88,1209.49,1210.71,1210.65,1209.91,1208.00,1205.93,1204.05,1202.25,1201.76,1202.57,1202.47,1200.56,1199.97,1199.39,1197.98,1197.88,1199.12,1200.83
1222.69,1229.58,1240.88,1245.89,1240.68,1223.44,1205.08,1192.81,1185.09,1189.23,1194.54,1199.70,1200.38,1193.00,1187.75,1182.10,1174.75,1161.72,1147.52,1138.27,1131.72,1128.12,1125.96,1123.73,1120.64,1118.99,1117.60,1116.67,1117.96,1121.80,1122.68,1121.70,1120.66,1124.45,1126.72,1139.34,1144.79,1139.15,1127.85,1112.84,1101.85,1095.58,1084.27,1073.66,1068.69,1066.70,1065.67,1063.81,1061.21,1058.54,1056.25,1055.01,1052.76,1042.13,1033.85,1030.21,1025.91,1022.00,1019.43,1017.61,1016.73,1015.22,1014.40,1015.17,1018.80,1018.34,1022.81,1019.66,1019.86,1030.16,1042.86,1053.09,1052.17,1059.03,1070.40,1079.30,1098.90,1106.99,1095.60,1085.67,1080.70,1077.97,1066.51,1050.57,1039.34,1030.33,1020.17,1011.29,1001.54,993.32,988.40,986.67,991.30,999.32,1003.79,1000.76,1009.84,1025.30,1035.02,1039.56,1032.47,1014.83,1004.38,999.86,996.21,994.85,994.67,995.43,999.57,1005.42,1014.50,1030.26,1040.51,1043.60,1048.38,1053.60,1057.33,1055.63,1055.36,1062.15,1068.01,1071.84,1079.05,1086.13,1094.51,1108.78,1116.18,1118.95,1115.62,1108.62,1090.90,1077.20,1087.90,1102.35,1114.81,1121.58,1118.15,1097.60,1083.54,1074.95,1065.98,1053.35,1040.85,1035.16,1030.88,1029.77,1033.20,1042.49,1056.00,1068.85,1076.80,1077.23,1073.15,1060.89,1049.01,1035.80,1024.43,1018.52,1016.36,1014.79,1016.20,1022.03,1028.78,1025.16,1032.55,1026.31,1011.99,1006.08,1012.57,1022.40,1035.49,1043.33,1045.07,1039.54,1029.47,1013.74,998.89,991.52,992.35,998.58,998.46,999.02,999.52,1000.26,1000.95,1001.61,1002.08,1002.28,1002.45,1003.25,1004.93,1006.55,1006.81,1006.49,1006.24,1006.76,1007.69,1008.55,1009.72,1012.08,1015.67,1018.71,1021.33,1024.18,1027.74,1032.10,1036.88,1040.40,1048.05,1055.15,1064.38,1068.82,1069.88,1072.73,1082.10,1091.88,1098.48,1108.37,1129.91,1145.06,1148.29,1135.42,1114.23,1092.39,1085.24,1091.52,1102.48,1116.10,1131.30,1150.52,1174.89,1194.28,1203.82,1207.52,1209.96,1210.54,1210.26,1210.67,1210.28,1210.59,1210.28,1209.85,1207.70,1205.12,1202.70,1200.81,1200.51,1200.91,1200.51,1198.88,1197.37,1196.43,1196.17,1199.15,1201.59,1203.01
1206.43,1214.27,1225.48,1232.30,1231.42,1219.07,1202.80,1187.28,1175.37,1173.59,1184.67,1190.81,1193.82,1193.37,1191.08,1186.65,1183.48,1175.41,1161.86,1150.67,1144.42,1137.05,1130.46,1127.21,1125.34,1122.14,1118.98,1117.65,1115.62,1113.65,1111.20,1109.29,1108.28,1109.31,1113.20,1120.98,1123.03,1120.54,1114.38,1102.40,1088.47,1080.24,1077.52,1080.96,1083.69,1084.00,1086.56,1085.09,1076.75,1072.69,1068.60,1068.11,1063.98,1051.68,1045.79,1038.43,1031.76,1027.42,1020.97,1017.14,1015.23,1012.33,1005.44,1003.13,1001.66,1001.44,1005.02,1001.88,1003.00,1014.32,1027.52,1034.65,1034.09,1044.24,1055.35,1078.28,1097.97,1102.30,1096.22,1087.86,1079.61,1073.81,1066.80,1055.64,1052.19,1045.11,1030.31,1017.19,1006.26,992.40,985.12,984.59,988.43,993.57,997.18,999.10,1012.33,1024.97,1028.97,1030.49,1028.00,1015.73,1000.10,994.85,992.61,990.67,990.67,993.77,997.66,1003.05,1012.10,1023.03,1025.83,1026.05,1033.82,1040.06,1042.41,1045.44,1056.77,1069.60,1082.18,1088.44,1096.35,1101.52,1104.80,1110.65,1115.97,1111.28,1105.77,1103.40,1088.34,1074.22,1085.50,1104.43,1115.35,1119.90,1113.23,1094.64,1075.44,1063.82,1055.71,1043.93,1036.37,1032.53,1029.15,1025.58,1027.25,1034.26,1047.98,1059.61,1063.22,1062.76,1062.49,1053.67,1043.28,1031.53,1019.77,1015.10,1012.63,1011.50,1013.06,1020.04,1023.41,1015.45,1025.78,1028.60,1014.14,1004.23,1008.49,1020.27,1033.58,1040.04,1041.09,1035.82,1028.26,1013.70,997.88,989.46,992.02,996.67,995.64,996.15,996.85,997.75,998.68,999.57,1000.35,1000.86,1001.13,1001.61,1002.81,1004.57,1004.11,1003.20,1003.05,1003.55,1004.58,1006.57,1008.89,1011.45,1013.36,1014.97,1018.38,1022.12,1026.01,1029.77,1036.96,1047.54,1055.66,1063.53,1073.10,1079.10,1080.20,1079.14,1079.97,1083.87,1095.94,1114.05,1134.12,1145.73,1144.56,1134.18,1114.31,1094.10,1083.72,1086.64,1097.46,1116.71,1135.83,1155.22,1175.31,1194.80,1203.95,1207.96,1212.25,1213.33,1210.54,1210.30,1210.04,1210.03,1210.02,1209.80,1207.59,1204.62,1201.90,1199.74,1199.13,1199.34,1199.24,1197.88,1196.01,1194.57,1196.78,1200.30,1201.98,1203.95
1198.99,1208.10,1216.60,1222.61,1224.24,1217.32,1204.14,1187.46,1172.86,1162.77,1171.98,1182.85,1184.01,1183.38,1180.75,1183.24,1190.21,1188.18,1179.51,1168.54,1160.08,1149.34,1141.35,1135.83,1133.81,1128.83,1124.88,1123.73,1125.45,1124.07,1117.86,1111.99,1108.59,1104.85,1102.29,1103.03,1103.58,1101.58,1095.70,1088.41,1086.11,1089.62,1090.27,1095.24,1103.16,1103.65,1103.55,1102.30,1095.16,1090.44,1084.34,1082.16,1073.97,1065.30,1061.96,1053.01,1046.94,1043.40,1036.58,1032.41,1029.52,1022.92,1011.54,1000.01,994.00,991.09,990.06,988.04,991.08,1000.88,1013.86,1016.54,1020.79,1038.66,1058.09,1079.64,1095.27,1094.99,1091.88,1092.26,1089.87,1083.61,1075.34,1064.74,1059.40,1052.82,1038.13,1021.57,1007.53,990.44,982.00,983.80,988.84,992.37,995.74,1001.62,1014.88,1021.45,1020.25,1020.46,1020.64,1015.66,1001.95,991.30,989.10,988.51,991.09,994.21,997.41,1001.99,1008.59,1015.88,1018.30,1024.42,1032.03,1039.62,1042.85,1044.49,1054.95,1070.45,1087.49,1098.96,1103.16,1106.70,1110.32,1111.97,1113.50,1106.64,1096.81,1092.62,1081.19,1068.03,1080.91,1097.82,1106.76,1113.84,1107.68,1089.76,1075.29,1063.35,1052.97,1040.05,1031.35,1027.81,1025.82,1022.28,1023.02,1029.86,1042.75,1051.34,1052.25,1050.13,1050.67,1044.55,1035.27,1024.82,1014.01,1010.23,1009.04,1008.30,1008.43,1016.39,1018.37,1008.40,1017.52,1026.83,1016.69,1002.25,1006.44,1018.08,1029.61,1034.88,1036.55,1030.85,1020.74,1008.50,995.00,988.20,992.50,994.55,992.77,993.32,994.17,995.11,996.01,996.96,997.90,998.92,999.73,1000.26,1000.88,1002.50,1002.62,1000.78,1000.22,1001.49,1004.04,1006.60,1008.09,1008.67,1009.47,1012.90,1017.90,1022.90,1027.06,1030.34,1039.80,1050.97,1059.26,1066.72,1075.55,1085.79,1090.59,1090.89,1092.24,1093.88,1099.38,1116.16,1134.31,1141.99,1132.36,1123.48,1113.72,1097.00,1082.78,1083.59,1093.88,1112.26,1135.12,1157.23,1175.10,1191.77,1202.40,1205.97,1212.22,1213.69,1210.72,1210.02,1210.00,1210.00,1210.00,1209.53,1206.60,1203.14,1199.97,1199.01,1198.05,1198.02,1198.18,1196.96,1194.97,1193.71,1195.80,1198.16,1200.31,1201.65
1192.65,1202.85,1208.29,1212.33,1216.16,1212.72,1201.98,1189.49,1170.91,1156.69,1156.74,1171.17,1172.54,1169.33,1165.81,1175.37,1188.51,1192.60,1191.92,1186.28,1175.96,1163.94,1155.38,1148.48,1143.93,1140.10,1139.75,1138.45,1145.56,1145.74,1138.82,1127.07,1119.16,1110.89,1105.54,1100.32,1096.77,1094.52,1092.07,1090.97,1095.61,1106.64,1108.30,1105.02,1112.91,1115.34,1112.98,1110.41,1110.47,1108.35,1101.89,1097.53,1087.59,1081.43,1077.42,1070.21,1066.02,1064.26,1059.22,1054.85,1048.17,1035.99,1026.19,1018.12,1006.96,994.37,992.30,987.12,982.39,990.51,998.70,1003.70,1019.66,1037.17,1054.43,1072.77,1089.38,1086.36,1081.46,1083.78,1089.84,1083.75,1071.53,1056.06,1045.10,1042.16,1033.18,1019.88,1003.31,986.12,979.16,982.97,989.57,993.57,997.34,1003.40,1015.43,1023.31,1017.55,1010.92,1009.64,1009.40,1003.47,989.80,985.86,988.90,992.18,995.15,998.21,1002.20,1007.98,1013.55,1019.17,1030.82,1044.77,1054.06,1056.24,1054.39,1054.14,1067.56,1083.57,1096.79,1101.33,1102.38,1104.36,1107.62,1111.62,1102.92,1090.47,1079.15,1069.05,1060.71,1070.33,1086.77,1101.32,1110.84,1104.21,1083.70,1066.11,1058.35,1054.22,1042.32,1030.43,1024.05,1021.97,1019.53,1018.98,1025.28,1034.74,1043.56,1044.35,1040.30,1041.14,1036.62,1029.70,1020.44,1011.29,1007.13,1005.57,1005.00,1005.06,1011.24,1012.14,1002.00,1009.07,1019.76,1016.32,1000.46,1001.85,1012.69,1023.82,1030.14,1032.17,1027.57,1017.01,1003.41,990.51,987.84,992.25,992.43,990.33,990.88,991.57,992.48,993.35,994.31,995.37,996.78,997.75,998.45,999.09,1000.16,1000.94,999.65,999.38,1001.66,1004.23,1005.75,1006.17,1006.83,1008.41,1010.11,1014.75,1020.73,1028.31,1034.85,1042.43,1051.62,1058.91,1064.40,1071.87,1082.59,1093.23,1103.30,1107.38,1109.23,1110.99,1116.88,1133.48,1141.46,1129.79,1113.34,1103.46,1095.32,1081.18,1080.57,1093.42,1111.78,1132.76,1154.21,1172.32,1187.53,1199.83,1204.27,1210.49,1212.52,1210.52,1209.70,1209.74,1209.86,1209.48,1208.04,1204.99,1201.68,1198.99,1197.88,1197.22,1196.76,1196.89,1196.46,1194.31,1192.83,1194.19,1195.81,1197.76,1199.93
1190.83,1194.07,1195.31,1202.08,1209.08,1205.56,1197.29,1188.70,1168.83,1152.37,1147.69,1158.73,1160.44,1153.84,1154.62,1168.68,1180.35,1190.63,1193.53,1190.78,1184.55,1175.77,1167.42,1158.38,1151.33,1151.65,1153.80,1153.90,1157.81,1156.93,1148.03,1134.80,1124.99,1118.84,1116.97,1112.97,1105.54,1104.64,1104.98,1105.72,1108.55,1119.09,1124.76,1116.57,1117.49,1127.00,1125.10,1123.43,1124.64,1120.71,1116.15,1112.70,1104.07,1096.95,1093.19,1087.18,1084.25,1085.62,1084.68,1078.80,1067.52,1051.67,1044.25,1035.63,1021.81,1015.96,1012.33,996.22,982.95,980.46,988.84,998.13,1012.03,1024.81,1038.57,1056.87,1079.21,1080.34,1070.62,1073.71,1083.05,1082.41,1072.79,1054.81,1036.36,1025.28,1018.17,1009.54,996.94,984.47,977.62,979.94,987.70,992.56,996.69,1003.03,1013.33,1023.48,1024.13,1013.46,1004.44,1000.51,998.63,986.38,985.07,988.35,991.16,994.30,998.03,1002.53,1008.38,1016.87,1023.50,1036.89,1054.69,1065.46,1070.12,1069.36,1062.58,1072.94,1085.43,1094.93,1096.26,1094.18,1100.72,1108.50,1111.17,1100.26,1088.54,1077.80,1064.06,1056.79,1060.21,1076.42,1096.74,1102.96,1096.84,1083.04,1065.47,1050.59,1046.14,1039.39,1027.32,1020.04,1018.54,1016.89,1017.11,1025.97,1035.05,1042.44,1042.52,1034.89,1029.50,1025.20,1020.30,1017.31,1013.32,1007.15,1002.39,1001.76,1001.64,1006.58,1006.55,998.64,1001.23,1009.92,1010.60,998.91,1000.24,1013.92,1022.71,1025.30,1027.27,1022.44,1010.33,998.57,986.29,988.37,991.34,991.42,989.04,988.22,989.03,990.00,990.71,991.78,993.11,994.66,995.38,995.96,996.71,998.34,998.16,997.54,999.90,1002.14,1003.37,1003.85,1004.39,1005.63,1007.20,1009.03,1015.11,1022.11,1029.31,1036.46,1043.48,1050.29,1054.89,1059.04,1065.90,1076.47,1089.21,1104.22,1116.01,1122.99,1129.10,1126.86,1133.26,1142.52,1134.69,1120.81,1107.39,1093.70,1081.15,1079.49,1092.56,1108.29,1124.74,1144.31,1165.25,1184.31,1198.28,1203.47,1208.36,1211.23,1210.22,1209.52,1208.96,1208.70,1207.52,1205.66,1203.38,1201.22,1199.30,1197.02,1196.19,1195.66,1195.51,1195.76,1194.09,1192.02,1192.41,1193.58,1195.89,1199.12
1185.40,1184.38,1188.27,1201.57,1210.03,1202.54,1189.37,1183.65,1169.89,1153.37,1142.14,1146.00,1147.67,1141.61,1147.39,1156.40,1172.49,1185.07,1186.81,1179.78,1176.24,1171.12,1174.24,1168.74,1164.31,1164.54,1163.63,1162.79,1161.22,1156.26,1145.72,1134.92,1132.87,1135.51,1131.38,1122.76,1117.36,1118.27,1116.29,1119.34,1117.53,1129.24,1138.70,1131.03,1123.37,1134.52,1139.05,1135.74,1132.88,1128.72,1124.03,1120.89,1115.90,1110.72,1106.40,1102.97,1100.60,1100.45,1099.69,1095.52,1085.15,1071.36,1060.63,1047.10,1037.86,1038.26,1028.91,1010.45,993.89,977.99,980.25,998.45,1014.35,1025.94,1039.07,1057.83,1074.23,1070.02,1056.12,1062.02,1075.30,1078.38,1072.17,1059.48,1041.10,1018.92,1004.71,996.66,989.41,980.51,975.52,977.83,984.02,990.04,994.50,1000.52,1009.02,1019.02,1025.71,1020.22,1007.70,996.75,987.27,981.89,983.93,987.04,989.53,992.50,996.18,1001.49,1011.42,1023.84,1035.08,1049.65,1063.24,1073.54,1080.80,1080.81,1075.83,1080.37,1091.15,1091.54,1086.48,1089.87,1102.03,1109.33,1110.84,1105.62,1095.42,1087.19,1073.66,1059.66,1052.75,1065.99,1086.13,1092.60,1084.69,1075.75,1065.14,1052.00,1038.05,1029.25,1021.04,1017.37,1015.60,1014.57,1013.73,1019.37,1030.57,1038.79,1041.49,1038.88,1033.97,1029.83,1025.45,1021.62,1013.60,1004.63,999.43,998.74,998.45,1002.90,1004.88,997.87,996.84,1001.61,1003.06,996.71,999.64,1013.27,1016.76,1017.81,1022.14,1018.57,1003.90,990.55,983.84,987.57,988.93,989.47,988.09,986.30,987.11,988.22,988.61,989.43,991.30,992.20,992.70,993.34,994.63,996.65,996.68,996.68,999.80,1000.82,1001.46,1002.03,1003.21,1004.78,1006.54,1008.44,1015.08,1024.82,1031.23,1038.92,1046.40,1050.95,1058.03,1064.49,1070.09,1075.14,1085.25,1097.80,1114.60,1132.63,1145.68,1137.36,1138.17,1147.67,1142.31,1133.38,1122.18,1105.60,1087.16,1077.79,1082.04,1097.40,1120.17,1143.04,1164.74,1184.08,1198.40,1202.16,1205.91,1209.57,1210.22,1209.93,1209.02,1208.31,1207.37,1206.02,1204.31,1202.39,1200.33,1197.27,1194.95,1194.29,1193.37,1193.84,1193.04,1191.34,1190.85,1191.62,1192.46,1195.54
1170.45,1172.32,1184.65,1198.98,1207.30,1202.46,1186.31,1174.93,1164.83,1153.91,1139.44,1135.20,1137.18,1132.09,1141.18,1156.28,1169.98,1174.82,1169.21,1163.06,1158.77,1161.65,1172.28,1173.36,1172.16,1170.03,1165.96,1161.00,1154.43,1148.08,1142.20,1140.22,1144.29,1147.50,1141.92,1128.93,1127.66,1125.43,1126.85,1134.29,1129.95,1135.30,1139.08,1135.05,1130.08,1131.16,1137.01,1135.55,1131.22,1124.22,1115.55,1112.86,1112.03,1108.73,1102.47,1097.64,1094.21,1092.45,1092.23,1089.56,1089.20,1086.77,1077.23,1065.54,1057.82,1053.06,1040.05,1019.71,998.97,978.93,974.65,995.18,1017.82,1039.23,1056.25,1066.13,1066.64,1054.08,1044.51,1054.28,1066.25,1070.56,1064.20,1055.87,1041.14,1019.84,1002.67,991.54,982.94,976.49,973.02,975.88,979.80,984.82,989.12,993.47,1001.25,1011.57,1019.86,1020.33,1008.11,995.55,981.78,980.15,982.99,985.58,987.77,990.06,993.87,1000.49,1016.75,1033.20,1046.78,1057.97,1070.64,1078.58,1085.21,1089.19,1089.68,1086.59,1090.99,1083.97,1079.90,1087.86,1100.38,1107.47,1109.30,1102.99,1095.64,1088.75,1076.07,1061.20,1048.48,1055.81,1073.50,1080.83,1073.41,1062.82,1055.92,1047.32,1034.11,1021.13,1017.07,1014.52,1012.58,1011.79,1010.52,1011.75,1021.39,1029.53,1034.40,1036.28,1035.10,1030.81,1026.27,1020.15,1012.01,1003.94,998.75,995.91,996.27,1001.10,1004.68,998.18,994.15,996.16,996.70,993.95,999.50,1008.69,1007.65,1008.87,1016.39,1010.46,995.12,984.42,982.69,985.33,986.25,986.99,985.76,984.87,985.53,986.57,987.12,988.14,988.50,988.83,989.94,991.03,992.95,995.01,995.14,995.09,997.41,998.55,999.52,1001.22,1003.10,1004.95,1006.95,1009.39,1017.93,1027.66,1034.48,1042.39,1052.34,1058.41,1066.79,1073.94,1080.00,1083.85,1089.40,1095.89,1111.55,1134.33,1150.40,1146.98,1146.96,1153.07,1151.13,1144.33,1129.93,1111.84,1092.83,1078.48,1079.73,1098.62,1121.50,1145.61,1166.91,1187.00,1201.88,1203.42,1203.63,1206.40,1208.61,1210.14,1209.58,1209.59,1209.27,1207.95,1205.99,1204.36,1201.76,1198.24,1194.47,1192.77,1191.42,1190.03,1189.75,1190.11,1189.19,1189.98,1189.79,1191.03
1157.07,1166.72,1183.56,1196.36,1198.57,1196.04,1189.72,1177.71,1159.44,1146.02,1135.69,1127.22,1126.01,1124.99,1139.84,1155.03,1163.54,1163.90,1159.67,1149.58,1148.07,1158.99,1165.34,1166.68,1170.50,1170.01,1164.12,1156.87,1149.62,1145.53,1147.45,1151.49,1156.19,1156.19,1145.34,1133.90,1134.06,1130.90,1136.64,1141.70,1140.06,1137.37,1131.94,1125.99,1120.58,1118.32,1125.20,1128.00,1125.88,1114.52,1106.24,1105.22,1101.75,1098.58,1094.16,1085.69,1078.40,1075.85,1073.45,1069.02,1071.69,1079.36,1080.83,1075.97,1068.66,1058.08,1038.72,1015.83,994.01,975.21,970.80,985.43,1007.25,1030.88,1049.23,1058.14,1054.85,1045.83,1037.16,1044.22,1054.77,1062.27,1061.14,1051.89,1038.14,1022.92,1009.54,993.82,983.71,975.67,970.82,973.40,976.68,980.19,984.13,986.56,990.66,1002.91,1012.02,1014.82,1006.86,993.69,978.30,978.84,981.31,983.60,985.93,987.86,991.00,1001.44,1020.14,1038.52,1052.21,1059.46,1065.01,1070.43,1077.86,1083.49,1090.12,1091.38,1091.41,1083.60,1077.77,1083.07,1094.18,1102.19,1104.13,1099.51,1093.13,1084.55,1071.12,1057.49,1045.78,1046.44,1058.92,1066.33,1061.54,1050.45,1039.18,1032.10,1023.83,1017.37,1014.28,1011.55,1009.67,1008.82,1007.72,1006.78,1009.02,1014.60,1022.04,1026.56,1030.24,1028.16,1020.66,1016.55,1010.81,1007.97,1001.92,995.26,993.57,997.66,1003.84,999.31,992.56,991.46,991.79,991.40,998.81,1002.62,1000.22,1004.49,1011.50,1001.30,988.47,981.20,981.30,982.29,983.12,984.21,983.52,983.60,984.22,984.99,985.72,986.43,986.66,986.81,988.59,990.48,992.58,993.21,992.29,993.06,994.94,996.74,999.39,1002.40,1004.26,1006.00,1007.88,1011.67,1021.88,1027.93,1034.83,1043.35,1055.22,1065.82,1072.88,1079.64,1089.99,1099.47,1105.66,1111.44,1114.11,1129.58,1147.01,1154.62,1153.94,1155.91,1149.91,1141.74,1127.87,1108.04,1088.82,1076.21,1083.49,1104.44,1123.93,1145.47,1167.96,1189.80,1203.92,1205.11,1203.45,1204.43,1207.58,1210.43,1210.03,1210.00,1209.99,1209.37,1208.19,1208.15,1204.87,1198.54,1194.22,1192.54,1191.00,1189.22,1188.01,1188.17,1187.37,1188.09,1187.79,1188.66
1155.53,1173.22,1187.54,1187.32,1180.01,1181.39,1187.43,1180.83,1166.34,1153.91,1143.26,1130.89,1119.95,1118.88,1129.50,1142.84,1149.00,1151.31,1149.40,1139.52,1143.56,1154.07,1152.64,1155.61,1165.63,1167.51,1163.88,1159.53,1152.20,1147.96,1155.25,1163.10,1164.34,1157.84,1148.26,1143.05,1143.04,1141.90,1143.75,1145.14,1143.49,1141.20,1136.14,1127.03,1119.26,1109.50,1114.48,1122.09,1122.92,1111.58,1100.53,1098.47,1095.32,1093.73,1094.54,1089.45,1073.83,1060.72,1055.91,1051.95,1054.13,1064.12,1069.87,1066.88,1065.73,1053.30,1033.67,1011.63,991.21,973.44,967.65,977.50,995.65,1018.09,1035.95,1045.66,1041.83,1035.01,1029.32,1035.84,1045.76,1052.41,1051.42,1048.79,1041.41,1030.19,1014.17,994.44,983.44,974.72,969.15,971.57,974.86,977.69,980.11,981.74,983.58,994.06,1003.76,1006.24,1000.48,987.52,975.14,976.85,979.33,981.73,983.56,985.42,988.91,1001.92,1019.30,1035.26,1042.89,1044.77,1050.73,1060.37,1066.44,1072.46,1080.82,1086.30,1092.41,1090.38,1079.72,1077.72,1086.56,1094.03,1096.63,1094.71,1094.61,1090.41,1077.07,1061.14,1047.01,1039.02,1044.40,1047.73,1042.08,1036.88,1030.32,1023.10,1017.96,1015.01,1012.03,1009.44,1007.30,1005.95,1004.48,1003.32,1004.05,1002.87,1004.11,1008.94,1017.60,1024.24,1023.25,1019.02,1015.64,1013.22,1006.29,993.53,989.59,991.85,1001.88,1000.66,992.40,988.92,988.41,989.41,993.77,995.36,996.58,1004.09,1006.68,994.07,984.69,979.14,979.13,979.69,980.18,981.65,981.80,982.27,982.92,983.58,984.10,984.60,985.00,986.14,988.25,989.76,990.85,990.70,990.37,991.96,994.75,997.58,1000.32,1001.91,1004.02,1006.60,1008.84,1016.77,1027.27,1031.72,1038.58,1047.67,1058.87,1070.13,1076.97,1085.99,1098.30,1111.33,1122.64,1129.05,1130.39,1133.63,1142.90,1155.45,1159.77,1159.56,1148.63,1135.67,1121.01,1103.82,1082.52,1075.29,1087.73,1108.66,1126.05,1143.36,1167.49,1189.32,1203.50,1205.83,1204.57,1204.18,1206.89,1210.49,1210.19,1210.00,1210.00,1210.12,1210.55,1211.06,1205.65,1196.76,1191.62,1190.67,1190.55,1188.81,1186.92,1186.23,1185.71,1186.16,1185.96,1185.08
1162.32,1176.23,1182.59,1174.28,1162.30,1164.08,1176.82,1183.37,1179.10,1169.10,1154.81,1139.70,1128.51,1116.52,1117.93,1126.96,1135.00,1143.34,1140.16,1130.93,1139.58,1143.17,1139.24,1148.45,1156.47,1159.01,1161.50,1163.92,1160.23,1153.05,1156.63,1164.22,1165.78,1162.18,1156.75,1153.83,1152.39,1150.67,1147.44,1143.00,1140.20,1140.18,1136.04,1123.96,1116.00,1105.52,1106.61,1116.36,1118.88,1105.58,1089.18,1084.65,1081.25,1084.86,1088.07,1088.84,1072.68,1052.76,1042.54,1039.04,1042.88,1049.64,1054.40,1050.74,1052.18,1044.63,1026.67,1009.29,990.31,972.51,965.75,971.66,986.31,1007.38,1025.36,1032.86,1029.83,1022.22,1021.35,1031.03,1042.22,1043.98,1038.64,1039.37,1037.64,1030.24,1016.45,997.59,984.72,973.94,967.74,970.19,972.73,974.87,977.05,977.85,976.43,983.39,993.49,993.49,986.31,976.97,973.13,975.94,978.17,979.49,980.97,984.07,989.04,1001.29,1014.14,1023.39,1028.13,1029.92,1036.77,1048.35,1054.47,1060.23,1069.99,1081.12,1092.26,1094.66,1087.25,1075.37,1076.76,1082.01,1083.79,1085.84,1091.69,1091.84,1080.95,1064.65,1055.51,1045.97,1038.07,1032.79,1029.52,1027.71,1024.94,1022.88,1023.08,1019.12,1012.65,1008.68,1006.23,1003.81,1001.69,1000.19,999.85,997.79,996.77,997.20,1001.74,1012.63,1020.17,1021.37,1019.66,1015.02,1006.16,991.80,987.46,988.96,998.99,1001.82,995.05,988.76,986.75,987.43,988.84,990.93,997.67,1004.34,1001.82,990.25,981.48,977.62,978.02,978.65,979.33,980.05,980.43,980.99,981.58,982.20,982.61,983.00,983.62,985.23,986.99,987.98,988.34,988.75,989.88,992.56,995.32,997.43,998.46,999.26,1000.86,1004.85,1010.29,1020.15,1029.73,1034.92,1040.42,1049.56,1058.59,1067.58,1077.07,1089.65,1102.00,1115.58,1128.31,1131.90,1136.90,1142.92,1148.07,1152.57,1150.22,1153.22,1146.66,1135.96,1119.93,1105.27,1082.16,1073.56,1084.31,1104.31,1123.66,1140.95,1164.99,1185.85,1200.77,1205.75,1206.14,1205.34,1207.62,1209.79,1209.97,1210.01,1210.09,1210.75,1210.90,1208.35,1200.41,1193.09,1189.33,1189.58,1189.69,1188.07,1186.38,1184.78,1184.13,1184.24,1184.18,1182.07
1161.96,1173.02,1173.13,1158.95,1144.90,1146.97,1165.83,1177.85,1178.93,1171.50,1162.33,1152.34,1139.37,1119.80,1110.04,1112.75,1122.88,1133.31,1129.54,1124.38,1133.05,1131.22,1127.73,1137.15,1144.58,1149.39,1160.54,1168.27,1167.40,1160.96,1158.35,1163.14,1166.30,1164.80,1161.50,1157.36,1153.63,1151.37,1145.59,1136.27,1128.99,1129.69,1128.67,1116.56,1106.49,1096.53,1099.48,1106.88,1111.86,1102.33,1081.92,1068.06,1064.59,1065.12,1079.70,1088.10,1073.67,1055.04,1038.55,1029.41,1032.49,1039.05,1041.82,1037.82,1036.50,1034.66,1021.18,1005.61,987.66,971.65,965.55,965.36,980.03,1000.15,1017.25,1022.93,1018.91,1011.61,1015.99,1027.29,1041.18,1037.55,1026.03,1024.20,1027.33,1023.42,1013.94,999.80,985.34,973.81,966.68,967.05,969.44,971.81,974.14,973.78,970.53,973.51,983.39,983.39,976.23,970.33,972.39,974.95,976.62,977.28,979.74,984.15,989.36,998.97,1007.38,1012.46,1018.14,1025.61,1037.00,1048.56,1055.20,1061.38,1075.95,1089.46,1095.08,1094.54,1092.27,1081.65,1070.57,1069.60,1076.33,1086.07,1091.24,1090.79,1080.48,1070.39,1070.63,1058.54,1046.27,1043.23,1042.38,1040.47,1037.64,1039.69,1042.41,1030.00,1014.84,1008.60,1005.49,1002.31,1000.47,998.07,996.22,994.56,992.91,992.00,991.68,996.66,1002.10,1009.87,1014.08,1012.70,1005.67,990.10,985.69,986.76,993.51,1001.29,997.63,989.41,985.98,985.23,987.29,991.56,998.44,1002.70,1000.79,989.48,978.92,976.75,977.42,978.12,978.81,979.27,979.61,979.91,980.31,980.79,981.17,981.66,982.46,983.86,985.54,986.27,986.59,987.56,990.45,992.59,993.97,994.81,995.60,997.23,999.84,1006.20,1012.88,1019.99,1026.90,1033.52,1041.79,1049.77,1055.43,1062.89,1072.30,1082.92,1095.90,1111.95,1118.77,1123.57,1135.12,1143.86,1149.47,1144.74,1139.31,1141.43,1135.53,1127.82,1115.38,1100.24,1082.76,1069.64,1079.92,1102.38,1121.74,1140.32,1162.07,1180.18,1194.74,1202.91,1206.49,1207.61,1208.09,1207.68,1208.57,1210.09,1210.60,1210.82,1207.83,1201.85,1195.87,1190.38,1188.13,1188.90,1188.55,1186.86,1185.17,1183.69,1182.74,1182.51,1182.54,1180.38
1158.98,1163.21,1157.00,1142.30,1132.57,1133.32,1150.91,1166.94,1166.89,1158.64,1158.62,1155.23,1142.69,1124.07,1110.54,1104.32,1110.14,1116.68,1114.07,1116.95,1125.99,1121.45,1116.61,1123.39,1133.97,1146.72,1157.23,1166.85,1170.64,1168.52,1165.39,1165.99,1166.93,1164.13,1159.39,1150.26,1147.47,1146.13,1142.22,1131.94,1118.47,1116.88,1122.51,1114.68,1101.87,1088.88,1092.50,1096.72,1104.35,1101.14,1082.61,1060.48,1049.13,1049.41,1065.92,1076.21,1071.94,1060.76,1046.78,1030.42,1018.88,1023.14,1028.13,1024.93,1021.02,1024.21,1019.58,1005.25,987.26,974.64,966.22,961.16,975.37,994.52,1007.17,1010.30,1006.13,1002.92,1012.14,1027.43,1040.17,1032.60,1016.25,1011.88,1014.86,1014.01,1006.17,993.94,983.67,973.13,966.39,964.09,966.47,969.21,971.51,970.85,967.61,967.98,973.17,975.02,970.31,968.46,971.31,973.48,974.43,975.60,979.13,983.95,989.42,995.73,1001.48,1008.87,1020.70,1033.46,1046.80,1059.71,1070.09,1072.43,1079.34,1092.97,1095.52,1089.47,1087.43,1084.62,1073.21,1067.20,1076.06,1087.06,1090.71,1087.87,1079.79,1079.44,1076.28,1062.41,1052.04,1056.80,1056.99,1054.64,1051.19,1051.61,1049.04,1031.82,1015.69,1008.54,1004.22,1000.34,998.73,997.11,994.73,992.41,990.40,989.36,988.17,987.37,989.99,994.98,999.65,1001.08,1003.22,989.56,984.52,983.12,986.87,998.25,998.00,989.26,984.97,984.39,988.21,994.98,1000.37,1000.86,996.69,985.28,976.30,976.18,976.90,977.62,978.25,978.64,979.03,979.33,979.56,979.68,979.99,980.51,981.41,982.55,984.02,984.55,985.09,986.97,989.17,990.19,991.36,992.67,995.10,997.85,1004.05,1013.08,1016.58,1021.73,1025.85,1029.80,1036.34,1043.45,1049.76,1056.74,1068.03,1080.35,1092.57,1103.76,1106.70,1119.23,1131.77,1141.41,1144.72,1136.36,1130.87,1133.78,1127.06,1115.57,1103.08,1086.09,1071.45,1064.95,1077.10,1097.16,1118.77,1141.53,1158.83,1172.18,1185.65,1195.88,1203.35,1206.23,1205.43,1204.61,1206.57,1210.02,1210.94,1210.37,1205.39,1198.90,1192.96,1188.76,1186.99,1187.44,1187.16,1185.49,1183.88,1182.88,1181.91,1180.97,1180.92,1178.24
1147.92,1150.79,1145.48,1132.96,1120.75,1120.86,1135.97,1154.05,1152.41,1143.36,1144.26,1144.87,1143.32,1133.33,1114.93,1099.42,1095.48,1100.14,1099.42,1107.54,1116.38,1112.07,1108.28,1118.08,1133.10,1143.77,1147.26,1155.87,1167.56,1170.95,1168.62,1165.40,1164.23,1162.23,1156.60,1145.14,1138.34,1134.56,1131.38,1126.30,1111.51,1106.39,1116.05,1112.86,1101.42,1086.80,1080.32,1085.44,1096.23,1099.13,1083.39,1058.73,1040.56,1038.02,1047.46,1054.29,1060.87,1063.02,1055.85,1040.14,1020.17,1005.12,1010.00,1012.74,1008.73,1013.44,1015.50,1005.84,988.12,975.55,965.21,958.69,970.57,985.71,995.63,997.70,995.49,999.90,1015.80,1030.46,1038.61,1031.11,1012.67,1001.83,1002.69,1001.99,995.26,986.94,977.79,969.11,965.25,962.18,963.93,966.69,968.14,966.91,964.48,964.93,967.15,968.05,966.61,966.56,970.05,971.71,971.96,974.31,977.75,982.11,987.64,992.76,998.89,1007.13,1017.44,1030.42,1045.35,1059.22,1074.09,1084.94,1085.65,1093.48,1092.18,1085.38,1081.12,1082.53,1073.67,1064.80,1073.03,1083.97,1089.05,1085.90,1084.00,1084.12,1076.32,1062.49,1065.29,1072.15,1070.01,1064.30,1056.40,1052.11,1044.52,1025.07,1013.81,1007.78,1003.24,999.68,998.57,997.40,995.92,994.44,992.75,992.42,991.41,985.65,982.34,981.04,980.88,985.18,997.31,988.50,981.74,979.82,981.18,989.69,992.51,985.62,981.31,981.89,987.98,994.63,993.43,986.23,980.10,975.62,975.14,975.71,976.45,977.17,977.64,978.02,978.43,978.80,979.05,979.15,979.55,980.09,980.68,981.47,982.46,983.10,983.90,985.65,986.88,988.29,990.16,992.94,995.86,998.88,1009.95,1022.18,1024.32,1024.89,1027.49,1032.26,1036.64,1041.39,1046.80,1052.51,1062.25,1073.18,1082.37,1091.09,1101.02,1113.13,1130.44,1142.07,1142.73,1132.14,1122.84,1125.84,1123.93,1109.70,1090.35,1066.90,1058.22,1065.66,1085.17,1106.00,1124.07,1138.93,1149.39,1161.05,1173.18,1184.95,1195.06,1202.42,1202.35,1201.43,1204.92,1207.00,1206.47,1205.97,1202.46,1196.70,1190.44,1186.15,1185.54,1185.88,1185.76,1184.15,1182.96,1182.14,1181.27,1179.48,1177.80,1173.86
1132.84,1135.47,1134.11,1122.81,1108.14,1107.59,1121.87,1139.87,1140.25,1128.28,1123.64,1125.57,1132.33,1135.90,1121.18,1101.46,1083.49,1081.43,1084.21,1096.86,1103.22,1099.86,1105.50,1118.26,1128.29,1130.10,1133.96,1146.43,1159.57,1165.00,1160.51,1156.98,1156.03,1156.93,1152.60,1141.22,1127.52,1119.53,1114.91,1116.92,1104.55,1101.86,1111.26,1106.72,1093.57,1079.05,1064.42,1072.82,1087.34,1094.33,1083.05,1060.08,1040.08,1029.04,1030.70,1037.87,1047.97,1056.36,1057.46,1047.04,1030.81,1008.85,997.25,999.86,998.33,1003.47,1007.01,1001.31,984.97,971.84,960.94,956.35,962.98,974.58,980.36,982.32,987.30,1003.78,1020.16,1030.69,1033.59,1028.80,1013.65,997.75,990.43,989.33,985.56,982.41,974.13,967.42,963.65,960.45,961.42,964.14,964.46,962.68,960.93,961.73,964.05,964.80,963.75,964.83,967.56,968.58,970.19,973.78,977.39,983.19,992.19,999.88,1001.82,1005.95,1015.77,1029.10,1043.66,1056.49,1069.10,1084.99,1093.94,1093.36,1086.84,1080.80,1073.88,1075.36,1068.03,1061.63,1070.08,1078.01,1083.82,1086.34,1088.72,1084.11,1074.47,1071.94,1080.07,1079.35,1070.87,1057.72,1048.91,1042.15,1029.75,1018.51,1011.71,1008.08,1006.50,1004.12,1006.11,1004.55,1003.42,1001.48,998.46,997.62,993.88,985.88,979.78,978.20,977.64,979.24,987.70,987.03,979.32,977.88,978.62,982.91,985.13,980.81,977.98,978.16,983.65,985.32,978.22,973.65,973.02,974.87,975.10,975.32,976.00,976.62,977.01,977.41,977.80,978.20,978.53,978.81,979.38,979.83,980.25,980.94,981.58,982.16,982.64,984.02,986.24,988.29,990.42,993.11,995.59,999.55,1011.46,1025.62,1033.37,1035.32,1034.70,1040.05,1042.83,1047.78,1055.80,1062.56,1069.67,1077.86,1085.41,1089.29,1097.71,1113.33,1127.13,1140.39,1141.56,1128.22,1116.73,1115.03,1118.68,1108.29,1086.49,1059.60,1056.59,1073.98,1094.91,1111.89,1125.92,1130.64,1136.29,1147.14,1159.41,1171.80,1183.28,1193.98,1198.28,1197.64,1201.87,1200.86,1198.68,1200.34,1198.48,1193.83,1187.70,1184.72,1184.78,1184.53,1184.35,1183.08,1182.24,1181.42,1180.58,1178.22,1173.99,1170.41
1114.09,1120.73,1124.30,1114.17,1098.41,1096.20,1108.10,1126.27,1127.32,1113.63,1103.23,1103.35,1111.17,1125.70,1122.23,1103.88,1082.14,1070.29,1073.63,1082.32,1086.77,1086.90,1098.97,1107.25,1110.26,1113.33,1123.97,1137.79,1152.78,1153.97,1147.29,1144.13,1144.94,1149.55,1148.27,1139.42,1122.94,1106.97,1104.83,1107.97,1096.57,1095.57,1100.91,1097.05,1083.01,1065.31,1050.67,1061.35,1076.23,1089.43,1085.29,1061.75,1039.96,1027.27,1020.09,1024.96,1031.05,1043.14,1046.86,1044.60,1037.19,1020.95,1000.21,989.57,983.77,986.96,991.44,988.06,976.67,963.59,957.68,954.24,955.53,962.65,969.39,977.07,992.99,1010.47,1022.18,1028.31,1028.39,1020.68,1011.05,1002.49,994.31,987.71,980.46,975.59,972.96,968.70,964.01,959.38,959.36,961.64,961.52,960.18,958.60,959.19,961.28,961.88,961.25,962.13,964.26,966.40,969.85,972.59,976.43,986.34,1001.75,1018.79,1019.24,1014.69,1025.80,1041.39,1054.54,1063.68,1069.13,1080.16,1091.85,1091.61,1085.30,1080.13,1069.54,1063.99,1058.63,1062.77,1076.99,1075.91,1079.48,1087.00,1092.15,1084.33,1081.60,1083.59,1086.91,1080.68,1068.79,1057.36,1046.67,1031.51,1022.09,1016.01,1014.50,1014.80,1015.72,1013.67,1017.33,1022.21,1022.62,1020.31,1015.51,1012.37,1000.72,989.21,981.20,977.97,976.18,977.18,979.88,984.86,979.32,976.94,977.11,979.27,980.03,978.33,976.07,975.34,979.38,977.17,973.16,970.86,972.25,974.18,974.75,975.03,975.53,976.01,976.40,976.80,977.23,977.63,978.07,978.52,978.97,979.35,979.77,980.39,980.91,981.20,981.28,983.16,985.84,987.93,989.00,989.87,991.72,998.06,1010.00,1025.09,1036.46,1044.80,1049.14,1052.53,1054.68,1057.35,1065.39,1073.38,1086.23,1095.82,1100.13,1103.30,1098.62,1111.99,1125.56,1137.33,1139.58,1123.41,1112.92,1106.90,1112.12,1111.69,1093.16,1061.03,1052.14,1069.56,1094.86,1113.01,1120.35,1122.96,1126.75,1135.53,1145.79,1157.90,1169.14,1180.15,1188.90,1193.48,1197.12,1193.88,1190.75,1194.68,1194.38,1190.48,1185.55,1184.45,1184.53,1183.76,1183.11,1182.37,1181.57,1180.80,1179.72,1176.69,1172.62,1168.64
1099.11,1108.92,1115.48,1106.38,1092.13,1087.57,1099.22,1113.02,1114.00,1099.74,1089.64,1089.34,1098.32,1113.52,1115.75,1099.73,1080.99,1065.04,1062.97,1068.84,1069.14,1075.65,1086.69,1092.35,1096.27,1105.70,1122.40,1135.70,1147.26,1141.10,1131.04,1128.00,1135.47,1143.52,1144.96,1137.43,1120.36,1103.20,1093.13,1095.37,1087.42,1085.50,1086.14,1085.44,1074.02,1053.51,1041.13,1053.90,1069.40,1079.03,1083.31,1067.24,1045.34,1028.77,1013.58,1009.43,1019.01,1028.35,1028.17,1029.80,1027.94,1023.43,1010.25,995.63,985.38,977.64,976.81,975.53,967.42,958.92,955.94,952.69,950.26,958.08,970.48,978.12,991.72,1008.88,1020.27,1024.33,1025.61,1022.47,1019.05,1015.94,1008.47,997.50,988.31,976.13,968.88,967.54,963.50,958.09,957.04,958.78,958.56,957.79,956.67,957.90,960.09,960.04,959.20,960.42,963.16,966.08,967.77,968.58,972.83,986.12,1002.11,1024.39,1035.65,1031.13,1037.97,1054.08,1067.09,1078.55,1082.40,1085.29,1088.68,1086.10,1081.58,1076.35,1066.53,1056.47,1052.02,1063.48,1077.38,1080.50,1079.29,1086.71,1094.16,1089.76,1089.53,1090.33,1088.46,1078.73,1066.43,1051.72,1041.44,1028.41,1020.77,1019.89,1021.46,1025.35,1027.30,1021.95,1027.91,1037.80,1043.14,1040.27,1038.16,1036.04,1019.28,997.43,983.43,978.14,975.52,974.75,977.21,982.28,980.43,976.77,974.95,976.37,977.52,978.83,976.48,973.60,972.29,970.49,969.67,970.11,971.69,973.33,973.95,974.44,974.96,975.49,975.97,976.39,976.86,977.32,977.75,978.08,978.27,978.51,978.81,979.27,979.80,979.85,980.24,982.72,985.31,986.29,986.62,987.55,989.84,997.76,1008.94,1024.48,1036.88,1048.60,1057.66,1063.81,1067.17,1072.21,1078.28,1084.36,1094.76,1107.91,1114.44,1117.93,1109.60,1112.35,1125.29,1137.71,1138.52,1122.29,1110.89,1100.80,1106.12,1111.85,1099.24,1069.95,1048.44,1052.92,1082.85,1098.63,1106.11,1114.33,1119.19,1126.50,1134.80,1145.12,1156.12,1166.88,1177.22,1187.79,1193.79,1190.72,1189.11,1190.36,1190.45,1187.81,1184.54,1184.35,1183.63,1182.24,1181.79,1181.81,1181.26,1180.43,1178.24,1174.55,1170.65,1167.28
1089.37,1100.25,1108.18,1099.67,1086.01,1080.90,1090.65,1104.94,1102.10,1089.79,1079.92,1080.09,1090.44,1103.48,1102.86,1090.72,1073.38,1056.41,1051.91,1056.91,1060.87,1070.50,1081.43,1091.40,1102.99,1110.54,1122.90,1139.51,1143.33,1132.72,1119.59,1118.70,1128.35,1138.84,1142.42,1134.96,1117.37,1099.98,1084.76,1081.26,1074.73,1071.52,1073.53,1072.92,1063.13,1044.36,1033.72,1042.42,1056.01,1068.45,1079.46,1064.50,1043.59,1028.41,1014.36,1001.63,1005.87,1011.89,1011.14,1013.04,1013.26,1011.97,1012.49,1005.64,994.60,984.70,973.61,967.96,962.46,958.04,955.15,952.18,947.87,955.23,966.56,973.03,986.37,1003.33,1012.29,1019.64,1022.56,1020.32,1018.58,1014.75,1009.30,1003.29,995.65,979.34,968.14,964.22,961.33,956.51,954.42,955.83,955.77,955.16,954.69,956.56,958.51,957.58,957.67,959.85,962.07,963.12,964.25,966.75,971.94,986.33,1002.72,1024.54,1040.97,1046.24,1052.07,1063.85,1074.67,1083.37,1082.16,1079.30,1083.14,1084.02,1077.23,1069.04,1061.30,1053.27,1047.95,1056.80,1071.99,1082.64,1084.48,1089.65,1094.83,1093.70,1091.96,1087.51,1079.71,1070.37,1058.76,1045.64,1033.24,1025.54,1024.34,1025.65,1027.04,1032.12,1038.08,1034.30,1037.07,1049.55,1057.46,1055.69,1055.14,1048.99,1029.60,1006.89,986.52,978.37,975.40,972.85,974.63,978.49,981.48,977.36,973.85,973.57,974.87,978.18,978.25,974.66,970.33,968.91,968.57,970.32,971.74,972.52,973.05,973.55,974.10,974.67,975.31,975.93,976.52,977.00,977.32,977.51,977.41,977.56,977.80,978.24,978.61,978.92,980.39,982.66,983.83,984.18,985.40,987.65,990.41,999.06,1010.20,1023.94,1034.63,1046.50,1057.57,1067.58,1076.48,1084.80,1091.91,1098.95,1107.11,1117.82,1127.12,1130.05,1128.76,1123.93,1129.62,1137.33,1136.19,1120.46,1105.71,1094.20,1100.62,1109.17,1096.27,1072.80,1052.00,1041.85,1061.06,1078.61,1092.70,1108.25,1114.95,1120.55,1127.01,1135.53,1145.46,1157.17,1169.58,1181.72,1191.10,1189.72,1188.18,1187.93,1187.58,1185.97,1184.23,1183.59,1183.04,1180.78,1180.08,1180.50,1180.83,1180.07,1177.73,1174.68,1171.90,1169.62
1083.53,1095.28,1102.07,1096.02,1081.10,1074.02,1084.16,1097.82,1094.85,1083.11,1071.97,1073.06,1085.05,1092.81,1088.70,1077.25,1064.47,1047.44,1042.49,1047.34,1058.99,1070.96,1084.53,1097.07,1108.34,1118.21,1130.27,1141.03,1134.01,1124.07,1112.45,1111.70,1123.13,1131.05,1137.98,1132.39,1117.17,1098.18,1079.78,1065.53,1058.96,1056.06,1056.56,1059.58,1053.25,1035.33,1028.56,1037.70,1052.14,1065.73,1073.81,1061.26,1041.63,1027.53,1014.55,1000.72,994.65,995.03,996.24,1000.46,1001.88,999.57,1000.13,1002.04,1001.14,997.35,989.84,979.87,970.36,960.90,954.25,951.97,946.06,950.13,961.31,970.27,979.83,990.86,1003.80,1014.34,1018.50,1015.08,1008.80,1003.96,1000.68,1001.18,996.43,981.06,972.05,965.57,959.45,955.30,951.99,952.95,952.91,952.45,952.56,953.48,954.90,954.77,955.98,957.92,958.80,960.47,963.66,966.98,973.89,990.76,1006.95,1021.98,1036.15,1046.74,1054.39,1064.67,1072.05,1074.50,1067.68,1065.67,1076.14,1085.25,1083.39,1072.91,1068.17,1058.83,1046.71,1052.10,1066.57,1077.15,1086.01,1090.85,1093.67,1093.34,1088.15,1076.51,1066.83,1058.38,1046.51,1037.24,1029.00,1027.20,1030.50,1032.45,1034.01,1037.19,1045.83,1046.45,1044.90,1056.34,1069.09,1068.69,1058.87,1045.22,1024.96,1007.90,989.10,978.21,974.83,971.68,970.69,973.31,979.36,978.31,973.78,971.07,972.27,975.76,978.87,977.50,971.92,968.18,968.19,970.22,971.09,971.44,972.02,972.60,973.16,973.70,974.38,974.97,975.72,976.41,976.75,976.97,976.78,976.63,976.83,977.15,977.45,978.47,980.21,981.20,981.68,983.15,985.98,988.30,991.99,999.74,1010.88,1021.55,1029.46,1040.67,1052.54,1063.91,1074.57,1084.20,1092.82,1101.60,1114.17,1122.71,1127.32,1131.33,1132.30,1131.96,1131.24,1131.44,1128.40,1113.57,1098.24,1088.32,1094.20,1105.42,1092.76,1070.09,1052.41,1041.59,1046.22,1068.79,1087.32,1103.78,1111.18,1116.56,1122.83,1129.98,1138.83,1150.66,1165.15,1178.21,1187.92,1189.27,1188.13,1187.00,1185.96,1184.75,1182.09,1181.35,1181.53,1180.18,1177.96,1178.65,1180.18,1179.65,1177.12,1173.75,1170.38,1169.03
1076.20,1089.24,1095.14,1090.93,1074.48,1067.22,1079.86,1088.63,1081.65,1073.16,1063.52,1066.49,1075.26,1079.16,1079.04,1065.76,1051.34,1039.57,1036.33,1039.25,1051.58,1065.78,1078.41,1089.14,1102.09,1116.90,1132.92,1140.79,1124.82,1109.24,1102.16,1100.64,1112.03,1119.33,1127.40,1129.75,1121.35,1105.73,1089.16,1068.61,1052.88,1042.98,1039.87,1044.92,1041.90,1025.59,1026.99,1037.05,1049.36,1062.00,1068.61,1061.76,1044.20,1029.06,1013.89,1002.93,994.10,986.02,983.64,986.68,988.58,986.28,986.58,991.35,998.86,1005.67,1005.88,996.66,982.21,963.83,949.15,947.81,942.46,945.54,958.91,967.03,975.03,985.12,998.09,1007.42,1013.34,1009.52,1000.00,989.49,988.40,992.85,994.45,989.36,980.86,968.35,960.68,955.92,951.33,950.17,950.13,950.33,950.82,951.38,951.95,952.87,954.30,955.99,957.74,960.38,962.88,965.52,972.28,987.02,1000.68,1012.73,1028.45,1036.76,1042.43,1051.01,1054.99,1056.07,1052.53,1057.75,1069.64,1081.39,1088.55,1083.02,1075.19,1062.17,1047.55,1043.63,1056.92,1069.78,1078.13,1084.87,1091.23,1092.29,1088.65,1077.75,1062.54,1046.72,1038.56,1032.57,1029.70,1032.41,1038.31,1040.13,1042.09,1048.85,1054.02,1060.02,1059.67,1066.80,1076.99,1071.97,1055.33,1039.99,1021.14,1007.10,991.69,978.13,974.27,970.78,968.93,969.65,974.38,976.54,972.38,969.67,969.91,971.97,977.86,988.03,976.37,967.28,967.09,968.45,969.59,970.39,971.02,971.37,972.06,972.74,973.11,973.42,974.62,975.70,976.21,976.40,976.22,975.92,975.89,976.06,976.34,977.28,978.60,979.23,980.63,983.10,986.35,989.71,995.11,1001.78,1009.31,1016.51,1024.97,1036.74,1047.32,1057.26,1066.71,1075.42,1083.81,1097.23,1109.63,1114.55,1118.43,1130.05,1130.71,1123.69,1118.86,1116.79,1117.41,1110.76,1094.95,1084.05,1087.26,1100.44,1091.53,1067.69,1049.32,1039.38,1045.73,1069.39,1086.23,1100.04,1106.92,1113.79,1121.08,1129.02,1137.00,1147.76,1163.42,1177.80,1186.32,1188.80,1188.19,1187.01,1185.66,1183.83,1179.53,1178.02,1178.50,1179.52,1176.99,1176.05,1178.93,1179.68,1176.78,1173.47,1169.66,1163.29
1067.69,1079.22,1086.81,1081.78,1066.29,1061.74,1078.05,1080.94,1068.64,1060.29,1051.69,1054.73,1057.64,1064.70,1066.55,1054.83,1040.37,1033.07,1032.55,1037.27,1049.01,1065.83,1080.70,1093.57,1108.84,1125.03,1134.85,1139.45,1126.05,1104.04,1089.95,1087.99,1096.71,1101.67,1111.88,1120.56,1117.98,1108.51,1093.79,1077.05,1060.86,1047.92,1032.19,1030.50,1029.03,1018.15,1024.93,1035.34,1047.68,1060.47,1064.40,1059.95,1046.29,1030.05,1014.13,1004.77,994.60,984.01,977.82,976.67,976.86,975.88,975.27,980.84,991.02,1003.22,1010.07,1005.19,986.40,964.16,946.37,942.91,939.59,942.44,956.05,964.99,971.95,978.03,984.42,997.85,1007.92,997.10,987.20,977.29,977.99,983.52,987.25,989.00,984.92,973.03,963.67,956.36,949.99,947.89,948.16,948.49,949.01,949.80,950.29,951.59,953.07,955.31,957.28,958.82,959.18,961.32,970.01,984.51,998.95,1013.44,1023.03,1022.46,1030.35,1036.25,1036.54,1036.02,1039.58,1050.44,1062.01,1076.09,1088.91,1087.56,1075.97,1062.10,1047.98,1037.30,1049.92,1059.99,1065.68,1076.97,1086.22,1089.15,1090.08,1081.19,1063.23,1045.21,1037.15,1034.61,1035.08,1038.57,1046.28,1051.64,1052.43,1058.23,1062.45,1072.25,1075.50,1072.17,1074.44,1072.07,1058.24,1045.59,1029.08,1010.10,993.85,979.49,972.95,969.37,967.70,968.28,970.10,971.42,969.78,968.70,968.37,969.22,975.43,986.08,979.52,966.49,965.93,967.11,968.22,969.19,969.97,970.06,970.38,971.20,970.58,971.32,973.76,975.25,975.80,975.97,975.77,975.44,975.11,974.98,975.59,976.35,977.23,978.40,980.13,982.95,986.47,990.12,996.87,1002.71,1008.09,1013.68,1022.33,1030.20,1037.96,1046.76,1055.63,1064.86,1076.30,1089.31,1097.53,1101.81,1115.03,1128.97,1129.51,1117.77,1105.62,1098.98,1104.29,1108.20,1095.57,1080.74,1079.73,1093.50,1087.56,1062.84,1042.03,1039.30,1051.28,1070.87,1085.90,1095.70,1103.64,1114.34,1123.10,1131.01,1137.71,1148.33,1165.64,1178.92,1185.14,1187.63,1188.12,1187.07,1185.44,1182.34,1176.62,1173.22,1174.85,1176.76,1174.35,1174.34,1177.54,1179.80,1177.73,1174.03,1169.89,1160.50
1060.30,1064.34,1073.22,1071.40,1055.76,1057.53,1073.46,1080.35,1067.44,1052.60,1043.39,1044.16,1043.75,1050.24,1050.75,1040.78,1031.95,1027.33,1029.57,1037.85,1052.78,1070.06,1086.13,1099.81,1113.33,1121.17,1123.23,1131.62,1128.56,1106.51,1087.36,1076.99,1081.57,1087.29,1097.63,1104.24,1104.56,1099.40,1088.87,1073.99,1060.46,1048.45,1032.11,1019.60,1016.13,1012.74,1019.47,1029.65,1040.65,1053.74,1059.32,1052.95,1044.77,1031.66,1018.47,1011.26,1001.80,990.64,980.39,975.80,969.83,966.89,966.36,969.44,980.18,993.36,1001.57,998.47,982.40,960.75,943.15,937.99,935.53,940.30,953.84,961.63,966.73,969.25,977.89,994.28,1001.78,990.74,979.55,970.03,968.58,970.93,977.74,981.67,984.02,979.20,967.74,958.31,949.61,946.27,946.31,946.62,947.04,947.77,949.56,950.40,951.88,954.35,956.14,956.44,957.30,960.46,969.83,985.86,1003.04,1014.51,1014.03,1009.27,1017.46,1021.63,1021.68,1025.32,1038.86,1056.28,1068.72,1079.55,1088.76,1086.90,1071.91,1058.98,1045.33,1031.71,1039.72,1047.89,1055.83,1067.49,1076.33,1083.05,1087.76,1076.98,1063.31,1047.53,1038.74,1039.08,1042.91,1049.45,1056.73,1062.26,1061.78,1062.27,1070.94,1079.87,1075.41,1062.36,1060.83,1061.16,1055.39,1049.86,1035.36,1015.93,999.48,986.86,973.62,968.05,966.26,967.02,968.42,968.75,968.05,967.28,967.32,968.57,971.36,978.72,974.88,964.78,964.77,965.77,966.85,967.90,968.68,968.69,967.89,968.90,969.20,971.10,974.39,975.17,975.48,975.62,975.50,975.20,974.60,974.70,975.13,975.65,976.14,977.63,979.49,982.28,986.74,991.26,996.88,1004.98,1015.39,1018.41,1019.16,1023.88,1028.27,1034.82,1043.83,1051.57,1063.77,1075.91,1087.52,1102.29,1116.28,1129.47,1130.95,1121.59,1108.73,1093.56,1089.13,1095.34,1089.73,1073.21,1073.81,1083.22,1073.73,1051.34,1037.45,1044.00,1058.91,1072.95,1085.05,1092.36,1102.69,1116.69,1126.13,1133.16,1139.65,1151.51,1166.45,1177.32,1183.91,1186.55,1187.36,1187.07,1184.76,1179.86,1172.74,1169.62,1172.98,1173.13,1171.07,1172.16,1175.54,1178.73,1176.90,1171.51,1166.96,1160.10
1055.34,1056.68,1062.89,1059.52,1047.35,1051.58,1064.85,1072.39,1067.57,1053.47,1039.20,1035.80,1034.14,1038.59,1037.66,1028.63,1023.06,1022.51,1029.37,1043.19,1057.38,1070.71,1086.66,1102.35,1106.02,1104.61,1108.97,1123.55,1127.29,1107.07,1086.03,1069.63,1068.37,1073.51,1084.72,1087.07,1087.20,1082.40,1078.39,1066.39,1054.28,1040.62,1027.29,1016.46,1008.40,1005.57,1013.35,1021.37,1032.44,1044.72,1047.44,1039.19,1035.78,1035.23,1030.30,1022.41,1012.70,999.08,990.49,984.62,973.96,962.92,960.18,961.88,969.80,980.36,986.82,984.35,973.07,955.51,940.69,935.60,931.98,936.00,946.41,955.29,959.81,959.82,971.39,986.75,995.47,993.29,983.70,970.39,961.83,960.60,965.67,970.81,978.71,981.63,973.65,961.45,949.76,945.30,944.48,944.76,945.12,946.09,947.82,949.09,951.07,953.32,953.86,954.29,956.42,959.67,970.20,986.24,1001.39,1009.87,1004.14,998.06,1005.10,1007.12,1015.24,1028.74,1046.48,1061.90,1070.60,1077.30,1085.28,1083.70,1072.78,1061.90,1046.43,1029.40,1033.11,1047.20,1056.32,1063.99,1073.90,1081.68,1079.63,1067.38,1058.69,1048.08,1042.47,1045.36,1052.87,1064.62,1070.97,1070.56,1064.70,1059.60,1064.51,1071.88,1063.34,1047.51,1044.65,1044.87,1040.87,1041.94,1038.64,1022.91,1007.33,992.89,974.10,967.18,964.88,965.81,967.15,967.13,966.41,965.74,966.52,967.86,968.85,968.25,965.85,963.20,963.87,964.62,965.53,966.58,967.30,966.84,966.15,967.22,969.68,972.50,974.59,975.02,975.24,975.28,975.23,974.88,973.71,974.00,974.48,974.71,975.30,977.22,979.04,981.72,985.82,989.96,994.81,1004.60,1021.41,1030.76,1028.72,1028.54,1034.90,1042.90,1049.19,1056.50,1062.83,1070.83,1086.62,1102.84,1116.40,1128.54,1128.38,1114.63,1102.82,1088.68,1079.43,1081.81,1077.23,1063.49,1063.03,1067.58,1058.45,1042.13,1037.85,1051.17,1066.67,1076.96,1084.36,1090.42,1101.63,1117.01,1126.08,1132.83,1139.19,1148.37,1160.11,1170.94,1180.18,1187.89,1188.93,1188.08,1185.10,1178.41,1171.59,1167.88,1170.54,1169.41,1168.46,1169.79,1173.05,1176.46,1176.05,1170.98,1165.79,1161.16
1050.58,1048.47,1051.61,1048.97,1040.32,1042.58,1052.34,1056.64,1053.87,1046.15,1033.12,1028.96,1026.09,1028.68,1028.32,1020.81,1015.39,1017.88,1025.93,1043.49,1062.48,1075.54,1085.47,1093.11,1087.93,1084.28,1098.00,1115.65,1121.33,1106.61,1085.87,1066.81,1058.85,1061.96,1065.45,1066.77,1066.63,1064.82,1063.66,1060.07,1049.00,1034.93,1024.62,1014.83,1003.28,998.88,1007.46,1017.96,1029.77,1037.44,1034.43,1028.23,1021.46,1028.18,1032.86,1030.40,1022.66,1010.08,1001.31,992.88,979.88,964.75,957.03,956.55,959.70,964.35,966.98,965.87,960.00,947.64,938.74,935.47,931.18,930.56,935.69,944.27,952.02,953.43,963.20,978.45,990.75,992.61,985.21,972.85,962.00,956.22,956.15,961.06,970.26,977.77,976.01,964.71,949.57,943.91,942.81,942.99,943.44,944.75,946.30,948.12,950.43,951.15,951.43,952.83,955.47,958.22,968.63,983.55,992.14,997.78,992.65,990.43,994.42,1001.71,1017.89,1031.14,1043.60,1054.33,1062.44,1070.98,1082.53,1075.44,1065.07,1055.87,1042.76,1026.60,1032.82,1051.00,1063.92,1070.34,1071.42,1074.12,1075.55,1064.68,1055.42,1049.13,1047.55,1051.15,1060.14,1075.01,1080.08,1071.44,1060.17,1048.86,1049.75,1056.73,1048.96,1032.36,1026.56,1022.12,1023.16,1033.75,1036.44,1022.08,1004.48,984.61,969.62,965.95,963.61,964.59,965.84,965.47,964.74,964.53,965.77,966.98,966.47,964.58,962.30,962.32,963.05,963.79,964.52,965.33,965.77,965.29,964.93,966.82,970.34,971.60,971.56,972.27,973.41,974.01,973.87,973.42,972.89,973.20,973.63,974.22,975.07,976.43,977.90,979.85,982.81,987.15,992.92,1002.67,1020.43,1033.11,1040.05,1044.82,1052.61,1060.19,1063.70,1070.90,1079.32,1083.88,1086.63,1098.70,1114.40,1124.70,1122.97,1108.75,1096.94,1087.68,1078.24,1072.28,1064.22,1055.26,1050.66,1049.48,1043.43,1036.76,1039.85,1052.53,1069.83,1080.12,1084.74,1088.62,1097.86,1110.89,1121.63,1128.86,1135.01,1140.88,1150.61,1161.51,1174.87,1186.57,1191.01,1190.57,1187.55,1179.99,1170.20,1164.87,1165.93,1165.92,1166.25,1168.90,1171.88,1173.72,1172.98,1171.14,1165.66,1162.34
1045.09,1041.70,1041.03,1038.43,1033.67,1034.73,1038.79,1041.75,1039.39,1033.38,1024.29,1021.60,1018.85,1018.08,1017.63,1011.97,1007.23,1013.57,1024.19,1038.11,1053.36,1064.10,1071.50,1070.92,1067.60,1066.69,1086.34,1106.47,1113.97,1104.94,1086.57,1065.02,1050.53,1050.94,1052.73,1053.44,1051.17,1052.10,1050.52,1050.05,1040.65,1029.17,1022.80,1012.52,999.81,994.69,1003.08,1015.04,1029.40,1030.17,1020.32,1011.88,1007.10,1017.26,1027.42,1030.30,1025.67,1015.73,1001.34,991.83,980.99,968.04,956.99,952.19,951.62,951.86,951.73,949.87,945.77,938.80,934.07,934.00,931.49,928.43,930.94,937.01,944.09,948.15,959.94,976.19,987.26,988.69,983.61,977.01,967.64,954.37,949.93,950.73,956.99,968.16,972.99,964.92,947.06,941.47,941.52,941.44,941.94,943.49,945.15,946.88,947.74,948.16,949.44,952.10,954.85,957.65,962.89,974.00,979.24,982.20,983.34,985.63,991.27,1001.86,1010.16,1021.60,1031.44,1046.21,1061.20,1070.31,1077.08,1069.00,1054.99,1046.32,1034.06,1021.13,1026.29,1044.62,1058.35,1059.11,1058.74,1068.85,1072.34,1064.31,1062.14,1057.74,1053.62,1055.67,1065.75,1081.00,1083.58,1071.33,1059.49,1038.29,1031.52,1038.33,1032.43,1018.95,1012.19,1006.24,1008.93,1023.68,1029.62,1016.06,991.67,972.59,967.19,964.20,962.21,963.39,964.46,963.84,963.14,963.68,965.04,965.27,963.38,961.41,960.93,961.53,962.22,962.89,963.49,964.11,964.22,963.96,963.65,965.54,968.72,968.41,968.51,969.00,969.72,970.11,970.65,971.36,972.14,972.64,973.16,973.84,974.34,974.89,975.84,977.88,980.79,985.68,991.85,1002.59,1018.51,1028.90,1039.82,1050.34,1058.99,1067.74,1075.40,1083.88,1092.72,1099.33,1099.74,1102.57,1114.52,1118.18,1115.45,1107.78,1101.81,1094.54,1084.71,1075.60,1066.80,1053.86,1042.48,1038.56,1036.70,1034.88,1042.08,1052.66,1069.12,1080.39,1081.48,1083.84,1091.53,1102.10,1112.89,1122.29,1129.71,1135.39,1140.90,1149.35,1161.00,1174.39,1185.15,1190.40,1189.10,1179.70,1168.57,1162.88,1161.25,1162.75,1165.15,1169.12,1171.35,1170.57,1169.02,1169.95,1163.91,1159.76
1042.55,1038.09,1036.80,1033.01,1028.16,1027.02,1027.98,1028.34,1024.88,1020.70,1017.54,1014.15,1010.30,1008.53,1007.22,1001.53,1000.26,1008.42,1019.36,1028.56,1038.52,1049.71,1050.49,1048.03,1046.30,1051.56,1071.96,1092.93,1102.51,1098.88,1086.45,1066.17,1050.00,1040.77,1040.04,1041.38,1039.32,1039.27,1038.31,1035.88,1029.55,1018.51,1014.57,1006.84,996.93,989.68,996.20,1009.51,1025.19,1022.72,1007.74,997.39,996.03,1011.07,1020.28,1023.30,1017.59,1006.36,993.71,980.44,970.14,963.92,956.11,948.83,945.56,943.90,941.82,939.37,936.97,933.05,929.66,931.23,929.83,927.29,929.47,933.25,937.88,944.50,955.94,973.12,982.75,981.76,973.75,970.95,967.96,953.71,946.15,944.49,946.33,955.84,964.74,958.82,941.48,940.08,940.44,940.13,940.50,941.87,943.45,944.23,944.67,945.23,948.80,951.95,954.36,956.49,959.93,966.46,972.29,976.87,980.30,980.60,988.13,995.65,1001.92,1012.58,1028.03,1045.07,1058.50,1066.28,1072.95,1070.58,1058.51,1046.10,1032.20,1019.48,1019.96,1037.81,1045.17,1048.42,1058.94,1071.75,1068.17,1055.68,1055.84,1059.39,1057.89,1062.48,1075.45,1087.35,1086.26,1072.70,1057.65,1032.90,1017.10,1017.92,1015.50,1005.37,996.67,991.18,995.17,1009.43,1018.13,1007.90,981.02,968.01,965.09,962.16,960.83,962.09,963.05,962.23,961.80,962.96,964.08,963.02,961.06,959.71,960.35,960.75,960.99,961.48,962.04,962.53,962.50,962.40,962.38,963.18,964.53,965.40,966.52,967.63,968.63,969.35,970.19,970.90,971.71,972.30,972.87,973.39,973.88,974.44,975.48,977.48,980.19,984.78,990.51,1001.51,1016.49,1025.12,1033.88,1045.17,1056.57,1068.70,1077.89,1088.25,1097.28,1106.44,1110.50,1110.55,1108.86,1105.83,1102.86,1096.05,1091.95,1087.89,1083.38,1076.99,1067.23,1053.47,1041.51,1036.77,1033.76,1034.83,1043.17,1053.09,1067.70,1076.82,1076.41,1078.58,1085.30,1092.87,1101.23,1111.04,1122.20,1131.71,1134.03,1137.19,1145.84,1156.71,1169.99,1180.90,1184.93,1176.67,1165.30,1160.63,1158.63,1160.10,1162.65,1168.20,1169.45,1166.14,1163.99,1165.50,1164.11,1158.33
1038.73,1035.26,1033.55,1031.25,1026.69,1022.15,1020.26,1020.20,1015.92,1011.25,1009.86,1007.09,1000.71,999.02,997.35,995.74,997.46,1003.57,1013.10,1018.36,1023.58,1029.48,1030.03,1029.40,1032.73,1042.25,1059.25,1075.30,1085.85,1085.71,1079.62,1071.21,1053.37,1037.02,1031.83,1033.46,1032.43,1028.76,1030.27,1025.66,1018.89,1013.02,1007.81,1003.18,994.23,986.31,988.78,1001.40,1017.67,1013.83,996.49,984.60,985.57,1001.74,1009.18,1008.16,1002.05,994.34,980.00,966.61,955.59,952.35,949.23,945.25,941.29,938.66,936.44,934.35,932.35,929.82,927.66,928.11,926.71,925.90,928.77,932.58,937.05,944.53,956.04,968.60,977.11,972.88,966.34,957.69,960.70,956.33,947.26,940.25,939.32,945.44,953.24,947.67,937.87,938.52,938.70,938.39,939.04,939.83,940.64,941.11,941.58,942.07,946.82,950.95,951.79,953.50,958.52,966.55,971.68,973.99,976.84,984.48,993.38,1000.20,1011.91,1022.74,1032.85,1042.53,1054.99,1067.34,1071.89,1070.10,1059.47,1049.57,1034.79,1019.07,1015.49,1029.44,1039.71,1049.65,1063.52,1074.38,1066.69,1050.84,1046.87,1052.15,1054.61,1064.22,1078.44,1089.06,1083.07,1068.54,1053.03,1031.35,1010.21,1001.30,998.69,989.05,982.58,981.24,984.42,994.64,1003.98,997.17,971.31,960.80,961.26,959.67,959.07,960.73,961.71,960.71,960.77,962.14,962.57,960.96,958.96,958.78,959.58,960.14,960.37,960.26,960.67,960.77,960.71,960.93,961.81,963.29,964.50,965.49,966.49,967.35,968.36,969.44,970.26,971.00,971.83,972.52,973.14,973.76,974.31,974.92,976.19,977.71,979.73,983.86,989.34,998.13,1010.44,1020.00,1029.79,1044.39,1055.74,1065.57,1073.78,1081.59,1090.78,1098.98,1101.51,1098.93,1095.36,1100.50,1095.32,1084.73,1076.32,1071.28,1070.46,1069.59,1064.47,1052.90,1040.47,1035.24,1032.21,1035.34,1043.13,1053.86,1067.91,1072.92,1070.69,1073.03,1079.73,1086.15,1093.44,1103.41,1116.78,1127.26,1127.88,1129.24,1135.59,1144.67,1156.12,1170.25,1175.88,1170.21,1160.28,1156.44,1156.17,1157.70,1159.51,1164.41,1164.64,1161.19,1157.16,1155.54,1155.41,1153.69
1034.40,1030.19,1029.11,1028.30,1023.77,1020.56,1017.20,1014.36,1010.14,1005.17,1003.09,1000.21,993.99,991.42,988.83,987.39,991.51,998.29,1005.47,1010.05,1013.10,1014.90,1014.40,1014.41,1022.97,1034.29,1045.51,1056.81,1068.26,1068.98,1063.60,1062.12,1051.25,1035.77,1025.62,1024.18,1024.48,1019.37,1021.22,1018.61,1011.52,1008.13,1005.87,1002.19,991.76,983.42,982.70,995.55,1009.56,1007.97,993.09,978.26,976.76,989.26,996.77,995.21,991.61,983.94,969.34,959.42,950.82,941.93,939.64,939.00,936.99,934.87,932.68,930.28,928.94,928.08,926.31,924.85,923.64,924.77,928.39,932.31,937.12,947.05,960.44,972.24,971.92,962.53,960.84,951.46,951.07,955.63,951.15,941.56,937.42,938.28,942.05,939.13,935.76,935.75,935.85,936.10,936.74,937.62,938.40,938.90,939.17,939.43,940.34,944.13,947.80,952.04,958.56,964.08,967.95,971.14,978.32,988.81,997.71,1006.83,1020.42,1033.31,1046.22,1054.93,1061.85,1068.35,1065.19,1061.12,1053.84,1043.73,1030.35,1014.39,1015.62,1037.00,1050.11,1054.22,1064.26,1074.53,1069.72,1053.65,1041.18,1041.70,1050.13,1060.04,1070.77,1081.38,1075.59,1061.58,1045.41,1027.66,1009.72,991.04,982.82,977.79,974.03,973.82,973.54,979.30,989.06,982.26,962.39,956.91,957.93,957.00,956.97,959.23,960.30,958.80,959.34,960.81,961.20,959.38,957.31,957.73,958.46,959.17,959.79,959.78,959.31,959.32,959.75,960.85,962.36,963.91,965.05,966.08,967.15,967.96,968.92,970.04,970.64,971.36,972.13,972.86,973.50,974.12,974.75,975.29,976.23,977.77,979.22,981.23,986.96,994.59,1001.51,1013.26,1024.58,1038.66,1049.86,1057.38,1065.38,1073.03,1080.91,1088.30,1090.37,1086.87,1087.74,1100.77,1096.31,1083.24,1069.39,1058.16,1053.03,1053.93,1054.97,1049.54,1038.45,1033.22,1031.30,1036.18,1043.13,1053.14,1066.11,1068.57,1066.08,1068.39,1073.45,1080.96,1089.52,1101.63,1115.51,1123.57,1123.55,1124.87,1128.40,1135.39,1147.31,1159.86,1165.65,1161.88,1155.56,1153.23,1154.44,1156.82,1158.85,1159.86,1158.35,1153.71,1149.78,1148.81,1148.77,1149.40
1032.12,1025.60,1020.90,1020.77,1019.13,1017.20,1015.07,1012.63,1008.15,1000.34,997.51,994.22,990.36,987.97,984.38,980.29,982.29,989.73,992.94,997.87,1001.19,1002.26,1002.49,1005.71,1015.56,1028.09,1036.38,1045.46,1055.78,1056.93,1052.26,1051.29,1045.60,1033.34,1020.39,1015.90,1014.81,1011.51,1012.73,1010.27,1005.62,1002.74,1002.40,1000.31,990.01,979.91,978.20,990.89,1002.47,1004.54,991.41,976.12,968.11,974.38,982.28,981.50,978.27,973.11,961.65,950.19,944.06,936.19,931.72,931.08,931.04,930.65,929.65,927.99,926.56,926.17,925.04,923.14,921.94,924.10,927.97,931.89,936.59,946.91,963.83,972.15,968.58,955.56,952.51,948.29,944.69,951.34,952.44,943.74,936.91,935.14,936.21,934.99,933.51,933.92,934.25,934.53,934.85,935.75,936.55,937.22,937.53,937.83,938.78,942.91,948.08,952.95,958.32,962.72,966.39,970.63,976.76,984.52,994.03,1003.69,1014.00,1027.68,1039.57,1047.70,1056.69,1064.11,1056.73,1050.00,1048.83,1034.40,1022.95,1008.09,1015.28,1036.88,1048.15,1059.85,1069.98,1073.26,1068.85,1057.47,1042.65,1036.08,1044.40,1055.40,1066.48,1071.68,1062.28,1049.20,1033.86,1019.48,1001.38,985.36,977.08,973.04,968.03,966.55,965.61,966.63,975.60,969.31,957.64,953.76,954.97,954.08,955.29,957.72,958.54,957.39,957.23,959.02,959.59,956.64,956.12,956.59,957.26,957.98,958.45,958.47,958.22,959.56,960.73,961.83,963.14,964.50,965.63,966.71,967.83,968.69,969.34,970.24,970.94,971.70,972.45,973.25,973.94,974.58,975.16,975.64,976.19,977.30,978.43,979.42,983.74,992.29,997.39,1006.50,1017.78,1032.03,1042.21,1047.07,1051.53,1058.86,1066.99,1073.21,1073.11,1075.85,1089.54,1100.97,1096.17,1084.18,1067.53,1051.77,1044.80,1042.91,1043.24,1040.84,1034.11,1030.04,1030.84,1036.35,1043.61,1052.79,1059.84,1061.59,1061.73,1064.87,1069.18,1078.13,1089.24,1102.54,1114.93,1119.76,1119.35,1120.55,1123.80,1128.63,1141.52,1153.20,1157.02,1153.62,1150.27,1151.88,1154.33,1156.20,1156.95,1155.22,1152.35,1148.65,1146.74,1146.95,1147.94,1149.14
1027.24,1021.62,1017.56,1016.27,1015.13,1013.37,1011.56,1007.89,1001.30,997.72,999.09,1001.40,999.11,993.50,987.00,979.78,977.59,979.26,983.53,986.37,988.17,990.91,994.10,1001.65,1009.43,1020.55,1030.09,1036.06,1042.73,1041.68,1038.41,1036.80,1037.18,1029.95,1017.65,1011.53,1007.59,1004.39,1003.08,1001.79,999.25,995.94,996.27,994.54,986.26,977.10,975.32,986.43,997.26,1001.31,991.76,977.75,965.61,962.42,967.96,968.48,965.21,961.37,953.06,942.07,935.87,930.24,926.34,925.44,925.75,926.13,926.34,925.92,924.40,923.72,923.48,921.74,920.54,923.07,926.53,928.95,935.58,948.18,964.21,970.72,965.47,954.86,945.85,942.00,939.71,947.02,951.33,942.57,935.74,932.34,932.14,931.55,931.82,932.55,932.98,933.11,933.30,933.95,934.68,935.45,935.91,936.63,938.96,943.63,949.54,954.81,960.29,966.01,969.57,972.15,975.87,981.20,987.29,995.35,1005.25,1016.01,1027.03,1036.91,1051.03,1061.36,1053.59,1039.85,1037.56,1024.68,1010.20,1000.60,1010.25,1028.97,1042.89,1055.94,1069.76,1066.31,1059.65,1052.17,1038.65,1031.56,1041.71,1055.01,1064.10,1062.06,1049.51,1034.03,1021.37,1009.54,993.57,981.02,974.22,970.41,964.70,960.21,959.66,958.92,963.82,959.73,952.39,951.12,951.45,951.72,954.01,956.07,955.97,955.32,954.91,955.75,955.60,954.83,955.23,955.62,956.12,956.78,956.97,957.35,958.62,960.25,961.56,962.76,963.94,965.13,966.28,967.37,968.46,969.40,969.90,970.53,971.27,972.01,972.86,973.74,974.42,975.06,975.62,976.11,976.60,977.05,977.76,978.79,981.36,990.06,995.01,999.72,1005.95,1020.58,1032.48,1037.60,1040.61,1044.77,1050.97,1057.01,1063.30,1076.05,1087.24,1096.80,1090.66,1076.05,1059.13,1045.18,1037.43,1033.37,1033.62,1033.91,1030.08,1028.86,1033.05,1039.01,1044.77,1051.33,1055.62,1057.24,1059.22,1063.56,1070.37,1081.55,1093.17,1104.49,1112.17,1114.93,1116.07,1117.63,1120.50,1126.79,1137.81,1148.56,1150.07,1147.83,1148.93,1150.97,1152.10,1154.51,1154.47,1151.69,1148.39,1145.51,1145.75,1148.26,1149.37,1149.89
1019.51,1017.26,1015.09,1013.25,1011.65,1009.60,1007.87,1005.84,1007.09,1013.13,1021.36,1018.76,1005.30,995.57,988.54,983.32,978.33,975.29,976.15,978.99,979.49,982.80,988.67,997.01,1004.97,1014.38,1023.58,1028.09,1030.14,1028.39,1025.18,1024.91,1029.59,1031.61,1020.51,1012.04,1005.20,1000.13,996.10,993.76,992.43,989.47,987.99,986.90,981.54,973.39,970.19,978.95,988.81,994.51,994.75,985.88,967.44,955.01,955.06,956.95,954.82,949.40,939.35,930.19,927.18,923.99,921.60,920.80,921.15,921.62,922.04,922.60,922.33,921.18,921.31,920.35,919.47,921.77,924.95,928.96,942.28,955.08,964.30,967.70,964.78,958.57,947.33,938.43,936.64,942.47,948.81,939.26,933.57,930.39,930.04,929.98,930.59,931.23,931.67,931.84,932.02,932.61,933.14,933.73,934.51,936.58,938.91,940.19,945.83,954.94,964.45,973.42,983.97,985.07,981.94,988.07,994.10,997.03,1004.15,1015.71,1026.03,1037.25,1049.54,1058.64,1047.85,1033.05,1024.92,1015.40,1000.73,997.61,1013.42,1032.13,1048.60,1061.36,1064.53,1056.96,1049.58,1039.51,1028.77,1029.55,1040.46,1053.79,1062.30,1060.36,1045.44,1029.19,1014.82,1002.05,988.11,978.24,971.37,965.27,959.88,956.42,956.07,954.37,952.87,949.92,948.81,949.52,949.58,950.54,952.83,954.09,953.69,953.09,952.88,952.99,953.43,953.93,954.38,954.75,955.14,955.69,956.48,957.77,959.19,960.63,961.84,963.05,964.25,965.52,966.76,967.96,969.13,970.08,970.61,971.12,971.63,972.37,973.31,974.24,975.01,975.45,976.03,976.66,977.15,977.55,977.88,978.51,980.22,988.17,993.12,996.78,1001.12,1011.71,1023.34,1028.23,1031.43,1037.61,1046.11,1055.94,1067.63,1076.07,1082.72,1092.58,1087.94,1067.88,1047.53,1034.40,1029.59,1028.76,1028.66,1028.81,1028.14,1032.04,1042.63,1048.23,1051.56,1054.82,1056.18,1057.60,1058.40,1062.61,1070.48,1082.72,1091.99,1100.19,1106.13,1111.02,1113.37,1115.28,1119.09,1127.59,1138.20,1146.22,1146.11,1145.34,1148.69,1148.32,1150.77,1152.58,1152.19,1149.63,1145.72,1143.85,1147.32,1149.97,1150.48,1151.00
1019.07,1017.62,1017.91,1018.39,1018.14,1018.09,1019.70,1020.24,1023.80,1029.77,1031.66,1022.29,1008.61,997.64,992.51,988.75,981.57,977.34,972.94,970.74,972.32,977.17,982.67,989.27,999.33,1009.45,1017.29,1020.14,1020.44,1018.64,1015.74,1014.16,1017.52,1026.75,1025.27,1015.02,1004.54,996.76,991.02,987.85,985.72,983.72,981.03,978.66,974.86,968.96,966.46,970.33,978.40,984.97,992.24,990.50,972.13,956.00,947.05,946.18,945.30,939.19,930.02,922.72,920.72,919.20,918.60,918.54,918.86,918.98,919.17,919.47,919.71,918.42,917.65,917.86,919.02,922.03,925.80,930.39,944.74,959.70,965.10,962.35,959.18,954.65,945.91,937.67,934.03,938.25,941.25,932.15,929.38,928.69,928.05,929.92,930.39,930.67,931.12,931.03,930.70,931.50,932.02,932.50,934.12,936.63,937.66,937.52,941.20,953.14,964.97,975.65,989.39,997.72,994.25,997.17,1008.70,1014.47,1018.40,1027.73,1037.95,1045.69,1051.86,1053.58,1045.45,1032.48,1019.86,1005.85,993.00,999.64,1019.41,1040.26,1055.73,1062.19,1056.67,1047.58,1037.85,1026.08,1021.55,1030.44,1041.30,1054.66,1062.27,1062.18,1051.43,1034.57,1022.92,1007.55,992.03,980.58,971.35,962.67,956.68,953.65,952.50,951.24,949.11,947.61,947.80,948.47,948.86,949.59,951.44,951.84,951.31,951.13,951.48,952.04,952.68,953.11,953.56,954.11,954.89,955.87,956.97,958.19,959.54,960.75,961.86,963.05,964.24,965.51,966.80,968.07,969.32,970.49,971.30,971.91,972.38,972.84,973.64,974.66,975.66,976.03,976.31,976.94,977.65,978.14,978.54,978.86,979.99,987.31,993.11,997.73,1002.11,1007.63,1014.65,1022.46,1033.42,1045.99,1055.06,1064.87,1072.05,1077.78,1086.37,1091.66,1090.02,1073.50,1050.15,1031.41,1027.84,1026.83,1026.23,1027.82,1033.53,1045.59,1057.07,1062.55,1066.20,1066.89,1064.33,1063.15,1059.98,1061.26,1067.96,1078.91,1087.20,1093.49,1099.20,1106.62,1110.43,1113.93,1121.03,1128.60,1138.87,1144.47,1142.37,1142.73,1145.00,1145.23,1148.56,1149.53,1148.58,1146.19,1143.12,1143.76,1149.07,1149.93,1149.40,1149.57
1027.74,1026.96,1029.61,1033.72,1034.57,1032.93,1032.23,1030.50,1031.88,1036.01,1034.96,1022.24,1010.67,1002.28,997.44,993.23,986.25,980.49,975.42,971.33,968.19,971.29,973.80,980.28,990.82,1000.18,1006.11,1009.17,1011.76,1009.88,1006.63,1003.69,1007.24,1016.91,1020.45,1014.00,1001.85,992.60,984.53,982.20,980.16,977.63,975.74,973.60,969.74,965.39,962.56,963.22,966.69,973.35,987.30,989.88,978.44,964.41,950.76,942.97,937.02,930.79,924.44,919.35,917.63,917.10,916.75,916.92,917.42,917.47,917.49,917.50,916.98,915.70,914.98,916.72,918.81,921.91,926.02,933.58,949.29,959.27,963.11,959.76,956.70,952.79,945.63,936.29,930.93,931.73,932.58,928.84,927.24,926.54,926.57,928.42,929.66,930.32,930.75,930.31,929.58,930.35,930.65,931.68,934.13,935.92,935.70,935.92,938.28,948.73,963.99,976.15,989.62,1001.73,1004.16,1005.59,1016.16,1025.98,1031.51,1035.77,1041.29,1046.72,1050.51,1045.50,1040.78,1032.58,1020.69,1005.79,990.66,1000.47,1022.07,1042.54,1057.33,1055.21,1045.63,1036.00,1024.37,1013.35,1016.49,1030.69,1043.85,1055.16,1062.03,1065.09,1060.00,1048.17,1035.56,1018.84,1000.53,983.14,969.68,960.05,953.23,950.76,949.45,948.43,947.38,946.44,946.84,947.41,947.99,948.74,949.63,949.79,949.60,950.09,950.85,951.48,952.00,952.44,953.02,954.39,955.46,956.45,957.49,958.65,959.87,961.00,962.15,963.29,964.44,965.63,966.77,967.91,969.16,970.45,971.39,972.31,973.12,973.70,974.04,974.78,975.79,976.64,976.99,977.23,977.77,978.66,979.25,979.57,981.58,986.86,992.57,998.29,1004.43,1008.21,1012.42,1024.14,1035.33,1044.61,1050.38,1056.79,1064.20,1071.52,1081.05,1083.79,1081.09,1066.68,1046.57,1028.92,1026.09,1024.97,1027.93,1038.14,1049.21,1059.64,1066.93,1072.99,1078.53,1079.97,1078.54,1072.40,1065.13,1062.73,1067.38,1074.77,1082.89,1088.30,1094.28,1101.18,1107.34,1116.55,1125.83,1132.01,1139.63,1141.94,1138.74,1140.24,1141.60,1141.27,1141.60,1141.42,1139.91,1140.17,1140.17,1142.71,1148.86,1147.03,1145.18,1146.58
1039.54,1038.22,1038.89,1042.62,1043.96,1042.13,1038.18,1035.49,1036.76,1040.39,1039.05,1028.36,1022.52,1013.25,1008.69,1000.36,991.37,985.59,979.22,974.33,968.13,965.43,967.27,972.35,980.90,985.49,989.47,995.50,998.24,996.26,994.05,993.18,997.11,1003.72,1008.87,1006.07,999.50,990.07,977.41,974.48,974.07,972.23,969.86,968.79,965.94,961.95,958.79,957.58,958.74,969.71,982.96,985.72,982.58,975.33,962.35,950.45,941.81,932.57,921.98,917.95,915.92,915.08,914.89,915.29,915.85,915.96,915.50,914.77,914.11,913.41,914.24,916.13,917.96,919.97,924.20,932.89,947.94,957.51,963.93,963.26,961.58,960.31,953.45,938.42,929.81,928.00,928.19,927.18,925.63,924.53,925.31,927.19,929.06,929.97,930.29,929.99,927.52,928.29,929.49,931.56,933.90,934.10,933.58,934.47,937.56,948.64,963.12,974.25,986.44,999.61,1006.56,1013.74,1021.00,1024.89,1028.03,1028.63,1025.42,1032.85,1040.82,1033.69,1029.91,1023.68,1015.14,1000.99,988.13,1002.35,1023.21,1043.17,1051.81,1042.51,1033.27,1023.77,1012.41,1006.09,1012.94,1025.80,1035.92,1050.01,1060.52,1069.68,1070.63,1060.97,1046.19,1028.61,1006.54,983.81,966.44,956.95,949.96,948.59,947.65,946.68,945.72,945.47,946.17,946.74,947.25,947.71,948.29,948.65,949.21,949.78,950.32,950.91,951.47,951.88,952.38,953.99,955.84,957.03,958.05,959.13,960.31,961.46,962.62,963.75,964.93,966.19,967.47,968.52,969.41,970.48,971.40,972.32,973.25,974.17,974.88,975.27,976.04,976.93,977.68,977.96,978.12,978.68,979.86,981.12,983.24,987.30,990.77,998.64,1010.11,1015.95,1019.15,1022.28,1028.70,1035.56,1041.26,1048.99,1059.26,1068.34,1069.51,1066.39,1059.92,1044.19,1029.80,1024.45,1024.18,1029.43,1044.26,1055.82,1063.06,1071.84,1077.32,1080.15,1081.97,1081.99,1080.36,1075.08,1069.14,1066.42,1072.65,1080.75,1086.01,1090.81,1096.79,1102.48,1109.97,1121.00,1130.30,1135.01,1140.20,1139.28,1134.01,1134.83,1137.26,1137.67,1136.85,1135.98,1136.59,1138.24,1140.50,1143.83,1146.32,1143.05,1141.28,1144.36
1048.53,1046.95,1045.56,1049.04,1050.92,1049.47,1044.39,1039.92,1041.04,1044.95,1044.13,1036.88,1027.27,1024.75,1022.35,1009.04,1000.38,994.91,987.21,979.27,971.27,963.76,963.23,963.24,966.17,970.20,973.95,979.82,983.33,984.31,984.67,985.90,988.11,992.80,997.23,995.49,992.52,982.56,969.95,966.30,967.08,966.88,964.51,963.55,962.10,959.13,955.11,952.97,953.72,964.93,975.69,977.04,972.45,969.47,964.76,959.33,950.41,938.62,923.63,916.82,914.48,913.18,913.08,913.54,914.26,914.27,913.86,912.31,911.52,911.77,913.16,914.85,916.69,918.31,920.19,928.65,943.33,955.68,963.91,965.09,962.87,959.74,950.82,938.83,929.74,926.36,925.52,924.80,923.87,922.99,924.17,925.91,927.65,928.67,928.56,927.07,925.63,927.53,929.53,931.55,932.81,931.93,931.60,932.58,935.96,944.24,955.14,964.42,976.17,990.10,999.72,1010.43,1016.76,1016.69,1017.75,1012.86,1009.41,1021.12,1029.79,1020.95,1016.90,1013.23,1004.19,990.09,991.02,1009.31,1026.57,1043.92,1044.04,1027.94,1019.49,1012.92,1003.30,1002.32,1010.48,1018.99,1028.86,1042.28,1057.74,1070.88,1077.59,1069.74,1053.79,1034.35,1007.19,985.47,968.01,954.94,948.30,946.88,945.97,945.15,944.65,944.89,945.55,946.13,946.63,947.24,948.00,948.75,949.40,949.72,949.99,950.57,951.05,951.39,951.76,953.09,955.15,957.20,958.57,959.73,961.06,962.13,963.21,964.33,965.45,966.63,967.88,969.14,970.32,971.03,971.78,972.58,973.40,974.31,975.35,975.99,976.56,977.36,978.15,978.70,978.91,979.07,980.75,982.85,984.63,987.04,989.02,995.71,1009.50,1023.01,1031.23,1033.38,1031.20,1042.91,1050.79,1057.80,1064.67,1060.67,1052.54,1045.79,1035.14,1027.48,1022.93,1024.39,1029.08,1044.86,1060.57,1070.65,1077.35,1080.49,1081.43,1082.32,1083.61,1082.40,1079.65,1078.07,1074.38,1070.22,1077.20,1084.94,1090.39,1095.91,1101.75,1106.94,1113.94,1123.09,1131.44,1135.19,1136.64,1135.22,1129.61,1129.83,1132.97,1133.86,1133.51,1135.08,1138.20,1140.39,1141.83,1144.14,1143.85,1140.76,1139.25,1141.24
1056.32,1053.35,1051.19,1054.96,1059.07,1056.46,1050.12,1045.65,1046.56,1049.83,1047.48,1041.49,1034.75,1033.19,1026.75,1014.57,1005.71,998.12,989.13,980.63,973.66,965.55,959.56,957.00,957.91,960.63,963.53,966.76,970.58,972.49,976.12,980.33,983.70,987.31,987.41,981.36,977.10,971.26,961.18,958.83,960.55,961.51,959.23,957.88,957.47,956.24,953.28,949.13,948.49,955.09,965.13,965.12,958.55,956.27,955.27,952.80,948.35,941.09,927.24,917.19,913.37,911.38,911.31,911.91,912.84,912.27,912.43,910.67,910.06,910.91,912.22,913.73,915.43,916.97,918.66,927.76,944.39,953.98,960.62,963.39,960.50,953.44,945.44,937.50,929.46,925.80,923.25,922.35,921.57,921.63,923.02,924.55,926.09,926.62,924.85,923.23,924.89,927.22,929.40,930.79,931.20,930.24,929.64,930.05,933.83,941.56,951.29,964.18,975.62,985.88,999.06,1008.60,1008.53,1004.18,1004.56,997.58,997.90,1014.17,1022.89,1017.00,1009.07,1003.34,991.20,981.02,995.06,1012.49,1028.70,1042.51,1037.36,1019.74,1007.55,1001.94,995.25,998.74,1006.88,1015.15,1027.41,1038.86,1056.14,1073.11,1081.41,1072.49,1054.07,1033.70,1012.68,996.88,974.43,953.38,946.34,945.20,944.67,944.36,944.07,944.49,945.12,945.72,946.54,947.50,948.33,949.10,949.73,949.97,950.01,950.35,950.66,950.94,951.18,952.33,954.14,956.34,958.50,960.28,961.74,962.81,963.88,964.96,966.04,967.12,968.18,969.31,970.61,971.49,972.27,973.01,973.76,974.56,975.60,976.46,977.13,977.82,978.51,979.10,979.64,979.93,981.41,983.23,984.81,986.36,988.09,991.53,1004.24,1021.98,1036.51,1045.51,1042.91,1045.16,1059.19,1063.83,1062.14,1045.35,1032.24,1026.65,1022.41,1020.43,1021.98,1029.73,1040.78,1053.54,1066.84,1077.69,1081.27,1082.27,1083.03,1083.98,1084.99,1083.99,1082.22,1082.33,1080.12,1075.67,1080.88,1087.45,1093.14,1098.40,1104.01,1109.65,1115.54,1122.14,1128.81,1130.32,1127.78,1128.27,1124.82,1127.03,1129.27,1130.66,1132.14,1135.32,1138.51,1140.69,1142.42,1143.11,1142.34,1139.95,1137.47,1138.00
1064.05,1058.34,1057.86,1059.82,1062.95,1059.02,1053.98,1051.55,1051.82,1050.90,1047.54,1044.05,1040.24,1033.43,1022.72,1013.34,1004.05,994.70,986.70,979.00,973.21,966.96,961.37,956.49,954.01,955.63,957.42,958.16,961.19,964.41,968.25,973.04,978.56,980.69,981.65,971.71,964.62,958.72,952.21,952.44,955.14,955.88,953.97,951.54,951.65,951.04,951.90,947.79,945.19,948.76,955.71,954.76,946.55,943.02,942.45,940.68,937.94,934.85,926.93,916.90,912.13,909.83,909.48,910.53,911.41,910.30,909.96,909.19,909.64,910.27,911.21,912.79,914.56,916.56,918.57,925.68,939.76,946.87,951.98,957.95,958.11,952.29,945.93,936.87,928.87,925.22,922.01,920.61,919.98,920.64,921.84,923.27,924.65,924.16,922.14,921.20,923.79,926.47,928.16,928.55,928.80,928.83,928.10,929.38,936.64,949.31,964.92,978.60,986.34,992.94,1000.41,999.89,994.54,990.64,990.65,985.07,988.60,1002.13,1015.61,1013.69,1004.14,993.68,979.10,979.70,996.13,1011.83,1029.26,1039.97,1029.79,1013.11,997.68,988.40,988.68,996.06,1004.57,1014.78,1028.35,1039.57,1058.54,1076.37,1083.74,1073.68,1053.46,1035.18,1019.30,1000.15,973.64,950.74,945.01,943.92,943.72,943.68,943.57,944.25,945.13,946.01,946.94,947.83,948.56,949.26,949.88,950.00,950.00,950.09,950.29,950.52,950.67,951.59,953.28,955.27,957.56,960.08,961.73,962.82,963.89,964.97,966.08,967.17,968.23,969.29,970.28,971.13,971.97,972.75,973.50,974.33,975.24,975.96,976.81,977.62,978.42,979.20,979.90,980.21,981.52,983.14,984.39,985.92,987.57,989.46,1002.15,1023.40,1039.22,1049.75,1051.72,1047.33,1057.92,1063.30,1052.19,1031.61,1022.27,1017.74,1017.47,1018.88,1025.49,1042.93,1056.13,1063.57,1072.74,1080.07,1082.32,1083.79,1084.69,1085.63,1086.58,1086.51,1085.46,1084.55,1082.29,1079.91,1083.86,1089.85,1095.29,1100.48,1105.38,1109.48,1114.13,1118.63,1119.84,1122.63,1121.91,1119.86,1121.68,1124.33,1126.83,1129.18,1131.91,1135.04,1137.51,1139.85,1141.11,1141.13,1140.40,1138.52,1135.88,1135.89
1070.04,1065.68,1065.59,1065.33,1066.77,1062.34,1058.70,1055.94,1052.20,1047.35,1044.14,1041.55,1035.56,1026.96,1017.61,1009.09,1000.46,993.89,989.01,982.99,975.79,968.59,963.39,959.02,952.53,951.24,952.45,952.07,955.17,959.03,962.91,965.86,968.29,974.13,973.61,964.83,956.08,948.43,944.25,946.19,949.66,949.97,949.27,946.22,945.81,946.54,948.90,946.46,941.85,942.96,946.75,944.91,937.11,933.39,931.05,926.79,922.90,920.87,918.40,912.53,909.08,908.22,907.60,909.00,909.95,908.44,906.33,905.12,906.66,908.61,910.52,912.59,914.66,916.59,918.17,922.13,932.65,938.41,944.89,956.21,957.25,949.99,944.97,935.39,925.35,921.62,920.75,919.12,918.48,919.68,920.50,921.63,923.14,922.16,919.70,920.25,922.92,925.39,926.06,926.33,926.62,926.58,927.04,930.33,941.50,957.96,972.45,983.24,988.98,991.67,993.94,989.36,981.53,978.35,977.83,974.93,981.43,996.92,1011.28,1009.16,997.90,981.57,972.58,983.29,1002.29,1018.11,1032.04,1031.91,1016.48,1001.85,987.06,979.78,983.99,994.01,1004.70,1016.28,1030.83,1044.17,1064.86,1079.38,1080.46,1074.38,1059.60,1039.79,1019.48,996.02,968.92,948.66,944.36,942.89,942.57,942.76,943.33,944.59,945.49,946.20,946.87,947.45,947.94,948.58,949.27,949.96,950.00,950.00,950.02,950.13,950.24,950.86,952.50,954.21,957.13,960.13,961.46,962.44,963.46,964.64,965.78,966.84,967.91,968.95,969.96,970.82,971.60,972.37,973.10,973.94,974.81,975.64,976.45,977.25,978.29,979.26,980.02,980.37,981.47,982.71,983.94,985.49,987.13,988.76,997.98,1020.39,1042.41,1054.06,1058.49,1057.52,1061.43,1057.77,1038.19,1022.67,1014.49,1015.86,1018.51,1023.25,1033.49,1052.99,1066.56,1073.17,1078.97,1081.79,1083.59,1085.26,1086.32,1087.24,1088.06,1088.33,1087.76,1086.97,1085.24,1084.17,1089.35,1093.98,1098.10,1101.76,1103.93,1106.43,1110.74,1113.90,1114.30,1116.04,1115.37,1116.79,1121.04,1124.07,1127.42,1130.07,1132.72,1135.39,1137.39,1138.61,1139.19,1139.00,1137.91,1136.26,1134.00,1133.20
1074.96,1073.08,1072.36,1071.27,1070.68,1065.51,1058.48,1051.23,1046.22,1041.71,1039.74,1037.66,1032.88,1026.35,1019.76,1011.03,1003.40,997.11,990.58,981.70,974.06,969.30,967.45,959.84,951.33,948.07,947.41,946.26,949.15,952.01,956.07,959.91,965.28,969.74,962.85,954.57,946.53,940.11,938.21,939.81,942.63,943.39,944.60,941.80,940.47,942.59,942.89,943.12,938.79,936.98,938.25,934.97,929.71,926.09,922.03,917.78,914.03,911.50,910.75,909.24,907.74,906.59,905.87,906.89,907.65,906.03,903.62,902.06,903.98,907.71,910.84,912.71,914.09,915.31,916.74,919.07,926.18,933.69,943.11,956.11,951.83,941.53,937.43,929.56,920.37,918.48,918.49,917.45,916.93,917.84,919.21,920.43,921.93,920.36,918.15,919.94,922.48,923.49,923.84,924.16,924.44,925.13,926.99,930.49,943.53,958.85,970.31,977.33,979.47,983.16,986.06,979.61,971.97,968.36,967.16,967.98,980.76,995.34,1006.89,1002.44,987.46,970.50,972.89,986.75,1001.68,1017.07,1030.78,1024.66,1005.88,991.94,981.26,975.81,981.00,991.66,1004.68,1017.44,1032.98,1050.44,1070.41,1078.76,1066.54,1061.94,1058.36,1041.74,1016.34,990.01,963.43,946.08,942.63,941.45,941.69,942.31,943.06,944.10,944.98,945.66,946.36,946.88,947.09,947.63,948.38,949.29,949.39,949.16,949.33,949.58,949.75,949.87,950.57,952.28,955.84,959.22,960.45,961.63,962.94,964.25,965.40,966.44,967.50,968.58,969.63,970.48,971.25,972.06,972.94,973.88,974.80,975.50,976.25,976.95,978.18,979.44,980.11,980.36,981.11,982.29,983.51,985.03,986.62,988.36,994.66,1013.90,1034.93,1050.99,1058.12,1061.00,1061.06,1050.02,1028.61,1017.60,1012.61,1017.29,1022.14,1030.62,1042.67,1061.41,1074.57,1079.94,1081.97,1083.70,1085.48,1087.08,1087.93,1088.78,1089.41,1089.80,1089.85,1089.29,1088.23,1088.01,1091.62,1095.09,1097.66,1099.78,1100.38,1101.54,1103.98,1108.15,1109.30,1109.45,1111.30,1116.81,1121.14,1124.48,1128.14,1131.16,1133.22,1134.96,1135.85,1136.35,1136.84,1136.72,1135.31,1133.67,1131.85,1130.50
1080.55,1079.24,1078.10,1074.64,1069.83,1061.53,1051.64,1046.03,1040.94,1036.06,1032.50,1031.16,1027.94,1022.16,1017.07,1010.61,1003.29,997.55,992.21,985.97,981.01,977.21,969.22,960.08,952.47,946.42,942.81,940.74,943.38,945.74,947.53,953.65,960.37,958.43,951.45,943.45,937.62,933.43,933.00,934.31,936.19,937.77,939.72,938.25,936.46,938.28,937.36,938.76,936.07,932.27,932.70,929.19,923.93,920.65,917.11,913.05,909.80,908.14,907.71,907.96,906.44,905.11,904.22,904.47,905.16,903.67,901.14,900.05,902.48,907.12,910.06,911.08,912.32,912.80,913.36,916.15,920.91,928.29,940.17,950.15,947.06,934.67,926.50,920.71,918.43,917.13,916.30,915.72,915.54,916.87,918.74,920.08,920.54,918.29,916.96,918.78,920.73,921.19,921.55,922.07,923.15,925.09,927.22,929.52,937.29,950.85,962.49,967.71,970.05,974.27,977.29,970.88,964.06,960.04,959.52,966.36,978.77,994.19,1003.15,992.92,976.05,966.27,974.98,989.87,1003.42,1016.41,1027.95,1017.95,997.72,983.14,974.82,971.50,978.29,989.44,1004.42,1017.10,1033.22,1054.15,1071.41,1069.48,1054.58,1047.17,1047.40,1038.62,1011.19,983.70,957.96,941.49,940.38,940.67,941.37,942.10,942.82,943.74,944.45,945.15,945.81,946.35,946.50,946.70,947.29,947.84,950.41,954.16,956.26,957.50,959.41,959.18,958.03,957.52,958.48,959.79,960.84,961.34,962.60,963.90,965.02,966.04,967.10,968.16,969.18,970.20,971.02,971.76,972.68,973.77,974.80,975.35,976.02,976.66,977.77,979.05,979.80,980.15,981.13,982.58,983.75,984.63,986.14,988.15,993.75,1009.66,1025.28,1040.71,1053.02,1057.68,1054.02,1040.04,1020.32,1011.05,1011.09,1018.06,1027.53,1038.49,1053.41,1070.57,1080.96,1083.73,1084.49,1085.73,1087.43,1088.94,1089.58,1090.06,1090.39,1090.82,1091.36,1091.51,1091.18,1090.84,1091.72,1094.41,1096.30,1097.43,1098.28,1099.27,1102.03,1104.87,1106.63,1108.55,1112.30,1118.00,1121.97,1124.94,1128.04,1130.76,1132.79,1134.23,1134.03,1134.00,1134.44,1134.54,1132.95,1131.18,1129.62,1128.72
1088.74,1085.63,1080.16,1073.62,1066.86,1058.32,1050.79,1046.42,1042.16,1035.50,1028.20,1025.16,1022.51,1018.24,1013.46,1008.86,1004.84,1001.63,997.63,993.24,989.26,981.31,972.03,965.40,957.70,948.38,944.08,940.24,938.49,939.64,938.82,941.16,945.98,946.40,943.02,936.01,930.08,928.50,928.58,929.42,930.63,932.20,934.09,933.53,932.18,933.93,932.61,932.67,931.78,928.63,928.75,927.10,921.63,916.97,913.52,910.24,908.04,906.47,905.53,906.15,905.57,903.76,902.68,902.48,902.93,901.56,899.40,900.20,902.81,906.43,907.44,908.17,909.66,909.34,910.03,913.88,917.54,923.34,933.28,939.82,939.27,928.76,920.42,918.20,916.95,915.67,914.50,914.17,914.36,916.00,917.61,917.78,917.47,915.33,915.78,917.28,918.72,919.31,920.01,921.24,923.34,925.61,927.57,928.38,930.00,939.65,950.76,953.53,956.60,967.44,971.20,962.00,956.17,954.03,960.45,971.13,981.90,996.81,998.60,981.72,966.38,963.52,974.23,987.94,1002.18,1012.67,1018.81,1010.70,992.90,978.52,970.52,967.44,973.94,986.69,1003.74,1016.37,1032.52,1052.47,1063.53,1058.57,1043.15,1028.00,1028.68,1027.93,1007.01,978.34,950.68,939.42,939.71,940.37,941.07,941.84,942.58,943.24,943.94,944.65,945.28,945.79,945.97,946.13,946.92,951.03,958.11,961.78,963.70,966.38,969.89,970.63,970.71,969.84,969.10,968.38,967.34,964.99,963.33,963.56,964.65,965.64,966.69,967.73,968.68,969.68,970.41,971.13,972.13,973.33,974.51,975.21,975.77,976.37,977.33,978.32,979.17,980.23,985.39,989.12,990.45,988.63,986.42,988.20,993.89,1006.27,1021.09,1036.76,1048.72,1051.09,1043.14,1027.42,1014.13,1008.32,1010.84,1019.13,1033.64,1048.56,1062.22,1076.42,1084.60,1087.77,1087.49,1087.97,1089.63,1090.13,1090.41,1090.75,1091.11,1091.68,1092.28,1092.95,1093.41,1093.40,1094.39,1097.16,1099.09,1099.36,1099.01,1099.29,1102.54,1109.24,1111.06,1112.20,1115.21,1119.12,1122.37,1125.13,1128.05,1130.58,1132.49,1133.44,1133.43,1132.58,1132.18,1132.31,1130.86,1129.32,1128.33,1127.74
1093.87,1086.15,1078.38,1074.00,1068.97,1060.64,1053.12,1047.50,1041.41,1034.52,1027.23,1021.28,1017.96,1014.77,1010.25,1004.27,999.98,997.33,994.29,991.03,988.49,983.19,976.38,966.89,958.70,949.19,945.28,941.72,937.48,933.95,934.74,936.00,935.65,933.97,932.97,929.43,926.92,925.42,924.98,925.17,925.79,926.65,927.88,927.74,927.06,929.48,928.33,927.26,927.31,925.40,925.65,925.29,922.45,917.94,912.64,908.93,906.77,905.04,903.51,903.75,904.58,902.74,901.13,900.51,900.45,899.12,898.94,901.15,903.44,904.36,903.78,904.10,904.93,904.72,906.74,910.77,914.83,919.13,926.85,934.42,935.22,925.31,918.57,916.73,915.38,913.80,912.67,912.55,913.17,914.77,915.69,915.45,914.38,913.66,914.95,917.31,918.38,919.08,919.90,922.09,924.40,925.67,925.79,926.11,927.97,932.54,938.87,942.88,951.78,961.87,960.11,951.07,948.31,952.13,964.14,975.38,985.70,995.88,991.57,978.44,963.57,959.72,973.15,984.35,995.08,1006.59,1010.33,1003.93,987.97,973.56,965.03,963.70,970.17,986.30,1002.93,1015.88,1029.38,1045.70,1053.12,1046.09,1026.13,1006.79,1006.72,1010.98,1001.53,973.45,944.50,938.78,939.03,939.98,940.73,941.45,942.07,942.14,943.00,943.95,944.72,945.26,946.19,947.67,948.16,951.21,956.41,960.39,963.00,965.68,968.96,970.86,971.69,971.87,971.84,971.51,971.10,970.38,968.62,966.14,965.12,965.54,966.35,967.29,968.21,969.05,969.77,970.63,971.70,973.05,974.38,975.08,975.42,976.82,978.04,979.30,981.62,984.08,990.58,995.53,998.96,998.41,991.46,988.29,993.27,1001.54,1014.78,1029.62,1040.34,1041.63,1030.28,1015.35,1009.02,1007.08,1013.19,1023.12,1040.23,1053.58,1063.95,1076.84,1086.94,1089.97,1089.74,1089.62,1090.27,1090.60,1090.91,1091.28,1091.80,1092.42,1093.05,1093.74,1094.41,1095.49,1097.18,1099.65,1101.21,1102.22,1102.60,1102.85,1106.04,1110.53,1112.33,1115.21,1118.19,1120.83,1123.20,1125.38,1127.73,1130.27,1132.01,1132.57,1132.87,1132.12,1131.15,1130.39,1128.95,1127.77,1126.92,1127.05
1092.75,1084.46,1077.94,1071.06,1063.14,1055.40,1048.64,1044.07,1038.27,1032.16,1026.09,1020.79,1015.98,1011.53,1006.25,1000.01,994.96,989.73,985.75,981.69,979.31,976.65,974.10,967.58,958.82,949.29,944.91,940.87,936.40,931.71,931.68,932.63,930.66,928.06,927.43,925.92,924.02,922.48,921.63,921.12,921.07,920.92,920.88,920.90,921.04,922.22,922.44,922.91,923.20,922.06,922.68,922.51,920.83,916.43,911.98,908.86,906.08,903.66,901.73,901.39,903.03,901.94,899.74,898.65,897.77,897.34,898.77,900.43,901.59,901.67,901.00,900.19,899.91,900.25,901.68,908.32,913.89,919.04,928.12,935.08,934.38,923.66,917.78,915.08,913.48,911.80,910.89,911.38,912.04,913.06,913.54,913.27,912.20,912.41,914.58,917.58,919.85,920.72,921.64,923.02,923.58,923.12,922.99,923.82,925.86,928.27,932.24,939.13,948.83,953.35,948.51,942.53,944.35,951.72,962.25,971.50,982.96,992.16,981.65,970.59,958.74,955.94,970.24,983.87,997.05,1002.93,1000.78,995.01,979.66,966.02,958.67,959.29,965.65,979.69,995.96,1009.75,1021.04,1032.12,1035.75,1024.89,1007.35,991.22,988.30,993.26,990.11,965.65,940.91,938.26,938.19,939.29,940.23,940.95,941.35,940.97,941.39,942.56,943.78,947.03,954.41,957.00,953.10,951.60,953.60,956.27,959.29,963.27,968.96,970.87,971.79,973.00,973.43,973.08,972.58,971.94,971.17,970.28,969.11,968.50,968.27,969.06,969.72,970.19,970.41,971.10,971.60,972.94,974.34,974.52,975.63,977.52,979.34,981.53,984.23,987.49,992.63,998.83,1005.47,1007.46,1002.36,990.63,990.88,997.66,1007.86,1018.07,1028.01,1028.80,1017.37,1008.96,1005.00,1008.82,1022.39,1036.91,1049.53,1058.32,1065.51,1076.13,1086.82,1090.08,1090.20,1090.27,1090.44,1090.68,1090.84,1091.08,1091.58,1092.16,1092.83,1093.56,1094.26,1095.05,1096.69,1098.65,1099.34,1099.49,1099.96,1102.32,1105.72,1108.17,1110.11,1114.64,1118.97,1121.43,1123.61,1125.78,1127.94,1130.11,1131.24,1131.69,1132.15,1131.78,1130.99,1130.35,1128.30,1126.38,1125.79,1127.44
1090.89,1084.93,1078.80,1068.58,1058.42,1051.11,1045.77,1041.04,1035.68,1030.01,1025.26,1020.86,1015.87,1010.56,1005.03,999.57,994.88,990.18,983.76,977.55,972.64,968.63,968.06,965.70,961.53,953.82,946.26,940.13,936.41,931.90,928.89,928.06,927.13,925.38,924.34,922.83,920.37,919.42,918.75,918.30,917.63,916.40,916.52,916.82,917.03,917.45,918.28,918.63,918.87,918.38,919.89,919.48,917.53,914.52,909.57,907.20,904.96,902.77,900.77,899.98,901.59,900.34,898.60,897.12,896.23,896.79,898.08,899.01,899.39,899.26,898.75,897.78,896.78,896.51,898.63,905.13,910.14,916.99,926.57,935.20,932.30,921.39,915.04,911.97,911.53,909.84,909.93,910.68,910.97,911.08,911.40,911.13,910.61,911.17,912.88,914.69,916.83,918.69,919.48,919.98,920.13,919.87,920.25,921.40,923.68,927.02,931.71,938.69,944.32,943.83,939.14,937.95,943.00,954.14,966.42,979.16,990.01,990.50,974.74,961.35,950.95,953.04,968.44,983.52,996.06,993.95,987.19,983.94,972.07,959.67,954.26,953.01,958.85,969.23,981.86,995.44,1007.47,1017.82,1018.14,1007.39,989.63,977.13,973.01,974.61,973.26,955.45,939.35,937.74,937.33,938.30,939.45,940.43,940.47,940.00,940.40,943.72,949.19,956.75,960.29,960.87,960.57,960.36,960.17,959.54,960.32,963.15,967.07,969.83,971.46,973.25,974.70,974.63,974.03,973.29,972.50,971.75,971.20,970.89,970.64,970.88,971.45,971.90,972.59,973.55,973.32,973.18,973.84,975.07,976.70,978.42,980.40,982.79,985.36,988.36,993.71,1001.36,1010.25,1013.40,1011.12,1000.48,990.80,995.32,1002.44,1007.50,1012.96,1015.44,1009.70,1003.10,1005.99,1017.12,1036.19,1050.15,1061.08,1069.03,1074.02,1079.97,1087.30,1090.04,1090.08,1090.09,1090.26,1090.33,1090.28,1090.46,1090.86,1091.50,1092.29,1093.07,1093.63,1093.99,1095.06,1096.57,1097.32,1098.81,1100.33,1103.38,1106.57,1108.31,1111.16,1115.16,1119.25,1121.26,1123.39,1125.57,1127.62,1129.29,1130.44,1131.31,1131.55,1131.82,1131.30,1130.37,1128.09,1125.56,1125.40,1127.84
1091.87,1086.60,1078.73,1068.54,1059.07,1052.16,1047.70,1042.50,1035.67,1029.26,1023.83,1019.46,1015.54,1010.70,1005.80,1000.58,995.95,991.68,985.63,979.14,973.48,967.55,962.24,959.09,955.71,950.84,943.16,937.82,934.76,931.54,927.88,924.67,923.12,922.22,921.60,920.52,918.15,916.36,915.83,915.65,913.96,912.39,912.73,913.28,913.42,913.97,914.91,914.88,913.86,914.43,917.59,916.67,913.15,911.96,909.23,906.23,903.74,901.90,900.04,899.47,900.45,899.18,897.64,896.07,895.25,896.28,897.13,897.53,897.89,897.40,896.71,895.96,894.97,894.46,896.24,900.65,904.34,911.86,921.13,931.88,931.15,919.94,911.15,909.23,908.47,908.17,909.83,909.97,910.19,910.13,909.73,909.20,909.62,910.22,910.20,910.39,911.24,912.57,912.71,913.02,913.79,914.80,916.46,919.55,923.52,926.21,929.63,934.27,935.80,934.86,933.79,935.91,940.11,950.69,963.38,977.97,988.92,988.79,972.48,957.11,946.67,950.94,968.37,984.36,992.45,987.07,976.87,974.02,965.26,954.31,950.00,948.40,951.48,961.98,971.78,982.17,995.21,1005.74,1005.28,991.59,976.10,966.39,960.07,957.54,954.57,943.61,938.05,936.67,936.30,937.11,938.35,939.48,939.30,941.38,950.35,956.23,959.31,960.68,961.26,961.77,961.89,961.94,961.90,961.92,962.65,964.78,967.47,970.08,971.91,973.60,975.32,976.10,975.42,974.64,973.85,973.08,972.59,972.30,971.94,972.01,972.64,973.34,974.15,975.09,975.68,975.61,975.65,976.31,978.24,980.28,981.69,983.92,986.31,988.87,995.32,1005.38,1015.40,1018.49,1014.92,1008.25,998.78,993.87,995.03,997.56,1002.03,1007.30,1001.69,1001.76,1011.66,1026.85,1045.83,1057.20,1067.70,1073.68,1078.58,1082.52,1086.47,1087.67,1088.18,1088.63,1089.73,1089.77,1089.32,1089.50,1090.16,1091.00,1091.82,1092.40,1092.71,1093.45,1094.39,1095.71,1097.84,1100.81,1105.00,1108.97,1112.22,1113.49,1114.46,1116.62,1119.83,1121.17,1122.98,1124.97,1126.54,1127.97,1129.50,1130.54,1130.99,1131.76,1131.18,1130.01,1127.51,1124.62,1124.92,1127.88
1093.54,1088.97,1080.75,1072.61,1064.92,1058.63,1052.58,1045.98,1037.40,1029.73,1024.05,1019.14,1015.60,1011.52,1006.64,1001.22,996.89,992.81,987.25,980.77,974.23,967.55,960.84,956.31,951.91,946.30,939.96,936.09,932.71,929.52,926.45,923.58,921.42,920.00,919.23,918.20,917.08,914.90,912.92,912.78,912.13,909.38,909.45,910.03,909.56,910.49,911.55,912.08,909.77,911.32,915.64,914.96,911.63,908.44,906.95,904.03,902.38,900.71,898.54,898.27,898.95,898.18,896.78,895.25,894.57,895.32,895.68,895.99,896.36,896.06,895.03,894.60,894.06,893.73,894.55,896.31,897.48,903.21,917.09,927.01,931.15,919.50,909.27,907.37,906.18,907.33,908.95,908.59,908.61,908.33,907.57,907.64,908.66,909.48,909.52,909.26,909.35,909.48,909.43,909.42,909.61,910.55,914.46,920.16,921.16,920.61,923.00,926.14,927.02,928.44,931.18,935.03,940.01,950.40,962.58,976.84,984.80,985.68,971.68,953.48,943.35,947.80,967.08,980.69,985.22,980.37,969.13,959.43,954.98,949.02,946.53,945.37,947.82,955.88,965.22,972.50,982.92,989.82,986.59,975.18,964.17,954.08,945.76,941.43,938.97,937.78,936.27,935.62,936.54,937.36,938.15,940.60,947.37,956.66,960.19,960.68,961.09,961.57,962.07,962.59,963.05,963.34,963.75,963.89,965.01,966.82,969.19,971.14,972.79,974.44,976.09,977.37,977.05,976.17,975.32,974.48,974.01,973.69,973.18,973.17,973.75,974.51,975.41,976.26,976.89,977.18,977.30,977.44,978.99,981.46,983.52,985.48,987.73,991.47,1000.87,1012.52,1020.30,1021.79,1018.78,1014.72,1009.54,1002.03,994.76,995.60,998.66,1001.24,998.97,1004.69,1018.25,1034.01,1051.20,1061.59,1070.37,1074.03,1077.92,1080.65,1084.04,1084.07,1085.22,1087.05,1088.88,1088.55,1087.71,1088.07,1089.51,1090.62,1091.23,1091.49,1092.36,1094.43,1096.19,1096.88,1099.20,1104.53,1109.07,1112.14,1115.69,1118.57,1119.26,1119.29,1121.05,1122.11,1122.94,1123.97,1125.25,1126.61,1127.97,1129.45,1130.82,1131.77,1131.05,1129.66,1126.92,1123.90,1123.85,1127.14
1092.77,1088.97,1081.86,1074.23,1065.54,1057.20,1049.26,1043.36,1036.66,1030.00,1024.90,1020.26,1017.21,1013.16,1007.92,1002.89,998.98,996.84,991.60,982.63,975.47,968.96,962.41,956.27,950.64,945.49,940.06,935.93,932.24,928.92,925.48,922.26,920.00,917.78,916.72,915.86,914.97,913.67,911.55,909.84,910.31,907.91,906.61,907.27,905.78,906.02,907.43,908.28,906.48,910.75,914.31,912.25,909.97,907.07,904.15,902.39,901.07,899.30,896.90,896.39,896.81,896.74,895.78,894.41,893.63,893.89,894.18,894.49,894.80,894.76,893.93,893.55,893.08,893.09,893.88,894.34,895.08,899.50,912.13,923.88,930.40,922.87,910.59,906.50,904.65,906.47,907.74,907.11,906.63,906.38,906.00,906.81,907.74,908.68,908.76,908.55,908.64,908.71,908.63,908.62,908.98,909.57,912.79,917.38,917.89,917.04,918.86,921.74,924.92,928.35,931.63,935.49,939.70,946.78,955.64,968.05,977.13,982.80,974.19,954.73,941.39,942.76,958.73,971.42,974.15,970.55,959.75,947.78,945.39,944.49,943.14,942.28,945.00,950.73,958.51,964.18,970.21,975.12,973.24,962.37,948.16,939.74,937.91,937.03,936.24,935.66,934.83,936.65,939.02,940.74,943.24,948.34,953.98,959.29,960.32,960.76,961.13,961.50,961.86,962.35,963.13,964.30,965.43,965.98,967.38,968.99,970.55,972.05,973.67,975.33,976.91,978.26,978.79,978.03,976.97,975.88,975.51,975.07,974.45,974.43,975.05,976.32,977.50,978.51,978.61,978.93,979.21,978.92,979.50,981.77,984.34,986.76,988.98,996.91,1008.69,1019.58,1022.59,1024.42,1023.35,1022.57,1020.76,1014.35,1003.29,996.22,996.44,997.68,999.43,1008.73,1021.48,1038.07,1054.49,1065.52,1071.30,1073.98,1076.78,1079.61,1081.69,1082.59,1084.10,1085.83,1087.82,1086.78,1086.01,1086.68,1088.22,1089.66,1090.24,1090.74,1093.55,1097.65,1101.26,1100.73,1101.41,1109.03,1112.67,1115.09,1118.24,1121.24,1122.88,1123.26,1124.26,1125.21,1125.09,1125.40,1125.68,1126.22,1127.40,1129.20,1130.71,1131.76,1130.87,1129.03,1126.14,1123.21,1122.09,1124.42
1089.37,1084.07,1077.72,1071.85,1063.40,1054.62,1047.93,1042.68,1036.97,1030.92,1027.57,1024.94,1022.12,1017.04,1010.70,1005.86,1003.44,1002.01,996.55,986.42,977.76,970.17,962.84,956.39,950.21,944.39,939.20,935.64,932.25,929.13,925.97,922.41,919.30,916.60,914.50,913.70,912.91,911.39,909.90,907.98,907.34,906.84,904.30,904.65,903.15,901.24,902.58,901.59,903.05,911.09,912.96,910.12,906.63,904.91,902.53,900.41,899.30,897.50,895.27,894.32,894.54,894.77,894.45,893.41,892.76,892.85,892.96,893.13,893.34,893.43,892.94,892.51,892.19,892.51,893.17,893.76,894.59,896.95,903.35,916.67,926.60,924.85,912.25,904.33,902.62,905.67,906.52,905.71,905.11,904.92,905.07,905.87,906.85,907.84,907.98,907.80,907.87,907.92,907.89,908.18,908.74,909.38,910.68,913.09,914.11,914.95,918.12,921.67,925.37,929.34,932.52,935.32,937.61,941.19,948.10,956.05,967.13,977.50,975.65,957.76,940.22,939.06,949.12,958.46,960.24,955.38,946.16,939.00,938.30,939.15,939.48,939.45,941.82,946.25,950.34,957.44,964.31,967.90,962.01,950.14,940.33,936.86,935.40,934.49,933.70,933.71,935.46,939.00,941.66,944.53,947.15,948.80,949.18,950.43,953.61,957.68,959.94,960.55,960.87,961.37,962.23,963.49,965.54,967.57,968.94,970.16,971.56,973.02,974.57,976.20,977.67,979.02,979.88,979.45,978.01,977.33,977.06,976.49,975.79,975.84,976.29,977.41,979.02,980.42,980.24,980.38,981.27,980.89,980.93,982.43,984.66,987.32,991.21,1003.13,1015.48,1021.78,1024.02,1026.26,1027.86,1028.48,1028.04,1025.80,1018.15,1006.65,1000.38,1000.45,1006.82,1016.90,1027.81,1044.01,1057.24,1067.53,1071.61,1073.89,1076.37,1078.66,1080.71,1082.19,1083.61,1085.25,1087.02,1085.53,1084.75,1085.26,1086.17,1086.97,1088.18,1090.15,1095.04,1100.41,1103.63,1106.29,1107.72,1111.07,1114.00,1116.48,1118.49,1120.49,1123.71,1126.86,1127.84,1128.17,1127.65,1127.61,1127.70,1127.86,1127.89,1129.12,1130.72,1131.77,1130.69,1128.51,1125.44,1122.49,1120.26,1120.48
1084.05,1077.70,1071.39,1066.44,1060.74,1054.40,1048.95,1044.06,1038.07,1033.87,1032.03,1030.68,1029.12,1022.03,1014.47,1009.93,1007.78,1004.13,998.61,987.88,978.15,970.26,965.32,962.00,954.31,946.45,939.30,935.10,931.29,928.03,924.88,922.51,920.09,916.82,913.25,911.44,910.84,909.92,907.97,907.07,904.98,904.59,902.64,901.89,901.39,897.97,897.93,897.36,900.39,910.50,911.66,908.77,904.01,901.28,899.80,897.94,896.98,895.37,893.41,892.52,892.53,892.61,892.67,892.17,892.00,892.08,892.18,892.27,892.35,892.28,891.94,891.52,891.47,891.99,892.69,893.47,894.17,895.37,897.85,902.22,910.93,912.86,905.95,900.29,900.83,904.52,905.09,904.58,904.14,903.88,904.21,904.97,906.04,907.12,907.21,907.03,907.10,907.16,907.46,907.93,908.55,909.04,909.43,910.02,911.01,913.42,916.35,918.73,921.96,927.88,931.62,933.71,936.86,941.10,945.33,948.74,955.98,967.82,969.42,955.79,938.25,934.48,939.89,942.59,941.41,936.49,932.92,933.35,933.99,934.66,937.09,940.16,943.23,946.49,950.12,958.19,965.59,968.39,955.14,944.48,938.61,935.40,933.19,932.25,932.91,935.11,937.60,940.87,943.25,945.35,946.95,947.52,947.88,948.29,948.68,950.07,954.03,956.82,959.10,960.36,961.21,962.40,964.38,967.80,969.73,971.11,972.56,974.01,975.48,977.02,978.40,979.67,980.25,980.03,979.08,978.90,978.44,977.87,977.07,977.10,977.75,978.15,979.87,981.64,982.12,982.00,983.17,983.32,983.10,984.21,986.29,988.15,995.49,1006.24,1018.29,1022.89,1025.32,1027.78,1030.01,1031.71,1031.90,1031.27,1029.50,1023.16,1016.16,1014.74,1019.53,1028.56,1041.31,1053.63,1062.83,1070.11,1072.28,1074.23,1076.83,1079.31,1081.38,1083.01,1084.54,1085.82,1086.57,1085.43,1084.46,1083.97,1084.21,1084.69,1086.50,1089.97,1095.43,1101.08,1104.02,1107.21,1110.27,1112.06,1113.89,1115.51,1116.86,1118.24,1121.94,1128.60,1130.40,1130.60,1130.10,1129.82,1129.85,1129.78,1129.37,1129.46,1130.81,1131.69,1130.42,1127.78,1124.69,1121.70,1116.58,1113.20
1084.42,1079.49,1072.79,1066.70,1061.47,1057.23,1052.61,1048.92,1042.12,1037.78,1035.77,1033.88,1031.23,1025.57,1018.72,1014.95,1010.62,1006.04,1000.88,989.52,980.01,973.35,973.01,969.77,957.89,947.87,939.30,934.77,930.15,925.50,921.73,919.70,918.33,915.96,912.82,910.24,908.15,907.46,906.53,905.22,904.16,902.07,901.07,899.03,899.24,896.43,893.76,893.26,897.21,907.27,910.02,905.98,901.11,898.38,896.55,895.13,894.38,893.45,891.71,890.94,891.14,891.06,891.05,891.16,891.28,891.29,891.34,891.39,891.48,891.18,890.85,890.58,890.95,891.62,892.45,893.37,894.24,895.43,897.17,898.78,900.25,901.27,899.69,899.26,900.87,903.11,903.68,903.62,903.32,903.01,903.53,904.45,905.52,906.49,906.43,906.35,906.42,906.74,907.18,907.69,908.15,908.58,909.07,909.65,910.86,912.87,914.88,916.84,918.91,923.30,928.71,932.07,935.09,938.38,941.93,945.48,951.65,961.88,960.05,947.74,934.64,929.06,930.53,930.68,929.86,928.54,928.42,929.86,930.52,931.23,936.07,940.77,942.74,944.43,947.94,953.07,962.43,967.25,951.06,942.51,936.73,933.19,931.33,931.50,932.84,935.45,938.31,940.38,942.59,944.84,945.80,946.20,946.59,946.99,947.36,948.05,949.41,951.35,955.89,958.82,959.86,961.09,963.22,967.84,970.49,971.82,973.26,974.45,975.60,977.00,978.67,979.93,980.48,980.46,980.23,980.20,979.69,979.25,978.27,978.33,979.22,979.10,980.27,982.14,983.79,983.94,984.53,985.65,985.45,986.24,988.54,991.08,998.75,1006.98,1016.56,1021.98,1026.15,1029.14,1031.47,1033.59,1034.36,1033.87,1033.41,1033.03,1029.73,1027.12,1030.43,1042.01,1052.59,1060.49,1067.09,1071.45,1073.82,1075.53,1077.09,1079.37,1081.65,1083.89,1085.14,1085.93,1086.07,1085.43,1084.41,1083.10,1083.24,1084.32,1086.39,1089.59,1092.94,1097.40,1099.98,1102.80,1106.14,1109.88,1112.20,1113.35,1114.48,1116.07,1120.37,1128.50,1130.92,1131.96,1132.89,1133.42,1133.19,1132.90,1132.21,1131.65,1131.65,1131.27,1129.22,1125.69,1122.97,1119.11,1109.63,1103.15
1087.86,1082.86,1078.30,1073.19,1067.13,1062.21,1057.21,1052.39,1047.11,1040.60,1037.78,1034.94,1031.66,1027.32,1023.88,1020.09,1014.50,1010.34,1005.26,992.67,984.28,979.78,980.40,974.30,963.17,952.67,943.91,937.00,930.70,924.92,920.63,917.96,916.03,913.90,911.78,910.37,907.50,903.95,903.99,903.16,902.69,900.99,898.85,896.89,896.00,894.16,891.30,889.94,891.69,898.06,902.21,900.22,898.03,895.83,893.68,892.23,891.67,891.30,890.12,889.49,889.94,890.17,890.26,890.45,890.68,890.54,890.47,890.51,890.55,890.05,889.85,889.96,890.60,891.34,892.48,893.49,894.42,895.19,896.50,897.91,898.45,898.48,898.34,899.13,900.42,901.42,902.36,902.43,902.33,902.08,902.60,903.74,905.00,905.83,905.65,905.70,906.04,906.46,906.93,907.50,908.11,908.74,909.36,910.28,912.05,913.76,915.37,916.88,918.38,919.98,922.84,925.56,926.75,929.18,938.13,948.33,953.79,956.40,950.03,937.14,928.22,924.88,925.92,926.31,926.10,925.76,926.79,928.58,929.01,929.30,930.07,931.61,934.08,936.92,937.36,941.43,953.30,959.39,947.41,940.79,934.62,930.49,930.33,931.46,932.84,934.65,937.28,940.00,942.64,943.93,944.49,944.91,945.30,945.72,946.43,947.59,948.81,951.19,954.64,957.12,958.46,959.62,961.64,965.88,969.98,971.26,972.06,972.92,973.76,975.12,977.27,979.40,980.39,980.91,980.98,980.94,980.75,980.34,979.66,979.44,980.58,980.35,980.94,982.68,984.57,985.87,986.04,987.35,987.71,988.10,990.58,994.59,1000.23,1006.89,1013.83,1020.60,1026.51,1030.17,1032.74,1035.32,1036.96,1036.77,1036.67,1039.24,1040.40,1040.30,1043.28,1050.63,1055.95,1060.13,1064.43,1069.56,1072.52,1074.03,1078.09,1080.13,1081.91,1084.58,1085.38,1085.81,1085.43,1084.30,1082.85,1082.07,1083.27,1084.93,1086.69,1087.14,1088.07,1089.97,1090.75,1093.54,1098.94,1104.37,1108.87,1110.71,1111.78,1112.09,1114.65,1121.27,1127.37,1129.73,1131.72,1134.21,1136.21,1136.47,1135.93,1134.73,1132.78,1130.67,1127.21,1122.84,1117.89,1109.50,1100.28,1095.93
1090.32,1085.75,1082.25,1077.24,1068.48,1061.22,1052.56,1047.55,1042.54,1038.20,1036.27,1034.96,1033.37,1030.83,1029.82,1024.35,1017.69,1013.30,1007.41,998.25,991.01,987.49,983.64,977.49,964.80,951.12,942.71,933.90,927.87,924.36,920.97,918.25,915.72,913.15,910.94,909.25,906.34,901.63,900.18,900.85,900.14,899.92,897.54,895.27,893.41,891.32,889.19,888.43,888.80,890.14,893.77,895.37,895.08,893.33,891.14,889.59,889.41,889.29,888.91,888.45,889.08,889.60,889.52,889.80,890.07,889.70,889.70,889.75,889.51,889.22,889.24,889.63,890.26,891.22,892.52,893.57,894.53,895.16,895.85,896.90,897.26,897.31,897.85,898.64,899.40,900.15,900.99,901.43,901.26,901.14,901.83,903.23,904.53,905.01,904.95,905.36,905.82,906.31,906.88,907.50,908.12,908.75,909.33,910.04,911.62,913.41,915.07,916.55,917.92,918.74,919.13,919.42,919.61,922.15,934.19,947.70,950.67,944.22,929.72,921.42,920.01,921.48,922.06,922.83,922.85,923.38,925.73,927.54,927.88,928.10,928.26,928.42,928.75,929.14,929.70,934.69,942.82,946.97,936.90,932.39,930.04,929.30,930.07,930.91,932.54,934.16,937.08,940.59,942.06,942.65,943.25,943.64,944.23,945.32,946.59,948.02,949.49,952.20,954.00,955.75,957.36,958.56,959.29,960.84,965.08,968.56,970.01,970.83,971.87,973.12,975.13,977.59,980.00,980.89,981.36,981.70,981.80,981.39,980.95,980.87,981.88,982.22,982.08,983.28,985.14,986.95,987.88,988.61,989.87,990.13,992.37,995.93,1000.56,1006.53,1012.48,1019.58,1027.84,1031.76,1034.70,1037.51,1039.35,1039.77,1040.03,1041.73,1044.53,1046.71,1049.69,1053.39,1056.43,1058.39,1060.65,1066.13,1068.98,1069.10,1075.66,1081.01,1082.69,1084.51,1085.20,1085.38,1085.17,1082.67,1080.70,1081.65,1083.14,1084.12,1084.58,1083.60,1082.12,1081.06,1079.58,1081.99,1087.13,1093.63,1098.56,1102.05,1105.15,1107.07,1107.16,1112.95,1120.57,1125.56,1129.95,1134.03,1137.59,1138.66,1139.63,1138.71,1135.15,1130.68,1125.52,1119.35,1106.76,1098.13,1092.32,1090.61
1090.89,1084.04,1077.73,1070.64,1065.03,1058.21,1049.96,1044.45,1039.00,1034.82,1032.48,1030.95,1030.71,1030.57,1029.52,1024.01,1017.51,1012.46,1005.11,998.01,991.66,983.06,977.49,973.13,962.49,950.40,943.66,936.31,928.69,925.13,921.47,918.62,916.02,913.22,910.45,908.00,905.46,902.70,899.44,897.25,896.43,897.38,896.96,894.65,892.31,890.12,887.87,887.13,887.40,888.01,889.30,891.09,891.82,890.86,889.06,887.60,887.58,887.83,887.66,887.53,888.08,888.27,888.23,888.61,889.09,888.68,888.75,889.01,888.87,888.63,889.28,889.68,890.17,891.25,892.58,893.67,894.50,895.10,895.37,895.92,896.34,896.74,897.19,897.79,898.50,899.23,900.19,900.59,900.18,900.40,901.65,903.03,903.73,904.03,904.43,905.17,905.73,906.28,906.88,907.46,908.07,908.70,909.34,910.21,911.71,913.20,914.80,916.21,917.01,917.37,917.68,917.94,917.91,918.22,923.02,929.48,929.86,921.94,918.24,917.38,918.03,918.96,919.32,919.78,920.26,921.82,924.61,926.44,926.60,926.74,926.88,927.04,927.26,927.52,928.43,930.17,932.51,931.25,928.61,928.19,928.86,929.55,929.91,930.48,931.82,933.33,936.82,939.69,940.78,941.51,942.05,942.92,944.22,945.59,946.97,948.37,949.71,950.91,952.34,954.22,956.09,957.52,958.26,958.99,960.11,962.60,965.12,966.88,969.54,971.07,972.94,976.20,979.70,980.43,980.97,981.92,982.85,982.72,982.47,982.85,983.41,984.06,983.80,984.19,985.72,987.59,989.26,990.08,991.50,992.87,994.35,997.30,1000.32,1004.95,1009.51,1019.93,1029.91,1033.07,1035.96,1038.92,1040.67,1041.96,1043.36,1044.54,1046.61,1048.53,1050.92,1052.93,1054.41,1056.65,1059.11,1063.68,1065.44,1068.49,1074.28,1078.59,1080.58,1081.83,1082.98,1083.99,1083.39,1079.02,1079.28,1081.16,1080.82,1079.64,1080.43,1077.69,1073.49,1071.44,1068.35,1068.13,1071.69,1077.14,1084.24,1090.85,1097.64,1101.49,1101.01,1108.72,1118.19,1124.49,1130.55,1136.92,1138.65,1138.82,1139.55,1138.46,1134.85,1130.31,1124.82,1116.36,1097.08,1089.48,1088.26,1087.54
1093.74,1084.59,1075.22,1068.32,1064.07,1059.88,1053.51,1047.27,1038.44,1031.71,1028.70,1026.60,1025.13,1024.23,1022.73,1020.09,1016.18,1011.05,1000.34,992.63,983.83,975.59,969.17,963.47,958.03,949.75,941.96,936.40,930.19,926.17,922.22,918.65,915.72,912.85,910.32,907.34,904.52,902.22,900.02,895.04,892.92,893.78,894.97,894.04,891.61,889.20,886.78,885.86,885.82,886.16,886.51,887.49,888.47,888.15,886.95,885.73,885.78,886.47,886.46,886.60,886.98,886.95,887.07,887.35,887.73,887.71,887.92,888.23,888.28,888.35,889.46,890.25,890.89,891.72,892.53,893.37,894.06,894.47,894.82,895.50,895.95,896.32,896.70,897.16,897.77,898.45,899.61,899.65,899.55,900.41,901.61,902.37,902.78,903.41,904.36,905.16,905.70,906.27,906.82,907.42,907.97,908.56,909.19,909.94,911.21,912.88,914.50,915.06,915.07,915.57,916.03,916.43,916.18,916.06,917.46,917.83,917.10,915.63,915.16,915.35,916.29,917.33,917.80,918.36,919.47,921.31,923.92,925.36,925.44,925.49,925.57,925.68,925.83,926.14,927.11,927.82,928.26,927.74,927.15,929.55,932.30,933.73,933.43,933.09,933.79,934.07,934.91,936.31,938.55,940.60,941.69,942.96,944.26,945.37,946.42,947.49,948.59,949.81,951.45,953.19,955.00,956.41,957.11,957.70,958.26,958.99,960.12,961.41,964.02,966.56,969.72,972.71,975.81,978.40,980.53,981.79,983.20,984.08,984.34,984.82,985.31,985.77,985.72,985.91,986.39,988.04,989.93,991.46,992.96,994.51,995.98,997.60,999.79,1004.47,1010.53,1022.42,1031.03,1033.61,1035.56,1037.20,1038.23,1039.15,1041.02,1044.92,1048.07,1048.93,1049.85,1050.49,1052.05,1054.83,1058.28,1061.17,1064.11,1067.63,1069.62,1071.76,1075.04,1076.82,1077.98,1078.99,1076.81,1072.00,1075.40,1076.45,1072.17,1068.40,1069.32,1067.96,1065.42,1062.86,1059.22,1058.50,1060.19,1062.53,1069.59,1080.82,1091.61,1095.25,1099.23,1108.64,1117.40,1124.75,1132.92,1139.16,1137.57,1135.60,1134.69,1134.37,1132.01,1128.97,1124.23,1115.14,1094.66,1088.10,1086.06,1085.53
1095.83,1088.89,1079.00,1070.99,1067.10,1063.25,1055.85,1047.56,1039.17,1031.47,1026.40,1022.83,1020.23,1018.97,1018.23,1016.92,1013.64,1007.23,994.54,986.71,979.02,972.31,964.89,957.76,951.07,945.42,940.09,935.73,931.03,926.70,922.41,917.30,912.05,909.35,908.11,906.80,904.63,901.37,897.54,893.10,890.75,891.53,892.62,892.50,891.11,888.22,885.35,884.24,884.24,884.04,884.25,884.76,885.35,885.36,884.84,884.36,884.64,885.22,885.43,885.63,885.73,885.80,886.22,886.47,886.68,886.88,887.17,887.45,887.65,888.13,889.15,890.08,890.71,890.97,891.67,892.53,892.88,893.21,894.47,895.22,895.55,895.92,896.30,896.67,897.13,897.59,898.30,898.84,899.47,900.38,901.03,901.74,902.57,903.57,904.54,905.43,906.04,906.61,907.16,907.76,908.33,908.88,909.43,910.19,911.20,912.71,913.60,913.14,912.90,913.38,914.01,914.88,914.58,913.84,914.40,914.06,912.87,912.83,913.21,913.92,914.93,915.81,916.75,918.23,919.78,921.35,923.11,924.25,924.33,924.35,924.39,924.45,924.50,924.73,925.25,925.83,926.36,926.13,928.15,933.74,938.46,939.68,937.84,936.56,936.52,936.16,936.23,936.85,937.99,939.64,941.19,942.62,943.77,944.71,945.64,946.66,948.01,950.19,951.89,953.50,954.51,954.88,955.44,955.98,956.58,957.23,958.00,958.59,959.38,961.31,965.05,968.34,970.52,973.19,979.59,981.44,982.66,984.16,985.46,986.22,986.65,987.16,987.58,987.71,988.11,988.50,990.24,992.06,993.91,995.49,996.80,998.25,999.72,1004.24,1011.32,1021.50,1029.48,1031.74,1033.10,1034.28,1035.56,1037.72,1039.74,1044.36,1049.11,1049.83,1049.06,1049.05,1050.70,1054.06,1056.74,1058.89,1062.04,1063.26,1063.79,1065.21,1068.84,1070.96,1071.84,1072.86,1070.05,1063.74,1063.81,1063.85,1061.79,1058.61,1058.16,1057.60,1057.37,1055.11,1052.77,1052.78,1052.69,1053.56,1060.70,1071.88,1082.32,1089.60,1099.35,1109.97,1119.10,1126.15,1134.06,1137.30,1134.40,1131.01,1129.09,1129.35,1128.55,1126.30,1122.84,1113.74,1094.26,1087.05,1083.73,1085.55
1094.60,1090.19,1083.52,1076.15,1070.75,1064.52,1055.69,1045.82,1038.00,1031.16,1025.95,1021.34,1018.45,1016.88,1015.91,1014.46,1011.78,1005.73,994.63,989.60,984.10,977.90,971.28,964.03,953.46,946.68,942.12,935.98,929.79,925.91,921.73,917.15,912.32,908.13,905.71,904.07,902.94,901.42,898.04,892.57,889.08,889.63,890.27,889.80,889.48,886.66,883.49,881.93,881.92,881.96,882.77,883.59,883.53,883.30,883.51,883.54,883.70,884.13,884.45,884.57,884.79,885.15,885.47,885.63,885.85,886.20,886.60,886.80,887.04,887.60,888.51,889.40,889.63,889.95,890.92,891.15,891.40,892.25,893.72,894.87,895.15,895.53,895.89,896.27,896.68,897.39,898.33,899.20,899.63,900.09,900.95,901.87,902.68,903.64,904.49,905.24,905.89,906.52,907.21,907.94,908.61,909.25,909.92,910.61,911.42,912.13,912.01,911.27,910.83,911.41,912.50,913.51,913.05,911.92,911.63,911.60,912.60,914.08,914.67,914.48,914.26,915.07,915.93,917.44,918.89,920.12,921.87,922.91,922.86,922.88,922.88,922.88,922.94,923.50,923.94,924.20,924.72,927.18,932.12,939.82,946.97,948.65,944.46,940.36,938.84,938.12,938.18,938.27,939.41,939.95,940.70,942.11,943.19,944.10,945.00,946.02,948.18,950.49,952.01,952.62,952.84,953.11,953.69,954.30,954.90,955.54,956.23,956.88,957.61,959.83,962.76,966.24,968.31,969.19,974.53,980.46,981.94,983.21,984.70,986.32,987.61,988.46,989.12,989.37,989.91,990.14,991.74,993.43,995.01,996.11,997.30,998.55,999.62,1004.11,1011.17,1019.24,1025.24,1028.59,1030.64,1032.29,1035.76,1039.49,1041.84,1045.52,1049.22,1049.93,1049.25,1048.66,1050.30,1052.70,1053.91,1055.44,1057.32,1058.45,1058.27,1059.98,1064.21,1066.93,1068.23,1066.89,1063.70,1057.86,1053.13,1050.49,1049.74,1049.76,1050.45,1048.91,1048.75,1048.61,1048.46,1048.99,1048.95,1050.41,1056.10,1064.17,1074.84,1085.56,1097.70,1109.18,1119.37,1127.11,1132.35,1132.31,1130.55,1126.85,1123.28,1122.86,1123.94,1123.48,1120.02,1108.49,1090.01,1084.47,1082.30,1086.81
1092.95,1087.08,1080.85,1075.00,1069.70,1062.68,1054.43,1045.32,1037.42,1031.88,1029.08,1023.95,1018.71,1016.71,1015.27,1014.21,1012.40,1008.37,1001.92,998.26,993.51,987.66,980.79,973.51,963.52,951.32,944.69,936.00,928.76,924.73,921.02,917.10,913.18,909.61,906.44,903.73,901.04,898.36,895.34,892.17,889.42,886.58,887.05,885.84,885.91,883.49,880.81,879.98,879.97,880.32,881.55,882.06,881.49,881.80,882.17,882.49,882.75,883.07,883.38,883.55,884.30,884.75,884.70,884.82,885.06,885.57,886.02,886.28,886.61,887.01,887.44,888.02,888.34,888.95,889.64,889.91,890.49,891.51,892.74,894.08,894.71,895.18,895.51,895.85,896.45,897.38,898.38,899.33,900.09,900.48,901.31,902.06,902.85,903.62,904.20,904.69,905.11,905.91,906.80,907.53,908.24,908.91,909.41,909.95,910.53,910.74,910.48,909.80,909.36,910.10,911.24,912.11,911.33,910.26,910.50,912.18,913.80,915.50,916.52,916.54,915.74,915.02,915.28,916.14,917.49,920.02,921.06,921.17,921.10,921.19,921.24,921.25,921.57,922.37,922.96,924.17,928.67,934.19,937.13,942.54,950.15,952.50,951.70,949.28,945.28,941.52,940.27,940.63,941.42,943.07,942.50,941.68,942.59,943.49,944.32,945.09,947.04,948.81,950.71,950.84,951.02,951.35,952.00,952.56,953.22,953.89,954.52,955.20,957.02,959.85,962.41,964.93,966.63,967.28,968.57,976.08,980.91,982.17,983.69,985.29,986.89,988.43,989.89,990.55,991.00,991.72,992.92,993.88,994.80,995.71,996.58,997.47,999.07,1003.78,1010.66,1015.65,1020.52,1024.05,1027.54,1031.71,1036.43,1040.41,1042.73,1044.89,1047.16,1047.98,1047.19,1047.42,1048.22,1049.44,1050.09,1049.86,1050.99,1052.86,1053.44,1055.08,1060.81,1064.34,1064.94,1061.20,1056.84,1052.73,1048.29,1044.34,1042.83,1043.51,1044.92,1044.78,1045.06,1045.51,1046.17,1046.94,1047.66,1049.79,1054.39,1060.39,1069.97,1081.32,1092.94,1104.53,1114.63,1123.65,1127.39,1126.34,1124.83,1121.48,1118.46,1117.89,1119.41,1120.16,1115.07,1099.87,1082.93,1080.35,1080.04,1084.77
1092.26,1084.95,1074.58,1067.93,1060.88,1055.85,1049.81,1043.89,1038.69,1035.17,1032.51,1027.28,1019.43,1017.47,1017.28,1016.97,1015.38,1014.37,1013.33,1010.84,1006.12,999.00,992.18,981.54,969.80,956.84,947.75,936.32,928.54,924.67,920.91,917.73,914.37,911.16,908.08,904.62,901.00,898.14,895.52,893.03,890.80,885.77,883.09,881.75,881.95,880.84,879.58,879.33,879.41,879.80,880.88,880.64,880.02,880.69,881.08,881.53,881.85,882.14,882.40,882.63,883.08,883.61,883.64,883.91,884.43,885.11,885.51,885.84,886.22,886.64,887.05,887.58,888.12,888.69,889.25,889.91,890.48,891.24,892.19,893.25,894.31,894.97,895.07,895.53,896.42,897.42,898.40,899.27,899.99,900.84,901.52,902.16,902.64,902.97,903.37,903.77,904.54,905.56,906.27,906.93,907.58,907.83,907.92,908.63,909.08,909.38,909.22,908.82,908.39,909.13,910.22,910.55,909.63,909.83,911.16,913.31,915.02,916.75,918.25,918.76,918.47,917.53,916.29,916.19,916.99,918.13,918.77,918.98,919.27,919.59,919.87,921.00,923.16,924.86,929.42,935.43,940.11,943.26,944.86,944.87,947.25,950.97,954.80,957.01,956.42,953.22,949.28,947.42,948.27,950.38,949.46,945.23,942.88,943.11,943.64,944.23,945.24,946.01,947.04,947.60,948.14,949.00,950.11,950.92,951.62,952.28,952.84,954.15,956.99,959.75,962.25,964.14,964.68,965.72,968.44,972.52,978.79,981.10,982.54,983.95,985.70,988.43,990.26,990.75,990.87,991.15,991.39,991.84,992.65,993.50,994.36,996.01,998.10,1001.93,1007.09,1010.45,1015.23,1020.09,1025.52,1031.20,1036.24,1038.71,1040.00,1041.83,1044.05,1044.50,1044.49,1044.06,1044.12,1044.09,1042.79,1041.88,1045.18,1048.38,1049.05,1051.13,1058.70,1062.85,1063.44,1060.29,1054.38,1046.82,1041.16,1039.69,1038.98,1038.94,1040.16,1041.20,1042.39,1043.43,1044.57,1045.93,1047.39,1049.35,1053.13,1058.04,1064.27,1073.24,1084.72,1097.35,1107.65,1116.18,1119.47,1117.24,1117.56,1115.59,1113.82,1113.94,1114.16,1113.63,1107.63,1089.78,1078.76,1077.53,1078.65,1084.72
1091.85,1084.88,1072.59,1064.07,1058.04,1052.81,1046.50,1040.55,1035.84,1032.63,1030.24,1026.75,1021.47,1019.39,1019.56,1020.42,1020.36,1024.99,1026.40,1022.03,1015.66,1007.99,996.81,983.70,969.89,958.73,951.52,942.45,932.73,926.45,921.24,916.74,912.82,910.81,907.84,904.13,900.72,898.38,896.38,894.30,892.15,888.88,881.53,879.54,879.54,879.40,878.86,878.91,879.25,879.65,880.14,879.86,879.63,879.94,880.39,880.77,881.04,881.30,881.52,881.88,882.10,882.42,882.72,883.28,884.00,884.64,885.08,885.50,885.96,886.46,887.03,887.61,888.13,888.73,889.36,889.93,890.49,891.16,891.93,892.69,893.51,894.25,894.83,895.54,896.47,897.46,898.39,899.08,899.70,900.27,901.16,901.50,901.71,902.03,902.45,903.21,904.25,904.83,905.35,906.21,906.38,906.23,906.48,906.99,907.23,907.53,907.74,907.59,907.39,908.00,908.69,908.59,909.97,912.13,913.40,914.73,916.48,918.35,922.29,927.54,927.55,925.02,921.29,920.98,923.47,926.20,927.38,929.10,930.53,930.90,930.80,931.71,933.24,936.62,941.50,945.33,948.10,950.65,952.61,952.63,950.55,950.92,954.63,959.76,961.03,960.56,959.14,957.99,958.85,960.36,960.07,956.19,950.34,947.79,947.68,948.38,949.53,950.13,949.66,951.50,951.87,950.80,949.48,949.28,950.01,950.59,951.25,953.12,956.14,959.24,961.70,962.34,962.82,964.98,967.83,971.56,976.34,979.08,980.37,981.81,985.10,987.62,989.60,989.47,989.05,989.15,989.26,989.72,990.38,991.24,992.40,994.33,996.62,999.69,1003.37,1007.10,1011.55,1018.56,1024.32,1029.08,1031.91,1033.89,1037.51,1039.46,1040.90,1041.28,1041.51,1040.51,1039.88,1039.31,1037.72,1038.62,1042.50,1044.82,1047.09,1052.16,1059.45,1062.16,1062.26,1060.61,1055.44,1045.42,1037.44,1036.89,1036.64,1036.77,1038.15,1039.97,1041.80,1043.41,1045.06,1046.63,1048.22,1049.73,1052.88,1056.80,1060.83,1066.46,1075.44,1088.18,1099.98,1106.26,1107.79,1105.64,1107.86,1108.77,1108.89,1109.64,1107.88,1105.07,1096.41,1081.56,1075.80,1076.89,1079.29,1085.66
1089.63,1085.09,1074.31,1065.98,1060.78,1054.86,1045.30,1038.51,1032.94,1027.67,1023.25,1019.19,1020.89,1021.38,1020.16,1019.56,1020.63,1025.37,1028.28,1025.53,1020.17,1012.71,1000.78,986.53,973.26,967.30,958.90,949.70,938.90,929.45,923.43,914.95,908.23,904.73,901.64,899.54,898.41,897.60,896.33,894.29,892.20,888.92,881.16,878.84,878.34,878.15,878.28,878.56,878.88,879.19,879.50,879.52,879.33,879.50,879.82,880.14,880.25,880.40,880.63,881.08,881.36,881.87,882.67,883.58,884.55,885.03,885.14,885.52,886.03,886.52,887.12,887.66,888.16,888.81,889.72,890.18,890.53,890.98,891.63,892.32,893.21,894.33,895.32,895.98,896.75,897.51,898.22,898.81,899.43,899.82,900.63,900.68,900.76,901.14,901.91,902.97,903.58,903.47,904.01,904.80,904.54,904.29,905.39,905.48,905.29,905.64,906.13,906.07,906.17,906.51,907.73,910.27,913.35,916.01,917.08,917.34,918.50,922.48,929.91,936.19,938.79,938.00,936.10,934.68,935.76,938.13,940.21,942.76,945.05,946.03,945.62,945.49,946.42,948.53,950.35,952.46,955.08,958.38,959.32,959.30,958.71,958.64,959.79,961.08,962.13,962.34,962.26,962.54,962.88,964.03,964.25,963.85,962.42,960.84,961.36,962.39,963.06,962.60,962.28,963.16,962.96,962.18,959.29,954.85,952.60,952.44,953.91,955.07,956.06,958.06,959.62,960.26,961.56,964.21,966.98,969.93,973.98,976.52,978.10,979.01,979.69,982.09,986.17,985.63,985.62,986.59,987.26,987.96,988.59,989.39,990.54,992.42,995.01,997.43,1000.25,1004.84,1009.86,1016.22,1021.41,1025.11,1028.42,1031.74,1035.36,1037.41,1037.88,1038.24,1038.19,1037.50,1036.68,1036.29,1034.74,1035.57,1039.75,1042.84,1049.01,1054.97,1059.87,1060.17,1059.08,1054.78,1048.51,1038.79,1034.56,1034.32,1034.87,1036.35,1038.22,1040.09,1041.74,1043.35,1045.20,1046.76,1048.25,1049.35,1051.75,1055.91,1058.64,1060.83,1066.72,1076.61,1089.19,1096.15,1097.53,1096.65,1099.17,1101.74,1102.57,1102.00,1097.57,1091.03,1083.75,1077.45,1073.79,1076.38,1080.24,1084.06
1082.26,1084.07,1080.53,1072.10,1064.51,1055.37,1042.76,1035.66,1030.70,1023.77,1015.61,1010.45,1011.65,1011.99,1009.17,1006.92,1010.04,1016.85,1020.83,1021.41,1019.04,1010.95,1001.49,990.76,977.66,970.01,963.13,953.56,940.41,933.79,927.80,916.50,907.03,899.76,897.76,896.76,896.20,895.54,894.93,893.69,891.66,886.06,879.32,878.06,877.36,877.31,877.63,877.94,878.25,878.62,878.91,879.01,879.00,879.09,879.45,879.69,879.85,879.84,879.93,880.39,880.91,881.53,882.48,883.47,884.44,885.04,885.10,885.49,886.00,886.49,886.99,887.54,888.09,888.89,889.74,890.12,890.23,890.63,891.32,892.15,893.17,894.22,895.28,895.93,896.43,897.08,897.81,898.50,899.20,899.61,899.95,899.58,899.93,900.73,901.73,902.26,902.34,902.01,901.68,902.10,901.86,901.58,904.04,904.06,903.47,903.84,904.49,904.98,905.86,908.48,912.11,914.61,916.95,920.58,921.67,922.03,921.74,922.64,927.38,932.45,938.06,940.73,942.03,942.65,942.62,943.31,944.65,947.20,949.64,950.77,951.20,951.60,952.69,954.24,955.38,957.10,958.50,959.72,960.41,960.84,961.14,961.53,961.69,962.27,963.20,963.95,964.33,964.71,965.51,967.14,967.98,968.88,969.62,970.04,970.62,970.99,971.20,971.18,971.45,971.89,971.36,971.37,971.03,969.74,968.95,969.48,969.44,969.28,969.13,968.13,966.68,963.18,961.99,963.48,966.32,969.26,971.88,973.62,975.72,976.16,976.53,979.98,982.65,981.50,982.35,984.22,985.37,986.26,987.03,987.85,988.76,990.54,992.52,994.62,998.12,1001.34,1006.91,1014.99,1021.39,1025.06,1028.73,1031.89,1034.12,1034.38,1034.78,1034.76,1034.30,1034.12,1033.61,1033.35,1031.99,1030.53,1031.57,1036.09,1044.90,1050.34,1051.81,1049.63,1045.04,1039.52,1036.23,1032.84,1032.05,1033.16,1034.68,1036.33,1038.14,1039.36,1040.78,1042.91,1044.79,1046.17,1046.80,1047.87,1051.17,1054.59,1056.54,1058.27,1060.93,1066.41,1075.68,1082.56,1085.96,1087.59,1091.66,1093.25,1091.19,1086.13,1080.53,1076.31,1073.36,1071.88,1071.64,1074.75,1077.74,1079.29
1075.23,1077.32,1079.18,1074.94,1063.31,1051.13,1039.63,1032.26,1026.68,1020.44,1012.23,1006.51,1005.52,1003.44,999.81,996.94,999.74,1006.28,1009.73,1013.23,1011.95,1004.65,995.16,984.44,971.83,965.39,960.71,952.42,940.90,931.79,925.81,918.74,912.53,903.15,898.43,896.02,894.24,893.38,892.79,891.95,890.78,883.30,878.48,877.13,876.46,876.60,877.00,877.31,877.67,878.11,878.33,878.43,878.52,878.68,878.92,879.13,879.39,879.54,879.78,880.18,880.69,881.20,881.85,882.84,883.91,884.55,884.59,885.24,885.76,886.22,886.76,887.32,887.92,888.77,889.51,889.80,889.85,890.31,891.08,892.09,893.00,893.85,894.84,895.20,895.95,896.67,897.37,898.25,898.96,899.17,898.56,898.83,900.14,900.62,901.11,901.03,901.00,900.48,899.83,899.55,899.73,900.47,903.61,905.15,906.21,908.05,911.32,915.84,917.11,917.09,918.24,921.49,924.37,926.44,930.09,930.81,928.76,925.85,924.43,926.52,928.91,933.97,938.93,941.46,944.32,945.71,946.78,948.27,949.77,951.14,951.95,952.82,953.48,952.92,952.75,954.96,956.92,958.14,959.31,959.85,959.87,960.97,962.29,963.11,963.87,964.92,965.68,966.37,967.36,969.09,970.44,970.94,971.42,971.97,972.60,972.90,973.09,973.11,973.75,974.05,973.54,973.25,972.90,972.56,973.41,976.00,975.82,975.23,974.67,973.99,972.01,969.54,966.11,963.30,965.92,968.24,969.44,971.34,973.30,972.98,973.45,975.58,975.89,976.18,980.57,982.32,983.60,984.44,985.26,986.02,987.14,988.39,989.51,992.56,994.48,996.83,1002.05,1011.03,1020.03,1023.61,1026.90,1030.33,1031.71,1031.15,1031.59,1031.20,1030.04,1029.84,1029.51,1029.00,1026.71,1024.73,1024.38,1026.19,1030.13,1033.81,1034.37,1032.67,1030.10,1028.84,1029.22,1029.82,1031.55,1033.24,1034.71,1036.25,1037.82,1038.80,1040.41,1042.61,1043.89,1044.16,1044.51,1047.21,1050.71,1052.55,1053.16,1054.91,1056.26,1059.76,1066.73,1070.64,1075.38,1076.49,1076.49,1076.88,1077.02,1075.45,1072.50,1068.76,1067.31,1068.24,1069.86,1070.73,1070.84,1071.69
1069.51,1069.96,1070.44,1068.12,1057.33,1046.49,1037.42,1030.16,1023.82,1016.88,1009.25,1003.49,1000.39,996.28,990.81,986.94,988.78,992.78,998.35,1001.93,1001.73,997.13,988.77,978.61,968.97,962.14,956.47,948.93,938.56,930.13,925.53,921.37,915.26,907.04,900.00,897.05,894.40,891.97,890.60,889.04,886.50,880.58,878.08,876.33,875.55,875.94,876.34,876.70,877.16,877.58,877.73,877.83,878.03,878.28,878.48,878.73,879.13,879.51,879.81,880.09,880.38,880.93,881.47,882.17,883.10,883.49,884.13,884.95,885.40,885.91,886.51,887.13,887.73,888.36,888.69,888.93,889.24,890.01,890.85,891.68,892.49,893.36,894.11,894.63,895.68,896.06,896.87,897.93,898.28,897.63,897.04,898.27,899.16,899.41,899.78,899.14,898.81,898.99,901.22,905.88,910.82,915.37,920.42,922.03,923.44,924.94,927.97,931.14,931.76,931.39,931.42,933.39,934.56,936.28,940.15,940.86,938.57,932.81,927.93,926.59,927.77,931.84,935.32,938.37,941.64,943.63,944.55,945.81,948.20,949.74,950.21,950.57,950.57,949.26,949.45,952.40,954.73,956.08,957.06,956.82,956.70,959.77,961.66,962.79,963.48,964.25,965.82,967.55,968.91,969.96,970.98,971.90,972.63,973.45,974.36,974.76,974.94,975.19,975.75,975.97,975.58,975.43,975.18,974.88,976.49,979.88,979.98,979.35,978.36,977.51,976.27,974.52,970.46,965.23,965.06,966.72,968.29,970.24,970.47,970.23,971.09,972.43,973.66,974.78,977.47,980.88,982.00,982.39,983.39,984.23,985.32,985.90,987.45,989.47,990.01,993.13,997.34,1002.29,1013.24,1020.27,1023.73,1027.04,1028.20,1027.54,1027.89,1027.09,1024.10,1021.53,1019.77,1019.11,1018.88,1019.06,1019.24,1020.62,1024.34,1026.98,1026.72,1026.69,1026.46,1026.23,1026.77,1029.41,1031.68,1033.34,1034.79,1036.13,1037.28,1038.46,1040.08,1041.63,1041.41,1041.57,1042.20,1045.06,1047.73,1047.63,1047.63,1049.31,1050.03,1050.49,1051.46,1053.28,1063.29,1067.74,1067.75,1069.29,1071.13,1069.54,1064.69,1062.08,1061.49,1063.88,1067.20,1067.76,1068.04,1068.58
1066.21,1064.57,1062.67,1057.54,1049.43,1043.40,1036.81,1030.77,1024.59,1016.89,1008.39,1000.23,993.86,989.05,984.68,980.23,980.91,983.48,989.47,990.37,990.02,990.51,984.43,975.60,968.04,963.29,959.76,952.83,943.47,934.46,930.22,924.30,915.00,907.22,901.71,898.01,895.22,892.37,888.75,884.13,881.36,879.16,877.80,876.20,874.88,875.29,875.73,876.19,876.66,877.00,877.13,877.34,877.64,877.90,878.14,878.53,879.05,879.57,879.94,880.07,880.09,880.45,881.07,881.69,882.34,883.00,883.79,884.39,885.01,885.47,886.05,886.75,887.29,887.65,887.93,888.22,888.67,889.67,890.44,891.16,891.95,892.75,893.17,893.96,894.85,895.61,896.91,897.93,897.34,896.30,895.69,896.67,897.06,896.72,897.24,898.79,903.34,910.44,918.25,922.37,922.93,927.34,930.90,932.00,933.61,934.43,935.36,938.54,940.37,940.52,939.93,939.40,940.05,941.31,942.86,944.82,945.11,941.76,937.93,933.38,928.43,929.75,932.32,935.37,938.54,940.95,941.87,942.86,943.66,944.12,947.03,947.49,947.11,946.30,948.53,951.52,952.32,953.71,953.88,953.10,953.79,958.90,961.03,961.73,962.02,962.77,964.45,966.99,969.24,970.47,971.44,972.22,972.99,973.78,974.65,976.04,976.79,977.24,977.66,977.88,977.59,977.69,977.92,977.29,977.73,980.51,981.68,981.74,981.13,980.39,980.14,978.90,974.94,970.13,966.65,966.30,967.43,968.75,969.62,970.69,972.15,973.78,974.93,976.05,976.86,978.75,979.96,980.42,981.37,982.37,982.93,983.42,984.53,986.04,987.68,990.77,994.39,997.25,1002.94,1012.64,1018.26,1021.86,1023.03,1023.27,1023.44,1022.86,1019.87,1016.71,1015.44,1015.28,1015.42,1015.59,1015.86,1017.30,1022.01,1023.52,1023.04,1023.13,1023.43,1023.92,1025.83,1029.33,1031.78,1033.50,1034.49,1034.40,1035.10,1036.31,1037.65,1036.79,1035.75,1037.31,1039.23,1040.57,1040.11,1036.91,1037.01,1040.39,1042.90,1044.02,1045.76,1047.78,1056.06,1060.07,1061.54,1062.92,1062.61,1060.10,1057.23,1057.98,1060.07,1064.23,1068.27,1068.45,1068.80,1069.33
1069.80,1068.75,1062.13,1053.76,1047.20,1043.70,1038.47,1032.00,1023.91,1016.19,1008.74,998.71,990.30,983.80,979.80,976.72,976.00,979.19,983.60,983.96,981.60,982.91,979.39,969.45,961.87,955.23,951.89,948.51,944.54,939.15,931.78,921.91,913.40,907.33,902.51,898.57,895.63,892.71,888.60,881.59,878.75,876.97,875.57,875.19,874.57,874.72,875.25,875.70,876.16,876.45,876.68,877.00,877.29,877.56,877.97,878.45,878.94,879.48,879.93,880.02,879.89,879.88,880.60,881.28,881.97,882.70,883.50,884.22,884.75,884.98,885.61,886.18,886.62,886.94,887.28,887.60,888.05,889.18,890.18,890.82,891.53,892.28,893.01,893.76,894.37,895.43,896.90,897.14,896.11,894.91,894.39,894.89,895.93,898.55,904.38,912.79,919.57,923.49,927.42,928.26,927.63,928.36,931.07,932.97,934.75,936.47,938.21,940.34,942.26,942.21,941.46,940.78,941.23,942.25,943.37,945.10,946.89,947.38,947.16,944.19,935.24,930.46,932.18,933.89,935.26,937.93,939.31,939.82,939.58,940.26,943.61,944.14,943.59,943.66,946.80,949.16,949.99,951.28,950.48,949.70,951.53,956.35,959.30,960.37,960.60,961.30,963.33,966.12,968.88,970.54,971.20,971.54,972.08,972.36,973.11,974.96,977.16,978.65,979.42,979.67,979.54,979.58,980.14,979.76,979.00,980.40,982.18,983.60,983.43,982.83,982.68,982.22,980.07,976.32,973.74,972.89,973.06,972.71,972.86,973.46,974.08,975.22,976.33,977.44,978.08,978.29,979.32,980.48,981.23,981.96,983.11,984.73,985.07,984.35,985.79,988.87,991.79,993.50,999.06,1005.13,1009.04,1013.36,1015.83,1016.36,1015.60,1016.43,1014.08,1012.45,1011.55,1011.83,1012.24,1012.32,1012.58,1015.15,1019.19,1018.94,1018.57,1019.68,1021.12,1021.81,1022.85,1026.95,1029.13,1031.79,1031.92,1031.94,1032.36,1032.59,1029.18,1027.35,1028.21,1030.77,1033.51,1034.03,1031.20,1034.57,1038.14,1037.91,1038.62,1040.10,1043.99,1047.48,1050.06,1050.47,1051.54,1051.74,1051.22,1051.60,1056.68,1062.03,1064.54,1068.03,1070.20,1070.47,1072.78,1076.86
