943.12,949.60,951.12,941.65,940.92,945.62,951.99,948.74,937.45,923.72,912.28,903.25,901.53,895.21,895.20,890.14,881.97,871.49,856.25,846.44,840.69,836.97,836.98,837.45,837.21,837.83,841.31,842.32,850.86,854.55,844.79,843.40,847.87,852.45,849.84,838.69,836.73,848.62,855.61,850.82,841.21,835.44,837.16,837.22,823.42,815.42,810.88,806.02,802.77,801.24,800.29,799.69,799.19,797.87,796.58,795.98,795.30,794.37,793.24,791.49,790.31,789.66,788.88,788.00,787.06,786.07,785.04,783.60,781.96,780.31,778.66,777.50,776.42,775.33,774.29,773.33,772.66,771.99,770.18,769.06,768.34,767.78,767.50,767.10,767.26,767.35,767.32,767.42,768.89,771.22,770.75,770.84,771.77,777.87,779.14,771.16,768.24,769.32,774.22,784.83,800.15,813.79,812.10,798.07,787.74,792.59,807.88,808.36,794.61,784.26,775.63,770.57,772.96,777.61,788.05,806.14,819.38,820.64,810.84,801.62,801.38,811.19,810.89,800.61,784.35,775.19,768.97,766.12,771.54,788.34,795.79,787.83,779.90,788.03,790.74,781.38,782.38,788.35,798.87,810.95,820.66,825.05,821.22,826.72,830.42,827.06,819.62,815.86,817.54,820.89,820.51,816.18,809.78,804.08,798.50,792.39,784.00,773.53,764.88,754.80,758.18,746.69,736.28,734.16,732.59,731.21,730.05,728.75,727.46,726.11,724.94,724.35,724.16,725.18,726.59,727.58,728.07,728.50,728.75,728.84,730.23,732.06,733.02,733.04,733.31,733.65,733.79,733.88,733.90,733.96,733.92,734.20,734.77,736.04,737.57,739.44,741.68,744.00,746.12,748.05,749.54,751.02,752.15,753.19,754.02,754.62,755.39,756.35,757.58,759.23,760.15,761.63,764.52,766.38,767.44,768.22,768.47,768.58,769.43,771.86,774.18,775.27,777.00,779.85,781.28,781.92,783.56,786.53,788.96,790.63,791.34,793.50,791.73,790.26,788.01,790.38,792.60,794.82,798.56,802.67,807.03,811.24,815.96,819.07,816.52,815.34,820.21,824.43,828.37,827.16,821.77,825.69,841.50,859.97,853.02,845.34
938.42,947.79,954.57,955.10,957.12,954.80,945.50,933.65,926.67,908.51,898.38,889.73,886.73,882.22,880.52,875.95,868.19,853.85,846.55,841.71,838.70,838.44,840.07,842.63,844.36,849.50,855.25,859.40,867.32,861.22,850.39,854.62,859.66,864.22,856.17,843.65,840.33,852.98,864.37,855.47,845.52,841.34,842.89,840.82,831.30,829.30,827.12,814.74,807.82,805.38,804.01,802.84,801.64,799.94,798.65,798.19,797.77,796.85,795.75,794.26,792.86,792.00,791.27,790.43,789.13,787.67,785.98,784.17,782.70,781.42,779.77,778.66,777.79,776.44,775.30,774.81,774.22,772.80,770.48,770.19,770.19,770.35,769.58,768.63,769.16,769.93,770.76,772.01,775.50,777.34,776.13,778.08,775.95,779.24,788.03,785.26,773.95,772.68,775.62,784.17,801.17,814.80,820.30,809.88,799.39,805.87,812.76,810.15,798.01,787.87,778.73,773.64,774.61,779.47,788.85,802.54,812.64,824.17,821.80,811.50,808.87,812.48,806.51,798.92,785.83,775.71,769.34,768.06,775.23,791.95,802.14,795.83,786.50,787.15,794.96,792.17,786.96,786.66,792.28,803.74,815.31,827.18,829.71,830.27,828.04,822.65,817.66,814.44,814.74,817.56,817.28,813.60,808.98,804.26,800.42,791.85,780.53,771.48,764.29,763.20,768.35,749.72,736.57,733.64,732.52,731.38,730.25,729.10,727.96,726.17,724.89,724.49,724.42,725.61,727.38,728.58,729.22,729.16,729.02,729.23,730.86,732.89,733.69,733.59,733.76,734.08,734.33,734.40,734.40,734.40,734.25,734.43,735.02,737.33,739.75,740.72,741.77,743.73,746.67,749.65,751.04,752.11,753.22,754.28,755.19,756.24,757.38,758.48,760.32,763.05,764.83,767.08,772.29,777.30,779.33,776.29,773.20,772.48,774.88,778.99,778.96,778.01,778.97,781.58,784.05,785.65,785.80,788.65,792.00,794.34,794.90,797.36,798.04,796.74,792.63,793.55,797.14,796.95,798.22,801.40,807.38,812.59,817.92,822.97,822.82,820.66,819.84,826.42,831.94,832.56,829.12,827.26,841.27,862.01,860.12,850.76
944.94,952.84,962.95,968.35,964.00,951.21,933.85,917.99,912.76,909.85,896.22,887.69,879.49,872.79,868.89,863.36,853.53,845.66,842.37,840.66,840.15,841.73,845.36,849.89,852.55,857.77,868.53,873.02,871.68,860.35,859.22,863.75,870.77,869.07,858.29,849.00,845.85,857.85,870.34,861.04,850.23,847.44,847.54,841.97,837.32,843.89,839.31,826.26,815.61,810.65,808.91,807.14,805.64,803.17,801.24,800.72,800.40,799.31,798.40,796.98,795.45,794.47,793.76,792.80,790.24,788.02,786.37,785.28,783.92,781.88,780.92,780.35,778.59,776.98,776.64,776.37,775.68,773.83,772.84,773.39,774.04,774.38,772.88,773.62,773.79,774.36,776.04,780.04,785.34,784.99,780.73,786.06,781.44,780.16,790.51,795.63,786.23,777.21,777.71,784.39,796.12,811.45,823.15,818.75,813.06,818.52,818.46,807.86,796.69,788.44,781.08,776.69,776.71,780.74,789.10,798.45,808.82,823.84,828.73,820.45,816.52,808.77,798.22,790.70,782.34,775.73,770.11,770.67,780.68,796.48,808.66,800.62,794.55,791.82,798.10,800.42,792.88,789.39,791.79,798.73,807.26,821.59,829.75,830.20,825.71,818.06,811.73,807.27,804.94,810.05,812.09,809.93,806.52,803.43,799.46,790.01,777.79,768.76,765.64,770.28,770.97,751.87,738.28,734.04,732.89,731.80,730.86,730.23,728.54,726.39,724.93,724.74,724.72,726.53,729.22,729.93,730.14,729.59,729.34,729.59,731.32,733.35,734.14,734.14,734.32,734.52,734.82,734.91,734.88,734.68,734.41,734.57,735.11,737.70,741.60,744.98,744.51,744.42,746.32,749.27,751.14,752.77,754.20,755.34,756.42,757.34,758.44,760.02,764.07,767.50,770.34,776.49,786.49,793.03,790.38,784.01,778.85,777.69,782.00,788.50,786.19,782.91,782.79,785.39,786.45,788.51,788.87,790.83,794.96,798.67,798.94,800.88,802.75,801.97,796.95,798.68,802.27,804.14,805.35,806.36,812.72,816.71,818.43,821.55,829.01,830.19,827.60,839.78,841.16,836.55,835.80,833.43,841.17,865.33,869.54,860.54
941.61,953.91,967.90,962.68,953.25,947.12,922.43,903.69,897.13,901.39,902.30,896.71,886.46,871.98,864.13,858.09,851.56,844.47,843.50,843.93,844.37,845.75,851.18,860.91,866.40,864.52,878.93,884.34,871.98,865.33,870.07,874.07,874.75,867.35,860.16,852.55,852.75,865.31,874.81,865.22,856.03,854.70,851.66,846.13,846.22,850.23,842.00,830.22,824.25,822.07,822.89,818.24,810.31,806.67,804.75,804.40,803.69,802.29,801.08,799.08,797.84,797.14,796.33,795.00,791.32,788.85,787.98,786.93,785.00,783.75,783.80,781.71,778.71,778.00,778.13,777.95,777.47,776.05,776.18,777.09,777.89,778.73,780.60,783.36,781.10,779.64,781.16,788.01,798.02,793.11,786.60,795.60,794.62,787.24,790.84,800.62,795.85,784.22,781.44,785.37,796.45,810.18,822.03,827.12,825.05,827.70,820.26,808.80,798.13,788.38,783.08,779.61,778.81,783.57,793.41,806.64,813.06,823.16,831.31,828.89,824.32,810.57,802.02,792.39,784.02,777.93,772.85,774.26,784.52,797.22,809.01,807.95,805.99,800.22,800.83,807.62,803.09,795.40,795.04,798.73,804.71,813.14,825.82,829.07,825.17,819.28,808.50,800.14,798.36,800.55,804.54,804.30,802.21,798.98,792.38,781.59,774.34,769.36,771.25,774.85,768.69,751.82,738.69,734.58,733.39,732.47,731.91,730.86,729.72,727.69,724.97,724.90,724.93,727.99,730.36,730.74,730.66,730.23,729.82,730.28,732.22,733.94,734.49,734.53,734.67,734.83,735.09,735.48,735.24,734.73,734.53,734.65,735.15,737.85,742.55,748.33,749.66,748.30,747.88,749.25,750.60,752.41,754.29,756.10,757.39,758.50,759.58,763.01,768.77,773.69,780.03,788.99,799.98,813.04,804.90,792.28,784.74,783.29,790.77,797.68,791.40,787.49,788.31,792.77,790.67,791.72,793.42,793.49,797.79,802.33,803.28,805.23,807.47,807.09,800.73,806.62,809.49,809.54,812.33,812.54,817.93,828.82,830.36,826.00,828.61,835.86,835.98,848.94,852.20,843.41,844.75,847.51,849.18,869.78,879.19,870.33
944.12,956.13,962.60,947.48,933.16,934.35,926.04,908.04,893.65,886.82,892.82,894.86,881.37,866.84,859.20,853.85,847.45,845.55,846.47,847.75,849.42,850.78,856.28,870.48,880.53,880.35,887.60,890.91,879.18,878.38,881.29,884.77,876.67,869.63,863.21,856.72,859.46,871.57,881.46,872.30,867.29,861.59,855.09,852.13,852.59,847.80,839.93,833.12,831.94,837.86,835.47,827.93,816.10,809.87,808.28,808.19,806.96,805.21,803.24,801.24,800.56,799.88,799.08,798.79,796.19,792.18,789.91,788.27,786.80,786.61,786.89,784.69,782.35,781.34,780.73,780.01,779.52,778.74,779.35,780.92,785.08,786.39,792.30,801.85,794.00,785.37,785.28,791.50,802.68,798.62,791.45,799.49,804.56,796.73,792.29,800.80,801.49,791.62,786.41,787.03,792.94,801.00,816.25,831.53,837.49,832.21,818.33,807.43,798.86,790.46,785.89,782.15,781.35,785.13,793.76,807.84,817.87,826.75,832.02,831.93,826.19,816.98,810.38,800.19,787.17,779.93,775.00,776.12,782.95,793.47,803.69,810.50,812.28,808.93,810.15,814.29,810.78,800.74,800.32,802.61,811.37,818.85,825.80,826.68,820.64,814.11,806.51,800.00,798.06,796.13,796.17,796.37,794.11,789.42,781.16,776.63,775.61,776.29,779.46,778.60,768.03,753.25,739.71,735.41,734.05,733.57,732.70,731.59,731.12,729.39,725.44,725.21,725.25,728.76,730.60,731.16,731.26,730.99,730.54,731.63,734.01,734.79,734.74,734.66,734.70,734.84,735.22,735.85,735.39,734.79,734.73,734.73,735.20,738.00,745.58,756.64,758.20,754.37,750.68,751.86,751.72,752.81,754.67,756.51,758.09,759.35,762.80,768.75,775.93,782.73,791.51,804.16,821.35,830.27,817.70,800.37,789.94,788.29,795.81,807.48,796.64,791.64,796.01,806.68,803.67,796.70,797.48,797.71,802.25,807.06,807.81,810.17,811.33,810.13,805.50,811.19,818.88,816.38,816.67,819.79,822.88,839.45,844.23,834.20,829.87,835.79,843.90,854.16,863.26,853.86,851.91,857.17,857.78,870.89,885.78,884.66
947.38,958.99,956.06,940.60,918.40,913.82,918.69,915.40,896.93,881.64,877.21,879.10,870.86,860.48,854.09,849.04,846.87,848.02,848.88,851.45,856.92,863.21,859.63,868.99,880.27,892.60,899.41,900.15,890.46,896.09,895.83,890.06,880.07,871.02,863.72,863.11,871.40,878.98,889.97,884.55,876.98,866.64,860.40,859.23,852.85,846.05,840.72,838.78,842.80,848.42,839.14,830.04,820.20,813.98,812.16,813.03,809.65,807.27,805.50,803.90,803.57,802.86,802.16,802.05,799.62,795.26,793.01,790.52,789.88,789.61,790.43,793.96,796.92,795.93,792.20,788.27,788.37,785.48,783.84,786.70,797.14,797.49,800.48,811.82,800.86,789.59,789.07,793.40,805.87,806.21,796.68,802.34,812.17,806.56,798.40,800.94,806.41,797.04,791.29,789.68,795.45,803.90,815.44,830.80,840.53,832.79,819.08,809.82,804.88,796.16,787.96,784.62,784.25,787.10,793.59,802.73,810.94,821.45,830.15,827.06,817.13,810.32,804.71,795.85,785.98,779.73,777.76,777.34,779.41,786.84,794.92,803.88,811.81,815.82,818.56,822.48,815.88,807.34,809.94,808.27,819.31,827.22,831.05,828.65,820.00,813.09,808.55,805.88,803.01,800.14,795.26,789.96,786.62,783.20,781.92,783.53,785.58,787.47,789.03,784.52,776.44,761.38,743.85,737.07,735.42,734.53,733.36,732.75,731.78,730.20,727.14,725.58,726.16,730.04,730.86,731.48,731.94,731.92,731.64,732.26,734.59,735.09,734.97,734.83,734.80,734.87,735.43,736.22,735.55,735.04,734.99,734.97,735.42,738.07,747.39,760.20,760.90,757.37,752.99,754.58,754.42,754.34,755.34,756.93,758.63,760.72,766.27,773.90,786.03,796.58,803.66,822.81,838.73,834.62,818.97,807.76,801.35,796.14,800.80,814.45,806.37,800.66,811.11,822.02,821.98,804.09,800.38,802.59,807.31,814.75,815.55,815.57,815.02,812.04,809.85,816.04,825.20,823.16,820.59,826.54,834.51,848.02,857.15,845.94,835.14,836.03,846.16,861.81,873.34,867.19,858.04,862.19,864.77,872.03,891.39,900.54
942.00,947.87,938.04,934.78,914.78,900.36,901.44,908.79,900.22,882.41,869.89,867.50,863.60,859.01,852.93,848.28,849.38,851.66,853.17,858.73,867.03,876.85,871.94,873.20,885.33,892.39,907.55,910.29,905.20,910.58,906.14,894.71,881.77,872.80,868.98,874.21,887.47,889.52,900.04,896.50,881.88,873.34,871.14,863.60,853.01,847.64,847.54,851.31,854.55,849.17,838.98,831.54,823.13,816.61,817.32,820.76,814.90,809.59,807.63,806.86,806.74,805.90,805.39,803.95,800.75,798.62,797.40,797.55,795.29,793.61,795.57,800.20,811.98,815.17,805.24,801.18,803.25,793.51,789.35,789.58,803.97,808.22,809.71,816.34,803.26,794.05,793.37,798.59,810.21,814.98,803.82,806.88,819.76,820.48,807.86,805.42,811.43,801.82,795.70,793.18,796.86,803.86,811.94,827.21,841.72,836.70,827.20,820.63,812.40,799.70,789.90,787.56,787.06,789.56,794.17,800.38,809.88,823.15,830.64,826.44,811.50,802.46,796.90,790.36,785.45,783.79,783.63,781.33,780.98,786.69,789.72,795.21,805.01,816.23,827.17,829.71,824.32,818.35,820.40,818.98,823.07,829.70,831.61,829.18,823.97,819.24,814.19,810.90,807.13,803.41,797.84,789.93,785.64,787.82,791.66,794.25,795.91,797.16,793.71,785.30,774.77,762.42,745.58,738.74,737.20,735.39,734.39,733.38,732.07,730.74,728.39,725.81,727.48,730.49,731.10,731.64,732.25,732.72,732.77,733.20,734.32,735.27,735.23,735.13,734.92,734.96,735.66,736.65,736.32,735.90,735.76,735.82,736.39,738.43,746.71,759.69,761.29,757.42,754.89,757.30,757.45,757.12,756.82,758.06,759.43,763.08,768.93,777.11,794.43,811.60,825.02,841.85,849.52,840.70,830.46,828.24,824.33,814.94,811.38,823.27,819.16,814.59,826.32,836.11,833.01,812.42,804.94,807.07,811.92,824.81,830.39,821.07,818.80,817.13,814.30,823.66,833.20,831.45,827.68,833.05,845.72,860.82,868.91,856.35,844.06,840.89,846.24,865.52,881.60,879.42,865.36,864.04,868.89,875.68,892.36,911.72
929.62,935.32,918.01,924.21,919.30,901.27,889.86,892.29,890.84,874.97,865.75,862.39,858.46,855.60,851.76,849.33,852.91,857.71,858.98,868.38,878.71,886.90,882.25,877.02,893.34,898.78,909.47,917.07,919.25,918.72,908.27,892.24,882.43,877.22,878.11,886.28,901.10,904.29,908.34,906.36,892.35,882.51,872.00,862.67,855.61,853.58,859.50,862.93,859.59,847.93,839.83,832.26,822.73,819.86,825.82,829.92,822.63,817.82,811.10,810.36,810.63,809.10,807.92,806.04,806.19,806.59,803.80,804.63,799.22,797.86,801.14,806.44,824.54,828.74,815.57,811.84,809.53,797.82,793.86,794.25,807.31,818.29,820.75,819.10,804.81,797.40,796.87,802.46,816.95,822.46,811.40,812.44,826.04,828.71,815.67,812.41,816.78,807.25,800.22,797.93,800.22,808.71,821.44,835.67,848.00,843.44,834.89,828.68,818.25,802.45,793.49,790.95,790.14,792.02,797.82,807.95,816.54,828.58,832.92,829.13,816.48,803.02,795.38,791.34,789.16,793.16,792.16,785.89,785.01,795.10,802.53,796.92,800.81,815.24,828.09,830.75,828.35,823.63,822.91,822.80,823.40,825.66,826.54,825.14,822.41,818.48,810.27,805.14,802.60,800.13,795.48,789.70,788.22,796.55,801.34,802.26,802.23,800.68,792.25,780.23,770.64,763.66,753.70,743.65,738.93,737.00,735.11,733.67,732.34,730.90,728.32,725.87,727.89,730.54,731.21,731.85,732.45,733.02,733.57,733.99,734.54,735.45,735.70,735.46,735.34,735.50,735.95,736.80,737.19,736.84,736.62,736.65,737.48,739.19,746.37,759.52,761.47,757.44,757.11,762.03,764.09,761.07,759.20,759.66,761.27,764.87,770.03,778.39,795.54,812.78,827.58,841.45,849.85,849.28,846.94,846.43,842.26,833.53,828.29,834.54,831.84,829.38,841.71,849.22,837.32,818.59,810.63,812.31,820.21,837.08,845.40,831.59,824.02,821.92,818.37,829.93,841.75,840.34,835.36,840.74,856.31,872.81,880.30,867.05,856.03,848.93,849.35,871.20,891.28,891.43,875.52,868.23,872.59,880.94,892.49,913.63
913.81,922.30,907.31,905.85,916.77,906.44,891.57,879.76,875.51,867.21,861.70,858.74,854.86,853.05,850.96,852.17,856.34,864.43,866.65,873.86,886.71,897.11,893.90,884.41,896.73,908.24,912.49,917.38,921.81,920.70,905.10,893.58,886.85,882.80,890.74,902.03,909.21,908.92,907.71,904.40,897.05,883.05,869.08,862.92,859.20,866.07,872.35,867.59,856.73,847.03,838.59,830.84,825.18,829.89,839.63,836.98,831.61,829.48,817.56,815.01,818.21,814.58,810.67,810.74,814.75,816.60,813.10,812.50,802.64,801.16,805.22,812.57,830.96,834.92,826.75,822.31,811.56,801.19,797.02,799.92,813.66,828.09,828.02,818.14,806.75,800.98,801.08,806.77,821.44,830.29,821.64,818.13,828.78,833.11,822.64,819.71,823.69,812.68,805.56,802.94,803.12,809.39,820.21,835.53,850.22,842.65,832.57,824.23,814.37,803.56,796.86,795.25,795.40,794.93,797.55,805.45,815.89,826.10,831.31,823.29,811.67,801.82,796.34,795.18,795.40,805.86,802.94,790.88,789.28,798.19,811.75,807.62,801.04,817.33,830.40,830.84,826.16,820.84,818.87,818.11,818.34,819.02,819.15,819.24,818.31,815.86,810.09,800.86,797.13,795.48,791.97,790.12,794.31,802.86,805.83,805.16,803.04,798.28,787.81,778.22,774.35,773.71,767.43,751.86,741.39,738.22,735.25,733.42,731.67,730.57,728.21,727.14,728.96,730.53,731.22,731.87,732.46,733.14,733.77,734.33,734.90,735.61,736.09,736.01,736.09,736.20,736.60,737.17,737.77,737.73,737.46,737.39,738.08,739.49,745.79,756.55,763.01,759.97,758.46,767.12,772.14,766.13,762.25,762.45,764.25,765.68,769.98,777.92,792.32,807.65,819.14,826.46,838.44,846.12,844.65,846.14,850.27,848.03,845.23,849.67,847.04,846.86,857.85,856.53,835.81,820.34,816.03,817.95,827.76,846.76,854.77,841.17,827.85,823.27,821.25,833.66,849.95,857.20,851.40,846.23,860.58,879.65,891.63,881.35,867.67,855.84,856.35,881.36,900.85,902.57,885.55,875.60,876.57,884.07,893.66,913.40
897.07,903.92,901.37,889.42,898.71,894.31,881.28,871.25,867.37,863.90,859.34,856.40,856.40,858.03,858.36,864.94,864.92,868.55,876.09,874.40,882.84,898.88,906.63,897.09,900.78,917.29,920.73,920.48,923.68,920.52,905.93,902.51,894.42,888.54,895.59,906.31,911.51,904.55,896.72,892.57,886.84,877.29,869.58,867.02,873.77,880.10,878.96,869.16,856.47,847.97,837.82,830.56,831.94,845.02,852.65,845.99,839.36,831.22,819.28,818.34,821.98,817.44,814.53,818.13,824.27,827.64,825.10,819.33,807.55,804.83,808.70,819.21,836.16,840.60,835.55,826.98,812.30,803.87,800.23,804.64,817.41,831.92,829.82,817.03,808.06,805.14,806.31,811.43,826.24,836.43,833.29,824.27,834.08,839.40,830.48,828.37,830.05,818.10,810.83,807.97,806.93,809.59,818.27,829.19,848.70,842.16,830.77,819.15,809.59,804.55,800.83,800.39,802.02,799.21,798.58,802.61,809.13,820.50,826.73,820.39,808.99,801.41,800.76,802.45,801.14,811.30,809.93,800.82,795.27,799.24,812.59,818.90,809.53,812.84,829.38,830.20,824.08,820.04,815.43,811.00,810.86,811.89,812.16,812.66,812.76,810.33,807.55,800.09,794.95,793.61,794.36,795.81,800.40,805.94,805.25,802.42,800.53,798.30,791.95,786.48,783.45,780.01,770.29,758.19,747.31,741.66,735.79,733.01,731.02,729.75,728.18,727.96,729.78,730.44,731.06,731.66,732.13,732.90,733.67,734.39,735.12,735.89,736.50,736.72,736.84,736.94,737.27,737.83,738.33,738.50,738.22,738.15,738.68,739.95,744.90,751.30,757.00,762.21,761.54,768.78,777.05,769.21,765.32,766.07,767.62,768.44,770.15,776.39,784.35,795.37,806.70,814.62,822.94,827.83,826.77,829.40,837.84,844.28,851.82,863.13,868.70,867.48,867.51,852.80,832.85,824.47,823.37,824.68,837.25,853.87,861.18,844.78,831.88,830.65,826.60,840.72,858.60,873.45,869.55,859.28,873.11,890.27,902.70,892.84,873.86,859.71,863.30,887.39,908.49,914.58,896.33,883.39,883.90,886.13,893.35,911.24
882.64,885.06,885.18,877.56,879.88,875.24,868.30,864.50,861.23,859.93,858.13,856.87,862.20,869.06,872.29,881.64,876.11,871.70,884.10,886.87,893.90,895.42,909.62,913.83,909.07,920.79,931.75,932.95,929.79,919.58,913.75,913.68,902.70,896.78,900.63,907.72,912.86,904.72,892.01,885.28,879.90,876.00,876.85,883.14,888.17,884.09,877.37,869.08,858.22,847.08,836.30,836.17,844.79,856.47,858.78,850.07,837.02,827.50,820.99,823.37,824.48,818.39,817.62,821.60,831.41,839.04,835.48,825.52,810.69,809.16,814.25,823.49,839.07,844.36,836.24,825.23,814.18,807.84,805.95,817.66,826.56,834.43,828.31,817.25,812.42,809.43,809.75,816.84,831.33,845.28,844.63,835.37,844.25,850.36,839.46,837.96,833.63,822.98,817.57,814.66,812.65,814.59,825.34,839.66,853.15,846.66,832.45,820.49,814.00,808.13,805.59,808.65,809.61,803.48,802.18,806.39,809.55,818.72,822.44,820.16,809.66,805.74,811.95,815.40,806.92,817.92,818.22,811.88,802.06,801.41,811.28,820.08,823.41,821.84,831.07,835.13,833.83,832.01,824.80,813.37,807.69,806.42,805.60,804.73,803.26,801.35,799.39,796.62,795.59,797.93,800.14,803.04,806.90,807.29,801.05,795.97,793.55,795.15,794.82,792.34,788.69,780.46,770.25,763.01,757.77,751.12,739.07,733.51,731.20,729.36,728.00,728.49,730.01,730.27,730.81,731.33,731.75,732.55,733.37,734.17,735.26,735.93,736.44,736.95,737.38,737.66,737.95,738.42,738.73,739.00,738.97,738.88,739.41,741.12,744.82,749.39,756.27,764.76,770.49,776.52,783.48,773.64,767.82,769.62,771.22,772.25,772.17,775.07,779.29,785.81,793.38,802.44,810.07,813.77,813.92,817.30,823.72,828.36,840.61,854.71,870.87,881.91,867.99,847.18,836.36,836.11,832.02,834.41,850.38,863.62,868.75,849.33,836.67,835.83,831.49,844.57,863.52,882.38,886.39,875.27,885.89,904.57,911.85,895.58,875.78,865.11,871.87,895.28,916.49,924.79,908.96,894.55,900.23,899.00,897.68,910.76
875.71,874.91,873.23,870.45,870.30,868.12,865.14,862.14,862.35,861.59,859.87,863.92,874.08,880.73,880.80,889.71,887.22,876.92,887.88,898.24,907.84,905.10,908.74,923.59,927.11,921.23,931.52,939.95,935.61,920.55,923.95,924.07,914.37,910.59,915.24,917.82,916.07,906.52,894.36,886.19,881.82,884.18,889.78,890.50,886.18,873.49,863.11,856.95,849.52,842.27,841.71,847.42,858.63,858.97,848.90,838.08,829.25,825.81,827.99,832.72,828.27,822.57,823.91,827.32,838.26,843.54,837.44,825.90,814.17,815.55,820.48,829.23,846.68,847.71,834.65,824.23,816.98,811.19,811.31,830.16,841.22,840.37,827.38,818.80,819.61,818.51,815.12,820.52,833.71,848.82,854.20,850.28,855.94,862.34,854.91,849.96,840.03,830.40,824.45,825.01,820.19,820.02,831.46,851.19,858.57,846.11,831.43,824.97,818.80,811.54,811.17,818.20,815.14,806.55,806.37,812.30,818.69,823.35,827.84,822.56,816.96,817.34,822.04,824.03,815.56,825.65,827.56,816.23,808.60,806.88,810.92,817.36,829.82,837.48,845.52,847.05,842.77,837.00,830.24,820.29,809.99,806.73,803.52,800.18,798.94,798.04,797.35,797.31,800.24,804.89,808.39,811.81,811.02,804.72,797.53,788.54,786.85,789.45,791.38,791.65,788.31,780.54,774.16,769.47,763.60,752.99,740.42,733.59,731.06,729.36,728.14,728.62,730.03,730.28,730.58,730.96,731.37,732.14,733.06,734.09,735.10,735.69,736.24,736.76,737.29,737.82,738.32,738.73,739.08,739.39,739.63,739.78,740.82,743.40,746.92,753.81,762.25,770.08,781.46,788.78,792.92,783.75,772.34,775.51,775.17,775.94,777.12,777.01,778.87,783.06,787.73,793.22,797.83,802.16,805.49,809.66,814.70,821.02,838.93,855.40,874.66,887.01,874.80,860.67,850.23,850.81,842.09,847.76,865.82,877.10,877.36,857.27,842.57,842.48,838.61,849.89,862.99,883.91,899.39,896.61,899.71,919.80,923.35,903.41,884.86,876.60,887.59,906.62,924.93,935.20,924.29,911.53,916.96,915.45,906.30,916.15
876.75,874.82,873.18,871.01,868.23,866.04,864.64,865.68,869.10,869.59,866.70,873.44,883.45,891.80,891.63,897.12,894.98,883.21,889.68,906.00,919.16,919.73,913.35,925.93,938.94,929.07,934.27,940.23,938.85,927.18,930.62,929.12,924.09,922.06,921.34,918.67,916.49,911.77,902.04,890.21,890.37,892.45,890.88,883.86,872.87,860.63,853.28,849.04,849.56,850.97,854.61,860.48,858.66,847.39,837.52,831.28,829.02,830.78,838.64,838.86,829.03,827.13,831.92,835.45,846.27,845.01,833.70,820.56,817.92,822.02,824.91,831.19,849.09,850.09,836.62,826.89,820.15,815.81,821.44,835.75,849.29,849.92,835.00,826.60,832.20,829.13,821.73,823.92,833.16,846.17,858.75,862.87,867.37,871.02,870.06,862.39,849.68,840.40,832.62,833.04,826.86,825.14,832.92,850.92,859.91,849.15,836.12,830.59,821.63,817.48,820.96,824.23,817.13,810.57,811.36,818.96,826.44,833.45,834.28,831.08,830.36,830.46,829.58,830.63,826.10,826.66,831.06,820.48,813.96,813.61,816.99,822.56,831.05,840.88,848.91,844.08,838.54,834.99,829.99,823.17,816.52,811.69,806.63,802.83,801.95,801.91,802.25,802.89,808.17,813.77,817.85,817.13,809.55,800.48,792.04,783.90,781.01,784.68,787.72,788.64,787.48,783.61,780.56,773.98,758.73,744.21,736.09,731.91,730.36,729.55,728.44,728.71,729.99,730.30,730.58,730.82,731.06,731.77,732.83,733.97,734.96,735.52,736.00,736.56,737.08,737.61,738.15,738.68,739.19,739.65,740.66,742.22,743.76,745.95,749.64,760.94,770.98,772.89,777.73,788.23,799.23,793.97,787.24,783.40,777.66,780.16,783.64,782.43,783.29,787.06,790.33,792.19,795.20,799.42,805.85,809.29,812.79,818.99,831.98,850.51,864.74,878.59,882.47,870.73,861.64,862.47,853.88,861.94,880.69,889.88,883.67,860.68,851.70,850.59,846.07,852.17,865.92,884.63,901.59,918.10,927.24,938.75,936.52,913.84,895.97,885.41,896.44,917.59,935.00,943.27,937.30,929.47,932.70,928.89,917.48,919.43
883.82,879.91,876.93,873.05,868.61,868.97,871.56,873.33,877.50,877.89,873.64,880.01,888.99,899.83,903.63,907.77,901.11,889.42,899.54,915.62,930.60,928.16,921.84,928.63,940.43,938.29,939.20,940.49,939.19,934.16,933.01,931.27,925.91,920.18,918.73,915.42,912.63,911.16,905.36,895.71,889.48,885.03,879.01,869.99,864.36,859.64,854.89,857.01,865.99,868.47,865.37,859.59,848.39,839.34,836.94,838.15,844.81,846.03,847.78,836.95,829.57,833.70,844.12,847.43,852.21,842.40,831.17,828.69,830.69,830.97,836.33,840.63,853.54,851.25,837.33,828.48,826.76,830.50,839.77,846.22,855.11,855.77,843.95,839.33,843.84,837.81,830.92,833.58,841.20,851.09,860.61,863.36,865.95,868.20,868.88,865.87,854.76,847.13,845.43,840.40,834.29,836.61,842.13,852.44,860.19,853.36,843.76,836.75,829.41,831.00,832.97,828.68,821.29,819.50,822.09,827.62,836.90,846.57,842.40,837.24,833.91,833.25,832.91,832.98,831.70,831.78,832.10,824.49,821.21,821.64,826.45,830.20,833.07,840.11,842.47,837.39,833.06,830.11,826.78,822.55,818.15,812.25,807.72,808.56,811.29,812.05,810.82,808.36,808.89,810.19,814.22,815.45,807.96,797.62,786.34,778.61,778.29,782.10,784.36,785.31,784.84,783.51,779.84,767.15,748.75,736.65,732.91,731.19,730.48,729.89,729.09,729.08,730.07,730.36,730.66,730.94,731.19,732.02,733.14,734.29,735.19,735.76,736.19,736.55,736.94,737.42,737.95,738.48,738.99,739.52,740.88,743.91,746.43,748.51,753.93,764.66,774.98,781.36,784.30,789.55,799.33,801.50,795.50,785.00,779.99,789.93,795.88,790.15,793.70,802.66,805.07,800.47,799.89,809.48,820.52,819.87,822.25,820.74,828.88,844.00,858.48,872.48,892.01,890.34,887.81,881.82,870.38,878.68,893.85,896.49,881.26,863.02,860.29,856.95,853.32,854.38,866.07,881.17,897.22,917.59,938.23,954.04,945.18,927.63,908.23,895.48,901.24,922.94,940.55,950.21,954.27,948.07,942.39,934.63,928.90,928.10
894.82,884.14,876.82,871.26,872.19,880.32,881.69,883.75,887.81,888.77,881.41,891.19,900.66,906.00,918.82,920.41,907.51,897.24,913.10,929.09,939.49,937.65,931.70,934.20,941.21,937.67,933.11,938.59,932.17,926.80,923.45,926.20,918.37,910.41,908.59,908.41,903.17,896.97,892.01,884.48,877.09,872.88,869.68,869.95,868.70,870.45,873.22,875.40,877.31,865.98,856.67,849.14,843.63,844.24,851.69,855.75,863.50,860.31,849.47,835.63,836.33,846.58,860.76,861.88,851.05,839.20,835.04,842.35,847.23,846.96,854.57,859.49,863.47,853.41,840.49,835.04,839.90,844.71,855.82,858.91,860.96,859.96,852.08,850.50,854.96,848.08,839.09,843.46,853.01,859.93,858.83,858.05,860.58,861.43,863.27,864.25,859.80,858.81,858.76,851.85,850.18,854.70,857.94,859.84,860.66,859.25,853.64,846.50,839.20,843.88,844.29,834.63,830.68,830.14,836.33,844.08,850.48,851.80,844.61,836.85,832.30,831.04,832.00,832.38,832.82,835.12,836.34,832.73,830.84,829.77,834.83,835.28,833.76,836.57,835.84,831.22,827.36,825.05,822.19,819.24,817.45,812.74,812.15,815.87,817.73,813.53,807.00,802.51,799.82,798.56,802.27,809.39,804.99,793.20,782.78,776.30,775.95,779.23,780.66,782.04,782.11,780.60,771.32,753.25,740.21,734.72,732.21,731.54,730.97,730.41,729.36,729.44,730.17,730.47,730.77,731.04,731.47,732.52,733.66,734.80,735.69,736.15,736.63,737.02,737.33,737.63,737.96,738.36,738.84,739.52,741.79,745.23,747.88,750.24,756.41,764.37,773.85,785.47,794.56,798.83,803.93,808.97,801.72,790.49,786.20,798.91,804.60,799.56,806.96,820.84,822.23,811.89,806.38,821.06,841.99,844.88,846.82,841.25,839.94,853.84,867.58,883.61,904.51,909.25,905.55,900.35,896.89,902.32,910.40,898.22,878.66,872.42,870.21,860.47,861.42,859.62,866.34,880.99,901.47,919.34,939.34,958.64,954.95,940.12,924.40,911.22,908.84,925.88,944.04,959.80,972.39,966.15,948.60,942.91,942.74,944.30
892.55,881.86,875.84,874.65,882.43,887.84,893.75,896.21,898.72,899.31,887.83,895.69,908.07,914.98,925.22,927.05,913.05,904.50,917.94,936.09,941.15,941.55,941.15,942.17,940.83,930.14,923.06,927.55,926.02,916.09,911.59,915.83,913.70,904.34,901.35,897.94,889.00,883.93,884.05,885.03,880.63,877.19,876.81,876.88,876.60,879.98,886.20,887.59,880.02,865.00,851.66,847.45,850.82,854.13,869.80,876.78,870.81,858.98,848.10,839.20,843.48,856.88,873.18,869.13,855.32,842.77,838.88,849.45,859.74,862.15,867.16,873.42,871.77,859.92,846.85,843.02,849.42,854.51,859.98,862.48,860.99,859.49,858.28,858.94,860.81,854.98,848.83,851.10,854.08,857.01,851.63,851.75,854.39,855.46,855.31,856.16,862.62,863.92,862.94,861.29,860.30,860.71,860.92,860.81,860.36,860.40,860.38,857.55,850.12,853.58,852.18,845.96,841.89,841.30,848.60,855.88,854.10,848.27,839.12,832.24,827.46,824.55,826.11,828.35,830.38,835.17,840.55,841.60,840.76,840.93,840.39,835.77,831.16,830.79,829.62,824.72,820.88,819.60,818.09,817.10,817.76,817.97,820.75,821.08,817.80,810.15,802.11,797.39,795.04,793.64,796.29,803.05,800.10,790.11,782.35,775.28,772.25,773.20,775.21,777.95,778.09,774.48,761.96,745.78,737.82,734.45,732.55,732.18,731.58,730.44,729.47,729.67,730.21,730.54,730.90,731.21,731.82,733.04,734.19,735.23,736.15,736.83,737.17,737.58,737.91,738.20,738.49,738.75,739.10,740.21,743.48,746.87,749.35,751.33,755.08,759.97,767.69,779.49,793.91,804.73,811.91,813.79,808.83,798.49,791.11,802.47,810.23,808.39,815.91,832.39,835.89,822.47,810.99,822.95,842.79,861.33,866.65,859.03,851.53,864.78,881.55,897.99,910.17,906.94,905.60,908.24,915.06,919.24,918.95,902.64,885.83,888.32,874.47,867.19,874.42,872.11,870.82,881.94,901.97,921.06,938.82,955.13,962.99,956.75,937.39,919.50,916.50,923.66,936.64,953.89,970.55,974.76,968.06,966.50,966.20,966.41
888.92,882.63,877.27,879.46,890.21,899.43,904.44,907.15,908.31,907.31,892.86,896.86,910.09,923.95,932.07,932.13,920.28,910.69,917.38,935.26,940.64,942.24,943.98,943.12,936.24,926.34,919.67,916.32,918.47,914.65,905.72,907.93,906.34,899.83,892.92,888.90,890.63,899.03,903.74,900.73,891.63,889.84,891.01,889.90,889.25,888.32,887.15,877.19,865.28,857.57,851.58,855.11,865.23,868.92,870.64,883.94,872.77,858.64,849.88,843.51,849.02,862.82,878.41,874.95,861.93,847.03,842.44,852.26,865.90,871.29,873.31,875.83,874.54,866.04,851.73,847.46,857.55,862.39,862.48,862.52,859.03,852.01,855.82,860.82,861.55,859.66,854.79,854.67,853.84,852.92,846.14,843.83,848.69,847.96,846.05,850.35,860.17,862.55,861.33,859.23,856.00,859.43,859.58,858.82,855.11,857.08,860.48,860.30,858.98,859.93,859.43,858.33,854.24,853.60,859.32,856.88,849.86,844.91,836.90,826.49,820.45,816.96,816.29,818.84,824.10,830.76,838.34,842.90,845.56,846.32,840.24,832.39,827.00,823.42,820.75,817.37,813.81,813.01,814.33,815.38,816.96,819.29,821.65,820.52,813.46,806.74,802.88,798.51,792.64,789.52,790.91,797.11,799.87,791.97,782.66,774.13,768.90,768.12,770.15,772.18,771.10,765.09,752.76,740.40,736.98,734.39,733.18,733.05,732.78,731.03,729.61,729.73,730.23,730.62,731.00,731.36,732.16,733.48,734.72,735.66,736.53,737.39,737.91,738.15,738.46,738.76,739.07,739.44,739.63,741.12,744.88,748.74,751.62,754.06,756.57,759.17,763.39,771.82,785.36,800.77,816.17,816.97,809.66,801.38,796.21,802.89,815.12,817.62,820.90,833.21,841.57,831.59,817.23,823.40,838.64,854.07,867.41,868.57,863.23,877.40,891.76,896.80,896.19,894.67,899.71,909.61,920.71,929.28,924.26,908.81,900.35,897.80,878.81,874.45,888.00,890.92,880.39,880.64,891.26,908.74,926.63,943.51,960.03,968.95,950.84,931.23,925.47,927.68,936.27,947.70,965.13,982.90,990.23,990.88,989.80,992.04
885.44,880.16,879.14,884.00,894.57,907.21,915.40,917.00,916.37,911.11,899.28,902.77,909.75,924.10,939.79,940.15,929.47,918.65,919.65,929.12,936.38,940.71,944.33,942.19,937.43,936.02,925.60,914.12,909.06,907.45,902.65,899.12,898.12,895.33,894.02,895.67,905.00,911.83,913.98,910.94,907.23,905.98,901.14,891.63,880.63,874.99,871.14,864.37,858.05,856.83,859.12,868.37,878.38,877.38,876.39,889.13,874.00,859.33,851.99,847.36,854.41,872.10,882.04,879.53,863.36,851.47,853.79,854.63,860.52,867.77,869.55,861.33,868.18,866.89,857.56,849.93,857.05,862.37,860.51,859.90,855.60,845.95,848.99,855.87,857.99,856.92,854.00,853.78,849.71,846.68,841.90,836.80,843.08,840.84,839.86,849.87,859.36,860.58,856.33,850.02,847.72,850.18,850.82,848.30,845.16,848.75,858.74,860.35,860.30,859.96,859.85,860.19,860.05,859.96,859.74,854.30,845.89,841.22,836.83,828.73,817.96,811.53,809.91,811.75,816.65,823.47,830.50,838.37,844.49,849.09,844.66,835.81,830.59,824.57,816.59,810.08,807.55,807.78,810.35,810.40,811.64,814.87,818.35,817.98,813.37,811.72,814.20,808.76,796.24,788.58,786.78,790.29,796.32,795.03,785.54,775.84,769.45,765.48,766.57,765.80,760.33,752.34,744.99,738.92,736.50,734.59,733.81,733.87,733.84,732.63,729.85,729.83,730.27,730.71,731.13,731.56,732.56,733.88,735.10,736.01,736.94,737.86,738.62,738.95,739.12,739.55,739.82,740.47,741.02,742.09,745.41,749.08,752.45,756.06,759.42,766.11,766.93,768.22,780.88,795.59,812.43,821.29,814.95,811.18,804.85,804.87,816.95,826.70,830.91,839.15,844.39,835.59,822.28,822.71,835.05,849.24,862.98,874.49,877.13,883.87,883.33,881.25,884.56,892.09,900.93,914.26,926.91,938.76,935.19,924.72,918.64,905.01,885.89,885.94,900.12,905.77,893.73,896.31,893.99,897.89,914.21,935.87,958.23,974.79,962.83,948.19,941.60,942.22,952.60,965.41,975.50,993.68,1011.86,1020.24,1023.52,1026.46
882.85,882.79,890.81,898.11,899.18,905.01,918.70,929.04,925.51,915.19,906.69,916.54,912.38,922.84,942.20,948.99,937.02,925.88,929.61,934.92,939.41,942.83,945.21,942.81,938.53,934.29,931.75,918.84,908.85,914.20,916.23,908.80,903.64,904.38,907.19,909.65,915.24,917.50,911.71,903.50,897.10,893.01,886.19,878.83,871.16,867.41,865.05,862.02,859.65,864.66,870.47,875.67,886.04,890.23,887.61,892.63,878.98,862.77,853.93,850.79,857.62,873.36,884.71,884.78,874.22,863.92,866.02,865.07,863.03,867.33,872.10,860.69,861.25,858.51,859.80,854.49,853.23,855.68,853.07,852.70,850.19,840.25,844.48,851.73,852.54,851.50,849.48,851.95,844.45,837.98,833.49,830.02,834.65,833.05,836.13,845.13,854.22,855.44,848.43,840.00,839.03,840.26,841.11,839.10,836.86,840.09,850.59,856.58,854.58,852.33,854.03,859.55,859.27,857.00,856.07,849.20,840.27,833.34,833.66,831.83,821.77,810.55,805.84,806.18,808.19,814.38,821.12,830.03,839.41,847.84,849.98,845.13,837.80,830.17,820.07,808.78,802.42,802.16,802.81,801.88,804.56,808.63,812.43,814.56,819.26,820.82,821.07,812.47,798.11,788.86,783.51,785.24,791.82,794.51,789.83,779.68,771.33,763.77,763.04,761.27,752.92,746.82,742.96,739.09,736.34,734.77,734.34,734.49,734.63,734.40,731.54,729.88,730.29,730.80,731.29,731.87,732.99,734.26,735.45,736.41,737.35,738.28,739.11,739.84,740.05,740.73,741.90,742.52,743.65,743.74,746.19,749.04,752.72,756.80,762.43,773.88,772.96,769.18,781.96,793.99,808.90,822.68,823.43,821.29,814.21,809.46,820.26,835.94,844.42,850.13,848.46,837.69,827.79,827.10,833.04,846.31,862.65,873.75,877.87,872.31,867.27,872.68,886.11,896.08,904.79,917.50,933.57,949.22,951.35,944.61,925.94,908.82,896.62,897.04,913.98,918.07,908.55,919.46,916.04,906.95,920.80,935.21,955.37,978.75,977.16,967.61,965.88,967.06,972.32,989.61,1002.05,1017.89,1031.78,1043.39,1051.24,1057.02
884.08,889.78,901.41,912.64,913.30,907.16,918.34,936.71,934.50,921.79,916.08,928.22,923.36,928.55,945.01,953.05,943.32,932.86,934.08,937.61,943.27,946.36,944.75,936.66,929.58,923.10,923.95,917.52,915.96,926.00,927.51,924.02,920.25,920.77,920.96,920.93,920.39,913.75,903.80,892.00,885.49,880.34,876.76,875.54,872.91,869.57,866.23,865.07,865.70,868.88,881.38,887.50,894.92,899.75,898.96,895.96,887.07,870.47,857.03,854.93,863.28,876.66,886.49,890.75,887.99,880.06,876.76,874.15,873.02,872.75,871.96,859.59,854.66,853.01,853.06,850.02,846.72,846.57,844.95,845.54,843.38,837.35,841.10,847.02,845.72,844.38,849.81,850.10,840.31,833.14,828.02,826.68,827.61,828.20,831.68,837.85,845.32,846.87,840.40,834.96,832.99,833.42,834.16,833.00,830.03,833.25,843.69,848.76,846.05,842.22,844.86,852.27,852.09,850.58,850.68,843.20,833.05,827.29,830.69,829.37,818.93,808.53,802.20,801.28,801.80,808.33,815.88,824.32,835.52,845.00,848.40,846.28,838.31,828.14,817.93,807.08,799.52,796.71,796.25,795.58,797.03,800.11,804.32,811.02,819.76,821.91,818.71,807.52,796.32,787.63,780.03,778.57,784.30,787.50,788.43,782.50,769.97,758.74,756.18,753.25,749.00,744.00,740.12,738.29,736.59,735.33,734.88,734.84,734.97,735.06,733.20,730.21,730.55,731.04,731.57,732.29,733.33,734.55,735.74,736.85,737.84,738.76,739.60,740.69,741.94,742.51,744.00,745.27,746.29,745.91,747.80,750.52,753.73,757.62,764.98,777.51,779.21,771.79,783.34,795.53,808.74,819.98,825.32,828.62,826.12,823.00,831.11,843.86,854.04,858.70,855.39,846.63,841.07,841.79,844.87,851.89,861.20,863.83,861.82,858.96,862.01,874.25,888.75,897.98,909.68,921.82,937.77,958.50,972.10,963.50,947.84,927.57,914.86,909.90,925.56,932.30,925.51,937.74,937.29,922.99,932.08,948.22,964.24,985.44,993.94,991.44,993.12,995.11,996.48,1012.63,1025.85,1030.61,1033.23,1040.36,1052.28,1064.83
890.05,902.83,909.83,921.54,927.22,915.07,921.85,941.76,946.06,932.00,926.24,940.56,936.71,937.16,946.99,956.47,948.71,942.09,942.65,943.09,947.13,949.92,947.14,939.08,936.43,925.18,918.22,919.53,928.02,935.38,936.46,931.88,926.91,923.43,918.49,913.71,909.06,902.22,894.45,887.60,882.87,879.76,883.06,886.50,881.59,873.52,869.11,870.18,874.28,875.51,881.11,894.96,901.29,900.39,896.38,892.60,885.86,869.51,857.51,857.22,864.74,878.35,887.82,887.13,884.00,883.51,883.23,881.31,880.77,879.58,872.60,859.34,853.21,849.57,847.73,845.55,842.35,840.09,839.09,839.38,838.23,834.74,837.54,841.30,840.64,840.86,850.24,851.01,841.19,831.29,826.08,823.63,824.55,827.40,832.89,840.12,842.59,840.61,834.94,829.88,825.88,825.87,827.26,825.76,822.89,827.02,836.10,841.40,838.96,834.60,836.77,843.89,844.32,843.15,844.92,838.55,828.21,821.67,827.78,829.37,819.79,807.60,799.78,798.16,798.48,803.93,815.15,826.55,835.92,841.73,843.79,844.51,839.36,829.28,817.21,807.23,798.50,792.20,790.77,789.73,789.79,794.35,800.17,809.00,813.41,815.23,813.83,805.63,795.71,787.11,778.70,774.05,777.76,780.24,780.37,773.64,759.44,750.18,748.03,747.58,746.72,744.43,741.30,739.88,738.58,736.45,735.35,735.21,735.19,735.15,733.74,730.67,730.98,731.44,731.93,732.78,733.77,734.80,736.00,737.17,738.30,739.32,740.23,741.21,742.84,744.28,745.63,747.11,748.68,748.39,749.39,751.91,755.13,758.67,766.09,777.51,784.47,781.27,782.37,791.02,801.92,811.98,818.14,823.72,831.71,837.05,844.68,853.12,859.70,858.60,855.62,852.68,852.30,852.34,852.41,851.27,851.85,851.71,852.17,856.43,866.28,878.57,886.89,894.67,907.07,920.43,937.26,958.39,982.26,982.98,972.08,954.62,938.09,932.45,938.97,948.83,946.56,953.42,957.47,947.24,945.50,959.57,980.72,995.04,1000.27,1000.71,1001.24,999.91,1008.34,1020.06,1020.29,1011.46,1011.72,1024.61,1045.75,1062.37
901.12,914.88,921.26,926.50,940.76,930.94,929.15,941.42,952.28,943.20,936.60,951.29,948.48,946.20,952.52,960.23,956.49,952.79,952.04,952.65,952.85,950.60,948.05,943.23,932.26,922.25,923.69,931.05,937.25,940.32,936.67,925.92,918.67,912.75,905.52,899.41,896.13,891.17,887.78,885.31,885.11,888.16,891.60,884.12,878.47,874.80,874.41,881.18,885.40,887.72,888.44,895.00,901.99,899.39,887.12,878.53,873.33,863.07,860.01,860.71,863.75,876.51,884.30,875.33,873.29,873.24,874.08,872.78,877.46,874.74,871.84,861.26,858.64,853.54,848.68,845.59,841.74,838.56,836.55,835.72,834.33,831.61,831.68,834.07,835.33,839.14,847.68,850.36,840.51,828.97,822.62,820.70,822.94,828.13,839.74,848.35,847.41,841.28,832.32,823.70,818.90,818.19,819.37,818.18,816.08,821.11,827.52,831.23,829.17,826.69,827.03,833.16,834.76,833.38,839.26,834.58,822.85,816.63,823.11,829.63,822.94,811.08,800.05,796.78,797.37,802.30,816.09,827.33,833.55,837.32,838.83,841.77,840.76,832.91,822.33,812.32,801.10,789.47,785.09,782.44,783.34,791.49,799.27,804.57,804.53,805.85,807.16,802.37,793.61,784.29,772.49,769.13,770.89,768.97,766.69,758.04,749.78,746.83,744.96,744.38,743.67,741.66,739.90,739.07,737.65,736.18,735.78,735.53,735.29,735.15,733.80,730.93,731.28,731.75,732.29,733.17,734.18,735.28,736.50,737.68,738.80,739.94,740.92,741.83,743.22,744.86,746.52,748.29,750.17,750.59,751.27,753.25,756.11,759.63,766.40,775.44,787.17,795.80,796.32,792.68,798.95,807.53,816.03,821.33,826.16,836.42,847.02,856.59,859.02,852.62,846.83,846.94,851.44,850.34,845.47,842.45,843.26,846.11,850.46,860.13,875.72,891.80,903.90,909.68,913.09,923.04,941.26,963.11,984.35,991.07,988.17,977.86,963.50,957.18,959.17,967.79,968.59,970.88,976.29,970.98,971.86,978.27,990.40,996.30,994.38,993.77,992.35,987.37,1003.51,1015.12,1006.14,991.11,997.45,1019.91,1042.12,1055.38
908.91,919.05,935.06,943.41,951.49,945.63,945.93,945.34,954.80,952.64,948.16,958.22,957.65,956.89,960.56,961.93,961.39,960.67,959.58,957.09,949.32,941.09,936.06,931.56,928.42,929.32,937.06,941.97,937.28,931.76,926.17,917.01,909.24,906.06,901.58,897.98,894.40,890.11,888.88,889.77,895.33,901.77,895.25,886.86,881.71,878.63,880.90,895.16,900.27,903.33,903.75,902.58,902.88,896.61,885.86,872.33,867.10,866.10,870.04,868.13,866.29,874.67,882.28,871.62,867.31,865.78,865.81,867.00,873.37,868.57,871.31,871.13,869.11,863.80,855.83,848.89,842.91,838.52,835.96,833.69,831.60,829.51,827.87,828.78,833.36,841.41,847.89,849.88,840.17,829.57,820.73,818.54,823.50,830.99,840.68,849.72,848.42,841.41,830.59,821.20,814.87,811.66,811.46,810.42,809.28,814.05,820.32,822.50,821.24,818.34,820.35,823.97,824.78,824.97,830.07,827.90,818.72,811.52,816.68,825.33,821.93,811.81,800.15,795.57,795.88,800.86,812.89,821.32,829.63,832.14,832.40,837.12,838.03,832.55,824.54,815.75,805.67,792.74,782.49,778.26,779.43,787.01,794.13,797.64,795.32,797.22,799.34,795.81,787.45,778.07,767.30,761.33,760.86,757.74,753.22,748.92,746.52,744.41,742.25,741.15,741.15,739.29,738.02,737.31,736.77,736.36,736.09,735.79,735.32,735.09,733.92,731.18,731.53,732.00,732.67,733.56,734.51,735.86,737.19,738.39,739.55,740.92,741.95,742.72,743.68,745.00,746.51,748.57,751.03,752.85,753.68,755.21,756.86,759.64,765.52,774.45,787.77,800.45,810.36,810.56,810.75,817.26,827.55,835.28,833.87,840.46,847.17,853.66,855.71,851.16,840.80,840.65,845.13,840.77,836.74,836.46,841.10,849.02,856.43,868.56,883.92,897.27,913.51,926.02,933.62,940.54,953.61,971.56,985.30,989.98,992.25,993.51,991.76,986.50,983.62,986.41,990.89,991.33,992.41,990.43,986.37,981.35,984.99,990.92,976.87,974.74,975.74,976.47,994.68,1006.47,993.62,978.10,993.75,1012.06,1029.30,1039.66
923.41,925.08,934.75,949.82,959.59,955.92,959.05,958.76,960.12,959.83,955.58,964.66,967.88,965.33,963.73,961.68,957.33,955.57,959.69,957.61,949.42,945.85,944.19,943.56,944.10,944.47,945.64,939.12,928.16,922.05,917.75,915.60,915.48,912.88,908.71,905.96,902.30,900.54,899.83,903.89,910.90,908.69,897.11,888.19,886.90,888.57,889.27,902.04,913.14,916.34,912.53,907.88,900.13,888.07,880.39,870.71,868.62,870.86,878.94,877.71,871.88,873.82,881.33,874.14,868.58,863.81,859.95,867.24,871.30,864.02,865.45,871.53,871.31,869.81,862.98,851.86,842.93,838.36,835.77,833.30,830.94,828.50,826.01,826.95,831.72,840.70,844.98,846.23,840.79,829.10,819.80,817.62,830.21,842.01,845.88,851.36,850.38,842.29,832.63,826.33,815.43,807.29,805.61,804.27,803.87,807.55,813.05,814.69,813.45,810.97,812.81,816.55,816.96,817.84,822.26,820.07,811.80,805.94,807.35,817.68,817.56,808.37,797.50,792.76,792.89,797.19,806.70,816.08,827.57,827.62,825.82,830.57,832.11,825.46,818.88,813.40,806.00,794.77,782.22,776.70,777.15,782.07,787.02,790.07,785.12,785.45,787.39,783.72,776.33,770.15,759.04,752.04,750.84,749.56,747.87,745.92,743.89,741.94,740.42,739.82,739.40,738.57,738.17,737.78,737.20,736.69,736.42,736.05,735.45,735.09,734.01,731.43,731.78,732.27,733.03,733.93,734.93,736.60,738.10,739.24,740.46,741.96,743.18,744.01,744.98,745.52,746.54,748.45,750.52,753.02,755.28,757.06,758.51,761.06,766.62,774.94,787.33,801.64,813.53,821.73,823.06,827.68,836.33,844.29,843.82,842.86,844.40,847.15,850.96,849.18,839.58,833.31,835.78,832.80,830.66,834.54,842.91,853.15,860.67,869.87,881.08,890.03,905.82,923.72,936.90,948.36,960.62,973.02,973.83,974.03,977.12,984.99,999.76,1006.83,1008.70,1009.18,1003.23,991.41,985.49,986.13,979.94,974.79,978.50,984.95,965.30,958.91,960.71,966.32,987.23,996.25,979.15,966.55,983.42,999.74,1014.94,1023.65
927.67,939.07,942.17,952.11,964.53,965.25,969.19,971.51,967.72,967.68,960.17,967.79,970.62,967.84,959.95,954.82,947.43,945.61,954.56,957.22,951.98,951.65,953.36,952.39,951.55,950.28,942.04,931.63,926.73,924.95,920.76,922.39,924.64,920.15,919.03,918.24,914.95,915.16,915.68,917.50,915.65,903.17,894.66,894.69,897.20,902.59,906.59,906.01,913.52,913.66,909.66,904.17,898.10,885.49,875.69,872.48,875.72,881.57,885.80,886.87,879.63,877.16,881.85,880.68,876.19,868.49,859.29,864.86,868.04,860.59,859.75,866.36,867.50,868.22,866.08,855.54,844.54,838.81,836.40,833.15,830.17,827.44,824.66,823.98,826.86,832.16,837.09,837.72,836.24,827.93,816.37,818.52,835.06,843.78,849.58,851.63,847.09,842.05,835.78,828.62,814.87,806.41,801.74,799.31,799.23,802.34,807.09,807.28,805.13,804.27,806.40,809.47,809.83,813.02,820.02,813.32,804.69,799.46,799.17,807.17,809.10,800.83,791.51,789.74,789.62,791.09,800.75,815.13,824.66,821.73,819.01,823.47,825.91,819.49,811.49,807.35,802.20,793.64,782.89,775.93,774.19,777.48,776.97,777.11,773.22,768.48,768.42,767.08,762.22,758.61,751.04,747.98,747.43,746.99,745.72,743.75,744.50,745.01,742.07,740.24,739.55,738.97,738.74,738.30,737.66,737.06,736.75,736.31,735.69,735.14,734.04,731.68,732.03,732.55,733.37,734.26,735.50,737.51,739.32,740.83,742.25,743.47,744.61,745.57,746.63,747.24,747.40,748.21,749.54,751.70,754.38,756.94,759.53,763.50,768.06,775.72,787.67,802.79,812.68,823.88,829.98,834.99,842.24,849.56,849.91,844.21,838.86,836.81,842.97,844.76,835.19,825.29,826.58,826.69,827.58,832.72,840.93,849.51,854.38,860.75,870.29,882.55,896.89,915.51,929.07,939.12,954.31,959.95,949.16,948.60,956.39,967.55,986.58,1003.06,1009.09,1010.83,997.32,980.06,971.97,976.07,973.26,965.47,971.84,978.29,955.32,949.06,948.99,960.08,982.49,983.45,965.73,956.54,974.71,990.62,1001.61,1004.78
925.54,942.18,955.09,963.00,969.35,972.07,974.86,978.27,977.35,975.28,971.52,971.19,969.76,965.28,954.90,947.47,941.33,942.76,950.70,948.92,946.96,950.51,949.66,944.24,946.18,946.04,942.80,937.15,936.24,934.79,928.94,932.23,929.13,926.84,929.54,930.87,928.38,926.61,920.54,913.24,905.35,901.27,904.34,910.03,912.19,914.01,918.86,918.63,916.30,906.75,897.64,891.94,886.83,880.28,884.26,885.56,882.06,890.92,893.99,890.91,881.33,878.50,881.03,878.66,874.87,867.30,858.67,858.80,859.66,856.38,855.50,857.88,860.59,859.68,861.69,858.65,851.07,843.07,838.05,834.19,830.39,827.25,823.68,821.20,820.71,822.77,827.51,827.01,827.52,825.80,814.65,817.99,831.23,840.44,846.09,850.28,841.25,831.67,825.88,823.33,814.28,806.20,801.03,797.16,796.25,799.24,802.01,800.24,798.28,798.48,800.91,804.47,807.88,814.25,818.86,810.62,798.94,791.74,791.64,794.15,794.33,792.14,787.88,786.41,786.34,788.30,799.35,813.73,820.50,815.28,811.09,814.68,818.00,813.64,806.72,802.10,797.78,791.65,781.94,773.96,770.60,772.94,770.34,763.69,759.34,756.63,755.85,754.85,753.16,751.54,748.83,745.95,745.19,744.75,744.13,747.78,750.32,747.87,744.54,741.27,739.81,739.51,739.26,738.82,738.15,737.49,737.04,736.56,735.94,735.36,734.20,732.02,732.21,732.81,733.71,734.61,736.25,738.45,740.78,743.13,744.72,746.22,747.07,747.13,748.22,749.06,749.43,749.43,750.06,751.96,754.55,757.49,760.73,766.16,772.85,783.13,796.55,808.06,818.02,825.40,831.23,837.34,843.27,845.64,847.68,844.82,836.74,829.78,835.97,840.52,826.78,819.02,820.49,822.56,826.15,830.26,836.46,843.26,850.13,859.84,871.06,880.21,888.16,900.09,916.40,927.53,939.57,940.79,931.13,931.95,942.14,958.82,974.69,984.77,989.67,994.68,984.67,970.93,961.10,964.29,964.86,957.50,966.46,967.60,947.66,938.01,942.44,960.65,975.49,970.04,952.09,952.00,968.91,978.70,985.30,986.58
924.73,940.34,953.45,966.65,970.72,972.29,974.06,976.00,976.97,972.84,970.20,968.54,963.46,955.94,948.72,943.63,939.50,940.10,942.46,939.68,939.83,944.57,941.51,935.45,935.97,938.14,947.37,950.62,950.92,949.07,946.19,942.19,935.15,937.73,940.50,938.05,931.61,924.89,916.67,914.94,915.19,919.71,921.04,923.01,923.16,922.09,922.38,921.50,919.21,905.68,895.52,889.05,886.02,886.30,896.78,895.56,888.45,897.49,893.16,883.40,878.54,879.97,879.96,872.71,865.81,859.33,856.21,854.23,853.22,851.11,851.06,850.71,851.57,852.87,855.86,855.69,851.59,844.56,838.38,834.60,831.93,828.18,823.16,820.22,818.05,817.83,818.45,817.95,818.34,817.12,810.06,814.97,826.82,832.39,840.75,848.52,840.39,830.07,819.34,814.11,808.94,804.36,799.88,795.73,793.04,794.80,796.63,793.85,792.89,796.60,802.69,808.32,811.48,815.11,813.16,807.70,795.86,787.88,786.75,787.42,787.65,787.25,784.13,783.03,782.98,786.09,797.25,807.82,812.06,806.67,803.21,805.03,807.26,806.10,802.07,797.55,793.54,788.52,780.63,772.77,766.66,766.55,762.31,756.84,752.92,750.73,749.89,749.53,748.97,748.32,746.67,746.31,746.17,745.98,748.11,750.88,749.02,746.90,744.28,741.22,740.20,740.12,739.81,739.32,738.63,737.96,737.37,736.81,736.19,735.55,734.43,732.37,732.39,733.33,734.46,735.55,737.46,739.81,742.53,745.33,747.36,748.99,750.09,749.02,749.73,751.14,752.09,751.73,751.47,753.22,755.50,758.01,762.65,769.85,779.14,791.43,802.67,814.17,821.82,823.81,828.61,835.47,838.71,835.72,838.76,842.53,837.84,826.15,831.28,831.73,818.53,816.23,819.25,825.20,830.11,834.35,839.19,846.53,853.64,859.04,865.50,871.42,878.42,887.91,902.71,916.55,925.41,924.74,915.30,917.91,934.05,954.48,967.25,967.83,968.79,979.94,972.74,961.89,951.58,950.55,951.25,953.15,964.39,955.51,939.21,931.38,944.50,957.48,961.60,951.43,941.29,943.64,950.96,956.64,965.29,966.22
929.36,933.50,943.94,954.61,961.11,964.49,966.78,971.06,972.99,969.93,965.53,960.57,953.97,947.80,943.65,940.30,938.47,937.78,937.48,936.43,936.21,935.92,931.81,929.25,929.36,932.10,942.29,949.19,949.22,951.32,952.24,949.18,946.14,947.72,946.57,941.04,936.60,935.16,936.11,933.73,929.31,928.89,926.25,921.00,919.90,920.27,918.36,917.67,917.59,912.56,908.48,903.00,899.47,898.67,902.22,900.37,896.90,899.81,890.04,881.31,877.90,877.14,873.57,868.70,867.81,864.01,859.86,856.34,851.51,848.63,847.99,846.54,845.90,847.19,850.03,849.84,844.21,840.92,836.29,831.27,829.09,826.14,822.89,820.23,818.01,816.19,814.61,812.70,810.26,808.76,807.67,812.02,822.34,821.39,834.21,842.28,840.05,832.05,820.77,812.44,807.76,804.00,798.97,793.92,790.01,789.59,791.21,789.41,789.11,796.58,805.00,810.20,812.60,812.67,806.16,800.02,792.99,787.29,783.97,783.50,784.34,784.05,780.49,779.14,779.48,783.18,791.42,799.97,802.87,798.61,796.13,797.37,798.88,798.50,794.83,791.34,788.14,784.46,778.38,771.44,763.61,759.27,756.76,752.87,750.19,750.03,750.25,749.08,748.28,747.91,748.15,748.88,748.99,749.24,750.36,749.95,746.81,744.92,743.27,741.01,740.65,740.77,740.45,739.71,739.01,738.33,737.59,736.91,736.27,735.58,734.26,732.50,732.60,734.16,735.89,737.18,738.97,741.83,745.09,747.80,749.98,751.90,753.15,752.03,752.04,753.58,754.85,754.56,753.39,754.99,757.52,759.40,764.31,773.36,786.85,800.17,809.82,816.28,817.24,817.47,824.40,831.86,830.54,824.82,831.33,836.50,833.75,822.20,819.43,817.81,813.38,815.26,822.86,831.00,835.20,839.99,843.51,847.23,849.88,850.68,854.95,862.62,874.27,888.75,895.97,903.85,909.64,906.18,901.08,909.15,931.21,950.88,957.32,951.05,953.37,969.96,966.21,951.63,937.09,935.12,940.17,953.10,962.17,946.11,928.56,928.94,941.14,940.97,936.76,932.28,930.69,933.80,937.85,942.53,948.21,953.33
944.04,937.05,937.13,943.43,949.46,955.69,961.93,969.94,976.20,972.77,966.16,958.55,949.23,942.81,939.94,938.88,938.38,938.38,937.88,936.74,934.42,931.63,929.60,928.96,927.03,925.86,930.03,934.00,933.78,943.77,951.83,951.20,950.88,950.75,946.49,941.04,939.77,940.88,938.44,933.83,931.94,929.35,919.43,910.52,908.72,909.09,910.08,909.72,905.42,904.19,904.45,905.58,905.00,904.10,903.84,902.59,901.42,899.90,889.50,882.40,881.81,882.35,877.89,874.28,875.96,875.24,870.95,861.59,852.00,847.88,846.08,844.31,842.50,841.53,842.01,841.12,837.96,836.31,833.00,829.32,827.14,826.44,827.37,827.88,823.70,820.65,818.61,815.38,809.94,807.03,805.62,807.62,812.14,815.55,828.32,834.83,834.59,833.82,826.62,821.00,814.28,807.89,799.22,793.98,789.48,786.56,786.78,786.10,787.41,794.32,800.32,804.88,808.35,810.69,805.16,795.66,789.76,785.92,782.53,780.11,780.13,781.36,778.75,774.99,776.24,778.42,785.30,792.63,796.92,793.51,789.65,790.51,792.07,791.49,786.90,781.66,779.29,778.17,773.67,766.35,759.43,756.29,753.54,751.68,752.54,753.08,753.09,752.36,752.07,752.31,751.72,750.82,749.87,748.88,747.67,746.16,744.69,743.44,742.08,742.36,741.84,741.26,740.62,739.73,738.95,738.13,737.30,736.52,735.87,735.22,733.94,732.64,732.85,734.56,736.62,738.35,740.30,744.49,748.16,751.01,753.46,755.44,756.59,755.98,755.62,756.74,757.70,757.81,756.04,755.95,759.24,762.99,768.31,777.46,790.47,804.72,817.49,816.44,811.48,810.55,818.77,825.60,821.97,815.45,822.36,826.57,824.03,816.77,811.55,809.71,808.52,813.80,821.96,827.28,829.92,834.93,837.53,839.92,843.97,849.09,860.52,873.09,883.96,890.10,887.98,891.91,893.65,890.63,890.14,904.95,927.88,943.79,940.97,935.60,944.53,962.79,957.61,939.97,925.36,926.56,940.01,955.44,959.38,942.10,922.15,920.87,924.84,921.81,921.38,924.75,932.79,940.79,947.02,948.34,951.41,955.72
956.56,944.70,942.76,954.38,957.51,963.16,970.14,972.57,979.70,977.32,967.24,956.36,946.08,940.14,939.32,939.17,940.52,943.77,944.29,940.94,937.16,934.29,933.08,932.66,930.25,925.27,922.68,921.15,920.80,930.44,941.10,941.73,943.96,944.80,942.06,929.47,927.19,932.55,924.70,919.29,924.60,925.41,919.23,910.56,901.88,898.21,896.99,897.58,894.42,892.29,893.47,896.99,895.81,897.88,901.21,900.52,900.88,900.83,897.98,892.76,892.79,890.69,885.30,879.40,878.52,880.96,878.20,864.93,854.33,849.47,847.30,845.03,842.79,840.60,838.85,837.82,836.43,834.69,832.06,830.21,830.44,834.26,838.16,842.60,839.92,835.30,827.85,819.44,811.55,808.78,806.07,803.57,802.88,805.85,819.17,827.02,828.31,834.50,833.82,830.58,821.39,812.23,803.39,796.84,790.79,785.47,782.87,782.43,783.39,787.42,793.10,797.02,800.62,803.63,805.19,798.96,790.43,785.11,780.17,777.76,777.28,778.97,776.45,771.64,772.32,775.33,780.79,788.27,793.67,792.01,786.21,783.57,782.96,781.93,777.50,769.25,767.64,767.77,764.71,759.67,756.80,754.12,752.28,753.99,755.85,756.40,756.12,755.58,754.73,752.75,750.50,749.48,748.85,747.54,745.45,744.37,743.77,742.96,742.00,742.18,741.54,740.97,740.35,739.46,738.61,737.77,736.94,736.12,735.32,734.70,733.74,732.81,733.13,735.42,737.65,738.97,741.53,746.43,751.98,756.18,758.00,760.07,761.44,761.59,760.59,760.80,763.98,765.14,759.60,756.97,759.18,763.95,770.09,779.75,791.34,805.87,820.13,817.39,807.82,805.45,814.04,818.84,813.88,807.37,812.61,811.88,811.09,807.95,804.43,804.37,806.40,811.19,814.13,818.11,821.07,826.15,830.59,839.29,849.13,862.22,875.94,881.70,881.31,881.58,877.62,882.30,882.26,880.24,887.43,905.67,929.20,935.98,927.16,926.43,942.05,957.19,948.09,930.66,918.05,923.99,941.13,955.60,952.63,934.83,915.97,910.57,914.70,918.09,926.26,937.18,950.00,961.56,965.89,966.63,967.93,962.17
964.07,951.52,946.46,961.14,968.66,970.99,978.06,979.36,980.37,977.49,966.13,955.02,948.54,945.11,942.38,943.87,947.48,950.36,950.57,948.00,940.59,937.77,937.18,936.52,934.15,929.28,925.40,921.90,918.77,918.35,921.84,924.64,928.61,932.25,932.91,924.31,915.98,917.25,912.47,912.37,922.41,924.73,922.84,911.95,904.45,900.37,895.62,890.37,888.42,886.84,887.31,887.98,892.31,899.61,898.02,894.11,897.60,899.68,898.37,895.21,890.15,886.01,880.40,877.56,878.09,880.78,878.16,867.44,862.12,855.84,848.86,846.24,843.69,841.25,839.37,838.75,838.48,837.33,834.51,835.12,837.12,844.32,850.67,852.13,845.65,836.29,827.63,819.94,815.76,813.90,809.79,804.97,800.55,798.71,804.23,815.68,819.44,828.64,833.48,832.68,827.98,821.04,814.30,801.92,792.57,785.60,780.64,779.85,779.32,779.50,783.86,787.43,791.88,794.75,799.51,799.52,794.50,787.33,780.11,776.85,774.52,775.15,773.68,769.48,769.62,771.43,773.14,783.59,790.95,791.04,782.92,774.71,770.55,767.23,762.36,759.73,759.33,759.09,757.94,756.53,754.43,752.92,754.11,756.61,758.86,759.06,757.51,755.14,753.08,750.62,749.24,748.56,747.85,746.64,745.24,744.14,743.29,742.50,741.91,741.77,741.19,740.66,740.01,738.98,738.24,737.45,736.65,735.85,735.10,734.47,733.80,733.06,733.58,736.35,739.03,741.62,744.56,749.15,758.94,767.39,770.86,773.10,776.16,775.66,772.36,773.05,778.21,776.69,766.96,758.61,758.95,764.26,774.38,785.06,795.34,810.23,820.75,817.78,804.47,798.97,806.27,809.82,804.35,797.80,800.14,799.25,800.15,799.64,799.38,802.94,806.88,809.26,814.98,821.79,827.37,830.21,832.65,843.26,857.49,872.95,879.73,872.90,868.89,869.40,866.63,871.26,872.41,879.53,892.29,912.10,930.82,925.12,914.69,919.02,936.38,948.02,938.19,920.77,912.88,924.01,940.82,950.47,942.53,923.05,908.29,910.92,924.16,931.74,935.14,952.64,969.20,979.79,991.12,990.93,988.27,980.07
973.23,959.09,952.01,962.14,976.93,978.79,981.30,981.26,979.08,973.33,962.56,955.13,954.56,955.61,952.84,952.06,951.47,951.95,951.49,950.02,944.59,941.23,942.56,942.10,942.23,937.12,932.10,928.99,922.08,916.56,915.77,915.91,916.11,916.18,916.04,914.41,910.62,907.19,906.31,911.55,918.00,919.39,919.20,918.50,914.61,911.00,905.07,898.25,890.32,884.42,881.62,882.41,889.96,895.22,890.26,887.10,896.49,899.55,893.20,886.85,881.32,878.64,873.93,872.63,876.65,878.59,879.76,876.51,869.71,861.61,849.53,846.59,845.56,846.49,846.47,845.70,845.38,841.96,837.58,841.82,847.69,853.49,859.91,855.46,843.48,832.52,826.47,822.21,821.48,819.09,812.62,806.40,801.10,797.53,798.01,802.96,809.80,823.73,831.22,832.47,830.37,823.97,814.73,802.63,793.29,786.50,782.08,779.70,778.55,778.09,778.55,779.86,782.34,786.27,791.52,791.74,793.51,789.49,781.62,776.72,772.82,771.23,770.97,768.74,767.58,768.47,768.28,774.22,783.92,784.23,774.40,763.82,760.53,759.17,758.25,757.37,756.56,755.88,755.04,754.23,753.85,754.72,756.30,758.67,760.68,759.68,755.74,752.13,750.46,749.47,748.66,747.88,747.13,746.33,745.33,744.33,743.39,742.53,742.09,741.74,741.18,740.59,740.02,739.22,738.39,737.63,736.89,736.31,735.92,735.45,734.34,733.37,734.16,737.34,740.03,744.30,749.49,762.86,775.25,780.55,783.15,786.45,790.47,790.64,786.47,787.89,789.43,783.19,772.16,760.84,760.16,765.92,775.78,788.30,796.95,806.55,812.90,809.37,797.29,792.70,796.34,796.89,791.64,789.64,790.87,792.42,795.12,796.96,800.32,808.82,815.46,816.65,826.76,840.51,845.46,844.03,841.23,844.76,858.27,871.61,871.14,863.35,859.56,857.68,858.61,864.06,874.12,887.66,904.30,918.34,926.94,915.25,905.81,913.27,927.85,936.28,928.43,911.56,909.07,923.76,938.19,941.66,934.93,918.73,903.63,913.43,931.99,948.84,951.54,958.81,977.24,993.16,1015.05,1022.57,1007.88,999.27
981.50,969.75,958.95,963.38,978.56,982.87,983.02,980.23,976.67,969.69,959.49,956.07,958.15,960.71,958.26,955.84,953.88,952.65,951.14,948.63,945.04,943.61,947.65,951.71,953.44,949.01,944.04,938.26,927.73,917.75,914.78,912.84,910.72,908.71,907.40,906.68,906.40,903.50,902.33,904.51,905.25,905.05,910.09,917.58,914.62,910.66,913.71,909.72,897.95,886.37,879.52,878.12,881.58,887.55,882.29,880.98,892.83,895.30,895.64,891.46,882.69,875.64,871.70,868.65,868.44,871.35,878.04,879.97,870.06,862.38,850.66,848.42,850.57,854.81,858.92,858.75,856.38,848.65,841.42,848.03,857.96,861.88,860.95,850.36,840.49,836.20,833.37,828.42,823.20,817.93,813.15,807.36,801.00,797.01,795.53,798.05,804.67,815.94,825.29,830.88,827.44,818.45,810.18,801.48,794.94,789.75,786.22,782.70,778.94,777.12,776.41,777.23,777.13,778.68,781.97,782.21,787.86,787.13,780.50,775.21,771.50,768.88,768.02,766.89,765.77,766.01,766.30,767.85,771.30,770.94,766.02,759.32,758.57,757.78,756.92,756.29,756.15,756.06,755.95,755.81,756.18,756.94,758.35,760.63,761.90,758.98,753.41,750.04,749.43,748.99,748.23,747.47,746.80,745.81,745.01,744.38,743.50,742.65,742.21,741.83,741.29,740.77,740.32,739.69,738.95,738.41,738.05,737.90,737.80,737.29,734.92,733.73,735.26,740.07,742.46,746.23,756.06,772.67,779.08,780.68,782.92,790.34,800.37,807.03,805.21,805.15,802.95,789.83,776.75,765.33,761.42,765.31,772.25,782.91,790.43,794.34,796.34,792.88,788.08,787.11,788.17,787.48,786.91,788.53,791.72,797.78,801.70,802.41,806.67,813.30,821.61,827.92,835.25,850.96,860.80,861.46,855.01,853.17,859.74,867.10,861.88,856.29,853.83,852.92,856.48,869.15,882.07,896.69,908.82,911.00,919.76,910.74,899.43,905.71,915.89,922.74,917.39,903.74,905.39,918.51,930.22,929.72,921.37,908.47,898.87,911.72,929.51,948.72,966.81,981.99,989.07,1004.30,1027.52,1049.57,1038.01,1015.70
986.72,980.19,967.03,966.63,978.85,984.26,983.55,979.03,975.05,970.37,961.96,958.41,959.83,962.22,959.56,955.84,953.14,951.64,949.27,943.70,941.76,942.83,947.38,952.66,955.89,954.68,953.75,948.08,934.34,921.36,917.19,915.54,912.11,909.01,907.48,904.33,901.95,899.87,897.25,895.57,895.32,893.45,897.00,905.52,906.15,900.64,909.23,913.55,907.28,892.74,884.24,878.32,875.97,880.82,879.18,876.66,885.18,886.87,893.38,893.33,887.62,884.09,881.31,875.05,865.54,866.02,874.78,879.93,871.04,861.73,853.62,854.20,861.56,866.84,871.35,870.51,860.25,849.86,848.82,854.15,864.38,866.08,858.26,851.56,851.48,847.63,841.07,829.68,822.69,817.63,812.96,807.99,802.27,798.16,794.39,794.04,796.29,802.41,814.25,827.09,827.50,823.01,817.16,809.06,803.36,799.89,794.72,789.19,780.52,777.14,774.59,774.26,773.48,773.25,773.02,773.61,775.64,775.22,771.79,770.15,769.13,767.36,765.80,764.65,763.90,763.92,763.93,764.52,763.90,762.69,761.12,758.73,757.87,757.61,757.75,758.18,758.53,758.55,758.55,758.54,758.77,759.47,760.63,762.66,762.51,757.79,750.63,749.39,748.88,748.48,747.81,747.12,746.56,745.64,744.88,744.22,743.47,742.79,742.35,741.95,741.50,741.07,740.66,740.39,740.17,739.85,739.57,739.59,739.64,738.99,735.48,734.08,735.63,741.23,744.50,747.59,755.32,767.10,770.96,773.81,780.25,789.24,804.31,817.03,816.44,814.01,809.91,796.80,783.98,773.09,765.93,765.36,770.32,774.95,778.46,779.96,783.78,783.21,782.13,782.65,783.89,785.71,788.90,795.86,804.41,810.93,815.18,815.62,820.20,826.87,827.50,832.87,840.90,850.51,865.28,869.84,862.12,857.29,856.31,859.10,855.41,850.72,848.49,849.10,862.17,875.02,883.99,894.30,898.68,898.32,910.59,907.35,892.91,895.68,905.68,913.79,910.81,897.85,898.22,906.31,916.64,916.85,905.38,897.30,897.90,913.90,930.47,950.18,971.41,995.02,1007.80,1012.88,1025.63,1045.30,1060.53,1049.28
992.04,989.12,976.08,972.13,978.25,982.97,985.89,982.03,978.88,975.34,969.86,964.19,963.33,964.07,960.08,955.17,951.17,948.62,943.74,939.63,939.29,940.17,944.06,948.87,952.38,952.95,953.07,947.67,937.11,927.90,921.35,919.29,917.69,914.96,911.16,906.87,904.69,902.26,898.67,892.50,889.58,886.69,885.71,888.99,891.55,889.63,900.66,908.06,910.76,905.96,896.90,886.27,876.16,872.61,872.74,874.00,877.49,877.56,890.34,892.65,890.29,889.28,886.00,876.65,863.71,860.53,871.14,875.50,871.09,861.56,857.50,859.56,871.97,878.15,875.02,866.65,859.38,857.58,861.82,866.15,870.14,868.76,863.81,862.06,859.15,850.59,840.96,831.21,825.18,817.79,812.95,808.38,803.44,799.02,794.59,790.88,790.15,792.91,805.37,818.53,818.78,818.17,821.37,817.87,812.46,806.91,797.25,789.45,780.67,776.42,773.18,771.56,770.67,769.90,769.41,769.38,769.10,768.27,767.32,766.84,766.38,765.35,763.95,763.01,762.41,762.24,761.69,761.24,760.26,759.72,759.29,759.15,759.32,759.53,759.97,760.58,761.08,761.49,761.98,762.12,762.47,763.72,765.00,765.64,762.75,755.19,749.60,749.09,748.49,747.96,747.40,746.81,746.30,745.56,745.08,744.28,743.51,743.00,742.63,742.37,741.98,741.59,741.26,741.06,740.89,740.72,740.51,740.39,740.24,739.56,735.96,734.32,735.90,741.13,744.20,747.12,750.25,756.81,764.77,778.43,793.40,801.26,808.38,818.33,818.30,816.37,812.45,806.12,795.78,785.59,775.84,768.60,767.60,770.45,773.29,775.28,778.13,778.88,779.83,784.17,788.05,792.14,798.90,806.75,817.68,826.81,833.32,834.45,835.70,842.78,838.86,836.74,845.27,852.11,860.36,863.16,855.55,850.97,849.10,854.04,851.25,845.81,844.50,847.96,865.00,871.41,875.30,882.47,883.85,891.79,904.49,904.68,889.31,884.64,896.07,909.09,909.95,896.04,889.78,897.63,904.57,900.88,892.94,892.38,902.95,918.21,934.52,954.21,973.72,988.62,992.33,997.50,1012.32,1024.55,1039.12,1051.65
994.36,996.45,982.62,977.33,978.26,982.74,988.57,989.50,987.56,982.14,976.02,970.28,967.40,964.48,960.13,954.25,948.97,944.08,940.11,939.01,938.25,938.53,940.42,944.24,948.15,950.77,950.61,946.36,940.51,936.36,932.44,929.78,929.27,926.48,920.96,917.16,913.68,910.53,908.53,901.64,896.61,889.97,882.53,880.05,880.65,881.18,889.11,896.68,903.95,910.02,906.82,892.92,878.69,868.95,867.99,868.98,868.90,874.17,885.42,886.30,880.96,880.55,882.19,868.49,860.06,857.72,864.90,871.84,870.05,866.28,868.18,863.22,870.11,879.00,872.78,869.35,867.76,863.51,867.35,871.35,869.72,864.21,861.78,858.54,854.25,852.20,846.40,839.89,830.30,819.10,814.84,809.26,804.48,799.38,794.25,790.03,788.60,789.81,800.62,811.32,809.53,806.37,812.25,809.17,800.20,792.30,784.75,780.52,778.16,775.07,771.81,770.07,769.65,769.17,768.69,768.30,767.70,766.67,765.30,764.81,764.41,763.90,763.57,763.51,763.11,762.53,762.28,762.28,762.08,761.49,761.23,761.62,762.19,762.37,762.47,763.00,763.65,764.81,766.12,766.62,767.03,768.40,769.30,767.58,760.07,750.97,749.32,748.81,748.23,747.56,747.00,746.54,746.03,745.53,745.02,744.15,743.70,743.39,743.11,742.87,742.52,742.14,741.89,741.71,741.56,741.35,741.11,740.79,740.43,739.60,736.30,734.56,736.71,741.73,744.01,746.39,748.52,754.58,768.53,784.80,801.25,810.42,813.44,815.51,812.57,813.39,813.70,811.67,807.54,800.67,791.44,778.81,769.58,771.14,776.76,778.27,778.27,780.66,787.62,795.39,802.28,808.32,814.15,820.22,829.85,839.35,842.23,844.06,845.35,848.89,847.34,842.63,842.82,842.17,848.69,853.95,850.21,844.46,843.91,850.62,845.90,839.81,841.20,846.73,858.66,861.12,862.16,868.32,879.06,891.79,898.73,902.83,889.20,878.78,887.59,903.59,907.87,896.12,885.47,887.85,889.05,885.37,887.24,896.94,912.70,924.23,937.67,953.41,966.89,972.40,974.00,985.52,997.56,1004.19,1020.06,1037.30
994.13,1000.38,991.02,984.89,984.39,987.23,994.59,999.33,998.74,992.72,983.10,973.74,967.82,964.36,960.89,954.59,948.22,945.75,943.24,940.09,938.68,937.23,937.88,939.82,943.28,948.81,951.41,950.92,948.79,947.39,946.72,945.98,943.04,940.87,938.11,933.47,926.95,924.94,921.90,914.54,908.64,898.23,886.29,881.03,877.70,875.33,879.91,887.18,894.43,903.15,907.68,896.87,883.63,872.28,867.42,864.48,863.42,871.93,878.15,876.66,870.66,871.28,876.47,862.99,854.28,855.90,863.96,870.87,874.05,873.14,875.95,869.35,873.48,880.50,878.88,874.72,869.58,860.14,858.94,866.89,864.65,858.21,854.44,851.18,846.46,845.67,844.96,840.61,831.77,824.81,821.18,816.52,811.62,803.63,796.17,790.32,787.81,788.25,793.42,803.21,802.97,797.70,799.15,797.16,789.21,781.89,778.49,777.65,776.58,773.72,770.64,769.56,769.19,768.68,768.07,767.32,766.49,765.80,765.42,765.50,765.39,765.06,765.13,765.21,764.97,764.71,764.52,764.48,764.39,764.21,764.26,764.68,765.25,765.75,765.79,765.55,766.33,768.04,769.41,769.97,770.09,770.38,770.36,767.60,756.54,749.84,749.09,748.54,747.98,747.42,746.98,746.49,745.93,745.41,744.80,744.32,744.05,743.81,743.56,743.31,743.04,742.71,742.47,742.19,741.84,741.49,741.12,740.77,740.37,739.39,736.44,734.68,737.02,741.82,744.01,746.13,748.19,754.26,768.91,783.70,800.64,810.42,813.95,811.98,805.18,805.41,810.88,811.32,807.94,803.01,797.05,785.64,774.91,782.28,789.60,790.05,786.35,786.46,794.03,801.99,813.42,822.40,829.59,832.79,835.51,838.85,840.50,838.88,835.85,835.56,836.74,836.83,832.92,831.72,840.32,845.41,846.98,840.35,839.06,845.30,839.28,836.11,838.09,843.04,850.43,850.94,855.48,869.37,883.13,889.30,891.91,899.57,887.13,876.03,885.01,898.04,898.48,891.73,880.78,876.84,878.50,884.00,890.60,900.94,912.90,922.84,936.62,947.80,952.38,951.80,963.39,978.35,981.19,986.95,1009.32,1028.67
997.81,1003.50,1000.82,997.71,996.46,998.24,1000.82,1001.29,1000.70,999.45,990.27,976.31,967.94,965.80,965.41,959.53,952.44,953.82,954.45,948.98,941.80,937.79,936.04,936.89,938.87,942.68,948.99,952.35,952.42,951.89,949.07,945.75,942.64,941.06,939.74,936.96,932.22,925.46,922.17,921.14,916.80,907.17,897.16,889.87,884.03,876.41,870.45,874.50,879.88,892.72,901.54,898.56,891.84,880.24,868.28,862.48,857.66,861.03,864.70,863.88,859.49,860.31,864.50,855.06,848.13,853.84,868.05,878.06,883.32,883.35,880.00,876.17,881.97,880.83,873.46,870.08,866.41,856.38,846.76,857.97,861.61,856.10,850.11,844.77,838.97,834.70,834.93,835.96,834.15,831.01,826.99,823.67,819.52,810.41,800.94,791.35,787.45,786.67,788.35,792.04,794.01,791.16,790.01,787.84,783.20,779.24,777.13,775.71,774.83,773.09,770.30,769.43,768.87,768.18,767.50,766.93,766.46,766.31,766.29,766.62,766.73,766.54,766.67,766.85,766.84,766.89,766.83,766.75,766.78,767.10,767.33,767.72,768.33,768.91,769.25,768.37,768.85,770.00,770.54,770.81,770.89,770.99,770.51,765.18,752.99,749.48,748.91,748.34,747.91,747.62,747.25,746.64,746.02,745.39,744.94,744.65,744.40,744.15,743.89,743.58,743.29,742.98,742.61,742.22,741.83,741.45,741.06,740.68,740.31,739.44,736.82,734.77,737.65,741.77,743.90,746.01,748.00,752.35,763.25,775.78,794.89,805.84,811.90,809.72,801.76,798.15,803.91,807.33,802.34,796.87,791.69,782.82,777.83,786.20,795.77,801.82,802.03,794.99,795.87,803.73,815.04,827.47,837.50,836.92,831.79,830.51,830.97,828.74,823.44,821.83,822.24,822.48,820.83,824.11,832.26,836.63,839.76,834.71,834.56,839.18,833.80,832.86,835.33,839.72,842.45,846.74,859.93,877.35,884.21,883.00,888.44,891.50,877.39,873.08,885.40,892.93,887.13,880.60,873.98,873.96,884.55,891.72,897.78,906.66,915.83,922.01,928.65,940.41,940.86,941.32,958.65,963.14,962.98,980.47,1000.71,1012.40
1002.38,1000.31,997.83,997.32,997.07,997.35,997.77,998.18,998.58,997.19,990.59,977.61,968.19,967.58,970.93,967.36,961.98,964.52,961.37,955.20,947.67,939.86,936.62,934.75,935.75,937.70,941.15,947.36,951.13,950.37,942.12,937.45,934.68,931.71,929.34,927.38,923.63,916.20,911.58,911.38,912.63,911.69,908.27,901.03,892.88,884.74,873.89,867.08,870.70,881.34,890.18,882.23,879.81,870.53,859.62,855.19,850.17,849.08,850.81,849.67,845.11,847.62,851.75,845.39,843.35,855.26,868.26,879.62,888.64,889.15,884.75,884.78,882.42,875.27,864.16,858.63,857.85,852.60,839.41,848.55,859.41,860.02,853.99,847.82,838.87,829.53,823.25,823.80,826.14,826.35,823.45,821.84,820.12,813.10,803.69,791.94,787.32,785.22,785.32,786.61,787.03,785.87,783.08,780.70,779.31,777.66,775.92,774.37,772.88,771.92,770.45,769.47,768.79,768.02,768.04,768.11,767.75,767.22,767.35,767.73,768.01,768.00,768.16,768.45,768.70,769.08,769.09,769.00,769.14,769.40,769.71,769.90,770.01,770.12,770.08,770.10,770.38,770.67,771.18,771.47,771.58,771.26,769.98,759.35,750.83,749.30,748.81,748.44,748.15,747.99,747.47,746.81,746.15,745.50,745.07,744.93,744.62,744.33,744.00,743.61,743.30,743.03,742.76,742.40,742.01,741.60,741.21,740.80,740.42,740.08,738.77,736.34,739.47,742.09,744.13,746.12,748.01,751.16,760.22,771.77,789.31,803.75,810.86,808.26,801.00,795.08,797.33,801.60,799.01,792.95,788.33,783.55,786.36,786.78,796.34,808.35,814.37,810.59,804.05,804.88,814.48,827.12,837.45,831.72,825.50,823.06,821.99,819.46,815.83,813.81,812.90,812.80,813.46,816.20,821.10,825.21,827.08,825.44,828.75,832.58,828.87,829.78,832.12,835.23,838.68,848.29,863.76,880.35,880.50,877.08,884.64,882.97,868.62,870.83,883.63,886.17,876.95,871.08,870.37,879.79,892.38,897.77,904.07,911.69,922.99,930.61,931.51,931.36,925.85,935.42,945.03,941.85,952.84,971.40,985.42,993.55
995.40,990.16,984.91,981.63,981.85,982.82,984.24,986.49,988.64,989.95,985.99,977.64,968.22,966.86,972.71,976.34,974.90,969.50,960.07,955.78,951.33,944.22,938.26,935.55,933.59,934.66,937.06,940.29,944.50,945.59,942.64,938.15,930.93,926.01,922.54,918.26,912.55,906.22,898.82,896.05,895.56,895.72,894.88,891.78,889.02,885.28,880.59,870.21,863.81,869.52,874.67,867.08,858.84,855.79,850.54,847.59,845.54,843.42,842.62,840.51,838.26,838.44,839.66,837.98,840.80,858.56,872.39,880.19,883.00,887.81,889.73,885.17,877.42,865.08,852.53,847.45,847.42,843.64,834.32,837.95,848.57,856.62,854.68,848.37,841.22,831.82,821.25,814.00,814.12,815.39,813.56,813.18,808.91,802.01,795.78,789.81,787.41,785.35,783.50,783.02,783.05,781.70,779.82,779.01,778.22,776.53,775.09,773.94,771.92,770.24,769.67,769.31,768.75,768.81,769.72,769.79,769.35,768.43,768.09,768.79,769.20,769.68,770.15,771.10,771.78,772.26,771.50,771.33,770.79,770.72,770.24,770.19,770.25,770.29,770.26,770.42,770.79,771.32,771.75,772.13,772.15,771.18,767.21,755.31,750.01,749.32,749.02,748.71,748.49,748.29,747.63,746.93,746.25,745.58,745.07,744.91,744.64,744.33,744.01,743.63,743.30,743.05,742.81,742.55,742.19,741.79,741.40,741.00,740.60,740.29,740.13,740.09,741.31,743.02,744.69,746.57,748.40,752.68,765.06,776.61,789.20,801.76,808.46,804.26,796.19,790.99,794.46,798.22,799.02,799.30,798.17,791.20,795.46,797.51,797.07,810.27,822.20,824.33,817.36,809.98,815.65,827.30,832.37,824.91,818.35,814.85,813.25,811.02,807.36,804.61,804.65,806.53,807.97,809.26,812.31,815.13,817.29,818.69,823.16,827.16,825.79,826.80,828.61,831.61,837.57,847.80,860.21,874.91,873.35,869.93,878.11,874.54,862.33,868.35,877.06,872.58,866.14,868.14,878.17,889.61,892.72,889.78,893.44,904.67,920.66,921.69,917.97,914.76,915.22,922.98,927.73,930.54,940.79,955.12,968.42,979.88
996.48,990.76,981.24,971.54,968.60,968.86,970.40,974.02,979.05,983.15,982.31,975.88,965.94,962.02,968.05,979.81,978.39,967.77,958.26,954.47,951.64,947.12,940.90,938.06,934.67,932.40,934.44,936.75,938.87,939.25,938.31,934.63,926.81,919.24,912.47,901.57,896.01,891.70,887.57,883.38,881.54,879.90,879.40,876.90,874.00,874.27,875.66,870.30,861.56,859.13,859.78,855.82,850.90,849.31,848.08,847.59,846.57,842.57,840.15,838.86,837.52,835.37,834.44,833.68,836.27,848.22,858.79,866.75,876.14,884.40,879.35,873.63,871.42,862.36,848.49,838.37,833.87,831.33,826.87,826.23,837.33,849.98,850.74,839.46,832.62,822.95,816.63,810.74,804.53,802.84,801.76,800.42,796.61,791.24,789.33,788.40,786.87,784.94,782.98,781.41,780.43,779.55,778.85,778.17,777.13,775.72,774.68,773.62,771.63,770.14,769.83,769.32,769.71,770.31,770.66,770.49,769.92,768.99,768.76,770.06,773.74,776.52,777.43,778.31,777.24,776.10,774.13,772.95,771.89,771.50,770.70,770.42,770.44,770.46,770.54,770.84,771.15,771.64,772.31,772.75,772.34,771.04,763.92,754.48,750.35,749.65,749.35,749.03,748.95,748.33,747.54,746.92,746.29,745.63,745.05,744.83,744.63,744.33,744.02,743.68,743.31,743.08,742.83,742.59,742.34,741.98,741.58,741.18,740.79,740.50,740.40,740.61,742.01,743.42,744.74,746.56,748.64,754.13,768.23,782.56,793.80,802.17,802.96,797.94,791.31,788.37,792.13,795.50,798.46,801.02,802.97,799.13,799.83,808.47,806.92,814.43,826.72,831.57,824.74,816.17,819.18,825.73,826.73,818.81,810.66,807.42,805.00,801.18,798.30,797.76,799.64,802.02,804.05,806.04,808.40,810.44,813.17,816.15,819.21,821.75,822.26,823.65,825.63,829.15,836.44,845.25,856.60,864.30,860.19,861.92,871.81,870.31,858.62,861.84,866.41,860.58,865.61,876.14,884.17,885.64,883.96,884.14,896.11,909.68,911.85,904.96,904.64,913.08,920.80,924.93,932.92,939.65,946.78,959.24,971.98,985.61
1004.57,1000.47,990.88,979.71,970.43,965.07,961.15,961.64,966.73,972.94,974.09,970.41,962.27,956.56,960.49,973.78,974.52,964.84,956.66,951.96,948.05,945.67,943.35,940.04,934.16,930.52,931.14,933.41,935.29,933.44,928.98,923.23,914.20,905.50,896.38,890.36,887.67,886.16,884.17,882.63,882.50,881.11,876.65,872.04,870.29,869.11,867.63,864.69,862.77,861.78,859.26,855.78,856.11,857.60,858.25,861.62,861.70,856.39,855.64,850.30,843.14,837.04,832.02,830.21,830.24,835.17,844.77,861.19,879.17,878.22,862.28,857.33,862.60,862.30,852.32,842.79,834.65,826.20,818.86,816.79,825.81,840.23,841.85,827.67,821.93,813.30,807.68,804.42,799.94,797.13,794.52,792.09,790.02,788.67,787.88,787.16,786.03,784.41,782.47,780.92,779.84,778.96,778.15,777.38,776.37,775.34,774.31,773.26,771.48,770.51,770.15,769.79,770.48,771.10,771.46,770.85,769.89,769.95,770.66,775.30,780.05,781.03,781.22,781.46,780.32,777.90,775.65,774.06,772.89,772.16,771.30,770.65,770.66,770.70,770.94,771.24,771.55,771.96,772.59,773.30,772.42,770.92,762.98,755.83,752.50,750.46,749.59,749.40,749.30,748.34,747.30,746.67,746.06,745.44,744.90,744.70,744.56,744.32,744.02,743.70,743.34,743.09,742.87,742.62,742.38,742.13,741.78,741.36,740.99,740.70,740.62,740.91,742.06,743.27,744.54,746.16,748.41,753.50,765.12,780.10,792.57,797.99,796.31,792.67,787.86,786.19,789.22,792.17,795.55,798.13,802.32,804.73,804.12,815.34,820.68,825.87,830.94,830.25,821.96,813.64,815.54,819.96,819.35,811.99,805.57,802.41,799.54,796.49,795.25,797.81,800.63,802.78,803.48,804.50,806.23,808.34,811.21,813.38,815.53,817.45,819.00,820.50,821.97,827.59,836.21,842.20,849.00,853.14,850.88,854.46,863.60,862.89,853.11,854.29,855.20,858.38,867.05,873.19,875.08,874.66,876.56,886.19,899.06,901.49,895.37,898.57,913.06,927.12,939.44,949.07,958.82,965.14,967.34,978.31,988.65,1001.35
999.91,994.04,987.05,980.68,974.48,968.47,960.72,957.54,958.31,960.35,960.32,960.36,957.87,952.14,954.39,964.08,968.03,961.00,954.88,949.36,942.50,940.10,939.98,935.89,928.17,923.93,923.00,929.76,932.70,930.75,922.67,911.25,901.30,896.51,894.33,892.39,889.59,893.51,897.48,894.61,891.41,889.31,886.10,882.59,880.80,878.33,878.98,875.56,874.77,877.09,873.48,867.46,874.97,876.64,874.52,881.48,879.99,875.14,871.58,861.40,852.42,841.65,834.52,830.22,828.07,829.77,842.68,861.84,877.61,875.23,857.11,843.28,850.97,856.88,852.30,844.03,837.13,831.42,823.01,812.84,814.89,825.52,829.04,819.18,809.82,803.09,800.02,799.04,797.87,795.92,792.30,789.50,788.21,787.34,786.52,785.85,784.91,783.64,781.96,780.45,779.39,778.50,777.66,776.77,775.84,774.92,773.95,772.90,771.58,770.94,770.46,770.59,771.13,771.66,772.23,771.80,771.56,772.88,776.80,780.26,781.50,782.42,782.77,782.58,780.64,778.21,776.58,774.98,773.75,772.83,771.95,771.13,770.85,771.03,771.34,771.65,771.96,772.29,772.85,774.22,773.61,771.49,762.90,756.75,754.38,751.79,750.22,749.97,749.76,748.50,747.14,746.42,745.81,745.19,744.75,744.59,744.47,744.30,744.02,743.70,743.39,743.11,742.88,742.65,742.41,742.17,741.93,741.56,741.16,740.92,740.86,741.12,741.84,743.01,744.35,745.79,747.88,750.63,760.14,774.55,789.18,791.47,789.21,786.86,783.79,783.55,786.11,789.01,791.89,794.50,800.92,808.02,808.43,816.74,825.62,828.97,828.48,822.71,813.12,805.38,807.31,810.95,809.87,803.84,799.30,797.51,794.92,792.96,796.13,802.23,813.53,812.55,807.45,806.03,806.62,807.79,809.49,810.89,813.04,814.73,816.20,817.81,819.23,824.23,831.37,834.22,835.72,840.77,844.05,845.89,847.96,847.20,846.33,848.36,850.17,857.46,860.86,861.82,864.79,869.50,877.77,885.13,888.61,888.55,892.69,903.40,914.91,923.86,936.63,952.47,973.00,983.39,984.85,988.40,997.97,1012.34
987.01,981.96,977.50,972.91,969.41,965.91,960.91,957.86,954.84,953.25,950.78,949.58,949.08,948.14,948.13,954.36,958.06,955.65,952.09,946.19,938.84,936.05,933.66,928.81,920.24,916.39,915.95,924.80,931.63,931.39,921.50,905.83,904.91,909.28,909.12,904.71,898.99,903.31,914.49,911.62,903.27,901.39,898.29,894.05,892.38,888.04,889.19,886.73,885.52,889.39,884.91,876.26,883.76,890.68,891.19,896.39,896.16,889.31,877.97,865.20,853.72,843.89,836.70,831.53,827.23,827.75,834.57,847.93,863.72,866.80,853.71,836.73,836.87,842.87,842.25,836.25,827.62,822.25,816.29,809.82,809.12,811.34,812.18,808.14,802.60,799.05,797.53,796.81,795.73,794.60,792.53,790.02,787.52,786.22,785.50,784.66,783.73,782.57,781.40,780.34,779.32,778.07,777.13,776.22,775.20,774.35,773.48,772.76,772.48,772.52,773.17,774.03,774.24,774.16,773.84,773.79,773.97,775.33,778.84,780.08,780.81,782.38,783.96,783.23,780.93,778.81,777.08,775.45,774.76,773.81,772.82,771.89,771.11,771.32,771.71,772.05,772.35,772.67,773.16,775.18,774.36,771.76,761.98,756.92,755.10,753.50,752.02,751.18,750.10,748.58,747.16,746.17,745.54,744.93,744.62,744.47,744.35,744.20,744.00,743.70,743.40,743.14,742.89,742.67,742.44,742.20,741.96,741.71,741.35,741.12,741.26,741.56,741.91,742.73,744.06,745.48,747.56,751.43,760.33,775.71,785.17,784.95,782.83,781.30,779.75,780.79,783.04,784.98,787.10,791.14,800.61,810.44,813.62,814.34,813.67,813.69,815.13,812.37,804.07,796.44,797.63,801.89,799.75,795.07,791.80,791.63,790.72,792.97,798.66,809.15,820.38,824.43,814.35,808.16,809.57,814.17,819.37,816.83,816.87,818.62,818.83,819.46,821.96,823.18,825.15,827.35,828.88,831.34,835.78,839.23,840.31,841.07,843.51,846.42,849.18,854.47,857.83,858.76,861.63,868.35,875.19,877.42,882.37,891.66,899.70,911.77,922.71,932.81,946.07,954.55,965.20,981.26,992.10,997.72,1007.35,1010.69
975.56,971.89,969.28,966.97,965.21,963.85,962.80,960.02,956.76,953.86,949.93,947.54,946.26,945.25,943.98,943.37,943.10,945.05,947.22,942.35,937.85,935.06,932.05,927.81,920.44,915.92,915.25,920.50,930.35,932.56,927.84,918.41,917.65,922.12,920.81,918.06,910.70,907.52,920.33,920.74,910.01,911.47,908.59,906.84,904.36,899.39,900.94,895.60,893.05,899.85,894.99,884.49,889.28,901.92,900.86,897.38,893.81,886.26,871.90,863.77,854.87,845.51,837.11,831.69,826.79,824.49,826.61,833.00,846.35,851.66,844.86,834.03,824.55,825.38,827.45,824.75,816.71,811.15,808.85,807.91,807.53,806.41,803.88,801.37,799.18,797.91,796.15,794.72,793.43,792.36,791.51,789.38,788.26,788.63,788.52,787.39,784.33,782.34,781.42,780.97,779.36,777.86,776.70,775.76,774.82,773.95,773.89,774.74,775.84,777.07,778.66,777.93,777.57,776.87,775.98,775.94,776.26,777.06,778.43,779.18,779.91,781.85,784.39,783.90,781.25,779.08,777.26,776.20,775.82,774.86,773.89,772.76,771.43,770.94,771.27,771.91,772.50,772.96,773.48,774.20,773.06,770.09,760.24,757.21,755.50,753.57,750.47,750.32,749.47,747.79,747.19,746.37,745.40,744.78,744.53,744.36,744.23,744.07,743.92,743.70,743.40,743.17,742.93,742.68,742.46,742.23,741.99,741.75,741.52,741.50,741.80,742.17,742.48,742.68,743.28,744.79,747.57,751.79,759.42,771.38,777.59,777.35,776.02,775.70,775.55,777.21,778.46,780.06,783.13,788.97,799.35,810.44,810.97,806.33,802.70,800.55,802.01,800.43,793.17,788.63,787.97,789.50,789.27,788.51,787.56,788.03,790.19,796.23,804.90,813.30,821.03,828.15,822.71,810.95,815.37,827.20,832.15,828.46,824.85,829.97,831.53,828.66,832.39,832.33,829.41,829.24,831.26,831.84,834.97,839.76,843.03,845.62,845.22,851.39,861.05,871.56,875.87,873.61,867.65,866.07,869.06,874.21,883.73,892.64,903.56,914.76,923.59,934.70,944.32,940.68,949.19,965.41,981.50,995.62,1004.68,997.30
970.08,968.54,967.93,968.02,968.06,967.83,967.23,965.10,960.90,957.02,950.97,947.63,945.54,943.72,941.94,939.61,937.12,941.14,944.00,941.24,937.36,934.82,932.41,929.84,925.89,922.02,921.06,923.99,931.62,935.16,932.70,929.53,930.01,933.18,931.54,926.22,916.43,912.75,924.48,927.78,917.46,923.57,921.64,919.29,916.24,913.05,912.33,905.97,905.58,910.53,904.61,896.59,897.95,903.41,893.38,885.25,881.24,874.02,865.69,860.37,854.01,846.32,837.76,831.76,827.31,823.99,821.80,822.08,829.06,833.69,831.02,823.87,818.52,815.80,814.52,811.11,809.45,808.44,807.41,806.38,805.14,802.88,800.61,799.29,798.20,796.85,795.27,793.45,791.52,790.65,790.99,791.81,793.78,793.68,791.75,789.28,785.70,782.99,781.01,779.85,778.90,777.60,776.65,775.83,775.03,775.10,776.33,777.44,778.83,780.65,781.64,780.17,779.26,778.53,777.85,777.67,777.82,778.18,778.61,779.25,780.80,783.13,785.63,784.61,781.81,779.40,777.63,777.22,776.87,775.92,774.86,773.39,771.90,771.16,770.68,770.82,771.49,772.16,772.06,771.77,771.24,764.04,758.94,757.28,755.63,752.79,749.74,749.02,748.74,748.97,749.20,748.09,746.28,744.86,744.62,744.42,744.21,744.02,743.83,743.66,743.42,743.19,742.96,742.73,742.50,742.28,742.06,741.83,741.79,742.16,742.52,742.85,743.08,743.26,743.62,744.13,746.37,748.90,752.56,756.31,758.65,765.51,768.77,769.61,771.34,772.57,773.22,774.88,778.95,785.88,794.87,802.72,802.08,797.75,791.60,788.74,789.59,788.21,784.78,783.64,783.76,784.55,784.52,785.02,786.67,788.89,792.34,796.33,801.76,807.64,813.73,822.94,822.43,814.02,817.95,830.13,838.84,839.99,837.87,842.59,847.86,840.98,846.97,847.09,841.25,843.81,847.16,846.07,842.93,846.17,852.48,855.87,847.90,855.05,869.12,883.71,890.47,889.26,883.26,875.78,874.03,874.46,877.80,884.46,892.50,902.31,911.37,921.49,929.83,928.96,935.56,950.11,964.71,984.34,989.55,980.16
971.49,972.50,974.04,976.24,977.06,976.55,975.92,973.41,968.99,960.53,951.43,947.99,945.80,943.94,942.13,939.85,937.62,940.71,942.57,940.46,938.25,937.06,934.41,931.98,931.79,933.28,934.85,937.14,938.68,938.59,935.51,934.57,938.02,942.51,941.33,932.05,920.57,920.07,932.78,937.31,933.55,938.34,935.82,931.23,929.05,924.18,920.54,916.29,918.81,923.48,918.29,912.08,909.91,901.07,888.04,876.59,869.57,864.73,859.86,855.08,849.49,843.91,837.61,831.75,827.78,825.42,823.37,820.36,819.69,820.40,820.23,819.20,816.63,812.89,810.13,808.99,808.16,807.18,806.11,805.02,803.76,802.09,800.32,798.78,797.51,796.07,794.60,793.63,795.56,798.71,799.99,799.90,796.83,793.44,790.11,788.12,786.14,783.63,781.26,779.48,778.49,777.49,776.59,775.97,776.21,778.16,779.42,780.22,781.40,782.85,783.70,781.55,779.81,779.16,778.88,779.14,779.23,779.58,780.14,780.62,783.40,785.61,787.19,785.40,782.97,780.62,778.63,778.29,777.94,776.93,775.57,773.94,772.37,771.57,771.01,770.47,770.38,770.30,768.61,768.28,767.13,761.13,758.77,757.38,754.88,752.33,749.99,749.57,750.03,750.80,750.61,749.43,747.24,745.36,744.78,744.57,744.36,744.13,743.91,743.70,743.49,743.27,743.05,742.84,742.61,742.39,742.18,742.03,742.43,742.87,743.21,743.52,743.71,744.20,744.64,744.40,744.81,747.11,750.44,753.92,754.28,758.44,761.05,761.17,762.84,763.72,765.14,766.88,771.86,779.32,785.86,792.07,790.30,784.70,781.34,781.16,781.39,780.22,779.87,780.05,780.57,781.65,783.81,786.69,789.95,794.50,799.06,798.03,801.08,809.41,811.05,817.69,821.61,817.63,817.48,826.53,836.87,843.40,847.85,854.67,859.31,854.98,861.10,857.21,848.25,859.18,864.30,854.76,848.10,854.94,864.53,862.49,852.01,854.54,866.67,883.72,894.78,900.69,899.90,894.92,892.19,886.37,881.27,882.63,888.22,892.47,897.72,908.05,916.10,919.69,927.34,938.82,955.47,974.41,971.26,965.20
983.27,982.77,981.89,982.63,983.00,982.13,981.37,979.84,972.68,960.75,950.06,947.86,946.20,945.08,944.62,943.42,942.55,945.85,946.88,943.91,944.96,942.09,936.68,935.10,937.56,940.28,941.81,941.62,940.76,939.24,937.25,938.53,945.32,951.22,947.18,934.53,929.08,930.88,940.04,941.50,940.49,936.69,923.32,919.73,925.92,918.22,909.57,910.61,916.19,922.51,922.81,920.81,915.16,899.04,886.29,875.96,869.73,864.75,860.23,856.34,849.45,844.39,839.17,834.23,830.34,828.71,823.67,819.74,819.15,819.04,818.77,818.31,815.40,812.07,809.84,808.72,807.81,806.95,806.31,805.22,803.93,803.04,801.96,799.37,797.83,797.54,799.55,802.15,802.43,800.66,798.78,796.93,793.26,790.30,788.57,786.81,785.04,783.24,781.14,779.29,778.16,777.41,777.18,778.24,780.01,781.44,782.29,783.54,784.54,785.51,786.04,783.87,781.43,780.37,780.24,781.54,782.39,783.29,783.55,784.79,786.81,788.52,788.66,786.88,784.54,782.15,779.85,779.37,778.96,777.72,776.11,774.48,772.90,771.98,771.41,770.82,770.24,769.18,768.33,767.94,767.44,765.79,761.71,758.13,755.43,752.96,751.32,751.02,751.06,751.84,751.57,750.42,748.60,745.86,744.86,744.66,744.45,744.22,744.00,743.79,743.59,743.38,743.16,742.94,742.72,742.50,742.34,742.57,743.09,743.59,743.92,744.15,744.65,745.40,745.66,745.37,745.04,746.74,755.42,764.51,763.98,757.54,756.10,756.94,758.22,761.79,762.41,761.06,765.72,770.34,774.94,778.32,778.36,777.26,776.71,777.11,777.88,778.15,778.45,779.29,780.27,782.32,785.58,789.40,797.80,805.36,811.27,804.67,805.78,816.74,820.90,817.73,823.57,822.21,817.39,820.41,827.85,837.11,846.26,857.15,867.30,870.71,872.99,866.85,856.42,868.46,869.63,856.21,856.06,871.32,876.35,864.94,861.33,861.95,860.97,875.20,887.26,895.26,906.25,913.57,911.80,901.17,889.17,887.60,897.34,903.53,902.14,903.02,910.10,917.45,925.42,941.17,957.04,957.66,951.93,963.30
999.31,989.97,986.81,985.70,984.00,982.39,980.01,976.62,968.64,955.02,949.01,947.88,947.71,948.13,949.12,949.57,951.00,956.24,955.98,949.92,951.10,949.09,938.21,938.30,941.46,943.18,942.34,940.19,938.40,937.62,941.05,944.35,949.91,952.27,949.71,945.40,944.67,943.39,942.37,937.59,926.86,926.23,915.12,908.57,917.57,909.65,896.60,896.26,905.56,911.82,908.48,906.89,911.09,902.47,893.13,882.97,876.81,873.34,870.18,864.07,855.19,849.96,847.35,843.63,837.34,831.46,823.10,819.73,819.25,818.81,818.31,817.48,814.90,812.67,812.01,811.39,813.00,818.10,820.44,820.46,819.25,817.35,813.35,808.54,805.28,804.67,803.99,802.13,799.64,796.73,795.08,793.14,790.15,788.47,787.12,785.36,783.47,781.69,780.23,778.87,778.35,778.32,779.30,781.80,783.93,785.19,785.37,786.90,787.93,788.59,788.61,786.59,784.43,784.24,784.34,786.06,787.89,789.04,787.00,790.65,794.12,793.38,790.25,788.13,786.11,783.74,781.95,781.16,779.91,778.18,776.60,775.01,773.40,772.53,772.46,772.00,771.73,771.49,772.29,772.84,772.94,772.02,766.57,758.75,756.29,754.56,753.21,752.80,752.74,753.00,752.35,751.19,749.67,745.73,744.84,744.71,744.53,744.31,744.08,743.88,743.67,743.48,743.27,743.05,742.84,742.64,742.84,743.31,743.81,744.27,744.59,745.12,745.87,746.58,746.59,746.29,745.89,746.52,758.14,769.95,771.52,766.83,760.31,761.18,765.48,770.53,768.15,764.67,763.55,764.34,768.12,772.74,774.47,773.70,773.35,774.14,775.23,776.31,778.53,781.87,783.65,784.23,786.88,791.77,804.27,815.00,822.01,814.88,810.40,821.42,830.95,826.06,829.98,825.98,819.76,821.36,823.05,829.58,840.08,850.41,862.99,873.78,881.38,878.01,870.11,877.24,872.17,857.85,863.46,882.38,885.10,866.86,867.03,872.37,860.89,868.02,880.45,890.52,904.64,917.11,921.51,916.29,900.32,889.49,896.54,911.10,917.61,915.18,921.68,929.84,935.40,946.95,946.81,941.49,949.81,972.81
1003.20,990.84,985.83,983.09,980.61,977.09,972.22,968.31,963.03,953.32,949.37,949.07,949.84,951.54,955.58,959.88,960.09,962.81,962.65,958.53,954.57,951.13,940.39,940.40,944.14,943.09,940.36,937.63,937.68,938.64,943.39,946.28,947.53,947.96,949.10,949.06,947.45,941.22,931.07,923.92,911.46,909.20,903.73,899.38,909.35,902.55,889.34,885.86,893.94,898.27,891.77,894.47,900.06,899.13,900.42,895.70,890.90,887.15,879.66,870.33,863.24,860.69,856.97,849.36,838.38,829.38,824.85,821.32,819.67,819.25,818.93,817.75,816.63,819.22,823.95,822.38,825.15,831.63,832.61,830.99,824.76,818.52,811.73,805.88,802.67,800.62,799.01,796.50,794.16,792.15,791.35,790.12,788.63,787.19,785.68,783.83,781.95,780.30,779.85,779.85,780.00,781.23,783.11,786.24,788.56,790.17,788.38,790.12,795.40,799.39,795.43,789.90,787.98,790.60,790.05,791.96,797.39,800.29,792.93,794.95,801.47,799.95,793.10,788.89,786.87,784.88,783.23,781.88,780.15,777.99,776.32,774.88,773.85,774.24,775.26,775.10,774.46,774.38,775.88,776.49,776.05,773.62,769.62,760.36,757.92,756.50,755.12,754.60,754.47,753.75,752.16,750.60,748.09,745.03,744.80,744.69,744.58,744.39,744.17,743.96,743.76,743.59,743.38,743.17,742.96,743.06,743.55,744.04,744.52,745.01,745.56,746.32,747.08,747.71,747.56,747.21,746.64,746.60,759.99,770.88,773.81,769.20,764.92,769.67,770.88,771.48,770.43,769.11,767.61,767.86,766.70,768.38,770.91,770.38,770.36,771.81,773.38,775.10,781.64,789.53,789.33,786.90,787.98,793.23,804.39,816.87,828.42,826.62,819.99,826.82,838.01,836.51,837.53,830.69,824.29,830.00,830.64,827.58,835.64,846.89,854.63,866.62,880.23,887.70,887.75,887.95,876.62,860.35,867.54,886.86,888.68,869.52,872.30,883.81,870.56,866.32,878.63,891.09,900.27,909.91,921.10,923.55,914.83,897.78,894.14,906.73,915.59,921.09,928.43,938.51,941.71,938.68,934.91,941.47,958.78,978.10
998.94,988.69,982.29,978.44,973.82,969.72,967.28,964.68,962.09,959.02,955.97,955.41,957.44,959.28,962.90,967.37,967.40,967.52,966.11,962.93,959.18,950.37,943.40,943.18,944.62,940.54,937.89,936.84,939.86,941.76,943.39,940.05,935.27,937.55,945.50,944.36,935.84,928.58,918.85,911.45,903.08,897.27,893.29,891.27,899.59,900.15,887.06,876.92,881.40,887.05,880.11,885.63,884.46,885.02,890.86,890.05,886.51,883.18,878.22,867.33,859.69,854.97,848.90,835.78,829.38,827.29,824.86,822.81,820.76,820.54,822.05,824.16,831.20,837.80,839.03,836.72,837.51,831.87,826.34,823.98,814.82,807.03,801.97,799.67,798.80,797.99,797.12,794.17,790.70,789.35,789.21,788.57,787.47,786.03,784.59,782.96,781.42,781.52,782.67,783.48,784.63,789.27,789.94,795.01,798.87,800.60,793.21,794.13,800.68,811.29,805.40,795.07,796.10,805.19,800.76,799.54,805.95,808.59,800.36,798.03,802.35,798.86,792.37,787.40,784.30,782.54,780.80,779.96,779.06,777.18,775.58,775.26,775.96,777.05,778.17,778.43,777.33,777.52,779.98,781.63,778.84,775.36,771.84,764.24,759.29,758.24,756.99,756.14,754.84,752.98,751.30,749.79,747.23,745.08,744.82,744.68,744.56,744.44,744.25,744.05,743.87,743.68,743.49,743.29,743.33,743.83,744.35,744.85,745.35,745.87,746.69,747.54,748.31,748.73,748.47,748.02,747.37,746.92,760.97,772.72,775.76,769.18,766.83,770.72,772.26,772.54,772.01,771.18,771.05,771.39,770.53,767.63,768.47,769.63,773.72,778.13,781.36,783.48,789.15,798.24,795.26,790.26,789.46,795.02,805.33,816.44,828.13,834.64,833.69,836.50,847.16,849.76,845.83,835.62,828.20,834.37,840.05,833.85,832.53,840.79,848.69,859.60,869.72,884.54,894.20,896.15,884.84,866.48,871.05,890.06,892.28,874.11,876.59,890.96,885.86,870.79,871.97,881.10,888.14,901.61,916.92,925.94,924.03,911.11,898.47,898.96,906.82,913.77,921.42,930.57,932.41,928.80,934.28,950.38,966.18,974.31
995.01,985.29,977.77,973.95,971.02,968.57,967.16,966.35,965.41,964.27,963.77,963.25,963.20,965.04,968.99,971.40,971.25,970.49,968.57,965.18,961.30,952.00,947.87,946.38,942.94,938.41,935.64,933.92,934.43,936.23,936.88,929.13,923.52,933.30,943.63,943.35,939.61,934.90,927.29,919.63,910.76,895.46,886.84,883.38,888.20,895.09,887.25,872.90,872.18,877.67,869.19,873.29,869.19,871.57,872.96,872.21,869.39,866.95,862.93,853.57,845.00,839.84,835.32,830.50,828.03,826.30,824.64,823.86,828.16,833.46,837.30,839.66,837.01,837.61,837.37,835.75,831.60,822.94,816.15,812.96,805.60,800.19,798.67,797.99,797.37,796.53,795.61,793.89,790.78,788.90,788.13,787.36,786.32,784.93,783.62,782.77,783.44,785.12,786.30,787.49,790.20,796.58,805.77,809.35,811.37,807.63,799.77,804.92,804.38,814.88,812.65,801.32,804.48,812.37,807.99,806.15,811.65,808.78,800.34,798.41,798.18,793.66,788.96,785.06,781.31,780.08,779.39,778.63,777.62,776.78,777.53,778.10,779.05,781.27,785.27,785.22,781.40,781.19,787.72,793.15,785.55,777.55,774.00,769.43,761.14,758.94,757.81,755.93,753.89,751.95,750.25,749.07,747.58,745.98,745.00,744.77,744.62,744.47,744.33,744.15,743.96,743.78,743.59,743.65,744.14,744.73,745.32,745.85,746.34,746.89,747.23,748.20,749.31,749.73,749.40,748.86,747.94,747.47,762.72,777.51,778.36,769.77,768.53,771.05,772.60,773.82,773.97,773.39,773.47,773.77,773.75,774.23,776.68,780.52,782.28,784.80,791.90,798.97,803.82,809.10,801.30,795.07,793.38,795.11,801.98,811.42,821.39,834.14,843.94,849.55,858.60,860.48,853.22,842.39,834.54,838.00,849.01,845.62,836.77,837.91,845.07,852.81,858.48,870.07,888.93,900.68,894.03,877.24,876.40,895.16,899.42,885.48,884.26,895.16,898.71,882.69,873.31,877.41,886.90,898.41,913.27,928.08,933.61,921.46,909.02,905.62,905.26,907.11,912.39,919.22,920.23,924.65,937.60,950.81,959.22,961.96
987.17,979.80,977.29,978.33,978.25,976.82,973.83,972.04,971.12,970.72,969.78,967.98,966.92,967.11,969.44,970.52,970.36,970.09,969.25,966.64,962.13,952.37,948.21,944.81,940.91,937.25,933.97,930.88,925.52,922.25,924.38,921.40,918.18,930.81,941.58,938.91,931.23,932.35,927.21,918.20,909.53,897.95,884.50,877.66,877.82,888.17,884.60,872.53,863.63,864.59,858.42,858.57,853.92,852.19,850.57,849.47,848.07,845.51,839.90,836.71,833.80,830.77,829.47,828.71,827.22,825.72,827.18,837.09,846.08,845.22,841.44,836.14,833.01,829.78,825.89,824.08,820.48,813.29,807.05,803.17,799.50,798.20,797.25,796.53,795.90,795.09,794.03,792.72,790.99,788.86,787.31,786.25,785.22,784.67,785.04,786.32,787.75,789.01,789.89,791.17,794.90,801.27,818.34,823.41,821.33,813.45,808.90,814.79,812.22,819.46,818.00,811.68,815.22,817.93,814.37,812.60,809.57,803.63,797.78,793.96,791.66,789.32,787.03,783.75,780.27,779.29,778.78,778.01,778.32,780.66,782.38,783.05,784.16,789.18,797.20,801.04,795.74,788.50,793.35,801.24,794.91,781.52,776.54,772.66,764.99,759.22,757.40,755.37,753.09,750.98,749.41,748.32,747.25,746.15,745.12,744.78,744.63,744.48,744.34,744.18,744.06,743.89,743.95,744.40,745.00,745.56,746.16,746.83,747.36,747.96,748.34,748.49,749.61,750.57,750.41,749.62,748.38,748.55,764.72,778.67,779.72,771.43,769.62,771.19,772.81,774.29,775.50,775.64,775.77,776.06,777.20,779.45,782.34,784.46,786.06,787.57,794.05,808.66,816.88,817.15,806.25,800.40,798.23,797.09,799.40,806.60,816.34,829.87,842.51,854.62,864.36,867.75,862.82,856.57,846.17,846.53,860.35,858.54,846.46,839.90,847.80,854.09,860.46,865.86,879.03,898.66,902.67,890.47,885.80,902.68,909.50,898.80,896.51,904.86,908.69,893.71,879.79,883.44,896.27,907.34,919.28,931.54,940.47,932.16,921.68,922.08,921.76,918.59,914.64,916.45,923.18,929.81,935.07,941.83,947.83,954.49
983.53,981.20,981.87,983.11,983.53,983.27,981.94,981.00,980.48,980.17,979.25,976.34,970.69,967.56,967.19,967.08,966.51,966.17,966.01,965.28,963.63,952.13,946.98,943.89,940.48,936.71,932.87,928.47,922.68,919.59,916.65,914.25,914.53,924.92,935.50,932.08,915.81,912.83,912.30,908.59,904.14,895.87,881.60,873.71,870.42,876.80,872.53,864.25,856.63,854.69,852.46,851.49,846.90,842.19,840.77,840.34,839.70,838.88,836.41,833.43,830.50,829.31,828.53,827.69,827.61,835.37,845.11,849.48,845.99,840.28,832.84,827.27,823.60,818.29,814.04,810.59,808.32,804.04,800.10,798.99,797.87,796.78,795.79,795.06,794.47,793.64,792.29,790.87,789.86,788.20,786.82,786.17,786.97,788.85,790.36,791.80,792.73,794.08,794.59,794.34,799.32,809.85,819.79,830.72,825.70,816.48,814.71,822.56,818.63,821.63,822.77,821.60,822.79,822.42,820.17,811.66,802.98,798.05,794.60,790.16,788.48,787.34,785.69,783.02,780.25,779.42,778.76,779.98,782.30,785.24,788.09,790.07,791.15,797.09,806.38,812.87,808.68,798.87,798.45,805.87,799.95,787.51,780.09,774.63,766.51,759.20,756.92,754.84,752.52,750.22,748.71,747.53,746.45,745.51,744.93,744.88,744.77,744.63,744.49,744.31,744.18,744.16,744.62,745.19,745.73,746.36,746.96,747.61,748.32,748.93,749.67,749.41,750.01,751.14,750.96,749.77,748.51,750.84,767.34,778.98,781.10,774.64,771.45,771.94,773.13,774.55,776.05,777.35,777.92,778.27,779.29,781.88,785.61,788.29,790.19,796.66,800.64,810.25,822.53,821.04,811.15,810.75,807.79,802.11,801.89,805.86,813.26,823.25,835.13,847.83,860.71,870.16,871.66,867.52,861.51,862.61,872.73,871.49,856.35,845.60,852.23,863.34,874.42,881.36,882.38,897.02,910.50,904.16,898.76,911.71,918.67,911.29,909.66,914.31,916.25,904.79,892.56,890.00,899.45,914.18,928.18,937.50,945.79,940.16,933.01,936.84,939.41,934.84,930.71,930.28,936.02,944.86,944.97,948.64,952.70,959.05
991.38,988.08,986.81,987.00,986.77,985.84,984.79,983.88,982.95,982.06,981.23,980.49,975.81,967.61,963.18,959.87,960.06,960.50,960.85,958.81,960.52,953.01,947.39,946.44,942.35,936.83,932.64,929.56,929.73,928.30,921.00,909.92,908.63,914.03,924.02,925.84,912.22,901.40,900.68,900.52,894.97,883.89,873.03,869.03,865.13,865.80,863.60,855.29,849.88,848.20,846.87,846.38,844.87,840.87,839.29,838.33,837.65,836.46,834.37,832.06,830.07,829.34,830.44,834.53,844.17,848.94,845.87,842.32,836.15,829.15,821.53,820.00,815.71,810.93,807.51,803.19,800.87,799.51,798.55,797.69,796.51,795.37,794.35,793.60,793.01,792.09,790.64,789.50,788.79,788.18,788.16,789.06,791.78,794.32,796.58,799.16,799.37,801.06,800.92,797.16,800.12,815.48,826.34,832.89,831.59,822.08,818.75,829.57,825.92,826.68,828.89,829.54,827.83,824.67,821.19,813.78,802.96,795.00,791.07,789.01,787.31,785.66,784.02,782.21,780.49,779.98,781.98,785.00,786.14,788.76,792.66,797.47,803.56,810.43,816.59,820.10,817.15,808.11,807.07,809.62,801.72,789.81,782.47,774.15,765.99,760.72,757.43,754.26,751.71,749.45,747.92,747.20,746.67,746.27,745.71,745.62,745.39,744.94,744.72,744.54,744.40,744.72,745.31,745.88,746.48,747.07,747.72,748.37,749.07,749.89,751.14,751.04,751.06,752.03,751.34,749.84,748.73,751.74,767.94,779.56,781.85,776.55,773.62,773.25,774.10,775.18,776.44,777.86,779.21,780.59,781.26,783.50,787.62,792.66,798.33,807.84,813.52,820.14,828.87,826.49,822.72,822.43,816.21,808.65,808.62,809.54,812.18,817.44,826.02,840.94,855.23,867.47,873.66,874.79,875.09,876.53,880.17,878.15,862.34,854.91,855.87,864.85,878.99,891.66,897.37,905.40,914.11,916.40,914.65,923.17,924.90,919.27,917.32,918.62,920.38,916.16,905.50,897.51,902.63,918.41,935.64,947.05,949.84,944.93,942.22,948.36,954.83,953.11,948.78,947.83,949.87,952.28,952.55,955.09,958.53,955.06
1006.01,1000.05,992.82,988.58,984.58,982.89,982.71,982.61,982.29,981.94,981.42,980.61,975.80,967.08,961.29,949.11,947.78,948.54,949.98,953.59,960.28,955.45,950.70,950.57,946.36,938.06,935.48,934.34,933.35,931.07,922.89,909.55,904.73,905.36,913.63,920.18,910.87,896.25,891.25,889.35,879.29,869.57,865.56,862.74,859.53,858.44,855.40,849.78,849.57,850.70,851.46,847.18,844.80,843.36,840.15,839.00,837.54,836.90,836.15,838.38,841.68,844.73,852.59,854.17,850.26,842.03,836.25,831.60,825.50,816.95,812.78,812.11,810.12,807.79,804.46,800.41,799.01,798.34,797.50,796.40,795.24,794.11,793.31,792.68,791.92,791.38,790.70,790.75,791.44,790.87,790.77,793.24,795.91,799.96,807.09,813.89,813.67,812.11,806.82,800.02,800.93,810.53,828.67,838.16,837.35,829.53,826.02,835.31,833.28,833.09,832.80,830.66,827.17,821.98,816.78,808.61,799.06,793.64,789.92,789.00,787.51,785.47,783.54,783.20,784.00,784.85,788.21,790.21,790.49,792.73,795.96,801.63,812.46,821.68,826.70,827.94,822.99,816.15,816.03,811.11,802.33,790.45,783.03,773.95,770.17,767.61,757.85,753.56,750.53,749.01,748.69,748.51,748.01,747.65,747.22,746.80,746.07,745.29,744.92,744.73,744.72,745.34,745.96,746.57,747.16,747.79,748.41,749.08,749.79,750.86,752.17,753.00,753.09,753.28,752.08,750.12,749.03,754.83,769.60,780.94,782.66,778.20,776.05,774.80,775.51,776.33,777.39,778.67,780.31,783.50,784.22,784.47,787.27,791.30,800.24,807.71,813.92,823.02,831.58,834.45,834.43,831.88,823.69,818.16,819.66,820.51,820.70,821.00,825.57,836.52,849.68,863.32,868.27,873.10,879.43,880.37,881.08,881.38,871.00,866.93,866.57,869.11,879.88,891.73,901.67,910.63,913.46,914.46,919.85,926.11,917.30,909.40,907.42,906.36,912.47,918.77,914.98,906.26,910.47,924.18,938.58,940.33,934.62,935.64,940.02,948.34,956.00,960.96,959.92,958.58,956.57,952.94,948.85,945.30,942.25,930.20
1010.23,1007.33,998.49,989.09,982.27,978.10,977.17,977.80,978.85,979.90,980.05,977.99,970.93,964.59,957.71,947.36,944.05,947.17,953.04,957.31,960.88,958.43,955.29,953.25,948.98,941.97,939.48,935.89,930.71,927.35,918.38,909.10,901.54,897.64,904.80,913.28,906.93,893.57,882.87,879.16,871.40,864.38,860.62,858.21,855.41,854.63,855.47,857.36,864.26,867.84,868.32,866.35,863.13,857.84,851.29,854.92,853.98,854.51,852.42,858.74,861.10,859.82,853.23,847.86,841.99,834.93,826.96,820.64,814.48,809.79,808.16,807.37,806.81,805.33,803.16,800.47,798.38,797.43,796.63,795.55,795.03,795.02,794.88,794.70,794.18,794.58,794.62,794.79,795.98,794.63,794.27,798.29,801.51,809.63,821.05,827.98,825.48,817.29,808.28,802.94,805.07,810.24,823.09,835.92,840.10,836.16,834.63,840.52,837.80,834.51,829.65,825.97,822.88,815.99,805.44,799.52,796.38,793.22,790.13,789.12,787.94,786.31,785.63,786.76,788.96,793.17,796.66,795.12,795.15,797.91,801.63,809.38,818.09,826.03,830.78,830.38,827.82,823.74,820.41,814.16,803.71,790.32,783.45,775.92,778.61,773.08,758.17,753.11,749.81,749.24,750.04,749.99,749.33,748.83,747.96,747.23,746.45,745.63,745.10,744.91,745.14,745.87,746.55,747.17,747.80,748.44,749.09,749.80,750.75,751.86,753.13,754.35,754.74,753.61,752.06,750.36,749.36,756.52,773.69,782.36,784.71,781.13,778.42,776.59,777.09,777.86,778.55,780.24,782.99,786.83,787.92,786.86,786.87,788.87,793.48,798.75,803.40,812.03,826.14,837.98,844.94,843.82,835.42,829.56,831.71,835.38,836.74,834.92,838.45,844.54,852.45,856.15,856.87,862.74,872.26,871.24,870.38,873.01,878.57,882.60,883.69,882.89,886.48,893.28,898.91,903.37,903.04,899.76,907.61,916.56,905.10,891.48,885.94,886.62,895.53,907.41,913.53,911.99,917.79,929.14,934.24,921.70,916.35,917.40,918.76,924.31,930.49,945.39,952.59,953.57,951.89,943.38,930.96,922.16,918.95,909.55
1002.82,1000.23,993.89,988.11,982.39,973.87,969.04,968.96,969.90,970.22,970.16,969.67,966.41,959.88,948.88,944.91,941.70,943.56,952.63,960.14,960.96,959.91,957.03,953.70,950.25,945.72,941.67,934.90,925.76,921.09,915.62,907.46,895.77,890.01,893.40,900.16,894.69,885.68,877.01,872.54,868.64,861.99,858.24,858.13,861.29,864.71,872.00,875.90,878.29,884.49,881.33,879.68,874.05,864.74,862.47,871.85,873.64,870.94,867.86,869.72,864.96,852.79,843.67,837.51,832.48,825.65,818.09,813.24,809.43,807.52,805.96,804.32,803.57,802.56,800.67,799.25,797.80,797.17,796.99,796.63,797.05,797.17,796.99,797.23,797.20,798.25,800.09,800.01,800.80,797.80,797.67,805.36,812.45,817.73,831.38,836.81,834.90,822.81,809.57,805.17,807.42,818.37,823.76,829.74,836.50,841.38,839.97,840.01,834.88,831.13,824.61,819.16,815.50,806.49,799.63,798.22,795.34,792.77,790.76,790.06,789.08,789.41,790.25,791.34,794.49,801.07,803.13,799.77,799.79,804.23,810.34,818.94,826.30,830.11,831.15,824.30,821.23,821.52,819.46,813.48,801.85,788.92,782.56,777.95,786.77,776.02,758.44,753.99,751.20,750.14,751.24,750.69,750.20,749.22,747.95,747.25,746.67,745.99,745.31,745.13,745.62,746.41,747.13,747.78,748.34,749.04,749.94,751.01,751.84,752.91,754.07,755.30,755.41,753.86,752.19,750.61,749.77,758.81,778.03,783.68,786.42,783.89,780.19,778.43,778.78,780.50,782.97,783.75,785.49,789.95,792.34,789.40,788.91,790.12,793.18,797.09,801.69,810.25,825.91,839.56,848.89,854.13,849.62,842.92,842.17,847.08,849.31,849.83,849.67,850.49,847.98,842.84,845.31,853.73,862.56,858.67,852.97,853.59,860.62,873.76,886.27,888.11,884.25,884.02,883.68,885.34,886.15,883.85,893.43,907.25,896.18,878.84,870.54,869.41,876.82,890.43,896.24,904.17,914.27,918.12,919.85,905.01,895.71,896.83,896.04,900.78,915.69,932.96,933.92,935.06,934.95,922.46,913.65,902.91,902.97,894.74
991.07,989.70,986.81,983.97,981.36,973.59,967.17,965.25,965.48,965.34,965.67,966.66,963.89,956.06,946.04,941.41,939.00,938.25,941.75,954.57,958.79,957.08,954.17,952.54,949.98,945.67,941.51,933.22,920.75,914.68,911.64,905.78,893.41,886.51,886.44,887.12,880.55,874.58,871.06,867.07,863.31,861.54,865.96,869.85,873.88,878.53,884.61,890.64,890.46,895.82,892.68,885.62,877.35,868.69,871.90,881.89,887.51,882.58,878.19,871.58,860.68,846.78,836.88,829.11,823.38,816.78,811.97,809.40,807.78,806.24,804.13,802.27,801.29,800.25,799.79,800.23,799.22,799.60,800.70,799.06,799.51,799.55,799.17,800.29,802.70,807.88,813.72,810.73,805.34,800.52,801.89,814.54,825.16,822.30,834.86,841.14,837.09,825.11,812.05,807.29,808.00,819.54,830.17,837.16,840.79,844.23,841.83,833.83,828.39,824.35,817.06,811.28,807.88,802.74,799.43,797.78,795.68,793.63,792.69,794.02,793.71,793.88,795.18,797.19,801.00,809.29,809.44,804.39,804.47,809.49,814.70,821.25,830.22,833.16,831.08,822.72,816.26,814.31,811.89,806.88,796.55,787.05,781.41,782.58,790.40,777.08,759.41,756.22,753.65,752.51,751.64,749.83,749.71,749.11,747.93,747.16,746.64,746.10,745.55,745.66,746.21,746.89,747.66,748.37,748.99,749.58,752.23,753.61,753.77,754.31,755.14,756.24,755.83,754.25,752.87,751.63,750.64,761.04,776.46,781.63,785.94,787.51,785.46,782.04,784.21,790.44,793.58,789.89,787.26,791.04,798.23,794.48,793.09,797.95,800.63,802.03,808.75,818.28,829.69,842.25,849.90,857.03,854.05,847.06,840.68,841.55,842.68,840.43,836.75,835.99,832.62,826.70,833.38,842.12,850.45,847.86,837.61,837.30,845.66,856.30,867.50,870.63,867.10,863.85,863.82,866.00,864.50,864.89,881.59,895.93,885.18,864.87,856.33,852.96,860.99,871.39,877.47,889.37,895.05,894.73,902.94,892.38,878.62,877.43,877.09,888.01,910.71,918.79,915.32,916.58,918.14,905.40,894.13,885.03,891.37,887.80
987.95,987.28,983.67,978.93,973.51,968.02,964.18,962.07,961.59,961.31,962.25,963.82,963.25,958.13,947.97,940.52,936.96,936.11,939.18,950.27,953.86,949.54,946.32,946.18,944.35,942.41,938.95,928.54,915.16,907.47,903.35,898.17,889.86,884.00,881.65,880.32,874.50,869.31,867.01,868.57,871.91,873.99,880.62,884.33,884.19,892.35,897.19,904.48,903.93,906.15,897.38,886.70,879.92,879.06,882.79,887.37,886.76,879.21,873.71,864.58,852.17,840.78,830.70,823.13,818.76,812.48,809.45,808.52,806.90,805.06,803.48,803.75,804.04,802.38,802.25,803.47,802.16,803.98,804.75,803.04,804.33,804.83,804.78,809.25,818.23,822.63,824.02,813.52,806.56,802.47,806.00,823.35,836.61,830.50,837.58,844.06,840.67,830.03,816.20,809.91,810.10,821.68,838.47,841.88,846.75,844.71,835.50,825.77,819.65,816.64,810.86,807.24,804.40,801.51,799.60,798.42,797.13,797.51,802.55,806.67,800.37,798.64,800.05,803.29,809.80,818.09,815.21,808.44,808.63,811.83,818.87,823.86,830.36,834.27,831.04,822.49,815.92,810.80,806.86,801.24,792.95,786.51,783.71,788.07,791.17,774.49,759.49,757.67,755.89,754.57,752.77,750.87,749.38,748.47,747.77,747.09,746.56,746.01,745.94,746.62,747.30,747.55,748.09,748.89,749.84,752.75,756.34,756.66,756.34,756.74,757.11,757.37,756.54,755.32,754.13,752.94,751.75,756.92,771.60,780.62,786.13,790.27,792.17,786.65,790.77,799.09,802.55,796.39,790.61,795.71,803.57,800.88,798.48,804.73,810.99,809.34,815.43,827.22,836.59,842.74,846.60,843.53,839.65,833.91,828.10,826.34,827.36,825.41,821.06,820.84,817.84,816.34,823.16,826.42,835.23,839.02,829.10,824.72,829.87,841.67,853.34,855.37,853.32,851.29,848.56,849.28,846.68,853.83,873.55,884.74,872.56,856.07,847.76,842.03,850.38,854.81,863.71,874.89,873.60,874.90,889.37,883.82,867.03,862.13,866.76,883.38,904.88,901.52,894.38,895.67,899.96,894.94,877.07,870.58,880.06,879.79
985.29,986.11,981.95,973.57,969.03,969.13,967.09,961.17,955.65,952.86,955.91,959.73,961.63,960.69,951.23,939.37,935.62,933.36,935.62,945.85,948.12,942.71,937.42,935.75,935.40,934.09,929.50,921.25,908.26,899.00,891.87,887.62,883.78,880.14,877.65,874.25,869.94,868.50,873.07,884.86,890.29,894.01,897.25,896.40,892.70,902.76,910.00,912.24,909.96,906.10,897.61,889.07,886.23,889.47,888.68,883.44,879.34,869.85,858.38,850.50,841.87,833.57,825.62,819.54,816.80,813.19,810.27,808.25,806.28,804.74,804.99,806.38,807.50,806.29,805.20,806.59,805.54,809.04,810.16,809.18,811.05,812.62,814.44,818.59,832.03,833.16,825.25,813.62,806.82,805.20,810.06,826.99,843.24,841.68,840.78,846.35,842.89,831.64,818.71,812.93,813.24,822.72,838.86,845.70,849.97,847.21,839.09,827.90,819.26,816.68,814.10,809.80,805.69,802.87,802.49,804.36,805.19,813.38,822.55,816.15,806.72,805.87,807.79,810.00,816.38,822.67,819.18,813.15,812.24,815.13,821.79,832.30,835.00,836.44,829.04,823.76,821.87,817.22,813.24,803.56,793.23,787.03,788.38,791.73,790.44,769.23,758.97,757.54,756.07,754.45,752.50,750.52,749.19,748.53,747.73,747.04,746.42,746.15,746.76,747.53,748.32,748.86,748.90,749.30,750.97,757.39,760.66,759.98,758.91,758.91,758.67,758.34,757.47,756.28,755.08,753.92,752.86,753.88,767.95,782.06,790.12,796.97,797.25,789.36,794.16,805.42,810.51,806.22,802.48,808.75,813.81,809.33,806.55,812.90,821.05,818.82,822.18,833.90,840.05,841.65,838.99,827.95,821.43,817.64,813.06,809.12,811.83,810.15,808.02,810.10,806.09,805.69,812.61,816.08,825.13,830.54,821.26,813.65,818.26,832.30,842.90,841.32,839.75,838.02,834.34,833.83,833.88,847.15,868.60,877.28,865.33,851.78,842.58,835.74,837.96,847.71,858.98,858.41,854.88,863.04,881.49,874.51,858.41,852.64,860.54,880.72,897.37,888.01,876.06,876.56,886.31,891.14,872.57,862.00,867.29,871.93
982.55,985.75,982.31,978.58,978.66,979.78,977.18,964.67,953.17,944.27,945.71,949.77,954.82,957.58,951.19,939.33,934.48,931.54,929.90,934.79,938.41,935.21,930.70,927.18,925.42,924.61,919.86,909.60,896.18,888.64,884.66,881.81,879.19,876.72,874.49,874.65,878.61,879.00,880.24,893.38,905.26,913.14,914.63,910.61,902.05,906.74,913.63,907.53,899.94,895.74,891.33,885.22,885.07,887.60,884.41,876.39,870.48,862.90,848.94,840.51,834.50,827.69,821.75,817.91,815.15,812.65,810.43,807.91,806.08,806.35,807.46,808.88,810.67,809.86,808.44,811.04,810.25,809.70,817.88,821.12,823.53,824.46,825.96,831.50,840.77,833.40,823.68,814.14,807.96,807.09,810.03,821.93,841.27,849.60,849.36,849.72,843.38,830.51,818.85,814.97,815.63,820.17,831.52,843.06,850.22,847.85,840.97,829.29,824.95,828.43,823.77,811.70,807.05,806.19,808.14,812.49,816.60,826.43,830.92,820.13,813.03,814.31,815.38,816.85,820.85,825.62,822.54,817.52,815.31,817.09,825.10,839.40,840.79,838.51,830.39,829.60,827.65,823.15,817.08,805.90,794.41,789.37,791.86,793.55,787.18,763.16,758.55,757.14,755.61,753.94,751.93,750.15,749.41,748.50,747.56,746.85,746.39,746.72,747.49,748.36,749.20,750.55,750.78,750.89,753.49,757.16,760.89,762.89,761.30,760.00,759.42,759.10,758.35,757.18,756.05,755.02,754.05,753.41,760.16,773.65,784.71,795.33,797.30,791.70,798.67,811.20,818.74,816.06,812.89,820.32,827.47,821.72,816.23,821.38,827.61,829.43,832.19,831.66,827.94,831.30,828.96,812.64,805.81,801.87,797.19,793.38,797.30,795.54,791.59,793.43,791.50,793.51,799.54,804.62,812.82,816.19,811.80,806.13,813.25,824.73,831.66,828.22,827.36,825.44,822.44,821.95,828.14,842.18,864.00,871.65,860.07,848.54,837.08,829.29,831.37,843.89,849.84,843.38,845.57,859.93,874.33,865.97,849.79,844.91,855.73,873.73,882.97,873.72,862.42,861.80,875.04,886.39,870.17,857.05,855.92,861.08
980.67,983.72,984.04,983.69,982.77,981.84,980.25,972.34,957.82,943.93,937.85,939.37,942.21,948.05,950.92,940.77,932.58,928.77,926.36,927.14,928.97,926.66,920.47,919.61,913.57,909.35,901.78,896.70,890.12,883.88,880.22,878.58,876.91,876.83,884.80,892.67,894.04,887.94,885.56,893.49,906.15,918.24,921.93,917.78,910.15,913.91,908.03,897.67,890.43,884.41,881.51,876.68,877.28,879.57,876.66,867.56,861.03,854.78,844.05,834.65,827.87,822.00,818.79,816.21,813.39,810.72,808.81,807.62,807.77,808.70,810.36,812.53,815.02,815.59,817.90,824.03,822.11,815.98,822.37,831.38,837.21,838.62,840.31,846.37,844.58,830.46,821.69,815.11,810.23,809.08,810.49,815.59,830.94,844.44,849.09,850.66,842.65,831.72,820.77,817.49,818.99,823.99,828.29,842.47,853.88,853.10,842.81,833.18,839.14,836.19,821.35,813.05,809.91,812.67,814.34,825.97,832.48,832.15,832.58,821.89,817.85,822.78,824.43,825.49,828.80,829.64,826.23,820.72,818.14,819.73,826.62,839.18,839.98,836.35,833.09,830.34,825.38,818.73,809.41,800.80,796.30,793.38,794.70,792.25,777.64,760.09,757.91,756.18,754.44,753.00,751.77,750.40,749.19,748.24,747.30,746.76,746.93,747.43,748.09,748.94,750.28,753.91,755.08,756.40,759.25,760.29,762.13,764.47,764.64,762.95,761.55,760.44,759.27,758.16,757.13,756.13,755.22,754.41,755.40,760.61,770.93,781.76,787.40,790.65,799.22,809.20,817.35,817.80,815.94,820.44,826.90,826.89,822.58,827.24,830.66,830.75,825.43,816.92,812.01,815.33,818.41,804.83,790.29,781.50,778.78,776.65,780.43,781.84,778.40,779.35,780.35,782.72,786.47,790.11,795.29,799.15,800.60,799.23,805.84,815.11,819.65,815.79,817.64,816.99,812.63,816.43,827.79,841.95,860.63,863.32,853.14,842.21,829.70,822.07,824.35,836.85,837.76,832.83,842.10,852.92,861.10,857.42,844.83,837.29,845.88,862.13,868.60,862.28,849.29,847.41,863.78,879.43,867.00,852.90,846.55,844.81
974.48,977.09,978.81,982.49,982.90,982.22,980.84,976.96,961.50,948.28,937.40,931.85,929.51,933.62,940.73,938.46,929.30,924.52,922.10,922.00,922.74,919.31,910.26,907.45,901.95,895.86,892.88,889.58,886.07,882.33,881.36,881.48,884.21,892.85,902.07,904.74,896.98,890.51,896.73,905.10,908.67,916.17,923.93,923.20,917.09,919.01,906.20,893.33,885.18,877.43,871.51,868.04,866.81,867.50,865.75,858.63,849.15,842.82,836.00,827.25,820.75,818.90,817.45,814.83,811.91,809.67,809.78,810.02,810.61,812.46,816.53,818.34,819.72,822.88,830.74,835.87,834.12,826.33,826.24,835.20,848.01,853.34,853.67,857.42,845.90,829.38,819.89,815.76,812.14,812.83,815.02,814.96,822.04,832.81,840.96,848.93,847.49,839.90,827.67,821.27,824.08,834.23,833.36,843.19,856.50,853.43,842.42,842.28,848.41,835.62,819.89,814.03,812.71,817.94,820.80,835.70,840.31,838.33,835.52,825.95,822.24,829.17,831.74,832.27,832.05,830.12,826.82,823.07,823.01,827.75,830.39,833.16,833.59,830.25,828.81,826.44,821.01,810.19,801.21,798.00,797.13,796.02,792.78,782.67,766.29,758.78,756.71,754.93,753.16,751.71,750.33,749.40,748.71,747.92,747.11,747.15,747.65,748.15,748.73,749.63,752.90,757.67,759.28,760.06,761.37,762.24,763.40,765.45,766.96,767.65,767.62,766.38,762.18,759.24,758.21,757.28,756.44,755.72,755.09,756.85,759.43,764.36,770.40,776.85,786.88,795.70,800.23,800.74,800.08,800.55,804.76,810.31,813.33,813.24,815.00,815.43,807.31,798.83,794.12,797.39,807.38,800.27,779.97,770.12,769.65,769.58,769.76,770.60,772.48,774.00,775.63,778.02,779.21,780.19,782.49,785.49,787.73,790.70,799.29,806.25,805.40,804.85,806.95,808.37,806.47,812.81,825.33,836.63,849.40,852.42,843.58,835.04,824.08,817.69,817.15,823.60,823.47,823.91,833.75,843.09,848.96,848.05,837.06,830.96,842.01,856.83,857.57,850.59,839.88,839.26,855.94,872.47,866.91,853.36,842.86,836.75
957.06,960.11,967.71,978.59,981.27,981.54,981.01,979.59,965.53,951.51,941.42,934.95,927.48,924.52,926.28,925.59,921.39,919.56,917.60,914.75,911.18,907.27,903.11,900.16,896.51,890.57,888.24,887.87,890.57,895.75,900.72,901.51,907.10,914.81,916.68,909.02,897.94,896.11,908.57,919.38,917.96,922.09,928.09,928.45,922.72,926.49,911.87,897.00,887.37,878.53,869.07,864.20,859.13,855.60,853.62,849.75,843.43,835.80,828.94,821.14,818.62,817.55,816.07,814.05,811.19,810.99,813.02,814.42,816.40,818.56,824.58,828.00,826.33,829.85,837.69,843.85,840.22,831.56,829.44,835.01,849.15,858.86,860.80,859.02,845.51,829.52,819.24,816.19,814.48,817.04,820.81,817.15,818.88,824.82,832.23,844.29,851.43,844.81,832.73,826.45,827.59,836.85,841.57,840.23,849.03,851.09,844.76,851.15,851.67,837.37,820.00,815.44,817.22,825.61,830.73,835.99,842.17,842.16,840.17,829.85,824.99,830.69,834.93,833.21,830.48,828.58,826.31,825.75,828.99,834.86,834.42,830.05,826.97,823.39,820.69,818.72,814.22,807.13,800.88,795.59,793.59,791.82,783.53,768.56,760.43,757.82,755.70,753.70,751.88,750.49,749.50,748.74,748.06,747.47,747.34,747.82,748.34,748.87,749.44,751.58,756.68,760.19,761.29,761.59,762.49,763.60,764.74,766.32,767.91,769.72,773.23,773.28,768.88,763.06,759.55,758.47,757.67,756.87,756.22,756.20,757.97,759.22,759.70,762.25,768.80,775.27,777.13,776.37,776.17,777.44,780.78,786.58,790.68,791.89,790.97,787.50,783.83,779.07,776.40,777.90,784.39,779.62,771.27,769.20,768.72,768.61,768.70,769.13,769.74,771.01,774.04,776.60,777.23,777.68,778.08,778.63,779.66,781.73,791.92,796.82,792.76,794.71,798.18,798.92,802.37,808.86,817.52,823.64,835.25,845.58,838.86,830.13,819.57,815.20,813.22,815.41,815.41,817.47,825.53,834.39,838.18,836.75,828.24,827.01,842.20,851.83,842.99,839.75,833.76,832.91,847.67,863.52,856.02,850.15,844.48,836.86
946.81,946.12,949.97,966.05,977.67,979.34,977.94,976.23,968.67,958.76,951.34,943.20,932.32,922.62,918.84,917.63,916.53,915.51,913.77,910.38,903.75,899.64,897.52,896.63,897.02,896.69,894.22,897.16,906.98,910.01,915.76,918.91,923.36,929.57,923.88,910.23,901.93,905.49,918.51,923.12,925.11,928.45,924.59,919.41,916.92,916.74,912.74,898.30,884.68,877.82,871.94,866.19,858.66,851.71,846.30,842.36,837.21,830.43,825.03,819.96,817.77,816.23,814.62,812.97,812.14,813.90,815.94,818.27,822.32,828.21,832.94,837.91,834.94,838.22,844.58,852.96,847.34,840.51,837.46,837.43,846.97,857.22,861.82,856.88,842.43,828.85,820.85,818.28,816.97,819.50,826.53,822.07,818.79,822.68,830.21,839.85,849.93,849.84,841.03,832.52,830.18,837.53,846.86,848.13,847.26,850.88,849.95,854.94,849.02,835.85,820.54,818.49,822.91,833.28,838.03,837.99,843.04,844.58,840.58,830.06,827.23,832.52,835.61,830.77,828.86,827.54,827.12,828.00,833.08,839.60,837.41,830.05,825.25,820.52,815.84,812.14,805.40,800.65,795.25,790.39,788.19,781.19,769.95,760.84,758.35,756.75,754.72,752.65,750.68,749.58,748.87,748.15,747.74,747.84,747.76,748.33,748.88,749.43,750.91,755.61,759.75,761.05,762.07,762.98,763.64,764.71,765.80,767.00,768.58,772.04,778.44,779.19,776.09,771.09,764.07,759.59,758.76,758.02,757.52,756.93,757.88,758.75,759.09,759.49,759.93,760.42,760.98,761.67,765.11,766.44,767.32,768.20,768.82,769.16,769.19,768.91,769.11,768.72,768.85,769.43,769.62,769.16,768.92,768.60,768.14,767.88,768.50,769.32,769.99,770.63,773.17,774.95,775.43,775.98,776.68,777.44,778.31,779.22,782.54,786.10,786.00,787.61,790.93,794.33,798.69,803.81,808.53,813.61,824.70,834.62,831.86,823.71,812.73,810.13,809.62,809.90,810.18,811.08,821.69,826.48,826.47,824.43,819.06,823.40,841.72,843.86,832.77,831.51,827.98,826.02,836.66,850.51,842.20,834.87,834.74,833.49
950.28,941.35,942.06,950.66,967.89,972.65,964.74,962.90,960.09,955.43,949.17,943.54,932.32,923.68,917.61,914.82,913.29,912.10,910.25,907.41,907.01,905.17,904.37,908.13,910.08,912.12,904.96,911.86,925.33,925.13,924.08,932.18,935.02,931.26,921.36,910.90,909.29,918.65,922.76,921.50,920.58,916.64,908.52,903.71,902.84,904.70,908.16,899.64,884.30,873.14,869.52,866.88,862.49,854.65,845.00,837.22,831.18,826.67,822.05,819.18,817.33,815.58,813.97,813.67,814.78,816.78,819.41,824.53,831.00,835.07,840.55,847.46,850.37,851.46,855.24,863.01,856.65,852.70,844.80,843.21,848.19,855.94,861.83,853.08,837.56,827.89,822.75,820.45,819.58,824.81,832.93,830.71,823.16,823.59,827.88,832.16,841.43,852.11,849.71,840.25,834.76,839.40,851.87,857.99,856.45,854.48,854.09,850.51,841.38,830.53,823.34,822.74,829.21,840.65,841.53,841.69,846.74,844.86,837.32,829.05,830.17,836.24,837.30,830.95,828.63,828.56,829.37,832.01,839.25,840.20,837.67,831.91,825.95,819.36,812.91,803.69,792.74,787.18,780.02,776.36,774.05,769.17,763.09,758.83,757.27,755.63,753.74,751.59,749.79,748.98,748.31,748.13,748.40,748.62,748.17,748.64,749.37,750.54,754.21,758.92,760.82,761.71,762.70,763.74,764.75,765.74,766.79,767.83,769.12,775.25,780.76,781.26,780.41,777.72,769.72,761.15,759.64,759.14,758.63,757.84,757.69,758.28,758.71,759.11,759.42,759.58,759.61,759.86,761.19,761.54,761.66,761.83,762.59,763.70,764.59,765.27,766.44,766.82,767.68,768.42,768.34,768.12,767.91,767.70,767.41,767.43,768.21,769.30,770.10,770.72,772.24,773.36,774.20,775.08,775.89,776.78,777.67,778.53,779.05,780.08,781.50,783.49,787.23,790.41,791.19,793.82,799.61,807.32,815.16,818.45,815.60,812.90,808.57,805.86,805.42,805.63,806.00,807.22,818.42,818.89,816.25,817.22,815.27,820.40,832.78,833.02,823.26,822.32,820.85,820.66,828.26,833.94,827.05,820.44,819.84,822.15
955.64,946.32,938.29,942.88,953.24,961.57,954.98,947.96,945.92,938.28,932.70,927.20,919.61,917.32,915.53,914.75,915.10,916.86,916.49,916.07,920.13,921.37,915.94,923.51,924.51,926.38,916.10,920.59,937.00,940.41,935.74,941.01,938.75,928.47,920.64,918.06,920.90,924.67,916.74,908.49,903.74,898.61,893.21,888.95,885.93,889.83,897.92,896.46,883.21,870.04,863.42,859.80,859.13,853.65,843.35,833.34,827.66,824.02,820.23,818.46,816.90,815.37,815.09,816.40,817.66,819.75,826.35,834.60,837.82,841.03,848.72,856.61,863.66,866.24,864.33,870.33,865.15,861.58,850.06,849.78,855.59,859.66,861.10,848.62,833.79,827.63,824.43,822.48,822.14,827.47,837.30,837.63,831.28,828.19,827.16,830.52,838.54,846.95,855.48,846.94,838.79,840.87,853.38,860.28,860.70,859.19,854.65,847.71,834.25,827.44,824.17,829.10,836.22,842.61,846.52,846.02,850.29,844.19,835.71,832.08,835.40,840.86,839.29,831.34,830.54,834.03,835.20,838.96,840.53,839.24,833.57,829.00,823.30,814.12,805.01,797.80,797.84,796.61,784.13,770.66,766.66,764.02,760.45,757.99,756.33,754.46,752.78,751.23,749.54,748.59,748.42,748.82,749.23,749.32,748.65,748.87,749.96,753.40,757.84,760.61,761.48,762.41,763.35,764.38,765.40,766.39,767.48,768.59,770.38,778.46,781.52,782.40,781.54,779.55,769.62,762.15,762.63,761.99,759.84,758.88,757.95,757.96,758.43,758.75,759.06,759.31,759.46,759.68,759.73,759.65,759.59,759.61,759.75,760.18,761.27,762.60,764.09,765.40,766.75,767.49,767.30,767.10,766.88,766.68,766.54,767.04,767.85,768.81,769.63,770.63,771.87,772.87,773.80,774.53,775.28,776.15,777.04,777.73,778.05,778.49,779.33,780.84,785.55,787.20,787.49,788.33,789.98,795.25,803.05,805.80,803.56,802.39,801.78,801.45,801.56,801.78,802.09,804.39,811.45,809.96,808.05,810.58,810.51,814.11,820.16,820.38,814.16,812.84,814.64,814.91,818.03,817.75,813.92,809.89,809.73,811.75
959.28,951.45,938.60,937.11,941.38,946.07,945.55,935.97,931.43,926.68,923.91,920.39,918.68,918.65,917.71,920.18,921.63,927.22,930.37,932.47,935.14,926.68,920.11,934.14,941.65,936.54,925.87,933.24,944.76,950.91,947.02,942.98,937.53,928.28,926.78,928.01,933.69,928.38,910.28,901.20,895.71,890.40,886.18,881.60,877.63,877.57,884.58,888.42,884.21,871.50,858.90,853.10,849.63,845.53,836.47,829.05,826.23,823.21,819.93,818.05,816.84,817.02,817.61,819.42,822.65,827.00,835.59,844.90,848.20,850.83,855.75,862.80,873.26,877.38,872.06,876.22,870.43,860.55,851.18,856.04,861.91,863.88,859.56,844.02,832.41,827.81,826.08,824.94,825.10,827.82,837.30,843.49,841.41,836.78,830.15,832.23,836.93,844.26,857.42,852.82,845.05,844.41,852.91,860.57,861.26,858.23,851.41,842.14,833.25,828.32,829.13,832.51,841.99,846.72,851.25,852.92,852.85,841.48,836.34,837.79,843.28,844.85,839.50,834.41,837.39,841.49,840.99,840.88,835.95,831.20,825.77,821.78,814.25,806.09,802.79,803.88,805.54,800.88,784.11,770.24,765.21,761.50,759.08,757.06,755.13,753.20,751.43,749.99,748.97,748.76,748.91,749.28,749.84,749.91,749.27,749.16,751.47,756.37,760.01,761.32,762.25,763.10,764.02,765.01,766.00,766.96,767.96,769.09,773.68,780.93,782.97,783.04,781.27,776.34,766.44,766.55,771.93,771.14,765.68,761.31,759.24,758.29,758.16,758.46,758.83,759.11,759.36,759.59,759.43,759.20,759.16,759.16,759.18,759.39,759.90,761.35,763.02,764.45,765.84,766.48,766.31,766.12,765.93,765.77,765.96,766.89,767.72,768.71,769.52,770.72,771.64,772.51,773.26,773.95,774.67,775.52,776.33,776.76,777.22,778.09,779.13,781.00,784.15,784.76,785.77,787.14,788.13,789.03,790.19,792.63,794.03,794.24,794.79,795.35,796.98,798.05,798.25,799.51,801.00,802.36,802.72,804.55,804.61,804.88,805.69,804.60,805.29,806.21,806.78,806.37,806.78,808.79,808.19,807.17,806.51,805.48
965.96,959.12,946.59,935.47,933.27,933.73,930.91,927.39,924.86,923.47,921.77,925.21,929.81,929.17,923.15,933.43,934.84,942.70,948.30,951.44,944.08,930.15,925.08,940.12,954.27,949.80,940.34,951.15,956.37,952.24,944.35,938.91,934.32,933.10,938.47,943.02,944.07,929.09,909.99,900.82,895.06,889.60,884.00,878.60,873.79,870.14,870.26,874.38,877.04,873.36,855.87,847.61,842.49,836.30,829.74,826.97,824.52,821.85,819.45,818.20,818.61,820.13,821.04,825.48,831.81,838.76,846.94,855.99,859.76,861.25,866.70,866.51,876.02,881.44,880.50,879.15,868.71,859.37,859.84,865.46,867.57,862.82,852.52,840.10,832.92,829.58,828.20,828.08,828.71,829.39,835.27,845.42,848.08,844.97,840.38,835.43,836.59,842.52,856.06,857.96,854.13,850.90,851.58,860.88,861.04,854.60,844.44,837.09,835.57,837.54,836.95,834.83,844.75,853.49,857.44,860.22,853.36,844.67,840.79,844.99,850.86,847.34,840.12,839.25,841.89,843.89,842.24,839.55,830.77,824.19,819.81,813.35,809.14,807.69,808.82,810.86,808.43,795.58,776.78,767.93,763.56,759.96,757.79,755.77,753.85,751.94,750.17,749.20,749.03,749.17,749.40,749.77,750.17,750.08,749.66,749.48,753.38,758.94,760.76,761.71,762.71,763.70,764.67,765.62,766.57,767.55,768.50,770.05,779.12,783.01,784.63,782.61,779.56,770.28,766.38,773.51,779.15,778.54,772.83,768.40,764.36,760.56,758.62,758.43,758.71,759.02,759.29,759.39,759.18,758.87,758.72,758.70,758.82,759.24,759.68,760.69,762.22,763.79,765.24,765.54,765.39,765.21,765.04,764.98,765.73,766.72,767.60,768.70,769.77,770.62,771.30,772.01,772.69,773.40,774.09,774.89,775.51,776.15,777.08,778.23,779.39,780.98,782.05,783.50,784.91,786.29,787.42,788.01,788.55,789.15,789.63,789.74,789.73,790.27,792.97,794.05,794.68,797.24,798.71,799.07,799.23,799.82,799.73,799.42,798.97,798.97,800.23,801.20,799.76,799.76,802.75,806.29,805.85,804.85,803.78,802.91
964.46,956.61,947.42,937.15,931.39,928.60,927.08,926.65,928.62,932.00,934.58,941.22,941.98,935.30,933.43,948.26,950.47,951.31,963.38,964.52,950.29,934.59,931.84,940.56,957.99,962.64,957.93,961.58,955.76,949.75,943.53,942.08,940.59,945.30,951.73,952.35,944.28,930.95,915.91,903.51,897.68,893.34,885.73,877.59,871.43,866.92,863.72,863.10,862.47,864.12,853.88,843.90,838.00,830.79,827.86,825.53,823.17,820.77,819.57,819.77,821.13,823.74,826.21,830.31,836.68,843.78,856.47,864.94,871.92,873.42,876.96,874.51,879.40,883.02,883.65,879.35,869.56,864.39,870.08,870.91,864.28,853.27,845.88,838.70,834.01,832.26,832.11,835.11,835.50,833.04,836.36,845.54,853.98,853.85,853.18,841.78,838.24,841.72,855.17,861.43,860.54,857.29,851.73,861.00,859.93,850.41,843.31,839.40,849.02,854.32,844.70,837.26,845.79,856.36,861.89,862.99,858.13,853.82,849.39,852.61,854.64,850.95,846.76,847.55,846.51,843.81,839.87,834.06,826.44,820.79,817.19,812.88,812.92,815.69,814.39,808.91,799.16,781.50,769.81,765.00,760.83,758.43,756.41,754.42,752.50,750.66,749.60,749.25,749.38,749.53,749.81,750.19,750.29,749.88,749.62,750.41,756.79,760.63,761.44,762.30,763.25,764.25,765.19,766.12,767.01,767.97,768.95,772.62,781.44,784.36,785.43,782.02,775.04,767.05,770.04,777.81,780.93,780.85,779.63,778.15,774.89,769.32,762.48,759.15,758.75,758.93,759.21,759.14,758.86,758.62,758.35,758.33,758.78,759.32,759.83,760.51,762.05,763.68,764.58,764.55,764.45,764.31,764.15,764.56,765.49,766.50,767.50,768.55,769.50,770.24,770.99,771.67,772.33,772.95,773.59,774.34,775.15,776.06,777.19,778.19,779.01,779.74,781.26,783.09,784.60,785.87,786.56,787.16,787.75,788.35,788.86,788.97,788.87,789.44,790.09,790.34,792.10,795.09,797.43,797.52,797.66,798.16,798.04,798.00,797.79,797.76,798.49,798.96,798.69,799.25,801.77,804.23,803.33,802.39,801.87,803.09
950.78,944.10,939.82,934.70,930.30,929.50,931.82,933.67,940.05,949.11,952.13,952.52,944.70,938.19,941.98,956.29,963.75,961.70,971.13,971.85,955.85,944.11,947.44,951.62,960.22,969.19,967.63,958.58,944.56,937.80,935.59,937.43,943.07,954.36,956.94,944.72,932.90,929.71,925.14,913.55,904.41,900.41,892.14,882.08,874.30,867.28,860.88,854.47,851.00,849.09,844.45,839.11,833.33,828.93,826.84,824.56,822.24,820.29,820.35,822.15,824.05,827.02,831.24,838.61,848.04,847.23,855.62,871.50,880.21,881.39,881.90,880.86,882.49,884.32,885.62,881.19,874.21,869.33,872.82,867.09,858.35,848.26,842.46,837.99,835.62,836.02,837.64,844.68,844.10,837.71,838.30,846.51,860.70,861.71,860.10,848.65,842.15,844.97,856.83,864.75,863.81,858.55,854.01,861.80,857.77,847.88,842.94,844.79,857.93,855.73,843.95,839.38,843.32,851.38,859.71,865.11,866.25,861.67,858.20,858.92,858.54,855.56,852.56,849.18,844.92,840.23,833.34,826.28,821.02,819.11,816.36,819.43,825.69,820.92,808.24,796.21,781.89,770.77,766.49,762.90,759.43,757.18,755.12,753.10,751.18,749.90,749.52,749.53,749.62,749.84,750.15,750.47,750.47,750.10,750.02,753.34,759.39,761.24,762.16,762.97,763.82,764.77,765.69,766.59,767.45,768.38,769.31,775.49,782.80,785.88,786.42,781.07,770.61,767.19,772.57,780.52,781.99,782.02,781.53,781.16,780.60,777.49,768.99,761.26,759.36,759.06,759.11,758.95,758.71,758.40,757.97,758.20,758.79,759.33,759.97,760.89,762.08,763.34,763.66,763.55,763.46,763.35,763.46,764.30,765.24,766.29,767.25,767.99,768.91,770.06,770.73,771.35,771.95,772.57,773.34,774.17,775.05,776.01,776.84,777.66,778.63,779.67,781.24,783.02,784.29,785.15,785.75,786.33,786.94,787.55,788.16,788.34,788.28,788.71,788.96,789.49,791.43,794.17,796.07,795.87,796.23,796.67,796.60,796.52,796.46,796.50,797.02,797.56,797.74,798.87,800.51,802.06,801.00,800.55,801.74,803.66
940.18,938.36,937.21,936.81,937.49,940.18,947.03,948.71,952.74,963.75,966.32,958.06,951.22,946.65,948.67,961.09,971.81,975.71,977.64,974.66,961.88,957.26,961.04,963.26,966.31,967.83,965.16,954.46,940.41,929.49,925.40,926.20,933.92,947.83,946.06,931.28,914.09,912.27,919.32,915.99,900.83,892.92,890.59,885.54,879.58,872.35,861.43,849.72,844.26,840.34,837.36,833.30,829.62,827.98,825.92,824.10,822.45,821.93,823.15,825.13,826.94,829.05,833.52,840.50,851.55,858.28,855.67,867.41,879.41,884.06,885.58,884.35,885.30,886.52,887.86,885.53,879.69,875.73,870.69,860.16,851.16,846.06,841.43,838.86,837.94,839.83,844.82,855.30,855.06,843.41,842.10,850.38,865.01,867.99,864.70,853.84,845.94,848.55,857.97,867.36,864.80,858.26,858.22,861.53,855.09,848.25,843.92,849.82,859.78,852.99,843.73,843.86,843.48,846.97,853.53,862.97,869.78,868.62,865.19,863.13,860.71,855.41,848.72,843.54,838.12,831.83,828.45,822.42,819.57,818.55,819.77,829.46,827.14,812.86,796.51,780.67,771.04,767.33,764.79,761.76,759.10,756.81,754.58,752.45,750.44,749.80,749.77,749.79,749.85,750.24,750.74,750.78,750.80,750.55,751.28,755.08,759.74,761.21,762.29,763.36,764.36,765.33,766.19,767.07,767.94,768.81,770.41,779.06,785.41,788.53,787.80,779.01,768.94,768.29,776.61,781.06,782.53,783.25,782.86,782.39,781.58,779.90,770.98,763.39,759.89,759.51,759.40,759.19,758.46,757.71,757.67,758.18,758.75,759.28,759.86,760.92,761.80,762.63,762.67,762.57,762.50,762.48,763.04,764.04,765.00,765.88,766.57,767.50,768.96,769.98,770.30,770.82,771.51,772.34,773.19,774.04,774.89,775.76,776.67,777.57,778.45,779.37,781.23,782.62,783.46,784.40,785.06,785.62,786.19,786.78,787.38,787.72,787.66,787.92,788.26,789.39,791.37,793.92,794.70,794.25,794.85,795.07,795.00,794.92,794.87,795.16,795.67,796.17,796.77,797.98,799.11,799.82,799.83,800.81,802.23,804.16
941.30,942.84,941.05,946.07,952.77,954.24,962.49,962.62,965.00,975.65,976.24,967.67,962.05,953.78,954.64,966.08,975.75,980.61,977.60,969.41,964.77,962.25,960.51,960.42,955.42,953.72,958.02,954.14,945.04,931.08,920.82,917.11,925.39,940.75,930.06,911.33,898.27,895.34,900.94,900.81,895.41,882.03,881.48,879.32,872.23,866.58,856.26,846.00,840.73,836.97,834.23,830.49,828.69,827.33,826.49,826.16,825.94,827.01,828.48,828.62,830.09,833.66,839.61,843.13,847.33,860.60,863.88,862.52,872.05,882.37,888.03,887.99,888.48,889.36,889.59,889.84,886.44,878.77,867.64,856.03,848.37,845.54,843.22,841.59,842.16,847.65,855.31,865.47,860.99,848.14,845.71,850.64,864.49,870.02,868.99,859.11,848.92,851.05,861.75,869.47,864.65,860.22,862.56,857.42,852.06,848.46,845.63,852.63,857.54,849.14,849.73,848.98,846.27,847.38,854.51,864.47,869.77,868.74,865.75,862.36,856.66,848.38,841.91,836.89,831.21,828.56,826.84,822.94,820.89,820.79,825.83,827.06,818.53,804.50,785.01,771.70,767.93,765.61,762.86,760.25,758.58,756.47,754.25,752.17,750.41,750.03,750.01,750.04,750.39,750.99,751.48,751.39,751.18,751.21,753.43,756.68,760.06,761.32,762.42,763.52,764.63,765.71,766.63,767.53,768.43,769.30,773.91,783.25,788.83,790.22,789.03,778.22,769.12,770.62,779.84,782.22,783.50,784.34,783.85,782.53,781.24,778.86,769.88,765.23,761.61,759.90,759.70,759.62,758.62,757.46,757.50,757.93,758.57,759.25,759.88,760.36,760.74,761.48,761.72,761.65,761.61,761.90,762.72,763.71,764.49,765.13,765.93,767.03,768.27,769.50,770.10,770.63,771.41,772.21,773.04,773.88,774.73,775.58,776.48,777.41,778.43,779.51,780.99,781.74,782.63,783.58,784.38,784.95,785.49,786.03,786.58,787.07,787.07,787.32,787.90,789.37,791.35,793.24,792.99,792.64,793.43,793.19,793.24,793.22,793.34,793.92,794.49,795.18,796.00,796.95,797.77,798.77,800.96,802.93,803.37,804.61
955.56,956.02,949.17,957.63,966.21,964.87,973.61,975.94,973.07,982.26,980.90,977.18,967.53,958.51,961.30,969.37,975.49,973.58,965.87,955.31,955.42,953.11,945.55,944.39,939.40,938.01,945.19,946.41,940.76,928.93,918.50,911.37,921.61,935.58,924.99,906.33,891.70,882.67,883.56,885.53,883.25,874.04,869.42,866.51,857.84,850.98,845.04,840.30,837.10,834.09,831.74,829.97,828.96,828.46,828.21,828.40,829.72,837.46,841.43,837.42,834.59,838.03,848.79,856.51,850.35,859.14,873.17,870.63,867.72,876.98,886.22,890.14,890.46,890.72,890.67,890.52,888.79,879.35,866.02,855.98,850.14,847.61,845.41,845.87,850.36,861.86,869.68,871.45,862.85,852.30,851.20,852.39,862.60,869.33,870.46,863.67,852.47,852.85,864.38,869.97,867.16,863.90,858.49,854.39,850.48,848.34,846.97,854.72,851.79,850.30,859.84,855.56,849.70,848.85,858.08,868.17,869.94,867.68,863.76,860.43,852.02,843.48,837.63,832.88,829.68,828.27,826.32,824.25,822.91,828.01,827.37,818.21,807.15,792.10,774.75,768.50,766.34,764.10,761.71,759.42,757.96,756.14,753.94,751.98,750.72,750.41,750.57,750.76,750.96,751.63,752.01,751.79,751.58,752.67,755.55,758.56,760.55,761.67,762.76,763.87,764.97,766.06,767.02,767.85,768.73,770.16,779.14,787.55,790.42,790.59,788.84,779.27,770.50,771.80,780.22,782.71,784.41,785.22,783.86,782.09,780.59,775.54,770.20,772.43,770.04,768.75,764.94,762.64,760.17,759.09,757.97,757.66,758.07,758.81,759.49,759.66,759.81,760.22,760.71,760.78,760.90,761.51,762.35,763.05,763.65,764.49,765.46,766.72,768.30,769.94,770.89,771.39,771.93,772.57,773.30,774.04,774.77,775.51,776.41,777.32,778.26,779.21,780.06,780.88,781.80,782.75,783.66,784.26,784.81,785.37,785.91,786.41,786.49,786.75,787.75,789.38,791.20,791.88,791.22,791.07,792.01,791.38,791.30,791.90,792.71,793.70,794.35,795.14,795.94,796.97,798.22,799.42,801.96,805.32,805.76,805.76
968.91,961.32,955.87,969.21,978.52,975.93,978.33,987.29,982.79,987.32,988.59,982.51,972.61,967.90,969.83,972.07,967.09,959.84,954.75,941.49,935.05,935.22,930.10,927.49,924.87,926.54,934.82,934.54,927.49,917.51,909.75,905.02,918.25,931.41,923.21,909.92,896.83,882.38,872.77,868.63,867.23,862.72,859.55,852.47,846.88,843.66,839.42,836.35,834.03,832.82,831.27,830.11,830.59,830.73,830.11,832.14,835.64,848.68,856.67,848.37,839.58,840.58,856.63,868.50,858.77,858.63,871.46,880.35,874.89,871.85,878.68,888.51,891.16,891.58,891.31,890.38,884.72,873.07,861.84,856.28,852.28,849.81,847.96,849.88,857.96,870.94,878.24,870.15,860.11,855.80,858.15,863.54,865.13,867.73,871.12,867.56,858.41,854.87,862.30,869.63,863.33,858.62,855.62,852.70,850.31,849.06,850.55,857.08,849.15,854.76,862.89,860.63,855.82,856.53,864.96,869.99,869.83,865.94,860.73,852.56,844.56,839.37,835.19,831.03,829.19,828.04,826.36,825.03,828.18,828.20,815.45,803.33,790.82,778.20,770.10,767.60,765.35,763.16,760.89,758.95,757.38,755.75,753.68,752.21,751.05,750.92,751.36,751.60,751.59,752.02,752.39,752.18,752.47,754.68,757.43,759.92,761.05,762.06,763.10,764.20,765.30,766.40,767.44,768.27,769.08,772.34,783.19,789.77,790.96,790.79,789.02,781.10,774.67,772.51,780.09,782.75,784.83,785.97,784.13,782.00,779.44,775.35,777.95,779.53,777.56,775.06,773.29,771.93,768.80,761.23,759.06,758.36,757.89,758.38,758.97,759.13,759.40,759.63,759.84,760.00,760.39,761.02,761.59,762.18,762.90,763.93,765.31,767.16,769.09,770.54,771.57,772.20,772.81,773.38,773.97,774.63,775.33,775.93,776.61,777.35,778.13,778.92,779.77,780.41,781.02,781.93,782.88,783.59,784.14,784.68,785.23,785.76,785.90,786.28,787.64,789.30,790.47,790.14,789.66,789.76,790.51,790.08,791.37,793.77,795.26,796.19,796.58,796.88,797.31,798.47,800.00,802.83,806.17,808.64,808.65,808.07
976.59,965.35,961.92,972.01,985.71,990.00,985.34,995.47,996.60,995.59,989.55,978.26,968.78,969.02,971.95,966.40,954.44,946.73,941.40,928.15,917.58,918.18,915.66,916.69,915.08,920.43,925.13,922.49,916.64,904.69,895.72,900.08,919.62,927.07,913.25,896.61,892.28,887.28,879.33,864.17,853.05,850.93,849.52,846.33,841.99,839.61,837.08,835.13,834.83,834.21,832.88,832.55,834.21,834.96,836.34,840.47,843.14,853.50,867.09,860.25,845.66,844.38,859.03,873.93,868.20,860.64,866.52,877.97,883.36,878.26,879.12,886.61,890.93,892.03,890.74,890.17,883.25,868.00,860.48,857.13,854.22,852.22,851.79,856.27,863.83,875.80,875.97,865.62,859.86,858.81,864.34,872.78,870.92,868.72,871.70,868.75,859.65,856.44,859.53,867.02,863.33,858.72,855.82,853.23,851.34,852.99,860.67,856.95,849.75,856.41,864.06,866.26,865.92,869.36,870.48,869.82,867.17,863.44,858.74,850.46,840.22,836.67,832.73,830.00,829.20,828.34,827.15,829.92,835.70,821.35,802.11,788.70,778.79,772.60,769.19,767.50,765.10,762.73,760.43,758.41,756.86,755.31,753.71,752.35,751.29,751.61,752.11,752.43,752.42,752.48,752.79,752.74,754.03,756.47,759.16,760.66,761.63,762.59,763.55,764.55,765.63,766.73,767.81,768.70,769.62,776.70,786.73,790.44,791.33,791.04,789.55,782.71,776.50,773.05,778.86,782.65,785.79,786.87,784.50,781.87,779.11,780.00,781.90,782.59,781.01,778.77,776.93,774.82,771.74,765.82,760.00,758.95,758.35,758.10,758.44,758.70,759.05,759.29,759.49,759.63,759.86,760.14,760.59,761.30,762.30,763.52,765.01,766.81,768.98,770.47,771.72,772.44,773.13,773.83,774.51,775.17,775.83,776.48,777.10,777.76,778.50,779.38,780.10,780.56,780.89,781.32,782.06,782.88,783.46,784.01,784.56,785.09,785.35,785.66,786.56,788.13,788.86,788.52,788.45,788.63,789.26,790.80,794.16,796.68,798.44,799.26,799.54,798.99,799.19,800.88,804.81,808.78,814.36,818.36,817.92,816.49
980.58,972.82,973.85,974.64,988.92,998.88,999.68,1001.85,1001.18,992.53,982.56,969.13,956.30,956.34,961.38,958.09,947.44,937.20,928.48,917.68,909.15,904.98,903.22,905.62,905.31,912.88,913.08,906.72,905.26,892.41,886.87,902.29,919.29,915.11,901.82,888.64,881.42,879.18,869.95,855.78,848.37,847.12,845.60,843.04,839.49,837.74,836.61,836.32,836.34,836.06,835.50,835.72,838.28,841.30,843.18,848.22,851.25,861.82,876.26,870.68,851.05,846.48,856.68,875.56,877.92,868.98,869.99,879.24,886.78,884.99,884.30,888.41,891.73,891.19,886.13,884.19,877.09,867.25,862.65,858.75,856.62,855.50,856.74,862.19,869.23,878.55,874.97,866.00,863.68,866.55,872.49,878.97,875.90,873.60,872.36,867.35,859.41,858.29,860.40,863.50,861.68,859.04,856.44,853.72,853.27,860.49,862.59,855.30,856.18,858.14,865.28,870.11,870.82,870.85,869.74,867.24,863.31,857.35,853.54,847.38,838.52,834.72,831.91,830.52,829.69,829.02,831.54,838.60,831.51,815.07,794.87,781.14,775.26,770.65,768.70,767.33,765.09,762.65,760.31,758.73,757.44,755.48,753.66,752.27,751.78,752.33,752.83,753.26,753.26,753.13,753.25,754.06,755.85,758.09,760.05,760.97,762.03,763.07,764.08,765.08,766.05,767.08,768.16,769.14,771.98,783.61,790.26,791.46,791.92,791.25,790.01,784.17,777.66,773.55,776.45,783.34,787.08,787.24,784.39,781.62,780.94,782.46,784.08,784.41,782.84,781.27,779.56,777.06,773.88,770.17,763.09,759.52,758.90,758.49,758.35,758.43,758.71,758.95,759.16,759.34,759.59,759.73,759.88,760.31,761.54,763.09,764.91,767.53,769.85,770.63,771.84,772.56,773.25,773.95,774.65,775.34,776.02,776.71,777.40,778.09,778.79,779.47,780.08,780.36,780.72,781.20,781.64,782.25,782.79,783.34,783.88,784.43,784.75,785.12,785.57,786.42,786.94,787.34,787.90,788.40,789.42,792.41,796.52,799.89,805.73,808.90,808.95,807.02,808.77,809.85,815.27,819.72,823.21,825.03,825.62,829.22
985.18,982.00,985.74,986.99,990.97,998.48,997.03,994.35,992.11,978.22,965.00,956.80,946.34,942.20,946.17,945.97,944.00,938.32,930.70,923.31,917.40,908.43,900.91,894.61,892.16,900.54,900.07,891.60,889.22,880.76,885.79,902.56,909.19,901.13,888.05,882.43,871.61,861.77,852.69,848.67,846.58,844.49,842.40,840.38,839.16,838.62,838.78,837.96,837.69,838.01,838.15,838.95,846.48,855.07,853.30,857.27,862.74,867.76,879.71,877.64,859.09,848.98,855.07,874.06,883.81,878.47,878.46,880.34,887.32,887.77,887.43,890.31,892.88,889.07,881.63,876.65,869.29,866.21,863.36,861.63,860.58,860.49,860.34,865.96,871.92,879.08,875.97,866.99,867.98,873.94,878.61,881.18,880.28,876.39,868.98,864.22,860.38,860.04,862.38,863.87,860.97,858.40,856.29,854.45,859.27,865.12,860.25,856.51,861.74,864.61,868.48,871.11,871.37,870.19,867.77,864.70,860.89,851.91,844.80,839.63,836.68,834.71,832.95,831.71,830.68,832.41,840.72,833.70,818.76,805.04,789.18,777.90,772.76,769.56,768.25,767.00,765.19,763.10,761.31,760.22,758.13,755.56,753.60,752.28,752.33,753.06,753.57,754.04,754.16,754.22,754.72,755.92,757.51,759.46,760.41,761.18,762.24,763.29,764.36,765.41,766.47,767.50,768.51,769.75,777.56,788.91,791.63,792.67,792.54,791.09,789.53,784.00,778.28,775.19,776.90,785.27,789.13,787.42,784.46,782.04,783.84,785.59,786.76,786.71,785.50,783.72,781.70,779.07,775.77,772.36,767.89,760.89,759.40,759.04,758.88,758.71,758.62,758.78,759.05,759.35,759.57,759.69,759.76,759.85,760.92,762.90,765.06,767.28,769.54,770.94,771.95,772.68,773.38,774.07,774.77,775.47,776.15,776.82,777.46,777.99,778.47,778.98,779.49,779.67,780.24,780.81,781.37,781.83,782.28,782.76,783.26,783.77,784.21,784.68,785.26,786.08,787.16,787.94,788.64,789.01,789.35,792.08,799.64,804.63,810.02,813.14,813.82,814.39,815.74,816.86,820.14,825.08,828.25,831.21,831.28,834.23
992.17,992.94,992.90,992.77,991.82,989.64,981.99,976.78,977.17,969.06,951.38,943.05,936.52,931.43,932.31,932.53,931.29,928.67,927.96,920.14,915.74,912.81,908.28,898.14,886.37,885.81,885.53,877.69,873.61,870.07,881.12,890.65,892.21,888.04,875.75,869.69,861.14,851.37,848.13,846.63,844.78,842.90,841.62,842.15,843.03,842.39,842.52,840.00,839.12,839.67,840.63,843.21,852.73,863.53,863.08,864.71,874.03,873.84,881.28,881.96,867.14,853.95,856.88,871.73,887.49,888.63,889.30,886.79,888.53,890.59,894.03,893.89,892.13,888.01,882.07,877.44,870.99,868.40,866.66,866.01,867.11,870.50,865.40,869.28,875.93,879.70,876.91,867.91,869.24,877.94,880.85,880.12,878.93,875.20,868.72,865.42,862.71,864.22,867.45,867.09,860.03,857.67,855.80,857.03,863.42,866.24,861.08,859.82,867.26,870.52,871.41,872.05,871.45,869.87,866.98,862.81,856.35,847.27,841.21,838.63,837.90,836.73,834.62,832.67,831.54,838.44,842.20,827.04,806.41,794.85,782.55,775.56,770.81,768.84,767.63,766.40,765.08,763.76,762.38,760.40,758.15,755.60,753.52,752.43,752.90,753.67,754.34,754.88,755.66,756.22,756.79,758.22,759.41,760.15,760.69,761.39,762.44,763.50,764.56,765.61,766.67,767.68,768.64,771.17,782.58,790.84,792.80,793.91,792.58,790.79,787.30,781.67,778.63,776.20,779.35,788.16,789.86,787.77,784.88,782.86,786.08,788.75,789.08,788.98,788.16,785.73,782.89,779.80,776.56,773.22,770.92,766.01,760.52,759.54,759.32,759.07,758.89,758.86,759.14,759.48,759.75,760.04,760.37,759.95,760.97,763.45,765.88,768.73,770.16,771.20,772.05,772.80,773.50,774.20,774.87,775.47,775.92,776.33,776.73,777.07,777.50,777.73,778.05,779.25,780.12,780.66,781.11,781.48,781.91,782.38,782.81,783.16,784.00,784.71,785.36,786.37,787.64,788.81,789.78,790.64,792.39,799.85,807.46,810.80,812.15,814.82,817.48,818.89,820.79,822.88,825.32,829.56,835.75,841.27,838.92,839.56
1001.97,999.06,993.01,990.98,983.71,975.49,967.35,961.89,959.36,956.51,952.97,939.25,929.28,922.54,919.23,922.99,920.33,913.92,915.25,907.98,902.31,900.27,901.03,894.55,882.41,874.06,872.97,868.80,864.81,862.92,865.61,867.44,869.89,867.92,861.58,857.32,853.21,848.49,846.81,845.52,844.62,844.11,845.01,846.88,848.94,849.39,846.78,843.56,844.21,846.73,847.06,846.58,854.01,868.14,873.22,870.36,881.51,883.81,886.79,883.48,868.55,859.23,860.11,867.74,880.53,890.75,896.49,893.86,897.12,899.39,898.81,893.34,885.74,879.67,876.99,875.86,877.59,875.70,870.90,870.35,872.52,878.60,869.41,870.71,878.65,880.10,877.61,868.91,870.69,880.03,880.48,876.51,873.41,871.79,869.30,866.84,864.67,866.44,869.56,869.19,861.63,857.94,856.62,860.16,863.15,867.29,866.90,867.01,870.36,871.44,872.28,872.49,871.86,870.82,869.47,862.28,853.35,847.21,844.54,841.84,840.92,838.40,836.29,834.14,833.06,841.23,839.24,823.23,799.48,786.93,777.95,773.50,769.67,768.16,766.95,765.73,764.38,762.97,761.68,759.85,757.96,755.65,753.48,752.79,753.48,754.25,755.01,755.83,756.88,757.92,758.75,759.90,760.38,760.72,761.05,761.62,762.64,763.68,764.70,765.63,766.51,767.36,768.47,773.85,786.55,791.88,794.02,794.67,792.60,790.17,783.95,779.57,778.16,776.45,781.31,790.24,790.03,788.08,785.49,783.67,786.98,790.38,790.83,790.61,789.34,785.82,782.38,779.33,776.52,774.60,772.84,770.81,765.63,760.68,759.64,759.40,759.20,759.03,759.22,759.55,759.89,760.56,761.44,760.41,761.53,765.15,768.18,769.73,770.62,771.39,772.21,772.89,773.45,773.87,774.24,774.46,774.76,775.22,775.64,775.99,776.09,776.26,777.36,779.49,780.08,780.38,780.74,781.13,781.57,781.70,781.65,782.61,783.93,784.79,785.50,786.63,787.94,789.34,796.38,805.09,809.75,811.41,812.68,813.78,814.99,816.36,819.46,822.50,825.41,828.31,831.97,837.82,846.97,853.44,847.93,847.15
998.37,991.14,984.90,977.93,972.66,966.57,956.28,947.33,944.06,941.24,945.10,938.04,926.18,918.44,912.02,914.23,912.55,904.69,905.05,902.36,891.41,885.00,883.64,880.25,874.07,868.99,867.08,863.98,860.54,858.84,857.92,857.06,856.33,855.79,854.83,853.12,850.31,848.71,848.15,847.72,847.45,847.37,848.94,854.04,857.83,858.49,853.04,850.11,856.38,861.46,854.67,851.97,859.98,874.88,885.20,879.18,885.22,892.95,894.63,883.31,868.64,864.41,867.95,868.90,873.52,882.95,895.10,900.59,901.83,900.96,895.19,888.22,882.52,881.16,878.78,882.06,887.90,883.13,875.00,873.70,877.69,880.60,874.01,876.48,879.93,880.14,877.61,870.58,872.34,880.21,880.65,875.34,869.92,868.88,867.96,866.76,866.30,867.77,870.09,869.75,862.15,858.27,858.93,864.45,867.71,868.04,870.15,871.34,871.41,871.96,872.78,873.08,872.34,871.42,870.49,866.03,858.60,853.36,853.05,846.98,841.39,838.52,836.61,834.55,835.12,841.66,834.88,815.88,795.83,782.81,776.13,771.61,769.01,767.57,766.26,765.04,763.67,762.28,760.78,759.13,757.40,755.56,753.48,753.31,754.07,754.88,755.73,756.72,757.80,758.92,759.95,760.52,760.85,761.17,761.53,761.95,762.66,763.49,764.33,765.16,766.00,766.97,769.46,780.95,790.37,793.06,795.39,795.08,792.54,789.33,781.68,779.07,777.94,776.63,783.23,790.46,790.34,789.03,786.28,784.73,788.36,791.16,792.02,790.85,788.95,785.17,781.90,779.68,778.43,777.22,775.47,773.19,770.41,765.88,761.22,759.78,759.53,759.31,759.23,759.44,759.68,759.85,760.23,761.76,763.48,766.73,768.55,769.77,770.57,771.27,771.93,772.32,772.55,772.70,772.94,773.20,773.52,774.08,774.50,774.58,774.53,775.17,776.65,778.38,779.22,779.69,780.26,780.50,780.33,780.04,780.60,782.15,783.72,784.87,785.68,786.95,788.21,789.85,802.56,816.47,820.28,819.82,818.06,816.96,818.62,819.69,820.65,824.24,828.53,833.05,837.85,845.47,856.49,863.14,856.09,852.98
978.40,976.32,976.50,964.63,959.38,958.72,953.10,940.28,931.31,929.33,933.99,934.82,926.77,918.10,909.32,904.37,905.37,896.69,892.06,892.19,884.19,877.78,874.10,871.41,869.05,866.90,864.45,861.65,860.14,859.33,858.03,856.87,855.88,854.67,853.39,852.15,851.18,851.75,851.89,852.50,853.78,851.70,856.43,864.39,865.19,868.91,865.04,862.78,870.66,867.58,857.13,856.05,864.08,878.30,891.31,889.62,889.71,897.32,898.89,882.45,868.96,868.21,875.91,876.71,875.73,880.41,889.75,899.47,902.40,897.12,889.58,887.30,888.36,884.44,886.50,892.40,893.45,886.02,878.35,875.47,880.39,881.63,876.11,878.65,880.28,880.06,876.65,872.09,875.10,879.50,880.54,877.28,871.36,869.08,867.88,867.10,867.83,869.19,871.40,867.68,860.70,861.41,865.53,868.09,871.48,871.38,872.05,873.08,872.99,873.09,873.58,873.70,872.79,871.81,870.80,868.75,864.21,861.99,858.00,845.94,839.91,838.18,836.49,834.75,837.57,840.64,829.71,807.36,791.68,780.30,774.75,770.39,768.48,767.02,765.62,764.34,762.98,761.60,760.16,758.37,756.71,755.11,753.59,753.92,754.78,755.64,756.53,757.54,758.58,759.62,760.46,761.01,761.35,761.68,762.18,762.76,762.83,763.27,763.90,764.65,765.53,767.19,773.13,787.52,792.22,794.50,796.62,795.37,792.41,788.60,781.11,779.14,778.16,777.20,785.36,790.81,790.75,789.26,786.35,786.24,789.67,792.30,792.59,790.26,787.23,785.49,784.69,783.71,782.92,780.33,777.87,775.30,772.41,770.38,766.98,762.52,760.08,759.57,759.32,759.48,759.87,759.85,759.89,760.20,762.28,764.06,765.70,767.83,769.95,770.65,771.11,771.34,771.56,771.64,771.67,771.95,772.30,772.95,773.14,772.83,773.37,774.27,775.41,776.69,777.72,778.81,779.66,779.65,779.69,779.98,780.66,781.98,783.41,784.81,785.94,787.18,788.38,790.08,802.14,815.19,818.34,820.74,822.42,821.33,823.36,826.48,826.79,827.68,829.30,834.38,840.89,850.00,861.44,871.06,868.06,861.77
963.85,963.72,970.79,960.38,946.46,944.92,945.30,940.87,929.14,920.53,923.48,930.65,930.40,920.25,907.70,897.75,896.28,889.72,884.31,881.11,878.45,875.39,870.82,868.55,867.11,865.11,863.42,864.76,867.57,866.07,860.86,858.57,857.89,856.98,856.03,855.11,854.69,855.73,858.16,862.44,868.15,862.61,864.57,873.00,870.90,878.56,875.95,872.77,876.26,864.70,858.02,860.58,873.12,885.23,896.60,900.15,900.66,903.54,899.55,884.95,874.65,873.28,883.38,890.21,885.36,881.48,888.60,895.47,901.58,894.43,890.14,892.11,890.95,888.37,895.74,899.45,895.57,888.90,881.89,877.33,882.00,880.88,876.63,879.31,880.45,880.20,877.00,873.24,876.12,878.31,878.26,872.45,869.79,869.09,868.24,868.12,868.97,871.11,871.76,865.58,862.32,869.57,868.88,869.04,873.19,874.19,874.51,874.82,874.76,874.70,874.73,874.26,873.20,872.23,871.20,870.09,865.75,860.27,853.18,843.27,839.26,838.23,836.92,835.41,837.97,836.70,824.96,805.49,788.59,778.14,773.39,769.38,767.73,766.39,765.04,763.76,762.56,761.45,760.29,758.58,756.70,754.84,753.88,754.64,755.55,756.39,757.12,757.99,759.07,760.08,760.89,761.47,761.90,762.53,763.26,763.81,763.71,763.67,764.05,764.66,765.55,767.30,778.23,791.67,794.63,796.51,797.99,795.69,792.36,787.79,780.96,779.16,778.34,779.07,788.09,791.34,791.42,790.05,786.99,787.59,790.61,793.25,793.13,790.22,788.95,789.61,789.29,788.99,788.61,786.12,780.79,777.23,774.21,772.13,770.92,768.49,763.93,760.28,759.53,759.47,759.89,760.57,761.20,760.75,760.14,760.94,762.92,766.50,769.24,769.63,770.18,770.45,770.59,770.66,770.63,770.71,771.11,771.67,771.19,771.47,772.40,773.53,774.83,776.11,777.20,778.09,778.91,779.49,779.80,780.25,781.52,782.71,783.87,785.03,786.19,787.34,788.44,789.31,791.71,796.25,798.33,803.82,812.34,821.46,829.51,834.56,836.50,836.07,836.04,838.86,842.45,848.72,859.06,872.33,881.75,876.34
947.64,952.59,964.01,960.13,944.81,934.34,932.16,933.98,929.64,918.19,913.85,919.95,925.80,917.71,906.09,894.71,889.37,885.82,880.84,878.34,876.06,873.99,871.37,868.80,866.39,865.05,867.77,876.71,884.29,879.51,868.27,863.51,860.57,859.39,858.74,858.22,858.30,860.10,867.67,875.75,880.78,869.43,871.95,880.57,878.21,886.19,884.05,882.88,876.80,866.61,861.48,863.38,873.97,885.03,896.52,902.88,906.67,910.01,903.86,894.93,885.02,878.01,886.51,899.49,893.20,885.50,886.61,893.69,901.96,898.13,897.50,896.85,892.61,889.67,898.06,900.01,895.96,890.04,881.51,878.33,882.85,879.67,879.78,880.93,880.64,879.99,876.40,874.90,878.75,879.90,877.13,871.88,870.23,869.04,868.57,868.78,870.01,873.08,870.19,864.90,869.24,872.20,868.90,869.93,874.55,876.41,876.58,876.55,876.47,876.20,875.27,874.07,873.06,872.13,871.23,869.76,863.37,855.20,848.14,842.05,839.14,838.11,837.05,835.76,834.06,826.47,812.70,797.31,781.51,775.79,771.68,768.69,767.39,766.33,765.34,764.37,763.32,762.29,761.15,758.92,756.94,754.96,754.39,755.38,756.25,757.12,757.75,758.38,759.28,760.25,761.27,762.13,762.78,763.53,764.30,764.83,764.69,764.49,764.49,765.43,767.40,771.49,782.69,795.32,798.39,799.18,799.31,796.26,792.26,786.87,780.80,779.48,779.93,785.23,790.45,792.35,791.86,789.97,787.46,788.14,791.40,794.44,793.66,791.26,791.26,791.97,791.41,791.03,790.66,789.45,783.76,778.71,775.56,774.69,773.86,772.15,769.53,764.85,761.08,759.79,759.62,759.73,760.34,761.65,762.38,761.00,762.00,765.98,767.63,767.36,768.17,768.84,769.07,769.17,769.24,769.23,769.57,769.42,769.79,770.84,771.74,772.93,774.69,776.51,777.72,778.28,778.79,779.69,780.23,780.60,781.72,782.97,784.22,785.40,786.54,787.49,788.05,788.39,788.70,789.05,789.16,790.32,796.51,808.21,825.33,839.64,848.61,848.76,849.06,848.83,848.55,851.83,858.26,871.22,891.26,899.03
939.91,942.55,954.60,955.87,946.87,936.79,926.04,920.98,922.57,917.13,908.32,910.43,912.43,908.88,900.80,890.79,885.69,883.09,879.18,876.83,874.61,872.12,869.88,868.39,866.84,871.34,883.84,893.11,897.72,886.00,877.52,871.39,864.21,862.51,862.23,861.98,865.27,870.62,876.86,886.08,887.88,873.24,878.01,886.01,886.37,896.25,893.00,888.04,875.59,868.05,867.01,867.97,869.87,877.04,887.57,896.33,901.17,907.99,910.14,906.32,894.65,883.73,890.91,902.10,898.18,890.65,889.90,897.84,905.13,904.43,903.79,901.07,897.74,892.58,899.20,899.41,893.73,887.11,880.04,880.39,884.24,879.89,881.06,881.16,879.63,877.96,875.08,877.28,880.18,880.30,878.03,872.94,869.85,869.25,869.36,869.44,871.39,872.87,867.89,865.40,871.72,873.09,870.60,872.59,877.01,878.44,878.38,878.20,877.52,876.19,874.82,873.44,872.32,871.38,870.42,867.81,861.49,853.32,845.13,840.25,839.08,838.12,837.09,835.47,830.26,814.20,799.47,786.98,778.24,774.23,770.65,769.23,768.40,767.41,766.38,765.22,763.88,762.43,760.97,758.90,756.90,754.99,754.96,756.08,757.08,757.86,758.53,759.14,759.58,760.94,762.85,763.40,763.33,763.99,764.93,765.69,765.80,765.63,765.47,766.51,768.85,775.23,786.28,798.19,800.25,800.26,800.07,797.20,791.98,785.88,781.41,782.45,786.17,790.93,792.85,793.74,791.93,789.76,787.92,788.88,792.08,795.27,795.01,793.89,793.71,793.55,792.45,791.29,790.59,789.89,785.26,779.45,776.97,777.63,776.82,774.75,772.61,770.25,766.52,763.17,761.51,760.77,760.73,760.75,760.91,761.98,764.12,765.81,764.56,764.77,765.60,766.33,766.76,767.00,767.22,767.25,767.54,768.57,769.77,770.62,771.25,772.64,774.63,776.59,778.32,779.14,779.29,779.91,780.86,781.26,782.34,783.50,784.64,785.66,786.29,786.61,786.91,787.22,787.53,787.85,788.08,789.04,791.69,798.29,812.17,832.19,849.90,862.29,863.36,862.03,861.94,865.57,870.21,879.28,895.76,908.91
935.63,932.52,940.21,945.64,943.62,937.59,927.99,916.12,910.39,911.38,905.00,901.51,900.29,896.17,891.07,887.13,882.61,879.99,878.02,875.72,874.21,871.44,869.77,868.81,872.14,882.20,896.88,904.64,899.65,889.07,881.24,869.75,865.89,866.31,866.32,866.43,872.00,884.32,887.52,888.77,891.61,879.68,885.40,892.44,894.49,904.79,899.74,885.64,875.07,870.56,877.10,881.96,878.01,875.28,879.01,885.98,892.66,901.84,910.20,909.66,897.67,887.49,892.92,903.37,904.80,896.03,893.89,901.05,906.54,909.21,908.60,905.25,900.56,898.79,900.43,896.88,890.51,885.18,881.75,883.31,885.28,880.75,881.81,881.25,878.17,876.88,877.08,878.43,880.75,880.14,875.13,870.18,869.69,869.93,869.97,871.36,871.98,873.74,868.27,866.40,869.90,875.03,875.92,877.65,880.24,880.26,879.77,878.88,877.24,875.55,874.28,872.92,871.66,870.58,868.27,864.48,859.88,852.04,844.36,839.89,838.99,838.11,837.52,836.25,827.65,807.71,792.49,781.25,777.81,774.61,772.16,770.71,769.34,768.02,766.53,764.93,763.26,761.54,759.91,758.46,756.63,755.07,755.72,756.87,757.98,758.69,759.25,759.96,760.90,762.65,764.66,764.75,764.45,764.51,765.35,766.11,766.76,766.96,766.97,767.67,770.24,779.30,790.55,799.57,800.56,800.64,800.22,797.01,790.66,784.43,783.84,786.77,789.94,792.70,795.03,794.36,792.22,790.15,788.59,789.91,793.00,796.16,797.02,796.43,795.05,792.79,791.51,790.26,788.45,787.18,783.89,779.71,779.23,780.96,779.50,777.16,775.07,773.07,770.98,768.21,765.81,764.72,764.89,764.74,764.14,762.04,760.12,761.03,761.31,762.10,763.06,763.79,764.43,764.93,765.37,766.24,767.63,768.94,769.74,770.34,770.82,771.93,774.01,776.06,777.90,779.80,780.16,780.53,781.41,781.93,782.99,783.96,784.59,785.02,785.36,785.63,785.87,786.16,786.42,786.78,787.46,788.92,791.65,796.34,802.25,817.59,836.60,857.62,871.70,875.16,877.10,879.43,885.19,895.54,900.98,906.83
931.61,927.43,927.42,930.07,931.62,928.40,921.39,913.46,904.59,902.39,896.25,890.82,889.57,888.29,886.66,884.22,880.43,878.61,878.60,880.64,877.74,872.32,870.52,876.54,888.87,893.09,901.97,910.50,904.75,893.12,879.67,869.66,869.03,870.13,870.36,870.46,876.66,891.11,898.41,897.60,896.68,886.14,890.21,900.44,902.03,909.63,898.34,882.50,875.51,876.57,889.03,895.84,887.72,882.42,884.60,884.24,887.79,898.77,909.91,910.41,900.34,893.45,895.27,905.63,909.43,899.03,895.01,899.09,905.70,910.32,910.15,906.44,901.31,900.82,898.30,893.68,889.59,886.10,884.72,886.71,887.13,884.25,883.15,880.75,877.99,879.28,879.00,879.64,881.22,879.38,872.91,870.25,871.94,872.40,872.45,874.25,876.44,874.36,868.80,867.46,869.05,872.94,879.13,880.50,880.33,880.11,879.88,878.56,876.76,874.96,873.45,872.33,871.05,869.17,864.43,859.42,853.76,849.15,845.31,841.28,839.77,838.74,839.71,836.89,824.00,805.65,789.14,779.71,777.44,775.11,772.85,770.78,769.12,767.58,765.99,764.39,762.81,761.12,759.37,757.63,755.99,755.62,756.91,758.10,758.88,759.22,759.57,760.17,762.22,764.21,765.28,765.49,765.34,765.24,765.67,766.41,767.10,767.77,768.32,768.88,771.52,783.33,795.32,800.31,800.87,800.93,800.37,797.53,789.65,784.58,785.99,788.26,791.33,794.66,796.49,794.98,793.05,790.78,789.14,790.71,794.06,797.51,798.39,797.04,794.11,791.19,789.66,788.37,785.64,783.79,783.67,784.21,785.96,785.29,782.01,779.54,777.57,775.59,773.62,771.66,769.87,769.08,769.44,769.01,768.31,765.51,761.98,760.03,759.93,760.09,760.88,761.67,762.57,763.51,764.67,766.38,768.05,769.52,770.02,770.25,770.55,770.90,771.45,772.45,773.21,776.17,779.62,780.94,781.56,782.28,782.87,783.28,783.67,784.07,784.44,784.70,784.97,785.33,785.97,786.96,787.66,788.90,791.73,795.32,798.13,804.81,822.41,841.82,860.83,878.55,883.81,874.98,874.70,887.05,883.69,886.30
930.70,925.20,921.82,918.24,916.43,915.22,912.06,905.06,899.09,895.13,889.82,888.46,887.41,886.02,884.21,883.46,883.07,885.36,884.73,879.63,876.83,872.98,873.13,883.86,895.15,902.97,906.46,913.07,906.24,894.88,884.20,874.00,873.26,873.80,874.12,874.88,879.15,892.75,905.50,910.11,904.11,892.66,893.63,906.70,908.32,910.60,895.07,882.73,878.89,880.17,894.29,904.96,895.40,891.56,898.26,894.60,891.88,896.89,908.43,915.57,911.01,901.04,899.85,907.86,908.08,897.97,896.41,898.77,904.94,910.58,910.85,908.47,903.97,899.83,895.83,891.69,888.47,886.92,887.68,889.36,889.30,886.31,881.69,879.21,878.99,880.52,878.71,880.40,881.90,880.29,874.25,873.77,877.07,876.43,877.28,877.13,878.91,873.91,869.40,870.16,871.62,874.59,880.42,881.06,880.12,880.00,879.59,877.96,876.20,874.48,872.71,871.40,870.23,866.71,861.37,854.30,849.31,847.44,845.34,842.57,840.37,839.74,842.27,830.13,816.91,800.20,788.21,780.13,777.38,774.57,771.83,769.64,768.40,767.04,765.44,763.88,762.26,760.69,758.95,757.17,755.87,756.98,758.28,759.22,759.36,759.58,759.78,760.42,762.80,764.79,765.56,766.03,765.97,765.88,766.02,766.70,767.40,768.07,768.77,769.49,774.35,786.46,798.42,800.65,801.23,801.19,800.59,798.56,789.94,785.58,787.30,790.00,793.89,797.03,797.32,795.37,793.01,790.63,790.05,792.59,795.99,799.21,799.06,796.26,793.22,790.41,788.08,786.25,785.79,786.93,790.17,794.06,791.10,787.19,783.70,781.61,779.86,778.20,776.33,774.37,773.83,774.37,774.25,772.81,771.90,770.49,768.14,763.48,760.28,759.91,760.03,760.81,761.96,763.15,763.93,765.45,767.35,769.18,770.11,770.31,770.44,770.44,770.24,769.70,768.79,769.45,774.36,779.91,780.95,781.67,782.03,782.42,782.75,783.13,783.51,783.95,784.62,785.47,786.37,787.64,788.67,788.92,790.80,792.87,795.38,798.42,807.38,823.80,839.43,853.95,866.42,860.68,857.68,868.68,861.38,863.40
928.49,922.51,918.44,914.84,911.30,908.27,906.43,901.39,896.46,892.74,890.24,890.70,889.79,890.39,893.63,896.90,894.21,886.84,879.86,877.26,875.02,873.63,876.58,886.23,896.84,905.33,913.22,916.65,909.78,900.24,887.52,881.65,879.25,877.95,878.30,879.73,885.52,889.52,903.39,917.66,913.89,903.40,900.03,911.54,915.77,909.79,892.48,885.07,881.56,884.05,897.95,910.34,902.83,899.54,908.70,906.95,900.75,899.56,907.04,918.61,918.78,908.70,903.15,909.38,905.77,897.92,898.90,903.91,908.87,911.49,910.55,905.85,898.75,895.71,892.80,890.71,888.62,889.06,890.72,892.88,890.39,885.29,880.28,879.29,881.20,879.72,878.54,880.96,882.60,879.59,877.65,877.66,880.01,879.38,880.12,879.86,879.46,873.39,870.57,874.38,878.56,880.83,882.88,881.90,880.62,880.01,879.13,877.24,875.43,873.69,872.00,870.32,867.40,863.06,857.42,850.60,848.02,846.30,844.58,842.57,840.97,845.76,839.65,824.87,809.99,795.55,787.11,780.50,776.99,774.04,771.22,769.06,767.68,766.38,764.93,763.35,761.82,760.35,758.52,756.68,756.53,758.30,759.73,759.83,759.70,759.71,759.84,760.82,763.33,765.13,765.79,766.42,766.60,766.51,766.47,766.99,767.69,768.38,769.08,770.16,777.68,789.42,799.71,800.94,801.58,801.45,800.80,799.44,790.61,786.56,788.23,792.21,797.32,799.25,797.78,795.52,793.16,791.11,792.36,795.31,798.73,803.06,798.15,795.89,791.85,789.14,787.67,787.51,789.11,793.80,800.27,798.69,789.42,786.85,784.73,782.68,780.93,780.21,779.11,777.38,778.66,780.27,779.00,776.78,774.88,773.39,772.98,770.76,764.87,760.37,759.90,760.41,761.67,762.81,763.42,764.41,766.24,768.19,769.83,770.08,770.13,770.12,769.79,768.40,768.47,769.10,770.40,775.93,779.95,780.94,781.29,781.67,782.00,782.43,783.15,784.14,785.01,785.90,786.96,788.31,789.59,790.02,789.72,790.46,793.14,796.40,799.79,807.68,820.95,833.58,844.64,846.84,843.72,853.19,844.65,848.04
925.61,918.30,912.56,910.26,908.21,905.04,901.91,899.58,896.29,897.83,905.25,910.93,910.72,907.85,902.79,895.75,885.39,879.87,877.86,875.99,875.19,876.97,879.97,887.37,899.52,907.71,915.03,920.31,915.32,905.43,899.53,894.58,891.70,884.24,884.23,886.25,896.99,892.33,905.19,918.49,925.15,917.99,908.67,915.18,921.71,909.89,892.13,887.09,884.65,890.16,904.23,914.88,910.41,905.01,913.75,916.08,907.41,904.19,913.25,920.68,919.66,910.27,905.38,911.44,905.02,898.76,899.58,907.11,912.84,911.31,906.89,902.36,894.99,890.59,889.71,889.22,889.10,893.38,897.30,895.26,889.38,884.93,881.84,881.80,883.46,880.69,879.67,882.80,883.63,880.83,880.88,880.10,880.58,880.48,879.97,878.47,874.67,871.05,870.41,875.28,883.31,884.95,884.17,882.74,881.13,880.10,878.76,876.80,874.89,873.00,871.14,867.94,862.65,857.77,852.23,848.81,847.08,845.38,843.69,841.98,846.72,850.64,840.76,826.08,812.48,795.00,784.84,779.58,776.76,773.69,770.65,768.51,767.14,765.78,764.44,763.00,761.55,760.03,758.16,756.56,757.39,758.87,759.95,760.00,759.88,759.76,759.89,761.22,763.83,765.34,766.02,766.65,767.13,767.11,767.04,767.31,768.00,768.67,769.38,772.41,782.78,794.54,800.56,801.49,802.17,801.66,800.74,798.61,790.31,787.27,788.72,796.02,799.83,799.85,798.02,795.76,793.22,792.21,794.75,797.54,803.99,807.98,799.93,801.35,797.14,790.20,788.63,790.26,795.71,802.31,804.77,799.20,789.73,787.38,785.41,783.43,781.76,781.17,780.82,780.30,781.97,784.61,782.84,779.60,777.87,776.31,776.86,778.12,775.25,765.86,760.59,760.28,761.45,762.44,763.02,763.64,765.15,767.11,768.63,769.02,768.95,768.85,768.08,768.03,769.03,769.69,770.63,774.17,778.04,779.46,780.61,781.03,781.56,782.35,783.29,784.44,785.44,786.34,787.60,788.74,789.89,790.96,790.89,791.20,793.31,796.37,798.57,799.96,805.03,814.63,824.72,829.49,830.89,839.98,831.83,842.63
919.28,912.45,908.17,906.22,904.28,903.08,904.24,906.44,909.42,916.44,922.71,922.38,915.19,904.72,895.10,886.51,879.78,878.64,877.74,879.56,878.36,879.93,882.41,886.10,892.50,903.08,910.52,919.78,920.53,913.38,912.23,908.92,899.49,892.43,893.36,890.63,904.28,902.97,906.98,919.88,928.88,927.91,917.83,922.41,925.82,913.79,896.63,889.80,888.35,891.84,904.99,917.49,918.43,911.27,917.57,919.84,910.48,907.47,918.73,921.61,914.94,907.93,908.45,913.10,906.11,900.37,900.73,908.54,913.18,906.87,900.15,895.84,891.42,889.88,889.52,889.97,892.34,897.39,900.40,896.17,891.35,889.01,888.20,890.12,887.70,883.31,882.68,885.30,884.13,882.82,882.14,881.32,880.68,879.38,875.58,872.36,868.66,864.91,864.63,870.33,883.47,887.33,886.59,884.64,881.86,879.63,878.18,876.38,874.47,872.50,870.29,864.90,857.57,851.66,849.27,847.98,846.45,844.70,842.92,843.34,851.21,850.05,841.75,827.55,813.38,794.63,782.20,778.61,776.57,773.59,770.94,769.10,767.46,765.65,764.01,762.63,761.26,759.73,757.81,756.82,757.94,759.22,760.01,760.02,759.89,759.86,760.20,762.07,764.33,765.50,766.18,766.86,767.49,767.71,767.66,767.71,768.33,769.04,770.06,777.09,789.02,799.04,801.34,802.42,802.92,801.82,800.62,796.99,789.70,788.37,789.73,798.79,800.29,800.00,798.71,796.15,793.30,793.59,796.41,799.99,810.06,809.66,803.88,801.71,796.40,792.07,791.63,797.44,804.67,808.86,806.42,798.15,789.56,787.60,785.79,783.96,782.67,782.37,782.15,782.98,786.49,788.68,786.52,783.44,781.13,779.25,779.73,781.46,781.89,777.50,765.86,760.93,761.25,762.06,762.61,763.15,764.12,765.85,766.69,767.02,766.92,766.91,768.15,770.26,770.48,771.62,773.85,774.66,776.02,778.21,780.10,780.78,781.58,782.46,783.44,784.63,785.79,786.74,787.38,787.87,789.70,791.03,792.05,792.80,794.64,796.40,797.62,798.55,799.37,800.61,804.61,811.24,819.88,826.52,823.71,838.29
913.65,908.80,906.13,905.73,907.15,910.71,917.25,921.57,925.62,930.00,927.27,916.95,904.96,895.28,887.93,883.27,880.02,879.11,881.47,883.69,881.47,882.78,884.72,887.11,889.77,898.66,907.12,916.13,925.42,922.18,921.40,914.40,899.09,903.15,902.92,894.99,904.99,917.50,915.04,921.14,929.48,930.15,925.80,930.36,927.34,914.97,901.06,897.29,896.16,895.44,900.61,913.93,921.43,918.05,921.53,921.51,915.71,908.98,917.82,918.58,910.25,908.30,912.88,911.64,905.56,902.69,905.53,912.70,912.21,903.09,897.58,897.23,893.36,891.50,890.52,893.44,899.46,900.81,900.94,897.80,897.39,894.11,897.10,899.25,893.15,890.10,887.66,884.51,880.70,880.90,881.02,879.63,877.08,873.04,866.95,863.63,860.70,859.18,859.43,862.01,872.34,883.94,886.98,884.69,880.60,878.10,876.70,875.46,873.99,871.96,868.90,861.43,852.02,849.00,848.07,846.98,845.72,844.19,842.57,847.02,850.30,842.06,829.51,818.25,807.41,792.36,780.99,778.00,776.17,773.83,771.92,770.03,767.43,765.30,763.95,762.42,761.01,759.50,757.73,757.30,758.20,759.25,760.19,760.46,760.23,760.09,760.90,762.43,764.52,765.62,766.32,767.01,767.69,768.25,768.28,768.25,768.58,769.37,772.65,782.04,794.45,800.80,802.34,803.50,803.36,801.86,800.43,795.11,789.60,789.33,793.55,800.14,800.45,800.23,799.08,796.25,793.65,795.10,797.93,805.67,814.83,809.23,807.09,806.84,801.49,796.65,799.22,804.51,810.17,811.13,805.34,794.63,788.92,787.39,785.64,784.19,783.79,783.69,783.54,785.69,790.12,795.01,792.72,787.44,784.55,782.63,782.25,784.19,783.87,781.93,776.32,766.70,763.04,762.38,762.60,763.09,763.62,764.44,764.97,765.46,766.37,768.48,771.47,772.94,773.97,776.57,778.06,776.88,775.44,777.31,779.49,780.78,781.69,782.57,783.61,784.75,785.35,785.49,785.71,786.53,787.50,790.10,791.72,793.47,794.55,795.46,796.65,797.64,798.44,798.70,798.80,800.03,806.67,812.97,823.49,838.31
910.72,907.36,908.13,913.01,917.51,923.18,928.68,933.21,934.24,926.58,916.97,906.06,897.17,889.86,886.14,883.30,880.86,882.38,887.10,888.21,886.52,889.09,888.32,890.31,897.04,905.00,912.66,917.86,929.04,931.56,928.76,916.46,903.27,911.40,907.42,899.30,904.09,921.04,929.96,924.62,928.97,933.22,932.44,931.78,922.38,911.08,905.48,905.04,907.18,906.75,903.69,911.13,922.25,922.41,923.40,920.18,914.38,911.65,921.26,919.91,913.60,913.43,914.23,908.15,905.52,906.63,910.25,914.83,906.57,899.92,901.93,898.54,897.44,895.75,895.34,898.53,901.34,902.64,902.58,901.17,901.04,899.68,900.50,900.35,897.41,891.50,886.34,881.96,877.39,877.13,875.23,871.65,869.33,864.93,859.64,858.67,858.17,857.76,857.94,858.78,861.53,871.50,876.87,877.45,876.18,875.15,873.96,873.22,872.91,871.53,865.10,854.46,849.37,848.14,846.97,845.92,844.74,843.40,844.07,850.31,847.24,836.62,821.52,811.87,799.76,789.79,780.44,777.80,776.03,774.27,772.30,770.28,767.52,767.06,765.59,762.67,760.77,759.25,757.71,757.59,758.37,759.26,760.50,761.15,761.08,761.07,761.94,763.11,764.68,765.72,766.45,767.14,767.86,768.62,768.89,768.88,768.94,770.26,777.67,787.07,797.99,801.55,803.20,804.53,803.63,801.97,800.10,795.24,790.63,792.30,799.01,800.56,800.66,800.16,798.50,795.77,794.36,796.52,800.08,814.06,819.57,812.63,813.82,816.79,810.01,802.69,806.13,810.47,812.74,808.05,800.62,791.72,788.61,787.28,785.83,785.01,784.95,784.95,784.87,786.87,791.12,797.68,801.74,793.88,787.97,786.01,785.02,786.65,785.76,783.78,781.83,776.57,769.36,766.73,765.81,765.31,765.49,765.91,766.28,767.30,769.29,771.74,774.13,775.65,776.95,779.21,780.46,777.54,775.56,776.66,778.60,780.32,781.63,782.67,783.55,783.75,783.57,783.63,783.84,782.54,782.78,786.13,790.62,792.47,793.15,794.23,795.44,796.64,797.56,797.74,798.13,799.31,802.71,806.83,819.51,827.63
909.72,909.44,914.89,924.49,931.18,936.42,940.25,938.49,929.20,918.08,907.79,898.34,893.03,888.86,885.26,883.46,884.38,888.10,893.54,896.09,894.70,899.80,895.99,896.89,903.26,909.34,917.64,925.07,934.11,939.59,929.44,914.73,909.42,919.52,913.08,904.61,908.43,921.01,936.71,935.18,932.35,936.94,938.49,930.88,920.76,914.77,914.64,912.61,917.45,916.43,909.79,913.11,923.32,926.69,924.83,919.50,915.01,916.28,919.39,924.50,921.40,920.10,910.37,907.76,908.82,913.25,919.05,912.95,904.32,905.08,905.92,900.62,902.81,900.52,901.55,902.28,903.72,904.45,904.51,903.55,902.96,901.89,900.61,898.73,893.90,887.55,882.32,877.76,873.04,870.48,868.55,866.36,864.56,861.60,858.80,857.69,856.79,856.27,856.50,857.27,857.87,860.01,864.41,869.04,870.16,870.54,870.96,870.71,869.98,866.22,855.82,849.73,848.57,847.55,846.35,845.00,843.84,845.44,850.00,850.11,840.52,827.96,818.72,808.58,797.38,788.68,779.96,777.71,776.31,774.68,772.64,770.59,768.82,769.64,766.97,763.76,760.82,759.08,757.84,757.94,758.63,759.39,760.43,761.41,762.05,762.16,763.08,764.12,764.94,765.81,766.58,767.30,768.05,768.88,769.39,769.44,769.60,773.63,783.01,791.66,800.13,802.40,804.15,805.29,803.77,801.90,799.82,794.97,792.32,796.82,800.27,800.97,800.68,799.94,797.84,795.32,795.88,798.19,802.89,815.04,825.84,823.52,824.84,824.46,814.53,808.57,813.06,815.31,809.25,802.17,796.33,790.55,788.38,787.27,786.35,786.42,786.46,786.31,786.20,787.59,790.86,797.32,806.52,807.41,795.99,789.97,788.14,789.03,787.74,785.97,784.09,781.65,777.98,772.68,768.87,767.73,768.17,768.45,768.78,770.70,775.25,777.52,778.29,778.34,777.20,779.73,780.96,777.95,776.07,776.11,777.87,779.48,780.90,782.14,782.21,781.88,781.67,781.66,780.96,779.27,779.19,780.59,786.62,790.90,791.83,793.04,794.24,795.43,796.58,796.90,797.83,799.00,799.78,802.25,807.41,813.88
910.44,918.34,927.11,937.70,946.82,948.16,937.86,927.80,921.45,912.01,900.96,893.38,889.20,886.61,886.33,895.17,898.61,895.94,900.23,904.96,903.81,906.55,906.28,907.41,910.98,918.60,921.41,930.10,941.47,944.94,928.21,915.34,920.53,929.77,917.93,908.99,911.67,920.40,937.08,944.25,942.68,942.62,938.08,929.28,921.42,924.71,923.22,918.43,923.25,921.58,915.53,918.23,925.40,928.64,923.99,918.90,919.35,923.72,921.69,925.97,926.92,918.55,909.20,909.38,914.44,922.42,925.94,917.12,914.28,915.89,914.96,910.75,909.74,909.08,907.87,906.29,906.52,905.80,904.52,903.20,902.12,900.12,893.62,890.72,886.66,880.81,875.38,871.37,868.97,867.42,865.78,863.46,861.30,859.81,859.16,858.09,857.13,856.18,855.29,854.82,854.94,855.88,857.33,859.30,860.58,862.26,863.61,862.03,858.25,853.38,849.69,848.65,847.80,846.85,845.81,844.53,845.63,853.00,851.86,846.82,839.03,835.94,828.54,810.47,798.59,787.83,779.55,777.98,776.70,775.12,773.06,771.00,770.00,770.24,767.29,764.05,760.86,759.19,758.13,758.33,758.98,759.57,760.34,761.32,762.31,763.10,763.83,764.44,765.22,766.17,766.91,767.49,768.23,769.07,769.97,770.92,773.38,779.37,787.32,796.66,801.82,803.64,805.38,805.86,803.80,801.79,799.21,793.98,794.30,798.91,800.75,801.32,800.57,799.09,796.97,795.72,797.61,800.43,805.42,814.31,828.68,830.28,830.50,829.85,822.67,816.34,819.82,814.84,804.03,797.80,793.04,789.57,788.49,787.91,787.46,787.70,788.36,788.50,787.96,788.14,790.68,797.72,807.09,817.47,810.56,802.42,799.22,795.47,790.99,788.35,786.27,783.89,781.83,780.12,774.13,770.09,773.45,773.91,774.66,779.14,781.39,781.36,781.14,780.92,780.33,778.99,780.09,778.13,776.43,775.89,777.31,778.68,778.91,780.97,781.25,780.45,779.28,779.51,778.86,778.73,778.92,779.11,780.01,785.96,790.43,791.81,793.04,794.40,795.73,796.24,797.23,798.03,798.76,799.63,801.69,807.49
917.95,933.61,941.50,948.71,957.90,946.58,932.18,921.20,914.36,905.34,895.80,889.95,887.62,887.80,893.45,905.87,911.42,907.87,910.27,913.49,910.37,914.71,918.33,919.15,921.11,932.03,933.15,933.16,946.74,945.67,923.96,923.75,935.14,936.22,920.51,914.02,919.02,923.99,932.80,945.81,950.18,946.49,936.07,927.57,931.06,933.84,926.51,923.69,928.81,922.86,922.88,928.38,930.18,929.48,921.46,918.82,923.45,929.99,926.24,928.97,930.53,922.29,911.01,914.27,920.32,927.08,929.81,925.50,921.37,920.92,919.96,916.59,913.60,912.00,909.95,908.82,905.74,902.52,899.88,898.31,895.98,893.84,887.49,883.57,880.15,875.25,869.95,868.40,866.83,865.20,863.93,862.85,862.19,862.30,861.17,859.05,858.42,857.58,856.38,854.92,853.61,853.00,853.56,853.51,851.11,851.27,851.81,850.81,849.73,849.26,848.62,847.82,846.96,846.06,845.13,844.81,851.39,856.03,853.64,850.22,849.43,843.60,829.99,811.20,797.94,785.18,779.56,778.34,777.08,775.52,773.57,772.12,771.68,769.95,766.76,763.60,760.54,759.13,758.34,758.54,759.06,759.61,760.33,761.30,762.31,763.31,764.12,764.76,766.11,767.66,768.34,768.27,768.51,769.25,770.87,774.06,777.59,784.53,793.43,800.83,803.53,805.13,806.61,806.33,803.84,801.51,798.15,793.44,795.88,799.48,800.96,801.61,800.75,799.38,797.42,796.56,798.81,803.28,809.81,819.96,827.84,828.71,830.25,831.93,831.19,826.96,826.84,816.00,802.09,798.20,794.77,790.73,789.73,789.23,788.77,788.67,789.57,792.44,789.38,789.15,791.47,797.56,805.86,818.62,821.60,814.40,813.44,805.98,797.81,792.15,788.52,786.02,784.10,782.98,780.15,776.83,780.53,780.59,780.81,781.45,783.28,783.46,783.25,783.08,783.57,779.10,778.10,777.15,776.09,776.04,777.03,777.51,778.08,779.95,780.36,779.67,778.06,778.14,778.36,779.71,779.93,780.00,779.55,781.12,786.75,790.43,791.94,793.75,795.01,795.69,796.25,796.92,797.55,798.22,799.34,802.84
933.70,948.41,956.29,952.78,949.41,937.76,928.42,916.68,908.84,903.31,895.87,889.14,890.40,894.09,898.16,909.36,919.90,920.59,922.09,922.11,916.70,924.06,931.39,932.40,930.53,943.96,946.38,938.57,949.40,941.72,929.37,937.16,943.39,935.76,922.03,917.26,923.54,935.85,943.40,949.30,949.94,943.50,934.49,933.04,940.48,937.17,927.32,927.93,930.76,924.27,929.37,931.36,930.59,926.79,919.76,924.64,933.06,936.36,933.17,934.19,932.23,924.25,912.71,919.86,926.12,929.27,929.93,928.11,923.34,921.15,918.31,914.33,910.38,908.19,908.99,907.14,903.00,896.96,891.84,887.00,884.38,883.26,881.29,878.73,876.35,872.34,868.85,867.54,866.72,865.89,865.98,866.39,866.25,866.81,864.83,861.53,860.49,859.16,857.85,856.44,855.11,853.49,851.79,850.56,849.79,849.56,849.41,849.24,849.01,848.50,847.90,847.08,846.15,845.30,846.09,851.13,855.41,857.41,855.36,853.74,851.31,842.31,826.05,810.19,796.48,783.82,779.41,778.33,777.26,775.95,774.77,773.80,772.38,769.10,766.19,763.30,760.55,759.33,758.61,758.79,759.23,759.73,760.45,761.37,762.37,763.32,764.30,765.49,767.51,769.25,769.89,769.54,769.47,769.78,771.59,775.32,779.24,789.22,800.49,806.76,806.59,806.53,807.70,806.76,804.17,801.60,797.54,794.01,796.96,799.93,801.24,802.01,801.25,800.07,798.02,797.38,799.64,803.74,808.95,813.94,817.79,820.46,825.64,830.34,835.66,836.82,832.79,817.94,807.37,809.08,800.24,794.46,793.60,792.04,790.41,790.26,793.34,803.34,795.50,790.87,792.80,797.09,802.99,814.24,827.56,828.85,825.56,817.58,809.18,797.69,790.64,787.65,786.68,785.14,783.29,780.81,783.25,783.37,783.12,783.10,784.66,785.56,785.38,785.26,786.79,782.87,776.64,776.29,777.03,776.52,776.56,777.07,778.38,778.39,779.22,778.77,777.98,778.70,778.78,779.30,780.58,780.77,780.02,779.85,783.56,788.23,790.99,792.99,794.17,794.66,795.08,795.63,796.31,797.08,798.55,801.79
949.82,959.47,956.89,945.49,938.34,927.52,919.50,910.63,905.22,900.58,893.07,891.93,895.87,901.82,906.00,910.92,921.06,929.18,934.28,931.89,922.80,932.61,943.23,947.10,940.61,948.25,954.86,946.06,952.13,940.87,939.71,949.34,947.88,936.16,925.37,921.70,926.08,936.61,946.80,951.14,949.48,942.22,934.37,938.77,942.41,936.37,928.75,930.34,931.47,925.95,930.83,931.32,928.29,922.13,920.30,924.89,933.20,938.71,940.17,933.77,924.46,918.35,915.09,922.60,929.22,929.99,929.19,925.17,918.98,915.78,911.81,908.40,904.04,902.45,902.70,901.16,894.80,888.31,884.48,880.94,879.62,879.01,878.21,876.41,874.27,871.47,869.22,868.70,868.58,868.08,868.50,869.76,872.49,874.24,872.99,870.98,869.44,866.10,860.57,858.24,856.84,855.02,852.81,851.28,850.28,849.20,848.87,848.67,848.31,847.75,847.21,846.45,845.33,843.87,846.67,851.00,853.84,857.42,857.28,854.91,852.29,843.21,824.23,807.12,793.26,782.72,778.91,777.77,776.57,775.24,774.05,772.71,771.04,768.66,766.06,763.20,760.60,759.49,758.92,759.10,759.50,759.98,760.92,761.58,762.39,763.39,764.38,766.21,768.77,770.62,771.32,771.05,771.15,771.56,773.16,776.30,781.33,795.27,807.96,810.12,809.20,808.28,808.93,807.50,804.76,801.98,797.82,794.87,797.98,800.54,802.03,802.77,801.62,800.13,798.09,798.91,801.75,804.79,807.41,811.58,819.23,824.00,825.83,829.86,839.05,842.62,837.10,821.74,818.31,817.14,803.03,798.28,799.00,795.76,793.18,793.87,798.66,810.80,802.45,794.32,794.18,796.40,800.63,809.62,822.81,837.42,837.45,830.94,820.89,804.80,794.19,790.75,789.16,788.09,787.10,783.42,785.45,786.17,785.53,785.21,786.12,787.51,787.57,787.38,788.66,789.30,778.80,777.21,778.05,777.41,777.34,776.98,777.37,777.59,777.93,777.85,778.48,779.81,780.66,779.43,780.96,781.33,780.07,779.91,782.52,785.65,788.75,791.27,792.57,793.26,793.84,794.39,795.36,797.09,799.05,802.08
963.36,959.39,948.94,936.06,928.86,920.70,912.73,906.29,901.73,896.56,894.79,898.12,901.21,906.51,916.17,920.27,919.49,929.76,940.38,941.34,932.04,935.43,947.15,955.82,952.77,952.77,960.36,954.44,956.23,943.56,946.84,956.32,951.37,941.43,930.29,929.39,932.66,936.15,943.55,950.79,949.53,940.91,938.29,944.70,940.23,933.80,931.93,933.75,929.49,927.28,931.54,929.90,926.67,926.16,928.49,926.65,928.66,934.85,939.70,929.15,923.11,924.37,924.74,927.49,929.98,929.98,927.52,919.40,913.30,910.23,903.20,897.39,893.88,892.84,891.92,890.29,886.91,883.19,880.16,879.10,878.53,877.81,876.83,875.45,873.88,872.52,870.30,870.23,871.42,874.00,876.51,878.61,880.51,880.90,879.83,878.54,877.46,873.81,868.64,861.44,858.46,856.49,854.00,852.34,850.61,848.76,848.35,848.08,847.58,846.98,846.32,845.40,843.61,841.39,841.48,844.10,842.79,845.92,852.97,852.55,850.15,842.23,822.89,802.39,790.19,781.62,778.16,776.90,775.57,774.23,772.89,771.59,770.35,768.34,765.91,763.27,760.77,759.57,759.23,759.44,759.68,760.13,761.59,762.62,763.06,763.58,764.41,766.73,769.63,771.29,772.58,773.15,773.21,773.83,775.05,777.62,784.70,801.75,810.02,810.41,810.15,809.76,809.81,808.38,805.55,802.64,798.46,795.65,798.86,801.23,802.93,803.59,801.93,800.17,798.57,801.79,807.21,808.75,812.67,816.15,822.52,832.00,835.43,832.61,839.70,845.66,843.01,834.60,832.23,819.18,806.93,806.95,805.33,797.77,795.86,797.39,802.63,814.90,808.55,797.37,797.78,797.63,799.57,807.19,818.71,834.26,840.77,833.54,819.74,808.66,798.31,794.64,791.92,791.12,790.84,787.23,788.42,788.64,788.03,787.64,787.62,789.24,789.64,789.71,790.58,792.24,786.59,779.52,779.02,778.54,778.06,777.61,777.60,777.90,777.89,778.38,778.99,782.54,784.41,781.76,781.83,781.48,779.75,780.14,782.11,784.37,786.78,789.33,790.79,791.57,792.37,793.25,794.98,797.17,799.36,801.79
956.92,948.39,940.59,930.73,923.29,915.54,909.08,903.67,898.86,896.44,900.41,904.91,909.00,912.99,924.78,933.92,929.08,933.75,944.44,950.74,943.04,937.32,944.91,957.14,961.53,960.56,963.62,961.37,958.17,947.06,953.66,959.98,953.86,943.36,933.76,936.31,941.03,939.92,944.09,951.60,947.61,938.49,945.17,948.10,940.55,938.03,938.09,931.54,928.80,928.90,932.54,931.47,930.39,931.31,931.74,931.49,933.87,938.23,939.50,932.40,930.51,930.71,930.62,930.41,930.12,927.97,922.58,912.74,904.23,899.36,893.18,889.96,888.94,888.19,887.55,886.48,884.27,880.64,879.30,878.61,878.02,877.45,876.84,876.58,876.55,877.54,877.73,880.50,882.43,882.75,882.84,882.78,882.85,882.56,881.47,880.63,878.89,872.42,868.10,863.84,859.36,856.94,853.67,851.33,849.75,845.29,845.78,846.10,845.42,844.33,843.40,842.56,840.58,833.86,829.56,831.91,832.27,833.60,838.90,844.73,844.58,838.97,821.82,801.28,789.61,780.81,777.91,776.87,776.00,774.63,772.74,771.42,770.24,768.18,765.67,763.26,760.88,759.71,759.54,759.69,760.00,760.94,762.31,763.63,764.40,764.69,765.07,767.61,770.34,771.72,773.03,774.35,775.20,776.17,777.31,779.45,790.93,805.53,810.33,810.71,810.60,810.49,810.31,809.16,805.96,802.59,797.59,796.77,799.57,801.90,803.97,804.36,802.25,800.22,799.06,804.44,814.09,817.01,821.41,825.73,827.35,835.93,841.14,840.22,841.41,847.48,849.51,847.26,837.98,817.91,811.72,816.80,810.65,799.83,798.73,801.54,812.67,820.88,814.64,801.64,805.29,806.35,803.92,808.44,817.42,832.27,840.35,832.06,819.87,813.13,805.46,797.69,794.73,793.94,792.08,788.89,791.10,790.52,790.36,789.83,789.50,790.63,791.74,792.06,792.73,793.90,792.41,789.60,784.60,780.70,779.24,778.91,778.98,778.96,779.11,780.01,783.99,788.58,788.76,786.85,784.65,780.90,779.66,780.61,782.77,784.98,787.01,788.64,789.66,790.47,791.28,792.34,793.91,795.93,798.08,798.99
946.32,935.78,931.88,925.53,919.30,911.98,906.44,901.57,898.18,900.52,905.55,910.55,914.61,920.10,930.38,943.36,943.77,939.10,949.85,959.03,952.09,946.00,947.31,953.53,964.12,966.88,967.75,963.89,955.33,950.19,959.38,959.94,953.49,942.44,936.85,942.24,948.25,949.29,949.22,951.82,943.85,939.35,948.64,949.88,945.34,942.62,940.73,933.96,931.29,931.24,933.28,934.17,933.67,933.83,933.09,934.39,938.19,938.60,936.75,931.54,922.12,917.81,917.80,916.57,913.79,911.76,907.79,901.87,895.93,891.20,889.23,888.57,887.61,886.46,885.17,883.81,882.15,880.62,880.00,879.10,878.87,878.50,878.45,878.50,879.25,882.83,886.18,888.68,888.71,887.35,886.27,885.26,884.04,882.30,881.02,879.24,875.60,870.61,865.87,861.24,853.36,849.61,845.39,842.65,841.83,837.84,839.68,841.09,840.74,838.48,835.14,833.13,828.91,822.34,822.06,824.48,824.74,826.46,832.76,838.72,838.82,833.35,818.07,800.41,789.94,780.73,778.85,778.33,777.31,775.20,773.06,771.40,769.94,767.72,765.38,763.24,761.15,759.90,759.81,760.01,760.91,762.02,763.08,764.18,765.28,765.80,766.49,768.81,770.84,772.15,773.44,774.76,776.07,777.34,778.65,782.30,796.65,807.36,810.37,810.89,811.10,810.97,810.58,809.90,806.88,802.66,797.14,797.50,799.69,802.13,804.67,805.29,802.81,800.40,799.53,803.70,815.93,824.18,829.27,831.55,832.69,834.72,837.72,843.88,846.91,849.49,850.22,849.41,837.27,821.22,823.08,824.81,812.61,804.20,803.40,806.44,819.35,826.34,818.55,806.87,811.79,815.58,810.20,810.29,818.57,832.94,840.23,834.77,823.62,822.43,815.43,800.54,797.13,795.46,791.43,790.42,792.72,792.34,792.19,791.62,791.39,791.76,792.88,794.14,794.99,795.84,794.98,793.60,792.85,791.03,787.38,784.35,783.30,782.55,783.74,789.69,792.27,794.00,793.77,789.62,784.85,780.50,779.83,781.29,783.36,785.10,786.52,787.83,788.74,789.44,790.25,791.49,793.09,794.71,796.16,797.77
942.45,929.50,925.89,920.99,916.54,911.99,907.16,902.14,900.34,907.92,910.37,915.39,920.17,925.23,934.81,947.27,953.71,949.41,951.53,964.21,961.67,955.12,958.61,957.26,966.48,969.95,968.31,959.78,955.23,958.85,961.98,956.86,950.07,942.07,941.64,948.20,952.52,953.21,953.40,951.37,946.09,947.01,950.28,947.47,944.26,942.12,939.94,936.60,934.50,934.33,935.29,935.07,932.24,931.93,933.71,935.17,935.15,934.42,931.67,920.74,911.38,907.25,902.91,900.69,899.27,898.84,898.06,896.63,892.58,889.42,888.42,887.60,886.57,885.50,884.59,884.49,884.13,883.63,881.76,879.98,880.22,880.25,882.62,885.41,886.70,889.76,890.07,890.03,888.98,886.82,884.84,883.59,882.50,880.76,878.55,875.28,870.42,866.94,864.19,858.23,845.93,839.55,831.92,829.48,828.36,826.65,828.58,830.91,828.38,826.47,823.65,819.13,817.73,815.75,814.51,816.73,816.79,820.10,827.50,831.68,831.34,826.54,814.09,798.51,789.65,783.56,780.91,779.88,778.19,775.70,773.47,771.71,769.81,768.16,766.79,764.72,762.57,760.66,760.16,760.58,761.57,762.63,763.67,764.71,765.74,766.75,768.04,769.71,771.19,772.51,773.82,775.13,776.43,777.73,778.98,784.72,799.11,807.87,810.38,810.93,811.44,811.34,810.89,810.34,808.42,802.81,797.33,797.87,799.67,802.81,805.94,805.90,803.41,801.16,800.38,803.61,810.84,820.41,825.93,825.83,825.18,826.21,831.26,840.81,845.72,848.86,850.27,849.90,837.91,828.19,833.99,826.95,812.06,808.04,809.62,809.54,821.78,830.19,819.50,812.55,819.55,824.43,819.17,814.44,817.65,830.36,838.75,834.62,829.88,830.04,817.46,804.62,799.38,795.65,792.19,792.60,794.53,794.31,793.95,793.56,793.28,793.26,793.91,795.13,796.65,797.65,797.63,796.75,796.83,796.35,794.84,796.82,797.19,796.97,797.94,800.24,795.85,797.88,799.37,793.97,786.67,780.53,780.00,781.50,783.00,784.36,785.72,786.98,787.77,788.39,789.29,790.44,791.93,793.39,793.73,794.88
937.66,928.46,922.62,918.37,913.98,910.35,907.46,903.70,905.36,915.53,917.33,920.91,929.65,934.59,936.17,944.49,955.65,960.93,958.45,967.90,967.98,962.64,967.96,964.88,969.38,969.85,963.86,959.59,964.18,961.26,957.23,952.81,949.54,948.63,949.61,951.76,955.18,955.48,955.16,954.03,952.75,951.03,946.82,942.90,939.86,938.61,938.19,937.02,933.92,932.77,931.25,927.95,923.04,922.18,922.76,920.79,919.67,918.42,915.34,910.18,907.54,903.38,899.17,897.91,896.86,896.38,895.86,894.38,892.19,889.61,888.46,887.38,886.44,886.31,886.32,887.19,887.42,886.64,883.86,885.50,884.60,886.55,889.64,890.52,890.44,890.38,890.18,889.11,885.39,883.79,881.73,880.49,879.87,876.90,872.50,869.59,866.15,862.27,859.62,854.48,842.89,834.29,839.58,843.96,839.24,830.17,823.94,821.83,819.78,817.71,815.99,811.88,810.18,809.88,808.24,807.34,807.66,809.97,815.64,819.39,816.13,813.09,809.60,795.35,788.53,786.04,783.55,781.00,778.38,776.07,774.02,772.45,771.16,770.14,768.11,765.96,763.85,761.74,760.62,761.24,762.19,763.23,764.27,765.30,766.32,767.42,768.57,770.07,771.43,772.83,774.18,775.49,776.80,778.10,779.44,787.02,801.50,809.18,810.66,811.24,811.79,811.72,811.22,810.67,809.51,801.87,797.46,798.42,800.54,804.54,807.70,806.45,804.32,802.24,801.42,804.59,807.94,811.33,814.05,813.89,815.75,818.49,828.94,835.05,839.30,842.99,848.78,850.17,841.72,840.93,837.74,825.86,815.16,814.79,817.75,814.72,823.29,831.44,822.03,820.50,826.41,829.02,827.92,820.79,819.81,829.17,837.12,837.38,835.45,830.68,820.71,810.50,801.75,797.13,794.81,795.36,796.50,796.20,795.79,795.50,795.26,795.00,795.34,796.10,797.29,799.00,799.78,799.96,800.52,800.31,800.25,801.41,802.87,803.15,802.32,799.98,797.24,801.15,802.32,799.63,791.40,782.45,780.18,780.89,782.21,783.57,784.92,786.11,786.74,787.38,788.22,789.15,790.35,791.38,790.66,788.95
932.60,925.72,920.28,916.52,911.69,908.67,906.34,903.93,908.55,918.85,926.62,927.44,937.52,948.23,945.31,943.22,950.90,963.17,968.99,970.20,969.94,968.05,969.91,969.27,969.89,967.04,961.19,966.08,966.58,958.76,955.95,953.27,953.36,953.43,954.32,954.82,954.90,954.65,953.84,952.36,950.90,945.92,941.58,939.57,934.09,930.87,931.51,929.78,924.95,923.32,921.74,919.74,918.73,917.61,915.44,911.48,908.86,908.50,908.32,907.31,905.88,902.52,899.65,897.94,896.18,894.98,894.00,892.71,891.28,889.90,888.82,887.77,887.29,887.44,887.80,889.13,890.40,888.52,887.09,890.15,888.95,890.36,890.88,890.91,890.45,889.76,888.54,884.01,879.60,879.64,877.87,875.43,874.49,871.54,867.73,864.87,861.02,857.40,854.43,847.39,839.45,845.11,855.06,865.31,859.00,851.07,845.64,842.88,837.70,833.36,829.74,822.57,811.92,807.92,807.54,804.23,801.72,800.76,801.32,801.86,798.51,796.43,798.02,792.04,787.42,784.99,782.69,780.42,778.49,777.08,775.80,774.29,772.47,770.17,768.08,766.20,764.21,762.13,761.15,761.90,762.80,763.83,764.87,765.91,766.99,768.17,769.09,770.33,771.56,772.96,774.38,775.77,777.14,778.48,780.52,791.43,806.30,810.60,811.27,811.83,812.33,812.12,811.42,810.67,808.84,800.58,798.03,799.21,803.55,808.53,809.04,807.02,804.70,802.49,801.78,803.52,805.69,806.94,808.00,808.79,811.02,817.32,821.77,826.94,831.38,839.49,847.57,851.17,849.51,848.80,840.29,831.80,822.27,820.92,822.19,818.22,827.12,833.88,825.20,823.38,830.41,832.13,831.80,826.30,825.18,830.32,840.33,844.88,837.37,830.03,821.30,813.03,805.16,799.90,797.54,797.67,798.30,797.85,797.47,797.33,797.05,796.83,796.82,797.60,798.31,799.57,801.63,802.20,802.63,802.53,802.86,803.97,804.96,804.89,802.24,799.15,800.06,803.58,804.52,802.12,797.99,786.76,780.62,780.67,781.46,782.76,784.12,785.18,785.66,786.36,787.00,788.00,788.72,788.90,787.56,786.94
930.73,923.32,918.37,915.19,911.63,908.39,905.88,907.25,917.05,920.88,933.25,937.91,942.02,955.96,959.21,953.98,951.27,961.99,970.67,971.32,970.97,970.10,969.53,967.92,968.86,967.07,966.97,970.15,968.75,962.34,957.69,953.36,953.61,954.46,954.22,952.65,950.03,948.04,946.58,944.45,941.96,937.85,935.48,932.13,928.79,926.99,925.76,923.45,919.97,918.78,918.59,917.97,917.12,916.08,913.38,910.59,908.32,906.81,906.43,905.43,904.13,902.65,900.04,897.70,896.02,894.80,893.57,892.37,891.17,889.99,889.04,888.24,888.30,888.58,888.89,889.89,892.01,889.32,889.80,891.56,891.89,891.78,891.24,890.58,889.05,883.63,880.11,876.13,872.40,872.65,872.94,870.39,869.13,867.40,864.35,861.36,857.32,853.47,847.96,838.71,847.21,863.92,871.76,880.49,874.71,868.50,864.27,860.95,857.08,844.78,833.05,820.85,812.13,816.03,819.97,817.20,807.08,798.86,797.38,796.59,794.01,790.98,789.88,788.38,785.87,783.92,782.54,781.43,780.17,778.38,776.28,773.98,771.67,769.59,767.88,766.14,764.39,762.56,761.70,762.59,763.45,764.43,765.47,766.55,767.69,768.92,769.89,770.56,771.69,773.08,774.51,775.90,777.30,778.71,782.62,797.48,809.52,811.43,812.16,812.75,813.02,812.26,811.46,810.67,808.09,800.82,798.62,800.02,806.48,810.22,809.66,807.70,805.33,803.01,802.25,803.57,805.51,807.10,809.04,811.32,815.92,824.82,828.96,832.96,839.62,847.16,850.55,852.20,851.51,850.19,845.22,841.93,835.08,830.56,828.15,822.85,831.59,837.75,829.23,824.70,827.83,833.43,835.03,833.03,831.69,833.67,844.70,848.86,842.08,833.97,824.92,817.00,807.43,802.03,800.24,801.73,801.96,799.99,799.25,799.09,799.01,798.75,798.35,799.09,800.14,800.86,802.81,804.29,804.67,804.56,805.15,805.87,806.57,805.82,802.62,800.27,803.11,806.71,806.30,803.75,800.75,790.30,782.59,781.00,781.25,782.03,783.31,784.15,784.57,785.17,785.80,786.61,786.80,786.35,787.05,791.17
927.72,921.60,917.14,913.63,910.73,908.16,908.09,915.75,928.26,931.04,938.97,950.10,950.45,959.35,970.79,968.23,957.66,966.63,971.56,972.34,972.70,972.38,973.36,970.02,966.82,968.74,970.75,970.13,967.73,963.51,958.41,953.73,953.00,952.70,950.06,945.51,941.76,939.97,939.35,938.88,936.81,932.24,928.83,928.01,926.84,925.11,923.34,921.53,919.60,918.13,917.26,916.55,915.62,914.54,912.06,910.26,908.47,906.44,904.92,903.82,902.46,900.98,899.24,897.44,895.86,894.63,893.40,892.20,891.00,889.87,889.20,889.05,889.19,889.72,891.32,892.65,894.23,891.94,893.08,892.83,891.56,890.79,889.49,887.33,882.66,876.21,871.60,869.67,868.26,867.91,868.19,866.92,865.49,863.94,859.85,856.74,853.38,847.87,840.11,843.18,859.94,876.84,886.84,888.33,879.62,869.17,857.90,852.71,848.89,835.43,823.13,816.69,824.76,831.59,837.68,829.71,811.98,802.02,807.72,810.88,809.12,801.83,793.25,788.24,786.83,785.60,784.25,782.63,780.84,779.06,776.58,773.62,771.12,769.18,767.56,766.00,764.47,762.99,762.02,763.03,764.11,765.04,766.10,767.23,768.39,769.50,770.71,771.05,771.82,773.20,774.60,775.94,777.19,778.46,785.18,801.63,810.33,812.13,813.13,813.83,813.52,812.43,811.36,810.53,807.13,800.46,799.23,801.45,808.54,810.65,810.09,808.22,805.89,803.81,802.72,804.16,806.28,808.38,814.22,820.78,823.07,827.93,832.87,841.29,848.97,849.70,850.80,849.81,848.37,843.99,840.98,846.08,845.31,843.25,839.05,829.41,838.50,840.36,830.26,831.25,827.24,830.71,835.81,839.81,841.26,843.08,848.95,843.05,838.85,833.90,825.25,814.19,806.97,803.37,802.74,807.82,811.79,808.64,806.56,805.62,807.34,805.28,801.82,802.65,804.08,803.57,804.18,806.13,806.69,806.65,807.36,807.72,808.29,807.90,805.12,802.89,806.13,809.29,807.91,806.56,804.27,797.02,787.96,783.46,781.81,781.92,782.61,783.14,783.58,783.90,784.45,784.90,785.76,789.07,794.87,798.54
924.47,919.72,915.37,911.97,910.52,912.24,916.49,926.79,941.60,946.34,943.20,955.41,962.62,964.28,975.15,976.86,964.16,970.27,973.73,978.49,981.80,983.79,981.42,975.44,971.04,966.07,967.92,963.56,960.95,958.55,954.83,951.63,950.85,950.10,944.40,939.34,938.15,937.40,937.31,936.93,935.13,931.61,927.92,926.42,925.19,923.79,922.54,921.10,919.78,918.56,916.73,915.47,914.35,913.18,911.62,910.36,908.66,906.86,905.40,904.62,903.59,901.79,899.60,897.65,895.97,894.85,893.96,893.23,892.05,891.30,891.93,892.12,892.73,893.38,895.72,895.44,894.18,893.26,892.14,888.57,884.77,882.84,881.37,879.82,878.28,874.08,869.00,867.25,866.15,864.84,864.21,863.48,861.85,859.52,854.87,849.38,844.37,840.53,839.34,850.28,870.72,884.77,889.71,883.62,871.33,858.74,842.94,835.61,834.72,825.69,818.85,828.99,845.94,850.44,846.64,825.23,808.37,814.08,830.54,836.56,829.87,815.89,799.18,789.52,787.79,786.27,784.74,783.18,781.72,780.06,777.17,773.89,770.86,769.12,767.72,766.33,764.94,763.55,762.39,763.07,764.41,765.61,766.72,767.75,768.74,769.81,771.42,772.07,772.16,773.06,774.18,775.30,776.45,778.58,790.51,806.49,811.67,813.27,814.41,814.72,813.44,812.07,810.84,809.95,806.71,801.65,800.07,804.43,810.31,811.13,809.93,808.19,806.46,804.70,803.34,804.04,805.99,807.89,810.88,819.04,823.38,822.55,823.53,834.57,838.70,838.92,845.05,838.19,833.52,830.47,838.42,849.80,850.57,849.77,846.00,842.35,847.69,842.58,835.57,835.72,828.69,828.93,831.82,837.11,845.88,850.57,848.28,838.34,834.04,829.28,820.43,809.96,806.63,805.05,805.03,810.68,818.90,818.63,818.18,818.46,819.61,817.18,811.63,810.29,809.41,807.49,806.03,807.57,808.67,808.67,809.67,809.92,810.02,810.20,809.52,806.25,810.00,811.63,810.57,810.50,809.66,807.40,802.35,794.19,790.79,789.37,787.12,786.59,788.88,790.72,790.55,794.21,802.75,805.46,808.23,809.27
922.28,918.15,914.36,917.04,918.04,920.16,927.63,934.57,948.99,960.58,956.89,954.01,968.91,975.33,979.47,978.79,968.89,970.80,976.15,984.05,990.64,990.61,979.88,972.37,967.48,961.73,960.42,958.72,956.58,953.79,951.33,949.25,947.52,947.00,943.60,939.76,937.85,936.31,935.44,934.92,933.37,930.84,927.68,926.83,926.22,924.78,923.56,922.18,921.10,919.02,917.34,916.21,915.05,913.61,912.18,910.68,908.97,907.44,907.18,906.65,905.57,903.47,900.36,898.35,897.35,897.33,896.98,897.49,897.26,897.32,899.32,898.79,896.44,895.30,892.75,891.06,889.88,888.26,887.08,881.71,878.94,878.39,877.95,877.38,876.43,873.25,868.90,865.39,864.11,862.38,860.81,859.36,857.17,851.84,848.30,847.43,851.91,852.81,846.69,850.11,869.30,883.33,883.36,873.53,861.72,847.43,837.05,833.78,827.10,821.82,825.78,844.40,859.58,860.53,846.83,823.28,810.94,831.89,848.54,846.23,829.77,810.34,794.75,788.81,787.32,785.83,784.29,782.73,781.15,779.24,776.59,773.76,770.83,769.22,768.08,766.71,765.33,763.95,762.98,762.89,764.20,765.99,767.53,768.26,769.21,770.44,772.25,773.25,773.08,773.12,773.82,774.66,776.28,780.66,797.55,810.13,812.79,814.59,815.66,814.78,813.09,811.60,810.24,808.50,805.80,802.05,803.02,808.27,811.27,811.89,810.81,809.46,807.56,805.54,804.28,804.06,804.90,806.45,808.05,811.68,816.40,814.77,818.78,829.49,827.06,827.43,835.02,827.72,821.36,824.95,835.96,845.82,846.01,843.53,847.82,850.75,850.76,843.18,842.37,839.89,833.07,835.08,835.51,837.18,845.55,851.23,849.01,838.86,831.96,823.10,813.54,809.00,808.60,808.81,807.40,810.57,819.76,825.15,829.44,830.97,830.46,827.07,821.59,821.76,820.61,813.42,808.49,809.07,810.95,810.84,811.61,812.40,812.43,812.70,812.04,809.08,810.63,813.98,813.45,812.83,812.35,811.91,811.17,808.63,806.67,805.32,801.16,798.16,801.26,807.13,808.43,814.70,819.38,819.85,820.46,818.99
919.20,916.35,918.01,925.23,927.35,927.12,936.28,946.63,956.09,967.64,973.75,963.30,966.14,977.81,981.52,981.02,973.88,971.67,977.55,986.52,986.18,978.60,970.56,967.01,962.08,959.80,959.42,958.62,955.91,952.54,949.70,948.09,945.98,944.13,942.14,940.22,938.31,936.46,934.84,933.50,932.05,930.37,928.82,928.67,928.48,927.10,925.14,924.02,922.73,919.36,918.64,917.82,916.24,914.72,913.22,911.34,910.15,909.71,909.67,909.61,907.87,904.43,901.09,899.12,898.86,899.79,901.08,901.56,901.19,899.57,897.76,892.80,890.14,889.57,888.60,888.06,887.35,885.43,883.16,880.62,878.13,876.67,876.04,875.46,874.71,872.41,868.95,864.34,862.22,859.86,855.46,852.43,851.13,849.26,849.51,855.74,871.33,870.36,854.65,852.73,869.74,881.21,881.34,865.26,851.17,848.55,847.88,838.95,827.44,835.14,841.59,853.50,864.37,858.82,842.69,822.74,819.38,845.60,850.60,840.63,820.59,801.86,790.83,788.21,786.73,785.23,783.67,782.12,780.54,778.50,776.00,773.44,770.89,769.25,768.21,767.08,765.70,764.47,763.72,763.13,764.13,766.45,768.75,769.64,770.14,771.35,773.23,774.43,774.19,773.93,774.19,775.28,777.49,784.36,804.11,811.90,814.19,816.18,816.31,814.23,812.30,810.87,809.09,806.53,804.05,802.52,805.67,809.67,811.65,812.82,811.91,810.23,808.03,806.42,806.32,806.05,805.15,805.37,806.89,808.35,809.05,809.60,815.41,822.20,819.67,821.90,828.59,821.57,818.03,823.45,830.86,838.02,835.88,836.11,845.16,849.52,846.03,841.10,845.49,844.44,840.16,840.36,841.48,840.27,843.66,845.45,844.99,835.85,826.49,818.04,812.10,812.03,812.30,814.05,811.44,809.61,814.50,821.64,829.10,835.71,837.84,836.01,834.98,835.30,832.27,823.79,815.65,814.80,814.21,813.11,813.47,814.63,815.05,815.27,814.44,812.50,811.34,815.54,816.17,815.34,814.89,814.33,813.56,812.96,812.74,816.49,818.81,816.87,817.34,820.61,820.86,821.79,822.61,822.63,823.01,821.62
918.88,920.22,921.43,930.13,936.04,935.91,938.76,948.59,959.84,972.36,979.85,976.51,970.33,978.35,986.95,989.79,979.79,976.44,982.19,982.76,974.38,968.49,966.06,963.46,960.46,959.65,959.30,959.11,957.01,953.10,949.74,947.85,946.75,945.22,942.80,940.52,938.59,937.63,935.81,934.22,932.56,931.27,930.87,931.05,930.78,928.55,926.97,925.61,922.62,920.80,920.86,919.07,917.49,917.27,915.59,913.21,912.60,912.63,912.73,911.67,909.01,905.31,902.46,901.43,902.24,903.44,901.01,899.75,898.83,897.23,894.42,890.75,888.96,887.70,886.62,885.88,885.07,883.58,881.36,879.39,877.72,875.96,874.47,873.56,872.80,871.80,868.97,863.66,859.86,857.07,857.82,857.68,853.97,853.02,865.58,872.44,886.37,879.63,862.20,852.54,866.58,877.76,883.26,876.24,867.03,858.84,843.61,830.44,831.05,848.63,857.85,861.80,868.88,859.41,845.04,822.78,830.33,850.85,844.78,830.94,813.63,796.48,789.26,787.64,786.13,784.63,783.05,781.50,779.93,778.11,775.73,773.33,770.92,769.29,768.25,767.24,766.08,765.15,764.43,763.73,764.00,766.24,769.16,771.30,771.91,772.48,774.06,775.41,775.32,775.01,774.90,776.24,778.75,788.41,808.95,813.64,815.75,817.52,816.13,813.67,811.49,809.72,807.85,805.17,804.10,805.96,810.71,812.16,812.87,814.01,812.64,810.65,808.54,808.18,808.74,808.22,806.87,805.89,805.93,806.89,807.54,808.49,809.99,811.94,812.08,815.56,819.67,816.13,816.77,824.68,831.86,833.03,827.80,830.43,838.11,841.12,835.68,830.77,837.22,840.37,838.93,838.60,838.38,841.17,838.30,833.99,834.87,829.20,820.94,816.05,814.97,817.52,817.63,819.30,817.57,813.30,815.47,817.75,824.17,831.13,836.87,839.05,839.38,840.52,839.85,830.71,824.01,820.08,816.68,815.60,815.73,816.44,817.46,817.72,817.57,816.18,814.36,818.34,818.77,818.04,818.04,816.97,816.80,816.03,815.98,819.46,822.10,822.02,822.29,823.61,824.06,824.52,824.81,824.82,825.17,824.39
922.92,928.31,925.52,933.14,943.12,947.58,948.57,948.82,955.00,967.43,979.33,980.35,980.00,981.65,992.51,998.96,987.89,984.20,991.12,983.16,975.09,969.06,966.02,963.32,962.10,960.57,959.75,960.01,958.66,956.13,951.65,950.27,949.07,946.62,943.99,941.34,940.10,939.72,937.34,935.53,935.50,936.07,934.66,934.23,932.33,930.15,928.65,926.61,925.32,925.44,925.89,922.15,921.55,921.02,918.46,915.52,915.11,915.49,915.52,912.75,908.73,906.12,905.41,905.32,905.13,901.54,898.71,897.95,897.20,895.65,894.00,891.97,889.52,887.83,886.64,885.11,883.78,882.55,881.07,879.65,878.84,876.78,874.80,872.81,871.12,869.66,867.39,862.62,860.11,865.70,874.33,874.11,864.01,859.50,880.16,892.13,890.04,878.35,868.49,856.63,866.16,881.23,889.04,883.77,869.53,848.70,836.27,837.16,839.74,854.96,867.65,872.82,873.21,861.74,844.81,823.25,839.82,849.01,835.84,822.78,807.58,793.07,788.70,787.16,785.58,783.96,782.38,780.76,779.18,777.63,775.44,773.01,770.58,769.02,768.14,767.32,766.51,765.73,765.00,764.44,763.99,765.64,769.45,771.75,773.46,774.11,774.71,775.93,776.46,776.32,776.28,777.37,780.25,792.11,809.48,816.11,818.36,818.33,815.94,813.38,810.79,808.63,806.64,804.92,810.75,817.21,819.40,815.04,814.46,815.46,814.24,812.04,809.64,810.99,813.84,810.86,808.50,807.49,806.59,806.61,806.99,807.60,808.50,809.19,809.45,809.82,810.60,811.82,815.67,819.97,825.85,827.43,822.95,824.37,830.81,832.12,829.07,827.28,831.56,831.12,829.30,829.06,829.87,836.10,834.25,828.75,826.62,823.71,820.01,816.85,818.36,821.86,822.61,823.03,819.08,818.20,821.32,819.12,820.74,824.81,827.81,831.46,832.98,833.12,836.32,830.17,823.55,819.81,818.15,818.20,818.33,818.41,819.64,820.19,820.42,820.07,817.57,820.67,822.29,821.47,821.50,819.43,820.30,819.18,819.21,820.61,822.88,824.51,825.19,826.13,826.69,827.05,827.09,826.93,827.44,827.37
930.78,931.00,929.68,939.25,950.98,962.17,965.88,961.47,956.96,962.65,974.12,980.25,981.73,990.85,996.97,1001.33,992.46,993.22,996.21,988.58,979.69,970.58,966.88,965.71,965.66,962.80,963.44,966.51,964.77,960.22,954.66,954.25,951.96,947.96,945.47,944.32,943.97,941.28,938.39,938.23,944.21,944.35,938.01,936.60,934.07,933.22,931.54,931.63,930.51,930.74,934.07,933.55,927.11,922.71,919.23,917.29,917.84,918.28,918.07,914.26,909.88,908.46,908.24,906.89,903.61,900.37,898.28,896.84,895.72,894.32,892.85,891.36,889.83,889.24,887.98,886.35,885.04,883.84,882.53,881.86,880.44,878.06,876.71,873.96,871.34,868.49,865.20,864.41,866.66,880.07,893.17,884.94,868.19,869.32,892.57,899.29,890.67,880.68,875.02,862.05,867.05,882.94,889.77,881.60,862.84,843.51,847.45,857.07,852.49,859.17,872.29,880.25,872.88,860.88,843.81,828.19,848.44,848.99,834.91,820.41,801.65,791.06,788.33,786.78,785.10,783.04,781.62,780.23,778.61,777.00,775.11,772.82,770.66,769.46,768.70,767.89,767.06,766.28,765.65,765.07,764.51,765.31,769.64,772.02,774.01,775.20,775.49,776.25,777.11,777.54,777.87,778.84,783.63,798.38,811.72,818.61,819.93,818.65,816.03,813.28,810.20,807.80,805.86,808.38,819.66,832.96,825.56,817.49,816.10,816.93,815.89,814.67,814.63,821.65,822.52,816.01,811.32,809.55,808.06,808.00,808.26,808.08,808.09,808.56,808.94,809.20,809.56,811.05,814.28,816.77,818.40,819.63,818.92,820.36,823.22,823.75,823.86,823.55,826.78,827.63,826.69,827.64,829.29,835.07,837.72,833.48,829.11,825.70,821.35,819.05,822.46,826.72,827.21,825.18,819.41,819.82,824.16,822.90,822.94,826.83,827.55,830.92,830.99,828.30,828.23,826.41,822.11,820.68,820.64,821.03,821.17,820.99,822.16,822.94,822.99,822.65,820.93,820.38,825.13,826.75,826.64,824.99,824.81,823.42,823.00,821.88,823.21,825.39,827.33,828.45,829.09,829.37,829.32,828.97,829.61,829.86
933.94,933.94,934.90,943.50,954.88,966.37,975.12,975.25,966.13,972.06,977.99,980.53,981.28,988.82,1001.98,1001.83,995.37,999.94,1000.21,992.15,981.13,972.89,969.19,969.16,970.37,969.63,971.93,974.19,969.95,959.85,957.33,959.34,958.97,951.38,950.17,949.53,948.12,945.14,942.87,941.81,952.89,954.53,944.27,938.87,936.69,936.88,937.11,937.74,939.22,943.22,948.06,936.90,927.06,922.92,920.98,920.03,921.31,924.68,927.26,921.35,915.03,910.51,908.97,906.75,903.70,900.62,898.83,897.33,895.89,894.59,893.28,891.92,891.45,890.87,889.11,888.68,887.05,886.23,885.99,884.00,881.62,880.94,880.15,876.14,872.44,869.66,866.78,868.23,874.17,882.99,898.01,885.78,868.68,876.13,897.15,901.72,894.65,888.02,878.50,866.84,867.41,878.91,886.45,880.90,861.44,846.01,857.65,870.53,868.81,866.57,878.14,881.23,870.00,855.85,834.38,841.70,855.12,849.15,836.37,818.34,798.31,790.84,788.10,786.42,784.65,782.34,780.30,778.92,777.61,776.17,774.59,772.94,771.36,769.92,769.02,768.21,767.47,766.76,766.10,765.50,765.06,764.92,769.13,772.23,774.41,775.68,776.27,776.71,777.47,778.12,778.79,779.82,788.65,806.28,817.18,820.23,820.35,819.67,817.99,813.17,809.67,807.33,807.54,815.86,833.41,841.90,831.63,820.50,818.01,818.52,817.98,818.92,823.02,833.48,833.47,822.68,816.61,812.31,809.28,809.52,809.88,809.34,808.90,809.00,809.19,809.37,809.49,809.92,811.86,814.13,815.65,816.53,817.17,818.33,819.04,819.25,819.88,820.35,822.83,824.52,825.45,827.87,833.45,844.08,847.88,842.98,836.11,829.04,823.90,822.19,827.46,831.90,831.66,827.77,822.48,822.75,826.23,828.26,826.31,830.13,833.30,834.16,831.15,827.89,826.31,824.43,823.27,823.47,824.14,824.40,824.34,823.85,824.94,825.75,825.71,825.09,823.49,822.86,827.00,830.40,830.90,830.31,829.45,828.10,826.54,824.45,823.74,825.65,827.98,829.99,831.19,831.49,831.35,831.03,831.67,832.16
936.27,938.04,942.15,950.40,958.89,968.48,977.68,981.65,976.04,978.43,982.84,988.36,985.65,993.65,1004.18,1000.00,999.60,1002.43,1000.33,993.84,985.77,978.04,973.55,974.95,979.74,985.65,982.78,978.06,968.26,962.15,964.40,969.55,967.07,959.46,962.69,958.18,952.23,952.99,954.16,949.36,953.71,962.26,955.38,943.53,940.28,940.91,941.34,945.76,953.36,955.99,947.95,934.10,927.51,925.19,926.24,927.71,930.15,930.88,933.14,929.07,920.12,913.32,909.09,906.55,904.07,902.09,900.28,898.40,897.45,895.99,894.46,893.73,893.69,891.86,891.73,891.23,890.37,890.32,887.35,885.35,884.68,883.30,879.73,876.62,873.94,871.62,869.43,872.93,881.69,893.55,900.30,887.23,872.62,883.90,903.37,906.84,902.63,893.51,880.97,872.01,873.21,886.38,887.82,876.82,859.74,856.68,864.96,878.18,885.87,882.59,883.98,879.20,866.51,853.07,840.58,856.50,856.23,842.20,829.05,814.20,798.42,791.41,788.25,786.24,784.23,782.09,780.00,778.49,777.09,775.62,774.17,772.73,771.28,769.95,769.16,768.49,767.82,767.11,766.48,766.01,765.59,765.19,767.54,771.88,774.81,775.75,776.46,777.16,777.82,778.48,779.12,780.82,794.91,811.79,819.48,820.57,820.83,820.52,819.82,813.17,809.12,807.42,810.75,824.62,843.97,849.34,840.24,828.17,821.99,821.87,822.89,828.92,837.00,847.32,845.03,829.20,819.64,815.01,811.60,812.47,813.44,810.90,809.91,809.79,809.72,810.14,810.16,810.11,810.68,812.01,813.25,814.40,815.72,816.86,817.75,818.42,819.17,819.67,821.78,825.00,826.63,828.02,835.21,849.39,858.77,855.52,844.79,832.72,825.98,825.81,830.29,836.42,837.23,830.29,828.47,831.37,829.65,836.67,832.60,832.35,841.59,843.40,835.36,830.24,829.18,826.40,825.58,826.78,827.67,827.85,827.41,826.72,827.79,828.52,828.44,827.94,826.40,827.41,830.03,832.80,833.55,833.38,832.81,831.34,829.23,827.08,825.43,825.96,828.39,830.79,832.84,833.40,833.27,832.95,833.64,834.33
940.64,944.57,949.04,954.04,961.20,971.43,981.16,986.86,986.27,983.25,994.11,1000.49,994.18,999.73,1005.88,1001.44,1003.57,1002.73,998.59,993.48,987.23,979.88,980.08,986.71,991.50,989.23,981.08,972.73,967.41,968.11,974.63,976.26,969.19,966.78,970.67,967.36,955.80,957.17,962.41,961.05,956.21,965.32,961.38,949.46,946.35,947.05,945.02,946.20,951.63,959.19,954.48,940.14,929.71,928.20,931.00,937.53,939.88,934.52,936.30,933.28,924.24,915.34,910.45,908.05,906.74,906.04,903.29,900.60,899.58,897.45,896.13,896.13,894.94,893.77,894.35,893.38,893.81,893.51,889.52,888.22,886.62,883.95,880.81,878.10,875.53,872.89,872.94,884.20,889.26,901.95,907.04,891.54,877.52,889.39,907.69,910.42,901.40,888.63,880.72,876.42,876.49,890.27,889.82,876.89,862.59,870.60,880.48,884.76,889.81,885.63,878.89,870.57,858.26,850.73,855.33,864.60,856.84,840.31,824.26,809.39,797.18,791.44,788.23,786.05,783.92,781.84,779.84,778.50,777.25,775.93,774.57,773.20,771.87,770.57,769.56,768.81,768.08,767.44,766.88,766.45,766.02,765.60,766.79,771.08,774.07,774.83,775.72,776.84,777.89,778.61,779.30,782.42,797.86,813.97,820.13,820.86,821.23,820.79,820.11,812.35,808.76,807.81,812.69,823.95,839.58,853.45,850.30,842.62,837.41,834.40,837.54,843.92,851.69,858.12,850.25,833.14,824.30,821.42,820.86,818.88,816.60,813.43,811.93,811.06,810.80,812.04,812.25,811.50,812.10,812.96,813.81,814.82,815.62,816.35,817.65,818.84,820.49,822.71,826.10,828.67,830.70,831.61,834.87,847.18,860.73,857.91,842.94,832.04,828.06,829.64,834.31,840.81,841.86,835.50,833.97,842.62,838.65,837.38,844.19,842.85,850.17,850.58,842.34,836.98,831.76,828.44,828.06,829.60,830.61,830.84,830.36,829.89,831.31,832.11,831.76,831.07,829.70,831.17,833.17,835.36,836.68,836.72,835.89,834.03,831.92,829.50,827.44,826.85,828.71,831.43,833.88,835.30,835.16,834.94,835.75,836.33
949.05,953.78,956.52,959.77,960.47,966.70,979.68,990.01,997.65,998.68,1004.01,1003.69,999.83,1005.51,1009.06,1006.98,1004.94,1000.39,996.02,992.00,987.38,981.68,985.76,999.49,992.50,980.61,975.55,972.93,971.69,975.25,981.01,979.42,974.81,973.12,973.04,970.40,958.19,958.45,965.68,969.28,964.56,969.11,968.37,959.18,953.47,951.95,948.39,946.27,948.50,957.29,958.12,944.00,935.49,934.27,935.87,943.55,941.65,937.09,939.50,939.82,928.25,917.30,914.37,914.94,912.11,911.24,909.55,905.68,900.74,898.54,898.52,897.93,897.21,896.90,896.61,896.09,896.89,898.67,899.22,891.46,888.17,887.09,884.72,879.08,876.02,875.11,877.54,891.50,902.87,905.93,908.72,893.86,881.50,890.58,903.55,907.00,894.92,894.50,893.39,883.77,880.03,890.65,893.10,879.80,877.25,881.93,889.67,888.95,881.84,875.84,869.13,861.35,858.27,860.13,866.84,867.22,855.41,841.56,825.26,807.19,796.98,792.54,789.41,786.65,783.43,780.86,779.16,777.93,776.68,775.50,774.28,773.05,771.80,770.59,769.53,768.88,768.40,767.77,767.26,766.83,766.40,765.97,766.32,769.13,771.87,772.87,774.43,776.23,777.69,778.65,779.33,782.97,796.50,813.77,820.47,821.24,821.67,821.05,820.17,811.78,808.71,808.98,814.55,824.82,839.93,854.23,861.53,859.99,855.56,851.91,855.16,856.83,860.61,865.68,854.31,839.42,833.14,833.35,830.57,823.68,818.41,815.50,813.71,812.47,812.45,813.75,814.15,813.07,813.77,814.71,815.78,816.90,817.42,817.31,818.30,819.78,822.71,827.88,832.94,836.95,842.38,841.73,839.02,852.79,861.99,852.39,838.31,831.55,831.05,832.95,836.76,842.20,845.21,840.53,839.98,855.21,846.00,839.73,851.38,856.42,860.46,856.09,847.52,840.52,833.92,831.36,831.33,832.81,833.04,833.28,833.61,834.53,835.91,836.63,835.92,833.93,832.52,834.79,836.91,838.31,840.02,840.25,839.00,837.27,836.88,832.53,829.59,830.16,829.54,832.27,834.85,837.01,837.06,836.97,838.14,838.40
957.96,966.48,965.96,966.80,966.75,966.13,974.63,984.65,999.88,1007.39,1009.36,1006.06,1006.02,1009.78,1009.98,1006.67,1001.87,997.77,993.28,989.45,986.09,983.81,988.31,1000.92,992.07,978.60,976.80,978.74,979.88,982.58,983.58,982.11,979.74,975.07,970.17,963.64,958.48,957.60,963.13,970.27,970.71,971.27,969.51,962.79,956.94,952.95,949.65,947.90,949.22,956.50,960.30,951.65,945.37,939.66,939.70,948.96,946.34,940.53,943.56,941.76,933.02,923.40,920.45,924.05,924.06,922.66,916.04,907.32,902.46,902.18,902.14,901.98,903.10,900.21,898.91,900.67,902.90,903.79,907.91,898.95,894.05,895.01,891.69,882.57,877.48,878.43,884.52,892.97,907.34,913.63,907.95,894.60,891.74,898.25,905.33,903.09,899.30,902.80,897.97,886.80,886.12,896.70,898.70,892.14,887.04,882.57,883.12,877.93,870.81,867.89,865.99,865.22,866.88,872.59,873.67,860.33,842.33,829.38,819.43,807.18,798.14,794.28,790.45,786.87,783.32,780.05,778.31,777.17,776.05,774.89,773.70,772.55,771.44,770.53,769.96,769.42,768.78,768.14,767.63,767.20,766.76,766.30,766.80,767.55,770.12,772.12,774.01,775.76,777.17,778.54,779.43,783.01,794.95,813.48,820.78,821.88,822.17,821.12,819.76,812.90,809.53,809.40,814.65,824.90,838.93,851.79,862.80,874.21,874.32,864.44,862.86,863.34,868.56,871.63,860.49,849.30,845.08,848.78,840.94,826.40,818.84,816.53,814.96,813.81,814.23,815.59,816.07,814.92,815.83,816.53,817.73,818.97,819.25,818.68,819.22,820.85,824.24,828.38,835.69,848.75,857.56,852.61,846.44,857.25,861.32,846.57,836.63,834.40,834.06,836.71,838.83,844.37,849.35,844.49,847.78,866.93,854.71,847.51,861.18,869.88,870.17,857.86,848.79,841.30,836.45,836.88,837.20,836.83,836.66,836.05,837.06,838.99,840.47,841.04,839.22,836.31,835.52,838.18,840.89,842.37,844.41,844.74,842.37,841.77,843.16,837.69,834.73,836.38,831.32,833.49,836.18,838.51,839.06,838.91,840.47,840.45
968.28,978.88,979.12,976.86,975.45,970.12,973.14,980.58,988.33,1002.02,1009.34,1009.42,1010.01,1010.44,1009.78,1004.06,998.93,995.58,992.12,989.47,987.30,987.13,994.65,999.64,986.88,979.02,983.15,988.19,988.60,987.07,984.66,981.53,976.08,968.82,961.95,959.14,958.46,958.93,963.44,968.98,970.09,969.68,966.49,960.62,956.07,952.17,949.42,949.42,953.61,960.39,960.32,953.77,947.23,941.61,945.08,950.46,950.62,949.59,948.35,943.98,938.08,928.43,929.67,934.81,935.01,931.96,920.23,908.93,907.27,907.91,908.51,910.93,912.04,905.71,903.37,911.62,914.96,910.59,915.58,906.03,901.60,903.27,898.15,889.89,880.74,881.58,895.78,902.02,907.15,916.20,907.50,897.97,903.99,903.54,910.56,905.86,907.12,903.50,894.95,886.45,887.23,896.14,906.25,900.75,891.14,879.81,875.84,872.91,872.92,873.13,870.37,875.31,877.78,879.75,869.75,858.42,839.02,822.80,816.26,807.84,799.36,794.53,790.15,786.71,783.41,780.17,778.55,777.49,776.30,775.01,773.78,772.69,771.88,771.50,770.92,769.84,769.04,768.53,768.07,767.60,767.11,766.88,769.38,768.32,769.87,771.74,773.62,775.25,776.66,778.07,779.41,783.69,794.54,812.83,820.95,822.38,822.60,821.19,819.32,814.89,811.06,810.15,813.31,820.68,830.65,841.93,854.05,867.63,870.46,862.17,860.54,860.50,865.77,874.83,868.53,860.16,862.47,858.96,844.26,827.84,819.72,817.87,816.19,815.09,816.04,817.49,818.11,816.48,817.94,818.38,819.41,821.17,821.13,821.07,822.18,823.40,825.35,828.53,837.63,857.64,872.38,867.37,858.46,864.11,856.69,842.76,839.01,839.76,837.69,839.75,842.41,845.80,851.72,849.31,855.25,873.88,863.92,857.71,870.36,882.68,874.42,857.97,848.78,841.93,843.74,847.19,848.03,844.67,840.05,838.73,839.87,842.07,844.17,845.13,843.41,838.90,838.76,841.50,844.37,847.05,849.04,849.16,845.79,847.85,849.92,842.28,840.82,841.95,834.87,836.41,839.29,840.21,841.25,841.12,842.55,842.70
974.20,986.80,991.53,987.45,982.95,977.33,981.01,982.59,989.14,997.31,1004.96,1010.26,1010.75,1010.62,1009.49,1003.28,998.17,995.04,991.96,990.63,989.99,989.83,995.19,991.93,984.49,983.05,989.90,991.06,990.08,987.21,983.72,979.99,972.33,966.52,961.77,960.50,963.10,965.33,966.84,967.54,967.74,965.80,963.54,959.45,955.00,951.20,949.81,953.22,961.44,961.29,956.69,950.84,945.54,943.38,946.91,950.76,951.72,950.79,947.79,942.04,935.55,930.69,939.03,945.37,942.34,935.38,923.65,914.62,914.11,913.34,914.32,919.53,919.24,910.16,910.21,917.69,919.94,917.47,920.10,910.59,907.45,908.62,900.50,892.49,884.87,886.26,899.94,912.39,915.11,918.02,906.36,904.97,915.56,909.25,911.91,915.06,913.47,907.06,898.77,888.16,890.10,893.22,904.35,903.50,891.13,879.70,877.86,880.22,884.71,887.49,879.85,885.40,885.88,873.04,860.84,848.71,836.54,831.10,821.80,808.51,799.50,793.51,789.17,786.21,783.41,780.79,779.14,777.88,776.55,775.22,773.97,773.21,772.87,772.32,771.19,770.22,769.66,769.25,768.79,768.18,767.43,768.50,770.18,768.59,770.00,771.55,773.22,774.74,776.17,777.63,779.29,784.36,794.96,812.27,821.20,823.01,823.14,821.38,819.13,815.75,812.39,815.14,816.05,816.07,823.93,833.57,848.83,858.78,859.22,855.00,853.65,854.88,865.32,876.18,879.28,876.95,875.06,860.50,839.64,828.52,823.04,819.28,817.51,816.57,817.77,819.47,820.21,818.24,822.72,825.00,823.50,824.26,823.25,824.30,826.00,827.04,828.10,831.12,841.61,860.73,878.80,881.44,873.39,865.49,850.64,843.54,849.09,849.89,843.96,841.26,845.55,848.25,854.04,855.45,859.64,876.73,874.73,867.87,878.15,889.30,874.37,857.54,851.03,852.40,857.95,860.79,862.43,853.18,844.17,841.96,843.45,845.20,847.42,849.28,849.11,841.78,840.33,843.58,846.91,850.08,852.32,851.81,848.32,849.96,855.45,851.92,852.36,845.43,837.46,839.84,841.59,842.58,843.42,843.31,844.67,844.99
974.18,990.32,1004.54,1001.37,987.75,980.64,983.63,987.76,998.04,1005.73,1006.55,1009.52,1010.96,1010.54,1007.91,1001.11,997.25,994.34,992.47,992.91,993.75,995.33,991.45,987.10,984.71,987.72,991.20,991.82,990.02,986.32,982.71,978.62,972.29,967.88,967.63,970.09,971.60,971.40,968.64,966.49,965.72,962.49,960.29,957.20,954.03,954.40,954.96,958.43,961.32,955.87,952.90,949.07,944.80,946.45,949.35,951.94,951.34,950.12,944.98,936.88,933.81,937.60,946.71,948.91,941.47,934.82,927.98,921.41,921.68,919.60,919.64,927.01,925.48,916.09,915.57,922.81,920.46,920.24,920.95,913.16,911.63,910.39,901.74,893.59,887.52,894.46,905.59,916.31,919.33,915.97,908.76,909.96,919.98,917.09,912.84,919.99,918.09,911.64,901.44,889.59,894.45,896.55,903.15,901.14,889.31,882.54,884.64,891.85,893.84,892.80,886.99,887.45,884.76,880.22,870.86,857.87,852.71,845.30,826.89,810.15,799.80,793.21,788.79,786.32,783.93,781.48,779.40,778.04,776.67,775.37,774.59,774.24,773.70,772.76,771.90,771.15,770.65,770.08,769.21,768.18,767.96,770.31,769.74,768.65,770.03,771.65,773.52,774.52,775.94,777.50,779.26,784.29,796.10,813.78,821.54,823.67,823.51,821.36,818.89,815.79,812.97,819.16,819.10,814.97,819.80,828.29,842.00,849.51,848.81,845.95,844.72,849.93,859.23,866.08,875.31,884.01,878.73,860.76,843.16,833.45,827.82,821.88,818.90,818.49,818.96,822.16,820.44,822.89,835.72,839.56,830.01,826.62,825.32,827.42,829.99,831.56,831.87,837.02,849.31,865.89,883.74,886.36,875.26,858.30,847.67,849.00,857.57,859.86,849.77,846.46,847.80,852.37,857.55,862.04,866.31,877.91,889.27,884.49,890.41,891.88,874.42,860.29,857.50,863.21,870.66,873.56,868.13,854.65,846.91,845.50,847.18,848.90,850.77,852.57,850.98,844.85,842.98,844.82,848.29,851.48,854.70,853.35,850.27,853.02,862.49,864.72,861.88,847.92,840.77,845.16,843.78,844.99,845.70,845.48,846.86,847.26
977.26,991.68,1008.56,1007.70,991.85,984.76,988.71,1000.83,1004.09,1010.10,1010.64,1010.67,1011.09,1009.67,1004.26,998.94,996.20,993.82,994.61,995.78,997.88,998.32,990.11,986.95,987.97,991.12,992.70,991.47,987.93,982.84,979.67,975.73,972.54,970.86,971.37,973.00,974.35,972.52,968.69,965.86,963.69,960.21,958.33,956.08,956.77,960.60,965.10,961.35,954.91,950.46,948.92,946.57,947.37,950.68,952.84,952.54,947.42,942.98,939.52,939.39,939.50,943.31,949.39,947.24,940.95,935.97,931.56,925.59,927.95,926.08,924.46,930.41,928.85,918.84,921.47,928.40,921.56,923.16,920.13,914.03,914.29,911.96,903.38,894.99,890.40,900.38,911.50,916.06,915.73,912.85,911.43,912.82,919.81,921.87,917.36,917.75,910.46,902.30,896.15,891.30,899.18,900.46,905.66,905.88,895.41,887.34,891.11,899.10,899.38,896.86,890.33,884.66,874.42,872.32,877.48,872.15,867.29,851.76,833.18,816.32,800.29,793.47,789.52,787.10,784.54,781.78,779.44,777.99,776.66,775.96,775.63,775.19,774.42,773.64,772.86,772.11,771.22,770.03,769.06,768.16,769.37,771.17,769.85,769.16,770.54,773.63,775.98,775.64,776.25,777.67,779.47,784.94,799.22,817.81,822.43,824.50,823.79,821.32,818.77,815.93,813.60,819.73,819.78,816.20,816.99,821.67,829.84,835.19,835.35,834.00,836.31,843.43,851.52,858.60,870.75,887.34,880.69,864.88,849.52,839.85,834.50,829.50,824.61,822.41,820.99,825.27,827.12,836.68,849.33,848.38,834.19,828.06,827.40,829.08,832.34,836.34,837.01,839.57,850.51,867.70,887.21,886.60,873.51,855.87,849.37,855.35,865.59,871.77,860.95,854.27,851.51,854.33,858.76,864.54,872.01,884.45,896.63,904.60,904.14,894.36,878.49,871.75,868.66,874.89,881.53,873.44,860.60,852.81,848.83,849.19,850.48,852.38,854.17,854.35,850.29,847.72,848.77,847.70,851.57,855.91,858.03,856.54,854.74,856.66,866.27,870.70,862.71,847.48,847.37,850.41,846.81,846.85,847.95,847.49,849.05,849.49
986.22,997.89,1010.77,1009.17,994.59,990.70,1001.15,1010.15,1009.76,1011.14,1011.80,1011.61,1010.89,1007.59,1001.02,997.72,995.34,995.20,997.12,998.73,1000.99,998.25,990.45,988.66,990.89,993.42,991.28,988.50,982.31,978.67,976.61,976.25,976.93,975.03,974.31,975.71,976.98,974.10,969.23,966.59,963.54,960.17,958.10,957.24,959.36,967.39,969.96,960.88,952.39,948.70,947.42,948.20,951.16,953.88,954.78,951.65,946.52,943.35,944.29,949.14,945.90,948.03,950.13,947.81,942.31,936.85,931.66,927.01,930.36,928.54,927.07,931.06,929.24,920.55,925.92,929.74,926.50,922.76,917.73,914.88,916.97,913.59,905.64,897.02,894.99,902.68,911.82,912.79,912.36,911.75,910.93,911.07,915.32,920.98,914.84,912.18,911.30,905.25,904.54,902.01,906.13,905.78,906.90,909.78,899.35,893.38,898.59,900.97,898.80,890.50,880.87,875.84,865.91,859.60,867.95,867.04,864.65,855.78,837.99,820.84,800.56,794.65,791.01,788.31,785.63,782.58,779.62,777.92,777.35,777.03,776.58,775.89,775.14,774.36,773.41,772.23,770.65,769.57,768.78,768.89,771.34,772.10,770.87,769.76,773.62,777.63,778.60,777.77,777.64,778.49,780.27,786.95,804.34,820.35,823.37,825.42,823.93,821.36,818.69,815.95,814.86,820.08,820.05,817.50,816.21,818.68,822.58,826.12,827.15,828.47,831.97,837.65,846.71,856.65,868.98,888.93,885.07,869.35,855.54,852.19,848.66,842.16,831.89,825.82,824.83,830.03,841.69,851.13,860.35,849.38,835.00,828.97,830.23,833.19,834.89,839.40,841.54,843.16,854.00,872.22,891.36,885.82,871.93,856.91,855.05,863.41,875.96,882.72,873.86,862.63,856.59,857.66,862.65,868.36,875.72,887.95,900.70,914.76,916.06,899.86,888.62,883.93,881.47,887.35,882.27,867.43,858.37,854.85,852.00,852.89,854.18,855.53,857.38,856.27,852.13,852.07,852.54,850.64,854.26,859.73,861.24,860.44,861.03,861.39,868.85,867.88,856.31,847.47,851.39,853.65,849.71,848.81,850.18,849.55,851.00,852.17
999.42,1011.24,1017.95,1012.92,1000.18,1000.30,1010.46,1012.54,1012.50,1012.79,1012.74,1011.63,1010.34,1004.72,999.22,996.84,995.79,997.10,999.73,1004.32,1000.50,998.10,995.70,993.59,992.77,989.44,986.78,983.83,979.97,978.18,979.37,984.63,985.09,979.87,977.66,979.36,980.22,977.77,973.28,970.10,966.28,962.26,959.49,958.83,962.03,970.71,971.71,963.31,954.40,949.20,949.39,951.98,955.32,956.29,955.71,953.01,951.83,951.72,950.95,951.07,949.94,949.88,949.57,946.79,942.03,935.93,930.12,928.83,932.16,928.42,929.01,931.60,928.24,922.78,928.59,927.87,923.26,919.35,916.56,917.19,919.13,913.63,906.07,900.20,898.97,904.41,909.15,908.79,908.24,907.44,906.67,905.69,905.84,911.99,915.14,905.38,909.88,912.63,913.35,911.30,910.75,912.57,910.19,911.70,902.33,902.96,903.88,895.14,889.42,882.01,873.74,864.23,853.93,848.95,851.87,850.07,847.61,849.85,836.66,819.60,802.28,796.36,793.55,790.13,786.89,783.69,780.51,778.75,778.38,777.94,777.25,776.38,775.26,774.00,772.69,771.36,770.03,769.25,768.89,770.09,773.19,772.92,772.10,771.53,776.23,780.56,780.17,779.08,779.13,779.98,782.24,789.60,806.34,820.62,823.68,826.07,824.56,821.91,819.25,816.80,815.03,820.06,820.26,818.52,817.05,819.18,821.32,823.45,825.54,827.65,829.78,835.09,844.27,854.74,865.74,881.83,887.96,874.44,866.18,863.35,854.60,845.43,834.38,827.80,830.03,833.59,844.26,858.45,864.83,849.38,836.00,832.70,835.82,841.24,840.80,841.55,845.11,847.91,858.47,875.54,894.13,884.93,869.90,859.21,860.80,869.42,884.61,891.95,882.77,872.14,862.03,860.84,865.97,872.63,880.83,891.63,901.32,914.14,923.24,916.12,907.10,898.06,892.71,893.17,878.47,867.51,863.13,858.89,856.13,856.37,858.09,859.11,860.36,858.61,855.28,855.99,855.62,853.70,856.59,860.80,864.10,865.23,867.24,870.29,871.84,861.25,851.73,852.10,856.87,858.59,855.21,852.65,853.08,852.14,853.16,854.40
1011.22,1018.44,1024.11,1019.51,1010.01,1004.32,1010.88,1013.85,1014.58,1013.37,1012.00,1010.87,1007.44,1000.68,998.21,996.89,997.80,1000.08,1007.16,1005.00,996.74,993.83,993.97,991.35,987.66,985.08,984.01,983.01,980.85,981.32,985.59,994.38,995.09,989.03,985.77,988.52,984.98,979.08,975.23,971.62,968.34,967.52,963.29,961.03,966.62,973.23,972.63,963.40,954.65,952.08,956.37,956.94,955.55,953.64,953.66,953.29,951.90,951.40,951.43,951.14,950.17,947.07,947.19,944.06,939.32,934.26,932.01,932.99,932.96,928.60,930.60,931.41,927.36,928.07,930.06,924.99,920.08,918.55,917.66,919.22,919.49,912.43,905.63,903.42,902.93,904.85,907.04,904.90,903.42,902.01,901.19,900.31,900.43,904.77,911.13,899.47,902.45,908.21,910.50,913.21,914.21,918.82,917.00,913.26,906.45,903.66,904.26,896.57,893.67,885.54,875.26,868.72,863.60,856.29,846.91,834.82,829.42,827.17,823.89,814.85,803.65,799.60,796.22,791.35,787.75,784.58,781.46,779.86,779.29,778.51,777.39,775.97,774.51,773.08,771.73,770.44,769.67,769.28,769.50,771.42,774.21,774.70,775.10,775.64,778.31,781.32,781.31,780.31,780.90,782.91,785.51,792.73,807.72,820.67,824.20,826.76,824.94,822.28,820.27,818.16,815.81,819.63,820.49,819.19,818.15,820.15,821.70,823.21,825.00,826.76,828.41,832.03,840.26,848.32,858.68,870.38,881.72,881.51,879.03,867.99,854.82,843.90,836.07,834.51,837.70,840.52,843.68,859.38,867.20,851.50,840.90,840.56,846.27,853.60,851.32,847.57,849.04,851.90,861.22,875.54,895.35,884.09,868.42,862.70,868.83,877.18,894.03,904.72,892.92,880.87,869.80,864.85,868.00,876.77,885.87,896.36,909.11,919.94,930.42,936.75,928.34,917.40,909.93,897.25,880.21,872.67,871.76,864.63,862.33,862.07,863.46,864.02,862.93,859.54,859.28,860.02,858.89,856.87,858.62,861.83,865.35,868.72,874.30,877.43,869.90,860.69,855.90,858.37,861.88,862.44,860.11,857.65,856.40,855.19,856.01,856.74
1018.24,1020.57,1028.28,1025.07,1017.44,1009.44,1009.55,1013.91,1014.88,1011.78,1009.92,1007.77,1001.57,998.90,998.02,998.43,1001.00,1009.56,1003.95,996.50,990.94,989.60,988.58,987.24,986.61,987.27,988.73,987.64,986.51,992.32,990.64,999.65,1002.54,998.72,995.33,992.69,986.60,979.64,975.98,973.41,973.82,977.15,971.46,966.32,969.52,976.97,973.77,964.02,958.35,960.56,959.38,953.91,950.64,949.50,949.34,948.71,946.38,945.26,946.69,948.29,946.33,941.35,944.52,941.23,938.25,937.22,937.16,935.97,931.66,929.61,932.03,932.00,930.28,931.12,929.59,923.26,919.61,918.98,918.99,920.21,920.14,912.72,907.30,907.86,907.62,908.66,907.34,903.20,900.14,899.12,898.43,897.74,897.56,898.79,901.55,894.60,892.68,897.73,903.09,908.66,910.28,914.16,912.23,909.90,900.57,897.57,906.64,908.02,905.68,895.66,885.90,882.47,878.56,871.24,860.09,847.46,838.04,826.85,821.90,812.25,805.78,801.85,796.85,791.14,788.23,785.61,783.02,781.50,779.82,778.41,776.93,775.32,773.79,772.34,770.89,769.91,769.67,769.52,770.09,772.41,774.68,775.96,777.16,778.45,779.80,782.09,782.85,782.50,783.23,785.12,787.60,795.47,811.15,822.14,826.32,827.19,824.83,822.67,820.81,818.75,816.48,819.12,820.69,819.41,819.00,820.69,822.27,823.82,825.34,826.82,828.28,831.00,837.74,844.14,850.68,860.85,871.52,885.67,887.36,871.32,856.09,846.67,847.63,848.39,847.19,845.73,846.89,859.76,867.90,854.55,848.28,847.46,856.45,861.99,859.26,853.89,855.12,860.29,874.16,888.07,899.62,885.84,872.13,868.88,873.35,882.88,901.94,916.09,905.63,890.21,878.98,869.05,870.35,879.02,889.16,904.97,928.14,940.05,945.62,954.23,946.42,928.82,912.84,897.65,884.95,881.97,879.06,875.40,875.43,878.15,870.95,867.08,864.01,862.49,864.39,864.93,862.94,860.23,860.76,863.85,867.02,871.65,879.03,879.89,872.87,868.57,861.99,864.19,866.25,865.83,863.97,861.28,859.34,858.30,858.91,859.22
1020.45,1021.86,1026.49,1025.52,1022.11,1015.34,1010.42,1014.74,1014.69,1010.22,1007.13,1003.92,1000.54,999.21,999.24,1003.23,1011.23,1009.88,998.95,994.71,990.02,989.73,990.82,991.83,992.24,993.02,994.39,991.88,993.31,1001.24,998.63,1005.19,1008.25,1004.26,998.83,994.14,988.96,982.05,977.61,978.23,980.60,983.09,980.12,978.99,976.90,979.01,977.40,969.68,965.28,962.28,956.74,951.10,947.88,946.40,945.52,944.57,941.88,939.02,938.45,940.80,937.99,935.43,941.70,942.38,941.71,940.70,939.45,936.79,933.46,933.43,934.12,933.51,932.12,931.51,930.51,926.46,922.57,920.94,920.66,921.23,918.63,911.03,910.87,911.75,911.34,910.69,907.65,903.14,899.73,898.75,897.95,897.00,895.38,894.32,891.76,889.12,888.16,888.34,890.41,895.64,903.07,908.60,905.34,900.76,894.11,889.87,902.96,905.76,896.56,890.74,880.94,874.84,876.07,878.24,875.00,867.07,855.42,846.68,836.54,818.76,806.51,800.60,795.99,791.25,788.41,786.33,784.40,782.50,780.57,778.81,776.84,774.51,772.84,771.57,770.47,770.12,769.97,769.83,770.94,772.81,774.36,775.72,777.04,778.52,779.85,782.45,784.42,784.89,785.66,787.47,789.37,798.37,816.76,825.10,828.27,826.88,824.63,822.47,820.34,818.51,816.95,819.95,821.36,820.28,819.90,820.68,822.17,823.81,825.47,827.09,828.70,832.70,841.99,847.27,849.83,858.27,869.02,888.08,890.71,873.57,858.76,857.09,863.47,863.52,855.81,850.73,853.56,867.49,868.95,857.46,853.34,853.16,859.79,868.68,865.22,859.16,862.03,868.14,884.09,899.96,906.99,890.23,878.00,875.12,879.12,888.36,904.60,923.19,913.80,897.94,889.59,878.24,873.79,880.95,892.96,911.39,935.48,949.74,961.15,968.60,956.86,937.51,919.00,906.29,895.78,891.93,890.74,891.12,890.39,886.58,874.85,868.27,865.92,866.21,869.28,869.99,867.33,864.52,863.61,866.09,869.21,873.98,879.75,881.63,880.22,873.32,867.36,870.13,870.01,869.45,868.40,865.52,863.05,861.50,861.65,861.65
1024.17,1022.43,1019.77,1019.17,1020.17,1018.21,1014.27,1016.18,1014.12,1009.39,1007.68,1006.64,1003.92,1001.27,1001.92,1010.12,1017.90,1009.81,1004.22,1002.88,998.08,998.58,1000.91,1001.43,1000.34,1000.18,1000.19,996.20,998.12,1007.28,1009.03,1010.11,1009.53,1006.49,1001.38,997.36,992.06,984.89,980.53,981.93,983.20,982.13,982.64,985.95,988.68,986.73,980.46,972.69,965.80,959.23,955.14,950.13,948.08,947.07,945.17,942.65,940.29,937.10,933.43,931.79,930.60,929.96,933.47,935.55,937.83,938.68,937.66,937.07,936.10,933.88,931.66,932.28,929.78,929.08,930.25,928.92,926.41,924.19,922.88,920.76,915.97,912.29,913.10,914.01,912.76,910.27,908.13,908.27,906.01,903.46,900.96,899.01,896.37,892.39,889.85,888.93,887.95,886.17,885.83,887.15,892.53,899.90,898.72,890.39,886.94,882.38,891.52,893.60,887.78,879.54,878.23,867.52,861.43,865.90,869.24,866.70,862.38,854.89,839.72,819.68,805.63,798.98,795.35,791.75,788.91,786.84,784.74,782.76,780.78,778.28,775.86,773.44,771.73,770.96,770.70,770.53,770.37,770.22,771.08,772.46,773.96,775.38,776.79,778.31,779.83,782.12,784.12,785.97,787.51,788.80,791.91,805.62,823.60,829.19,828.54,826.17,823.83,821.49,819.56,818.39,817.78,821.06,822.88,822.31,821.54,821.61,822.45,823.77,825.35,826.94,828.58,832.91,846.79,859.36,863.65,872.53,882.52,896.28,894.69,876.35,866.73,870.34,879.61,875.74,861.47,858.42,862.43,875.07,870.28,859.35,857.37,861.09,863.19,873.72,874.53,865.43,868.28,876.08,888.99,906.45,912.78,893.71,881.72,881.08,888.37,899.56,917.81,933.48,919.61,905.02,896.13,884.42,878.13,882.76,894.74,911.88,926.01,941.17,958.82,976.88,974.83,956.53,940.71,924.39,912.59,905.90,903.03,901.55,892.74,881.89,874.33,870.08,869.25,869.74,872.59,874.64,872.39,869.03,867.17,868.71,872.29,876.30,880.48,882.97,881.69,876.68,871.72,872.81,872.62,872.47,871.94,869.92,867.42,864.99,864.61,864.13
1030.97,1024.48,1016.06,1014.38,1017.02,1018.52,1017.10,1017.45,1017.14,1013.82,1012.35,1011.99,1009.37,1007.41,1009.07,1016.23,1021.10,1016.44,1015.15,1012.75,1010.75,1010.69,1011.67,1010.02,1005.90,1005.71,1005.69,1000.57,999.94,1007.38,1007.67,1005.57,999.81,1002.52,1003.80,1000.72,994.47,984.27,983.09,983.30,980.45,977.09,977.02,982.90,988.32,991.05,983.83,975.13,969.23,966.50,958.37,952.99,954.93,951.95,947.41,943.67,940.00,935.70,931.62,929.31,928.55,928.05,928.46,929.11,930.27,931.83,932.34,932.53,932.39,929.38,927.88,931.12,929.17,924.60,927.34,923.61,923.39,923.57,922.57,920.42,917.50,915.74,915.74,915.06,913.71,911.64,911.04,911.38,910.88,910.24,906.96,901.63,897.26,894.21,895.01,894.82,890.61,887.00,884.90,883.42,884.96,887.46,885.39,880.10,875.18,870.44,874.13,873.81,875.01,870.60,867.16,859.97,844.42,848.14,851.83,849.83,844.43,838.32,830.33,814.69,804.28,798.75,795.24,791.92,788.99,786.87,784.77,782.82,780.83,777.24,774.41,772.39,771.42,771.26,771.12,770.97,770.81,770.78,771.51,772.66,773.87,775.18,776.59,778.07,779.63,781.57,783.63,785.75,787.79,789.31,796.82,815.76,828.92,830.23,829.13,827.57,824.31,821.61,820.70,819.87,818.54,820.97,823.17,824.03,823.34,823.15,823.50,824.33,825.53,827.11,828.63,832.15,843.69,860.97,871.10,877.59,891.14,906.60,901.04,885.15,879.62,890.17,897.52,886.14,871.48,869.00,872.39,883.26,873.99,863.49,861.84,868.15,870.51,881.26,887.08,875.75,875.40,883.55,894.70,912.95,917.25,896.40,890.66,895.65,902.45,913.17,931.00,945.42,928.64,911.80,899.32,887.60,884.67,884.88,893.78,907.79,919.95,939.49,960.63,979.97,988.16,977.25,961.47,945.08,932.64,923.84,913.78,899.08,885.67,878.47,875.10,873.65,874.59,875.45,876.72,878.99,879.24,875.35,871.26,871.53,875.40,879.41,882.74,884.94,883.39,880.36,876.03,875.80,875.24,875.42,875.22,873.57,870.30,868.56,867.73,866.89
1029.76,1020.57,1012.06,1010.70,1017.69,1024.23,1023.89,1023.35,1028.05,1026.14,1022.58,1021.01,1017.87,1016.20,1016.79,1022.89,1023.69,1022.37,1021.36,1019.34,1018.68,1017.05,1013.25,1008.48,1005.60,1008.90,1010.02,1007.99,1004.56,1002.17,997.74,991.87,985.47,994.16,1001.75,1001.38,992.83,979.33,978.11,979.87,978.66,971.23,969.51,978.33,986.66,990.39,986.43,979.92,974.74,969.03,958.87,961.99,963.75,956.25,947.50,943.25,939.37,934.33,930.36,929.13,928.34,927.16,926.37,926.12,926.17,926.91,927.30,925.41,921.76,921.52,924.24,928.55,928.99,921.07,920.73,919.40,918.62,919.96,919.99,919.17,917.14,916.33,916.18,915.40,914.43,913.33,912.38,910.57,909.19,908.04,904.49,899.82,898.12,899.60,905.23,906.97,899.30,891.62,889.10,883.87,879.80,878.34,874.29,870.31,865.85,860.38,857.68,854.97,853.79,853.83,850.23,844.08,835.85,833.35,833.87,826.83,818.57,815.90,814.02,809.24,803.43,798.90,795.27,791.63,788.86,786.94,784.95,783.08,781.18,777.60,773.04,771.94,771.77,771.65,771.54,771.42,771.35,771.29,772.05,773.19,774.26,775.27,776.72,778.00,779.43,781.39,783.50,785.61,787.71,789.92,802.77,821.66,830.49,830.88,830.61,829.49,826.19,824.70,823.86,821.13,819.10,820.73,822.89,824.81,825.14,824.95,824.92,825.56,826.45,827.33,828.86,833.11,842.57,854.63,860.26,864.04,875.81,902.28,905.62,895.99,892.08,903.74,909.10,898.80,885.18,882.50,887.95,891.92,879.11,869.83,869.32,879.62,882.20,890.54,898.14,891.93,884.49,888.67,900.91,919.08,920.76,904.73,907.25,915.39,918.68,927.94,944.04,957.24,940.52,919.91,902.30,893.12,897.10,893.12,897.70,913.89,927.82,943.33,964.43,983.71,993.89,982.37,971.21,957.94,941.11,925.10,910.90,894.69,885.19,880.51,878.34,877.95,879.80,881.92,881.99,883.60,882.94,880.01,875.78,874.75,877.86,882.13,885.75,887.04,884.82,881.53,879.30,878.67,877.86,878.34,878.52,876.53,873.31,872.26,870.95,870.01
1024.62,1014.69,1008.12,1011.71,1022.44,1031.37,1032.94,1030.71,1028.12,1028.62,1028.18,1027.07,1024.52,1024.69,1023.74,1021.62,1019.94,1021.10,1020.16,1020.44,1019.13,1012.62,1007.67,999.32,999.52,1008.20,1008.91,1006.16,1003.59,1002.75,998.41,979.96,970.45,980.81,995.38,998.06,990.25,974.75,969.50,971.82,975.39,966.99,962.43,972.65,982.73,986.16,984.72,977.77,971.96,965.32,961.95,970.24,968.27,958.95,948.62,942.16,939.38,935.93,932.13,931.11,929.72,928.51,927.09,925.56,924.17,923.25,923.43,920.76,919.26,919.18,919.32,919.39,919.69,918.31,917.37,917.02,914.06,914.06,914.77,914.32,912.57,912.72,913.36,913.32,912.90,912.73,912.04,909.60,906.12,903.71,902.08,901.52,901.79,905.10,910.64,911.50,907.94,903.61,899.01,887.26,881.55,879.82,876.43,870.34,866.23,860.17,854.91,849.66,840.08,837.32,834.90,833.79,829.42,822.29,819.92,817.36,813.25,810.95,809.38,806.30,799.90,797.57,794.40,790.91,788.75,787.01,785.13,783.30,781.51,777.47,772.60,772.30,772.20,772.09,772.00,771.98,771.88,771.87,772.59,773.65,774.30,774.85,777.03,778.37,779.64,781.63,783.67,785.68,787.71,791.24,806.33,823.34,830.53,831.45,831.05,829.88,828.96,828.33,825.80,822.17,819.94,820.88,822.79,824.75,826.39,826.59,826.39,826.70,827.71,828.54,829.22,832.81,838.62,846.29,853.38,861.04,875.73,897.51,899.23,893.71,888.46,897.98,908.94,909.27,903.48,899.03,903.83,900.66,885.73,875.54,878.14,890.91,894.44,901.88,913.19,908.07,899.50,899.97,914.32,931.35,926.20,917.86,923.46,931.32,937.69,943.63,961.15,965.54,947.44,924.11,907.21,901.67,911.62,905.60,899.94,918.10,936.69,955.98,975.41,991.65,990.14,972.78,952.89,944.71,936.58,919.76,903.64,890.99,886.36,883.46,882.96,882.72,883.60,886.09,888.24,887.74,884.59,881.86,878.68,878.44,880.95,885.06,889.00,889.15,886.80,884.19,882.12,881.16,880.77,881.83,882.39,879.43,876.51,876.01,874.65,873.35
1020.29,1010.55,1005.87,1014.48,1026.73,1032.59,1033.11,1024.75,1012.74,1013.72,1013.51,1014.88,1012.01,1016.06,1013.37,1008.63,1007.05,1011.08,1008.12,1010.22,1009.78,998.63,993.73,988.24,996.83,1004.52,1004.58,1000.92,991.83,992.09,996.02,978.81,960.84,963.08,976.07,986.20,987.16,973.51,960.47,962.49,970.98,964.98,954.79,962.39,972.85,977.41,980.74,972.83,962.26,961.91,970.33,974.07,969.01,959.85,948.98,946.63,948.04,942.56,937.99,936.92,937.29,933.66,930.33,928.53,926.89,923.64,920.82,919.88,919.04,918.51,918.11,917.65,917.43,916.67,915.24,914.37,911.99,909.91,910.11,909.93,909.44,909.84,910.42,910.60,910.54,910.87,911.41,909.85,906.18,901.91,899.83,900.88,902.28,901.67,902.76,904.38,906.14,906.26,901.82,893.11,889.30,889.96,887.10,882.54,877.75,870.29,867.51,858.48,844.52,841.00,836.59,831.56,833.83,831.25,824.28,825.48,828.05,822.38,817.61,813.92,801.28,796.57,793.58,790.81,788.75,786.75,784.56,782.61,780.38,774.24,772.77,772.73,772.64,772.54,772.57,772.55,772.45,772.39,773.06,773.69,774.14,774.56,776.28,778.99,780.35,782.30,784.36,786.38,788.39,794.87,812.19,825.21,830.52,831.81,831.85,831.10,830.77,829.74,826.59,823.43,821.13,821.55,823.35,825.22,827.01,827.93,827.81,828.08,828.67,830.03,831.23,833.52,837.59,842.86,853.42,864.73,879.62,892.65,886.82,884.13,881.57,888.86,903.02,907.67,907.13,902.34,907.36,908.62,895.53,885.49,892.38,903.87,913.82,921.74,931.81,927.73,919.24,920.75,933.59,945.78,939.82,939.78,942.16,946.78,958.28,963.63,972.73,968.88,950.53,932.03,915.06,908.46,922.60,918.25,908.67,927.41,945.62,965.78,986.44,998.51,985.42,965.27,941.51,927.01,921.61,912.25,899.50,892.51,889.30,887.59,888.45,887.74,887.80,889.90,893.65,890.52,886.25,883.08,880.84,881.25,884.06,888.03,891.33,891.57,889.11,886.90,884.77,884.07,884.22,885.87,886.65,882.74,879.92,879.61,878.16,876.54
1015.32,1006.86,1002.53,1012.32,1020.30,1025.30,1029.54,1020.79,1001.25,995.39,995.92,998.61,996.26,1003.86,997.73,990.75,990.96,998.82,991.05,990.65,995.83,988.00,977.09,978.93,994.54,997.17,994.86,996.41,976.48,976.40,983.51,977.61,957.69,949.70,960.65,972.40,976.49,968.47,953.93,953.17,964.19,962.78,949.63,948.50,958.13,962.99,971.99,964.49,958.01,967.57,976.23,972.40,962.78,955.62,950.92,951.36,952.46,946.75,945.44,943.44,944.18,942.18,939.62,935.99,930.08,924.78,921.14,920.03,919.30,919.17,918.90,918.43,917.54,916.35,915.24,913.00,910.64,909.36,908.97,908.60,908.09,908.18,908.01,907.71,907.47,907.90,909.27,909.06,905.88,901.54,898.97,898.14,898.95,899.01,897.03,896.43,896.08,894.96,895.12,894.09,892.92,892.78,892.28,891.01,887.71,885.19,881.84,866.86,861.28,858.06,854.38,846.92,852.58,848.01,836.16,836.90,844.25,836.13,827.75,818.23,803.08,797.24,793.57,790.66,788.39,786.14,783.89,781.78,778.05,773.26,773.18,773.13,773.08,773.01,773.20,773.14,773.04,772.94,773.14,773.55,773.98,774.40,775.13,778.87,781.31,783.14,785.12,787.13,789.42,801.67,818.14,825.63,830.23,832.03,832.80,832.10,831.10,829.61,826.99,824.49,822.35,822.65,823.98,825.77,827.52,828.83,829.21,829.60,830.16,831.19,833.05,835.31,837.91,842.44,853.53,866.67,880.39,887.58,880.45,872.53,872.48,883.01,892.76,896.75,896.99,894.90,901.72,909.48,905.10,901.64,910.62,920.33,933.12,942.09,948.15,947.30,943.64,944.22,950.42,958.02,958.39,961.84,964.97,968.24,976.69,983.51,985.98,977.09,960.38,941.15,921.61,919.66,934.62,931.83,919.10,933.52,957.38,977.54,997.54,998.83,979.77,958.36,935.75,918.88,909.37,904.71,899.11,897.30,893.75,892.90,894.09,893.04,893.75,895.89,899.56,893.87,887.53,885.25,884.01,884.55,885.77,888.65,892.41,893.96,891.01,888.58,887.19,887.22,887.51,889.54,890.81,886.81,883.65,883.52,881.36,879.25
1009.78,1003.33,997.82,1006.08,1012.01,1016.01,1017.38,1018.10,1005.13,985.97,981.42,982.15,983.03,994.32,986.06,973.85,975.25,981.79,972.32,967.78,978.35,976.44,961.02,969.00,982.70,979.13,976.09,986.28,967.91,960.09,968.75,969.90,955.00,942.41,949.83,958.06,961.30,957.53,944.45,943.07,953.14,955.93,947.25,938.04,943.82,953.05,962.02,958.14,960.85,971.00,974.07,971.39,965.12,963.52,962.27,958.69,955.32,951.33,951.13,947.45,944.11,942.52,939.58,932.61,927.92,925.15,924.77,924.67,924.83,926.00,926.09,923.24,919.72,918.07,917.69,915.52,911.71,909.40,908.78,908.23,907.38,906.40,905.69,904.97,904.20,903.70,903.05,901.34,900.77,899.18,898.21,896.99,897.02,896.79,895.29,893.14,891.34,889.74,889.47,889.64,889.94,890.39,891.42,892.14,891.61,890.48,883.85,875.00,877.11,872.67,871.39,862.23,869.17,861.74,847.13,849.72,860.21,848.98,837.92,821.70,804.51,797.65,793.74,790.18,787.87,785.62,783.37,781.03,775.50,773.62,773.58,773.56,773.51,773.61,773.86,773.85,773.75,773.50,773.39,773.58,773.94,774.33,774.74,778.08,781.63,783.69,785.72,787.65,791.14,807.46,821.32,827.36,830.93,832.72,833.31,831.82,830.41,829.30,827.32,825.05,823.52,824.08,824.88,826.35,828.03,829.54,830.41,831.28,832.08,832.97,833.99,835.78,838.12,843.49,857.11,869.66,874.50,878.25,876.10,866.41,864.23,873.44,878.81,883.53,885.92,885.57,893.59,901.41,901.24,907.70,918.11,925.95,933.36,939.63,945.59,949.31,952.56,955.00,958.76,962.47,968.33,974.55,981.94,988.30,996.38,1002.37,1001.59,986.11,967.98,946.34,928.64,934.13,950.28,947.66,933.23,940.85,964.28,987.88,1005.45,999.97,979.26,954.70,930.90,917.06,908.92,904.87,903.05,902.12,898.58,899.10,899.47,899.15,902.01,903.57,902.04,893.04,889.34,889.91,888.10,888.94,889.41,890.16,894.50,895.81,893.24,891.73,890.95,891.46,892.10,893.58,893.68,889.58,887.94,887.63,885.10,882.35
1005.52,997.75,992.15,997.44,1004.78,1008.32,1001.41,1005.01,1003.60,985.62,969.64,965.22,968.32,973.93,968.90,956.01,949.11,949.35,946.72,944.92,952.79,952.92,945.83,954.27,962.76,959.21,967.85,973.24,962.77,948.44,952.44,954.26,946.87,935.91,941.31,946.19,946.79,943.52,934.05,931.26,936.00,936.84,934.03,930.13,933.59,946.35,951.54,951.60,958.90,964.08,966.02,969.94,975.46,975.47,969.51,960.82,956.30,953.75,949.75,941.26,936.82,933.74,930.40,928.53,927.85,930.03,930.95,935.61,940.60,942.63,940.81,934.56,925.88,920.70,923.38,923.94,921.78,914.73,909.73,909.17,908.23,906.99,905.99,904.85,903.80,901.88,900.05,899.12,898.78,898.08,897.10,896.05,895.08,894.46,893.56,891.55,889.88,888.78,887.83,887.11,887.18,887.75,888.54,890.73,891.76,889.67,885.13,884.44,886.19,883.66,883.45,879.37,881.97,873.40,859.67,863.66,869.51,860.88,846.55,825.91,807.72,798.00,792.89,789.18,787.13,785.13,783.13,781.01,775.86,774.00,773.94,773.94,773.97,774.39,774.74,774.59,774.23,774.03,773.90,773.82,774.06,774.44,775.13,778.91,781.88,783.97,786.13,788.13,793.69,810.11,820.32,828.92,831.91,833.79,833.60,831.39,829.67,828.68,827.48,825.60,824.82,825.46,826.30,827.26,828.89,830.42,831.51,832.86,833.67,834.59,835.50,836.59,838.27,843.65,855.56,859.20,859.47,865.47,867.11,860.37,859.55,864.90,868.82,871.81,875.64,878.71,885.02,888.06,891.75,902.02,906.64,911.05,918.83,924.08,928.32,934.13,938.80,943.20,946.47,949.65,958.05,964.14,974.63,987.98,1006.50,1019.08,1014.46,994.11,971.73,951.87,943.43,946.05,965.34,959.96,945.87,959.45,980.37,1000.25,1009.16,996.87,980.86,961.69,939.77,924.20,913.05,908.14,907.86,905.06,902.32,903.68,903.78,904.08,908.98,910.27,902.59,896.56,899.42,899.03,891.94,892.69,893.53,893.80,898.33,898.04,897.85,899.36,900.74,900.57,900.36,899.65,897.51,893.48,892.07,891.56,888.74,885.06
1001.49,993.07,985.05,990.80,1001.27,1001.76,987.91,986.37,988.29,977.90,964.78,952.63,949.16,949.87,947.87,937.05,933.73,932.16,932.08,933.27,934.56,933.78,929.56,934.08,939.30,942.26,955.19,951.27,945.79,934.96,937.89,941.09,936.96,927.39,929.26,931.75,931.37,928.45,924.34,921.59,922.30,922.71,921.42,919.04,924.27,932.17,937.26,942.02,950.56,957.65,962.94,970.35,975.12,973.75,965.99,954.03,949.99,947.10,941.19,936.36,932.43,930.36,930.59,929.83,931.90,939.00,941.13,943.80,949.16,950.75,946.45,940.65,930.55,926.23,933.95,936.46,933.77,922.19,916.97,914.85,909.94,909.11,908.49,907.63,906.67,903.44,899.86,898.76,897.94,897.30,896.41,895.38,894.19,893.15,892.23,891.01,889.92,889.50,888.11,885.62,884.60,884.54,884.75,887.67,890.84,890.88,890.11,890.04,890.20,889.64,889.91,889.84,887.67,881.10,875.58,877.63,872.56,864.45,848.61,828.34,809.76,799.13,792.05,788.62,786.78,784.94,783.16,781.34,777.59,774.39,774.38,774.38,774.43,774.89,775.00,774.96,774.71,774.55,774.43,774.30,774.31,774.69,776.56,780.13,782.20,784.27,786.44,788.65,798.96,813.88,821.68,830.14,833.08,835.03,833.77,831.38,829.43,828.13,827.01,826.22,826.20,826.81,827.78,828.60,829.78,831.39,832.60,834.17,835.31,836.20,837.07,838.00,839.49,842.14,847.98,849.56,851.57,856.71,858.08,857.22,859.31,862.60,865.53,868.22,871.66,875.66,879.35,883.00,888.14,894.75,897.78,902.70,908.69,913.42,916.63,919.95,926.38,931.34,936.20,939.39,946.08,954.96,965.78,982.93,1004.69,1020.78,1020.63,1001.04,980.51,968.64,959.96,963.18,982.10,973.00,964.35,981.83,997.34,1009.29,1002.35,984.61,969.71,956.87,941.24,925.28,916.06,912.94,911.81,907.62,906.19,907.91,908.57,907.58,914.12,916.05,906.47,906.23,908.18,902.39,895.09,896.04,897.87,898.09,901.62,902.29,903.87,909.77,916.78,915.33,912.36,908.04,903.29,898.42,896.34,895.13,891.74,887.38
998.76,989.06,976.97,979.38,985.99,985.61,974.55,963.69,961.39,958.50,953.23,943.69,940.50,940.15,939.18,929.28,922.90,921.74,920.88,921.20,922.63,923.37,921.65,920.68,921.74,925.21,930.92,928.08,924.12,918.90,916.41,919.93,920.31,916.91,916.25,917.57,918.65,917.11,912.78,910.76,910.79,910.49,910.76,917.87,927.81,934.39,942.22,949.55,956.35,960.12,961.58,965.32,965.32,965.46,962.34,953.50,949.34,947.21,946.42,941.04,938.60,940.14,941.81,937.93,943.18,948.09,948.88,948.75,955.75,955.59,951.81,945.51,932.34,928.71,938.86,945.20,937.80,924.23,926.61,922.70,914.59,916.57,916.70,915.77,910.94,905.67,900.35,898.85,898.16,897.52,896.77,895.85,895.24,894.46,893.79,893.21,892.37,890.93,888.21,885.31,882.77,881.45,880.75,881.23,886.63,889.41,890.41,890.48,890.35,889.47,887.49,886.89,883.58,881.35,880.45,872.74,860.96,852.89,843.27,828.03,809.67,800.40,792.28,788.62,786.87,785.12,783.36,781.62,778.88,774.80,774.82,774.86,774.95,775.11,775.13,775.13,775.07,774.98,774.77,774.51,774.61,775.31,778.49,781.04,782.72,784.60,786.76,789.21,803.54,816.46,825.74,831.65,834.48,835.79,833.28,830.79,829.25,828.11,827.30,827.39,827.63,828.14,829.16,830.29,830.97,832.33,833.67,835.32,836.85,837.79,838.59,839.45,840.74,842.63,845.66,848.09,850.06,852.53,854.52,856.26,859.75,864.03,867.36,870.08,872.74,875.75,879.67,882.87,887.08,891.34,895.37,900.45,904.74,908.40,912.50,917.88,924.25,932.51,940.39,945.11,948.26,954.73,962.97,978.91,997.90,1014.47,1023.68,1010.79,999.62,986.91,978.87,986.37,998.14,990.99,990.93,1004.31,1011.95,1005.58,987.00,970.54,952.76,941.54,929.97,923.23,919.98,919.66,915.93,911.60,911.00,915.04,916.21,912.22,920.80,920.96,915.94,916.82,912.64,903.14,897.98,900.57,902.59,902.59,904.81,907.10,909.86,921.34,929.93,929.90,922.27,913.24,906.36,901.74,900.43,898.63,896.28,891.15
994.88,982.26,966.89,963.24,966.52,965.32,959.38,952.96,946.30,941.75,940.00,937.02,935.95,935.32,934.23,927.01,919.40,918.70,918.05,917.35,916.73,916.20,915.32,914.65,914.89,914.82,914.55,914.01,909.73,908.91,908.64,908.89,909.22,909.32,909.60,909.61,908.88,907.75,906.61,905.60,905.50,905.10,904.73,910.09,917.45,925.36,935.07,941.75,943.57,943.68,946.15,952.09,952.99,961.26,961.97,962.39,958.96,954.20,955.58,950.02,949.77,953.45,954.50,947.54,954.07,957.85,956.91,954.46,959.46,959.57,957.74,947.07,932.26,932.63,942.69,948.82,938.90,929.57,931.28,924.49,919.15,926.52,927.97,926.97,919.47,913.19,906.17,900.69,899.29,898.59,897.92,897.45,897.08,896.46,895.95,895.72,893.67,889.90,887.65,884.72,882.38,879.87,877.11,877.39,881.41,884.39,887.18,889.46,889.68,887.22,883.31,879.68,876.78,871.03,867.56,862.19,851.95,838.35,830.36,820.08,809.58,801.01,791.94,788.56,786.84,785.09,783.34,781.71,780.27,775.73,775.23,775.33,775.40,775.50,775.47,775.36,775.22,775.07,774.87,774.63,774.80,776.50,779.92,781.87,783.62,785.43,787.27,789.86,802.89,816.32,828.72,833.11,836.08,836.22,833.05,830.29,829.34,828.51,828.17,828.65,829.02,829.43,830.18,831.63,832.59,833.46,834.76,836.44,838.12,839.37,840.17,841.05,842.06,843.25,845.33,847.87,850.08,852.09,854.40,857.06,860.06,865.53,870.86,873.24,875.41,878.08,882.50,887.09,888.48,894.37,898.32,898.85,903.19,908.48,915.31,922.19,927.70,935.01,944.23,952.67,957.38,960.19,960.79,968.49,987.34,1008.38,1027.55,1033.22,1027.06,1008.95,1002.10,1008.62,1015.09,1012.63,1012.10,1017.61,1012.29,991.38,972.04,956.84,944.31,935.77,933.02,931.72,930.91,931.49,924.52,918.06,918.75,927.79,926.39,919.35,926.99,927.88,923.54,922.21,912.82,903.91,901.30,903.73,907.68,907.70,908.37,911.64,921.18,935.03,937.63,933.05,922.47,913.89,908.01,905.18,904.62,902.98,901.63,894.89
978.47,970.47,959.96,955.03,954.06,951.90,946.95,941.34,938.56,937.59,936.40,935.67,934.79,933.95,932.61,929.22,925.20,924.65,923.39,922.42,922.12,920.81,919.38,916.49,914.22,910.85,909.33,908.71,907.58,907.08,906.90,906.98,906.96,907.05,907.03,906.39,905.53,904.08,902.76,901.27,901.18,901.35,899.40,899.38,901.98,906.87,912.75,919.03,922.32,925.35,932.46,939.49,946.00,956.32,958.96,962.00,961.54,960.33,965.28,959.25,958.89,961.46,960.84,954.84,958.97,960.62,960.26,960.06,960.10,960.03,958.27,948.42,936.15,935.18,942.00,948.06,942.88,936.14,931.79,924.73,925.81,934.31,932.61,927.47,924.73,922.30,918.76,912.66,906.13,902.03,899.41,899.00,898.84,898.45,898.19,898.12,895.78,889.74,887.43,886.84,887.21,882.44,873.91,873.70,876.17,878.93,883.43,887.38,888.46,885.74,881.17,878.11,875.93,872.14,865.77,861.59,857.42,845.79,831.88,826.90,815.91,801.48,791.47,788.40,786.74,785.05,783.39,782.10,780.92,777.30,775.63,775.80,775.86,775.77,775.61,775.44,775.24,775.06,774.87,774.77,775.06,778.24,781.12,782.93,784.73,786.53,788.56,792.87,804.57,825.07,834.12,836.05,837.87,836.44,833.44,831.70,830.71,829.38,829.00,829.54,830.53,831.10,831.45,832.52,833.93,834.97,835.92,837.42,839.16,840.94,842.01,842.91,843.88,844.84,845.73,847.90,850.36,852.48,854.73,857.11,859.60,866.95,876.89,881.75,879.18,883.68,893.85,898.48,897.28,899.37,908.04,903.44,904.53,912.91,926.87,936.74,935.71,939.32,947.99,961.60,974.67,975.65,973.15,970.88,985.53,1007.22,1028.36,1044.54,1049.18,1035.49,1029.06,1035.63,1039.30,1033.10,1028.64,1018.71,1002.96,981.63,961.16,948.60,942.94,943.55,945.59,945.99,946.19,943.39,935.62,934.24,938.59,942.51,932.11,925.43,932.77,934.38,929.92,922.74,910.59,906.40,905.61,906.08,910.13,912.54,914.29,921.23,932.86,945.95,948.82,932.81,921.53,914.94,910.79,909.01,909.05,907.05,902.50,896.25
966.11,963.06,957.09,950.13,947.25,943.91,940.26,939.72,938.81,938.89,939.09,939.11,938.86,938.53,937.02,934.35,933.88,932.80,930.54,929.02,928.37,925.57,923.66,922.49,920.14,914.07,911.67,910.77,907.68,905.76,905.10,904.87,904.87,904.86,904.40,902.42,901.86,900.74,898.89,898.20,897.88,898.59,897.35,895.83,896.41,897.13,898.25,901.59,905.63,909.43,918.28,925.87,934.46,943.16,942.61,949.59,959.41,959.79,964.86,965.35,964.81,964.30,962.70,960.24,960.75,960.17,960.00,959.87,960.00,958.04,952.93,945.06,939.19,942.24,945.91,948.38,941.70,934.85,931.21,931.80,933.67,939.18,934.79,929.71,931.63,929.60,927.28,923.50,917.96,914.86,912.76,909.14,905.96,904.38,904.93,905.05,903.42,896.04,890.65,892.77,897.37,884.67,869.84,869.32,870.23,871.92,879.87,885.51,890.23,888.63,884.44,882.42,881.23,876.78,872.43,873.55,870.41,856.36,848.76,842.95,823.34,801.66,790.90,788.13,786.53,785.09,783.78,782.57,781.37,778.88,776.09,776.21,776.18,776.01,775.85,775.75,775.68,775.66,775.35,775.34,776.36,780.01,781.92,783.76,785.64,787.47,789.64,797.07,808.82,834.89,839.03,838.96,839.12,836.73,834.50,833.73,832.12,830.47,829.95,830.41,831.64,832.73,833.00,833.59,834.87,836.26,837.26,838.35,839.91,841.93,843.75,844.78,845.75,846.66,846.77,847.84,850.22,852.86,855.71,858.14,861.53,871.57,886.23,893.14,887.19,889.14,904.34,913.92,911.84,911.49,920.32,913.10,908.38,917.94,937.82,950.50,947.07,942.33,951.86,968.08,985.83,994.41,992.46,986.09,988.74,1005.96,1027.28,1047.75,1068.27,1064.38,1060.73,1061.41,1051.60,1036.83,1018.89,1007.00,991.41,973.18,957.95,950.42,950.62,956.01,958.08,958.33,957.76,955.97,951.57,955.05,957.88,950.59,934.80,930.76,939.33,940.48,935.81,923.65,913.90,910.44,909.84,908.95,911.97,915.10,919.57,929.75,940.27,953.00,955.79,935.21,923.35,917.56,913.72,912.85,912.36,908.47,901.86,897.59
957.96,954.61,950.12,948.32,947.23,945.74,944.39,943.85,942.50,942.69,942.75,942.55,942.28,941.95,940.31,939.31,938.96,936.86,933.59,932.61,931.37,928.67,927.44,924.20,919.38,916.58,916.42,915.92,911.59,908.75,905.54,903.42,902.67,902.00,902.26,900.19,898.77,898.28,896.46,895.44,895.42,896.19,895.37,893.20,892.74,893.08,893.23,894.05,893.92,894.58,902.52,909.46,917.41,927.70,924.95,934.69,950.82,945.80,949.46,955.28,961.51,961.23,961.06,961.37,958.84,952.80,953.10,952.84,956.37,956.43,949.75,947.10,949.28,950.87,950.66,947.24,938.03,932.80,934.14,937.83,935.86,933.14,934.76,933.22,928.96,926.56,927.92,927.31,924.39,922.40,919.91,911.75,910.20,911.77,912.69,912.27,911.61,907.17,900.90,900.83,899.31,882.07,866.49,864.15,866.15,867.22,871.52,878.90,889.54,892.31,889.79,887.46,885.88,882.67,881.71,881.76,876.36,867.95,866.92,847.85,820.54,799.62,790.03,787.96,786.94,785.71,784.38,783.14,781.90,780.61,778.20,776.84,776.90,777.05,777.18,777.27,777.36,777.36,777.34,776.51,778.51,780.92,782.44,784.21,786.03,787.88,790.39,798.34,814.69,838.16,840.40,840.35,839.76,837.47,836.44,835.08,833.06,831.76,831.07,831.60,832.83,834.06,834.65,835.00,835.84,837.19,838.53,839.66,841.16,843.13,845.09,846.60,847.58,848.41,848.16,848.00,849.20,851.05,855.40,859.95,868.08,878.95,893.18,901.08,896.63,895.04,907.47,922.24,926.27,921.89,930.75,922.57,915.92,923.70,940.99,960.68,960.09,952.33,960.69,970.32,988.33,1007.27,1014.24,1002.52,995.72,1010.26,1035.16,1057.41,1078.53,1084.93,1075.76,1061.72,1040.11,1021.42,1002.55,993.19,977.85,967.75,960.68,957.76,965.54,972.17,970.56,968.71,970.37,970.96,971.21,972.24,966.18,951.35,937.50,939.12,944.90,946.39,942.70,929.57,917.24,914.48,913.26,913.40,918.34,918.91,924.16,935.89,947.86,964.34,964.42,942.98,928.26,920.72,917.15,916.50,913.12,908.54,905.61,907.42
953.47,952.58,951.63,950.59,950.74,950.53,949.95,948.32,947.25,946.75,946.39,945.89,944.99,943.38,942.00,942.03,941.42,939.06,935.98,935.14,933.47,931.77,930.40,927.32,923.40,921.84,921.50,920.95,916.68,913.55,910.40,907.77,904.44,900.76,899.41,898.50,896.71,896.01,894.26,892.85,892.95,893.71,893.45,890.93,889.57,889.35,888.92,888.81,888.03,885.73,887.81,891.67,897.58,908.29,911.50,921.47,936.35,936.34,935.75,945.99,949.72,948.80,950.90,956.99,954.55,941.86,941.33,941.83,951.63,955.23,954.60,953.33,951.39,950.46,949.26,945.32,937.56,929.72,925.92,925.21,925.01,922.05,921.00,921.76,918.33,913.22,915.99,917.92,918.19,917.02,912.06,902.90,900.71,903.65,905.10,905.78,909.21,909.38,907.22,904.06,900.50,886.41,867.76,860.59,862.65,863.00,866.08,875.04,885.94,892.27,889.34,884.09,882.45,882.51,881.92,881.38,880.61,877.29,866.65,841.01,816.42,797.93,790.61,788.94,787.73,786.35,785.02,783.85,782.59,781.13,779.43,777.77,777.46,777.91,778.34,778.73,779.03,779.30,779.16,777.60,779.65,781.51,783.02,784.72,786.53,788.29,791.49,800.86,821.17,839.89,840.81,840.64,840.03,839.22,838.10,835.98,834.06,833.03,832.23,832.85,834.08,835.32,836.23,836.55,837.04,838.08,839.49,841.11,842.73,844.60,846.44,848.09,849.37,850.31,849.79,848.95,849.79,854.34,856.09,859.35,866.76,877.40,892.30,902.89,907.00,906.38,910.16,922.41,935.88,932.90,941.13,933.41,932.62,939.07,949.79,970.44,972.54,957.81,965.85,977.38,993.93,1014.04,1030.55,1022.73,1009.54,1015.36,1039.71,1061.70,1082.98,1089.48,1070.04,1045.37,1022.63,1008.19,994.96,987.25,981.48,975.63,968.53,967.61,981.13,983.69,980.70,980.51,985.55,987.98,987.59,980.66,966.07,950.00,941.27,949.18,953.40,955.33,947.27,929.86,920.00,918.30,916.71,917.60,922.06,924.52,930.38,941.50,953.29,970.12,966.03,946.88,932.89,924.11,921.22,918.89,918.85,912.73,912.18,920.74
955.82,955.17,954.24,953.41,953.31,953.16,952.38,950.88,950.56,950.23,949.67,948.30,946.34,944.63,943.82,943.94,942.38,940.03,938.32,937.57,936.23,934.80,933.50,932.10,930.43,929.05,927.22,924.42,920.74,918.41,916.30,914.35,913.03,908.82,903.06,899.94,897.28,894.77,892.73,890.85,890.60,891.22,891.55,889.66,887.12,886.53,885.59,884.83,883.81,880.63,880.77,882.78,886.88,892.79,896.75,902.99,920.09,925.16,924.93,936.68,936.56,936.58,939.50,948.19,950.07,940.80,937.03,941.51,950.41,947.58,947.38,947.05,942.61,938.30,938.13,938.51,938.26,933.77,926.96,921.35,918.50,915.37,911.61,909.41,906.24,902.67,903.24,905.98,906.70,905.62,902.81,894.99,892.85,895.23,894.53,895.67,900.23,899.78,900.85,899.48,897.83,890.79,873.60,859.95,859.62,859.66,862.19,867.39,876.93,886.94,887.71,878.41,874.38,872.83,874.52,876.11,878.45,877.05,860.05,837.28,815.91,798.45,793.04,789.73,788.25,787.01,785.70,784.20,782.62,781.07,779.61,778.25,777.86,778.25,778.68,779.13,779.63,780.47,779.90,778.54,780.20,781.91,783.56,785.21,786.96,788.70,793.32,804.41,827.24,840.19,841.15,841.21,840.94,840.66,838.69,836.51,835.19,834.21,833.47,834.18,835.44,836.68,837.70,838.14,838.57,839.15,840.42,842.11,843.93,845.85,847.73,849.48,851.32,852.93,853.14,852.11,858.90,868.58,865.24,862.17,867.96,875.28,886.56,900.65,914.25,922.81,921.48,928.50,943.94,946.51,954.40,949.85,950.08,961.50,965.88,983.25,987.38,967.47,967.01,984.16,1004.50,1023.59,1042.24,1046.85,1030.52,1026.69,1048.87,1070.21,1089.72,1087.88,1066.75,1040.10,1019.47,1010.45,1003.12,997.22,991.71,984.58,975.87,978.56,994.55,998.94,997.86,998.13,1003.13,1003.80,995.71,980.84,962.43,949.09,952.95,967.21,969.45,964.76,948.75,930.70,924.62,922.23,920.38,921.63,925.10,927.33,933.53,943.93,953.57,971.28,967.63,950.04,937.33,929.11,925.82,924.69,928.37,919.11,916.77,929.27
958.44,958.38,957.63,956.25,955.96,955.54,954.06,952.58,952.54,952.57,951.86,949.42,947.78,946.03,945.88,945.74,944.14,942.45,941.55,940.26,938.63,937.80,937.10,936.05,934.94,933.71,931.35,927.67,924.19,922.69,921.39,920.09,918.51,915.40,912.71,910.28,908.49,904.95,900.75,894.51,890.51,888.98,888.18,887.31,885.00,883.87,882.71,881.23,880.44,878.68,878.28,878.94,880.90,883.79,885.59,888.29,900.65,905.77,908.60,922.16,925.77,931.00,936.92,943.07,941.85,938.66,936.27,943.96,946.81,940.00,937.33,936.37,934.10,929.48,928.20,929.33,928.35,926.78,926.05,924.66,922.22,919.30,915.18,912.15,908.19,901.87,896.98,894.40,893.42,892.99,891.19,887.30,884.29,883.81,881.25,881.23,883.74,882.64,886.72,888.45,889.58,889.70,877.57,860.96,858.08,857.96,858.80,862.14,873.97,884.75,885.98,873.50,867.80,866.12,868.30,870.56,872.93,873.46,857.09,835.91,815.32,799.30,794.53,790.85,788.80,787.40,785.99,784.39,782.85,781.34,779.91,778.75,778.30,778.66,779.04,779.43,779.94,781.29,780.24,779.54,780.85,782.44,784.12,785.83,787.47,789.09,796.41,809.82,830.68,840.38,841.31,841.81,841.29,840.47,838.82,837.69,836.50,835.35,834.58,835.37,836.75,838.04,839.11,839.71,840.16,840.70,841.53,842.99,844.83,846.77,848.55,850.46,852.26,854.08,855.86,857.54,861.89,871.38,878.28,872.30,873.78,879.57,890.11,902.63,915.53,933.19,942.39,946.08,956.62,963.01,970.85,975.46,975.79,983.19,986.74,994.75,1004.16,992.10,977.41,982.78,1006.84,1025.64,1044.57,1059.74,1050.22,1039.99,1056.24,1082.12,1097.39,1084.92,1064.67,1042.13,1029.64,1025.08,1018.83,1015.16,1002.50,989.56,981.76,990.50,1007.21,1013.68,1011.86,1014.10,1018.37,1010.88,997.84,977.19,958.99,955.54,970.13,979.97,979.98,966.92,948.73,933.70,929.53,926.54,923.99,926.96,929.96,929.56,936.14,945.90,954.14,971.99,972.11,957.48,942.50,934.63,929.66,929.79,933.31,925.13,922.19,936.49
960.91,961.16,960.64,959.18,958.71,957.43,955.58,954.42,954.56,954.70,953.36,951.22,948.67,947.82,948.00,947.75,946.99,945.83,945.99,945.83,945.06,944.22,942.88,940.71,939.29,937.83,934.59,930.24,927.76,926.58,924.89,923.05,921.82,920.26,917.48,914.49,912.62,912.18,911.41,908.07,901.31,898.06,895.04,892.63,890.82,886.95,884.40,880.80,879.05,877.52,876.45,876.48,876.92,877.82,878.83,880.21,885.06,890.08,893.27,901.56,917.79,931.68,939.77,938.86,931.16,932.74,941.14,949.97,950.07,945.02,939.42,936.45,931.90,928.32,924.33,922.57,919.93,918.70,918.88,918.74,917.91,914.52,911.03,908.18,904.36,901.19,896.29,891.52,889.05,887.70,886.13,883.88,880.31,878.36,876.79,875.12,872.72,869.66,870.65,872.87,875.50,878.77,874.09,861.11,857.73,856.34,857.35,861.23,873.58,882.26,884.01,876.74,867.03,861.01,860.96,862.57,864.44,863.00,845.31,830.09,812.90,799.70,795.71,792.14,789.79,788.48,786.78,785.04,783.44,781.87,780.25,779.32,778.73,778.99,779.37,779.80,781.19,782.47,781.12,780.48,781.55,783.07,784.76,786.50,788.22,791.12,801.24,817.91,837.63,841.07,841.91,842.20,841.37,840.62,840.14,839.22,837.78,836.46,835.69,836.51,837.90,839.29,840.62,841.39,841.86,842.40,842.99,844.03,845.79,847.98,849.87,851.21,852.52,853.92,855.42,857.09,859.10,865.58,876.79,883.00,884.80,887.89,896.10,910.36,922.48,938.52,953.64,959.73,961.02,959.49,966.23,981.71,994.66,1002.32,1007.80,1009.77,1019.90,1016.39,1007.59,1005.25,1005.23,1021.21,1040.01,1062.22,1069.85,1056.03,1064.86,1089.62,1103.88,1089.30,1066.73,1052.71,1051.51,1043.05,1039.45,1028.35,1009.71,994.38,989.66,1001.78,1022.41,1031.60,1028.59,1032.03,1029.54,1013.19,996.54,972.97,961.63,967.58,981.50,990.46,985.60,966.86,948.87,941.81,938.53,931.68,928.29,931.60,934.21,933.04,936.92,947.95,957.77,972.98,976.58,961.97,946.89,938.15,933.57,935.73,938.28,933.60,935.51,947.30
963.37,963.39,962.63,961.80,960.93,958.87,956.86,956.50,956.81,956.82,955.69,953.71,951.42,950.56,950.49,949.71,949.62,950.13,951.96,953.49,955.13,954.79,952.66,948.22,944.46,942.00,938.03,934.39,931.72,930.33,928.23,925.89,924.64,923.26,920.17,917.75,915.39,914.51,913.68,912.32,911.00,908.82,905.21,902.88,900.78,894.55,891.76,889.42,886.11,881.80,877.69,875.27,873.78,873.45,873.67,874.77,877.02,879.00,883.29,897.16,917.52,934.31,940.49,934.96,926.06,935.86,945.69,949.37,949.58,949.19,947.30,946.77,942.41,935.84,928.82,920.60,917.37,915.56,912.90,909.56,908.11,906.63,905.00,902.68,899.48,898.06,896.01,893.80,891.77,890.24,887.65,887.61,885.08,879.84,879.36,877.99,872.09,868.37,866.45,864.94,863.68,862.12,861.23,858.79,856.46,854.77,855.13,858.54,867.52,875.53,880.38,875.91,863.60,855.86,855.85,856.67,855.69,852.59,839.65,825.47,809.97,799.29,796.29,793.67,791.14,789.10,787.47,785.73,784.11,782.57,781.33,779.89,779.21,779.34,779.68,780.68,782.66,783.68,782.68,781.77,782.34,783.70,785.42,787.17,788.94,796.01,809.35,826.91,840.34,841.79,842.64,842.56,841.90,841.86,841.80,840.63,838.96,837.66,836.87,837.35,838.66,840.13,841.83,843.06,843.64,844.13,844.68,845.56,846.75,848.31,850.70,852.46,853.68,854.92,856.23,857.59,858.93,861.78,870.41,879.70,887.79,899.15,906.72,918.94,936.03,948.43,951.07,948.77,948.88,945.84,954.06,965.93,980.71,996.37,1006.67,1013.06,1023.70,1028.60,1027.79,1030.10,1025.76,1028.38,1041.53,1062.11,1084.20,1082.22,1083.56,1101.72,1110.94,1093.98,1080.74,1080.95,1077.43,1064.38,1055.63,1035.77,1012.55,1002.05,999.40,1011.27,1031.61,1043.75,1046.90,1043.85,1029.60,1008.71,991.21,972.41,971.82,976.90,988.20,1000.81,990.33,968.70,955.06,955.21,945.30,937.05,931.28,936.66,938.94,938.28,937.97,948.70,959.66,976.38,978.45,963.64,950.76,942.64,938.49,942.20,944.23,945.39,950.23,957.66
965.66,965.46,964.87,964.11,962.36,959.99,958.25,958.67,959.22,959.03,958.23,958.10,957.42,956.30,956.52,958.27,959.30,959.89,962.40,962.88,965.02,964.05,963.46,956.11,950.32,950.75,946.09,939.60,936.15,934.33,931.07,928.56,927.55,925.71,921.50,919.02,917.43,915.47,913.23,911.27,909.99,908.36,906.12,903.78,901.14,897.14,894.78,893.20,891.44,889.36,883.74,879.60,876.37,872.13,870.00,870.14,870.25,871.25,874.63,883.66,900.80,920.65,932.81,925.98,921.63,936.86,940.37,940.31,941.66,942.49,947.81,949.20,946.56,941.06,935.07,927.92,923.51,921.48,917.86,914.77,912.70,909.77,909.68,909.78,907.21,904.85,902.69,902.76,906.02,902.06,892.03,896.26,894.19,885.56,888.65,885.97,878.52,873.85,868.90,865.53,861.57,859.13,857.73,856.50,854.79,853.53,852.82,854.58,856.30,859.98,867.20,868.66,857.47,848.36,850.89,852.39,848.70,841.41,837.27,823.15,805.47,798.17,795.68,793.36,791.09,789.17,787.70,786.20,784.71,783.21,781.63,780.05,779.61,779.74,780.07,781.37,783.09,784.64,784.30,783.30,783.44,784.38,786.05,787.82,790.77,804.40,822.39,835.23,840.90,842.32,843.33,843.18,843.24,843.41,843.11,841.56,840.09,839.13,838.40,838.15,839.21,840.75,842.57,844.36,845.39,845.91,846.65,847.09,848.48,849.27,850.80,852.92,854.80,856.18,857.44,858.89,860.93,862.98,866.70,872.26,882.49,897.20,914.17,929.17,940.06,940.03,936.21,934.31,934.56,933.71,943.59,953.61,966.43,981.04,986.97,994.15,1004.83,1013.34,1021.06,1031.80,1042.28,1049.26,1061.43,1073.58,1092.73,1100.84,1103.50,1109.98,1119.07,1112.53,1109.03,1109.22,1100.98,1083.18,1062.55,1039.87,1020.26,1020.34,1013.17,1024.66,1043.00,1057.91,1056.19,1041.69,1018.18,1001.29,985.76,979.68,984.60,991.05,994.26,1008.18,997.47,975.29,968.96,966.37,950.72,941.87,936.21,943.08,946.25,943.68,940.49,949.97,961.24,978.87,980.12,963.69,953.84,947.70,944.24,949.73,950.88,953.67,960.69,963.82
967.60,967.52,967.10,966.13,963.92,961.67,962.06,964.86,964.21,963.54,963.74,964.75,967.37,966.49,965.60,969.34,971.37,971.99,972.06,971.17,976.29,975.97,971.33,961.00,958.34,962.90,955.70,944.78,940.78,942.21,939.07,934.42,931.30,928.30,923.80,919.44,917.08,914.63,912.12,909.96,908.51,906.99,905.02,903.20,901.42,899.37,897.32,895.04,893.40,892.09,890.32,886.66,880.82,875.45,871.94,868.67,867.42,867.89,869.19,873.09,883.01,898.26,910.84,907.02,917.99,931.05,931.08,931.74,934.37,938.93,942.76,941.44,942.38,942.28,941.00,937.40,933.69,929.47,925.42,923.23,921.67,919.68,920.65,919.56,916.23,913.35,915.39,916.27,914.70,907.93,896.13,903.40,898.82,890.78,895.50,891.89,893.21,890.22,878.70,868.50,862.96,859.20,857.87,856.99,855.78,853.61,851.47,850.47,848.43,847.51,847.68,847.49,843.55,833.48,833.44,836.66,834.08,828.15,826.91,817.07,801.26,797.14,794.97,792.73,790.68,788.96,787.40,786.12,785.09,783.70,781.93,780.33,779.95,779.95,780.61,782.09,783.63,785.24,785.69,784.82,784.74,785.36,786.37,788.15,795.81,814.11,833.08,840.40,842.23,843.45,844.47,844.67,844.81,844.93,844.21,842.71,841.96,841.26,840.13,839.78,840.43,841.72,843.40,845.28,846.99,847.65,848.53,848.98,849.60,851.21,851.86,853.10,855.13,857.14,858.70,860.14,863.09,866.07,868.75,873.84,884.55,899.49,914.61,927.65,928.75,926.18,923.79,921.81,922.14,925.40,933.83,942.60,955.41,963.40,965.20,974.32,987.92,997.77,1010.15,1022.14,1040.00,1056.70,1076.53,1091.19,1097.78,1095.74,1094.20,1099.30,1113.17,1124.61,1128.74,1129.38,1117.84,1093.88,1066.45,1043.84,1039.52,1042.15,1028.49,1041.03,1060.30,1070.17,1059.74,1039.35,1017.57,1001.73,992.26,1000.52,1003.72,1009.39,1009.24,1012.86,1004.23,987.35,980.89,967.07,953.64,945.15,940.07,948.73,951.77,947.86,944.38,951.50,963.02,980.78,986.89,973.20,962.65,952.13,949.29,955.11,959.15,964.58,970.38,966.93
970.01,969.72,969.31,968.15,965.86,965.68,970.98,973.26,971.49,972.66,974.78,975.84,980.13,981.25,977.89,978.82,983.85,987.01,982.62,981.27,989.19,987.14,976.32,966.22,969.16,975.43,963.69,949.94,950.76,955.94,951.43,941.83,936.10,932.43,927.24,920.53,917.75,916.16,914.42,912.18,909.20,907.40,906.15,905.07,903.73,901.75,898.95,896.68,895.31,894.01,892.59,890.78,885.16,879.38,875.63,871.86,867.67,865.59,866.40,868.00,872.21,881.04,889.58,896.86,915.06,924.28,929.27,931.86,935.78,939.58,941.34,935.16,934.70,936.10,939.97,936.54,931.35,930.64,929.57,928.26,926.00,924.91,924.03,922.88,921.98,920.65,920.34,919.16,913.60,904.20,898.90,908.81,900.20,898.21,906.91,904.72,901.93,894.80,884.86,872.12,865.26,861.75,860.81,860.19,859.36,857.29,853.40,850.77,847.57,844.47,839.55,837.25,834.78,831.22,828.90,825.04,820.93,816.64,811.90,807.17,800.60,798.07,795.20,792.11,790.03,788.43,787.17,786.18,785.18,784.18,782.78,781.02,780.19,780.51,781.62,782.99,784.47,785.97,786.93,786.31,786.25,786.85,787.30,789.68,803.63,823.51,838.94,842.12,844.00,845.56,846.43,846.54,846.64,846.52,845.35,844.75,844.61,844.05,843.12,841.77,841.75,842.80,844.31,846.17,848.18,849.42,850.29,851.14,850.91,852.55,854.10,854.60,855.49,857.36,859.47,861.05,864.49,868.15,873.11,880.53,891.83,905.04,918.03,919.83,913.46,911.30,911.21,910.36,915.05,922.05,927.93,932.26,939.53,945.26,956.11,979.58,1000.30,1008.19,1025.02,1039.95,1048.45,1065.28,1081.55,1090.45,1081.85,1074.63,1076.51,1088.79,1103.16,1111.55,1116.12,1127.41,1127.65,1100.63,1074.05,1057.54,1063.05,1062.10,1045.01,1056.66,1073.74,1076.37,1060.95,1043.77,1026.83,1008.43,1004.65,1012.83,1015.23,1019.86,1019.11,1015.42,1010.32,997.28,984.27,969.88,956.90,946.65,944.60,953.13,954.42,950.59,948.08,954.22,965.44,985.04,993.36,984.93,974.70,956.13,954.74,959.41,966.80,973.37,976.10,970.71
974.55,974.57,974.19,971.96,968.19,969.93,977.27,980.32,981.88,984.95,987.84,988.93,994.30,996.51,989.90,990.02,999.59,1003.95,998.66,997.73,1001.31,997.05,985.61,979.78,982.16,984.01,969.35,958.84,962.50,968.25,964.67,953.49,943.55,938.77,932.63,926.54,921.86,919.10,917.90,916.45,912.59,909.89,908.68,907.61,906.38,903.90,900.57,898.48,897.19,895.87,893.96,891.12,886.92,882.10,879.85,877.95,872.75,866.58,863.61,864.89,866.91,870.71,877.53,891.92,911.69,925.89,932.16,934.73,937.32,941.50,938.31,932.14,929.01,932.78,932.49,930.11,923.51,922.16,922.61,925.54,922.17,919.29,918.40,917.50,918.34,917.05,914.67,913.80,910.58,906.90,906.87,913.87,908.94,907.91,906.56,898.41,892.61,886.75,883.79,879.05,874.63,871.00,868.66,866.86,864.39,860.29,856.43,856.96,855.88,852.45,848.00,843.19,840.27,837.91,834.67,828.77,823.97,821.17,816.83,810.29,804.88,799.28,795.50,791.89,789.49,788.26,787.23,786.25,785.25,784.27,783.27,781.92,780.56,781.29,782.76,784.02,785.39,786.88,788.01,787.81,787.52,788.65,789.01,794.78,812.30,831.29,841.22,843.29,845.23,847.17,848.25,848.42,848.44,847.83,847.07,847.14,847.33,847.04,846.53,844.78,843.30,844.06,845.29,846.87,848.78,851.14,852.35,853.06,852.60,854.02,855.90,856.99,857.45,857.94,859.66,861.54,864.81,868.67,873.76,878.50,886.91,901.49,910.96,909.45,902.16,899.94,903.46,907.24,912.87,917.98,922.94,931.15,942.62,948.50,959.53,983.84,1004.55,1022.07,1039.90,1054.39,1061.74,1072.80,1081.81,1077.29,1065.05,1057.43,1061.33,1076.50,1088.49,1093.52,1098.35,1111.80,1124.26,1109.28,1086.60,1078.11,1082.98,1076.27,1065.55,1075.57,1090.87,1083.11,1067.93,1054.27,1032.13,1011.24,1014.39,1024.11,1033.91,1034.69,1023.08,1013.37,1003.51,988.25,977.18,965.29,956.04,949.04,949.67,958.08,957.30,953.80,953.87,958.21,968.53,991.02,1001.44,995.12,979.62,959.36,960.93,964.83,972.76,982.78,990.37,978.80
981.52,982.59,983.06,981.06,974.73,977.37,985.90,990.34,993.06,998.37,1004.32,1005.64,1007.62,1012.60,1008.86,1008.17,1011.10,1011.92,1008.99,1006.55,1005.36,1002.82,999.31,998.81,997.46,991.66,979.13,974.82,976.67,979.98,976.82,966.64,955.27,946.48,939.24,935.20,932.99,928.89,926.04,926.50,923.52,918.56,914.50,911.53,909.84,907.68,903.84,900.85,899.07,897.90,894.98,890.82,887.09,884.67,883.29,882.13,880.04,871.61,865.10,861.19,863.04,865.23,870.50,881.50,899.04,915.46,924.61,928.47,929.93,938.53,935.76,930.10,926.85,930.64,929.30,924.44,921.65,919.19,918.32,920.99,921.03,914.25,911.89,912.54,913.24,910.81,908.42,908.34,909.17,911.12,914.86,918.99,913.75,911.77,901.55,893.66,889.91,891.65,891.57,888.68,885.25,882.69,880.41,874.84,867.04,861.74,859.51,860.69,861.03,860.37,859.26,856.21,851.25,848.86,846.64,843.19,837.53,833.46,829.38,819.69,809.66,801.44,796.52,792.26,789.33,788.29,787.31,786.31,785.34,784.34,783.35,782.36,781.14,781.61,783.52,785.11,786.40,787.79,788.91,789.09,788.80,790.43,793.08,802.66,820.56,836.34,842.21,844.43,846.52,848.61,849.25,850.49,850.33,849.40,849.49,849.67,851.15,854.25,851.18,847.13,844.75,845.53,846.76,847.83,849.56,852.34,854.50,854.99,854.38,855.71,857.60,858.87,860.06,860.34,861.13,863.31,865.01,867.46,871.96,875.32,879.68,888.10,895.16,896.25,894.48,896.91,900.74,905.60,911.25,919.97,930.14,942.19,958.43,969.07,975.96,986.88,1006.06,1027.01,1037.76,1041.23,1047.39,1059.63,1066.66,1061.17,1047.83,1040.60,1046.17,1060.58,1068.91,1071.79,1082.05,1097.71,1115.86,1125.63,1113.55,1107.69,1106.16,1091.49,1089.68,1097.82,1105.21,1092.15,1072.38,1053.17,1030.87,1018.66,1031.58,1048.26,1047.91,1033.35,1014.74,1005.08,989.56,978.16,970.15,965.75,962.20,952.56,955.11,963.06,960.81,958.22,962.37,965.66,971.88,993.50,1009.04,1000.41,981.07,964.62,966.07,971.82,981.31,996.48,1006.84,992.08
994.85,995.26,995.73,991.38,984.11,987.36,998.48,1006.86,1010.81,1013.31,1017.21,1019.63,1019.46,1020.96,1020.05,1017.05,1014.27,1011.10,1009.30,1007.81,1005.79,1003.22,1001.03,999.62,999.25,996.00,991.64,990.25,989.95,988.72,984.44,978.01,970.38,960.74,952.49,946.57,944.53,942.02,938.11,937.64,934.82,929.86,923.97,921.05,918.98,913.56,909.20,905.86,902.75,900.47,897.00,892.33,889.04,887.43,886.26,884.98,883.09,879.03,872.21,864.21,859.43,860.13,863.97,870.67,883.29,897.71,908.99,915.57,924.02,932.65,932.07,929.49,925.95,927.16,928.32,920.11,918.79,918.43,916.71,919.96,920.77,913.92,908.31,908.16,908.72,906.71,904.07,904.05,908.39,909.22,908.38,910.54,909.78,912.38,910.03,903.36,897.81,894.12,886.72,882.36,880.94,880.36,880.99,873.26,866.62,862.99,861.94,862.36,862.26,861.60,860.99,860.33,858.24,855.08,852.85,850.70,846.19,842.28,837.00,826.00,814.30,805.69,797.28,791.88,789.27,788.33,787.34,786.37,785.37,784.39,783.39,782.41,781.44,782.00,783.85,785.76,787.46,788.77,789.89,790.64,790.63,793.19,798.55,810.93,826.19,838.51,843.21,845.94,848.04,850.42,850.90,853.30,854.63,853.94,855.25,859.48,867.42,869.80,855.12,848.05,846.15,847.20,848.61,849.04,851.37,854.64,856.59,856.99,856.17,857.30,859.38,860.83,862.51,863.23,864.74,868.04,869.32,868.59,869.65,872.73,876.48,881.19,885.51,888.33,891.48,895.02,898.35,903.82,915.23,932.75,945.24,958.40,974.90,987.72,997.50,1003.32,1013.29,1021.49,1022.16,1023.17,1031.92,1045.29,1051.13,1044.15,1029.47,1025.06,1033.01,1042.03,1047.43,1054.20,1071.40,1093.14,1112.04,1122.60,1122.68,1122.31,1121.47,1117.20,1119.41,1120.46,1116.48,1095.10,1072.10,1051.81,1030.88,1033.11,1051.21,1063.06,1052.91,1031.56,1012.25,998.48,986.87,984.69,980.67,979.35,966.38,956.36,963.66,968.67,965.96,965.53,972.83,975.40,978.28,997.75,1011.94,1002.46,982.76,968.63,971.29,978.72,990.58,1004.55,1009.80,994.55
1006.65,1008.56,1010.04,1001.83,989.43,995.23,1010.92,1023.62,1026.13,1024.53,1024.31,1021.13,1019.35,1018.63,1017.10,1011.79,1010.01,1008.96,1007.63,1006.17,1004.11,1002.20,999.80,996.68,992.94,989.73,988.74,987.90,987.03,985.59,984.24,982.07,979.80,973.79,967.45,961.77,957.32,951.83,949.77,950.58,946.71,940.69,934.54,931.51,928.61,923.17,916.86,911.02,906.72,903.57,899.84,895.67,892.33,890.35,888.92,887.55,885.18,882.32,878.43,872.95,861.53,857.93,859.51,863.22,869.62,880.09,891.13,903.87,915.00,921.37,921.76,920.46,921.45,921.44,925.62,922.38,916.39,915.41,914.32,917.85,920.62,917.43,910.20,904.92,903.21,902.45,900.20,901.02,905.98,901.34,898.62,902.83,910.14,909.14,903.35,897.86,894.73,889.71,879.18,877.71,877.23,877.14,878.79,871.02,866.71,865.30,864.14,863.00,861.48,860.66,859.93,858.63,856.48,853.97,851.55,847.86,843.01,838.66,834.46,826.78,816.99,808.54,798.57,791.42,788.97,788.07,787.21,786.31,785.36,784.36,783.39,782.38,781.60,782.95,784.89,786.52,788.23,789.92,791.48,792.92,793.82,796.48,804.16,818.80,831.72,840.53,844.90,848.42,850.18,853.32,855.33,857.29,859.33,860.35,864.13,872.35,879.05,872.35,855.74,848.64,847.39,848.55,850.91,852.97,855.98,858.59,858.89,859.01,858.07,858.70,861.22,863.55,865.13,866.16,866.88,870.22,872.90,872.43,872.35,875.44,877.32,880.15,883.75,886.79,889.78,893.09,896.36,901.18,916.77,936.06,948.33,962.12,978.17,991.31,997.42,998.81,1001.70,1004.34,1003.56,1006.26,1019.06,1033.92,1036.88,1029.21,1015.68,1012.15,1020.75,1024.68,1033.32,1051.69,1073.78,1090.40,1098.01,1102.54,1105.89,1110.58,1119.65,1131.18,1137.10,1136.05,1123.48,1099.54,1079.27,1059.21,1047.50,1054.28,1070.42,1074.11,1060.54,1039.24,1019.60,1010.22,1002.94,1003.20,996.69,986.91,968.10,962.22,969.38,973.93,971.90,975.45,984.78,991.42,993.90,1009.84,1015.25,1003.34,984.75,973.27,975.48,986.31,1002.73,1013.52,1011.07,996.53
1017.40,1021.53,1018.73,1007.00,997.03,1001.34,1022.47,1034.91,1030.43,1024.19,1020.19,1018.23,1016.65,1014.76,1012.13,1009.63,1008.79,1008.09,1007.46,1007.06,1006.04,1006.19,1005.67,1001.65,993.71,989.12,987.04,983.96,980.30,979.50,979.14,977.11,974.32,971.91,969.65,963.88,959.21,953.99,955.65,958.93,958.84,952.32,945.58,941.96,938.07,931.85,925.71,917.26,910.25,906.61,903.13,898.83,895.50,893.10,891.38,889.71,887.37,884.38,880.89,876.07,868.49,856.95,856.80,857.94,859.75,865.75,875.24,885.40,896.31,907.07,914.92,915.54,914.14,916.80,922.75,922.77,915.16,912.19,911.67,913.90,917.49,917.11,911.89,905.26,899.22,897.50,897.55,902.73,903.63,895.01,891.69,899.41,907.14,899.92,893.35,895.34,893.54,887.86,877.62,875.24,874.63,874.82,876.66,871.77,868.68,866.49,863.72,861.94,859.87,857.73,856.05,854.43,852.86,850.38,846.69,842.28,837.97,832.68,828.95,824.84,818.13,809.25,799.12,790.15,788.62,787.70,786.86,786.03,785.17,784.28,783.36,782.37,781.94,783.88,786.10,787.93,789.46,791.09,792.83,794.58,796.73,800.52,812.93,826.02,835.74,842.48,846.66,850.59,853.94,856.87,860.12,863.30,865.19,867.97,873.56,880.30,882.21,867.34,855.35,850.13,849.11,849.19,852.38,857.66,861.79,863.99,863.51,862.21,859.98,860.58,862.69,865.83,867.92,868.97,869.50,871.59,875.10,876.64,877.48,880.36,881.30,881.07,883.43,886.37,889.70,892.86,896.36,900.47,910.81,925.04,936.71,952.59,967.87,977.44,980.19,981.04,983.21,984.72,985.21,992.89,1009.72,1020.25,1019.32,1014.49,1002.40,999.26,1006.58,1019.29,1038.03,1058.80,1071.92,1074.50,1077.18,1082.62,1084.92,1090.38,1107.32,1126.93,1143.90,1148.62,1128.78,1103.40,1084.45,1071.22,1072.60,1077.66,1088.41,1087.67,1075.87,1061.29,1045.14,1031.26,1022.18,1014.43,1005.12,986.09,969.93,971.82,975.78,979.83,979.73,983.60,998.27,1011.25,1014.48,1021.90,1020.27,1005.47,986.42,977.46,981.35,995.90,1011.92,1022.61,1018.73,1004.79
1031.55,1029.05,1020.61,1013.57,1018.13,1020.03,1033.52,1040.58,1036.29,1027.72,1020.84,1018.89,1017.72,1015.87,1013.00,1009.74,1009.78,1009.60,1009.52,1010.30,1012.57,1013.78,1011.30,1005.23,999.89,995.23,991.85,987.12,982.56,980.10,976.52,974.55,970.93,966.61,962.97,958.80,956.72,954.28,950.84,951.67,954.74,954.01,953.51,953.06,945.37,940.28,936.25,927.63,917.45,911.30,907.35,902.01,897.34,895.01,893.14,891.34,889.37,886.25,882.89,879.27,873.37,861.10,856.11,854.68,855.48,856.03,859.08,866.20,879.79,892.07,905.63,910.89,905.52,912.60,918.65,920.42,914.19,908.04,908.15,909.68,913.10,915.35,911.68,905.10,898.23,894.03,897.11,902.94,902.33,894.26,888.06,893.87,899.31,893.32,889.59,892.85,892.60,888.60,878.23,873.37,872.01,872.18,874.44,872.94,868.85,865.24,861.88,859.75,856.74,853.38,851.25,849.24,846.55,842.86,839.90,836.39,833.05,829.84,824.97,819.93,815.05,808.79,799.02,789.73,788.27,787.31,786.48,785.64,784.81,783.97,783.12,782.28,782.63,784.82,787.09,789.24,790.60,792.30,794.06,796.09,798.82,808.13,822.48,831.12,838.31,846.43,849.37,852.48,856.42,860.86,868.63,872.79,872.36,875.27,881.62,888.29,883.24,866.98,856.97,854.21,852.35,851.88,855.20,859.82,865.61,870.46,869.44,865.56,862.55,863.24,864.89,867.45,870.63,871.93,872.68,873.80,876.74,879.76,881.22,882.82,884.08,883.81,885.70,887.75,890.34,893.40,896.97,901.23,907.91,916.07,928.58,944.26,954.59,960.05,964.51,968.47,969.41,968.96,974.41,988.71,1002.56,1003.60,1001.26,1000.68,990.17,993.62,1009.41,1027.95,1047.16,1060.88,1057.67,1054.46,1056.62,1059.90,1067.46,1080.49,1098.58,1119.91,1141.65,1152.80,1140.32,1120.26,1100.87,1094.18,1097.12,1100.85,1106.54,1100.63,1090.28,1075.91,1062.55,1049.68,1034.39,1012.05,998.10,981.23,972.55,981.73,987.56,990.77,992.14,994.29,1010.45,1022.34,1031.78,1035.57,1025.05,1008.27,989.73,982.94,990.56,1007.99,1019.88,1033.73,1032.47,1012.26
1034.58,1027.68,1024.05,1029.29,1033.87,1036.14,1040.80,1042.49,1041.61,1037.78,1029.26,1025.33,1022.60,1020.28,1019.21,1018.15,1019.19,1019.00,1018.61,1020.40,1022.73,1019.57,1011.91,1007.11,1006.59,1005.64,1001.88,994.07,990.43,985.91,978.85,980.18,976.07,968.25,963.46,961.72,964.09,962.67,953.71,944.63,945.11,948.89,953.05,956.28,952.76,948.41,943.62,936.75,927.28,918.39,912.78,905.15,898.62,896.55,894.60,892.76,890.92,888.21,884.83,881.21,875.25,867.66,862.93,857.13,852.33,851.18,851.67,853.92,862.91,876.61,891.95,901.30,896.09,907.25,912.72,914.72,914.22,907.24,900.79,901.90,908.39,913.08,911.99,906.12,897.74,891.68,893.65,899.36,903.03,894.46,886.32,885.23,886.94,886.37,886.07,890.05,888.39,885.91,881.31,872.83,867.58,867.77,871.75,872.64,870.06,865.39,859.04,854.28,851.29,848.74,846.64,844.22,839.27,834.25,830.61,829.09,827.89,826.15,821.28,817.56,812.56,805.46,796.36,789.85,787.96,786.90,786.05,785.19,784.34,783.50,782.71,782.47,784.22,786.46,788.73,790.51,792.00,793.58,795.51,797.76,803.29,817.71,830.07,834.69,840.72,850.70,852.98,855.13,858.55,865.98,875.07,880.17,878.47,881.84,889.09,891.28,880.31,867.07,860.84,858.58,856.94,857.50,861.42,865.14,869.52,878.38,879.00,869.24,865.30,867.14,869.10,868.70,871.89,874.73,875.80,876.58,878.34,881.83,883.97,885.17,886.57,886.50,888.53,891.00,893.13,894.71,897.20,900.90,906.09,912.24,921.62,930.90,937.72,943.16,949.19,955.44,957.98,960.74,971.26,981.76,987.47,984.25,986.53,986.31,982.24,997.83,1016.15,1035.93,1050.93,1047.37,1036.26,1031.93,1036.01,1048.43,1065.04,1084.57,1105.57,1125.11,1141.08,1152.01,1156.21,1142.99,1122.14,1121.26,1118.15,1111.06,1103.63,1094.33,1083.85,1070.37,1055.51,1039.61,1017.39,1002.76,989.44,982.23,978.98,985.35,993.99,997.45,1003.41,1005.06,1016.47,1032.22,1045.99,1045.84,1030.11,1011.54,993.18,987.89,994.99,1011.98,1027.43,1044.57,1044.13,1022.85
1032.29,1031.25,1033.88,1040.08,1042.58,1043.37,1042.92,1041.53,1040.64,1040.22,1037.87,1032.98,1030.88,1029.43,1029.30,1030.17,1030.40,1030.14,1029.02,1028.71,1028.42,1022.50,1016.21,1014.23,1014.63,1013.65,1006.57,999.18,996.72,987.92,983.86,987.86,982.83,971.47,971.32,973.13,976.55,972.79,960.98,949.36,940.08,939.83,943.41,942.71,943.07,942.81,937.76,939.51,936.30,928.15,918.76,910.10,901.43,898.00,896.04,894.07,891.77,889.05,886.08,882.50,878.87,874.03,869.13,863.88,856.90,850.43,848.52,848.18,849.98,858.92,875.95,887.30,889.19,900.39,903.44,905.93,911.37,908.21,897.04,897.06,907.34,911.57,910.98,904.06,893.93,887.63,888.80,896.08,901.54,893.84,894.65,889.55,881.22,876.44,873.67,878.51,878.73,872.64,876.01,875.08,862.59,861.81,870.01,868.11,864.48,861.15,852.60,845.08,844.93,843.60,841.38,838.58,835.14,830.83,826.36,824.59,823.68,822.38,818.44,811.19,805.74,798.74,794.20,789.44,787.39,786.38,785.48,784.68,783.86,783.11,782.89,784.58,786.84,788.35,790.40,792.04,793.64,795.20,796.83,799.36,809.38,824.93,833.78,838.13,845.89,852.77,855.64,858.13,862.52,871.07,878.00,884.73,885.42,889.12,893.98,890.85,876.73,867.05,863.54,862.00,861.59,861.73,865.65,871.26,875.57,880.61,886.53,876.56,867.59,868.43,871.36,871.47,872.21,876.08,878.81,879.75,881.33,884.94,886.95,887.55,889.13,889.19,891.23,895.01,897.35,897.94,899.13,902.38,906.93,910.87,915.98,920.20,924.89,931.75,934.72,941.61,947.75,954.97,963.10,967.48,968.72,969.46,974.47,974.89,980.36,998.23,1016.42,1034.29,1038.13,1027.00,1018.35,1023.16,1039.67,1062.69,1079.42,1098.55,1113.60,1122.33,1129.07,1140.86,1156.27,1157.11,1146.69,1134.00,1113.52,1097.03,1086.53,1078.31,1067.24,1052.79,1037.63,1021.77,1005.20,995.12,988.38,990.93,988.84,986.79,997.50,1002.59,1012.00,1012.50,1022.26,1038.09,1052.67,1048.08,1032.49,1017.74,1000.78,993.97,1001.12,1017.48,1033.67,1051.99,1054.41,1039.09
1037.54,1036.81,1038.02,1044.78,1043.25,1037.54,1032.22,1029.49,1028.57,1028.94,1029.73,1029.50,1029.46,1028.67,1028.84,1030.02,1030.39,1030.33,1030.09,1028.75,1028.83,1027.75,1024.12,1022.25,1021.23,1019.13,1011.93,1006.35,999.23,988.46,991.85,995.18,987.66,977.41,984.32,984.73,984.80,979.26,970.91,961.14,949.71,942.33,937.47,936.07,933.92,930.80,928.20,928.33,930.39,930.80,927.35,919.21,910.00,900.34,896.98,894.14,891.26,889.10,887.04,884.23,882.05,880.10,875.78,868.81,864.24,859.35,850.98,846.58,846.46,849.65,858.39,872.20,881.98,889.60,890.12,894.81,902.85,902.90,892.75,893.20,905.34,906.47,907.31,900.14,890.41,885.73,894.85,900.35,900.81,899.63,897.93,892.42,888.90,876.03,865.67,863.07,871.19,862.85,864.09,870.25,861.13,856.34,862.26,857.69,853.20,848.79,840.67,835.59,836.04,834.93,832.69,830.03,827.84,825.08,821.82,819.67,818.24,816.26,813.46,807.24,799.07,793.28,790.11,788.20,786.60,785.74,784.95,784.18,783.43,783.27,784.81,787.35,789.50,790.25,791.85,793.72,795.50,797.16,798.50,802.80,817.20,830.36,836.69,842.80,850.48,854.72,857.79,862.13,870.08,876.13,881.62,889.81,895.79,898.11,895.63,888.69,875.78,868.36,865.79,865.80,866.13,865.29,867.79,876.39,882.91,884.86,891.95,885.95,872.05,869.62,871.68,874.36,874.53,876.78,880.77,883.94,886.76,889.86,890.54,890.53,892.10,893.63,895.17,898.95,904.41,904.07,904.25,905.70,909.19,912.13,914.75,917.39,920.42,924.86,927.81,932.03,938.10,945.88,951.33,954.72,957.29,959.76,963.60,970.03,981.50,997.18,1011.88,1022.50,1018.02,1008.69,1012.29,1029.11,1055.78,1077.41,1092.45,1101.95,1104.48,1105.20,1113.27,1128.90,1145.49,1158.53,1155.74,1131.67,1103.32,1084.09,1068.68,1059.23,1047.43,1034.74,1023.05,1010.00,999.46,992.87,995.26,1000.50,998.35,994.09,1002.68,1008.26,1020.25,1024.63,1029.31,1039.18,1054.88,1053.65,1039.54,1022.90,1005.76,999.89,1010.22,1023.20,1040.43,1062.64,1064.36,1049.45
1043.77,1043.34,1042.84,1046.58,1040.86,1028.67,1018.47,1015.13,1011.60,1010.25,1009.75,1010.05,1010.79,1010.64,1014.25,1018.48,1020.35,1020.08,1019.11,1015.92,1017.25,1021.94,1018.04,1015.35,1017.62,1018.23,1014.53,1009.33,998.95,996.57,1001.81,1000.34,989.66,987.20,993.78,992.42,990.78,984.65,976.60,969.04,959.11,948.54,939.51,938.66,938.99,935.22,931.26,924.46,919.47,919.21,921.43,922.70,920.21,909.10,898.60,892.82,889.47,888.26,886.97,885.22,883.40,881.57,878.47,870.94,866.72,862.53,854.07,847.54,844.83,844.74,848.02,854.16,866.30,872.73,874.56,880.35,889.27,891.87,884.13,889.73,899.26,894.84,899.72,897.66,885.35,883.55,898.25,900.66,892.15,886.08,884.61,877.75,877.52,864.98,854.11,849.70,861.82,859.90,855.80,860.25,856.12,847.53,848.19,844.90,839.80,835.12,830.63,827.79,826.37,825.36,824.34,820.15,818.62,817.47,815.84,811.25,809.24,808.60,806.62,803.51,795.59,789.64,788.37,787.17,786.16,785.37,784.60,783.80,783.56,785.16,787.09,789.18,790.32,791.35,793.05,794.98,796.98,798.99,803.31,814.35,827.54,834.04,839.73,847.11,852.88,856.57,861.07,869.81,879.03,887.40,892.98,900.70,908.05,904.39,893.63,882.62,873.62,870.06,869.26,870.11,874.16,870.70,874.19,886.93,891.92,892.98,896.91,892.56,879.19,873.34,873.13,876.00,877.66,878.04,881.09,885.96,890.12,892.78,894.64,895.04,895.43,897.74,900.34,904.14,914.06,917.41,913.97,910.94,912.08,914.08,916.43,918.97,922.23,925.40,928.62,932.24,935.55,938.71,943.40,948.51,952.13,956.74,963.00,971.51,980.40,988.63,998.10,1003.36,999.87,1003.71,1017.11,1038.98,1063.20,1079.97,1081.83,1079.38,1078.25,1082.65,1097.79,1117.38,1134.55,1151.95,1152.76,1124.26,1098.48,1077.50,1057.05,1044.45,1034.17,1023.44,1013.92,1003.44,997.71,996.77,1004.71,1012.06,1006.23,999.58,1009.17,1014.48,1028.55,1037.66,1041.03,1048.96,1060.91,1060.09,1043.60,1021.88,1007.65,1008.76,1017.62,1033.18,1048.82,1067.76,1066.33,1048.35
1053.73,1054.33,1052.47,1048.08,1041.33,1031.58,1021.09,1015.85,1010.55,1006.96,1001.22,997.94,996.30,995.26,996.74,1000.02,1000.58,1001.45,1001.30,1000.06,1003.91,1011.26,1007.88,1003.52,1009.25,1012.19,1008.78,1006.79,1002.04,1005.73,1006.77,1002.61,993.75,993.36,995.88,994.50,988.31,979.65,969.86,961.78,955.39,949.51,945.21,944.50,944.75,939.34,935.38,928.65,918.38,914.18,911.93,913.33,915.63,910.87,900.76,892.59,888.63,887.02,885.93,884.86,883.17,881.25,877.85,872.36,868.96,864.65,857.74,850.98,847.71,844.01,841.55,842.78,848.17,851.05,853.29,860.62,869.29,874.43,871.89,881.71,887.14,881.71,887.02,889.03,879.39,877.90,892.29,894.70,880.39,869.19,867.58,862.23,859.25,848.57,839.13,836.85,846.69,849.55,843.40,847.20,844.83,835.62,830.55,828.05,825.01,821.63,820.16,819.52,818.80,817.78,816.51,813.62,812.10,811.02,809.90,807.07,803.73,802.33,799.62,795.22,789.55,789.32,788.68,787.31,785.97,785.03,784.25,783.74,785.18,787.47,789.40,790.22,790.94,792.52,794.26,796.03,797.92,801.43,811.71,823.48,831.03,835.21,840.09,846.73,851.52,858.47,868.45,877.59,888.70,900.42,908.12,914.65,920.38,907.37,892.88,880.95,875.44,874.31,874.79,881.24,889.36,885.18,882.88,895.50,902.19,902.95,903.22,893.78,882.86,877.43,875.10,877.16,880.12,881.33,882.56,887.02,890.81,893.93,896.78,899.28,899.75,900.09,903.57,908.47,918.88,928.13,927.28,918.75,916.89,917.59,918.48,921.75,925.88,928.30,931.19,936.26,940.15,941.76,944.18,948.22,952.63,956.75,961.40,966.96,972.77,978.08,982.88,987.65,996.27,1009.41,1026.35,1044.38,1058.82,1063.67,1058.90,1056.59,1060.55,1077.44,1101.21,1118.55,1135.68,1155.09,1145.64,1116.59,1093.95,1071.45,1057.07,1052.44,1044.11,1028.05,1017.28,1010.58,1002.34,1004.74,1015.53,1021.53,1011.48,1005.78,1019.60,1023.59,1036.63,1051.22,1059.33,1066.39,1074.09,1063.32,1044.36,1021.53,1012.38,1021.26,1028.87,1036.71,1057.67,1075.66,1074.27,1056.94
1060.67,1060.47,1057.96,1046.03,1037.81,1035.64,1034.06,1031.13,1025.61,1017.23,1007.60,1002.83,998.46,993.13,989.15,988.80,987.23,987.09,986.26,986.71,992.30,999.92,998.62,991.67,1002.17,1001.83,998.06,1002.06,1003.81,1008.23,1005.83,999.32,992.91,992.72,994.91,993.53,986.90,975.25,966.69,962.72,957.77,956.99,959.50,954.40,944.69,936.84,929.53,924.62,917.92,912.84,908.93,905.49,903.64,900.79,897.11,890.90,888.08,886.36,884.72,883.60,882.68,881.14,878.67,874.90,871.67,868.71,862.91,856.72,852.95,848.54,842.26,839.51,838.97,839.14,839.63,841.70,843.23,848.57,855.20,863.55,864.88,862.73,869.56,871.17,863.82,866.00,874.19,867.54,859.61,849.44,840.24,837.04,834.70,832.23,828.86,827.66,830.55,831.15,829.92,830.93,828.37,821.66,819.23,818.65,817.89,817.44,816.98,816.15,814.41,811.10,808.78,807.84,806.60,804.44,803.27,801.37,799.18,796.67,793.26,791.07,790.10,789.96,788.87,787.50,786.10,784.82,784.04,784.94,786.68,788.89,790.25,790.74,791.91,793.54,795.26,797.01,798.88,805.76,818.82,825.51,829.71,833.65,839.20,843.32,848.74,862.26,877.38,887.07,898.07,909.75,921.37,929.00,926.76,907.38,892.66,881.80,879.37,878.94,880.09,890.82,900.45,897.87,892.90,903.50,912.81,912.27,905.49,890.58,883.56,879.03,877.10,878.66,883.61,885.65,884.60,887.71,891.23,895.14,898.40,900.87,903.34,903.55,904.80,909.56,916.99,924.96,931.20,927.31,924.39,923.86,924.85,927.17,930.60,933.37,936.70,940.59,945.38,948.48,950.96,958.35,960.27,960.76,964.90,973.26,982.06,983.67,984.27,987.33,995.08,1007.03,1021.36,1033.16,1040.19,1040.91,1040.37,1046.74,1065.11,1090.41,1111.11,1129.59,1149.24,1161.81,1140.07,1111.13,1092.78,1079.47,1077.40,1070.95,1055.30,1036.01,1024.01,1014.59,1010.86,1014.17,1027.46,1031.00,1016.82,1013.90,1030.03,1033.73,1042.98,1060.69,1075.84,1087.41,1083.82,1063.68,1043.41,1023.19,1019.61,1031.66,1045.71,1046.94,1061.91,1081.21,1086.07,1072.05
1057.26,1053.72,1053.87,1043.39,1033.99,1035.23,1040.61,1041.34,1036.99,1027.46,1021.88,1019.63,1011.17,1001.88,995.14,988.83,985.34,981.34,978.44,978.60,981.90,987.32,987.51,982.16,991.69,990.85,986.04,993.09,995.32,1001.55,1002.61,991.97,983.18,987.55,992.65,993.34,986.95,976.27,972.21,972.20,963.90,966.25,970.61,959.34,947.78,942.92,932.40,925.86,921.24,914.61,908.55,904.62,900.78,897.04,893.58,890.27,888.25,886.22,884.19,882.54,881.23,880.38,878.83,876.67,874.14,872.12,869.30,863.16,858.72,853.80,846.81,842.44,839.69,837.54,837.05,837.28,836.95,837.25,838.29,840.97,841.08,841.16,845.43,846.13,842.96,847.61,848.13,841.10,833.22,827.51,825.17,823.08,822.47,822.17,822.47,822.10,822.78,823.15,823.24,823.29,822.27,816.96,815.07,815.50,815.26,814.86,814.51,813.39,812.04,809.88,805.94,803.60,801.82,799.66,798.86,797.14,795.09,793.80,793.46,792.51,790.49,789.69,788.59,787.29,785.99,784.67,784.75,786.81,788.33,789.85,790.62,791.53,793.04,794.58,796.22,797.96,800.62,811.00,821.17,824.47,827.50,832.80,840.93,844.32,847.90,860.90,879.81,889.68,899.35,908.52,920.78,931.55,922.17,903.60,891.83,884.41,883.59,883.73,888.24,900.17,914.20,910.81,906.20,911.84,919.47,913.63,900.64,889.71,884.50,881.02,880.37,882.36,890.69,890.36,886.98,888.79,891.91,895.84,899.88,902.89,905.74,907.86,908.57,908.72,912.54,923.00,931.06,933.52,933.19,933.89,937.93,939.63,940.17,941.55,945.40,947.89,953.02,963.61,966.66,973.14,974.21,969.59,973.87,984.83,999.24,1002.10,993.79,991.04,995.93,1001.54,1009.21,1017.06,1022.78,1027.45,1037.25,1053.31,1074.76,1097.57,1116.97,1137.03,1158.19,1167.36,1149.04,1120.61,1105.68,1093.34,1080.51,1064.51,1049.74,1036.68,1027.01,1019.93,1022.66,1023.07,1038.74,1039.41,1022.28,1021.60,1039.77,1044.44,1047.97,1063.66,1081.40,1099.34,1086.90,1063.24,1043.38,1029.16,1025.54,1037.93,1055.49,1066.62,1078.69,1093.99,1098.92,1079.60
1044.12,1041.18,1044.09,1039.66,1030.13,1024.47,1033.83,1037.16,1038.09,1034.05,1031.60,1029.36,1023.57,1015.40,1011.53,1000.86,992.35,983.51,978.46,975.41,972.75,971.20,971.24,969.41,975.63,979.68,975.60,981.11,984.63,996.46,999.99,991.08,978.70,978.27,988.38,992.38,990.15,984.51,982.15,977.24,969.67,973.41,972.54,960.66,956.87,950.46,940.78,938.20,931.60,920.21,912.62,907.50,902.89,897.79,894.70,891.87,888.99,886.24,883.95,882.16,880.45,878.85,877.53,876.09,874.40,872.72,871.07,867.29,864.30,860.25,851.62,846.58,842.39,839.15,837.22,835.60,834.56,834.08,834.32,834.51,832.23,832.57,833.25,831.06,829.03,828.97,828.71,827.98,826.28,823.32,821.13,819.13,817.91,816.92,816.39,816.01,815.84,815.15,814.50,813.42,811.67,811.27,811.55,812.50,812.50,812.14,812.06,811.26,809.05,806.96,802.79,800.49,799.22,798.02,797.25,796.20,795.52,796.10,796.65,795.90,791.15,789.12,788.11,786.88,785.59,784.43,785.22,788.21,789.92,790.49,791.19,792.63,794.16,795.67,797.24,798.99,805.47,815.46,821.17,824.59,828.23,832.56,837.94,842.44,846.48,853.25,868.16,881.23,890.33,901.62,917.45,930.76,915.38,899.83,890.75,887.62,888.13,888.56,895.39,911.12,928.83,924.01,920.42,922.80,917.74,903.31,894.42,888.48,885.37,885.07,885.42,889.53,901.24,895.46,888.97,890.07,892.59,895.94,899.44,903.01,906.45,910.09,912.49,912.65,913.34,918.01,923.59,927.64,932.83,937.70,942.08,946.59,950.92,952.99,955.79,959.83,968.04,978.98,985.98,990.12,991.02,982.14,984.82,997.48,1012.38,1018.58,1003.39,1001.65,1009.08,1012.88,1012.07,1015.71,1024.95,1030.78,1038.90,1053.38,1069.46,1090.47,1111.25,1131.77,1155.06,1169.76,1160.35,1136.57,1113.76,1092.53,1076.59,1063.67,1053.76,1041.01,1028.30,1034.01,1033.90,1031.18,1047.33,1045.35,1029.29,1027.68,1046.82,1057.71,1060.31,1071.03,1090.96,1105.39,1091.13,1068.16,1051.90,1039.46,1032.79,1039.51,1052.00,1070.72,1090.39,1106.72,1104.87,1082.38
1036.66,1034.82,1036.37,1036.31,1031.00,1016.39,1021.76,1022.92,1029.35,1029.96,1030.79,1028.76,1026.31,1024.11,1021.47,1014.94,1005.40,993.72,986.23,979.88,972.74,967.67,964.06,960.66,961.34,961.20,962.70,969.42,976.29,991.28,991.27,988.63,979.49,968.92,978.47,984.60,989.41,990.93,986.67,978.15,975.76,979.23,975.57,968.63,966.69,958.64,953.01,947.68,936.40,926.53,922.28,913.58,909.99,900.97,896.88,892.23,888.42,885.88,883.74,881.88,880.07,878.38,876.78,875.26,873.82,872.45,871.15,869.75,869.62,869.18,864.42,854.33,847.80,844.06,840.77,837.91,836.32,834.64,832.89,831.24,829.85,829.00,828.49,827.52,826.30,825.57,825.28,825.03,823.78,821.23,819.73,818.71,817.44,816.42,815.47,814.13,812.37,810.49,809.61,809.08,808.47,808.05,808.12,808.87,809.01,809.10,809.21,808.44,806.08,803.46,800.44,799.47,799.13,800.03,799.69,797.64,798.15,799.68,803.01,801.51,793.78,789.06,787.79,786.54,785.36,784.49,785.87,789.57,790.66,791.08,792.19,793.76,795.31,796.81,798.33,801.54,811.84,820.08,823.19,826.08,829.50,833.20,837.01,841.13,845.55,850.08,860.24,876.02,888.83,902.21,921.43,934.02,915.99,899.75,893.28,893.41,892.89,894.17,900.83,913.58,933.85,941.15,938.00,928.09,909.13,897.84,892.88,889.31,887.88,889.93,892.33,899.77,910.35,900.51,891.84,892.69,894.17,897.12,901.47,906.95,907.83,909.67,913.39,916.84,918.35,918.94,920.22,923.70,929.65,934.01,937.88,942.09,948.00,952.32,960.04,968.97,977.88,988.58,997.58,1000.75,1003.55,996.75,995.64,1011.23,1025.06,1028.98,1017.28,1019.27,1030.68,1030.38,1024.44,1020.66,1029.31,1040.48,1050.03,1056.78,1067.73,1084.62,1102.67,1123.29,1145.10,1166.51,1166.02,1142.82,1122.30,1106.83,1090.93,1075.01,1059.65,1041.57,1036.60,1048.17,1042.41,1038.75,1054.86,1053.15,1038.64,1033.61,1054.57,1066.38,1076.70,1084.25,1101.56,1114.29,1099.59,1079.85,1060.71,1043.59,1041.74,1052.78,1056.89,1069.81,1090.32,1110.86,1112.45,1091.80
1033.27,1024.37,1025.89,1029.68,1029.86,1010.31,1008.70,1010.76,1015.62,1018.59,1021.86,1019.42,1016.19,1018.54,1016.06,1018.12,1016.51,1007.59,995.92,987.83,985.47,976.69,965.83,958.62,956.06,953.19,950.04,954.42,965.84,979.53,977.79,977.81,977.76,962.80,963.64,971.42,984.96,991.08,988.61,984.93,984.50,985.52,983.92,976.68,970.55,965.25,962.49,953.71,942.19,938.03,933.20,926.81,922.78,911.02,901.28,894.67,890.04,887.72,884.41,881.44,879.24,877.79,876.54,875.34,874.29,873.27,872.24,871.30,871.02,871.06,870.58,866.80,859.84,854.09,849.24,844.13,840.48,837.97,835.40,832.03,829.97,829.40,828.23,827.33,826.43,825.27,824.06,823.08,822.31,821.93,821.21,819.55,818.46,817.74,817.09,816.03,813.74,811.21,810.39,810.09,810.19,810.55,809.63,809.21,807.63,805.85,805.22,804.38,803.25,802.84,802.33,803.11,805.55,803.25,803.20,803.15,807.37,813.55,813.01,804.08,793.98,789.22,787.73,786.41,785.27,784.68,786.83,790.39,791.18,791.80,793.13,794.89,796.46,798.02,799.77,805.62,816.45,823.19,825.60,827.88,830.33,833.68,837.20,840.77,845.23,851.30,869.16,883.83,894.53,907.42,926.98,939.40,922.00,904.71,897.78,900.20,897.92,898.19,906.67,920.44,935.06,949.62,948.49,930.92,915.44,903.40,895.57,892.48,892.85,900.17,907.85,914.18,913.67,900.56,895.23,896.13,897.12,898.17,904.98,916.62,918.27,914.14,913.84,916.74,920.72,923.67,926.10,928.93,931.96,936.58,940.03,942.62,945.63,947.81,953.69,962.44,968.46,982.02,996.80,1004.22,1010.62,1011.16,1007.66,1018.38,1039.19,1045.14,1042.24,1043.31,1051.03,1046.66,1039.11,1030.82,1031.82,1039.06,1047.88,1059.45,1073.34,1090.65,1107.64,1127.51,1147.26,1166.60,1169.55,1148.11,1130.97,1114.17,1094.18,1074.28,1058.72,1042.47,1048.45,1059.92,1052.54,1046.14,1061.55,1063.35,1050.30,1040.58,1057.15,1069.69,1083.49,1098.97,1114.32,1122.33,1103.57,1083.06,1061.58,1046.16,1050.95,1066.41,1077.03,1084.41,1101.62,1119.93,1119.30,1095.44
1032.15,1014.70,1009.42,1013.88,1018.04,1002.52,997.78,999.15,1002.53,1007.78,1008.05,1005.37,1003.95,1007.49,1003.34,1010.16,1015.27,1012.74,1006.74,999.30,999.04,990.71,976.99,966.06,959.12,951.94,947.18,945.90,950.66,963.59,967.12,968.32,971.87,959.84,951.86,958.63,978.04,983.32,988.11,990.10,989.68,988.35,981.81,972.51,962.03,958.09,961.77,957.98,948.56,941.29,936.34,933.68,928.78,920.58,912.10,903.27,896.08,890.48,886.00,882.40,879.66,878.52,877.49,876.44,875.46,874.51,873.46,872.47,871.94,871.63,871.18,870.68,869.91,868.86,863.78,858.59,853.33,843.77,836.96,832.73,831.13,830.31,829.20,828.23,827.09,825.87,824.67,823.80,823.92,824.25,823.30,820.98,819.53,819.05,818.62,817.86,815.72,815.19,815.12,815.98,817.27,818.77,818.71,819.32,818.73,814.30,810.00,808.68,807.86,808.26,811.34,817.14,820.25,819.57,818.27,817.31,821.16,820.09,810.12,797.09,791.14,788.88,787.60,786.29,785.28,784.94,787.01,790.50,791.57,792.55,793.87,795.89,797.61,799.28,803.11,811.06,823.68,829.21,828.64,830.54,832.30,834.37,837.43,840.78,845.21,853.61,879.80,894.22,904.29,916.04,933.92,941.75,923.59,908.94,902.66,907.78,906.46,905.27,911.32,927.48,942.52,956.27,956.81,940.26,926.40,908.54,898.86,896.75,900.81,911.53,922.05,926.78,914.37,900.42,898.69,899.85,901.69,903.18,910.30,927.04,936.35,933.12,925.32,919.96,919.36,922.45,926.60,931.70,936.47,941.57,946.42,949.28,951.34,952.05,952.47,957.41,964.02,973.88,986.32,995.79,1007.43,1020.48,1025.13,1029.57,1047.71,1062.33,1063.68,1062.55,1070.17,1066.49,1053.91,1042.28,1044.88,1052.47,1050.98,1054.64,1070.28,1093.40,1113.82,1136.78,1157.48,1171.98,1167.61,1143.39,1123.83,1107.01,1089.45,1071.01,1057.13,1047.90,1060.00,1069.79,1062.58,1053.93,1068.24,1076.31,1063.28,1049.87,1056.75,1069.57,1085.85,1103.99,1124.73,1127.66,1104.69,1081.78,1059.59,1053.41,1067.27,1081.79,1099.68,1107.86,1120.41,1136.22,1132.59,1111.27
1033.38,1015.76,1001.59,1001.54,1003.63,995.64,988.11,986.64,988.15,994.01,995.31,991.55,990.55,993.25,991.88,1000.16,1006.46,1005.19,1006.59,1005.29,1003.20,1000.40,994.95,983.96,970.19,958.87,950.84,944.75,942.18,947.66,953.72,958.11,961.98,953.00,943.59,951.66,967.77,966.99,978.74,986.19,986.35,982.08,973.46,962.52,954.04,948.37,955.78,951.19,945.69,936.15,928.38,927.99,927.34,925.05,921.74,915.70,902.73,893.39,889.32,885.24,881.08,878.73,877.45,876.11,874.99,873.89,873.35,872.56,871.72,871.02,870.51,869.83,868.91,865.83,860.30,854.03,845.38,840.14,836.38,833.60,834.43,833.75,831.03,829.07,827.99,826.35,825.34,825.65,826.42,826.66,825.02,824.35,823.19,822.02,821.42,820.37,819.72,819.97,820.46,821.36,822.66,824.25,825.61,829.52,832.61,829.88,824.43,823.18,822.06,820.83,824.63,829.90,831.19,829.62,829.63,829.15,824.61,816.70,804.99,794.47,789.64,788.38,787.39,786.31,785.42,785.18,786.84,790.00,791.93,793.29,794.59,796.61,798.65,801.88,809.04,821.76,829.81,834.00,832.93,833.62,835.80,836.72,838.27,841.81,845.78,854.42,885.11,902.88,915.10,927.91,945.58,944.88,927.92,913.47,908.40,912.94,918.77,917.32,918.18,936.02,951.36,962.42,956.13,940.66,921.88,910.24,906.20,904.52,909.00,924.65,933.99,931.42,917.04,904.94,903.02,903.88,907.65,913.01,919.10,929.97,947.08,955.57,950.56,939.48,932.42,932.15,930.54,930.70,935.76,941.53,948.71,952.60,954.47,956.94,958.55,958.25,961.46,967.28,975.47,987.48,1003.89,1019.91,1030.54,1042.48,1059.86,1073.93,1083.06,1083.25,1088.45,1087.26,1072.78,1053.56,1052.58,1065.14,1066.45,1066.05,1072.60,1092.20,1113.89,1136.66,1161.28,1173.77,1159.90,1134.44,1112.21,1095.58,1082.36,1067.67,1058.52,1060.12,1073.00,1082.46,1071.80,1062.09,1076.91,1089.49,1078.40,1062.92,1063.54,1078.65,1092.31,1111.29,1128.74,1130.34,1105.60,1082.57,1064.87,1062.71,1082.70,1103.02,1120.99,1131.35,1140.19,1148.23,1142.48,1120.59
1026.84,1014.40,997.00,995.23,992.58,988.57,982.36,980.33,979.85,984.01,985.61,982.10,980.64,982.06,982.12,987.37,991.07,989.46,994.28,992.74,991.18,992.13,991.34,991.55,983.77,974.19,964.23,952.10,940.55,937.55,941.99,949.29,951.36,944.59,937.43,944.04,950.72,950.41,969.60,975.60,978.61,974.38,967.39,951.15,941.96,939.63,948.04,937.75,934.05,928.53,920.94,918.88,919.05,917.75,916.86,915.11,903.26,895.30,890.93,885.53,879.77,876.72,875.15,873.67,872.70,871.86,871.76,871.40,870.81,869.64,866.45,861.05,855.67,851.48,848.52,843.95,839.43,837.41,835.64,836.87,838.32,839.37,837.21,832.33,829.28,826.97,826.80,827.67,828.88,828.86,827.61,828.53,828.26,828.27,828.58,825.90,824.12,824.11,824.44,824.99,826.37,829.03,834.40,839.65,841.01,839.84,836.36,835.51,835.65,834.70,834.19,835.55,835.84,838.73,840.22,834.46,822.32,814.34,803.27,793.97,789.71,788.97,787.87,786.57,785.64,785.42,786.10,789.30,792.00,793.73,795.29,797.08,798.97,805.74,820.30,830.63,837.45,839.47,838.06,837.08,839.27,840.51,840.25,843.38,847.31,859.66,888.20,907.81,924.33,942.81,956.40,950.88,938.72,929.55,920.48,916.45,928.41,934.37,931.69,948.38,965.30,969.65,953.06,935.22,921.64,913.86,913.51,916.92,921.53,934.49,939.61,926.87,914.15,908.56,907.79,908.60,909.49,918.28,930.24,939.56,952.26,967.84,970.69,957.57,950.24,952.70,943.47,934.69,935.89,941.14,947.86,953.14,957.37,959.57,963.97,966.41,965.08,967.64,976.23,989.25,1003.00,1010.56,1020.38,1037.89,1059.74,1076.99,1091.44,1098.10,1104.64,1103.39,1086.59,1069.32,1059.94,1077.05,1087.15,1085.45,1081.00,1095.53,1116.75,1138.76,1162.68,1172.71,1152.51,1126.08,1106.77,1091.65,1077.60,1069.16,1067.68,1072.86,1088.33,1094.62,1081.01,1071.02,1086.58,1104.29,1097.18,1079.98,1074.71,1090.71,1105.07,1121.78,1138.29,1135.88,1113.02,1095.87,1080.75,1079.10,1097.00,1118.88,1136.40,1141.11,1137.30,1131.60,1125.92,1110.07
1005.62,1001.53,991.02,989.44,986.95,983.92,978.59,974.68,973.22,977.30,978.48,974.56,971.05,971.34,973.29,975.60,974.65,972.91,976.09,972.85,974.18,974.97,977.17,982.57,988.19,982.35,974.50,962.12,945.45,932.83,933.58,939.12,940.47,937.11,932.17,933.96,936.02,943.63,958.11,964.81,969.54,963.22,961.90,946.92,932.21,929.12,937.29,927.53,922.30,921.23,911.64,904.62,901.04,898.55,898.00,897.72,895.08,890.60,888.21,885.24,880.83,876.34,872.63,871.11,869.89,869.18,868.93,868.20,864.93,860.91,857.35,849.66,847.28,845.94,844.10,842.04,839.30,837.76,842.08,850.21,853.60,854.90,844.62,834.86,830.09,827.90,828.71,829.75,831.25,832.17,831.04,832.40,834.48,837.27,838.90,833.91,829.29,828.46,828.82,828.99,830.93,836.57,840.90,842.39,842.96,842.06,840.75,840.83,841.01,840.63,839.75,840.62,840.62,847.61,851.39,839.98,824.33,814.29,803.95,795.87,791.87,789.83,788.25,786.90,785.91,785.67,785.99,789.30,792.51,794.55,796.21,797.79,801.01,817.08,828.23,835.75,841.09,842.53,841.90,841.55,842.63,843.06,843.79,846.37,853.18,872.78,891.64,910.88,929.04,943.20,955.49,958.76,952.06,945.86,930.01,925.93,939.68,952.43,950.83,959.25,977.69,973.76,956.74,937.43,921.19,915.84,919.79,928.03,936.59,943.06,935.44,920.20,917.38,918.84,915.45,913.68,912.96,916.87,928.42,944.19,960.35,977.26,985.87,974.96,969.00,967.60,950.55,937.99,937.28,941.14,947.07,953.50,959.33,962.78,966.17,972.13,973.09,971.34,975.64,986.44,996.12,1001.29,1015.13,1032.21,1048.48,1064.13,1082.75,1100.00,1112.74,1115.09,1101.43,1085.35,1073.52,1081.41,1101.90,1110.63,1096.49,1102.55,1126.70,1148.98,1171.17,1172.39,1149.05,1124.36,1104.84,1091.53,1092.36,1091.12,1080.90,1084.53,1101.95,1109.90,1092.02,1083.25,1097.84,1117.54,1117.05,1099.14,1088.46,1101.90,1122.46,1135.86,1154.65,1149.41,1131.61,1112.69,1094.53,1100.87,1119.29,1131.62,1132.59,1123.96,1115.53,1112.48,1111.06,1103.75
992.05,991.98,986.29,983.70,981.35,979.98,976.25,970.93,967.22,969.35,970.82,967.74,963.83,964.32,965.77,966.36,963.88,960.51,959.41,958.34,960.69,962.62,964.16,969.46,975.53,971.08,966.04,962.77,950.83,934.75,928.18,931.28,933.13,932.18,927.75,926.47,930.41,935.26,940.91,948.45,950.90,947.47,952.25,938.80,923.99,922.11,927.15,923.10,913.04,909.68,899.92,896.79,893.65,890.80,889.95,890.20,889.32,885.49,882.95,880.51,878.76,874.24,869.63,867.73,865.39,863.27,862.19,860.49,855.70,853.32,850.88,848.20,845.28,845.30,847.77,847.22,845.22,851.18,861.03,864.97,861.82,851.18,837.22,831.52,829.32,828.98,830.19,832.57,834.41,835.71,834.97,835.66,839.62,848.78,849.31,843.66,839.58,839.04,838.57,837.71,838.73,841.32,842.88,844.26,844.75,843.47,842.21,843.15,843.68,842.59,842.97,845.76,847.59,852.44,860.63,847.56,829.75,815.10,802.75,797.39,793.40,789.83,788.69,787.63,786.46,785.93,786.33,790.05,793.72,796.59,798.30,799.24,812.22,827.16,833.95,839.96,842.31,842.65,843.04,840.86,836.14,834.15,841.86,849.62,863.60,877.09,889.68,905.73,919.10,929.52,941.23,956.65,961.78,953.24,937.07,933.24,948.81,964.64,973.81,976.16,986.74,978.32,961.26,940.92,920.20,917.86,924.44,937.53,948.96,943.86,928.77,922.27,926.11,931.38,925.55,917.85,916.46,919.56,926.63,939.95,958.75,977.08,993.11,990.99,987.06,979.70,961.00,941.85,940.51,943.22,948.18,957.37,963.61,966.72,968.69,974.86,980.81,981.00,979.73,982.25,990.17,997.31,1012.13,1024.43,1034.22,1050.76,1068.33,1083.97,1102.07,1116.86,1117.52,1103.90,1092.08,1092.15,1111.38,1127.49,1115.72,1114.77,1130.89,1154.34,1178.02,1177.66,1155.04,1131.14,1108.95,1101.49,1108.73,1107.90,1093.11,1097.36,1115.64,1124.77,1105.03,1094.81,1109.45,1132.26,1138.00,1118.74,1105.10,1116.03,1140.24,1159.53,1172.43,1168.48,1148.49,1125.63,1110.38,1125.20,1141.50,1139.07,1118.28,1103.37,1097.78,1092.34,1088.12,1088.43
985.94,982.83,979.65,978.48,974.44,970.82,968.25,966.73,963.40,960.02,958.72,957.84,957.24,957.90,958.70,957.91,954.85,950.80,947.93,947.59,949.86,951.04,951.69,955.38,958.77,955.40,950.78,949.53,948.19,938.36,926.85,925.53,926.45,925.20,922.12,920.71,923.92,925.65,928.97,932.41,935.05,936.06,936.68,932.57,919.78,913.80,917.46,914.98,906.53,901.54,895.81,892.40,889.79,886.44,884.61,882.93,881.23,879.06,876.51,871.52,869.43,868.40,866.72,864.79,861.90,859.50,858.38,856.26,851.59,849.47,848.35,847.25,850.36,857.20,861.35,864.03,867.49,869.98,870.12,869.70,859.75,842.77,835.65,831.47,830.23,831.23,832.49,835.41,837.39,839.08,839.30,839.72,844.89,852.65,853.37,850.78,847.92,845.55,844.05,843.16,843.04,843.40,844.84,846.45,846.61,845.15,843.85,845.37,846.12,844.26,845.44,851.21,862.37,861.36,867.65,857.06,841.67,817.75,804.35,798.39,794.75,791.26,790.08,788.59,787.28,786.30,787.06,791.04,794.86,798.19,802.41,808.85,821.54,828.04,832.97,837.87,840.34,842.31,842.50,834.19,829.38,829.45,840.87,852.87,862.71,870.15,880.57,893.85,905.19,914.81,928.06,945.99,962.29,962.29,950.33,941.16,952.95,971.71,992.96,998.28,996.12,980.71,960.00,940.20,924.59,921.41,926.50,938.95,950.01,938.88,929.08,933.24,936.21,943.73,932.78,920.19,920.24,926.28,937.43,941.48,955.83,974.27,994.39,1000.63,993.65,981.37,963.12,946.57,945.05,947.75,953.26,964.83,971.50,974.44,975.66,978.34,982.74,986.64,988.61,988.47,988.79,994.89,1002.97,1012.03,1021.78,1038.63,1055.02,1066.63,1082.68,1100.41,1116.63,1124.18,1117.40,1114.51,1125.09,1141.03,1137.14,1133.58,1148.97,1168.31,1185.31,1178.16,1155.43,1131.89,1117.92,1119.16,1123.89,1114.98,1103.13,1109.02,1131.22,1140.91,1120.92,1108.95,1121.69,1146.07,1158.27,1139.09,1126.93,1140.09,1157.19,1174.62,1189.58,1177.28,1156.89,1134.25,1132.88,1150.10,1157.49,1139.57,1111.00,1093.88,1078.80,1068.30,1067.48,1069.02
981.08,977.93,974.06,971.20,969.13,966.49,962.47,960.64,959.49,956.45,954.39,952.81,951.09,950.99,950.02,948.10,947.18,945.95,943.18,941.28,941.35,941.79,941.35,941.14,943.67,941.66,936.53,934.18,934.22,931.53,923.69,920.73,920.61,918.36,916.94,914.93,915.96,916.09,917.22,917.53,920.39,925.61,922.76,920.98,914.78,907.12,903.84,903.04,899.95,893.94,889.45,887.74,885.94,882.94,880.30,878.16,875.93,873.45,870.41,868.14,866.76,865.44,863.94,862.32,860.28,858.32,856.64,855.27,856.72,858.57,857.85,857.82,860.99,862.10,866.04,869.59,871.08,871.70,871.37,870.44,856.23,838.77,835.05,832.06,831.86,833.68,836.12,838.33,840.80,843.85,847.36,849.79,852.76,856.79,856.29,853.96,851.75,849.78,847.84,846.73,846.67,846.24,847.18,848.81,848.56,846.72,845.54,847.61,848.10,845.72,847.12,855.85,872.57,873.50,874.74,868.40,846.20,822.83,806.00,798.93,796.03,793.26,790.50,788.89,787.79,786.85,788.32,791.95,795.94,800.09,809.04,825.38,825.84,827.76,831.74,835.53,838.25,840.84,842.39,832.54,828.92,829.34,840.25,852.00,861.79,869.11,877.45,886.87,895.56,903.77,914.79,935.61,952.87,967.32,968.32,954.61,957.64,975.53,1000.37,1010.58,999.20,979.66,951.76,935.89,930.38,934.46,934.73,938.30,950.11,938.97,935.18,947.25,949.49,956.05,939.25,925.32,924.99,931.00,948.87,958.94,964.24,978.74,998.06,998.26,984.83,967.78,952.63,947.73,949.25,953.86,962.05,972.71,982.61,988.59,987.13,985.72,986.02,987.24,991.33,993.65,992.94,994.27,999.09,1007.85,1020.77,1034.91,1043.70,1052.64,1069.86,1088.95,1109.37,1128.81,1137.25,1136.88,1142.23,1153.72,1158.57,1160.53,1173.97,1188.84,1196.56,1175.96,1150.83,1134.39,1131.04,1137.45,1142.03,1126.06,1116.85,1127.00,1149.08,1153.39,1134.74,1121.43,1133.53,1158.21,1173.05,1161.59,1156.01,1166.04,1175.50,1189.80,1200.77,1185.89,1166.57,1150.38,1158.47,1168.93,1162.18,1139.96,1116.78,1098.38,1077.16,1060.50,1052.14,1052.11
976.62,973.56,971.26,967.78,965.31,963.39,960.75,957.32,955.59,953.20,950.82,949.10,947.10,946.18,945.66,944.40,942.75,942.06,939.96,938.01,937.08,936.97,936.56,935.20,932.02,929.52,927.85,926.12,924.69,923.36,920.17,917.28,916.48,914.36,911.86,909.89,909.25,909.02,909.23,908.63,909.00,911.93,912.86,911.81,907.98,900.17,894.03,892.70,890.68,888.14,885.65,883.35,881.49,879.51,877.04,874.91,871.71,869.98,868.55,867.53,868.13,869.00,869.76,868.66,864.01,861.19,862.51,866.06,869.38,870.44,869.33,866.24,864.60,864.50,868.78,871.33,872.44,872.35,871.17,867.96,848.77,839.61,835.07,833.38,834.26,835.18,837.82,841.44,846.29,850.38,856.23,858.66,859.80,860.08,858.72,856.13,853.95,851.66,850.34,849.85,850.09,849.87,849.75,850.79,849.50,847.56,847.27,849.84,850.50,847.31,847.84,854.63,872.71,880.25,880.50,874.34,852.08,829.38,804.00,797.55,795.19,792.74,790.49,789.18,788.20,787.16,788.73,792.60,796.45,801.03,814.07,830.65,830.39,829.70,832.48,835.39,837.71,840.92,841.83,831.22,828.61,828.76,834.88,849.25,866.42,878.12,886.53,893.35,899.56,909.30,918.44,926.84,941.77,960.27,973.88,973.84,969.58,989.18,1008.71,1016.52,998.46,971.36,944.87,937.40,942.75,951.48,948.91,943.53,953.77,949.11,940.86,953.69,963.03,963.29,945.94,931.37,929.59,934.88,952.80,970.81,983.91,993.62,1002.01,991.01,977.13,961.24,951.07,950.93,954.35,959.63,967.53,978.03,992.57,1004.68,1002.34,996.14,992.90,990.86,991.69,995.97,997.85,998.34,999.49,1006.99,1018.88,1025.54,1030.46,1046.46,1066.27,1088.72,1107.66,1125.27,1136.36,1138.95,1143.91,1152.39,1161.38,1171.18,1184.59,1197.23,1197.76,1176.02,1154.28,1143.38,1147.17,1156.23,1155.34,1139.90,1137.07,1148.14,1164.90,1166.53,1149.64,1138.66,1152.62,1171.61,1188.40,1182.85,1176.96,1183.90,1197.54,1209.19,1208.48,1196.61,1178.30,1166.19,1160.34,1155.02,1151.83,1140.46,1118.65,1097.42,1078.13,1062.67,1044.77,1037.30
973.37,970.62,967.44,965.29,962.83,961.00,959.71,957.89,955.56,953.66,951.62,950.44,947.83,945.56,943.55,941.60,939.73,938.94,937.77,936.05,934.45,933.40,932.95,931.74,928.62,925.63,923.34,920.97,919.37,918.48,917.19,914.55,912.83,911.15,909.03,907.02,905.31,903.38,901.79,900.59,900.15,899.58,899.94,899.05,896.32,890.88,888.27,887.45,886.10,884.42,882.67,880.33,878.47,876.64,875.15,875.03,875.80,875.09,874.79,873.37,873.39,875.24,876.43,876.72,875.92,872.18,872.29,872.81,872.81,871.12,869.58,868.79,867.72,867.48,872.15,873.53,873.63,871.87,869.97,856.45,843.07,838.02,834.98,836.50,838.06,837.53,839.01,845.80,853.47,858.99,860.73,861.05,861.10,860.81,859.83,857.79,855.46,853.05,851.51,851.65,852.59,853.16,853.26,850.34,848.93,848.12,848.94,853.97,855.68,848.81,848.49,852.22,866.61,879.89,880.75,871.16,853.31,830.40,802.22,797.76,795.62,793.47,791.53,789.81,788.60,787.46,788.82,793.15,796.53,800.15,808.98,823.03,831.34,833.42,834.58,837.18,839.14,841.80,841.09,829.87,828.28,828.23,831.14,849.00,875.08,889.39,896.27,905.35,910.34,922.32,936.08,940.30,940.67,959.02,975.06,988.23,992.14,1002.54,1019.45,1018.84,997.13,964.81,946.35,946.06,955.99,966.82,962.29,953.84,961.82,964.96,958.18,960.59,973.87,972.46,954.73,937.58,934.02,939.41,955.53,973.41,992.62,1008.13,1002.50,984.38,969.35,959.90,955.95,954.67,959.06,964.99,971.44,980.32,994.56,1010.90,1013.72,1004.34,999.54,1001.55,999.87,999.76,1002.85,1003.43,1005.11,1008.30,1011.76,1017.10,1027.52,1047.26,1064.08,1083.54,1098.63,1112.12,1118.98,1120.11,1124.61,1132.83,1143.63,1157.24,1174.20,1187.72,1193.73,1186.60,1172.11,1162.97,1163.80,1174.49,1166.85,1153.60,1154.58,1163.96,1180.70,1184.44,1167.89,1160.74,1173.77,1190.01,1207.71,1207.09,1201.78,1208.06,1212.09,1206.92,1198.45,1193.15,1179.08,1163.41,1146.61,1130.94,1126.43,1126.16,1114.42,1090.84,1072.23,1057.52,1044.02,1030.94
970.23,969.02,967.61,966.02,965.67,964.14,963.85,962.69,959.16,958.03,956.52,953.16,949.84,948.93,946.26,942.96,939.97,937.74,936.07,934.56,932.83,930.74,929.44,927.54,925.36,923.36,921.70,920.42,919.04,917.07,915.74,914.87,913.50,910.78,908.89,907.66,905.61,902.35,899.90,899.02,897.38,895.64,894.21,892.89,890.80,889.09,888.52,886.42,884.96,883.61,880.95,879.50,878.63,879.36,880.91,881.87,882.38,881.77,881.60,878.14,877.12,880.27,882.71,883.41,882.25,878.04,876.22,875.51,873.65,871.43,869.77,869.12,868.59,872.41,876.98,876.85,874.97,871.22,863.30,852.55,840.80,837.40,835.61,839.50,841.85,840.31,841.38,851.79,859.56,860.98,861.63,862.02,861.86,861.07,860.12,858.38,856.32,854.23,852.89,853.70,854.73,855.70,854.18,850.69,849.13,848.88,850.44,859.05,863.50,852.46,851.27,853.68,863.61,878.22,877.02,856.91,842.14,822.19,801.23,797.61,795.72,793.76,791.83,789.98,788.77,787.75,788.88,793.41,796.43,798.89,802.24,808.45,823.01,832.95,836.03,838.46,840.14,842.58,840.13,829.49,827.59,828.04,834.19,853.83,882.24,900.84,907.52,916.21,923.95,929.78,948.08,958.45,955.82,961.24,976.65,992.09,1007.26,1015.57,1028.92,1021.11,995.53,966.74,953.94,958.17,973.27,985.23,975.53,962.69,968.02,980.71,981.57,978.84,985.49,978.47,958.83,940.62,937.40,943.53,957.64,977.23,997.53,1014.25,1005.35,987.13,974.32,968.72,964.69,958.26,961.03,967.31,974.12,983.26,999.16,1012.94,1023.53,1011.66,1006.75,1009.56,1010.29,1009.52,1009.71,1008.41,1010.78,1014.50,1017.02,1017.78,1026.42,1043.06,1060.49,1076.22,1088.93,1096.37,1099.97,1102.69,1105.57,1113.65,1128.49,1144.27,1159.38,1174.62,1190.26,1198.44,1194.04,1184.72,1181.90,1191.28,1177.49,1167.17,1171.61,1183.38,1197.33,1205.70,1196.61,1187.27,1195.73,1213.17,1226.96,1227.00,1224.52,1215.58,1200.36,1190.05,1181.29,1181.68,1171.64,1151.81,1131.22,1115.39,1106.91,1109.49,1108.24,1093.10,1076.27,1062.78,1048.22,1032.47
975.45,975.04,974.45,971.47,970.24,968.41,968.96,969.49,968.34,966.46,963.25,960.87,959.63,953.89,947.82,944.05,940.68,938.98,936.61,933.68,931.51,930.04,929.60,928.90,927.89,926.40,925.57,924.73,922.45,919.90,918.87,918.23,916.08,913.69,912.37,911.84,910.50,906.52,902.74,901.98,900.63,898.84,897.05,894.03,891.69,891.65,891.62,889.73,889.35,888.62,887.74,887.37,884.87,885.05,885.35,885.03,885.54,885.89,885.64,880.76,880.32,884.75,888.95,889.99,886.36,881.02,878.15,875.89,873.64,871.84,870.64,870.46,873.58,879.54,880.09,878.40,876.04,867.13,855.66,843.94,838.57,837.20,836.74,840.87,844.82,844.57,848.86,857.26,860.60,861.61,862.50,862.88,862.22,861.35,860.34,858.73,856.76,854.84,854.48,855.76,856.85,857.78,856.10,852.43,849.88,849.57,851.85,861.94,869.39,860.41,858.72,856.53,861.34,877.69,876.90,857.22,847.38,828.74,803.66,797.94,795.78,793.68,791.69,789.96,788.93,787.99,788.90,793.64,795.93,797.50,798.96,801.69,810.10,827.59,833.88,837.77,841.06,842.80,837.55,828.62,826.85,828.40,839.62,858.73,883.49,906.13,920.31,932.05,943.73,944.51,952.09,964.63,971.39,973.76,980.57,994.86,1012.33,1024.06,1036.90,1024.58,997.81,972.12,965.29,973.36,990.54,999.60,987.21,971.40,976.94,992.17,1001.05,1001.78,999.37,979.96,958.20,944.19,941.35,951.96,968.58,986.11,1006.20,1021.03,1016.91,998.47,987.08,984.70,974.75,963.76,963.73,968.86,975.00,984.73,1000.81,1015.30,1028.78,1020.13,1016.68,1025.36,1026.67,1022.60,1016.86,1014.20,1015.79,1018.97,1022.90,1022.86,1028.63,1037.15,1052.60,1068.21,1076.97,1081.91,1081.96,1084.53,1093.98,1108.69,1124.93,1140.72,1153.76,1174.01,1193.40,1214.32,1217.56,1208.47,1205.53,1205.78,1191.91,1189.41,1196.92,1209.31,1219.35,1228.58,1222.17,1215.14,1219.05,1225.46,1226.08,1225.15,1226.12,1210.83,1188.86,1171.32,1162.02,1167.45,1170.25,1154.46,1131.12,1109.15,1094.02,1089.55,1093.19,1089.83,1077.69,1060.08,1044.80,1030.92
984.49,985.60,987.93,983.25,977.66,977.00,979.73,982.53,984.24,983.53,982.31,979.05,970.25,955.04,947.75,944.40,941.90,940.33,937.90,936.35,935.17,935.42,935.49,937.00,934.91,932.45,931.76,929.77,929.26,929.90,929.56,926.25,919.67,917.59,917.22,917.15,913.05,908.04,906.11,904.75,903.08,902.34,900.29,897.15,894.66,894.72,893.55,892.28,892.60,893.27,893.89,894.94,892.90,892.47,890.65,888.37,888.98,891.50,891.31,886.13,884.66,888.88,894.24,896.33,889.47,882.30,878.29,876.20,874.99,874.10,873.23,875.66,880.24,881.36,880.97,878.46,871.46,859.37,849.82,839.93,839.84,838.12,839.18,844.08,848.45,849.79,856.41,861.02,861.31,862.35,863.31,863.65,862.85,861.65,860.55,859.17,857.32,855.60,856.11,857.51,858.94,860.34,859.03,856.04,853.13,851.56,854.66,863.40,874.63,871.60,869.33,863.99,862.61,875.12,881.64,871.65,850.96,832.82,807.81,798.30,796.11,794.03,791.94,790.08,789.07,788.21,788.91,793.12,794.97,796.44,797.67,799.29,803.96,815.77,830.95,835.85,840.61,842.68,836.49,827.55,826.47,829.60,845.13,862.54,883.13,906.98,929.08,949.44,963.10,966.50,965.79,968.89,973.82,981.98,989.86,1002.25,1016.74,1031.49,1042.67,1032.63,1008.77,989.25,983.71,989.79,1007.58,1014.14,995.69,984.20,994.39,1006.14,1019.15,1018.21,1004.49,983.99,965.96,952.23,946.90,958.08,975.28,989.38,1008.45,1024.53,1030.03,1015.34,1004.21,991.90,973.88,966.27,966.95,972.51,977.86,985.28,998.12,1014.65,1029.34,1028.36,1026.30,1041.90,1044.67,1038.39,1027.15,1022.57,1022.49,1025.44,1028.81,1029.29,1033.52,1037.31,1045.42,1056.21,1061.92,1065.11,1072.61,1086.16,1103.76,1118.66,1132.71,1147.02,1158.91,1173.20,1191.68,1214.99,1233.19,1235.06,1231.16,1221.22,1211.45,1214.80,1226.05,1237.18,1239.47,1233.04,1225.30,1220.70,1219.16,1215.58,1207.97,1204.83,1211.60,1204.92,1187.28,1163.63,1145.43,1151.49,1164.04,1153.88,1135.29,1112.04,1094.09,1076.69,1073.48,1073.45,1066.79,1053.44,1042.14,1030.75
1000.56,1001.67,1002.81,993.27,985.37,987.33,993.02,1000.42,1003.79,1001.46,993.71,980.22,963.61,953.53,948.18,944.89,943.06,941.60,941.87,942.83,945.67,945.80,942.26,948.01,946.35,942.89,944.14,938.31,939.37,939.61,939.05,934.84,927.75,922.93,923.56,923.48,917.30,912.63,909.63,907.09,905.75,904.64,902.30,899.52,897.64,897.25,895.48,894.86,896.06,897.36,898.61,902.64,905.97,907.48,903.42,895.27,895.85,902.57,901.74,893.95,888.64,895.38,900.76,900.05,890.69,882.97,879.03,878.38,877.48,876.66,877.52,881.17,882.48,882.46,880.78,872.88,860.35,853.28,845.13,840.47,839.63,840.63,846.51,851.21,854.24,856.94,860.86,862.78,862.23,863.05,864.05,864.64,864.01,862.08,860.44,859.31,857.81,856.60,857.55,859.00,862.48,867.83,868.67,864.64,858.67,854.95,855.86,861.65,876.80,886.27,881.57,875.94,869.99,873.76,883.96,871.17,845.70,828.79,809.15,798.59,796.49,794.42,792.36,790.36,789.31,788.49,788.75,791.76,793.89,795.14,796.62,798.52,802.00,808.68,825.99,838.64,840.34,842.42,834.31,826.93,826.57,832.78,847.23,864.42,884.00,907.63,931.49,957.07,976.91,984.70,986.49,986.26,983.78,992.11,1004.00,1012.79,1023.26,1031.50,1036.84,1036.55,1024.83,1014.55,1008.48,1012.82,1024.81,1024.84,1005.73,999.16,1013.51,1024.51,1034.04,1022.74,1001.25,983.84,967.12,956.09,951.36,960.67,975.31,989.21,1007.27,1026.56,1038.81,1028.55,1011.14,989.37,972.62,968.07,968.89,976.17,982.30,987.26,995.73,1010.64,1024.68,1035.76,1038.67,1051.03,1058.33,1052.14,1039.36,1035.18,1034.94,1034.36,1034.06,1034.69,1036.80,1041.75,1045.30,1049.84,1055.13,1061.25,1074.62,1088.46,1102.23,1116.99,1130.99,1140.98,1148.68,1162.22,1184.31,1206.91,1223.70,1237.80,1247.60,1246.10,1243.22,1243.57,1250.88,1244.82,1228.67,1214.97,1204.33,1200.55,1199.36,1196.11,1190.58,1186.36,1195.51,1191.55,1179.50,1162.45,1141.71,1138.07,1147.06,1139.20,1125.86,1111.40,1097.69,1080.29,1068.02,1060.24,1056.00,1047.83,1037.93,1034.13
1014.55,1013.97,1009.68,997.57,992.89,997.27,1007.88,1012.88,1009.95,1000.16,984.57,966.50,957.52,952.72,948.48,947.07,948.77,947.82,947.73,949.87,952.55,953.51,952.68,956.95,960.82,959.23,955.63,948.02,953.88,950.88,948.51,938.73,931.84,928.99,931.08,930.99,926.24,923.10,917.24,909.58,908.52,906.48,903.69,901.11,900.49,899.31,897.75,897.37,898.99,902.99,906.08,912.54,919.57,922.76,915.19,903.34,904.85,912.40,911.81,901.79,893.14,899.68,906.99,903.86,893.34,886.84,883.58,881.84,880.33,879.65,881.50,883.56,883.84,881.93,876.46,859.89,852.88,848.42,844.47,842.20,842.98,849.61,854.82,858.00,860.02,861.78,863.98,864.61,863.54,863.79,864.76,865.66,865.19,862.75,860.35,859.18,858.04,857.60,858.47,860.30,867.24,875.25,878.77,875.62,866.56,857.74,856.51,859.80,872.97,890.47,893.41,887.46,879.36,877.19,884.41,870.29,847.99,832.56,812.29,799.16,797.01,794.97,792.89,790.80,789.52,788.76,788.73,789.89,792.25,794.08,796.02,798.21,801.21,806.59,820.65,838.25,841.84,842.18,832.75,826.85,827.26,835.33,849.19,865.99,886.81,909.23,931.62,956.92,978.04,988.49,989.60,988.24,991.96,999.83,1013.38,1021.87,1022.86,1018.59,1021.96,1022.13,1020.41,1017.42,1012.88,1013.49,1029.53,1035.84,1026.19,1022.30,1030.06,1043.01,1042.83,1020.57,997.79,977.50,964.38,958.38,956.77,966.26,982.77,999.43,1016.31,1035.45,1044.36,1035.24,1012.49,990.92,977.37,972.89,977.21,985.47,988.92,989.11,994.86,1004.50,1019.89,1035.62,1049.49,1060.96,1070.07,1060.65,1050.23,1050.25,1052.98,1047.33,1039.66,1041.97,1042.41,1045.36,1050.22,1053.31,1057.61,1063.55,1070.30,1080.82,1094.31,1109.80,1119.39,1124.80,1142.46,1161.72,1180.54,1192.31,1204.14,1218.67,1232.63,1253.34,1263.96,1262.60,1260.28,1239.26,1214.36,1199.38,1188.04,1181.99,1178.61,1175.61,1170.25,1168.58,1175.75,1171.57,1159.89,1146.37,1130.11,1119.50,1124.50,1120.11,1109.40,1100.06,1088.56,1078.98,1069.26,1058.96,1052.09,1042.14,1039.43,1040.24
1021.42,1018.79,1010.85,1002.84,1003.10,1011.95,1018.53,1009.04,997.99,983.57,971.13,960.39,956.30,952.53,950.35,957.43,960.72,955.83,954.13,956.08,957.70,962.31,966.17,964.65,973.60,975.19,965.55,959.29,964.61,958.60,950.34,939.79,935.29,935.28,937.34,936.44,933.51,928.93,922.13,918.26,912.63,907.56,904.51,902.51,902.74,901.86,900.92,900.99,903.23,910.91,916.26,921.18,930.64,930.75,918.99,907.12,910.41,921.66,921.00,910.61,902.85,902.90,911.25,912.79,902.21,896.54,890.35,886.42,884.35,883.77,884.76,885.35,883.01,878.98,863.61,853.47,848.36,845.75,845.55,847.82,851.19,857.26,860.40,861.82,863.20,864.67,866.57,866.40,865.10,864.60,865.48,866.47,866.21,863.43,860.58,859.10,858.57,858.76,859.33,862.14,871.13,883.94,889.18,880.12,868.37,859.05,858.33,862.05,875.37,890.00,899.77,895.06,883.26,882.45,885.46,868.82,843.91,828.51,811.16,800.47,797.61,795.48,793.39,791.30,789.72,788.97,788.63,789.29,790.64,793.31,795.93,798.43,801.75,806.25,816.56,834.62,841.99,841.49,831.51,827.14,827.78,835.54,851.59,868.70,890.44,912.15,933.54,956.56,969.34,976.54,976.15,972.98,979.28,995.62,1013.40,1021.60,1013.63,999.39,1005.04,1007.07,1007.10,999.87,996.73,1006.60,1026.48,1044.52,1046.77,1046.76,1050.50,1058.58,1045.59,1021.39,997.78,977.87,968.58,967.71,964.54,969.11,990.63,1012.65,1030.02,1046.62,1045.34,1033.25,1014.47,995.30,979.37,980.33,991.38,1001.08,999.55,994.86,996.32,1003.23,1014.98,1031.35,1050.85,1071.59,1079.70,1066.86,1061.34,1066.15,1069.49,1058.76,1047.95,1051.45,1056.65,1059.34,1061.33,1059.85,1062.09,1067.80,1072.88,1077.39,1086.63,1097.82,1104.08,1115.53,1137.18,1152.78,1165.04,1172.03,1186.24,1204.01,1221.18,1244.17,1265.69,1271.50,1258.20,1234.77,1221.87,1206.77,1189.75,1176.16,1168.03,1160.61,1154.03,1149.62,1154.94,1153.37,1141.65,1125.88,1114.66,1106.92,1105.07,1102.97,1096.35,1086.71,1077.11,1071.25,1062.38,1055.83,1050.67,1045.46,1045.29,1046.90
1023.29,1019.21,1013.44,1011.78,1017.37,1023.53,1015.00,1000.66,985.13,971.31,964.29,959.43,956.30,955.96,962.09,968.49,970.56,964.95,962.83,962.83,965.65,973.34,981.51,978.57,983.05,988.86,976.04,970.31,966.80,955.71,947.88,942.85,939.91,942.58,944.69,942.58,938.19,932.70,930.13,924.81,914.10,907.91,905.22,904.41,904.86,905.42,905.95,909.93,910.51,916.64,927.15,930.49,936.25,931.39,917.53,911.32,919.33,929.97,932.35,925.66,919.29,910.69,916.65,922.05,913.69,909.10,897.79,889.26,887.68,887.71,886.81,884.25,880.79,867.43,855.12,849.63,847.80,848.13,849.41,852.40,858.80,864.74,864.65,864.45,865.97,867.56,868.88,867.97,866.64,865.65,866.31,867.24,867.77,865.61,862.38,860.06,859.77,860.21,861.14,865.10,871.37,885.59,890.99,879.12,866.97,861.53,862.17,864.70,876.33,889.46,899.76,894.92,887.18,890.32,885.78,865.01,841.87,824.70,809.15,800.89,798.04,795.98,793.89,791.82,789.97,789.12,788.86,789.34,790.21,792.58,796.17,799.06,802.37,806.46,812.13,830.20,841.28,836.41,829.22,827.83,827.77,833.58,851.33,869.96,892.67,916.15,933.48,952.80,956.15,956.94,958.27,958.72,971.95,994.93,1012.94,1016.58,1004.68,986.14,982.84,986.15,985.68,978.87,985.42,1005.59,1027.69,1037.94,1041.31,1050.48,1050.81,1054.00,1045.13,1021.66,1000.60,993.74,983.45,980.82,978.13,974.76,996.11,1021.12,1038.90,1050.30,1040.44,1026.94,1011.30,993.41,980.69,987.55,1001.92,1016.02,1018.82,1008.25,1000.38,1005.30,1015.37,1031.45,1051.89,1071.58,1087.63,1078.88,1079.59,1086.70,1085.18,1068.61,1057.42,1058.24,1070.84,1076.22,1078.04,1072.68,1068.01,1073.68,1082.60,1087.17,1088.18,1090.43,1097.11,1111.07,1127.01,1137.05,1147.90,1161.74,1180.68,1203.21,1225.54,1243.97,1265.18,1274.36,1265.86,1246.89,1242.26,1227.84,1207.79,1195.51,1185.19,1173.69,1160.78,1147.02,1138.99,1136.21,1127.55,1121.29,1124.35,1116.12,1100.26,1093.02,1087.27,1081.42,1073.49,1066.71,1061.26,1057.27,1053.29,1051.72,1050.83,1053.11
1023.45,1020.33,1018.29,1021.06,1028.79,1027.62,1012.21,994.03,978.18,970.02,965.03,961.02,964.17,975.59,978.45,981.15,981.26,976.18,974.08,968.87,971.56,982.73,994.43,989.36,988.77,991.57,980.92,973.11,964.64,960.91,954.62,948.63,948.28,952.38,957.42,953.25,946.93,940.70,935.19,924.36,913.12,908.16,906.57,906.68,906.98,908.37,912.44,921.27,917.40,923.22,937.51,942.21,939.83,928.96,917.96,919.04,928.23,940.01,944.86,937.03,927.14,925.62,927.79,928.71,919.64,910.11,898.92,890.85,892.71,888.99,884.91,881.43,871.82,857.08,851.59,850.41,850.55,851.91,853.99,858.05,866.05,870.20,868.47,866.98,868.26,869.85,870.44,869.10,867.97,866.82,867.08,867.99,868.89,868.63,867.21,865.11,862.93,863.22,863.87,866.49,870.47,883.08,891.50,879.30,867.72,868.60,869.45,869.52,882.69,893.55,900.45,897.28,893.82,889.38,879.94,863.74,842.23,823.05,807.96,801.19,798.29,796.37,794.30,792.24,790.36,789.33,789.10,789.52,789.96,791.76,795.58,800.19,803.16,806.20,808.93,823.84,840.60,833.49,828.13,827.96,828.28,830.91,847.96,867.83,888.59,908.15,924.51,936.66,937.89,940.04,939.92,945.28,967.70,991.23,1004.75,1006.35,992.58,977.55,963.39,966.72,966.65,964.67,981.19,1000.28,1025.63,1021.57,1024.66,1031.29,1027.53,1032.65,1036.32,1028.21,1022.89,1015.94,995.50,993.75,992.43,982.55,1003.64,1027.30,1046.33,1049.03,1034.17,1021.08,1005.93,990.80,984.46,993.02,1006.75,1023.58,1031.64,1025.53,1015.09,1008.87,1020.77,1035.86,1053.20,1072.95,1090.84,1098.65,1102.10,1107.77,1098.27,1078.84,1065.94,1063.30,1076.58,1090.46,1095.92,1086.73,1077.28,1078.54,1092.59,1100.39,1102.69,1102.32,1102.57,1105.62,1115.38,1131.16,1147.76,1167.28,1189.25,1204.55,1218.87,1231.72,1253.20,1272.68,1281.30,1268.87,1254.87,1241.10,1226.55,1212.80,1201.78,1189.51,1177.29,1162.08,1145.56,1133.05,1132.10,1139.63,1136.07,1119.81,1103.95,1097.23,1090.69,1086.92,1081.59,1073.04,1066.20,1060.69,1057.74,1058.11,1057.54,1059.66
1025.11,1026.65,1028.62,1031.94,1028.75,1018.18,1003.31,987.84,977.21,970.88,966.91,970.09,986.41,992.87,989.36,991.83,992.12,990.06,984.74,973.67,975.82,987.96,1000.90,996.63,995.88,988.80,978.45,971.11,971.62,974.33,963.55,959.79,961.80,962.73,969.55,970.93,963.51,952.46,936.66,921.87,913.62,909.14,908.75,908.82,909.22,913.74,924.25,931.10,923.71,928.36,943.00,948.99,941.13,927.49,922.45,927.53,936.41,946.03,950.36,945.19,941.44,938.08,930.55,921.84,912.18,906.14,900.35,901.63,900.13,888.00,882.64,874.92,860.41,856.50,852.37,854.31,856.05,856.99,858.19,864.61,870.78,871.81,870.26,869.32,870.48,871.69,871.36,869.44,868.20,867.64,868.04,868.74,869.97,874.77,877.39,873.84,867.69,866.30,866.72,867.86,872.26,882.31,890.84,878.26,869.97,876.60,877.30,872.88,887.96,900.37,901.29,899.04,889.42,876.96,867.95,857.25,836.80,820.46,807.74,802.24,798.75,796.69,794.70,792.81,791.09,789.72,789.25,789.51,789.77,790.90,794.07,799.44,802.97,805.40,807.65,814.42,836.68,838.13,828.96,828.34,828.64,829.82,843.21,859.90,877.70,891.03,907.18,917.47,920.67,922.15,926.81,945.63,965.72,980.79,992.17,995.58,977.87,965.01,949.06,948.45,948.80,961.87,982.91,1003.66,1017.90,1004.89,1009.65,1013.21,1006.54,1009.53,1019.41,1038.42,1042.95,1030.19,1007.83,1007.14,1003.36,989.15,1007.90,1032.35,1051.95,1044.97,1027.51,1014.43,1008.86,1003.09,989.95,998.45,1011.63,1028.26,1041.54,1039.18,1027.70,1016.07,1016.80,1026.98,1043.92,1063.91,1086.28,1103.41,1116.00,1119.92,1106.99,1088.89,1072.23,1069.18,1078.00,1096.83,1108.22,1100.70,1089.06,1084.59,1093.40,1109.80,1118.36,1120.65,1118.15,1117.29,1117.29,1128.45,1144.30,1163.30,1180.30,1189.89,1200.04,1216.53,1240.30,1266.10,1278.27,1262.04,1242.76,1228.17,1220.79,1213.03,1200.56,1187.50,1173.20,1156.92,1142.62,1141.13,1151.40,1156.70,1142.13,1125.55,1116.58,1110.53,1105.00,1104.60,1095.39,1078.72,1067.68,1064.91,1064.36,1065.23,1065.85,1068.96
1029.16,1035.60,1040.09,1033.27,1016.64,1002.00,990.72,983.44,977.18,971.83,979.46,990.35,998.38,1002.06,997.99,1001.25,1001.52,995.11,985.96,978.89,980.88,991.93,1003.97,1004.73,999.14,988.15,981.07,982.55,984.07,979.79,968.39,968.50,973.22,971.61,976.38,979.46,970.77,954.14,934.43,919.89,914.31,910.98,911.89,912.87,917.40,927.36,932.26,935.19,929.78,937.35,949.90,950.06,939.25,931.45,931.29,937.26,947.43,950.68,951.63,949.14,942.65,932.47,921.10,916.04,909.92,908.89,912.33,911.14,898.44,886.14,879.64,868.58,861.71,860.16,855.48,860.27,862.86,866.68,867.00,868.94,871.89,873.34,872.13,871.68,872.41,873.47,872.25,870.00,868.67,868.58,869.28,870.28,874.15,882.13,886.61,885.07,875.86,870.70,870.42,871.33,876.39,885.52,889.22,877.34,879.27,887.62,885.06,883.51,890.26,900.58,897.96,888.57,881.21,870.92,857.50,841.76,826.50,817.65,808.12,802.52,798.88,796.93,795.21,793.60,792.00,790.41,789.53,789.58,789.78,790.66,792.87,798.59,802.25,804.57,806.83,809.90,827.69,840.59,831.33,829.02,828.91,829.91,841.89,854.14,864.86,877.30,886.23,897.41,905.40,916.36,932.74,945.07,953.28,964.26,980.21,983.71,968.48,953.38,936.98,933.67,943.38,966.73,984.57,1006.30,1003.81,990.50,996.18,995.01,983.52,990.27,1010.98,1033.89,1048.19,1042.55,1026.76,1022.53,1017.82,999.00,1012.42,1037.07,1055.43,1042.29,1022.21,1020.53,1025.29,1014.05,995.52,1002.98,1019.58,1036.83,1053.73,1052.25,1039.13,1031.33,1020.63,1027.24,1036.19,1053.50,1075.27,1095.29,1111.39,1121.63,1114.25,1095.51,1077.09,1080.44,1090.74,1103.60,1120.15,1117.65,1103.16,1097.75,1093.85,1109.04,1126.78,1138.42,1140.06,1139.52,1135.56,1130.95,1138.38,1148.65,1162.09,1173.71,1191.25,1212.86,1234.68,1259.93,1273.13,1259.89,1235.95,1214.24,1200.63,1195.93,1185.48,1171.95,1160.11,1151.92,1153.36,1163.91,1172.79,1170.48,1158.46,1143.83,1133.40,1127.21,1122.62,1115.58,1099.36,1079.83,1070.80,1072.00,1072.22,1073.99,1077.01,1081.54
1036.44,1040.89,1036.03,1024.47,1007.05,990.08,983.98,979.03,976.37,979.33,992.47,1005.96,1007.97,1012.34,1009.09,1009.87,1002.72,993.75,987.64,987.10,988.88,998.02,1006.42,1009.70,1000.75,993.08,995.80,995.60,992.46,983.22,974.25,976.34,981.21,979.79,981.97,976.58,965.98,948.75,931.90,919.09,916.07,913.63,916.58,920.28,925.56,935.65,943.40,942.93,937.69,949.47,955.31,949.35,939.85,942.01,943.48,945.20,952.34,951.86,946.98,939.55,931.78,922.47,917.85,915.08,916.01,920.33,919.25,910.03,895.00,884.16,874.66,867.21,863.73,859.90,857.53,865.16,870.53,876.37,876.01,872.65,873.06,874.85,874.50,874.33,874.51,874.99,873.00,870.39,869.20,869.29,872.73,878.72,882.47,887.35,898.35,897.77,886.88,881.28,878.56,877.74,884.57,895.03,891.56,883.47,886.67,897.95,895.40,894.79,898.10,900.87,889.53,876.00,868.66,865.07,852.62,834.37,824.63,816.55,807.43,802.34,799.02,797.38,795.87,794.31,792.73,791.17,790.03,789.75,789.94,790.87,792.33,796.46,801.44,803.75,806.29,809.42,820.24,837.45,836.63,829.59,829.40,833.13,845.98,853.62,860.02,867.40,873.35,883.58,899.74,915.05,923.57,926.31,934.20,957.02,973.22,968.78,956.23,941.98,927.05,928.72,943.64,964.03,984.36,999.63,984.07,974.86,977.72,973.07,968.71,986.90,1008.94,1025.62,1040.00,1053.41,1043.39,1044.12,1038.17,1022.88,1030.98,1048.81,1061.95,1043.45,1032.71,1043.58,1039.69,1022.76,1004.71,1005.10,1023.28,1043.27,1063.58,1064.64,1054.58,1043.02,1027.96,1038.53,1049.47,1051.64,1063.35,1085.00,1104.34,1121.84,1116.31,1098.22,1081.91,1090.28,1107.98,1121.05,1136.72,1136.53,1118.05,1112.14,1102.31,1108.69,1127.78,1149.12,1163.82,1164.28,1155.17,1145.60,1156.43,1165.16,1166.63,1176.72,1201.98,1227.41,1251.41,1271.37,1281.08,1272.88,1248.68,1220.20,1193.79,1181.63,1173.82,1170.81,1169.70,1171.37,1177.92,1184.62,1183.34,1169.34,1154.07,1141.36,1130.84,1122.70,1118.63,1112.22,1096.11,1081.20,1076.81,1079.84,1079.52,1085.69,1093.66,1098.34
1041.95,1032.00,1017.44,1007.28,994.50,985.71,980.86,980.84,989.69,994.61,996.97,1009.64,1017.60,1020.90,1018.79,1013.78,1001.17,997.49,997.51,996.89,996.78,1006.17,1010.55,1012.40,1008.60,1004.44,1004.05,1002.66,999.49,990.96,985.29,986.40,988.97,985.16,977.06,968.32,957.76,942.23,930.61,922.78,918.94,916.53,920.84,927.75,933.57,940.93,955.46,953.32,944.67,957.50,955.11,947.17,944.42,951.63,953.46,953.98,951.33,942.63,933.92,928.43,922.95,919.50,918.31,922.08,925.84,924.66,917.32,904.27,889.30,880.89,869.24,863.82,859.75,856.56,860.70,871.25,878.75,882.65,880.03,875.81,874.70,876.14,876.88,876.86,876.81,876.16,874.03,871.50,869.94,870.46,879.15,889.05,896.61,897.03,906.71,903.08,891.76,886.78,883.02,882.66,889.06,900.80,900.94,892.37,892.33,904.45,901.23,901.38,901.76,896.16,882.67,868.79,855.33,849.04,841.06,832.76,824.55,815.93,807.54,803.01,799.63,798.04,796.49,794.96,793.40,792.02,790.80,790.40,790.17,791.11,792.33,794.20,800.32,803.04,805.67,808.41,815.16,832.04,841.04,834.43,833.37,839.48,848.25,853.86,858.21,862.57,867.78,877.94,893.13,904.18,907.74,912.78,930.00,957.05,968.66,957.32,939.37,926.40,918.88,923.57,939.98,960.34,978.98,985.21,969.86,961.50,961.71,957.65,965.45,982.14,1002.80,1019.11,1028.98,1056.31,1058.72,1059.59,1056.80,1050.09,1054.46,1066.86,1069.06,1049.00,1053.94,1060.86,1050.47,1031.67,1011.83,1008.65,1020.86,1040.98,1063.09,1076.62,1067.51,1047.15,1036.91,1051.52,1068.89,1075.06,1070.29,1081.68,1106.70,1124.08,1115.93,1101.52,1097.40,1099.79,1116.56,1136.18,1151.09,1151.84,1133.73,1125.16,1110.40,1112.24,1132.17,1155.44,1176.26,1182.45,1176.03,1168.68,1183.34,1190.08,1189.94,1189.11,1203.61,1232.32,1256.20,1276.45,1289.22,1282.31,1252.36,1221.96,1203.35,1195.96,1185.04,1193.50,1195.58,1194.06,1191.63,1186.91,1176.82,1159.46,1143.38,1129.27,1117.09,1109.86,1104.99,1098.46,1089.55,1083.36,1082.86,1086.01,1086.00,1096.18,1109.95,1117.81
1041.78,1026.46,1008.91,997.73,990.24,986.82,988.41,993.11,1004.38,1007.31,1001.93,1008.93,1018.74,1024.82,1024.21,1017.16,1007.20,1009.33,1010.69,1004.35,1003.27,1011.92,1014.89,1013.49,1007.90,1000.11,997.32,997.05,997.88,996.88,994.25,992.55,991.81,985.04,972.83,961.28,946.35,935.46,928.56,924.11,920.23,919.45,927.91,933.62,941.67,952.31,962.39,959.63,951.41,961.73,958.39,953.87,951.56,958.72,960.55,955.99,945.46,934.46,928.85,926.29,922.28,921.30,923.30,929.16,931.27,924.30,911.49,896.15,885.76,877.54,868.97,862.26,858.31,856.06,864.88,879.25,888.25,886.70,882.11,878.46,877.18,877.55,878.50,878.58,878.49,877.57,876.82,875.23,872.58,875.63,883.50,897.78,911.32,911.02,913.63,908.54,900.31,890.79,885.61,886.65,890.48,902.76,909.91,899.35,899.26,910.25,908.94,903.59,894.01,884.27,873.96,859.16,847.50,840.46,833.01,829.51,824.26,817.37,809.14,804.59,800.65,798.57,797.01,795.46,793.78,792.17,792.33,793.52,792.25,791.26,792.03,793.06,798.12,802.30,804.83,807.43,812.25,825.11,838.27,841.27,841.82,843.03,848.86,853.30,856.57,859.91,865.37,873.50,881.54,889.80,899.95,914.79,934.83,957.24,960.76,946.24,925.96,914.97,913.28,921.17,940.39,960.60,973.60,971.21,960.36,947.56,947.75,952.75,965.28,978.18,994.11,1014.79,1031.64,1054.41,1057.72,1057.01,1063.86,1068.50,1072.79,1081.82,1081.25,1068.13,1072.51,1072.01,1055.76,1035.38,1019.92,1025.89,1022.20,1035.67,1057.78,1076.89,1077.64,1052.73,1044.45,1065.72,1084.49,1096.01,1095.49,1090.46,1112.37,1130.71,1121.18,1115.71,1121.32,1120.32,1121.03,1142.63,1164.81,1171.58,1158.69,1139.43,1118.70,1118.52,1133.17,1151.58,1167.77,1180.52,1188.15,1191.54,1205.09,1213.05,1215.92,1211.55,1205.31,1220.54,1245.14,1267.28,1286.00,1282.84,1252.98,1226.49,1222.78,1212.58,1205.99,1212.97,1208.35,1195.05,1180.10,1169.00,1157.91,1144.30,1130.73,1120.94,1116.83,1112.55,1106.80,1100.30,1093.44,1089.50,1090.32,1092.31,1093.29,1100.14,1116.72,1133.28
1041.28,1027.20,1008.06,996.58,991.67,995.01,1001.42,1002.71,1013.07,1019.22,1010.44,1011.57,1017.14,1025.51,1028.88,1022.73,1019.30,1020.64,1018.23,1011.63,1012.14,1016.74,1018.13,1011.66,1000.13,990.03,986.88,986.48,986.56,988.37,987.57,986.14,989.02,984.40,977.33,964.29,946.48,933.58,927.51,923.54,921.42,926.64,936.96,937.91,947.83,962.11,969.89,968.35,958.67,965.80,967.87,964.77,961.38,961.62,961.55,955.14,943.40,931.47,927.72,925.09,924.34,926.38,930.53,934.76,932.01,921.61,906.78,889.94,882.65,876.30,869.53,862.09,857.79,857.59,869.78,885.99,891.17,887.39,883.41,881.07,880.17,879.73,880.44,880.48,880.01,879.77,882.20,878.64,875.59,877.57,885.88,901.12,916.65,921.00,921.47,917.24,907.37,893.22,887.80,890.79,895.12,903.53,914.08,906.72,908.35,914.13,907.52,896.07,882.12,870.89,859.63,851.41,847.08,841.76,840.75,839.83,829.66,821.71,812.63,806.38,801.61,798.57,796.82,795.02,793.14,792.82,795.25,797.48,797.99,794.40,791.84,792.64,794.87,800.90,803.63,806.24,809.53,821.51,831.67,837.38,841.40,844.35,848.64,851.88,854.98,858.16,863.29,870.05,876.94,888.03,904.73,925.14,943.26,958.82,949.32,936.00,915.37,907.89,908.43,918.14,941.32,957.31,959.69,952.07,945.54,936.58,942.28,955.98,971.46,990.02,1007.28,1023.12,1036.19,1045.63,1040.34,1040.77,1049.34,1054.15,1063.34,1076.20,1084.53,1083.89,1083.93,1075.53,1054.44,1034.03,1032.93,1041.47,1033.42,1035.73,1057.66,1076.61,1085.20,1068.77,1051.30,1065.68,1093.34,1110.23,1117.79,1108.60,1121.83,1142.65,1139.56,1139.30,1149.90,1150.44,1141.32,1153.49,1177.19,1189.23,1173.71,1150.26,1133.85,1133.70,1144.07,1155.22,1162.38,1169.99,1179.98,1194.53,1213.09,1231.63,1245.16,1237.93,1221.25,1227.40,1242.61,1258.16,1277.38,1281.05,1259.47,1246.14,1237.88,1225.32,1224.53,1222.05,1204.32,1186.60,1166.37,1151.96,1144.22,1137.57,1131.57,1131.35,1133.61,1132.55,1122.62,1109.25,1101.35,1096.39,1097.13,1098.77,1102.16,1106.31,1120.28,1138.30
1034.74,1017.84,1002.68,996.35,994.75,1007.93,1010.47,1009.68,1019.03,1028.06,1018.30,1019.79,1023.91,1027.51,1031.14,1029.02,1028.16,1026.98,1023.98,1021.34,1020.57,1020.38,1016.99,1010.83,999.40,984.31,978.84,976.37,972.35,973.61,975.68,975.38,980.34,976.26,970.66,963.04,946.90,932.92,926.83,924.90,926.76,935.03,952.34,950.17,950.25,962.66,972.42,973.68,967.59,970.56,972.39,969.30,966.08,963.95,961.81,956.53,946.07,935.55,929.97,926.27,928.18,933.28,939.80,936.63,929.43,918.43,904.76,886.92,876.82,872.64,866.43,860.69,857.72,863.01,879.38,891.68,891.51,887.86,885.76,883.96,885.01,884.72,884.78,883.78,882.66,885.33,890.63,885.54,878.37,879.02,888.85,906.60,920.52,928.74,928.93,922.86,909.06,895.86,890.71,894.66,904.66,907.91,918.16,919.44,919.99,914.53,902.83,888.17,871.04,863.59,857.40,855.19,852.01,851.83,856.00,846.81,834.95,823.47,815.11,808.56,802.78,798.58,796.50,794.75,793.44,794.56,797.35,799.68,800.28,799.02,793.96,792.41,793.16,797.62,802.29,805.02,808.05,815.96,826.55,833.00,840.66,844.32,847.25,850.19,853.66,857.47,862.54,867.52,873.64,886.38,905.33,929.33,948.91,949.38,936.30,921.69,907.73,904.19,906.07,916.71,937.94,944.78,939.35,933.25,929.98,930.70,945.80,959.28,976.56,997.76,1021.00,1030.87,1029.14,1028.89,1022.73,1020.79,1030.09,1035.75,1048.42,1060.13,1070.72,1086.88,1096.74,1078.30,1056.62,1038.73,1046.06,1056.18,1045.53,1043.56,1060.15,1079.15,1094.30,1086.65,1068.40,1068.72,1092.14,1112.96,1130.25,1129.91,1141.09,1155.91,1162.62,1168.30,1172.62,1172.63,1164.10,1168.84,1192.32,1203.23,1190.98,1166.17,1150.21,1147.74,1161.46,1176.05,1182.66,1190.93,1203.08,1215.56,1231.30,1242.39,1262.29,1263.53,1248.99,1252.32,1261.45,1268.52,1281.01,1281.19,1270.93,1262.83,1248.79,1239.65,1232.38,1214.79,1194.88,1176.17,1155.55,1149.22,1152.68,1153.29,1153.59,1155.17,1157.51,1155.21,1144.54,1123.75,1107.60,1102.48,1103.37,1108.04,1112.39,1114.67,1124.71,1139.28
1025.36,1009.21,1001.35,996.67,1003.46,1022.38,1019.15,1017.18,1025.84,1031.74,1026.12,1029.27,1032.71,1032.86,1032.80,1030.58,1027.57,1024.51,1017.23,1015.65,1017.06,1015.22,1011.13,1005.21,1000.88,990.05,981.24,975.49,967.65,961.15,959.82,957.95,964.02,965.42,958.61,953.74,941.74,932.51,927.42,928.86,935.01,945.07,962.18,963.41,956.90,965.07,975.32,979.05,977.53,976.14,971.93,967.43,963.23,960.93,956.91,949.68,943.40,935.02,928.75,928.83,933.54,940.76,941.69,933.58,924.67,912.45,898.07,883.80,872.22,868.38,863.97,859.49,859.58,873.80,889.94,895.61,893.97,892.30,888.09,887.22,890.52,892.36,890.40,887.21,885.43,888.84,897.16,893.75,882.65,881.55,888.76,904.25,916.43,927.76,931.22,924.95,909.86,900.41,895.73,897.80,913.17,920.11,923.76,925.51,916.63,903.49,892.87,881.81,868.36,863.56,862.61,861.82,864.16,864.92,864.06,852.09,839.17,827.30,819.53,809.07,803.79,799.66,797.93,796.24,794.74,795.59,797.78,799.65,800.51,800.40,798.10,794.39,792.90,794.25,800.99,804.40,807.35,814.28,832.18,838.22,840.18,842.56,844.65,847.39,851.36,856.07,860.92,864.99,869.41,882.23,902.25,924.18,942.61,939.64,923.88,907.39,900.59,900.39,902.21,913.44,927.52,927.95,923.94,920.10,922.61,929.66,944.80,961.61,984.33,1005.11,1019.54,1016.93,1009.14,1004.04,999.21,1003.74,1012.43,1017.87,1030.17,1039.26,1053.42,1078.10,1097.18,1087.70,1072.77,1054.45,1056.92,1070.36,1063.34,1058.20,1067.05,1083.30,1104.82,1103.25,1086.98,1089.50,1099.35,1113.88,1134.37,1149.05,1161.88,1174.66,1184.78,1188.16,1188.68,1191.18,1194.12,1200.69,1206.06,1205.54,1197.38,1182.16,1167.29,1166.82,1178.97,1198.65,1219.17,1228.78,1234.87,1238.22,1253.88,1264.11,1273.67,1279.39,1273.18,1278.12,1281.95,1282.26,1277.52,1271.37,1264.56,1258.08,1247.82,1237.49,1223.77,1205.49,1186.22,1164.81,1154.51,1161.36,1174.42,1179.90,1180.73,1181.18,1180.70,1171.74,1153.86,1130.48,1113.16,1111.18,1112.31,1124.59,1132.37,1129.87,1130.69,1145.30
1020.10,1006.38,1000.99,1001.64,1020.95,1031.59,1023.54,1022.70,1031.78,1036.03,1034.09,1035.85,1034.24,1032.69,1031.23,1025.86,1018.57,1018.12,1011.15,1002.05,1006.13,1005.05,1001.67,994.50,992.11,991.83,986.00,976.14,964.86,955.47,950.40,947.91,949.01,950.10,946.13,941.14,936.25,931.51,929.60,935.69,948.42,958.31,968.84,974.50,963.88,967.43,978.76,982.35,980.40,973.45,966.24,959.94,953.40,948.76,943.12,939.00,935.35,930.73,929.44,932.07,939.53,945.57,940.85,929.14,919.16,907.92,891.42,880.17,870.10,865.58,861.90,859.40,865.69,883.77,896.17,899.52,899.64,899.50,890.82,890.46,895.56,902.28,899.78,889.68,887.48,889.65,899.39,898.34,887.18,885.56,888.97,898.89,910.90,924.53,932.11,925.97,915.29,906.47,900.45,901.19,912.85,926.39,933.45,925.58,913.14,898.14,885.92,875.78,868.75,869.86,875.16,876.42,878.00,875.28,868.42,855.71,843.30,840.66,830.69,816.02,807.47,803.70,799.73,797.73,795.89,795.78,797.47,799.17,800.54,801.02,800.13,797.26,794.41,793.52,799.27,802.85,805.50,808.35,818.50,836.46,842.82,845.63,847.04,847.90,849.46,854.14,858.62,862.45,867.38,877.57,896.80,914.71,928.74,931.03,916.07,900.44,896.04,896.75,898.61,908.73,914.20,911.84,913.39,914.26,918.95,928.51,944.49,963.64,984.97,999.48,1003.14,994.58,987.11,983.57,979.71,989.42,993.55,998.27,1008.83,1029.08,1051.63,1072.01,1085.03,1090.35,1088.11,1076.91,1073.35,1084.04,1081.42,1075.04,1079.69,1093.78,1113.84,1122.50,1105.55,1107.79,1120.40,1130.59,1145.08,1163.31,1179.84,1188.69,1185.43,1178.72,1179.50,1190.63,1204.36,1209.09,1203.81,1187.76,1179.66,1179.83,1179.66,1185.77,1199.98,1216.90,1236.35,1247.72,1256.24,1262.17,1271.91,1285.69,1287.11,1296.09,1296.39,1294.66,1286.61,1276.63,1258.53,1244.97,1241.51,1240.35,1234.41,1220.89,1208.54,1194.31,1179.09,1160.80,1159.05,1170.92,1192.32,1203.38,1198.61,1192.29,1185.93,1170.37,1149.97,1132.38,1121.32,1123.92,1124.89,1139.31,1151.24,1149.98,1143.14,1149.22
1016.88,1002.78,1002.53,1017.52,1031.54,1036.65,1031.33,1027.55,1035.68,1040.58,1040.16,1035.45,1027.70,1024.48,1023.82,1020.14,1009.12,1007.07,1005.96,995.32,989.36,988.47,984.27,979.18,976.15,975.05,967.41,959.78,955.41,950.39,947.71,945.46,944.36,943.58,940.62,936.76,934.97,934.03,935.10,942.81,955.23,963.64,972.27,982.03,978.38,974.88,981.75,984.43,979.07,969.85,961.67,955.76,950.40,945.56,941.01,938.72,937.04,934.82,932.70,938.67,945.17,949.62,942.94,930.94,920.05,907.30,891.61,877.33,868.50,864.81,861.48,863.39,878.71,893.60,902.21,905.93,909.46,905.25,895.17,895.99,902.32,911.21,906.03,895.32,891.03,892.57,901.04,903.44,892.85,890.21,892.52,898.44,911.86,924.27,932.41,931.39,922.32,911.61,907.64,906.10,916.53,930.85,930.31,920.23,908.45,897.33,886.23,877.43,872.77,879.48,888.78,886.34,883.60,877.99,868.07,855.85,859.84,855.78,839.65,824.28,813.41,807.22,800.72,798.33,796.64,796.24,797.73,799.45,800.74,801.45,800.78,799.43,796.46,793.90,795.69,800.71,803.75,806.37,809.34,825.16,838.44,845.57,850.62,850.75,850.18,852.69,856.26,859.74,865.14,873.46,887.08,900.52,908.92,913.33,907.63,895.85,891.97,893.16,896.51,902.17,905.54,906.55,908.06,910.97,918.38,929.77,951.06,967.43,979.20,982.01,984.87,978.60,969.81,966.87,966.80,972.97,979.53,993.27,1013.79,1033.48,1047.09,1058.45,1069.00,1081.73,1094.42,1095.70,1093.30,1097.51,1100.16,1094.03,1098.21,1106.19,1122.87,1137.22,1128.12,1127.54,1141.42,1150.96,1157.91,1169.02,1182.78,1179.82,1161.57,1154.64,1162.44,1178.07,1185.43,1186.11,1179.55,1166.93,1158.84,1159.54,1165.63,1183.82,1201.92,1222.17,1238.99,1257.31,1267.02,1276.11,1286.35,1300.99,1306.65,1314.77,1313.05,1290.08,1274.93,1259.10,1242.28,1229.38,1223.26,1220.84,1214.61,1202.88,1190.65,1181.08,1168.46,1161.48,1166.68,1180.31,1204.84,1208.76,1194.42,1179.66,1168.19,1161.52,1150.44,1136.66,1129.35,1137.39,1136.42,1150.76,1167.88,1168.03,1158.20,1156.94
1011.89,1004.76,1015.27,1031.87,1037.95,1042.37,1040.40,1033.73,1040.04,1043.80,1041.93,1038.04,1025.43,1015.07,1014.50,1013.86,1003.89,994.35,991.54,985.44,978.57,974.54,972.31,969.27,964.20,960.93,957.97,954.91,952.45,949.58,947.65,947.22,946.12,943.14,940.53,939.94,940.43,941.05,941.03,943.85,948.80,955.90,964.81,979.97,988.58,986.94,987.90,987.13,982.73,978.69,971.40,964.11,958.62,952.78,949.41,945.35,941.39,941.04,943.60,948.20,950.13,950.23,943.98,932.08,919.43,910.11,894.59,876.55,869.35,866.05,862.98,875.86,891.09,901.34,906.78,912.76,918.41,908.61,899.81,900.71,909.69,920.44,911.19,901.40,896.76,897.55,904.00,908.84,900.97,895.09,898.07,902.07,908.98,918.35,927.16,934.59,926.87,919.66,913.96,910.82,924.99,932.89,926.24,914.65,904.26,893.32,884.34,878.15,876.13,887.53,897.14,891.53,885.76,880.78,869.25,869.27,876.94,865.76,848.37,833.07,821.37,810.37,802.23,798.85,797.73,796.96,798.12,799.96,801.19,801.90,801.28,800.36,798.31,794.37,794.25,798.78,802.29,804.94,807.51,813.03,830.46,838.67,849.97,852.53,853.04,853.06,854.35,857.60,862.67,868.82,875.75,884.08,891.09,895.58,894.45,889.10,888.57,889.98,892.15,897.64,901.10,903.38,906.31,911.64,924.73,939.91,955.10,963.11,963.04,963.26,967.80,964.52,958.15,956.47,962.05,975.92,993.65,1008.23,1020.96,1028.61,1035.08,1041.02,1055.02,1073.64,1091.91,1103.04,1110.22,1114.11,1118.73,1117.45,1119.68,1124.84,1136.64,1150.06,1149.67,1145.80,1146.20,1146.00,1147.95,1160.81,1170.34,1159.21,1137.95,1132.58,1143.23,1157.07,1168.19,1165.43,1158.10,1148.55,1136.93,1137.31,1150.01,1170.64,1187.64,1209.42,1230.84,1245.82,1253.79,1261.58,1274.05,1287.74,1293.64,1304.09,1312.49,1288.78,1265.68,1247.59,1234.55,1224.06,1215.33,1205.97,1196.43,1188.36,1183.76,1178.08,1170.71,1170.12,1181.94,1199.56,1212.45,1198.53,1187.53,1183.12,1171.97,1160.08,1151.86,1142.26,1136.92,1146.99,1144.66,1162.71,1183.59,1186.14,1176.46,1171.97
1011.55,1011.38,1024.18,1039.83,1046.09,1047.97,1044.88,1041.91,1045.27,1042.28,1036.07,1034.60,1026.11,1011.75,1004.06,1000.95,994.13,986.63,981.54,977.48,973.72,970.51,967.85,965.19,961.94,960.09,958.02,957.34,955.95,951.87,951.38,951.82,953.29,951.59,947.58,948.01,948.54,951.41,947.91,951.57,955.41,961.54,969.37,979.46,988.87,990.73,989.93,988.78,988.82,986.70,980.80,973.23,968.34,963.20,956.41,948.15,942.85,942.19,946.56,949.40,948.64,942.76,936.40,929.51,919.63,908.13,891.27,878.19,872.33,867.28,865.87,883.55,898.11,904.67,911.53,922.82,925.71,912.18,904.37,905.16,913.52,923.57,916.54,905.76,901.71,901.87,906.99,912.77,906.08,899.48,906.69,914.81,914.38,915.64,924.07,935.69,936.42,927.43,917.18,916.03,928.01,932.96,927.14,916.29,905.90,893.12,884.81,881.48,882.89,895.17,902.65,893.78,886.60,881.45,876.45,885.47,883.65,866.85,862.15,849.18,830.60,813.12,804.58,800.96,799.42,798.40,798.48,800.25,801.34,802.21,801.85,800.93,799.59,794.90,794.48,797.57,801.28,803.78,806.12,808.46,816.47,832.15,842.12,851.00,854.19,855.96,855.90,856.53,860.59,864.52,867.97,872.96,878.53,881.33,883.54,884.30,886.06,887.27,890.08,894.74,898.23,902.08,906.78,914.28,928.53,939.90,946.27,945.94,942.51,943.71,947.73,949.43,948.21,950.84,966.31,984.16,996.50,1000.76,1005.80,1008.84,1014.21,1025.28,1043.37,1061.55,1084.63,1099.25,1118.44,1129.14,1133.77,1138.68,1139.80,1142.21,1147.65,1156.91,1152.77,1144.26,1133.47,1126.63,1133.40,1152.48,1155.36,1140.44,1120.22,1114.67,1129.12,1137.25,1144.28,1141.76,1135.68,1129.73,1120.43,1124.71,1144.09,1165.53,1185.25,1203.99,1221.02,1221.92,1228.13,1238.07,1253.45,1263.72,1276.06,1291.50,1309.76,1302.36,1275.68,1254.84,1243.12,1241.43,1229.66,1215.25,1200.98,1195.95,1204.69,1191.90,1176.38,1179.40,1199.21,1215.61,1218.91,1206.75,1200.06,1202.10,1191.51,1180.57,1167.24,1147.78,1145.16,1155.95,1154.12,1174.77,1195.56,1206.19,1199.63,1191.56
1011.12,1019.45,1032.34,1042.60,1051.63,1053.29,1050.71,1050.70,1045.58,1037.35,1026.34,1018.57,1012.08,1005.90,998.08,989.57,986.85,983.57,980.30,977.58,975.28,972.65,969.27,968.53,967.97,965.69,962.64,964.86,967.36,964.93,961.37,957.94,964.37,966.46,960.02,963.25,960.00,963.40,958.50,960.78,970.52,973.43,982.48,986.55,990.91,991.40,990.72,987.84,982.89,981.10,974.93,969.76,969.50,964.84,956.87,946.52,939.29,935.22,938.36,941.49,939.77,930.61,925.05,918.00,906.53,894.04,882.64,876.92,871.99,867.88,870.60,893.61,902.91,907.51,919.34,930.04,923.32,910.23,906.90,910.06,922.29,928.71,921.63,910.22,906.93,905.11,909.21,917.38,913.98,905.71,910.90,924.96,931.26,929.49,932.15,938.54,938.77,929.36,919.16,922.78,931.45,932.07,923.82,911.34,899.69,891.26,886.08,885.94,891.47,902.95,908.25,896.04,887.32,883.17,889.00,895.09,882.87,873.64,873.93,862.10,841.42,821.22,810.80,806.04,802.16,800.94,799.66,800.30,801.34,802.34,802.55,801.57,800.56,796.88,794.92,795.74,799.85,802.15,804.38,806.89,810.16,822.77,834.42,843.76,852.13,856.17,858.86,858.65,858.72,860.31,862.84,866.19,871.38,874.67,877.86,881.53,883.48,885.62,889.00,891.73,896.73,901.50,905.78,911.10,919.43,926.08,927.38,930.10,931.26,931.44,934.60,937.72,943.24,954.80,966.63,975.59,979.17,981.03,984.40,993.43,1004.64,1015.87,1033.44,1053.35,1077.27,1096.24,1112.45,1119.24,1131.63,1135.86,1133.92,1131.62,1134.43,1147.28,1142.25,1127.71,1113.80,1110.38,1125.16,1142.48,1144.70,1127.96,1108.20,1098.95,1113.32,1120.34,1124.38,1121.42,1112.72,1108.14,1110.47,1124.74,1145.02,1166.48,1184.47,1197.22,1202.77,1198.16,1202.68,1217.66,1238.00,1247.84,1260.66,1281.73,1303.58,1309.13,1289.89,1269.13,1265.58,1263.66,1248.37,1225.81,1207.15,1209.70,1217.36,1195.06,1183.41,1194.37,1208.74,1224.92,1231.92,1219.11,1212.40,1215.57,1202.58,1185.04,1167.13,1150.10,1156.80,1167.07,1164.30,1184.83,1201.89,1219.27,1219.54,1211.39
1015.87,1025.22,1037.25,1048.24,1055.22,1058.47,1054.48,1046.05,1036.48,1027.78,1016.44,1007.05,1000.48,997.89,994.29,989.18,987.74,986.24,983.43,980.08,979.17,979.13,979.31,983.57,980.11,971.38,967.18,972.60,980.43,977.73,965.21,966.67,970.51,978.64,974.84,978.12,967.48,971.44,971.60,966.24,978.30,984.74,990.42,992.26,991.33,989.14,986.32,977.54,973.75,973.99,965.28,957.67,961.29,959.78,954.65,946.25,936.43,928.43,924.33,927.69,925.56,915.05,908.43,900.00,887.64,880.43,878.01,875.71,871.92,868.65,879.56,900.26,905.52,911.97,926.03,931.47,920.84,909.53,911.07,914.74,927.07,932.27,923.85,917.36,913.22,907.91,910.00,921.01,921.92,911.63,913.03,925.16,937.62,940.54,940.09,940.59,935.46,926.65,923.24,931.95,936.99,930.99,919.58,907.89,898.32,891.70,888.57,888.65,899.96,910.48,911.36,897.96,889.59,890.03,903.09,900.73,894.24,886.11,887.01,874.90,860.86,839.30,818.34,808.92,805.82,803.75,800.80,800.24,801.39,802.55,803.03,802.12,801.16,799.17,795.56,795.43,797.23,800.12,802.80,805.42,807.77,812.42,824.99,831.98,847.97,855.02,859.47,861.63,860.48,862.16,864.84,869.66,871.18,872.83,876.89,879.49,881.37,884.33,887.91,891.21,897.11,901.13,903.74,906.48,909.17,912.66,916.34,920.60,925.03,928.24,932.65,937.02,943.77,952.08,957.36,963.20,967.75,975.75,984.44,1001.39,1018.79,1033.80,1041.98,1055.26,1078.85,1097.40,1098.97,1098.43,1115.33,1118.22,1112.75,1108.77,1118.64,1136.81,1134.03,1112.29,1091.93,1097.24,1112.56,1129.38,1139.89,1123.34,1101.60,1086.50,1091.88,1100.13,1105.13,1101.80,1093.63,1097.32,1114.12,1132.61,1149.65,1158.73,1168.99,1180.93,1180.25,1176.41,1185.54,1203.74,1217.61,1225.19,1243.81,1269.84,1292.41,1301.16,1300.44,1287.67,1281.63,1270.60,1248.09,1225.26,1212.79,1223.69,1221.60,1199.17,1195.18,1211.39,1218.88,1235.36,1242.73,1228.96,1229.57,1224.92,1203.97,1179.30,1160.91,1159.78,1171.78,1181.92,1176.16,1189.33,1206.52,1224.59,1235.23,1231.42
1020.17,1029.26,1041.30,1051.65,1057.83,1057.40,1050.60,1035.54,1022.88,1012.92,1007.85,1003.88,999.42,997.05,997.13,997.65,997.91,991.43,987.88,985.29,985.01,990.35,994.03,992.66,981.71,973.99,973.76,984.21,990.08,978.25,968.15,977.10,978.36,988.08,990.12,987.95,973.68,977.81,983.88,977.76,986.89,992.57,992.90,988.40,984.49,980.06,974.67,965.37,965.02,970.96,964.30,949.80,949.02,951.31,949.76,944.71,937.38,929.90,919.99,914.89,909.27,899.12,889.17,881.01,877.88,876.45,875.37,873.66,871.29,872.56,889.85,903.49,909.18,918.74,928.76,931.22,920.84,912.74,916.63,923.20,929.04,934.10,926.89,925.53,919.16,910.89,912.90,925.98,927.32,917.66,920.63,930.25,939.29,942.15,941.58,937.47,929.74,925.45,932.26,940.93,939.08,930.46,918.45,908.85,900.66,896.48,892.81,894.47,909.51,917.62,910.72,898.33,893.13,900.14,915.00,911.31,910.24,898.73,899.26,885.84,869.28,845.99,822.94,809.98,806.95,804.47,801.64,800.98,801.90,803.05,803.47,802.48,801.38,800.27,796.55,795.94,796.28,799.03,801.87,804.28,806.52,808.41,813.16,824.33,840.35,853.45,857.98,860.92,864.02,866.97,871.36,877.69,880.00,878.98,881.97,882.78,882.51,885.77,890.33,894.22,898.83,902.10,904.75,907.39,910.06,912.17,915.98,921.43,926.28,932.21,940.72,945.83,947.11,950.71,957.44,963.58,969.71,986.25,996.83,1005.27,1022.72,1044.36,1061.51,1070.90,1085.80,1092.66,1083.47,1083.06,1093.72,1095.72,1088.60,1089.20,1106.67,1127.22,1124.95,1101.17,1079.08,1082.15,1098.69,1118.60,1134.15,1124.58,1107.36,1082.88,1075.97,1082.47,1082.60,1081.88,1085.60,1100.54,1119.30,1137.69,1140.03,1139.57,1151.59,1160.12,1156.59,1158.61,1179.93,1193.24,1195.63,1203.85,1225.23,1254.64,1273.62,1285.41,1301.05,1304.78,1288.04,1268.72,1248.10,1232.16,1229.04,1240.54,1227.38,1204.25,1205.13,1226.19,1237.53,1250.42,1255.64,1248.59,1245.53,1227.97,1205.06,1178.52,1168.51,1177.64,1188.24,1202.83,1196.46,1190.23,1204.55,1223.50,1243.26,1253.59
1028.03,1036.36,1047.23,1056.02,1056.21,1046.22,1038.73,1025.45,1016.31,1009.65,1007.19,1006.55,1003.69,1003.82,1008.16,1011.06,1007.99,996.69,993.95,991.51,991.81,1001.32,1002.42,989.19,978.57,977.79,985.87,995.60,992.25,977.67,972.67,987.26,990.13,999.04,1002.82,995.45,984.36,989.85,993.37,992.90,994.13,990.51,982.38,974.17,972.29,967.19,963.14,954.87,954.31,963.87,963.20,950.93,941.09,941.55,944.10,940.02,930.20,924.97,916.65,906.07,893.57,882.48,878.56,877.13,875.47,874.79,874.95,874.07,877.13,890.18,901.49,908.40,917.80,925.65,930.32,927.50,918.77,915.75,922.53,934.23,936.36,939.88,936.57,933.31,923.81,915.69,916.67,928.25,931.50,924.66,929.88,936.42,941.92,942.81,940.07,932.71,927.03,931.34,941.65,944.71,935.58,924.15,914.49,908.60,907.48,902.88,895.98,903.58,919.42,920.89,907.93,898.61,897.07,907.26,920.39,920.87,916.76,907.37,896.15,879.32,861.44,841.06,823.15,811.27,807.41,804.97,803.39,803.11,803.69,804.29,803.74,802.28,800.85,799.41,797.19,796.46,796.38,798.77,801.64,803.85,805.64,807.47,809.35,818.13,833.13,849.88,854.23,857.28,860.28,864.87,871.21,878.99,883.59,885.75,887.91,888.04,886.56,886.98,890.24,894.01,897.94,901.39,904.93,907.88,910.99,915.28,918.64,924.55,930.76,938.73,953.67,964.78,967.26,967.98,976.27,984.05,984.03,994.32,1013.61,1020.73,1024.21,1042.84,1066.39,1083.01,1089.82,1080.36,1071.08,1065.06,1072.22,1071.27,1066.70,1079.27,1096.87,1114.75,1113.54,1092.96,1070.10,1071.78,1087.88,1105.50,1124.88,1122.53,1105.88,1080.63,1065.50,1067.90,1069.58,1077.84,1088.78,1105.31,1122.88,1129.45,1123.72,1124.81,1133.30,1135.29,1135.95,1152.07,1172.33,1176.05,1176.43,1189.23,1209.68,1233.46,1253.92,1278.21,1300.39,1314.66,1296.88,1280.79,1268.15,1254.93,1257.50,1254.33,1229.89,1208.76,1214.66,1238.17,1256.24,1268.36,1271.88,1265.35,1250.31,1227.26,1207.60,1183.44,1174.82,1189.77,1204.36,1220.75,1214.39,1200.30,1203.32,1222.50,1242.24,1263.65
1040.95,1049.72,1056.24,1059.96,1053.79,1039.55,1027.11,1019.29,1015.53,1013.62,1012.85,1014.38,1012.17,1012.42,1017.66,1020.08,1009.75,1002.12,1000.25,997.91,998.02,1006.61,999.65,986.02,981.47,985.89,996.87,1002.25,991.24,984.99,982.79,996.18,1002.93,1006.29,1009.15,1002.55,999.21,998.00,995.19,992.70,993.15,987.63,974.98,963.89,958.87,953.96,949.25,945.84,945.41,954.20,956.70,948.28,936.29,932.66,937.91,933.81,923.96,914.52,904.39,892.11,883.90,878.66,876.93,876.54,878.04,883.17,890.90,891.24,894.92,905.42,913.39,918.37,923.71,928.89,926.05,920.45,917.65,918.39,927.95,943.98,945.84,946.58,942.97,934.77,925.15,921.58,920.06,928.46,936.76,932.83,939.65,942.28,943.76,942.82,939.36,930.66,928.75,937.66,946.67,945.02,928.00,917.90,915.25,916.75,918.78,905.23,898.56,912.03,925.91,921.47,907.89,901.42,902.67,910.01,921.00,924.93,916.07,902.00,886.23,872.62,862.02,849.50,832.04,815.75,808.35,806.17,805.65,805.40,805.68,805.19,803.82,802.25,800.74,799.20,798.00,797.04,796.82,798.69,801.29,803.17,805.03,806.87,808.45,812.19,825.74,844.27,851.40,854.85,857.96,862.65,869.40,877.97,884.15,888.78,891.51,892.28,890.05,888.76,891.11,894.17,897.63,902.08,908.46,914.68,915.60,916.08,921.67,931.07,941.42,949.36,955.83,963.12,974.04,984.03,994.83,1003.25,1005.66,1006.83,1020.67,1040.43,1042.39,1046.16,1066.77,1083.03,1084.54,1069.91,1055.98,1050.20,1058.85,1053.24,1053.06,1073.24,1093.48,1099.20,1097.27,1083.77,1061.61,1058.37,1074.78,1092.88,1113.45,1110.54,1091.90,1072.71,1057.65,1060.86,1073.74,1086.28,1100.38,1114.01,1119.73,1113.56,1104.86,1111.26,1116.94,1120.19,1132.75,1145.28,1152.63,1156.67,1169.05,1187.12,1203.83,1226.75,1250.48,1276.88,1295.43,1304.74,1303.94,1300.23,1286.11,1275.62,1273.68,1257.06,1229.35,1215.02,1224.00,1245.74,1267.34,1282.39,1282.44,1267.26,1245.03,1225.84,1210.71,1193.72,1180.18,1196.35,1215.88,1233.53,1230.71,1214.11,1207.07,1224.13,1242.61,1261.97
1050.14,1060.86,1065.44,1057.78,1048.87,1037.03,1027.80,1021.33,1019.39,1022.46,1026.32,1025.19,1019.05,1017.66,1022.93,1016.76,1009.25,1007.73,1006.77,1005.29,1005.06,1010.73,998.41,990.23,988.98,996.13,1005.24,1005.42,997.48,998.30,992.18,1001.13,1010.48,1011.62,1007.61,998.74,992.35,988.17,981.77,980.58,988.93,989.67,980.82,970.05,963.98,957.01,947.89,940.98,938.11,941.20,944.59,941.63,930.47,924.30,926.96,921.91,914.60,900.91,889.08,883.90,879.91,878.32,879.60,882.72,888.76,897.21,901.78,903.11,906.07,916.24,923.85,925.42,921.97,921.43,919.38,918.47,920.96,924.51,932.25,948.56,952.12,950.34,940.46,931.79,930.97,934.04,926.10,931.56,942.49,942.03,944.79,946.70,944.23,941.01,937.68,930.82,933.86,941.10,943.15,935.54,923.83,920.17,924.29,928.40,922.62,905.52,905.61,921.74,931.95,923.21,910.18,905.02,909.96,919.47,923.87,928.50,918.44,902.87,888.80,888.06,881.30,863.83,841.26,820.22,809.74,807.91,807.62,807.31,806.49,805.34,803.90,802.33,800.89,799.71,798.75,797.70,797.26,798.82,800.94,802.61,804.51,806.24,807.68,809.43,819.96,837.37,849.27,853.97,858.11,862.92,869.39,879.00,885.09,889.86,892.95,895.42,894.63,892.49,892.81,895.48,898.03,902.47,910.81,925.47,927.80,920.02,922.22,927.76,935.84,941.04,947.20,956.20,964.52,973.61,991.53,1009.86,1023.88,1033.34,1039.42,1054.73,1068.72,1072.95,1079.30,1077.55,1075.33,1063.65,1043.41,1039.63,1044.86,1039.05,1051.03,1074.33,1088.50,1082.39,1080.62,1071.93,1052.81,1047.41,1067.31,1086.64,1102.99,1091.36,1076.26,1062.82,1051.43,1065.11,1080.31,1094.43,1106.15,1108.06,1102.05,1092.93,1090.24,1098.05,1105.44,1115.22,1123.93,1134.31,1142.66,1154.84,1172.76,1192.95,1212.41,1234.43,1254.24,1269.90,1278.31,1282.72,1284.93,1294.04,1300.90,1295.94,1283.52,1264.12,1244.12,1226.20,1233.92,1258.17,1279.37,1293.07,1282.34,1262.10,1243.95,1224.59,1207.08,1192.49,1185.51,1200.78,1226.51,1246.36,1238.37,1218.42,1213.33,1224.84,1239.02,1258.28
1059.18,1068.90,1069.34,1057.31,1046.59,1034.88,1028.12,1024.00,1024.65,1031.12,1036.91,1033.94,1024.88,1024.45,1028.24,1020.32,1015.73,1013.62,1012.17,1013.69,1016.66,1013.56,999.85,995.73,1001.23,1007.52,1013.96,1011.93,1011.53,1009.45,1002.17,1009.48,1014.14,1009.95,999.31,987.20,978.25,973.34,969.38,973.43,984.71,986.53,979.80,974.39,973.35,969.99,957.59,943.67,935.91,931.17,931.29,931.83,924.88,915.75,913.19,909.39,897.64,888.09,883.93,880.41,880.58,886.00,891.49,895.86,900.71,903.31,905.31,907.37,913.83,924.37,930.05,931.54,922.95,920.15,919.63,919.70,924.85,932.05,936.31,949.61,954.61,948.89,938.20,934.95,942.44,943.88,929.85,931.68,945.08,949.42,949.93,947.80,941.14,937.45,934.67,937.45,943.73,943.30,938.08,928.71,925.83,929.17,930.13,923.68,912.33,906.38,914.05,930.50,937.07,925.28,911.40,907.11,912.62,927.20,930.43,930.22,920.59,905.27,900.49,904.59,890.58,870.19,846.41,827.49,814.75,809.93,808.85,807.83,806.64,805.45,804.02,802.72,801.59,800.26,799.45,798.54,797.71,798.97,800.96,802.35,803.96,805.52,806.88,808.41,815.53,831.25,848.25,854.22,859.11,864.28,870.40,879.49,884.96,889.58,893.23,896.99,899.66,898.48,895.75,898.89,899.75,903.41,910.16,926.81,941.03,933.71,932.16,933.78,934.53,942.39,953.75,958.43,962.09,968.01,982.13,999.81,1022.02,1043.93,1061.80,1075.62,1089.91,1092.67,1081.36,1059.70,1055.41,1057.23,1039.43,1030.18,1031.92,1032.22,1046.75,1066.29,1076.39,1066.84,1065.54,1056.88,1041.00,1042.68,1061.75,1082.47,1090.38,1073.07,1061.78,1050.46,1050.28,1069.68,1082.80,1092.73,1092.88,1086.76,1079.73,1079.03,1089.79,1103.48,1112.67,1120.00,1127.39,1140.17,1151.00,1170.71,1188.85,1204.02,1223.13,1242.24,1252.95,1256.54,1257.69,1262.05,1264.83,1276.43,1290.53,1299.54,1292.34,1277.23,1253.38,1233.82,1240.03,1266.47,1292.63,1301.29,1286.87,1272.81,1255.39,1232.43,1211.92,1201.22,1193.62,1212.57,1238.18,1253.95,1241.81,1220.29,1222.46,1234.62,1244.94,1259.51
1071.03,1073.33,1068.27,1057.63,1048.37,1034.96,1030.12,1026.93,1029.34,1035.97,1043.03,1039.17,1031.97,1034.86,1039.74,1032.93,1023.12,1018.16,1016.45,1019.33,1026.08,1016.89,1002.50,1000.67,1010.50,1020.47,1025.03,1024.45,1024.39,1020.32,1015.69,1019.11,1015.88,1006.51,994.17,983.15,974.51,967.68,964.10,966.34,974.99,978.08,972.41,965.21,968.88,971.00,963.81,948.42,939.26,928.73,921.95,919.69,916.99,909.44,899.45,893.42,887.90,885.08,883.15,884.65,893.12,900.17,901.89,903.16,905.19,907.23,909.90,912.24,922.21,932.17,938.27,936.08,926.44,922.29,921.60,922.80,931.19,941.21,941.06,950.83,957.05,949.40,939.57,940.58,949.48,947.82,934.89,933.26,946.04,952.89,951.44,944.90,938.93,938.13,939.12,945.25,950.38,946.63,936.66,930.33,932.59,929.51,920.96,914.64,909.22,911.28,923.25,937.39,939.37,928.26,915.27,909.79,913.99,928.34,931.68,929.06,918.08,907.15,911.17,910.25,891.37,869.33,847.85,832.04,820.21,812.13,809.15,807.98,806.81,805.65,804.32,802.93,801.52,800.18,799.90,799.07,798.15,799.14,800.88,802.27,803.94,805.88,807.42,808.84,814.36,825.84,844.17,853.68,860.00,864.83,870.53,878.02,883.82,889.21,893.93,898.08,902.25,901.30,898.67,905.20,906.90,908.34,919.07,934.76,951.08,952.17,947.60,946.89,941.58,950.29,969.15,975.07,974.12,974.22,977.88,995.77,1016.48,1042.00,1066.81,1088.40,1105.78,1096.49,1079.24,1053.99,1038.01,1041.15,1037.03,1024.81,1020.47,1025.70,1037.36,1051.20,1060.65,1051.43,1050.37,1047.22,1033.37,1045.38,1066.42,1081.66,1076.19,1058.36,1046.82,1040.57,1054.41,1072.58,1080.70,1079.78,1072.53,1068.22,1072.11,1081.69,1100.14,1116.11,1126.21,1137.61,1151.07,1160.50,1164.37,1179.72,1197.73,1217.70,1232.99,1238.39,1237.69,1235.03,1237.32,1240.82,1242.72,1257.54,1273.57,1287.93,1294.52,1280.53,1254.51,1245.60,1256.18,1279.33,1305.45,1309.58,1292.30,1273.27,1250.75,1231.30,1222.49,1208.62,1204.35,1225.66,1252.51,1261.56,1245.72,1225.35,1232.78,1251.29,1261.44,1266.88
1076.86,1074.36,1065.38,1056.27,1047.53,1041.05,1040.18,1031.33,1032.64,1039.38,1048.96,1048.93,1043.88,1046.33,1044.24,1034.68,1025.22,1022.33,1021.33,1027.71,1033.05,1020.76,1008.12,1007.57,1017.56,1028.13,1030.56,1030.54,1029.83,1026.38,1022.43,1017.60,1012.96,1007.94,999.58,987.16,977.12,967.01,960.07,957.87,962.50,967.62,964.82,956.96,961.49,965.37,960.00,946.57,936.38,926.37,918.29,912.96,909.06,901.16,894.66,889.17,886.13,886.86,893.23,900.56,907.18,908.13,906.20,906.62,909.14,913.92,923.39,924.09,924.61,934.25,940.51,934.17,927.21,923.97,924.32,926.64,938.10,950.59,948.88,952.87,960.54,954.74,944.46,945.00,951.95,947.72,937.19,936.99,948.04,954.41,950.06,943.45,942.06,945.58,947.73,950.49,952.37,947.83,939.80,936.30,932.46,920.95,916.09,913.72,913.55,922.41,934.70,940.87,940.55,930.96,918.48,914.10,918.49,929.15,932.29,928.08,916.42,913.25,918.71,912.22,894.63,875.18,858.26,836.13,822.81,814.12,809.44,808.27,807.18,806.14,804.81,803.32,801.84,800.49,800.55,799.45,798.64,799.09,800.74,802.40,804.33,806.61,808.78,810.60,814.15,819.78,836.35,849.48,858.93,864.29,869.64,877.27,884.44,890.78,896.49,901.86,905.90,903.89,902.69,908.46,916.63,917.91,928.83,948.79,961.63,968.74,966.48,962.59,955.10,956.63,974.39,990.74,993.63,992.15,983.53,991.91,1013.75,1039.89,1062.14,1085.96,1105.61,1096.37,1080.41,1056.68,1035.47,1026.18,1026.42,1018.29,1011.17,1015.76,1027.40,1042.83,1043.56,1033.98,1035.13,1037.98,1028.20,1040.50,1058.80,1068.13,1061.54,1047.02,1035.33,1039.02,1055.99,1064.80,1062.51,1057.96,1060.22,1068.68,1077.65,1089.59,1104.66,1120.06,1134.61,1147.83,1164.66,1178.81,1185.05,1195.68,1208.14,1222.79,1223.84,1220.25,1216.81,1213.88,1221.53,1220.99,1224.94,1243.27,1255.42,1273.94,1291.33,1279.73,1263.42,1269.99,1285.77,1304.63,1315.47,1309.16,1284.05,1263.06,1244.46,1241.24,1235.71,1223.12,1227.99,1240.34,1262.02,1270.30,1252.38,1233.38,1239.82,1258.32,1274.36,1283.82
1079.90,1073.71,1063.26,1054.82,1051.64,1051.86,1045.15,1036.25,1036.42,1042.86,1054.10,1057.65,1053.86,1051.20,1040.38,1030.26,1027.39,1028.50,1032.52,1039.08,1035.05,1023.14,1012.51,1013.75,1023.37,1030.97,1031.84,1030.86,1027.84,1023.46,1018.00,1011.17,1005.22,1001.30,999.35,991.45,980.77,967.49,957.65,952.21,950.10,953.95,955.65,946.62,947.44,951.11,945.17,935.97,925.98,918.16,911.87,905.49,899.61,896.59,893.48,889.26,888.44,895.77,905.74,914.65,914.77,911.67,909.57,909.81,915.04,922.68,932.38,932.37,927.15,933.45,940.15,930.21,926.85,926.29,927.92,930.67,943.41,953.63,958.11,957.58,963.72,957.98,947.74,949.05,954.63,946.53,937.63,940.25,951.30,955.60,949.01,945.08,947.63,952.85,955.47,954.75,951.10,944.59,937.70,932.94,926.74,919.13,918.67,918.29,919.14,932.18,942.16,942.22,938.95,929.77,918.81,917.58,926.81,932.10,932.93,928.57,923.30,923.32,921.82,917.01,905.98,892.76,870.29,846.76,828.14,816.16,810.21,808.70,807.73,806.62,805.38,803.89,802.42,801.22,800.96,799.78,799.15,799.16,801.04,802.90,804.77,806.80,808.79,811.55,815.43,819.17,833.32,846.07,853.94,860.20,865.11,875.00,884.31,891.84,899.89,909.64,909.46,908.44,911.75,910.69,918.01,929.96,938.08,954.75,971.65,985.34,987.61,979.47,972.18,967.08,977.22,1001.09,1014.75,1014.98,1006.70,1006.16,1016.22,1036.42,1058.53,1085.98,1101.45,1092.90,1074.96,1053.40,1034.07,1021.95,1013.08,1007.79,1003.73,1005.45,1018.97,1033.82,1032.48,1019.46,1021.34,1026.32,1022.11,1031.09,1043.39,1047.18,1045.85,1035.30,1028.15,1036.86,1045.74,1048.78,1048.16,1049.90,1058.69,1067.95,1076.01,1084.70,1095.71,1110.64,1122.05,1139.49,1162.61,1184.06,1200.34,1211.43,1219.56,1220.91,1206.14,1198.23,1194.61,1191.86,1203.45,1203.32,1212.01,1228.81,1242.35,1262.44,1286.16,1288.10,1275.05,1286.30,1307.17,1323.04,1326.17,1304.12,1277.72,1257.87,1245.73,1259.86,1257.99,1238.39,1245.24,1263.00,1278.39,1283.66,1265.16,1243.48,1245.75,1260.82,1277.20,1295.26
1079.87,1075.49,1063.77,1057.26,1062.92,1061.87,1050.01,1041.33,1042.08,1050.09,1058.98,1059.31,1055.05,1048.09,1038.10,1034.47,1037.37,1041.28,1042.72,1036.77,1029.34,1018.99,1016.19,1021.45,1028.92,1033.15,1031.67,1027.66,1021.13,1015.63,1010.73,1004.63,995.75,987.34,986.63,990.29,988.84,975.48,958.99,948.22,944.21,942.70,943.11,938.17,934.66,934.83,931.63,923.47,914.64,909.13,902.59,899.47,897.47,894.78,891.83,890.24,895.81,911.00,921.95,920.04,916.29,914.18,912.25,915.52,924.52,932.41,938.40,937.59,931.10,934.47,940.65,929.51,927.58,928.54,931.59,936.17,944.68,953.04,960.99,965.14,968.46,960.41,950.68,951.83,957.67,948.08,938.34,942.58,956.74,957.01,949.55,948.85,953.19,959.39,958.80,951.73,943.76,935.85,930.03,926.11,924.29,923.70,925.81,924.20,925.32,940.44,945.12,939.13,931.97,925.70,920.62,921.54,930.99,934.63,933.05,930.93,927.98,922.92,914.11,911.52,903.23,885.83,871.41,855.97,835.40,820.12,812.89,809.27,808.24,807.12,805.92,804.48,803.02,802.09,801.47,800.38,799.59,799.41,801.71,803.79,805.77,807.73,809.65,812.22,815.76,818.62,832.91,849.63,853.92,856.22,859.30,867.61,880.61,890.57,900.09,908.85,912.60,916.92,922.94,928.92,930.61,939.64,951.06,965.60,981.56,997.42,1004.78,1000.34,988.38,985.32,990.11,1006.52,1026.15,1038.30,1033.73,1031.83,1035.51,1045.11,1065.06,1087.66,1102.23,1089.93,1069.02,1051.59,1042.87,1034.42,1022.49,1003.65,997.56,998.20,1011.11,1018.54,1018.95,1006.10,1011.98,1020.34,1011.85,1020.87,1026.28,1025.90,1026.38,1023.29,1021.49,1028.94,1032.66,1036.78,1041.11,1046.63,1053.95,1062.30,1072.05,1079.41,1086.69,1097.31,1115.93,1145.38,1165.77,1185.50,1204.36,1206.84,1206.70,1204.65,1186.29,1177.20,1174.89,1174.08,1183.31,1184.36,1197.73,1211.62,1230.81,1255.70,1284.13,1297.63,1292.71,1298.21,1316.58,1334.57,1332.04,1308.54,1284.92,1264.74,1252.33,1269.59,1271.30,1251.14,1254.57,1279.15,1296.44,1296.08,1274.81,1252.87,1255.69,1271.27,1279.93,1295.08
1080.99,1078.51,1067.39,1066.81,1070.50,1061.94,1048.98,1046.88,1049.98,1059.67,1059.14,1055.62,1051.60,1046.24,1043.71,1048.12,1050.72,1048.72,1042.29,1034.30,1025.96,1019.73,1021.63,1029.13,1034.07,1033.43,1030.98,1025.30,1014.03,1004.24,1000.60,995.69,986.85,978.44,975.01,977.35,983.84,980.31,964.47,949.23,940.61,937.04,935.84,932.25,925.82,920.20,916.10,909.07,901.72,899.39,898.41,897.18,895.98,894.36,896.98,902.14,912.89,926.90,927.07,920.41,919.47,918.41,915.30,919.54,932.12,940.44,944.16,942.16,937.03,938.85,942.90,932.82,929.63,930.40,933.29,937.12,941.97,948.58,956.83,966.43,970.63,965.91,957.35,956.93,961.34,950.96,939.95,945.58,959.74,957.82,953.96,957.92,961.47,961.98,957.13,949.38,939.02,930.40,927.04,927.13,931.26,933.10,935.52,928.92,932.88,946.36,946.13,937.49,928.13,925.21,928.31,931.06,934.84,933.65,929.78,928.36,924.08,914.50,904.03,895.83,890.01,868.19,854.90,846.41,832.77,823.78,817.67,810.59,808.75,807.60,806.44,805.05,803.78,803.01,802.22,801.13,799.85,799.66,801.42,803.64,805.93,808.01,810.24,812.93,815.81,818.63,831.82,848.97,857.64,862.08,862.58,863.69,871.68,883.31,892.88,900.59,905.51,915.05,925.61,937.49,947.83,956.18,961.99,968.24,976.38,988.54,1000.35,1011.38,1011.16,1007.67,1013.11,1022.78,1038.62,1056.89,1059.61,1058.33,1062.89,1067.39,1084.51,1100.59,1108.67,1093.13,1078.12,1068.47,1061.23,1050.67,1035.50,1013.28,997.42,991.49,1000.44,1004.37,1004.75,997.36,1003.01,1009.61,1003.77,1010.59,1014.04,1013.78,1014.75,1016.58,1022.67,1029.72,1032.41,1036.52,1041.58,1049.36,1057.79,1069.73,1086.64,1099.62,1106.48,1112.47,1124.66,1150.84,1172.38,1184.48,1187.49,1180.63,1186.35,1185.27,1169.71,1159.47,1154.98,1157.81,1163.48,1169.69,1190.05,1211.46,1234.85,1261.42,1289.80,1307.85,1314.93,1319.94,1332.03,1345.85,1340.80,1318.89,1298.70,1281.69,1261.07,1270.93,1279.87,1262.63,1263.65,1289.06,1308.90,1301.86,1279.29,1261.53,1266.51,1283.97,1293.75,1305.70
1083.64,1080.41,1075.10,1073.83,1066.37,1055.98,1050.48,1053.72,1058.07,1063.56,1058.62,1054.66,1050.70,1048.46,1054.22,1058.15,1056.54,1050.63,1045.30,1039.85,1034.92,1030.24,1031.88,1035.13,1033.42,1032.54,1029.20,1022.28,1011.47,1001.05,996.31,991.47,985.73,979.93,972.03,967.28,970.54,975.04,965.57,949.33,938.30,933.72,931.42,927.24,919.53,911.89,908.20,905.21,900.86,900.65,899.79,898.98,898.93,902.14,907.48,914.95,927.75,931.48,927.46,929.25,930.01,924.04,917.48,920.30,933.32,944.73,950.37,948.77,946.01,945.54,948.51,945.44,939.80,934.74,935.44,940.14,946.26,947.02,952.60,963.06,970.70,971.09,966.84,963.25,962.68,949.97,942.51,951.55,962.28,958.46,959.62,964.24,965.50,958.26,949.97,943.32,936.17,929.40,929.42,932.94,939.56,943.97,939.01,932.24,941.22,950.66,946.08,935.10,928.19,928.07,934.07,939.30,939.04,932.45,923.95,919.97,918.03,911.97,898.09,882.49,875.50,858.82,845.42,838.21,831.51,829.19,822.07,812.83,809.19,808.08,806.95,805.64,804.63,803.74,802.78,801.94,800.43,799.92,800.97,803.23,805.53,807.76,809.71,812.46,815.54,818.40,827.40,843.84,860.16,869.08,873.81,874.67,871.18,873.45,882.29,889.15,897.44,905.59,916.17,926.94,936.51,944.36,950.07,956.61,963.99,973.35,986.74,1002.04,1012.16,1021.51,1028.66,1041.23,1056.65,1070.57,1078.75,1080.64,1081.65,1083.82,1097.28,1111.89,1116.51,1102.74,1089.69,1077.03,1065.15,1052.75,1036.81,1021.26,1004.20,989.10,988.94,993.97,996.38,992.06,993.52,997.92,997.35,998.83,1000.80,1004.38,1012.00,1018.42,1028.38,1033.55,1037.39,1042.63,1049.52,1054.87,1060.33,1069.27,1091.54,1111.49,1128.71,1140.93,1151.68,1162.26,1173.36,1171.83,1163.36,1161.09,1171.46,1168.07,1152.11,1139.18,1137.88,1143.64,1155.24,1173.43,1198.02,1219.34,1240.64,1265.15,1289.24,1307.46,1317.08,1321.15,1333.62,1348.55,1346.17,1322.78,1306.79,1292.17,1270.47,1272.18,1286.55,1272.32,1278.03,1300.70,1320.63,1308.15,1289.17,1274.64,1273.28,1292.18,1308.29,1325.54
1086.78,1084.56,1079.35,1070.22,1060.61,1054.34,1055.28,1060.22,1064.70,1065.50,1059.98,1056.37,1054.37,1055.94,1060.03,1060.06,1057.80,1053.09,1050.59,1047.87,1043.35,1039.13,1036.59,1034.21,1029.18,1028.78,1029.36,1022.23,1013.98,1010.58,1007.23,1002.33,996.01,989.54,976.06,963.82,960.32,964.00,959.20,946.58,936.63,930.25,926.99,922.61,916.67,909.60,905.80,904.23,904.25,904.77,905.23,907.36,909.28,915.91,923.96,925.30,933.32,933.97,936.88,945.80,941.12,927.30,919.47,920.84,929.91,943.11,952.09,957.75,956.46,952.74,953.83,956.93,950.57,939.93,938.26,944.15,951.76,950.37,954.58,961.76,970.68,973.53,972.23,969.77,962.59,948.65,948.61,959.13,964.68,960.94,963.25,968.08,966.80,955.04,944.03,937.42,933.59,931.81,934.65,941.19,949.48,945.89,937.76,940.57,950.40,952.40,942.06,931.37,929.30,933.48,940.75,941.70,938.25,931.22,921.16,911.74,906.59,904.15,894.70,880.47,865.17,850.77,846.26,842.50,843.81,837.48,825.60,814.42,809.59,808.45,807.41,806.28,805.25,804.20,803.23,802.44,801.47,800.66,801.12,803.18,805.35,807.55,809.68,812.31,815.26,818.03,825.40,846.13,860.69,869.97,877.82,884.01,885.46,879.10,875.91,879.76,887.72,896.12,904.17,914.03,921.04,925.18,929.68,937.20,947.84,961.02,974.42,985.49,993.17,1007.73,1020.49,1038.99,1056.56,1063.86,1065.97,1068.89,1065.58,1074.63,1088.70,1100.46,1107.80,1098.30,1081.92,1065.67,1052.02,1039.26,1030.03,1019.08,1006.89,991.04,982.69,983.85,989.20,985.38,988.44,993.92,992.24,993.74,1000.46,1011.40,1017.44,1019.52,1026.76,1034.42,1040.29,1048.01,1059.95,1068.28,1074.28,1077.50,1090.64,1110.68,1138.70,1158.46,1168.11,1169.94,1164.46,1151.13,1143.35,1145.20,1156.55,1149.34,1134.58,1126.64,1135.23,1150.82,1167.53,1188.84,1209.11,1230.59,1246.91,1262.14,1277.22,1292.28,1299.44,1305.19,1322.46,1342.43,1348.40,1326.46,1312.03,1293.98,1275.84,1276.95,1294.20,1286.81,1296.92,1319.86,1333.39,1321.86,1304.98,1288.58,1280.43,1294.20,1312.70,1335.50
1090.43,1086.38,1078.15,1067.88,1059.07,1056.32,1060.15,1067.80,1069.46,1065.89,1061.46,1060.92,1060.57,1061.87,1060.04,1057.12,1055.36,1054.28,1052.31,1049.00,1040.58,1034.01,1030.92,1028.76,1022.28,1019.23,1027.73,1026.22,1022.04,1019.30,1015.28,1007.89,996.70,988.49,974.37,960.80,955.41,951.79,948.45,943.66,934.80,927.45,923.10,918.53,913.41,908.38,906.26,906.97,907.75,909.41,914.80,920.53,924.64,930.73,934.87,934.56,938.53,940.85,946.73,950.24,937.05,926.52,922.44,925.61,933.60,946.61,956.56,964.39,961.98,956.75,958.00,960.47,951.28,943.50,942.33,947.77,955.89,953.05,956.28,962.75,970.86,974.89,976.32,973.09,962.58,948.68,954.86,964.36,967.73,964.98,966.14,969.38,967.01,956.61,944.41,937.39,936.28,936.91,941.07,951.49,951.64,943.45,940.06,950.29,955.84,950.55,937.75,932.74,936.15,940.69,942.98,936.68,931.78,926.77,919.36,909.66,896.78,890.02,884.94,874.21,863.43,856.44,858.33,856.79,850.13,839.27,827.64,817.63,811.35,808.97,807.81,806.63,805.56,804.54,803.66,802.93,802.14,801.41,801.40,803.28,805.37,807.43,809.50,812.06,815.12,818.12,826.84,848.32,861.11,869.80,878.70,886.67,890.63,889.37,883.54,879.49,880.27,886.44,891.99,900.24,905.99,909.74,916.20,925.36,935.78,947.68,958.01,966.74,975.97,989.09,1004.14,1023.27,1039.81,1044.32,1042.10,1045.54,1041.66,1058.27,1069.29,1078.30,1088.02,1082.54,1064.66,1050.17,1036.71,1026.93,1023.97,1016.23,1005.40,992.46,981.80,975.37,976.91,980.27,989.72,989.95,987.16,997.01,1011.74,1021.88,1030.07,1030.63,1040.16,1048.99,1057.53,1067.57,1078.26,1088.77,1097.64,1101.49,1111.72,1126.58,1148.22,1163.35,1163.51,1157.47,1147.30,1133.38,1123.72,1130.38,1140.84,1133.17,1120.06,1121.98,1138.68,1159.81,1178.61,1198.04,1213.08,1228.63,1239.76,1245.16,1256.94,1271.13,1277.92,1291.20,1311.87,1335.33,1350.56,1336.10,1315.78,1294.75,1279.48,1289.09,1310.12,1310.78,1313.88,1334.78,1348.25,1341.40,1318.41,1294.89,1293.38,1303.12,1319.83,1343.43
1091.70,1085.04,1075.74,1065.56,1060.90,1059.63,1064.14,1071.56,1071.17,1066.71,1065.05,1065.72,1064.71,1061.29,1053.97,1050.99,1050.63,1051.39,1050.09,1043.71,1032.91,1024.30,1019.23,1016.80,1011.84,1010.03,1017.21,1016.86,1016.29,1011.28,1008.44,1005.22,995.30,983.37,969.33,960.26,955.11,949.14,944.60,940.55,933.10,925.45,919.81,914.78,909.85,907.69,908.55,911.50,914.97,918.86,925.58,928.38,933.46,937.51,941.98,941.67,947.28,948.28,951.52,949.71,933.18,926.47,924.52,928.52,940.30,956.20,966.57,969.80,964.36,958.91,961.74,955.58,947.88,944.19,946.24,953.90,961.96,956.67,957.25,963.12,969.83,975.45,979.18,972.78,961.14,952.41,963.59,969.85,971.48,969.63,969.92,967.17,961.36,950.85,943.75,938.95,940.02,943.76,952.67,958.18,950.67,944.02,947.35,956.37,958.59,949.29,939.29,940.22,946.29,946.53,938.73,928.18,922.76,918.32,912.41,904.38,893.73,883.13,877.66,872.40,866.88,865.09,868.23,862.57,851.62,841.76,830.72,822.80,813.75,809.26,808.07,806.88,805.81,804.86,804.13,803.41,802.68,802.11,801.79,803.04,805.04,807.07,809.09,811.76,815.00,818.20,828.54,849.76,862.21,870.53,880.39,889.02,891.60,892.37,892.66,889.67,883.43,883.74,889.42,896.68,902.88,907.41,911.48,918.63,926.72,933.67,941.25,950.93,961.15,972.24,989.24,1009.47,1026.22,1022.41,1017.26,1015.09,1019.46,1046.74,1048.32,1058.29,1071.86,1067.70,1048.39,1036.79,1021.89,1014.33,1018.88,1015.55,1007.60,993.20,979.65,970.76,971.77,981.38,986.30,981.87,987.22,1004.59,1015.86,1027.18,1039.98,1047.88,1057.38,1067.67,1077.52,1087.34,1100.35,1113.13,1120.20,1126.20,1133.44,1144.10,1158.49,1157.88,1148.24,1141.08,1132.09,1115.65,1107.81,1118.37,1127.30,1116.85,1108.92,1119.29,1137.12,1159.17,1176.92,1189.84,1201.45,1215.04,1220.65,1224.95,1240.21,1250.87,1260.18,1279.44,1302.28,1331.22,1352.22,1343.07,1324.09,1303.02,1287.04,1299.58,1323.70,1334.28,1336.04,1349.88,1362.19,1347.95,1317.95,1300.63,1309.09,1321.33,1330.50,1352.70
1089.97,1082.06,1071.51,1069.17,1069.80,1065.41,1070.41,1075.64,1072.94,1069.36,1069.48,1066.89,1061.71,1057.87,1050.53,1042.51,1039.51,1043.70,1038.18,1030.16,1022.21,1014.05,1004.70,999.55,998.07,1001.35,1004.12,1003.44,1002.73,1000.27,998.06,996.46,992.17,983.88,972.12,969.28,964.01,951.03,942.17,936.91,929.55,921.14,916.26,911.86,909.22,910.05,915.35,924.72,930.11,931.79,936.45,936.42,941.35,946.40,948.92,945.68,950.96,953.21,955.60,950.94,933.71,927.40,925.98,929.43,942.92,959.77,969.47,971.67,967.40,965.00,961.38,950.30,946.57,945.92,950.19,964.01,967.21,958.38,958.41,962.72,968.28,975.82,980.04,971.72,959.05,958.64,970.81,976.43,976.81,974.60,972.01,965.39,957.21,952.06,947.77,941.26,942.80,949.14,958.48,956.07,948.36,947.61,953.48,959.54,958.54,952.05,947.51,949.16,952.42,947.67,940.10,928.05,917.80,910.03,903.45,897.21,890.13,883.92,880.45,875.83,872.62,872.72,870.18,860.79,850.43,846.07,840.54,833.35,819.44,810.21,808.39,807.11,806.08,805.32,804.65,803.95,803.27,802.71,802.40,802.82,804.76,806.82,808.90,811.56,814.85,818.17,830.63,852.02,860.55,868.95,879.55,887.97,890.97,891.54,892.43,893.99,889.09,886.60,892.78,899.00,903.94,908.37,914.70,920.17,925.42,930.98,942.29,955.93,964.97,979.19,997.48,1012.31,1015.19,1004.35,995.35,992.33,1003.52,1029.70,1027.61,1042.74,1060.90,1058.37,1037.87,1020.55,1009.61,1004.85,1010.15,1010.31,1004.63,988.56,975.05,967.95,969.52,978.25,976.75,981.90,992.80,1009.98,1019.23,1030.18,1043.40,1056.52,1071.06,1082.76,1094.56,1107.01,1116.76,1120.39,1121.31,1122.83,1128.07,1138.84,1149.22,1143.51,1131.82,1123.95,1115.77,1102.05,1095.89,1106.43,1110.31,1101.31,1103.39,1121.15,1140.67,1158.50,1167.03,1176.53,1189.84,1198.69,1201.29,1210.14,1224.53,1233.70,1250.85,1275.80,1300.87,1329.67,1354.47,1354.20,1336.88,1313.13,1297.25,1302.75,1326.67,1344.60,1357.97,1367.01,1373.99,1353.73,1324.98,1312.30,1319.29,1337.64,1352.83,1364.59
1085.71,1076.81,1071.18,1078.45,1078.77,1070.61,1076.78,1079.43,1077.01,1073.38,1071.06,1066.99,1058.89,1053.11,1049.21,1039.70,1029.56,1028.26,1024.79,1018.89,1011.51,1006.86,999.86,995.50,991.87,990.28,991.48,990.55,987.49,984.42,980.33,977.68,976.23,979.04,980.89,976.81,964.62,948.24,938.68,932.93,924.94,918.59,914.65,911.42,913.40,921.56,931.17,938.38,947.25,943.52,945.87,946.77,951.29,952.50,951.70,948.38,951.51,957.08,960.15,957.20,941.00,928.80,927.71,931.48,941.77,956.12,966.80,973.13,972.74,969.62,958.20,948.96,947.00,948.35,957.19,971.12,968.66,960.87,960.81,964.35,969.53,976.86,978.38,968.28,958.24,961.21,971.90,979.94,980.28,976.41,970.68,965.32,960.07,951.61,945.85,943.10,944.60,949.67,954.37,952.01,950.50,952.84,955.88,957.70,956.90,957.95,958.79,957.90,953.79,945.73,934.85,924.41,917.37,911.06,903.41,896.93,891.14,887.87,884.49,881.04,878.26,872.47,864.81,860.26,862.88,863.24,853.67,840.23,825.53,813.02,808.71,807.34,806.53,805.88,805.27,804.62,803.95,803.31,802.89,802.96,804.65,806.71,808.63,810.93,814.43,818.02,830.02,849.75,854.18,859.59,869.90,878.11,882.87,883.93,887.65,894.44,894.91,889.63,892.00,897.40,902.88,911.52,924.00,934.10,935.72,938.97,953.14,973.33,988.68,1001.17,1013.34,1008.74,994.95,984.99,977.43,980.59,996.64,1007.07,1008.35,1030.14,1049.73,1050.76,1033.16,1007.82,994.55,991.83,997.34,996.44,993.89,982.75,969.47,962.70,966.74,968.85,975.17,987.65,1000.38,1011.74,1016.61,1023.34,1036.17,1053.76,1069.59,1083.53,1099.13,1106.33,1105.28,1101.94,1099.55,1099.99,1109.43,1122.38,1128.70,1126.46,1114.63,1102.20,1098.38,1089.33,1084.33,1093.71,1093.00,1093.95,1106.14,1122.38,1135.70,1144.90,1150.88,1164.32,1173.76,1177.88,1186.60,1199.37,1214.12,1228.77,1249.45,1278.65,1303.60,1328.06,1356.21,1366.95,1349.00,1328.04,1313.00,1308.87,1323.32,1338.58,1358.64,1378.54,1383.92,1362.09,1343.51,1329.25,1335.06,1348.16,1368.45,1388.92
1080.45,1078.09,1080.66,1084.15,1082.63,1077.76,1081.05,1081.05,1078.46,1072.17,1068.07,1063.43,1055.09,1044.73,1037.13,1030.39,1026.26,1022.51,1018.39,1013.19,1009.01,1003.52,998.70,994.55,990.26,986.55,984.06,980.85,977.50,974.68,970.12,967.35,965.86,967.04,974.75,974.77,962.64,947.69,937.00,929.85,922.37,918.08,914.75,915.36,924.84,939.45,946.24,947.71,956.30,952.16,953.16,954.69,955.76,955.34,952.72,951.80,956.17,962.49,965.78,959.92,943.09,929.77,930.49,936.23,947.35,955.76,963.92,973.06,974.88,967.23,955.13,949.31,948.71,949.89,961.32,974.26,971.51,965.10,963.17,966.14,970.65,974.38,972.88,964.26,960.44,963.39,971.79,979.31,980.87,972.65,964.61,960.14,953.37,948.14,945.53,946.71,946.67,948.15,950.70,952.96,954.50,957.84,958.69,957.97,956.92,958.60,959.76,959.25,954.69,946.88,931.30,921.51,916.24,913.11,909.73,901.92,895.36,892.76,890.20,884.92,878.45,870.33,867.73,876.99,883.26,877.67,859.97,841.34,825.73,811.78,808.61,807.76,807.18,806.48,805.84,805.20,804.56,803.92,803.38,803.37,804.75,806.51,808.22,810.09,813.40,817.03,826.51,843.34,853.89,860.07,861.05,864.12,869.24,874.54,881.69,888.50,897.76,896.14,894.77,897.89,902.43,913.05,926.91,944.17,955.75,953.39,962.45,981.96,997.34,1011.47,1014.55,997.08,982.87,971.45,964.70,976.87,992.73,991.45,994.70,1016.48,1039.30,1043.24,1026.94,1008.36,987.18,977.60,977.81,978.70,980.71,973.71,959.08,957.72,965.14,973.52,984.62,997.94,1004.04,1006.24,1009.40,1015.86,1028.56,1043.59,1052.96,1064.38,1083.39,1091.87,1087.34,1079.67,1072.61,1074.06,1088.10,1101.69,1108.40,1111.00,1102.00,1087.38,1082.53,1077.89,1075.98,1081.86,1086.21,1096.74,1111.10,1120.48,1124.69,1130.49,1141.51,1153.27,1163.74,1174.02,1187.48,1204.97,1222.38,1237.38,1257.33,1282.89,1301.66,1322.66,1347.68,1368.61,1361.04,1343.02,1326.21,1321.69,1330.55,1344.01,1360.14,1382.64,1394.63,1380.50,1367.90,1355.35,1362.25,1373.66,1389.43,1404.48
1083.82,1087.28,1089.49,1088.84,1086.32,1083.54,1083.35,1081.24,1076.51,1068.59,1062.46,1054.86,1043.50,1037.79,1033.62,1030.23,1027.30,1025.92,1020.84,1019.61,1017.02,1010.55,1002.18,995.93,989.96,986.58,982.93,979.02,976.17,974.80,970.63,966.78,962.38,959.23,963.85,967.40,956.91,946.55,937.53,928.88,923.85,920.26,916.77,922.97,938.21,953.35,955.36,954.23,961.88,958.65,958.86,960.30,958.77,955.85,955.22,959.54,967.08,971.77,967.62,954.57,939.46,932.55,933.61,938.38,950.83,962.03,969.18,976.48,976.07,963.35,954.79,951.67,952.27,954.50,963.60,975.81,976.38,967.89,965.50,966.95,970.65,973.00,969.71,964.74,966.37,968.80,972.06,973.33,970.92,960.84,956.68,952.92,949.19,947.37,948.10,952.23,949.47,949.57,952.28,955.48,957.92,961.54,962.30,961.06,956.32,950.54,948.94,946.92,942.40,934.27,926.89,921.38,918.71,922.35,921.07,907.87,900.15,899.04,900.66,890.63,881.32,872.70,876.11,888.71,886.61,873.87,855.03,837.10,818.30,809.82,808.82,808.36,807.84,807.13,806.44,805.78,805.15,804.51,804.04,803.88,804.73,806.36,807.98,809.63,812.55,816.00,821.83,842.20,859.55,869.77,875.84,868.32,866.04,869.52,874.32,883.34,902.55,908.82,903.57,907.99,908.10,914.55,928.58,945.84,967.14,978.96,979.62,988.02,996.90,997.97,994.53,984.98,970.72,954.87,955.41,972.31,986.95,978.99,983.88,1003.67,1028.03,1040.38,1023.30,1006.30,986.96,973.93,967.77,967.98,967.20,957.22,949.68,960.15,977.86,989.51,993.54,997.58,998.17,999.59,1004.54,1013.79,1024.08,1031.53,1036.08,1049.80,1072.87,1075.89,1063.73,1055.49,1049.28,1054.97,1068.76,1078.65,1085.25,1094.67,1089.76,1078.03,1068.94,1067.37,1070.20,1078.68,1089.11,1097.51,1106.14,1114.27,1124.03,1133.39,1144.48,1156.66,1174.56,1192.64,1196.97,1213.05,1234.18,1251.24,1261.77,1274.07,1288.30,1309.61,1333.04,1355.76,1370.33,1353.71,1338.70,1336.36,1345.56,1361.49,1376.60,1394.94,1405.80,1399.20,1387.77,1379.34,1379.35,1379.22,1382.75,1393.40
1092.34,1091.63,1091.66,1089.79,1085.21,1082.42,1080.46,1075.93,1070.27,1061.47,1055.70,1048.82,1040.39,1037.66,1036.54,1034.61,1033.83,1035.21,1032.70,1032.42,1029.20,1019.81,1010.89,1000.85,993.56,989.32,984.48,979.94,981.43,982.65,979.41,973.75,965.42,959.39,953.83,951.12,946.77,941.88,934.86,928.07,924.16,919.91,920.11,932.42,948.95,962.04,964.70,963.52,966.94,964.21,963.40,962.83,959.27,957.14,959.91,967.85,976.09,974.68,959.85,944.17,937.65,934.36,936.16,940.38,951.20,963.30,972.91,980.58,978.69,963.14,956.83,954.69,957.10,963.12,970.93,977.63,977.42,968.61,967.43,968.24,971.19,973.45,968.81,968.46,973.47,974.87,974.96,968.74,964.04,959.08,958.60,954.16,949.98,948.93,953.29,959.22,952.79,953.77,955.79,958.70,961.83,965.32,966.29,963.43,958.48,949.97,944.57,940.27,935.63,930.29,926.42,924.86,927.62,931.75,922.74,910.10,904.49,908.42,910.63,895.68,881.59,877.70,886.26,889.62,873.71,858.32,840.44,823.81,812.99,810.16,809.29,808.97,808.50,807.79,807.07,806.38,805.74,805.11,804.74,804.54,804.67,806.05,807.62,809.26,811.84,815.15,818.45,830.83,847.88,865.85,880.26,879.87,872.01,871.75,874.34,880.58,901.29,920.59,917.48,920.68,920.15,918.75,935.47,952.40,969.25,986.51,997.10,991.53,983.94,979.47,978.81,970.94,954.98,940.26,943.88,957.69,964.79,965.93,982.66,1001.81,1024.71,1038.50,1023.72,1002.53,983.63,972.13,958.20,954.35,950.88,946.09,949.91,966.60,986.37,992.39,994.04,993.00,991.48,992.36,1000.40,1011.40,1015.33,1017.20,1027.61,1049.40,1065.21,1058.62,1046.13,1038.59,1034.06,1039.95,1050.17,1060.13,1065.69,1076.90,1072.10,1062.11,1061.68,1070.13,1075.52,1083.71,1090.63,1094.34,1102.07,1118.56,1138.71,1150.82,1155.18,1171.50,1189.75,1207.89,1217.29,1222.61,1239.18,1245.72,1248.70,1255.64,1270.48,1295.86,1318.90,1342.89,1367.84,1369.14,1359.36,1357.49,1362.07,1377.68,1390.33,1403.06,1403.59,1391.66,1377.77,1364.17,1357.29,1357.56,1360.61,1372.92
1097.02,1094.00,1091.62,1087.62,1080.74,1076.77,1070.91,1064.40,1059.31,1055.08,1050.05,1046.53,1043.23,1042.45,1040.94,1041.36,1044.09,1047.34,1044.14,1038.65,1031.74,1021.04,1014.34,1009.67,1002.17,994.26,987.11,988.09,994.38,996.78,992.51,982.90,969.33,967.37,956.27,946.44,941.53,936.31,930.88,927.39,923.53,920.40,924.17,939.59,956.71,968.70,970.64,970.10,970.57,968.05,966.95,963.44,959.94,960.05,966.61,974.60,979.67,972.00,952.61,939.55,937.23,936.16,937.64,942.76,954.02,965.78,977.60,984.54,983.15,968.40,959.40,957.09,959.44,970.39,977.60,982.01,977.28,969.99,969.82,971.08,976.44,978.76,970.91,976.13,980.52,980.53,978.63,969.00,964.67,963.09,960.15,955.05,952.53,953.35,960.90,959.29,957.94,960.51,959.92,961.90,965.88,969.37,968.14,960.66,952.53,947.37,944.25,941.87,938.50,933.12,929.97,933.53,939.74,931.00,920.70,912.34,908.63,915.73,910.93,893.88,884.81,887.36,892.25,878.76,860.18,843.46,825.68,816.46,815.27,811.03,809.60,809.54,809.16,808.46,807.74,807.02,806.34,805.74,805.41,805.06,805.01,805.63,807.13,808.82,811.13,814.12,816.99,820.32,832.73,860.13,877.89,889.01,887.23,882.76,881.69,886.62,896.42,922.16,935.94,937.91,936.24,926.25,936.79,956.62,977.40,994.27,998.87,983.91,967.11,958.62,962.00,957.52,941.34,930.39,936.96,942.62,947.84,964.68,985.68,1004.16,1025.90,1032.47,1022.35,1001.52,981.54,968.00,949.88,943.77,941.33,945.27,962.06,978.63,987.14,990.34,990.22,987.92,985.99,988.21,994.30,1000.06,1004.49,1011.36,1029.03,1047.08,1049.02,1042.26,1032.31,1023.15,1021.22,1026.29,1036.03,1043.44,1051.26,1060.06,1055.84,1054.06,1070.41,1080.56,1081.94,1082.01,1085.59,1093.39,1109.90,1129.89,1150.95,1171.83,1178.69,1188.84,1204.79,1226.03,1235.63,1233.24,1236.08,1229.91,1232.76,1245.90,1262.22,1285.21,1311.54,1337.09,1361.72,1379.77,1379.96,1379.40,1383.29,1394.76,1403.20,1398.34,1385.32,1372.23,1359.55,1338.55,1329.56,1331.62,1339.68,1359.48
1095.96,1090.59,1086.02,1078.45,1070.46,1066.13,1060.44,1057.81,1055.78,1053.83,1051.50,1049.34,1049.45,1050.72,1048.96,1053.19,1055.18,1050.42,1043.92,1038.65,1029.44,1025.59,1026.09,1020.65,1009.48,998.98,994.33,1002.15,1006.24,1000.84,990.04,981.44,972.19,971.92,960.53,947.41,939.79,933.34,928.87,926.70,923.71,921.73,927.49,942.28,959.40,970.07,972.16,972.84,971.90,970.58,967.95,964.35,962.80,966.18,973.87,979.65,976.90,967.19,950.46,940.14,939.25,938.51,939.57,944.82,952.57,964.13,977.93,986.50,988.77,975.98,962.91,959.54,964.14,973.42,981.56,986.45,978.85,973.26,974.56,975.28,978.01,982.56,977.56,982.25,984.92,984.37,980.60,973.18,970.57,964.51,957.96,955.27,956.97,960.39,963.95,958.73,962.97,965.58,963.73,964.93,968.06,970.32,964.23,955.78,949.38,947.19,947.43,945.24,943.32,943.26,944.23,945.17,938.07,925.07,917.65,913.58,916.64,919.02,905.01,894.00,899.55,898.80,886.76,863.47,846.87,832.23,818.79,821.00,827.25,814.84,810.89,811.08,810.00,809.11,808.39,807.67,806.95,806.34,805.92,805.54,805.60,805.77,806.69,808.44,810.39,812.79,815.42,818.21,829.42,856.46,871.91,884.41,896.08,899.25,895.32,901.50,907.66,925.88,944.02,954.71,954.78,943.91,946.86,962.59,983.48,996.48,990.72,977.93,955.80,938.82,940.75,940.19,928.52,927.93,949.86,957.27,957.83,972.71,989.24,1005.67,1018.62,1015.43,1017.92,1002.05,984.89,969.12,949.68,938.79,938.82,955.92,969.21,979.82,983.02,984.26,984.00,981.50,981.02,984.56,988.84,995.20,1003.93,1014.41,1030.30,1036.04,1028.20,1021.19,1015.98,1011.46,1011.36,1015.74,1023.61,1029.85,1037.83,1042.91,1044.32,1055.72,1074.10,1078.64,1071.46,1075.07,1083.92,1095.63,1114.20,1133.73,1154.47,1178.09,1198.38,1209.01,1215.61,1225.53,1227.61,1219.73,1217.14,1212.59,1221.80,1239.99,1260.50,1283.97,1309.08,1332.00,1353.95,1378.01,1390.63,1393.96,1400.66,1408.11,1399.87,1384.21,1366.99,1350.16,1347.42,1330.49,1311.09,1311.25,1326.98,1347.64
1092.35,1083.37,1077.39,1070.53,1066.00,1063.03,1060.65,1058.39,1057.62,1059.29,1059.25,1057.77,1058.32,1059.88,1061.71,1061.26,1054.22,1041.87,1034.54,1032.00,1027.63,1029.35,1028.92,1020.46,1009.89,1002.30,1003.82,1009.82,1008.38,995.84,985.32,978.47,977.84,973.02,958.89,945.33,937.55,932.05,928.51,926.35,924.31,923.28,930.01,945.23,961.55,970.59,972.65,974.25,973.76,971.32,968.59,967.71,968.31,971.14,978.39,979.42,970.80,959.48,948.01,942.35,941.63,941.75,943.77,945.19,949.20,957.48,970.45,983.67,990.05,984.29,970.57,963.53,966.72,974.72,982.32,988.84,981.41,976.80,979.69,979.73,979.74,985.71,984.99,987.93,987.25,984.44,982.73,980.94,975.29,962.94,957.50,959.10,963.14,966.49,964.17,959.81,966.81,969.81,967.10,967.78,970.72,967.39,958.46,954.88,951.15,949.96,951.91,949.74,953.69,956.80,954.50,947.35,934.95,924.52,918.91,918.74,923.70,914.64,901.09,905.90,912.22,900.40,880.61,856.28,837.15,822.50,820.34,838.82,837.63,819.69,815.49,813.96,811.14,809.49,808.76,808.03,807.37,806.85,806.36,806.31,806.87,807.24,807.34,807.65,809.37,811.47,814.18,817.17,824.49,846.52,862.91,874.86,889.26,903.67,912.75,921.10,930.49,942.08,952.47,961.26,967.53,966.65,968.17,977.07,989.76,989.32,977.13,967.36,955.49,932.90,924.05,922.75,917.66,929.32,950.91,964.67,968.82,976.72,988.75,1004.92,1008.61,996.41,1004.08,1001.04,986.18,971.02,953.10,937.16,944.03,960.70,967.87,974.09,976.89,977.91,978.80,977.23,978.43,982.69,988.84,998.62,1008.46,1014.35,1017.85,1013.15,1004.96,1002.31,1002.13,1002.40,1006.07,1014.09,1022.28,1027.04,1030.08,1037.09,1048.97,1059.67,1067.64,1068.47,1063.11,1070.48,1079.53,1091.47,1107.16,1124.88,1147.15,1177.16,1196.35,1200.99,1201.02,1201.82,1200.97,1196.91,1196.73,1198.78,1214.56,1240.41,1264.62,1284.71,1304.36,1324.84,1347.23,1368.56,1375.91,1378.57,1388.65,1400.41,1387.16,1369.51,1348.26,1328.94,1322.38,1316.59,1299.19,1296.86,1315.99,1338.39
1082.73,1076.24,1071.53,1068.33,1065.97,1065.88,1064.04,1061.41,1064.71,1071.43,1072.41,1067.22,1067.70,1066.95,1062.49,1055.63,1048.10,1036.61,1028.63,1024.78,1022.27,1024.08,1023.85,1016.94,1010.36,1009.27,1011.36,1010.82,1003.46,993.51,986.81,982.90,982.65,974.57,961.54,946.94,937.34,930.87,928.33,926.40,924.62,926.43,937.34,952.19,967.31,971.65,973.29,975.14,976.12,974.95,973.59,973.66,974.15,977.28,981.83,979.01,966.33,953.62,947.09,944.84,945.71,946.53,950.42,949.40,950.63,956.40,967.22,980.92,989.80,987.62,972.93,966.38,967.74,977.42,983.96,988.11,981.96,980.30,982.99,983.91,984.32,989.36,990.95,990.44,983.78,978.64,978.39,976.69,969.00,962.11,958.94,965.33,972.82,972.60,965.28,963.66,970.68,972.55,969.82,971.14,971.80,962.98,957.29,954.24,951.89,953.45,956.41,958.94,961.91,961.63,956.67,943.85,931.79,925.44,923.74,927.90,926.09,911.76,910.97,919.33,909.97,895.27,879.60,859.86,837.27,821.82,828.49,850.99,841.70,826.11,818.63,816.03,812.82,810.00,808.97,808.27,807.98,807.40,806.82,807.11,808.15,809.10,809.71,808.40,808.38,810.09,812.72,815.59,818.82,830.68,848.65,864.73,881.19,899.03,918.45,934.12,946.16,951.81,951.22,949.58,962.18,975.80,980.53,982.81,985.33,980.68,964.78,949.83,944.34,930.93,914.47,909.50,915.22,929.36,944.58,953.07,956.65,971.08,984.97,999.02,1000.67,986.22,988.00,991.26,981.93,965.58,945.73,932.61,943.89,957.63,964.99,969.01,971.25,973.68,976.02,974.06,976.86,982.31,986.83,993.96,1001.16,1002.10,997.04,992.40,988.54,990.40,996.16,1002.07,1006.87,1015.52,1020.62,1029.24,1036.88,1043.18,1046.59,1048.21,1051.12,1054.99,1060.61,1070.53,1079.96,1087.74,1103.93,1123.09,1146.59,1172.38,1180.29,1178.81,1177.99,1177.22,1174.36,1172.10,1178.51,1187.94,1207.66,1235.09,1258.21,1278.02,1299.52,1324.56,1344.08,1351.76,1354.14,1358.91,1368.88,1388.01,1383.02,1368.17,1346.46,1322.95,1305.14,1295.60,1286.43,1286.52,1310.50,1334.47
1077.05,1073.28,1070.12,1068.34,1069.44,1072.86,1073.33,1071.29,1070.14,1074.11,1076.87,1070.44,1066.96,1064.82,1056.15,1044.83,1044.44,1038.85,1031.68,1023.65,1014.83,1012.56,1015.99,1019.10,1015.56,1014.84,1013.37,1008.55,1002.33,997.16,992.90,989.71,984.99,976.81,964.03,948.99,937.59,931.26,928.50,926.52,925.58,934.11,949.38,959.24,968.76,972.20,973.95,975.71,977.38,978.79,980.16,981.31,980.70,982.87,983.59,979.78,966.33,952.82,947.98,947.34,949.81,954.57,961.22,956.54,954.85,957.24,966.34,981.33,990.19,988.20,973.37,968.67,970.40,982.54,986.82,987.03,985.60,984.36,986.82,988.38,989.57,992.23,991.60,989.39,981.48,974.11,972.26,968.18,963.26,962.22,964.58,969.05,979.93,977.50,968.54,971.30,975.30,975.84,976.33,976.34,971.45,961.41,956.78,953.82,953.86,956.76,960.67,964.93,964.08,960.96,954.67,939.00,929.66,926.95,931.46,935.85,925.21,920.09,926.69,916.08,894.83,887.99,882.81,866.19,842.17,826.22,837.02,856.08,851.22,837.66,823.07,818.57,815.56,811.68,809.27,808.84,808.67,807.96,807.31,807.87,808.98,810.06,811.14,810.35,808.72,809.00,810.93,813.72,816.57,822.67,838.94,857.18,877.78,897.43,917.17,934.90,942.83,939.93,931.69,930.43,952.78,969.03,965.03,965.96,973.48,969.36,957.35,940.27,924.08,918.16,908.01,905.24,911.25,921.87,929.01,935.24,944.04,963.88,979.91,987.88,988.47,975.74,973.30,981.09,973.45,952.05,934.56,929.42,943.02,955.66,961.57,964.40,967.58,971.78,973.64,970.64,973.58,978.30,978.62,981.40,983.76,980.05,977.61,982.49,993.20,1002.30,1008.23,1011.15,1011.10,1023.19,1029.53,1028.53,1031.63,1037.24,1038.60,1041.04,1046.75,1055.51,1061.20,1074.14,1086.74,1093.46,1105.27,1123.22,1145.27,1161.22,1159.97,1158.21,1157.97,1156.88,1155.24,1158.63,1168.80,1184.64,1204.80,1230.43,1254.11,1275.43,1303.66,1330.11,1335.01,1328.82,1331.38,1342.00,1358.60,1372.19,1371.11,1358.20,1348.00,1329.60,1304.66,1285.82,1273.41,1280.90,1305.39,1327.24
1075.68,1075.15,1074.97,1075.37,1080.86,1083.56,1081.83,1077.08,1070.25,1068.87,1068.37,1058.68,1054.26,1055.91,1049.99,1035.84,1033.31,1037.87,1039.01,1028.68,1019.14,1007.61,1007.05,1013.37,1007.48,1008.78,1008.37,1005.20,1000.93,996.20,991.88,988.02,982.92,972.82,959.42,944.80,936.70,932.25,929.00,927.20,929.03,939.56,955.01,963.02,968.59,972.13,974.10,976.06,977.95,980.32,985.03,989.15,992.10,987.95,979.00,973.67,962.86,953.88,950.43,950.25,958.87,967.33,972.27,968.20,961.18,958.61,965.75,981.99,991.93,988.30,976.89,972.85,977.35,987.78,991.57,989.54,991.41,989.71,991.37,992.27,993.65,994.16,990.47,985.59,980.05,980.76,982.60,971.75,963.89,969.37,976.58,968.77,976.52,982.11,977.59,981.92,981.88,980.49,981.24,977.39,967.71,959.20,956.26,954.50,956.50,960.05,967.99,967.15,960.32,952.97,946.21,937.22,931.96,936.15,945.40,938.56,930.06,936.90,934.06,914.32,892.04,881.32,870.34,859.88,842.19,828.96,839.41,855.42,866.42,853.62,841.61,831.05,819.12,814.06,810.42,809.68,809.30,808.57,807.91,808.37,809.28,810.27,811.83,812.33,810.57,809.05,809.61,811.94,815.61,821.91,843.08,864.90,884.15,900.99,918.12,928.42,927.17,920.94,909.75,917.08,944.03,955.27,945.81,944.00,956.47,952.44,941.02,930.14,911.87,904.67,900.52,907.58,914.25,926.30,933.46,941.09,951.09,955.93,968.02,985.58,981.95,964.82,959.51,971.41,967.79,947.95,929.24,926.59,936.03,948.79,956.70,961.73,967.77,971.40,971.72,967.01,967.07,968.30,966.17,966.12,968.03,972.05,984.21,997.06,1007.14,1012.80,1018.46,1020.72,1017.17,1017.47,1024.00,1031.74,1034.10,1036.03,1040.93,1046.64,1054.18,1067.30,1070.87,1074.82,1086.62,1099.95,1114.36,1130.60,1145.23,1148.72,1140.31,1136.07,1137.14,1139.46,1147.02,1160.67,1172.55,1187.49,1213.22,1239.01,1263.23,1286.58,1315.23,1326.48,1318.15,1309.68,1317.90,1336.81,1350.47,1356.93,1358.00,1340.79,1327.58,1316.48,1300.36,1278.87,1262.08,1272.86,1296.88,1316.72
1078.68,1079.97,1086.77,1092.97,1091.08,1084.89,1076.14,1065.76,1058.47,1057.67,1061.33,1053.58,1042.26,1043.81,1041.12,1029.80,1021.00,1028.48,1036.21,1032.57,1020.00,1009.39,999.32,1007.36,999.23,999.41,998.72,998.23,995.05,990.58,984.98,978.80,971.82,961.65,950.63,941.40,934.85,930.16,929.14,932.22,936.99,941.57,951.95,962.42,970.02,973.93,975.96,977.07,978.72,984.18,991.80,998.28,1000.94,991.23,977.98,966.79,958.77,954.55,953.35,955.03,966.09,979.62,983.02,981.66,969.39,962.59,966.56,980.13,991.06,989.80,979.34,975.74,980.24,989.74,997.34,994.33,995.86,996.14,996.50,996.53,996.69,994.07,990.56,985.58,985.13,989.45,984.47,969.94,965.14,973.48,982.59,977.16,977.93,982.68,987.42,988.83,985.71,983.43,980.48,972.71,961.13,957.97,955.97,956.35,958.69,966.85,970.35,963.41,953.26,946.05,941.36,937.90,940.97,951.71,954.65,950.06,947.54,941.52,927.72,913.07,895.53,879.38,865.73,856.89,842.18,832.70,836.58,848.92,868.72,869.79,860.88,843.44,823.04,815.93,812.58,811.69,810.60,809.32,808.75,808.58,809.05,809.66,811.19,813.73,812.66,810.27,809.56,811.14,815.03,819.45,838.61,865.66,889.09,909.66,911.79,912.88,911.45,904.19,894.78,913.01,933.56,938.90,928.64,923.62,935.30,935.19,924.12,913.15,897.61,894.41,906.46,923.90,933.10,944.13,952.92,949.81,963.67,973.89,974.88,987.91,979.00,959.85,943.85,953.86,959.16,945.38,925.00,925.25,939.53,952.15,957.90,962.53,966.32,968.29,968.94,960.94,955.79,954.92,958.30,965.64,974.82,986.62,997.68,1004.60,1009.21,1011.65,1016.08,1020.68,1023.16,1021.85,1022.82,1030.10,1037.92,1048.89,1057.11,1058.31,1062.39,1072.81,1083.14,1086.09,1089.18,1100.67,1117.74,1132.76,1140.66,1133.43,1124.59,1124.37,1133.24,1147.68,1159.47,1170.98,1190.94,1207.76,1221.68,1245.92,1271.63,1297.29,1318.88,1310.43,1297.51,1300.53,1316.42,1331.00,1332.20,1338.81,1347.05,1331.64,1307.43,1295.50,1291.02,1275.56,1256.01,1263.35,1283.69,1305.38
1085.86,1091.36,1099.34,1097.31,1089.58,1079.67,1066.11,1055.50,1047.37,1045.34,1051.01,1049.81,1037.51,1032.39,1032.36,1020.63,1011.74,1018.74,1025.76,1027.67,1018.45,1007.41,994.42,1001.29,991.25,988.13,986.46,987.18,985.32,982.55,977.11,967.74,958.96,951.42,945.08,940.52,934.14,930.99,932.77,938.89,943.74,945.90,951.16,960.73,970.14,977.01,980.88,982.84,985.29,989.85,998.98,1004.65,1001.83,994.48,985.86,970.74,959.12,955.76,956.54,959.50,967.54,980.33,990.38,988.68,974.67,967.84,966.35,975.05,988.08,991.62,980.83,977.68,979.89,987.54,996.99,998.29,998.85,1002.66,1002.80,999.77,997.77,994.29,990.46,989.21,991.43,988.86,978.51,967.93,967.07,975.72,985.83,985.60,984.15,983.00,985.51,983.87,979.37,976.63,972.96,965.82,959.26,957.56,956.99,958.24,963.55,972.71,966.16,957.02,949.49,948.56,947.94,948.00,954.88,960.04,959.08,953.92,948.35,934.58,914.98,899.96,885.56,875.50,872.60,866.23,856.97,846.02,836.95,840.33,858.29,884.52,874.10,845.36,828.18,818.15,815.68,815.11,813.68,811.17,809.70,809.24,809.22,809.83,812.26,815.08,813.89,811.96,810.55,810.70,814.01,818.11,832.25,860.87,890.58,911.13,901.29,894.34,892.43,881.99,888.03,912.45,923.36,923.91,910.12,908.25,918.17,918.40,912.09,901.18,890.13,894.30,910.00,923.25,937.86,952.35,965.54,968.12,971.26,985.12,990.52,986.91,972.58,956.39,939.62,932.38,938.32,931.08,919.20,927.51,942.84,953.55,958.23,960.25,958.21,961.56,962.29,951.65,947.54,954.16,967.11,975.76,984.17,993.46,998.10,999.76,999.99,1002.56,1009.91,1017.38,1023.90,1027.91,1032.69,1032.61,1039.74,1055.18,1062.06,1063.88,1067.84,1074.78,1085.09,1091.43,1095.82,1102.28,1113.27,1127.25,1129.38,1119.72,1113.98,1130.45,1148.95,1165.78,1181.47,1186.52,1204.63,1224.30,1237.18,1256.01,1277.30,1299.98,1310.33,1294.33,1281.00,1296.05,1314.20,1317.42,1314.02,1326.20,1338.95,1326.61,1299.81,1280.22,1274.62,1265.09,1250.22,1254.46,1271.19,1292.80
1093.55,1099.64,1099.04,1092.34,1083.53,1074.50,1064.03,1054.95,1042.61,1035.25,1037.55,1038.32,1031.99,1022.00,1022.78,1018.09,1006.65,1009.62,1012.38,1014.87,1014.21,1000.44,988.68,993.13,982.07,974.97,974.68,976.11,974.98,971.49,965.90,956.00,949.51,945.75,940.75,938.33,939.47,940.34,943.47,944.98,948.13,951.10,952.73,958.43,965.76,977.31,986.70,993.26,998.89,999.88,1004.83,1009.00,1002.47,993.46,981.86,966.86,958.99,957.21,959.26,969.73,975.02,982.91,994.84,995.04,987.83,977.31,968.28,975.90,988.42,992.24,981.96,980.30,984.46,985.33,989.59,994.24,999.46,1007.33,1007.52,1000.66,998.35,995.53,993.02,993.06,991.57,982.22,970.75,968.22,973.54,980.87,988.72,990.28,987.16,983.87,981.94,978.99,973.64,969.31,966.29,962.05,959.10,958.10,958.43,961.50,972.74,972.45,963.26,955.86,954.95,956.93,957.92,960.18,961.60,960.86,954.69,945.97,936.87,924.65,908.19,895.14,888.30,886.78,885.38,876.31,872.75,863.85,846.05,839.38,849.94,879.61,880.95,860.01,840.54,823.26,820.74,819.36,818.51,816.96,813.22,810.70,810.48,811.39,814.56,816.76,815.34,813.60,812.31,811.34,812.67,816.86,830.00,859.85,889.89,909.23,900.25,875.97,870.60,868.28,885.38,897.90,904.64,906.75,895.48,894.29,901.26,899.75,893.85,889.46,893.63,898.87,903.65,909.30,921.22,938.53,960.93,978.64,982.54,983.56,990.47,989.36,983.04,970.96,950.08,926.79,916.84,915.98,920.00,939.16,944.83,947.68,949.58,951.24,948.11,953.03,951.61,942.55,951.02,965.28,975.38,981.77,984.67,988.21,989.00,991.56,996.00,1000.70,1007.38,1013.97,1019.65,1025.66,1036.24,1042.80,1047.52,1054.79,1052.68,1055.38,1064.73,1071.78,1075.81,1080.78,1086.25,1093.32,1104.85,1118.30,1113.94,1105.95,1113.91,1135.82,1158.79,1176.88,1184.13,1190.31,1206.05,1225.64,1242.39,1262.56,1275.65,1290.90,1298.58,1282.18,1272.27,1289.40,1303.78,1300.59,1302.98,1317.98,1332.15,1327.14,1301.20,1281.11,1267.03,1256.06,1244.00,1246.65,1262.74,1282.13
1098.82,1102.43,1099.57,1095.14,1086.05,1073.40,1061.01,1048.09,1037.91,1028.97,1025.45,1021.04,1018.53,1012.04,1011.43,1011.97,1002.29,997.71,1000.95,1005.36,1005.69,992.18,981.71,980.38,971.38,963.25,961.55,962.52,963.12,960.39,952.89,948.43,945.92,943.55,943.22,947.00,948.12,950.37,953.80,952.63,952.49,956.14,956.46,957.49,962.83,973.59,984.88,995.07,1004.60,1009.72,1012.92,1010.02,1000.07,987.65,975.03,964.34,959.66,959.12,962.09,976.96,987.01,987.29,998.43,1000.10,991.23,979.88,972.14,982.60,993.28,990.87,983.66,985.44,990.74,989.12,990.32,994.26,1000.32,1009.48,1008.23,1000.17,996.69,995.32,994.13,991.49,987.63,974.95,969.31,975.09,984.67,986.48,991.13,991.56,987.34,983.36,979.62,975.69,971.15,967.71,964.47,961.10,959.29,959.31,961.89,973.66,979.10,971.00,963.20,959.50,961.90,964.67,964.68,960.52,958.95,957.12,945.13,930.18,923.23,916.58,907.88,901.23,904.49,903.19,898.43,886.34,884.05,873.85,853.92,844.02,848.88,876.82,888.86,873.21,852.82,837.37,836.71,831.82,827.39,825.91,820.45,817.88,819.30,816.82,818.44,818.38,816.76,815.25,814.09,812.74,811.99,816.13,826.35,858.11,886.38,903.85,893.10,867.98,856.36,864.56,876.34,879.15,890.29,887.84,879.66,875.37,879.00,880.43,892.42,904.01,910.89,917.26,922.31,919.53,921.42,933.68,956.66,976.89,975.30,968.09,980.04,984.27,977.39,964.68,946.43,920.01,903.76,908.82,926.08,940.36,934.19,932.59,933.52,935.85,936.71,939.33,938.39,944.76,957.84,967.12,971.59,974.43,976.25,979.44,985.18,993.02,1001.12,1005.56,1007.93,1011.82,1017.58,1022.91,1028.87,1037.66,1041.73,1041.64,1040.89,1048.24,1057.56,1064.12,1067.62,1072.07,1080.34,1091.38,1101.90,1102.41,1095.37,1102.01,1119.63,1136.30,1150.21,1162.40,1165.95,1176.34,1194.78,1214.17,1233.14,1248.99,1260.86,1275.29,1288.30,1273.77,1264.46,1281.63,1290.22,1285.26,1296.04,1313.82,1327.55,1325.57,1310.58,1290.81,1272.43,1254.27,1238.75,1239.06,1254.87,1272.70
1101.93,1099.50,1100.18,1095.65,1085.40,1073.33,1062.18,1050.85,1038.93,1027.27,1021.43,1016.05,1009.90,1005.59,1001.64,999.18,993.59,989.41,989.37,992.67,988.18,981.39,971.39,964.88,960.25,959.06,958.45,958.33,957.73,954.74,950.01,947.03,946.84,950.58,954.66,959.46,959.29,958.77,960.69,957.77,956.63,962.27,962.06,960.57,966.80,974.35,984.47,995.85,1006.41,1014.60,1018.16,1006.64,994.67,980.31,970.14,964.74,963.32,964.51,966.70,977.28,992.68,999.07,1002.08,996.15,985.61,977.96,977.48,987.66,994.90,988.35,985.56,990.97,996.84,992.94,993.46,997.40,1005.58,1011.87,1009.72,1000.24,992.60,991.06,989.21,986.21,982.30,974.93,973.49,984.00,991.38,991.67,994.31,990.96,986.78,983.10,979.70,975.47,971.14,967.85,964.85,962.16,960.27,964.61,976.38,981.13,976.61,967.93,965.11,964.99,967.74,970.56,964.60,957.19,953.41,948.00,936.75,926.97,920.97,916.23,915.59,916.12,921.60,920.13,913.03,902.59,894.43,880.53,856.60,846.02,847.04,871.61,891.75,884.86,867.57,853.27,856.43,849.22,847.10,843.58,833.48,829.02,827.33,823.37,821.42,819.88,818.28,816.92,815.48,813.97,812.54,815.27,824.37,849.34,879.11,896.45,886.52,865.05,850.16,855.45,857.96,872.17,881.84,868.31,856.80,860.96,875.40,888.47,906.63,919.85,921.59,928.10,940.39,944.51,939.29,944.25,964.35,978.95,965.95,951.96,962.31,966.36,966.84,950.81,931.77,910.41,895.93,905.73,926.13,928.46,921.84,918.06,918.98,922.62,926.92,930.15,935.24,949.01,954.47,958.11,964.95,973.66,979.32,982.74,990.70,1001.05,1009.78,1017.43,1018.61,1017.59,1014.63,1012.38,1016.03,1022.65,1027.10,1031.42,1041.04,1051.00,1058.77,1063.51,1069.27,1073.44,1078.98,1085.10,1089.05,1085.95,1092.10,1103.71,1115.10,1126.05,1132.64,1139.61,1151.13,1166.84,1185.99,1201.06,1216.36,1227.03,1242.10,1261.61,1282.34,1270.38,1257.05,1270.49,1273.21,1276.00,1295.54,1315.19,1319.30,1308.38,1305.20,1294.84,1275.43,1254.54,1235.39,1231.25,1246.56,1263.82
1093.70,1089.81,1089.89,1084.62,1078.00,1068.04,1062.07,1058.73,1044.44,1027.42,1018.66,1014.11,1008.98,1003.98,999.06,994.19,989.36,985.79,984.17,982.65,977.51,973.10,966.28,961.39,960.14,960.20,959.14,956.90,955.00,952.28,949.78,948.14,952.28,958.66,962.21,965.63,967.81,966.75,963.45,959.76,962.87,970.32,968.60,964.46,970.60,979.64,993.54,1001.57,1009.07,1016.44,1016.77,1003.04,988.39,977.56,971.08,966.60,967.42,972.88,974.60,982.96,993.98,1003.92,1000.36,990.12,981.76,978.91,983.45,992.68,994.12,987.93,989.32,997.54,999.58,994.59,995.91,1002.74,1012.57,1013.12,1008.73,997.93,988.94,986.53,984.38,982.98,980.70,975.10,978.10,986.03,992.87,996.60,996.84,991.55,987.84,984.21,981.68,978.03,973.65,968.86,966.51,965.63,964.47,970.65,979.52,977.75,972.97,968.22,970.60,972.98,976.73,973.98,964.14,954.19,949.76,941.83,933.62,928.20,927.83,925.97,929.36,930.47,930.59,925.70,916.16,905.47,893.13,877.63,854.38,846.19,851.30,871.71,888.86,890.41,874.45,871.07,873.73,864.26,861.75,853.96,847.27,846.53,835.42,829.27,825.48,822.50,819.90,818.19,816.63,815.06,813.51,814.26,821.65,835.00,867.42,890.72,884.10,864.15,847.77,840.95,846.66,863.17,860.82,853.70,849.01,869.53,892.31,907.77,918.91,922.08,918.95,921.80,937.89,956.27,959.14,960.69,973.65,975.21,955.95,938.12,937.78,948.88,956.97,940.21,921.00,903.95,891.01,903.73,915.43,911.64,911.50,922.32,933.03,937.16,946.30,940.26,939.30,947.04,955.60,962.72,972.87,980.83,983.31,988.74,998.00,1006.20,1015.18,1021.91,1020.58,1013.27,1002.53,1006.15,1017.40,1021.99,1024.24,1027.13,1032.06,1038.20,1045.24,1050.61,1055.95,1060.92,1066.35,1071.07,1074.26,1081.90,1089.92,1098.40,1106.73,1114.95,1120.73,1128.17,1142.32,1156.45,1172.99,1188.05,1196.71,1211.80,1236.14,1262.48,1281.71,1267.43,1249.04,1254.34,1257.11,1271.32,1291.58,1311.64,1306.46,1291.31,1290.47,1291.30,1273.46,1251.39,1230.48,1223.56,1236.73,1254.75
1081.79,1076.35,1079.11,1073.65,1066.69,1061.40,1050.46,1049.18,1044.20,1030.56,1019.93,1015.13,1009.58,1004.71,998.21,992.68,987.61,983.29,980.49,976.62,971.46,968.88,965.67,963.23,964.05,966.54,964.73,958.21,955.15,952.18,950.54,951.42,959.81,965.31,968.64,970.71,973.02,969.97,965.91,968.75,973.90,975.07,969.56,967.41,972.47,984.10,998.87,1008.45,1014.23,1018.66,1013.08,999.35,987.76,983.21,973.80,969.18,970.59,982.74,983.80,991.30,1002.03,1006.73,998.28,988.51,982.36,984.56,992.52,997.55,991.05,989.96,994.00,1001.06,999.65,995.41,998.30,1009.52,1016.79,1009.75,1001.27,990.58,986.67,984.71,985.38,988.29,986.74,977.28,979.65,986.78,994.45,1000.64,1000.46,996.02,991.40,988.71,987.85,982.74,977.37,971.54,971.03,971.09,970.46,971.42,970.89,968.73,967.20,969.63,977.62,980.09,979.33,973.13,961.12,949.51,943.67,938.90,941.19,939.27,944.15,943.17,942.05,937.32,927.34,916.31,905.97,895.01,885.54,875.40,855.11,847.77,853.79,872.42,887.14,894.98,888.21,888.94,888.14,881.64,872.63,856.48,854.15,857.39,842.99,833.34,828.19,824.82,821.65,819.21,817.55,816.04,814.53,814.04,820.36,826.29,844.64,886.90,900.81,881.10,853.66,838.74,839.08,846.76,842.94,843.27,851.07,873.95,895.88,914.24,912.67,908.13,902.56,910.63,929.71,943.55,944.40,954.67,969.01,970.95,956.70,934.34,920.43,937.52,942.08,929.35,914.89,898.04,890.88,901.30,904.78,904.11,919.03,939.66,955.55,959.70,964.31,960.16,958.62,961.41,968.19,976.07,976.32,976.03,977.67,986.23,995.68,1004.74,1011.88,1014.82,1008.87,998.44,1000.43,1016.35,1028.67,1034.13,1036.22,1035.90,1036.64,1043.96,1052.18,1057.00,1060.85,1065.74,1069.19,1073.27,1078.56,1085.98,1095.30,1103.06,1113.89,1127.09,1129.39,1132.58,1140.56,1152.09,1163.97,1173.18,1188.55,1214.21,1241.28,1267.28,1280.18,1263.18,1244.62,1239.33,1250.20,1273.94,1296.36,1307.87,1294.88,1278.64,1276.34,1285.05,1271.29,1250.15,1228.49,1218.56,1226.88,1242.07
1069.46,1065.27,1066.51,1063.63,1054.82,1055.18,1044.49,1037.75,1036.04,1033.36,1026.55,1020.49,1013.67,1008.43,1000.05,992.53,986.12,981.12,976.32,971.03,968.19,967.92,967.82,970.82,973.40,972.20,964.32,958.26,955.36,952.42,951.19,956.26,964.49,969.63,973.68,976.70,977.38,974.37,974.36,977.58,980.66,976.94,970.37,970.65,974.97,983.22,999.82,1012.43,1019.33,1020.26,1010.12,995.40,995.01,986.89,976.69,972.52,975.42,990.05,995.68,996.26,1007.56,1007.71,996.48,988.22,986.38,992.94,1000.23,997.69,990.53,992.87,997.35,1003.22,999.73,996.39,1000.63,1014.24,1016.71,1004.45,992.86,988.02,985.97,986.87,990.12,993.62,988.18,980.71,980.85,988.76,997.39,1005.63,1007.79,1003.89,998.87,994.07,990.92,985.48,983.15,983.05,982.79,982.71,978.49,969.95,964.67,961.48,961.63,966.10,972.01,974.42,974.51,970.86,961.26,954.71,951.30,947.90,951.13,950.27,951.24,950.44,948.18,936.90,925.77,919.67,912.49,901.03,890.08,871.71,854.34,849.30,858.21,875.37,889.55,900.62,899.79,900.43,897.55,884.86,869.40,857.08,861.83,861.41,846.39,835.42,830.00,826.47,823.27,820.33,818.50,817.08,815.51,814.49,819.45,822.50,827.60,855.49,892.56,885.85,859.42,839.53,830.46,832.44,836.56,844.71,859.68,874.55,890.35,905.52,894.34,884.11,887.10,901.54,916.06,918.26,925.95,951.47,953.06,959.41,953.68,931.60,911.87,919.94,921.46,911.00,902.66,890.57,890.02,895.26,899.59,908.35,928.18,945.74,956.65,960.26,959.30,956.99,963.88,971.60,975.81,975.32,968.16,966.09,967.18,972.47,979.54,990.19,995.43,992.39,988.02,994.54,1013.13,1026.75,1037.71,1045.66,1048.77,1049.18,1051.26,1057.97,1066.46,1075.59,1081.80,1084.42,1086.25,1086.34,1090.59,1097.36,1107.54,1120.42,1127.08,1137.51,1145.59,1147.71,1148.49,1153.16,1165.79,1169.62,1185.82,1214.02,1241.81,1268.19,1275.74,1255.88,1239.98,1234.36,1250.32,1273.64,1293.59,1298.67,1283.29,1263.80,1263.07,1274.55,1270.90,1252.39,1230.89,1215.60,1218.76,1229.27
1064.29,1058.42,1054.46,1050.31,1044.13,1046.29,1044.49,1037.35,1028.54,1026.33,1024.50,1016.99,1008.64,1004.60,1000.81,991.47,984.43,979.17,972.68,969.70,971.64,973.69,976.15,979.45,976.03,969.36,960.21,957.34,955.16,952.65,952.75,959.99,966.37,972.02,976.84,981.70,982.33,981.45,985.07,986.62,983.56,977.10,973.14,973.27,977.20,986.43,1001.98,1014.23,1022.46,1020.96,1010.14,1002.80,1001.67,986.96,977.70,974.92,978.07,989.60,1002.76,1004.27,1011.23,1006.13,995.57,990.58,991.94,999.31,1002.82,996.43,991.79,994.29,997.56,1003.81,1000.95,997.63,1001.75,1013.51,1009.96,998.88,990.18,987.39,987.29,989.65,997.75,993.99,986.79,981.34,982.13,989.63,999.00,1008.11,1011.43,1010.99,1006.94,1001.20,994.54,987.89,986.90,989.26,989.96,985.96,977.82,969.32,962.11,957.31,954.54,956.37,962.56,966.27,967.50,967.27,964.40,961.56,958.29,954.85,954.51,953.52,952.75,951.64,948.37,941.51,934.11,920.48,909.68,896.33,878.87,861.55,852.55,855.52,864.40,875.52,887.87,902.43,910.12,909.25,896.47,875.69,865.93,865.80,870.34,860.65,845.89,836.12,832.26,828.16,825.09,822.11,819.75,818.13,816.17,814.94,819.44,820.81,823.02,827.75,842.03,859.46,852.49,834.24,828.79,828.85,831.17,836.13,847.83,862.87,878.29,886.33,874.90,867.74,874.93,885.14,895.53,906.43,930.42,948.08,933.83,945.15,947.79,934.77,909.55,901.64,903.89,895.27,890.47,885.75,891.14,901.69,917.68,930.24,939.00,943.42,948.88,950.05,945.92,947.86,961.98,973.98,977.26,965.20,954.29,953.26,957.59,959.12,964.29,970.38,974.15,980.65,990.81,1004.65,1017.56,1025.05,1034.98,1045.81,1054.57,1059.86,1062.71,1069.42,1080.63,1093.43,1100.55,1101.52,1105.48,1108.49,1110.01,1115.47,1125.13,1133.11,1145.26,1149.19,1164.70,1175.11,1173.79,1164.94,1181.86,1191.39,1204.02,1219.92,1244.17,1269.81,1266.64,1245.45,1231.42,1229.19,1246.70,1264.94,1282.01,1290.00,1273.73,1252.87,1249.85,1264.18,1271.53,1255.64,1234.93,1214.31,1210.03,1218.22
1069.42,1059.94,1053.72,1046.03,1037.32,1035.71,1036.65,1033.21,1026.11,1016.66,1015.74,1011.45,1004.71,998.93,993.38,985.77,979.65,975.26,973.02,973.45,977.19,978.82,981.12,979.10,972.34,964.67,958.65,956.45,954.41,954.09,956.75,962.95,969.27,975.80,981.16,988.35,989.85,989.81,995.90,996.70,986.23,980.46,977.12,975.34,979.43,994.59,1006.61,1016.03,1024.19,1023.24,1016.15,1007.96,998.30,985.02,978.39,976.70,978.44,987.55,1003.01,1011.63,1014.33,1006.66,998.36,999.40,998.48,1003.13,1001.92,995.67,993.66,995.19,998.42,1005.50,1003.63,998.69,1002.65,1011.49,1003.48,994.28,989.20,988.28,989.93,996.66,997.84,989.87,984.33,983.91,988.76,990.26,999.85,1009.89,1011.61,1009.74,1005.83,1001.56,994.91,986.13,979.67,981.19,986.30,983.96,976.18,968.06,960.87,956.11,951.50,948.44,951.55,957.06,957.82,960.46,962.10,958.89,955.21,952.88,953.65,951.15,949.52,950.58,949.23,940.89,929.14,909.12,893.77,881.80,867.24,857.29,856.00,865.14,875.35,884.58,897.20,904.19,914.87,907.39,894.12,884.47,883.64,880.56,871.74,856.35,843.12,840.82,837.61,830.77,827.14,824.47,821.59,818.82,816.70,815.38,819.49,820.75,821.39,822.88,824.76,830.77,832.72,828.28,827.46,827.61,828.24,829.00,834.87,853.51,860.33,862.94,860.49,863.73,868.20,875.67,889.46,911.39,935.82,932.76,916.33,927.50,928.28,923.02,909.86,891.87,885.12,880.91,883.21,893.17,911.26,926.43,931.16,934.22,934.66,930.33,938.17,938.29,933.17,947.97,964.40,969.94,968.39,953.98,947.51,959.32,970.90,971.60,973.25,976.18,981.44,991.17,1004.54,1011.13,1008.97,1010.66,1023.31,1035.04,1046.81,1058.70,1063.74,1071.07,1082.26,1095.04,1105.08,1117.09,1126.75,1132.58,1135.39,1139.79,1149.84,1153.69,1162.18,1172.87,1181.07,1195.62,1198.87,1188.83,1195.87,1212.97,1228.07,1233.34,1260.60,1273.67,1261.86,1241.11,1223.96,1222.07,1236.52,1249.84,1264.63,1277.50,1265.25,1242.61,1234.46,1254.62,1269.34,1258.99,1238.95,1217.83,1205.21,1207.48
1073.43,1062.25,1052.90,1044.51,1036.15,1028.22,1025.97,1022.94,1018.90,1013.08,1007.94,1004.86,1000.01,994.89,988.62,980.59,977.58,979.62,980.29,980.18,983.31,983.52,981.82,974.75,968.07,962.44,958.09,955.56,955.30,957.30,960.68,966.68,975.76,981.86,987.91,994.31,998.51,997.85,1003.29,1003.87,994.08,985.61,979.15,977.29,981.89,999.78,1012.72,1022.20,1027.60,1023.32,1014.81,1003.82,992.68,986.94,981.24,979.52,980.83,991.86,1004.69,1014.12,1015.27,1008.10,1003.18,1006.08,1005.28,1007.53,1002.21,996.91,995.92,996.29,999.38,1007.42,1008.98,1001.47,1008.66,1010.44,999.35,992.88,989.51,990.44,997.65,1000.36,994.71,987.45,984.34,988.81,996.85,995.19,1003.91,1011.28,1009.39,1003.52,999.01,995.16,989.36,982.02,972.41,970.61,978.59,983.31,977.84,970.86,968.05,965.31,957.32,948.21,945.63,945.90,944.88,949.13,955.30,951.81,945.27,944.69,950.46,946.53,936.96,941.06,939.92,924.92,910.56,896.62,879.76,868.66,861.13,858.62,865.85,877.15,886.51,892.79,909.41,913.57,922.30,912.42,906.95,903.87,894.89,881.35,866.10,850.98,844.36,850.50,844.21,835.15,832.04,827.48,823.59,819.43,817.29,815.80,819.52,820.75,821.37,822.13,823.00,823.76,825.34,825.47,825.44,825.91,826.66,827.58,829.15,837.51,844.38,848.48,860.91,876.32,882.37,888.46,901.99,916.89,936.02,923.18,903.85,914.30,915.46,905.74,903.48,889.01,880.63,878.32,891.10,911.35,920.72,918.91,916.49,915.63,912.31,910.94,919.22,924.21,929.61,945.87,955.33,955.17,956.77,946.05,947.63,963.97,977.35,984.70,989.00,990.26,992.10,998.40,1008.24,1005.39,998.47,998.67,1010.11,1017.86,1032.80,1043.83,1048.49,1054.53,1065.83,1081.13,1097.35,1108.24,1123.64,1136.76,1145.52,1153.87,1163.31,1175.22,1184.53,1195.79,1200.57,1213.86,1222.53,1217.65,1214.52,1225.39,1245.45,1256.65,1276.59,1278.09,1256.66,1238.01,1219.88,1214.11,1223.44,1233.57,1249.38,1264.41,1256.03,1233.65,1223.50,1245.79,1265.18,1261.77,1242.14,1222.15,1204.37,1198.90
1063.70,1059.76,1054.49,1049.49,1039.81,1028.10,1021.39,1017.12,1013.61,1009.64,1004.35,1000.14,994.24,989.86,984.14,982.94,983.97,987.28,986.45,986.40,984.11,981.92,978.38,970.46,964.53,960.53,957.36,956.43,958.11,961.50,966.91,972.30,981.34,987.50,992.42,998.69,1006.07,1006.69,1010.60,1011.25,1007.26,991.76,980.98,980.17,985.44,1001.88,1015.50,1025.66,1026.46,1019.01,1009.74,1001.08,997.87,1000.91,990.16,983.87,985.70,997.42,1010.85,1018.93,1015.41,1008.45,1008.03,1011.51,1012.08,1011.77,1003.60,999.49,998.96,998.34,999.38,1006.90,1014.19,1010.25,1015.24,1007.79,997.67,993.32,991.77,997.41,1001.51,997.31,992.71,987.63,987.60,996.71,1007.86,1004.27,1006.15,1008.44,1003.48,995.20,987.12,984.28,980.67,975.30,969.01,966.35,969.53,978.45,979.26,974.16,974.94,974.33,962.48,949.58,942.34,940.10,937.05,939.25,946.96,946.74,936.56,936.53,942.77,941.03,926.03,922.38,924.55,910.58,891.56,879.65,868.73,861.99,861.93,874.04,877.48,883.57,896.37,906.53,921.06,929.83,931.92,923.63,917.10,906.50,891.15,875.54,861.12,851.74,849.10,859.02,852.72,844.07,843.88,836.09,827.22,820.99,817.99,816.47,819.78,820.75,821.51,822.46,823.43,824.21,824.46,825.14,825.84,826.22,826.50,826.87,827.44,828.74,833.28,848.25,865.10,879.93,890.94,896.96,909.96,922.40,933.66,918.37,896.56,896.88,902.00,892.38,887.87,882.43,878.11,877.17,895.48,908.15,907.17,900.39,896.33,898.06,897.64,898.99,902.66,910.53,920.72,930.62,936.80,941.88,946.87,940.58,953.26,963.43,969.20,978.97,985.80,983.02,981.49,991.81,1001.60,1000.36,989.85,991.04,999.53,1003.28,1018.18,1026.97,1028.47,1036.03,1045.55,1057.48,1075.22,1092.68,1106.74,1118.73,1132.40,1143.70,1155.18,1173.01,1186.17,1199.61,1214.93,1234.53,1244.01,1237.63,1235.76,1241.99,1255.70,1273.46,1287.63,1277.93,1252.68,1237.25,1220.72,1208.21,1213.55,1222.76,1237.99,1252.77,1243.99,1222.26,1216.85,1239.04,1259.99,1262.10,1243.88,1225.29,1206.89,1194.76
1053.83,1051.62,1050.33,1043.83,1030.77,1022.67,1017.78,1012.50,1008.92,1005.23,999.47,994.47,989.20,987.22,987.93,991.38,991.54,993.77,990.39,986.32,981.67,977.89,973.29,967.73,961.36,958.30,957.58,959.37,963.11,968.98,973.52,976.27,981.61,991.14,996.61,1002.98,1011.06,1014.35,1016.95,1020.38,1013.25,995.80,984.74,984.58,992.12,1006.81,1020.18,1027.89,1023.37,1014.26,1006.62,1002.15,1010.44,1010.44,994.85,986.51,987.29,997.90,1011.84,1019.89,1017.13,1011.64,1013.70,1017.14,1015.87,1010.48,1004.91,1001.21,1000.93,1000.65,1000.74,1005.18,1016.69,1019.40,1016.26,1004.36,996.57,994.74,997.95,1002.06,998.39,993.24,989.22,987.39,993.53,1006.68,1014.70,1014.24,1009.71,1003.84,995.41,987.74,981.17,977.43,974.06,969.84,968.81,967.49,964.39,970.74,975.87,972.13,974.26,975.88,962.76,949.81,941.22,936.20,931.82,930.78,937.55,942.54,935.94,926.61,930.58,930.67,916.61,907.24,905.54,893.06,879.40,869.53,865.03,866.33,876.30,889.54,886.69,892.57,911.13,927.87,934.83,938.79,937.98,927.30,911.99,897.02,882.64,870.71,860.78,855.58,854.15,863.14,857.92,855.82,853.85,846.50,833.77,824.42,819.86,817.13,819.93,820.89,821.85,822.81,823.78,824.74,825.37,826.28,826.85,827.19,827.52,827.73,827.82,828.03,829.32,838.62,857.14,876.33,883.30,892.55,908.89,920.80,917.32,904.70,888.53,876.85,882.87,880.33,876.28,874.86,873.35,880.46,889.79,890.81,887.48,889.19,896.93,907.31,908.60,911.50,911.93,910.16,909.31,915.42,923.50,931.06,934.85,939.99,953.34,953.69,958.18,965.17,970.76,967.03,971.32,983.70,990.83,987.44,979.30,981.03,986.19,990.85,1002.43,1009.15,1013.20,1021.48,1032.46,1043.20,1054.22,1070.13,1083.59,1098.97,1112.45,1122.45,1135.52,1154.24,1168.07,1186.58,1213.36,1242.29,1246.28,1238.76,1236.84,1238.59,1250.03,1271.76,1288.92,1282.72,1262.63,1243.26,1223.28,1207.60,1202.48,1212.63,1228.15,1241.72,1233.21,1210.84,1209.13,1232.21,1254.59,1261.76,1247.62,1230.08,1212.91,1198.03
1045.46,1041.82,1039.28,1033.43,1023.04,1016.03,1011.15,1008.03,1005.41,1001.98,997.37,991.66,991.55,994.25,995.63,995.52,997.92,1000.28,994.65,987.04,982.68,978.02,973.34,967.58,960.39,958.47,960.32,963.70,968.34,973.39,978.68,983.39,986.54,993.12,1000.80,1006.94,1014.36,1021.17,1023.07,1021.54,1010.54,997.81,987.44,986.88,994.83,1010.48,1023.28,1030.45,1024.20,1016.99,1016.40,1014.73,1020.17,1010.81,994.55,988.12,989.31,1001.07,1012.34,1020.40,1018.41,1015.73,1019.22,1020.15,1011.70,1007.75,1004.41,1002.45,1002.25,1002.05,1002.75,1006.14,1013.55,1020.55,1013.29,1001.57,996.72,998.94,1002.49,999.73,995.13,990.67,988.55,991.52,999.68,1007.55,1016.40,1016.40,1008.98,1003.00,996.07,992.94,987.89,983.88,981.79,978.53,979.06,972.75,961.12,961.79,966.64,963.46,963.81,970.06,966.99,957.52,946.32,937.46,928.82,924.44,929.80,934.28,929.82,917.00,914.66,915.33,905.75,891.44,886.82,878.77,872.01,868.00,873.43,884.17,886.87,897.82,893.84,905.49,922.91,936.89,940.32,940.68,939.77,928.90,911.57,897.76,882.06,871.25,863.30,856.37,861.76,868.51,865.85,867.26,864.63,855.77,841.35,828.83,822.29,817.67,820.14,821.20,822.13,823.10,824.07,825.07,826.21,827.53,828.14,828.42,828.46,828.60,828.68,828.55,828.72,832.07,847.58,863.25,879.28,898.59,912.39,912.63,898.65,881.41,870.95,863.91,869.56,870.15,867.44,868.39,869.63,875.11,878.38,881.36,890.50,903.98,913.49,923.32,921.92,930.61,934.99,932.41,917.77,911.13,917.07,921.96,927.09,937.88,949.67,946.57,948.09,949.49,950.67,953.50,960.94,970.55,973.75,973.86,983.75,991.25,994.96,995.85,997.76,1001.70,1007.29,1014.82,1024.12,1033.31,1043.73,1054.26,1064.00,1074.84,1088.54,1102.53,1115.47,1138.43,1163.85,1189.98,1218.07,1236.68,1227.94,1216.48,1216.32,1223.62,1242.49,1265.63,1284.31,1279.14,1261.63,1245.35,1227.26,1208.05,1195.31,1200.16,1218.31,1233.97,1227.85,1203.51,1200.28,1222.32,1246.42,1258.31,1251.38,1233.12,1215.32,1201.17
1045.26,1035.15,1029.33,1024.27,1018.20,1013.80,1008.85,1005.14,1002.79,999.49,995.85,995.90,997.34,999.86,1001.25,999.85,1004.17,1002.37,991.07,984.75,980.56,975.39,970.08,962.32,959.71,960.98,964.43,968.66,972.26,976.29,983.88,993.85,1000.32,1000.38,1009.11,1015.70,1019.29,1027.72,1029.86,1023.38,1015.26,1004.29,990.94,989.29,995.55,1010.91,1024.00,1031.83,1027.39,1021.66,1027.38,1026.30,1021.37,1008.52,995.98,991.67,994.41,1006.01,1014.93,1022.38,1020.56,1018.94,1022.48,1017.33,1009.44,1006.26,1004.65,1004.57,1004.59,1004.20,1004.65,1008.14,1014.36,1018.93,1009.67,999.49,1000.55,1003.51,999.96,996.37,993.07,991.47,990.28,999.21,1010.75,1014.56,1012.66,1006.32,1002.10,999.19,993.64,997.95,998.76,996.51,991.43,985.45,983.02,975.77,962.34,956.56,955.59,952.29,950.65,956.61,959.77,958.89,951.18,941.57,928.63,917.58,916.78,915.10,912.00,910.27,900.22,894.39,888.12,880.42,876.43,872.43,870.80,872.69,885.96,900.69,902.15,910.00,905.37,907.96,923.72,936.25,940.65,941.13,939.08,926.22,912.54,900.53,884.52,872.99,865.87,859.65,868.07,879.04,875.93,878.59,873.20,863.08,849.31,836.20,827.73,818.11,820.21,821.17,822.12,823.21,824.50,825.99,827.30,828.88,829.55,829.45,829.17,829.49,829.37,829.13,829.01,829.64,839.07,861.78,882.86,899.34,901.95,888.91,878.15,861.92,852.66,853.87,858.80,861.24,864.95,868.56,872.85,880.58,894.56,904.91,912.40,922.89,933.14,939.56,933.37,942.91,954.38,950.96,941.15,927.35,923.22,928.26,927.52,929.50,939.96,939.34,940.67,949.11,955.96,960.04,962.34,964.95,970.57,985.84,1000.64,1011.42,1017.68,1017.84,1016.63,1014.61,1016.66,1025.29,1031.45,1036.13,1043.60,1053.57,1064.19,1075.38,1086.46,1100.80,1116.41,1141.11,1168.49,1192.52,1218.29,1223.20,1206.15,1195.63,1199.50,1217.04,1239.61,1262.53,1279.82,1271.56,1249.03,1232.64,1223.23,1207.89,1192.28,1190.49,1207.75,1227.09,1226.66,1202.82,1191.72,1209.80,1232.04,1247.69,1245.09,1226.36,1207.37,1193.52
1038.81,1030.86,1026.01,1020.19,1013.74,1010.25,1007.40,1003.53,1000.90,999.52,1001.54,1005.15,1005.44,1005.13,1006.32,1007.72,1009.80,999.95,988.57,981.25,976.14,970.46,964.55,962.01,964.07,965.80,969.00,973.15,976.68,981.43,994.24,1006.44,1015.62,1010.64,1017.12,1025.60,1027.33,1032.88,1032.51,1026.59,1016.27,1003.74,995.01,992.64,995.98,1007.71,1024.83,1032.81,1031.80,1027.43,1031.96,1029.30,1018.74,1006.99,1003.46,996.18,997.48,1006.12,1013.01,1021.69,1025.09,1023.90,1020.39,1012.48,1008.51,1006.43,1007.05,1007.99,1007.58,1005.80,1006.20,1008.99,1014.57,1016.52,1007.23,1001.33,1003.50,999.67,997.13,994.59,994.79,996.15,998.87,1011.46,1019.27,1018.68,1012.99,999.82,991.52,991.31,986.88,989.95,993.84,989.93,982.01,975.68,974.10,975.69,969.04,959.83,953.13,948.25,945.66,942.51,942.75,945.54,944.49,940.15,928.80,911.82,901.17,896.68,894.23,894.54,889.24,883.39,878.97,876.93,878.05,881.98,882.06,879.82,886.60,903.98,917.74,924.41,922.09,916.93,924.85,935.98,940.95,941.57,938.90,923.26,908.56,896.24,885.32,883.69,873.80,864.39,873.19,887.18,886.83,888.34,878.65,868.11,855.36,843.06,831.05,818.51,819.98,821.33,822.75,824.32,825.87,827.44,828.32,829.54,830.14,830.08,829.79,830.05,829.88,829.56,829.52,829.74,835.81,853.90,875.65,891.77,885.79,866.66,857.59,849.79,851.79,862.59,866.00,870.05,876.52,882.48,891.28,901.98,919.94,929.34,933.69,939.49,947.91,958.90,949.48,949.45,963.42,962.35,957.60,948.03,943.37,953.18,947.18,931.72,930.97,934.51,942.95,953.89,960.01,964.97,970.28,975.23,982.56,992.65,1005.15,1021.49,1033.34,1038.38,1041.07,1039.81,1038.07,1041.18,1047.09,1054.44,1061.46,1069.91,1083.68,1096.63,1110.31,1118.94,1132.15,1157.30,1184.14,1202.03,1217.25,1207.54,1190.26,1182.34,1195.49,1214.63,1234.38,1259.10,1275.45,1263.76,1238.45,1218.77,1210.04,1201.34,1188.49,1184.41,1198.33,1219.10,1225.55,1205.51,1186.21,1199.58,1217.03,1235.21,1240.05,1222.65,1201.58,1186.26
1032.68,1026.90,1023.22,1017.65,1009.91,1007.41,1006.58,1007.63,1008.39,1007.60,1007.76,1011.58,1013.07,1012.81,1014.50,1014.43,1008.15,996.63,982.88,975.25,970.31,966.12,964.35,969.00,970.60,971.36,975.34,977.98,981.60,989.85,1000.55,1015.64,1025.75,1017.29,1020.70,1031.61,1036.07,1036.52,1031.32,1023.61,1017.56,1010.94,998.46,995.77,998.44,1008.14,1021.87,1031.82,1034.79,1031.39,1034.24,1028.08,1015.05,1011.32,1010.97,998.23,998.82,1005.34,1010.96,1019.09,1027.45,1025.55,1015.44,1009.52,1007.96,1007.59,1009.25,1011.99,1009.47,1007.10,1007.21,1010.04,1017.31,1015.24,1009.40,1005.02,999.51,997.61,996.10,996.48,998.70,1003.45,1008.96,1015.67,1015.53,1012.25,1009.27,997.28,987.90,985.00,981.64,979.50,978.49,974.27,970.07,967.04,963.73,961.55,962.94,963.79,961.25,954.89,948.08,939.82,934.41,931.50,929.04,927.19,919.80,904.82,893.96,889.40,887.62,886.24,884.23,881.53,881.52,884.96,892.30,900.68,898.56,887.82,885.23,895.67,914.74,929.27,932.16,932.02,933.25,937.82,941.20,942.22,940.44,925.99,910.74,900.79,897.95,896.01,878.00,871.46,877.71,889.25,892.64,891.29,879.03,871.17,865.04,847.67,834.42,819.23,819.80,821.84,823.76,825.59,827.27,828.84,829.37,829.52,830.25,830.54,830.33,830.49,830.31,829.79,829.80,830.35,834.97,844.93,869.18,882.75,870.17,853.92,847.14,846.82,859.66,879.49,884.83,888.82,892.63,897.40,907.22,921.67,928.95,927.06,928.51,931.87,942.25,960.64,966.51,962.72,971.05,971.46,970.62,959.85,957.54,969.96,962.03,948.52,944.15,940.98,942.11,947.93,950.41,953.34,957.14,961.91,972.22,983.47,995.45,1013.63,1028.98,1041.19,1050.84,1058.82,1060.84,1065.00,1071.50,1077.61,1084.28,1092.81,1105.09,1116.07,1125.13,1138.61,1150.34,1168.06,1193.66,1212.58,1209.87,1192.85,1176.44,1175.46,1193.67,1211.42,1230.38,1254.48,1265.56,1255.42,1240.64,1223.55,1203.81,1189.36,1181.07,1178.45,1191.98,1211.61,1221.01,1203.08,1181.67,1187.80,1207.11,1220.95,1235.38,1223.89,1202.85,1184.72
1027.35,1022.45,1018.12,1011.97,1009.67,1012.47,1013.83,1013.31,1013.36,1011.87,1012.76,1016.31,1020.37,1025.80,1025.10,1015.89,1001.18,988.15,976.89,971.20,967.15,965.47,969.02,973.06,976.01,978.96,981.99,982.85,986.82,994.38,1003.27,1019.38,1031.86,1027.26,1026.03,1034.18,1040.14,1034.91,1027.59,1024.64,1022.90,1010.67,1001.09,998.97,1006.04,1019.89,1020.07,1029.63,1036.41,1035.68,1037.01,1026.55,1013.71,1017.47,1018.19,1002.60,1004.51,1016.57,1023.82,1025.99,1030.86,1023.35,1013.45,1009.84,1009.00,1008.78,1012.41,1017.50,1011.08,1008.23,1008.29,1012.76,1021.65,1016.88,1009.48,1003.28,999.35,997.54,997.59,999.67,1007.80,1012.23,1013.12,1012.57,1009.35,1006.43,1003.73,997.13,989.29,986.30,983.95,980.74,977.08,973.21,971.66,970.73,964.12,956.44,952.43,952.52,958.46,960.86,953.71,941.82,932.15,924.25,918.42,912.05,906.46,899.00,891.89,891.30,896.92,897.53,897.08,893.85,893.10,897.00,902.15,912.10,909.05,895.75,887.12,893.31,910.20,927.52,932.69,935.47,937.94,940.17,941.94,942.76,941.15,934.02,922.16,913.55,911.39,898.53,879.16,882.98,889.32,889.73,894.43,889.67,879.45,874.60,869.14,849.84,836.54,820.77,819.50,821.37,823.47,825.56,827.68,829.56,830.08,829.91,830.42,830.92,830.96,830.95,830.59,830.10,829.94,830.65,832.96,839.78,854.56,867.27,854.33,846.12,845.54,857.72,860.71,866.98,879.83,888.31,897.07,905.77,916.44,917.73,913.41,914.41,923.72,937.26,944.40,955.71,974.40,979.29,970.46,968.19,968.69,970.37,970.43,977.96,972.29,964.11,963.56,960.96,955.08,953.15,952.90,955.88,956.80,958.12,962.33,969.99,984.36,1002.20,1016.91,1030.78,1044.39,1063.00,1075.91,1084.26,1091.86,1097.78,1104.98,1114.35,1126.07,1132.64,1142.08,1156.37,1174.89,1186.23,1203.15,1212.54,1197.21,1179.05,1165.26,1168.91,1187.37,1207.47,1225.86,1243.16,1251.48,1242.46,1229.10,1222.47,1205.37,1186.83,1176.16,1172.25,1183.90,1205.69,1216.83,1198.63,1177.29,1174.95,1193.41,1208.41,1218.85,1211.69,1194.01,1175.75
1024.31,1018.38,1015.65,1014.01,1016.30,1019.84,1018.77,1016.84,1016.06,1014.91,1017.55,1022.52,1030.22,1033.57,1027.82,1011.76,992.36,978.48,972.30,968.69,966.36,970.47,973.65,976.53,979.79,983.11,986.23,987.24,991.20,999.44,1008.48,1020.16,1035.08,1038.73,1032.78,1036.87,1039.57,1031.51,1030.06,1030.44,1019.19,1007.71,1003.70,1003.07,1013.55,1029.09,1027.26,1030.02,1038.30,1039.67,1038.60,1026.45,1016.02,1023.82,1022.18,1007.69,1009.38,1023.83,1032.51,1035.64,1033.78,1021.26,1015.25,1011.77,1010.71,1010.47,1015.13,1021.09,1013.81,1010.61,1009.61,1017.00,1026.03,1018.17,1010.18,1001.62,999.57,998.50,999.02,1005.22,1011.33,1009.86,1011.83,1012.48,1010.15,1006.93,1002.99,998.96,994.45,993.22,993.12,989.62,986.05,983.53,981.13,977.78,969.43,960.02,950.32,946.18,948.14,953.08,948.07,934.21,921.66,915.47,910.50,903.25,899.01,895.98,898.55,907.07,916.03,911.59,911.31,905.24,902.74,906.42,910.11,918.79,917.54,907.43,894.77,891.89,902.39,916.87,927.06,933.17,938.64,941.14,942.70,943.46,942.01,940.23,932.65,927.37,917.54,897.61,883.83,893.31,898.68,898.53,895.77,888.91,881.18,874.88,868.30,854.21,839.75,824.55,819.50,820.85,822.94,825.05,827.10,828.85,830.03,830.44,830.81,831.25,831.43,831.39,830.94,830.66,830.83,831.57,832.51,836.41,845.27,851.35,840.94,840.85,854.01,875.35,878.56,868.78,869.67,875.31,881.30,889.11,897.11,898.90,901.82,913.81,922.72,940.36,956.91,963.23,973.90,978.28,966.17,958.36,958.30,965.60,964.67,968.97,973.34,968.86,974.73,975.15,969.02,964.08,963.63,964.53,963.60,963.87,964.52,966.43,972.61,989.60,1007.92,1023.62,1037.28,1055.40,1074.72,1088.16,1095.42,1100.42,1106.06,1112.40,1123.08,1133.68,1150.97,1169.17,1184.20,1198.17,1211.64,1206.36,1184.94,1166.75,1157.32,1165.81,1182.59,1201.46,1217.07,1225.08,1235.89,1234.88,1212.40,1209.51,1198.55,1182.12,1170.63,1167.31,1179.02,1201.47,1214.19,1196.60,1173.72,1165.98,1177.40,1193.59,1205.57,1200.58,1180.65,1164.43
1020.04,1019.88,1023.15,1021.49,1022.06,1022.95,1021.27,1020.29,1018.22,1018.20,1023.48,1033.19,1039.27,1034.75,1024.04,1005.31,983.90,975.58,970.93,967.87,968.95,974.83,977.82,980.46,983.93,987.61,990.25,992.24,996.05,1004.56,1020.02,1027.17,1040.19,1043.70,1037.49,1042.22,1038.42,1034.83,1035.51,1027.99,1016.10,1008.54,1006.69,1007.23,1016.31,1032.71,1036.83,1033.70,1041.20,1043.83,1038.93,1026.99,1019.52,1029.85,1023.17,1008.94,1011.66,1023.95,1033.67,1039.75,1034.85,1020.97,1016.50,1013.99,1014.21,1014.80,1018.78,1023.06,1016.60,1013.91,1012.79,1023.22,1030.37,1021.82,1013.38,1005.93,1002.00,1000.36,1005.49,1011.01,1008.24,1002.86,1008.67,1012.02,1011.48,1009.40,1006.48,1003.79,1000.46,996.25,993.55,992.81,991.39,989.25,985.54,982.47,978.14,967.21,951.84,944.61,940.60,941.76,939.37,922.53,913.07,906.89,903.73,902.17,902.05,903.71,915.02,917.50,923.94,923.67,924.04,913.49,910.33,917.32,920.30,924.65,927.27,919.70,911.80,899.13,899.64,907.50,916.07,926.73,935.63,940.63,942.57,944.07,942.90,941.11,932.38,925.53,913.96,897.03,893.60,901.35,903.83,900.23,895.95,891.68,884.47,877.30,873.79,864.32,843.52,830.13,819.83,820.36,822.25,824.31,826.16,827.58,829.09,830.31,830.76,831.09,831.63,831.84,831.67,831.83,832.11,832.81,833.40,835.01,839.02,839.38,839.30,847.72,871.10,887.31,891.70,884.93,883.15,879.31,885.34,887.79,893.89,896.17,906.62,922.05,930.56,944.60,961.15,971.52,967.18,963.76,958.79,950.25,948.93,953.00,954.34,957.65,961.58,969.50,983.65,987.50,982.66,974.10,974.82,976.57,972.46,976.24,972.50,968.93,971.14,983.45,999.62,1012.84,1026.09,1044.32,1063.17,1073.37,1076.43,1079.66,1084.04,1092.64,1109.66,1127.05,1139.92,1159.80,1171.77,1192.39,1210.35,1201.04,1179.79,1161.37,1151.36,1161.66,1174.92,1192.96,1202.70,1206.49,1221.86,1227.53,1208.09,1190.98,1186.33,1174.88,1166.04,1163.44,1176.50,1198.70,1213.30,1197.81,1173.74,1159.69,1165.78,1180.33,1194.28,1189.37,1169.79,1155.47
1024.13,1027.01,1029.67,1027.51,1025.90,1025.01,1023.66,1024.23,1022.39,1025.14,1034.61,1040.41,1039.76,1030.07,1013.97,997.35,980.00,974.80,970.85,968.75,975.11,980.20,982.57,984.67,987.74,992.85,994.99,997.17,1001.71,1009.81,1026.94,1038.72,1047.05,1047.88,1043.65,1047.25,1041.99,1041.67,1036.28,1024.83,1017.14,1011.75,1010.60,1011.20,1017.81,1032.62,1041.42,1041.28,1044.41,1047.19,1040.32,1030.64,1028.92,1031.73,1018.95,1010.36,1016.30,1028.03,1037.08,1040.36,1034.54,1021.36,1017.23,1016.23,1017.95,1019.77,1024.88,1025.85,1020.16,1016.75,1015.83,1026.72,1032.15,1025.53,1017.77,1008.65,1006.43,1011.32,1016.89,1013.79,1008.29,999.55,1004.69,1009.79,1011.03,1010.00,1007.89,1005.06,1000.86,994.31,987.25,986.26,986.90,983.82,981.78,982.05,979.64,971.92,959.15,945.62,935.86,930.89,924.81,915.22,907.84,906.07,908.88,911.58,914.86,917.93,923.12,922.81,929.23,931.54,932.48,918.51,912.84,924.70,930.75,930.51,934.97,934.17,920.95,906.55,901.33,905.23,910.83,918.41,930.96,938.76,942.07,944.50,943.00,939.37,925.12,912.26,903.65,902.83,904.57,906.44,906.42,902.15,897.80,892.07,886.41,881.59,879.87,872.36,850.37,836.97,825.59,821.13,821.65,823.50,824.94,826.15,827.65,829.38,830.36,830.89,831.50,832.22,832.60,832.93,833.26,833.75,834.22,834.84,836.11,837.70,842.10,858.07,878.04,888.31,898.88,905.19,901.94,893.63,906.87,905.65,908.72,910.17,910.88,927.15,943.32,956.41,963.24,965.08,954.04,945.14,942.20,939.39,944.00,948.09,953.89,960.10,970.94,982.75,993.20,1003.49,1001.61,990.62,990.40,990.90,981.17,987.45,985.38,979.79,975.80,978.23,991.40,1008.20,1025.43,1039.08,1048.16,1052.21,1053.21,1054.74,1061.43,1077.80,1099.53,1116.10,1129.36,1145.39,1165.31,1189.90,1209.50,1197.06,1175.41,1157.01,1146.93,1154.46,1168.81,1184.92,1185.39,1189.62,1206.53,1216.79,1205.49,1181.86,1170.59,1165.17,1160.06,1159.74,1174.84,1197.02,1212.50,1201.67,1178.62,1159.62,1156.14,1168.02,1181.06,1176.77,1158.77,1148.74
1030.55,1031.12,1032.78,1031.38,1028.69,1026.84,1026.87,1028.66,1033.54,1039.66,1041.95,1041.40,1037.88,1023.24,1004.69,988.16,977.47,973.27,970.12,972.88,982.16,985.21,987.57,989.41,992.63,998.86,1000.55,1001.18,1006.33,1015.89,1030.00,1045.18,1052.26,1053.37,1052.91,1051.95,1047.79,1040.20,1029.94,1021.26,1016.54,1014.88,1014.90,1015.36,1018.56,1029.75,1037.34,1042.90,1047.87,1050.19,1045.70,1042.12,1037.25,1026.39,1015.33,1015.97,1021.13,1033.09,1039.46,1036.59,1029.05,1019.61,1017.78,1018.31,1021.46,1026.51,1032.12,1032.34,1024.77,1017.53,1018.61,1029.64,1034.40,1026.90,1019.05,1010.05,1014.12,1020.76,1016.74,1011.20,1005.40,996.91,998.70,1002.74,1005.39,1004.43,1002.58,1002.60,1001.60,995.78,984.36,976.23,974.24,973.46,972.06,974.62,974.04,966.13,956.85,946.36,933.96,922.32,914.83,909.34,908.53,912.15,919.66,922.77,923.73,923.55,925.85,930.46,935.85,937.43,938.84,923.44,916.36,927.38,933.72,935.63,938.59,939.75,922.57,910.19,905.74,908.14,910.29,915.52,927.18,937.40,942.38,945.59,943.60,938.42,926.26,914.90,908.84,915.20,915.67,913.09,910.26,908.72,906.46,899.64,891.07,886.23,884.15,878.65,862.27,843.44,833.88,825.00,821.98,822.79,823.72,824.71,825.97,827.90,829.92,830.66,831.35,832.00,832.48,832.89,833.30,833.78,834.40,835.22,836.17,837.66,843.21,857.90,869.66,879.78,894.03,906.66,910.45,901.79,917.39,923.63,923.06,927.65,924.83,937.40,949.31,948.19,950.99,953.97,943.98,933.11,932.33,940.43,953.42,959.42,961.18,968.56,974.28,988.84,998.91,1013.58,1018.86,1013.28,1011.68,1005.67,989.52,992.86,998.60,997.11,985.90,980.34,988.52,1004.71,1019.31,1031.54,1035.42,1035.59,1041.73,1053.58,1065.36,1080.18,1094.66,1111.60,1127.32,1142.63,1165.52,1189.22,1208.67,1201.18,1180.89,1160.16,1143.70,1146.14,1158.59,1171.71,1165.57,1174.89,1190.60,1206.67,1201.11,1179.98,1165.03,1157.91,1154.14,1158.22,1173.23,1192.31,1209.07,1206.11,1186.97,1167.22,1152.72,1152.56,1162.13,1160.73,1146.92,1145.70
1033.92,1033.34,1035.05,1035.42,1031.66,1031.34,1033.94,1039.07,1044.02,1043.54,1040.34,1037.90,1032.20,1017.22,998.48,981.30,976.34,972.86,973.96,983.14,989.08,989.78,991.50,993.78,996.63,1001.75,1004.80,1005.87,1009.10,1018.54,1030.72,1044.72,1054.22,1058.15,1058.75,1056.20,1048.94,1034.00,1026.31,1021.85,1019.89,1019.82,1019.44,1019.79,1020.45,1025.54,1030.07,1036.66,1045.07,1051.57,1052.44,1046.19,1035.13,1022.35,1019.31,1024.09,1027.77,1033.56,1034.67,1029.77,1022.65,1018.96,1018.98,1021.51,1027.28,1035.51,1039.59,1033.40,1022.30,1018.71,1024.85,1034.86,1038.34,1028.57,1020.21,1018.97,1022.33,1017.32,1009.32,1002.92,998.01,993.27,992.04,993.63,996.00,995.35,992.13,994.62,996.17,994.59,988.74,977.44,969.32,965.03,960.31,962.57,965.77,957.89,946.72,940.09,930.64,920.68,912.24,909.40,917.00,924.91,932.59,933.26,929.56,927.60,927.58,933.77,942.81,944.19,943.64,926.72,922.44,935.30,937.89,939.96,943.30,938.56,920.87,913.25,908.97,917.88,920.15,914.94,922.75,936.47,943.02,946.85,947.53,944.13,932.11,921.69,917.65,924.47,924.59,918.96,916.67,916.13,910.60,903.08,895.12,890.73,887.47,882.45,871.88,852.50,840.29,831.14,824.55,823.36,824.00,824.83,825.52,826.57,828.97,830.43,831.08,831.62,832.15,832.63,833.13,833.89,834.72,835.56,836.42,837.46,839.07,847.49,862.58,874.63,886.78,902.80,915.96,918.99,926.01,931.75,931.80,932.64,932.50,935.63,935.00,928.04,932.13,932.91,927.36,924.37,929.70,938.76,957.02,967.46,969.73,972.97,976.53,985.51,998.78,1014.57,1024.47,1030.75,1031.26,1019.83,1005.09,1001.24,1006.94,1009.92,998.11,986.09,986.60,999.48,1016.06,1022.92,1022.97,1035.13,1051.75,1064.91,1079.75,1094.61,1107.08,1122.48,1138.53,1148.02,1171.16,1191.39,1205.62,1194.87,1176.16,1159.21,1141.79,1136.53,1145.04,1157.70,1150.73,1160.86,1179.24,1199.01,1192.57,1174.28,1161.81,1155.08,1149.85,1154.76,1167.43,1182.24,1201.98,1207.00,1188.43,1169.83,1155.34,1144.91,1143.43,1145.46,1140.35,1144.14
1036.79,1035.52,1037.02,1039.13,1041.74,1043.51,1047.61,1046.62,1040.24,1033.75,1027.30,1024.45,1021.13,1012.86,995.61,979.19,975.39,973.43,978.41,988.78,992.86,993.69,995.13,997.47,999.63,1003.84,1007.89,1010.40,1013.31,1022.35,1035.38,1044.68,1054.41,1060.55,1059.03,1051.94,1043.74,1031.80,1026.14,1024.89,1031.21,1031.32,1025.09,1024.80,1026.69,1033.38,1037.64,1036.11,1042.20,1049.11,1051.57,1044.87,1032.83,1023.84,1024.66,1032.14,1036.76,1036.48,1029.87,1025.39,1020.86,1019.82,1024.01,1031.11,1036.83,1039.96,1039.73,1030.63,1020.29,1023.20,1032.05,1039.45,1039.92,1033.48,1027.47,1023.61,1016.50,1008.76,1004.38,1000.10,998.62,995.28,989.95,987.91,986.75,985.16,980.65,980.71,981.33,983.00,988.54,986.89,978.19,966.49,954.99,950.78,951.92,948.59,939.51,931.78,924.98,918.79,913.19,917.17,928.56,937.90,942.69,941.94,939.35,934.41,931.50,937.56,949.53,952.76,950.23,931.28,932.07,944.36,945.55,946.21,944.77,932.63,919.61,913.53,915.44,929.98,930.41,917.77,921.54,934.70,944.00,949.07,950.38,950.35,938.42,927.47,926.11,932.28,930.40,924.86,923.97,919.88,911.38,903.62,897.61,894.12,890.30,884.12,876.27,867.58,849.00,839.27,829.06,825.53,825.67,826.08,826.38,826.87,828.04,830.08,830.73,831.29,831.87,832.48,833.25,834.08,834.90,835.73,836.57,837.62,838.77,844.69,859.42,879.65,893.52,906.04,913.99,917.70,926.37,924.21,919.75,916.63,912.19,912.95,907.95,908.35,912.96,916.71,918.34,921.71,926.65,933.04,947.66,959.11,961.07,957.88,960.88,973.28,991.17,1002.39,1012.57,1024.50,1038.05,1034.99,1024.14,1016.34,1013.52,1020.70,1011.73,994.84,987.84,993.45,1005.91,1011.57,1019.36,1037.30,1052.60,1064.65,1076.65,1091.07,1103.44,1114.46,1130.75,1143.08,1157.52,1180.34,1199.34,1191.51,1167.22,1151.60,1137.55,1130.25,1136.17,1143.64,1143.37,1160.31,1180.36,1194.04,1185.80,1168.32,1157.23,1151.81,1146.50,1149.32,1158.20,1173.65,1192.24,1198.04,1181.74,1160.45,1148.93,1140.86,1136.82,1136.59,1136.71,1141.74
1039.35,1037.87,1039.18,1045.64,1048.49,1048.23,1046.03,1036.26,1026.35,1019.69,1017.15,1015.62,1014.28,1010.89,995.78,978.80,975.17,975.95,982.87,991.06,994.33,996.95,998.70,1000.91,1003.82,1007.81,1011.73,1016.15,1019.53,1024.85,1037.84,1049.57,1057.04,1061.32,1055.11,1046.26,1039.18,1031.63,1027.57,1029.15,1038.81,1038.93,1031.47,1030.45,1031.86,1036.82,1044.49,1040.37,1039.80,1045.76,1046.05,1038.80,1029.26,1028.73,1028.29,1036.32,1041.03,1035.29,1028.02,1024.63,1024.57,1026.80,1031.32,1036.57,1040.33,1040.54,1038.42,1028.74,1024.35,1030.63,1036.60,1040.02,1035.86,1025.37,1018.35,1012.39,1008.42,1007.02,1007.68,1007.47,1013.04,1009.69,1002.03,995.98,989.96,984.40,978.21,974.63,970.92,970.67,976.09,982.89,981.79,969.23,952.87,946.66,943.92,941.43,934.96,927.79,920.98,916.42,917.56,926.41,936.47,946.56,951.51,951.58,952.03,946.19,938.20,939.38,952.75,960.38,954.66,934.39,939.23,952.24,953.59,950.62,940.82,928.48,918.85,917.45,929.57,941.95,937.18,923.17,922.80,934.80,946.05,951.01,952.09,951.35,948.03,939.94,935.48,939.34,935.38,933.38,929.33,921.55,914.47,907.27,901.99,895.83,889.63,884.60,879.96,876.98,863.36,848.34,829.46,828.46,828.58,828.27,827.94,828.10,828.24,829.79,830.61,831.23,831.87,832.56,833.34,834.16,834.99,835.81,836.73,837.93,838.96,841.03,850.19,868.85,879.39,889.62,896.13,902.63,918.50,910.03,899.09,895.26,895.15,897.47,901.60,907.68,917.65,925.07,926.18,925.00,928.10,931.99,937.33,941.79,945.08,947.93,952.84,962.78,974.52,981.16,999.82,1016.48,1031.51,1042.79,1041.46,1034.23,1024.67,1029.78,1024.01,1008.57,994.91,1000.24,1010.10,1015.12,1018.74,1026.69,1037.78,1048.05,1058.16,1068.78,1082.43,1097.67,1112.19,1130.26,1148.77,1168.01,1192.90,1192.80,1173.16,1155.20,1137.74,1128.15,1130.46,1134.12,1141.20,1161.05,1178.31,1183.80,1180.38,1166.41,1153.07,1147.23,1142.36,1143.24,1149.94,1163.48,1179.51,1187.82,1175.88,1153.85,1140.19,1134.59,1132.75,1131.58,1134.66,1141.82
1041.39,1040.40,1039.22,1038.39,1035.01,1034.89,1032.55,1026.09,1019.85,1016.97,1016.04,1016.13,1015.04,1010.49,994.94,978.68,975.74,978.61,988.96,993.70,996.11,998.82,1001.75,1004.50,1007.77,1012.20,1016.35,1022.54,1030.43,1032.76,1037.13,1048.24,1056.99,1060.83,1050.49,1041.89,1036.56,1032.18,1032.28,1038.61,1045.20,1045.66,1040.53,1035.62,1039.37,1040.16,1048.44,1044.00,1043.13,1048.60,1043.22,1034.55,1029.32,1031.36,1035.15,1040.74,1038.99,1032.19,1027.87,1026.44,1028.83,1032.21,1034.36,1037.68,1040.56,1040.39,1034.57,1028.32,1030.16,1032.28,1036.70,1037.78,1028.00,1017.75,1015.45,1013.01,1011.70,1012.21,1016.44,1017.04,1020.07,1018.81,1014.19,1009.46,1003.43,994.55,985.46,978.69,970.01,965.10,964.94,973.23,978.11,969.69,953.66,945.64,940.89,936.98,932.34,925.52,919.33,916.51,922.93,929.01,937.68,951.59,960.10,960.98,956.18,949.21,943.08,943.35,953.28,962.35,954.42,939.04,945.63,957.61,958.14,946.38,934.95,925.98,918.97,927.19,944.73,949.84,938.89,926.74,926.00,936.61,948.95,952.00,953.29,952.56,951.55,950.33,946.66,947.69,948.59,945.11,933.86,924.30,917.70,912.76,908.34,897.46,892.51,888.88,884.89,883.25,873.69,859.67,841.00,833.92,831.96,830.37,829.61,829.56,829.14,829.86,830.61,831.28,831.96,832.67,833.43,834.24,835.06,835.89,837.02,838.19,839.43,845.85,849.40,858.19,866.51,873.19,879.84,890.73,904.91,897.96,887.79,894.21,899.78,902.43,907.88,910.64,920.47,935.86,940.09,933.41,933.70,936.79,939.53,947.65,950.82,954.45,958.13,961.01,966.40,977.22,997.14,1012.54,1021.55,1035.11,1050.68,1052.80,1042.33,1045.09,1035.35,1021.61,1005.74,1012.38,1027.56,1028.60,1026.50,1029.64,1042.69,1054.80,1062.63,1070.21,1076.90,1086.40,1103.36,1119.46,1142.86,1160.61,1183.08,1182.69,1170.92,1158.72,1140.78,1127.08,1126.05,1128.75,1141.77,1155.27,1164.96,1166.48,1167.39,1164.11,1152.59,1144.05,1138.88,1138.14,1143.61,1151.97,1164.70,1177.87,1168.17,1147.93,1133.21,1128.53,1128.60,1127.99,1134.03,1140.37
1043.96,1040.92,1035.54,1030.17,1028.14,1027.54,1025.33,1021.09,1018.54,1017.51,1018.95,1020.48,1019.50,1011.42,995.21,979.28,976.82,979.72,992.39,998.33,999.55,1001.58,1005.75,1008.54,1011.50,1018.23,1023.12,1027.91,1038.85,1043.52,1041.62,1047.75,1056.59,1059.89,1047.12,1040.23,1037.02,1035.14,1037.77,1048.28,1050.53,1050.32,1043.99,1038.63,1042.08,1046.09,1050.81,1046.49,1049.55,1051.43,1044.00,1034.68,1034.16,1038.06,1044.03,1041.67,1035.03,1029.99,1028.04,1028.61,1031.69,1037.18,1038.78,1038.99,1040.82,1040.54,1036.30,1031.87,1031.83,1032.71,1034.81,1035.38,1027.65,1020.64,1022.14,1021.09,1016.42,1010.53,1017.03,1019.79,1018.41,1013.06,1009.03,1007.66,1004.67,995.96,991.34,988.79,977.23,965.22,958.15,962.72,968.60,965.56,953.95,944.71,938.64,933.74,929.90,924.09,918.78,920.88,928.79,932.40,939.02,953.45,965.90,967.63,962.56,954.22,946.78,946.83,956.05,963.66,954.48,948.33,958.86,961.87,956.09,940.72,930.62,923.46,924.58,939.23,955.08,952.97,937.18,927.02,928.15,940.22,950.56,952.53,954.25,954.13,953.13,952.22,950.92,951.44,951.23,945.14,933.80,926.38,921.48,919.04,912.54,901.98,896.60,892.69,889.74,890.04,884.58,870.49,855.80,841.06,835.75,833.81,832.37,831.09,829.91,830.03,830.65,831.38,832.06,832.79,833.52,834.32,835.13,836.11,837.29,838.45,839.75,853.81,865.81,868.09,873.95,875.56,875.63,878.67,885.30,885.12,888.63,906.10,917.75,924.52,926.37,922.00,919.81,933.73,947.16,946.83,945.16,944.95,943.43,954.08,964.74,968.36,968.30,965.20,969.48,976.67,986.77,996.68,1008.18,1026.82,1048.22,1065.46,1063.59,1061.58,1051.04,1034.21,1016.89,1018.28,1037.92,1043.69,1037.69,1035.27,1048.72,1066.45,1077.39,1089.84,1099.17,1105.23,1114.41,1124.80,1142.76,1161.77,1171.90,1165.29,1157.45,1150.45,1142.59,1123.87,1122.07,1123.82,1132.88,1142.79,1148.43,1149.58,1152.44,1160.94,1154.09,1141.81,1135.66,1133.41,1136.58,1142.53,1156.12,1167.36,1158.26,1140.97,1128.11,1123.75,1122.51,1125.38,1131.10,1136.95
1047.69,1041.38,1034.36,1029.20,1026.76,1024.92,1022.93,1020.91,1018.97,1019.27,1022.12,1023.48,1021.72,1014.50,1000.10,983.21,978.92,978.92,992.70,1001.92,1003.97,1005.83,1010.21,1013.35,1016.89,1025.15,1032.99,1034.38,1042.15,1052.83,1054.96,1056.36,1061.61,1056.60,1046.23,1041.67,1039.70,1038.99,1040.99,1049.73,1051.19,1051.02,1046.35,1042.07,1046.12,1054.03,1056.28,1049.77,1053.33,1051.02,1041.68,1035.95,1040.03,1045.88,1043.37,1036.13,1030.68,1029.19,1029.16,1032.34,1037.60,1041.45,1042.27,1041.70,1041.32,1040.51,1039.32,1035.41,1032.74,1030.93,1031.67,1033.38,1031.48,1028.29,1024.29,1018.36,1014.79,1006.66,1008.99,1014.00,1012.74,1004.48,999.40,996.07,993.25,985.37,981.54,983.22,979.04,964.91,953.35,952.96,956.61,953.39,947.82,941.01,935.24,930.18,926.77,921.99,921.75,930.94,937.79,940.34,941.58,953.25,967.07,973.62,973.44,964.34,951.51,951.13,959.05,967.59,962.93,960.57,963.76,957.98,946.15,935.71,928.65,926.54,935.98,948.26,958.95,950.33,933.64,927.04,932.43,946.40,951.42,953.15,954.94,955.60,954.72,953.65,952.43,951.50,950.35,942.24,934.44,931.67,929.74,926.74,915.93,906.20,900.84,896.65,894.92,893.14,889.79,877.49,866.45,851.12,839.27,836.90,834.63,832.19,830.66,830.85,831.32,831.80,832.33,832.90,833.64,834.38,835.25,836.39,837.45,838.45,839.33,848.27,868.55,885.42,892.78,894.81,891.14,888.73,887.57,885.62,892.35,908.75,918.14,931.48,943.52,939.75,929.29,941.53,951.40,959.08,960.14,956.53,947.67,955.25,970.33,980.10,981.26,972.03,973.28,987.38,987.74,987.86,1000.98,1020.49,1040.68,1064.99,1080.99,1078.31,1064.82,1047.31,1028.95,1022.52,1043.43,1059.48,1056.99,1046.03,1046.20,1058.91,1075.83,1097.49,1111.84,1124.85,1132.51,1140.31,1151.20,1161.93,1160.23,1152.58,1144.04,1137.52,1133.25,1122.13,1117.08,1119.20,1124.85,1131.40,1138.47,1138.52,1137.28,1151.13,1151.59,1141.65,1133.43,1129.35,1130.68,1136.83,1147.00,1153.68,1146.79,1130.64,1120.73,1119.40,1118.83,1123.88,1129.89,1137.24
1047.39,1040.45,1034.83,1030.29,1028.31,1027.20,1026.04,1025.39,1022.81,1024.84,1026.42,1024.89,1022.05,1016.66,1005.32,991.65,982.84,978.98,988.58,1003.00,1007.12,1009.83,1014.61,1018.89,1022.72,1033.48,1042.80,1045.25,1045.50,1056.91,1063.99,1063.95,1058.90,1050.67,1046.00,1043.15,1042.26,1042.07,1042.47,1047.31,1050.03,1051.83,1048.12,1044.36,1048.54,1057.75,1060.26,1058.11,1054.67,1046.02,1039.61,1043.33,1049.87,1049.98,1039.98,1033.96,1031.33,1030.99,1033.82,1039.10,1042.49,1043.51,1041.22,1038.20,1036.07,1035.62,1033.93,1031.35,1031.05,1027.21,1026.41,1029.93,1030.98,1027.38,1021.57,1011.39,1009.79,1004.13,998.29,1005.26,1009.68,999.25,990.83,984.84,982.04,979.48,973.67,972.86,969.57,958.52,946.98,943.26,943.28,941.34,937.95,935.87,931.63,927.49,924.13,927.43,937.25,944.44,951.22,949.36,945.51,952.82,965.86,976.28,980.87,970.35,960.72,955.98,961.75,972.33,973.08,966.81,957.77,948.46,939.20,934.37,929.45,932.95,948.38,955.98,957.79,945.29,931.10,928.14,938.52,950.42,952.64,954.34,956.02,957.00,956.23,954.65,952.68,951.15,949.29,941.15,937.16,938.88,933.59,923.82,917.57,916.72,909.56,900.24,896.68,893.76,891.47,887.46,879.05,860.43,843.55,838.07,835.46,833.08,831.36,832.91,833.49,833.90,833.93,833.62,833.98,834.54,835.41,836.40,837.30,838.13,838.91,847.02,868.47,890.62,907.94,920.63,919.59,915.80,910.33,900.64,898.97,904.65,916.13,933.18,954.82,953.50,937.01,945.67,957.74,965.63,971.26,964.93,952.37,956.02,969.70,982.96,991.00,982.05,976.63,988.33,999.45,996.65,998.85,1013.13,1031.25,1056.51,1080.96,1091.27,1081.57,1060.87,1041.23,1029.52,1046.54,1068.16,1077.33,1067.07,1059.38,1060.62,1068.40,1093.43,1113.53,1130.94,1140.91,1154.39,1166.74,1161.66,1152.68,1146.15,1137.88,1132.71,1125.79,1118.60,1113.36,1114.27,1118.74,1123.79,1130.81,1128.90,1127.96,1140.47,1144.42,1139.97,1131.86,1126.67,1125.24,1127.18,1134.08,1138.78,1133.21,1120.14,1114.07,1113.59,1117.99,1123.69,1129.47,1137.68
1045.53,1038.33,1035.36,1035.30,1034.54,1032.64,1030.41,1031.79,1034.04,1030.64,1027.03,1024.47,1021.73,1016.85,1006.06,996.35,986.87,980.86,985.81,1002.69,1009.46,1013.56,1019.85,1028.59,1030.31,1037.60,1048.53,1055.34,1054.55,1061.26,1064.97,1058.47,1051.12,1048.00,1046.59,1045.91,1045.02,1045.09,1045.29,1045.93,1047.67,1051.53,1049.28,1045.93,1049.46,1058.33,1061.54,1060.60,1053.85,1043.99,1044.70,1049.85,1057.64,1049.41,1038.90,1035.04,1036.56,1038.34,1041.87,1044.71,1046.20,1043.01,1037.93,1029.90,1025.21,1027.05,1027.31,1024.33,1026.58,1022.45,1018.31,1023.60,1027.22,1024.21,1014.80,1003.41,1003.08,1001.56,992.49,1000.39,1006.32,1000.87,991.58,981.15,973.02,970.66,965.46,961.25,957.90,948.64,941.12,937.96,935.58,932.13,931.08,930.87,928.73,925.73,926.86,940.66,951.25,960.35,961.93,954.36,949.26,953.31,963.43,975.84,984.26,977.95,966.73,959.05,964.46,975.55,978.28,967.99,956.45,946.53,938.49,933.61,931.40,941.72,952.79,956.34,953.53,940.88,931.94,929.74,940.70,951.58,954.37,956.14,957.71,958.29,957.78,956.05,953.47,950.81,947.05,942.66,941.18,941.32,932.36,923.47,925.91,927.64,917.35,901.30,896.85,894.65,892.74,891.74,889.18,871.37,849.05,838.47,836.38,833.63,831.70,834.43,835.98,836.26,835.76,835.12,835.12,835.38,835.65,836.21,837.03,838.01,839.13,844.14,861.84,884.74,907.36,932.99,945.71,946.26,934.80,925.62,925.80,920.08,922.09,943.14,961.22,962.44,946.27,944.22,960.01,973.07,976.42,967.72,957.02,960.84,971.44,983.74,994.40,995.11,985.04,990.84,999.05,1009.44,1012.20,1012.99,1022.17,1044.22,1069.24,1088.89,1092.75,1075.82,1053.75,1038.20,1048.45,1071.31,1089.42,1088.32,1079.08,1082.97,1083.11,1093.44,1111.15,1128.88,1143.74,1165.26,1175.67,1163.49,1152.38,1146.89,1147.17,1142.03,1132.94,1120.87,1111.46,1109.02,1111.53,1115.66,1120.77,1121.13,1123.44,1131.13,1132.91,1131.17,1128.30,1125.31,1122.00,1119.68,1122.83,1127.24,1124.36,1115.61,1110.22,1112.31,1117.36,1121.92,1126.83,1137.51
1043.56,1039.24,1039.08,1045.18,1050.17,1046.98,1046.05,1044.19,1038.47,1028.95,1026.05,1023.98,1021.65,1017.49,1006.56,995.20,987.36,982.88,989.01,1005.43,1013.08,1017.54,1024.30,1036.88,1041.16,1041.31,1050.70,1060.72,1065.63,1066.42,1060.69,1054.35,1050.16,1049.17,1049.84,1048.76,1047.73,1048.26,1049.34,1049.63,1048.78,1051.41,1050.23,1047.48,1051.32,1059.83,1062.60,1060.33,1051.70,1046.26,1051.55,1052.99,1053.66,1046.85,1038.72,1039.62,1045.12,1048.30,1049.04,1049.18,1046.72,1038.47,1033.26,1032.20,1023.72,1018.59,1019.48,1019.02,1023.06,1017.78,1009.57,1017.01,1022.74,1021.13,1010.11,997.83,996.75,996.53,988.29,994.23,997.16,990.35,983.56,977.00,967.08,962.34,957.39,952.53,947.86,941.42,938.42,937.11,935.30,930.51,928.92,927.94,926.97,927.94,935.50,949.20,966.28,974.67,969.41,957.62,954.03,957.98,965.45,977.65,988.21,983.96,969.91,966.76,973.72,979.52,977.75,967.12,956.21,945.72,938.57,934.74,940.95,951.25,956.24,958.67,953.61,940.78,933.89,932.46,944.45,952.56,955.68,957.95,959.07,959.44,959.40,957.66,955.14,952.20,948.69,946.30,944.77,942.33,936.54,933.70,936.05,930.95,921.13,906.92,897.98,895.76,894.68,893.70,891.83,886.00,863.26,843.24,837.50,834.51,832.16,835.16,838.26,838.26,837.52,836.76,836.30,836.42,836.56,836.71,837.35,838.55,840.71,850.04,863.02,877.18,899.32,927.10,951.09,965.60,954.37,952.97,954.31,938.28,933.74,954.69,971.74,976.00,958.02,946.55,958.45,976.13,980.68,970.48,963.74,965.20,977.05,994.57,1005.65,1007.36,993.95,1003.03,1012.82,1024.21,1029.28,1027.09,1023.65,1034.57,1059.03,1084.68,1098.34,1088.23,1067.11,1048.52,1051.36,1074.98,1096.51,1108.26,1102.06,1105.77,1108.39,1109.08,1120.17,1134.98,1151.86,1174.88,1181.21,1167.64,1155.92,1158.96,1160.29,1148.62,1134.60,1121.77,1113.06,1108.32,1104.92,1105.33,1109.03,1109.10,1114.74,1120.89,1121.40,1122.30,1122.69,1122.32,1119.90,1115.45,1115.23,1122.04,1120.93,1110.42,1107.20,1111.36,1115.45,1119.13,1125.67,1135.38
1044.83,1045.92,1052.92,1063.58,1068.13,1063.48,1057.81,1047.91,1036.46,1028.81,1027.78,1024.68,1021.13,1015.70,1001.51,989.42,986.11,984.50,993.89,1008.83,1016.43,1024.49,1031.76,1040.61,1051.24,1051.99,1053.03,1064.18,1070.67,1064.09,1057.69,1053.86,1051.99,1051.60,1053.09,1051.61,1050.37,1050.69,1051.53,1051.75,1050.93,1053.14,1051.48,1049.23,1053.04,1061.86,1063.03,1057.17,1048.32,1051.52,1056.64,1056.26,1051.25,1043.15,1042.11,1048.65,1050.99,1051.30,1050.87,1050.39,1045.71,1035.13,1028.04,1026.02,1023.39,1014.25,1011.84,1014.56,1019.03,1010.87,1004.34,1012.51,1015.96,1012.88,1006.48,995.51,990.33,990.64,982.76,984.79,983.15,977.28,972.98,968.59,960.17,955.99,951.26,948.07,944.94,942.58,940.70,941.98,942.04,937.91,935.42,933.32,936.49,943.57,946.49,951.83,965.74,978.86,973.25,959.42,957.72,965.02,976.54,986.03,989.89,984.94,973.52,977.14,981.49,982.09,974.32,961.38,948.40,941.76,937.41,937.94,948.91,955.56,960.42,961.04,953.49,942.13,934.85,935.65,948.96,954.19,957.62,959.79,960.27,960.72,961.06,960.04,958.26,955.98,952.18,948.89,947.38,945.79,943.72,942.84,941.11,934.12,925.17,913.48,899.24,897.56,896.94,895.26,893.34,891.55,883.61,856.58,839.25,835.50,832.72,835.91,839.59,839.27,838.37,837.56,837.42,837.41,837.41,837.50,838.04,839.05,841.33,854.54,873.50,888.00,900.89,924.24,946.83,967.23,981.28,985.10,973.94,954.06,946.56,960.79,981.06,982.56,961.46,949.98,959.51,978.42,987.78,982.86,977.15,970.31,985.33,1003.84,1018.89,1016.00,1001.05,1012.16,1028.98,1042.07,1051.71,1049.34,1038.44,1033.92,1052.09,1081.41,1103.70,1102.06,1082.91,1061.70,1056.41,1075.72,1100.17,1122.11,1124.93,1125.63,1134.20,1134.47,1144.46,1156.55,1169.37,1186.53,1189.74,1171.53,1165.24,1168.98,1158.25,1142.58,1128.31,1123.08,1122.27,1116.56,1106.82,1099.20,1097.90,1099.82,1105.85,1110.72,1113.37,1118.48,1120.99,1120.64,1116.43,1111.99,1109.38,1118.41,1120.07,1106.03,1103.98,1108.84,1113.01,1116.76,1120.68,1126.14
1055.68,1063.61,1071.52,1076.60,1071.83,1060.78,1049.34,1035.17,1027.89,1026.97,1027.14,1023.05,1017.54,1006.98,993.00,989.92,987.72,986.62,996.57,1010.74,1018.46,1031.83,1042.49,1046.17,1055.20,1061.26,1059.10,1067.49,1071.16,1061.00,1057.03,1055.17,1054.21,1054.34,1056.39,1054.69,1052.77,1052.71,1053.44,1053.55,1052.76,1055.03,1054.39,1053.26,1055.94,1063.07,1061.43,1052.57,1051.63,1058.58,1061.17,1058.31,1050.15,1048.12,1050.79,1052.48,1052.41,1051.26,1049.66,1048.97,1046.71,1039.81,1031.82,1022.99,1017.12,1010.58,1003.82,1006.25,1010.67,1002.57,997.84,1002.88,1002.37,1000.16,997.11,989.98,984.42,983.93,976.60,975.44,973.63,968.68,964.12,960.52,955.86,951.54,948.90,948.29,948.63,947.47,945.56,946.59,948.32,949.64,949.16,946.14,948.20,957.17,960.89,956.07,967.06,980.71,978.11,964.28,961.78,967.00,977.13,986.52,990.05,985.23,981.01,981.40,981.22,978.51,967.58,955.54,946.78,941.43,938.64,942.83,956.62,960.24,965.60,962.30,948.81,940.33,935.45,937.72,947.67,955.68,959.63,961.20,961.94,962.26,962.36,961.57,960.65,959.54,955.67,949.85,946.26,942.40,938.56,939.27,940.07,938.19,931.22,919.56,904.17,900.95,898.46,896.64,894.90,893.16,890.73,870.63,842.63,836.09,833.09,836.11,839.93,839.43,838.53,838.34,838.54,838.62,838.51,838.31,838.64,839.37,843.91,860.01,879.24,899.81,911.90,926.73,944.11,960.77,984.16,1000.37,992.23,982.21,978.64,974.59,989.34,982.35,961.40,959.05,967.97,977.97,992.19,996.70,990.80,977.03,991.03,1013.76,1030.20,1030.08,1014.71,1022.77,1035.09,1052.63,1071.40,1076.77,1063.94,1047.22,1051.22,1077.52,1106.53,1116.69,1099.09,1078.81,1071.92,1077.45,1095.90,1120.95,1140.38,1147.53,1159.92,1164.29,1168.01,1179.14,1185.62,1195.62,1196.00,1181.41,1179.61,1169.91,1153.00,1139.51,1136.52,1137.18,1137.67,1126.79,1116.35,1110.68,1098.59,1093.71,1096.93,1102.23,1109.19,1117.95,1122.25,1119.73,1111.26,1107.73,1105.81,1116.03,1118.97,1102.90,1101.24,1105.69,1111.06,1113.77,1116.37,1118.87
1073.77,1079.73,1083.13,1076.16,1064.60,1048.66,1031.37,1014.23,1007.61,1007.49,1006.23,1003.86,1001.65,996.69,996.75,997.40,991.25,990.31,997.10,1010.16,1022.05,1036.62,1050.06,1056.22,1057.86,1065.96,1067.67,1070.29,1070.98,1060.85,1058.27,1057.41,1056.50,1057.24,1059.64,1057.50,1055.12,1054.76,1055.38,1055.35,1054.55,1056.01,1057.69,1058.63,1060.90,1064.57,1058.79,1053.24,1060.32,1064.18,1063.35,1058.16,1052.65,1055.15,1054.82,1053.47,1051.44,1049.12,1043.62,1042.63,1044.43,1040.79,1034.82,1027.55,1020.97,1014.63,1004.86,996.74,1000.52,994.42,988.56,989.36,988.63,985.40,981.21,977.63,975.84,975.00,970.46,968.71,966.72,961.53,958.33,956.35,953.39,950.69,949.52,951.30,952.51,952.08,951.21,953.68,960.21,961.73,960.33,955.74,955.39,964.41,971.72,963.40,975.08,986.53,983.70,968.86,968.46,971.29,976.98,985.81,990.08,987.42,982.73,978.13,974.00,967.26,954.16,947.91,944.72,942.78,943.65,953.19,963.26,967.66,969.86,964.25,948.45,940.86,936.22,938.93,947.95,959.42,961.31,962.42,963.43,963.78,963.69,962.84,961.82,960.62,954.61,944.56,941.48,935.18,927.61,927.13,931.36,939.37,932.21,921.55,910.78,904.91,899.98,897.85,895.93,893.80,891.51,876.56,845.58,836.45,833.44,836.71,840.09,839.57,838.90,839.20,839.57,839.67,839.24,838.78,838.85,839.69,847.72,861.55,881.00,892.47,908.29,929.98,948.00,961.02,979.10,998.64,1011.54,1011.66,1011.30,1001.16,1001.05,985.45,966.38,970.52,983.83,986.49,998.99,1010.86,1006.60,993.08,992.38,1010.75,1031.30,1040.56,1032.96,1033.20,1043.13,1053.75,1072.28,1093.41,1091.24,1071.28,1061.56,1077.12,1108.41,1130.31,1116.02,1101.43,1097.67,1096.45,1104.51,1120.67,1143.49,1163.00,1174.16,1179.83,1180.39,1177.94,1175.25,1182.13,1191.55,1195.45,1193.07,1173.94,1155.85,1146.90,1151.80,1153.99,1149.53,1136.50,1131.54,1127.59,1114.16,1096.42,1088.00,1092.30,1102.99,1113.19,1120.13,1116.53,1106.13,1102.42,1100.86,1112.67,1114.12,1099.94,1097.96,1102.25,1107.12,1109.46,1112.83,1116.49
1088.37,1089.29,1078.66,1064.38,1053.29,1036.35,1020.13,1008.90,1010.67,1013.58,1011.09,1004.70,1002.21,1002.68,1006.41,1004.17,993.78,990.64,999.13,1015.64,1026.23,1039.34,1053.24,1065.08,1068.95,1070.63,1075.32,1076.16,1073.77,1064.94,1061.02,1059.74,1058.93,1059.33,1062.17,1059.10,1057.15,1056.93,1057.26,1057.19,1056.29,1057.18,1059.34,1062.33,1066.85,1066.33,1058.76,1061.76,1067.76,1067.60,1064.42,1061.11,1059.03,1055.00,1050.52,1048.69,1046.31,1040.88,1034.92,1035.48,1039.36,1038.84,1031.04,1024.75,1015.96,1008.43,999.18,987.23,985.13,982.49,979.60,979.25,977.58,973.11,970.36,969.46,969.09,968.41,966.81,965.00,963.27,959.97,957.48,956.39,956.79,956.71,956.40,957.42,955.78,956.51,959.55,965.31,970.26,975.43,972.83,964.02,960.73,966.57,978.17,971.45,978.37,988.98,984.13,970.38,975.71,982.60,981.88,988.56,990.17,988.97,982.14,970.87,962.72,957.81,951.16,947.08,946.22,947.71,953.80,964.55,969.43,968.12,968.29,962.44,949.09,942.17,937.43,940.06,948.35,961.09,962.65,963.65,964.72,965.16,964.27,963.31,962.18,959.51,951.17,936.98,930.10,925.61,918.84,917.17,923.93,929.57,928.39,920.35,910.65,905.60,901.21,898.45,895.57,892.96,890.44,875.01,847.03,836.89,833.80,837.38,840.29,839.83,839.38,839.76,840.28,840.14,839.64,839.50,839.08,839.75,856.16,867.50,877.30,888.90,902.49,927.64,951.87,969.04,980.46,996.96,1012.69,1016.79,1018.40,1020.01,1013.42,993.54,974.95,981.10,998.87,1002.96,1015.37,1028.10,1023.01,1012.10,1003.22,1007.85,1029.64,1045.16,1055.65,1050.73,1053.62,1069.83,1078.88,1100.02,1112.16,1100.90,1087.23,1087.49,1110.84,1139.62,1140.88,1133.11,1127.76,1124.85,1125.27,1136.83,1150.56,1168.02,1169.63,1166.03,1163.43,1160.31,1159.64,1168.34,1181.44,1195.37,1199.46,1186.20,1169.04,1160.91,1170.51,1166.31,1155.16,1144.08,1136.44,1128.18,1118.68,1100.44,1086.08,1086.71,1094.64,1106.65,1113.38,1110.14,1100.68,1096.48,1097.39,1108.26,1104.52,1095.04,1096.00,1100.44,1103.91,1107.40,1110.53,1114.65
