1765.21,1766.63,1782.79,1801.11,1820.16,1835.94,1849.26,1862.60,1875.92,1888.61,1903.33,1914.51,1919.74,1915.63,1914.71,1918.07,1920.62,1921.21,1917.28,1919.37,1928.26,1935.53,1936.77,1934.80,1930.99,1928.17,1925.09,1921.53,1915.44,1905.72,1897.15,1890.88,1883.63,1879.29,1874.68,1868.55,1860.03,1851.82,1842.13,1832.26,1826.15,1823.33,1825.87,1829.88,1837.64,1841.90,1844.28,1845.63,1845.46,1843.80,1841.71,1839.61,1836.31,1831.97,1827.37,1822.72,1816.29,1806.93,1798.45,1795.10,1792.51,1790.97,1790.10,1791.20,1793.25,1793.75,1791.07,1783.25,1766.48,1744.53,1738.53,1757.21,1767.24,1768.80,1763.04,1761.62,1758.58,1750.06,1739.91,1727.90,1713.45,1694.91,1672.30,1649.08,1636.92,1638.84,1636.01,1628.17,1613.40,1600.17,1602.33,1613.24,1620.12,1626.46,1630.58,1620.19,1604.79,1588.23,1571.31,1557.99,1552.12,1551.25,1551.73,1551.84,1552.00,1552.30,1552.71,1552.77,1551.80,1548.00,1545.93,1547.93,1543.59,1538.37,1536.78,1530.75,1524.43,1516.72,1505.92,1500.10,1501.29,1502.47,1499.85,1493.94,1487.24,1480.40,1472.78,1462.17,1448.95,1428.22,1404.60,1398.25,1392.98,1380.97,1368.71,1355.40,1341.94,1333.74,1321.29,1307.54,1294.22,1279.58,1266.86,1256.18,1248.80,1244.04,1238.14,1226.61,1213.08,1196.77,1181.88,1168.58,1158.57,1146.32,1132.11,1116.70,1102.20,1094.33,1088.63,1082.89,1075.49,1069.74,1063.40,1055.45,1049.79,1043.14,1034.36,1028.18,1025.54,1020.68,1014.67,1008.64,1003.47,996.91,988.31,983.21,979.12,975.92,971.93,968.76,965.47,962.23,959.13,956.23,953.97,951.77,949.29,946.89,944.40,941.95,939.79,939.82,943.12,944.27,940.44,933.95,928.96,924.40,919.08,921.54,927.28,924.32,911.34,896.22,886.54,881.13,880.73,885.31,887.07,884.49,875.43,867.75,869.86,878.57,886.42,893.32,909.34,919.03,924.91,927.06,924.01,919.20,912.99,904.70,888.32,872.29,859.19,850.13,841.85,831.51,823.26,812.88,809.00,813.67,816.62,814.57,807.15,801.26,799.83,799.48,800.21,800.26,803.30,809.32,820.72,820.16,819.44,816.14,812.82,815.18,818.12,819.16,820.35,821.85,827.02,837.10
1772.61,1770.25,1783.91,1801.57,1822.35,1838.17,1852.24,1867.23,1881.25,1894.41,1907.80,1920.57,1931.49,1933.40,1929.52,1931.63,1937.59,1941.23,1939.50,1940.09,1943.78,1943.79,1941.09,1937.98,1933.88,1929.73,1925.63,1921.44,1914.22,1903.17,1895.21,1888.39,1878.01,1871.59,1868.38,1860.78,1855.20,1849.34,1841.68,1831.93,1822.46,1821.71,1825.88,1831.06,1839.05,1842.27,1844.49,1845.37,1844.94,1842.22,1839.73,1837.41,1834.61,1830.98,1826.53,1821.88,1814.38,1803.05,1796.80,1791.98,1788.82,1786.61,1784.84,1784.05,1784.70,1784.55,1782.78,1777.25,1761.94,1742.17,1750.18,1765.09,1772.67,1775.08,1773.64,1772.84,1767.90,1758.26,1746.93,1731.82,1710.25,1690.37,1668.24,1653.38,1659.28,1662.14,1656.97,1645.40,1628.04,1614.83,1618.48,1629.08,1634.29,1636.12,1632.24,1616.04,1603.05,1591.88,1582.28,1574.18,1571.82,1571.63,1571.96,1572.14,1572.49,1573.26,1573.69,1574.00,1573.66,1570.58,1564.93,1565.14,1560.31,1551.15,1544.99,1536.78,1525.37,1514.02,1500.49,1492.76,1493.77,1495.51,1494.53,1491.52,1485.81,1478.65,1470.27,1459.02,1444.48,1421.41,1395.62,1381.92,1370.78,1361.99,1355.64,1345.90,1338.70,1329.75,1322.70,1313.56,1301.95,1287.60,1273.82,1263.19,1253.13,1247.81,1240.26,1228.41,1217.07,1199.78,1184.41,1165.11,1152.35,1145.23,1136.29,1119.00,1104.18,1095.82,1091.54,1085.05,1076.53,1067.56,1058.93,1052.31,1047.40,1041.71,1037.00,1033.26,1028.74,1022.10,1016.16,1010.75,1005.00,998.45,991.09,985.85,981.22,977.20,972.52,969.11,965.93,962.85,960.17,957.81,955.80,955.19,953.50,950.29,947.29,944.12,942.07,944.58,948.94,949.68,939.92,929.63,926.50,923.27,922.54,927.53,932.05,927.63,915.67,906.13,899.41,892.77,892.99,900.58,898.88,895.76,885.35,868.24,866.99,873.28,880.91,886.48,896.85,910.91,925.31,932.44,933.00,927.73,920.38,911.36,895.80,878.34,864.85,857.59,846.64,832.90,824.13,812.81,806.94,809.01,810.09,813.02,806.50,800.00,798.79,798.68,798.89,799.21,801.98,807.32,813.73,813.79,810.67,809.21,811.73,815.07,816.77,815.68,815.52,816.99,820.99,829.02
1782.16,1776.29,1785.82,1803.52,1822.63,1837.70,1851.82,1866.28,1881.58,1895.39,1907.82,1920.37,1932.82,1941.41,1946.27,1948.21,1951.80,1953.63,1952.17,1950.92,1950.29,1947.10,1943.10,1939.22,1933.89,1928.51,1924.22,1919.53,1909.62,1901.37,1893.14,1885.97,1874.70,1865.16,1861.83,1857.63,1851.36,1845.09,1838.20,1828.76,1820.04,1820.58,1825.21,1831.09,1839.21,1842.36,1844.56,1845.64,1844.75,1840.74,1837.36,1834.88,1832.41,1829.23,1824.68,1819.48,1810.88,1802.52,1796.70,1790.87,1786.95,1786.51,1787.54,1787.59,1782.79,1774.70,1767.87,1766.99,1756.67,1743.03,1757.14,1770.42,1776.42,1779.70,1780.60,1779.76,1772.89,1762.23,1746.72,1726.43,1702.53,1683.74,1673.23,1672.89,1682.95,1684.09,1676.05,1661.24,1648.34,1631.23,1634.38,1644.39,1648.03,1645.21,1632.70,1621.12,1613.81,1609.64,1604.61,1598.41,1595.83,1595.14,1594.27,1594.97,1595.97,1595.45,1594.16,1593.97,1592.05,1587.48,1579.14,1573.29,1566.43,1557.78,1546.53,1535.67,1523.18,1509.64,1497.06,1484.69,1481.60,1482.05,1481.88,1481.89,1478.71,1472.15,1463.54,1452.93,1439.21,1414.80,1393.67,1375.06,1356.99,1349.70,1343.28,1331.95,1324.55,1320.04,1317.43,1315.81,1310.74,1298.27,1284.88,1273.51,1261.56,1249.70,1237.02,1225.80,1216.64,1201.17,1187.28,1173.41,1162.15,1153.36,1138.92,1120.31,1116.97,1117.09,1112.63,1104.20,1092.37,1080.20,1068.63,1060.24,1054.13,1047.97,1040.19,1033.93,1029.35,1022.51,1016.36,1010.64,1004.38,997.65,990.55,985.86,981.59,977.52,974.18,970.49,967.12,964.38,962.00,959.25,957.64,957.15,955.49,952.58,949.07,946.17,945.43,948.27,953.87,954.36,939.64,928.93,926.46,926.22,929.24,935.63,936.58,930.13,920.81,916.05,911.52,903.98,906.65,911.35,908.12,901.78,885.47,866.55,866.39,871.19,877.55,883.79,892.51,911.68,926.07,935.64,939.79,935.98,928.06,917.48,901.65,885.33,873.94,864.68,850.58,837.10,827.56,818.85,806.50,804.13,803.47,808.86,805.92,798.96,797.85,797.63,797.98,798.97,801.01,805.48,808.06,806.66,803.79,807.82,812.30,815.04,814.61,812.37,811.00,812.63,816.17,821.63
1794.43,1786.58,1789.23,1806.93,1822.02,1836.31,1849.69,1863.88,1879.40,1894.48,1906.33,1918.20,1930.17,1940.66,1949.11,1952.57,1955.41,1955.55,1953.74,1951.74,1948.63,1945.06,1942.52,1938.55,1932.06,1924.42,1919.82,1913.83,1904.63,1897.12,1889.70,1883.52,1872.41,1862.43,1854.07,1849.74,1845.50,1839.84,1833.13,1823.25,1818.34,1820.33,1824.88,1829.94,1838.16,1841.88,1843.89,1845.12,1843.70,1838.84,1834.68,1832.18,1830.08,1827.61,1822.87,1815.75,1807.12,1801.14,1796.70,1791.42,1788.03,1790.59,1793.18,1793.63,1788.22,1776.80,1764.26,1757.01,1751.08,1746.67,1758.09,1769.72,1777.91,1782.49,1783.36,1780.77,1772.53,1761.51,1745.53,1723.62,1703.69,1699.72,1696.35,1691.77,1697.04,1696.59,1688.39,1675.06,1661.92,1646.32,1651.21,1658.61,1659.58,1654.85,1640.74,1632.23,1629.19,1624.97,1621.92,1619.12,1617.36,1616.79,1616.56,1617.06,1618.13,1617.25,1614.55,1609.53,1601.25,1592.46,1581.51,1571.05,1563.47,1554.27,1541.37,1528.59,1516.56,1504.08,1492.34,1479.46,1469.06,1470.26,1469.55,1465.91,1461.16,1457.06,1451.58,1443.83,1431.78,1411.22,1392.03,1371.72,1353.32,1336.85,1321.33,1310.46,1306.15,1305.21,1307.14,1311.76,1312.07,1302.35,1289.71,1277.83,1265.01,1251.45,1236.60,1222.60,1210.02,1196.11,1184.50,1171.30,1160.00,1149.90,1136.58,1131.36,1128.45,1122.59,1116.39,1106.89,1095.16,1082.93,1069.54,1060.14,1053.36,1045.46,1037.26,1031.15,1025.24,1019.65,1014.07,1009.74,1002.80,995.79,989.95,986.51,983.11,980.06,978.18,973.14,968.63,965.98,963.31,960.99,959.76,958.42,956.47,953.97,950.53,949.06,949.40,950.93,955.85,959.49,946.65,934.02,928.99,930.86,938.29,944.08,940.17,933.62,931.45,925.66,916.87,909.57,916.24,919.54,915.05,905.29,889.97,868.12,865.75,871.49,876.85,883.23,894.31,913.01,924.79,934.47,941.14,940.76,935.14,925.30,909.07,895.43,880.37,864.89,851.44,840.52,832.00,824.54,815.64,805.42,800.93,802.39,806.18,798.79,796.90,796.35,797.01,798.29,799.81,803.17,804.68,801.46,800.01,809.04,812.54,814.35,812.64,810.36,808.27,808.90,811.81,816.53
1805.69,1796.02,1793.55,1810.82,1821.80,1834.83,1847.45,1861.33,1876.78,1892.92,1904.63,1915.79,1926.49,1937.12,1945.98,1950.05,1950.38,1948.63,1949.06,1947.09,1944.01,1941.24,1938.97,1934.51,1929.39,1919.86,1914.05,1907.47,1896.86,1888.37,1883.39,1879.14,1872.10,1863.56,1853.67,1845.14,1838.63,1833.30,1826.86,1819.33,1817.20,1820.03,1824.02,1828.34,1835.23,1840.48,1842.05,1842.38,1840.53,1836.27,1831.93,1829.14,1827.74,1825.87,1821.11,1811.38,1803.61,1798.51,1795.15,1791.15,1789.69,1794.66,1798.53,1797.81,1789.88,1780.99,1769.55,1760.40,1756.94,1758.19,1759.59,1770.95,1778.79,1783.79,1784.82,1780.04,1770.46,1760.59,1746.73,1726.60,1714.90,1718.40,1712.44,1705.84,1710.12,1707.97,1701.74,1688.44,1676.00,1664.99,1671.79,1673.92,1672.53,1667.94,1657.39,1650.32,1646.04,1642.82,1640.59,1639.09,1639.07,1639.53,1640.44,1640.05,1636.66,1630.86,1621.39,1609.73,1596.41,1584.83,1572.64,1561.72,1553.15,1543.99,1529.15,1517.04,1506.16,1496.05,1485.95,1474.82,1460.23,1454.14,1454.31,1450.25,1443.25,1439.51,1437.41,1432.37,1424.23,1410.74,1391.06,1369.98,1356.53,1345.07,1324.54,1308.71,1294.02,1288.31,1291.07,1303.03,1307.60,1299.54,1290.84,1280.88,1269.94,1259.25,1243.26,1227.05,1212.73,1196.29,1187.50,1178.70,1163.43,1153.08,1149.13,1143.34,1129.51,1117.60,1108.04,1097.44,1087.62,1078.13,1067.88,1059.86,1052.32,1045.49,1038.83,1030.87,1021.78,1015.63,1009.54,1005.26,1000.26,992.55,986.42,981.72,980.09,980.41,979.60,976.20,970.81,967.85,966.05,964.10,961.98,959.36,957.19,955.16,952.97,953.58,955.36,953.74,955.32,960.97,957.37,944.56,939.04,942.11,948.98,950.25,943.11,940.59,940.98,935.09,921.78,916.26,924.66,926.78,917.98,903.88,889.01,870.43,864.00,870.78,876.34,882.97,892.03,905.58,918.47,930.33,940.32,942.88,940.14,932.12,915.89,900.59,883.25,864.38,854.98,852.17,842.91,829.41,822.08,808.11,799.37,798.60,801.49,798.21,796.04,794.89,795.69,796.73,798.50,800.72,801.27,798.45,801.51,810.33,812.48,813.35,812.15,810.43,807.92,805.67,807.99,811.88
1811.71,1800.95,1798.70,1813.30,1822.77,1834.27,1845.85,1859.13,1874.79,1891.23,1903.47,1914.22,1923.00,1931.30,1938.85,1941.29,1941.25,1941.13,1942.21,1939.15,1936.06,1934.57,1930.88,1927.65,1925.26,1919.36,1910.97,1901.73,1890.92,1883.00,1876.80,1873.24,1868.52,1860.93,1853.40,1845.85,1837.92,1829.05,1822.84,1817.95,1815.71,1818.43,1822.61,1826.78,1831.51,1837.00,1839.25,1838.86,1836.48,1832.67,1829.11,1826.75,1825.03,1823.05,1818.83,1811.88,1801.15,1797.71,1795.83,1794.59,1794.36,1798.57,1800.92,1799.54,1794.17,1788.53,1782.63,1776.38,1774.39,1771.30,1766.95,1774.70,1782.13,1786.54,1786.88,1780.20,1770.63,1760.59,1746.30,1735.46,1737.13,1738.52,1730.56,1720.13,1723.08,1719.16,1709.65,1701.77,1691.40,1685.64,1689.82,1691.37,1690.05,1685.28,1676.79,1667.09,1663.04,1661.30,1660.19,1659.75,1659.39,1658.29,1657.64,1652.79,1644.09,1630.95,1615.72,1600.43,1583.84,1570.34,1557.17,1546.26,1540.06,1532.18,1518.44,1505.16,1495.45,1486.91,1477.98,1469.26,1456.13,1441.84,1436.81,1434.51,1427.71,1425.92,1425.97,1422.20,1414.11,1407.28,1395.71,1379.45,1368.30,1354.06,1333.94,1316.24,1300.36,1279.37,1277.52,1291.76,1298.54,1295.38,1289.61,1281.46,1273.27,1263.24,1248.69,1233.96,1217.62,1206.22,1206.22,1199.20,1182.46,1172.41,1162.15,1146.88,1135.97,1130.76,1120.63,1104.13,1092.59,1085.54,1079.75,1068.27,1057.22,1049.77,1041.30,1032.89,1025.73,1019.25,1011.52,1004.03,994.08,985.75,978.63,970.88,966.95,965.68,967.57,970.03,972.16,970.51,967.59,964.13,962.31,959.64,957.57,955.82,955.48,958.33,959.03,956.16,956.23,961.37,963.83,956.43,954.37,956.74,957.01,953.90,948.63,948.83,947.65,939.95,925.66,926.11,931.22,930.37,921.18,907.01,888.14,867.95,860.26,867.76,874.90,882.58,896.58,912.43,922.63,933.47,940.35,942.80,941.13,934.72,920.20,903.71,886.09,868.56,866.35,864.00,855.10,837.15,825.37,809.82,797.42,795.89,797.09,796.41,794.29,793.38,793.73,794.89,796.02,797.29,796.53,795.73,802.63,810.04,811.30,811.66,811.75,810.62,807.47,803.65,805.10,808.65
1815.52,1807.47,1802.42,1814.10,1824.62,1835.27,1846.70,1858.84,1874.14,1889.68,1902.30,1913.30,1920.99,1926.93,1931.65,1933.06,1931.32,1931.07,1932.84,1931.89,1929.04,1926.83,1925.37,1922.36,1919.91,1915.70,1908.67,1900.18,1889.56,1881.23,1873.01,1866.55,1862.40,1855.53,1848.63,1843.10,1836.55,1828.04,1820.86,1816.59,1814.93,1816.77,1821.23,1825.32,1828.90,1832.30,1834.30,1833.99,1831.86,1829.16,1826.72,1824.13,1821.71,1819.56,1815.84,1809.69,1801.25,1801.37,1801.36,1802.05,1800.31,1801.05,1801.80,1799.45,1795.17,1792.14,1790.93,1788.76,1785.43,1778.40,1775.48,1780.41,1787.51,1791.36,1791.27,1784.36,1772.09,1761.21,1754.09,1751.60,1752.29,1752.59,1746.80,1737.64,1740.67,1735.59,1724.27,1713.84,1705.79,1705.62,1709.06,1710.20,1709.19,1704.63,1696.04,1686.91,1682.34,1679.50,1677.04,1674.31,1671.95,1667.92,1662.37,1652.86,1639.65,1620.80,1604.98,1588.49,1570.29,1556.47,1543.36,1534.07,1528.06,1520.44,1510.35,1500.18,1486.60,1475.26,1465.33,1459.57,1448.40,1433.33,1418.61,1416.20,1411.23,1407.61,1410.05,1407.24,1399.28,1393.90,1390.63,1383.00,1373.96,1357.16,1337.81,1318.87,1302.09,1279.11,1268.05,1279.42,1289.35,1288.82,1285.30,1279.43,1273.59,1266.30,1255.77,1237.89,1222.89,1220.98,1219.48,1209.79,1199.16,1186.65,1168.10,1157.79,1155.06,1149.66,1137.07,1123.50,1108.84,1094.13,1081.13,1066.36,1055.98,1048.40,1039.58,1031.44,1025.41,1019.64,1012.08,1003.38,989.10,980.44,973.67,971.56,968.02,962.41,957.75,956.77,959.51,963.17,961.98,959.23,958.50,956.76,956.50,956.21,957.03,958.66,958.19,955.63,955.88,963.01,968.38,964.50,962.55,962.39,961.39,957.53,952.88,952.05,950.58,941.95,933.87,934.54,933.16,929.97,921.62,906.03,888.81,868.69,857.71,862.39,871.44,880.34,893.60,911.38,926.88,937.25,941.02,937.71,935.21,930.65,921.77,908.18,892.93,879.54,873.73,868.07,861.63,848.78,830.53,811.63,798.07,793.07,793.06,793.52,792.50,791.89,791.62,791.36,792.54,794.06,791.94,794.37,799.92,803.49,806.82,808.46,809.78,809.46,805.86,801.58,801.44,804.77
1817.94,1814.23,1810.99,1814.85,1826.37,1837.97,1850.23,1860.52,1875.01,1888.93,1901.45,1911.55,1918.00,1922.33,1924.62,1924.94,1922.47,1920.86,1921.92,1922.58,1921.75,1919.66,1919.02,1917.30,1914.10,1910.20,1905.20,1898.22,1887.60,1877.67,1868.49,1859.87,1854.33,1848.28,1842.74,1836.96,1831.74,1824.49,1818.39,1815.35,1814.85,1815.65,1819.72,1823.74,1826.51,1828.28,1828.98,1828.92,1827.63,1825.99,1824.20,1821.47,1818.45,1816.03,1812.29,1806.76,1807.65,1809.54,1807.84,1805.75,1803.41,1803.06,1801.89,1798.60,1793.96,1793.40,1793.03,1792.26,1789.92,1784.03,1784.65,1788.91,1794.27,1796.47,1796.12,1791.43,1778.88,1771.89,1766.32,1764.45,1763.12,1762.71,1758.85,1753.35,1754.36,1750.95,1742.96,1730.17,1720.29,1722.16,1723.99,1724.78,1724.65,1720.76,1712.39,1705.46,1697.04,1688.79,1681.88,1675.91,1671.90,1666.95,1658.98,1646.80,1629.45,1611.68,1595.00,1575.48,1559.43,1544.66,1533.00,1521.00,1512.35,1508.03,1503.04,1496.94,1485.52,1466.97,1452.20,1442.65,1434.30,1420.23,1401.23,1392.75,1389.71,1387.97,1389.92,1389.93,1385.09,1377.70,1378.13,1377.34,1372.02,1357.93,1339.53,1318.70,1299.60,1276.71,1257.45,1266.08,1277.63,1277.99,1274.01,1272.09,1267.28,1263.05,1255.40,1242.44,1231.66,1226.66,1222.01,1213.20,1203.54,1194.45,1184.79,1180.15,1177.17,1166.83,1149.78,1133.02,1115.79,1094.47,1075.34,1059.01,1049.78,1043.30,1035.80,1028.84,1023.60,1017.90,1010.51,999.25,985.58,979.85,979.84,978.89,974.53,968.95,960.40,954.72,951.03,951.75,952.80,950.64,950.41,949.80,952.89,956.09,957.36,957.12,955.64,954.49,955.92,965.52,970.61,968.30,965.74,963.79,961.82,958.22,952.41,950.17,949.66,945.69,941.18,936.25,928.38,921.94,915.69,904.29,892.35,876.70,858.76,856.61,865.06,875.88,889.30,904.10,920.51,931.63,936.75,929.72,922.52,917.13,915.39,907.48,893.70,877.75,870.87,866.55,863.09,856.99,839.95,813.56,798.42,791.39,790.43,790.79,791.02,791.01,790.54,789.53,789.67,790.89,789.25,793.43,795.99,796.85,798.67,799.92,801.03,802.49,801.83,798.38,797.84,801.85
1817.95,1819.65,1822.74,1818.47,1827.42,1841.09,1853.31,1863.08,1876.57,1889.15,1901.11,1908.46,1913.13,1915.69,1916.43,1914.57,1909.47,1907.22,1908.62,1911.77,1913.41,1912.08,1911.31,1910.81,1908.51,1905.13,1901.01,1894.48,1885.26,1875.75,1866.71,1857.12,1848.39,1843.00,1837.87,1831.54,1826.21,1820.89,1816.25,1814.86,1814.80,1815.31,1818.36,1821.42,1823.79,1824.62,1823.94,1824.17,1824.12,1824.01,1823.84,1821.09,1816.72,1812.83,1809.18,1809.05,1812.96,1812.51,1809.43,1806.45,1804.34,1802.81,1800.35,1793.98,1791.10,1792.90,1792.82,1792.99,1792.36,1791.50,1794.53,1798.43,1801.48,1802.60,1802.04,1798.61,1789.40,1782.92,1779.44,1778.65,1778.04,1777.34,1774.26,1771.49,1771.80,1767.60,1756.67,1747.26,1739.02,1735.03,1736.25,1738.12,1736.99,1731.55,1721.63,1712.19,1700.90,1689.33,1679.17,1670.08,1665.50,1660.62,1651.74,1637.47,1620.57,1604.48,1584.59,1565.61,1549.02,1530.90,1518.60,1506.18,1494.92,1490.52,1487.41,1485.22,1480.72,1469.61,1452.05,1434.98,1418.58,1403.04,1392.82,1380.80,1373.35,1370.37,1376.66,1378.45,1371.84,1364.81,1369.56,1371.22,1367.44,1355.11,1338.36,1317.22,1296.14,1273.03,1252.85,1250.14,1258.82,1261.09,1257.20,1257.37,1251.92,1249.78,1247.13,1234.74,1224.76,1221.50,1215.37,1203.74,1194.30,1191.91,1191.47,1188.53,1178.96,1163.68,1148.55,1130.29,1111.49,1089.33,1072.06,1054.59,1045.52,1039.03,1032.09,1026.23,1021.11,1015.04,1006.39,993.01,985.07,985.36,985.40,983.50,979.98,974.60,967.82,962.13,955.70,947.21,945.52,945.01,945.06,943.70,947.66,954.93,956.41,955.37,953.83,953.68,957.09,966.65,970.86,967.86,963.67,961.13,960.55,955.82,945.56,940.84,937.97,935.24,934.79,932.33,922.41,912.53,907.70,901.39,893.54,880.63,863.21,850.17,856.72,871.76,884.33,896.25,913.20,923.24,927.26,919.63,908.21,901.66,901.83,897.98,885.32,871.29,863.59,861.44,859.23,852.52,839.08,814.45,798.06,790.51,789.86,790.36,790.60,790.58,790.42,789.85,787.82,786.41,786.25,790.69,791.43,792.45,793.91,795.80,795.48,793.91,792.79,791.01,793.18,797.92
1813.41,1821.68,1834.57,1831.94,1831.29,1844.61,1855.57,1865.87,1877.52,1888.94,1899.15,1904.44,1906.92,1907.68,1907.24,1904.48,1897.69,1895.69,1898.52,1902.12,1905.48,1905.64,1904.44,1903.68,1902.23,1899.67,1895.94,1890.11,1882.20,1873.02,1864.88,1856.36,1847.73,1840.00,1833.08,1827.16,1821.34,1817.87,1815.08,1814.76,1814.75,1815.02,1816.89,1819.09,1820.00,1820.17,1820.89,1822.26,1824.32,1825.56,1825.26,1821.60,1816.64,1812.39,1811.92,1814.49,1815.98,1811.25,1805.56,1802.28,1801.41,1800.94,1796.87,1789.04,1790.35,1792.71,1792.24,1791.19,1792.13,1795.26,1799.49,1803.78,1807.07,1809.09,1809.30,1807.27,1800.82,1794.88,1793.76,1794.50,1794.31,1792.09,1788.30,1784.58,1782.95,1780.55,1773.20,1761.17,1752.33,1746.97,1748.58,1748.31,1741.50,1731.75,1721.25,1712.26,1699.79,1683.33,1670.69,1660.38,1655.77,1650.17,1640.18,1626.36,1612.15,1596.76,1575.73,1556.80,1537.92,1518.59,1503.71,1493.35,1479.34,1471.50,1467.23,1465.47,1466.78,1461.80,1446.74,1432.34,1413.85,1397.31,1382.23,1363.32,1350.19,1346.40,1357.51,1360.83,1350.38,1344.18,1354.24,1361.67,1362.42,1350.03,1334.82,1318.20,1299.81,1277.57,1258.20,1238.25,1238.22,1241.14,1239.25,1242.63,1237.10,1234.80,1232.57,1220.54,1206.33,1203.79,1200.08,1188.35,1177.05,1176.52,1183.96,1181.45,1165.76,1145.46,1129.47,1118.37,1101.27,1082.89,1067.83,1054.05,1045.56,1037.19,1029.61,1023.74,1017.40,1010.14,998.93,989.06,988.05,992.12,990.74,986.54,982.55,978.63,973.98,969.39,963.49,952.97,944.60,940.03,940.62,938.66,941.03,950.34,955.14,954.14,952.79,953.71,958.66,968.88,971.10,967.24,961.86,957.54,957.57,953.36,940.06,928.80,921.08,918.25,919.98,922.29,920.75,911.89,902.69,895.49,889.10,880.04,866.19,849.27,849.34,866.49,881.02,892.35,903.60,908.83,915.65,912.14,897.72,887.84,886.46,884.30,876.60,866.13,857.51,852.09,847.89,840.61,832.17,812.66,797.32,790.28,788.50,789.71,790.29,790.22,790.22,790.00,788.91,784.66,781.07,780.70,782.35,784.60,787.11,791.20,791.81,789.00,787.49,787.71,789.08,791.38
1810.70,1824.57,1841.34,1845.63,1842.39,1848.11,1858.33,1867.96,1877.73,1887.32,1895.18,1899.01,1900.00,1899.26,1897.74,1893.23,1884.53,1883.18,1888.80,1893.97,1898.80,1899.55,1898.20,1897.37,1896.47,1894.29,1890.59,1884.46,1875.80,1867.66,1861.48,1855.44,1848.82,1840.51,1830.32,1823.37,1818.53,1815.92,1814.83,1814.70,1814.69,1814.85,1815.56,1816.95,1816.73,1817.76,1820.67,1823.29,1825.57,1826.68,1825.34,1821.72,1817.50,1816.91,1818.88,1820.40,1817.50,1810.45,1802.83,1797.49,1796.73,1796.81,1793.84,1788.11,1788.65,1791.63,1790.52,1788.95,1789.21,1793.31,1799.39,1805.29,1810.62,1813.28,1814.60,1814.73,1812.15,1808.16,1807.53,1807.42,1805.57,1802.20,1796.93,1792.43,1788.09,1784.26,1779.77,1772.19,1764.46,1757.74,1755.07,1750.05,1737.91,1727.05,1717.80,1708.56,1694.48,1676.08,1662.12,1645.67,1639.79,1634.26,1626.00,1615.06,1602.20,1584.93,1565.64,1544.93,1525.99,1508.93,1492.82,1480.88,1469.29,1458.65,1450.45,1445.01,1446.87,1446.75,1436.63,1421.62,1406.99,1395.84,1379.76,1357.40,1335.15,1328.05,1339.23,1343.49,1335.29,1328.23,1337.36,1350.15,1354.73,1346.89,1334.94,1320.53,1304.39,1284.06,1262.48,1238.88,1219.77,1217.63,1221.62,1231.47,1224.80,1217.83,1218.87,1213.52,1198.63,1186.03,1184.07,1177.51,1160.62,1158.69,1171.06,1167.08,1151.81,1129.96,1109.41,1100.32,1088.60,1078.31,1069.09,1057.97,1047.57,1035.33,1026.47,1018.43,1009.33,1001.14,994.29,990.99,992.17,998.66,1003.50,990.08,985.16,981.62,977.57,973.53,969.45,962.65,953.23,940.34,935.49,934.54,936.47,941.72,951.01,952.36,952.13,953.87,959.39,968.71,970.40,965.46,958.99,954.26,954.47,950.63,936.83,921.69,912.33,904.82,902.57,904.72,907.17,907.63,904.19,899.48,889.02,872.89,858.78,843.53,845.57,865.52,876.72,884.30,893.40,895.38,901.00,902.96,890.49,876.63,873.49,872.75,866.99,857.92,849.80,844.67,839.82,831.72,819.80,804.98,795.45,789.81,787.77,787.39,789.55,789.34,788.71,787.75,785.92,784.15,781.00,779.38,779.04,779.22,779.60,781.59,785.21,785.58,784.54,785.42,786.80,788.42
1814.58,1829.84,1848.48,1856.66,1855.76,1855.20,1862.07,1869.83,1877.10,1884.45,1890.20,1892.25,1892.03,1890.28,1886.94,1881.39,1872.92,1871.86,1877.14,1884.22,1892.01,1893.04,1891.81,1891.64,1891.03,1888.41,1883.39,1876.39,1867.92,1861.34,1856.43,1852.45,1847.47,1840.41,1829.62,1820.15,1816.66,1814.95,1814.72,1814.60,1814.64,1814.78,1814.94,1815.07,1815.07,1817.37,1820.77,1824.21,1826.65,1827.47,1825.25,1822.38,1821.37,1823.00,1824.28,1822.84,1816.44,1808.43,1802.63,1799.14,1792.70,1791.00,1788.96,1784.92,1784.52,1787.05,1786.87,1785.54,1786.29,1790.89,1799.37,1806.60,1811.89,1815.94,1819.18,1821.07,1822.61,1823.27,1822.47,1820.73,1815.70,1808.43,1802.10,1797.31,1791.07,1786.61,1781.53,1775.50,1769.03,1761.36,1753.04,1741.68,1730.11,1721.52,1712.05,1701.82,1687.98,1671.30,1656.60,1635.75,1623.97,1619.33,1612.23,1601.63,1586.88,1570.30,1551.52,1531.56,1516.31,1500.42,1483.82,1470.79,1462.37,1454.16,1441.20,1428.06,1427.00,1432.44,1427.88,1410.16,1398.29,1384.66,1372.70,1351.62,1330.64,1316.00,1320.78,1323.81,1319.29,1312.09,1319.18,1333.60,1342.34,1341.77,1333.37,1320.33,1306.04,1288.71,1266.37,1247.00,1222.73,1206.98,1205.68,1219.75,1218.70,1205.22,1207.53,1207.94,1195.64,1175.04,1166.75,1163.84,1145.84,1139.13,1148.53,1144.65,1129.41,1113.19,1099.15,1092.23,1084.69,1075.66,1065.94,1054.46,1041.83,1029.22,1017.66,1008.25,1002.42,999.82,997.64,995.03,995.90,1009.14,1018.46,995.64,985.04,980.21,976.80,973.13,969.65,964.96,960.15,949.36,935.06,930.34,932.31,935.75,945.10,950.61,951.99,953.76,957.04,962.35,963.29,959.67,955.06,952.53,951.30,945.65,932.54,918.16,909.09,900.99,889.99,885.38,887.40,890.63,892.37,888.80,874.03,857.65,838.50,831.99,844.72,861.89,870.92,876.80,881.33,883.37,891.56,894.14,880.84,865.43,861.74,861.62,856.57,848.45,840.39,833.71,824.23,811.75,802.14,795.45,791.03,789.07,787.43,786.04,785.90,785.97,785.62,784.79,782.38,780.58,779.68,778.99,778.41,778.13,778.02,778.35,778.84,780.06,781.28,782.28,784.81,786.09
1815.85,1832.64,1855.61,1869.36,1870.01,1866.03,1866.84,1871.20,1875.65,1880.19,1883.62,1884.28,1882.86,1880.78,1876.91,1870.65,1862.49,1863.41,1868.88,1875.35,1883.08,1885.13,1882.81,1882.84,1882.41,1879.88,1875.35,1869.49,1863.34,1856.53,1850.53,1846.85,1843.83,1838.29,1826.95,1817.47,1815.07,1814.65,1814.54,1814.51,1814.62,1814.73,1814.82,1814.90,1815.23,1817.94,1822.07,1825.56,1828.23,1828.70,1826.87,1825.89,1827.44,1829.07,1828.65,1822.14,1814.54,1811.09,1810.78,1807.18,1799.32,1791.82,1787.73,1781.99,1780.09,1781.92,1782.75,1781.82,1784.40,1792.23,1800.87,1807.06,1812.14,1816.74,1821.39,1825.68,1828.88,1830.36,1830.77,1829.54,1824.44,1814.75,1807.69,1802.46,1796.02,1790.67,1783.93,1776.03,1765.69,1754.44,1741.82,1730.35,1722.68,1713.46,1704.00,1693.78,1680.30,1665.71,1651.06,1630.47,1611.14,1602.37,1595.47,1583.67,1569.27,1553.92,1535.72,1521.78,1508.27,1492.46,1475.53,1463.25,1453.70,1449.02,1441.18,1423.13,1414.65,1413.64,1414.99,1406.34,1396.68,1374.43,1354.63,1338.14,1321.99,1304.93,1301.96,1305.55,1302.22,1295.50,1302.31,1316.09,1324.54,1325.60,1323.27,1315.92,1304.10,1288.09,1270.23,1253.99,1228.92,1209.43,1195.36,1205.22,1212.33,1198.25,1192.10,1197.16,1191.22,1170.63,1149.09,1144.55,1134.13,1122.90,1123.86,1117.09,1102.86,1095.61,1087.35,1077.90,1069.65,1062.36,1052.33,1040.97,1030.11,1018.38,1011.25,1009.41,1007.01,1004.25,1000.63,998.50,997.96,1009.50,1022.34,1003.10,986.56,980.28,976.62,972.38,968.35,965.37,963.04,959.41,944.92,931.52,926.92,928.72,937.01,948.75,951.34,952.75,953.94,955.21,955.16,954.46,952.96,950.72,946.42,936.13,925.91,913.42,905.69,899.76,888.41,878.93,876.46,876.97,876.78,873.91,861.77,841.10,828.96,834.97,845.95,856.26,864.13,868.37,870.62,875.31,882.42,882.64,874.33,860.06,853.12,851.42,844.95,834.09,822.38,812.27,804.13,799.40,796.26,791.99,789.24,788.25,786.93,785.79,784.73,783.87,783.23,782.22,780.77,779.87,779.59,779.24,778.75,778.27,777.61,776.91,776.78,777.54,778.38,779.23,782.01,783.70
1824.26,1835.82,1860.27,1879.95,1889.00,1883.54,1876.16,1873.41,1872.28,1875.11,1876.68,1876.55,1875.77,1874.21,1869.48,1863.22,1853.48,1854.68,1862.13,1868.94,1875.12,1877.38,1876.24,1875.68,1875.19,1873.17,1868.99,1864.17,1859.48,1854.59,1849.01,1843.40,1837.91,1831.81,1820.93,1815.53,1814.63,1814.41,1814.45,1814.63,1814.72,1814.81,1814.88,1815.44,1816.76,1819.50,1825.15,1829.41,1831.41,1831.46,1831.15,1831.06,1831.40,1831.92,1830.73,1822.71,1817.51,1818.18,1816.91,1810.11,1801.24,1798.40,1796.87,1789.13,1778.85,1776.44,1777.82,1777.67,1783.53,1792.18,1799.12,1804.37,1809.54,1814.92,1820.87,1826.92,1831.83,1834.79,1836.27,1834.79,1830.22,1820.91,1813.12,1806.82,1800.14,1792.68,1784.96,1775.83,1763.15,1748.79,1731.54,1720.69,1712.41,1704.04,1694.51,1684.81,1670.85,1654.71,1639.26,1622.96,1603.24,1585.43,1575.30,1563.98,1552.21,1535.56,1522.34,1512.61,1501.13,1485.66,1470.19,1457.02,1445.48,1442.52,1435.16,1424.39,1410.24,1399.66,1402.18,1403.14,1401.30,1385.99,1354.57,1331.63,1314.25,1296.86,1282.62,1282.40,1281.31,1277.78,1287.23,1299.08,1307.54,1309.69,1310.29,1307.13,1296.93,1282.07,1265.18,1249.01,1224.45,1206.49,1187.78,1193.90,1201.05,1192.01,1179.47,1184.08,1182.44,1168.11,1147.54,1129.97,1123.03,1110.10,1105.19,1094.11,1078.46,1068.94,1061.49,1056.16,1052.16,1046.80,1037.38,1028.65,1021.00,1019.37,1021.25,1022.25,1014.46,1006.25,1003.72,1002.02,1005.89,1018.81,1025.79,1010.11,994.32,987.43,981.59,976.07,970.61,968.32,964.12,958.50,951.88,941.30,930.44,922.18,925.13,940.37,948.98,950.40,950.45,950.98,953.26,953.32,951.60,948.00,939.84,930.17,920.58,914.10,911.57,904.71,896.72,885.51,874.96,868.42,865.47,862.50,854.60,833.24,828.22,835.09,841.64,848.66,856.35,861.26,862.74,862.33,864.32,867.24,863.84,853.02,840.76,835.60,825.91,812.85,803.68,800.08,797.85,796.15,793.75,790.71,788.94,787.79,786.70,785.62,784.67,784.06,783.45,782.43,781.31,780.75,780.86,780.31,779.85,779.49,779.13,777.41,776.07,775.49,775.71,776.38,777.98,780.56
1848.57,1851.91,1864.87,1884.28,1896.10,1895.61,1887.35,1880.68,1872.96,1869.56,1869.99,1869.44,1869.50,1868.66,1864.45,1856.19,1845.81,1846.13,1854.82,1862.53,1868.39,1871.20,1871.11,1870.18,1869.26,1866.41,1861.19,1856.22,1852.70,1850.29,1845.67,1840.77,1833.00,1822.20,1816.00,1814.66,1814.37,1814.36,1814.64,1814.82,1814.93,1815.01,1815.43,1817.02,1818.96,1823.46,1828.50,1832.51,1835.41,1835.35,1834.69,1834.58,1834.07,1832.81,1830.87,1826.45,1822.76,1822.48,1820.48,1813.72,1809.75,1808.62,1806.43,1797.32,1784.27,1775.43,1771.59,1774.19,1781.47,1788.99,1793.89,1799.44,1805.52,1812.85,1820.50,1827.52,1832.06,1834.72,1835.53,1834.99,1831.39,1824.31,1817.05,1810.40,1802.34,1791.96,1782.26,1772.84,1761.05,1747.69,1727.98,1711.44,1701.32,1692.52,1684.73,1675.66,1662.63,1642.82,1624.57,1612.38,1595.96,1575.17,1557.66,1547.20,1536.39,1523.00,1509.47,1501.18,1491.22,1476.66,1462.86,1447.19,1432.49,1429.42,1425.34,1418.88,1403.93,1387.35,1385.09,1388.24,1393.00,1386.63,1367.88,1343.46,1324.95,1304.99,1283.91,1266.79,1262.19,1260.37,1271.20,1285.29,1292.02,1293.10,1296.60,1294.87,1288.53,1275.81,1256.48,1233.99,1212.45,1195.53,1176.90,1179.91,1188.29,1184.20,1169.60,1170.34,1171.84,1158.03,1141.45,1123.12,1110.30,1101.09,1089.32,1073.98,1062.00,1053.13,1047.77,1042.50,1039.36,1035.69,1031.09,1028.90,1032.68,1035.74,1034.28,1028.73,1015.53,1008.88,1008.26,1005.84,1015.01,1037.19,1032.14,1013.84,1001.74,994.83,988.56,981.18,975.46,970.35,963.92,958.17,954.05,949.23,938.47,925.93,918.31,927.22,939.32,942.19,945.75,951.14,955.42,954.61,952.85,950.35,943.93,936.88,931.37,924.56,923.26,913.66,903.74,891.58,878.46,872.72,868.17,861.50,850.52,829.89,826.12,828.58,831.58,836.66,847.34,853.87,850.60,841.91,841.34,846.26,844.89,835.02,820.26,811.82,806.62,799.65,798.08,796.92,795.12,793.49,791.38,789.69,788.75,787.96,787.56,787.16,786.32,786.15,784.86,783.50,782.36,782.20,782.07,781.52,781.23,780.57,779.62,777.82,776.61,775.58,774.63,774.11,774.95,777.12
1863.09,1870.22,1875.52,1890.13,1904.03,1906.39,1897.09,1888.21,1876.87,1866.63,1863.46,1862.81,1863.31,1863.03,1859.45,1849.15,1839.05,1839.88,1847.98,1855.37,1862.20,1866.32,1867.52,1865.40,1863.30,1859.05,1853.58,1847.17,1842.92,1842.78,1839.56,1834.48,1826.85,1816.79,1814.31,1814.09,1814.17,1814.54,1815.03,1815.78,1816.34,1816.96,1817.80,1819.75,1825.49,1832.56,1837.37,1838.89,1839.97,1839.13,1837.83,1835.39,1832.96,1831.42,1829.20,1826.25,1824.43,1822.80,1821.25,1817.90,1815.06,1813.07,1811.12,1804.24,1793.60,1779.81,1769.54,1772.14,1778.45,1783.24,1786.43,1792.18,1801.38,1810.77,1820.20,1827.38,1831.45,1832.24,1831.91,1830.97,1827.80,1823.23,1817.35,1811.16,1802.97,1790.62,1776.91,1765.77,1754.66,1741.96,1724.19,1709.28,1693.32,1680.39,1673.04,1666.30,1655.15,1635.57,1614.02,1599.79,1583.88,1566.26,1549.33,1531.98,1519.42,1506.67,1493.84,1485.13,1474.71,1462.53,1449.89,1436.02,1424.32,1422.09,1415.55,1406.67,1396.50,1380.68,1365.06,1363.64,1370.76,1375.45,1364.47,1348.32,1333.60,1317.60,1299.58,1276.74,1253.63,1245.47,1256.32,1270.27,1274.26,1271.95,1275.33,1279.16,1276.82,1268.56,1255.78,1238.42,1216.28,1196.68,1173.70,1162.65,1170.43,1173.63,1162.41,1155.05,1157.30,1144.80,1126.39,1110.22,1097.50,1090.60,1077.35,1065.51,1054.61,1050.34,1052.92,1053.60,1050.02,1045.11,1043.47,1046.69,1051.38,1049.76,1044.20,1034.38,1022.32,1021.36,1014.09,1009.52,1016.91,1040.61,1037.55,1019.05,1007.33,999.85,992.62,984.81,977.75,971.48,965.33,960.11,955.68,951.73,944.65,929.36,917.54,918.47,927.53,934.85,948.15,956.84,959.26,957.62,956.34,955.49,952.11,950.71,946.70,937.89,936.73,923.04,906.49,894.28,885.31,887.93,884.46,877.34,864.56,842.98,825.02,821.50,817.99,819.37,831.93,842.24,834.93,818.26,813.21,814.24,812.38,808.38,805.24,802.67,800.50,797.84,795.94,794.58,793.22,792.22,790.80,789.79,789.47,789.23,789.27,792.63,795.29,791.45,787.18,784.28,783.58,783.51,783.26,782.88,782.12,780.63,779.59,778.37,777.13,776.08,775.09,774.14,773.19,773.95
1874.17,1883.59,1892.52,1904.36,1915.02,1916.79,1909.03,1898.17,1885.76,1870.45,1861.22,1855.10,1855.32,1855.95,1853.01,1844.84,1833.62,1832.43,1842.16,1848.90,1856.84,1862.39,1864.48,1861.81,1856.22,1848.33,1842.94,1837.38,1834.52,1833.05,1830.83,1825.21,1817.80,1814.21,1813.55,1813.82,1814.32,1814.84,1816.31,1817.94,1818.48,1819.52,1822.84,1830.00,1836.98,1840.37,1842.49,1844.29,1844.60,1842.03,1838.69,1833.37,1829.78,1827.52,1824.77,1821.39,1818.22,1816.54,1817.15,1815.90,1814.49,1812.91,1811.11,1806.19,1797.75,1782.27,1767.41,1768.79,1773.35,1775.63,1777.77,1783.79,1794.38,1806.37,1817.30,1825.17,1829.52,1829.04,1827.65,1825.43,1821.24,1818.02,1813.53,1807.24,1799.45,1788.95,1774.14,1761.66,1746.39,1729.64,1715.74,1704.21,1688.22,1671.63,1661.33,1656.77,1645.63,1628.70,1609.47,1591.33,1578.75,1564.76,1548.04,1528.38,1505.55,1490.75,1478.36,1465.74,1454.47,1446.02,1439.68,1431.53,1416.33,1413.57,1407.80,1397.24,1387.18,1374.45,1353.52,1342.28,1346.88,1353.12,1349.55,1340.55,1328.52,1314.49,1299.19,1284.53,1262.80,1238.13,1238.20,1250.67,1255.32,1253.20,1254.73,1258.36,1257.87,1253.01,1246.71,1235.72,1222.64,1208.55,1185.59,1159.74,1149.87,1154.00,1151.60,1140.15,1138.09,1130.13,1112.63,1096.72,1084.40,1078.82,1070.07,1060.53,1056.85,1063.99,1070.03,1070.87,1068.51,1063.60,1061.53,1063.57,1065.75,1062.99,1059.55,1051.64,1047.63,1042.76,1035.38,1035.11,1040.47,1048.90,1047.79,1030.73,1013.98,1002.67,994.11,985.94,978.01,972.52,967.90,961.95,957.41,954.68,949.81,934.35,918.46,913.45,917.81,929.80,943.41,956.34,960.90,961.27,960.58,960.89,960.27,961.43,957.53,951.30,943.37,927.15,912.85,901.73,898.67,903.63,901.02,891.61,873.37,855.99,838.26,826.50,814.55,809.64,815.95,821.36,813.09,808.53,807.56,806.86,805.24,803.24,800.10,798.92,797.95,796.40,795.21,794.82,794.51,793.81,792.62,792.37,793.30,793.55,793.82,800.61,810.43,802.44,793.78,788.18,785.47,784.96,784.40,784.00,783.22,782.02,780.34,778.88,777.49,776.53,775.73,774.65,773.51,772.39
1881.22,1892.73,1905.44,1916.38,1920.87,1919.87,1915.41,1907.87,1895.84,1878.90,1863.33,1851.44,1847.34,1847.69,1846.09,1839.83,1828.93,1824.92,1834.84,1843.45,1851.16,1858.99,1862.09,1859.55,1851.74,1841.12,1832.82,1830.26,1827.90,1824.78,1821.22,1816.29,1813.90,1813.08,1813.31,1814.33,1815.10,1816.71,1818.52,1820.62,1820.98,1823.84,1830.44,1839.28,1842.07,1843.59,1845.36,1847.73,1849.04,1846.68,1841.32,1835.00,1830.72,1826.89,1819.75,1812.32,1805.92,1802.51,1806.11,1808.94,1809.16,1808.20,1807.13,1803.84,1796.88,1783.45,1766.23,1760.49,1762.86,1765.10,1768.84,1775.74,1785.40,1799.74,1811.18,1819.76,1824.01,1824.43,1822.88,1818.45,1811.90,1810.15,1806.70,1800.90,1794.20,1784.55,1771.66,1758.80,1743.43,1725.28,1709.72,1696.18,1681.45,1666.35,1650.10,1642.94,1633.58,1620.18,1605.90,1593.72,1580.89,1568.93,1552.02,1534.40,1513.79,1498.52,1481.47,1460.71,1443.77,1435.27,1428.99,1417.65,1402.93,1399.28,1396.84,1387.82,1379.14,1364.17,1345.85,1328.32,1327.30,1331.31,1331.28,1324.31,1312.38,1297.39,1283.84,1274.03,1260.58,1239.27,1223.69,1230.97,1234.03,1230.67,1231.54,1234.54,1231.92,1227.37,1223.67,1219.22,1213.84,1205.16,1190.14,1171.05,1152.23,1138.21,1134.05,1129.62,1126.85,1118.43,1102.15,1085.86,1076.54,1071.32,1068.41,1070.42,1072.34,1079.80,1084.82,1083.69,1079.52,1075.02,1074.74,1077.29,1081.49,1086.34,1087.47,1083.84,1078.93,1070.99,1066.24,1065.60,1065.58,1064.53,1059.45,1043.74,1020.11,1004.72,995.73,987.45,979.63,975.41,970.58,964.56,961.72,962.16,954.88,941.93,924.16,910.32,912.99,924.23,934.84,951.54,958.35,962.49,964.77,966.07,967.16,968.99,968.74,962.63,947.50,934.87,927.98,917.08,911.58,911.79,905.06,890.19,871.49,855.91,845.43,836.33,819.22,810.87,808.13,808.22,807.34,806.37,805.41,803.83,801.95,800.13,798.93,798.12,797.38,796.82,796.45,796.56,796.34,796.24,796.40,796.91,801.16,805.25,806.69,816.63,826.84,816.50,804.92,796.01,790.13,788.47,786.55,785.16,784.35,783.52,781.57,779.25,777.92,777.46,777.24,776.22,774.90,772.48
1885.55,1895.56,1906.25,1914.03,1914.68,1911.87,1910.76,1909.14,1900.94,1887.03,1868.08,1853.34,1843.70,1840.16,1839.14,1833.58,1823.68,1818.53,1827.88,1837.75,1846.55,1855.05,1859.14,1856.43,1849.88,1840.18,1828.39,1822.53,1819.62,1817.09,1814.58,1813.22,1812.41,1812.89,1814.05,1815.81,1819.21,1822.72,1824.86,1825.93,1824.86,1826.60,1835.85,1842.22,1844.41,1846.58,1848.67,1849.92,1851.07,1850.20,1846.05,1840.57,1837.17,1832.95,1824.30,1813.08,1802.34,1793.60,1796.10,1798.21,1795.93,1795.65,1797.96,1798.46,1792.49,1778.49,1763.79,1759.07,1759.02,1756.90,1757.11,1766.43,1778.58,1791.07,1801.20,1809.67,1815.32,1817.49,1815.30,1806.38,1799.53,1799.07,1798.23,1795.76,1791.25,1781.91,1769.79,1753.59,1736.51,1722.93,1711.22,1698.93,1680.37,1663.66,1644.77,1629.92,1620.80,1607.37,1594.09,1583.71,1573.66,1563.23,1546.61,1531.69,1514.99,1501.86,1489.07,1472.67,1452.61,1435.32,1420.27,1406.92,1393.69,1383.07,1376.58,1370.23,1363.85,1350.15,1336.73,1320.34,1309.21,1310.35,1310.58,1307.56,1294.44,1275.51,1259.83,1249.73,1244.42,1232.24,1214.79,1214.49,1216.59,1215.13,1214.99,1214.98,1212.99,1209.67,1206.15,1202.16,1197.32,1190.21,1178.30,1167.50,1155.18,1139.69,1128.04,1120.36,1115.32,1108.06,1096.83,1080.84,1077.67,1082.56,1093.29,1093.67,1085.59,1092.80,1098.10,1095.69,1090.64,1088.96,1091.52,1098.61,1104.08,1110.74,1110.58,1108.60,1104.05,1097.79,1094.23,1092.32,1086.93,1077.84,1066.17,1049.56,1023.87,1007.09,997.63,989.94,982.38,976.49,971.33,967.57,969.96,969.58,959.83,944.66,928.73,914.34,906.69,914.42,925.51,941.01,952.32,957.67,961.68,964.80,968.25,970.93,972.47,970.19,959.22,950.45,942.89,933.17,917.48,908.14,900.20,883.16,865.67,856.44,853.56,841.62,822.62,811.68,807.88,805.96,805.15,804.46,803.59,802.18,800.59,799.64,799.13,798.75,798.34,798.00,798.00,798.27,798.18,798.17,799.68,805.93,817.92,825.62,832.48,839.26,842.22,833.23,820.76,806.67,796.26,792.97,789.38,788.07,786.92,785.60,782.36,779.73,779.21,779.04,778.87,777.78,775.40,772.41
1885.77,1894.30,1901.38,1906.54,1904.95,1900.48,1897.54,1898.88,1899.60,1889.89,1874.17,1856.58,1843.02,1833.39,1830.70,1826.20,1817.58,1811.97,1822.12,1832.59,1842.85,1852.16,1855.24,1852.55,1847.82,1839.20,1827.79,1816.80,1813.32,1812.88,1812.33,1811.69,1812.66,1814.16,1816.25,1822.04,1829.99,1835.13,1837.10,1834.96,1830.04,1828.17,1836.85,1843.22,1846.67,1849.03,1851.06,1852.11,1851.82,1849.96,1845.55,1840.08,1836.54,1831.90,1825.13,1816.14,1806.62,1793.12,1786.95,1785.92,1782.29,1781.85,1784.04,1786.36,1780.81,1768.99,1763.21,1768.52,1771.87,1768.75,1761.11,1754.68,1767.46,1780.86,1789.26,1795.82,1801.53,1805.18,1803.66,1796.13,1789.84,1790.04,1790.71,1789.90,1787.28,1780.60,1769.31,1752.03,1734.81,1719.39,1707.55,1693.07,1672.30,1655.63,1638.36,1622.72,1608.49,1594.88,1580.71,1567.14,1556.97,1546.42,1534.57,1520.02,1506.43,1495.96,1485.44,1468.38,1448.39,1434.12,1421.54,1410.50,1399.42,1381.54,1361.28,1345.90,1342.52,1337.21,1328.63,1313.11,1295.50,1285.68,1285.26,1284.64,1275.37,1258.10,1243.14,1227.68,1216.04,1210.01,1202.24,1201.93,1205.87,1203.63,1201.05,1199.08,1196.09,1192.61,1189.07,1184.86,1179.51,1172.09,1160.91,1147.29,1133.15,1124.22,1121.91,1116.31,1106.88,1100.31,1088.02,1085.25,1089.66,1103.71,1117.55,1109.26,1097.12,1106.40,1110.84,1110.02,1108.58,1110.58,1115.41,1119.60,1118.73,1118.62,1115.63,1114.81,1116.19,1121.24,1118.99,1113.21,1101.80,1089.99,1070.53,1051.64,1025.76,1007.05,995.38,987.83,981.64,976.26,973.23,973.26,972.88,965.73,954.17,939.20,927.02,916.48,904.90,902.84,912.16,930.62,940.86,948.28,953.40,957.15,960.60,965.21,969.38,968.79,961.76,952.63,944.60,930.61,911.50,896.71,887.06,874.52,865.66,867.85,860.22,841.19,818.89,809.50,807.40,805.49,804.15,803.04,802.51,802.26,801.31,799.98,799.52,799.39,799.49,799.44,799.32,801.06,802.32,802.37,812.92,828.87,842.05,848.81,859.43,862.66,861.57,850.46,836.24,821.73,803.19,796.23,792.66,791.62,788.95,786.35,783.82,782.98,782.01,781.23,780.47,778.57,775.55,772.45
1880.52,1886.04,1891.20,1895.55,1894.37,1888.83,1882.33,1884.77,1890.37,1886.82,1875.50,1858.47,1845.30,1830.88,1824.20,1819.98,1810.75,1803.90,1815.55,1827.82,1838.73,1849.10,1852.13,1850.50,1844.80,1836.33,1825.52,1814.30,1810.53,1810.94,1810.90,1812.24,1814.10,1816.76,1822.64,1832.88,1841.50,1849.09,1853.31,1850.00,1842.35,1834.07,1836.31,1842.87,1847.60,1851.49,1853.38,1853.32,1851.14,1847.23,1842.28,1835.67,1829.53,1823.75,1817.38,1810.81,1804.29,1794.78,1784.89,1778.81,1777.81,1776.32,1773.47,1771.80,1768.69,1768.62,1775.65,1781.75,1784.50,1781.84,1772.42,1755.81,1749.33,1761.49,1774.11,1781.81,1785.19,1787.78,1788.63,1782.89,1774.91,1777.12,1779.03,1779.46,1780.57,1777.53,1768.38,1754.02,1736.38,1715.78,1699.22,1681.15,1666.74,1656.84,1648.37,1634.09,1614.94,1602.81,1589.16,1570.47,1549.89,1532.07,1514.01,1499.50,1491.26,1482.71,1468.70,1451.85,1441.86,1424.48,1405.85,1392.43,1383.05,1370.49,1356.08,1333.80,1319.02,1319.05,1313.90,1297.49,1282.57,1267.15,1259.52,1256.67,1256.53,1248.75,1229.85,1212.61,1201.48,1195.46,1189.56,1188.61,1190.39,1188.12,1186.42,1184.94,1182.19,1177.92,1173.53,1167.82,1162.63,1154.63,1141.55,1125.47,1117.93,1114.51,1109.88,1108.17,1102.15,1094.58,1095.01,1099.23,1107.47,1127.19,1131.30,1114.93,1113.86,1125.52,1130.18,1129.12,1127.38,1131.83,1139.12,1137.42,1128.42,1122.24,1119.77,1119.04,1131.30,1141.39,1135.16,1125.74,1115.59,1097.27,1072.01,1051.70,1026.46,1007.10,995.60,988.21,982.37,978.56,978.99,978.32,971.87,965.97,956.90,940.71,927.40,919.47,910.23,898.51,900.55,919.13,929.79,936.04,939.83,943.78,948.85,955.26,960.52,961.50,954.20,940.83,934.76,927.95,909.70,892.58,880.00,876.13,878.80,876.00,860.07,833.96,812.75,808.38,806.80,805.21,803.80,803.45,804.33,804.69,804.13,802.46,801.14,800.35,803.41,807.44,808.63,813.37,818.99,821.99,834.57,851.42,864.23,875.35,885.40,887.13,882.67,871.54,853.87,834.67,812.03,799.47,796.21,794.93,791.51,789.05,786.79,785.81,783.99,782.52,781.17,779.62,776.80,773.61
1870.07,1871.31,1876.01,1883.08,1883.51,1876.83,1866.15,1868.68,1879.73,1880.33,1870.02,1857.70,1848.04,1833.61,1820.21,1811.54,1802.25,1797.38,1807.61,1820.41,1832.36,1841.99,1846.27,1844.45,1838.83,1831.10,1820.17,1810.77,1808.51,1809.17,1811.17,1813.69,1816.53,1822.73,1834.53,1844.82,1853.26,1860.45,1865.87,1863.76,1856.56,1845.85,1836.73,1842.24,1848.12,1853.57,1854.81,1852.10,1848.63,1840.97,1835.72,1829.91,1819.85,1812.27,1805.34,1799.47,1795.22,1790.09,1783.25,1783.79,1788.96,1789.15,1784.67,1776.83,1776.47,1782.65,1788.75,1793.93,1796.63,1792.95,1782.58,1767.83,1748.84,1741.27,1751.59,1760.87,1763.91,1765.49,1767.99,1765.57,1756.19,1756.92,1760.97,1763.95,1771.92,1772.19,1765.03,1753.30,1736.16,1717.13,1699.86,1684.98,1676.66,1669.09,1657.78,1641.99,1629.70,1618.43,1603.50,1585.05,1564.57,1541.52,1517.49,1494.98,1480.97,1464.18,1450.35,1441.95,1428.08,1412.12,1392.62,1376.48,1360.79,1349.25,1337.40,1320.96,1301.96,1296.64,1292.33,1278.83,1263.51,1253.08,1241.25,1234.38,1232.06,1226.63,1214.90,1208.37,1209.21,1207.69,1200.32,1185.20,1177.53,1176.29,1175.99,1174.36,1170.54,1163.48,1157.88,1151.80,1147.67,1140.67,1129.63,1125.51,1127.83,1125.55,1115.75,1105.53,1102.05,1108.12,1117.19,1123.22,1132.41,1143.14,1136.84,1122.78,1133.87,1146.44,1153.73,1152.28,1146.02,1150.30,1157.21,1152.11,1138.77,1130.02,1124.85,1129.39,1146.37,1150.30,1146.19,1136.95,1123.56,1095.76,1070.22,1048.84,1026.01,1007.95,998.05,993.12,990.11,985.15,982.43,979.72,974.21,967.65,958.78,945.50,932.02,921.90,910.78,900.52,894.91,909.72,921.39,925.45,928.03,930.62,937.72,943.21,948.47,951.57,946.49,930.74,920.75,921.03,912.90,899.63,897.27,895.58,887.92,869.75,845.20,820.16,810.64,808.23,806.41,804.83,804.02,805.27,806.66,807.25,807.17,807.59,809.06,809.21,814.10,822.73,828.52,836.91,842.21,843.56,853.56,870.87,887.44,901.41,909.59,910.83,904.33,891.69,868.76,848.09,822.19,806.28,800.30,798.20,794.86,791.91,789.49,786.61,784.24,782.71,781.33,780.19,778.38,775.69
1857.53,1852.70,1858.38,1870.53,1870.44,1861.50,1850.84,1851.65,1865.42,1869.13,1859.84,1852.21,1844.31,1832.66,1820.03,1806.10,1794.26,1790.58,1801.89,1811.66,1822.08,1831.02,1835.91,1835.64,1831.16,1822.01,1811.72,1806.87,1806.42,1809.96,1813.30,1816.75,1822.90,1835.63,1846.83,1855.64,1863.55,1872.20,1877.56,1874.93,1866.01,1854.44,1840.24,1843.79,1851.56,1855.45,1851.64,1848.54,1843.69,1835.15,1825.73,1818.57,1809.03,1800.43,1797.59,1795.78,1794.49,1791.96,1785.74,1791.82,1798.47,1801.66,1802.07,1798.71,1795.56,1797.10,1801.08,1805.68,1807.57,1803.86,1793.24,1778.98,1764.35,1744.08,1728.49,1731.30,1733.73,1737.17,1742.51,1742.11,1736.93,1737.49,1746.04,1753.45,1762.74,1764.79,1758.63,1746.92,1730.48,1716.08,1702.95,1688.36,1678.80,1669.28,1657.44,1645.74,1636.47,1624.13,1609.33,1589.88,1569.09,1547.38,1527.22,1511.38,1495.60,1475.26,1458.14,1444.75,1427.98,1414.49,1404.66,1387.63,1370.02,1355.48,1337.01,1319.11,1302.89,1284.19,1271.63,1260.82,1253.27,1249.76,1246.68,1241.14,1233.97,1226.53,1225.84,1235.55,1240.30,1233.48,1219.51,1201.21,1180.49,1171.70,1168.09,1163.25,1158.00,1153.14,1148.55,1144.42,1139.76,1136.12,1134.65,1141.95,1145.00,1143.51,1139.11,1132.97,1132.51,1136.13,1140.17,1146.56,1153.89,1154.76,1141.67,1140.01,1150.09,1165.50,1176.43,1175.33,1167.86,1174.57,1177.08,1165.66,1151.37,1138.89,1132.67,1135.93,1147.97,1151.12,1148.93,1139.14,1123.21,1093.11,1068.36,1046.88,1023.26,1003.42,994.42,989.56,980.78,974.46,969.16,962.99,958.18,952.76,946.47,938.30,928.90,919.37,908.82,900.19,889.49,899.38,910.02,915.69,917.85,926.26,933.68,933.75,936.67,938.29,934.21,918.02,907.18,908.70,912.07,910.69,908.13,895.25,876.55,854.91,827.30,813.62,809.15,807.66,806.02,804.70,805.58,807.24,808.88,810.47,811.65,815.45,819.80,824.72,832.71,845.34,851.43,857.98,865.12,868.56,876.85,891.44,907.06,918.65,923.95,922.04,911.41,898.44,872.34,850.71,827.75,811.16,805.63,801.93,798.31,796.05,790.92,786.09,783.99,782.81,781.57,780.28,778.14,773.62
1843.78,1833.89,1839.18,1853.89,1854.92,1847.07,1836.38,1840.58,1850.57,1853.96,1845.36,1838.10,1833.23,1826.64,1818.22,1805.30,1789.92,1785.31,1793.18,1801.97,1809.80,1815.68,1820.37,1820.78,1815.58,1807.63,1802.63,1804.23,1810.44,1813.78,1818.24,1825.67,1838.57,1849.16,1857.77,1865.88,1875.65,1883.48,1886.42,1882.99,1871.28,1859.12,1844.59,1850.25,1856.87,1855.25,1846.57,1840.24,1836.46,1828.38,1815.04,1807.31,1803.49,1805.44,1810.39,1813.20,1812.07,1806.98,1794.27,1792.64,1802.90,1808.70,1812.57,1813.67,1812.02,1810.59,1812.85,1816.34,1817.44,1814.63,1805.07,1790.33,1777.00,1763.93,1739.85,1715.94,1706.13,1709.81,1717.01,1717.49,1714.92,1720.58,1730.80,1739.89,1746.71,1748.34,1743.16,1731.28,1721.46,1711.74,1698.40,1683.08,1672.26,1662.83,1650.71,1642.26,1634.50,1624.89,1611.76,1593.25,1572.02,1556.69,1542.59,1525.73,1504.51,1484.03,1469.50,1453.35,1445.16,1430.09,1416.24,1398.50,1377.80,1357.24,1337.87,1320.66,1298.65,1273.14,1268.52,1269.68,1271.97,1272.91,1270.72,1266.03,1262.31,1256.67,1254.56,1264.07,1264.55,1255.52,1236.74,1212.10,1191.23,1183.62,1174.83,1171.13,1168.41,1163.42,1159.95,1158.51,1158.72,1160.22,1160.56,1163.96,1165.01,1168.33,1170.30,1169.63,1167.45,1164.09,1165.89,1175.83,1176.81,1161.05,1151.11,1160.10,1166.31,1178.77,1195.50,1197.44,1193.64,1197.26,1191.75,1179.05,1164.21,1149.84,1144.68,1148.56,1151.06,1151.66,1147.64,1133.44,1113.83,1086.04,1062.29,1040.93,1015.79,999.64,984.85,975.23,963.25,954.68,948.43,942.87,938.98,934.34,930.58,924.43,918.30,912.01,905.92,899.93,887.94,887.37,897.45,907.09,911.22,917.63,926.13,924.34,931.08,928.01,926.56,915.09,900.57,897.37,898.97,905.43,901.85,881.46,862.59,840.57,818.64,810.67,808.50,806.99,805.58,805.78,807.38,809.41,813.70,817.99,820.89,827.49,835.31,847.50,855.79,865.36,873.30,877.74,889.32,895.48,899.76,913.32,927.51,934.35,930.72,917.33,903.10,882.69,860.82,843.69,826.31,816.79,815.50,812.18,806.26,801.36,793.59,787.13,784.35,783.78,782.48,780.52,777.20,772.26
1828.97,1816.92,1826.18,1836.02,1837.77,1829.73,1819.77,1827.55,1834.82,1836.64,1828.29,1821.26,1819.83,1816.30,1808.30,1796.36,1783.34,1780.53,1784.77,1790.34,1795.86,1800.18,1802.38,1801.68,1798.85,1797.96,1801.75,1808.22,1814.45,1819.97,1830.13,1842.68,1852.39,1861.35,1868.81,1877.97,1885.88,1890.60,1891.45,1887.69,1877.63,1863.59,1848.69,1857.14,1860.66,1857.45,1846.11,1833.42,1824.63,1817.21,1814.15,1818.15,1819.47,1817.11,1820.27,1824.13,1822.90,1815.37,1802.57,1793.49,1802.40,1812.80,1819.81,1824.45,1826.01,1825.44,1826.20,1828.64,1830.06,1824.78,1813.18,1801.49,1791.29,1778.83,1760.05,1730.92,1704.93,1690.16,1691.73,1693.70,1694.42,1701.17,1710.45,1720.08,1726.05,1726.97,1723.12,1717.90,1712.64,1703.59,1691.68,1673.95,1659.27,1651.78,1643.06,1635.76,1629.42,1621.84,1611.32,1598.55,1581.78,1565.23,1547.32,1528.18,1504.40,1487.84,1475.32,1460.07,1450.85,1432.09,1412.72,1395.53,1374.98,1349.01,1331.36,1311.05,1289.74,1276.82,1283.52,1289.36,1292.74,1294.79,1294.72,1293.53,1293.36,1289.64,1280.88,1283.87,1283.57,1268.52,1245.31,1221.40,1214.13,1209.10,1197.29,1197.58,1198.06,1187.11,1179.32,1179.70,1180.30,1184.65,1184.94,1189.23,1191.00,1198.78,1203.91,1204.02,1202.53,1199.00,1198.22,1201.88,1188.62,1166.46,1168.76,1184.39,1192.13,1197.30,1213.48,1216.56,1213.82,1214.04,1206.11,1193.32,1180.10,1164.20,1154.69,1148.47,1149.01,1148.42,1142.56,1123.96,1098.58,1072.24,1050.59,1026.58,1006.11,994.00,975.66,964.73,958.36,953.98,950.79,947.49,940.15,930.56,925.99,919.07,914.84,911.09,907.49,900.71,890.97,880.37,885.17,895.21,902.70,904.62,911.36,916.24,921.98,919.23,923.87,916.53,900.87,890.71,887.24,892.11,890.70,873.77,854.36,831.93,815.51,809.57,808.08,806.61,806.02,807.30,808.90,814.36,822.08,827.94,837.43,847.30,854.57,865.69,879.11,890.44,898.94,899.25,912.03,918.00,919.33,932.60,945.50,943.94,927.84,903.22,882.70,867.68,859.43,848.37,835.51,836.92,838.50,827.55,818.82,814.15,807.87,796.95,789.50,786.17,783.65,780.95,776.79,772.46
1810.90,1803.26,1812.28,1821.50,1822.60,1816.38,1807.32,1811.29,1818.30,1820.33,1814.64,1805.86,1802.68,1798.53,1789.72,1780.26,1777.06,1778.09,1779.99,1782.67,1785.72,1788.23,1790.67,1792.82,1795.54,1802.12,1810.41,1816.33,1821.01,1831.97,1844.51,1855.35,1865.17,1873.39,1880.56,1887.05,1892.88,1894.93,1892.91,1888.68,1880.81,1867.81,1853.84,1860.10,1862.78,1860.42,1850.04,1835.18,1819.51,1820.61,1827.18,1832.61,1833.34,1827.88,1827.56,1832.13,1831.85,1825.53,1814.09,1801.42,1802.86,1816.46,1825.87,1832.29,1836.54,1839.98,1843.35,1844.15,1840.87,1832.26,1819.96,1812.09,1802.07,1790.54,1774.11,1745.38,1716.50,1692.10,1676.23,1673.14,1673.64,1677.95,1686.16,1697.47,1706.36,1709.17,1707.03,1705.09,1700.63,1692.82,1682.30,1663.64,1647.09,1638.54,1630.84,1625.51,1619.44,1612.44,1604.05,1594.44,1580.85,1562.15,1545.74,1529.47,1509.48,1492.00,1476.97,1460.56,1449.67,1428.21,1410.25,1392.14,1371.58,1345.56,1327.54,1309.75,1292.09,1289.63,1300.87,1309.36,1316.97,1321.41,1322.55,1321.22,1317.57,1311.04,1303.03,1306.00,1301.14,1278.38,1250.94,1245.41,1245.84,1237.09,1218.67,1219.06,1213.39,1198.31,1197.65,1200.56,1201.46,1207.45,1206.09,1211.77,1218.02,1223.24,1231.78,1233.00,1232.40,1228.17,1223.27,1211.56,1189.69,1179.98,1189.25,1207.49,1215.51,1219.99,1230.04,1230.99,1228.56,1225.78,1218.57,1207.35,1194.16,1177.38,1154.78,1129.40,1128.18,1130.01,1126.78,1109.23,1082.91,1059.73,1035.88,1011.59,997.62,982.18,972.85,970.52,973.49,968.61,968.96,961.21,949.09,941.78,934.08,927.44,927.91,925.08,916.09,906.33,895.08,883.36,876.19,881.46,889.15,893.93,899.93,906.35,908.78,912.13,921.89,918.04,904.08,891.36,880.23,878.98,881.45,869.69,846.21,824.20,813.31,809.08,807.66,806.54,807.19,808.50,811.71,823.03,833.27,841.80,852.87,863.83,874.03,886.99,901.89,913.86,921.06,923.13,936.73,942.28,941.99,951.15,955.57,945.48,920.58,895.28,889.44,888.22,883.92,872.44,861.04,860.37,857.88,843.42,837.04,828.46,823.07,813.29,802.30,794.72,785.93,781.55,777.46,775.99
1795.83,1786.59,1796.94,1805.96,1807.86,1801.40,1791.60,1791.51,1795.70,1799.28,1797.96,1786.65,1778.48,1775.68,1775.74,1779.22,1783.04,1785.63,1786.53,1787.27,1789.79,1793.70,1796.23,1797.29,1799.69,1808.58,1817.50,1824.61,1833.46,1844.94,1855.70,1867.36,1876.55,1883.28,1888.57,1893.59,1896.53,1895.90,1892.99,1887.97,1880.06,1869.13,1858.05,1861.47,1864.46,1861.77,1853.37,1835.34,1823.80,1830.92,1839.39,1843.24,1843.86,1838.16,1836.21,1841.30,1842.24,1835.61,1820.96,1806.03,1806.74,1820.50,1830.76,1838.74,1845.22,1851.50,1855.59,1854.38,1847.09,1836.50,1826.28,1816.12,1803.41,1791.63,1775.70,1749.98,1720.89,1697.80,1682.60,1667.97,1658.96,1655.95,1660.68,1673.92,1688.18,1693.22,1692.78,1690.16,1685.80,1678.52,1665.37,1651.42,1641.42,1630.85,1620.84,1612.94,1607.05,1600.79,1590.72,1577.71,1569.71,1553.56,1540.56,1527.55,1509.47,1491.32,1474.47,1457.87,1446.20,1425.73,1411.43,1391.19,1369.86,1346.86,1329.68,1310.97,1296.73,1305.30,1319.00,1332.03,1342.61,1350.13,1353.26,1349.99,1341.07,1331.27,1328.40,1321.73,1306.03,1281.32,1269.82,1271.95,1270.13,1259.74,1242.59,1241.70,1225.92,1211.14,1219.67,1222.39,1223.88,1230.81,1228.34,1233.38,1245.33,1249.72,1259.45,1261.76,1259.64,1251.14,1235.63,1213.35,1200.41,1201.72,1209.51,1228.01,1236.66,1240.55,1242.68,1239.46,1233.02,1227.33,1219.83,1204.23,1189.68,1175.37,1153.83,1123.81,1102.76,1102.45,1101.95,1089.33,1068.71,1045.09,1020.34,1003.12,991.21,984.23,986.44,985.47,987.92,984.54,981.23,967.69,955.94,944.42,937.79,936.05,932.10,926.34,915.43,905.43,896.27,887.26,877.74,870.69,875.27,884.99,891.87,895.41,898.13,907.61,918.37,917.16,904.42,891.23,880.17,871.63,869.99,862.63,843.01,820.25,811.13,808.67,807.42,807.20,808.11,809.69,817.75,833.22,846.49,856.27,866.87,878.60,892.07,906.39,919.68,935.05,946.58,950.70,959.18,963.95,960.57,962.43,961.35,943.30,916.35,900.41,911.57,911.24,907.29,897.99,883.59,879.38,871.84,861.47,858.39,848.55,840.66,828.14,817.99,807.89,792.98,784.52,781.33,780.83
1774.41,1768.76,1776.13,1783.08,1783.91,1779.63,1770.83,1769.04,1773.31,1774.82,1773.63,1765.81,1767.28,1777.52,1787.01,1793.04,1795.68,1798.20,1800.39,1800.54,1802.74,1806.78,1809.57,1808.73,1807.37,1813.45,1822.74,1831.88,1843.93,1854.00,1865.30,1876.40,1884.85,1889.63,1892.54,1895.64,1896.58,1894.91,1892.04,1886.18,1877.88,1870.12,1862.23,1863.46,1866.46,1862.39,1850.76,1832.72,1832.37,1842.19,1847.74,1851.03,1852.25,1848.72,1845.68,1849.18,1849.51,1839.14,1822.90,1808.82,1810.36,1825.22,1836.02,1844.84,1852.77,1859.97,1862.94,1862.02,1856.78,1845.60,1831.88,1818.63,1804.83,1790.28,1773.07,1751.57,1728.27,1709.37,1699.11,1684.59,1670.38,1655.55,1646.90,1652.91,1668.17,1677.45,1678.69,1677.23,1670.60,1656.29,1645.13,1640.00,1632.89,1623.83,1613.45,1604.12,1597.49,1588.98,1576.13,1560.36,1555.25,1545.71,1533.27,1523.39,1508.12,1490.97,1470.21,1455.08,1441.26,1424.81,1413.70,1395.10,1373.63,1354.90,1332.72,1310.50,1308.89,1324.41,1338.01,1353.94,1370.86,1379.23,1379.07,1370.74,1363.65,1357.52,1347.65,1328.72,1306.59,1294.00,1296.93,1299.41,1295.63,1276.89,1260.18,1258.82,1241.19,1233.77,1245.59,1248.84,1246.83,1251.89,1253.01,1255.58,1268.38,1272.90,1278.10,1282.63,1277.72,1260.63,1241.02,1224.00,1223.14,1226.66,1231.61,1242.22,1251.53,1252.46,1247.00,1236.78,1227.92,1222.70,1214.05,1192.71,1172.59,1160.03,1146.77,1123.94,1098.72,1083.55,1074.95,1069.36,1053.19,1029.24,1010.41,1000.65,998.49,997.54,999.52,997.94,999.99,993.94,980.21,966.68,953.48,948.20,943.55,934.63,927.43,924.93,920.75,914.57,906.64,895.88,885.62,870.99,865.71,873.14,882.74,885.77,888.53,898.30,909.44,911.17,899.27,882.69,877.89,868.45,863.45,856.87,840.28,817.18,810.09,808.59,807.68,808.21,809.09,812.51,824.60,841.10,855.43,869.75,884.16,896.19,906.55,919.05,934.19,952.30,964.79,973.68,979.09,979.16,971.12,971.85,966.66,944.36,919.25,910.85,929.12,934.37,932.53,923.52,907.35,898.33,890.41,882.92,879.02,872.09,861.06,845.21,834.87,822.63,806.53,794.55,788.19,785.94
1751.22,1750.69,1755.76,1757.62,1757.25,1754.51,1748.63,1747.30,1751.25,1754.59,1756.23,1764.48,1779.39,1791.44,1800.83,1808.97,1810.07,1811.33,1812.47,1812.16,1814.34,1816.40,1821.09,1821.78,1818.41,1817.23,1826.52,1838.79,1850.82,1860.84,1871.73,1882.88,1889.86,1891.87,1893.53,1894.71,1894.66,1893.10,1890.85,1885.16,1879.86,1874.65,1868.46,1867.72,1869.86,1864.52,1850.46,1836.10,1842.89,1850.55,1855.06,1858.42,1859.39,1856.27,1855.09,1857.21,1855.02,1845.13,1829.96,1814.64,1816.31,1831.50,1841.86,1850.38,1858.71,1864.97,1867.87,1867.42,1865.06,1858.60,1843.13,1826.70,1813.00,1798.88,1780.99,1757.95,1735.71,1721.41,1710.88,1696.81,1684.49,1669.91,1652.39,1641.51,1647.96,1660.03,1664.28,1662.16,1653.50,1643.47,1632.89,1625.10,1619.68,1612.54,1602.36,1594.34,1587.26,1576.11,1563.19,1547.31,1542.90,1536.68,1526.85,1518.07,1505.48,1491.84,1469.64,1453.32,1439.16,1426.51,1416.46,1402.64,1380.84,1358.10,1331.06,1313.97,1329.45,1347.86,1362.93,1377.31,1395.34,1405.83,1403.85,1394.58,1388.53,1375.18,1357.00,1332.35,1315.40,1319.20,1322.80,1319.30,1306.82,1287.11,1280.58,1271.93,1254.35,1254.50,1266.44,1271.45,1268.82,1269.40,1275.70,1276.81,1287.50,1293.36,1298.80,1301.21,1288.05,1264.58,1245.75,1243.12,1248.62,1253.53,1255.45,1258.71,1260.60,1254.78,1244.87,1229.80,1221.09,1207.04,1196.11,1180.05,1159.32,1146.04,1138.09,1122.07,1104.46,1085.89,1063.34,1049.69,1034.49,1020.11,1011.23,1008.89,1012.75,1011.47,1012.23,1011.18,1010.85,999.47,985.57,976.01,965.40,954.13,939.97,933.82,934.80,932.61,926.16,918.47,909.11,898.32,887.48,877.21,865.33,861.36,870.56,876.88,880.67,884.84,893.24,898.07,890.72,872.85,868.73,863.88,858.27,850.08,834.38,813.37,809.42,808.54,808.53,809.17,810.74,815.61,827.36,842.86,859.60,875.63,893.28,908.98,920.46,930.35,946.27,963.79,977.57,988.84,991.72,987.27,976.29,980.87,973.17,950.87,927.14,922.63,946.43,954.74,953.47,949.99,932.30,920.73,912.92,907.73,900.19,891.68,881.22,866.38,853.85,840.31,825.38,814.90,802.71,794.55
1727.23,1728.63,1731.42,1732.07,1734.21,1737.13,1740.86,1747.43,1753.58,1755.13,1760.39,1774.36,1789.59,1801.66,1816.31,1826.67,1828.32,1824.06,1822.11,1821.00,1824.79,1826.09,1829.11,1828.60,1824.65,1821.75,1828.32,1840.02,1853.62,1864.08,1874.63,1885.14,1890.58,1891.60,1892.20,1892.86,1893.07,1891.99,1890.20,1886.76,1883.21,1879.03,1874.10,1873.76,1874.74,1868.49,1855.17,1843.50,1851.41,1858.49,1862.68,1865.54,1865.92,1864.37,1865.09,1864.19,1857.78,1845.50,1827.98,1817.13,1825.45,1838.48,1848.13,1857.17,1865.17,1870.11,1871.75,1871.54,1870.58,1866.42,1856.02,1835.89,1820.38,1802.73,1784.12,1762.14,1745.16,1736.16,1727.49,1712.80,1699.52,1684.41,1664.51,1646.95,1636.22,1640.38,1645.32,1644.00,1638.93,1632.37,1623.29,1614.29,1604.73,1596.89,1586.31,1580.46,1572.90,1560.13,1548.99,1533.06,1522.88,1520.32,1514.88,1508.15,1498.14,1488.98,1470.51,1453.71,1439.80,1426.11,1413.95,1401.64,1380.38,1354.17,1328.68,1325.41,1346.97,1372.35,1391.66,1402.89,1413.17,1425.25,1423.59,1415.81,1405.88,1388.51,1366.96,1343.64,1333.00,1340.91,1343.37,1335.24,1314.33,1302.92,1299.09,1281.68,1267.63,1276.44,1287.65,1289.64,1287.65,1287.92,1297.00,1299.45,1308.08,1316.04,1318.77,1313.71,1295.25,1268.33,1259.48,1263.45,1270.16,1273.35,1271.93,1267.97,1256.45,1246.63,1234.88,1220.40,1208.47,1190.64,1178.64,1167.40,1151.92,1136.05,1125.48,1113.47,1099.90,1081.22,1059.27,1041.84,1025.71,1018.55,1018.40,1026.03,1029.87,1024.79,1020.03,1023.02,1021.59,1008.58,992.51,978.89,964.12,947.64,941.57,944.40,942.55,933.19,930.41,927.84,917.13,899.16,890.34,885.04,874.69,860.87,858.55,868.44,873.75,873.39,875.92,879.22,874.12,864.88,859.61,856.35,852.48,845.42,826.45,811.57,809.34,808.87,809.91,811.15,814.34,820.68,837.22,851.41,861.74,873.83,889.53,906.32,924.46,936.89,952.29,971.26,987.31,997.28,996.32,989.00,985.31,989.79,978.97,959.63,937.36,928.19,951.54,966.09,966.84,969.21,959.96,947.23,936.26,928.98,923.29,913.71,898.80,884.96,871.76,858.22,845.76,836.83,816.64,807.87
1731.75,1739.37,1738.56,1738.02,1746.93,1756.31,1759.94,1765.23,1772.56,1772.58,1771.09,1778.65,1793.31,1807.49,1824.53,1840.20,1848.22,1841.08,1833.25,1834.11,1836.48,1837.53,1842.46,1842.44,1833.89,1830.66,1835.29,1840.13,1851.97,1863.17,1873.42,1882.27,1887.60,1889.32,1890.23,1890.97,1891.41,1891.28,1890.88,1889.65,1885.68,1882.55,1882.00,1881.77,1879.70,1871.80,1859.13,1851.76,1860.25,1865.92,1870.65,1873.37,1873.78,1873.00,1872.87,1867.59,1853.95,1835.58,1822.18,1823.83,1835.13,1845.96,1855.96,1865.07,1872.13,1874.42,1874.83,1874.14,1872.43,1869.08,1861.23,1844.86,1828.70,1814.97,1798.89,1779.47,1763.35,1751.59,1739.37,1725.63,1710.66,1694.78,1671.40,1653.10,1635.97,1628.91,1626.11,1621.87,1617.87,1613.27,1607.66,1601.65,1593.66,1579.02,1566.96,1564.71,1558.22,1543.66,1531.46,1518.61,1500.94,1495.36,1491.83,1488.72,1484.83,1477.02,1462.87,1453.99,1442.82,1426.03,1409.91,1392.05,1368.67,1346.34,1333.90,1347.41,1363.86,1386.77,1410.21,1424.66,1433.20,1442.70,1442.04,1433.72,1419.99,1402.33,1377.78,1356.37,1357.52,1367.01,1365.11,1352.10,1328.12,1320.91,1310.00,1292.69,1289.36,1295.37,1306.15,1309.52,1309.27,1309.73,1318.95,1322.92,1328.36,1335.89,1329.82,1318.19,1298.05,1280.03,1281.42,1286.81,1291.12,1288.67,1277.87,1264.92,1247.41,1231.01,1214.07,1200.08,1190.66,1174.25,1159.83,1154.39,1144.60,1128.74,1111.42,1096.37,1083.37,1065.41,1050.14,1037.56,1031.52,1032.41,1038.62,1045.67,1039.80,1031.58,1030.68,1034.08,1029.83,1019.15,998.56,979.10,962.47,950.99,954.46,955.11,944.37,941.18,944.82,936.22,919.87,902.25,900.96,894.15,881.15,867.49,853.40,856.81,863.05,862.23,863.63,862.28,856.30,854.96,850.72,848.48,845.87,836.66,819.36,811.89,809.44,809.68,812.13,815.19,819.03,832.72,850.44,862.46,875.21,886.90,896.25,904.99,922.33,938.86,956.38,974.94,992.55,1002.44,998.63,990.87,997.01,998.06,985.27,967.31,945.92,934.59,949.60,964.34,980.38,986.81,983.09,972.03,961.98,951.97,942.52,932.28,917.50,905.03,889.27,873.02,860.12,843.80,826.20,821.92
1756.45,1764.38,1764.06,1758.64,1769.17,1777.22,1778.10,1780.71,1788.38,1790.59,1787.93,1788.80,1794.70,1805.70,1823.80,1845.94,1858.13,1857.40,1847.57,1847.54,1850.46,1851.66,1855.32,1857.64,1852.17,1843.38,1851.18,1855.78,1858.48,1862.70,1868.57,1875.93,1881.84,1884.52,1887.11,1888.69,1890.11,1891.13,1892.65,1892.29,1890.74,1889.95,1888.60,1886.90,1882.27,1872.96,1860.31,1860.80,1867.49,1872.73,1877.40,1880.38,1881.29,1880.55,1875.99,1867.90,1853.03,1832.61,1825.09,1834.03,1844.63,1854.53,1864.46,1873.10,1878.87,1879.10,1876.78,1873.82,1871.30,1868.76,1863.84,1854.58,1840.76,1828.48,1814.71,1796.21,1778.15,1763.55,1748.43,1728.86,1710.07,1691.44,1673.57,1655.74,1638.94,1637.44,1638.64,1630.72,1620.51,1606.51,1591.99,1583.10,1577.13,1565.08,1552.81,1545.19,1539.63,1525.69,1510.50,1502.13,1486.78,1476.59,1467.03,1463.42,1463.76,1459.09,1451.79,1447.67,1437.62,1421.19,1405.32,1382.10,1357.74,1343.37,1352.73,1371.61,1392.51,1408.05,1420.60,1438.30,1450.43,1457.81,1456.63,1450.07,1435.32,1414.29,1390.02,1377.20,1385.86,1393.06,1384.71,1363.55,1350.29,1343.38,1321.13,1307.08,1308.56,1315.95,1329.67,1333.70,1332.22,1331.24,1341.28,1347.86,1349.76,1351.76,1339.73,1320.85,1303.89,1300.93,1307.91,1309.39,1303.62,1292.07,1273.61,1255.69,1241.05,1220.46,1198.96,1183.09,1170.28,1155.41,1141.21,1135.60,1129.09,1117.56,1103.35,1084.79,1066.75,1055.63,1050.38,1049.67,1051.27,1052.27,1055.51,1055.33,1048.41,1045.10,1044.33,1048.46,1040.49,1025.10,1010.98,990.26,976.05,961.92,965.65,960.69,951.26,954.23,952.39,937.13,918.73,908.86,916.71,904.40,887.53,872.06,855.83,848.17,846.07,845.41,848.06,848.41,847.16,846.69,845.66,843.18,838.64,824.00,816.09,811.01,810.15,812.02,815.11,818.76,829.23,846.25,860.34,875.30,892.21,905.54,914.63,920.53,932.23,948.99,964.67,980.60,998.38,1007.31,1001.71,997.40,1007.34,1007.16,993.78,973.79,950.77,948.47,962.07,971.18,981.65,997.34,1004.31,998.50,986.14,976.07,964.90,951.40,935.83,924.50,905.31,885.74,869.88,852.34,843.14,840.44
1775.88,1783.97,1782.35,1779.42,1789.62,1795.91,1796.41,1797.61,1804.18,1808.47,1808.91,1810.43,1810.72,1809.59,1820.02,1845.47,1860.16,1864.60,1861.06,1861.14,1862.61,1863.93,1867.13,1871.20,1868.45,1858.50,1862.76,1867.82,1871.12,1873.47,1875.07,1876.74,1878.84,1881.43,1884.01,1886.26,1888.52,1891.32,1894.74,1896.40,1897.23,1896.71,1895.21,1891.68,1883.52,1874.12,1864.24,1869.75,1876.33,1880.06,1883.73,1885.79,1884.90,1881.36,1875.62,1866.68,1853.30,1833.80,1830.76,1842.50,1853.89,1863.39,1872.29,1880.01,1882.80,1880.35,1874.51,1870.63,1868.16,1865.48,1862.96,1859.03,1849.32,1838.44,1824.80,1807.19,1787.69,1771.13,1754.30,1735.66,1718.88,1702.45,1687.88,1666.95,1650.04,1657.82,1661.62,1660.12,1652.63,1636.36,1609.19,1585.82,1562.87,1549.16,1539.84,1529.28,1518.50,1504.76,1490.72,1484.32,1474.44,1462.16,1447.81,1441.23,1439.86,1436.69,1431.22,1425.80,1419.93,1408.84,1393.97,1369.88,1352.71,1354.99,1374.81,1395.84,1415.20,1433.72,1442.71,1450.65,1465.21,1475.62,1475.95,1465.74,1450.57,1427.68,1407.03,1403.78,1410.23,1413.15,1399.38,1377.52,1374.38,1362.37,1336.34,1327.49,1333.64,1338.43,1352.25,1358.19,1355.18,1351.63,1361.66,1370.53,1369.80,1363.60,1346.14,1328.49,1321.78,1323.87,1325.68,1321.10,1305.95,1285.24,1263.54,1245.06,1230.80,1212.07,1197.22,1185.59,1173.37,1161.83,1149.73,1131.47,1114.29,1103.65,1092.12,1081.00,1077.44,1075.85,1070.31,1071.00,1073.90,1075.15,1073.88,1071.07,1067.99,1062.13,1056.15,1053.09,1045.24,1029.76,1017.79,1004.48,988.30,970.58,976.73,968.57,967.79,964.62,952.17,935.57,917.63,918.23,923.37,909.42,890.91,876.37,865.97,855.86,850.26,841.62,838.60,840.16,841.24,840.36,840.47,836.56,828.08,818.75,815.10,812.04,813.15,816.12,820.26,829.46,844.54,861.16,874.35,891.95,908.39,921.01,932.56,943.02,948.32,960.16,976.46,993.77,1006.81,1014.57,1007.51,1006.02,1016.87,1015.02,1000.98,977.06,953.19,955.99,975.75,991.05,996.11,1005.39,1014.06,1014.48,1005.20,994.87,983.48,964.08,952.24,942.39,921.60,900.33,883.04,869.27,859.47,859.69
1791.36,1800.09,1798.19,1802.57,1811.11,1814.92,1813.88,1812.48,1818.66,1827.28,1832.09,1834.06,1834.09,1829.90,1824.89,1843.52,1861.85,1870.66,1873.59,1874.59,1875.13,1877.72,1881.74,1884.08,1881.64,1871.68,1873.21,1880.25,1884.80,1887.55,1889.76,1891.18,1889.80,1885.16,1884.52,1886.82,1889.04,1893.45,1897.64,1900.71,1901.55,1902.45,1901.05,1893.56,1884.23,1875.90,1872.23,1878.38,1883.07,1885.83,1889.11,1889.81,1884.84,1878.20,1872.13,1860.84,1848.21,1832.89,1837.94,1850.54,1861.16,1869.85,1879.16,1884.52,1884.84,1879.98,1871.16,1866.27,1863.11,1860.94,1858.79,1855.65,1850.79,1840.99,1829.57,1815.49,1798.16,1783.34,1768.71,1752.15,1733.28,1716.92,1697.31,1674.66,1662.02,1672.31,1679.78,1681.43,1674.40,1656.06,1628.47,1603.69,1579.54,1557.35,1547.61,1536.34,1529.09,1515.83,1497.05,1485.83,1471.90,1461.38,1448.98,1437.40,1425.25,1414.55,1406.24,1401.70,1398.60,1390.34,1374.21,1360.35,1356.52,1374.21,1397.58,1415.89,1435.68,1457.61,1467.35,1470.20,1483.15,1494.59,1493.16,1482.12,1460.26,1441.56,1431.19,1425.71,1430.49,1427.95,1410.23,1399.20,1390.58,1372.15,1352.25,1354.72,1359.56,1361.59,1376.08,1383.99,1382.91,1376.19,1381.30,1392.18,1389.31,1374.84,1354.01,1343.63,1341.23,1340.81,1336.98,1325.58,1303.49,1277.73,1257.59,1246.35,1235.69,1222.81,1212.91,1205.61,1197.53,1182.83,1164.59,1142.20,1121.87,1105.60,1102.55,1101.63,1101.87,1099.70,1093.64,1094.61,1096.96,1097.37,1094.67,1088.26,1080.42,1069.23,1056.87,1047.42,1038.52,1029.18,1022.76,1014.48,996.05,980.03,988.92,983.18,981.17,967.56,949.87,934.00,921.88,930.34,927.29,912.90,901.46,888.88,877.58,866.76,857.24,849.06,838.43,835.84,836.37,834.79,832.71,827.57,821.80,817.89,814.70,814.03,817.15,822.51,833.78,846.61,862.77,885.28,899.78,910.71,923.95,937.23,951.68,961.09,966.25,972.84,990.63,1007.19,1018.65,1022.21,1014.32,1018.85,1027.10,1018.57,997.95,973.45,955.01,961.50,987.74,1005.48,1012.80,1015.56,1021.17,1024.88,1021.21,1012.13,998.14,973.57,967.02,957.97,935.59,917.72,903.77,882.84,872.80,873.86
1803.35,1815.58,1818.22,1822.61,1828.58,1833.78,1834.66,1831.94,1838.80,1847.67,1853.07,1855.78,1854.39,1848.97,1840.05,1844.12,1862.09,1875.86,1883.36,1886.03,1888.14,1892.56,1896.56,1897.73,1892.50,1883.52,1887.40,1894.00,1898.35,1901.39,1903.21,1903.15,1899.43,1891.53,1887.22,1889.68,1894.08,1898.07,1901.26,1905.26,1906.97,1907.28,1906.53,1898.05,1890.55,1883.30,1879.18,1884.09,1888.00,1890.50,1891.76,1890.68,1884.85,1876.70,1867.54,1853.69,1841.72,1837.08,1845.99,1856.92,1866.22,1874.82,1884.50,1889.18,1886.25,1879.85,1870.45,1863.08,1857.85,1853.91,1851.05,1847.90,1842.69,1835.72,1827.86,1816.89,1804.56,1791.12,1774.07,1757.35,1738.49,1719.53,1697.65,1677.02,1676.91,1688.15,1695.07,1695.13,1686.20,1664.17,1637.48,1612.16,1588.23,1577.32,1570.90,1560.81,1556.10,1543.25,1519.87,1501.45,1493.33,1488.38,1475.43,1458.13,1441.56,1425.63,1405.83,1397.24,1393.87,1386.30,1376.04,1368.73,1365.91,1392.63,1415.49,1435.18,1458.35,1478.39,1493.18,1496.52,1500.96,1508.30,1505.30,1491.50,1471.92,1463.54,1457.05,1449.52,1450.56,1443.63,1426.87,1418.04,1401.76,1379.35,1373.63,1380.01,1385.56,1386.65,1395.67,1404.38,1406.84,1402.55,1402.66,1408.79,1403.49,1386.18,1369.11,1364.42,1361.27,1355.61,1345.03,1328.41,1305.61,1281.93,1269.72,1264.32,1255.13,1241.23,1231.27,1222.42,1211.01,1190.94,1168.08,1145.92,1124.89,1115.65,1122.20,1124.48,1120.39,1114.07,1111.82,1113.51,1114.47,1109.14,1102.36,1091.16,1077.58,1063.51,1048.95,1037.37,1032.04,1025.44,1020.26,1012.78,993.57,990.82,998.59,992.53,981.93,963.99,945.49,934.13,938.17,941.88,933.94,927.79,920.67,906.26,889.49,878.93,866.62,852.07,837.20,831.81,832.08,830.04,826.53,821.88,818.76,816.53,815.40,818.36,827.23,839.73,850.39,866.07,884.42,906.94,924.29,932.64,940.36,954.80,968.46,980.20,989.87,993.25,1004.67,1019.53,1028.02,1025.16,1019.66,1030.43,1031.92,1017.25,995.71,974.91,959.69,968.19,994.37,1010.54,1021.38,1026.17,1035.04,1038.57,1032.07,1023.09,1009.83,991.15,982.32,969.30,950.45,937.16,919.88,898.41,891.01,888.23
1810.20,1827.06,1839.71,1844.17,1846.48,1853.83,1855.59,1852.06,1857.37,1864.06,1869.63,1873.42,1873.44,1867.99,1855.84,1849.23,1860.66,1878.40,1890.58,1895.70,1900.40,1904.28,1906.73,1908.37,1905.10,1896.69,1901.53,1906.35,1909.98,1912.97,1914.42,1912.84,1906.16,1895.54,1891.87,1896.84,1901.90,1905.50,1907.98,1911.63,1914.03,1913.17,1912.43,1907.97,1899.61,1889.72,1885.61,1889.91,1893.03,1893.96,1891.85,1888.51,1881.96,1875.32,1865.13,1850.22,1842.15,1846.63,1853.80,1861.98,1870.23,1878.19,1888.27,1891.91,1887.79,1880.12,1870.78,1862.64,1856.09,1849.09,1841.69,1837.96,1834.29,1828.38,1821.25,1810.62,1800.05,1784.12,1765.62,1750.94,1733.86,1714.91,1693.85,1685.23,1693.76,1704.10,1709.97,1707.34,1693.42,1665.32,1638.45,1618.52,1609.83,1608.34,1600.28,1588.01,1576.33,1556.08,1529.59,1515.53,1510.69,1509.24,1500.59,1476.48,1458.06,1439.97,1425.12,1423.01,1421.23,1412.51,1399.32,1384.84,1376.35,1403.48,1433.16,1457.92,1479.59,1499.06,1515.27,1520.88,1519.71,1522.83,1519.28,1502.58,1495.55,1490.68,1479.73,1468.95,1466.64,1458.15,1447.56,1436.28,1413.28,1398.75,1400.66,1405.18,1408.98,1409.88,1413.80,1420.92,1420.36,1413.18,1410.10,1410.16,1406.38,1397.47,1387.92,1381.66,1372.31,1361.23,1347.39,1331.28,1312.60,1299.93,1294.75,1283.69,1270.82,1257.85,1244.72,1231.49,1212.63,1187.81,1164.76,1143.95,1125.79,1130.84,1145.56,1152.53,1149.51,1141.62,1137.58,1132.23,1126.59,1114.34,1101.98,1084.85,1068.07,1053.33,1038.13,1028.69,1019.80,1013.41,1008.38,1000.53,994.33,1003.38,1002.57,989.59,972.35,954.71,946.26,950.68,956.90,956.45,945.98,935.14,927.16,915.75,901.17,885.96,867.84,849.91,834.74,828.22,827.68,825.95,822.57,819.40,817.74,817.01,818.47,827.28,845.03,858.66,871.28,888.45,906.87,927.29,944.97,956.78,960.00,970.47,986.05,999.70,1008.53,1014.09,1021.45,1029.85,1032.56,1026.96,1029.60,1037.95,1034.86,1025.17,1009.28,994.89,973.80,973.85,998.20,1012.60,1024.75,1035.98,1044.47,1049.05,1044.53,1029.50,1016.63,1007.08,994.78,977.25,964.86,949.01,931.71,915.85,912.32,908.87
1810.83,1831.29,1850.80,1861.10,1866.76,1872.75,1873.42,1870.71,1875.49,1883.52,1890.46,1893.74,1892.63,1886.91,1873.52,1862.96,1867.09,1878.92,1895.35,1903.31,1908.85,1913.28,1916.80,1918.40,1915.52,1908.51,1912.60,1917.41,1921.65,1924.19,1923.97,1921.05,1911.67,1899.96,1900.66,1905.65,1911.21,1915.68,1919.81,1922.74,1922.33,1919.93,1918.05,1912.59,1902.24,1894.05,1893.19,1896.25,1896.05,1892.03,1887.11,1881.94,1877.38,1872.74,1863.27,1849.39,1850.68,1859.34,1865.22,1871.79,1877.94,1883.49,1891.31,1893.91,1889.64,1881.65,1871.66,1863.76,1856.34,1848.02,1838.14,1832.22,1827.05,1819.34,1809.88,1799.88,1786.50,1769.07,1754.03,1738.76,1724.48,1712.28,1703.89,1702.02,1713.56,1722.48,1723.62,1715.48,1693.61,1663.38,1644.31,1645.58,1646.46,1638.09,1628.42,1614.12,1597.03,1569.62,1550.19,1537.97,1536.85,1525.15,1509.72,1483.97,1464.40,1451.90,1451.52,1453.15,1449.35,1436.05,1417.19,1400.39,1387.69,1408.43,1443.85,1471.94,1495.00,1516.23,1537.20,1543.99,1542.78,1542.31,1537.97,1528.26,1522.04,1511.82,1497.42,1488.53,1484.60,1476.25,1468.57,1453.64,1429.69,1422.64,1422.81,1424.45,1428.51,1430.18,1428.32,1424.45,1411.03,1397.24,1396.09,1397.48,1398.59,1396.21,1391.78,1386.15,1376.88,1365.91,1353.66,1339.48,1325.51,1317.30,1306.19,1290.59,1273.94,1261.12,1243.57,1226.50,1206.24,1179.30,1158.30,1139.11,1134.72,1152.38,1166.94,1173.51,1169.91,1162.70,1151.77,1139.64,1127.75,1110.05,1095.63,1075.25,1058.23,1042.57,1033.12,1023.05,1019.26,1016.29,1011.27,1004.74,1008.26,1010.97,999.96,982.16,966.23,958.74,961.86,968.64,969.35,957.10,938.85,926.88,916.42,905.59,894.20,878.55,859.22,844.63,831.05,826.11,824.08,822.53,820.62,818.87,818.20,819.15,825.20,842.69,859.31,873.99,889.58,908.53,929.04,949.79,965.57,979.73,983.81,987.57,1000.37,1009.88,1020.62,1029.40,1036.71,1036.31,1035.76,1032.49,1043.17,1047.27,1044.36,1037.85,1024.81,1013.16,991.56,980.32,1003.22,1016.14,1029.35,1042.55,1050.33,1056.66,1055.92,1040.87,1029.48,1018.58,1004.06,991.37,976.46,958.56,944.28,934.82,932.69,929.56
1812.75,1836.13,1855.30,1868.69,1880.73,1889.72,1891.58,1890.25,1894.28,1900.79,1906.41,1909.93,1907.94,1901.66,1890.50,1879.53,1885.97,1890.41,1897.63,1909.13,1918.17,1923.04,1925.89,1927.88,1926.01,1920.56,1923.96,1929.91,1934.30,1935.48,1931.93,1925.00,1915.24,1906.09,1908.39,1914.77,1920.95,1926.89,1930.86,1930.99,1929.33,1926.76,1924.19,1916.69,1908.38,1904.08,1905.11,1901.68,1895.49,1889.08,1882.13,1877.22,1873.55,1869.10,1859.74,1853.86,1861.51,1869.53,1876.42,1882.50,1887.29,1891.43,1895.38,1896.32,1892.66,1887.50,1877.01,1868.03,1858.52,1847.69,1836.85,1827.83,1820.97,1813.56,1803.80,1794.48,1785.82,1775.29,1764.38,1747.52,1733.27,1730.16,1723.51,1723.88,1734.16,1738.58,1732.98,1713.46,1693.41,1679.64,1677.13,1681.32,1677.49,1666.12,1653.04,1632.23,1611.76,1595.39,1577.34,1562.98,1550.09,1530.49,1515.88,1497.54,1485.39,1479.19,1481.30,1479.21,1469.28,1454.16,1436.31,1415.30,1400.45,1416.63,1452.14,1480.52,1506.84,1532.26,1551.83,1558.01,1560.52,1559.60,1556.07,1549.44,1540.33,1528.56,1516.62,1511.98,1506.59,1497.89,1485.44,1468.84,1454.05,1449.34,1447.43,1447.75,1448.27,1443.34,1433.57,1417.67,1396.45,1382.93,1381.64,1384.82,1387.15,1387.38,1385.20,1382.07,1377.12,1370.82,1362.12,1349.55,1335.22,1319.81,1304.80,1287.22,1269.40,1258.00,1237.89,1217.82,1195.26,1169.79,1151.65,1144.15,1154.44,1170.49,1184.12,1183.76,1175.01,1164.47,1150.47,1136.66,1118.61,1102.30,1085.90,1064.16,1049.77,1038.25,1032.55,1027.11,1024.17,1020.48,1014.03,1011.59,1013.96,1009.84,994.11,981.50,973.30,977.50,981.29,983.29,973.39,957.52,938.12,926.65,914.85,896.12,879.95,864.61,849.47,835.79,828.56,825.88,823.82,822.21,820.59,819.72,820.14,824.46,840.53,857.01,874.21,891.84,905.26,924.90,947.18,967.54,988.43,1001.06,1006.99,1007.55,1012.64,1022.79,1033.43,1042.64,1047.05,1044.97,1045.24,1046.00,1055.27,1058.52,1054.35,1045.33,1045.56,1031.05,1003.31,986.16,1006.33,1019.39,1032.18,1047.24,1054.61,1063.15,1066.01,1056.74,1041.98,1027.78,1014.56,1004.02,983.73,971.42,963.63,953.29,948.50,944.31
1824.33,1843.17,1860.58,1877.00,1891.60,1900.84,1906.38,1909.63,1911.80,1916.05,1922.37,1926.63,1922.80,1914.96,1903.55,1893.85,1903.39,1908.20,1906.11,1917.19,1926.62,1931.73,1936.26,1938.58,1937.33,1935.08,1940.50,1947.20,1949.01,1946.23,1940.35,1930.49,1919.48,1912.90,1917.82,1924.20,1930.91,1936.66,1938.82,1937.95,1936.08,1934.33,1930.79,1924.91,1920.42,1915.69,1912.63,1906.53,1899.39,1893.20,1888.16,1878.87,1871.96,1865.09,1860.80,1863.56,1869.63,1877.62,1884.42,1890.78,1895.66,1899.01,1900.81,1898.98,1895.18,1891.05,1881.56,1870.67,1859.57,1846.32,1835.73,1831.14,1828.80,1824.45,1818.75,1811.39,1803.21,1792.47,1778.97,1760.76,1749.00,1749.62,1743.72,1741.16,1751.25,1751.88,1740.94,1720.51,1713.48,1704.45,1707.57,1711.21,1698.68,1683.20,1664.62,1642.52,1625.31,1612.58,1593.43,1574.44,1550.71,1533.58,1529.25,1523.11,1508.89,1503.01,1506.62,1505.11,1491.08,1469.66,1451.98,1427.21,1412.30,1436.83,1467.27,1494.32,1518.52,1543.96,1555.63,1561.05,1563.31,1563.00,1561.32,1556.24,1546.70,1538.25,1527.81,1518.59,1512.37,1507.07,1497.84,1485.98,1477.07,1470.09,1465.83,1460.25,1451.89,1441.35,1426.54,1404.38,1382.71,1367.13,1365.04,1369.15,1373.61,1373.96,1374.78,1377.11,1375.61,1372.13,1364.18,1351.65,1335.78,1313.44,1299.44,1274.78,1259.54,1249.58,1230.95,1206.52,1184.02,1167.86,1162.10,1161.46,1171.70,1185.10,1191.08,1180.16,1164.24,1150.45,1139.48,1128.77,1109.19,1092.16,1073.62,1058.43,1048.79,1042.71,1037.38,1030.52,1024.75,1019.69,1017.03,1017.20,1016.70,1011.70,1004.13,995.57,990.45,995.47,994.56,986.99,972.41,956.89,940.70,930.62,914.69,892.98,873.41,856.05,841.31,829.92,827.53,825.64,823.82,822.24,821.83,822.15,824.71,834.72,853.17,870.40,890.30,908.00,921.80,939.09,961.50,985.84,1005.05,1019.13,1022.82,1022.36,1029.41,1040.25,1046.65,1051.26,1057.15,1059.88,1059.22,1057.41,1065.44,1067.85,1060.27,1055.77,1060.13,1045.03,1010.70,992.04,1003.95,1018.06,1032.05,1049.53,1060.63,1072.30,1075.14,1071.38,1055.99,1041.69,1028.05,1013.31,998.20,990.61,981.26,971.34,962.13,952.75
1842.38,1847.69,1863.74,1882.38,1897.44,1908.65,1918.39,1926.03,1930.97,1934.12,1939.72,1940.56,1935.57,1926.31,1913.90,1905.64,1917.34,1922.45,1921.92,1928.56,1936.78,1943.13,1946.69,1947.13,1947.05,1951.13,1958.56,1962.59,1961.36,1954.69,1945.65,1935.25,1925.07,1923.19,1926.68,1932.70,1939.38,1942.04,1942.17,1941.08,1940.42,1939.82,1935.55,1928.92,1924.54,1920.52,1915.60,1910.51,1903.55,1896.79,1891.01,1879.75,1871.32,1868.00,1873.00,1877.75,1879.30,1884.45,1891.45,1900.01,1905.55,1907.27,1905.26,1900.40,1895.84,1891.25,1881.78,1870.05,1858.16,1846.39,1843.20,1842.96,1842.33,1838.83,1835.41,1827.56,1816.98,1803.29,1789.51,1771.91,1765.58,1765.80,1762.23,1760.26,1767.54,1763.34,1751.69,1743.18,1736.65,1723.67,1729.70,1727.05,1710.10,1689.98,1669.80,1647.37,1633.54,1623.86,1608.30,1592.22,1568.60,1551.10,1550.82,1541.61,1530.62,1526.91,1527.88,1517.92,1498.07,1475.57,1454.19,1430.24,1425.20,1453.38,1485.55,1510.74,1530.52,1546.11,1552.19,1553.53,1553.94,1553.81,1554.22,1550.48,1540.42,1527.29,1515.20,1501.21,1495.90,1496.38,1498.46,1494.56,1487.34,1479.28,1471.07,1457.68,1442.81,1429.78,1414.74,1394.45,1371.55,1353.00,1350.66,1353.10,1355.59,1358.54,1367.50,1373.42,1372.84,1370.27,1363.55,1350.97,1332.14,1310.29,1292.13,1267.39,1247.14,1232.48,1218.20,1203.87,1195.83,1188.19,1183.48,1179.60,1189.49,1195.12,1188.56,1167.40,1147.87,1136.67,1129.22,1117.87,1101.80,1085.00,1067.10,1055.12,1048.13,1042.78,1036.78,1029.97,1024.61,1021.84,1021.85,1021.86,1019.85,1018.18,1015.46,1009.10,1006.38,1003.75,997.03,983.48,968.10,954.59,939.82,927.53,909.50,885.30,863.23,847.47,836.22,830.19,827.76,825.42,823.73,823.07,824.14,825.57,828.64,842.41,862.03,884.57,905.07,923.30,937.88,954.74,979.19,1001.68,1021.09,1033.13,1036.11,1038.17,1045.22,1054.95,1057.00,1060.27,1070.44,1074.27,1070.12,1068.70,1077.04,1074.49,1063.49,1065.82,1066.07,1045.51,1012.07,1001.94,1016.42,1024.77,1032.74,1047.61,1065.11,1078.29,1084.73,1082.12,1072.07,1058.23,1039.41,1023.74,1017.42,1012.16,999.80,988.10,971.40,955.90
1858.25,1860.95,1868.57,1885.56,1901.53,1915.85,1926.53,1936.74,1943.50,1948.53,1952.52,1952.40,1948.88,1937.88,1921.63,1917.26,1928.96,1934.24,1937.27,1942.84,1949.71,1953.70,1954.92,1955.83,1958.99,1965.82,1971.24,1972.68,1969.88,1962.27,1951.67,1940.55,1931.45,1933.23,1936.68,1939.47,1942.22,1944.68,1944.40,1942.47,1941.52,1940.37,1934.92,1927.96,1923.89,1920.35,1915.74,1911.08,1902.43,1894.29,1885.57,1876.87,1875.55,1881.58,1888.41,1890.90,1891.24,1893.18,1898.96,1907.79,1911.10,1910.89,1906.48,1900.08,1895.36,1890.55,1881.29,1868.81,1856.72,1854.97,1856.77,1856.43,1854.94,1852.33,1847.10,1834.51,1823.60,1813.34,1800.21,1790.17,1786.95,1785.79,1778.37,1775.48,1778.27,1771.62,1762.44,1755.91,1747.91,1740.14,1740.90,1732.61,1716.04,1695.04,1677.78,1665.25,1651.43,1636.96,1623.45,1609.86,1590.30,1573.37,1572.55,1566.03,1549.41,1537.31,1532.52,1512.73,1491.92,1469.67,1446.63,1435.94,1449.65,1472.03,1496.69,1517.65,1531.77,1538.02,1539.64,1538.00,1536.36,1536.28,1539.99,1539.81,1528.35,1507.33,1493.59,1481.32,1475.15,1475.49,1479.63,1482.89,1481.19,1472.59,1460.24,1444.03,1428.91,1414.88,1401.56,1383.40,1362.98,1342.34,1332.57,1333.48,1338.74,1350.23,1362.79,1369.59,1369.40,1365.76,1361.12,1351.43,1332.10,1310.82,1290.39,1266.37,1247.18,1231.81,1222.89,1223.17,1213.50,1210.60,1205.86,1200.33,1203.76,1199.21,1185.13,1163.43,1142.29,1127.95,1118.03,1107.51,1091.68,1077.04,1060.72,1051.06,1045.90,1041.43,1036.15,1030.67,1027.45,1025.93,1025.88,1025.85,1024.53,1023.07,1020.28,1013.64,1007.01,999.11,991.12,983.68,972.43,955.89,935.63,916.46,896.31,871.08,852.45,839.38,832.85,829.28,827.35,825.21,824.44,824.85,825.90,827.57,830.34,847.80,870.62,894.90,914.79,934.22,952.23,971.33,995.78,1015.57,1032.44,1042.76,1049.89,1054.69,1060.17,1069.68,1070.40,1074.82,1085.36,1089.43,1083.58,1081.68,1084.82,1077.05,1071.15,1071.98,1061.25,1035.75,1013.37,1027.91,1043.17,1047.66,1045.97,1049.10,1066.52,1082.17,1095.13,1095.04,1084.20,1069.91,1053.41,1045.39,1038.80,1028.77,1014.73,1001.37,981.32,964.50
1869.52,1876.99,1884.94,1892.54,1905.89,1922.01,1934.55,1944.20,1951.05,1958.43,1962.36,1960.69,1956.16,1950.77,1934.42,1928.34,1938.51,1946.65,1952.65,1958.53,1962.77,1963.49,1963.46,1966.44,1973.07,1978.40,1980.28,1979.14,1974.83,1967.11,1957.22,1947.74,1942.47,1942.92,1941.78,1941.83,1942.70,1944.38,1943.64,1942.12,1941.28,1939.23,1931.25,1925.00,1920.76,1917.53,1913.40,1908.13,1900.64,1891.54,1885.20,1885.54,1891.71,1897.54,1900.59,1902.31,1903.37,1905.30,1909.37,1912.53,1913.31,1910.72,1905.08,1898.80,1894.02,1888.79,1880.01,1868.37,1862.95,1865.80,1867.20,1866.73,1864.59,1859.33,1852.70,1841.79,1831.92,1825.42,1817.08,1810.37,1806.70,1800.08,1790.47,1784.20,1778.36,1770.97,1763.33,1756.38,1749.79,1742.91,1736.73,1730.49,1721.97,1708.33,1695.25,1685.50,1671.11,1654.18,1637.34,1624.69,1610.78,1605.38,1601.26,1585.01,1569.70,1547.36,1528.52,1498.50,1479.91,1457.28,1448.81,1458.88,1474.53,1494.47,1507.92,1518.01,1523.94,1524.26,1521.97,1517.89,1512.74,1514.41,1523.73,1523.37,1511.97,1494.36,1476.66,1460.59,1454.43,1455.80,1457.44,1460.36,1462.01,1456.52,1445.93,1434.58,1418.71,1398.57,1384.99,1371.35,1354.98,1336.88,1319.42,1315.61,1325.75,1341.12,1354.26,1362.97,1363.45,1359.81,1356.93,1350.77,1335.86,1316.27,1296.09,1274.63,1258.08,1244.87,1239.42,1241.38,1233.52,1231.43,1228.18,1221.90,1216.27,1203.71,1185.55,1164.25,1143.77,1126.76,1113.73,1094.88,1083.81,1069.93,1059.80,1052.46,1047.55,1043.96,1039.59,1034.14,1031.99,1030.24,1030.10,1030.10,1026.58,1020.10,1012.97,1000.41,987.35,978.16,975.30,974.20,966.61,951.08,926.61,898.06,877.50,856.38,843.15,835.51,830.79,828.43,826.68,825.70,826.19,826.72,827.56,829.71,838.32,853.93,877.61,902.66,923.03,943.07,964.24,986.19,1009.66,1027.03,1039.04,1049.93,1059.31,1067.47,1076.48,1082.90,1083.66,1090.69,1100.87,1101.67,1095.99,1095.71,1092.26,1084.14,1076.90,1067.49,1048.31,1022.89,1029.42,1052.10,1062.50,1064.77,1062.75,1060.02,1072.59,1089.73,1103.34,1106.05,1097.19,1082.37,1070.52,1067.16,1060.66,1047.96,1032.23,1012.37,991.75,971.22
1882.50,1891.94,1900.27,1904.05,1912.40,1927.80,1941.71,1950.11,1959.13,1967.41,1972.75,1969.48,1961.02,1954.71,1944.92,1942.96,1952.67,1962.18,1968.05,1971.45,1973.33,1973.93,1976.70,1980.39,1983.62,1985.84,1985.34,1982.53,1976.83,1968.19,1959.53,1953.92,1949.87,1946.46,1943.47,1942.28,1941.57,1941.69,1940.65,1940.13,1940.41,1937.11,1928.63,1921.83,1918.22,1915.28,1911.36,1906.21,1901.02,1898.99,1899.11,1901.00,1905.04,1908.29,1910.56,1911.68,1912.70,1914.59,1915.48,1915.61,1913.34,1909.56,1902.74,1896.20,1890.89,1884.91,1877.08,1871.52,1874.84,1877.89,1878.71,1876.15,1869.89,1861.04,1853.43,1843.92,1835.13,1828.22,1819.75,1813.18,1806.98,1798.69,1790.01,1782.77,1773.67,1765.05,1758.30,1751.89,1742.33,1731.71,1723.22,1718.60,1718.28,1715.85,1709.71,1700.23,1689.82,1673.46,1657.02,1642.90,1632.95,1627.54,1611.18,1591.04,1568.39,1545.28,1522.12,1491.46,1471.45,1461.28,1474.63,1490.51,1501.27,1505.26,1511.15,1512.65,1508.23,1503.55,1501.53,1498.19,1493.05,1499.58,1505.39,1501.55,1493.53,1481.94,1465.20,1444.90,1432.36,1432.46,1433.98,1435.30,1440.28,1441.33,1435.10,1425.72,1409.52,1390.82,1373.72,1359.93,1346.96,1328.71,1312.67,1302.91,1314.88,1331.42,1344.10,1355.52,1357.31,1354.93,1352.58,1347.91,1338.95,1326.76,1309.57,1290.01,1274.57,1261.35,1258.31,1257.38,1252.96,1249.99,1246.68,1235.38,1222.85,1205.04,1185.29,1163.61,1145.36,1128.34,1115.12,1093.77,1079.21,1069.27,1062.35,1055.87,1050.71,1045.86,1040.66,1038.61,1037.80,1035.95,1034.64,1031.71,1020.35,1003.67,993.14,984.15,970.90,959.20,957.72,957.05,953.08,940.97,919.94,893.40,869.57,848.96,838.14,832.59,829.62,828.19,826.88,826.82,827.62,828.42,829.74,840.07,855.63,869.32,884.95,907.48,928.91,951.15,975.31,1000.50,1020.23,1033.02,1042.98,1053.45,1064.53,1077.81,1088.45,1095.51,1096.53,1104.04,1111.75,1109.91,1105.94,1102.80,1096.26,1086.64,1075.39,1059.49,1034.75,1028.66,1049.61,1067.06,1080.11,1086.47,1084.37,1076.92,1081.01,1096.70,1109.11,1114.31,1108.83,1095.97,1088.36,1086.38,1080.17,1062.97,1044.52,1023.37,999.18,975.63
1898.41,1902.34,1907.55,1912.78,1920.69,1934.93,1946.97,1957.65,1967.01,1975.62,1981.55,1979.55,1969.43,1961.98,1958.64,1959.25,1968.82,1975.19,1977.72,1979.01,1982.15,1984.53,1985.09,1987.25,1989.36,1990.65,1987.86,1981.59,1974.56,1965.82,1958.35,1954.40,1950.88,1946.68,1942.76,1940.67,1939.25,1937.83,1936.42,1936.54,1938.32,1934.95,1928.83,1920.32,1916.94,1914.04,1911.06,1907.19,1904.30,1905.52,1908.13,1911.04,1914.30,1917.24,1919.29,1920.28,1920.72,1920.61,1918.51,1915.46,1912.29,1907.93,1901.21,1892.77,1886.01,1879.97,1878.67,1883.20,1886.06,1885.36,1883.39,1878.80,1869.32,1858.41,1850.49,1840.36,1832.75,1824.60,1815.20,1807.58,1799.16,1790.68,1784.13,1776.93,1766.99,1758.24,1752.85,1745.00,1734.64,1728.71,1723.84,1718.38,1711.16,1709.49,1709.06,1706.26,1699.87,1688.27,1675.64,1661.38,1646.82,1634.10,1611.63,1589.90,1559.50,1539.23,1512.98,1488.60,1477.41,1489.64,1502.59,1514.76,1519.34,1512.51,1511.26,1509.66,1500.76,1490.76,1482.55,1476.69,1471.37,1476.02,1482.05,1478.12,1473.02,1466.14,1452.79,1433.91,1415.88,1407.52,1408.77,1409.69,1417.03,1421.79,1419.15,1410.86,1398.45,1382.41,1364.30,1347.36,1333.76,1318.69,1302.90,1292.56,1306.19,1322.96,1337.79,1347.54,1350.09,1349.32,1346.80,1341.73,1332.25,1324.96,1315.59,1299.78,1285.15,1274.36,1269.56,1264.57,1259.29,1253.54,1247.20,1235.01,1219.10,1201.07,1181.52,1162.10,1143.92,1127.74,1116.14,1095.73,1077.44,1069.17,1062.30,1056.42,1051.34,1046.52,1044.52,1044.09,1042.69,1040.53,1034.96,1025.52,1006.29,986.16,972.03,965.79,956.48,942.46,935.69,933.72,928.31,919.25,904.70,884.47,861.18,842.47,835.85,830.84,829.21,828.30,827.87,827.97,828.76,830.11,838.46,852.84,868.27,888.54,899.46,912.20,932.50,956.77,984.66,1008.05,1024.00,1036.62,1047.92,1058.61,1073.82,1090.90,1103.64,1109.41,1110.73,1114.81,1118.03,1114.86,1109.36,1102.26,1093.20,1083.08,1070.26,1048.55,1030.22,1039.83,1060.03,1077.51,1093.50,1102.11,1103.12,1094.29,1091.66,1102.40,1115.23,1122.09,1120.42,1112.46,1107.32,1102.79,1091.68,1070.58,1048.00,1027.86,1005.75,985.58
1907.32,1911.10,1915.40,1922.32,1932.22,1943.68,1955.67,1966.20,1974.29,1983.13,1989.20,1989.74,1982.81,1975.56,1969.86,1971.70,1978.10,1980.88,1982.36,1985.22,1988.58,1988.95,1988.22,1989.97,1990.84,1991.35,1985.39,1976.92,1969.12,1960.76,1955.33,1951.60,1948.71,1945.09,1941.00,1936.63,1933.75,1932.24,1931.41,1933.03,1935.50,1934.55,1930.76,1923.78,1918.87,1915.64,1911.70,1908.45,1907.33,1909.59,1913.10,1917.14,1920.86,1923.38,1924.95,1925.36,1924.60,1921.57,1918.20,1915.03,1911.88,1907.98,1902.70,1895.10,1886.03,1884.04,1888.48,1891.33,1890.63,1887.67,1883.06,1875.88,1863.59,1853.05,1843.49,1835.09,1827.84,1818.59,1809.08,1799.43,1789.34,1780.81,1774.54,1767.88,1760.17,1753.32,1747.06,1741.47,1745.60,1747.81,1742.47,1732.88,1720.96,1708.05,1701.09,1698.57,1693.27,1684.45,1674.38,1661.68,1647.69,1634.14,1612.07,1591.02,1557.98,1538.32,1506.10,1490.42,1500.45,1515.70,1528.95,1531.89,1526.00,1516.34,1511.27,1505.99,1494.67,1482.27,1470.51,1462.03,1454.75,1453.57,1462.69,1459.81,1451.07,1444.68,1434.97,1420.71,1402.10,1388.29,1388.64,1391.43,1395.95,1399.13,1399.85,1395.94,1385.41,1368.02,1345.77,1328.23,1318.84,1306.61,1290.30,1285.02,1299.17,1314.92,1328.88,1337.52,1340.63,1341.14,1338.05,1330.38,1322.89,1311.81,1308.95,1297.94,1279.13,1263.60,1257.99,1255.34,1249.71,1239.83,1232.25,1224.58,1209.22,1189.07,1171.49,1154.64,1138.45,1125.30,1114.17,1095.69,1075.80,1067.06,1062.04,1057.59,1053.65,1050.32,1050.01,1049.10,1045.71,1040.69,1029.67,1013.96,994.78,973.38,956.00,944.91,936.98,927.09,914.87,904.81,900.08,894.01,883.57,871.41,852.22,839.14,834.58,831.09,829.53,829.14,828.99,829.17,831.24,836.76,849.08,862.37,880.24,899.31,912.22,918.97,936.31,958.46,984.91,1007.33,1020.10,1034.59,1050.82,1065.20,1084.36,1099.64,1113.11,1119.32,1120.97,1122.24,1121.67,1117.69,1111.88,1104.76,1094.48,1082.52,1065.46,1044.28,1037.28,1045.73,1065.41,1083.58,1099.64,1108.36,1114.30,1110.16,1104.10,1110.36,1120.84,1128.72,1129.60,1126.55,1122.16,1111.83,1093.33,1070.35,1049.49,1031.94,1014.02,995.23
1910.13,1918.75,1924.70,1932.82,1944.34,1956.27,1966.48,1973.79,1981.97,1991.77,1998.37,1999.93,1996.76,1987.47,1979.73,1980.19,1981.86,1983.06,1983.85,1986.86,1989.15,1986.70,1984.97,1985.80,1986.26,1984.93,1977.70,1969.88,1961.93,1954.75,1950.50,1947.45,1945.40,1943.11,1938.58,1931.18,1927.44,1925.55,1926.74,1930.93,1933.47,1933.55,1931.17,1927.14,1921.16,1915.96,1910.88,1908.14,1908.47,1911.62,1916.19,1920.86,1925.19,1928.17,1929.98,1929.58,1926.53,1921.73,1918.18,1915.62,1912.63,1909.39,1904.83,1899.80,1890.90,1891.69,1893.28,1890.88,1888.78,1886.02,1882.04,1873.23,1857.54,1843.67,1835.20,1828.83,1820.73,1811.38,1801.67,1789.82,1779.41,1769.90,1762.93,1757.77,1752.40,1747.99,1746.29,1751.75,1760.00,1764.68,1760.35,1748.57,1735.09,1719.18,1702.50,1688.81,1681.06,1672.50,1658.09,1647.34,1639.25,1627.51,1609.57,1588.50,1556.36,1537.79,1507.55,1506.14,1524.56,1544.02,1552.72,1541.53,1525.63,1514.99,1506.00,1495.13,1482.96,1472.76,1460.24,1448.30,1440.97,1439.02,1443.08,1438.73,1428.26,1422.36,1417.19,1406.45,1390.60,1376.55,1371.44,1373.76,1383.58,1385.74,1385.06,1381.51,1371.52,1354.51,1329.74,1311.55,1301.08,1289.91,1275.69,1276.24,1290.99,1308.12,1321.95,1328.96,1331.76,1331.80,1325.11,1314.76,1310.65,1297.74,1296.04,1291.47,1274.29,1255.52,1242.99,1239.40,1233.79,1222.61,1215.35,1208.13,1196.56,1172.55,1155.73,1142.29,1129.86,1117.38,1104.96,1088.53,1073.24,1067.50,1065.19,1061.83,1059.56,1057.14,1054.78,1051.18,1041.63,1030.47,1014.27,994.25,985.70,974.13,956.41,938.27,926.73,917.42,908.88,899.75,889.94,879.07,869.40,859.19,848.73,840.52,835.76,832.51,830.83,830.37,830.25,832.41,839.45,849.38,855.14,866.99,886.01,905.46,922.93,926.49,941.32,959.19,980.03,1000.22,1014.86,1031.51,1051.17,1067.89,1084.59,1099.77,1115.18,1122.44,1125.11,1124.94,1120.61,1116.07,1111.76,1105.74,1097.72,1082.66,1063.20,1051.09,1051.38,1048.84,1066.61,1085.83,1101.23,1112.13,1123.30,1125.18,1121.76,1123.44,1127.62,1131.49,1131.85,1130.09,1126.69,1109.76,1087.51,1065.83,1048.75,1037.70,1022.33,1004.08
1914.48,1924.57,1931.76,1940.46,1954.18,1965.91,1973.99,1981.10,1989.56,1996.95,2001.29,2002.48,2001.20,1995.31,1987.08,1984.28,1983.43,1982.66,1982.19,1984.12,1984.41,1981.85,1979.75,1979.60,1979.13,1975.55,1968.51,1960.07,1952.91,1946.98,1942.89,1941.41,1940.93,1939.50,1933.02,1925.85,1921.44,1918.78,1922.84,1929.10,1931.78,1931.75,1930.30,1926.57,1920.87,1914.68,1909.80,1908.23,1908.54,1911.55,1917.11,1922.94,1928.47,1932.69,1935.15,1933.91,1929.08,1923.93,1919.90,1917.60,1914.49,1910.57,1906.23,1902.16,1897.57,1894.47,1889.53,1886.02,1884.04,1882.59,1879.53,1872.06,1857.57,1843.28,1832.55,1825.03,1818.02,1810.60,1801.81,1792.93,1785.19,1777.03,1768.88,1761.69,1753.36,1752.94,1756.09,1761.52,1769.27,1774.56,1771.15,1760.74,1746.33,1729.07,1712.28,1693.36,1679.36,1665.74,1650.15,1634.47,1620.52,1610.47,1598.11,1571.60,1550.95,1528.57,1516.46,1533.97,1553.86,1566.74,1558.90,1538.00,1520.64,1509.57,1498.09,1484.72,1473.71,1464.47,1452.40,1439.33,1428.89,1421.61,1419.52,1416.08,1410.27,1405.25,1400.05,1393.52,1382.00,1367.11,1352.90,1355.44,1369.72,1368.53,1364.52,1362.16,1355.65,1340.86,1319.12,1300.36,1281.45,1271.20,1261.51,1271.56,1287.11,1305.02,1318.47,1323.55,1323.74,1320.14,1312.34,1299.90,1296.92,1286.66,1285.37,1286.58,1274.09,1254.99,1235.16,1221.16,1215.10,1207.73,1200.49,1193.49,1180.32,1154.29,1139.82,1125.23,1108.89,1096.00,1083.45,1072.97,1066.22,1062.26,1061.50,1062.88,1061.98,1060.09,1056.01,1050.27,1032.83,1012.42,998.15,980.22,966.79,967.03,964.16,956.11,947.30,940.70,934.03,925.04,908.24,898.17,887.24,872.03,852.63,842.20,837.06,834.09,834.00,834.39,834.75,838.15,847.50,859.38,867.97,871.86,884.63,902.64,924.81,936.29,949.19,969.15,991.23,1006.50,1019.56,1035.19,1050.81,1064.15,1083.05,1103.49,1118.36,1124.54,1128.43,1126.12,1116.69,1108.92,1101.87,1095.08,1085.92,1072.82,1061.51,1064.62,1059.17,1051.03,1064.84,1084.74,1099.92,1113.97,1127.66,1132.72,1132.98,1134.05,1134.14,1135.37,1133.72,1129.87,1120.33,1098.24,1078.44,1055.08,1039.40,1027.75,1012.04,996.58
1910.61,1925.38,1934.89,1944.16,1958.79,1970.89,1978.68,1987.09,1994.04,1999.52,2002.41,2004.25,2002.05,1997.12,1990.15,1986.11,1982.69,1980.27,1978.90,1978.73,1977.82,1974.93,1972.64,1971.74,1970.51,1964.08,1955.55,1948.04,1942.10,1937.72,1935.61,1937.00,1935.30,1931.81,1925.36,1919.78,1914.16,1912.26,1919.47,1926.02,1928.82,1928.68,1926.50,1922.97,1918.03,1911.80,1907.31,1907.64,1909.62,1912.80,1918.10,1924.09,1930.90,1936.21,1940.32,1939.38,1932.78,1926.69,1922.80,1919.77,1915.69,1910.13,1905.87,1901.83,1896.76,1890.91,1885.16,1880.70,1879.09,1877.85,1874.94,1869.55,1859.04,1848.15,1839.62,1833.01,1827.15,1819.18,1810.37,1803.09,1795.53,1786.73,1779.57,1769.45,1762.97,1765.09,1766.42,1769.19,1776.54,1780.59,1778.03,1768.29,1751.20,1731.47,1714.54,1698.44,1686.52,1676.57,1661.93,1644.56,1623.95,1599.79,1571.64,1554.32,1540.00,1527.37,1544.10,1561.33,1578.20,1575.45,1554.26,1530.28,1516.07,1503.75,1489.74,1473.38,1458.54,1446.97,1435.34,1422.16,1412.52,1403.44,1398.00,1394.96,1391.17,1385.34,1381.81,1382.16,1374.01,1356.94,1339.22,1340.26,1352.15,1351.44,1341.96,1337.29,1330.85,1319.66,1308.00,1291.60,1269.60,1257.19,1252.48,1269.57,1289.08,1305.46,1312.42,1314.61,1314.40,1307.04,1297.52,1285.34,1283.48,1273.71,1274.89,1283.71,1277.32,1258.16,1236.68,1210.77,1196.15,1189.58,1185.23,1177.03,1163.35,1147.89,1129.29,1112.34,1093.94,1072.62,1062.13,1053.92,1050.36,1046.00,1047.45,1057.29,1060.23,1058.24,1053.89,1049.36,1032.08,1005.55,980.54,964.41,949.48,946.91,950.07,952.13,950.38,948.33,943.72,939.31,928.71,915.69,889.50,866.12,848.27,841.59,837.69,836.80,837.58,839.31,842.84,849.03,857.76,870.92,883.69,889.24,892.13,899.21,917.12,938.51,952.92,977.56,1000.43,1014.44,1030.09,1045.88,1057.69,1070.65,1086.98,1102.86,1116.38,1124.48,1130.76,1130.49,1120.91,1111.24,1097.73,1090.51,1087.57,1086.17,1076.84,1072.41,1060.09,1060.51,1071.01,1083.80,1097.03,1113.74,1127.17,1135.30,1138.32,1139.83,1140.07,1138.68,1134.46,1125.07,1109.00,1087.02,1066.37,1046.24,1028.35,1008.76,993.11,984.29
1908.80,1920.99,1933.93,1944.66,1957.99,1971.87,1981.27,1990.37,1996.64,2000.99,2003.38,2004.36,2001.76,1996.01,1989.16,1984.02,1979.95,1975.77,1972.72,1971.24,1969.82,1967.93,1965.45,1963.42,1959.31,1952.04,1942.79,1935.28,1930.88,1928.66,1930.72,1933.79,1931.41,1924.62,1918.23,1913.10,1906.48,1908.55,1917.94,1922.87,1924.38,1923.93,1921.63,1917.99,1913.25,1906.51,1902.06,1903.25,1909.37,1914.63,1918.99,1925.42,1932.48,1938.55,1944.80,1946.11,1938.90,1930.21,1926.05,1922.57,1916.80,1909.44,1905.11,1900.94,1896.32,1891.79,1885.47,1878.58,1874.66,1872.58,1869.12,1864.67,1858.56,1851.57,1846.18,1842.58,1837.15,1827.67,1820.25,1815.36,1808.46,1798.88,1789.73,1777.50,1773.38,1776.26,1777.82,1778.97,1782.09,1782.48,1778.55,1768.56,1749.86,1730.82,1716.24,1706.97,1696.62,1684.84,1672.19,1653.28,1631.90,1607.34,1571.53,1555.35,1536.16,1542.47,1560.91,1579.96,1586.32,1565.78,1541.95,1519.39,1502.08,1487.10,1471.94,1457.74,1442.39,1429.39,1416.55,1402.74,1392.22,1382.84,1378.09,1375.83,1372.27,1364.12,1360.63,1369.63,1363.09,1345.95,1326.48,1323.24,1330.89,1329.75,1321.92,1315.51,1311.57,1304.95,1293.00,1276.39,1258.57,1245.21,1245.85,1269.07,1284.36,1293.49,1294.38,1297.91,1301.14,1292.02,1280.57,1272.68,1271.22,1262.79,1266.80,1279.37,1279.44,1262.78,1239.94,1212.61,1191.63,1173.84,1165.64,1158.81,1147.37,1134.54,1117.44,1100.51,1080.95,1064.32,1041.74,1025.43,1024.20,1022.05,1030.02,1043.36,1051.69,1048.32,1040.83,1039.28,1028.93,1007.11,980.95,958.16,939.04,930.61,930.71,931.44,930.21,929.46,928.37,925.18,925.24,912.12,880.36,857.54,846.76,842.15,839.13,838.98,842.98,850.59,857.51,865.07,876.58,890.38,903.20,911.23,916.62,918.89,920.85,934.05,955.18,978.89,1001.90,1018.97,1038.53,1054.12,1067.53,1078.95,1090.45,1102.87,1117.25,1126.10,1132.83,1131.79,1121.64,1113.64,1108.05,1107.04,1107.80,1103.48,1086.02,1071.92,1065.74,1082.67,1095.66,1100.37,1101.71,1114.27,1127.80,1137.69,1142.68,1144.67,1144.46,1141.71,1132.91,1116.40,1091.63,1067.03,1043.06,1029.78,1019.40,1000.30,981.45,966.85
1904.97,1917.62,1931.10,1943.22,1955.96,1970.79,1982.47,1992.36,1998.50,2001.51,2002.03,2001.58,1998.57,1991.31,1984.39,1979.19,1974.95,1969.73,1962.38,1959.91,1961.84,1962.47,1959.25,1954.13,1948.25,1940.45,1930.51,1922.57,1918.46,1921.97,1928.27,1931.19,1928.65,1920.11,1911.07,1903.56,1898.30,1904.13,1914.05,1918.61,1919.79,1918.98,1916.59,1912.99,1907.25,1900.19,1897.18,1901.70,1909.17,1915.21,1920.99,1928.15,1934.28,1940.52,1947.99,1951.27,1945.64,1936.06,1929.49,1924.75,1918.43,1909.78,1904.83,1900.31,1895.48,1891.25,1885.69,1878.94,1872.81,1866.96,1861.90,1858.91,1856.64,1853.84,1850.28,1846.14,1842.02,1835.96,1829.51,1824.42,1817.44,1807.92,1795.08,1784.91,1784.16,1786.88,1787.81,1786.52,1785.36,1781.40,1775.61,1765.98,1750.61,1735.88,1723.65,1714.27,1703.18,1688.79,1675.07,1655.90,1632.83,1608.91,1576.95,1558.82,1542.76,1559.18,1580.80,1591.43,1581.35,1557.40,1533.59,1514.48,1492.89,1472.06,1454.10,1440.41,1425.48,1411.18,1395.97,1381.68,1369.88,1361.52,1356.26,1352.95,1348.14,1337.92,1343.35,1358.21,1351.28,1334.27,1316.24,1305.42,1308.04,1310.26,1306.78,1299.63,1297.19,1287.42,1270.32,1259.38,1249.05,1236.48,1242.06,1262.39,1270.38,1271.61,1273.01,1279.61,1283.15,1277.95,1267.90,1258.25,1253.89,1249.79,1261.39,1270.63,1274.40,1266.96,1243.85,1215.09,1192.27,1170.50,1150.99,1140.48,1130.62,1116.72,1101.52,1084.10,1069.26,1044.71,1016.84,1000.83,997.89,997.05,1009.95,1021.64,1022.81,1014.77,1011.06,1021.08,1016.50,994.91,977.05,960.33,943.91,927.66,914.13,910.64,909.90,908.72,906.32,902.81,904.50,897.72,872.34,852.61,846.85,842.90,840.78,841.10,848.46,858.23,868.87,879.82,891.98,907.08,918.11,931.38,939.46,942.06,944.03,943.15,961.83,983.85,1003.72,1023.66,1046.19,1061.17,1075.73,1089.13,1100.51,1112.31,1124.51,1131.94,1136.36,1130.27,1122.73,1125.91,1127.53,1124.07,1118.66,1102.09,1081.98,1067.95,1079.18,1101.01,1110.38,1115.77,1116.87,1119.25,1129.02,1139.95,1146.36,1149.30,1148.41,1141.02,1128.92,1109.21,1081.76,1055.50,1027.43,1009.16,997.32,985.66,968.50,950.02
1905.34,1919.24,1931.11,1942.83,1956.36,1970.96,1983.76,1992.89,1998.45,1999.23,1996.18,1994.65,1990.12,1982.95,1975.28,1971.05,1968.08,1960.34,1952.95,1951.13,1954.38,1956.20,1952.52,1943.41,1935.82,1927.53,1917.15,1910.22,1909.72,1917.78,1924.54,1927.27,1924.92,1918.61,1905.69,1896.71,1892.20,1898.00,1906.46,1912.24,1913.83,1913.41,1911.05,1905.84,1899.53,1895.52,1894.73,1900.35,1909.23,1916.04,1923.23,1930.85,1936.45,1942.36,1948.65,1953.62,1949.89,1942.01,1934.26,1927.33,1919.84,1909.75,1902.95,1897.58,1892.58,1888.21,1883.55,1877.95,1872.11,1865.32,1857.95,1853.39,1852.45,1852.10,1850.18,1846.62,1843.29,1839.69,1834.16,1827.66,1818.31,1807.05,1797.54,1794.95,1793.68,1791.63,1790.47,1789.26,1784.72,1779.20,1771.97,1763.89,1753.02,1739.80,1727.58,1715.69,1701.96,1688.36,1674.71,1656.26,1633.96,1605.73,1568.69,1557.82,1567.42,1588.59,1595.08,1587.28,1571.19,1554.72,1536.24,1516.11,1494.49,1477.22,1461.68,1444.76,1428.98,1413.04,1395.34,1381.27,1369.86,1358.58,1347.60,1335.11,1319.21,1310.13,1318.59,1337.37,1333.27,1320.65,1307.03,1290.32,1286.42,1289.31,1285.30,1275.56,1272.11,1266.01,1256.40,1248.99,1239.30,1228.61,1234.09,1244.40,1246.80,1246.50,1250.11,1257.21,1262.26,1260.38,1253.32,1240.23,1233.44,1238.38,1251.96,1254.53,1261.62,1262.68,1245.33,1217.35,1192.47,1170.60,1149.39,1130.50,1112.93,1097.85,1082.67,1070.28,1050.36,1023.93,998.02,978.05,973.04,973.31,981.66,991.02,989.66,983.01,989.32,1003.25,1000.56,985.30,966.22,949.20,936.21,924.13,913.36,907.06,900.66,895.81,890.99,888.02,886.02,880.80,864.75,849.39,846.18,843.86,842.18,841.75,846.85,859.84,874.64,889.09,902.97,915.86,930.04,947.74,955.70,963.51,968.03,962.44,970.22,988.27,1007.12,1033.22,1053.66,1071.38,1087.46,1098.23,1112.63,1125.23,1133.88,1140.59,1139.61,1131.59,1132.80,1135.95,1135.19,1129.18,1113.84,1097.05,1087.92,1079.36,1085.00,1105.90,1119.05,1127.07,1131.45,1132.38,1133.66,1140.77,1148.73,1152.84,1150.92,1139.53,1120.43,1096.71,1072.11,1048.71,1027.36,1002.98,978.31,963.04,949.70,933.00
1907.66,1921.63,1933.84,1944.68,1959.32,1971.38,1983.59,1991.74,1994.12,1989.36,1983.27,1979.97,1976.78,1970.15,1960.88,1958.41,1958.14,1950.19,1945.68,1944.17,1946.30,1948.07,1944.00,1933.60,1923.12,1911.80,1905.92,1900.80,1903.62,1912.61,1921.21,1922.86,1920.50,1914.41,1906.74,1897.63,1887.44,1889.97,1895.49,1902.53,1906.52,1906.34,1902.39,1895.81,1891.76,1890.83,1893.60,1899.49,1909.71,1916.62,1924.21,1931.92,1938.21,1945.02,1951.31,1956.66,1954.82,1947.70,1939.64,1931.67,1923.25,1911.83,1899.01,1889.81,1885.33,1882.70,1878.77,1873.77,1868.85,1863.03,1856.21,1848.51,1845.73,1846.47,1845.23,1842.22,1839.75,1837.15,1832.87,1826.15,1816.54,1808.07,1803.09,1799.86,1795.63,1791.28,1790.28,1788.79,1783.80,1777.56,1769.33,1759.92,1749.09,1736.62,1725.60,1713.92,1700.29,1687.67,1673.67,1654.12,1633.79,1601.97,1569.98,1573.86,1599.87,1605.07,1591.19,1571.55,1557.28,1545.30,1534.43,1522.24,1507.19,1496.40,1482.70,1465.56,1453.92,1438.14,1421.05,1406.50,1396.26,1386.26,1371.97,1355.50,1327.76,1298.73,1296.08,1306.95,1311.14,1307.05,1296.71,1275.68,1264.11,1266.17,1263.78,1257.34,1254.95,1252.13,1244.41,1234.55,1221.85,1212.00,1216.28,1219.53,1221.44,1224.53,1228.09,1232.33,1235.50,1238.37,1232.16,1222.83,1220.70,1227.24,1233.65,1236.17,1243.87,1250.63,1240.28,1217.24,1191.61,1171.98,1148.99,1127.17,1105.64,1086.17,1073.76,1054.44,1029.99,1003.27,979.06,974.92,972.96,962.87,955.44,959.07,960.85,957.02,968.64,977.71,976.60,976.37,967.25,949.12,939.76,932.36,925.43,921.46,913.55,906.10,899.19,890.84,883.80,872.61,857.32,848.74,846.95,845.14,843.49,841.91,844.93,858.37,875.56,893.77,908.53,922.03,937.32,956.32,971.12,987.17,995.47,986.64,991.47,1002.88,1013.88,1040.36,1060.68,1083.03,1100.95,1111.07,1122.69,1134.34,1144.06,1147.09,1140.31,1137.17,1142.02,1145.25,1139.14,1121.89,1106.38,1107.96,1107.03,1092.51,1087.38,1107.79,1125.39,1137.89,1145.53,1148.95,1145.21,1148.86,1154.35,1156.56,1152.68,1142.11,1118.00,1086.45,1059.26,1035.13,1012.17,991.77,968.52,948.93,933.17,920.86
1906.58,1921.78,1936.23,1946.53,1960.97,1970.34,1980.61,1988.72,1987.44,1978.39,1967.25,1961.43,1958.40,1952.83,1946.43,1948.85,1948.71,1941.05,1939.12,1937.97,1935.84,1935.51,1931.95,1921.30,1909.04,1900.67,1895.97,1890.76,1897.83,1907.64,1916.59,1917.52,1913.03,1907.40,1901.70,1894.15,1885.07,1879.66,1884.68,1891.94,1897.27,1896.99,1892.37,1887.01,1885.28,1888.92,1895.79,1903.49,1912.57,1917.96,1925.10,1932.79,1940.82,1948.73,1956.12,1960.82,1960.95,1955.15,1946.60,1937.97,1929.14,1917.44,1901.67,1887.31,1877.19,1873.01,1869.64,1866.50,1862.91,1858.11,1852.30,1844.34,1837.28,1838.09,1838.62,1837.14,1835.64,1833.13,1829.47,1823.04,1815.51,1808.30,1801.63,1797.06,1793.39,1790.18,1788.92,1786.03,1781.53,1774.68,1766.43,1755.94,1742.01,1728.67,1719.86,1710.88,1698.44,1684.87,1670.92,1651.57,1628.87,1597.85,1574.85,1594.88,1610.67,1601.06,1575.27,1554.68,1539.96,1527.59,1521.09,1517.09,1512.46,1505.72,1495.00,1484.91,1473.07,1455.70,1440.72,1430.42,1419.95,1406.76,1386.97,1365.40,1341.53,1309.98,1286.43,1282.74,1287.68,1286.78,1274.61,1260.29,1253.70,1252.63,1249.29,1243.55,1237.19,1230.58,1221.51,1210.38,1198.43,1191.20,1187.99,1186.44,1189.46,1195.75,1199.38,1204.05,1209.91,1216.52,1214.25,1203.82,1199.66,1206.89,1211.34,1213.29,1224.28,1232.45,1228.72,1212.58,1189.80,1170.62,1147.90,1126.25,1106.82,1087.43,1073.22,1045.60,1013.23,985.31,983.97,997.17,998.86,979.08,959.97,946.68,941.27,938.22,947.00,951.39,952.74,964.60,972.75,966.62,960.21,951.52,940.82,937.62,931.71,926.84,918.41,910.79,901.59,884.28,865.96,852.51,848.16,846.38,844.57,842.73,844.47,857.89,876.68,896.53,912.01,925.61,940.26,960.00,979.37,1001.44,1016.49,1010.41,1008.21,1023.81,1033.34,1046.83,1066.90,1090.18,1110.55,1124.77,1133.69,1143.77,1152.41,1151.93,1144.86,1146.43,1152.41,1152.67,1140.18,1116.21,1112.03,1122.86,1122.06,1104.94,1093.86,1108.78,1128.36,1144.76,1154.41,1160.50,1158.87,1159.89,1162.16,1161.62,1156.94,1143.23,1116.64,1087.14,1059.91,1032.22,1006.77,988.43,970.01,955.33,940.94,927.26
1913.72,1924.53,1936.10,1946.03,1958.30,1967.43,1976.46,1983.69,1980.07,1966.15,1952.66,1947.55,1941.38,1934.51,1932.83,1937.41,1937.84,1933.79,1933.82,1933.33,1927.99,1922.19,1916.85,1910.18,1899.28,1888.31,1884.45,1884.47,1893.59,1904.09,1911.46,1909.97,1905.48,1899.66,1889.62,1884.65,1880.20,1873.67,1877.03,1884.18,1887.32,1887.20,1883.67,1879.89,1884.42,1892.85,1901.77,1911.48,1916.82,1922.37,1929.42,1936.33,1944.54,1953.19,1960.36,1964.43,1965.57,1961.68,1953.26,1943.93,1934.51,1922.81,1907.56,1892.54,1877.77,1865.31,1859.19,1857.64,1855.06,1850.78,1844.00,1836.14,1830.43,1829.65,1829.77,1830.41,1831.72,1828.76,1824.13,1818.65,1811.03,1804.85,1798.87,1794.65,1790.50,1786.15,1783.47,1781.18,1776.05,1768.50,1761.20,1752.11,1739.08,1725.08,1712.24,1702.18,1688.29,1674.16,1661.65,1647.65,1625.35,1595.81,1581.52,1603.30,1605.99,1584.98,1562.58,1542.97,1524.43,1508.86,1500.82,1497.06,1493.14,1490.67,1485.89,1477.00,1467.28,1459.71,1449.82,1440.87,1429.46,1413.92,1391.57,1366.83,1344.34,1323.22,1299.26,1270.35,1258.14,1255.94,1252.64,1247.35,1238.36,1230.49,1224.11,1216.77,1210.97,1205.86,1197.43,1188.39,1181.39,1175.97,1170.77,1165.60,1162.27,1162.25,1168.26,1178.10,1185.50,1196.77,1195.20,1184.70,1178.12,1176.81,1178.05,1184.77,1202.63,1213.27,1214.72,1204.30,1184.56,1164.34,1146.10,1125.88,1106.60,1088.82,1072.54,1043.87,1005.37,985.92,1001.36,1015.14,1019.09,999.88,976.94,962.87,951.40,939.09,928.71,928.58,935.02,948.15,964.30,969.12,970.65,965.14,958.29,953.73,948.89,943.56,935.82,925.04,907.74,883.16,863.14,852.99,848.53,846.70,844.83,842.95,845.52,863.09,887.22,906.82,925.25,942.53,954.96,967.63,986.69,1009.69,1030.38,1033.19,1025.88,1040.37,1056.73,1060.66,1073.57,1093.02,1115.38,1130.74,1139.53,1148.79,1156.71,1157.53,1151.98,1153.82,1158.48,1154.74,1134.01,1116.71,1126.99,1142.29,1134.36,1112.28,1100.60,1111.56,1131.51,1150.59,1160.59,1166.46,1167.52,1167.02,1168.93,1167.40,1155.54,1137.66,1110.51,1083.56,1055.94,1035.36,1023.72,1007.22,993.11,977.51,961.89,946.42
1911.62,1921.70,1931.47,1940.96,1951.62,1962.30,1971.07,1978.50,1976.04,1963.11,1946.28,1936.78,1928.15,1920.91,1921.22,1925.86,1927.47,1926.87,1928.05,1927.18,1919.33,1911.46,1906.21,1897.13,1885.22,1875.38,1876.64,1884.59,1892.41,1901.20,1905.67,1902.10,1895.01,1885.83,1877.13,1874.27,1871.41,1866.71,1868.56,1874.63,1877.14,1876.60,1873.19,1880.02,1890.95,1901.38,1911.23,1917.21,1923.09,1929.84,1936.03,1942.00,1949.23,1958.14,1963.22,1967.66,1970.25,1967.70,1959.65,1949.31,1938.17,1926.93,1913.92,1900.22,1887.31,1873.67,1856.78,1845.44,1840.49,1836.02,1829.69,1823.93,1821.33,1821.65,1823.14,1824.90,1825.30,1821.54,1818.97,1815.43,1808.67,1800.38,1795.43,1791.36,1787.19,1782.45,1777.04,1772.60,1765.24,1758.25,1751.00,1743.58,1737.30,1728.29,1716.62,1697.45,1680.32,1662.06,1646.26,1633.41,1616.88,1594.53,1588.21,1608.63,1597.31,1575.95,1553.63,1533.20,1514.95,1498.11,1481.84,1475.30,1473.18,1471.79,1467.36,1456.62,1447.41,1446.14,1441.74,1434.08,1426.06,1414.26,1392.82,1365.40,1343.48,1325.31,1303.49,1274.95,1251.36,1240.07,1236.84,1230.65,1224.10,1218.56,1213.66,1209.19,1203.78,1201.65,1199.79,1198.62,1197.15,1194.29,1188.12,1178.88,1168.33,1157.96,1150.77,1152.62,1161.73,1176.81,1175.04,1162.63,1153.24,1147.24,1148.05,1163.97,1182.99,1192.91,1200.62,1195.65,1177.53,1159.20,1143.28,1122.64,1103.83,1087.38,1070.24,1043.46,1009.92,991.93,1012.69,1034.65,1043.41,1029.35,1005.62,995.13,978.29,959.60,935.86,918.84,919.83,929.70,945.82,952.31,962.25,967.91,966.77,963.85,960.08,950.48,939.29,922.98,899.38,873.19,856.00,850.76,848.19,846.48,844.69,843.09,847.92,870.70,896.92,919.90,940.88,957.50,975.23,993.44,1004.22,1016.90,1042.50,1055.20,1047.48,1055.17,1074.42,1082.28,1084.66,1100.97,1120.75,1133.56,1142.70,1151.97,1159.78,1160.64,1156.25,1158.41,1161.04,1149.58,1126.60,1124.81,1144.05,1154.25,1142.17,1116.40,1105.93,1117.05,1139.22,1156.73,1168.69,1174.04,1175.70,1174.49,1175.96,1172.59,1156.64,1135.28,1110.57,1086.38,1067.86,1052.87,1041.39,1031.10,1017.31,996.32,982.38,965.47
1900.67,1913.03,1920.90,1928.82,1941.83,1954.06,1964.43,1972.21,1971.81,1959.87,1942.63,1929.21,1919.93,1910.63,1909.82,1915.54,1918.57,1919.24,1921.89,1919.96,1912.05,1896.84,1887.35,1879.37,1869.60,1866.55,1881.89,1892.83,1895.60,1898.52,1899.08,1893.09,1881.88,1873.05,1865.67,1863.03,1862.76,1859.23,1861.74,1865.33,1865.56,1867.31,1874.57,1888.07,1901.06,1910.91,1916.69,1923.63,1931.14,1937.86,1945.04,1953.14,1960.06,1963.95,1966.28,1969.66,1973.77,1973.24,1966.13,1956.13,1942.68,1930.35,1921.29,1910.58,1898.69,1884.19,1866.45,1849.89,1834.21,1822.85,1815.25,1810.49,1809.49,1811.08,1814.01,1816.34,1816.25,1814.71,1814.64,1813.45,1808.55,1799.82,1790.92,1785.98,1781.86,1776.05,1769.45,1764.64,1754.56,1744.80,1735.63,1731.83,1729.87,1725.16,1716.03,1698.67,1681.19,1666.38,1644.05,1618.98,1600.16,1590.71,1602.96,1613.49,1596.79,1576.52,1555.64,1539.89,1525.30,1506.51,1482.75,1455.95,1447.46,1447.07,1444.97,1436.16,1425.60,1422.35,1420.67,1417.47,1414.23,1406.62,1385.71,1358.64,1337.25,1318.48,1295.30,1266.36,1246.49,1240.82,1241.42,1240.91,1240.87,1240.68,1239.41,1233.60,1228.48,1231.05,1231.39,1227.85,1222.96,1218.51,1213.43,1204.49,1190.50,1176.43,1161.45,1146.41,1144.65,1154.16,1152.56,1140.64,1126.55,1116.93,1119.68,1139.34,1153.39,1173.97,1183.63,1182.42,1169.84,1153.88,1139.30,1120.14,1103.08,1086.28,1070.56,1053.36,1021.53,995.63,1015.29,1047.89,1064.41,1052.62,1032.83,1014.53,992.35,968.91,944.56,921.28,911.19,916.42,928.54,939.12,946.89,950.31,956.66,959.19,960.76,953.24,937.63,914.90,891.77,864.88,854.16,849.86,847.96,846.24,844.48,843.76,853.11,878.96,903.96,925.29,946.81,964.03,981.02,1006.04,1022.85,1035.68,1056.95,1069.15,1067.60,1072.66,1088.33,1102.88,1104.57,1110.46,1125.07,1136.67,1145.81,1154.72,1161.68,1161.96,1159.91,1162.33,1161.55,1145.72,1129.15,1142.86,1156.53,1160.49,1145.48,1118.38,1109.48,1121.63,1145.41,1163.04,1175.25,1180.61,1181.93,1181.50,1182.67,1177.37,1159.26,1138.63,1115.59,1100.36,1088.18,1074.21,1063.25,1052.31,1033.89,1017.18,1003.56,984.83
1887.56,1898.52,1903.29,1918.61,1936.65,1947.96,1957.01,1964.09,1963.28,1953.48,1938.41,1924.88,1913.60,1902.27,1901.98,1906.30,1908.44,1909.76,1913.55,1912.87,1906.04,1892.20,1877.30,1865.56,1856.10,1863.08,1883.41,1896.55,1897.89,1893.37,1890.16,1884.18,1873.63,1862.49,1857.16,1852.34,1849.82,1849.05,1852.36,1857.41,1863.86,1873.10,1883.94,1897.42,1909.97,1915.52,1922.51,1932.11,1940.05,1948.09,1957.75,1965.02,1968.57,1969.90,1970.48,1972.37,1975.40,1974.41,1968.27,1960.23,1949.53,1939.01,1928.00,1918.25,1906.89,1892.43,1874.16,1860.62,1849.49,1835.93,1822.28,1807.11,1797.80,1797.39,1800.38,1804.10,1805.58,1807.36,1809.39,1810.06,1806.65,1800.04,1789.19,1779.23,1771.89,1764.04,1758.78,1756.08,1747.13,1734.22,1723.84,1720.48,1720.25,1715.98,1705.84,1692.85,1678.67,1663.80,1638.93,1611.18,1594.02,1599.70,1617.10,1613.98,1594.21,1573.18,1550.92,1535.04,1517.72,1498.18,1480.43,1457.64,1438.93,1425.16,1419.90,1411.43,1404.05,1399.36,1395.87,1395.72,1396.62,1389.64,1370.30,1346.74,1325.84,1306.58,1278.58,1255.20,1253.47,1260.80,1266.43,1269.57,1271.13,1271.80,1271.28,1263.93,1256.70,1262.38,1261.11,1254.98,1246.67,1242.85,1236.45,1229.76,1216.69,1198.86,1181.03,1159.91,1139.91,1134.42,1130.16,1124.51,1118.45,1106.37,1098.73,1110.71,1133.62,1154.98,1163.39,1162.05,1154.70,1145.30,1132.39,1117.21,1101.48,1084.94,1072.14,1057.71,1026.98,1001.05,1019.63,1050.76,1070.52,1064.20,1044.07,1018.13,994.20,971.58,946.46,923.99,907.34,905.44,918.50,927.86,931.63,931.60,938.20,941.67,950.68,951.60,935.78,909.23,886.93,862.84,851.65,848.75,847.32,845.87,844.28,846.82,864.00,888.28,907.54,925.87,948.31,972.72,987.45,1004.76,1026.53,1044.29,1061.80,1079.92,1089.83,1096.91,1108.33,1121.33,1126.48,1123.94,1129.17,1140.45,1148.90,1157.87,1163.67,1164.84,1164.27,1164.96,1160.86,1145.83,1137.88,1153.89,1162.39,1162.11,1144.86,1118.80,1113.38,1123.51,1147.37,1164.73,1174.69,1180.86,1184.63,1186.47,1187.32,1181.16,1162.76,1141.97,1130.32,1123.75,1107.78,1100.14,1089.73,1070.46,1050.86,1035.04,1018.18,996.46
1870.91,1876.67,1891.46,1914.36,1932.96,1943.95,1948.79,1952.74,1951.93,1945.39,1931.30,1918.57,1908.57,1898.53,1895.56,1899.88,1902.32,1904.23,1905.07,1904.97,1900.16,1888.94,1876.45,1858.83,1845.71,1857.55,1878.21,1892.29,1892.23,1885.03,1879.66,1873.95,1866.03,1856.28,1850.36,1845.97,1845.07,1850.51,1856.72,1866.01,1874.41,1882.87,1895.24,1909.71,1918.20,1921.90,1932.85,1942.08,1951.60,1961.39,1969.43,1973.49,1974.36,1973.77,1973.80,1974.24,1974.77,1971.56,1965.91,1959.04,1950.49,1942.15,1932.15,1923.26,1912.09,1899.31,1882.74,1872.19,1863.08,1849.65,1833.45,1816.08,1799.89,1789.95,1788.18,1791.54,1794.54,1797.86,1802.18,1804.88,1803.04,1797.48,1788.75,1777.34,1763.56,1751.09,1742.79,1741.28,1737.05,1728.05,1711.12,1703.29,1705.84,1703.00,1692.92,1682.30,1668.84,1650.85,1626.61,1604.34,1597.86,1618.09,1627.45,1616.25,1596.32,1576.36,1551.96,1534.20,1516.46,1495.12,1471.94,1453.52,1438.13,1422.82,1411.20,1400.04,1388.27,1378.22,1374.08,1375.75,1375.54,1368.67,1352.17,1331.02,1312.29,1289.20,1263.11,1262.13,1275.56,1287.79,1295.42,1298.62,1298.93,1299.15,1298.41,1289.13,1285.74,1290.81,1288.82,1282.06,1269.56,1268.54,1263.36,1254.45,1240.36,1221.74,1200.05,1178.44,1156.51,1152.48,1148.68,1153.56,1149.93,1125.13,1097.59,1093.25,1111.94,1133.62,1144.84,1145.51,1135.35,1129.54,1117.82,1103.08,1086.22,1075.00,1063.41,1047.41,1021.89,1009.87,1033.47,1060.38,1072.22,1062.94,1039.51,1014.87,991.90,970.45,948.78,925.59,909.16,898.45,903.69,913.03,915.32,915.24,917.88,921.15,935.45,942.52,931.49,906.10,883.92,865.21,851.82,848.03,846.21,844.91,845.19,858.24,875.58,894.39,910.27,925.85,946.12,972.46,997.36,1010.17,1025.13,1041.97,1056.18,1074.14,1091.35,1106.49,1120.23,1134.49,1142.45,1142.69,1140.28,1144.17,1152.78,1160.92,1164.77,1167.90,1167.75,1164.23,1156.84,1142.38,1147.71,1160.51,1166.71,1160.43,1141.14,1127.20,1125.45,1123.82,1142.75,1156.08,1166.30,1176.94,1184.94,1190.44,1191.91,1184.19,1168.17,1159.13,1155.75,1144.05,1128.03,1119.00,1103.95,1082.63,1063.92,1042.36,1020.94,997.98
1849.48,1862.07,1884.03,1904.11,1924.63,1936.52,1938.75,1942.67,1942.41,1935.80,1921.33,1912.10,1902.45,1891.16,1888.69,1892.64,1896.65,1898.46,1896.57,1893.77,1885.73,1879.49,1871.91,1856.10,1839.16,1848.90,1865.39,1877.37,1877.67,1872.95,1868.09,1862.05,1855.26,1847.99,1840.34,1839.04,1849.66,1864.00,1871.68,1878.69,1886.59,1897.23,1910.50,1919.91,1925.63,1933.63,1943.75,1953.82,1961.81,1969.59,1974.53,1976.32,1975.43,1973.72,1973.27,1972.90,1971.72,1967.20,1961.31,1954.00,1945.15,1936.28,1927.77,1920.67,1910.38,1901.89,1890.64,1880.00,1870.63,1856.38,1838.88,1825.06,1814.80,1801.31,1788.10,1779.85,1782.64,1788.17,1794.57,1798.88,1797.92,1791.44,1783.19,1771.39,1757.95,1742.94,1728.49,1726.88,1724.70,1715.44,1697.01,1684.60,1688.52,1686.13,1677.22,1665.70,1651.54,1634.08,1611.92,1601.10,1612.83,1632.36,1629.97,1615.04,1597.73,1578.11,1557.75,1540.40,1519.91,1496.76,1471.19,1455.26,1453.18,1447.07,1435.05,1419.77,1404.77,1384.49,1361.30,1352.59,1354.75,1351.37,1334.45,1314.04,1294.37,1272.17,1274.39,1287.27,1300.16,1312.94,1323.80,1327.45,1325.50,1324.38,1323.30,1312.11,1309.67,1315.16,1314.24,1307.46,1295.39,1295.71,1292.89,1278.22,1260.35,1239.66,1214.82,1193.47,1177.26,1182.68,1183.57,1185.17,1169.30,1143.68,1114.84,1092.31,1089.97,1111.03,1124.57,1123.60,1111.49,1100.39,1088.63,1077.40,1066.40,1050.67,1036.75,1024.41,1013.13,1022.30,1046.45,1068.73,1072.79,1056.76,1032.00,1009.44,988.80,970.62,953.20,930.24,909.84,897.13,892.08,894.09,895.70,896.91,899.02,902.65,913.93,925.50,919.50,901.53,880.02,863.49,852.82,848.08,845.53,845.66,853.29,868.62,878.35,893.37,908.55,923.52,941.13,966.48,992.89,1010.44,1026.14,1040.88,1055.07,1072.91,1090.35,1105.93,1123.80,1141.76,1153.40,1157.78,1157.55,1154.64,1160.08,1163.48,1166.07,1169.36,1167.69,1161.41,1151.00,1150.85,1157.87,1168.97,1170.57,1156.56,1142.60,1151.48,1148.86,1133.72,1133.31,1149.43,1166.08,1178.95,1190.03,1194.63,1194.78,1188.26,1179.79,1177.11,1174.97,1162.93,1144.86,1127.51,1104.50,1080.83,1062.22,1037.38,1015.47,994.63
1833.92,1853.81,1874.60,1894.36,1915.14,1926.63,1928.56,1932.07,1933.42,1928.70,1915.12,1901.12,1891.48,1882.64,1881.55,1884.11,1888.38,1890.10,1886.76,1875.67,1869.04,1867.24,1862.02,1851.38,1833.65,1838.59,1851.22,1858.79,1859.83,1857.58,1853.38,1847.22,1840.31,1835.57,1832.67,1841.35,1857.79,1872.39,1881.46,1890.09,1899.61,1909.05,1919.21,1924.32,1929.63,1938.37,1947.49,1957.49,1964.03,1969.14,1972.45,1974.75,1973.76,1971.38,1970.95,1970.42,1967.51,1962.17,1955.31,1946.78,1937.13,1926.56,1918.31,1911.64,1905.52,1899.69,1891.48,1882.42,1872.29,1860.32,1849.20,1837.46,1825.28,1813.30,1797.93,1780.85,1770.92,1777.64,1785.56,1790.95,1791.96,1785.53,1774.86,1762.16,1749.43,1733.83,1718.69,1706.50,1702.68,1695.42,1684.69,1666.57,1668.47,1665.14,1655.54,1643.13,1628.83,1616.74,1608.16,1616.80,1635.71,1640.21,1629.96,1612.16,1593.06,1569.30,1547.74,1531.40,1508.77,1489.33,1481.53,1477.00,1478.44,1472.79,1456.38,1442.13,1424.13,1402.86,1375.40,1348.98,1335.98,1328.39,1313.14,1295.55,1279.75,1281.03,1298.73,1310.31,1320.44,1337.66,1348.99,1352.29,1351.89,1351.81,1347.07,1332.29,1335.11,1341.43,1338.28,1325.35,1316.48,1318.57,1312.93,1297.88,1274.28,1248.26,1226.22,1203.43,1197.79,1207.40,1210.69,1208.13,1187.65,1164.81,1142.31,1108.02,1081.69,1084.33,1092.38,1089.77,1080.88,1074.75,1068.45,1056.42,1043.62,1029.69,1022.52,1025.10,1030.83,1043.19,1064.13,1076.26,1069.07,1049.41,1025.01,1003.20,983.33,967.26,946.93,925.72,913.64,902.31,890.36,884.67,881.06,879.62,879.10,882.68,890.75,896.23,893.21,885.70,872.60,858.88,850.93,847.51,845.65,851.84,864.87,875.45,887.67,898.41,907.80,919.87,935.02,955.63,979.58,996.74,1015.71,1036.40,1056.06,1073.45,1089.78,1105.83,1129.03,1148.05,1160.92,1166.89,1169.11,1169.41,1166.67,1167.14,1167.81,1168.34,1165.21,1158.34,1156.14,1161.92,1167.53,1174.82,1171.46,1153.78,1154.80,1168.06,1165.61,1152.45,1137.43,1146.97,1161.50,1172.01,1189.52,1199.63,1199.66,1194.74,1193.49,1192.43,1185.47,1163.40,1139.21,1118.77,1095.18,1072.18,1048.45,1026.83,1005.70,987.10
1825.32,1844.05,1867.67,1889.66,1906.92,1915.22,1918.64,1922.27,1923.14,1918.90,1907.12,1890.60,1882.00,1873.96,1872.44,1873.90,1879.71,1881.00,1873.28,1859.07,1849.94,1850.91,1848.48,1838.68,1822.17,1823.21,1836.33,1843.08,1843.68,1842.13,1838.06,1830.69,1826.99,1830.45,1834.98,1841.13,1853.74,1866.36,1878.43,1889.44,1899.85,1908.63,1920.57,1927.31,1931.95,1937.47,1943.32,1951.52,1958.32,1963.25,1967.14,1969.52,1969.06,1967.82,1967.25,1965.95,1961.97,1955.89,1947.43,1937.96,1928.60,1917.00,1907.16,1902.20,1898.18,1892.46,1887.38,1881.11,1871.97,1863.54,1855.45,1845.41,1830.81,1817.14,1800.78,1782.61,1769.55,1766.45,1775.76,1782.41,1785.10,1782.26,1772.39,1759.25,1747.38,1731.63,1712.77,1697.00,1686.10,1674.98,1667.85,1655.82,1647.08,1639.58,1631.33,1624.08,1618.12,1617.43,1627.11,1644.18,1649.33,1641.38,1625.18,1603.64,1581.86,1555.13,1534.19,1518.10,1503.63,1501.94,1503.57,1499.77,1495.21,1488.16,1468.01,1448.75,1428.12,1406.22,1380.70,1356.54,1330.56,1309.53,1295.13,1288.89,1296.76,1303.48,1314.13,1332.25,1345.64,1357.69,1366.72,1372.43,1374.19,1372.06,1363.26,1350.75,1358.05,1364.94,1360.68,1346.91,1340.65,1339.68,1326.21,1305.30,1281.17,1255.56,1233.51,1213.11,1212.73,1223.37,1232.07,1225.24,1206.47,1186.65,1158.07,1119.31,1086.34,1075.16,1071.94,1068.94,1062.84,1056.75,1049.23,1042.24,1036.49,1035.20,1041.37,1051.61,1059.46,1065.13,1081.61,1081.23,1064.02,1042.72,1018.11,995.78,972.84,955.61,939.62,935.32,928.64,914.33,897.24,885.40,880.08,878.93,875.77,873.61,872.93,871.27,868.14,864.01,858.82,853.73,849.22,846.88,847.04,857.72,872.25,886.91,901.36,911.25,923.76,939.92,950.23,956.82,969.06,992.04,1013.16,1033.28,1055.24,1076.80,1099.39,1117.75,1138.13,1154.81,1166.67,1172.03,1174.34,1173.11,1172.27,1175.42,1175.68,1172.05,1165.67,1161.20,1170.29,1177.66,1181.71,1182.84,1175.79,1157.86,1167.36,1183.28,1181.49,1165.70,1147.50,1153.34,1165.65,1175.36,1187.95,1203.52,1207.72,1206.10,1206.53,1201.47,1183.88,1153.82,1129.51,1106.37,1084.08,1061.81,1038.46,1017.40,997.77,982.50
1824.28,1844.32,1863.72,1882.74,1895.38,1902.05,1906.32,1910.66,1911.37,1907.27,1896.61,1882.88,1873.05,1865.14,1860.00,1865.05,1872.94,1873.53,1864.40,1851.30,1835.12,1828.84,1828.66,1819.66,1809.99,1809.46,1817.22,1822.10,1823.70,1822.20,1822.04,1823.45,1831.31,1841.44,1845.24,1847.29,1852.26,1858.98,1868.52,1880.87,1892.81,1901.41,1914.25,1924.47,1930.13,1933.56,1937.38,1943.44,1949.46,1955.08,1959.98,1963.72,1964.21,1963.54,1962.72,1960.48,1955.13,1948.15,1938.78,1928.56,1919.27,1909.82,1899.01,1888.39,1884.20,1882.82,1881.26,1876.98,1870.30,1864.10,1856.83,1847.22,1834.35,1819.99,1802.71,1786.70,1773.83,1759.65,1763.38,1771.83,1776.15,1776.99,1775.23,1769.11,1757.27,1741.38,1728.24,1714.20,1698.39,1674.22,1655.32,1648.45,1634.32,1628.16,1626.39,1626.03,1632.63,1645.24,1654.89,1661.51,1653.69,1637.15,1614.18,1591.78,1570.31,1546.96,1533.03,1527.44,1522.30,1523.51,1525.40,1520.07,1505.98,1486.13,1458.08,1438.79,1417.67,1397.78,1372.31,1352.88,1326.51,1302.49,1294.39,1307.98,1323.98,1329.14,1333.50,1353.06,1365.52,1372.30,1384.19,1397.14,1400.22,1393.55,1378.91,1374.06,1377.35,1384.63,1378.86,1365.74,1363.89,1358.19,1334.61,1307.64,1283.60,1262.38,1241.03,1224.08,1230.61,1241.63,1251.24,1245.16,1222.53,1196.05,1161.58,1127.49,1099.63,1085.00,1077.63,1070.88,1065.93,1060.26,1058.62,1060.65,1060.67,1059.57,1067.90,1077.40,1087.63,1094.52,1094.04,1081.17,1059.95,1034.90,1011.95,990.50,968.92,951.37,948.74,950.12,939.12,923.14,907.45,890.87,880.26,878.66,877.36,874.28,870.71,864.42,860.71,856.80,853.42,850.58,848.04,846.25,848.51,858.49,873.75,891.64,906.82,919.09,936.92,956.16,968.23,974.08,979.45,996.46,1017.44,1039.92,1059.99,1085.43,1108.67,1126.37,1141.90,1152.55,1164.46,1172.36,1177.27,1180.18,1184.24,1187.89,1188.03,1181.60,1170.91,1173.70,1185.39,1195.15,1198.97,1193.22,1177.35,1163.13,1180.90,1195.95,1193.17,1175.37,1157.67,1166.06,1184.87,1194.24,1197.83,1207.95,1217.43,1216.84,1215.44,1206.73,1183.08,1155.11,1131.62,1106.11,1083.51,1061.20,1042.68,1026.13,1002.67,985.15
1824.18,1838.61,1853.03,1870.75,1879.26,1885.38,1893.28,1898.53,1900.06,1894.97,1883.61,1870.99,1864.22,1858.97,1848.07,1855.52,1866.23,1868.63,1857.07,1843.41,1828.69,1813.85,1809.11,1801.07,1800.71,1803.77,1807.47,1809.59,1813.56,1817.39,1823.77,1831.49,1839.24,1849.07,1857.23,1858.75,1860.83,1866.23,1868.84,1875.35,1887.07,1895.75,1904.20,1914.28,1922.26,1927.80,1932.03,1936.90,1942.53,1948.85,1953.42,1957.25,1958.82,1959.20,1957.98,1953.61,1946.76,1939.65,1933.03,1921.40,1908.76,1901.46,1891.40,1878.45,1869.93,1869.22,1869.02,1868.42,1865.96,1861.57,1854.22,1845.41,1835.57,1822.88,1808.94,1794.54,1781.03,1762.12,1748.76,1753.81,1756.75,1764.58,1773.72,1772.03,1760.50,1747.49,1732.98,1717.84,1698.87,1673.98,1651.12,1639.20,1635.16,1641.84,1646.66,1649.79,1661.74,1671.80,1676.09,1667.73,1646.95,1626.55,1605.55,1589.15,1571.20,1555.48,1552.20,1550.91,1548.23,1548.11,1540.78,1525.64,1503.92,1484.82,1456.70,1435.78,1412.09,1387.69,1361.55,1341.14,1314.96,1300.83,1314.09,1336.98,1350.78,1356.93,1354.63,1367.65,1383.53,1392.29,1402.01,1416.44,1418.72,1409.50,1398.31,1402.25,1401.49,1405.00,1396.91,1387.32,1381.77,1368.02,1345.02,1320.51,1294.59,1271.07,1250.89,1238.05,1248.99,1260.31,1265.51,1258.25,1237.21,1206.20,1175.79,1143.46,1124.48,1102.19,1096.14,1097.98,1095.88,1090.49,1088.81,1091.03,1086.83,1080.29,1089.48,1101.99,1111.65,1111.43,1096.49,1076.56,1054.84,1027.43,1006.07,987.05,969.07,956.32,961.63,963.24,950.64,936.83,921.04,901.72,886.14,880.02,879.04,876.49,873.91,870.32,864.21,857.78,852.96,849.52,846.98,848.14,851.67,858.81,870.76,885.84,903.27,919.79,942.15,962.67,981.04,995.11,1002.00,1011.87,1029.64,1049.32,1067.52,1089.68,1110.67,1125.04,1132.24,1140.06,1155.49,1171.47,1181.15,1188.43,1196.19,1201.09,1200.60,1193.59,1181.68,1187.92,1197.84,1206.41,1206.86,1196.90,1175.65,1174.51,1195.59,1204.58,1201.16,1179.88,1166.39,1185.53,1199.73,1207.09,1211.21,1218.95,1226.04,1225.14,1221.93,1211.64,1189.27,1160.61,1137.82,1117.56,1095.51,1072.20,1052.82,1037.09,1011.58,987.05
1815.42,1824.40,1837.93,1854.59,1859.44,1870.27,1883.46,1888.49,1888.86,1881.40,1867.90,1856.78,1853.76,1848.82,1838.57,1847.95,1857.27,1861.26,1849.97,1835.22,1821.16,1805.06,1797.41,1798.71,1811.62,1823.66,1825.63,1827.61,1831.04,1832.21,1840.81,1846.78,1848.76,1856.86,1868.31,1871.99,1872.69,1874.93,1876.68,1879.32,1883.72,1891.23,1898.03,1904.78,1910.90,1918.51,1924.44,1931.29,1937.00,1942.86,1946.87,1948.08,1950.45,1954.37,1953.55,1948.12,1937.85,1930.21,1924.18,1914.18,1904.86,1893.75,1882.49,1871.72,1861.20,1857.67,1858.64,1859.54,1858.94,1855.46,1847.65,1839.22,1830.76,1819.03,1805.27,1794.10,1783.01,1767.77,1747.17,1737.13,1738.75,1756.78,1771.71,1769.47,1757.39,1740.60,1722.32,1706.74,1688.83,1664.86,1646.44,1639.01,1650.70,1665.04,1674.33,1675.06,1684.22,1692.21,1685.92,1667.87,1646.31,1627.65,1612.20,1603.79,1589.13,1576.72,1575.37,1574.31,1569.28,1561.72,1545.33,1523.00,1496.04,1476.32,1455.09,1434.77,1411.47,1386.79,1357.52,1330.76,1311.08,1319.12,1344.91,1360.58,1372.39,1378.05,1375.00,1388.00,1405.27,1414.77,1421.21,1429.83,1432.14,1424.11,1419.79,1425.50,1428.43,1428.96,1417.30,1407.75,1393.40,1371.28,1350.36,1325.19,1301.55,1280.19,1260.11,1252.45,1265.71,1281.09,1285.76,1271.24,1251.39,1226.27,1195.89,1164.95,1148.18,1126.58,1127.56,1124.88,1119.20,1115.21,1115.17,1115.05,1108.86,1102.16,1111.72,1120.29,1120.34,1109.28,1090.56,1070.57,1047.92,1022.55,1002.81,986.24,972.40,966.14,973.41,973.59,962.80,949.25,930.64,912.94,892.11,884.77,882.30,879.74,875.71,869.82,862.68,855.45,850.65,848.01,848.03,855.07,866.25,875.19,881.68,889.08,895.46,910.40,936.75,961.46,983.73,1003.04,1016.45,1026.98,1042.94,1054.81,1067.49,1084.12,1098.94,1109.05,1121.52,1142.92,1162.67,1178.10,1188.92,1197.25,1205.37,1210.97,1211.55,1205.33,1195.80,1201.03,1208.29,1214.98,1211.77,1195.24,1176.97,1191.27,1205.89,1211.45,1205.32,1182.36,1178.96,1198.36,1210.08,1219.45,1226.43,1230.07,1232.27,1230.93,1225.54,1212.74,1190.19,1165.43,1144.79,1124.24,1104.80,1082.99,1061.10,1041.09,1015.06,990.37
1796.14,1803.65,1821.91,1831.87,1837.18,1856.67,1870.92,1878.65,1877.75,1868.75,1853.54,1841.59,1841.59,1837.38,1828.55,1840.28,1851.79,1853.80,1841.83,1826.51,1810.88,1796.17,1796.79,1810.22,1832.10,1844.88,1844.88,1845.74,1846.92,1846.79,1855.28,1862.02,1861.70,1869.28,1880.00,1885.01,1887.29,1886.57,1885.41,1889.54,1890.83,1892.53,1896.48,1900.25,1905.90,1912.67,1918.70,1926.53,1933.38,1938.31,1941.63,1940.34,1942.05,1949.22,1948.55,1942.03,1930.32,1918.19,1912.62,1906.49,1901.14,1890.71,1880.34,1869.40,1855.45,1845.24,1847.31,1849.74,1850.17,1847.47,1841.48,1834.70,1825.14,1811.38,1796.18,1788.27,1780.37,1768.11,1751.96,1731.10,1732.38,1754.79,1768.09,1760.61,1748.82,1731.51,1709.65,1688.52,1670.12,1652.95,1644.80,1652.41,1666.66,1686.20,1699.66,1700.32,1702.10,1703.82,1692.11,1674.55,1655.93,1637.74,1625.68,1620.31,1611.03,1602.28,1594.96,1586.68,1574.80,1562.73,1545.21,1522.45,1496.35,1471.75,1449.66,1427.92,1405.29,1378.10,1352.11,1326.71,1321.54,1344.41,1366.59,1379.80,1393.51,1402.08,1400.89,1409.73,1424.69,1435.41,1441.04,1448.32,1450.98,1448.57,1448.97,1449.99,1456.70,1449.97,1436.04,1422.40,1399.16,1372.27,1349.80,1325.74,1303.66,1284.24,1268.00,1265.34,1281.26,1298.63,1302.13,1287.45,1263.97,1243.22,1209.33,1188.13,1166.32,1154.79,1158.56,1157.68,1153.51,1150.64,1149.01,1142.62,1128.22,1122.94,1125.49,1125.05,1115.32,1100.91,1085.26,1062.87,1039.89,1021.40,1006.14,991.80,981.89,979.22,981.65,978.72,966.49,949.29,930.24,913.74,891.77,880.42,879.95,878.88,873.58,867.12,859.66,852.00,848.87,847.50,850.59,866.11,884.34,898.63,907.83,913.28,914.52,915.83,926.08,949.60,974.93,998.05,1012.49,1021.15,1030.10,1038.66,1052.40,1068.13,1081.36,1101.01,1124.01,1146.59,1169.51,1185.26,1197.14,1205.93,1211.61,1217.23,1220.52,1218.59,1208.76,1213.51,1221.43,1224.47,1218.38,1198.73,1182.67,1200.28,1213.73,1217.27,1204.29,1186.60,1193.41,1208.78,1219.83,1230.01,1235.17,1236.56,1236.90,1235.71,1227.83,1210.48,1184.34,1160.97,1143.48,1123.67,1103.46,1083.88,1062.98,1043.66,1024.34,1013.67
1772.84,1788.39,1805.34,1808.98,1821.80,1837.98,1852.49,1862.66,1863.34,1856.36,1843.48,1831.58,1828.77,1824.39,1817.41,1832.28,1845.42,1845.14,1830.96,1815.29,1798.06,1792.50,1805.05,1825.68,1847.23,1859.97,1862.69,1862.33,1860.89,1860.37,1870.43,1877.11,1878.01,1883.25,1892.99,1900.17,1904.51,1900.51,1898.09,1903.08,1902.47,1901.50,1905.90,1906.91,1908.67,1915.14,1923.13,1930.39,1932.86,1934.43,1934.41,1930.28,1930.59,1935.59,1935.13,1931.54,1923.57,1910.64,1901.83,1897.54,1891.87,1883.01,1876.01,1867.43,1849.31,1836.36,1834.16,1836.93,1838.34,1837.33,1833.70,1829.10,1819.67,1806.96,1791.04,1778.13,1769.06,1759.22,1745.77,1726.34,1725.49,1747.03,1755.01,1743.57,1730.29,1718.32,1702.05,1676.95,1655.44,1648.48,1656.09,1670.37,1683.23,1698.82,1713.99,1719.37,1718.33,1709.41,1696.79,1681.37,1665.69,1653.55,1647.74,1638.01,1626.47,1611.95,1594.90,1576.75,1558.80,1546.10,1532.29,1515.42,1494.10,1472.95,1449.99,1424.49,1395.90,1367.02,1343.50,1326.45,1342.12,1365.85,1384.86,1400.63,1411.64,1421.22,1423.23,1426.26,1445.52,1459.85,1466.60,1471.56,1471.64,1472.60,1476.20,1472.40,1477.29,1468.69,1452.12,1430.72,1402.21,1375.94,1353.45,1329.29,1306.43,1288.09,1276.61,1281.68,1296.88,1312.01,1316.41,1301.45,1278.23,1254.53,1231.48,1214.97,1189.85,1181.89,1183.73,1182.74,1180.24,1178.12,1174.86,1166.87,1155.51,1141.01,1132.36,1121.23,1106.14,1093.72,1078.75,1057.38,1036.17,1020.10,1007.15,993.45,985.09,982.42,980.66,979.15,968.03,949.76,930.06,908.67,888.83,878.37,875.18,873.25,869.41,863.65,855.91,849.94,848.39,847.74,851.01,869.42,894.67,915.54,929.67,938.85,942.10,943.28,942.53,943.05,958.49,979.50,993.45,1007.44,1023.79,1041.76,1060.66,1079.79,1097.14,1112.16,1129.66,1151.20,1174.66,1189.88,1204.69,1213.33,1218.83,1224.13,1229.25,1230.61,1225.20,1228.28,1235.35,1237.60,1230.11,1209.40,1190.98,1204.13,1220.55,1221.08,1203.93,1204.43,1208.30,1215.27,1227.98,1236.31,1242.00,1243.77,1242.74,1239.69,1228.93,1207.86,1181.42,1158.92,1140.79,1120.20,1103.05,1087.95,1070.16,1053.72,1047.26,1040.62
1754.47,1772.76,1785.78,1790.04,1807.42,1823.13,1837.75,1846.39,1847.59,1841.16,1831.54,1822.87,1820.04,1815.17,1808.22,1824.17,1836.84,1833.24,1817.71,1803.68,1787.57,1791.13,1812.98,1835.86,1854.36,1870.17,1879.89,1878.27,1871.58,1872.79,1883.71,1892.90,1896.76,1900.74,1908.85,1914.70,1916.80,1913.37,1913.12,1917.04,1916.79,1914.34,1917.72,1918.30,1916.69,1921.21,1930.91,1936.50,1936.20,1930.69,1924.92,1920.86,1920.46,1923.06,1921.67,1918.89,1914.56,1906.97,1896.44,1887.24,1880.42,1874.51,1869.71,1862.63,1850.55,1833.79,1823.51,1825.11,1825.76,1824.42,1821.05,1815.92,1810.22,1802.07,1788.77,1776.11,1760.10,1744.07,1730.31,1717.59,1714.46,1729.38,1732.84,1720.66,1704.93,1698.02,1684.52,1663.77,1654.28,1662.75,1678.11,1692.52,1704.49,1714.44,1724.41,1726.39,1720.97,1709.17,1696.07,1683.53,1674.28,1666.28,1654.31,1641.22,1625.88,1607.95,1586.59,1566.13,1542.49,1521.24,1511.25,1502.62,1485.62,1462.27,1438.73,1411.73,1385.13,1358.90,1336.67,1339.89,1364.00,1386.13,1404.41,1418.73,1433.35,1444.78,1446.42,1445.26,1464.05,1478.20,1487.10,1492.12,1495.04,1495.83,1500.93,1498.13,1496.73,1486.51,1462.68,1436.02,1405.54,1380.23,1358.86,1336.05,1311.63,1294.53,1288.85,1298.74,1311.79,1326.09,1330.47,1314.16,1288.87,1266.47,1254.55,1233.75,1211.42,1211.01,1211.58,1208.01,1204.55,1203.07,1197.37,1185.20,1166.82,1141.25,1130.50,1115.33,1098.69,1083.57,1071.05,1055.01,1035.33,1019.87,1006.81,992.40,983.44,976.59,969.59,968.13,963.08,949.43,930.84,907.58,886.39,877.76,874.65,871.53,866.82,860.11,852.40,849.13,848.09,848.18,850.75,868.29,895.12,919.61,942.78,958.48,966.38,968.95,968.22,963.64,959.27,975.15,999.50,1019.33,1038.73,1055.45,1076.87,1097.83,1118.61,1132.61,1144.78,1160.03,1177.74,1193.68,1208.14,1215.11,1221.93,1230.51,1236.70,1239.80,1239.21,1241.61,1249.74,1250.34,1243.58,1224.89,1201.92,1208.94,1226.33,1225.16,1214.13,1219.45,1222.09,1222.16,1233.35,1241.29,1248.18,1250.28,1248.67,1241.96,1229.23,1206.10,1180.43,1158.54,1140.96,1124.65,1112.57,1101.28,1084.47,1070.45,1063.26,1056.27
1733.47,1754.38,1764.32,1772.59,1792.11,1812.91,1825.77,1830.87,1828.88,1824.03,1819.29,1812.07,1812.13,1809.99,1801.18,1816.01,1825.23,1816.89,1804.72,1789.20,1782.81,1800.76,1823.77,1842.25,1858.13,1875.32,1889.71,1888.96,1884.40,1886.10,1895.62,1908.01,1915.76,1919.23,1924.34,1928.83,1928.87,1925.82,1924.76,1926.23,1926.59,1925.08,1926.05,1926.26,1924.63,1927.04,1936.66,1940.88,1937.01,1927.51,1917.01,1912.13,1910.94,1911.62,1908.40,1906.05,1903.46,1900.13,1893.65,1881.69,1871.89,1864.31,1858.93,1854.31,1846.34,1831.96,1814.99,1811.92,1813.07,1811.84,1806.84,1802.71,1799.75,1794.30,1783.41,1770.38,1756.97,1742.21,1725.94,1712.42,1702.96,1708.23,1711.60,1702.11,1683.34,1674.87,1667.11,1661.38,1670.43,1686.15,1701.59,1713.16,1722.80,1731.88,1732.23,1725.64,1716.35,1701.69,1685.98,1675.24,1667.46,1660.06,1648.36,1634.49,1617.16,1599.42,1578.51,1557.92,1530.38,1505.50,1491.06,1485.55,1474.46,1450.79,1423.09,1397.79,1371.77,1349.44,1344.62,1361.41,1381.41,1402.62,1422.36,1440.27,1456.43,1467.32,1472.37,1469.20,1478.82,1493.14,1504.27,1512.30,1517.27,1521.13,1524.39,1520.89,1508.92,1487.53,1462.54,1437.68,1408.76,1383.64,1363.37,1343.07,1318.47,1302.70,1304.94,1315.23,1326.49,1341.67,1346.70,1327.18,1301.56,1286.13,1272.07,1249.51,1238.46,1243.67,1244.60,1238.79,1230.77,1223.68,1212.39,1192.24,1166.97,1142.09,1133.26,1115.69,1096.14,1081.03,1062.63,1044.87,1027.26,1014.85,1004.10,995.42,987.36,976.09,964.65,958.21,954.18,946.06,932.26,908.36,886.86,877.98,874.90,871.76,866.38,857.95,850.62,849.07,848.26,848.68,851.83,871.99,895.21,917.45,940.37,964.03,983.56,995.33,999.29,996.71,982.32,979.30,1003.05,1025.20,1048.04,1065.07,1089.14,1111.58,1128.85,1138.13,1147.39,1160.81,1178.10,1193.16,1205.80,1213.91,1222.12,1234.81,1243.14,1246.95,1248.48,1252.59,1258.89,1259.48,1253.61,1238.32,1216.79,1214.26,1233.22,1234.83,1229.74,1236.23,1236.48,1230.90,1236.90,1246.44,1251.10,1251.92,1250.39,1243.67,1229.08,1204.87,1181.30,1163.13,1150.40,1139.63,1126.75,1109.59,1095.84,1090.19,1082.13,1069.32
1715.99,1730.72,1746.17,1767.04,1787.38,1806.42,1813.93,1813.82,1808.59,1806.71,1804.58,1802.28,1806.31,1804.11,1794.61,1804.91,1807.97,1799.76,1786.80,1776.65,1785.56,1808.81,1828.70,1845.67,1861.44,1877.34,1894.08,1902.11,1901.59,1902.49,1908.55,1921.40,1930.18,1934.76,1937.48,1939.07,1938.20,1936.11,1935.95,1941.08,1944.87,1942.95,1942.02,1941.82,1938.15,1938.98,1942.86,1942.47,1936.06,1922.11,1909.07,1902.86,1901.38,1898.65,1895.88,1892.18,1887.06,1887.76,1884.07,1876.92,1870.38,1858.73,1844.61,1838.37,1833.81,1823.60,1810.30,1801.72,1802.08,1799.94,1792.81,1789.09,1786.79,1781.89,1773.83,1761.36,1744.15,1727.94,1716.89,1706.01,1696.62,1691.71,1689.97,1684.23,1677.88,1679.53,1676.09,1681.46,1696.87,1710.08,1722.12,1731.69,1740.74,1741.43,1730.63,1720.56,1706.76,1689.77,1674.24,1656.48,1645.03,1642.95,1635.50,1623.55,1609.17,1593.30,1566.70,1540.71,1516.72,1498.29,1479.98,1464.31,1457.20,1438.45,1410.00,1381.54,1357.43,1351.12,1366.05,1387.57,1402.48,1418.22,1439.53,1459.45,1475.77,1485.95,1491.08,1489.34,1492.36,1506.86,1523.22,1534.07,1540.48,1545.62,1543.08,1527.10,1502.72,1477.00,1456.34,1435.40,1410.80,1386.35,1366.35,1347.28,1326.64,1314.29,1322.96,1330.03,1341.05,1355.13,1357.01,1340.40,1321.71,1305.72,1287.23,1267.08,1263.31,1265.73,1265.83,1260.75,1252.07,1236.55,1217.34,1194.53,1170.90,1150.82,1141.52,1122.53,1101.72,1084.22,1061.46,1039.59,1022.13,1007.00,993.61,985.70,979.11,974.35,970.53,964.03,955.43,946.03,934.94,912.02,888.71,878.26,875.08,871.84,865.68,856.30,850.05,849.11,848.64,849.34,855.91,876.55,894.15,913.08,934.19,959.94,986.05,1009.91,1024.41,1026.29,1011.14,996.17,1000.69,1023.43,1049.36,1069.19,1094.85,1113.56,1124.55,1129.88,1139.53,1152.91,1169.91,1185.59,1201.88,1215.38,1227.00,1240.75,1250.14,1255.55,1257.46,1260.17,1263.35,1263.72,1260.58,1250.21,1235.00,1223.80,1241.12,1248.32,1247.90,1250.01,1247.34,1241.43,1242.81,1250.18,1252.99,1252.93,1251.18,1245.62,1232.07,1210.59,1194.63,1175.87,1161.71,1148.24,1133.26,1115.07,1103.49,1095.15,1085.37,1070.69
1705.28,1713.02,1740.08,1762.98,1779.89,1792.67,1799.37,1796.56,1790.43,1792.32,1792.48,1795.23,1800.41,1795.52,1784.05,1789.32,1785.53,1776.08,1771.27,1776.93,1789.23,1807.77,1825.02,1842.60,1860.26,1876.45,1893.92,1910.33,1920.06,1923.99,1927.10,1934.27,1944.88,1951.66,1956.04,1958.91,1954.57,1950.48,1953.34,1958.78,1962.09,1957.98,1956.04,1956.01,1953.90,1949.32,1946.92,1942.10,1935.36,1925.00,1908.49,1891.56,1889.11,1886.93,1885.54,1880.82,1870.59,1869.41,1869.05,1866.78,1861.51,1852.12,1835.58,1824.25,1821.56,1815.11,1805.41,1793.64,1789.74,1785.98,1776.30,1771.56,1768.91,1765.33,1759.86,1750.98,1730.90,1716.94,1713.57,1710.23,1705.86,1698.56,1688.06,1685.11,1690.86,1704.20,1705.68,1706.90,1720.82,1733.49,1742.61,1748.85,1751.12,1745.06,1731.78,1720.57,1707.26,1690.86,1673.67,1652.76,1632.29,1619.94,1615.87,1607.21,1594.31,1577.44,1556.39,1530.12,1505.41,1490.49,1468.46,1446.38,1434.43,1419.17,1395.52,1368.95,1362.63,1374.27,1386.05,1406.60,1422.02,1433.24,1453.06,1475.27,1491.56,1504.56,1510.83,1509.32,1511.29,1523.60,1540.26,1554.54,1562.63,1562.34,1546.83,1521.34,1497.18,1471.32,1449.99,1430.50,1410.73,1387.30,1367.29,1349.24,1333.33,1329.88,1337.59,1346.51,1357.05,1368.08,1369.60,1357.89,1346.92,1326.73,1304.78,1289.55,1289.17,1288.56,1285.09,1275.31,1258.64,1238.72,1213.49,1192.25,1167.50,1148.33,1138.89,1122.63,1102.49,1082.50,1060.67,1039.15,1021.71,1004.89,990.87,987.87,985.86,988.02,988.43,978.92,966.84,952.42,939.24,917.39,892.19,878.94,875.05,871.17,863.70,855.46,850.23,849.15,849.15,850.10,861.34,878.58,892.24,909.89,931.05,956.71,986.30,1014.93,1036.78,1049.93,1040.21,1031.21,1016.50,1019.26,1044.30,1068.25,1090.33,1103.47,1113.60,1123.60,1139.40,1152.46,1165.26,1183.87,1203.81,1218.49,1233.98,1248.25,1258.50,1262.11,1263.19,1265.16,1267.61,1267.60,1264.09,1259.03,1249.49,1237.24,1248.26,1257.76,1258.07,1256.80,1252.60,1250.63,1251.25,1253.58,1254.60,1252.52,1250.84,1246.93,1239.07,1224.09,1203.92,1176.74,1155.43,1135.85,1122.00,1107.01,1090.34,1074.88,1065.20,1055.64
1705.68,1710.56,1732.92,1750.79,1763.21,1772.68,1775.76,1774.11,1774.00,1778.46,1782.19,1790.40,1793.08,1786.25,1772.81,1770.70,1766.77,1766.57,1772.54,1780.78,1791.34,1806.88,1820.70,1837.73,1856.56,1873.49,1892.27,1911.75,1928.64,1937.48,1945.24,1952.72,1958.30,1963.33,1970.86,1974.95,1971.26,1969.37,1970.63,1974.18,1975.35,1971.32,1969.49,1969.28,1966.57,1958.93,1949.13,1943.67,1936.47,1924.83,1910.41,1889.68,1876.28,1873.17,1869.58,1867.15,1858.66,1849.55,1850.66,1849.48,1843.21,1838.08,1826.77,1815.13,1810.38,1805.13,1796.90,1787.28,1780.61,1775.18,1763.57,1754.43,1747.00,1743.93,1739.70,1730.74,1723.45,1728.18,1734.67,1735.84,1728.22,1715.63,1707.66,1709.58,1717.29,1731.15,1733.53,1731.38,1741.92,1750.19,1756.33,1759.28,1757.56,1752.63,1742.28,1729.63,1716.26,1702.10,1681.10,1655.72,1631.17,1612.23,1598.55,1585.11,1569.76,1554.58,1540.11,1521.75,1496.85,1475.40,1452.76,1423.99,1408.04,1398.88,1381.22,1371.80,1386.77,1402.90,1412.69,1421.59,1436.92,1452.88,1468.19,1485.38,1505.53,1521.98,1530.77,1531.94,1532.60,1540.61,1554.17,1572.15,1580.65,1568.57,1544.55,1518.34,1497.95,1473.53,1450.22,1430.61,1410.33,1386.66,1367.09,1350.25,1342.91,1346.68,1355.85,1368.00,1375.99,1384.96,1386.30,1377.47,1364.37,1346.56,1327.44,1314.58,1311.72,1304.72,1293.40,1278.28,1258.61,1235.34,1206.38,1183.63,1161.25,1147.52,1132.30,1116.58,1097.47,1080.70,1061.61,1044.19,1029.75,1014.50,1003.66,1002.24,1005.91,1005.45,1000.99,989.83,979.08,961.77,944.28,924.21,899.45,883.64,875.68,870.46,861.40,855.34,851.15,849.39,849.53,852.20,866.29,879.28,892.94,912.32,934.69,958.72,988.90,1015.87,1043.58,1064.38,1064.08,1053.67,1037.93,1039.26,1042.28,1061.16,1078.55,1094.75,1113.76,1132.00,1150.74,1166.30,1181.47,1197.35,1210.04,1225.13,1239.97,1253.12,1262.42,1265.83,1267.24,1269.70,1271.83,1271.26,1267.74,1263.78,1259.13,1247.94,1253.16,1262.57,1262.92,1259.50,1258.21,1258.67,1257.91,1256.65,1253.43,1249.49,1244.63,1239.50,1233.09,1219.38,1195.07,1166.29,1141.83,1118.84,1099.74,1086.72,1071.20,1056.64,1042.86,1032.16
1713.31,1708.32,1718.25,1733.80,1743.13,1750.22,1753.73,1757.08,1759.63,1765.62,1777.07,1782.17,1780.64,1772.15,1761.38,1758.94,1765.75,1776.99,1786.91,1790.26,1794.53,1806.55,1819.54,1834.31,1853.11,1870.46,1888.80,1909.53,1927.95,1943.76,1960.35,1966.34,1970.29,1977.47,1984.67,1989.11,1989.51,1989.85,1991.13,1992.65,1991.27,1988.09,1982.63,1980.24,1974.54,1961.69,1948.17,1941.13,1931.04,1920.37,1906.20,1887.33,1872.29,1864.93,1859.46,1856.09,1850.62,1837.83,1830.74,1831.66,1830.53,1825.22,1816.10,1806.88,1800.02,1794.57,1787.93,1780.87,1774.25,1766.73,1756.64,1748.16,1740.50,1734.75,1730.08,1731.94,1742.14,1751.51,1756.00,1755.28,1747.24,1738.18,1734.79,1740.85,1744.74,1754.91,1759.70,1752.80,1755.65,1761.89,1766.68,1767.47,1765.08,1760.25,1751.00,1737.77,1722.62,1707.86,1687.80,1660.84,1639.54,1618.66,1600.13,1577.02,1555.27,1534.46,1514.59,1502.63,1485.44,1463.91,1438.30,1405.90,1391.01,1385.07,1384.71,1390.94,1410.22,1428.01,1441.81,1442.60,1454.09,1473.26,1486.28,1496.54,1515.21,1533.95,1547.63,1552.85,1551.69,1561.51,1574.01,1588.67,1589.58,1569.73,1546.38,1520.65,1501.30,1477.04,1454.71,1433.78,1409.01,1385.61,1368.33,1361.36,1362.93,1365.55,1374.40,1387.14,1398.12,1406.56,1407.58,1398.27,1379.57,1363.35,1346.95,1332.76,1321.03,1306.48,1291.28,1273.79,1253.16,1229.17,1201.22,1176.56,1156.69,1141.71,1123.36,1105.98,1090.82,1078.93,1065.79,1053.66,1042.23,1031.17,1023.69,1018.37,1010.06,1000.94,990.42,979.99,974.45,962.67,947.72,932.04,913.11,897.29,883.48,871.03,859.69,855.47,851.81,849.75,851.32,858.00,869.35,880.76,896.91,915.24,938.13,961.83,991.64,1016.38,1048.08,1070.28,1078.58,1069.33,1058.88,1064.66,1061.17,1059.53,1083.08,1105.90,1121.60,1138.37,1155.48,1175.36,1198.16,1210.53,1220.84,1233.57,1243.96,1254.92,1265.46,1269.71,1271.64,1274.72,1276.08,1273.70,1269.92,1265.15,1259.73,1252.68,1257.65,1266.14,1266.72,1263.84,1263.21,1262.49,1260.01,1256.31,1251.89,1244.34,1232.48,1224.09,1219.81,1210.95,1195.08,1167.95,1143.38,1116.87,1094.21,1071.79,1053.26,1037.30,1021.90,1009.33
1724.44,1713.69,1712.76,1718.44,1724.71,1730.81,1736.13,1742.87,1748.09,1760.20,1764.69,1765.16,1763.00,1757.14,1755.80,1763.82,1782.54,1796.84,1805.05,1808.71,1806.04,1810.77,1819.47,1832.59,1849.57,1867.39,1883.65,1903.63,1921.62,1937.76,1956.97,1970.42,1981.27,1989.47,1996.62,2002.00,2005.34,2008.07,2009.69,2009.97,2007.30,2001.99,1992.83,1982.19,1970.59,1955.36,1943.28,1933.00,1924.02,1912.15,1897.26,1882.21,1878.73,1873.36,1861.86,1852.96,1845.88,1838.62,1832.88,1823.71,1816.64,1810.70,1804.99,1799.46,1795.92,1791.59,1788.41,1784.96,1781.03,1772.82,1764.31,1762.70,1758.52,1749.59,1742.25,1751.55,1761.87,1768.62,1773.37,1772.84,1765.31,1762.11,1760.96,1765.87,1769.92,1771.06,1774.81,1769.39,1772.41,1776.17,1775.44,1771.54,1767.25,1758.51,1747.14,1733.62,1719.67,1706.54,1688.94,1665.19,1646.09,1623.85,1603.61,1580.69,1556.78,1532.42,1505.74,1484.81,1465.81,1444.95,1416.56,1399.37,1404.49,1405.41,1411.12,1421.03,1430.41,1449.89,1463.79,1467.38,1475.18,1488.65,1503.37,1516.88,1527.51,1540.80,1559.75,1571.96,1576.48,1583.11,1594.51,1600.51,1592.60,1571.19,1547.62,1521.50,1502.02,1477.14,1454.76,1432.80,1406.84,1386.93,1379.95,1382.49,1386.23,1387.74,1391.95,1404.36,1415.94,1421.99,1420.08,1409.74,1391.74,1372.65,1352.58,1335.74,1318.11,1298.83,1283.52,1263.24,1245.00,1221.79,1199.20,1173.60,1153.38,1136.08,1114.38,1096.51,1081.19,1067.28,1052.96,1044.72,1036.11,1026.43,1015.80,1006.49,994.63,984.33,977.03,972.49,971.11,966.48,956.85,944.76,929.79,912.89,896.50,875.28,859.30,855.62,852.22,850.66,854.53,861.12,870.97,883.75,900.91,919.38,940.83,966.39,995.10,1019.51,1049.85,1072.39,1086.27,1089.96,1090.15,1092.10,1083.99,1070.16,1090.43,1114.93,1133.31,1147.45,1161.41,1183.90,1204.61,1216.57,1229.10,1238.86,1247.84,1258.59,1269.55,1274.05,1277.03,1279.76,1279.99,1275.99,1269.82,1262.95,1257.48,1259.28,1266.22,1270.26,1270.16,1268.44,1266.40,1263.74,1260.57,1256.26,1251.61,1241.34,1220.56,1207.16,1198.76,1192.39,1183.94,1166.30,1147.09,1124.07,1098.92,1074.71,1050.64,1028.98,1009.72,994.90
1743.41,1726.65,1722.60,1719.52,1720.06,1723.18,1726.67,1729.01,1735.72,1744.17,1745.06,1746.88,1748.23,1752.86,1763.86,1784.22,1801.92,1814.84,1823.46,1829.90,1825.62,1823.96,1825.72,1833.11,1846.82,1861.71,1877.69,1894.61,1912.03,1930.71,1947.28,1964.02,1980.64,1993.81,2005.63,2014.44,2021.49,2024.57,2024.08,2022.03,2017.65,2008.83,1995.12,1978.61,1961.97,1948.34,1937.10,1924.99,1915.01,1901.59,1891.87,1892.93,1889.95,1877.60,1872.98,1872.71,1861.81,1857.43,1854.16,1843.26,1829.37,1819.18,1812.53,1815.77,1816.63,1814.60,1812.63,1811.17,1807.86,1799.29,1791.54,1789.30,1777.24,1759.55,1756.07,1768.97,1780.54,1789.80,1793.13,1791.72,1787.18,1785.20,1781.60,1786.30,1788.19,1786.15,1787.79,1787.63,1788.23,1786.35,1779.32,1767.47,1758.41,1747.22,1733.69,1718.18,1702.01,1693.83,1680.94,1663.20,1646.30,1622.93,1600.45,1577.83,1554.88,1531.86,1507.20,1480.64,1456.32,1427.40,1410.75,1419.18,1428.88,1427.83,1433.61,1454.06,1459.10,1466.66,1482.15,1489.67,1491.95,1506.11,1519.69,1536.26,1546.31,1554.23,1571.82,1588.30,1599.39,1605.52,1610.76,1605.52,1588.90,1569.20,1543.61,1518.02,1497.19,1473.01,1451.07,1430.15,1408.65,1401.31,1401.68,1405.05,1409.75,1411.26,1411.84,1420.95,1429.96,1429.96,1423.90,1412.12,1392.12,1369.62,1349.20,1330.77,1307.86,1289.36,1272.16,1250.69,1232.82,1213.78,1193.57,1170.36,1151.97,1133.91,1115.78,1095.20,1078.10,1061.11,1046.29,1033.43,1024.02,1014.61,1005.18,997.20,991.21,991.50,987.74,990.27,994.08,989.67,978.00,964.27,946.17,925.73,908.37,882.79,859.85,856.20,853.35,852.60,856.20,861.90,872.44,887.43,905.13,924.50,946.09,974.17,1000.41,1023.32,1048.19,1070.45,1086.38,1101.77,1115.17,1117.85,1109.48,1087.84,1091.25,1115.40,1135.43,1151.98,1170.40,1190.53,1206.85,1219.09,1231.82,1241.04,1250.64,1262.53,1272.34,1277.47,1280.83,1282.67,1281.68,1276.26,1268.13,1262.37,1261.18,1267.23,1271.02,1271.63,1270.55,1268.72,1265.44,1262.96,1260.37,1255.92,1251.10,1242.74,1223.18,1198.92,1181.49,1167.92,1161.32,1151.90,1137.21,1122.65,1105.30,1081.85,1057.26,1036.53,1016.42,995.64
1752.86,1747.87,1744.16,1731.60,1729.15,1728.52,1729.07,1730.84,1735.39,1736.86,1739.65,1745.96,1752.34,1760.77,1780.49,1799.10,1815.76,1831.56,1844.40,1850.94,1846.15,1844.05,1844.63,1845.07,1850.40,1862.15,1877.78,1895.57,1911.52,1929.16,1945.06,1961.58,1979.84,1994.02,2009.40,2023.06,2032.12,2034.24,2033.39,2030.35,2023.84,2011.79,1993.41,1976.96,1963.39,1950.33,1941.48,1929.42,1918.56,1906.47,1903.10,1903.02,1893.62,1889.29,1893.85,1889.94,1877.78,1877.70,1873.70,1860.28,1847.82,1831.83,1826.49,1834.95,1837.89,1838.21,1837.18,1835.69,1831.74,1823.92,1820.65,1809.99,1789.92,1767.36,1772.56,1787.88,1800.92,1810.55,1814.95,1814.10,1810.46,1807.30,1803.56,1803.11,1801.76,1800.61,1800.74,1798.77,1792.71,1784.03,1774.91,1763.02,1748.15,1735.21,1722.47,1705.61,1686.26,1674.81,1665.55,1654.21,1639.22,1617.06,1594.68,1572.51,1548.21,1527.16,1500.35,1474.30,1452.19,1425.09,1430.46,1447.34,1456.45,1456.24,1453.37,1472.75,1486.95,1491.12,1498.53,1509.93,1509.90,1524.77,1535.97,1550.72,1564.35,1573.98,1585.47,1602.74,1617.04,1623.73,1620.43,1607.57,1585.59,1563.84,1538.22,1514.97,1491.10,1467.64,1447.01,1431.77,1425.78,1425.85,1427.17,1430.45,1433.99,1434.93,1433.88,1437.31,1439.20,1432.47,1423.81,1409.85,1390.93,1366.86,1347.03,1323.30,1299.22,1280.65,1260.45,1239.23,1218.61,1202.75,1182.59,1165.53,1157.50,1149.26,1132.29,1105.56,1087.22,1069.12,1054.08,1039.86,1025.22,1012.53,1004.05,1006.06,1005.80,1008.51,1004.74,1003.29,1001.55,996.63,985.92,971.88,954.47,932.62,914.47,887.72,861.25,857.45,854.92,854.35,857.10,861.90,873.31,890.73,908.72,929.50,952.74,980.02,1003.39,1023.64,1043.71,1063.94,1082.09,1102.71,1124.05,1129.12,1123.44,1105.27,1092.17,1109.55,1131.87,1150.85,1170.70,1190.37,1204.70,1216.74,1227.49,1236.12,1247.43,1262.66,1273.59,1279.12,1282.73,1284.75,1282.21,1276.76,1269.70,1266.54,1267.68,1271.44,1272.79,1271.63,1268.91,1264.88,1261.43,1257.64,1253.16,1249.85,1247.54,1243.21,1228.70,1204.50,1178.78,1154.24,1141.75,1130.69,1116.27,1107.73,1097.97,1085.04,1065.80,1046.55,1024.95,1003.65
1766.06,1767.47,1754.57,1743.86,1744.79,1744.45,1743.25,1742.56,1744.14,1747.24,1755.21,1764.45,1770.64,1773.27,1791.04,1813.35,1831.67,1848.95,1862.64,1870.14,1870.27,1870.13,1870.34,1870.66,1869.43,1869.20,1881.44,1902.52,1924.62,1941.64,1953.76,1971.78,1987.21,2000.68,2013.24,2028.83,2038.03,2040.21,2038.79,2033.81,2025.03,2010.28,1994.39,1981.66,1972.44,1959.54,1947.17,1937.14,1922.41,1913.35,1913.91,1908.01,1900.89,1908.58,1909.38,1901.46,1894.47,1899.66,1889.08,1873.23,1859.15,1844.78,1845.43,1851.12,1854.93,1857.12,1857.35,1855.93,1852.61,1847.28,1837.94,1816.82,1794.33,1777.18,1789.44,1803.76,1816.68,1828.28,1833.35,1833.72,1831.77,1828.42,1825.01,1821.86,1816.35,1810.78,1803.74,1795.52,1783.57,1775.07,1769.14,1762.77,1749.51,1734.25,1718.35,1700.24,1681.74,1660.66,1644.04,1633.49,1622.43,1610.31,1592.00,1568.68,1542.72,1518.97,1489.49,1465.31,1443.03,1434.28,1455.08,1471.80,1484.10,1487.35,1477.77,1487.53,1506.79,1514.18,1518.01,1528.95,1528.84,1541.46,1556.54,1566.63,1580.22,1595.26,1605.71,1617.94,1632.23,1634.49,1621.21,1604.52,1583.83,1561.10,1536.18,1512.08,1488.48,1466.69,1452.29,1447.72,1448.49,1448.58,1449.20,1451.76,1455.13,1456.08,1452.71,1447.81,1440.93,1431.23,1421.25,1408.85,1393.06,1368.80,1348.87,1322.55,1299.71,1279.89,1258.33,1235.92,1215.92,1200.42,1183.82,1173.70,1169.49,1158.03,1136.85,1112.97,1097.61,1077.81,1061.81,1046.89,1029.18,1018.86,1021.39,1023.05,1020.19,1022.20,1013.20,1003.58,996.83,988.99,980.66,971.25,956.98,934.73,914.73,889.25,866.10,859.38,856.36,856.56,859.00,862.99,871.60,890.21,909.03,932.11,956.85,980.20,1001.13,1019.38,1036.92,1054.14,1075.07,1097.49,1119.72,1131.55,1133.24,1123.36,1108.59,1106.59,1123.53,1147.68,1164.98,1182.63,1193.31,1200.20,1211.37,1222.63,1239.60,1259.00,1273.22,1279.87,1284.24,1286.79,1284.22,1280.36,1278.36,1275.12,1274.03,1275.17,1273.11,1270.50,1265.80,1260.03,1253.50,1248.11,1244.50,1241.74,1240.00,1239.71,1229.08,1204.10,1178.10,1157.86,1138.11,1119.59,1102.00,1088.37,1076.67,1070.38,1063.54,1054.39,1034.82,1009.25
1788.12,1785.25,1769.79,1757.84,1765.88,1769.06,1768.97,1762.59,1755.30,1764.02,1773.88,1784.08,1789.36,1787.38,1796.55,1822.14,1842.76,1861.71,1877.04,1887.50,1893.81,1894.77,1894.35,1895.23,1891.28,1887.14,1889.92,1903.13,1923.11,1944.81,1961.62,1980.51,1996.16,2010.05,2023.42,2036.13,2042.53,2043.24,2040.74,2034.91,2026.21,2014.62,2005.55,1995.88,1980.73,1965.62,1951.27,1941.04,1931.74,1930.36,1926.37,1915.89,1915.47,1923.42,1922.58,1914.11,1911.49,1913.49,1902.45,1884.24,1863.59,1857.59,1861.38,1864.50,1869.30,1874.68,1877.63,1875.86,1872.61,1862.21,1845.33,1817.49,1794.50,1790.26,1804.60,1815.84,1832.76,1848.17,1854.92,1855.34,1851.83,1848.90,1842.88,1834.70,1823.22,1807.21,1794.01,1785.90,1780.28,1774.60,1766.73,1759.18,1746.89,1730.06,1714.71,1700.48,1683.28,1663.74,1640.29,1619.28,1605.08,1598.35,1582.71,1560.25,1535.77,1507.70,1478.10,1455.27,1440.22,1455.70,1476.96,1494.59,1506.31,1507.86,1494.31,1505.15,1524.72,1535.59,1540.20,1546.07,1550.74,1560.27,1575.36,1586.84,1597.87,1612.59,1627.48,1637.99,1643.98,1638.36,1617.67,1599.44,1578.09,1555.93,1532.39,1507.47,1491.07,1482.62,1475.81,1468.12,1467.22,1469.51,1471.91,1473.78,1473.68,1470.22,1461.76,1452.10,1439.52,1427.50,1417.03,1405.76,1392.75,1369.68,1347.48,1323.43,1303.01,1283.99,1264.69,1246.52,1227.82,1212.35,1200.85,1186.05,1170.85,1154.82,1133.25,1112.69,1098.28,1082.12,1063.58,1045.39,1032.19,1032.97,1036.69,1037.10,1034.00,1027.75,1017.54,1009.15,1002.19,989.62,977.49,970.32,958.41,939.90,918.22,893.21,869.75,860.74,857.57,858.75,862.18,866.08,872.67,888.02,906.46,928.22,952.63,973.41,994.13,1009.99,1027.54,1045.19,1068.22,1089.33,1108.98,1129.10,1142.82,1143.49,1132.12,1121.43,1118.21,1138.77,1156.12,1167.75,1177.38,1185.50,1202.95,1220.83,1240.62,1257.42,1271.13,1279.99,1286.20,1289.31,1289.25,1287.08,1285.07,1282.43,1279.83,1275.03,1270.00,1265.15,1259.74,1252.77,1248.94,1247.41,1247.49,1247.27,1243.05,1235.29,1228.96,1212.12,1188.91,1173.14,1155.67,1138.66,1120.73,1104.20,1086.09,1062.25,1049.20,1045.34,1039.45,1020.19
1811.10,1805.07,1786.19,1775.39,1786.69,1794.12,1793.25,1777.92,1766.25,1780.49,1793.47,1807.07,1814.75,1809.60,1805.68,1818.37,1842.39,1866.65,1885.68,1900.71,1910.65,1916.37,1916.79,1917.32,1910.58,1908.19,1908.07,1912.52,1932.75,1948.00,1967.57,1986.65,2002.40,2019.78,2036.08,2043.80,2046.19,2043.99,2040.31,2034.39,2027.77,2020.90,2012.82,2001.65,1984.13,1968.32,1956.74,1949.48,1944.99,1941.82,1936.32,1925.35,1928.19,1935.84,1936.51,1931.70,1928.94,1920.32,1906.79,1886.51,1868.45,1873.79,1878.76,1879.94,1886.84,1894.71,1899.56,1897.24,1883.77,1865.39,1841.52,1815.72,1799.61,1810.97,1825.39,1833.77,1850.54,1864.00,1873.37,1875.40,1871.25,1866.26,1855.94,1840.98,1820.78,1804.39,1793.54,1787.05,1783.64,1779.87,1769.84,1753.10,1732.53,1716.04,1701.45,1689.71,1675.77,1662.53,1643.22,1621.75,1600.81,1581.34,1563.39,1545.06,1521.27,1494.09,1466.21,1448.28,1454.40,1478.52,1496.53,1511.34,1521.36,1522.84,1516.76,1525.37,1540.73,1554.36,1560.54,1564.20,1572.03,1576.66,1591.10,1606.86,1618.47,1630.93,1644.07,1652.91,1652.39,1638.96,1617.30,1596.74,1571.86,1548.17,1528.03,1513.05,1509.01,1505.09,1498.25,1492.27,1491.13,1492.41,1491.70,1488.23,1483.31,1476.62,1464.46,1451.39,1435.78,1423.10,1410.73,1400.53,1388.44,1365.97,1343.24,1320.99,1300.86,1282.36,1263.20,1247.63,1229.42,1214.61,1205.12,1191.72,1173.31,1160.67,1140.81,1117.72,1097.53,1078.96,1064.24,1052.77,1045.94,1048.95,1050.64,1049.07,1040.06,1032.03,1024.41,1012.75,1003.35,991.14,978.87,970.40,958.41,942.87,923.66,899.32,872.59,862.69,858.76,860.71,866.09,870.48,882.02,899.94,919.64,942.56,954.69,965.48,982.24,1002.18,1021.20,1039.45,1060.91,1080.50,1097.92,1121.90,1146.80,1157.24,1154.51,1146.12,1137.55,1131.90,1145.27,1161.47,1184.12,1195.55,1201.98,1219.52,1241.96,1258.98,1271.25,1280.56,1287.97,1291.98,1292.85,1291.88,1289.33,1285.80,1281.29,1273.35,1266.95,1262.81,1258.35,1255.78,1254.55,1255.40,1257.85,1257.69,1253.87,1243.00,1226.24,1217.89,1206.55,1193.66,1175.05,1155.73,1138.40,1116.90,1099.68,1077.17,1058.24,1039.13,1028.17,1018.99
1831.11,1818.63,1799.79,1794.03,1807.55,1814.86,1809.23,1792.08,1779.33,1796.25,1811.73,1825.69,1835.84,1831.28,1827.04,1829.95,1840.02,1862.83,1883.98,1904.92,1923.36,1938.51,1944.26,1939.64,1935.03,1930.82,1927.37,1926.05,1942.71,1957.70,1977.74,1994.25,2008.31,2026.36,2044.51,2049.90,2048.22,2043.71,2038.82,2032.42,2026.61,2021.04,2013.88,2004.14,1992.45,1980.75,1968.61,1959.81,1952.70,1947.12,1942.24,1935.37,1939.82,1945.62,1947.97,1946.44,1938.80,1922.30,1906.37,1887.09,1879.69,1890.85,1897.47,1899.71,1907.88,1916.22,1917.16,1907.71,1887.94,1862.69,1836.12,1816.58,1817.57,1834.50,1846.90,1856.30,1866.33,1879.49,1888.39,1890.04,1887.50,1878.87,1863.13,1843.76,1821.58,1807.09,1798.26,1789.19,1784.65,1780.03,1769.95,1752.93,1726.73,1703.15,1686.40,1673.07,1657.13,1650.23,1637.24,1618.43,1599.51,1573.84,1547.61,1525.70,1500.84,1476.68,1458.83,1458.58,1475.30,1499.70,1513.88,1522.54,1530.29,1534.20,1536.26,1542.32,1556.46,1569.84,1580.45,1586.31,1594.60,1598.36,1610.00,1625.89,1640.29,1651.32,1660.81,1666.81,1659.76,1643.35,1621.75,1599.13,1570.61,1551.17,1539.50,1534.78,1532.79,1529.25,1521.50,1515.81,1514.60,1510.09,1502.85,1492.02,1483.73,1473.64,1460.19,1445.40,1431.16,1417.93,1404.65,1394.79,1382.37,1358.47,1336.22,1313.28,1290.81,1271.48,1250.86,1230.92,1213.84,1200.30,1194.04,1186.68,1176.68,1163.11,1145.65,1123.30,1104.75,1084.36,1068.99,1060.04,1058.94,1055.82,1051.14,1044.32,1029.99,1022.70,1018.02,1009.50,997.83,985.93,975.81,966.03,954.14,936.76,918.90,898.14,871.42,863.48,860.07,864.10,871.63,876.48,889.51,908.45,932.19,956.30,974.57,982.62,990.11,1000.64,1014.99,1032.35,1050.56,1071.31,1087.64,1112.90,1140.61,1160.11,1168.64,1165.82,1160.14,1149.11,1148.90,1170.12,1199.95,1211.46,1218.54,1222.47,1237.53,1258.61,1272.03,1281.74,1289.59,1294.13,1296.42,1295.64,1292.64,1287.83,1280.72,1275.57,1275.08,1274.16,1270.24,1264.94,1260.84,1262.66,1265.04,1264.31,1260.01,1249.24,1229.10,1228.09,1222.08,1212.13,1194.15,1172.07,1152.07,1129.72,1112.22,1095.26,1069.29,1049.03,1024.42,1006.87
1848.75,1835.30,1822.42,1812.65,1820.97,1833.51,1827.65,1806.04,1791.32,1806.96,1827.67,1846.00,1853.36,1850.13,1849.14,1847.88,1851.96,1860.71,1880.60,1904.29,1929.81,1950.69,1958.27,1954.28,1949.42,1945.95,1943.22,1940.61,1949.48,1968.78,1988.99,2005.73,2020.28,2036.49,2050.15,2052.16,2048.60,2043.62,2038.35,2032.51,2026.51,2020.25,2012.91,2004.40,1995.52,1985.78,1974.12,1965.22,1958.30,1951.30,1945.97,1943.22,1947.26,1950.48,1951.32,1949.71,1938.93,1921.66,1906.06,1892.65,1893.80,1906.74,1913.55,1918.40,1925.05,1930.25,1926.89,1912.45,1889.04,1862.83,1837.43,1834.52,1840.06,1851.64,1864.50,1872.86,1882.71,1895.04,1899.40,1899.08,1893.58,1881.62,1864.68,1845.90,1823.36,1809.02,1800.47,1789.69,1784.11,1778.19,1768.04,1754.78,1729.07,1701.49,1677.81,1656.72,1639.63,1628.43,1616.88,1604.54,1586.67,1563.36,1539.75,1513.25,1486.97,1470.24,1477.15,1492.14,1496.39,1513.55,1527.36,1533.66,1540.45,1548.03,1556.88,1561.46,1569.71,1588.65,1602.40,1610.72,1616.39,1622.32,1629.43,1643.70,1659.18,1674.32,1682.28,1679.94,1667.58,1648.06,1624.49,1598.91,1581.71,1568.53,1559.61,1556.43,1553.50,1549.82,1544.66,1539.46,1532.12,1519.13,1503.40,1488.41,1477.07,1464.66,1453.75,1439.20,1426.13,1412.35,1398.98,1386.64,1374.81,1355.84,1332.29,1304.70,1279.14,1260.03,1241.06,1215.11,1198.41,1188.40,1180.87,1175.67,1167.53,1158.07,1141.58,1122.17,1108.36,1091.06,1077.99,1069.47,1058.58,1045.36,1038.17,1028.85,1013.99,1004.52,1003.31,1000.97,987.40,975.57,966.83,957.77,947.25,927.53,908.61,887.73,870.00,864.08,863.19,869.15,877.11,882.46,895.25,916.00,942.39,965.87,991.32,1003.89,1013.25,1018.30,1026.55,1039.86,1054.67,1067.84,1085.05,1107.71,1132.65,1158.57,1177.62,1182.73,1176.87,1162.80,1155.11,1174.44,1204.45,1222.83,1236.43,1244.11,1242.42,1253.34,1269.55,1281.35,1290.13,1295.98,1299.51,1299.05,1295.57,1289.64,1284.57,1284.19,1284.60,1282.79,1277.54,1270.92,1268.58,1270.64,1271.25,1269.87,1263.07,1249.94,1224.88,1215.18,1212.82,1211.71,1205.50,1182.20,1161.06,1143.79,1126.09,1104.65,1077.05,1054.86,1031.19,1007.14
1863.39,1857.37,1842.82,1834.07,1835.30,1850.60,1842.66,1824.20,1803.39,1813.00,1837.61,1859.06,1869.34,1875.38,1879.15,1872.20,1874.78,1877.58,1884.03,1902.59,1929.56,1952.82,1967.67,1978.22,1977.17,1970.14,1955.91,1952.74,1965.85,1979.73,1996.30,2015.42,2033.73,2046.27,2053.65,2053.24,2048.35,2043.60,2038.40,2032.50,2025.55,2017.53,2009.56,2000.39,1991.73,1982.92,1972.19,1965.22,1959.33,1953.26,1948.18,1947.99,1950.97,1952.50,1951.94,1948.22,1935.44,1920.36,1911.41,1909.20,1909.98,1919.46,1927.91,1933.80,1937.03,1935.96,1927.72,1910.59,1885.09,1861.78,1851.95,1858.13,1859.07,1865.85,1879.66,1887.97,1898.28,1904.99,1908.15,1904.08,1891.17,1874.05,1857.38,1840.19,1820.61,1808.82,1800.49,1790.27,1784.81,1779.86,1770.46,1756.79,1730.13,1702.58,1680.41,1656.03,1636.18,1618.67,1599.00,1582.22,1564.44,1545.55,1523.93,1501.35,1484.03,1487.52,1502.97,1515.84,1516.90,1525.23,1541.16,1547.58,1553.95,1564.32,1576.26,1583.25,1586.71,1600.60,1617.84,1630.06,1635.33,1641.06,1646.78,1660.70,1680.03,1695.42,1695.86,1686.60,1673.12,1652.41,1631.90,1616.56,1607.07,1593.22,1586.71,1587.95,1582.30,1575.30,1566.19,1554.20,1537.38,1518.73,1498.22,1481.12,1466.56,1456.03,1445.11,1431.47,1418.82,1406.24,1392.21,1373.01,1362.00,1346.51,1327.52,1304.08,1280.94,1261.92,1237.96,1213.01,1199.23,1179.70,1161.08,1153.43,1150.37,1145.18,1129.75,1115.93,1104.17,1088.30,1073.07,1059.65,1046.22,1028.76,1019.58,1011.64,1001.61,990.39,986.57,987.54,980.32,968.02,956.89,946.25,934.52,918.06,897.26,878.25,869.39,864.50,865.29,872.50,883.43,889.39,900.10,923.17,948.99,970.50,992.87,1009.61,1024.60,1035.20,1047.88,1057.66,1072.16,1084.79,1098.31,1113.68,1134.31,1159.38,1180.16,1193.77,1191.18,1175.64,1161.55,1171.89,1203.85,1227.75,1243.95,1256.16,1259.36,1258.76,1267.15,1279.74,1289.84,1297.34,1300.84,1301.00,1297.44,1292.96,1292.43,1292.54,1290.92,1285.95,1281.41,1279.38,1279.29,1279.16,1277.45,1273.15,1264.07,1248.06,1220.24,1198.14,1190.90,1193.60,1198.89,1188.73,1172.13,1156.89,1135.01,1110.49,1087.55,1060.66,1033.57,1010.20
1863.61,1871.23,1865.94,1855.68,1856.01,1868.74,1857.29,1836.78,1825.45,1821.28,1840.60,1865.28,1882.14,1893.76,1897.39,1896.33,1897.34,1900.01,1903.30,1911.10,1936.14,1956.78,1978.12,1995.17,2002.09,1990.96,1974.35,1968.07,1985.81,1994.63,2005.91,2023.22,2040.32,2050.34,2056.59,2053.13,2046.18,2042.01,2037.15,2031.08,2022.38,2012.87,2002.80,1991.72,1980.99,1976.23,1970.77,1964.32,1958.09,1951.91,1947.78,1948.61,1951.63,1953.90,1952.25,1946.64,1934.59,1927.16,1928.82,1928.60,1925.74,1931.01,1939.63,1943.87,1943.30,1937.07,1925.38,1909.25,1883.19,1865.95,1870.78,1878.56,1879.91,1880.20,1891.16,1899.37,1906.46,1911.88,1913.13,1904.65,1887.71,1864.45,1843.97,1826.63,1814.90,1805.91,1797.80,1788.54,1783.87,1780.08,1770.52,1756.32,1731.14,1704.89,1682.19,1660.65,1642.64,1626.78,1605.41,1579.92,1555.89,1536.60,1514.33,1494.29,1496.61,1512.55,1527.07,1540.13,1542.10,1538.22,1553.75,1566.41,1572.50,1582.55,1597.81,1607.95,1608.16,1616.09,1629.79,1642.84,1650.43,1661.33,1674.25,1684.91,1698.83,1704.01,1695.78,1683.50,1671.76,1657.90,1645.46,1637.16,1629.09,1616.44,1610.35,1613.32,1608.70,1597.69,1579.41,1558.90,1536.20,1512.73,1490.02,1470.82,1455.11,1443.96,1432.97,1420.78,1408.16,1396.63,1379.26,1359.59,1344.88,1330.02,1315.64,1298.18,1280.27,1265.65,1246.93,1219.16,1200.26,1180.06,1156.17,1137.77,1129.74,1122.03,1110.55,1101.02,1090.47,1073.71,1056.95,1043.03,1029.43,1018.17,1010.14,1002.39,996.52,990.40,979.62,970.17,966.88,960.87,948.94,928.26,909.74,900.98,883.81,871.81,868.27,865.16,866.77,874.97,888.75,894.38,902.43,921.41,941.48,959.11,975.65,993.21,1012.75,1031.35,1053.80,1072.83,1091.66,1107.66,1123.68,1136.14,1149.23,1164.35,1183.28,1203.35,1206.73,1196.50,1174.18,1174.23,1203.59,1227.64,1244.86,1259.91,1268.13,1272.44,1279.27,1285.76,1292.47,1298.34,1301.56,1302.79,1300.93,1300.37,1300.46,1299.29,1294.60,1290.38,1290.13,1289.50,1287.54,1285.15,1281.70,1274.60,1261.00,1242.67,1220.43,1197.74,1172.90,1171.84,1180.44,1182.14,1173.47,1158.07,1135.72,1107.62,1085.55,1060.57,1032.68,1007.72
1852.28,1871.80,1879.27,1878.87,1879.81,1885.30,1870.83,1852.24,1849.22,1836.61,1847.25,1870.09,1890.64,1907.74,1917.14,1919.39,1919.60,1921.18,1925.63,1929.01,1953.92,1970.42,1993.09,2009.85,2017.82,2008.01,1993.27,1986.08,1998.99,2011.09,2018.60,2031.35,2046.24,2056.29,2059.87,2053.14,2043.47,2037.97,2033.75,2027.98,2019.02,2006.98,1992.88,1982.89,1975.08,1969.58,1965.34,1959.81,1954.14,1948.07,1944.71,1946.77,1949.79,1953.51,1954.23,1949.73,1942.98,1942.29,1945.13,1945.04,1941.60,1943.07,1949.13,1950.20,1943.98,1934.58,1921.23,1904.96,1885.23,1880.33,1889.95,1897.75,1899.24,1897.85,1903.66,1908.97,1914.53,1918.73,1913.64,1901.99,1886.17,1862.43,1837.80,1817.45,1809.07,1800.54,1790.43,1782.10,1777.40,1772.83,1766.13,1753.77,1730.63,1702.65,1678.08,1656.49,1639.76,1625.88,1608.50,1585.97,1565.45,1543.17,1513.61,1499.41,1517.68,1540.75,1552.23,1562.77,1565.52,1555.80,1563.28,1582.20,1595.63,1603.39,1617.21,1628.00,1632.29,1634.50,1642.35,1657.05,1674.79,1688.59,1698.19,1706.65,1710.79,1700.82,1686.93,1672.60,1660.28,1652.09,1647.68,1644.54,1641.39,1633.68,1624.96,1623.45,1620.05,1603.35,1577.31,1553.85,1530.32,1505.45,1481.11,1458.54,1440.43,1428.59,1417.86,1405.89,1394.00,1378.54,1362.37,1350.33,1327.23,1308.45,1297.08,1283.80,1270.68,1261.67,1249.47,1224.09,1206.28,1184.19,1161.14,1141.86,1125.55,1108.20,1094.78,1084.70,1075.31,1065.13,1059.44,1052.67,1043.63,1036.06,1025.97,1020.26,1014.03,1006.69,993.55,978.99,963.81,950.09,939.32,922.95,904.52,885.23,874.40,869.18,867.29,865.80,868.15,877.28,890.80,896.84,907.80,921.12,934.79,945.48,958.32,977.20,997.93,1018.96,1044.95,1063.25,1085.32,1106.63,1128.58,1148.21,1166.25,1186.04,1199.27,1210.86,1216.26,1211.58,1192.21,1180.91,1203.72,1224.28,1244.88,1261.97,1271.77,1277.67,1284.62,1292.34,1298.91,1301.37,1303.73,1306.02,1305.94,1305.72,1305.13,1303.62,1300.09,1300.58,1300.77,1299.43,1295.27,1290.50,1283.68,1272.76,1254.26,1234.45,1217.45,1195.00,1168.74,1152.55,1161.57,1165.42,1156.88,1146.05,1130.45,1104.64,1080.34,1055.30,1029.21,1002.32
1840.97,1864.89,1882.36,1892.92,1900.39,1898.71,1884.96,1876.82,1869.74,1851.51,1856.42,1878.80,1898.34,1918.45,1935.53,1942.71,1944.27,1946.44,1952.84,1951.94,1961.59,1977.44,2002.47,2022.46,2031.35,2026.14,2014.85,2007.61,2010.67,2024.58,2032.67,2042.06,2053.32,2060.51,2060.34,2050.93,2038.82,2031.76,2027.89,2022.84,2015.40,2005.71,1988.96,1977.11,1969.07,1963.76,1959.18,1954.19,1948.84,1942.82,1941.40,1944.66,1948.52,1952.82,1956.32,1954.84,1954.37,1955.30,1955.82,1956.05,1954.68,1953.87,1954.69,1950.57,1941.46,1928.26,1912.60,1897.86,1895.54,1899.41,1904.95,1912.59,1917.12,1915.06,1916.82,1921.09,1923.43,1920.56,1909.31,1895.78,1881.36,1861.80,1837.46,1817.48,1807.40,1800.86,1791.38,1777.63,1765.03,1761.43,1759.04,1748.13,1726.94,1699.90,1671.77,1648.05,1630.51,1614.76,1597.40,1577.26,1560.21,1534.60,1512.60,1517.36,1539.15,1560.12,1574.61,1587.70,1591.50,1578.32,1583.85,1601.38,1618.40,1626.10,1635.25,1646.01,1652.06,1653.62,1661.43,1675.63,1692.12,1707.14,1716.59,1716.70,1706.00,1688.95,1674.05,1659.68,1644.28,1635.33,1636.90,1638.92,1638.88,1633.83,1625.17,1622.45,1618.88,1598.59,1570.93,1548.37,1522.85,1498.13,1471.94,1447.36,1425.64,1411.13,1398.73,1386.40,1373.45,1356.17,1340.95,1331.79,1312.08,1288.86,1275.03,1266.64,1253.94,1244.63,1237.66,1222.58,1209.94,1191.86,1177.00,1158.15,1142.91,1127.03,1113.26,1099.28,1089.68,1082.09,1074.85,1066.11,1058.26,1050.55,1041.73,1032.54,1019.68,1009.47,997.88,985.48,975.38,963.66,948.91,927.44,905.54,882.63,871.47,868.77,867.33,866.70,869.08,879.11,891.46,897.94,913.20,932.13,949.47,963.25,973.57,981.81,993.92,1010.13,1029.41,1049.31,1070.00,1089.78,1114.52,1143.15,1167.44,1191.73,1213.43,1222.82,1226.35,1222.83,1207.51,1189.38,1205.93,1226.56,1247.72,1265.38,1273.39,1277.63,1283.89,1292.72,1301.23,1305.06,1306.62,1309.23,1311.49,1311.45,1309.80,1310.52,1311.67,1311.11,1308.92,1305.72,1301.31,1294.91,1283.40,1264.31,1245.66,1226.20,1209.25,1188.41,1163.28,1139.19,1144.01,1145.03,1136.55,1127.67,1114.02,1098.24,1076.63,1051.12,1027.88,1002.49
1833.94,1858.39,1878.94,1898.90,1910.87,1912.52,1905.48,1900.44,1885.08,1873.03,1865.97,1884.24,1904.70,1925.47,1944.36,1957.50,1962.71,1964.65,1967.52,1968.42,1969.29,1983.77,2003.70,2025.70,2041.89,2042.66,2038.15,2031.98,2023.70,2036.47,2043.60,2049.87,2056.35,2058.81,2054.99,2044.07,2032.42,2023.44,2019.51,2014.99,2008.43,2002.57,1989.69,1975.12,1963.56,1957.78,1953.07,1948.02,1942.82,1936.18,1937.90,1942.55,1948.46,1953.18,1957.07,1959.20,1961.26,1962.95,1964.99,1968.67,1969.05,1963.79,1957.31,1948.36,1934.37,1920.95,1907.02,1903.78,1909.84,1914.09,1918.12,1927.31,1934.38,1932.73,1929.99,1931.72,1927.02,1916.45,1904.58,1887.93,1874.11,1859.12,1839.29,1823.56,1814.68,1808.66,1798.40,1780.08,1759.29,1748.37,1745.08,1736.64,1722.81,1701.71,1677.53,1654.27,1634.86,1616.71,1596.76,1573.05,1550.26,1527.65,1530.25,1549.39,1561.00,1572.86,1592.95,1608.52,1611.72,1602.55,1606.94,1621.63,1636.29,1643.99,1651.51,1666.12,1676.43,1681.13,1686.83,1697.30,1708.36,1722.88,1726.43,1713.39,1694.45,1676.67,1663.32,1647.05,1625.91,1617.40,1623.02,1627.29,1628.54,1624.14,1616.02,1614.77,1611.05,1591.32,1565.80,1543.04,1514.51,1491.34,1464.99,1437.71,1409.84,1390.46,1375.92,1363.40,1352.31,1335.52,1322.53,1313.54,1291.26,1268.11,1263.47,1252.90,1227.97,1219.08,1216.81,1212.13,1200.12,1185.51,1172.77,1158.57,1147.44,1134.66,1120.36,1109.13,1096.41,1084.72,1072.18,1066.19,1057.81,1041.90,1033.85,1023.49,1010.31,998.33,989.46,977.21,968.48,961.22,944.06,920.95,897.64,879.97,871.47,869.01,868.11,867.75,869.83,880.10,891.78,900.36,915.99,933.99,955.49,977.64,996.70,1005.45,1016.88,1027.07,1041.66,1055.19,1067.57,1083.62,1108.39,1139.24,1162.67,1186.84,1214.03,1232.41,1236.61,1232.54,1219.73,1201.05,1209.60,1235.60,1254.81,1271.86,1279.65,1282.82,1287.28,1293.16,1300.12,1307.88,1310.95,1315.51,1318.75,1320.10,1319.38,1320.83,1321.02,1317.88,1313.69,1309.58,1304.02,1296.36,1278.83,1253.53,1230.95,1213.60,1198.11,1176.52,1153.89,1127.37,1123.70,1122.20,1112.33,1100.91,1089.25,1076.86,1061.21,1041.67,1022.49,999.02
1825.71,1849.63,1871.27,1894.58,1910.22,1918.77,1920.50,1917.45,1901.77,1894.65,1885.09,1893.62,1913.67,1932.72,1950.48,1963.73,1974.49,1986.98,1992.99,1992.76,1990.91,1996.95,2015.62,2033.03,2052.01,2058.54,2056.50,2050.50,2040.65,2045.73,2049.47,2051.97,2054.34,2053.19,2046.43,2036.39,2026.36,2014.17,2008.86,2004.61,1998.78,1995.35,1987.19,1971.97,1959.01,1952.93,1946.25,1940.20,1934.25,1929.41,1931.97,1937.73,1947.22,1953.67,1957.68,1961.25,1965.04,1968.33,1973.28,1980.01,1983.46,1973.87,1961.68,1951.08,1935.61,1924.51,1911.68,1914.71,1922.71,1927.23,1932.76,1940.05,1944.12,1943.80,1942.25,1939.96,1927.68,1912.66,1900.09,1884.22,1867.55,1853.97,1838.07,1827.52,1820.58,1811.00,1798.55,1776.86,1759.04,1740.09,1729.54,1724.11,1715.33,1696.81,1675.95,1652.92,1633.51,1614.56,1593.74,1567.85,1545.92,1540.64,1557.95,1575.81,1587.66,1590.83,1602.34,1621.87,1631.70,1627.97,1628.39,1636.89,1649.99,1662.73,1677.08,1688.65,1697.81,1706.92,1712.90,1717.01,1721.08,1727.20,1718.56,1700.54,1681.81,1667.40,1652.36,1629.01,1608.11,1601.26,1609.60,1616.35,1617.84,1614.41,1607.82,1604.85,1600.00,1583.05,1561.31,1537.06,1507.29,1485.88,1459.71,1430.32,1400.67,1380.57,1360.97,1346.22,1331.63,1317.70,1301.14,1285.95,1268.59,1262.35,1252.91,1238.20,1218.28,1203.90,1194.79,1186.70,1175.73,1166.04,1157.57,1146.75,1135.91,1123.38,1109.00,1097.21,1089.17,1079.47,1066.77,1055.62,1045.48,1028.54,1016.20,1007.73,992.66,975.97,963.88,953.44,948.63,942.72,927.72,910.84,890.44,877.88,872.04,869.46,868.80,868.91,870.66,880.29,891.86,902.34,916.15,931.09,950.10,972.53,1001.04,1024.54,1044.08,1055.79,1063.60,1081.80,1094.43,1101.41,1118.42,1144.43,1169.78,1196.61,1219.19,1237.61,1243.20,1241.66,1233.04,1215.31,1209.42,1233.50,1254.69,1270.39,1283.42,1293.46,1301.10,1305.11,1307.95,1313.36,1318.55,1323.95,1328.14,1331.99,1333.51,1331.12,1325.63,1319.91,1313.92,1308.77,1302.61,1293.82,1271.42,1246.18,1217.30,1193.06,1178.96,1157.27,1136.10,1109.79,1098.95,1092.67,1083.20,1072.81,1060.81,1048.84,1035.88,1023.13,1006.66,991.67
1825.33,1838.59,1860.32,1882.80,1899.94,1910.36,1917.46,1923.65,1922.10,1913.49,1899.66,1906.03,1924.47,1943.48,1959.74,1971.19,1992.71,2008.31,2017.94,2015.46,2015.41,2013.98,2024.74,2046.23,2063.14,2073.85,2071.07,2060.22,2051.87,2053.09,2052.25,2051.26,2049.84,2046.11,2037.95,2030.00,2020.21,2006.14,1996.05,1990.34,1988.00,1984.96,1977.77,1966.00,1954.62,1947.40,1938.33,1930.32,1926.92,1927.18,1930.79,1937.35,1946.18,1953.99,1959.05,1964.38,1968.73,1973.49,1980.35,1989.04,1992.38,1979.96,1965.74,1955.71,1942.60,1928.31,1919.79,1928.57,1935.87,1940.09,1943.60,1947.90,1954.75,1953.26,1946.39,1941.66,1929.69,1911.80,1896.42,1883.80,1867.92,1853.62,1839.19,1828.97,1821.20,1810.13,1795.45,1776.90,1761.13,1746.14,1727.56,1712.53,1698.05,1683.53,1666.98,1647.90,1630.11,1607.70,1580.82,1556.93,1554.02,1565.63,1577.30,1598.15,1612.27,1614.80,1615.76,1631.82,1648.61,1648.98,1644.64,1653.33,1666.81,1683.08,1697.50,1707.80,1719.16,1726.93,1727.88,1723.15,1721.26,1715.99,1700.60,1685.82,1670.98,1655.62,1636.19,1612.46,1592.01,1585.03,1594.97,1604.56,1609.53,1606.64,1600.81,1595.06,1588.72,1574.56,1553.80,1529.23,1501.59,1480.63,1454.23,1424.03,1396.56,1375.59,1354.64,1332.88,1313.35,1297.74,1283.62,1269.68,1258.81,1248.84,1235.60,1222.45,1207.01,1190.94,1173.51,1162.42,1155.79,1149.84,1138.43,1124.38,1111.97,1101.75,1090.04,1075.70,1064.52,1055.36,1046.93,1036.75,1026.69,1012.43,997.38,985.98,973.63,962.57,954.29,949.93,940.25,925.08,910.34,896.98,885.43,877.77,872.70,870.13,869.74,870.59,874.02,880.39,890.19,900.11,919.56,938.72,951.41,969.29,995.21,1020.66,1045.58,1069.42,1086.83,1107.68,1123.71,1137.07,1148.69,1160.37,1181.26,1205.38,1223.63,1239.58,1248.00,1248.44,1243.44,1233.51,1216.78,1222.63,1243.72,1262.63,1282.90,1299.72,1307.22,1313.26,1318.45,1322.31,1326.18,1331.76,1338.16,1340.57,1339.43,1331.51,1323.56,1315.01,1306.56,1299.78,1293.17,1281.34,1260.70,1236.89,1207.16,1177.35,1159.62,1138.39,1118.53,1103.76,1097.80,1087.55,1072.10,1058.87,1045.51,1035.02,1024.78,1015.67,1007.29,1002.33
1840.73,1838.37,1848.84,1866.27,1880.72,1891.99,1903.78,1914.90,1927.50,1929.13,1916.70,1914.34,1931.03,1948.68,1964.49,1980.55,2000.38,2016.14,2033.32,2039.37,2041.61,2035.41,2040.56,2058.34,2073.34,2082.06,2077.92,2066.95,2060.05,2055.97,2050.84,2044.97,2041.16,2037.46,2029.52,2020.79,2013.34,2001.48,1983.63,1976.40,1976.00,1975.00,1970.23,1958.13,1946.79,1939.14,1932.08,1925.41,1923.50,1929.72,1937.54,1944.13,1949.93,1955.20,1961.65,1968.24,1973.74,1979.46,1987.77,1995.57,1998.56,1987.18,1971.84,1959.79,1947.48,1932.13,1934.61,1942.16,1945.44,1948.19,1954.37,1966.05,1974.15,1969.01,1948.62,1942.33,1931.89,1915.59,1897.90,1885.27,1875.54,1862.13,1848.06,1835.83,1826.99,1815.57,1803.56,1787.23,1770.71,1755.18,1735.61,1715.34,1693.62,1672.16,1653.49,1636.47,1620.17,1599.19,1572.81,1565.66,1587.81,1600.57,1604.14,1618.25,1630.74,1639.78,1637.22,1643.86,1662.68,1669.73,1666.27,1677.52,1687.38,1701.89,1715.13,1727.37,1734.30,1731.20,1723.59,1714.63,1706.98,1696.23,1683.97,1670.36,1654.70,1637.49,1619.50,1600.16,1581.35,1571.52,1582.20,1590.30,1597.00,1596.73,1592.22,1585.88,1577.79,1564.28,1544.65,1520.16,1496.80,1474.78,1447.82,1419.89,1395.76,1371.79,1350.53,1328.90,1307.03,1292.90,1272.86,1257.72,1248.36,1234.93,1218.42,1205.85,1193.08,1175.28,1159.68,1150.19,1140.11,1129.58,1116.91,1104.35,1091.91,1081.56,1071.06,1057.84,1046.41,1037.40,1029.98,1022.66,1014.21,1003.17,992.54,989.75,990.95,988.09,980.24,970.46,956.29,935.18,910.93,891.25,883.05,877.79,874.17,871.95,870.82,872.78,875.70,879.41,887.81,900.07,926.70,951.35,970.72,988.77,999.84,1016.75,1038.06,1064.57,1087.38,1113.48,1135.14,1158.52,1175.82,1182.83,1189.40,1206.59,1224.18,1240.22,1252.93,1257.22,1255.96,1252.53,1241.38,1227.81,1240.46,1262.21,1282.56,1301.19,1311.60,1320.08,1325.29,1330.69,1336.09,1340.74,1342.43,1340.69,1337.02,1330.72,1322.56,1310.53,1298.90,1288.23,1275.09,1260.18,1242.67,1222.82,1195.13,1169.46,1149.32,1132.17,1129.66,1126.86,1123.88,1112.03,1095.73,1077.66,1062.36,1052.58,1040.05,1028.98,1017.84,1018.32
1859.16,1854.68,1850.02,1854.71,1865.57,1874.60,1884.66,1896.87,1915.24,1931.63,1931.69,1927.32,1933.38,1948.19,1964.61,1982.10,1998.53,2015.63,2033.05,2045.96,2053.77,2054.73,2059.04,2071.41,2081.00,2085.39,2079.64,2069.54,2060.47,2052.84,2045.47,2036.21,2031.00,2026.70,2018.54,2012.30,2005.04,1992.28,1976.22,1966.96,1966.89,1966.32,1961.14,1949.58,1937.07,1930.69,1925.33,1919.35,1924.24,1934.96,1944.10,1952.04,1959.78,1962.96,1967.43,1973.63,1980.20,1988.22,1995.33,1999.96,2000.19,1991.83,1979.14,1965.10,1950.00,1943.56,1947.10,1951.23,1955.26,1962.78,1972.32,1980.82,1983.30,1976.22,1951.00,1942.67,1932.12,1918.30,1902.37,1888.45,1879.06,1867.96,1854.41,1840.96,1831.00,1820.07,1809.05,1794.37,1779.00,1761.87,1740.79,1722.87,1704.95,1680.19,1654.65,1630.68,1610.16,1589.05,1573.82,1592.54,1613.26,1622.42,1628.91,1643.67,1656.86,1664.53,1662.59,1666.84,1678.11,1692.35,1694.60,1699.60,1711.26,1721.07,1734.28,1741.78,1734.10,1722.15,1709.63,1699.54,1691.27,1680.13,1665.84,1649.60,1632.88,1617.43,1604.84,1589.61,1571.93,1558.92,1567.59,1576.99,1581.16,1582.41,1580.64,1575.86,1566.40,1551.23,1534.01,1510.29,1490.60,1467.24,1442.26,1418.20,1397.08,1373.65,1349.17,1330.26,1305.49,1290.30,1270.71,1257.88,1245.03,1224.28,1209.43,1195.30,1179.63,1163.70,1152.40,1138.26,1124.85,1112.23,1099.66,1089.36,1081.40,1072.80,1066.21,1063.72,1058.77,1053.54,1050.94,1044.25,1031.87,1019.91,1012.56,1015.06,1012.53,1001.95,991.21,977.77,957.04,935.46,907.70,889.82,881.65,876.94,874.47,873.12,872.03,874.22,876.97,881.16,895.55,914.06,935.43,956.56,981.03,1009.22,1024.19,1040.12,1049.80,1063.98,1085.00,1108.61,1131.99,1161.87,1189.03,1203.34,1208.76,1213.56,1226.08,1241.04,1256.73,1265.39,1266.78,1265.86,1261.74,1249.92,1242.17,1262.20,1282.25,1300.44,1313.79,1322.83,1328.73,1335.52,1341.19,1344.08,1342.08,1337.90,1333.04,1327.70,1321.20,1312.15,1302.47,1288.22,1268.71,1249.65,1227.27,1207.37,1182.90,1158.94,1151.51,1153.29,1155.02,1153.83,1148.54,1134.74,1118.33,1098.38,1083.81,1066.88,1049.53,1033.45,1027.47,1036.56
1875.24,1876.71,1868.92,1865.17,1878.95,1887.31,1889.97,1892.31,1901.26,1920.74,1936.12,1943.32,1946.62,1954.13,1964.90,1978.16,1995.49,2011.38,2026.79,2042.71,2053.72,2061.18,2068.34,2076.08,2081.76,2083.24,2078.24,2068.76,2058.15,2048.12,2037.24,2025.83,2018.67,2012.71,2008.74,2003.65,1994.52,1981.99,1968.84,1958.86,1957.61,1956.44,1951.20,1940.97,1927.01,1920.97,1916.95,1915.18,1927.49,1938.80,1948.42,1958.28,1967.07,1973.57,1977.59,1981.10,1987.38,1994.70,2000.27,2001.84,1999.85,1994.67,1987.83,1975.35,1958.90,1957.90,1964.13,1967.73,1969.15,1975.22,1982.73,1987.74,1987.28,1976.91,1951.66,1942.14,1929.88,1917.57,1904.77,1889.94,1877.35,1868.14,1855.86,1842.06,1830.23,1818.97,1808.16,1794.78,1781.26,1767.29,1750.88,1733.18,1711.30,1683.23,1657.51,1632.32,1608.75,1587.65,1589.01,1613.89,1630.25,1642.26,1652.82,1671.56,1681.25,1687.95,1688.63,1690.75,1697.46,1710.04,1717.80,1723.11,1734.14,1741.85,1749.58,1741.49,1725.39,1709.30,1694.69,1685.52,1674.38,1658.86,1640.32,1624.04,1611.57,1599.99,1589.27,1576.74,1562.33,1548.00,1552.45,1561.08,1565.62,1567.93,1568.08,1560.37,1547.18,1532.78,1515.54,1498.95,1481.17,1459.60,1436.62,1417.88,1399.09,1380.36,1359.37,1341.13,1313.90,1296.57,1286.80,1268.21,1252.38,1235.63,1217.33,1203.16,1187.86,1173.73,1159.60,1144.01,1129.26,1115.69,1111.43,1109.66,1103.09,1097.38,1094.06,1089.35,1080.17,1077.81,1071.71,1058.42,1040.21,1029.76,1028.31,1026.34,1018.93,1004.43,991.15,975.07,953.40,930.85,903.66,885.70,879.65,877.45,875.27,873.88,873.22,875.65,878.59,890.36,910.97,936.21,959.97,980.10,996.65,1018.90,1041.27,1060.38,1073.41,1086.90,1099.97,1118.39,1141.29,1172.86,1200.22,1213.66,1222.53,1232.77,1244.11,1251.56,1263.96,1274.05,1276.58,1276.44,1273.20,1263.69,1250.85,1259.23,1281.66,1296.15,1311.52,1322.13,1328.89,1336.63,1342.41,1345.42,1342.66,1338.45,1332.48,1328.47,1326.64,1322.40,1310.88,1296.59,1275.19,1255.14,1230.37,1209.65,1182.12,1162.36,1174.82,1178.90,1179.64,1178.50,1170.76,1152.77,1131.50,1112.51,1092.59,1072.51,1053.40,1035.33,1037.09,1048.25
1893.36,1896.11,1886.81,1874.42,1890.91,1903.16,1906.91,1909.24,1913.44,1916.67,1930.12,1949.24,1958.17,1967.10,1974.42,1983.32,1994.35,2007.13,2021.66,2038.72,2049.10,2056.42,2064.82,2072.79,2078.19,2079.74,2074.93,2067.07,2057.01,2042.83,2026.57,2014.76,2005.62,1997.75,1992.72,1988.35,1981.18,1971.11,1960.69,1951.09,1945.51,1943.74,1936.82,1927.87,1919.00,1909.82,1904.24,1914.32,1930.13,1942.16,1952.79,1962.97,1972.88,1981.25,1985.31,1988.77,1993.99,1997.55,1998.85,1999.13,1997.25,1994.31,1989.79,1980.75,1971.81,1974.51,1980.03,1983.94,1984.65,1985.88,1990.89,1993.86,1988.85,1975.46,1951.87,1941.12,1924.95,1914.31,1903.20,1889.34,1875.25,1864.11,1851.99,1837.99,1823.92,1812.37,1800.81,1788.27,1777.67,1767.31,1755.37,1735.79,1705.89,1675.58,1651.37,1627.82,1603.59,1590.75,1599.05,1624.61,1646.05,1666.28,1679.93,1696.19,1708.01,1712.58,1709.38,1710.19,1723.36,1729.24,1738.50,1746.73,1756.51,1759.68,1752.10,1733.28,1715.39,1695.00,1680.60,1668.41,1653.54,1634.10,1614.95,1604.34,1594.91,1583.48,1572.82,1562.09,1549.58,1532.23,1535.20,1542.10,1544.56,1547.58,1551.42,1543.37,1522.81,1507.36,1495.22,1483.02,1469.46,1452.84,1434.12,1417.59,1399.05,1382.86,1361.42,1340.93,1320.38,1311.18,1302.94,1287.28,1265.55,1252.41,1236.09,1217.11,1204.48,1190.86,1177.10,1159.51,1143.05,1136.59,1142.06,1141.98,1129.10,1122.76,1114.63,1101.32,1094.03,1091.55,1079.64,1061.01,1045.58,1041.08,1038.01,1028.65,1016.90,1001.32,988.83,970.70,949.24,924.34,897.19,880.91,878.62,877.48,876.07,874.63,874.45,877.11,882.51,900.68,922.36,949.90,977.75,999.23,1018.49,1038.23,1055.34,1073.02,1092.38,1109.19,1122.97,1141.64,1162.37,1185.89,1206.01,1219.61,1233.55,1247.44,1258.89,1267.16,1276.57,1281.75,1283.63,1284.76,1284.54,1277.91,1262.93,1258.36,1277.76,1291.94,1303.35,1315.97,1324.54,1333.85,1341.81,1346.25,1345.03,1342.09,1339.21,1338.20,1337.75,1333.64,1319.61,1302.78,1282.39,1261.91,1247.73,1227.54,1198.69,1177.12,1196.29,1204.28,1204.18,1199.10,1185.38,1165.31,1143.83,1121.85,1098.04,1076.16,1058.83,1044.30,1041.85,1051.38
1916.47,1917.11,1903.38,1886.82,1892.25,1911.82,1923.27,1927.83,1933.01,1933.26,1934.89,1949.90,1962.53,1975.54,1988.84,1996.07,1999.68,2007.66,2019.76,2033.95,2044.27,2050.82,2058.02,2066.15,2071.82,2074.38,2070.32,2063.57,2053.94,2039.47,2020.30,2007.25,1998.28,1983.14,1975.54,1973.85,1968.52,1961.01,1954.03,1942.35,1932.90,1930.01,1925.03,1919.03,1910.15,1893.57,1895.40,1913.72,1931.64,1945.55,1956.26,1967.07,1979.40,1988.24,1991.06,1993.53,1993.65,1991.82,1990.39,1989.15,1989.85,1990.20,1988.42,1986.02,1986.93,1988.79,1992.02,1996.71,1998.92,1996.91,2000.33,1997.03,1987.00,1971.16,1949.16,1938.97,1920.12,1908.75,1897.14,1885.67,1872.63,1859.89,1846.15,1830.96,1815.98,1803.26,1788.16,1777.22,1769.85,1762.05,1750.78,1726.38,1700.64,1670.26,1645.00,1621.50,1601.99,1612.11,1616.11,1628.10,1654.60,1678.99,1700.53,1717.36,1728.49,1735.86,1731.59,1735.19,1747.66,1750.53,1760.85,1769.14,1773.86,1764.70,1745.88,1725.45,1703.58,1682.33,1667.17,1653.09,1635.05,1616.94,1602.56,1591.59,1578.27,1565.09,1554.66,1544.13,1533.06,1518.83,1518.21,1523.64,1525.75,1525.71,1532.10,1526.50,1507.74,1492.14,1476.48,1466.08,1457.77,1447.81,1434.82,1421.47,1404.05,1384.38,1361.49,1348.79,1339.46,1332.60,1317.62,1299.94,1280.15,1268.10,1255.61,1241.84,1226.10,1210.56,1194.40,1172.29,1162.72,1161.90,1165.73,1163.22,1150.08,1135.88,1123.07,1111.38,1102.49,1093.27,1081.67,1068.08,1058.85,1051.77,1041.08,1026.20,1015.59,999.23,984.09,961.15,937.75,911.89,887.39,879.08,877.97,877.08,876.15,875.04,875.68,878.48,889.61,908.72,929.52,956.07,982.92,1006.19,1025.76,1044.35,1060.17,1077.25,1097.24,1115.97,1133.88,1153.34,1173.73,1190.81,1206.82,1221.02,1236.79,1251.36,1264.05,1274.10,1281.69,1285.64,1288.64,1291.82,1293.48,1291.08,1279.02,1268.51,1272.06,1285.14,1294.56,1304.95,1314.80,1325.59,1338.36,1345.77,1348.28,1346.91,1346.94,1348.65,1350.17,1347.10,1330.21,1308.95,1293.71,1274.71,1260.04,1238.22,1210.39,1188.78,1210.95,1224.23,1226.05,1216.88,1196.62,1172.83,1151.38,1126.13,1103.73,1087.21,1073.43,1056.40,1045.75,1052.20
1934.47,1931.28,1918.02,1899.93,1902.18,1913.36,1932.97,1943.96,1947.62,1950.09,1950.64,1955.88,1968.13,1980.84,1992.98,2000.14,2004.07,2009.12,2016.77,2026.40,2036.67,2044.50,2050.79,2058.65,2065.11,2068.70,2064.48,2056.57,2047.04,2034.70,2016.89,2002.50,1989.25,1973.83,1962.52,1958.31,1955.56,1952.43,1945.18,1932.14,1924.16,1918.98,1910.90,1905.55,1893.37,1878.33,1891.93,1913.07,1930.77,1945.95,1957.39,1970.84,1985.36,1991.15,1991.88,1989.53,1983.90,1978.76,1979.00,1981.67,1984.18,1985.42,1985.60,1988.76,1992.63,1994.93,1998.22,2004.07,2008.89,2007.15,2002.86,1995.53,1984.97,1965.54,1946.37,1936.76,1917.51,1900.92,1889.05,1876.24,1863.12,1851.17,1839.48,1824.13,1809.67,1790.37,1773.90,1763.49,1757.03,1751.97,1737.37,1714.64,1695.94,1672.75,1648.54,1622.53,1616.32,1640.43,1644.56,1636.79,1653.21,1681.07,1705.99,1728.92,1747.25,1757.14,1757.47,1756.39,1765.19,1773.26,1781.97,1787.15,1779.95,1759.60,1740.74,1717.10,1692.22,1673.36,1655.68,1639.36,1624.51,1608.26,1592.82,1577.95,1562.21,1550.09,1538.29,1528.97,1517.45,1503.06,1500.70,1504.46,1505.90,1504.78,1510.26,1508.00,1492.77,1473.76,1458.94,1448.58,1441.89,1438.31,1435.07,1427.97,1410.49,1392.72,1379.68,1371.37,1362.79,1349.95,1335.24,1312.39,1301.64,1287.99,1270.75,1257.70,1246.91,1225.76,1205.07,1187.43,1183.14,1185.57,1183.77,1172.67,1157.88,1140.57,1121.68,1110.58,1096.36,1087.99,1081.72,1069.00,1057.67,1048.14,1032.90,1020.01,1007.98,990.52,968.03,946.95,921.82,899.40,881.43,878.56,877.87,877.23,876.40,875.75,876.84,880.44,896.32,912.40,930.02,951.52,975.52,998.63,1018.55,1035.13,1050.74,1068.36,1087.68,1107.75,1129.59,1152.32,1174.29,1190.07,1204.62,1218.04,1233.68,1247.66,1262.48,1275.26,1283.24,1288.42,1294.22,1299.50,1301.79,1301.49,1295.84,1287.91,1281.88,1282.63,1294.56,1304.43,1309.78,1320.06,1334.39,1345.67,1352.18,1353.33,1354.42,1357.34,1358.62,1355.04,1339.93,1320.43,1306.14,1288.67,1265.96,1243.05,1215.68,1201.14,1221.06,1234.88,1236.82,1226.35,1202.08,1178.42,1157.67,1134.19,1116.57,1104.75,1086.75,1065.73,1053.75,1053.97
1945.47,1938.24,1926.74,1913.58,1924.23,1930.05,1938.31,1949.85,1960.85,1966.12,1963.10,1963.62,1974.81,1985.00,1992.30,1994.95,1997.59,2001.55,2006.96,2015.64,2025.22,2035.11,2043.17,2051.38,2058.19,2062.00,2058.32,2046.45,2036.98,2025.85,2010.81,1992.34,1976.16,1963.56,1950.48,1941.19,1942.22,1942.16,1936.50,1928.13,1917.95,1900.96,1893.61,1886.89,1871.87,1868.03,1890.66,1909.13,1923.62,1939.60,1954.02,1970.84,1982.46,1987.10,1984.50,1978.32,1971.76,1965.02,1965.81,1972.15,1977.30,1980.17,1981.95,1986.27,1992.15,1996.96,2000.97,2006.86,2011.36,2009.84,2000.32,1989.38,1977.13,1957.90,1943.99,1932.69,1915.44,1899.85,1883.09,1867.08,1850.05,1838.47,1828.08,1816.45,1801.82,1780.30,1763.58,1748.54,1738.04,1733.26,1719.43,1699.96,1678.89,1662.97,1642.45,1621.64,1630.43,1657.59,1667.82,1656.68,1656.51,1682.14,1708.48,1732.39,1754.97,1770.81,1778.65,1779.52,1785.46,1800.43,1802.99,1793.94,1776.26,1756.80,1737.10,1708.91,1686.04,1669.62,1653.39,1641.65,1631.73,1616.06,1599.92,1579.21,1560.33,1545.87,1530.86,1517.31,1503.24,1490.62,1486.37,1486.72,1486.54,1486.17,1488.00,1485.96,1474.98,1459.35,1444.31,1430.31,1422.49,1424.87,1429.39,1427.93,1417.04,1406.32,1397.51,1390.61,1382.50,1366.55,1348.72,1334.83,1319.06,1309.84,1290.79,1273.28,1256.90,1241.56,1224.22,1205.86,1205.06,1204.59,1192.92,1172.36,1155.66,1135.58,1112.93,1097.61,1081.67,1073.33,1067.08,1054.93,1044.08,1031.64,1017.71,1006.09,995.66,982.32,961.12,936.79,908.73,889.18,880.53,879.09,879.06,878.25,877.23,876.71,877.95,881.58,896.49,911.16,927.09,941.70,954.55,975.09,1000.64,1018.64,1036.19,1056.84,1080.32,1101.18,1124.39,1147.74,1165.79,1183.12,1199.23,1212.63,1226.28,1240.49,1256.35,1271.21,1283.07,1290.72,1299.45,1306.38,1311.56,1314.25,1311.84,1308.65,1303.27,1295.51,1298.65,1313.35,1321.17,1327.57,1337.76,1346.77,1355.99,1360.35,1364.97,1369.42,1370.30,1364.95,1350.67,1332.12,1312.26,1292.94,1267.10,1244.73,1219.03,1217.50,1234.86,1245.86,1245.29,1231.55,1206.13,1182.86,1162.91,1146.88,1132.74,1115.79,1098.41,1082.58,1069.55,1059.06
1955.63,1949.68,1934.95,1930.79,1941.52,1946.79,1948.35,1956.68,1971.45,1977.78,1977.49,1975.64,1980.03,1984.83,1986.08,1985.03,1987.61,1992.07,1997.57,2005.15,2014.25,2025.16,2035.29,2045.43,2053.32,2055.74,2051.15,2036.46,2025.51,2013.82,2001.68,1983.97,1966.25,1952.26,1936.63,1928.18,1929.42,1928.99,1927.65,1924.86,1917.69,1901.62,1889.97,1872.31,1856.97,1862.13,1884.39,1899.00,1910.56,1926.88,1945.15,1960.97,1966.54,1967.54,1966.47,1964.16,1960.31,1953.10,1952.06,1959.77,1965.84,1970.20,1974.14,1981.34,1990.47,1996.71,2002.69,2008.61,2012.90,2010.25,1999.96,1986.10,1969.14,1950.08,1937.02,1924.57,1909.82,1895.78,1880.75,1865.72,1847.62,1829.36,1816.18,1805.37,1787.46,1767.84,1749.31,1728.90,1716.37,1711.81,1701.59,1681.88,1657.71,1643.22,1633.56,1634.37,1643.10,1668.63,1687.93,1679.47,1674.41,1698.18,1725.99,1750.03,1767.26,1783.68,1798.05,1805.74,1808.40,1818.52,1813.98,1795.07,1772.53,1756.09,1736.20,1711.82,1693.14,1678.93,1669.63,1657.02,1643.92,1627.20,1608.10,1586.99,1566.43,1551.67,1536.69,1520.72,1502.39,1486.38,1472.11,1466.06,1464.51,1463.76,1464.19,1463.99,1459.36,1448.43,1432.88,1416.63,1404.81,1405.73,1414.03,1416.67,1410.89,1404.69,1399.78,1394.09,1386.95,1376.32,1362.89,1351.68,1336.85,1324.23,1310.25,1289.31,1271.04,1257.25,1238.57,1226.71,1224.47,1213.66,1195.22,1171.27,1150.85,1128.88,1109.04,1088.85,1072.37,1059.70,1048.40,1034.84,1025.81,1014.96,1003.65,992.50,982.36,971.78,953.65,925.57,897.86,887.49,883.00,879.90,880.03,879.07,878.08,877.74,878.61,883.05,901.93,922.33,944.61,959.33,966.35,970.11,991.81,1016.48,1042.51,1062.44,1088.45,1108.99,1125.33,1143.38,1156.41,1168.71,1188.35,1205.04,1217.23,1231.38,1250.38,1265.28,1278.77,1290.42,1303.05,1313.18,1323.92,1330.80,1330.67,1328.58,1324.07,1314.67,1306.74,1312.91,1327.82,1336.27,1343.76,1352.08,1361.36,1367.49,1372.79,1376.08,1376.13,1370.20,1353.06,1332.77,1310.26,1285.47,1260.94,1240.98,1228.48,1242.24,1252.91,1259.28,1253.84,1235.60,1211.54,1189.32,1169.39,1157.63,1142.58,1123.18,1107.89,1091.48,1074.63,1059.96
1960.12,1959.50,1943.63,1945.49,1952.60,1963.26,1966.05,1969.43,1979.23,1987.34,1989.85,1986.17,1982.52,1979.74,1975.41,1971.59,1976.92,1983.02,1988.26,1996.59,2004.83,2015.77,2028.37,2038.13,2046.86,2048.99,2042.90,2029.91,2012.40,1999.49,1988.72,1974.85,1957.40,1941.01,1927.92,1916.02,1917.53,1919.63,1917.91,1916.43,1912.75,1904.90,1894.39,1876.31,1851.63,1850.44,1867.89,1880.40,1895.78,1914.74,1936.30,1945.65,1947.43,1946.80,1947.15,1948.88,1948.73,1940.72,1937.88,1945.60,1951.65,1957.29,1966.19,1977.72,1988.12,1996.23,2003.98,2010.62,2014.36,2008.79,1997.99,1984.24,1965.86,1945.01,1927.14,1912.34,1899.48,1887.08,1875.26,1861.39,1849.15,1835.69,1815.31,1794.69,1773.34,1760.85,1744.32,1720.91,1697.35,1691.42,1681.56,1669.62,1660.39,1651.39,1649.79,1658.94,1662.18,1682.66,1704.14,1702.88,1695.24,1711.98,1736.83,1762.65,1781.95,1796.85,1813.21,1824.31,1829.67,1831.70,1819.36,1797.63,1775.74,1757.89,1739.85,1724.28,1708.00,1696.96,1685.55,1669.55,1652.12,1632.25,1612.62,1595.21,1578.41,1563.20,1547.04,1531.51,1512.14,1492.08,1473.88,1456.10,1446.79,1445.02,1444.42,1442.05,1440.45,1431.99,1417.29,1400.97,1387.11,1385.33,1396.47,1402.84,1397.92,1392.11,1391.05,1387.09,1376.53,1369.30,1362.21,1351.25,1340.12,1328.34,1317.58,1303.50,1290.48,1270.98,1255.61,1245.43,1234.07,1217.15,1199.15,1177.07,1155.01,1130.98,1109.28,1093.61,1082.44,1064.99,1049.74,1035.26,1026.36,1024.47,1015.75,1000.45,985.33,970.82,946.86,912.70,891.13,887.28,883.76,882.12,880.58,879.38,878.66,878.62,879.39,887.68,912.73,935.79,962.04,982.17,994.08,997.86,1000.31,1014.88,1041.13,1062.31,1084.07,1105.39,1118.02,1132.21,1147.55,1158.40,1175.95,1196.68,1209.54,1224.00,1241.45,1257.43,1270.32,1286.98,1303.66,1316.30,1329.45,1339.13,1343.25,1342.79,1339.77,1334.75,1325.89,1318.34,1327.25,1332.91,1338.77,1349.73,1362.26,1369.60,1376.67,1380.73,1378.73,1368.66,1347.04,1324.18,1298.30,1270.37,1252.69,1244.06,1252.30,1268.15,1273.55,1272.38,1261.20,1240.85,1219.39,1200.93,1180.09,1158.71,1137.36,1120.50,1105.25,1085.51,1061.55,1042.81
1967.82,1967.94,1950.02,1957.84,1969.66,1977.52,1981.83,1982.61,1987.33,1992.52,1991.96,1986.97,1979.29,1969.04,1960.98,1959.04,1964.00,1969.67,1976.75,1986.68,1996.30,2005.37,2020.19,2032.59,2039.42,2041.24,2035.33,2025.09,2007.97,1988.26,1975.16,1962.72,1946.55,1935.03,1919.47,1904.93,1905.84,1905.71,1902.71,1902.18,1902.65,1898.82,1886.15,1871.13,1850.15,1836.91,1845.98,1861.63,1882.84,1907.98,1924.31,1927.68,1925.45,1923.82,1925.65,1930.57,1932.62,1925.95,1922.02,1929.24,1938.71,1952.41,1964.59,1976.09,1986.68,1996.24,2004.88,2012.61,2015.61,2006.59,1993.32,1978.53,1962.58,1944.84,1929.25,1915.62,1903.10,1888.67,1875.78,1864.05,1855.08,1841.18,1822.00,1805.43,1788.51,1769.21,1753.03,1724.34,1706.10,1710.32,1701.20,1691.98,1678.89,1667.11,1671.47,1683.64,1694.16,1699.58,1719.80,1725.67,1717.85,1733.17,1751.00,1768.61,1789.35,1810.09,1831.11,1847.34,1849.08,1840.43,1824.17,1803.32,1782.69,1764.99,1749.23,1739.34,1724.88,1711.84,1696.33,1677.30,1659.96,1641.08,1626.27,1610.44,1593.84,1574.74,1558.02,1539.55,1522.07,1500.04,1480.15,1457.35,1437.36,1427.40,1425.44,1421.02,1420.88,1414.16,1397.96,1386.51,1376.23,1372.66,1377.53,1385.14,1382.86,1377.07,1376.07,1370.87,1357.72,1351.43,1347.01,1337.76,1333.21,1326.38,1317.92,1309.24,1297.71,1283.65,1270.07,1254.88,1239.03,1216.52,1195.51,1171.75,1150.28,1133.38,1121.94,1108.36,1090.82,1074.53,1057.69,1045.12,1039.60,1035.94,1024.39,1006.50,987.83,963.62,932.14,900.46,888.78,886.75,884.76,882.75,880.60,879.89,879.49,879.37,879.89,892.19,917.07,943.38,968.01,990.74,1009.75,1022.97,1028.65,1029.53,1037.52,1052.13,1070.25,1089.47,1104.95,1118.69,1133.13,1150.63,1166.09,1184.63,1201.28,1216.05,1230.52,1244.37,1264.21,1284.18,1300.89,1314.28,1325.27,1336.54,1349.59,1356.88,1357.37,1353.04,1341.78,1335.17,1342.96,1347.73,1348.74,1350.98,1359.72,1367.86,1379.43,1383.34,1374.87,1358.84,1336.19,1313.18,1288.04,1270.56,1267.70,1262.77,1274.93,1288.86,1289.40,1283.37,1268.31,1250.17,1231.55,1214.22,1189.23,1158.72,1135.67,1114.26,1090.99,1070.72,1051.40,1026.38
1979.38,1977.44,1964.50,1969.11,1979.08,1988.49,1992.31,1992.58,1994.18,1994.34,1990.18,1981.78,1967.72,1958.17,1952.22,1950.11,1952.89,1956.74,1962.72,1972.18,1985.68,1997.77,2010.59,2025.48,2032.33,2031.36,2024.90,2016.79,2005.73,1987.47,1967.06,1953.35,1941.22,1928.19,1909.41,1894.28,1892.71,1891.41,1885.96,1882.17,1885.32,1884.13,1878.47,1864.97,1847.43,1824.35,1832.92,1852.76,1873.65,1896.24,1907.11,1907.30,1900.49,1899.17,1902.78,1906.50,1908.99,1906.87,1908.78,1922.59,1935.89,1948.53,1958.68,1971.60,1985.45,1996.51,2006.38,2014.93,2018.98,2011.59,1996.57,1981.16,1965.91,1951.08,1938.61,1925.71,1915.35,1904.14,1889.11,1872.13,1856.30,1839.15,1825.64,1811.13,1796.77,1774.40,1754.35,1725.08,1731.21,1739.06,1726.13,1713.29,1692.37,1687.83,1698.60,1709.67,1723.22,1726.99,1738.57,1750.58,1748.03,1751.99,1772.89,1783.42,1797.18,1816.88,1838.48,1857.52,1861.69,1846.46,1829.71,1809.15,1789.53,1770.85,1756.12,1746.73,1736.38,1721.04,1705.83,1687.24,1672.66,1653.70,1636.60,1618.18,1599.92,1578.85,1560.00,1540.68,1525.39,1504.90,1482.32,1459.17,1435.37,1411.01,1403.46,1400.75,1398.79,1393.07,1385.24,1376.15,1359.51,1354.88,1360.55,1364.11,1365.41,1361.09,1356.34,1353.96,1344.32,1336.62,1331.70,1322.17,1316.55,1313.56,1307.22,1298.26,1289.72,1278.24,1266.35,1252.86,1236.75,1217.73,1196.80,1173.31,1157.08,1146.98,1132.73,1112.48,1095.88,1081.10,1061.90,1055.23,1052.22,1043.04,1027.35,1005.57,980.42,950.11,916.82,892.84,887.97,886.03,884.12,882.27,881.49,881.04,880.59,881.07,882.56,893.14,915.80,944.62,966.19,990.13,1013.60,1035.97,1052.84,1059.88,1062.15,1063.75,1066.51,1073.56,1089.06,1103.59,1119.58,1135.92,1155.23,1172.13,1188.20,1203.58,1219.38,1235.78,1259.64,1279.16,1294.08,1308.03,1319.50,1334.59,1349.93,1363.55,1369.68,1366.21,1354.92,1354.07,1360.55,1364.15,1364.90,1365.94,1371.17,1375.54,1382.92,1385.27,1369.63,1346.56,1326.13,1306.79,1297.53,1297.15,1292.13,1283.78,1294.63,1304.05,1299.23,1288.55,1271.65,1256.23,1238.24,1219.66,1192.59,1162.89,1139.42,1118.39,1095.66,1067.63,1043.30,1021.28
1991.55,1987.09,1981.25,1981.94,1989.57,1996.61,1998.52,1999.47,1997.30,1991.53,1986.12,1978.05,1962.00,1952.07,1944.97,1941.45,1943.58,1948.79,1954.87,1965.07,1979.29,1994.46,2005.67,2016.35,2021.66,2017.51,2010.42,2005.41,1999.51,1984.97,1965.50,1955.00,1945.46,1930.84,1909.02,1893.16,1880.27,1872.43,1872.23,1869.65,1868.98,1867.89,1868.44,1861.38,1844.91,1816.74,1822.28,1842.43,1859.66,1875.97,1884.30,1883.86,1878.19,1876.35,1880.23,1885.08,1888.22,1889.40,1903.47,1918.41,1927.56,1938.24,1953.20,1970.84,1986.38,1997.43,2007.79,2017.57,2024.33,2018.99,2002.89,1987.87,1971.89,1958.18,1945.86,1935.76,1924.55,1911.85,1894.36,1872.82,1853.10,1834.05,1820.27,1807.53,1791.22,1769.16,1747.96,1729.91,1751.24,1757.99,1739.37,1725.52,1704.04,1709.64,1723.25,1734.80,1746.72,1751.84,1756.77,1770.52,1774.47,1770.17,1785.55,1801.48,1815.50,1834.21,1850.34,1868.21,1869.30,1851.22,1834.17,1814.48,1795.04,1778.04,1767.11,1759.28,1750.89,1735.74,1718.25,1700.13,1681.37,1660.64,1639.30,1617.55,1596.31,1573.83,1551.36,1534.49,1521.21,1501.77,1480.04,1457.82,1433.40,1406.37,1394.72,1390.25,1383.43,1378.76,1374.45,1363.41,1344.57,1336.78,1340.73,1347.37,1347.02,1340.53,1336.57,1332.04,1320.68,1312.80,1308.51,1296.94,1290.69,1292.50,1287.32,1278.51,1273.16,1266.36,1257.35,1244.17,1230.74,1216.25,1197.20,1179.06,1165.10,1152.13,1134.43,1111.87,1096.80,1085.00,1076.00,1064.53,1054.83,1044.42,1026.12,1001.53,972.50,940.46,906.90,889.93,887.42,885.47,883.94,883.23,882.74,882.30,881.98,884.11,886.64,897.61,917.90,938.91,959.82,982.70,1007.50,1031.83,1056.10,1073.99,1086.48,1093.11,1092.37,1089.50,1090.32,1094.72,1105.19,1120.58,1139.17,1159.07,1175.62,1192.78,1210.15,1227.64,1250.74,1270.71,1284.27,1298.06,1315.65,1333.46,1346.17,1360.33,1371.91,1375.30,1371.15,1374.00,1379.11,1380.93,1381.26,1380.89,1384.30,1390.46,1392.09,1389.96,1374.88,1354.59,1332.44,1318.93,1321.17,1319.02,1307.94,1300.48,1310.04,1315.09,1305.56,1288.22,1270.07,1251.49,1232.36,1211.61,1187.67,1161.90,1137.74,1116.03,1094.93,1071.91,1050.39,1024.40
2004.42,1999.27,1994.02,1996.54,2000.42,2002.95,2002.99,2001.24,1994.27,1985.87,1979.28,1970.84,1957.67,1947.65,1936.74,1928.20,1932.25,1941.60,1948.76,1959.87,1973.19,1990.66,2001.97,2009.10,2009.03,2000.21,1990.42,1986.79,1984.48,1977.87,1964.52,1955.29,1946.80,1934.55,1918.55,1903.78,1889.60,1868.72,1860.42,1855.08,1852.56,1855.71,1863.45,1857.39,1843.15,1813.27,1808.88,1825.55,1841.05,1848.63,1854.41,1859.11,1860.06,1858.24,1857.90,1861.90,1867.89,1876.77,1895.02,1908.06,1923.22,1939.53,1957.00,1973.46,1989.45,1999.54,2009.96,2020.80,2030.06,2024.58,2009.00,1992.95,1976.55,1963.09,1950.69,1939.72,1926.34,1911.35,1891.27,1868.14,1849.24,1829.00,1811.02,1795.96,1776.38,1758.82,1745.69,1752.51,1771.63,1772.33,1755.02,1736.67,1723.60,1735.27,1742.20,1754.17,1768.69,1776.45,1778.96,1789.54,1798.05,1794.21,1799.95,1820.21,1838.10,1851.93,1870.32,1883.93,1875.53,1855.28,1837.18,1819.36,1803.69,1793.26,1785.76,1774.90,1761.18,1744.16,1724.17,1704.31,1684.63,1661.25,1640.21,1619.07,1597.49,1573.93,1549.72,1530.69,1510.46,1490.83,1471.65,1451.65,1428.64,1405.53,1390.47,1373.61,1362.28,1359.73,1357.24,1347.56,1330.34,1319.19,1321.84,1325.83,1323.30,1314.15,1310.78,1307.16,1296.66,1287.96,1285.52,1277.70,1271.50,1273.89,1270.70,1262.69,1258.10,1253.64,1242.31,1227.53,1218.61,1206.72,1187.03,1172.23,1159.85,1145.74,1129.90,1111.77,1099.16,1089.61,1077.57,1062.05,1052.42,1038.91,1019.10,994.40,964.39,932.83,902.03,889.09,886.99,885.58,885.30,884.85,884.15,883.58,883.60,886.31,890.81,908.13,932.32,952.59,964.51,978.46,1000.02,1025.38,1050.51,1071.26,1093.79,1113.16,1121.14,1119.14,1115.79,1115.09,1116.51,1120.37,1127.51,1145.97,1162.86,1180.74,1199.11,1216.70,1236.54,1258.23,1274.13,1290.56,1310.25,1328.59,1341.75,1355.36,1368.80,1380.02,1383.66,1389.42,1396.21,1399.86,1401.77,1402.74,1403.56,1404.49,1402.90,1394.48,1376.01,1358.01,1344.53,1338.40,1336.46,1330.03,1316.90,1315.73,1324.53,1320.90,1304.01,1283.28,1262.35,1239.03,1219.35,1199.38,1177.15,1153.88,1131.44,1109.98,1089.03,1065.00,1045.40,1026.06
2014.24,2008.50,2004.69,2007.44,2007.61,2005.93,2002.19,1996.63,1987.48,1979.12,1967.83,1959.06,1950.05,1939.11,1924.11,1918.27,1924.49,1934.66,1943.52,1953.42,1967.09,1983.23,1996.71,1999.09,1990.80,1976.03,1968.91,1967.89,1967.70,1966.87,1961.90,1954.35,1944.42,1930.37,1918.07,1907.11,1895.77,1876.27,1861.96,1847.46,1842.65,1853.67,1861.78,1856.32,1839.34,1808.75,1803.36,1813.09,1817.55,1821.48,1825.63,1832.79,1835.65,1837.44,1842.30,1844.62,1854.84,1869.09,1888.12,1908.26,1927.24,1945.56,1963.01,1977.81,1992.51,2003.95,2014.89,2026.47,2035.23,2030.11,2013.30,1997.33,1982.08,1968.26,1954.14,1940.19,1923.09,1904.12,1885.63,1863.11,1843.07,1824.81,1810.92,1795.99,1774.86,1759.32,1764.12,1777.81,1792.85,1792.19,1776.29,1752.90,1747.72,1758.36,1766.99,1774.28,1785.08,1797.80,1804.45,1808.22,1817.46,1819.36,1821.12,1833.44,1852.04,1872.35,1888.25,1894.89,1880.15,1858.87,1840.45,1829.78,1821.60,1809.99,1796.77,1781.45,1763.69,1742.86,1721.11,1695.57,1674.86,1658.09,1638.76,1621.21,1602.72,1579.91,1553.50,1532.87,1511.38,1491.26,1473.06,1451.88,1432.50,1411.84,1393.57,1369.28,1351.42,1341.73,1335.79,1327.29,1314.77,1303.80,1303.29,1303.88,1300.66,1291.49,1288.34,1287.70,1278.81,1270.17,1268.14,1262.56,1254.53,1252.61,1252.09,1244.06,1239.35,1237.97,1226.10,1211.93,1201.86,1193.52,1178.20,1159.59,1145.35,1130.99,1115.34,1098.94,1088.53,1078.20,1064.08,1053.48,1042.91,1027.35,1007.35,984.48,955.01,924.43,897.15,888.73,887.23,887.04,887.01,886.55,885.84,885.12,885.23,887.89,895.06,914.67,937.86,963.48,985.90,999.59,1009.60,1031.87,1055.16,1076.00,1097.16,1121.09,1138.73,1142.97,1138.16,1138.57,1145.31,1149.59,1150.25,1153.21,1159.24,1170.63,1187.07,1204.59,1223.21,1242.97,1264.50,1283.56,1301.66,1320.05,1334.29,1347.67,1363.51,1378.90,1386.91,1397.37,1406.24,1413.45,1418.30,1419.01,1417.61,1415.27,1411.79,1402.90,1388.36,1377.52,1365.17,1354.96,1348.65,1336.54,1327.47,1334.72,1333.31,1317.07,1295.43,1273.87,1254.16,1234.51,1217.78,1198.66,1175.99,1154.73,1135.55,1119.94,1102.88,1077.16,1053.33,1031.50
2020.53,2018.06,2016.54,2014.22,2010.17,2003.44,1993.70,1984.43,1976.95,1966.76,1953.44,1947.07,1939.42,1925.52,1908.79,1908.95,1917.92,1928.27,1938.51,1947.02,1961.91,1975.11,1989.11,1987.03,1971.01,1958.47,1955.13,1954.01,1953.45,1954.96,1956.24,1953.24,1943.93,1927.11,1914.39,1905.13,1894.70,1879.21,1865.46,1848.28,1834.55,1845.01,1854.37,1848.86,1826.88,1803.05,1793.95,1799.53,1805.47,1809.56,1814.02,1821.41,1827.56,1840.90,1853.69,1853.86,1853.80,1868.53,1893.26,1914.28,1934.96,1953.47,1968.02,1982.25,1995.04,2007.97,2018.50,2030.34,2039.24,2036.35,2017.48,2001.32,1986.51,1972.48,1955.64,1939.74,1920.04,1899.58,1875.72,1856.42,1843.11,1824.75,1803.71,1789.90,1781.67,1780.00,1791.49,1802.01,1812.55,1809.63,1794.18,1769.55,1769.47,1776.66,1785.33,1796.71,1803.52,1819.53,1831.11,1837.63,1839.00,1843.00,1845.01,1851.36,1863.34,1880.50,1897.17,1899.27,1882.70,1862.93,1850.07,1841.86,1831.42,1817.16,1800.65,1779.40,1760.91,1738.27,1713.03,1686.98,1663.77,1648.47,1630.66,1613.72,1597.46,1579.36,1559.24,1543.02,1522.72,1504.43,1483.97,1464.50,1442.79,1416.35,1397.60,1371.13,1348.15,1332.49,1319.09,1309.80,1297.96,1287.38,1284.01,1281.87,1279.42,1272.59,1267.88,1267.40,1258.70,1246.87,1244.67,1242.74,1233.51,1227.86,1227.62,1220.67,1215.21,1215.95,1209.82,1192.58,1180.07,1180.27,1172.46,1156.16,1141.80,1124.18,1103.55,1083.58,1068.87,1057.77,1048.72,1038.56,1025.66,1010.75,993.29,971.44,943.19,915.50,892.96,889.03,888.30,888.51,888.68,888.24,887.52,886.57,886.63,889.30,900.19,918.73,941.66,966.91,992.17,1015.09,1030.67,1046.56,1064.47,1085.38,1106.46,1128.22,1148.58,1162.08,1160.59,1162.12,1170.67,1176.75,1178.75,1176.49,1175.96,1184.39,1196.54,1204.63,1215.39,1231.30,1250.74,1271.58,1289.17,1306.96,1321.42,1337.54,1353.79,1371.42,1386.30,1398.87,1407.46,1417.14,1425.57,1429.11,1427.84,1423.53,1419.04,1412.98,1404.84,1396.30,1384.27,1371.26,1358.46,1345.14,1344.49,1346.41,1334.19,1312.31,1292.10,1277.58,1263.77,1246.83,1229.74,1210.77,1189.05,1168.37,1148.04,1128.06,1105.48,1080.19,1052.46,1040.47
2020.54,2019.95,2018.13,2013.54,2007.76,1996.24,1977.43,1966.72,1961.84,1953.53,1940.32,1932.25,1925.03,1909.70,1892.05,1898.30,1909.75,1919.06,1931.35,1942.20,1955.70,1968.68,1977.81,1971.68,1959.29,1948.04,1938.06,1934.28,1933.00,1938.77,1945.97,1948.53,1941.42,1925.75,1911.88,1900.36,1887.73,1874.98,1862.52,1845.48,1826.04,1832.61,1840.41,1832.08,1810.64,1796.02,1795.40,1806.29,1810.68,1816.84,1825.28,1829.38,1842.33,1859.23,1870.88,1870.73,1862.39,1871.06,1894.80,1916.17,1939.89,1956.39,1970.36,1983.57,1994.96,2008.33,2019.65,2031.95,2040.28,2040.36,2025.03,2008.03,1993.32,1975.88,1955.45,1935.76,1911.41,1891.04,1870.82,1852.37,1834.75,1815.98,1807.70,1807.06,1808.71,1806.30,1817.05,1826.39,1828.82,1821.22,1806.56,1783.93,1791.30,1801.50,1806.93,1820.52,1827.38,1837.30,1850.13,1858.95,1858.45,1865.41,1870.13,1876.31,1882.96,1890.82,1901.52,1898.55,1882.03,1865.33,1856.59,1848.99,1835.31,1818.42,1800.05,1774.77,1757.30,1733.35,1707.81,1683.38,1659.98,1639.22,1620.14,1599.07,1582.13,1568.57,1556.15,1543.40,1522.65,1503.89,1482.42,1462.50,1442.69,1419.77,1401.39,1371.92,1346.95,1328.63,1311.75,1297.75,1286.03,1275.24,1266.89,1261.52,1258.94,1253.34,1247.89,1245.14,1235.89,1222.98,1216.15,1214.72,1211.49,1206.63,1201.94,1197.01,1193.20,1193.14,1189.09,1172.98,1160.57,1163.34,1161.23,1152.83,1144.03,1132.33,1112.12,1089.71,1070.95,1053.79,1032.45,1018.84,1008.40,995.86,980.78,962.17,936.81,910.30,893.40,891.52,890.13,889.78,890.44,889.96,888.85,887.65,888.03,890.82,903.43,920.54,944.43,966.60,989.86,1016.28,1043.63,1064.59,1080.15,1097.22,1119.47,1139.34,1157.49,1175.14,1181.32,1186.72,1194.46,1201.88,1206.00,1203.26,1195.77,1202.84,1216.81,1227.18,1231.95,1236.69,1245.79,1260.89,1277.10,1291.73,1308.72,1326.99,1346.91,1365.05,1382.69,1392.85,1401.87,1415.29,1427.53,1433.85,1433.62,1431.19,1426.46,1422.23,1417.99,1410.68,1398.64,1382.91,1371.11,1367.74,1366.75,1356.74,1340.90,1327.09,1306.84,1286.05,1261.88,1239.03,1216.72,1199.59,1180.25,1156.24,1135.80,1114.95,1094.50,1070.70,1052.45,1056.11
2014.07,2013.65,2013.23,2010.11,2001.90,1982.54,1963.51,1953.49,1947.39,1937.39,1924.83,1917.52,1910.54,1894.88,1877.61,1887.17,1902.95,1911.33,1922.07,1936.79,1948.51,1963.10,1966.75,1961.06,1951.87,1935.60,1917.26,1910.41,1913.95,1921.39,1928.63,1933.08,1930.75,1919.05,1907.45,1894.63,1879.08,1866.83,1854.62,1838.39,1818.08,1816.34,1819.50,1807.51,1799.57,1789.03,1805.05,1823.56,1830.68,1834.21,1843.78,1857.33,1869.43,1881.03,1887.35,1887.56,1877.94,1873.42,1892.42,1913.50,1935.12,1952.72,1966.30,1977.85,1989.24,2005.30,2019.16,2032.09,2040.65,2042.20,2033.05,2015.00,1999.92,1981.91,1960.56,1942.91,1919.47,1895.50,1875.55,1858.81,1838.67,1832.13,1832.26,1827.28,1830.79,1831.35,1839.99,1847.99,1846.57,1832.89,1813.79,1801.30,1812.66,1822.59,1828.24,1841.36,1851.41,1857.05,1867.25,1876.73,1879.79,1883.72,1888.79,1891.61,1892.68,1894.55,1898.12,1893.99,1877.22,1865.60,1858.90,1851.68,1839.90,1822.49,1803.46,1777.99,1758.49,1737.14,1714.39,1690.21,1666.48,1643.32,1620.18,1599.36,1577.96,1555.80,1540.30,1528.07,1510.71,1490.81,1469.98,1452.34,1430.67,1413.94,1394.73,1367.61,1344.05,1325.96,1315.64,1307.96,1294.52,1276.40,1262.02,1251.38,1242.63,1235.58,1230.55,1224.65,1215.01,1202.87,1193.19,1188.26,1186.26,1181.12,1175.63,1171.31,1172.66,1177.78,1173.01,1157.62,1141.97,1144.60,1146.99,1139.41,1131.78,1125.98,1112.48,1090.01,1070.34,1055.01,1043.74,1030.96,1015.88,1001.13,980.64,958.06,932.52,906.21,895.48,894.27,892.08,891.86,892.21,890.72,889.57,888.80,889.00,892.30,908.97,934.89,961.30,981.73,995.72,1016.72,1045.16,1068.09,1088.15,1106.88,1125.75,1142.78,1161.80,1183.37,1196.19,1205.34,1212.00,1219.74,1227.28,1227.45,1218.10,1219.72,1234.19,1245.25,1250.91,1255.11,1264.56,1275.31,1283.62,1290.88,1301.99,1319.68,1340.32,1355.92,1370.84,1384.21,1399.25,1414.80,1429.13,1437.65,1438.78,1436.06,1431.70,1427.27,1423.61,1418.89,1408.53,1394.18,1389.12,1388.98,1384.04,1368.59,1348.99,1323.34,1297.48,1273.39,1245.99,1220.18,1197.41,1177.30,1157.85,1136.16,1117.16,1099.72,1083.92,1069.43,1066.97,1076.24
1999.86,2002.91,2005.30,2003.36,1991.08,1968.40,1949.49,1932.69,1923.86,1917.06,1911.63,1906.63,1897.10,1879.27,1864.82,1879.72,1896.32,1902.94,1913.29,1929.06,1943.02,1951.33,1952.18,1950.27,1938.91,1920.17,1898.18,1890.27,1895.78,1903.51,1911.85,1918.99,1916.42,1905.29,1894.85,1887.37,1877.40,1861.89,1847.31,1828.02,1810.72,1802.51,1802.69,1793.88,1785.07,1791.89,1815.24,1836.18,1844.94,1852.58,1867.31,1883.45,1897.56,1905.24,1909.18,1907.72,1897.33,1883.98,1889.09,1907.16,1926.49,1941.28,1955.12,1966.29,1984.97,2001.19,2017.39,2031.61,2040.60,2043.33,2036.89,2021.43,2005.15,1986.56,1965.97,1950.08,1927.81,1897.66,1878.99,1861.29,1850.90,1856.34,1855.32,1846.93,1851.12,1854.75,1860.50,1866.29,1863.50,1845.80,1826.93,1821.63,1836.11,1845.76,1848.69,1860.87,1873.15,1880.50,1887.65,1893.31,1893.13,1891.99,1889.87,1889.32,1888.25,1886.06,1887.48,1888.28,1872.89,1862.35,1857.03,1852.31,1844.50,1829.51,1808.22,1781.78,1762.34,1743.33,1720.44,1696.44,1672.50,1646.23,1625.98,1604.42,1581.32,1558.26,1532.37,1511.20,1493.63,1470.73,1451.53,1431.94,1416.06,1400.59,1380.79,1361.09,1346.43,1340.56,1337.01,1328.42,1313.16,1293.38,1276.99,1260.88,1245.86,1236.23,1227.43,1214.98,1206.91,1202.28,1195.67,1185.68,1174.37,1166.17,1158.11,1152.04,1151.54,1157.32,1151.76,1136.85,1121.72,1123.13,1120.57,1114.01,1109.77,1110.39,1107.38,1087.82,1072.47,1068.30,1061.54,1047.45,1031.04,1010.49,984.17,955.41,924.83,900.81,898.63,896.74,894.32,894.34,893.34,891.81,890.41,889.92,891.14,899.45,917.88,942.10,971.80,1000.89,1019.64,1039.61,1060.51,1078.37,1090.66,1105.47,1120.66,1135.77,1156.45,1181.61,1196.39,1210.74,1222.13,1233.47,1245.58,1247.62,1240.90,1240.63,1252.30,1264.53,1272.12,1274.67,1282.51,1294.38,1303.96,1309.64,1313.20,1318.55,1337.38,1354.11,1373.38,1391.86,1408.08,1423.65,1434.42,1442.11,1443.22,1440.29,1435.48,1430.40,1426.11,1421.66,1414.41,1407.63,1405.65,1404.18,1396.89,1377.79,1347.42,1318.56,1290.85,1262.12,1238.78,1218.12,1195.97,1175.74,1164.62,1152.52,1128.34,1102.88,1089.62,1099.80,1098.38,1098.41
1986.36,1992.15,1995.43,1994.23,1983.59,1964.09,1944.14,1919.47,1903.78,1899.66,1897.72,1891.59,1880.41,1863.63,1853.01,1874.12,1887.52,1891.79,1904.26,1919.15,1934.10,1942.94,1941.66,1935.22,1920.39,1902.70,1883.16,1872.19,1878.07,1887.79,1894.33,1898.83,1897.57,1889.61,1878.40,1872.01,1870.14,1862.66,1845.48,1826.81,1807.78,1794.06,1789.47,1782.85,1783.37,1804.35,1824.52,1843.40,1857.92,1869.63,1881.73,1901.26,1913.36,1924.44,1929.72,1927.39,1916.69,1901.08,1896.66,1903.86,1918.88,1933.18,1948.49,1964.23,1983.19,1998.68,2015.34,2030.26,2040.04,2044.62,2038.78,2024.35,2008.64,1990.70,1972.55,1955.14,1936.33,1910.69,1895.63,1874.29,1872.75,1877.65,1874.37,1867.79,1871.45,1875.91,1880.07,1882.96,1874.43,1857.89,1851.37,1844.81,1852.68,1865.31,1871.38,1878.28,1894.44,1901.35,1904.07,1901.38,1894.82,1886.37,1877.06,1874.11,1871.65,1866.74,1868.17,1876.77,1868.55,1854.99,1850.13,1847.13,1842.13,1829.31,1806.24,1780.06,1760.31,1737.63,1718.42,1698.83,1677.28,1653.87,1632.55,1608.60,1583.87,1560.99,1536.76,1515.03,1494.86,1470.07,1447.11,1427.62,1415.76,1402.14,1384.65,1369.40,1360.54,1360.24,1357.26,1347.34,1328.06,1313.62,1298.40,1274.37,1256.57,1252.41,1248.20,1235.67,1224.61,1222.04,1215.96,1206.59,1194.59,1185.53,1172.39,1157.57,1145.47,1136.93,1129.62,1117.63,1106.26,1101.23,1098.84,1094.72,1089.61,1091.19,1099.68,1094.97,1087.07,1081.84,1062.96,1048.74,1030.74,1001.81,976.82,949.07,925.43,905.08,901.73,897.72,896.55,895.75,894.34,892.84,891.33,892.19,902.27,920.06,942.50,961.14,978.89,1001.43,1027.09,1053.44,1073.58,1093.09,1107.84,1120.80,1128.57,1138.97,1154.07,1172.84,1189.44,1205.81,1221.30,1236.53,1252.67,1261.16,1258.78,1259.41,1271.91,1284.25,1293.28,1297.50,1300.98,1312.99,1324.95,1334.64,1339.76,1335.33,1341.28,1361.05,1381.88,1400.63,1417.94,1433.71,1443.29,1448.36,1448.29,1444.53,1439.53,1434.89,1429.14,1425.23,1422.08,1419.62,1416.22,1412.22,1402.43,1384.80,1356.16,1321.72,1295.22,1274.25,1253.18,1234.63,1210.88,1195.70,1188.63,1171.33,1139.30,1104.71,1109.74,1128.96,1127.26,1126.85
1972.29,1980.88,1984.77,1984.16,1976.47,1961.19,1942.09,1918.93,1896.15,1877.92,1875.40,1872.33,1862.76,1846.79,1844.71,1867.94,1876.08,1878.66,1890.08,1905.61,1920.58,1931.55,1927.94,1912.94,1898.69,1884.72,1869.64,1856.54,1859.64,1868.29,1872.49,1875.92,1875.01,1869.32,1861.62,1855.20,1853.71,1856.26,1848.95,1834.05,1809.89,1790.62,1778.13,1774.46,1794.36,1818.07,1836.34,1849.76,1871.67,1884.29,1895.36,1909.20,1925.77,1943.34,1947.71,1943.33,1931.59,1918.18,1915.77,1914.87,1918.09,1930.83,1948.37,1964.61,1980.00,1995.70,2012.89,2028.66,2039.13,2045.56,2040.59,2026.38,2009.39,1992.20,1976.32,1961.64,1945.46,1928.69,1911.79,1891.84,1896.44,1901.52,1897.84,1887.66,1891.07,1897.84,1902.21,1899.44,1884.95,1875.47,1872.63,1864.62,1868.79,1883.26,1892.52,1898.00,1909.01,1912.60,1907.28,1896.58,1886.12,1874.91,1860.73,1855.74,1851.98,1845.99,1847.40,1855.86,1854.46,1844.96,1836.06,1835.13,1833.27,1822.87,1805.21,1779.97,1757.00,1732.95,1711.03,1693.08,1674.77,1653.71,1631.35,1608.93,1588.71,1568.75,1550.74,1531.51,1507.17,1481.17,1454.37,1442.53,1431.64,1416.49,1402.95,1384.09,1381.03,1384.54,1377.14,1361.05,1344.05,1330.54,1311.95,1284.52,1269.37,1270.57,1263.49,1251.48,1246.21,1246.80,1239.32,1225.40,1216.67,1211.06,1197.82,1177.43,1159.80,1142.63,1131.91,1125.15,1113.25,1095.07,1081.78,1071.53,1066.60,1070.28,1081.15,1088.91,1090.80,1082.39,1061.26,1050.32,1027.83,1001.00,974.21,945.81,922.87,906.18,905.06,898.89,898.00,896.25,894.81,893.47,892.19,896.07,915.96,941.69,965.71,987.24,1002.79,1017.15,1034.64,1059.20,1080.11,1101.29,1122.96,1138.11,1149.24,1160.35,1172.00,1180.65,1192.10,1203.82,1216.26,1233.66,1253.47,1269.88,1278.90,1278.49,1284.30,1298.95,1309.95,1317.83,1320.55,1331.41,1345.61,1356.47,1362.09,1355.75,1353.06,1367.13,1386.75,1404.59,1423.07,1438.37,1450.11,1455.98,1454.51,1450.16,1445.09,1440.97,1435.19,1430.41,1426.05,1422.76,1418.07,1411.20,1399.49,1385.41,1363.03,1334.18,1318.51,1293.47,1268.45,1248.67,1229.67,1214.73,1193.32,1163.93,1130.80,1112.64,1135.43,1149.03,1149.24,1152.83
1956.39,1965.18,1971.76,1971.16,1961.88,1947.58,1930.32,1912.06,1892.64,1866.52,1852.32,1847.07,1838.55,1826.37,1839.21,1858.42,1863.74,1868.54,1880.04,1890.55,1908.94,1918.86,1913.73,1895.98,1881.37,1869.74,1857.23,1844.24,1839.97,1848.03,1851.35,1855.55,1855.98,1851.31,1842.89,1837.43,1838.47,1843.48,1844.17,1833.77,1808.12,1788.24,1771.46,1777.95,1805.34,1830.17,1847.52,1862.36,1883.69,1899.94,1909.81,1922.33,1940.45,1956.27,1961.56,1957.84,1945.51,1935.44,1936.65,1936.47,1932.44,1934.00,1946.85,1962.59,1977.52,1992.82,2009.20,2026.71,2038.34,2045.64,2045.11,2033.28,2013.90,1995.10,1978.20,1964.33,1951.79,1938.76,1923.80,1909.17,1918.38,1922.38,1917.99,1912.50,1917.48,1923.23,1923.48,1913.47,1903.12,1900.43,1894.93,1887.62,1891.18,1900.40,1911.19,1918.44,1923.57,1914.04,1899.99,1885.57,1873.12,1860.72,1844.31,1835.83,1831.17,1825.51,1827.62,1832.31,1832.71,1829.90,1822.40,1820.99,1821.78,1814.59,1799.27,1776.55,1755.68,1732.93,1708.74,1683.91,1664.26,1644.43,1622.80,1604.84,1589.58,1573.86,1559.86,1538.67,1512.61,1487.26,1475.06,1468.76,1454.67,1435.64,1419.10,1399.96,1403.15,1408.05,1399.15,1379.54,1359.09,1341.10,1318.11,1290.96,1285.08,1286.61,1275.59,1267.16,1272.18,1271.41,1262.56,1247.47,1238.20,1230.91,1215.37,1198.85,1176.66,1157.24,1153.10,1148.68,1132.74,1111.09,1093.07,1076.61,1058.75,1052.20,1059.99,1069.10,1076.47,1075.37,1058.77,1047.91,1025.65,1001.21,973.40,943.88,919.15,906.96,908.42,901.69,898.55,896.75,895.15,893.83,893.14,900.18,922.17,947.19,973.50,997.87,1015.55,1034.12,1054.50,1074.56,1095.31,1114.04,1135.68,1154.53,1169.00,1178.74,1185.44,1195.67,1209.68,1220.78,1228.19,1239.40,1253.27,1274.08,1290.51,1298.12,1298.30,1310.90,1327.57,1339.94,1341.48,1348.30,1359.35,1372.97,1379.30,1370.52,1362.86,1378.30,1399.42,1416.40,1431.95,1444.90,1457.30,1460.70,1455.91,1450.72,1446.48,1441.85,1435.18,1427.21,1420.45,1414.54,1407.07,1398.27,1388.25,1376.83,1359.10,1343.77,1324.06,1295.10,1270.75,1249.19,1226.74,1203.04,1178.08,1146.85,1124.74,1139.81,1161.12,1172.00,1174.75,1175.55
1942.68,1950.60,1955.17,1955.37,1948.15,1929.93,1914.12,1899.70,1882.52,1860.51,1840.09,1825.92,1813.95,1813.37,1830.49,1845.27,1848.57,1857.01,1868.89,1879.98,1896.58,1907.11,1901.57,1883.48,1866.35,1854.71,1844.26,1826.69,1817.11,1826.18,1832.71,1835.31,1834.11,1830.67,1824.14,1818.20,1818.01,1823.05,1826.55,1818.65,1803.39,1782.24,1769.08,1783.05,1809.98,1833.67,1852.38,1870.01,1893.48,1910.02,1923.76,1940.71,1951.55,1964.96,1973.91,1972.83,1961.56,1956.18,1956.82,1955.20,1950.82,1949.43,1951.64,1959.86,1976.95,1991.32,2005.31,2023.87,2037.64,2045.78,2050.22,2041.52,2023.08,2002.38,1985.74,1971.77,1958.87,1946.18,1934.72,1933.49,1939.42,1941.75,1939.46,1938.91,1943.97,1944.85,1939.00,1930.41,1921.56,1917.24,1913.67,1910.91,1916.51,1920.25,1928.93,1935.86,1930.58,1914.38,1896.61,1878.09,1864.07,1848.69,1831.37,1819.99,1813.40,1807.09,1806.20,1806.60,1805.23,1809.23,1811.55,1810.32,1807.62,1801.82,1786.87,1769.13,1750.43,1729.47,1708.89,1683.30,1660.27,1639.73,1617.71,1599.63,1585.31,1571.98,1559.02,1538.07,1512.81,1500.28,1498.84,1493.64,1476.80,1452.26,1428.47,1417.62,1420.63,1422.51,1414.65,1392.97,1369.13,1346.75,1322.85,1303.09,1305.46,1300.18,1287.33,1290.60,1296.65,1293.74,1281.82,1268.00,1258.78,1250.91,1233.30,1214.12,1191.54,1174.14,1173.65,1165.99,1151.20,1128.29,1106.03,1087.35,1068.20,1049.38,1041.76,1047.13,1056.84,1063.78,1054.21,1040.82,1018.90,994.04,966.91,940.43,915.81,907.82,910.76,903.20,899.07,897.51,895.64,893.99,895.82,909.92,938.38,962.86,981.23,1000.64,1019.58,1038.67,1060.98,1080.60,1104.04,1126.16,1147.94,1169.51,1185.26,1198.80,1208.82,1216.58,1228.19,1240.23,1253.68,1261.87,1263.58,1277.07,1295.88,1310.66,1317.72,1325.60,1344.10,1357.42,1362.60,1367.24,1377.31,1390.14,1394.81,1387.68,1378.51,1391.06,1413.04,1430.33,1442.84,1454.35,1460.88,1454.51,1443.20,1438.08,1438.25,1434.40,1424.25,1415.46,1407.77,1400.29,1393.22,1384.87,1375.65,1362.49,1348.60,1336.11,1318.93,1298.68,1275.72,1248.95,1223.78,1198.09,1164.62,1137.06,1147.68,1169.82,1183.89,1193.23,1197.87,1197.47
1923.02,1934.83,1940.38,1941.73,1936.35,1920.28,1899.52,1884.81,1868.55,1851.46,1832.27,1812.24,1795.76,1804.74,1816.91,1827.76,1831.61,1839.99,1854.94,1869.72,1886.17,1895.26,1888.35,1870.77,1852.09,1839.38,1825.80,1808.64,1796.47,1805.39,1814.35,1816.47,1815.59,1812.04,1804.26,1796.53,1798.25,1804.43,1806.46,1801.47,1791.86,1776.22,1766.38,1783.44,1807.80,1829.09,1849.37,1869.83,1897.20,1914.20,1930.64,1947.09,1961.78,1976.03,1986.37,1988.23,1979.95,1975.18,1976.76,1974.26,1965.50,1965.35,1966.35,1965.90,1977.43,1990.92,2003.54,2021.02,2035.89,2045.04,2051.58,2047.44,2029.54,2007.89,1991.87,1982.41,1970.91,1957.45,1947.09,1952.01,1958.47,1960.82,1962.30,1962.38,1962.52,1961.57,1957.52,1948.34,1941.92,1936.33,1931.47,1929.01,1934.46,1938.70,1939.71,1940.97,1936.38,1922.20,1905.91,1884.23,1870.94,1856.86,1836.71,1817.03,1804.59,1792.14,1787.52,1786.03,1785.47,1788.05,1792.68,1792.95,1788.93,1785.31,1776.12,1760.44,1742.03,1723.87,1705.82,1681.20,1662.10,1642.17,1619.36,1599.73,1582.63,1567.85,1553.82,1537.62,1528.92,1526.50,1523.06,1510.36,1489.94,1460.70,1436.70,1430.35,1438.04,1434.05,1420.90,1398.59,1372.50,1348.89,1328.84,1324.88,1325.20,1312.69,1304.64,1313.24,1317.71,1313.14,1298.80,1287.03,1276.59,1265.73,1245.47,1224.82,1204.98,1193.71,1188.56,1179.94,1164.41,1143.87,1118.14,1097.05,1081.11,1061.07,1042.95,1033.02,1036.62,1047.53,1046.98,1032.38,1009.48,984.30,960.75,935.44,912.90,910.11,912.42,905.18,901.24,899.40,896.82,894.81,899.08,920.84,951.72,976.20,997.22,1020.24,1035.07,1047.28,1064.67,1080.98,1103.40,1128.35,1149.01,1170.10,1191.18,1209.62,1223.62,1235.98,1248.64,1261.48,1275.59,1283.28,1283.94,1284.91,1299.86,1318.51,1334.88,1342.91,1354.05,1368.97,1379.11,1385.95,1394.10,1403.34,1407.65,1404.61,1395.86,1402.96,1421.00,1436.84,1451.96,1460.72,1462.36,1454.75,1439.16,1424.46,1422.99,1419.91,1412.29,1404.23,1394.61,1384.71,1376.43,1368.69,1358.79,1347.26,1334.81,1317.55,1302.30,1288.61,1274.71,1254.08,1228.98,1201.91,1161.78,1153.12,1176.21,1193.04,1203.95,1213.68,1219.27,1221.36
1906.45,1916.76,1923.14,1925.49,1922.51,1912.01,1891.22,1868.62,1851.11,1836.28,1819.32,1801.84,1784.18,1790.46,1798.42,1808.87,1816.25,1824.83,1839.30,1859.73,1874.19,1880.87,1876.15,1861.57,1842.88,1823.70,1809.33,1794.96,1775.83,1779.05,1790.02,1793.09,1792.50,1788.77,1784.13,1775.80,1773.59,1778.91,1779.60,1777.93,1773.78,1766.28,1761.97,1780.27,1803.57,1826.92,1851.07,1868.72,1892.83,1912.83,1930.31,1947.93,1966.21,1985.82,1996.19,2003.29,2000.89,1996.99,1997.25,1993.77,1981.13,1980.84,1983.52,1981.32,1984.12,1995.17,2008.42,2020.04,2033.43,2044.21,2052.88,2051.22,2036.00,2015.82,2004.21,1993.53,1983.46,1970.79,1964.04,1973.78,1977.82,1979.34,1979.83,1979.38,1978.07,1974.83,1968.77,1961.14,1956.16,1948.94,1940.51,1932.19,1929.80,1931.31,1931.48,1931.28,1932.48,1928.46,1915.63,1896.16,1876.12,1865.50,1848.77,1826.14,1808.13,1786.44,1769.11,1764.48,1763.42,1765.88,1771.36,1773.83,1770.93,1770.38,1768.81,1753.71,1733.25,1717.64,1699.06,1677.40,1660.48,1639.49,1618.13,1600.56,1583.57,1568.64,1559.20,1556.07,1551.52,1544.21,1536.77,1520.84,1498.08,1476.59,1456.90,1448.76,1458.03,1448.61,1425.03,1399.37,1374.67,1355.14,1343.19,1345.68,1341.75,1328.42,1322.82,1330.24,1331.86,1327.40,1312.43,1295.49,1284.30,1273.13,1257.03,1238.29,1218.87,1206.88,1199.41,1189.84,1176.41,1156.98,1130.89,1110.24,1094.79,1076.45,1053.78,1035.05,1022.47,1028.33,1034.08,1021.12,1000.07,977.29,954.79,928.35,910.89,914.11,913.96,906.50,903.20,900.50,897.63,895.69,900.64,921.55,946.50,971.54,997.16,1025.14,1050.10,1068.72,1085.66,1098.46,1114.34,1130.61,1148.19,1167.57,1191.31,1215.03,1234.82,1249.98,1261.37,1271.26,1280.60,1288.28,1293.38,1296.63,1305.45,1321.07,1335.99,1347.28,1362.03,1376.19,1390.82,1400.69,1406.55,1415.35,1419.72,1417.27,1410.99,1416.25,1427.63,1440.48,1454.59,1464.78,1467.07,1460.01,1445.75,1423.14,1408.35,1404.42,1400.68,1390.79,1377.09,1367.63,1362.21,1353.83,1343.08,1332.12,1315.32,1292.77,1279.99,1269.31,1258.34,1243.46,1221.94,1191.16,1162.99,1178.76,1200.11,1211.72,1223.64,1235.47,1240.80,1240.97
1891.54,1898.21,1903.35,1905.98,1907.05,1903.69,1889.60,1863.28,1839.93,1821.26,1803.34,1786.63,1769.90,1772.60,1777.87,1788.60,1802.88,1810.03,1824.64,1848.17,1861.27,1864.41,1864.11,1857.21,1842.39,1818.60,1798.11,1777.28,1758.82,1758.68,1767.48,1769.63,1769.34,1769.55,1767.97,1761.86,1753.30,1752.27,1757.99,1759.22,1757.54,1755.81,1765.87,1782.54,1801.14,1823.71,1848.44,1867.40,1886.06,1910.08,1929.61,1948.40,1968.54,1991.01,2005.30,2018.68,2022.63,2019.12,2015.99,2009.54,1998.35,1999.81,2002.02,1996.55,1994.71,2006.48,2018.24,2027.82,2037.04,2045.18,2053.81,2054.73,2046.61,2030.88,2016.50,2006.75,1995.03,1983.61,1979.48,1988.84,1994.20,1997.10,1996.98,1995.09,1990.78,1983.57,1974.82,1967.13,1960.22,1949.60,1935.30,1923.88,1915.98,1913.35,1912.74,1912.50,1913.74,1916.34,1911.92,1899.29,1875.95,1867.91,1854.23,1831.64,1811.97,1788.35,1762.53,1749.22,1744.92,1745.56,1748.35,1752.00,1752.98,1753.11,1756.67,1752.37,1734.20,1711.99,1690.36,1672.02,1654.40,1631.74,1614.90,1599.01,1584.34,1578.18,1576.91,1575.07,1570.71,1561.58,1544.68,1529.60,1514.04,1495.17,1476.37,1467.45,1472.07,1456.70,1430.60,1405.08,1389.45,1372.64,1363.19,1365.59,1360.58,1346.53,1341.80,1345.83,1340.45,1324.95,1300.08,1276.78,1268.41,1258.06,1250.20,1237.63,1224.05,1209.65,1196.22,1186.03,1179.67,1164.96,1141.55,1120.13,1098.03,1086.02,1063.81,1040.83,1020.90,1013.69,1016.11,1003.26,987.48,971.25,947.83,921.18,913.28,919.50,915.72,907.24,904.09,901.25,898.27,896.35,900.82,934.79,965.01,984.11,1003.18,1028.38,1058.11,1080.37,1101.00,1119.51,1135.16,1148.72,1164.05,1181.31,1200.03,1221.87,1239.12,1248.80,1254.67,1263.15,1272.49,1281.95,1291.02,1300.31,1307.74,1317.01,1328.11,1341.34,1358.97,1374.10,1390.58,1401.61,1409.95,1422.05,1430.25,1431.94,1427.28,1428.49,1439.97,1451.36,1462.11,1471.76,1472.45,1463.13,1447.99,1427.62,1408.15,1391.07,1384.95,1377.37,1364.10,1356.34,1348.24,1336.98,1326.02,1312.24,1291.70,1271.58,1258.80,1246.87,1234.95,1221.17,1202.15,1180.31,1180.50,1203.62,1217.11,1232.31,1248.58,1259.09,1262.89,1259.76
1874.26,1881.24,1887.08,1890.66,1894.30,1895.45,1886.10,1865.17,1842.58,1819.83,1800.15,1783.55,1764.91,1751.02,1752.63,1765.41,1780.54,1788.99,1804.38,1829.83,1845.95,1848.77,1852.30,1851.37,1837.04,1815.19,1792.75,1769.08,1751.80,1745.17,1755.82,1755.24,1752.11,1753.57,1754.03,1744.54,1732.51,1730.71,1734.48,1740.08,1751.66,1767.55,1786.94,1802.02,1817.98,1835.15,1858.22,1878.61,1896.42,1917.08,1937.71,1954.17,1976.57,2001.00,2017.90,2033.80,2040.30,2038.59,2033.93,2027.61,2015.61,2017.55,2020.53,2011.24,2007.82,2020.74,2032.42,2041.14,2045.72,2050.26,2057.72,2059.68,2055.40,2045.73,2028.29,2018.89,2008.79,1997.73,1995.18,2003.41,2009.45,2010.39,2007.86,2000.82,1993.44,1984.38,1973.50,1964.87,1956.83,1942.53,1926.95,1914.34,1904.32,1899.56,1898.00,1895.77,1895.69,1896.54,1894.71,1887.36,1873.54,1866.03,1853.13,1829.72,1810.87,1789.05,1763.69,1742.14,1729.63,1730.29,1732.99,1735.41,1737.03,1738.95,1745.04,1749.39,1739.02,1715.15,1689.25,1669.48,1651.56,1631.15,1613.93,1600.43,1594.57,1595.70,1595.31,1590.48,1583.92,1574.84,1560.66,1547.75,1530.97,1509.72,1489.45,1484.60,1481.74,1464.32,1436.55,1422.53,1404.45,1388.47,1382.96,1384.11,1377.47,1363.89,1358.81,1353.38,1334.63,1308.27,1284.08,1262.16,1244.63,1238.07,1232.36,1223.53,1208.24,1193.52,1178.14,1166.63,1164.14,1162.44,1145.25,1120.91,1095.08,1080.53,1067.47,1045.82,1020.51,1005.35,999.54,991.19,976.19,961.34,939.27,917.68,918.38,921.40,916.42,908.00,905.07,901.66,898.70,897.26,903.08,942.33,975.18,998.84,1020.68,1043.65,1064.53,1085.60,1108.59,1128.63,1145.80,1160.27,1178.15,1191.06,1203.54,1219.71,1234.34,1242.12,1246.38,1252.91,1261.48,1272.42,1282.82,1293.50,1299.65,1306.42,1318.09,1333.39,1350.73,1366.20,1381.21,1391.49,1403.80,1419.35,1434.79,1444.56,1446.57,1443.78,1454.35,1465.75,1475.20,1479.33,1473.40,1460.48,1445.30,1427.02,1411.97,1391.52,1370.47,1359.95,1349.53,1337.47,1328.50,1317.77,1306.71,1291.80,1273.33,1264.48,1253.95,1244.84,1236.61,1223.68,1211.29,1192.78,1204.16,1222.47,1240.50,1256.63,1268.88,1277.64,1280.28,1273.12
1850.58,1857.75,1864.93,1875.70,1883.35,1886.99,1881.45,1864.42,1844.96,1827.65,1810.50,1792.95,1774.09,1752.27,1736.64,1738.66,1751.09,1762.21,1786.02,1809.46,1819.92,1826.42,1836.68,1836.44,1824.14,1810.70,1791.50,1769.35,1748.42,1727.59,1730.95,1731.77,1727.55,1727.29,1724.13,1722.62,1732.97,1745.21,1748.90,1749.16,1758.85,1777.21,1798.34,1816.42,1833.37,1855.56,1870.82,1892.48,1909.30,1927.01,1947.26,1963.39,1987.06,2009.48,2026.76,2041.82,2051.16,2053.60,2048.60,2042.85,2033.70,2035.83,2037.20,2024.30,2024.22,2037.04,2045.07,2051.49,2057.11,2062.13,2067.86,2068.50,2063.88,2055.47,2044.13,2033.39,2022.14,2010.16,2010.18,2017.72,2020.09,2018.09,2011.40,1999.76,1991.11,1980.87,1972.90,1965.67,1953.37,1936.86,1925.24,1919.25,1907.33,1893.86,1883.31,1874.37,1870.84,1868.62,1866.59,1865.16,1861.04,1855.67,1844.19,1822.12,1804.65,1786.19,1763.82,1740.80,1719.83,1712.96,1713.52,1714.96,1718.14,1722.56,1732.00,1740.21,1736.60,1719.47,1695.27,1673.79,1654.77,1635.11,1619.16,1615.08,1614.27,1612.83,1608.94,1603.02,1595.36,1586.99,1576.94,1561.74,1539.34,1519.50,1504.67,1502.31,1493.61,1473.80,1452.05,1434.09,1416.96,1404.81,1405.72,1405.08,1396.70,1379.36,1362.04,1343.00,1317.03,1288.16,1269.91,1251.85,1229.39,1216.34,1209.66,1202.65,1188.46,1172.61,1158.14,1146.62,1140.97,1143.30,1136.38,1117.99,1095.65,1080.74,1063.74,1042.22,1014.15,993.64,983.19,977.13,966.36,952.13,930.87,919.82,921.79,922.39,919.08,911.67,906.03,901.48,898.35,899.37,908.83,943.24,973.61,998.96,1020.92,1041.60,1062.42,1085.38,1107.43,1125.70,1140.90,1153.04,1168.80,1183.56,1194.30,1205.24,1218.50,1229.64,1236.75,1241.56,1247.42,1257.67,1271.28,1280.99,1288.32,1296.22,1308.84,1325.75,1342.64,1356.54,1370.96,1384.91,1401.89,1416.51,1436.31,1450.68,1459.11,1459.19,1467.57,1477.58,1483.36,1480.58,1469.03,1451.90,1437.35,1420.60,1406.50,1386.96,1366.52,1348.43,1336.34,1324.19,1311.37,1302.57,1293.52,1286.67,1286.23,1290.01,1281.46,1272.24,1260.03,1242.01,1218.13,1205.08,1224.71,1245.22,1262.19,1275.54,1287.45,1292.34,1289.33,1278.93
1827.22,1833.38,1841.90,1856.98,1870.16,1879.54,1874.93,1858.66,1841.89,1830.59,1818.02,1802.45,1785.49,1770.08,1750.06,1724.55,1723.80,1741.44,1766.15,1784.22,1793.83,1807.54,1819.77,1816.97,1812.87,1804.15,1787.65,1759.73,1742.92,1717.62,1706.21,1704.96,1706.23,1712.86,1725.90,1739.30,1756.30,1772.93,1777.64,1770.32,1769.20,1777.21,1794.16,1814.55,1836.61,1860.41,1872.43,1894.91,1911.68,1929.26,1949.73,1967.64,1989.47,2009.43,2026.60,2042.63,2059.55,2067.59,2065.93,2058.20,2050.52,2052.34,2051.74,2041.75,2039.88,2051.11,2056.90,2064.73,2072.34,2075.89,2076.67,2075.35,2070.87,2062.28,2054.84,2045.48,2034.98,2024.50,2026.11,2028.95,2027.38,2022.23,2012.35,2002.15,1993.81,1986.15,1980.35,1972.86,1960.54,1944.00,1937.50,1932.09,1918.13,1902.41,1884.44,1868.79,1858.96,1850.51,1845.21,1842.32,1838.79,1837.07,1830.90,1816.62,1795.02,1775.14,1758.10,1737.38,1714.98,1696.10,1695.18,1696.45,1700.04,1707.07,1716.82,1728.57,1729.56,1717.08,1693.26,1674.07,1655.47,1639.18,1631.21,1630.67,1627.73,1621.83,1615.00,1608.78,1603.64,1596.27,1585.81,1569.12,1546.19,1533.43,1524.73,1519.08,1502.05,1483.07,1467.83,1442.08,1428.80,1422.18,1423.99,1423.56,1412.11,1387.85,1354.92,1325.18,1298.18,1273.70,1256.61,1235.72,1213.66,1199.16,1188.43,1176.43,1161.91,1150.03,1138.60,1123.55,1116.97,1114.12,1113.37,1108.56,1094.85,1076.14,1054.29,1029.22,1002.34,982.93,967.27,958.59,951.62,940.21,927.70,923.69,922.37,921.59,919.90,913.64,904.45,899.82,899.00,903.34,913.34,939.96,966.64,986.53,1011.39,1036.64,1058.23,1077.97,1098.29,1111.79,1125.28,1137.89,1150.25,1161.89,1175.91,1190.08,1202.34,1210.90,1217.22,1221.40,1226.67,1244.07,1259.38,1268.51,1277.41,1286.23,1299.73,1314.67,1331.82,1346.52,1362.00,1380.74,1401.02,1415.93,1438.48,1456.34,1470.88,1476.87,1482.65,1488.81,1486.17,1477.82,1461.77,1443.36,1426.10,1410.83,1396.83,1382.46,1369.34,1360.03,1350.09,1334.72,1317.66,1311.71,1311.26,1309.16,1311.72,1317.11,1306.69,1290.55,1273.15,1247.04,1218.27,1224.89,1246.42,1264.33,1278.72,1293.70,1301.71,1300.82,1292.30,1278.47
1800.61,1807.06,1821.39,1840.52,1855.81,1865.65,1861.68,1847.05,1835.44,1826.29,1816.55,1806.49,1794.83,1780.19,1762.51,1735.46,1709.87,1718.10,1741.07,1755.42,1771.73,1793.30,1805.16,1799.64,1798.54,1793.50,1774.92,1745.15,1732.78,1710.18,1693.33,1702.92,1718.56,1739.07,1755.37,1765.39,1776.13,1792.86,1800.29,1797.08,1791.01,1794.59,1793.18,1803.26,1826.17,1848.84,1864.75,1882.48,1905.77,1923.66,1945.14,1964.46,1985.10,2004.51,2022.63,2041.80,2063.11,2075.78,2078.78,2073.76,2068.47,2068.92,2067.49,2058.92,2055.71,2063.49,2070.69,2078.88,2082.94,2083.95,2083.36,2080.84,2075.47,2069.46,2063.32,2056.02,2048.62,2041.38,2040.76,2038.25,2032.63,2023.98,2014.34,2007.98,2000.93,1993.63,1986.52,1977.16,1964.66,1951.55,1948.98,1941.86,1929.87,1916.77,1900.49,1881.14,1860.24,1840.24,1827.81,1820.43,1816.63,1815.61,1815.26,1808.26,1788.95,1763.86,1746.02,1728.00,1708.68,1685.36,1679.54,1680.23,1684.51,1694.02,1704.36,1716.58,1721.29,1708.52,1686.79,1669.64,1655.53,1647.28,1644.50,1641.94,1634.93,1625.45,1617.14,1612.20,1608.92,1602.26,1592.92,1580.61,1563.82,1547.57,1533.35,1521.15,1509.70,1492.04,1472.37,1453.53,1443.73,1438.75,1437.03,1433.20,1419.24,1391.04,1353.32,1328.15,1296.93,1271.20,1251.16,1226.88,1204.98,1183.40,1168.44,1154.38,1134.25,1124.53,1115.33,1099.69,1093.99,1090.88,1092.17,1089.00,1082.81,1065.11,1043.41,1017.31,994.43,976.25,953.22,937.51,933.16,928.87,921.78,918.46,917.59,916.80,915.61,911.78,902.02,899.53,902.66,906.86,913.76,930.79,954.73,979.20,1007.37,1025.38,1042.86,1059.18,1076.48,1090.00,1102.41,1118.99,1132.48,1142.92,1153.90,1168.49,1183.35,1193.51,1197.89,1201.14,1214.11,1230.08,1236.90,1248.53,1262.00,1274.13,1287.30,1301.44,1318.26,1338.23,1353.33,1375.09,1397.37,1415.14,1437.82,1457.94,1474.28,1488.41,1496.81,1495.56,1485.38,1472.21,1454.28,1440.16,1432.56,1426.00,1415.30,1404.05,1390.48,1373.47,1356.64,1337.53,1331.68,1333.85,1333.15,1334.08,1334.53,1332.01,1316.82,1294.02,1269.88,1240.47,1226.38,1246.50,1263.88,1278.84,1295.97,1306.93,1311.00,1306.69,1292.11,1275.36
1778.91,1788.43,1804.15,1821.10,1840.00,1851.89,1846.68,1832.83,1823.50,1816.53,1809.75,1802.29,1791.54,1774.80,1757.26,1736.80,1709.71,1704.41,1715.26,1735.49,1755.85,1778.55,1787.59,1776.23,1781.39,1779.58,1761.74,1742.56,1726.46,1702.58,1694.67,1717.72,1739.31,1759.91,1778.74,1790.28,1797.40,1813.20,1822.44,1820.33,1814.23,1818.82,1816.57,1811.63,1821.92,1838.67,1856.67,1869.34,1894.01,1916.36,1937.25,1957.29,1979.45,2000.12,2021.29,2043.17,2064.33,2077.91,2085.01,2086.79,2086.16,2085.74,2082.27,2073.64,2070.82,2078.05,2085.44,2089.80,2090.92,2090.68,2089.44,2085.49,2079.08,2073.84,2068.18,2060.52,2053.74,2048.36,2044.57,2040.61,2034.95,2028.63,2022.53,2016.19,2006.39,1999.39,1991.19,1980.91,1967.45,1959.29,1957.41,1953.75,1950.03,1933.27,1914.71,1892.36,1872.56,1846.63,1828.05,1809.30,1796.86,1792.49,1792.76,1790.98,1777.36,1756.01,1732.79,1715.91,1698.72,1680.50,1668.98,1669.67,1675.99,1684.42,1694.48,1702.66,1708.15,1699.04,1681.49,1666.48,1657.53,1653.24,1649.36,1643.11,1634.66,1625.84,1619.64,1615.32,1611.60,1605.60,1598.21,1587.86,1571.18,1551.34,1526.32,1503.75,1493.19,1481.75,1470.08,1461.30,1451.44,1443.67,1440.45,1433.53,1418.76,1391.80,1352.45,1326.28,1298.23,1272.80,1249.93,1228.39,1207.98,1190.52,1166.30,1139.68,1116.80,1100.42,1091.91,1079.47,1069.85,1067.62,1068.25,1061.81,1062.09,1055.05,1032.74,1003.48,981.83,961.90,939.55,928.49,926.44,924.44,919.33,916.32,914.26,912.05,909.23,904.84,901.12,903.58,910.05,916.33,920.63,923.74,939.11,961.63,986.87,1005.06,1021.24,1035.09,1049.56,1064.34,1079.14,1095.76,1110.59,1120.89,1132.35,1145.03,1158.09,1168.91,1175.20,1184.06,1201.93,1210.71,1213.34,1222.49,1239.25,1257.38,1273.57,1287.24,1304.18,1325.61,1345.78,1368.09,1390.30,1411.75,1433.66,1454.65,1470.37,1487.20,1501.22,1497.62,1481.50,1467.10,1461.47,1459.01,1453.99,1446.60,1432.59,1416.48,1395.31,1370.81,1354.32,1349.93,1358.45,1360.18,1358.55,1355.25,1345.24,1330.46,1309.49,1285.13,1258.74,1235.24,1244.03,1263.63,1278.24,1296.13,1308.64,1316.34,1317.84,1310.33,1295.25,1281.01
1765.21,1771.31,1789.17,1806.85,1825.17,1839.30,1834.29,1817.95,1806.94,1802.36,1798.50,1792.30,1777.91,1759.12,1743.98,1724.42,1705.77,1694.90,1701.33,1717.46,1741.54,1764.19,1769.49,1752.17,1757.16,1758.18,1749.62,1740.07,1722.44,1696.39,1694.12,1721.37,1746.38,1767.90,1789.87,1809.15,1820.53,1830.95,1840.95,1838.99,1833.00,1840.59,1839.37,1831.25,1833.15,1838.63,1853.05,1866.97,1890.69,1917.28,1940.36,1958.18,1980.37,2002.62,2023.26,2045.64,2065.32,2077.84,2087.01,2094.75,2100.10,2099.87,2096.29,2087.82,2084.13,2089.89,2096.02,2099.61,2098.67,2096.90,2094.22,2088.98,2080.24,2073.61,2066.76,2059.08,2052.78,2047.91,2044.28,2040.72,2036.71,2032.78,2028.16,2021.57,2010.62,2003.76,1997.81,1988.80,1974.03,1970.29,1965.20,1961.30,1961.33,1946.89,1925.01,1902.40,1885.30,1858.80,1835.01,1814.22,1789.88,1772.73,1769.50,1767.94,1761.70,1747.11,1722.40,1702.06,1685.23,1669.90,1655.03,1653.06,1666.25,1673.44,1684.27,1691.07,1694.24,1687.82,1672.57,1660.54,1654.60,1650.90,1647.93,1643.34,1636.63,1629.66,1623.00,1616.25,1609.83,1604.63,1596.57,1580.97,1562.44,1542.07,1513.63,1485.91,1470.73,1466.11,1459.50,1454.19,1447.95,1435.50,1429.82,1425.47,1416.36,1391.14,1352.67,1329.47,1307.67,1286.36,1264.26,1241.72,1220.72,1202.09,1170.03,1134.86,1111.66,1092.70,1071.66,1059.50,1050.35,1047.63,1043.95,1035.99,1039.12,1036.72,1020.26,992.78,963.77,944.86,929.58,925.59,922.99,921.19,918.23,914.71,912.26,910.24,907.90,906.90,907.69,911.84,919.66,926.49,935.73,941.95,943.25,950.97,963.27,982.11,999.68,1014.31,1026.99,1040.33,1054.41,1069.63,1085.83,1098.27,1109.83,1123.59,1134.38,1144.95,1153.59,1164.48,1177.20,1188.39,1198.45,1210.86,1228.50,1251.81,1270.19,1286.47,1300.65,1319.51,1339.97,1360.10,1381.62,1405.44,1427.60,1449.25,1465.26,1481.55,1500.57,1498.61,1482.06,1476.12,1482.54,1480.35,1470.38,1455.42,1437.73,1414.27,1390.31,1374.32,1371.51,1373.79,1382.09,1382.29,1372.77,1360.46,1343.10,1321.51,1296.79,1269.99,1248.46,1243.97,1257.23,1276.93,1294.68,1308.57,1318.00,1321.11,1320.12,1313.30,1303.28,1291.35
1757.04,1753.30,1772.44,1794.22,1811.00,1826.91,1822.82,1804.41,1791.42,1787.56,1784.36,1776.46,1759.95,1745.62,1730.14,1703.94,1694.14,1679.21,1690.75,1709.53,1733.78,1753.95,1746.67,1733.07,1735.26,1736.18,1736.57,1729.36,1713.17,1692.60,1689.33,1715.26,1740.68,1767.44,1791.14,1812.00,1828.83,1842.48,1857.16,1857.39,1850.33,1857.54,1857.55,1849.85,1851.74,1853.33,1856.08,1866.80,1889.48,1914.87,1938.28,1958.63,1979.01,2001.51,2022.14,2042.97,2062.66,2075.56,2085.07,2094.95,2103.64,2106.88,2105.09,2098.54,2093.88,2096.54,2101.61,2104.97,2103.88,2101.43,2097.26,2090.39,2079.63,2072.96,2063.63,2054.98,2048.79,2044.77,2041.87,2038.62,2034.43,2030.98,2026.80,2021.17,2011.50,2005.81,2001.43,1994.74,1984.63,1980.29,1970.81,1966.71,1965.47,1956.82,1939.28,1917.75,1895.15,1868.95,1840.41,1818.07,1793.49,1766.00,1750.50,1743.74,1740.75,1732.11,1714.03,1689.80,1672.52,1657.52,1644.18,1638.93,1652.99,1665.16,1669.00,1674.84,1677.65,1671.55,1658.64,1651.08,1646.99,1646.42,1645.43,1642.72,1637.89,1630.04,1621.51,1612.32,1605.45,1599.76,1585.68,1566.60,1549.33,1528.07,1499.56,1471.10,1459.91,1448.38,1439.15,1436.85,1431.22,1418.54,1409.08,1407.50,1404.98,1388.91,1360.60,1337.30,1308.55,1284.06,1260.80,1237.64,1213.20,1191.18,1166.18,1141.67,1114.06,1091.85,1073.30,1055.25,1036.78,1027.24,1021.71,1014.54,1016.16,1015.14,1004.12,974.88,949.19,933.51,926.77,923.13,920.04,918.10,915.42,912.57,912.08,913.09,914.53,917.38,920.86,924.99,931.69,936.25,944.89,956.85,963.35,970.16,976.18,985.31,995.34,1005.29,1016.66,1029.94,1041.77,1051.81,1068.59,1087.25,1098.61,1108.48,1121.56,1133.23,1144.05,1159.07,1177.39,1197.83,1217.43,1233.61,1245.84,1270.57,1288.76,1303.69,1317.26,1338.45,1352.71,1364.74,1379.74,1400.74,1422.88,1444.85,1462.38,1481.10,1499.41,1502.15,1488.98,1491.05,1495.44,1490.72,1476.23,1455.16,1432.24,1409.66,1394.64,1391.68,1394.08,1397.50,1402.14,1394.35,1376.22,1357.86,1335.72,1308.84,1282.78,1260.45,1263.87,1265.53,1267.33,1287.48,1304.27,1317.67,1325.00,1327.20,1325.65,1321.48,1312.59,1294.91
1747.54,1739.11,1757.09,1782.97,1800.30,1813.95,1809.15,1792.44,1775.60,1767.38,1766.47,1760.20,1746.42,1733.96,1712.86,1693.31,1684.25,1666.60,1683.90,1709.63,1726.52,1730.47,1724.31,1717.74,1717.69,1718.91,1715.36,1709.72,1700.38,1679.08,1688.02,1715.33,1741.94,1767.41,1792.67,1812.46,1830.51,1847.92,1862.79,1870.04,1867.39,1870.24,1871.69,1868.68,1869.77,1867.52,1865.00,1868.03,1885.79,1908.50,1930.84,1952.09,1973.22,1993.62,2016.38,2036.36,2054.91,2070.17,2082.55,2096.21,2106.13,2110.77,2111.19,2107.43,2102.50,2103.85,2107.85,2109.77,2108.17,2103.77,2097.47,2088.39,2077.76,2072.60,2063.06,2051.72,2043.33,2039.25,2036.39,2033.24,2029.93,2026.30,2022.03,2015.85,2007.11,2002.68,2001.51,1997.80,1992.94,1987.73,1976.74,1973.54,1967.14,1955.74,1940.05,1918.49,1897.44,1870.09,1843.31,1819.02,1794.07,1766.34,1747.66,1727.75,1719.09,1709.71,1694.81,1676.14,1658.38,1645.62,1631.38,1623.25,1633.38,1645.88,1650.04,1656.21,1659.90,1656.45,1648.69,1637.00,1637.33,1640.34,1642.68,1639.72,1632.78,1623.65,1613.10,1601.27,1597.49,1587.36,1573.93,1557.33,1535.74,1512.81,1482.07,1462.27,1446.36,1427.85,1413.62,1411.68,1411.94,1402.46,1390.76,1386.27,1384.56,1381.08,1361.65,1330.11,1294.77,1271.80,1253.82,1231.38,1207.82,1189.00,1169.00,1147.36,1120.31,1109.05,1095.14,1068.72,1043.09,1021.32,1007.51,998.30,995.50,993.48,984.93,963.57,944.53,930.26,925.38,921.54,917.89,915.45,913.21,914.19,916.45,921.93,936.24,943.43,943.74,941.30,948.76,954.24,962.40,971.09,985.48,1000.60,1006.30,1016.71,1028.06,1029.83,1038.35,1053.30,1066.15,1080.40,1091.33,1104.58,1117.66,1133.07,1146.64,1155.21,1163.05,1171.77,1190.77,1213.40,1235.13,1256.76,1269.21,1278.36,1294.64,1311.50,1332.78,1353.31,1369.88,1386.00,1399.07,1409.76,1423.51,1443.67,1462.83,1482.02,1499.75,1507.01,1500.24,1503.42,1502.90,1491.68,1472.59,1450.35,1432.63,1419.44,1413.97,1417.29,1420.27,1418.25,1406.73,1390.92,1370.87,1351.92,1325.61,1297.43,1275.69,1278.23,1292.24,1290.51,1281.21,1291.44,1309.07,1324.37,1334.12,1338.30,1335.82,1328.73,1317.33,1295.86
1736.53,1726.76,1745.07,1770.72,1792.86,1800.70,1793.99,1777.79,1759.29,1747.73,1747.21,1743.27,1734.68,1720.38,1693.53,1686.37,1673.21,1657.11,1680.04,1708.44,1719.25,1717.03,1711.71,1698.17,1689.79,1691.64,1688.44,1684.09,1674.26,1668.82,1687.11,1712.12,1741.23,1765.71,1791.10,1812.49,1831.47,1848.46,1861.56,1875.31,1881.66,1883.53,1884.21,1885.78,1887.15,1888.30,1887.34,1886.95,1896.48,1915.49,1939.36,1955.27,1972.02,1989.36,2010.77,2029.84,2048.66,2067.21,2082.43,2097.95,2107.30,2111.58,2113.92,2114.39,2113.18,2111.95,2112.14,2111.92,2109.44,2102.57,2094.08,2082.01,2074.52,2070.00,2061.58,2051.40,2039.53,2028.41,2024.29,2022.37,2021.07,2018.34,2013.33,2005.92,1998.68,1994.13,1993.82,1992.91,1991.33,1988.30,1983.21,1977.07,1966.07,1946.43,1922.96,1908.39,1893.22,1869.67,1843.33,1816.94,1791.08,1766.03,1747.42,1723.00,1704.41,1690.55,1675.29,1658.40,1644.28,1632.16,1617.82,1609.29,1615.45,1623.94,1630.43,1639.11,1645.64,1641.39,1629.33,1624.49,1629.66,1635.12,1637.89,1631.80,1618.26,1608.11,1598.88,1591.29,1581.14,1569.91,1557.93,1542.42,1522.45,1497.38,1469.46,1453.01,1434.52,1413.72,1395.87,1389.39,1389.12,1383.33,1372.42,1362.91,1361.23,1364.15,1362.04,1336.35,1311.17,1287.80,1267.87,1247.12,1224.05,1202.15,1175.37,1155.24,1141.74,1125.00,1100.75,1076.27,1055.14,1037.96,1018.11,999.35,984.25,974.29,971.72,959.74,944.05,929.87,924.53,920.12,916.20,913.60,915.54,924.73,932.21,945.49,959.45,966.68,968.14,964.75,969.14,975.09,983.56,995.11,1006.02,1027.73,1040.39,1047.67,1055.98,1053.54,1059.31,1079.00,1098.03,1107.96,1112.89,1121.50,1140.97,1156.20,1167.20,1176.57,1184.82,1187.89,1198.15,1217.40,1239.26,1266.78,1283.76,1290.66,1301.55,1316.42,1338.66,1357.71,1376.79,1396.44,1414.31,1429.76,1442.21,1452.77,1465.58,1483.13,1501.85,1511.57,1512.00,1513.40,1508.52,1494.40,1481.58,1466.41,1449.60,1436.43,1437.35,1441.36,1434.41,1416.99,1397.36,1377.96,1358.99,1340.10,1314.48,1290.58,1285.94,1304.54,1316.23,1316.83,1301.41,1301.41,1311.85,1326.05,1338.57,1345.96,1344.30,1334.56,1317.34,1295.76
1722.99,1715.87,1735.98,1759.03,1781.36,1786.12,1776.37,1763.82,1750.06,1732.42,1727.30,1725.80,1719.50,1701.38,1683.17,1674.33,1656.86,1645.76,1674.57,1698.77,1704.93,1697.37,1687.49,1669.40,1658.35,1660.02,1660.16,1657.28,1660.85,1678.75,1696.93,1710.52,1731.73,1758.01,1784.04,1806.21,1825.93,1842.87,1858.02,1874.99,1887.63,1897.00,1904.89,1904.68,1906.79,1912.71,1912.77,1909.08,1912.68,1923.04,1944.87,1963.13,1982.26,1997.97,2012.63,2028.38,2049.49,2068.10,2082.80,2097.35,2106.84,2111.69,2114.34,2115.56,2115.68,2115.27,2114.07,2111.45,2106.59,2096.92,2084.49,2072.32,2068.19,2064.11,2057.44,2049.41,2037.29,2022.80,2011.05,2007.65,2007.54,2006.67,2002.60,1995.46,1987.15,1980.55,1980.67,1982.69,1984.40,1983.42,1980.68,1975.74,1966.65,1947.56,1915.41,1898.70,1884.70,1864.96,1838.07,1809.70,1783.78,1762.20,1741.76,1719.41,1702.35,1680.45,1662.17,1646.14,1630.62,1620.52,1605.41,1596.39,1598.55,1605.29,1612.91,1622.44,1625.56,1618.13,1610.89,1615.56,1623.64,1628.65,1627.47,1610.77,1596.64,1593.43,1590.23,1579.19,1562.31,1552.78,1538.10,1521.96,1503.91,1480.75,1464.84,1449.11,1426.82,1405.42,1384.86,1370.32,1367.15,1362.78,1352.72,1342.77,1341.01,1345.04,1348.03,1340.18,1322.99,1306.18,1287.63,1264.93,1240.67,1206.35,1189.43,1180.17,1164.04,1138.23,1111.29,1093.58,1077.08,1060.09,1041.65,1019.36,994.13,971.58,959.55,953.13,941.60,928.80,922.78,918.17,914.68,916.10,928.16,952.75,961.04,968.66,981.08,993.48,997.03,992.50,996.38,1004.44,1011.71,1027.34,1031.50,1044.82,1063.51,1073.53,1076.51,1074.43,1076.74,1094.68,1112.12,1126.82,1135.50,1141.05,1157.15,1172.02,1186.62,1201.39,1210.90,1217.18,1218.66,1222.19,1238.79,1268.04,1289.98,1306.06,1321.47,1335.46,1346.12,1359.16,1378.63,1399.79,1423.09,1443.40,1459.23,1472.01,1481.24,1489.75,1502.13,1513.59,1522.14,1524.67,1518.58,1508.76,1499.37,1483.82,1462.92,1455.03,1459.84,1458.08,1437.62,1412.20,1394.04,1377.77,1358.36,1338.87,1317.07,1295.46,1305.68,1321.14,1333.48,1337.82,1321.88,1317.44,1327.44,1333.67,1342.20,1352.40,1349.60,1338.66,1316.72,1293.19
1708.17,1706.74,1729.01,1749.41,1766.16,1768.19,1757.58,1751.55,1741.14,1723.68,1710.15,1700.33,1696.35,1686.68,1673.59,1657.01,1634.59,1636.22,1666.72,1682.35,1681.22,1672.82,1658.53,1644.43,1641.27,1645.02,1648.92,1656.16,1675.81,1695.14,1718.92,1735.01,1741.08,1749.82,1771.40,1793.02,1813.24,1834.61,1856.10,1874.58,1891.22,1905.76,1919.52,1925.78,1929.61,1934.43,1937.63,1937.59,1935.99,1937.13,1948.15,1963.93,1985.80,2009.53,2023.79,2035.57,2052.02,2067.90,2081.49,2095.04,2106.00,2111.54,2114.33,2115.66,2115.89,2115.02,2112.97,2108.82,2099.32,2087.23,2072.60,2061.73,2058.35,2053.81,2048.25,2041.86,2032.95,2019.56,2005.41,1996.42,1994.75,1995.19,1994.14,1985.21,1973.72,1968.79,1964.91,1966.10,1971.93,1975.00,1974.34,1971.62,1964.97,1949.57,1919.16,1895.28,1868.60,1849.74,1825.97,1800.67,1778.82,1760.23,1739.29,1718.22,1698.62,1676.96,1659.80,1640.75,1623.27,1610.03,1597.42,1584.94,1582.44,1586.67,1596.38,1605.51,1605.81,1596.43,1594.98,1606.34,1616.52,1620.48,1613.69,1590.29,1583.29,1580.26,1575.43,1564.47,1546.38,1531.31,1516.74,1496.47,1478.44,1470.97,1464.08,1450.09,1426.68,1402.81,1379.28,1354.17,1344.26,1339.20,1332.24,1322.87,1317.93,1324.22,1329.87,1325.28,1317.75,1310.39,1299.78,1277.15,1245.91,1223.51,1215.86,1204.79,1184.95,1157.51,1133.89,1112.76,1095.01,1073.31,1055.47,1034.17,1004.07,979.20,960.50,948.88,934.17,926.52,921.58,916.86,915.22,925.25,947.61,967.05,980.27,986.52,995.33,1009.25,1019.18,1022.75,1029.90,1039.16,1041.16,1051.53,1053.73,1066.97,1083.40,1097.29,1101.85,1099.47,1096.57,1105.61,1126.19,1148.08,1157.63,1158.62,1171.46,1188.54,1206.35,1220.85,1233.85,1244.34,1246.64,1241.62,1246.17,1269.82,1295.11,1316.42,1338.17,1355.38,1365.42,1372.38,1385.16,1402.68,1426.60,1446.71,1465.63,1482.04,1497.50,1506.43,1515.96,1527.56,1535.48,1536.97,1534.10,1524.67,1510.47,1495.15,1483.84,1483.97,1481.28,1469.07,1447.90,1424.04,1408.66,1389.31,1367.16,1346.25,1320.47,1307.24,1322.03,1336.45,1352.74,1355.43,1340.26,1335.60,1347.05,1353.12,1356.63,1361.53,1353.29,1339.56,1316.02,1293.00
1694.22,1699.81,1722.17,1742.65,1752.76,1751.42,1742.87,1738.86,1727.85,1713.68,1695.59,1678.07,1674.26,1672.68,1660.96,1640.19,1620.21,1624.73,1650.33,1659.18,1656.13,1644.31,1634.52,1644.49,1657.06,1667.77,1678.25,1685.77,1698.98,1715.63,1739.11,1760.88,1771.85,1772.74,1773.19,1788.51,1808.75,1830.95,1854.60,1874.13,1891.25,1907.91,1927.11,1939.97,1948.43,1952.87,1956.42,1959.51,1957.46,1956.04,1964.47,1971.65,1983.70,2010.36,2030.19,2047.63,2059.47,2072.33,2083.55,2094.27,2104.94,2111.36,2114.11,2115.36,2114.88,2112.46,2108.59,2102.13,2089.91,2077.69,2062.48,2051.35,2045.50,2040.79,2036.21,2033.03,2025.28,2014.67,2002.90,1990.65,1981.52,1982.77,1986.03,1979.27,1967.43,1960.70,1954.92,1950.49,1952.89,1959.80,1960.94,1958.72,1956.36,1946.24,1923.17,1897.49,1868.63,1849.25,1827.01,1807.93,1791.58,1772.80,1752.06,1729.64,1704.56,1682.01,1663.30,1642.11,1619.18,1602.14,1588.70,1574.70,1569.91,1570.54,1575.63,1582.29,1581.37,1576.24,1581.38,1593.75,1606.13,1609.81,1599.19,1584.46,1571.25,1560.13,1556.85,1548.56,1534.87,1519.45,1497.16,1478.66,1468.28,1461.91,1453.85,1441.21,1426.61,1404.06,1378.88,1349.55,1325.56,1315.78,1308.24,1300.16,1295.63,1303.58,1312.49,1308.07,1296.93,1293.13,1288.62,1275.58,1256.55,1236.34,1218.98,1205.86,1181.96,1153.49,1128.87,1110.74,1097.29,1076.78,1057.59,1035.92,1005.44,982.33,962.88,949.22,931.57,924.89,920.60,915.90,920.02,940.78,960.35,969.90,972.76,973.01,976.71,988.66,1004.32,1021.00,1034.98,1051.11,1056.13,1061.83,1069.50,1081.14,1095.51,1111.59,1127.49,1131.28,1126.22,1123.42,1141.07,1163.99,1176.56,1179.21,1186.23,1206.12,1225.26,1242.76,1256.29,1266.47,1270.36,1265.50,1261.03,1275.50,1298.69,1322.45,1348.60,1369.23,1384.23,1395.78,1405.12,1413.21,1428.08,1445.53,1463.32,1481.58,1500.72,1513.76,1526.74,1538.14,1543.69,1546.11,1545.76,1536.37,1520.33,1509.26,1508.61,1503.55,1493.35,1478.47,1456.45,1430.83,1411.31,1389.56,1366.21,1344.99,1322.24,1325.51,1338.78,1353.94,1367.61,1371.01,1355.72,1351.68,1362.78,1368.94,1372.56,1372.98,1356.90,1339.77,1316.61,1301.03
1681.06,1696.18,1716.38,1735.61,1742.83,1737.85,1729.89,1723.66,1713.58,1700.97,1682.64,1672.61,1652.29,1644.68,1635.73,1618.20,1609.12,1609.53,1622.45,1627.51,1625.41,1629.10,1648.26,1665.61,1678.28,1696.04,1711.70,1718.42,1726.16,1733.22,1753.03,1775.89,1796.02,1805.45,1799.36,1796.71,1814.59,1830.73,1851.20,1872.18,1893.63,1908.26,1928.25,1946.39,1960.89,1970.78,1976.41,1978.48,1976.47,1971.07,1979.98,1994.30,1996.56,2009.00,2030.90,2053.88,2070.27,2083.81,2093.18,2100.26,2107.19,2111.36,2113.32,2114.17,2112.85,2109.22,2102.46,2091.90,2081.43,2071.01,2056.38,2042.44,2034.47,2030.18,2024.18,2018.11,2011.31,2004.88,1996.66,1987.11,1973.24,1971.21,1977.08,1974.71,1963.57,1954.72,1944.19,1935.86,1934.94,1938.73,1940.08,1936.26,1938.87,1938.20,1922.49,1901.39,1878.49,1856.88,1838.03,1819.66,1802.51,1780.68,1757.94,1730.97,1706.13,1684.32,1662.95,1640.74,1617.60,1595.34,1577.22,1563.63,1558.11,1558.00,1559.76,1562.17,1561.72,1563.47,1575.39,1584.84,1593.09,1595.23,1588.79,1580.84,1563.10,1543.80,1538.80,1527.81,1508.28,1497.45,1484.84,1469.58,1459.34,1442.45,1429.93,1422.92,1419.02,1405.06,1379.30,1348.79,1319.10,1296.98,1287.98,1281.87,1276.57,1281.28,1289.61,1286.20,1275.74,1270.20,1266.85,1260.34,1253.35,1236.07,1210.61,1189.10,1166.07,1144.89,1116.99,1102.67,1087.55,1069.47,1051.72,1028.33,1003.56,986.59,964.11,944.60,928.46,923.14,917.80,916.68,927.72,945.49,953.25,952.16,951.23,956.85,966.03,975.87,984.87,996.33,1017.75,1041.77,1046.98,1049.40,1058.39,1072.95,1094.57,1116.17,1139.18,1150.89,1153.07,1144.94,1155.23,1178.01,1197.64,1205.49,1205.28,1221.80,1241.71,1260.04,1274.49,1290.79,1296.83,1292.26,1284.17,1286.17,1302.38,1325.48,1352.91,1377.37,1397.26,1414.08,1426.54,1431.98,1437.59,1446.78,1461.96,1479.54,1497.82,1514.89,1531.97,1543.17,1548.82,1554.66,1558.29,1552.03,1540.05,1532.06,1524.68,1513.37,1498.97,1479.86,1454.22,1429.14,1407.30,1384.89,1361.71,1341.16,1331.07,1343.46,1352.46,1365.03,1379.60,1386.01,1376.37,1367.91,1374.96,1384.92,1387.98,1382.68,1360.48,1342.91,1326.94,1317.08
1667.76,1688.27,1711.40,1726.45,1731.31,1724.73,1717.97,1713.52,1703.38,1683.10,1669.95,1654.34,1636.42,1623.95,1612.86,1602.39,1596.15,1598.35,1604.81,1616.26,1628.82,1646.16,1669.60,1684.82,1694.74,1713.39,1731.78,1750.09,1759.92,1759.14,1765.63,1784.08,1807.93,1824.14,1825.27,1816.29,1824.10,1837.32,1849.91,1868.29,1889.96,1904.32,1923.23,1946.48,1965.72,1982.90,1993.91,1997.92,1996.34,1992.20,2000.12,2014.23,2017.72,2020.18,2034.51,2058.37,2077.30,2090.73,2101.06,2107.17,2110.74,2111.25,2111.22,2111.47,2110.10,2104.79,2093.47,2081.65,2073.09,2066.47,2057.83,2047.02,2029.20,2017.08,2008.77,2001.34,1996.36,1991.67,1985.47,1979.07,1969.23,1959.41,1966.18,1966.85,1957.18,1946.69,1934.92,1926.97,1923.05,1921.41,1919.58,1916.13,1919.78,1920.36,1907.46,1888.82,1865.01,1846.50,1828.40,1813.29,1798.00,1774.71,1749.79,1720.37,1696.30,1673.60,1656.21,1634.61,1613.25,1591.11,1570.14,1555.69,1546.20,1540.96,1539.09,1541.01,1545.90,1555.49,1571.37,1576.84,1578.32,1576.23,1576.85,1572.21,1556.21,1533.28,1514.41,1498.96,1490.87,1482.23,1474.95,1461.86,1450.29,1425.46,1410.44,1406.33,1405.53,1398.98,1377.69,1347.17,1318.65,1291.72,1267.23,1260.58,1257.80,1258.80,1263.94,1264.55,1257.34,1249.29,1248.40,1239.19,1239.30,1233.61,1212.40,1190.76,1166.22,1146.40,1116.48,1097.19,1079.37,1061.63,1046.93,1032.35,1009.63,991.18,964.39,937.61,925.70,920.24,916.27,918.51,926.24,935.04,942.75,950.75,962.33,980.11,997.25,1007.47,1005.02,997.46,1003.60,1020.08,1020.08,1026.57,1039.68,1057.35,1083.37,1109.71,1134.06,1153.90,1167.99,1171.38,1177.21,1192.72,1216.35,1230.23,1231.48,1235.97,1253.87,1273.33,1293.88,1312.55,1322.02,1321.85,1313.56,1314.26,1318.81,1336.36,1356.32,1380.72,1406.83,1428.39,1441.20,1450.67,1457.89,1461.41,1472.28,1488.61,1505.70,1520.48,1535.39,1546.25,1553.71,1561.32,1564.74,1563.15,1556.93,1544.79,1529.19,1512.91,1496.33,1471.54,1445.10,1420.44,1400.51,1377.50,1356.77,1341.97,1348.75,1361.52,1369.17,1378.60,1394.45,1403.77,1400.11,1391.67,1393.40,1400.92,1405.28,1393.46,1372.06,1360.08,1348.53,1339.93
1656.96,1678.80,1705.05,1716.19,1717.66,1711.89,1706.18,1699.19,1683.14,1663.83,1654.79,1638.69,1619.44,1603.08,1592.21,1589.75,1601.14,1617.43,1634.66,1644.05,1651.67,1667.19,1693.46,1712.55,1723.18,1734.57,1748.79,1767.36,1784.16,1790.52,1791.81,1796.39,1812.90,1831.82,1844.67,1843.21,1835.78,1853.75,1869.38,1882.19,1896.62,1908.54,1925.79,1947.06,1967.33,1987.80,2006.42,2017.87,2019.10,2015.50,2019.21,2033.13,2041.67,2043.47,2046.68,2061.87,2080.57,2095.06,2105.87,2110.57,2111.15,2108.36,2105.60,2104.08,2102.42,2097.08,2084.76,2072.80,2065.07,2060.52,2055.07,2047.63,2035.26,2020.08,2003.79,1991.73,1983.13,1976.56,1972.04,1968.56,1960.29,1948.71,1955.61,1958.04,1946.92,1933.22,1926.15,1917.24,1912.19,1909.88,1904.87,1899.53,1900.03,1898.85,1883.22,1859.41,1843.68,1826.65,1811.66,1795.66,1778.09,1758.66,1735.87,1710.71,1686.37,1662.63,1642.81,1623.40,1604.59,1585.01,1566.63,1548.03,1534.53,1526.06,1522.99,1523.08,1531.81,1549.09,1561.87,1569.11,1570.12,1566.72,1559.18,1552.28,1542.49,1524.08,1502.02,1482.95,1466.24,1456.14,1455.99,1449.30,1436.42,1414.64,1392.03,1379.92,1382.60,1385.91,1364.91,1339.05,1312.93,1285.50,1259.48,1242.04,1236.19,1236.92,1239.35,1241.23,1235.71,1227.20,1224.32,1214.88,1216.43,1219.96,1208.61,1189.63,1168.11,1151.13,1126.22,1101.54,1083.76,1068.88,1059.60,1043.70,1015.72,992.86,964.89,935.71,924.27,918.47,916.69,918.79,926.07,946.93,964.29,980.77,990.97,1004.86,1022.98,1036.95,1036.74,1018.94,1008.98,1014.43,1023.54,1027.52,1031.79,1045.85,1069.60,1096.16,1121.63,1145.82,1170.16,1186.76,1203.63,1214.57,1232.49,1248.57,1253.90,1254.69,1266.43,1282.78,1306.06,1328.64,1344.34,1347.53,1345.68,1347.22,1345.32,1354.61,1371.17,1393.59,1416.92,1435.27,1447.20,1457.03,1468.60,1479.96,1486.15,1498.37,1514.49,1531.94,1544.28,1552.38,1559.40,1567.14,1570.76,1567.79,1559.57,1543.90,1525.64,1508.22,1489.63,1460.75,1433.26,1411.08,1392.35,1372.20,1356.51,1355.28,1369.97,1380.88,1391.61,1401.32,1408.23,1417.47,1417.19,1411.36,1412.46,1416.21,1419.18,1404.81,1387.07,1378.95,1367.07,1357.81
1650.73,1674.01,1699.60,1705.92,1703.07,1695.21,1688.94,1678.22,1664.50,1655.11,1642.82,1620.64,1599.58,1584.28,1581.50,1597.29,1619.76,1644.62,1663.90,1675.57,1681.35,1692.17,1716.70,1744.65,1761.38,1767.51,1771.42,1784.13,1803.79,1817.54,1818.94,1816.58,1825.51,1838.61,1856.56,1863.62,1854.30,1860.42,1884.33,1902.18,1913.14,1925.24,1940.15,1958.02,1977.13,1996.52,2018.74,2036.39,2044.73,2044.56,2043.18,2051.67,2062.49,2066.61,2067.10,2069.86,2085.03,2099.57,2108.88,2111.37,2109.65,2102.66,2097.44,2093.61,2089.47,2084.52,2077.18,2066.16,2058.40,2054.55,2049.55,2043.59,2036.15,2027.14,2014.79,1998.31,1982.21,1966.84,1956.33,1949.18,1941.13,1933.95,1947.84,1951.90,1936.11,1919.47,1914.44,1905.82,1902.48,1901.43,1896.87,1885.39,1875.74,1866.92,1855.58,1843.41,1827.50,1811.43,1794.38,1774.92,1761.32,1746.26,1725.53,1696.77,1676.31,1656.87,1633.94,1612.23,1594.73,1576.95,1559.92,1539.01,1525.26,1515.63,1510.27,1511.92,1522.96,1540.28,1554.85,1561.74,1556.60,1547.86,1538.48,1528.16,1519.94,1512.27,1493.35,1467.98,1447.38,1435.03,1430.54,1427.31,1419.74,1404.01,1377.55,1358.72,1362.74,1365.25,1347.23,1324.63,1299.70,1275.76,1255.83,1236.01,1214.83,1209.58,1211.34,1214.96,1213.32,1206.27,1202.52,1191.48,1191.04,1198.36,1196.21,1185.26,1167.54,1151.32,1136.12,1112.73,1096.12,1081.43,1066.35,1047.04,1017.33,992.50,964.76,936.09,924.06,918.21,917.16,919.38,932.21,959.46,982.58,1005.51,1017.33,1028.57,1046.67,1058.45,1059.73,1042.64,1032.34,1034.11,1047.89,1054.50,1052.09,1044.34,1054.95,1082.05,1105.97,1132.98,1158.88,1181.30,1205.57,1224.46,1243.20,1260.00,1271.30,1276.90,1284.07,1298.08,1317.88,1343.93,1359.78,1368.40,1371.79,1372.53,1372.76,1375.63,1388.24,1406.13,1425.17,1439.92,1452.48,1463.18,1474.75,1489.49,1501.90,1507.36,1520.73,1539.00,1553.21,1563.34,1571.13,1577.45,1578.62,1569.94,1554.44,1534.88,1517.90,1501.86,1480.47,1451.39,1427.79,1412.32,1399.10,1380.33,1364.86,1374.93,1389.62,1401.50,1409.72,1419.52,1425.90,1435.36,1436.21,1428.24,1427.99,1430.05,1429.51,1420.30,1407.23,1396.89,1383.92,1377.87
1644.38,1670.85,1690.26,1694.52,1686.20,1675.72,1670.03,1664.03,1655.87,1641.53,1622.72,1601.36,1578.07,1575.65,1595.14,1614.01,1636.59,1656.12,1680.46,1697.20,1710.74,1721.30,1736.67,1761.19,1782.77,1797.89,1804.24,1809.13,1824.55,1839.62,1841.64,1838.15,1842.22,1855.04,1867.65,1881.29,1882.32,1879.79,1895.12,1913.05,1927.53,1942.15,1957.33,1973.74,1991.30,2010.87,2028.71,2045.31,2057.59,2063.68,2066.38,2072.49,2079.91,2082.66,2083.24,2086.19,2099.23,2106.29,2110.71,2110.93,2104.11,2094.02,2087.44,2082.27,2076.40,2071.27,2066.18,2058.19,2052.93,2048.78,2043.38,2036.91,2029.67,2022.92,2014.90,2002.88,1988.06,1970.86,1955.32,1937.41,1923.34,1920.26,1938.46,1944.29,1930.05,1910.55,1903.79,1897.59,1894.34,1894.13,1891.43,1880.07,1862.62,1851.33,1837.30,1824.76,1810.88,1795.99,1776.75,1761.29,1748.42,1733.54,1715.67,1685.34,1667.69,1648.25,1626.87,1603.57,1585.84,1568.72,1552.85,1532.67,1515.92,1506.24,1502.31,1506.32,1517.35,1531.01,1547.88,1552.33,1541.61,1528.75,1521.03,1512.32,1503.81,1494.24,1478.39,1456.84,1440.64,1413.71,1402.46,1405.74,1403.48,1389.57,1367.52,1344.79,1341.56,1342.23,1328.64,1306.64,1283.98,1263.13,1245.66,1226.12,1202.30,1185.74,1186.54,1191.70,1192.35,1187.78,1182.07,1170.23,1165.76,1174.91,1176.32,1169.12,1161.44,1147.76,1137.78,1121.97,1103.76,1085.99,1067.77,1046.10,1015.76,989.22,961.76,933.53,922.99,918.14,917.52,920.04,936.40,962.42,989.40,1018.51,1041.71,1055.45,1065.11,1080.47,1085.33,1067.19,1058.79,1056.41,1071.24,1081.36,1079.44,1064.15,1053.43,1067.03,1091.24,1119.57,1147.67,1169.84,1193.84,1218.06,1237.25,1254.04,1269.19,1280.59,1294.25,1312.77,1329.18,1354.82,1370.49,1383.83,1390.98,1394.89,1397.22,1399.22,1407.83,1422.22,1436.51,1450.19,1461.79,1472.19,1485.37,1499.56,1511.10,1522.21,1534.93,1547.50,1558.53,1569.48,1580.77,1589.98,1590.51,1572.35,1550.14,1530.74,1510.55,1489.79,1469.71,1448.85,1436.89,1427.62,1411.99,1390.97,1382.33,1397.38,1410.57,1419.71,1422.96,1433.87,1447.41,1458.08,1458.60,1454.35,1452.66,1450.99,1446.50,1436.70,1425.85,1413.60,1400.47,1391.59
1636.73,1664.42,1679.30,1678.09,1664.88,1657.18,1652.93,1644.76,1633.67,1622.82,1608.47,1582.52,1569.78,1586.53,1609.34,1632.37,1653.78,1667.01,1685.33,1700.09,1718.45,1739.47,1753.86,1770.89,1791.66,1808.33,1819.38,1829.05,1842.05,1855.32,1860.70,1861.99,1863.27,1869.99,1882.28,1895.30,1902.25,1905.92,1909.11,1918.22,1935.38,1950.01,1965.41,1982.86,2000.33,2018.13,2032.24,2045.05,2057.16,2066.94,2074.37,2083.06,2091.32,2096.55,2098.80,2102.79,2108.90,2111.88,2112.56,2110.21,2100.97,2087.96,2078.07,2071.36,2063.32,2056.75,2052.20,2047.24,2044.99,2041.92,2036.25,2029.03,2020.99,2013.00,2007.35,1998.96,1983.84,1966.56,1948.45,1931.42,1912.77,1908.53,1923.18,1930.76,1921.91,1902.96,1894.03,1890.43,1884.92,1884.21,1881.00,1871.49,1857.75,1841.04,1818.90,1807.16,1795.53,1778.17,1759.98,1743.91,1733.56,1724.69,1712.57,1687.31,1664.01,1641.82,1617.89,1595.97,1578.75,1562.61,1544.59,1527.87,1510.82,1498.76,1490.01,1496.48,1508.65,1518.11,1531.21,1533.70,1524.67,1509.91,1495.65,1484.70,1481.29,1471.18,1457.97,1444.33,1429.70,1402.98,1382.98,1382.78,1379.84,1372.81,1357.62,1333.12,1320.04,1320.37,1308.18,1287.11,1266.27,1248.00,1228.40,1208.01,1187.82,1167.29,1164.65,1166.79,1164.22,1162.86,1158.60,1150.41,1145.22,1157.86,1158.25,1150.21,1147.74,1140.14,1128.09,1116.74,1102.80,1084.46,1062.93,1040.79,1010.66,982.85,954.41,928.68,921.35,918.16,917.92,920.86,939.20,965.43,995.93,1030.59,1057.47,1075.43,1089.83,1102.50,1108.78,1096.45,1090.12,1084.88,1095.00,1105.00,1107.19,1094.93,1075.01,1063.19,1077.35,1105.61,1138.33,1162.35,1183.81,1203.46,1223.06,1238.34,1253.19,1268.49,1284.77,1306.30,1326.63,1354.12,1369.00,1378.88,1386.20,1394.28,1400.91,1406.60,1416.88,1431.70,1446.42,1457.63,1467.59,1477.27,1491.82,1505.79,1518.62,1530.53,1541.16,1553.71,1563.97,1572.93,1584.16,1597.24,1596.34,1578.55,1554.65,1534.65,1510.35,1486.65,1470.39,1459.27,1454.82,1441.47,1419.26,1400.45,1403.53,1417.17,1430.76,1441.73,1441.93,1454.97,1467.20,1474.32,1477.82,1477.51,1472.60,1466.91,1461.16,1448.60,1434.05,1419.53,1406.83,1396.44
1622.66,1652.08,1664.05,1660.32,1645.38,1631.90,1626.80,1620.31,1614.01,1608.63,1591.44,1567.59,1571.01,1598.45,1620.01,1641.97,1660.57,1674.42,1686.44,1696.44,1709.49,1731.09,1754.76,1773.49,1789.72,1802.78,1813.85,1822.72,1834.59,1847.72,1856.47,1864.31,1871.23,1878.23,1885.99,1891.90,1897.53,1904.23,1910.68,1916.21,1928.22,1942.87,1961.14,1979.19,1995.63,2009.59,2022.98,2034.66,2044.97,2055.45,2066.78,2078.28,2089.51,2097.86,2104.20,2109.62,2113.38,2115.06,2113.18,2109.57,2099.46,2085.04,2070.95,2060.24,2051.85,2044.26,2037.89,2035.26,2034.99,2033.13,2027.93,2020.91,2012.11,2005.07,1999.35,1988.45,1973.73,1958.99,1939.53,1920.13,1897.42,1895.08,1909.22,1916.28,1912.03,1894.91,1881.01,1878.16,1873.35,1869.43,1864.92,1857.41,1845.20,1829.77,1805.61,1787.50,1775.19,1759.13,1743.72,1729.42,1713.72,1702.85,1699.54,1687.64,1671.04,1648.68,1623.02,1595.26,1573.22,1553.67,1535.12,1521.67,1505.13,1487.48,1474.09,1480.42,1491.30,1498.32,1504.57,1512.54,1511.04,1494.59,1473.33,1462.54,1459.98,1451.09,1439.77,1434.23,1417.81,1393.54,1370.68,1354.45,1349.61,1351.49,1343.88,1321.02,1301.61,1296.84,1286.24,1269.01,1251.73,1231.24,1209.83,1188.25,1170.98,1151.55,1141.40,1139.29,1135.41,1130.77,1127.47,1120.91,1117.15,1131.55,1133.09,1127.71,1129.64,1124.58,1118.56,1105.69,1093.94,1074.36,1049.66,1023.43,997.01,973.47,946.34,925.62,920.00,918.06,918.30,922.33,942.88,969.75,1003.77,1033.36,1061.98,1088.47,1106.22,1115.29,1124.56,1121.37,1117.44,1112.02,1117.86,1125.41,1128.21,1117.11,1100.16,1087.03,1077.35,1092.24,1123.70,1153.27,1171.48,1188.35,1203.63,1221.17,1237.43,1253.89,1271.52,1291.29,1314.48,1339.27,1350.92,1353.80,1362.29,1369.92,1377.81,1389.74,1406.37,1426.31,1442.96,1452.04,1459.42,1470.88,1486.13,1504.21,1519.53,1531.14,1543.01,1558.55,1572.87,1582.31,1589.76,1596.15,1591.57,1578.51,1558.34,1536.72,1513.91,1490.86,1480.91,1481.06,1469.49,1451.09,1427.62,1411.41,1419.19,1432.99,1448.50,1467.01,1466.31,1472.05,1481.40,1490.62,1496.12,1496.96,1489.68,1477.37,1467.63,1453.56,1436.83,1418.90,1401.81,1388.42
1609.05,1633.03,1646.59,1643.02,1626.86,1612.05,1606.98,1598.90,1590.90,1588.81,1574.67,1562.14,1574.13,1603.47,1626.89,1644.18,1660.60,1675.95,1685.31,1692.80,1702.67,1720.08,1741.64,1762.03,1774.29,1783.22,1792.14,1801.38,1815.15,1828.36,1837.63,1848.25,1862.68,1872.52,1876.38,1879.16,1882.59,1887.05,1894.94,1905.32,1914.67,1924.83,1945.38,1964.51,1980.23,1992.11,2000.87,2013.69,2026.34,2036.22,2049.22,2064.98,2078.70,2090.85,2101.15,2108.68,2114.05,2115.12,2112.63,2107.25,2095.53,2080.73,2067.47,2053.48,2039.63,2032.30,2027.64,2025.15,2022.55,2018.38,2014.72,2009.71,2002.85,1994.70,1984.47,1973.86,1964.08,1952.95,1935.65,1917.96,1895.82,1881.33,1892.98,1899.85,1902.27,1891.55,1872.47,1866.59,1864.15,1857.34,1848.19,1843.09,1833.04,1816.51,1794.69,1769.42,1752.56,1740.54,1731.72,1718.31,1698.99,1681.84,1681.15,1677.23,1666.56,1648.39,1626.46,1598.12,1575.57,1552.13,1530.02,1514.24,1494.54,1471.70,1458.48,1461.83,1467.65,1473.63,1481.53,1492.04,1494.59,1478.90,1455.54,1440.73,1437.44,1431.14,1424.09,1419.17,1403.93,1383.51,1363.83,1340.41,1326.99,1329.60,1322.87,1306.82,1285.38,1272.07,1262.61,1251.32,1234.40,1213.96,1193.86,1173.77,1156.37,1137.85,1118.87,1105.20,1098.84,1097.56,1096.15,1089.22,1088.41,1100.35,1101.28,1102.78,1106.09,1101.65,1104.36,1092.90,1077.71,1060.18,1032.53,1007.81,984.30,963.97,937.75,923.33,918.97,918.16,918.75,924.16,945.21,972.98,1007.24,1033.61,1061.16,1089.22,1108.99,1120.09,1128.71,1133.99,1137.05,1140.69,1142.10,1146.86,1153.17,1143.60,1126.31,1115.02,1101.23,1091.89,1101.51,1131.29,1153.96,1169.06,1184.64,1198.49,1216.98,1239.39,1266.14,1289.75,1309.67,1317.82,1318.34,1323.35,1335.07,1344.18,1352.70,1371.89,1398.91,1415.22,1427.00,1435.57,1445.31,1463.65,1480.73,1499.65,1518.45,1534.97,1548.50,1565.39,1581.83,1590.59,1593.08,1592.38,1583.18,1572.29,1556.09,1536.78,1516.58,1500.42,1501.95,1498.59,1478.99,1456.54,1436.88,1424.03,1435.89,1447.35,1463.75,1483.52,1486.99,1491.58,1495.91,1501.27,1503.38,1501.37,1493.30,1478.56,1465.58,1450.12,1433.60,1417.36,1396.91,1377.52
1598.30,1618.65,1629.43,1625.77,1611.16,1595.67,1584.58,1573.27,1564.25,1564.30,1562.32,1558.91,1573.63,1601.47,1622.99,1638.79,1654.07,1668.73,1677.99,1685.63,1695.54,1711.63,1727.38,1743.90,1751.90,1760.24,1772.85,1781.26,1794.57,1805.24,1815.97,1834.39,1853.43,1861.14,1861.11,1859.61,1860.36,1864.11,1874.52,1886.36,1899.64,1912.47,1925.69,1944.93,1957.49,1967.91,1977.67,1988.94,2004.54,2016.89,2032.31,2050.51,2066.74,2081.59,2094.51,2103.51,2111.91,2114.05,2111.04,2102.04,2090.34,2077.76,2064.80,2052.05,2037.50,2024.10,2015.15,2012.14,2007.17,2001.72,1999.36,1995.79,1987.64,1977.33,1969.24,1960.99,1952.26,1941.32,1928.90,1915.49,1898.77,1875.64,1870.77,1880.87,1890.43,1887.53,1870.07,1857.92,1851.48,1840.70,1833.10,1826.97,1815.84,1804.47,1789.93,1763.55,1748.59,1726.72,1712.28,1703.00,1685.88,1666.67,1659.30,1656.99,1645.51,1626.52,1613.06,1594.51,1575.41,1555.21,1531.30,1511.67,1489.53,1465.34,1438.25,1439.73,1444.97,1452.03,1461.14,1469.73,1473.59,1463.80,1442.45,1421.08,1415.96,1418.04,1405.46,1396.59,1385.48,1370.22,1353.30,1330.96,1306.56,1303.74,1300.40,1286.79,1267.27,1247.51,1237.44,1228.77,1215.25,1198.68,1179.57,1160.94,1142.45,1121.58,1101.28,1090.00,1082.95,1074.60,1068.63,1061.39,1061.56,1072.15,1074.14,1075.43,1081.58,1080.17,1084.36,1077.57,1065.75,1050.78,1024.16,1003.87,981.48,954.64,930.04,920.72,918.91,918.61,919.44,928.92,950.80,978.08,1009.08,1032.75,1056.30,1076.80,1092.95,1104.08,1110.67,1122.41,1138.61,1151.54,1158.90,1168.28,1174.48,1169.18,1155.79,1144.31,1126.62,1113.64,1102.60,1105.86,1128.15,1148.01,1168.00,1190.03,1216.20,1248.05,1275.38,1287.36,1294.64,1296.30,1294.57,1302.11,1309.95,1321.06,1343.59,1365.23,1390.36,1402.77,1409.27,1425.60,1443.69,1463.94,1484.13,1504.73,1525.00,1540.67,1553.27,1567.38,1580.96,1588.01,1589.74,1589.53,1583.59,1572.24,1552.41,1534.45,1520.40,1516.88,1516.40,1504.33,1483.75,1461.85,1443.18,1443.54,1454.24,1463.67,1480.02,1497.25,1504.53,1508.59,1509.74,1508.61,1503.92,1497.69,1487.15,1473.49,1457.40,1441.70,1425.60,1410.45,1389.99,1365.96
1583.93,1602.15,1613.72,1607.88,1592.26,1571.22,1557.34,1551.88,1549.46,1551.33,1556.03,1560.56,1569.68,1590.54,1610.51,1624.70,1640.13,1654.76,1662.79,1669.53,1682.74,1696.56,1709.79,1721.94,1727.82,1737.09,1750.24,1759.01,1772.70,1783.70,1798.44,1823.83,1840.78,1843.31,1836.61,1834.38,1837.75,1844.47,1857.77,1868.91,1880.93,1896.72,1908.85,1925.67,1937.89,1946.22,1956.08,1970.15,1988.93,2006.77,2023.16,2040.16,2056.32,2071.78,2087.44,2098.12,2108.76,2113.00,2109.32,2098.24,2087.15,2075.53,2062.98,2049.31,2036.00,2022.24,2004.33,1996.58,1992.95,1988.28,1984.22,1978.57,1970.07,1962.90,1955.43,1945.07,1936.23,1928.04,1919.91,1908.61,1894.53,1875.85,1857.44,1859.10,1877.63,1883.53,1869.73,1849.39,1834.59,1824.74,1815.62,1807.03,1801.83,1796.04,1786.08,1766.84,1756.73,1734.77,1707.38,1684.63,1673.63,1658.65,1638.44,1629.62,1612.73,1598.87,1591.11,1578.80,1563.88,1548.84,1529.07,1511.50,1487.15,1464.07,1430.85,1412.56,1417.18,1427.76,1438.55,1447.81,1452.18,1447.73,1431.02,1405.62,1396.35,1396.43,1385.69,1375.45,1365.66,1353.74,1338.40,1318.94,1295.36,1276.82,1272.01,1262.34,1245.42,1222.06,1210.80,1206.28,1196.37,1178.76,1160.75,1143.41,1122.96,1110.63,1112.12,1115.67,1107.37,1089.73,1070.86,1053.77,1043.21,1044.58,1045.81,1049.34,1053.63,1055.20,1062.32,1059.37,1050.66,1034.76,1013.39,992.25,969.68,943.88,925.58,919.84,919.21,919.15,921.31,934.31,954.05,976.76,1001.19,1022.29,1041.82,1056.69,1064.84,1072.11,1080.62,1095.37,1115.80,1139.27,1160.56,1178.32,1192.99,1193.02,1183.07,1166.41,1147.27,1136.89,1121.88,1112.72,1115.39,1139.51,1166.91,1194.54,1222.14,1250.92,1267.38,1271.29,1270.45,1272.19,1276.45,1286.18,1293.07,1308.31,1333.69,1352.56,1370.19,1382.04,1400.23,1423.37,1441.34,1462.58,1483.78,1504.15,1522.05,1534.62,1547.46,1559.11,1569.18,1576.44,1579.40,1582.49,1583.14,1579.93,1560.70,1543.20,1541.68,1537.54,1525.36,1505.58,1484.21,1463.37,1453.95,1462.17,1473.18,1484.53,1499.11,1512.32,1518.38,1518.34,1515.24,1509.71,1499.59,1488.11,1476.49,1462.60,1445.36,1429.39,1412.42,1394.27,1376.30,1352.17
1576.06,1579.29,1590.41,1583.51,1559.13,1544.99,1543.27,1545.31,1553.13,1564.45,1575.99,1582.26,1583.36,1586.14,1594.62,1605.63,1617.57,1628.88,1638.35,1648.40,1662.94,1677.78,1689.14,1697.00,1702.41,1712.73,1725.41,1735.38,1753.03,1772.44,1790.83,1809.86,1822.62,1821.72,1812.42,1813.09,1821.51,1830.29,1842.50,1853.65,1865.35,1880.36,1896.28,1908.84,1921.34,1937.05,1956.64,1977.45,1996.00,2014.99,2031.19,2045.72,2058.59,2071.72,2087.81,2099.73,2109.02,2112.32,2108.12,2098.46,2086.77,2074.13,2060.20,2045.50,2031.63,2017.68,2002.24,1986.39,1978.68,1977.54,1973.32,1964.99,1956.97,1950.80,1943.10,1933.57,1922.80,1913.41,1909.46,1899.32,1883.94,1867.77,1850.68,1845.04,1865.94,1879.44,1867.62,1840.20,1829.56,1812.13,1795.49,1784.03,1781.22,1779.32,1778.77,1766.67,1759.72,1740.66,1710.03,1678.67,1657.80,1647.22,1629.38,1610.25,1592.46,1579.44,1568.72,1558.17,1548.23,1533.90,1519.89,1506.23,1483.14,1462.07,1438.60,1402.29,1392.87,1404.17,1415.77,1423.25,1427.96,1428.02,1416.19,1397.34,1373.77,1370.32,1364.88,1354.20,1344.40,1332.97,1317.93,1302.01,1279.40,1256.57,1243.69,1233.47,1217.97,1200.40,1185.29,1180.68,1170.14,1154.98,1140.11,1126.70,1124.31,1135.57,1148.77,1149.64,1131.71,1120.89,1103.36,1075.03,1048.45,1028.82,1020.58,1022.46,1026.29,1027.76,1036.80,1038.90,1028.94,1017.10,998.38,977.61,956.48,933.67,923.16,919.95,919.62,920.48,926.02,936.53,948.36,964.23,982.47,1003.55,1019.57,1032.05,1041.98,1051.50,1062.04,1074.73,1094.65,1119.47,1149.08,1170.56,1192.50,1205.45,1202.81,1186.09,1172.14,1159.50,1142.72,1133.18,1123.13,1136.25,1163.25,1190.34,1214.91,1239.31,1247.67,1244.36,1240.95,1243.79,1256.86,1269.84,1279.11,1293.96,1312.87,1334.55,1351.32,1371.38,1397.51,1416.47,1434.43,1454.39,1476.50,1493.31,1505.48,1517.75,1531.65,1544.37,1552.75,1560.67,1567.92,1576.41,1585.50,1585.34,1572.25,1561.72,1561.80,1549.00,1528.16,1504.66,1482.76,1471.05,1475.83,1482.55,1491.53,1500.62,1511.86,1523.61,1526.29,1523.04,1516.19,1508.26,1495.53,1476.69,1463.83,1447.63,1431.63,1412.14,1392.64,1374.63,1353.70,1333.64
1570.09,1559.05,1567.32,1554.12,1541.58,1538.39,1546.14,1559.46,1574.30,1592.60,1606.89,1611.76,1610.77,1610.47,1614.90,1620.14,1625.88,1629.29,1633.57,1639.49,1646.65,1655.74,1666.29,1674.71,1682.02,1691.88,1703.55,1719.47,1741.20,1763.26,1781.89,1794.74,1804.75,1800.43,1794.62,1800.52,1812.63,1823.91,1833.85,1844.68,1857.34,1870.00,1883.94,1901.23,1914.44,1936.93,1959.68,1980.29,1998.69,2017.00,2036.90,2053.07,2065.40,2080.49,2094.47,2104.20,2110.51,2111.60,2106.46,2096.42,2084.06,2071.48,2059.29,2045.38,2032.27,2018.37,2002.88,1983.95,1967.46,1964.46,1960.90,1949.69,1938.71,1935.37,1931.56,1919.90,1905.18,1894.42,1894.41,1888.32,1871.13,1853.14,1834.97,1836.57,1858.50,1872.33,1865.88,1839.25,1828.40,1814.94,1789.83,1773.66,1760.90,1758.03,1762.01,1759.75,1755.86,1738.30,1715.09,1689.63,1659.53,1632.24,1610.63,1597.01,1581.58,1564.41,1546.50,1534.93,1526.54,1517.23,1506.45,1493.34,1471.08,1455.79,1433.65,1400.99,1376.49,1382.88,1394.07,1401.62,1404.95,1403.28,1400.79,1386.96,1358.17,1343.37,1340.00,1331.27,1317.83,1305.33,1292.68,1275.57,1259.00,1239.16,1215.37,1204.14,1193.07,1177.18,1162.40,1156.30,1147.12,1140.35,1141.64,1148.20,1154.63,1168.49,1177.02,1167.85,1159.53,1150.65,1130.59,1097.04,1066.98,1047.40,1025.34,1009.65,1005.47,1004.93,1011.00,1012.24,1006.11,1003.31,991.06,968.93,945.90,931.41,922.76,920.87,922.12,926.60,936.46,949.22,958.63,970.52,988.26,1004.14,1022.72,1037.37,1052.02,1070.57,1084.88,1088.46,1090.73,1105.48,1131.42,1155.38,1177.95,1200.05,1212.94,1207.77,1196.96,1181.18,1161.45,1152.64,1136.79,1132.06,1151.99,1179.59,1204.05,1219.60,1218.17,1211.53,1211.12,1216.84,1234.37,1250.00,1261.73,1279.88,1295.89,1319.57,1344.66,1366.05,1389.06,1407.39,1424.67,1442.60,1462.59,1477.96,1486.30,1498.75,1514.74,1527.54,1537.83,1545.49,1558.15,1574.85,1586.86,1589.13,1584.80,1582.42,1574.88,1553.94,1528.16,1504.31,1487.36,1490.32,1496.51,1500.70,1505.62,1512.04,1523.08,1534.21,1531.77,1523.72,1515.10,1504.29,1488.35,1467.77,1450.44,1432.52,1412.95,1392.55,1371.88,1351.20,1328.81,1307.89
1569.52,1548.68,1547.77,1542.52,1536.96,1551.16,1568.55,1585.27,1600.71,1615.74,1632.38,1637.31,1636.52,1637.53,1644.14,1650.50,1653.26,1654.96,1654.90,1651.81,1656.93,1664.70,1675.28,1685.02,1694.18,1698.89,1702.37,1710.60,1728.32,1749.89,1768.41,1780.57,1784.57,1783.03,1794.09,1812.40,1827.10,1837.94,1850.61,1860.84,1870.66,1883.06,1893.76,1902.51,1913.30,1932.32,1955.25,1973.91,1992.52,2010.50,2031.71,2052.06,2065.43,2081.18,2095.33,2104.98,2110.47,2111.26,2106.87,2095.03,2079.41,2064.49,2049.42,2036.46,2026.85,2012.45,1996.55,1978.95,1958.61,1946.26,1943.03,1932.41,1916.56,1911.73,1912.66,1904.82,1886.43,1874.19,1876.63,1875.05,1859.30,1840.74,1821.95,1828.47,1846.44,1862.11,1864.99,1845.34,1832.73,1823.81,1798.20,1785.12,1767.64,1747.25,1735.80,1735.66,1734.34,1723.56,1710.98,1694.41,1674.21,1650.60,1618.28,1591.18,1569.42,1548.72,1527.68,1514.03,1506.19,1500.55,1487.56,1468.65,1455.30,1441.46,1417.82,1391.27,1367.91,1361.29,1368.93,1375.99,1383.21,1385.31,1381.17,1368.92,1346.27,1324.32,1313.98,1303.07,1289.17,1275.52,1261.88,1248.47,1233.00,1213.58,1196.39,1186.88,1180.37,1177.05,1178.05,1173.39,1163.29,1162.86,1169.66,1172.98,1183.02,1197.17,1201.90,1192.88,1190.02,1175.42,1149.60,1112.52,1080.62,1065.18,1052.53,1025.22,1003.16,993.10,987.45,983.31,976.74,980.28,977.51,962.31,941.33,931.00,923.16,923.52,927.15,936.10,948.79,966.98,988.54,1000.36,1012.90,1032.45,1050.63,1059.37,1070.08,1095.96,1110.85,1112.79,1112.53,1112.54,1117.26,1136.60,1159.18,1185.18,1208.88,1220.30,1213.67,1198.31,1177.72,1165.94,1147.55,1144.58,1145.69,1163.49,1186.66,1196.78,1193.90,1195.41,1202.52,1211.69,1221.98,1232.35,1245.80,1270.48,1290.13,1310.34,1339.70,1360.25,1378.84,1398.67,1413.66,1430.89,1447.54,1462.27,1471.85,1481.86,1495.49,1509.33,1522.70,1537.01,1552.67,1569.92,1580.92,1587.68,1590.45,1589.89,1579.66,1554.84,1527.69,1507.56,1505.08,1511.85,1516.43,1519.91,1523.81,1528.82,1537.36,1541.96,1532.94,1519.13,1506.31,1492.72,1475.65,1456.36,1436.20,1414.49,1395.02,1372.41,1350.63,1330.44,1313.92,1308.80
1561.74,1545.33,1539.70,1532.95,1545.68,1570.76,1592.77,1608.95,1620.93,1639.76,1657.42,1663.03,1662.85,1664.18,1668.83,1674.31,1677.75,1681.09,1686.90,1679.48,1676.31,1689.20,1702.51,1712.23,1720.04,1725.56,1726.65,1722.05,1723.66,1735.44,1751.34,1761.54,1767.38,1783.58,1806.18,1824.15,1838.83,1855.30,1867.08,1877.76,1892.47,1902.63,1908.19,1913.82,1922.25,1939.10,1956.14,1972.48,1990.00,2006.05,2023.08,2042.83,2058.53,2072.99,2089.64,2101.93,2109.06,2110.89,2107.84,2093.56,2077.74,2061.11,2042.76,2023.78,2011.19,1999.04,1984.43,1968.57,1951.33,1934.63,1926.28,1913.12,1893.41,1887.58,1892.21,1889.54,1876.39,1856.56,1854.92,1857.95,1849.56,1832.09,1810.99,1814.85,1832.55,1844.16,1854.43,1852.06,1839.71,1830.20,1812.08,1795.54,1788.01,1770.21,1748.56,1723.17,1703.20,1694.72,1690.35,1681.31,1671.15,1657.52,1634.31,1606.01,1582.23,1553.06,1523.09,1503.38,1490.40,1477.99,1464.50,1449.61,1436.26,1420.32,1404.02,1395.28,1383.11,1359.11,1343.25,1346.47,1357.57,1361.00,1353.26,1344.99,1328.72,1309.19,1286.08,1269.04,1254.69,1243.87,1233.60,1221.41,1210.18,1204.15,1205.74,1209.13,1207.73,1207.72,1212.03,1208.80,1195.88,1192.45,1198.40,1200.56,1206.30,1218.57,1223.13,1219.91,1210.39,1187.41,1156.13,1122.51,1100.39,1089.98,1074.62,1048.55,1023.33,1002.03,981.22,973.19,960.76,955.21,955.10,946.68,936.15,928.30,924.07,927.35,937.75,951.13,966.17,984.06,1006.77,1025.99,1041.05,1052.19,1070.32,1085.76,1094.28,1113.81,1133.92,1139.32,1140.79,1140.66,1137.99,1136.37,1145.02,1166.72,1196.17,1218.08,1225.00,1212.42,1195.71,1180.03,1163.87,1168.00,1167.95,1162.70,1170.34,1181.34,1194.87,1215.07,1230.10,1241.91,1246.10,1244.57,1245.61,1262.65,1285.19,1302.96,1331.30,1352.21,1369.42,1386.26,1401.93,1416.86,1432.38,1447.58,1457.98,1468.07,1483.03,1500.96,1517.74,1533.17,1545.05,1558.16,1569.43,1577.19,1583.80,1589.10,1579.32,1553.26,1532.11,1524.98,1528.41,1533.68,1539.67,1542.35,1544.80,1549.39,1550.03,1543.66,1528.94,1509.31,1492.52,1478.29,1461.85,1443.31,1421.78,1398.50,1376.68,1354.59,1343.65,1339.79,1338.92,1338.06
1550.40,1538.55,1532.25,1529.76,1555.52,1585.40,1608.43,1625.66,1642.26,1661.03,1677.33,1685.97,1688.82,1690.61,1696.13,1702.11,1704.83,1703.64,1713.26,1709.34,1694.03,1704.85,1716.79,1728.43,1741.99,1752.71,1755.69,1750.03,1740.29,1737.65,1746.91,1754.56,1767.90,1790.66,1812.58,1828.83,1849.17,1864.18,1874.90,1888.76,1902.65,1912.19,1921.43,1932.52,1943.74,1951.35,1966.26,1981.94,2001.19,2017.38,2031.99,2045.97,2058.89,2072.38,2088.23,2099.62,2106.93,2110.09,2108.02,2093.05,2074.85,2059.44,2042.86,2024.58,2008.47,1993.10,1977.10,1962.28,1948.37,1933.61,1920.25,1907.24,1894.81,1872.69,1862.34,1864.95,1861.08,1845.51,1835.08,1839.82,1835.69,1821.89,1799.37,1801.44,1817.32,1827.03,1837.48,1845.75,1843.48,1836.14,1829.26,1810.66,1800.93,1789.73,1765.07,1739.65,1707.45,1680.53,1664.28,1657.08,1651.72,1641.81,1628.13,1607.38,1587.74,1563.56,1536.45,1513.10,1498.78,1485.12,1471.07,1455.73,1442.74,1432.28,1425.97,1417.97,1405.35,1378.49,1349.89,1330.37,1329.12,1332.36,1323.39,1317.03,1304.07,1284.61,1263.47,1249.10,1240.82,1236.60,1232.76,1230.72,1227.03,1229.57,1238.84,1243.25,1237.97,1235.49,1242.13,1239.36,1223.11,1219.30,1224.28,1225.54,1228.23,1237.97,1242.33,1235.98,1215.22,1185.38,1156.47,1134.74,1123.60,1111.67,1092.96,1070.01,1052.83,1022.78,1003.77,1000.26,978.95,955.13,942.50,936.51,932.17,927.12,927.75,938.42,949.23,964.76,987.31,1007.99,1019.12,1041.36,1061.08,1074.23,1091.82,1115.03,1126.51,1131.02,1152.88,1162.80,1166.07,1167.16,1166.79,1163.88,1157.43,1157.04,1182.58,1211.68,1233.23,1230.65,1216.13,1199.62,1188.44,1190.27,1196.56,1186.79,1192.12,1201.32,1208.38,1231.28,1249.63,1261.69,1267.60,1271.29,1265.47,1261.38,1277.84,1297.04,1319.70,1340.34,1356.62,1370.36,1383.48,1399.32,1415.16,1430.14,1445.29,1464.22,1483.11,1501.73,1515.95,1529.37,1538.38,1546.87,1554.97,1562.62,1572.30,1581.80,1576.07,1554.70,1548.23,1549.39,1549.40,1554.55,1561.06,1565.38,1568.72,1569.42,1561.22,1543.74,1525.82,1505.14,1484.30,1466.56,1449.30,1432.09,1407.69,1384.97,1369.81,1366.68,1367.58,1368.66,1369.29,1368.95
1542.39,1526.96,1523.65,1537.11,1564.23,1595.28,1621.41,1639.02,1657.23,1675.04,1692.13,1705.12,1714.28,1719.68,1721.97,1726.94,1731.13,1726.14,1733.88,1734.85,1715.51,1716.47,1729.79,1744.72,1759.58,1772.13,1779.25,1773.76,1761.72,1753.02,1758.01,1771.19,1784.01,1796.73,1819.66,1835.63,1855.88,1868.08,1880.74,1894.57,1907.91,1918.85,1930.71,1944.59,1958.00,1963.31,1975.13,1993.66,2013.05,2028.52,2043.43,2057.87,2069.01,2079.72,2089.52,2098.74,2103.45,2103.97,2103.59,2096.44,2082.14,2069.12,2055.75,2039.46,2024.38,2010.32,1990.91,1973.78,1960.06,1940.68,1922.13,1911.19,1895.47,1870.99,1847.70,1840.86,1839.17,1830.90,1816.84,1819.47,1819.00,1808.43,1784.57,1786.36,1800.77,1809.89,1820.25,1829.53,1834.23,1829.72,1826.49,1823.98,1808.49,1798.42,1776.65,1751.10,1721.78,1694.83,1668.43,1641.48,1624.75,1613.46,1607.21,1596.36,1583.99,1570.60,1553.44,1535.94,1515.59,1500.66,1492.64,1481.36,1467.52,1457.28,1447.96,1433.77,1415.83,1391.69,1362.14,1336.07,1311.80,1304.08,1296.76,1287.37,1277.88,1269.55,1264.75,1262.11,1264.03,1265.96,1264.94,1262.25,1259.66,1263.70,1271.89,1274.04,1268.42,1265.65,1271.32,1265.38,1247.91,1243.65,1246.32,1250.53,1252.62,1255.93,1259.07,1245.08,1217.49,1192.96,1171.28,1154.18,1140.21,1125.98,1106.86,1086.30,1067.36,1041.66,1026.36,1009.73,985.22,964.04,946.31,936.11,930.75,928.52,937.61,950.26,964.20,979.35,997.56,1025.59,1043.97,1057.88,1074.68,1093.40,1114.26,1140.08,1152.63,1153.58,1168.47,1182.57,1191.38,1196.31,1199.04,1197.51,1189.84,1175.08,1177.71,1205.34,1234.67,1247.42,1239.56,1227.58,1215.00,1211.30,1221.79,1213.80,1213.97,1225.82,1227.97,1237.28,1262.46,1280.39,1291.01,1300.77,1295.16,1276.87,1273.88,1288.85,1306.42,1324.10,1339.42,1353.07,1366.80,1386.78,1406.41,1422.38,1443.13,1464.96,1483.74,1501.41,1513.96,1524.13,1534.16,1540.69,1546.22,1551.33,1561.05,1575.60,1579.12,1572.14,1573.20,1575.15,1576.44,1577.75,1583.10,1588.24,1587.12,1582.52,1569.92,1549.43,1530.12,1508.85,1486.85,1463.32,1442.15,1420.50,1400.87,1393.61,1392.47,1392.52,1392.34,1392.05,1391.71,1392.28
1529.21,1520.82,1525.41,1553.52,1574.53,1601.15,1627.44,1643.83,1664.87,1684.14,1701.65,1719.92,1737.30,1749.10,1751.35,1752.74,1755.11,1747.53,1755.90,1763.86,1743.97,1730.83,1744.35,1760.79,1778.15,1793.06,1802.33,1802.38,1789.37,1775.32,1770.22,1786.49,1801.58,1810.57,1828.28,1840.82,1858.55,1872.93,1886.24,1898.27,1909.85,1919.98,1932.91,1949.73,1963.83,1970.50,1982.14,2000.78,2018.98,2034.50,2050.47,2065.58,2077.75,2083.46,2084.22,2088.39,2091.07,2086.35,2084.51,2086.77,2081.45,2071.21,2060.51,2047.74,2031.02,2015.83,1994.88,1977.90,1961.37,1939.10,1915.68,1899.36,1882.56,1865.48,1848.50,1830.16,1817.62,1810.44,1796.89,1794.87,1797.46,1790.84,1770.97,1766.84,1785.86,1796.38,1804.43,1810.81,1815.55,1814.23,1811.19,1817.72,1811.38,1801.09,1780.05,1756.73,1728.57,1701.89,1677.12,1652.08,1624.74,1598.49,1583.38,1574.89,1565.79,1559.21,1552.91,1543.63,1532.18,1517.79,1507.33,1495.88,1481.17,1464.81,1448.72,1432.73,1413.14,1388.55,1360.48,1332.62,1307.52,1298.21,1298.43,1299.04,1299.60,1301.16,1301.08,1298.99,1300.18,1303.38,1304.64,1300.95,1294.50,1299.95,1305.16,1304.88,1299.99,1297.64,1300.02,1291.09,1271.04,1269.26,1273.69,1276.64,1278.82,1279.94,1275.24,1251.71,1227.26,1205.87,1186.53,1168.15,1153.79,1136.96,1118.53,1098.76,1076.26,1055.32,1031.82,1006.56,979.51,956.05,942.10,934.64,929.88,932.19,948.38,966.80,984.63,1006.93,1018.77,1034.91,1058.31,1077.19,1096.62,1112.67,1135.00,1156.39,1172.97,1179.63,1188.37,1203.14,1213.55,1220.10,1225.42,1227.78,1220.81,1205.04,1189.42,1202.78,1228.07,1252.68,1258.88,1254.48,1241.41,1232.43,1241.66,1235.70,1229.82,1245.34,1252.49,1247.89,1269.76,1295.08,1314.13,1324.65,1318.10,1298.57,1282.14,1292.50,1310.71,1329.12,1339.72,1348.71,1363.81,1386.45,1406.16,1423.55,1443.64,1464.33,1481.32,1498.67,1511.74,1519.49,1534.48,1544.46,1549.87,1555.26,1562.69,1572.18,1580.83,1587.50,1590.26,1593.17,1594.16,1593.86,1602.74,1607.63,1604.55,1592.06,1572.89,1550.52,1534.19,1511.68,1490.31,1463.98,1437.28,1419.20,1418.11,1420.30,1420.91,1419.69,1415.48,1411.88,1410.23,1409.71
1522.04,1520.29,1541.63,1566.89,1592.45,1614.85,1632.43,1651.42,1673.66,1692.57,1712.11,1734.36,1752.62,1767.40,1775.22,1779.26,1776.55,1766.70,1776.05,1786.34,1774.26,1752.65,1759.32,1776.65,1794.69,1808.10,1816.91,1819.47,1811.46,1799.43,1788.24,1795.66,1814.97,1823.93,1833.22,1844.25,1860.50,1876.21,1891.08,1902.61,1913.45,1924.66,1940.96,1956.75,1971.26,1979.56,1987.30,2004.17,2021.35,2037.98,2054.78,2069.99,2079.95,2075.08,2067.33,2063.80,2066.42,2060.50,2058.80,2070.14,2068.88,2059.95,2051.39,2042.78,2031.86,2016.18,1995.74,1977.13,1957.94,1935.30,1919.30,1904.58,1891.56,1876.48,1861.67,1841.33,1818.72,1802.03,1786.21,1772.14,1768.55,1770.41,1759.59,1751.96,1770.41,1782.57,1787.62,1790.65,1795.61,1794.57,1792.35,1806.01,1811.91,1804.45,1780.58,1756.97,1728.60,1701.88,1676.92,1654.85,1631.65,1604.57,1576.00,1553.62,1542.37,1531.77,1528.90,1528.93,1527.92,1521.33,1509.97,1497.56,1481.06,1461.82,1440.59,1420.97,1399.09,1372.80,1346.42,1319.16,1313.62,1321.34,1328.71,1332.85,1335.45,1337.76,1338.46,1339.05,1340.64,1341.97,1341.82,1334.44,1323.66,1331.38,1337.07,1334.72,1328.71,1326.83,1322.78,1309.13,1292.67,1292.81,1294.48,1295.13,1294.27,1290.84,1278.55,1255.53,1230.90,1210.99,1196.08,1177.01,1160.11,1140.68,1119.71,1099.74,1077.84,1052.86,1026.49,1001.50,971.10,947.50,938.16,933.53,931.05,939.69,961.59,983.66,1005.25,1030.91,1046.47,1056.09,1067.16,1087.49,1111.40,1131.93,1151.38,1170.11,1188.01,1197.79,1207.11,1220.06,1232.01,1242.06,1252.70,1255.95,1247.41,1226.31,1206.00,1207.64,1223.46,1247.87,1270.89,1272.60,1256.67,1254.19,1262.46,1256.26,1247.44,1263.47,1275.86,1272.99,1276.55,1301.49,1327.28,1343.40,1339.37,1316.28,1295.31,1302.15,1326.87,1345.75,1359.96,1368.01,1372.69,1386.18,1405.62,1423.56,1442.14,1461.81,1477.11,1494.47,1508.88,1520.42,1539.39,1550.94,1560.71,1569.91,1576.69,1579.47,1583.38,1593.45,1601.21,1605.92,1608.95,1612.63,1617.55,1619.92,1613.76,1596.54,1572.11,1549.87,1533.70,1513.89,1492.93,1464.63,1438.71,1441.01,1445.20,1446.04,1445.26,1441.93,1435.69,1435.52,1435.03,1431.58
1516.44,1536.95,1560.84,1583.75,1610.77,1630.39,1646.70,1665.60,1685.34,1704.38,1728.42,1746.63,1766.97,1787.78,1800.24,1804.49,1800.02,1788.66,1794.37,1804.73,1795.24,1777.49,1779.39,1791.55,1808.60,1821.59,1829.20,1829.43,1824.47,1815.25,1805.82,1806.13,1824.87,1838.12,1849.80,1856.53,1865.45,1880.90,1896.61,1910.79,1922.37,1935.97,1951.33,1965.36,1978.88,1986.05,1992.92,2005.99,2021.92,2039.63,2055.83,2064.70,2069.65,2065.13,2042.44,2037.20,2041.45,2035.78,2037.38,2051.72,2052.86,2042.67,2036.63,2032.07,2024.74,2011.93,1997.20,1977.85,1958.85,1942.79,1930.80,1918.82,1907.65,1892.13,1873.73,1852.61,1835.37,1819.13,1803.28,1782.74,1758.79,1746.89,1744.00,1740.01,1755.71,1766.69,1768.96,1768.78,1773.54,1774.93,1776.10,1787.32,1800.93,1802.47,1783.14,1756.87,1729.22,1702.67,1678.47,1654.13,1632.21,1607.99,1580.89,1552.83,1528.75,1511.86,1503.00,1501.86,1505.98,1507.42,1498.97,1487.47,1470.40,1456.48,1435.20,1409.46,1382.98,1357.02,1331.80,1329.07,1343.57,1354.71,1361.32,1364.37,1365.68,1366.52,1367.21,1368.48,1370.89,1372.45,1370.38,1361.09,1351.60,1357.19,1360.44,1360.11,1354.64,1346.33,1334.68,1317.55,1307.61,1306.15,1304.39,1302.68,1298.36,1287.38,1271.86,1253.35,1230.29,1214.54,1199.31,1181.77,1161.87,1138.99,1115.14,1095.57,1072.05,1045.32,1018.48,992.31,962.51,942.74,936.73,933.34,936.09,950.97,980.88,1007.78,1031.01,1052.18,1069.83,1081.34,1091.62,1101.17,1113.04,1131.77,1152.76,1172.64,1193.96,1209.22,1222.84,1238.92,1253.20,1265.06,1274.28,1276.22,1266.52,1246.30,1228.64,1221.27,1235.77,1252.68,1273.47,1285.04,1273.02,1277.82,1285.41,1281.50,1264.68,1276.68,1298.01,1302.29,1295.86,1310.34,1340.08,1358.16,1355.18,1333.22,1310.01,1312.51,1337.52,1357.47,1376.47,1387.51,1394.18,1397.96,1406.37,1420.54,1438.30,1458.78,1476.73,1495.83,1508.81,1526.54,1545.79,1559.27,1570.30,1580.05,1586.13,1589.61,1592.49,1597.40,1605.43,1612.71,1619.20,1624.78,1630.43,1628.18,1616.50,1598.30,1576.49,1552.22,1532.74,1514.26,1494.98,1466.04,1456.23,1462.59,1466.68,1467.96,1467.10,1463.18,1459.80,1460.70,1459.38,1454.88
1526.66,1552.88,1577.49,1600.85,1622.49,1639.56,1659.39,1679.15,1698.10,1721.54,1742.37,1761.37,1787.32,1807.59,1819.61,1823.61,1822.12,1812.10,1812.65,1821.65,1814.30,1803.43,1804.50,1808.12,1822.00,1833.87,1843.82,1845.07,1836.21,1828.58,1823.83,1819.59,1831.70,1850.36,1864.65,1871.11,1875.57,1889.88,1905.91,1920.37,1932.30,1946.24,1958.94,1972.34,1983.24,1991.12,1998.54,2007.88,2021.76,2038.42,2048.76,2044.61,2044.87,2044.46,2028.15,2015.98,2018.92,2007.69,2017.04,2034.99,2042.13,2034.11,2022.52,2013.11,2007.20,2001.01,1992.95,1980.24,1965.45,1952.20,1940.30,1930.36,1917.43,1900.39,1883.55,1867.38,1851.73,1832.38,1811.34,1792.89,1766.43,1748.61,1735.23,1727.72,1734.83,1742.35,1744.92,1746.20,1754.69,1756.95,1757.87,1772.49,1787.19,1795.14,1783.57,1758.18,1732.56,1708.71,1684.26,1660.07,1637.51,1614.52,1586.26,1559.65,1534.08,1516.37,1499.01,1483.32,1482.72,1484.47,1477.09,1467.27,1458.04,1444.25,1422.68,1398.23,1370.85,1345.24,1337.01,1354.12,1368.36,1379.35,1386.90,1391.61,1393.85,1394.42,1394.95,1396.05,1398.17,1397.23,1389.70,1374.59,1366.08,1366.94,1368.61,1366.62,1359.44,1348.87,1333.65,1322.35,1316.63,1311.46,1306.50,1301.44,1288.66,1270.78,1257.66,1243.72,1226.58,1214.12,1199.24,1182.66,1159.85,1133.45,1109.12,1087.56,1062.71,1037.40,1009.60,980.22,954.84,940.02,935.56,934.33,942.39,966.10,998.62,1026.36,1049.35,1069.64,1087.58,1100.08,1112.94,1122.64,1128.63,1134.61,1148.81,1166.75,1189.62,1211.25,1231.28,1252.43,1268.74,1283.99,1295.45,1298.86,1290.08,1270.96,1251.08,1237.45,1252.63,1269.42,1288.52,1302.14,1298.46,1306.81,1311.85,1308.55,1288.76,1295.13,1314.98,1327.72,1329.48,1330.51,1355.16,1373.52,1369.55,1349.27,1326.74,1322.09,1344.65,1366.34,1387.04,1399.81,1414.36,1423.99,1427.44,1432.81,1442.85,1459.00,1475.58,1496.38,1511.31,1531.74,1550.08,1563.26,1572.56,1582.10,1590.65,1595.55,1599.82,1603.86,1609.98,1618.06,1625.22,1632.99,1639.03,1633.96,1619.36,1601.94,1581.05,1553.56,1531.84,1514.69,1496.55,1472.34,1477.68,1490.65,1496.76,1497.41,1493.65,1485.61,1480.45,1482.01,1482.37,1476.13
1545.14,1566.79,1588.29,1611.56,1630.21,1647.91,1669.51,1689.42,1710.59,1734.36,1755.05,1778.34,1798.50,1816.10,1828.51,1834.99,1837.57,1833.92,1830.81,1835.94,1835.49,1827.65,1824.96,1823.43,1832.81,1845.08,1857.25,1861.18,1853.60,1845.47,1841.90,1838.27,1837.29,1856.32,1873.55,1882.86,1887.88,1899.37,1915.11,1928.32,1940.71,1954.20,1965.68,1976.30,1986.43,1996.83,2003.42,2009.99,2021.95,2033.82,2034.26,2021.55,2015.13,2015.32,2000.86,1989.98,1992.82,1983.08,1995.93,2012.80,2025.91,2029.65,2015.14,1998.68,1990.41,1986.42,1981.76,1974.68,1964.23,1952.27,1940.62,1930.20,1916.03,1901.46,1887.87,1872.78,1856.28,1836.15,1813.35,1794.46,1769.70,1758.14,1749.31,1729.73,1716.74,1718.98,1721.14,1724.61,1733.47,1737.14,1740.84,1753.98,1771.73,1784.21,1777.47,1754.88,1730.08,1707.86,1682.81,1661.07,1637.17,1614.03,1587.67,1564.34,1539.11,1526.01,1509.93,1486.73,1464.36,1457.58,1454.30,1446.62,1434.69,1419.51,1401.98,1380.54,1357.76,1341.92,1356.25,1376.68,1390.64,1401.51,1410.20,1416.44,1420.21,1421.74,1420.88,1418.95,1417.31,1412.72,1397.01,1377.01,1367.73,1364.26,1361.20,1357.34,1351.79,1343.99,1332.90,1324.74,1316.09,1306.85,1302.96,1294.60,1275.56,1254.51,1238.29,1225.38,1215.41,1208.37,1195.82,1179.10,1153.99,1126.45,1103.90,1078.78,1054.16,1028.80,1001.08,969.97,949.47,941.34,935.61,937.27,949.66,978.96,1009.99,1036.83,1058.82,1077.88,1094.94,1109.08,1121.88,1135.82,1148.47,1154.44,1156.17,1166.18,1184.42,1209.92,1231.73,1255.35,1275.82,1296.89,1310.81,1314.18,1306.47,1291.19,1268.42,1257.56,1268.08,1281.90,1304.85,1319.61,1321.55,1327.43,1332.65,1326.98,1313.59,1319.13,1331.68,1345.59,1355.07,1354.05,1367.72,1385.29,1384.84,1363.45,1341.16,1330.27,1347.61,1371.26,1394.04,1408.64,1429.00,1442.16,1448.79,1456.03,1463.66,1472.72,1481.28,1496.64,1512.29,1534.67,1551.70,1563.11,1572.04,1582.01,1591.62,1597.86,1602.46,1606.76,1613.94,1622.85,1630.65,1639.73,1645.61,1639.06,1617.43,1598.33,1576.28,1549.94,1530.52,1516.09,1499.73,1488.12,1502.88,1514.32,1522.18,1523.38,1519.23,1511.28,1504.43,1503.62,1502.72,1499.77
1555.98,1577.42,1597.65,1619.56,1637.10,1655.80,1674.62,1694.61,1717.73,1740.82,1763.37,1781.40,1795.37,1812.29,1830.25,1841.85,1850.40,1850.79,1848.29,1850.74,1851.23,1848.32,1846.40,1842.15,1845.83,1857.92,1868.99,1875.22,1872.72,1864.38,1858.06,1851.10,1846.94,1861.61,1880.85,1894.47,1905.48,1912.11,1924.83,1938.98,1952.00,1961.90,1970.76,1979.79,1990.87,2001.55,2006.42,2012.24,2020.95,2025.68,2015.16,1995.34,1987.61,1985.95,1975.63,1968.32,1969.86,1959.59,1971.16,1984.74,2001.84,2020.01,2017.70,2000.92,1981.58,1968.81,1962.41,1956.90,1948.81,1939.35,1932.13,1924.10,1911.55,1896.41,1882.38,1867.18,1852.26,1832.98,1816.00,1799.20,1784.43,1770.65,1760.78,1745.91,1724.44,1706.33,1698.89,1702.48,1710.76,1714.24,1722.65,1738.26,1750.61,1766.44,1768.94,1753.66,1730.53,1708.82,1684.42,1657.48,1631.92,1609.16,1585.41,1565.44,1545.80,1532.78,1516.13,1495.76,1479.35,1459.84,1442.28,1426.77,1416.42,1402.38,1388.04,1369.08,1355.05,1355.11,1379.16,1397.45,1413.26,1426.76,1439.27,1446.13,1446.08,1445.20,1440.42,1431.80,1424.47,1415.39,1396.42,1376.87,1367.98,1364.22,1361.38,1356.52,1348.21,1341.80,1330.15,1319.95,1304.26,1291.80,1291.53,1283.04,1264.28,1240.28,1216.56,1203.00,1199.21,1196.66,1185.97,1169.85,1146.25,1121.21,1100.00,1072.41,1045.87,1018.75,991.29,960.28,946.06,940.46,936.12,939.08,954.62,984.55,1013.04,1035.56,1056.22,1071.82,1085.90,1099.18,1111.94,1128.81,1149.93,1169.54,1179.88,1187.17,1192.15,1207.00,1227.89,1253.32,1274.80,1297.58,1315.46,1322.79,1318.11,1303.67,1281.92,1273.16,1281.85,1294.81,1312.26,1334.01,1346.62,1352.90,1356.96,1348.78,1336.66,1344.55,1351.90,1364.71,1378.42,1381.97,1384.68,1400.25,1401.13,1380.13,1354.63,1338.96,1349.20,1373.14,1396.82,1412.45,1435.89,1452.87,1464.60,1476.28,1489.09,1497.92,1504.31,1513.56,1525.46,1539.90,1552.78,1563.14,1573.13,1582.27,1590.84,1597.99,1603.56,1608.88,1618.48,1628.80,1639.75,1651.23,1654.39,1641.97,1617.37,1597.84,1577.69,1556.73,1538.71,1527.24,1507.90,1507.36,1521.62,1537.17,1543.90,1543.97,1540.16,1533.70,1530.66,1528.29,1523.88,1517.18
1551.30,1577.17,1598.82,1616.07,1634.09,1652.96,1671.36,1693.05,1714.92,1736.42,1755.15,1767.46,1785.64,1804.76,1823.23,1838.52,1854.70,1863.01,1866.31,1867.86,1870.11,1871.36,1870.20,1867.76,1868.25,1873.96,1886.28,1895.21,1897.09,1886.82,1878.16,1871.50,1867.38,1871.02,1888.16,1907.27,1921.18,1930.60,1939.98,1952.74,1962.07,1969.37,1977.17,1984.92,1995.71,2004.02,2009.01,2013.86,2015.80,2010.46,1994.46,1978.25,1965.95,1959.22,1951.61,1947.52,1945.91,1938.91,1947.98,1960.61,1981.62,2005.29,2014.92,2000.78,1984.87,1968.52,1950.96,1938.16,1930.82,1924.02,1918.39,1913.45,1904.19,1889.18,1872.16,1855.09,1837.95,1823.44,1810.23,1798.47,1785.48,1768.52,1759.77,1753.21,1738.89,1722.02,1703.26,1687.46,1689.31,1693.23,1703.93,1719.59,1733.50,1748.46,1756.58,1752.31,1733.90,1711.99,1688.98,1659.97,1635.43,1608.80,1583.82,1565.19,1548.48,1534.12,1522.62,1513.42,1502.38,1483.48,1458.18,1445.93,1440.82,1424.35,1406.25,1383.88,1363.43,1377.37,1401.62,1420.65,1436.63,1452.75,1464.63,1468.64,1465.46,1457.01,1446.74,1432.51,1420.57,1410.96,1398.11,1381.25,1370.71,1367.03,1363.53,1356.97,1347.06,1338.69,1318.56,1302.70,1287.88,1270.05,1267.91,1263.19,1250.50,1226.92,1204.64,1186.36,1179.47,1177.93,1172.05,1158.25,1138.71,1117.53,1096.19,1065.57,1035.93,1007.84,983.04,958.78,945.22,939.12,937.03,940.71,950.42,976.21,999.92,1018.69,1035.87,1049.81,1061.63,1076.36,1094.12,1114.42,1142.40,1171.47,1191.82,1203.88,1211.16,1221.27,1237.73,1254.50,1270.80,1288.00,1305.38,1323.61,1326.63,1313.95,1296.58,1293.92,1299.70,1312.24,1325.90,1345.82,1362.71,1374.87,1381.31,1374.08,1359.42,1367.82,1376.95,1386.52,1398.55,1406.89,1410.00,1417.62,1414.23,1394.57,1365.98,1351.80,1365.40,1375.23,1394.65,1411.41,1434.48,1455.23,1474.00,1493.35,1505.04,1514.44,1525.40,1540.28,1549.62,1556.55,1563.44,1569.29,1576.11,1584.92,1592.89,1600.43,1607.66,1615.82,1627.37,1641.38,1653.90,1664.16,1664.85,1650.94,1632.29,1611.90,1592.18,1576.14,1552.71,1534.85,1517.81,1523.74,1538.65,1554.18,1561.38,1565.20,1562.41,1556.00,1552.32,1546.08,1536.21,1526.33
1548.99,1564.36,1585.26,1604.91,1624.23,1642.36,1659.68,1680.51,1701.56,1721.88,1737.60,1752.73,1773.56,1795.25,1810.14,1828.15,1845.85,1860.44,1869.26,1878.26,1890.54,1900.44,1902.67,1896.94,1894.00,1899.08,1906.21,1915.64,1920.13,1912.93,1901.81,1895.97,1892.50,1892.74,1901.57,1916.71,1931.51,1943.97,1953.78,1964.97,1973.84,1980.04,1984.77,1992.29,2000.17,2003.46,2007.84,2008.00,2002.69,1991.56,1976.14,1962.34,1950.54,1939.00,1930.69,1926.16,1922.72,1918.46,1929.50,1946.52,1971.44,1997.35,2011.53,2005.65,1989.66,1974.24,1957.14,1939.82,1922.45,1910.56,1904.51,1899.61,1890.06,1877.54,1858.38,1837.71,1822.52,1809.55,1796.48,1781.11,1765.15,1750.20,1738.29,1737.04,1731.68,1724.91,1712.31,1691.96,1672.82,1673.10,1685.90,1706.22,1723.20,1735.19,1739.62,1738.89,1729.82,1709.16,1685.80,1660.93,1639.06,1613.33,1586.87,1567.59,1548.78,1536.42,1530.95,1524.25,1511.93,1493.67,1478.02,1472.60,1462.81,1440.57,1413.12,1386.91,1374.13,1399.79,1423.21,1439.10,1457.51,1472.48,1480.27,1475.13,1466.08,1454.90,1442.55,1428.02,1417.57,1409.22,1398.71,1384.27,1374.41,1367.57,1360.86,1348.04,1338.04,1328.01,1308.64,1282.76,1263.78,1251.83,1248.52,1243.28,1227.10,1212.00,1196.20,1177.43,1165.46,1163.10,1156.95,1146.34,1130.86,1111.58,1088.46,1057.37,1030.64,999.88,976.15,956.45,943.87,938.43,938.93,950.13,958.12,962.91,979.46,996.19,1007.78,1019.57,1038.14,1061.36,1086.18,1110.04,1137.36,1161.78,1181.99,1200.84,1214.46,1229.16,1241.89,1253.86,1263.28,1276.58,1292.89,1316.08,1334.83,1332.31,1323.14,1323.78,1322.94,1331.23,1344.62,1358.89,1375.64,1392.74,1403.80,1396.61,1384.03,1394.23,1404.07,1411.18,1417.81,1431.87,1442.03,1438.61,1425.03,1404.97,1380.45,1367.17,1387.95,1391.02,1391.15,1404.42,1424.79,1447.67,1469.19,1488.59,1505.86,1519.80,1534.54,1552.06,1563.55,1573.97,1581.39,1585.58,1587.30,1592.93,1599.73,1608.02,1615.96,1626.01,1641.48,1654.08,1666.52,1679.75,1679.14,1664.95,1648.40,1628.97,1604.65,1585.47,1559.08,1539.26,1535.65,1543.46,1551.00,1563.28,1576.47,1583.31,1582.38,1575.51,1565.31,1551.31,1537.87,1525.06
1578.23,1578.24,1581.04,1594.26,1609.77,1623.77,1641.15,1660.41,1682.14,1699.76,1716.91,1738.08,1759.73,1777.97,1796.41,1815.87,1834.26,1850.63,1863.27,1874.00,1890.38,1909.62,1919.63,1922.24,1918.33,1920.29,1927.40,1938.72,1943.88,1937.33,1924.29,1922.16,1922.09,1915.95,1918.29,1926.46,1940.42,1954.33,1966.95,1978.86,1983.91,1986.56,1992.94,2002.11,2005.83,2003.11,2000.15,1990.33,1980.07,1968.66,1954.76,1946.05,1937.29,1923.95,1911.79,1908.13,1902.09,1898.38,1918.56,1944.20,1967.95,1984.53,1998.00,2002.99,1995.10,1982.83,1966.05,1949.59,1933.79,1916.51,1900.30,1886.55,1873.70,1861.26,1846.78,1838.42,1833.87,1822.51,1803.69,1781.74,1763.13,1745.52,1730.24,1716.93,1707.66,1705.07,1700.86,1690.23,1674.13,1659.13,1666.37,1689.20,1707.94,1718.79,1721.44,1721.05,1720.08,1704.90,1680.56,1659.27,1639.01,1613.81,1588.37,1569.80,1553.54,1544.88,1538.53,1529.74,1517.92,1509.51,1501.57,1491.03,1473.11,1445.72,1411.90,1384.93,1390.83,1421.85,1440.95,1459.07,1473.39,1481.29,1480.77,1468.87,1458.03,1447.74,1436.23,1425.79,1417.77,1409.51,1397.97,1384.25,1372.75,1362.53,1353.05,1336.35,1322.10,1313.76,1299.21,1274.74,1249.59,1233.18,1226.38,1219.56,1204.66,1195.35,1182.85,1165.95,1148.67,1143.93,1140.75,1133.17,1118.64,1099.25,1074.55,1051.70,1028.00,996.80,971.00,953.28,942.47,938.82,942.77,962.29,977.08,976.77,976.09,987.07,994.59,999.66,1021.78,1051.74,1077.73,1101.82,1125.10,1147.19,1167.35,1188.51,1202.80,1215.94,1227.12,1238.76,1249.97,1266.10,1286.97,1308.47,1336.27,1349.73,1353.68,1351.24,1350.03,1352.18,1359.92,1373.15,1389.92,1408.17,1419.96,1414.49,1409.37,1419.64,1430.96,1436.16,1438.89,1454.14,1465.49,1458.90,1434.61,1412.93,1395.73,1380.95,1401.03,1410.91,1407.71,1404.14,1414.44,1434.17,1455.14,1473.79,1494.01,1512.28,1530.11,1551.31,1565.62,1576.97,1584.89,1591.58,1597.48,1603.24,1608.42,1616.01,1625.02,1638.58,1653.25,1663.62,1682.68,1693.64,1689.96,1677.27,1658.18,1640.15,1612.60,1590.98,1561.41,1554.95,1560.99,1565.18,1567.30,1573.69,1585.77,1591.16,1589.81,1581.07,1562.94,1542.35,1528.07,1515.24
1602.89,1607.06,1603.41,1605.25,1614.33,1622.35,1630.90,1645.55,1659.60,1675.38,1699.00,1721.64,1744.50,1760.74,1780.30,1799.66,1819.05,1836.98,1852.87,1864.64,1883.24,1905.68,1925.95,1938.93,1944.23,1946.24,1952.17,1962.73,1969.33,1964.59,1956.31,1952.05,1947.94,1937.75,1937.61,1941.18,1950.99,1964.12,1979.23,1989.64,1992.27,1995.17,2003.73,2009.73,2012.01,2005.84,1992.60,1978.27,1965.37,1953.35,1940.60,1933.57,1924.62,1913.74,1896.02,1887.41,1881.38,1886.07,1909.43,1937.86,1951.55,1955.84,1961.91,1971.78,1982.18,1986.24,1977.58,1960.64,1942.93,1927.41,1912.00,1894.91,1880.09,1870.51,1866.70,1862.62,1854.36,1840.72,1820.39,1795.74,1773.91,1754.81,1738.92,1727.59,1711.55,1696.87,1684.13,1676.64,1668.79,1653.69,1651.28,1670.43,1689.59,1699.39,1699.90,1698.39,1704.09,1700.90,1678.90,1658.00,1636.48,1611.29,1590.88,1576.32,1569.34,1558.91,1545.08,1533.69,1529.25,1523.78,1512.49,1495.36,1474.73,1445.42,1407.62,1388.08,1412.17,1440.98,1459.15,1473.04,1477.18,1477.22,1471.31,1459.21,1451.05,1443.09,1434.34,1425.95,1418.27,1409.59,1396.82,1382.07,1365.25,1351.86,1342.30,1324.96,1301.56,1291.82,1283.25,1265.07,1241.81,1218.45,1204.11,1198.97,1183.74,1166.52,1162.29,1150.29,1131.13,1119.67,1119.38,1112.74,1099.99,1079.78,1060.51,1042.03,1014.85,986.49,964.58,953.03,942.42,940.87,948.62,973.87,998.20,1006.98,1003.23,1009.28,1014.03,1011.28,1014.39,1035.43,1060.95,1085.24,1108.43,1128.44,1152.45,1172.21,1187.34,1197.94,1209.65,1222.60,1243.76,1266.69,1285.30,1306.72,1336.55,1355.35,1371.32,1377.08,1376.85,1374.33,1378.59,1392.19,1406.87,1423.70,1438.72,1438.70,1435.13,1446.42,1456.38,1462.46,1469.92,1479.66,1481.40,1470.45,1443.10,1421.39,1407.61,1392.24,1405.87,1428.67,1436.05,1432.46,1432.11,1436.44,1446.19,1460.82,1476.93,1495.63,1513.70,1534.24,1553.38,1566.99,1578.10,1586.88,1595.32,1605.54,1614.91,1624.97,1637.61,1651.05,1661.76,1676.82,1696.80,1706.93,1700.69,1684.57,1665.19,1645.89,1616.75,1594.55,1579.03,1581.08,1585.21,1587.31,1589.25,1590.98,1591.20,1591.84,1589.19,1578.35,1555.08,1531.41,1512.16,1500.16
1614.54,1627.06,1628.58,1626.78,1631.79,1637.97,1643.94,1653.00,1658.72,1664.89,1681.53,1704.96,1726.58,1745.28,1762.31,1782.42,1802.48,1821.05,1838.35,1850.50,1867.84,1894.87,1921.64,1941.41,1956.20,1969.62,1979.43,1990.42,1998.55,1997.33,1990.41,1983.89,1976.46,1965.21,1965.59,1967.86,1970.41,1976.97,1992.37,2004.16,2009.97,2011.60,2015.83,2018.58,2013.91,2003.98,1988.67,1973.13,1959.90,1945.52,1932.13,1923.50,1915.37,1906.15,1886.83,1868.07,1862.59,1872.05,1898.41,1923.35,1935.48,1933.78,1930.15,1939.48,1953.37,1971.96,1979.69,1970.53,1952.69,1937.05,1922.46,1906.71,1901.72,1898.63,1892.35,1882.08,1867.66,1848.75,1827.18,1803.65,1780.31,1762.48,1752.33,1744.29,1732.37,1716.25,1695.89,1672.81,1660.56,1650.74,1641.16,1650.46,1667.70,1677.64,1678.49,1674.23,1683.42,1691.29,1677.54,1656.80,1638.16,1619.44,1603.18,1590.16,1580.73,1568.71,1548.83,1537.26,1531.81,1521.14,1503.43,1486.16,1467.28,1437.16,1405.33,1399.84,1432.30,1456.08,1472.90,1479.92,1475.33,1468.19,1462.80,1455.67,1449.02,1442.29,1434.52,1426.51,1418.93,1409.59,1395.63,1376.40,1355.37,1339.21,1329.98,1310.67,1286.52,1269.15,1264.24,1252.12,1231.97,1207.62,1188.47,1178.10,1163.13,1141.70,1131.41,1125.12,1109.02,1094.12,1094.34,1089.89,1076.72,1060.98,1043.45,1022.68,998.36,973.50,957.46,949.01,941.78,943.79,955.81,983.56,1011.37,1031.91,1034.12,1032.98,1044.73,1045.37,1037.03,1034.24,1043.78,1061.43,1086.14,1109.59,1133.29,1151.42,1170.52,1187.80,1206.14,1230.25,1257.85,1279.80,1294.90,1318.11,1339.22,1353.31,1371.80,1385.80,1393.41,1395.37,1398.56,1409.55,1422.86,1443.08,1457.68,1461.09,1464.64,1474.65,1483.95,1493.72,1501.50,1503.35,1496.07,1478.26,1449.79,1429.24,1418.97,1404.61,1411.67,1439.73,1457.34,1459.86,1456.95,1457.57,1458.64,1461.72,1470.97,1489.67,1508.00,1525.65,1541.97,1559.94,1576.93,1589.43,1600.26,1611.35,1624.71,1640.83,1652.92,1664.91,1675.53,1691.75,1710.19,1720.17,1709.37,1687.07,1666.99,1648.28,1622.17,1611.14,1605.85,1605.47,1607.76,1610.15,1606.19,1598.99,1591.06,1585.39,1579.91,1566.61,1545.14,1523.18,1501.96,1487.06
1618.59,1638.50,1649.84,1650.05,1650.71,1655.90,1665.60,1675.87,1682.06,1687.21,1688.63,1694.56,1709.30,1727.01,1747.36,1765.39,1786.37,1802.45,1822.27,1838.98,1858.08,1883.47,1911.17,1934.64,1955.86,1979.39,1995.31,2009.25,2017.95,2020.99,2018.60,2014.61,2002.03,1989.59,1994.20,1997.10,1994.10,1994.14,2007.72,2021.05,2026.79,2029.95,2031.32,2024.42,2009.79,1996.50,1981.02,1964.91,1948.88,1932.21,1918.53,1911.02,1905.00,1895.30,1877.84,1859.15,1847.05,1857.80,1883.74,1901.86,1913.04,1912.24,1907.42,1917.71,1933.20,1945.45,1963.20,1964.37,1957.69,1945.54,1932.09,1922.59,1919.16,1914.91,1905.38,1892.38,1874.88,1852.57,1831.66,1812.18,1793.93,1778.65,1770.58,1760.64,1748.76,1730.61,1712.00,1692.88,1679.87,1664.05,1647.05,1634.38,1642.07,1651.60,1654.12,1650.19,1657.64,1669.88,1667.19,1659.71,1649.64,1638.17,1620.53,1603.47,1590.80,1573.68,1555.79,1538.88,1528.80,1514.09,1492.33,1473.12,1448.76,1423.69,1406.13,1419.35,1449.35,1468.85,1479.86,1481.27,1473.05,1462.32,1457.73,1453.16,1447.48,1440.77,1433.50,1426.56,1419.55,1407.27,1389.92,1370.16,1351.77,1335.85,1320.24,1298.61,1272.76,1252.85,1245.16,1233.39,1215.00,1197.27,1179.41,1160.66,1143.41,1122.30,1105.21,1101.16,1090.15,1072.85,1069.11,1066.02,1054.70,1038.04,1021.52,1004.44,982.79,961.99,951.93,944.74,943.50,947.74,964.04,988.44,1018.21,1044.86,1058.45,1059.92,1070.92,1077.13,1067.79,1061.29,1060.80,1060.51,1068.30,1089.64,1116.39,1143.06,1170.14,1196.27,1215.78,1241.88,1265.10,1282.79,1295.48,1314.13,1329.61,1342.13,1359.37,1378.84,1395.45,1408.87,1418.44,1428.07,1443.05,1459.96,1475.39,1486.82,1495.60,1503.72,1511.06,1516.16,1521.30,1519.42,1507.08,1483.54,1458.97,1444.25,1432.00,1416.31,1422.43,1449.19,1472.61,1483.14,1487.31,1489.06,1484.96,1484.70,1486.64,1505.96,1525.41,1543.50,1556.18,1564.42,1579.46,1596.30,1610.22,1622.40,1638.97,1653.82,1666.76,1683.18,1697.90,1710.36,1725.83,1732.62,1714.78,1687.22,1665.83,1648.89,1635.11,1631.94,1626.52,1626.65,1627.76,1624.27,1614.63,1600.83,1586.68,1573.39,1563.49,1547.82,1530.78,1511.99,1494.02,1473.77
1621.52,1642.92,1663.44,1671.33,1672.63,1677.41,1688.15,1700.38,1705.18,1713.18,1715.79,1711.73,1713.13,1717.15,1732.94,1751.80,1769.06,1784.91,1805.81,1831.05,1855.20,1878.07,1904.03,1929.33,1952.98,1980.33,1997.68,2012.16,2024.98,2036.37,2040.65,2038.04,2025.61,2015.10,2020.27,2024.27,2021.55,2017.33,2026.47,2038.65,2046.16,2047.98,2043.16,2024.49,2003.99,1990.69,1977.26,1960.54,1942.11,1920.26,1902.52,1894.21,1886.81,1877.85,1866.31,1851.10,1833.07,1845.80,1866.14,1876.74,1881.68,1883.17,1886.17,1896.02,1912.81,1927.31,1943.17,1945.82,1946.45,1944.48,1937.65,1932.54,1928.60,1922.92,1913.17,1899.65,1879.18,1857.60,1840.64,1824.88,1811.98,1802.12,1792.22,1777.40,1761.53,1741.86,1725.38,1715.64,1700.72,1679.92,1659.61,1638.03,1625.98,1623.97,1625.16,1624.36,1632.62,1645.49,1647.69,1644.98,1648.09,1643.22,1631.42,1612.95,1596.97,1578.77,1557.45,1534.79,1518.88,1503.87,1486.24,1463.08,1432.91,1418.04,1420.99,1443.29,1465.40,1478.28,1483.51,1481.28,1470.96,1458.10,1451.75,1448.25,1443.90,1438.33,1432.08,1425.44,1417.54,1399.76,1381.55,1364.70,1350.65,1338.70,1326.92,1305.66,1276.33,1247.32,1226.34,1212.36,1198.14,1183.59,1168.59,1147.23,1123.99,1104.89,1084.94,1075.01,1070.06,1052.61,1045.72,1040.17,1024.46,1011.01,998.64,981.04,967.33,957.38,946.70,944.65,947.53,952.61,968.19,989.48,1018.45,1046.02,1070.86,1082.98,1095.48,1104.43,1103.21,1097.76,1096.56,1092.11,1081.35,1088.97,1118.06,1147.51,1173.40,1198.24,1217.45,1240.19,1258.63,1273.54,1285.00,1297.80,1309.68,1324.56,1346.73,1365.34,1385.58,1406.34,1424.36,1441.41,1457.45,1473.47,1489.64,1502.44,1514.09,1522.91,1529.82,1535.47,1541.72,1534.67,1515.85,1493.31,1479.29,1466.15,1451.22,1431.00,1438.68,1462.72,1486.69,1500.26,1508.84,1513.03,1513.12,1511.98,1512.19,1520.43,1540.44,1560.41,1574.30,1580.33,1585.04,1601.70,1617.64,1634.01,1651.18,1664.90,1682.89,1701.87,1717.81,1732.56,1745.64,1746.45,1728.09,1701.45,1675.86,1660.43,1659.33,1656.77,1647.83,1643.36,1635.59,1624.21,1610.22,1596.87,1582.21,1565.17,1547.22,1530.98,1514.42,1500.07,1483.60,1463.07
1626.00,1648.51,1672.13,1690.09,1698.65,1701.01,1710.98,1726.08,1734.78,1740.91,1742.08,1738.86,1738.28,1734.38,1741.41,1760.61,1777.08,1791.29,1803.56,1825.15,1852.27,1872.37,1900.02,1927.82,1950.87,1976.04,1993.70,2007.54,2019.61,2035.84,2047.59,2053.03,2045.30,2036.05,2042.96,2045.61,2040.93,2035.97,2047.63,2059.13,2064.39,2061.61,2049.55,2025.18,2004.27,1990.19,1972.74,1955.66,1937.94,1915.29,1896.58,1875.77,1863.76,1860.15,1853.89,1839.72,1819.48,1827.82,1845.11,1851.70,1855.49,1859.35,1867.90,1880.62,1890.48,1906.83,1921.84,1923.59,1925.58,1929.82,1930.11,1922.56,1916.47,1915.58,1910.56,1901.62,1887.30,1867.60,1853.46,1843.36,1836.12,1824.63,1811.09,1792.39,1770.42,1752.06,1741.07,1733.41,1716.59,1692.44,1677.70,1659.01,1638.86,1623.06,1613.00,1603.62,1602.83,1609.24,1613.56,1614.65,1618.92,1621.13,1619.11,1610.65,1599.05,1583.64,1559.94,1534.93,1515.46,1495.01,1477.21,1451.13,1429.91,1435.04,1449.64,1466.14,1479.97,1485.38,1484.73,1479.38,1468.61,1457.82,1448.69,1443.68,1439.83,1435.86,1431.00,1423.66,1412.79,1391.40,1373.31,1357.87,1347.49,1339.04,1327.99,1304.13,1275.12,1245.57,1222.67,1202.29,1183.19,1169.85,1155.14,1132.64,1112.27,1091.34,1066.41,1052.43,1048.96,1033.94,1021.88,1012.92,993.88,980.00,972.26,963.91,955.21,947.76,946.18,950.48,963.14,972.47,976.87,992.84,1015.70,1042.08,1068.32,1094.99,1113.21,1128.89,1132.77,1128.83,1125.13,1120.55,1109.68,1097.51,1113.07,1139.11,1163.51,1190.25,1209.97,1229.27,1244.80,1254.62,1269.34,1279.60,1291.23,1311.03,1333.61,1351.95,1371.88,1394.17,1417.01,1441.67,1458.10,1472.61,1487.34,1501.53,1515.67,1528.10,1542.84,1550.38,1552.85,1547.17,1529.58,1512.82,1505.00,1490.42,1467.02,1446.78,1449.39,1474.40,1501.43,1515.76,1529.21,1538.87,1541.81,1545.36,1549.66,1546.28,1550.17,1571.84,1590.99,1600.11,1602.47,1608.16,1627.65,1650.42,1667.50,1683.54,1699.88,1718.58,1735.63,1750.32,1762.85,1760.88,1742.29,1713.50,1693.10,1688.61,1683.76,1673.80,1661.03,1645.28,1629.80,1614.88,1600.85,1589.58,1575.37,1559.23,1538.35,1518.49,1502.58,1488.42,1470.02,1450.77
1623.41,1646.48,1669.89,1691.74,1713.22,1727.84,1736.75,1749.64,1763.40,1770.36,1768.85,1765.02,1757.90,1753.48,1755.81,1766.13,1784.50,1802.94,1814.01,1823.12,1844.52,1867.37,1894.35,1920.01,1943.23,1964.51,1982.46,1997.61,2011.75,2028.51,2044.71,2060.48,2062.13,2060.39,2064.11,2065.18,2062.30,2059.23,2067.62,2076.63,2079.28,2070.97,2053.02,2027.02,2005.98,1988.76,1970.27,1951.13,1933.25,1913.38,1895.60,1870.44,1850.80,1841.27,1836.88,1826.35,1806.97,1806.59,1820.78,1828.88,1834.44,1845.87,1857.06,1864.99,1869.91,1879.96,1893.39,1899.47,1903.40,1909.87,1912.91,1901.77,1891.73,1892.63,1893.87,1892.21,1887.07,1878.41,1868.67,1862.32,1854.27,1839.58,1823.66,1801.98,1778.93,1767.93,1761.38,1751.84,1732.60,1710.88,1695.79,1674.77,1659.43,1648.67,1636.13,1618.14,1598.53,1587.40,1586.82,1589.67,1591.80,1593.93,1597.27,1597.36,1590.79,1580.74,1563.31,1539.74,1519.05,1496.91,1473.27,1448.80,1446.15,1462.64,1474.94,1486.99,1494.20,1489.26,1481.01,1473.44,1466.58,1459.28,1447.36,1440.13,1436.39,1432.90,1427.18,1417.18,1401.43,1379.22,1362.17,1348.94,1341.51,1335.76,1324.38,1302.95,1277.49,1251.43,1225.49,1198.97,1174.44,1157.80,1138.37,1116.70,1099.68,1075.01,1051.89,1031.46,1021.60,1010.99,996.08,983.70,966.01,958.71,955.32,950.92,947.41,950.38,957.27,969.06,989.17,1001.67,995.27,1005.71,1026.74,1052.33,1073.78,1099.24,1129.05,1150.77,1157.60,1157.03,1156.87,1150.27,1135.61,1116.14,1112.92,1126.37,1149.33,1173.20,1194.49,1209.38,1222.20,1232.87,1248.11,1262.11,1281.43,1298.80,1317.99,1339.84,1359.89,1383.06,1406.88,1429.85,1446.35,1456.24,1469.36,1489.13,1506.88,1522.44,1536.93,1547.74,1553.81,1557.42,1543.77,1535.41,1526.04,1508.58,1484.62,1461.54,1458.03,1484.90,1509.45,1526.11,1546.13,1559.64,1568.93,1573.66,1576.11,1573.07,1567.24,1581.74,1602.75,1615.14,1622.40,1624.88,1641.90,1667.92,1687.50,1703.24,1721.01,1736.93,1749.38,1765.72,1779.90,1774.42,1752.06,1729.92,1721.52,1714.26,1694.51,1673.18,1652.97,1634.50,1617.03,1600.64,1588.92,1576.93,1563.02,1546.97,1531.41,1513.70,1499.10,1477.63,1456.45,1437.64
1615.44,1639.89,1663.28,1688.56,1716.46,1740.96,1758.50,1771.83,1786.10,1796.48,1797.47,1794.24,1786.26,1781.78,1784.26,1780.35,1785.85,1807.31,1823.30,1831.09,1842.68,1860.70,1883.08,1906.13,1927.03,1949.11,1970.36,1990.52,2010.17,2027.08,2042.38,2061.29,2074.76,2084.94,2091.34,2093.35,2089.94,2085.43,2088.25,2093.83,2091.65,2075.13,2052.79,2027.56,2003.96,1985.10,1967.54,1946.94,1928.64,1911.11,1891.92,1867.14,1848.75,1828.10,1812.91,1808.85,1796.33,1788.22,1797.88,1803.68,1810.61,1827.96,1844.82,1848.83,1852.27,1860.48,1869.88,1875.85,1881.14,1889.63,1892.97,1882.92,1872.16,1869.56,1870.36,1871.58,1874.36,1874.60,1873.71,1870.55,1863.63,1849.68,1833.11,1814.19,1796.82,1787.20,1777.39,1762.96,1745.02,1731.97,1714.53,1692.05,1683.01,1671.74,1659.98,1643.53,1621.97,1598.95,1578.35,1568.18,1565.89,1564.55,1566.28,1567.80,1561.85,1559.85,1558.95,1540.77,1519.36,1495.28,1467.73,1451.86,1470.16,1487.53,1500.45,1506.88,1503.00,1492.84,1485.04,1476.11,1467.85,1457.80,1444.69,1437.72,1433.23,1427.75,1417.07,1400.52,1383.32,1366.94,1353.56,1343.11,1335.44,1330.28,1319.11,1301.05,1275.97,1250.20,1217.64,1187.33,1158.62,1136.83,1116.06,1095.62,1082.12,1062.99,1038.64,1016.10,1001.45,987.25,975.93,964.30,950.55,948.87,948.47,951.13,962.12,976.28,979.63,986.79,1009.00,1027.99,1022.88,1023.13,1046.62,1062.67,1084.67,1110.18,1142.75,1167.69,1181.81,1190.32,1189.44,1176.60,1155.68,1136.96,1136.76,1140.86,1140.50,1155.93,1173.16,1184.87,1194.85,1210.19,1226.11,1249.02,1268.12,1284.43,1302.56,1326.26,1350.37,1374.53,1399.21,1415.38,1427.51,1438.43,1454.27,1475.73,1496.86,1509.87,1522.27,1537.33,1547.29,1559.13,1562.53,1559.92,1550.36,1527.76,1502.16,1479.63,1470.08,1487.63,1510.82,1534.14,1556.94,1574.45,1586.68,1596.32,1601.51,1599.81,1592.72,1596.31,1613.03,1630.57,1645.12,1651.11,1661.13,1683.77,1703.68,1721.42,1738.03,1749.91,1763.26,1778.18,1788.47,1787.15,1769.17,1755.55,1744.36,1721.14,1689.05,1663.78,1641.24,1622.52,1603.35,1586.06,1571.26,1557.98,1545.53,1532.95,1518.81,1504.42,1491.08,1466.76,1447.44,1431.45
1631.02,1651.08,1671.09,1696.41,1720.21,1745.73,1769.17,1785.43,1798.65,1808.71,1814.13,1815.45,1810.93,1807.02,1807.92,1803.78,1796.60,1811.17,1829.20,1840.79,1851.11,1865.52,1885.94,1902.36,1917.91,1939.62,1966.17,1990.02,2011.30,2028.56,2043.85,2062.03,2078.07,2093.60,2105.01,2111.27,2110.73,2107.73,2110.11,2110.28,2097.69,2073.11,2049.43,2024.97,2000.50,1980.86,1963.08,1942.26,1922.10,1906.29,1885.61,1865.94,1846.51,1825.46,1802.84,1791.83,1785.11,1773.10,1780.79,1786.95,1791.12,1807.44,1820.94,1827.13,1835.88,1845.35,1853.17,1858.32,1861.95,1871.48,1877.45,1868.15,1854.62,1848.24,1847.40,1849.26,1853.25,1858.15,1862.61,1864.52,1863.94,1858.38,1845.08,1830.49,1817.57,1809.53,1797.37,1775.98,1763.00,1749.44,1730.67,1716.69,1710.29,1695.25,1678.34,1659.42,1638.97,1616.02,1597.55,1583.34,1563.82,1547.51,1540.77,1539.29,1534.18,1538.42,1545.72,1533.17,1513.17,1486.54,1462.57,1471.60,1495.22,1511.85,1521.52,1517.25,1504.66,1495.34,1487.68,1477.77,1466.91,1453.93,1444.63,1439.66,1431.87,1419.94,1402.65,1382.27,1371.26,1359.81,1350.12,1341.00,1329.57,1318.49,1307.98,1294.63,1270.60,1240.78,1207.88,1178.26,1154.66,1126.90,1099.24,1076.29,1061.79,1044.83,1021.30,1001.81,985.39,976.33,969.71,958.16,950.23,953.11,962.66,977.47,995.08,1008.11,1004.73,1004.38,1027.64,1051.17,1054.46,1047.84,1063.01,1079.10,1097.17,1122.72,1150.78,1178.49,1200.27,1212.96,1213.35,1199.63,1176.14,1155.36,1160.55,1164.88,1156.07,1161.86,1173.56,1181.79,1189.71,1197.69,1210.49,1232.51,1251.47,1273.33,1293.78,1314.78,1341.45,1366.76,1387.08,1400.25,1409.58,1425.59,1446.31,1466.08,1481.34,1492.81,1499.70,1512.69,1536.35,1554.14,1568.81,1572.17,1561.37,1542.55,1519.88,1502.60,1495.23,1493.04,1506.83,1532.58,1558.34,1577.68,1595.36,1607.79,1620.66,1629.03,1625.84,1623.42,1628.90,1647.21,1661.03,1674.77,1686.51,1700.71,1716.96,1733.44,1747.38,1761.13,1773.11,1783.51,1789.96,1789.80,1775.06,1761.86,1745.78,1719.49,1691.06,1665.51,1642.66,1623.60,1605.29,1586.61,1571.39,1554.29,1538.05,1523.25,1511.17,1500.57,1488.80,1471.64,1457.63,1451.97
1644.04,1661.57,1682.98,1706.68,1728.68,1750.10,1770.59,1788.44,1802.69,1814.48,1823.20,1829.08,1830.94,1827.82,1827.05,1824.30,1818.11,1820.71,1838.18,1852.16,1869.00,1888.52,1909.92,1930.44,1944.41,1947.89,1963.13,1988.81,2010.52,2028.98,2044.93,2062.71,2078.10,2094.74,2109.30,2119.79,2124.05,2122.05,2122.61,2116.63,2098.10,2070.35,2049.23,2023.91,2001.13,1980.35,1958.96,1937.00,1916.89,1901.89,1882.43,1866.09,1847.26,1825.78,1806.74,1785.36,1767.36,1758.95,1765.15,1772.28,1773.00,1784.23,1796.20,1802.96,1815.69,1827.12,1833.07,1835.98,1842.20,1858.64,1862.72,1852.88,1838.91,1828.85,1824.39,1825.34,1828.25,1833.04,1841.18,1849.25,1853.90,1854.70,1851.96,1843.82,1834.86,1825.19,1812.67,1795.78,1780.18,1763.94,1748.21,1745.07,1740.11,1720.98,1698.52,1672.98,1649.18,1632.50,1623.34,1611.11,1593.42,1570.07,1553.68,1540.55,1525.87,1518.94,1523.45,1517.43,1500.94,1475.12,1473.14,1495.09,1516.58,1530.67,1529.77,1517.26,1504.83,1496.07,1486.07,1474.26,1462.48,1450.13,1445.31,1441.51,1431.96,1413.55,1389.55,1369.65,1357.14,1349.59,1343.61,1331.18,1316.51,1303.38,1294.92,1281.97,1263.33,1239.88,1212.10,1183.59,1159.75,1134.51,1104.85,1073.91,1046.07,1023.82,1004.34,989.70,978.01,972.55,965.36,964.66,970.97,982.56,993.48,1005.20,1026.47,1040.63,1035.36,1026.25,1044.59,1065.82,1074.36,1069.87,1077.63,1101.84,1117.30,1136.27,1162.86,1191.15,1215.10,1229.42,1228.88,1219.01,1194.75,1172.94,1181.13,1185.92,1178.24,1189.47,1202.35,1208.83,1215.04,1219.01,1220.72,1225.49,1238.59,1262.88,1285.18,1304.43,1330.27,1355.12,1368.66,1379.26,1397.16,1418.98,1436.98,1450.84,1459.79,1469.78,1482.06,1501.83,1529.05,1550.26,1565.68,1577.24,1575.35,1556.49,1537.83,1526.50,1522.73,1515.52,1510.29,1524.14,1550.25,1573.16,1597.31,1616.39,1637.81,1648.67,1653.83,1656.64,1656.82,1668.44,1680.47,1693.55,1708.62,1724.42,1733.48,1743.04,1755.83,1770.50,1777.10,1783.54,1789.18,1789.40,1774.76,1757.00,1735.94,1714.34,1690.97,1672.44,1650.73,1631.87,1615.61,1598.92,1580.57,1560.90,1543.94,1531.77,1524.41,1518.65,1507.79,1493.01,1482.38,1478.49
1648.07,1666.40,1687.90,1710.18,1730.51,1747.57,1766.70,1789.15,1805.19,1816.86,1827.86,1837.13,1844.34,1846.74,1846.40,1845.36,1843.88,1843.48,1850.35,1867.13,1885.92,1907.04,1931.83,1953.71,1969.91,1979.21,1983.50,1993.23,2009.93,2027.18,2042.69,2060.72,2077.47,2094.32,2109.42,2122.54,2130.45,2132.72,2129.89,2118.92,2100.30,2073.16,2049.20,2022.46,1999.73,1976.49,1950.18,1928.10,1910.47,1893.87,1875.94,1859.96,1845.17,1829.52,1810.71,1789.12,1762.92,1746.27,1748.47,1754.01,1752.34,1761.16,1773.89,1779.71,1793.30,1808.72,1813.39,1813.53,1826.76,1849.05,1850.05,1834.55,1824.86,1819.24,1809.17,1806.12,1805.97,1806.78,1815.87,1828.88,1836.12,1839.78,1840.94,1840.79,1840.67,1836.23,1826.16,1815.28,1802.49,1783.37,1769.78,1765.18,1758.70,1738.86,1713.32,1683.29,1661.31,1652.36,1643.78,1632.03,1615.25,1599.08,1579.40,1563.50,1542.16,1516.57,1502.75,1498.41,1485.27,1480.54,1495.89,1519.93,1537.37,1539.10,1528.71,1515.92,1507.37,1494.15,1482.35,1468.37,1458.40,1450.53,1448.45,1442.90,1429.68,1407.12,1382.41,1360.42,1344.61,1337.79,1332.71,1318.42,1303.65,1285.46,1274.20,1264.73,1251.32,1232.85,1209.21,1183.79,1162.13,1140.57,1117.93,1092.01,1060.66,1034.94,1008.37,987.54,975.78,969.94,966.66,981.71,999.45,1011.96,1024.13,1040.38,1051.18,1061.65,1060.38,1049.91,1059.21,1079.25,1096.16,1096.84,1094.61,1115.67,1140.49,1157.00,1180.88,1206.40,1230.29,1245.21,1248.46,1234.31,1211.57,1195.09,1203.95,1209.81,1199.93,1210.57,1227.36,1235.06,1243.62,1249.03,1254.18,1253.71,1246.97,1253.07,1271.79,1290.78,1312.32,1333.16,1345.85,1366.47,1387.07,1407.23,1422.54,1432.12,1442.00,1455.40,1472.66,1495.05,1518.97,1544.14,1558.31,1572.39,1584.45,1579.33,1563.09,1557.17,1553.56,1547.33,1538.43,1531.75,1551.13,1580.87,1606.54,1627.55,1649.98,1663.93,1676.63,1684.14,1686.87,1696.83,1703.62,1710.16,1727.80,1741.25,1748.98,1754.99,1766.12,1778.41,1781.99,1783.19,1781.94,1784.83,1782.67,1768.10,1749.34,1728.59,1705.61,1694.72,1669.06,1646.77,1628.47,1613.28,1594.34,1572.97,1556.67,1551.04,1542.77,1533.91,1524.46,1512.97,1505.72,1498.37
1641.16,1661.77,1684.44,1706.20,1724.29,1742.19,1762.90,1788.34,1805.09,1816.92,1829.38,1840.87,1850.03,1858.61,1864.44,1867.23,1866.17,1863.41,1866.33,1883.43,1901.17,1922.75,1948.25,1968.72,1987.94,2003.47,2007.71,2013.01,2024.31,2036.14,2049.83,2064.60,2079.78,2095.72,2110.49,2122.51,2130.97,2133.97,2128.80,2116.43,2101.23,2073.37,2044.13,2015.51,1991.88,1969.60,1946.21,1923.52,1903.45,1882.19,1860.20,1842.43,1830.11,1816.35,1802.73,1784.06,1759.03,1733.70,1728.83,1735.66,1730.65,1740.95,1756.25,1762.58,1768.68,1786.76,1792.04,1793.10,1810.51,1833.17,1832.50,1819.35,1812.51,1806.08,1794.38,1787.97,1787.05,1787.59,1793.66,1805.53,1814.12,1816.13,1818.13,1820.30,1825.00,1828.80,1832.18,1831.29,1821.78,1806.10,1793.56,1780.63,1765.39,1743.46,1718.55,1692.91,1684.04,1675.91,1661.64,1647.59,1635.31,1619.84,1598.34,1580.79,1557.57,1531.71,1506.62,1494.50,1493.65,1501.78,1518.74,1540.80,1549.27,1540.78,1526.56,1516.68,1505.18,1491.41,1478.42,1466.48,1458.26,1455.03,1451.34,1441.87,1423.01,1398.07,1374.15,1353.80,1333.51,1320.10,1314.84,1307.04,1292.93,1270.72,1254.13,1245.68,1234.71,1218.84,1197.19,1174.67,1157.99,1142.07,1123.51,1101.57,1072.02,1044.04,1016.00,991.39,975.01,967.77,973.84,996.65,1021.75,1037.08,1047.72,1065.14,1069.89,1080.18,1084.95,1078.11,1073.01,1093.59,1114.83,1126.40,1121.83,1127.45,1157.53,1183.20,1205.31,1224.30,1244.24,1261.94,1267.76,1252.05,1231.18,1217.34,1226.40,1236.45,1226.06,1227.96,1247.97,1265.22,1277.49,1282.07,1286.40,1288.58,1273.19,1268.97,1270.26,1283.69,1297.66,1312.95,1330.00,1352.02,1372.32,1388.96,1405.18,1419.52,1434.80,1451.46,1466.92,1486.22,1505.85,1529.37,1554.11,1565.13,1584.83,1594.00,1590.55,1587.17,1584.36,1577.54,1565.53,1555.33,1557.25,1584.27,1610.91,1634.83,1657.62,1678.17,1696.31,1710.48,1718.49,1726.75,1731.95,1732.32,1743.66,1754.13,1762.11,1768.71,1777.89,1782.95,1782.58,1778.66,1770.75,1772.13,1776.46,1773.97,1763.79,1746.71,1725.61,1710.94,1689.65,1667.66,1648.95,1628.30,1614.14,1596.19,1580.16,1569.49,1554.36,1539.53,1533.25,1527.95,1516.92,1502.51
1635.02,1654.22,1674.88,1697.76,1716.52,1735.09,1757.23,1779.44,1798.91,1813.19,1826.88,1840.60,1850.99,1861.80,1871.38,1879.41,1883.90,1883.16,1885.52,1901.32,1915.44,1939.61,1961.32,1980.38,2001.03,2017.73,2028.72,2034.84,2040.85,2052.78,2066.05,2077.77,2089.42,2102.41,2116.45,2127.18,2133.12,2131.39,2119.28,2105.57,2089.97,2065.50,2041.43,2011.09,1984.87,1960.34,1940.44,1922.18,1904.72,1883.37,1861.95,1840.21,1820.21,1801.57,1785.70,1767.96,1746.94,1718.07,1710.80,1718.66,1712.01,1720.64,1734.08,1739.52,1750.99,1769.97,1772.28,1777.48,1799.42,1815.03,1817.57,1806.12,1795.55,1789.10,1782.86,1777.25,1772.00,1770.85,1772.74,1781.82,1789.86,1793.69,1795.20,1796.82,1804.61,1809.79,1816.28,1826.38,1831.04,1825.96,1813.56,1791.95,1769.27,1747.05,1724.88,1712.07,1706.97,1699.17,1683.56,1668.87,1650.68,1634.53,1612.72,1594.12,1575.06,1550.11,1527.64,1510.91,1512.47,1524.42,1537.98,1554.01,1552.32,1538.11,1526.38,1514.37,1501.85,1491.81,1479.92,1471.48,1463.58,1459.25,1453.30,1438.10,1413.74,1387.58,1366.40,1346.59,1325.39,1306.69,1298.50,1292.31,1276.59,1255.92,1237.46,1225.68,1215.55,1198.40,1176.05,1153.54,1142.87,1131.67,1118.02,1101.25,1074.86,1046.59,1017.93,991.64,974.78,967.86,975.91,1002.45,1036.31,1058.24,1073.17,1090.08,1093.76,1104.06,1111.14,1105.65,1093.74,1103.98,1127.12,1146.39,1146.79,1146.44,1168.01,1196.78,1221.47,1241.23,1261.56,1278.68,1284.51,1273.43,1258.18,1243.14,1246.04,1259.34,1253.54,1249.13,1272.11,1291.39,1303.36,1310.79,1314.23,1312.32,1296.04,1296.38,1286.71,1291.94,1317.17,1332.96,1339.03,1349.70,1365.47,1383.09,1405.04,1426.46,1442.70,1458.75,1474.98,1490.74,1508.56,1529.97,1555.78,1573.47,1589.10,1605.72,1613.43,1611.83,1606.71,1600.18,1591.47,1589.34,1582.10,1586.12,1606.54,1632.84,1658.86,1682.27,1703.83,1723.27,1738.07,1747.18,1751.20,1752.55,1756.02,1762.44,1771.98,1778.75,1782.94,1781.78,1778.55,1771.80,1760.01,1758.17,1762.57,1764.03,1758.10,1744.32,1726.44,1708.59,1691.47,1667.60,1647.54,1629.84,1619.73,1604.92,1588.03,1572.59,1551.85,1538.19,1531.54,1526.62,1514.38,1499.67
1648.44,1655.87,1670.03,1690.08,1707.86,1725.78,1747.31,1764.51,1785.28,1804.04,1819.11,1835.23,1846.25,1859.56,1873.33,1885.87,1894.29,1899.59,1905.68,1915.00,1930.42,1953.62,1972.75,1991.85,2009.34,2027.65,2044.89,2054.76,2060.01,2067.99,2077.28,2089.34,2101.03,2113.46,2125.52,2132.65,2135.32,2129.93,2115.30,2097.14,2072.33,2050.80,2029.60,2004.94,1980.22,1957.40,1937.55,1921.50,1906.27,1888.24,1870.29,1853.09,1832.48,1813.68,1790.97,1763.90,1736.22,1707.41,1690.87,1695.79,1691.27,1696.71,1707.32,1710.61,1727.42,1744.08,1752.67,1764.88,1782.35,1795.91,1799.37,1790.78,1777.56,1771.19,1768.50,1763.31,1756.01,1752.30,1755.10,1760.64,1764.88,1767.96,1769.16,1774.51,1784.24,1789.13,1798.28,1814.12,1825.32,1828.00,1819.33,1801.18,1778.98,1758.70,1743.76,1735.13,1729.99,1721.61,1707.48,1691.16,1664.35,1644.01,1630.91,1613.86,1591.07,1571.24,1554.84,1535.18,1539.70,1551.92,1559.68,1563.53,1552.59,1536.04,1523.16,1513.90,1507.92,1499.04,1487.02,1477.25,1469.77,1463.15,1454.11,1433.07,1406.09,1379.02,1357.99,1339.49,1319.30,1299.57,1288.89,1278.80,1263.63,1247.81,1234.10,1219.58,1207.51,1192.53,1164.53,1135.08,1115.14,1106.81,1101.76,1087.74,1067.71,1045.08,1017.42,992.73,974.85,968.35,973.61,1001.70,1036.76,1063.30,1088.11,1102.90,1110.67,1118.78,1127.54,1129.62,1126.24,1125.98,1138.83,1161.15,1170.41,1175.28,1191.21,1212.68,1238.24,1260.65,1278.14,1293.15,1299.97,1295.85,1284.70,1266.81,1270.67,1283.67,1277.90,1273.95,1296.42,1316.96,1329.51,1338.53,1341.83,1330.32,1318.31,1319.50,1304.36,1294.34,1324.38,1350.38,1362.24,1371.06,1380.21,1391.24,1411.47,1432.39,1450.34,1471.10,1489.64,1505.93,1522.99,1543.74,1567.75,1586.36,1601.55,1622.57,1635.26,1636.72,1631.14,1622.92,1619.26,1617.67,1608.57,1596.93,1605.33,1628.57,1654.29,1678.19,1699.20,1718.30,1737.05,1748.11,1756.94,1764.73,1768.36,1771.85,1778.48,1782.72,1782.17,1778.15,1773.91,1764.79,1751.00,1746.14,1745.45,1746.33,1744.02,1733.98,1712.84,1697.19,1680.66,1656.32,1633.78,1619.40,1608.68,1595.79,1581.51,1561.21,1541.79,1530.28,1520.38,1518.01,1511.18,1495.85
1663.20,1675.54,1686.26,1700.76,1716.57,1729.09,1742.66,1755.05,1774.22,1794.36,1811.09,1826.29,1838.95,1852.56,1869.84,1885.24,1898.79,1912.04,1923.45,1936.23,1948.58,1968.53,1988.10,2004.91,2020.51,2039.79,2056.91,2068.35,2075.11,2081.43,2089.28,2097.61,2107.98,2119.38,2127.67,2132.48,2135.44,2131.16,2118.84,2101.97,2074.91,2048.22,2019.98,1992.86,1968.64,1951.35,1932.65,1918.97,1906.46,1891.91,1875.68,1860.70,1840.91,1821.69,1799.82,1772.51,1744.91,1712.79,1681.01,1670.63,1667.99,1667.65,1675.71,1680.65,1702.13,1718.06,1736.32,1750.06,1759.05,1770.97,1780.50,1775.08,1761.72,1752.58,1749.14,1745.34,1739.47,1734.42,1733.87,1737.64,1740.03,1743.25,1746.43,1753.20,1762.76,1768.22,1782.71,1802.81,1808.71,1814.05,1809.26,1798.95,1780.66,1765.49,1756.63,1752.32,1748.86,1740.02,1724.47,1704.74,1680.03,1663.16,1647.79,1630.37,1612.62,1596.45,1580.59,1566.30,1563.38,1569.66,1571.88,1565.85,1549.15,1532.37,1522.91,1521.45,1513.13,1501.58,1490.32,1480.19,1471.25,1461.85,1449.59,1428.95,1402.22,1372.78,1352.47,1335.81,1318.38,1304.25,1298.36,1293.82,1280.18,1263.92,1247.63,1231.52,1211.16,1188.52,1164.80,1137.61,1107.63,1083.17,1070.81,1062.09,1051.12,1033.74,1011.09,990.45,974.35,968.87,972.04,999.05,1029.70,1055.60,1076.86,1094.46,1106.35,1116.62,1129.97,1141.12,1150.28,1155.16,1159.46,1173.85,1192.22,1208.15,1219.04,1240.28,1264.57,1281.06,1295.04,1311.00,1316.54,1312.73,1305.24,1291.93,1299.38,1310.28,1302.56,1295.31,1321.88,1341.48,1354.86,1365.89,1365.81,1350.42,1346.83,1341.67,1326.88,1311.42,1318.42,1350.86,1376.34,1390.06,1398.43,1409.56,1423.58,1438.42,1458.83,1481.45,1501.93,1520.03,1539.65,1560.88,1580.34,1597.07,1617.75,1641.31,1657.29,1661.51,1656.89,1648.21,1648.12,1645.68,1634.61,1622.04,1624.26,1638.26,1663.50,1686.04,1705.00,1724.06,1741.34,1755.37,1767.64,1775.36,1778.68,1781.13,1784.28,1784.72,1780.20,1774.93,1769.76,1757.03,1742.55,1734.71,1728.79,1729.22,1730.27,1719.90,1699.33,1684.39,1668.61,1648.87,1626.19,1606.60,1592.93,1583.28,1569.07,1546.73,1529.51,1514.72,1504.18,1504.73,1501.17,1491.65
1683.36,1700.04,1708.65,1719.92,1738.47,1754.12,1764.79,1770.65,1778.95,1795.09,1809.06,1820.84,1832.64,1845.53,1862.55,1879.64,1897.91,1916.75,1935.68,1954.88,1972.39,1989.01,2004.78,2022.82,2039.15,2052.47,2062.58,2071.25,2078.11,2085.14,2092.08,2098.32,2107.87,2118.02,2124.56,2129.60,2133.10,2127.52,2113.77,2095.94,2071.74,2047.12,2017.21,1989.09,1966.07,1948.67,1927.47,1911.12,1899.08,1888.70,1876.49,1862.74,1844.43,1823.32,1800.17,1773.62,1744.72,1714.09,1688.02,1663.74,1648.48,1645.89,1650.04,1658.39,1675.13,1693.63,1716.70,1730.49,1738.42,1754.59,1771.22,1765.76,1751.82,1736.11,1726.59,1725.58,1723.67,1718.80,1714.29,1712.75,1718.02,1720.81,1726.72,1733.89,1740.20,1751.83,1772.77,1787.85,1790.00,1792.31,1790.73,1783.92,1771.11,1761.68,1756.83,1752.67,1749.12,1740.57,1727.36,1711.74,1695.82,1679.89,1660.22,1643.66,1634.46,1617.68,1598.73,1587.21,1581.63,1576.61,1569.44,1556.57,1541.96,1531.39,1531.87,1528.18,1514.85,1499.60,1487.86,1478.35,1468.17,1456.78,1441.41,1424.73,1403.63,1377.31,1356.67,1340.46,1322.23,1308.76,1302.58,1297.08,1282.32,1267.00,1250.62,1233.62,1210.08,1183.40,1153.70,1126.83,1108.09,1080.01,1051.33,1034.67,1024.59,1013.50,999.54,981.42,972.60,969.42,972.99,997.00,1017.92,1038.64,1056.35,1070.76,1085.55,1099.08,1112.24,1128.03,1141.82,1156.77,1172.41,1190.54,1209.90,1225.97,1240.39,1260.94,1282.24,1298.84,1318.99,1333.38,1336.63,1333.51,1323.31,1313.87,1326.50,1335.84,1330.24,1322.90,1345.38,1362.21,1376.06,1388.70,1387.63,1374.40,1374.60,1364.30,1351.50,1337.65,1326.68,1349.73,1376.54,1401.01,1416.91,1429.20,1440.08,1455.14,1471.56,1489.67,1511.65,1535.75,1557.36,1575.23,1589.24,1605.07,1628.90,1657.27,1676.25,1683.94,1685.53,1679.25,1678.70,1674.37,1661.10,1652.21,1655.06,1661.03,1677.10,1695.29,1715.02,1736.66,1754.18,1768.94,1778.70,1783.08,1785.93,1789.74,1792.59,1788.05,1779.32,1771.92,1762.73,1749.96,1731.12,1717.42,1714.14,1714.63,1712.74,1705.02,1686.73,1669.74,1650.70,1634.97,1618.09,1597.57,1577.57,1567.40,1553.80,1534.82,1517.68,1499.27,1486.34,1485.97,1487.91,1482.30
1706.07,1720.74,1737.63,1744.85,1761.88,1780.58,1791.26,1797.71,1803.89,1817.57,1827.94,1835.21,1845.67,1862.82,1882.89,1899.61,1914.56,1928.04,1947.33,1970.47,1990.34,2005.14,2022.40,2038.92,2046.83,2051.88,2057.09,2063.30,2070.86,2077.46,2086.26,2093.11,2102.55,2112.97,2121.34,2127.60,2129.95,2119.46,2101.92,2078.59,2060.43,2039.17,2009.52,1983.96,1962.27,1943.15,1919.70,1901.78,1883.00,1872.45,1867.55,1858.33,1841.09,1820.22,1797.00,1771.26,1746.42,1720.03,1700.14,1673.64,1652.32,1633.32,1630.87,1638.50,1654.28,1674.23,1694.41,1709.69,1721.62,1746.77,1763.93,1758.43,1742.50,1726.35,1713.14,1708.51,1706.52,1702.49,1695.24,1688.98,1694.14,1696.96,1707.95,1714.17,1721.86,1742.69,1761.00,1771.39,1771.38,1768.75,1769.52,1762.17,1756.42,1748.48,1746.02,1744.50,1737.37,1727.05,1717.63,1707.16,1693.95,1681.65,1669.87,1655.47,1640.94,1622.72,1608.99,1597.29,1584.77,1570.29,1558.38,1547.26,1539.64,1540.86,1542.10,1531.31,1512.95,1496.82,1482.61,1469.64,1457.67,1444.97,1429.45,1415.80,1397.76,1375.19,1356.51,1336.53,1314.17,1294.14,1284.73,1279.48,1267.27,1254.55,1238.94,1224.59,1206.18,1179.51,1149.25,1113.55,1089.72,1068.11,1044.70,1019.15,999.99,991.73,981.10,974.72,972.42,971.79,975.66,988.47,995.76,1004.28,1026.07,1047.99,1063.37,1078.53,1092.06,1103.92,1118.63,1139.32,1164.14,1195.65,1215.84,1231.24,1242.63,1258.07,1283.87,1306.82,1329.57,1345.70,1355.06,1356.42,1345.50,1340.55,1353.94,1362.17,1359.38,1349.52,1363.57,1384.03,1396.96,1408.29,1409.94,1401.68,1399.83,1388.78,1367.37,1353.78,1344.46,1359.08,1381.61,1405.62,1426.09,1441.49,1456.82,1472.37,1486.17,1501.39,1520.32,1547.39,1571.30,1586.94,1602.49,1618.77,1636.67,1664.85,1682.98,1689.85,1691.41,1690.59,1694.07,1698.51,1691.21,1673.58,1681.52,1693.27,1700.81,1710.95,1727.66,1749.15,1766.60,1779.20,1785.51,1789.20,1794.16,1799.27,1800.42,1790.36,1777.97,1767.97,1753.76,1738.13,1720.54,1703.13,1692.86,1695.07,1692.63,1686.09,1671.84,1656.64,1635.29,1620.45,1604.85,1585.02,1565.80,1551.13,1538.27,1525.23,1507.99,1488.39,1473.34,1470.24,1471.51,1468.80
1724.84,1745.16,1760.56,1765.43,1781.90,1799.84,1815.19,1826.43,1828.44,1835.14,1846.64,1859.59,1875.43,1892.88,1908.70,1923.09,1938.60,1949.88,1966.29,1986.96,2004.71,2019.59,2031.93,2038.30,2037.67,2035.14,2037.67,2045.47,2052.51,2060.19,2071.36,2084.17,2097.83,2110.96,2119.57,2125.93,2124.45,2110.49,2088.01,2062.33,2040.02,2020.09,1995.92,1970.64,1948.56,1927.64,1905.93,1888.97,1873.84,1858.65,1853.75,1847.06,1830.51,1812.74,1792.32,1766.84,1745.14,1720.95,1702.94,1680.61,1658.05,1635.79,1617.78,1622.70,1639.20,1658.78,1675.60,1689.11,1706.61,1732.16,1747.87,1743.13,1727.88,1713.97,1701.35,1692.00,1686.08,1681.98,1676.32,1668.83,1674.24,1678.50,1685.02,1687.83,1700.93,1724.67,1744.84,1754.19,1753.41,1745.70,1744.28,1737.07,1733.69,1728.66,1729.52,1729.92,1720.93,1710.64,1700.22,1689.52,1680.43,1670.75,1662.49,1648.52,1632.59,1617.69,1607.09,1597.78,1585.84,1567.33,1556.24,1548.60,1542.97,1542.50,1543.99,1529.39,1507.99,1492.55,1476.69,1460.93,1446.90,1428.36,1414.88,1399.83,1381.01,1363.92,1345.72,1323.36,1301.73,1280.21,1263.38,1260.77,1253.23,1235.79,1219.61,1208.58,1192.49,1167.50,1141.14,1109.04,1078.89,1049.54,1031.81,1012.16,988.32,978.01,974.41,974.42,977.43,977.47,976.40,979.08,982.27,987.79,1001.84,1022.52,1041.51,1055.57,1068.85,1083.91,1107.42,1131.26,1158.59,1183.91,1205.89,1217.99,1228.76,1249.18,1272.69,1295.29,1321.82,1348.77,1365.96,1373.65,1368.48,1366.09,1381.38,1387.60,1384.39,1376.65,1383.74,1399.26,1414.34,1429.42,1430.60,1424.28,1420.12,1402.88,1377.92,1362.21,1361.74,1368.07,1388.11,1409.52,1432.13,1453.58,1470.42,1486.29,1502.19,1516.97,1533.79,1557.35,1579.98,1597.49,1617.85,1637.17,1654.33,1672.16,1680.19,1682.21,1683.87,1690.27,1700.30,1706.92,1708.61,1702.48,1706.42,1714.11,1725.33,1736.19,1749.22,1763.82,1779.72,1788.13,1792.14,1797.44,1802.24,1804.57,1801.34,1786.41,1772.05,1761.57,1744.87,1725.14,1710.60,1690.51,1673.43,1672.58,1669.58,1662.77,1654.34,1640.18,1625.34,1609.27,1590.63,1572.06,1553.57,1537.90,1526.12,1513.77,1498.06,1481.60,1464.74,1457.23,1458.40,1455.41
1729.95,1758.58,1774.15,1781.55,1795.03,1815.41,1838.05,1850.24,1854.55,1859.95,1868.12,1876.16,1886.81,1898.39,1911.69,1927.65,1944.39,1959.78,1980.09,1994.62,2010.67,2020.94,2023.74,2023.27,2017.63,2018.34,2022.84,2026.75,2034.71,2047.53,2066.46,2082.98,2097.18,2110.73,2119.21,2124.63,2120.76,2104.48,2079.18,2051.69,2028.87,2004.56,1979.79,1955.04,1930.37,1909.89,1892.21,1875.09,1862.31,1846.75,1835.61,1830.97,1816.98,1800.37,1783.52,1761.67,1739.06,1716.29,1701.95,1681.74,1659.29,1637.72,1612.54,1605.83,1623.89,1644.07,1660.09,1673.77,1691.30,1709.77,1726.51,1727.63,1713.56,1700.01,1689.81,1682.14,1672.97,1664.81,1655.65,1645.99,1654.75,1662.49,1666.21,1673.72,1686.85,1701.98,1721.76,1734.72,1734.61,1723.07,1714.62,1712.43,1709.94,1706.57,1714.55,1713.11,1702.30,1689.04,1677.40,1669.69,1662.50,1654.78,1646.49,1630.60,1616.63,1611.45,1605.32,1597.01,1583.46,1565.76,1554.75,1547.30,1539.92,1536.57,1535.45,1521.58,1501.14,1485.95,1471.72,1455.99,1439.56,1414.93,1396.27,1380.22,1362.85,1346.47,1327.16,1306.73,1286.72,1263.17,1244.94,1233.80,1226.75,1213.50,1203.08,1189.27,1169.82,1147.24,1124.12,1100.26,1073.39,1043.80,1020.04,999.76,981.55,975.78,975.87,984.08,987.74,987.74,990.25,994.70,996.63,995.80,995.13,1003.32,1017.07,1032.51,1048.47,1071.13,1099.68,1119.35,1141.63,1158.86,1177.44,1196.45,1219.26,1246.41,1266.49,1287.39,1315.20,1345.97,1364.24,1379.13,1386.74,1391.20,1399.68,1402.60,1400.65,1399.57,1401.94,1415.03,1432.88,1447.36,1449.51,1444.24,1432.70,1409.06,1385.26,1378.34,1382.67,1383.55,1396.64,1418.16,1443.10,1462.32,1483.14,1503.33,1517.40,1537.94,1554.49,1573.89,1590.35,1608.01,1633.15,1654.65,1668.22,1671.62,1671.22,1677.03,1686.03,1694.66,1703.58,1712.56,1720.02,1725.42,1731.07,1740.61,1749.25,1760.04,1771.66,1781.24,1789.88,1792.90,1795.72,1799.21,1802.45,1804.89,1798.35,1779.24,1761.15,1749.11,1734.76,1718.67,1702.42,1679.75,1659.47,1653.07,1648.78,1643.37,1638.25,1624.95,1614.03,1598.42,1580.92,1563.34,1542.02,1526.70,1513.83,1501.13,1488.63,1473.68,1457.06,1444.80,1442.40,1439.59
1737.11,1764.46,1784.35,1798.96,1808.66,1825.74,1848.35,1859.48,1863.57,1867.22,1869.14,1871.37,1879.31,1889.43,1900.75,1916.56,1934.88,1952.32,1970.02,1989.10,2008.59,2011.99,2006.47,2003.06,1996.84,1997.96,2002.79,2015.98,2034.74,2054.16,2071.91,2084.68,2095.72,2108.45,2117.65,2122.89,2118.53,2099.83,2079.46,2064.55,2040.49,2010.43,1984.56,1959.99,1937.81,1910.96,1885.55,1864.83,1845.73,1826.79,1814.99,1813.44,1806.07,1790.03,1774.97,1757.65,1734.29,1712.47,1698.17,1676.95,1656.60,1634.47,1607.92,1594.98,1609.85,1629.24,1640.74,1657.80,1670.57,1685.75,1705.14,1714.50,1702.06,1687.98,1679.48,1671.60,1661.58,1648.17,1631.48,1625.27,1633.06,1641.26,1647.81,1661.91,1670.98,1682.38,1703.81,1714.48,1712.58,1701.22,1689.89,1685.89,1683.92,1685.91,1697.48,1693.40,1680.63,1668.31,1658.62,1649.96,1642.04,1633.98,1621.00,1603.60,1596.04,1597.75,1593.88,1585.40,1572.02,1558.66,1550.29,1543.94,1535.85,1529.00,1524.33,1512.39,1497.68,1485.37,1473.56,1458.28,1441.98,1415.81,1393.08,1369.93,1349.67,1327.72,1307.04,1287.18,1264.98,1244.48,1223.67,1205.04,1197.90,1189.77,1179.08,1164.54,1145.03,1122.42,1097.45,1079.67,1059.08,1037.15,1013.08,989.66,977.86,975.19,983.19,1002.67,1010.77,1009.69,1015.56,1023.89,1024.71,1021.81,1017.66,1016.25,1015.92,1019.27,1031.90,1054.77,1078.89,1095.35,1113.95,1136.72,1159.28,1190.95,1216.09,1237.60,1261.90,1286.75,1312.21,1335.73,1352.46,1370.88,1388.83,1400.42,1407.11,1412.01,1416.87,1422.94,1426.43,1436.64,1452.53,1464.38,1468.91,1461.33,1440.07,1414.27,1397.37,1394.90,1400.11,1401.65,1408.61,1429.22,1451.78,1471.51,1497.07,1519.82,1538.58,1556.63,1576.67,1593.39,1607.56,1625.49,1646.57,1659.65,1662.17,1662.08,1669.01,1680.06,1686.47,1692.59,1700.81,1712.45,1722.84,1734.25,1744.61,1754.20,1763.10,1771.61,1778.03,1782.61,1787.31,1790.85,1792.96,1796.51,1801.09,1799.13,1788.54,1766.80,1749.37,1734.09,1723.25,1710.40,1693.62,1672.13,1649.21,1636.79,1628.05,1623.25,1618.00,1608.00,1597.24,1582.72,1568.67,1550.14,1532.55,1516.81,1501.81,1487.35,1475.35,1462.83,1451.08,1438.86,1428.29,1420.95
1750.23,1772.75,1794.83,1807.92,1818.04,1827.13,1842.13,1852.21,1854.55,1851.04,1847.28,1850.01,1856.41,1867.51,1880.74,1899.88,1917.83,1937.34,1958.50,1981.32,1995.63,1989.68,1978.54,1975.40,1972.65,1981.61,2002.10,2023.31,2038.37,2054.63,2069.41,2080.67,2091.03,2102.47,2112.90,2119.88,2119.79,2105.97,2085.52,2067.01,2040.29,2013.19,1991.84,1967.86,1947.75,1924.97,1901.64,1877.15,1851.74,1824.96,1799.13,1790.00,1789.47,1782.28,1767.86,1751.07,1729.28,1709.12,1690.41,1667.04,1649.99,1626.94,1600.13,1587.01,1597.84,1610.72,1619.45,1636.71,1645.23,1663.14,1678.57,1694.11,1692.77,1681.61,1669.80,1659.67,1650.52,1634.52,1616.66,1604.37,1612.05,1622.58,1630.88,1641.89,1653.19,1671.84,1688.51,1690.75,1688.34,1683.39,1672.77,1665.38,1662.57,1670.47,1682.49,1677.88,1663.64,1649.05,1636.48,1627.82,1622.23,1615.21,1602.04,1584.22,1575.30,1575.20,1573.76,1568.03,1556.86,1546.94,1542.66,1539.29,1531.22,1521.15,1514.11,1504.85,1494.96,1486.47,1476.09,1463.37,1450.19,1424.90,1403.03,1382.12,1358.56,1331.84,1306.93,1277.51,1253.91,1232.99,1209.30,1189.36,1174.97,1166.00,1154.11,1137.32,1117.18,1097.97,1075.27,1055.21,1037.10,1018.73,1000.59,982.29,976.81,976.30,989.75,1018.45,1035.93,1040.67,1049.68,1061.13,1065.20,1062.16,1055.51,1052.95,1043.59,1032.74,1028.20,1037.65,1056.76,1084.28,1113.31,1139.31,1162.52,1183.03,1205.90,1230.14,1257.22,1278.43,1302.16,1318.46,1337.61,1360.65,1381.38,1391.27,1396.79,1401.23,1412.52,1427.62,1433.47,1444.45,1456.74,1467.94,1478.78,1476.61,1451.24,1431.22,1415.99,1413.32,1419.39,1421.36,1426.70,1444.72,1463.34,1483.09,1507.67,1533.23,1556.83,1576.28,1594.98,1610.12,1622.29,1635.27,1645.99,1648.84,1650.57,1662.55,1672.12,1675.42,1682.59,1686.17,1691.21,1701.79,1715.71,1728.04,1738.90,1749.12,1757.99,1765.13,1770.12,1773.91,1778.28,1783.62,1789.04,1794.79,1797.43,1788.10,1768.82,1753.11,1738.99,1720.86,1707.82,1697.26,1683.32,1666.17,1645.45,1627.12,1607.85,1599.08,1594.95,1587.38,1579.52,1567.91,1552.93,1532.30,1516.43,1499.85,1487.59,1478.14,1466.80,1451.54,1441.27,1433.25,1423.63,1410.55
1756.98,1782.21,1800.89,1806.30,1808.95,1811.83,1821.55,1831.07,1833.52,1829.37,1823.79,1826.77,1831.82,1839.63,1860.03,1886.35,1908.82,1928.46,1950.43,1966.93,1972.10,1964.93,1951.25,1949.22,1961.39,1984.82,2004.42,2019.32,2032.83,2046.84,2062.32,2072.12,2082.64,2093.77,2104.51,2113.13,2116.88,2105.77,2078.12,2052.16,2028.83,2007.41,1988.42,1964.61,1947.12,1928.41,1909.41,1885.66,1861.42,1837.88,1811.45,1784.03,1763.84,1763.75,1760.28,1746.35,1725.54,1704.47,1679.60,1657.56,1638.68,1615.65,1590.29,1577.24,1583.08,1589.79,1599.21,1612.07,1618.90,1637.00,1652.20,1664.05,1672.83,1670.56,1659.59,1644.95,1632.61,1619.29,1603.67,1589.06,1591.55,1604.77,1611.56,1624.67,1647.15,1666.34,1670.57,1666.21,1665.27,1662.32,1650.39,1642.89,1643.86,1659.13,1668.11,1661.69,1645.68,1630.33,1620.27,1612.45,1606.15,1598.35,1584.79,1568.58,1556.59,1554.91,1553.24,1549.71,1542.35,1535.02,1533.17,1532.27,1525.81,1512.08,1502.01,1492.79,1485.32,1478.27,1470.88,1460.46,1452.25,1436.01,1415.43,1396.36,1368.84,1341.62,1315.96,1289.42,1266.69,1248.38,1222.50,1200.06,1175.03,1153.54,1135.03,1111.40,1095.77,1081.79,1065.20,1047.59,1029.90,1014.53,994.95,978.67,976.36,979.55,996.52,1025.41,1052.40,1068.07,1082.04,1095.33,1106.39,1104.26,1092.03,1086.84,1073.41,1057.08,1045.92,1039.22,1045.34,1076.89,1108.48,1128.59,1149.83,1172.30,1196.72,1222.58,1249.65,1266.35,1282.36,1299.01,1323.56,1350.32,1368.84,1372.65,1373.42,1379.18,1393.03,1406.05,1413.98,1425.24,1440.53,1454.37,1470.49,1480.68,1472.09,1454.28,1441.37,1435.50,1442.44,1449.36,1453.02,1467.31,1485.61,1500.62,1521.71,1546.22,1568.34,1589.64,1605.02,1615.16,1622.05,1629.09,1633.28,1636.03,1649.09,1664.91,1664.19,1661.38,1669.95,1668.04,1671.63,1683.93,1700.21,1715.91,1726.84,1736.84,1746.89,1754.57,1759.14,1762.40,1767.96,1777.23,1787.84,1791.82,1792.16,1783.15,1759.34,1742.97,1726.64,1706.09,1689.00,1676.14,1665.52,1655.26,1640.39,1623.13,1597.65,1579.11,1571.93,1567.81,1563.68,1553.16,1536.67,1517.96,1498.63,1480.80,1472.22,1465.04,1453.79,1440.58,1428.06,1416.33,1406.75,1392.71
1767.31,1784.88,1792.26,1790.91,1787.56,1792.45,1804.56,1809.89,1810.27,1804.31,1798.05,1798.79,1808.00,1829.65,1849.02,1871.70,1891.99,1909.77,1929.25,1938.90,1939.07,1936.61,1926.70,1939.43,1963.57,1979.74,1990.41,2002.91,2023.46,2038.83,2053.53,2064.52,2073.90,2085.74,2098.89,2108.58,2112.16,2097.31,2068.89,2038.45,2016.96,1996.24,1975.04,1953.95,1936.97,1919.32,1903.99,1881.16,1862.60,1845.19,1821.71,1797.36,1766.17,1743.76,1737.43,1729.45,1715.87,1696.01,1671.97,1650.82,1630.02,1609.76,1590.15,1570.68,1568.18,1570.13,1575.54,1582.67,1591.67,1611.87,1623.41,1632.97,1646.27,1653.66,1647.12,1633.25,1621.27,1610.78,1594.19,1577.64,1573.43,1584.48,1594.13,1619.03,1639.64,1654.77,1651.19,1641.79,1641.54,1639.57,1629.43,1620.20,1627.27,1648.29,1655.39,1646.00,1630.64,1615.16,1605.71,1599.67,1592.67,1583.68,1571.26,1555.71,1540.55,1534.51,1531.26,1528.50,1523.80,1521.13,1523.87,1524.28,1518.64,1502.27,1487.56,1475.39,1470.44,1465.35,1459.91,1450.40,1442.28,1431.11,1415.83,1397.67,1371.84,1345.29,1319.08,1295.22,1273.22,1254.03,1235.08,1213.47,1189.89,1172.47,1153.74,1129.07,1111.30,1100.83,1088.23,1068.58,1047.88,1023.54,997.25,980.95,977.33,983.56,1002.31,1028.54,1055.98,1082.11,1100.35,1119.92,1136.23,1134.21,1122.06,1116.31,1101.50,1086.96,1073.87,1060.25,1053.84,1061.16,1091.88,1115.39,1138.36,1164.43,1188.37,1210.51,1235.05,1252.70,1263.51,1285.02,1312.61,1334.42,1348.17,1347.44,1347.01,1359.46,1374.37,1385.16,1392.13,1399.10,1414.97,1438.58,1460.50,1472.78,1478.72,1474.25,1463.86,1458.04,1467.54,1480.72,1483.97,1492.14,1510.40,1525.90,1543.90,1562.67,1576.10,1586.50,1597.29,1604.79,1608.47,1613.09,1620.73,1635.78,1649.73,1656.72,1650.99,1645.82,1650.15,1646.49,1649.70,1663.50,1684.53,1699.28,1712.99,1723.29,1732.72,1741.36,1745.97,1750.88,1762.38,1776.88,1787.88,1793.65,1793.17,1782.31,1757.17,1739.84,1718.74,1693.95,1670.08,1655.68,1641.91,1636.92,1626.71,1608.18,1588.12,1568.38,1550.78,1548.20,1545.64,1536.20,1521.34,1504.92,1483.24,1461.41,1452.20,1446.63,1437.74,1425.80,1410.94,1397.23,1384.93,1371.73
1767.75,1776.39,1777.95,1773.47,1765.10,1769.22,1782.43,1788.51,1786.52,1777.10,1771.89,1778.76,1795.57,1817.91,1835.00,1849.40,1864.89,1881.33,1895.13,1903.73,1904.78,1900.14,1910.61,1937.40,1955.25,1962.74,1975.73,1994.18,2015.10,2031.42,2044.96,2058.17,2071.16,2084.31,2099.62,2109.53,2111.31,2095.08,2067.05,2037.83,2016.05,1991.24,1967.18,1944.05,1921.93,1902.65,1884.66,1860.80,1847.34,1840.82,1823.99,1804.22,1780.44,1756.02,1729.61,1709.24,1697.70,1682.36,1665.88,1651.53,1634.82,1617.02,1601.53,1580.74,1562.75,1555.94,1555.40,1555.81,1567.49,1587.95,1598.77,1604.03,1612.55,1624.98,1625.36,1618.47,1612.78,1603.01,1584.63,1567.68,1555.19,1569.06,1587.87,1609.92,1625.98,1638.85,1642.01,1625.21,1618.76,1612.03,1606.94,1599.98,1612.72,1634.67,1639.78,1631.88,1617.86,1600.24,1585.47,1578.76,1577.95,1573.34,1560.61,1544.73,1528.41,1516.43,1510.00,1506.47,1503.57,1506.32,1511.99,1511.63,1505.34,1491.11,1474.92,1459.48,1453.37,1450.50,1445.61,1435.48,1423.41,1412.68,1404.41,1391.71,1374.54,1353.35,1328.98,1306.98,1284.35,1264.87,1246.46,1223.55,1207.54,1194.44,1175.44,1154.38,1137.14,1117.70,1095.68,1071.71,1048.53,1018.26,993.43,982.51,978.10,985.00,1004.17,1028.41,1051.07,1079.08,1104.45,1132.40,1153.70,1156.91,1150.27,1143.37,1128.02,1117.39,1103.89,1092.80,1082.91,1067.22,1074.87,1104.70,1127.32,1147.70,1170.80,1194.01,1213.87,1231.36,1252.67,1276.10,1298.09,1315.42,1326.37,1324.37,1327.32,1340.61,1352.48,1361.38,1369.34,1382.44,1404.29,1429.98,1446.59,1458.35,1466.87,1469.16,1470.06,1472.91,1485.00,1501.35,1507.64,1513.24,1522.81,1533.85,1547.06,1564.88,1574.16,1576.40,1579.25,1584.75,1589.62,1603.59,1622.61,1633.91,1637.96,1639.71,1634.79,1628.86,1630.80,1627.71,1635.24,1648.80,1663.91,1679.71,1697.15,1707.02,1716.93,1726.24,1735.56,1747.73,1762.34,1777.66,1789.03,1797.20,1795.37,1778.56,1753.78,1737.51,1713.77,1688.71,1660.73,1638.38,1620.98,1613.95,1607.28,1590.37,1574.80,1556.64,1535.28,1526.82,1526.05,1519.44,1505.98,1489.19,1470.00,1445.91,1430.69,1424.87,1415.24,1402.16,1389.00,1381.37,1375.15,1370.81
1751.66,1758.27,1756.91,1747.60,1740.38,1749.87,1759.49,1762.68,1759.51,1751.14,1748.71,1761.68,1778.14,1795.15,1810.28,1825.17,1834.94,1853.20,1867.24,1873.78,1876.58,1881.18,1903.37,1925.30,1937.83,1948.53,1969.95,1990.17,2010.28,2028.03,2041.39,2057.22,2073.43,2088.06,2101.57,2110.77,2109.88,2090.46,2063.74,2039.32,2015.47,1990.52,1967.21,1944.63,1921.30,1900.58,1874.77,1853.04,1831.68,1819.07,1812.31,1799.40,1783.32,1765.26,1740.78,1711.54,1688.19,1668.63,1652.51,1641.80,1631.14,1618.73,1611.26,1600.59,1581.19,1560.99,1545.78,1539.61,1549.28,1565.39,1575.25,1580.51,1587.14,1595.87,1599.61,1597.56,1596.32,1589.64,1573.86,1558.50,1543.96,1558.27,1574.99,1591.12,1606.71,1624.17,1634.94,1613.11,1596.63,1586.64,1579.13,1580.83,1604.66,1620.80,1624.42,1618.03,1604.83,1587.20,1568.38,1557.54,1559.62,1558.77,1548.55,1530.18,1513.43,1501.35,1490.27,1484.72,1487.40,1495.82,1500.62,1499.24,1492.83,1479.06,1457.52,1443.15,1435.30,1433.55,1427.41,1416.29,1400.78,1390.20,1387.03,1380.27,1368.84,1354.28,1336.12,1316.10,1296.23,1273.41,1254.11,1238.22,1225.61,1207.45,1187.95,1170.71,1147.53,1121.76,1097.79,1074.02,1050.21,1020.27,996.31,983.02,978.58,985.68,1004.59,1027.33,1048.64,1070.32,1095.88,1126.37,1153.29,1174.49,1177.95,1169.77,1157.13,1148.31,1131.18,1119.80,1109.82,1090.43,1071.56,1089.17,1111.48,1131.43,1151.68,1172.96,1194.36,1214.88,1242.37,1262.78,1277.41,1290.26,1300.65,1298.05,1309.50,1322.42,1329.24,1334.78,1347.14,1375.03,1400.39,1417.18,1427.04,1436.38,1444.31,1448.35,1451.36,1466.99,1485.18,1503.22,1511.96,1516.78,1518.70,1520.88,1532.24,1546.77,1556.84,1558.88,1560.04,1567.32,1578.72,1602.85,1616.50,1619.67,1620.10,1620.29,1616.02,1610.30,1610.42,1609.56,1618.15,1631.64,1643.32,1660.68,1680.20,1696.56,1712.02,1726.96,1742.24,1753.32,1764.51,1779.48,1791.31,1799.65,1795.46,1774.38,1749.45,1731.55,1705.77,1681.38,1654.88,1633.74,1606.59,1590.41,1586.90,1576.62,1557.61,1538.73,1521.85,1508.57,1503.58,1498.61,1486.00,1470.16,1450.53,1429.48,1418.44,1413.19,1410.32,1407.89,1404.95,1400.24,1391.74,1396.01
1727.84,1732.64,1730.38,1722.10,1716.24,1728.62,1737.52,1739.41,1736.24,1731.80,1738.95,1753.39,1766.08,1777.19,1789.56,1805.11,1816.15,1828.76,1841.12,1847.56,1859.85,1877.91,1895.57,1917.65,1937.60,1956.63,1975.30,1996.59,2018.11,2033.00,2045.94,2064.56,2078.68,2093.53,2106.72,2114.61,2109.43,2086.63,2061.59,2036.94,2009.86,1983.43,1961.52,1939.75,1917.36,1901.68,1885.40,1864.29,1839.45,1813.78,1792.58,1777.79,1768.21,1757.50,1738.49,1713.07,1687.59,1665.03,1645.24,1627.08,1618.63,1609.77,1601.77,1601.18,1597.07,1578.62,1557.64,1536.06,1531.18,1542.50,1553.32,1560.03,1568.89,1577.77,1580.84,1578.28,1578.34,1574.27,1560.74,1545.71,1529.47,1543.57,1556.15,1571.92,1584.36,1606.16,1621.10,1602.05,1578.87,1563.56,1556.60,1570.87,1593.31,1602.68,1603.47,1598.99,1586.82,1568.36,1551.14,1538.31,1540.35,1541.82,1532.64,1515.54,1497.81,1484.57,1474.24,1471.22,1484.66,1490.96,1490.95,1487.54,1481.56,1468.47,1445.89,1430.03,1420.88,1416.52,1408.27,1398.27,1386.83,1375.55,1369.83,1361.29,1353.98,1343.14,1328.38,1312.03,1297.73,1282.13,1267.07,1251.89,1231.87,1208.83,1188.55,1167.81,1145.50,1123.43,1097.49,1073.97,1051.45,1022.41,997.31,982.35,979.23,986.97,1004.86,1028.86,1051.14,1070.30,1093.59,1120.14,1149.00,1181.42,1200.67,1196.33,1185.12,1173.00,1155.49,1144.81,1129.41,1109.85,1087.96,1081.30,1096.55,1115.97,1136.98,1156.01,1176.00,1202.41,1224.67,1243.63,1254.89,1264.28,1272.83,1274.38,1287.48,1299.95,1305.49,1311.30,1335.07,1367.39,1386.67,1394.96,1404.81,1417.68,1424.45,1427.99,1433.32,1454.00,1474.65,1489.49,1497.50,1499.33,1497.94,1498.61,1508.70,1520.88,1529.73,1534.10,1541.61,1557.64,1572.72,1590.27,1596.96,1598.16,1598.92,1599.16,1595.95,1589.98,1595.39,1609.47,1623.85,1639.18,1649.34,1665.27,1682.06,1699.03,1716.76,1735.51,1754.58,1763.98,1771.22,1782.56,1790.92,1797.58,1791.73,1769.63,1746.08,1724.88,1701.32,1676.99,1649.72,1630.63,1605.73,1581.12,1564.98,1554.46,1538.95,1523.35,1510.66,1499.23,1485.46,1475.99,1464.76,1455.01,1445.68,1436.19,1429.11,1432.50,1433.58,1431.81,1426.00,1419.40,1411.36,1422.83
1705.04,1706.61,1703.35,1696.47,1695.80,1709.43,1718.24,1719.55,1718.22,1728.89,1754.14,1773.99,1786.45,1793.97,1799.07,1806.25,1818.86,1832.20,1844.86,1854.17,1866.47,1880.42,1901.25,1926.23,1946.74,1968.91,1986.80,2005.96,2026.17,2038.59,2054.45,2071.60,2084.10,2100.07,2114.15,2119.20,2105.93,2085.23,2062.59,2035.73,2006.99,1980.64,1959.71,1937.83,1914.69,1891.79,1875.78,1861.41,1839.50,1820.58,1800.54,1777.42,1751.40,1735.98,1722.73,1702.53,1678.66,1657.12,1641.87,1641.06,1636.25,1622.02,1603.12,1585.34,1580.13,1569.58,1556.93,1537.73,1522.49,1520.43,1526.48,1535.66,1552.11,1563.19,1564.51,1560.55,1561.79,1562.92,1549.61,1527.18,1511.42,1522.99,1538.68,1552.64,1567.78,1594.14,1606.85,1584.23,1561.38,1544.09,1540.07,1554.58,1570.41,1581.77,1584.35,1577.45,1562.32,1547.73,1536.01,1521.86,1520.61,1524.60,1517.70,1502.59,1485.50,1466.32,1458.30,1462.10,1476.74,1478.67,1474.58,1472.06,1468.07,1459.62,1437.38,1418.73,1405.64,1398.35,1390.35,1382.69,1371.81,1358.03,1347.49,1338.12,1332.30,1321.55,1309.86,1299.02,1287.63,1280.64,1270.88,1255.06,1231.63,1205.18,1182.63,1156.24,1137.29,1112.22,1087.46,1066.97,1046.13,1018.63,994.44,981.75,980.42,988.45,1007.59,1034.66,1057.78,1076.38,1103.03,1132.31,1161.11,1188.43,1214.07,1217.25,1207.38,1193.02,1175.26,1165.79,1147.51,1126.15,1106.41,1086.88,1089.33,1099.63,1119.93,1139.70,1160.53,1185.74,1205.53,1216.30,1223.89,1237.42,1246.70,1256.94,1267.36,1275.79,1286.64,1305.84,1337.22,1358.79,1365.29,1367.63,1380.81,1395.63,1400.64,1407.19,1424.10,1445.28,1459.03,1467.92,1472.95,1474.16,1472.23,1477.43,1489.22,1497.72,1508.47,1524.30,1541.90,1554.58,1562.02,1568.76,1572.46,1573.61,1574.36,1575.31,1573.74,1577.19,1604.74,1622.39,1637.56,1654.24,1670.41,1689.09,1701.60,1711.08,1723.70,1741.67,1761.27,1771.30,1777.81,1784.10,1788.42,1787.70,1778.93,1761.13,1742.90,1720.75,1698.61,1673.80,1645.44,1624.54,1602.85,1578.19,1553.06,1543.91,1541.90,1539.11,1534.98,1528.91,1509.68,1496.24,1484.51,1481.83,1468.96,1451.30,1457.42,1460.04,1459.40,1457.76,1448.95,1442.43,1431.59,1447.26
1683.38,1684.82,1679.83,1674.18,1677.52,1691.05,1699.28,1704.30,1714.82,1739.63,1768.12,1791.53,1805.43,1813.53,1817.20,1822.15,1835.92,1851.61,1864.84,1873.81,1879.49,1891.49,1914.06,1934.32,1953.94,1978.16,1995.09,2013.85,2031.12,2044.39,2061.94,2076.06,2089.22,2105.46,2119.37,2116.19,2093.48,2072.44,2056.58,2031.99,2001.87,1978.40,1958.70,1935.66,1913.21,1889.95,1867.59,1845.84,1828.99,1813.24,1797.77,1778.95,1757.52,1731.31,1705.32,1684.62,1666.06,1658.17,1665.53,1668.08,1656.86,1635.60,1611.65,1590.91,1570.01,1552.39,1543.26,1530.97,1520.01,1511.07,1509.68,1514.59,1529.18,1542.58,1543.24,1537.23,1539.03,1542.92,1536.98,1519.02,1497.34,1505.44,1520.46,1537.53,1563.54,1590.50,1597.54,1574.95,1546.28,1527.71,1521.46,1533.01,1547.06,1556.35,1562.63,1555.71,1543.99,1532.51,1521.89,1505.60,1500.70,1508.99,1504.64,1489.76,1471.58,1453.67,1444.20,1451.66,1463.33,1461.07,1456.95,1457.25,1456.61,1451.67,1436.21,1415.50,1399.63,1385.19,1371.76,1361.10,1349.54,1337.67,1328.15,1319.20,1307.63,1300.58,1293.15,1278.08,1268.09,1265.09,1259.62,1248.80,1229.20,1205.28,1180.35,1151.84,1130.53,1108.27,1086.00,1064.36,1042.83,1018.43,994.64,982.64,981.92,989.78,1011.86,1039.46,1064.22,1088.11,1113.62,1140.36,1169.80,1199.49,1227.38,1235.70,1226.96,1209.15,1192.93,1183.47,1164.27,1146.15,1121.38,1095.01,1091.32,1095.20,1111.00,1125.38,1141.23,1161.39,1178.28,1184.63,1189.68,1204.42,1215.31,1234.36,1251.94,1272.32,1294.15,1316.46,1338.21,1345.64,1342.35,1343.66,1357.57,1367.82,1375.07,1393.78,1415.02,1428.45,1438.11,1444.92,1451.20,1453.11,1448.83,1454.97,1466.78,1474.95,1495.72,1515.80,1526.24,1532.71,1537.77,1544.42,1547.25,1547.12,1547.59,1549.21,1555.66,1576.39,1604.20,1624.74,1643.93,1662.97,1682.61,1703.25,1720.37,1734.77,1740.70,1748.35,1765.24,1778.51,1785.81,1788.00,1782.06,1769.41,1761.80,1751.84,1736.97,1716.65,1695.61,1669.47,1641.36,1617.99,1595.14,1569.35,1558.48,1566.24,1570.77,1568.73,1562.53,1557.33,1539.08,1518.89,1508.23,1499.48,1474.59,1472.85,1487.09,1484.90,1481.79,1474.48,1466.81,1464.77,1454.21,1468.05
1659.68,1659.75,1658.85,1659.57,1664.82,1676.49,1689.20,1705.00,1725.75,1749.34,1777.39,1802.63,1820.84,1836.12,1841.51,1841.14,1849.88,1868.52,1886.74,1898.69,1903.77,1911.62,1924.54,1940.05,1961.44,1984.96,2000.12,2019.14,2034.27,2047.66,2066.23,2078.88,2093.09,2109.22,2120.80,2107.49,2084.26,2061.90,2043.98,2022.61,1994.92,1974.94,1952.97,1928.78,1906.62,1885.71,1868.68,1844.89,1824.47,1807.56,1789.62,1771.42,1753.94,1726.72,1699.77,1677.97,1679.64,1692.04,1696.40,1686.44,1668.11,1646.86,1623.33,1601.19,1579.05,1560.45,1548.36,1536.85,1524.17,1512.57,1502.94,1500.50,1510.07,1520.82,1521.82,1516.37,1512.60,1514.57,1515.86,1513.03,1491.77,1488.58,1505.04,1526.52,1550.18,1575.96,1576.29,1562.16,1537.18,1512.63,1503.91,1517.38,1531.20,1534.39,1539.43,1538.73,1529.67,1516.50,1505.65,1488.95,1482.57,1492.08,1487.52,1473.14,1456.10,1438.61,1429.82,1440.57,1448.21,1442.85,1440.66,1442.53,1445.02,1443.10,1433.93,1422.07,1408.29,1386.95,1363.82,1345.49,1331.84,1320.42,1311.10,1301.34,1288.80,1279.81,1270.08,1257.74,1247.64,1246.36,1242.39,1233.67,1222.34,1206.69,1185.08,1158.31,1134.02,1111.02,1087.10,1067.21,1046.17,1020.13,995.94,984.25,984.76,993.90,1014.83,1038.45,1063.29,1091.22,1120.86,1152.59,1184.96,1212.41,1238.15,1248.83,1244.18,1228.45,1214.12,1200.94,1181.81,1161.44,1136.38,1120.47,1113.54,1103.33,1104.98,1114.70,1123.85,1136.59,1150.16,1157.21,1162.09,1174.35,1188.13,1218.43,1251.49,1272.00,1294.39,1314.84,1325.28,1324.90,1317.36,1318.64,1333.11,1343.09,1359.05,1385.37,1399.68,1405.38,1412.92,1421.92,1427.16,1428.80,1427.08,1430.88,1441.67,1455.74,1479.15,1495.97,1501.62,1503.64,1506.02,1510.78,1515.66,1521.02,1529.36,1541.15,1563.17,1586.29,1610.51,1626.45,1642.02,1664.98,1689.19,1711.65,1730.55,1747.29,1759.24,1763.60,1774.16,1787.67,1792.91,1789.32,1775.81,1761.76,1750.36,1741.38,1727.71,1710.14,1689.06,1663.51,1640.72,1616.69,1591.21,1569.90,1579.40,1592.26,1596.65,1592.30,1584.76,1576.94,1561.56,1538.92,1530.58,1506.13,1483.57,1499.50,1511.55,1510.11,1504.43,1493.69,1490.24,1489.18,1478.71,1488.46
1633.29,1638.05,1645.54,1657.17,1677.12,1694.22,1703.33,1712.58,1732.12,1754.70,1783.81,1810.08,1832.93,1854.55,1866.47,1868.83,1868.86,1883.72,1904.57,1922.27,1932.97,1941.51,1943.97,1952.16,1971.78,1989.62,2005.56,2023.32,2036.45,2049.59,2068.30,2081.37,2096.94,2114.28,2122.17,2102.32,2074.65,2054.74,2029.55,2004.89,1984.28,1967.32,1948.78,1926.57,1905.40,1884.30,1862.22,1837.68,1820.60,1803.90,1787.42,1769.29,1750.26,1722.28,1697.96,1699.11,1712.57,1715.32,1707.98,1688.98,1668.15,1647.22,1624.68,1602.23,1591.90,1586.83,1572.15,1556.71,1543.41,1527.84,1511.53,1496.14,1490.96,1497.20,1498.38,1493.56,1488.67,1488.05,1491.68,1501.92,1491.17,1472.67,1489.15,1507.81,1539.71,1553.38,1549.33,1536.02,1508.96,1493.46,1484.92,1499.67,1515.32,1513.47,1518.74,1519.83,1512.98,1498.40,1484.87,1470.24,1468.50,1474.47,1466.09,1454.51,1437.78,1422.04,1417.90,1431.35,1435.17,1425.37,1423.44,1426.97,1432.10,1428.55,1422.54,1418.00,1411.08,1393.13,1369.71,1350.15,1330.91,1313.78,1299.24,1287.09,1276.37,1265.13,1254.34,1242.37,1233.03,1225.09,1217.87,1212.45,1206.28,1191.36,1171.61,1151.35,1129.71,1105.49,1081.21,1062.75,1041.32,1014.24,992.84,984.60,988.02,1000.51,1018.15,1037.00,1059.21,1087.56,1118.74,1158.07,1187.90,1214.71,1239.36,1260.44,1260.88,1247.98,1233.61,1213.89,1193.48,1170.51,1152.07,1150.31,1143.13,1131.45,1126.99,1121.59,1123.17,1134.38,1141.05,1144.99,1148.88,1154.63,1175.49,1206.14,1236.53,1258.62,1281.69,1300.84,1305.06,1299.77,1293.04,1295.72,1307.59,1324.93,1348.85,1366.90,1377.18,1381.15,1386.73,1395.47,1399.31,1400.30,1402.85,1411.80,1424.72,1442.20,1458.13,1467.42,1472.80,1479.12,1487.89,1497.61,1509.48,1524.83,1543.37,1557.46,1577.90,1604.02,1624.00,1641.20,1656.70,1676.18,1697.97,1719.34,1738.85,1756.36,1773.64,1782.91,1789.26,1795.43,1796.19,1784.60,1769.58,1757.10,1743.90,1731.51,1718.26,1698.44,1675.19,1655.06,1635.46,1610.13,1588.94,1583.98,1601.69,1613.87,1617.58,1610.99,1600.05,1593.98,1578.63,1561.89,1543.39,1506.78,1502.36,1523.30,1536.24,1535.23,1527.33,1510.42,1512.12,1513.76,1503.68,1511.23
1630.88,1646.11,1659.45,1675.92,1700.83,1714.34,1717.95,1724.08,1738.62,1757.29,1789.03,1816.12,1840.40,1861.52,1880.08,1894.17,1893.57,1899.36,1917.25,1934.86,1949.12,1962.35,1967.07,1971.48,1983.02,1998.29,2016.46,2032.63,2045.26,2059.69,2074.92,2087.36,2103.63,2118.76,2124.02,2104.46,2076.13,2052.32,2024.75,2000.49,1977.52,1957.88,1936.82,1911.42,1892.25,1872.79,1848.00,1823.28,1802.53,1785.79,1772.37,1756.53,1738.60,1720.03,1716.99,1731.90,1736.78,1725.77,1706.81,1684.77,1663.27,1641.47,1626.46,1620.71,1618.23,1610.22,1592.85,1575.50,1560.38,1547.63,1530.06,1512.06,1492.47,1479.02,1474.09,1471.77,1467.63,1464.35,1467.54,1487.13,1487.65,1461.97,1463.85,1495.70,1523.34,1521.67,1527.29,1513.76,1485.11,1471.38,1465.43,1484.55,1500.34,1492.64,1500.19,1499.22,1494.70,1480.78,1465.99,1452.22,1451.37,1453.07,1443.91,1433.82,1420.81,1404.98,1403.08,1418.87,1418.07,1406.94,1409.58,1411.72,1414.53,1409.30,1405.09,1404.62,1400.98,1389.66,1377.59,1363.74,1344.63,1322.38,1304.35,1289.96,1276.40,1265.40,1254.62,1244.03,1233.39,1221.01,1209.08,1196.38,1186.01,1170.41,1149.04,1131.57,1113.33,1089.99,1067.75,1047.23,1023.07,1001.14,988.46,986.36,995.62,1012.76,1033.55,1048.00,1065.55,1088.13,1118.28,1153.47,1183.45,1210.76,1237.30,1265.16,1278.37,1267.68,1249.47,1225.37,1201.05,1182.31,1176.93,1175.75,1168.60,1161.09,1155.99,1144.61,1142.89,1157.01,1166.57,1171.45,1175.06,1169.93,1167.86,1186.03,1212.86,1245.58,1266.89,1277.15,1279.31,1274.18,1270.20,1278.48,1290.63,1306.82,1325.00,1341.04,1351.70,1357.76,1361.45,1366.76,1375.07,1389.26,1405.34,1416.16,1422.36,1431.18,1444.27,1459.21,1473.61,1488.97,1503.28,1516.22,1532.73,1546.49,1561.92,1580.78,1597.56,1612.15,1633.22,1653.40,1674.02,1690.82,1710.25,1729.96,1746.78,1767.02,1781.77,1790.26,1795.39,1800.37,1798.34,1782.96,1767.36,1754.72,1741.02,1728.57,1715.72,1694.29,1667.11,1642.99,1626.67,1606.03,1593.81,1600.19,1622.06,1635.76,1638.80,1633.81,1623.70,1617.20,1601.80,1577.08,1546.10,1514.22,1526.51,1543.02,1556.27,1559.32,1545.87,1528.04,1535.02,1542.26,1535.55,1539.41
1650.43,1665.02,1680.89,1697.55,1713.36,1728.71,1735.85,1738.80,1746.61,1762.96,1795.69,1823.26,1845.93,1864.97,1886.39,1907.76,1916.55,1921.22,1930.67,1945.24,1962.15,1975.80,1985.60,1989.88,1997.88,2014.32,2030.84,2043.79,2054.85,2067.74,2079.27,2092.76,2107.57,2120.91,2125.49,2110.56,2084.80,2061.63,2036.12,2010.67,1987.48,1966.14,1943.87,1915.89,1896.90,1875.61,1851.83,1825.47,1802.07,1784.21,1767.22,1756.61,1750.21,1745.05,1742.51,1753.70,1748.28,1728.83,1705.41,1680.94,1659.83,1652.60,1652.91,1650.37,1641.19,1627.13,1609.43,1595.17,1579.05,1562.51,1549.75,1533.34,1511.97,1491.12,1477.33,1468.60,1459.92,1452.34,1451.90,1473.75,1475.38,1452.80,1450.07,1483.32,1502.75,1490.93,1503.25,1500.86,1477.62,1451.50,1449.49,1473.19,1482.94,1474.58,1482.53,1477.72,1475.70,1467.36,1448.88,1430.58,1430.46,1434.85,1426.93,1412.75,1399.13,1386.73,1388.32,1400.65,1397.65,1389.13,1393.69,1395.35,1397.93,1394.20,1389.84,1388.26,1383.87,1376.66,1371.35,1364.01,1351.57,1332.59,1313.09,1304.66,1296.59,1287.37,1276.12,1264.18,1251.90,1236.66,1220.82,1203.92,1185.09,1163.70,1141.24,1120.27,1097.92,1072.54,1048.52,1022.48,1000.70,992.31,987.47,995.49,1015.97,1039.47,1062.42,1074.77,1092.21,1107.63,1125.73,1157.28,1187.47,1210.47,1241.95,1271.99,1291.22,1284.62,1261.80,1236.20,1217.99,1210.34,1206.95,1203.87,1199.26,1193.69,1182.79,1160.13,1157.53,1181.38,1198.16,1207.95,1216.85,1208.52,1189.10,1181.02,1196.81,1221.76,1243.45,1252.58,1252.65,1252.28,1269.58,1294.65,1304.22,1311.73,1319.68,1327.41,1334.81,1341.92,1348.56,1362.68,1385.24,1405.81,1426.26,1444.06,1449.72,1453.28,1465.56,1478.17,1493.27,1509.18,1520.21,1532.12,1552.42,1572.10,1584.26,1598.54,1616.56,1626.34,1641.53,1660.95,1681.45,1703.41,1721.04,1739.14,1758.76,1774.83,1784.17,1790.75,1796.13,1802.05,1801.64,1790.34,1776.61,1763.30,1748.25,1733.18,1719.53,1696.59,1669.94,1653.06,1639.52,1628.58,1613.60,1615.56,1642.98,1655.00,1657.01,1651.91,1642.93,1635.35,1613.37,1582.11,1552.55,1537.53,1552.37,1564.00,1574.13,1581.53,1564.44,1551.84,1559.78,1569.10,1566.07,1562.56
1668.25,1683.10,1700.74,1714.45,1725.99,1742.09,1749.47,1751.12,1759.50,1775.21,1804.82,1830.34,1851.63,1871.72,1892.57,1914.12,1926.12,1934.55,1942.03,1949.93,1960.34,1970.98,1986.11,2001.00,2011.99,2021.77,2033.99,2043.50,2050.72,2058.22,2072.21,2090.85,2105.92,2119.02,2126.42,2119.88,2098.88,2072.16,2045.35,2018.90,1992.96,1970.49,1951.48,1930.54,1907.59,1885.15,1861.26,1840.05,1817.49,1798.50,1792.27,1789.38,1783.89,1778.24,1774.18,1768.47,1750.51,1727.53,1702.71,1682.44,1677.69,1680.65,1680.99,1674.85,1662.19,1643.88,1625.66,1613.71,1599.99,1585.44,1568.90,1553.44,1533.18,1510.02,1495.22,1484.19,1470.16,1455.77,1444.03,1464.93,1465.59,1444.23,1439.49,1463.28,1480.91,1470.96,1469.60,1473.70,1453.34,1431.62,1434.78,1455.87,1462.61,1457.61,1465.47,1456.76,1455.28,1452.78,1437.55,1415.37,1407.55,1410.66,1407.31,1394.28,1379.84,1369.06,1371.47,1381.21,1379.98,1370.06,1371.71,1377.00,1386.29,1382.56,1374.75,1369.70,1362.09,1353.72,1349.01,1348.02,1346.90,1341.71,1331.87,1324.83,1316.85,1307.03,1294.89,1278.82,1264.71,1246.53,1228.69,1210.87,1189.02,1166.98,1144.80,1124.38,1100.92,1071.13,1039.71,1008.83,994.63,988.78,992.17,1008.15,1032.98,1058.39,1083.73,1098.85,1117.17,1141.57,1150.13,1162.84,1198.75,1228.54,1256.78,1282.04,1301.56,1296.18,1276.61,1253.82,1247.78,1244.98,1241.85,1237.84,1230.97,1219.11,1199.47,1169.22,1173.68,1203.01,1227.35,1243.83,1249.52,1242.56,1222.14,1200.42,1195.63,1200.75,1213.69,1224.77,1238.55,1260.32,1284.55,1296.39,1303.02,1318.05,1335.96,1348.74,1356.00,1361.84,1370.04,1385.77,1403.06,1421.39,1444.46,1466.51,1479.32,1486.11,1492.27,1502.00,1515.67,1528.14,1539.51,1548.94,1565.43,1587.90,1606.99,1618.19,1629.56,1643.36,1655.32,1674.05,1692.28,1709.42,1723.56,1739.84,1759.64,1773.23,1782.66,1790.49,1797.08,1804.17,1806.65,1801.83,1789.11,1776.13,1761.41,1740.53,1721.77,1697.68,1680.74,1670.71,1658.56,1651.47,1634.13,1634.91,1659.21,1672.47,1678.81,1672.73,1655.72,1641.37,1615.24,1593.13,1565.76,1561.08,1575.41,1586.89,1593.38,1599.38,1583.17,1580.73,1585.95,1593.87,1590.18,1582.01
1690.18,1702.52,1716.48,1729.32,1741.01,1754.88,1764.78,1767.90,1781.41,1793.45,1815.13,1838.88,1859.99,1879.44,1901.33,1918.68,1924.94,1928.79,1933.31,1936.35,1939.05,1954.38,1975.40,1995.75,2009.40,2014.91,2020.86,2026.24,2032.47,2040.66,2060.57,2080.72,2096.76,2105.91,2115.46,2119.94,2105.63,2077.20,2046.85,2021.05,1995.23,1978.19,1959.61,1934.91,1914.06,1899.23,1878.55,1852.10,1828.36,1822.87,1822.88,1819.16,1814.84,1805.42,1789.94,1772.41,1749.75,1725.91,1707.74,1704.53,1705.78,1706.78,1700.48,1689.48,1675.23,1658.47,1643.80,1634.52,1621.59,1607.26,1587.13,1564.33,1543.09,1519.68,1501.33,1484.29,1467.92,1452.35,1439.80,1453.79,1453.55,1434.10,1422.35,1439.83,1459.31,1460.31,1441.47,1442.11,1419.15,1401.50,1413.06,1429.01,1436.76,1437.01,1445.05,1438.55,1431.04,1432.25,1425.33,1406.72,1384.37,1380.64,1380.55,1372.76,1360.02,1347.55,1347.05,1353.24,1354.38,1347.57,1354.53,1369.57,1378.69,1372.22,1357.13,1349.86,1341.57,1335.28,1330.77,1333.29,1338.29,1339.68,1336.01,1332.18,1325.85,1315.73,1298.95,1280.57,1264.02,1244.70,1227.83,1208.78,1183.25,1160.86,1139.60,1118.14,1092.45,1063.29,1028.68,1000.95,991.80,989.80,1002.55,1026.32,1047.64,1067.76,1095.28,1120.66,1142.18,1168.38,1183.04,1185.47,1207.85,1241.49,1268.73,1295.12,1315.35,1310.03,1290.47,1278.51,1274.24,1271.38,1268.58,1265.79,1256.57,1236.33,1206.37,1176.94,1187.33,1215.06,1245.13,1268.17,1276.82,1267.85,1250.09,1229.50,1222.47,1221.45,1218.49,1219.44,1237.00,1259.61,1270.92,1272.66,1277.38,1299.80,1322.15,1345.15,1360.24,1374.36,1387.29,1402.33,1419.64,1439.11,1462.61,1485.58,1500.99,1508.82,1515.16,1522.93,1534.22,1546.95,1560.62,1573.49,1586.61,1601.70,1618.93,1633.00,1642.47,1652.52,1663.71,1674.63,1689.13,1704.27,1717.36,1733.29,1752.77,1771.06,1782.83,1792.55,1800.85,1809.13,1813.42,1810.37,1800.26,1786.81,1771.97,1751.12,1728.50,1711.31,1701.87,1689.57,1682.62,1671.56,1648.46,1649.20,1672.69,1692.58,1700.05,1691.82,1669.67,1651.94,1629.04,1607.96,1584.16,1589.80,1599.90,1605.90,1608.87,1614.57,1606.08,1608.49,1610.66,1614.30,1610.62,1601.17
1711.67,1724.59,1739.91,1750.80,1757.45,1770.68,1782.19,1787.02,1803.31,1817.23,1832.61,1850.76,1869.07,1887.25,1906.49,1914.99,1915.69,1914.49,1912.29,1911.24,1914.31,1934.39,1960.80,1977.75,1991.65,1997.14,1998.08,2000.57,2009.84,2027.96,2050.60,2065.95,2071.12,2077.59,2090.98,2104.03,2101.66,2077.25,2049.54,2028.60,2004.84,1984.16,1962.49,1948.30,1930.05,1908.03,1881.67,1857.46,1849.89,1850.84,1851.24,1844.94,1833.11,1819.34,1797.48,1774.74,1754.05,1735.18,1731.29,1727.30,1719.94,1712.56,1700.50,1688.70,1674.68,1660.33,1651.31,1638.45,1622.79,1609.73,1589.79,1565.37,1542.08,1519.33,1499.08,1481.81,1462.99,1443.25,1431.91,1437.70,1435.88,1423.21,1407.78,1413.04,1429.84,1442.79,1430.91,1411.08,1391.16,1374.22,1389.72,1398.44,1410.90,1416.28,1419.65,1415.00,1409.24,1409.12,1402.72,1387.33,1369.14,1356.11,1356.05,1351.51,1340.53,1330.30,1328.77,1330.43,1328.09,1329.27,1346.66,1357.37,1360.70,1354.82,1341.45,1333.46,1323.83,1317.47,1311.88,1317.08,1324.84,1326.95,1323.84,1324.72,1320.30,1310.47,1292.62,1277.55,1258.31,1239.65,1223.46,1201.30,1175.44,1154.29,1131.09,1106.66,1080.46,1058.51,1022.31,995.87,990.21,993.32,1016.81,1049.22,1072.35,1093.62,1111.99,1139.95,1162.57,1181.38,1203.30,1210.95,1222.68,1252.14,1277.49,1306.82,1330.08,1329.21,1314.89,1307.97,1303.43,1298.77,1292.13,1282.05,1264.65,1237.25,1204.24,1187.97,1207.58,1225.19,1247.55,1278.52,1296.82,1292.36,1274.14,1255.17,1250.95,1250.89,1242.23,1237.06,1237.89,1243.91,1248.84,1253.91,1260.13,1276.81,1300.57,1321.61,1341.22,1358.20,1377.65,1398.17,1418.90,1441.63,1463.58,1487.26,1503.95,1512.12,1519.60,1526.07,1535.36,1546.68,1561.29,1577.14,1586.11,1596.64,1613.28,1624.36,1633.23,1639.38,1646.18,1656.98,1674.72,1694.79,1714.64,1731.70,1751.75,1770.06,1783.54,1794.72,1804.99,1814.93,1821.15,1820.12,1811.49,1798.23,1780.07,1759.87,1739.83,1733.09,1722.94,1709.85,1700.53,1682.35,1657.92,1664.00,1689.13,1707.56,1712.15,1703.80,1683.65,1663.89,1644.22,1618.24,1598.98,1611.10,1623.64,1629.44,1634.57,1639.76,1639.40,1635.95,1635.50,1634.79,1628.51,1613.80
1729.99,1746.00,1759.72,1769.88,1774.52,1786.74,1803.39,1810.19,1821.42,1836.08,1849.20,1862.82,1877.73,1890.72,1895.84,1896.19,1894.09,1888.26,1879.66,1876.03,1885.97,1911.68,1938.72,1958.08,1966.85,1971.63,1973.64,1977.67,1993.82,2014.09,2031.64,2042.26,2042.78,2050.81,2065.64,2079.30,2086.44,2076.45,2059.50,2039.79,2016.76,1992.47,1974.63,1955.80,1930.20,1904.05,1886.23,1881.95,1878.39,1878.44,1874.45,1860.76,1844.45,1824.47,1806.49,1786.35,1769.41,1756.72,1746.80,1734.38,1718.17,1703.73,1689.47,1676.09,1660.43,1647.00,1641.87,1626.17,1610.72,1590.72,1573.61,1555.11,1536.26,1516.33,1497.31,1478.46,1458.26,1438.31,1425.72,1422.36,1419.38,1410.79,1399.91,1393.76,1396.36,1417.50,1424.31,1391.64,1361.55,1352.09,1362.42,1372.58,1390.95,1394.66,1393.24,1390.60,1382.76,1380.81,1373.30,1358.51,1349.13,1338.40,1333.10,1333.42,1323.32,1310.35,1307.35,1304.89,1307.88,1323.48,1334.87,1337.78,1336.25,1334.52,1326.93,1315.54,1304.84,1296.16,1290.17,1298.58,1306.78,1306.03,1302.39,1310.42,1308.58,1298.28,1284.11,1270.34,1250.86,1234.66,1217.58,1195.67,1170.98,1150.63,1126.95,1103.39,1075.89,1048.47,1014.82,996.79,991.77,998.02,1025.94,1055.39,1074.61,1094.92,1116.95,1147.02,1167.89,1185.86,1209.53,1232.72,1248.47,1264.82,1287.57,1321.66,1345.41,1347.51,1342.49,1339.37,1333.49,1324.09,1310.25,1287.89,1261.89,1232.53,1204.16,1207.99,1233.94,1248.04,1254.88,1279.01,1306.22,1310.76,1295.91,1276.52,1274.53,1277.94,1264.60,1259.53,1258.72,1254.82,1254.88,1266.63,1273.88,1273.69,1282.97,1302.36,1319.08,1337.83,1357.95,1379.98,1401.15,1428.06,1449.34,1471.31,1487.79,1496.17,1502.64,1507.81,1515.13,1527.75,1544.31,1559.88,1568.24,1574.34,1587.68,1599.45,1605.36,1613.48,1627.85,1648.31,1670.02,1691.14,1711.61,1729.57,1749.53,1767.09,1781.59,1794.89,1807.55,1819.59,1826.97,1827.77,1818.89,1805.18,1787.67,1768.56,1754.25,1751.08,1742.65,1728.74,1714.10,1689.44,1672.42,1687.32,1705.62,1717.97,1723.28,1713.83,1694.45,1676.66,1652.86,1626.93,1616.36,1629.46,1641.72,1654.29,1657.53,1666.64,1667.86,1662.09,1658.69,1653.29,1638.39,1616.09
1745.04,1761.39,1774.86,1788.20,1796.79,1804.94,1818.82,1833.07,1844.24,1852.64,1861.10,1871.63,1875.91,1876.99,1872.91,1866.92,1864.76,1861.35,1853.27,1849.66,1866.39,1894.65,1914.52,1929.75,1941.06,1946.41,1948.89,1961.55,1981.96,1997.29,2008.46,2013.00,2014.32,2027.63,2042.39,2054.36,2063.94,2069.62,2065.39,2049.47,2026.21,2000.31,1978.39,1957.87,1932.17,1914.86,1911.01,1906.92,1905.23,1901.49,1887.50,1865.63,1843.63,1825.26,1808.38,1788.08,1771.78,1757.31,1742.32,1723.33,1703.28,1686.78,1674.00,1661.10,1641.98,1622.36,1613.11,1608.14,1593.94,1573.44,1553.66,1536.03,1524.08,1509.22,1490.85,1469.84,1449.97,1437.60,1430.28,1421.86,1417.56,1416.14,1417.23,1407.88,1384.33,1391.98,1404.33,1375.60,1341.82,1332.59,1334.10,1353.12,1370.24,1369.52,1367.75,1365.14,1356.99,1351.88,1346.55,1334.56,1324.88,1315.15,1308.55,1317.42,1310.22,1287.40,1282.85,1281.04,1299.22,1309.83,1309.07,1310.31,1305.71,1313.47,1308.36,1293.38,1282.45,1271.39,1267.41,1279.17,1285.38,1281.46,1281.04,1292.73,1293.41,1283.11,1272.43,1260.57,1245.99,1230.15,1211.18,1194.60,1175.24,1153.66,1128.72,1102.31,1073.72,1042.21,1011.47,996.77,993.15,1000.49,1022.80,1050.10,1077.02,1099.55,1117.23,1136.98,1157.22,1178.44,1203.60,1235.33,1265.01,1283.98,1302.11,1333.32,1354.40,1365.63,1366.66,1365.61,1356.40,1338.23,1316.17,1289.55,1262.84,1235.46,1210.32,1232.13,1255.00,1274.59,1282.83,1284.84,1311.25,1325.18,1313.85,1295.95,1296.75,1298.78,1282.69,1279.51,1283.43,1279.62,1271.56,1284.00,1295.50,1295.05,1290.59,1290.48,1301.41,1319.70,1343.97,1364.30,1384.28,1408.68,1433.26,1453.83,1465.46,1469.19,1472.83,1479.09,1493.54,1512.63,1523.57,1532.75,1539.08,1546.83,1557.13,1568.55,1580.35,1599.07,1619.92,1639.10,1658.38,1681.22,1704.05,1721.46,1741.00,1761.56,1777.81,1794.22,1809.16,1823.10,1829.88,1830.26,1824.34,1810.06,1795.62,1781.25,1774.02,1767.60,1753.80,1736.41,1717.35,1694.43,1691.66,1706.44,1719.11,1730.21,1732.36,1723.21,1704.73,1686.49,1661.99,1640.18,1643.80,1652.10,1661.69,1675.73,1682.42,1687.99,1690.88,1684.20,1673.79,1657.19,1637.06,1614.47
1753.72,1773.62,1790.12,1807.54,1821.10,1827.76,1835.48,1848.54,1856.66,1861.31,1867.00,1865.26,1856.45,1847.92,1841.75,1838.14,1837.19,1833.21,1824.32,1834.79,1855.86,1872.94,1886.38,1899.14,1908.08,1913.52,1925.57,1949.39,1969.04,1980.53,1987.01,1988.11,1993.45,2005.55,2019.44,2030.56,2041.93,2053.36,2058.87,2052.13,2031.11,2004.95,1982.03,1962.75,1943.73,1935.54,1930.54,1926.03,1921.91,1908.91,1889.19,1862.70,1838.11,1820.98,1801.63,1781.77,1761.86,1741.84,1724.32,1704.95,1686.72,1673.10,1659.04,1643.17,1626.52,1613.99,1602.80,1589.78,1574.42,1558.71,1540.73,1524.00,1509.58,1495.45,1481.12,1470.80,1466.56,1460.56,1449.85,1438.78,1436.68,1447.73,1452.88,1424.42,1386.56,1375.32,1385.10,1360.76,1335.61,1330.96,1320.52,1332.11,1343.08,1343.92,1342.22,1338.76,1329.07,1323.61,1314.73,1306.69,1294.51,1287.73,1282.51,1297.88,1291.68,1264.23,1253.16,1261.15,1280.56,1281.15,1280.49,1277.35,1275.64,1289.42,1285.88,1276.19,1264.12,1247.64,1243.03,1256.20,1258.57,1254.53,1265.91,1274.52,1270.89,1263.91,1258.15,1249.56,1240.42,1223.53,1198.83,1188.26,1173.63,1151.01,1126.48,1100.68,1072.01,1041.03,1009.66,996.71,993.92,999.34,1023.15,1055.93,1091.60,1119.86,1145.83,1162.46,1173.64,1188.20,1204.48,1229.26,1260.09,1283.67,1305.60,1331.56,1356.94,1374.80,1380.75,1378.48,1367.10,1343.75,1317.86,1293.68,1267.76,1240.41,1223.52,1257.38,1280.59,1297.22,1312.88,1308.03,1326.07,1340.73,1332.83,1321.51,1321.76,1313.90,1303.10,1308.83,1310.05,1303.50,1290.67,1300.80,1315.78,1319.37,1315.66,1307.18,1303.15,1307.98,1325.82,1348.84,1368.45,1392.62,1415.32,1431.91,1439.02,1439.02,1444.15,1455.91,1472.06,1488.86,1497.68,1503.96,1515.71,1530.29,1546.22,1563.09,1583.73,1598.69,1613.95,1631.18,1650.14,1669.95,1690.55,1710.40,1733.92,1757.61,1776.40,1795.64,1810.73,1825.97,1830.52,1830.81,1829.56,1820.36,1806.25,1796.16,1794.02,1781.45,1758.55,1736.33,1720.04,1709.40,1708.36,1722.10,1736.55,1741.50,1740.44,1732.14,1715.64,1691.92,1669.75,1664.31,1669.72,1675.48,1681.03,1693.81,1702.13,1706.52,1704.93,1691.08,1673.56,1651.75,1629.56,1610.28
1763.65,1781.03,1799.41,1818.77,1835.46,1847.67,1853.61,1858.41,1863.16,1864.16,1859.27,1847.91,1832.36,1821.09,1816.07,1814.00,1813.99,1808.66,1798.96,1816.73,1836.49,1841.68,1851.81,1869.22,1883.44,1894.10,1916.52,1938.66,1953.22,1964.72,1968.67,1970.11,1978.08,1990.38,1999.81,2009.22,2016.59,2028.89,2040.78,2045.64,2034.31,2012.39,1991.02,1978.67,1969.53,1960.12,1950.52,1939.34,1923.67,1904.90,1883.44,1856.29,1834.17,1815.57,1797.49,1775.23,1753.09,1732.83,1713.88,1696.21,1685.59,1673.96,1660.67,1651.58,1646.39,1635.54,1618.02,1601.92,1580.20,1560.37,1541.78,1525.65,1516.28,1506.77,1502.36,1499.80,1491.03,1480.10,1470.58,1467.98,1474.63,1480.37,1464.36,1427.14,1385.69,1362.51,1367.35,1349.66,1347.79,1356.06,1336.58,1316.55,1313.94,1318.06,1315.23,1313.12,1304.34,1297.60,1286.42,1274.80,1265.63,1263.07,1256.73,1270.63,1266.06,1242.72,1232.56,1247.31,1259.80,1250.16,1248.85,1247.58,1253.57,1269.12,1263.59,1256.40,1244.49,1225.38,1218.45,1226.87,1228.62,1231.14,1242.24,1245.46,1241.38,1239.89,1240.33,1238.12,1229.77,1212.54,1188.61,1171.66,1158.70,1139.95,1115.85,1091.69,1062.44,1033.75,1006.80,996.96,994.76,999.33,1022.72,1052.34,1091.94,1128.23,1156.43,1175.56,1191.27,1211.13,1225.58,1238.64,1258.31,1279.79,1301.49,1329.48,1357.81,1379.74,1394.40,1388.98,1370.97,1348.40,1323.78,1298.55,1270.86,1242.91,1235.03,1269.11,1301.92,1323.33,1342.46,1337.62,1346.62,1361.31,1352.98,1349.20,1347.17,1333.39,1329.76,1339.44,1339.06,1326.61,1308.45,1315.73,1334.96,1348.01,1346.28,1333.67,1321.94,1317.49,1320.68,1330.26,1346.63,1370.91,1395.17,1404.61,1407.47,1426.63,1448.85,1457.63,1464.91,1476.92,1490.49,1508.44,1528.34,1551.40,1569.82,1590.15,1608.36,1622.04,1629.88,1640.39,1664.74,1684.87,1700.59,1717.95,1738.58,1761.32,1781.32,1799.33,1814.23,1827.11,1830.69,1831.29,1831.39,1829.89,1821.69,1814.20,1805.13,1788.34,1761.51,1741.99,1735.24,1732.33,1728.30,1741.03,1750.47,1753.72,1751.08,1742.78,1724.42,1698.27,1689.86,1693.19,1695.85,1700.20,1702.20,1707.51,1714.71,1717.18,1706.83,1688.07,1666.39,1645.89,1621.40,1600.85
1776.52,1792.09,1809.22,1824.84,1841.86,1854.67,1860.33,1861.65,1859.68,1853.91,1843.50,1825.61,1810.60,1800.73,1792.40,1785.97,1787.99,1785.79,1782.49,1797.32,1812.18,1816.61,1828.84,1844.01,1859.51,1883.92,1906.98,1923.72,1935.55,1946.54,1949.52,1951.88,1962.38,1971.48,1979.60,1986.36,1992.20,2001.38,2019.26,2035.28,2040.64,2028.13,2015.24,2005.11,1993.01,1973.37,1953.48,1933.39,1915.62,1896.34,1872.77,1851.99,1828.81,1808.31,1788.23,1768.59,1750.86,1741.88,1732.21,1719.46,1711.09,1697.74,1689.82,1680.52,1669.42,1652.15,1632.29,1617.50,1598.40,1582.91,1564.88,1553.83,1547.59,1538.38,1530.99,1522.40,1509.11,1497.02,1494.77,1498.03,1506.10,1494.88,1467.06,1433.67,1393.72,1358.20,1352.49,1359.83,1374.07,1371.16,1354.87,1326.19,1295.56,1293.17,1290.40,1287.11,1281.46,1273.34,1266.08,1259.49,1252.45,1244.62,1239.13,1241.64,1232.87,1216.35,1210.17,1226.54,1232.05,1221.43,1219.72,1221.23,1234.48,1244.92,1239.24,1225.33,1212.10,1198.08,1190.71,1195.80,1201.12,1210.53,1215.41,1215.10,1216.65,1220.86,1222.44,1220.38,1213.22,1199.39,1181.14,1160.43,1135.50,1120.65,1102.98,1082.99,1057.76,1031.77,1004.56,997.78,995.99,1002.19,1026.40,1055.19,1089.40,1122.46,1151.55,1172.41,1191.90,1214.32,1237.12,1256.72,1277.78,1297.73,1318.28,1339.90,1367.42,1388.49,1404.88,1398.64,1379.03,1358.45,1331.47,1302.64,1277.05,1257.59,1250.19,1273.33,1315.60,1345.90,1368.35,1369.10,1375.13,1387.91,1386.34,1383.75,1378.30,1361.64,1364.98,1371.82,1367.42,1350.84,1330.40,1331.36,1353.12,1370.23,1371.66,1359.24,1346.10,1341.16,1341.48,1341.99,1342.61,1353.29,1369.18,1380.36,1400.22,1418.73,1441.72,1460.42,1476.64,1487.82,1504.31,1523.29,1546.21,1566.95,1582.23,1602.03,1619.59,1634.39,1648.93,1659.11,1674.53,1695.20,1717.03,1735.47,1751.74,1771.66,1787.97,1802.42,1814.84,1824.22,1829.61,1830.46,1831.19,1832.00,1830.07,1822.79,1808.04,1788.60,1770.51,1760.97,1755.73,1752.90,1750.95,1757.66,1764.93,1766.26,1763.18,1754.94,1738.76,1715.20,1716.33,1720.08,1716.51,1717.69,1723.12,1722.52,1724.11,1719.00,1704.65,1684.92,1663.82,1643.46,1621.10,1601.60
1793.90,1808.80,1821.60,1836.62,1850.35,1856.87,1858.37,1855.62,1848.90,1836.88,1821.94,1805.46,1791.43,1781.05,1770.88,1762.47,1762.90,1762.05,1769.53,1780.88,1788.07,1796.59,1815.06,1838.03,1862.52,1885.95,1899.12,1910.21,1918.46,1925.17,1924.52,1926.88,1939.32,1945.93,1953.01,1960.78,1971.87,1986.67,2006.74,2028.13,2041.62,2039.47,2030.67,2019.53,1999.22,1969.25,1944.54,1920.45,1904.30,1881.93,1858.34,1841.48,1828.53,1813.95,1797.61,1784.03,1773.83,1763.37,1755.14,1744.13,1735.83,1727.87,1718.80,1699.57,1679.56,1666.06,1653.57,1635.34,1616.77,1601.50,1591.97,1584.49,1575.31,1558.89,1542.24,1525.16,1513.93,1505.95,1502.08,1500.01,1494.83,1479.57,1456.22,1424.25,1385.18,1363.58,1372.37,1389.92,1390.73,1368.74,1347.58,1324.71,1296.39,1291.41,1291.57,1290.79,1286.39,1280.88,1278.86,1278.65,1273.75,1258.87,1242.78,1235.07,1224.36,1206.56,1196.35,1200.08,1198.39,1192.32,1191.94,1198.71,1205.55,1205.73,1203.47,1196.81,1186.39,1174.77,1169.51,1172.61,1179.44,1183.92,1184.47,1186.63,1195.21,1200.43,1201.57,1200.02,1194.32,1182.57,1168.38,1147.14,1117.57,1095.65,1080.66,1063.14,1044.65,1021.43,1002.37,997.69,998.99,1012.71,1038.89,1062.23,1085.65,1111.35,1134.73,1155.63,1179.19,1204.10,1230.95,1254.72,1282.43,1313.36,1345.47,1366.22,1387.32,1403.71,1413.78,1407.35,1387.84,1365.95,1338.34,1309.00,1286.78,1278.82,1275.12,1279.30,1316.62,1348.39,1377.34,1398.97,1408.44,1415.88,1417.44,1416.01,1409.97,1397.24,1400.44,1404.76,1396.66,1372.70,1353.98,1350.15,1366.41,1386.51,1396.75,1387.77,1369.49,1361.78,1360.63,1361.05,1360.20,1355.73,1361.16,1373.46,1391.10,1402.81,1414.32,1430.60,1455.96,1480.18,1500.69,1523.35,1547.54,1565.93,1581.82,1600.50,1617.81,1635.25,1656.68,1675.15,1693.08,1710.05,1728.05,1746.32,1762.84,1777.26,1789.56,1801.69,1809.98,1817.04,1823.22,1825.95,1828.36,1831.91,1827.90,1822.09,1807.35,1790.95,1782.87,1777.65,1772.06,1771.22,1770.90,1777.36,1781.67,1781.15,1777.05,1768.34,1753.58,1738.53,1738.94,1739.95,1737.04,1736.57,1738.79,1735.43,1728.21,1717.92,1702.94,1682.23,1665.24,1647.99,1626.45,1603.42
1811.16,1824.37,1836.45,1846.17,1851.75,1853.31,1850.48,1841.49,1829.91,1817.38,1802.10,1786.95,1775.91,1763.92,1749.71,1741.61,1740.85,1744.02,1760.24,1767.58,1776.32,1798.56,1821.16,1843.64,1863.68,1880.17,1888.40,1894.42,1901.80,1908.10,1906.94,1909.07,1916.37,1923.49,1931.72,1943.75,1959.05,1979.28,2001.81,2021.57,2034.68,2040.48,2038.95,2024.86,1999.94,1970.05,1943.34,1918.38,1896.09,1875.65,1863.49,1854.88,1847.12,1832.96,1814.23,1799.07,1790.40,1778.80,1772.51,1766.54,1758.33,1746.54,1728.11,1707.70,1697.28,1687.61,1671.69,1648.44,1629.83,1619.18,1613.37,1603.10,1588.71,1566.45,1548.67,1531.63,1515.91,1505.80,1497.37,1488.95,1473.38,1456.13,1437.19,1405.36,1388.51,1395.04,1401.80,1403.98,1389.59,1367.82,1347.54,1330.57,1312.02,1314.64,1318.03,1314.30,1308.45,1301.81,1301.72,1306.50,1304.20,1290.37,1268.65,1253.68,1239.90,1219.33,1197.97,1189.88,1184.50,1176.27,1174.07,1178.50,1183.60,1182.44,1179.17,1173.34,1163.75,1153.29,1151.33,1153.75,1158.12,1162.62,1156.87,1162.02,1171.85,1180.28,1181.91,1179.96,1173.99,1165.33,1151.38,1129.30,1103.63,1082.89,1062.69,1044.69,1028.25,1009.50,1000.03,1000.82,1011.10,1028.88,1060.98,1090.72,1096.40,1104.96,1121.65,1142.23,1166.62,1195.60,1224.08,1248.80,1276.33,1306.89,1341.24,1366.47,1388.94,1407.28,1419.47,1416.82,1396.74,1371.99,1344.49,1317.47,1301.71,1301.76,1295.14,1286.78,1312.06,1344.21,1372.44,1402.41,1424.97,1438.00,1439.81,1437.43,1433.32,1418.86,1427.58,1430.46,1413.47,1387.49,1367.29,1363.26,1376.58,1399.36,1417.97,1408.85,1391.61,1383.29,1385.26,1385.59,1377.94,1368.30,1373.58,1389.30,1400.71,1406.22,1411.23,1418.06,1435.09,1463.69,1491.19,1516.30,1540.44,1554.05,1568.64,1586.51,1606.87,1630.67,1656.37,1678.21,1699.82,1719.97,1737.16,1751.99,1762.83,1773.04,1784.05,1795.28,1802.00,1808.51,1815.04,1818.52,1823.00,1830.93,1828.76,1822.35,1811.90,1800.97,1792.90,1787.36,1785.21,1786.85,1787.78,1788.93,1794.08,1796.17,1792.84,1783.43,1767.23,1757.01,1755.43,1755.34,1755.92,1753.60,1748.60,1740.84,1730.69,1716.09,1699.17,1678.74,1662.76,1645.45,1623.88,1599.56
1819.57,1824.98,1831.84,1837.69,1843.24,1844.76,1834.20,1822.51,1811.87,1798.52,1785.60,1773.25,1759.07,1742.89,1729.02,1724.24,1722.75,1724.41,1740.90,1750.83,1777.92,1799.91,1812.91,1833.09,1853.97,1865.74,1869.03,1872.79,1879.96,1889.92,1887.49,1887.45,1893.10,1899.61,1910.42,1932.43,1953.18,1968.28,1985.01,1997.30,2014.49,2028.62,2035.40,2023.62,1999.48,1969.47,1943.95,1920.25,1904.18,1899.43,1891.03,1877.44,1860.89,1844.28,1824.96,1815.79,1808.25,1796.94,1794.49,1788.15,1770.72,1755.81,1739.54,1733.47,1723.69,1704.81,1682.03,1662.64,1651.05,1643.11,1628.82,1611.00,1596.03,1578.73,1562.23,1546.18,1528.36,1514.84,1503.82,1490.63,1465.60,1443.10,1422.22,1414.72,1419.84,1423.37,1423.03,1411.41,1392.85,1374.78,1359.01,1342.36,1340.87,1349.86,1348.25,1342.63,1334.50,1329.13,1332.00,1339.01,1335.76,1322.16,1304.47,1283.68,1261.08,1236.71,1211.22,1190.73,1182.82,1179.58,1168.88,1161.72,1162.48,1156.01,1152.99,1148.64,1141.34,1134.64,1130.29,1126.25,1128.12,1137.12,1129.64,1130.30,1142.16,1152.32,1153.90,1151.57,1150.06,1144.74,1132.26,1114.17,1090.97,1069.89,1046.64,1025.80,1011.05,1003.59,1001.98,1015.62,1028.51,1043.49,1073.88,1110.22,1128.64,1131.42,1133.19,1141.40,1163.03,1199.32,1223.57,1247.91,1272.91,1302.47,1328.38,1354.32,1378.99,1401.14,1420.18,1424.09,1406.30,1380.98,1354.76,1334.06,1324.97,1327.02,1312.51,1297.31,1317.60,1350.09,1382.73,1408.52,1434.17,1455.43,1463.84,1463.54,1456.01,1438.64,1454.77,1451.33,1428.21,1403.38,1382.30,1378.18,1387.55,1410.27,1435.77,1436.41,1421.02,1413.17,1417.88,1415.02,1404.43,1387.38,1392.38,1416.52,1426.96,1433.33,1432.01,1429.39,1430.57,1449.45,1477.31,1500.09,1517.90,1534.04,1550.85,1572.92,1601.25,1629.00,1656.33,1681.81,1703.26,1721.39,1732.35,1739.57,1748.82,1759.88,1771.51,1780.17,1787.85,1798.13,1807.27,1812.99,1818.13,1826.99,1833.59,1829.77,1823.62,1816.81,1805.73,1799.54,1800.89,1802.78,1802.96,1804.64,1810.33,1811.61,1807.97,1800.60,1787.74,1778.32,1778.02,1777.01,1771.05,1763.62,1754.90,1744.46,1730.93,1713.00,1694.56,1674.59,1658.40,1639.80,1618.41,1595.86
1807.62,1809.49,1816.38,1823.84,1830.45,1829.03,1819.38,1808.74,1794.30,1781.32,1772.21,1757.45,1743.78,1729.24,1716.23,1712.78,1708.80,1703.53,1711.58,1738.18,1761.61,1780.70,1804.31,1826.18,1838.50,1845.88,1849.24,1854.84,1863.47,1875.46,1873.14,1867.31,1873.21,1881.07,1897.19,1922.95,1938.98,1953.23,1965.95,1975.21,1987.91,2001.02,2017.56,2018.00,1996.17,1965.94,1942.37,1938.42,1935.58,1927.43,1912.68,1895.84,1875.71,1854.69,1839.20,1835.83,1823.93,1816.23,1815.67,1801.72,1779.95,1770.67,1762.03,1756.82,1743.55,1720.49,1696.32,1682.16,1675.62,1663.74,1646.23,1625.01,1609.32,1594.96,1578.98,1557.95,1540.15,1524.14,1513.15,1499.15,1477.02,1453.84,1443.97,1446.46,1449.14,1449.76,1440.92,1420.41,1403.31,1390.17,1372.06,1355.68,1373.04,1387.49,1383.36,1371.67,1361.77,1359.75,1365.68,1370.17,1365.79,1347.11,1325.80,1303.03,1281.91,1255.41,1228.48,1207.46,1204.69,1201.88,1185.63,1167.14,1161.99,1151.67,1142.62,1140.58,1135.87,1131.53,1122.88,1116.73,1109.33,1109.42,1105.27,1102.93,1113.52,1122.27,1125.89,1124.02,1123.82,1121.52,1113.24,1098.09,1076.62,1053.34,1031.17,1012.34,1006.03,1003.31,1010.05,1028.32,1042.81,1055.74,1077.82,1113.45,1145.20,1157.29,1161.04,1159.10,1163.24,1196.80,1221.42,1247.04,1269.27,1292.19,1315.92,1350.36,1379.02,1401.12,1422.45,1433.96,1417.57,1395.18,1373.29,1360.39,1353.92,1349.09,1331.13,1309.22,1320.86,1353.81,1385.71,1411.73,1436.96,1463.50,1477.99,1481.63,1470.84,1463.10,1478.71,1468.00,1441.14,1416.84,1401.74,1399.45,1403.79,1419.86,1448.56,1461.91,1451.34,1444.30,1452.36,1442.61,1424.12,1403.56,1403.15,1434.55,1454.64,1464.32,1462.96,1456.82,1452.63,1450.29,1459.26,1478.77,1503.16,1534.04,1559.87,1583.47,1607.94,1632.73,1658.81,1682.55,1700.27,1711.66,1714.21,1721.95,1732.92,1743.62,1754.56,1765.80,1777.02,1789.30,1800.87,1808.08,1814.23,1822.13,1833.78,1838.19,1837.00,1831.18,1821.32,1817.37,1817.96,1820.56,1820.20,1820.30,1821.20,1820.50,1817.22,1812.13,1804.24,1795.04,1793.41,1792.22,1780.01,1766.63,1755.94,1743.82,1728.17,1709.57,1691.21,1671.06,1654.49,1636.00,1615.16,1593.38
1792.26,1791.80,1798.75,1805.59,1815.66,1815.91,1806.95,1790.91,1777.57,1767.04,1756.83,1743.27,1732.19,1717.52,1703.91,1698.50,1690.70,1684.62,1700.12,1731.53,1762.10,1787.23,1805.52,1812.99,1815.81,1822.56,1826.89,1835.85,1850.38,1857.58,1855.59,1848.98,1855.78,1868.73,1888.15,1906.72,1920.57,1936.53,1945.59,1951.35,1965.29,1981.75,2000.30,2012.33,2000.15,1974.56,1961.67,1964.96,1958.76,1948.18,1931.16,1910.95,1891.70,1870.86,1858.84,1854.91,1839.15,1839.43,1835.67,1812.95,1800.39,1795.00,1782.92,1774.47,1757.52,1733.76,1722.28,1713.91,1705.21,1683.98,1662.21,1644.22,1625.22,1608.67,1590.47,1567.95,1549.77,1535.23,1525.11,1509.46,1487.14,1470.02,1472.43,1473.96,1474.13,1470.88,1459.01,1440.64,1421.29,1406.53,1381.49,1377.37,1402.33,1414.61,1411.09,1402.05,1388.45,1383.88,1391.30,1396.69,1390.61,1367.60,1342.51,1317.30,1296.42,1270.99,1245.38,1227.06,1226.26,1217.97,1203.26,1193.14,1194.09,1186.99,1174.41,1175.52,1173.17,1161.53,1145.77,1135.13,1116.58,1099.86,1094.03,1088.85,1087.87,1090.95,1099.71,1100.32,1098.70,1096.86,1091.65,1080.60,1060.43,1041.65,1021.81,1009.88,1005.24,1007.13,1018.52,1037.63,1055.44,1068.52,1082.86,1111.63,1146.88,1172.62,1187.90,1188.66,1181.66,1196.18,1223.94,1247.32,1267.68,1292.49,1319.43,1350.19,1379.58,1401.77,1430.51,1442.84,1428.02,1408.44,1396.61,1391.27,1378.25,1364.25,1343.53,1321.40,1330.93,1361.23,1393.84,1422.94,1447.18,1471.38,1489.25,1499.69,1493.53,1488.95,1493.65,1478.53,1452.81,1429.64,1423.65,1423.93,1425.70,1432.58,1457.50,1483.99,1484.16,1477.70,1482.15,1466.11,1442.30,1417.37,1411.65,1444.34,1471.83,1490.83,1491.51,1483.71,1477.81,1475.27,1470.00,1473.65,1500.20,1532.60,1562.73,1586.93,1608.59,1631.85,1655.79,1674.36,1687.18,1692.83,1695.32,1705.39,1716.57,1726.81,1738.22,1755.46,1769.30,1778.49,1789.92,1801.02,1810.13,1818.06,1831.29,1839.93,1843.22,1841.80,1835.74,1831.49,1830.45,1830.59,1830.16,1828.45,1826.18,1824.48,1821.58,1817.36,1813.14,1809.47,1805.60,1801.28,1783.55,1764.62,1751.32,1736.93,1721.63,1705.97,1689.09,1669.22,1653.88,1634.94,1613.93,1592.64
1776.56,1774.69,1779.76,1789.41,1801.14,1801.49,1788.68,1772.86,1762.24,1753.84,1741.55,1731.07,1719.50,1702.11,1687.87,1677.42,1669.14,1675.56,1706.78,1736.26,1764.27,1783.99,1793.39,1789.92,1793.42,1800.57,1804.18,1817.77,1831.00,1838.93,1837.51,1830.19,1846.87,1864.69,1869.16,1887.35,1899.76,1910.90,1919.63,1929.18,1948.52,1973.15,1994.59,2013.32,2015.03,1995.38,1982.68,1982.39,1971.82,1957.25,1942.14,1925.13,1907.57,1890.89,1880.59,1872.29,1860.96,1861.71,1849.96,1826.90,1820.55,1813.34,1804.42,1783.31,1762.99,1747.07,1748.04,1742.77,1724.88,1699.52,1680.06,1661.58,1641.20,1615.51,1594.30,1574.09,1560.33,1547.91,1538.10,1519.88,1495.45,1493.57,1500.72,1502.08,1497.35,1489.15,1477.86,1460.09,1440.08,1417.33,1394.05,1404.57,1423.39,1435.73,1434.78,1423.94,1413.46,1409.09,1414.41,1417.92,1409.14,1382.66,1356.76,1331.28,1308.53,1286.04,1263.95,1252.69,1246.85,1235.91,1224.52,1216.34,1216.84,1211.78,1203.06,1205.04,1201.63,1184.72,1168.59,1149.89,1121.81,1104.62,1107.96,1104.06,1078.00,1070.00,1073.90,1074.68,1068.34,1066.57,1064.67,1056.64,1045.57,1033.59,1018.60,1009.04,1007.52,1017.60,1038.73,1058.07,1079.65,1091.00,1100.84,1122.81,1151.61,1185.34,1209.06,1217.34,1208.72,1210.50,1232.14,1256.51,1278.18,1310.27,1340.35,1365.42,1388.53,1408.31,1441.25,1452.70,1441.64,1425.74,1419.53,1413.45,1400.38,1379.96,1357.37,1343.34,1342.86,1371.89,1404.02,1431.99,1455.84,1477.74,1496.58,1511.92,1516.69,1517.73,1511.06,1487.29,1463.86,1449.08,1446.68,1449.26,1453.46,1456.11,1467.73,1494.71,1510.94,1506.94,1503.13,1481.35,1455.39,1431.59,1425.95,1455.13,1488.27,1512.68,1514.56,1507.20,1501.17,1499.14,1496.07,1485.69,1495.88,1525.59,1556.22,1581.91,1601.74,1624.88,1645.91,1659.38,1667.14,1668.03,1676.05,1686.64,1699.57,1710.44,1723.20,1742.20,1756.38,1765.44,1777.41,1793.18,1805.86,1815.53,1829.44,1839.72,1845.68,1847.86,1847.03,1844.49,1842.96,1841.88,1839.78,1836.50,1831.72,1827.40,1822.37,1816.10,1812.63,1811.13,1807.76,1799.07,1781.08,1761.63,1744.25,1727.74,1714.41,1702.53,1685.18,1666.43,1652.93,1632.27,1613.32,1594.28
1760.45,1756.92,1760.79,1775.17,1786.22,1780.76,1767.04,1754.25,1745.38,1737.22,1726.70,1717.56,1706.30,1690.58,1672.75,1657.52,1654.10,1676.53,1704.10,1726.26,1744.57,1762.35,1770.69,1766.33,1772.94,1777.74,1786.14,1798.38,1807.07,1817.25,1816.59,1814.89,1837.37,1844.95,1850.80,1863.74,1873.36,1884.94,1897.65,1918.98,1948.41,1975.55,1995.67,2015.98,2028.46,2012.77,2003.85,1998.28,1984.89,1971.09,1958.42,1945.03,1925.45,1910.78,1902.32,1890.43,1883.73,1878.89,1863.93,1848.08,1844.43,1830.07,1809.45,1787.92,1776.44,1774.35,1766.80,1753.18,1732.32,1707.31,1686.80,1665.51,1642.12,1618.62,1597.95,1580.93,1571.30,1566.38,1551.15,1528.70,1511.55,1520.84,1529.67,1525.09,1513.13,1501.64,1489.06,1472.78,1450.64,1423.73,1412.12,1430.56,1445.29,1457.56,1457.24,1447.09,1435.23,1428.72,1431.77,1430.93,1422.17,1397.95,1368.09,1342.41,1320.53,1304.22,1288.46,1277.57,1265.20,1254.42,1246.34,1240.49,1239.59,1234.49,1225.12,1225.95,1222.39,1207.64,1189.77,1162.70,1132.65,1127.95,1137.66,1118.96,1092.10,1080.35,1067.76,1059.84,1047.68,1040.02,1037.50,1036.46,1032.63,1022.98,1014.54,1009.01,1011.70,1031.70,1054.52,1078.08,1100.70,1120.63,1130.98,1140.36,1166.42,1199.72,1226.85,1245.15,1241.06,1234.89,1242.18,1261.81,1281.80,1316.86,1348.68,1376.01,1396.59,1418.10,1448.62,1464.44,1459.49,1451.81,1446.61,1437.63,1421.99,1398.70,1383.48,1367.00,1353.85,1374.40,1404.05,1426.88,1454.56,1478.26,1500.32,1521.65,1536.94,1540.60,1526.73,1499.24,1482.83,1470.69,1468.42,1471.27,1473.44,1475.88,1483.96,1505.99,1529.76,1536.53,1521.16,1493.16,1469.21,1447.74,1438.87,1466.79,1502.16,1527.45,1540.40,1539.13,1529.38,1525.46,1521.13,1511.16,1501.54,1515.33,1542.23,1560.89,1582.13,1604.16,1622.18,1633.48,1644.64,1655.21,1670.55,1683.22,1698.97,1712.47,1724.78,1740.00,1754.09,1768.15,1781.24,1789.56,1802.92,1814.42,1828.41,1841.17,1848.43,1852.18,1853.89,1854.32,1853.07,1851.23,1847.90,1843.68,1837.30,1828.68,1819.90,1810.46,1805.35,1803.55,1799.57,1789.49,1774.26,1758.16,1741.69,1725.53,1709.98,1695.01,1677.63,1661.66,1648.52,1626.84,1610.77,1597.14
1739.97,1735.34,1744.96,1762.59,1769.13,1760.63,1747.08,1736.39,1730.07,1724.04,1715.63,1707.66,1695.58,1680.33,1658.58,1643.01,1650.23,1674.25,1699.45,1717.97,1732.10,1745.11,1750.81,1747.14,1753.76,1757.42,1769.37,1781.54,1785.73,1790.24,1789.40,1792.43,1807.77,1818.20,1832.52,1843.59,1861.93,1884.69,1900.13,1919.12,1948.91,1977.11,1998.58,2018.94,2036.40,2023.37,2014.33,2010.57,1999.17,1986.42,1975.09,1959.51,1943.35,1934.92,1920.69,1910.36,1906.90,1895.40,1880.38,1871.34,1857.86,1836.57,1818.64,1810.41,1805.06,1793.61,1769.89,1748.27,1724.96,1701.13,1681.53,1659.25,1639.16,1622.54,1606.57,1594.19,1589.22,1583.57,1562.98,1537.58,1531.78,1548.08,1556.78,1549.70,1531.09,1513.09,1496.39,1476.44,1452.76,1430.87,1434.37,1453.56,1471.08,1477.29,1475.19,1466.01,1454.91,1445.19,1446.54,1444.92,1432.93,1406.90,1381.05,1359.43,1345.78,1329.64,1314.41,1302.71,1289.18,1274.99,1266.95,1263.22,1262.12,1254.99,1245.20,1245.41,1241.39,1224.46,1196.03,1171.08,1158.30,1161.66,1161.45,1137.49,1116.66,1096.30,1069.99,1059.44,1055.88,1046.00,1032.50,1024.57,1019.62,1016.60,1012.35,1017.41,1024.22,1037.11,1063.05,1091.19,1116.22,1142.99,1156.60,1159.71,1182.94,1213.31,1239.59,1264.05,1269.10,1262.71,1258.51,1276.59,1298.43,1327.39,1355.61,1378.28,1396.65,1418.77,1448.32,1472.72,1477.52,1477.96,1475.49,1461.33,1439.89,1418.48,1402.45,1381.56,1375.18,1377.04,1391.13,1415.32,1453.47,1480.38,1502.88,1526.10,1543.99,1550.39,1540.68,1525.79,1508.97,1490.97,1489.31,1493.61,1495.17,1495.99,1504.08,1521.53,1541.61,1546.45,1531.53,1503.43,1482.88,1464.46,1448.34,1474.38,1508.52,1535.97,1558.69,1562.82,1551.98,1551.85,1544.54,1533.14,1522.72,1516.98,1531.03,1555.63,1580.52,1602.86,1619.29,1634.10,1652.51,1669.44,1685.13,1699.95,1719.15,1733.35,1745.69,1758.40,1771.89,1785.03,1795.06,1798.14,1802.28,1812.95,1826.72,1841.25,1849.89,1855.47,1858.69,1861.19,1862.43,1860.97,1854.96,1846.51,1837.05,1827.08,1816.32,1804.15,1795.87,1792.70,1787.34,1777.25,1766.88,1753.18,1738.68,1725.22,1709.13,1689.88,1671.84,1656.79,1639.47,1620.45,1608.14,1608.22
1719.33,1717.98,1732.27,1748.45,1751.96,1742.87,1729.32,1722.90,1716.81,1709.53,1703.91,1697.87,1685.75,1667.86,1645.24,1629.23,1644.19,1670.68,1690.84,1708.86,1720.28,1727.14,1729.81,1726.11,1734.77,1737.52,1749.34,1760.92,1763.62,1762.80,1760.10,1762.80,1777.56,1799.76,1829.36,1857.79,1891.13,1913.42,1927.21,1936.37,1954.36,1977.56,2001.41,2021.02,2035.76,2029.08,2020.42,2019.62,2013.01,2000.84,1987.33,1970.36,1960.78,1954.68,1944.00,1946.00,1949.05,1932.84,1912.02,1893.25,1873.00,1859.74,1848.76,1837.05,1818.88,1792.03,1764.52,1742.94,1722.79,1703.38,1687.21,1670.07,1651.76,1633.36,1620.00,1616.18,1614.45,1599.28,1571.54,1550.58,1555.82,1571.17,1577.88,1565.39,1544.01,1521.71,1500.24,1479.09,1460.97,1456.43,1463.76,1476.78,1492.26,1497.87,1494.59,1485.26,1472.61,1462.20,1465.21,1459.90,1445.08,1424.94,1403.63,1385.50,1368.86,1351.90,1337.10,1323.67,1311.87,1300.92,1291.20,1288.24,1288.18,1279.84,1268.26,1263.48,1255.59,1236.86,1213.20,1201.54,1195.47,1192.79,1179.46,1150.25,1125.47,1099.70,1085.27,1088.14,1091.37,1072.69,1050.57,1031.00,1020.14,1014.07,1015.62,1033.96,1034.95,1039.63,1065.91,1096.07,1126.14,1152.98,1172.42,1180.05,1197.22,1223.47,1251.74,1280.77,1291.95,1290.60,1289.67,1308.19,1331.12,1346.55,1371.24,1394.11,1405.31,1421.97,1451.56,1476.78,1490.25,1495.91,1492.18,1475.14,1456.06,1434.88,1412.33,1391.38,1399.03,1398.73,1393.54,1411.26,1448.90,1479.87,1503.23,1526.41,1546.97,1561.70,1561.33,1552.66,1530.10,1510.83,1510.13,1514.17,1515.04,1514.96,1523.33,1540.99,1559.01,1563.01,1545.18,1519.93,1500.13,1484.88,1465.84,1477.02,1509.45,1538.05,1563.67,1577.04,1573.51,1576.88,1572.63,1561.01,1545.49,1538.76,1535.69,1555.47,1584.36,1613.33,1635.34,1650.86,1665.04,1679.62,1695.11,1714.50,1736.96,1754.25,1766.63,1777.53,1787.33,1798.80,1808.04,1812.64,1810.55,1814.40,1825.29,1837.24,1847.88,1856.66,1863.54,1868.08,1869.18,1865.83,1858.75,1847.34,1834.80,1824.97,1814.77,1800.78,1785.51,1778.66,1772.31,1764.82,1755.32,1742.69,1730.78,1718.90,1704.90,1687.34,1670.01,1654.25,1635.58,1619.39,1615.62,1617.76
1701.03,1704.90,1723.61,1737.94,1738.77,1726.69,1716.75,1710.34,1702.34,1694.11,1687.07,1680.12,1670.85,1654.62,1636.65,1618.11,1631.87,1661.57,1683.59,1697.83,1705.33,1710.32,1709.14,1708.34,1718.10,1718.08,1729.69,1739.08,1737.78,1735.33,1735.45,1751.10,1785.18,1816.94,1846.47,1874.78,1900.36,1921.65,1940.69,1953.90,1968.88,1987.33,2002.37,2017.03,2027.17,2036.32,2031.81,2029.84,2025.86,2016.79,2003.35,1988.94,1984.69,1978.50,1970.02,1972.49,1970.54,1951.88,1936.43,1912.16,1900.60,1889.35,1870.83,1846.39,1817.12,1789.67,1767.60,1750.65,1738.69,1727.12,1708.83,1686.97,1664.84,1645.63,1637.63,1638.63,1629.48,1609.49,1586.13,1567.12,1576.58,1592.61,1594.32,1573.62,1550.09,1529.14,1512.47,1497.05,1482.40,1481.68,1488.33,1497.19,1508.82,1514.21,1510.80,1499.80,1486.41,1480.40,1481.22,1475.63,1461.29,1444.31,1425.59,1407.79,1389.99,1372.42,1357.84,1347.46,1335.11,1322.75,1314.93,1311.42,1309.65,1302.26,1292.35,1284.92,1272.54,1252.73,1238.37,1226.46,1218.97,1208.56,1190.14,1160.12,1141.11,1131.22,1121.45,1117.39,1103.22,1073.02,1046.39,1025.95,1017.87,1016.84,1028.80,1052.16,1049.90,1044.28,1064.11,1094.14,1127.49,1154.71,1178.77,1198.77,1214.00,1235.58,1266.48,1298.11,1314.50,1314.91,1317.49,1327.66,1348.52,1371.30,1392.95,1413.56,1428.83,1438.39,1457.49,1478.87,1496.12,1507.61,1504.16,1483.81,1465.18,1444.75,1417.60,1401.83,1418.95,1423.17,1410.41,1411.10,1439.84,1473.61,1500.34,1524.99,1547.05,1568.09,1579.91,1572.55,1546.88,1533.33,1532.94,1534.09,1535.45,1535.34,1543.85,1562.05,1582.65,1585.27,1561.81,1539.42,1521.86,1504.38,1486.12,1484.70,1517.42,1549.64,1575.93,1592.70,1594.77,1597.46,1597.54,1585.96,1575.76,1566.62,1551.63,1551.84,1574.55,1598.84,1620.48,1639.39,1654.12,1674.86,1695.14,1715.14,1738.13,1759.25,1775.71,1787.53,1799.05,1809.86,1817.73,1822.43,1819.35,1818.88,1826.78,1836.06,1845.30,1855.78,1865.62,1871.59,1872.68,1869.70,1862.68,1851.67,1838.65,1827.38,1818.57,1805.11,1785.49,1766.53,1756.54,1747.76,1739.08,1729.09,1719.27,1708.02,1695.12,1680.56,1664.88,1649.70,1632.73,1623.79,1623.33,1618.70
1681.61,1692.48,1713.92,1726.60,1722.81,1711.11,1702.33,1694.44,1686.33,1678.42,1669.90,1661.47,1655.12,1643.97,1625.94,1608.68,1625.67,1650.98,1669.49,1679.91,1691.91,1694.62,1689.48,1688.54,1695.02,1699.47,1711.78,1717.72,1714.68,1716.72,1732.45,1766.01,1801.23,1826.91,1847.72,1868.10,1886.03,1905.13,1929.09,1948.45,1965.59,1981.40,1993.84,2004.75,2018.50,2034.80,2041.11,2040.86,2035.55,2031.57,2022.38,2012.37,2009.11,2001.18,1992.92,1990.89,1979.03,1969.10,1956.63,1934.51,1915.28,1893.94,1867.55,1838.58,1814.01,1796.24,1781.08,1768.36,1759.64,1744.80,1723.80,1700.37,1676.67,1663.40,1661.22,1658.40,1641.32,1618.85,1599.08,1587.35,1599.51,1611.79,1601.09,1578.59,1558.41,1547.06,1535.21,1517.08,1501.09,1503.77,1510.50,1520.57,1528.60,1531.40,1526.89,1513.74,1500.81,1496.08,1495.70,1491.63,1475.68,1458.63,1442.14,1425.75,1408.26,1391.25,1380.66,1370.07,1358.62,1345.12,1335.71,1332.45,1330.34,1323.92,1313.40,1304.70,1292.24,1272.51,1253.37,1240.53,1225.84,1208.74,1193.30,1175.86,1164.85,1153.38,1138.66,1121.66,1095.13,1064.10,1036.83,1021.08,1016.91,1027.20,1051.49,1073.37,1068.45,1051.28,1063.43,1092.47,1124.58,1151.93,1181.64,1212.00,1234.38,1254.30,1282.21,1307.85,1323.86,1327.53,1332.49,1342.70,1359.93,1381.35,1401.25,1423.48,1446.07,1460.60,1469.11,1482.12,1500.69,1516.71,1513.19,1491.17,1471.80,1451.17,1425.87,1419.70,1439.16,1450.54,1443.18,1431.82,1442.45,1473.82,1501.25,1529.18,1549.68,1571.34,1589.84,1589.51,1569.94,1563.87,1563.18,1562.21,1560.24,1560.53,1564.42,1578.62,1601.52,1601.80,1578.56,1556.80,1540.20,1521.73,1502.80,1494.95,1525.30,1556.60,1583.53,1603.34,1615.34,1614.09,1613.48,1607.68,1604.09,1593.17,1574.90,1563.15,1576.55,1595.81,1604.81,1618.95,1640.26,1667.91,1689.33,1709.91,1731.93,1752.64,1772.31,1787.69,1803.50,1813.79,1822.86,1829.91,1826.91,1824.12,1829.27,1836.07,1844.21,1854.00,1864.48,1871.96,1875.39,1872.63,1867.83,1859.91,1849.47,1834.86,1823.56,1812.58,1792.92,1769.30,1751.02,1735.74,1726.15,1715.28,1706.33,1695.53,1682.37,1668.87,1655.62,1643.26,1635.02,1630.64,1623.83,1610.20
1668.54,1684.97,1706.65,1715.52,1708.63,1697.60,1686.65,1676.05,1668.25,1661.07,1653.32,1648.01,1644.48,1632.28,1614.57,1597.90,1615.23,1635.45,1647.91,1660.41,1675.20,1680.44,1673.89,1665.94,1670.23,1680.21,1689.31,1693.18,1697.13,1715.57,1744.60,1773.14,1795.91,1813.99,1829.20,1843.85,1862.38,1884.77,1905.28,1925.22,1943.73,1957.28,1977.35,1991.47,2006.39,2025.24,2038.12,2044.15,2043.43,2046.63,2044.32,2035.33,2030.31,2022.18,2007.72,1995.19,1986.24,1978.26,1962.15,1943.42,1915.78,1888.22,1860.50,1842.77,1828.91,1817.37,1803.97,1791.42,1774.19,1751.72,1729.58,1706.31,1690.44,1687.92,1683.77,1670.70,1653.11,1629.81,1612.76,1608.86,1622.55,1620.55,1600.56,1583.06,1576.80,1568.50,1555.91,1538.36,1525.88,1524.83,1532.35,1540.38,1544.68,1546.46,1542.62,1529.91,1514.35,1508.29,1505.55,1500.98,1484.67,1469.36,1457.60,1443.85,1425.63,1409.45,1399.73,1391.43,1379.44,1364.45,1353.55,1347.81,1343.19,1335.47,1320.07,1304.42,1289.32,1272.58,1254.12,1238.20,1217.30,1198.36,1185.41,1172.22,1158.47,1143.90,1129.56,1109.66,1080.15,1051.25,1028.78,1018.31,1022.02,1042.49,1071.47,1091.73,1085.91,1060.97,1065.07,1088.60,1119.53,1148.37,1181.85,1213.32,1238.32,1261.61,1283.63,1296.77,1304.55,1303.55,1310.11,1339.10,1366.54,1385.76,1404.22,1427.00,1449.99,1466.61,1479.99,1489.51,1506.68,1523.17,1517.69,1494.92,1475.97,1459.73,1442.82,1437.77,1464.32,1476.67,1474.25,1459.80,1453.59,1477.12,1503.34,1529.24,1551.67,1574.37,1595.60,1605.83,1596.88,1595.24,1597.44,1597.52,1594.02,1591.73,1593.94,1600.22,1619.26,1617.67,1598.08,1579.16,1561.01,1540.40,1519.34,1510.65,1535.71,1566.77,1591.82,1609.07,1635.23,1641.54,1634.93,1634.44,1628.36,1612.13,1594.82,1582.83,1592.58,1617.92,1621.49,1623.97,1636.83,1661.13,1681.90,1702.22,1725.72,1745.10,1764.49,1780.26,1798.60,1812.83,1823.56,1831.06,1829.72,1829.03,1834.06,1839.83,1846.49,1855.66,1865.06,1873.20,1878.29,1875.52,1871.77,1865.63,1855.60,1843.27,1828.38,1817.80,1799.97,1775.63,1759.36,1741.10,1724.51,1709.86,1701.43,1691.66,1678.17,1665.43,1656.00,1648.47,1643.28,1634.80,1619.41,1599.86
1658.84,1680.71,1695.26,1697.08,1690.67,1679.00,1667.57,1657.26,1649.28,1642.27,1636.80,1634.97,1631.10,1620.92,1606.80,1587.94,1598.02,1619.57,1630.21,1644.16,1654.78,1655.40,1650.78,1645.04,1650.08,1659.07,1668.43,1677.20,1692.95,1717.02,1744.38,1761.38,1776.88,1794.10,1809.48,1827.21,1849.22,1871.91,1893.86,1910.23,1924.78,1940.91,1966.52,1987.82,2001.91,2021.47,2038.14,2048.35,2050.57,2051.16,2050.86,2044.82,2036.96,2020.18,2003.02,1989.74,1981.59,1969.59,1953.47,1932.59,1912.28,1898.52,1883.15,1866.65,1859.08,1847.97,1826.88,1806.26,1783.78,1760.53,1738.58,1716.92,1712.72,1712.29,1698.67,1680.74,1664.45,1648.83,1633.62,1636.65,1641.33,1624.60,1601.65,1591.20,1591.03,1582.99,1571.20,1559.24,1551.55,1549.53,1553.78,1560.44,1563.45,1563.56,1557.58,1545.58,1531.44,1518.11,1510.81,1501.96,1489.51,1474.42,1464.65,1452.38,1437.47,1425.75,1417.48,1406.14,1390.02,1374.06,1360.28,1349.25,1341.14,1329.04,1311.69,1290.26,1270.12,1254.55,1239.11,1219.81,1198.07,1179.08,1163.76,1151.65,1139.29,1125.62,1111.16,1087.97,1058.72,1033.70,1020.73,1019.30,1028.94,1054.80,1083.75,1111.87,1106.16,1080.75,1069.72,1086.76,1114.99,1144.84,1177.36,1206.55,1229.63,1253.44,1269.55,1274.31,1277.91,1280.53,1291.76,1322.20,1350.95,1378.29,1405.00,1428.24,1441.86,1456.31,1474.73,1493.74,1511.36,1528.94,1528.16,1510.53,1494.16,1475.57,1458.15,1453.00,1476.19,1495.59,1495.26,1481.81,1471.69,1486.02,1506.54,1529.81,1556.37,1578.31,1600.76,1621.52,1621.40,1622.60,1625.53,1625.83,1622.75,1622.64,1622.92,1624.00,1637.80,1634.69,1615.05,1600.38,1585.67,1561.47,1537.03,1525.33,1551.55,1580.95,1606.22,1624.56,1649.25,1663.28,1662.85,1661.05,1650.78,1627.89,1611.20,1601.62,1603.21,1624.90,1643.30,1647.54,1651.51,1658.79,1675.21,1694.27,1718.46,1738.26,1757.26,1772.73,1793.31,1810.52,1822.20,1828.57,1833.40,1833.93,1837.83,1844.72,1852.43,1862.80,1871.68,1877.57,1881.23,1878.82,1874.76,1870.07,1859.71,1847.78,1833.50,1821.55,1807.05,1783.52,1766.78,1751.61,1736.86,1722.90,1715.35,1705.85,1687.90,1674.34,1664.81,1657.81,1649.06,1637.00,1615.98,1594.69
1658.28,1673.20,1677.07,1675.43,1667.41,1657.23,1649.35,1642.37,1636.19,1630.10,1625.24,1622.94,1617.66,1608.28,1595.22,1579.49,1583.94,1602.63,1609.43,1620.95,1630.47,1628.85,1625.19,1633.67,1647.44,1658.06,1668.22,1688.28,1705.95,1723.34,1739.19,1745.28,1759.02,1777.18,1795.84,1817.55,1837.63,1859.36,1879.28,1895.39,1913.53,1934.64,1962.80,1984.74,2002.39,2024.80,2042.83,2057.89,2064.50,2055.91,2047.48,2040.89,2030.70,2018.16,2006.67,2001.00,1995.64,1983.76,1968.16,1947.42,1931.15,1919.16,1908.40,1892.59,1882.64,1867.62,1840.67,1818.12,1794.92,1768.46,1744.72,1731.64,1735.13,1725.60,1705.22,1689.17,1674.79,1665.06,1657.34,1659.00,1654.55,1632.49,1609.16,1601.24,1594.07,1586.35,1582.36,1576.73,1572.50,1569.63,1570.93,1575.87,1577.44,1574.15,1563.70,1549.15,1536.33,1517.63,1501.61,1486.73,1476.38,1464.53,1455.67,1442.16,1429.33,1420.24,1415.96,1406.37,1387.33,1369.69,1351.85,1338.95,1328.15,1314.95,1296.23,1270.99,1252.28,1230.77,1214.48,1199.86,1179.67,1158.97,1140.87,1128.21,1116.50,1105.95,1089.44,1062.86,1040.89,1023.38,1019.29,1024.15,1038.79,1064.04,1093.15,1126.20,1128.46,1102.73,1083.22,1084.14,1109.09,1136.39,1165.03,1191.86,1218.46,1240.85,1252.50,1253.34,1252.75,1260.16,1281.11,1303.31,1332.69,1365.50,1402.02,1415.91,1423.74,1441.12,1466.00,1489.66,1509.99,1529.73,1539.24,1530.81,1515.31,1495.50,1479.18,1471.91,1482.06,1504.31,1518.46,1508.83,1493.14,1504.00,1522.32,1536.96,1562.80,1584.91,1609.78,1635.72,1645.48,1649.32,1655.44,1656.07,1652.39,1651.47,1652.42,1647.26,1656.85,1650.98,1631.43,1616.81,1603.34,1582.34,1558.30,1539.90,1562.60,1595.92,1620.21,1645.88,1663.63,1680.82,1686.96,1685.22,1671.58,1647.56,1628.75,1621.98,1628.60,1633.14,1655.63,1667.63,1670.28,1671.77,1676.10,1691.26,1712.46,1732.48,1750.39,1769.69,1791.07,1808.29,1819.28,1824.99,1830.91,1838.61,1843.51,1852.20,1861.51,1872.23,1880.55,1883.93,1884.27,1881.24,1877.16,1872.51,1864.87,1851.83,1836.17,1823.10,1811.85,1791.68,1773.71,1759.79,1745.60,1736.22,1727.24,1714.06,1693.80,1678.55,1671.45,1667.46,1656.80,1640.52,1617.79,1593.84
1653.51,1658.74,1658.59,1655.90,1646.99,1639.08,1632.65,1627.40,1622.06,1616.09,1612.07,1609.11,1604.95,1596.88,1582.01,1569.01,1574.61,1585.00,1590.18,1596.11,1601.53,1608.31,1621.72,1648.76,1667.88,1681.45,1693.22,1707.33,1727.64,1744.85,1763.51,1769.33,1775.25,1790.19,1806.59,1819.95,1834.57,1851.68,1874.40,1890.63,1911.41,1935.37,1967.18,1987.72,2005.48,2025.97,2045.34,2064.39,2071.67,2060.51,2052.09,2046.35,2032.69,2018.09,2004.74,1993.01,1984.37,1974.57,1961.68,1946.82,1936.20,1925.02,1912.23,1896.12,1882.38,1864.66,1840.60,1818.21,1795.90,1770.70,1753.86,1750.61,1749.14,1737.29,1716.74,1701.57,1687.09,1678.98,1677.77,1677.64,1665.90,1645.67,1622.85,1606.84,1594.05,1590.59,1591.01,1588.76,1586.15,1583.01,1581.87,1584.65,1587.29,1575.97,1558.29,1543.46,1525.80,1505.87,1488.79,1471.21,1456.19,1445.48,1437.46,1423.58,1408.65,1399.21,1399.11,1395.82,1380.22,1360.40,1338.84,1323.30,1311.54,1299.64,1278.67,1254.05,1233.34,1213.63,1200.38,1182.28,1161.45,1136.99,1115.92,1101.54,1092.87,1082.86,1063.91,1043.40,1030.59,1020.18,1025.45,1035.17,1049.40,1072.63,1103.03,1135.05,1148.46,1131.74,1104.16,1087.87,1100.98,1125.30,1149.21,1170.72,1197.36,1218.53,1229.66,1228.73,1227.61,1241.72,1266.38,1286.39,1315.79,1357.32,1381.42,1387.08,1399.37,1423.06,1452.61,1480.35,1504.94,1520.07,1531.66,1539.57,1535.40,1520.36,1509.10,1502.98,1503.54,1511.57,1530.45,1534.62,1522.48,1531.39,1543.67,1554.68,1570.83,1593.24,1624.65,1649.69,1667.43,1676.80,1686.61,1691.04,1691.42,1690.34,1686.86,1677.71,1677.53,1673.75,1652.48,1634.23,1619.30,1606.06,1586.71,1556.16,1564.40,1601.41,1631.82,1658.51,1677.76,1692.34,1704.37,1703.45,1692.66,1669.15,1648.19,1643.28,1657.28,1659.44,1663.45,1681.11,1688.56,1690.76,1691.22,1694.88,1707.43,1726.30,1746.25,1766.81,1787.10,1802.17,1814.03,1822.35,1829.93,1841.89,1852.15,1862.82,1871.06,1881.01,1887.94,1887.42,1882.53,1881.18,1876.01,1870.22,1863.84,1852.77,1835.44,1821.30,1812.05,1795.66,1781.46,1767.29,1754.94,1745.56,1733.07,1717.80,1697.45,1683.86,1680.03,1676.64,1664.04,1644.41,1621.31,1594.11
1640.03,1645.09,1646.72,1642.21,1630.14,1622.60,1618.16,1613.55,1602.53,1594.97,1590.88,1587.45,1583.95,1578.88,1566.12,1561.06,1565.12,1570.75,1574.89,1582.64,1596.11,1613.94,1634.91,1661.04,1684.52,1708.66,1723.21,1731.71,1741.08,1767.70,1791.43,1799.75,1806.26,1823.79,1835.62,1837.81,1846.63,1862.15,1877.68,1894.43,1913.03,1934.06,1963.52,1986.15,2002.34,2024.41,2046.51,2067.11,2074.57,2066.09,2059.61,2051.68,2034.42,2015.62,1996.05,1978.30,1966.00,1957.88,1945.95,1931.62,1923.72,1916.59,1902.10,1883.94,1866.46,1851.14,1830.71,1809.30,1793.36,1777.11,1766.09,1763.66,1760.29,1746.31,1733.68,1721.07,1706.90,1696.32,1695.43,1689.96,1674.39,1658.86,1640.16,1619.54,1607.06,1601.86,1599.49,1599.69,1598.24,1595.04,1593.82,1588.03,1581.54,1564.45,1544.58,1529.45,1511.28,1491.16,1478.10,1463.12,1441.04,1423.86,1412.29,1399.04,1383.48,1375.03,1375.83,1375.98,1365.80,1348.91,1332.44,1313.39,1299.41,1282.92,1263.52,1239.30,1218.26,1201.00,1183.32,1162.84,1140.36,1115.96,1095.27,1079.07,1070.37,1060.53,1048.07,1034.68,1025.29,1025.94,1035.58,1044.06,1057.98,1082.88,1114.16,1143.92,1159.84,1155.29,1132.46,1105.05,1098.53,1114.26,1130.44,1150.81,1171.38,1191.62,1202.49,1197.45,1204.96,1226.17,1247.21,1274.71,1306.43,1339.64,1352.23,1353.29,1377.99,1408.80,1438.50,1468.11,1495.90,1504.91,1513.00,1529.83,1543.63,1544.82,1536.82,1530.27,1532.18,1534.49,1542.11,1550.14,1545.40,1556.10,1566.89,1576.43,1584.04,1601.41,1632.08,1655.83,1680.98,1698.77,1711.59,1715.68,1716.07,1713.80,1708.25,1701.60,1699.78,1694.00,1675.82,1655.08,1637.44,1623.50,1604.86,1576.28,1569.19,1599.52,1629.32,1654.86,1676.60,1695.74,1716.00,1720.20,1710.44,1695.89,1673.02,1662.13,1676.72,1687.47,1684.98,1691.99,1705.80,1712.19,1714.82,1714.94,1715.41,1723.92,1740.82,1761.46,1780.53,1795.13,1810.56,1822.86,1834.06,1850.48,1865.15,1875.84,1885.61,1891.12,1890.60,1882.38,1874.91,1872.09,1867.76,1863.82,1853.85,1837.97,1825.13,1812.42,1803.43,1794.18,1785.72,1773.31,1762.45,1749.96,1734.37,1718.97,1702.86,1693.71,1686.29,1680.81,1667.41,1647.18,1624.61,1595.26
1621.75,1631.78,1637.11,1632.28,1621.57,1610.09,1603.05,1595.02,1582.95,1575.46,1570.78,1565.72,1560.32,1553.86,1548.01,1552.17,1556.55,1567.79,1584.88,1597.85,1614.24,1631.14,1650.82,1668.94,1694.43,1722.07,1752.18,1765.52,1766.85,1776.45,1809.49,1831.49,1844.17,1853.43,1867.22,1870.66,1870.71,1882.49,1890.00,1900.59,1919.32,1943.99,1967.34,1984.67,2001.94,2026.87,2049.00,2069.39,2071.85,2059.71,2050.89,2049.80,2034.53,2009.56,1987.04,1969.69,1953.96,1943.98,1931.70,1918.04,1908.52,1904.26,1891.42,1871.12,1855.46,1838.75,1816.86,1798.37,1788.49,1782.98,1777.72,1775.04,1770.21,1759.66,1747.95,1737.66,1724.49,1713.91,1710.56,1701.76,1687.95,1672.53,1658.31,1642.07,1629.20,1618.82,1615.44,1616.37,1612.36,1605.41,1596.21,1579.07,1565.12,1549.61,1529.58,1512.33,1489.26,1472.16,1459.72,1447.03,1429.56,1404.93,1386.55,1376.82,1365.53,1353.85,1352.60,1351.24,1344.01,1330.20,1316.25,1300.10,1286.60,1266.75,1247.80,1227.72,1205.70,1186.12,1163.38,1142.69,1120.98,1100.06,1080.98,1058.98,1050.89,1044.80,1033.96,1027.32,1028.32,1037.68,1050.39,1054.41,1068.37,1093.66,1127.53,1155.07,1175.93,1172.49,1155.34,1132.12,1109.08,1118.25,1128.78,1138.03,1152.32,1164.60,1169.81,1171.00,1189.40,1211.73,1231.47,1263.52,1292.59,1312.26,1323.25,1333.08,1360.76,1389.98,1421.53,1448.06,1472.35,1477.51,1495.96,1518.02,1542.02,1559.72,1559.71,1558.20,1558.99,1557.19,1559.11,1572.09,1576.49,1580.92,1589.54,1600.10,1609.86,1620.63,1638.28,1660.62,1690.73,1713.29,1728.68,1734.54,1733.69,1729.64,1726.01,1722.80,1719.95,1713.57,1696.19,1675.96,1658.23,1640.97,1618.41,1594.45,1581.88,1610.29,1639.10,1663.32,1681.60,1699.71,1723.49,1735.54,1728.85,1717.34,1701.75,1686.74,1687.99,1706.11,1713.98,1718.16,1726.64,1731.11,1733.40,1734.96,1734.38,1734.02,1740.49,1758.26,1777.60,1795.60,1814.08,1826.98,1841.54,1860.36,1875.34,1889.52,1897.42,1895.15,1882.88,1870.34,1861.78,1858.52,1857.94,1854.00,1832.99,1815.01,1808.94,1799.12,1788.89,1781.88,1778.93,1774.69,1765.18,1749.17,1733.12,1717.23,1706.27,1696.30,1685.93,1679.04,1665.18,1647.83,1625.38,1595.65
1605.72,1620.59,1623.94,1620.72,1609.58,1598.75,1587.25,1579.79,1568.93,1557.88,1549.38,1541.09,1536.67,1535.35,1538.06,1543.70,1555.06,1578.21,1604.53,1626.22,1643.28,1656.26,1672.30,1682.94,1705.44,1736.96,1769.82,1791.82,1797.15,1794.34,1816.10,1842.58,1861.72,1875.96,1895.97,1902.96,1895.11,1905.82,1910.82,1912.07,1925.81,1952.97,1978.63,1993.80,2006.24,2033.13,2055.99,2071.33,2067.74,2050.69,2036.87,2033.84,2031.33,2005.88,1983.16,1964.12,1944.95,1930.87,1920.75,1908.23,1894.99,1890.62,1883.66,1862.63,1845.70,1827.78,1806.00,1785.47,1775.68,1777.27,1780.64,1780.67,1774.23,1761.98,1748.12,1736.77,1727.72,1720.56,1714.00,1706.92,1698.32,1687.74,1673.04,1657.83,1646.05,1635.79,1631.19,1627.97,1616.14,1600.76,1584.43,1563.81,1544.40,1530.06,1514.31,1497.56,1472.67,1456.04,1442.23,1427.15,1409.78,1388.04,1368.02,1355.30,1344.95,1333.76,1328.81,1327.97,1321.08,1306.97,1293.03,1283.60,1273.22,1253.16,1232.81,1212.05,1191.27,1166.96,1140.01,1120.61,1102.52,1085.39,1064.40,1048.79,1044.72,1038.26,1031.13,1035.38,1045.62,1060.38,1076.38,1075.87,1077.07,1105.63,1137.00,1166.21,1190.15,1191.38,1171.49,1151.73,1130.09,1145.21,1160.28,1159.13,1153.85,1162.81,1171.07,1180.86,1185.39,1198.57,1224.67,1255.74,1276.51,1289.81,1299.36,1316.68,1343.48,1374.39,1401.64,1425.39,1446.73,1458.81,1483.73,1511.10,1539.02,1560.62,1574.32,1582.28,1586.34,1586.55,1585.57,1592.83,1605.61,1608.65,1613.55,1626.45,1638.27,1644.71,1655.97,1676.41,1701.69,1726.56,1742.59,1750.75,1748.29,1744.19,1743.91,1739.39,1737.11,1735.42,1717.70,1694.57,1672.15,1655.47,1635.64,1613.87,1594.84,1617.03,1651.69,1677.75,1694.95,1714.49,1734.90,1751.62,1749.77,1738.83,1723.85,1709.12,1705.06,1716.30,1734.20,1741.57,1746.09,1748.66,1749.86,1753.00,1751.99,1750.91,1755.28,1769.37,1785.55,1804.70,1820.49,1833.94,1850.46,1866.92,1882.97,1897.78,1902.44,1892.16,1874.03,1859.25,1848.63,1842.46,1842.65,1840.12,1816.57,1804.06,1793.61,1780.84,1770.68,1760.97,1763.45,1768.64,1763.15,1746.38,1729.87,1713.63,1703.14,1692.07,1683.03,1674.16,1660.07,1643.95,1623.27,1596.68
1596.51,1607.41,1609.17,1606.76,1594.94,1584.39,1573.82,1564.16,1552.42,1541.96,1532.15,1524.66,1524.94,1528.23,1533.66,1542.27,1551.90,1572.17,1596.37,1626.71,1652.25,1669.28,1688.23,1706.36,1721.72,1753.64,1785.98,1812.09,1826.35,1822.50,1830.97,1853.45,1871.92,1892.14,1912.25,1922.70,1920.22,1928.86,1941.60,1940.28,1940.29,1958.20,1982.99,2006.98,2021.58,2042.46,2061.04,2069.99,2061.32,2039.76,2022.71,2016.89,2018.02,2000.97,1980.15,1955.63,1933.63,1917.49,1905.52,1897.19,1883.46,1876.68,1874.71,1854.27,1835.11,1813.41,1789.58,1767.88,1760.17,1766.28,1770.59,1774.75,1771.52,1755.91,1736.74,1726.30,1720.44,1714.53,1711.60,1706.01,1697.77,1689.22,1676.98,1663.18,1652.39,1645.35,1639.09,1631.20,1613.19,1592.35,1571.31,1552.23,1529.99,1509.39,1489.78,1472.51,1456.08,1437.53,1423.58,1408.40,1390.00,1372.07,1352.62,1331.56,1323.37,1315.17,1303.86,1298.94,1291.13,1281.09,1271.21,1264.12,1252.21,1232.79,1214.40,1195.53,1174.32,1146.67,1117.21,1097.00,1080.54,1066.26,1052.69,1046.74,1043.22,1041.56,1046.64,1059.53,1072.72,1088.99,1103.25,1099.37,1091.16,1116.48,1147.64,1177.01,1200.11,1207.56,1195.15,1173.64,1157.85,1179.03,1194.55,1190.16,1177.31,1190.80,1202.47,1209.64,1208.10,1202.73,1221.57,1244.37,1265.38,1284.06,1296.28,1316.61,1336.90,1358.78,1383.93,1405.08,1427.93,1454.40,1481.28,1507.41,1534.46,1554.97,1569.90,1579.50,1590.71,1600.35,1601.25,1606.93,1626.97,1641.16,1641.98,1655.22,1669.02,1674.68,1686.16,1703.21,1718.18,1738.77,1754.38,1762.04,1758.50,1756.28,1755.75,1750.22,1748.86,1750.06,1733.47,1708.04,1688.31,1676.99,1659.23,1635.93,1610.42,1619.97,1659.03,1687.33,1707.84,1730.82,1752.67,1767.80,1770.67,1759.39,1741.70,1731.26,1727.31,1730.68,1744.03,1759.50,1768.05,1772.07,1770.61,1771.55,1770.89,1768.15,1771.34,1782.86,1796.69,1816.88,1830.20,1844.88,1859.37,1873.54,1888.44,1900.71,1900.50,1886.32,1869.53,1850.69,1833.64,1823.37,1823.42,1818.65,1804.96,1789.31,1772.18,1761.91,1750.78,1739.07,1742.04,1755.21,1756.89,1743.07,1726.71,1710.25,1695.82,1685.91,1678.24,1667.28,1651.95,1636.55,1618.64,1601.31
1586.32,1592.08,1594.42,1591.03,1580.47,1571.06,1560.64,1549.84,1537.72,1522.43,1516.21,1516.78,1522.74,1533.80,1548.17,1555.86,1556.57,1564.41,1584.78,1614.80,1636.40,1651.29,1675.03,1700.26,1725.88,1751.19,1782.21,1811.07,1833.02,1843.30,1847.20,1868.30,1889.72,1904.27,1919.86,1937.10,1943.46,1950.28,1964.50,1966.63,1962.03,1971.92,1990.16,2013.49,2036.69,2053.85,2064.73,2060.93,2044.46,2027.88,2008.04,1999.50,1997.87,1984.48,1966.99,1947.12,1924.36,1905.38,1890.78,1884.84,1870.65,1859.15,1862.13,1845.85,1822.12,1792.67,1769.92,1754.06,1748.65,1751.17,1754.60,1761.22,1761.95,1749.81,1727.68,1714.32,1705.66,1697.75,1698.36,1695.91,1683.02,1671.85,1665.25,1653.70,1641.56,1638.59,1635.36,1631.51,1616.56,1593.17,1569.06,1547.94,1525.25,1499.21,1473.29,1451.26,1434.97,1418.43,1403.91,1389.01,1372.49,1354.29,1332.81,1310.65,1299.08,1292.54,1275.05,1265.93,1259.16,1253.27,1251.40,1240.68,1223.39,1208.23,1193.93,1177.59,1155.55,1128.13,1097.64,1076.47,1060.76,1053.06,1048.78,1046.03,1042.98,1046.33,1061.72,1082.37,1101.35,1119.58,1132.71,1129.11,1108.84,1124.35,1153.86,1186.50,1211.94,1226.67,1217.01,1199.31,1187.18,1209.45,1223.78,1214.53,1199.86,1213.68,1233.07,1239.69,1236.68,1223.51,1221.81,1243.53,1270.36,1296.62,1321.98,1349.86,1361.14,1376.88,1400.52,1421.91,1442.13,1464.75,1487.90,1500.73,1518.45,1538.29,1549.33,1562.40,1577.46,1582.48,1580.18,1591.46,1618.45,1642.83,1663.32,1679.81,1696.60,1703.13,1711.30,1724.64,1736.10,1752.36,1765.87,1772.66,1766.86,1765.02,1764.96,1761.01,1762.21,1761.00,1742.95,1718.35,1707.32,1697.47,1678.91,1654.84,1627.14,1631.23,1665.36,1692.90,1715.59,1740.59,1765.11,1780.31,1785.54,1781.60,1767.38,1761.69,1758.71,1756.11,1757.66,1771.23,1787.21,1793.56,1789.22,1787.77,1787.44,1785.25,1789.29,1797.06,1811.18,1828.57,1841.55,1853.99,1865.92,1881.06,1892.28,1897.29,1891.60,1872.57,1858.27,1843.92,1823.00,1810.22,1806.65,1803.50,1790.79,1771.29,1756.35,1746.29,1733.61,1720.70,1721.59,1734.05,1742.15,1736.25,1723.65,1709.43,1693.52,1682.02,1672.84,1660.38,1643.65,1627.97,1612.45,1601.82
1570.62,1573.98,1575.33,1572.75,1565.47,1556.57,1546.35,1532.63,1517.68,1508.26,1508.87,1515.17,1532.36,1554.74,1570.36,1579.90,1577.23,1570.99,1578.32,1601.57,1619.75,1641.79,1666.53,1692.80,1713.66,1731.43,1751.68,1770.03,1799.94,1830.37,1849.45,1869.86,1890.88,1911.29,1928.71,1940.40,1947.76,1964.16,1984.64,1995.58,1999.48,2003.99,2011.12,2022.74,2042.65,2062.70,2070.62,2055.29,2031.10,2010.32,1990.12,1977.83,1974.49,1961.97,1942.16,1923.65,1906.47,1892.21,1876.86,1864.33,1854.41,1845.09,1847.30,1838.37,1813.11,1781.70,1756.55,1739.35,1730.55,1734.14,1739.26,1740.62,1743.55,1738.61,1719.38,1698.87,1686.26,1680.15,1681.47,1678.00,1661.07,1649.24,1646.75,1637.93,1622.16,1621.32,1620.63,1621.30,1613.68,1588.76,1561.09,1540.02,1519.57,1496.92,1472.57,1450.25,1430.67,1410.92,1392.03,1371.26,1353.06,1334.88,1316.73,1298.30,1278.13,1263.89,1248.42,1239.93,1233.84,1228.00,1229.27,1220.80,1199.80,1184.59,1171.24,1157.70,1135.69,1112.24,1086.02,1065.84,1051.74,1048.59,1047.17,1045.16,1043.26,1052.14,1077.36,1104.90,1126.82,1143.02,1155.84,1153.32,1131.15,1134.04,1155.71,1192.03,1221.93,1245.12,1241.67,1228.77,1221.43,1240.81,1247.57,1236.06,1222.70,1237.66,1256.00,1265.10,1262.66,1249.58,1232.60,1247.14,1279.13,1313.10,1341.51,1366.24,1384.40,1400.68,1415.16,1426.96,1442.75,1460.48,1471.15,1480.44,1502.20,1516.51,1525.67,1547.71,1558.29,1551.57,1559.70,1574.66,1598.99,1626.80,1659.01,1689.90,1710.04,1724.44,1736.73,1745.21,1754.56,1767.46,1779.05,1782.47,1775.76,1774.65,1776.11,1777.18,1781.88,1771.18,1748.38,1734.19,1728.05,1712.81,1693.28,1668.46,1640.97,1641.03,1669.35,1697.27,1720.98,1745.39,1770.03,1786.51,1798.96,1801.23,1793.73,1787.85,1786.24,1784.10,1780.70,1789.62,1805.64,1814.75,1810.43,1806.03,1805.44,1803.98,1808.74,1814.03,1827.13,1840.27,1851.41,1863.32,1874.80,1887.93,1889.90,1883.61,1876.51,1855.60,1836.60,1831.65,1814.29,1802.37,1790.89,1784.91,1775.55,1757.93,1740.56,1728.83,1715.31,1702.07,1703.26,1709.52,1700.19,1709.11,1714.84,1706.04,1692.54,1678.53,1666.65,1652.86,1635.52,1622.60,1609.53,1599.86
1550.70,1551.85,1553.13,1552.45,1547.64,1539.97,1530.03,1513.39,1500.86,1500.23,1508.38,1517.82,1531.48,1557.44,1583.68,1597.29,1601.35,1592.58,1583.22,1589.47,1606.65,1634.21,1656.64,1676.22,1691.47,1707.24,1724.04,1739.36,1761.59,1795.92,1828.71,1855.74,1874.23,1890.89,1905.07,1917.80,1931.92,1954.34,1974.87,1988.12,2003.02,2022.15,2035.20,2043.01,2053.04,2070.56,2079.27,2057.98,2031.90,2001.15,1984.55,1961.70,1948.40,1936.70,1920.51,1906.26,1891.91,1875.51,1863.33,1849.35,1836.56,1830.14,1830.39,1826.77,1809.44,1782.32,1752.09,1727.72,1711.34,1713.96,1720.77,1722.19,1723.09,1721.34,1709.96,1684.89,1671.53,1666.44,1664.72,1660.74,1641.88,1627.64,1624.64,1615.35,1603.46,1601.54,1601.01,1606.10,1605.17,1579.87,1555.66,1538.24,1517.56,1495.09,1472.02,1454.29,1438.12,1418.07,1399.36,1374.33,1356.46,1346.45,1333.86,1314.74,1287.17,1259.42,1238.06,1222.58,1211.26,1202.55,1204.10,1202.02,1183.86,1162.63,1152.38,1136.64,1116.61,1095.64,1074.58,1056.50,1049.00,1047.47,1045.92,1044.18,1045.78,1058.51,1088.09,1113.88,1138.73,1156.97,1170.93,1166.55,1156.03,1149.12,1159.57,1190.76,1222.14,1252.93,1262.72,1251.78,1239.65,1259.83,1273.30,1261.63,1248.06,1259.32,1283.26,1295.86,1288.67,1269.64,1247.01,1244.57,1274.51,1309.58,1337.84,1356.59,1373.39,1395.57,1401.76,1407.70,1423.92,1436.88,1441.52,1457.64,1478.28,1499.59,1523.30,1535.92,1531.04,1532.72,1547.99,1565.49,1588.92,1618.41,1651.89,1680.69,1705.48,1732.09,1749.50,1760.64,1768.41,1780.08,1788.47,1790.93,1787.63,1787.09,1787.88,1790.36,1795.21,1777.13,1756.08,1753.10,1744.95,1727.55,1705.24,1677.18,1654.91,1658.73,1683.89,1710.07,1730.95,1751.05,1773.09,1791.63,1810.64,1820.33,1815.09,1811.69,1810.32,1809.33,1806.89,1811.30,1822.71,1831.45,1831.65,1829.30,1826.00,1821.87,1825.95,1833.45,1840.58,1851.46,1863.48,1875.70,1887.07,1889.20,1877.82,1865.21,1860.70,1842.02,1814.55,1805.32,1796.04,1783.49,1769.16,1759.80,1758.50,1749.98,1729.38,1714.94,1698.11,1681.80,1679.68,1685.23,1666.72,1670.70,1690.81,1689.64,1678.54,1664.89,1650.59,1635.26,1622.28,1613.66,1608.49,1602.15
1530.56,1530.69,1531.75,1531.51,1527.88,1522.73,1514.54,1498.26,1491.16,1498.16,1510.30,1523.24,1535.94,1562.36,1590.17,1612.01,1624.68,1620.92,1612.49,1601.11,1603.64,1622.27,1640.53,1659.20,1675.49,1694.35,1710.64,1727.88,1754.22,1781.08,1809.85,1832.70,1849.97,1864.62,1876.33,1893.53,1913.90,1931.77,1948.16,1961.18,1982.82,2005.31,2022.66,2041.46,2063.61,2081.43,2089.63,2073.87,2047.88,2023.62,2011.55,1976.27,1941.46,1920.51,1901.08,1888.54,1874.58,1857.96,1846.49,1837.87,1821.35,1816.26,1809.80,1806.77,1791.34,1771.60,1751.09,1722.23,1698.41,1696.91,1700.01,1703.50,1702.74,1701.04,1693.61,1674.31,1656.02,1648.50,1651.04,1642.41,1625.55,1609.89,1600.69,1595.71,1584.06,1579.58,1580.08,1587.13,1588.14,1570.41,1555.60,1538.88,1519.06,1501.56,1477.85,1460.73,1445.68,1428.20,1408.45,1390.88,1382.60,1373.57,1354.29,1330.40,1300.31,1275.15,1252.50,1232.59,1209.90,1188.89,1180.86,1175.92,1161.92,1141.47,1131.16,1120.73,1104.37,1083.90,1066.12,1052.28,1048.27,1046.82,1045.37,1045.02,1050.74,1069.83,1097.21,1121.97,1144.19,1164.37,1186.43,1190.97,1179.65,1173.71,1183.80,1192.58,1224.04,1259.17,1280.12,1273.30,1262.13,1279.45,1294.85,1288.65,1273.95,1282.64,1306.67,1317.18,1306.32,1285.10,1264.02,1250.11,1262.27,1291.65,1312.06,1327.32,1347.76,1363.89,1364.53,1376.76,1394.91,1401.15,1409.14,1430.72,1458.16,1490.63,1510.66,1513.81,1510.79,1524.67,1547.71,1568.17,1587.20,1612.35,1645.83,1672.37,1700.20,1727.59,1749.50,1766.09,1776.68,1785.64,1792.89,1797.37,1797.80,1798.68,1799.06,1801.90,1801.35,1783.97,1776.34,1773.92,1759.46,1739.13,1713.72,1689.48,1672.21,1674.64,1694.37,1719.01,1742.47,1764.59,1781.95,1800.81,1821.51,1835.83,1837.65,1835.47,1832.80,1832.28,1830.51,1830.77,1840.37,1846.78,1849.90,1849.86,1844.95,1840.70,1843.99,1850.05,1855.94,1864.71,1873.92,1884.87,1888.81,1875.44,1862.81,1843.28,1835.25,1830.58,1805.57,1782.03,1770.21,1759.55,1748.81,1736.80,1736.14,1736.06,1719.47,1703.90,1684.02,1666.91,1659.01,1656.68,1643.47,1643.34,1662.25,1663.37,1652.97,1639.62,1624.07,1609.83,1597.01,1591.01,1589.15,1587.97
1507.54,1505.55,1506.95,1508.58,1508.40,1505.97,1498.86,1486.53,1489.18,1504.15,1525.36,1540.78,1547.81,1562.24,1590.31,1618.29,1637.62,1644.96,1638.28,1624.08,1612.39,1618.13,1636.87,1656.37,1673.67,1695.20,1710.13,1722.73,1742.01,1770.23,1794.54,1813.09,1833.20,1849.89,1865.29,1879.13,1896.40,1914.16,1928.38,1946.61,1969.73,1990.54,2008.38,2036.16,2064.01,2084.35,2091.28,2078.71,2057.72,2040.21,2016.59,1984.45,1952.32,1932.26,1898.19,1867.56,1851.07,1839.60,1829.39,1823.56,1808.08,1799.91,1794.42,1780.99,1771.34,1756.08,1740.99,1708.63,1681.17,1674.79,1679.04,1679.54,1679.05,1677.75,1671.32,1655.17,1640.77,1635.73,1635.67,1622.87,1604.78,1589.50,1579.59,1571.57,1561.78,1558.69,1559.03,1565.45,1566.93,1561.82,1552.97,1541.48,1523.03,1507.70,1486.77,1470.09,1456.78,1442.01,1427.42,1416.95,1408.06,1388.61,1362.70,1338.68,1312.05,1287.37,1265.99,1244.25,1221.95,1197.81,1171.50,1153.06,1136.38,1118.98,1112.13,1103.26,1090.94,1076.78,1060.86,1052.81,1049.01,1046.99,1045.60,1049.18,1064.70,1088.11,1112.62,1140.85,1156.22,1168.81,1187.80,1208.64,1207.44,1209.32,1223.16,1229.23,1236.43,1264.62,1292.78,1296.42,1290.60,1305.88,1316.86,1311.41,1297.47,1304.78,1326.61,1337.20,1321.25,1298.86,1284.80,1269.54,1261.07,1278.57,1293.53,1302.18,1317.01,1332.40,1336.92,1350.37,1360.99,1374.12,1391.59,1414.65,1444.69,1470.18,1483.95,1485.36,1495.72,1522.55,1544.84,1561.27,1576.60,1600.95,1635.85,1663.96,1691.99,1714.45,1740.12,1763.94,1780.81,1793.69,1804.78,1812.12,1818.26,1820.00,1818.24,1818.01,1810.53,1800.77,1798.54,1794.13,1776.17,1752.65,1726.26,1700.29,1693.86,1691.82,1704.80,1727.88,1752.13,1776.26,1794.02,1812.54,1831.76,1847.83,1856.63,1858.83,1858.87,1858.08,1855.06,1853.26,1858.12,1869.06,1874.95,1874.68,1869.36,1862.67,1861.41,1866.27,1871.47,1880.10,1888.43,1889.31,1875.99,1857.36,1840.68,1823.64,1807.71,1801.01,1787.16,1764.96,1749.42,1738.00,1729.71,1717.48,1715.61,1724.55,1713.09,1695.98,1674.34,1655.72,1640.05,1631.97,1624.72,1622.92,1634.70,1637.80,1630.84,1618.05,1601.82,1584.42,1571.97,1564.16,1561.63,1562.85
1478.82,1478.18,1478.91,1483.22,1486.48,1484.68,1479.47,1480.84,1497.61,1523.03,1544.65,1560.31,1568.08,1565.95,1584.25,1612.68,1639.66,1660.47,1662.41,1646.10,1633.32,1625.79,1646.98,1670.35,1693.35,1718.63,1729.95,1742.92,1755.73,1764.64,1780.70,1801.17,1822.21,1837.38,1854.65,1870.73,1890.02,1907.77,1928.32,1949.57,1972.47,1991.90,2008.59,2038.09,2065.94,2084.34,2086.31,2073.73,2058.32,2036.72,2005.98,1975.18,1947.38,1932.06,1911.02,1874.19,1846.34,1827.35,1812.49,1806.24,1793.28,1778.32,1778.57,1767.96,1752.03,1736.10,1716.92,1690.76,1668.01,1653.60,1654.63,1654.47,1652.87,1652.10,1648.26,1636.29,1624.21,1621.72,1617.70,1603.77,1584.94,1571.34,1560.45,1548.49,1541.29,1535.29,1535.96,1540.53,1544.18,1548.31,1544.20,1537.21,1524.84,1512.46,1497.50,1480.11,1469.20,1458.27,1448.24,1434.75,1415.19,1392.02,1367.82,1344.37,1322.18,1296.56,1273.28,1250.64,1229.56,1205.55,1180.61,1150.91,1127.62,1110.77,1097.90,1088.58,1080.99,1070.88,1057.86,1051.69,1048.74,1047.01,1048.59,1063.60,1085.25,1105.82,1131.23,1158.83,1179.96,1193.52,1201.42,1215.81,1231.41,1237.64,1255.70,1265.31,1261.97,1277.75,1301.93,1321.26,1327.84,1340.21,1343.31,1334.53,1321.62,1326.90,1341.21,1350.05,1337.96,1320.49,1304.60,1288.58,1276.09,1296.18,1313.30,1313.62,1315.15,1326.66,1334.87,1346.23,1354.57,1368.86,1385.80,1404.96,1427.83,1442.49,1452.71,1462.06,1494.81,1517.08,1529.89,1544.61,1565.62,1587.25,1620.36,1648.68,1677.91,1706.10,1735.96,1762.96,1787.41,1807.39,1827.44,1838.21,1844.38,1846.59,1845.70,1841.33,1831.87,1824.24,1824.90,1816.26,1790.38,1761.84,1738.60,1720.42,1720.55,1718.06,1724.77,1745.10,1763.47,1783.28,1803.99,1824.44,1842.74,1861.83,1876.80,1884.05,1885.88,1884.47,1880.27,1878.95,1880.10,1887.85,1891.26,1890.50,1886.87,1882.60,1880.10,1881.43,1887.14,1897.66,1903.85,1886.31,1861.10,1845.31,1827.04,1808.07,1791.02,1776.28,1762.53,1745.13,1728.87,1718.13,1708.21,1697.97,1695.22,1708.81,1717.32,1707.56,1684.60,1662.01,1638.15,1617.11,1610.51,1605.65,1608.03,1613.77,1611.55,1596.93,1575.78,1556.75,1547.80,1541.66,1536.81,1538.57
1451.53,1455.56,1460.09,1462.63,1464.90,1466.10,1471.28,1487.28,1512.78,1539.12,1560.75,1579.36,1594.07,1590.39,1587.90,1614.73,1644.61,1673.96,1682.14,1671.89,1662.43,1646.48,1653.70,1678.38,1707.47,1736.15,1754.13,1765.74,1783.46,1788.10,1784.94,1802.01,1819.32,1835.21,1852.31,1871.91,1892.28,1917.05,1948.35,1968.43,1984.10,2002.52,2024.65,2046.06,2072.20,2080.36,2070.25,2059.13,2045.25,2025.43,1998.49,1967.20,1932.63,1908.87,1893.40,1875.68,1854.28,1830.68,1806.99,1784.32,1771.89,1759.93,1757.38,1757.91,1734.68,1717.43,1700.14,1681.34,1661.56,1641.35,1635.39,1637.70,1635.16,1630.60,1628.36,1621.01,1609.33,1602.51,1595.65,1583.30,1568.54,1554.84,1542.65,1528.83,1522.04,1513.84,1510.75,1516.01,1518.22,1524.94,1530.25,1526.67,1517.76,1511.96,1503.92,1488.15,1473.47,1464.60,1453.35,1439.44,1419.38,1393.86,1371.02,1349.51,1328.61,1305.43,1281.58,1257.39,1237.47,1215.48,1194.58,1170.03,1149.30,1129.24,1108.40,1088.94,1075.64,1066.33,1056.54,1050.18,1048.15,1048.43,1059.65,1081.76,1102.82,1122.49,1147.67,1171.47,1197.07,1216.80,1229.21,1239.95,1247.95,1259.53,1277.44,1290.60,1288.57,1295.49,1318.29,1342.47,1360.37,1370.67,1370.68,1360.21,1345.51,1344.52,1360.84,1371.24,1359.08,1343.23,1321.20,1300.60,1287.56,1302.48,1333.43,1344.11,1345.58,1357.25,1358.36,1369.32,1379.27,1390.74,1402.77,1410.20,1422.83,1437.14,1447.89,1461.81,1491.74,1509.18,1521.77,1534.48,1551.71,1571.73,1602.22,1640.79,1675.55,1703.20,1732.31,1762.80,1788.53,1814.70,1838.50,1854.97,1865.90,1870.36,1869.11,1864.42,1856.35,1848.86,1845.69,1830.01,1803.84,1773.56,1748.15,1742.26,1744.88,1743.19,1744.83,1762.72,1778.08,1792.28,1812.23,1831.88,1852.78,1871.57,1887.74,1896.64,1901.99,1903.13,1899.27,1900.23,1900.83,1907.06,1911.70,1910.00,1906.37,1900.91,1894.81,1896.11,1905.55,1912.76,1909.91,1885.12,1857.47,1833.79,1818.59,1801.38,1779.12,1761.21,1744.03,1725.13,1709.75,1696.54,1685.96,1678.52,1677.58,1689.18,1703.60,1706.03,1693.06,1668.36,1644.45,1619.28,1598.39,1587.91,1585.33,1589.92,1591.55,1577.70,1555.78,1537.24,1523.51,1519.53,1515.09,1512.24
1441.05,1447.03,1451.34,1455.09,1461.03,1469.43,1480.16,1498.72,1528.35,1555.21,1579.12,1598.10,1614.57,1614.85,1600.64,1623.76,1654.22,1683.58,1697.64,1701.40,1692.92,1674.88,1664.99,1675.83,1700.51,1731.64,1765.62,1784.39,1795.92,1808.45,1808.43,1812.55,1825.47,1841.62,1860.35,1876.92,1901.27,1929.07,1958.93,1980.92,1995.60,2012.80,2041.24,2063.58,2081.53,2071.60,2053.57,2040.32,2025.22,2011.88,1984.47,1962.41,1930.53,1897.24,1871.59,1856.30,1844.53,1826.52,1807.26,1783.90,1759.77,1742.05,1735.02,1737.55,1727.97,1705.91,1684.62,1670.62,1652.29,1630.96,1617.21,1616.77,1615.88,1612.86,1607.97,1601.78,1589.98,1579.82,1570.66,1561.43,1551.12,1539.11,1526.11,1510.79,1503.39,1496.24,1489.83,1493.25,1494.48,1502.58,1512.94,1518.56,1509.43,1505.03,1500.20,1489.22,1476.72,1465.70,1453.58,1436.19,1417.58,1395.82,1372.39,1351.32,1331.40,1310.94,1290.09,1267.91,1246.88,1226.33,1201.97,1178.94,1159.07,1138.89,1119.20,1096.07,1079.28,1064.41,1054.22,1049.44,1048.60,1054.45,1074.68,1097.35,1115.44,1139.88,1162.69,1186.82,1213.57,1236.38,1254.73,1267.15,1270.17,1271.86,1288.35,1309.83,1316.17,1314.22,1327.07,1356.04,1385.64,1396.81,1394.78,1387.54,1369.40,1365.16,1388.01,1395.74,1382.61,1359.24,1336.60,1322.02,1310.31,1304.19,1324.19,1352.35,1372.64,1389.94,1393.33,1398.87,1413.21,1422.73,1434.91,1440.70,1439.67,1453.47,1471.35,1488.78,1509.48,1522.51,1529.06,1538.13,1550.46,1566.58,1593.02,1637.25,1672.03,1696.59,1725.24,1753.72,1785.25,1809.86,1830.90,1848.74,1864.85,1880.80,1887.25,1881.31,1874.40,1867.94,1857.88,1838.02,1813.42,1781.46,1760.40,1766.33,1770.62,1764.88,1762.07,1774.85,1793.39,1807.84,1824.09,1838.92,1858.96,1878.20,1894.84,1909.72,1922.12,1923.93,1921.15,1922.31,1922.26,1926.83,1931.46,1927.59,1924.32,1918.52,1913.85,1916.61,1922.52,1922.97,1908.25,1882.44,1860.30,1835.59,1815.12,1800.53,1785.74,1768.51,1751.50,1731.95,1712.66,1694.21,1671.49,1657.45,1655.11,1670.18,1681.81,1685.48,1682.91,1668.96,1648.40,1622.05,1602.08,1578.62,1562.35,1567.59,1574.42,1564.73,1541.91,1523.25,1505.14,1495.11,1491.96,1489.07
1444.09,1450.21,1458.10,1471.47,1484.12,1489.80,1499.30,1513.43,1539.53,1569.38,1602.01,1626.66,1642.39,1638.47,1619.70,1633.70,1662.39,1690.34,1713.67,1725.54,1717.03,1704.13,1694.91,1688.62,1697.01,1721.79,1746.50,1762.64,1779.95,1808.14,1825.59,1828.62,1835.63,1853.19,1871.12,1890.07,1908.36,1932.04,1957.57,1980.36,1996.53,2016.86,2045.69,2074.78,2088.89,2072.57,2044.55,2022.10,2005.38,1997.23,1975.17,1949.76,1923.09,1892.82,1865.98,1842.98,1827.40,1812.09,1797.76,1781.53,1766.35,1744.75,1723.93,1713.67,1715.42,1708.11,1684.25,1664.14,1643.09,1621.57,1603.49,1598.53,1598.42,1595.34,1590.42,1582.39,1571.68,1561.34,1552.09,1542.44,1530.50,1519.87,1507.06,1489.32,1478.63,1473.00,1467.76,1466.52,1473.35,1482.95,1495.56,1512.80,1506.66,1494.69,1485.26,1473.03,1461.84,1454.69,1443.56,1423.36,1405.37,1391.04,1369.19,1348.94,1330.30,1312.10,1294.38,1277.60,1256.12,1234.48,1206.90,1177.86,1155.95,1137.47,1120.17,1098.69,1080.53,1061.57,1052.83,1049.44,1050.55,1064.02,1087.46,1107.40,1127.60,1151.92,1175.58,1200.39,1226.31,1253.53,1274.21,1290.79,1296.68,1289.59,1295.78,1319.87,1337.40,1343.73,1349.34,1370.22,1397.70,1414.98,1419.52,1412.92,1399.59,1392.61,1411.00,1414.69,1398.51,1374.27,1358.68,1348.73,1329.99,1321.05,1325.01,1338.93,1367.64,1396.00,1416.37,1426.41,1440.86,1453.32,1460.96,1467.47,1464.80,1469.45,1490.90,1518.56,1542.95,1555.33,1555.43,1557.77,1570.64,1586.84,1603.72,1635.42,1663.77,1689.24,1714.15,1742.03,1770.77,1792.22,1813.32,1834.00,1858.09,1879.19,1895.35,1893.58,1885.34,1876.76,1862.22,1838.33,1813.35,1786.34,1777.99,1785.86,1789.82,1785.10,1780.81,1786.36,1802.26,1823.02,1843.63,1858.28,1871.14,1886.13,1902.29,1920.89,1937.11,1944.80,1942.49,1944.60,1943.20,1944.88,1946.90,1943.34,1938.22,1932.51,1930.30,1931.63,1932.78,1929.04,1911.20,1886.98,1867.86,1848.49,1831.80,1820.12,1805.88,1784.58,1763.38,1741.25,1720.76,1701.52,1675.03,1650.01,1634.60,1645.11,1654.81,1663.94,1668.81,1662.24,1643.64,1615.88,1599.75,1580.33,1550.58,1538.24,1549.46,1546.58,1525.74,1507.73,1493.14,1476.34,1470.46,1465.96
1453.90,1463.28,1475.92,1493.36,1509.57,1516.59,1521.92,1533.25,1552.27,1581.56,1619.53,1652.59,1667.48,1660.81,1640.40,1643.94,1672.09,1701.27,1732.48,1749.96,1743.90,1730.75,1725.77,1714.55,1708.27,1719.03,1736.96,1749.10,1767.29,1792.81,1816.18,1836.42,1849.88,1868.49,1890.74,1911.69,1925.80,1937.91,1956.75,1979.78,1999.50,2021.46,2047.54,2076.52,2089.87,2070.59,2044.24,2012.24,1990.68,1980.99,1975.84,1945.17,1910.00,1885.05,1862.55,1838.06,1817.39,1796.67,1780.53,1769.51,1763.33,1747.51,1724.76,1699.56,1693.10,1694.54,1681.74,1670.49,1649.86,1622.08,1598.62,1583.91,1580.01,1577.05,1572.20,1564.18,1555.38,1546.39,1536.90,1526.25,1513.32,1498.21,1486.19,1471.67,1458.26,1449.54,1439.80,1440.07,1450.54,1464.19,1486.72,1508.29,1504.29,1484.45,1468.41,1455.27,1446.45,1439.25,1428.24,1409.08,1390.65,1376.61,1358.82,1341.96,1324.63,1308.19,1292.31,1277.75,1259.90,1241.93,1217.04,1186.05,1161.59,1141.92,1122.57,1099.03,1077.95,1061.04,1053.04,1050.16,1053.56,1071.47,1096.98,1115.01,1141.63,1164.85,1188.52,1211.00,1234.85,1264.12,1289.36,1308.22,1317.69,1312.68,1303.85,1319.24,1343.99,1361.56,1373.24,1388.75,1412.65,1434.58,1444.59,1437.48,1419.23,1418.15,1431.54,1429.16,1411.11,1387.35,1380.42,1368.23,1348.25,1343.91,1346.53,1344.34,1355.25,1383.45,1411.07,1435.10,1459.18,1481.48,1491.72,1501.07,1499.74,1499.19,1505.38,1533.55,1562.75,1582.83,1588.13,1588.09,1591.34,1613.48,1630.30,1637.68,1649.54,1672.94,1697.54,1731.37,1761.08,1789.51,1817.27,1843.55,1861.03,1883.99,1903.26,1904.76,1894.18,1881.80,1865.60,1839.05,1810.91,1799.82,1800.13,1803.57,1807.87,1798.94,1793.68,1798.23,1807.71,1830.94,1855.82,1875.53,1889.00,1899.03,1914.20,1932.79,1950.14,1962.72,1964.45,1964.77,1963.30,1961.52,1960.51,1956.01,1950.76,1943.64,1939.24,1939.43,1937.19,1929.43,1913.32,1896.79,1884.41,1868.78,1854.61,1833.12,1812.98,1791.26,1767.57,1745.85,1723.18,1702.61,1676.03,1651.06,1626.68,1622.03,1629.60,1641.79,1649.47,1648.44,1632.24,1608.17,1585.24,1567.25,1543.92,1518.79,1522.34,1528.14,1510.73,1490.57,1476.14,1459.52,1444.41,1440.86
1462.60,1466.96,1479.71,1496.20,1515.06,1535.84,1550.36,1566.76,1586.05,1606.37,1638.81,1671.81,1693.37,1681.73,1655.59,1653.86,1681.30,1711.45,1743.57,1773.18,1769.84,1757.61,1756.08,1745.53,1744.11,1748.95,1763.83,1776.12,1782.31,1788.35,1806.34,1833.58,1857.18,1879.98,1906.65,1930.43,1950.68,1960.38,1968.63,1985.48,2004.79,2025.85,2052.72,2081.55,2086.30,2059.10,2034.07,2004.96,1980.66,1960.92,1959.20,1939.15,1898.61,1873.47,1850.59,1830.57,1804.08,1783.15,1768.56,1752.78,1744.81,1730.10,1718.52,1698.13,1677.91,1670.56,1664.15,1664.77,1649.31,1621.99,1597.84,1575.60,1561.13,1556.41,1552.02,1546.12,1539.41,1530.63,1521.64,1511.39,1496.06,1480.86,1465.81,1450.07,1432.89,1420.78,1414.61,1416.99,1429.43,1447.30,1476.61,1498.08,1494.64,1474.59,1455.55,1444.14,1435.34,1423.24,1411.74,1396.78,1376.50,1358.49,1344.03,1328.83,1313.91,1297.46,1281.96,1269.00,1254.50,1239.95,1219.71,1194.20,1165.86,1142.88,1125.43,1098.55,1074.22,1059.57,1052.73,1053.72,1057.72,1083.31,1108.73,1130.85,1156.41,1178.08,1203.74,1227.28,1250.23,1274.88,1302.44,1328.37,1339.53,1334.88,1321.52,1322.88,1344.04,1369.34,1386.92,1404.52,1427.95,1449.89,1465.51,1461.51,1442.23,1445.44,1453.43,1441.16,1421.99,1408.03,1397.84,1381.28,1364.92,1362.06,1369.51,1370.01,1372.83,1375.49,1395.99,1422.00,1451.31,1485.72,1509.18,1530.05,1534.78,1534.02,1529.12,1538.20,1567.41,1598.18,1619.89,1620.30,1614.83,1634.40,1656.85,1664.72,1662.60,1669.21,1690.09,1720.73,1752.23,1789.74,1819.20,1839.53,1855.14,1886.49,1917.34,1915.67,1901.31,1885.24,1868.23,1842.50,1823.97,1826.96,1821.38,1822.72,1827.66,1814.89,1808.08,1813.63,1824.51,1838.04,1858.22,1882.39,1902.13,1914.36,1929.64,1948.21,1963.55,1974.42,1980.30,1981.15,1977.23,1974.77,1973.84,1970.57,1965.98,1959.59,1950.97,1944.89,1931.38,1917.89,1901.84,1890.44,1877.85,1867.15,1854.25,1831.63,1815.24,1798.07,1775.89,1752.75,1727.11,1700.39,1674.57,1650.43,1623.97,1605.64,1605.38,1617.40,1625.52,1626.80,1618.10,1602.94,1576.79,1551.61,1530.23,1507.06,1496.94,1510.02,1504.43,1482.72,1460.90,1440.67,1425.66,1422.67
1483.29,1475.58,1479.59,1488.26,1508.20,1535.71,1561.94,1584.47,1607.44,1633.81,1655.07,1680.70,1705.41,1702.97,1681.73,1667.90,1684.17,1712.83,1745.98,1777.14,1788.76,1792.63,1783.44,1774.05,1780.13,1781.38,1786.42,1800.63,1809.86,1810.25,1809.37,1833.45,1859.18,1880.93,1904.85,1933.50,1959.94,1979.08,1985.85,1998.98,2024.51,2044.50,2071.67,2095.76,2084.38,2056.00,2027.71,2002.52,1978.06,1952.15,1934.65,1917.73,1889.02,1866.29,1843.18,1818.52,1795.56,1774.18,1760.83,1744.80,1731.15,1718.16,1705.13,1693.45,1672.76,1655.42,1650.17,1654.49,1643.55,1619.13,1597.60,1576.44,1558.08,1539.32,1530.26,1525.89,1518.87,1509.31,1496.80,1485.33,1475.70,1464.20,1448.48,1428.91,1420.55,1415.36,1405.39,1402.22,1415.57,1435.14,1463.68,1483.96,1478.71,1461.76,1444.37,1431.04,1419.45,1404.46,1394.63,1384.15,1365.46,1345.93,1330.05,1312.15,1297.45,1282.76,1266.56,1254.66,1240.45,1225.79,1211.01,1187.97,1158.41,1137.70,1120.49,1095.18,1070.53,1057.16,1054.21,1057.07,1066.13,1094.67,1118.16,1146.55,1173.84,1196.05,1220.01,1244.06,1266.11,1288.44,1315.73,1342.43,1356.19,1359.19,1348.09,1335.11,1347.80,1372.56,1393.04,1411.39,1436.87,1459.39,1482.02,1482.22,1465.13,1467.83,1472.64,1455.05,1447.95,1439.37,1418.22,1397.71,1387.00,1379.56,1388.89,1394.75,1396.99,1393.55,1393.72,1409.73,1434.43,1470.25,1504.97,1529.40,1547.30,1561.83,1559.07,1552.43,1574.20,1612.87,1644.07,1650.85,1639.00,1651.13,1683.73,1703.02,1697.68,1693.91,1696.93,1715.01,1743.05,1775.76,1799.11,1819.97,1846.57,1877.35,1914.77,1921.51,1906.99,1889.42,1872.29,1852.62,1850.17,1853.62,1838.44,1841.03,1845.65,1833.16,1826.26,1832.71,1842.50,1852.57,1867.35,1887.68,1910.01,1929.64,1947.73,1964.70,1976.49,1987.10,1997.23,1997.64,1988.99,1983.71,1980.94,1975.49,1969.51,1961.07,1951.47,1940.02,1921.22,1904.72,1888.82,1876.69,1863.01,1851.97,1841.34,1822.72,1810.04,1793.78,1777.76,1759.32,1730.73,1701.20,1675.26,1649.71,1624.38,1599.59,1584.73,1586.79,1595.62,1601.34,1602.49,1592.08,1570.09,1545.53,1521.32,1498.10,1479.10,1487.27,1492.51,1482.17,1462.96,1440.12,1415.34,1405.26
1501.33,1495.97,1493.67,1494.24,1500.96,1525.80,1554.79,1574.18,1591.68,1620.42,1649.21,1671.46,1697.88,1712.11,1705.93,1697.46,1691.07,1709.91,1747.91,1780.17,1804.68,1817.88,1806.13,1803.80,1811.06,1808.99,1812.78,1822.75,1834.70,1833.81,1827.94,1849.13,1875.52,1893.26,1907.33,1933.32,1959.17,1983.99,2003.50,2015.86,2039.82,2065.51,2087.91,2100.71,2087.98,2059.38,2038.56,2021.76,1997.88,1965.89,1934.25,1908.58,1885.11,1859.41,1837.26,1815.82,1798.66,1787.67,1774.91,1761.35,1746.45,1733.83,1716.92,1696.33,1672.83,1651.22,1639.98,1643.62,1640.24,1623.38,1603.52,1583.94,1566.47,1543.86,1523.27,1508.15,1501.31,1491.67,1474.38,1458.84,1451.64,1445.28,1436.06,1434.89,1436.74,1426.19,1410.94,1394.89,1400.46,1426.15,1456.38,1466.47,1457.56,1443.05,1426.90,1409.88,1400.84,1388.78,1376.64,1365.96,1350.32,1334.79,1316.73,1295.00,1276.97,1259.93,1248.33,1236.38,1218.94,1204.61,1191.79,1174.79,1152.28,1129.80,1108.86,1086.18,1066.33,1056.30,1056.23,1061.02,1084.74,1108.86,1133.24,1156.91,1185.90,1214.53,1240.49,1262.76,1279.86,1303.92,1330.00,1351.43,1369.41,1377.05,1371.01,1358.61,1357.49,1374.25,1397.01,1417.30,1442.73,1465.63,1489.50,1501.26,1494.98,1494.25,1494.66,1479.48,1470.69,1458.42,1437.35,1420.07,1408.43,1398.50,1406.38,1419.84,1424.13,1421.62,1414.35,1420.61,1434.39,1457.05,1491.33,1519.49,1544.63,1570.00,1588.21,1587.75,1594.01,1631.28,1665.31,1679.72,1667.61,1675.56,1705.67,1730.52,1733.55,1720.72,1723.07,1730.92,1749.69,1774.17,1787.82,1816.38,1846.55,1869.74,1901.34,1925.17,1916.12,1895.61,1881.87,1871.50,1870.98,1868.72,1858.78,1866.88,1867.64,1853.32,1845.17,1853.97,1865.76,1874.33,1887.04,1900.38,1918.48,1942.13,1961.45,1977.08,1988.90,1999.72,2000.98,1994.99,1988.55,1980.03,1970.79,1960.09,1950.89,1943.53,1936.54,1925.23,1908.02,1892.27,1874.13,1860.52,1846.23,1833.63,1825.21,1808.57,1791.34,1774.33,1760.07,1747.25,1725.53,1698.42,1669.99,1643.61,1621.86,1600.50,1580.29,1566.30,1562.88,1571.03,1582.38,1576.31,1556.69,1535.63,1515.51,1494.58,1471.06,1460.97,1469.28,1470.45,1464.16,1450.20,1422.56,1395.84
1519.78,1520.82,1522.68,1524.31,1520.59,1521.77,1537.19,1556.54,1573.48,1592.73,1618.24,1649.01,1679.98,1700.55,1718.42,1722.79,1716.89,1716.37,1742.07,1774.76,1808.70,1831.13,1837.93,1839.44,1845.05,1837.21,1841.81,1847.68,1858.28,1857.33,1850.57,1865.43,1893.65,1915.17,1928.05,1944.86,1965.75,1988.32,2012.95,2033.15,2049.30,2074.63,2101.03,2094.58,2074.73,2058.32,2045.21,2023.82,1998.78,1974.63,1944.97,1915.07,1889.33,1863.76,1845.73,1828.25,1818.04,1807.73,1793.66,1778.69,1762.93,1745.81,1724.87,1699.97,1672.27,1646.17,1631.47,1628.62,1632.81,1626.51,1611.13,1594.44,1574.09,1553.92,1533.06,1509.88,1490.15,1476.79,1462.96,1455.24,1449.63,1447.02,1449.56,1458.77,1450.96,1429.51,1411.89,1393.00,1388.14,1411.31,1438.79,1440.24,1431.96,1419.95,1405.30,1389.56,1381.96,1371.94,1358.99,1346.16,1333.53,1319.83,1303.13,1282.13,1260.72,1235.85,1223.25,1213.21,1198.65,1182.60,1169.88,1156.95,1141.80,1123.98,1101.11,1074.82,1062.95,1056.21,1058.14,1069.25,1098.69,1125.59,1150.13,1176.24,1202.97,1230.93,1260.37,1280.56,1299.09,1323.79,1343.56,1363.43,1382.64,1392.11,1392.35,1388.61,1386.67,1386.68,1400.74,1421.50,1446.47,1471.57,1494.78,1512.09,1523.11,1520.19,1519.96,1505.36,1488.91,1472.92,1460.26,1449.74,1435.23,1418.16,1422.77,1444.29,1453.81,1453.38,1445.68,1448.54,1457.76,1465.83,1482.60,1505.82,1538.63,1566.79,1597.85,1617.25,1612.11,1641.95,1688.04,1712.52,1700.92,1702.99,1728.15,1751.18,1757.02,1744.37,1748.48,1763.44,1779.18,1803.03,1813.12,1818.96,1842.14,1869.92,1904.62,1933.74,1928.48,1909.69,1900.39,1895.46,1886.61,1881.74,1880.37,1889.90,1890.75,1878.17,1870.44,1875.91,1886.70,1894.74,1903.70,1917.58,1934.30,1954.33,1971.43,1985.51,1998.61,2003.44,1996.72,1988.77,1982.19,1967.60,1947.78,1936.28,1926.21,1921.25,1919.10,1907.26,1889.95,1876.83,1862.48,1844.67,1827.96,1814.15,1806.15,1797.93,1782.09,1759.31,1733.92,1723.26,1709.63,1690.13,1664.79,1640.25,1618.81,1596.25,1575.69,1556.72,1538.79,1543.91,1558.78,1558.35,1538.95,1520.92,1504.68,1485.80,1465.57,1444.45,1443.16,1447.29,1447.56,1445.61,1426.95,1402.80
1538.27,1545.76,1549.75,1552.15,1548.83,1542.70,1537.87,1543.34,1556.99,1572.72,1597.29,1631.07,1660.84,1681.51,1717.66,1746.73,1748.63,1743.36,1745.37,1771.11,1803.40,1832.63,1858.93,1874.08,1878.44,1867.99,1874.14,1873.99,1887.08,1888.50,1880.09,1876.80,1900.73,1927.62,1946.57,1958.51,1977.61,2000.86,2026.81,2050.76,2065.03,2079.79,2106.44,2093.70,2067.51,2048.47,2029.60,2010.23,1989.34,1968.77,1942.82,1913.83,1887.08,1866.33,1854.38,1845.64,1837.95,1817.33,1792.63,1768.71,1752.34,1737.76,1717.44,1694.46,1666.11,1644.20,1627.01,1613.68,1613.22,1614.68,1607.95,1592.99,1571.03,1556.54,1541.39,1518.62,1497.88,1473.55,1468.59,1469.31,1463.87,1468.52,1474.24,1469.41,1447.45,1429.48,1416.05,1397.81,1380.32,1390.50,1409.51,1410.11,1404.31,1395.62,1384.41,1373.07,1365.22,1355.64,1341.54,1327.81,1315.53,1301.60,1285.49,1270.97,1254.53,1229.17,1204.13,1190.25,1174.71,1159.23,1148.12,1136.34,1125.71,1113.19,1090.25,1068.19,1059.43,1057.09,1061.87,1082.85,1109.61,1136.88,1164.32,1195.63,1224.15,1250.51,1276.97,1300.45,1319.36,1337.85,1358.39,1379.40,1398.15,1409.84,1414.20,1416.00,1416.83,1417.24,1419.06,1430.79,1450.49,1480.92,1502.38,1520.61,1537.26,1539.69,1538.69,1525.47,1515.51,1503.29,1489.14,1474.53,1459.20,1443.88,1446.50,1462.87,1471.41,1471.69,1463.78,1468.94,1483.68,1498.44,1510.41,1517.95,1536.77,1564.36,1601.28,1635.54,1638.57,1647.60,1700.35,1735.07,1733.77,1729.30,1749.87,1773.75,1779.20,1771.02,1773.78,1788.87,1809.51,1826.35,1848.38,1845.05,1850.28,1878.70,1907.55,1937.78,1941.21,1932.77,1927.70,1920.16,1905.37,1901.91,1901.63,1911.39,1910.79,1895.48,1890.79,1892.37,1906.57,1917.71,1922.22,1934.82,1948.82,1966.16,1979.35,1993.93,2004.78,2001.72,1994.21,1986.14,1976.28,1956.28,1932.96,1916.63,1905.70,1895.23,1894.68,1888.09,1872.41,1860.64,1852.16,1832.13,1810.73,1797.07,1786.81,1777.99,1769.34,1754.40,1721.48,1698.94,1687.07,1674.91,1657.04,1634.75,1612.96,1591.75,1569.90,1551.80,1526.55,1522.26,1534.52,1539.80,1528.08,1511.16,1490.24,1472.03,1454.65,1435.33,1432.21,1433.81,1429.17,1430.00,1420.90,1406.52
1551.39,1567.31,1572.81,1573.77,1569.73,1563.56,1561.18,1565.77,1575.73,1581.58,1594.17,1616.86,1643.54,1666.81,1712.68,1771.77,1782.45,1780.18,1772.52,1774.36,1802.65,1839.43,1869.62,1895.84,1905.90,1899.06,1902.37,1896.81,1911.99,1916.60,1905.87,1894.29,1909.18,1937.73,1963.36,1976.23,1994.47,2016.56,2042.04,2064.39,2083.76,2094.85,2102.39,2084.57,2063.24,2044.35,2020.35,1996.97,1974.71,1954.03,1930.60,1908.89,1880.93,1858.61,1844.38,1838.39,1830.38,1813.24,1785.66,1757.81,1737.13,1720.38,1705.44,1683.75,1658.61,1636.18,1616.55,1605.46,1597.85,1597.95,1594.10,1579.52,1562.09,1548.64,1531.93,1512.74,1492.82,1477.22,1484.01,1488.39,1487.73,1493.32,1491.33,1469.70,1455.60,1447.89,1430.64,1410.08,1385.01,1373.43,1384.01,1386.34,1384.12,1375.24,1363.28,1351.43,1343.45,1334.00,1319.36,1304.10,1288.20,1273.55,1261.40,1249.34,1238.64,1223.35,1200.75,1181.82,1167.88,1159.36,1146.78,1128.03,1126.60,1126.34,1095.25,1072.31,1058.32,1058.58,1068.87,1095.98,1120.21,1143.66,1173.00,1205.48,1238.86,1268.62,1294.97,1320.01,1337.51,1351.19,1369.69,1390.67,1409.18,1421.10,1427.36,1429.34,1432.49,1439.31,1447.97,1456.55,1468.79,1492.80,1507.97,1523.37,1541.29,1549.95,1551.04,1546.16,1543.88,1534.80,1516.90,1500.17,1484.93,1470.53,1472.13,1484.82,1493.58,1495.37,1488.61,1488.54,1502.68,1527.40,1542.31,1547.80,1546.70,1567.43,1606.10,1643.41,1667.86,1685.68,1724.65,1751.03,1757.07,1751.01,1766.13,1793.32,1801.03,1798.55,1801.59,1805.85,1832.03,1859.39,1877.76,1875.74,1871.45,1884.99,1904.21,1942.56,1955.21,1954.60,1948.47,1935.98,1927.45,1926.88,1926.61,1931.05,1926.53,1917.14,1913.08,1912.21,1920.85,1937.03,1942.52,1949.92,1963.61,1976.96,1991.28,2002.81,2010.30,2007.69,1998.90,1982.73,1963.64,1939.40,1918.07,1904.68,1885.73,1871.91,1866.80,1865.54,1855.71,1841.04,1844.13,1834.01,1807.43,1782.44,1769.97,1759.20,1744.31,1731.65,1705.08,1680.83,1666.41,1653.43,1641.92,1624.64,1603.40,1583.80,1561.17,1544.58,1518.98,1501.93,1512.28,1519.28,1516.81,1504.73,1488.70,1469.46,1447.27,1426.94,1419.86,1419.48,1412.31,1410.79,1404.44,1393.52
1572.64,1586.59,1594.60,1596.35,1593.65,1588.63,1586.67,1595.01,1606.57,1617.65,1628.87,1640.90,1661.37,1683.45,1706.78,1777.36,1803.36,1813.05,1798.25,1791.59,1814.74,1850.39,1882.81,1910.13,1929.00,1933.77,1930.07,1915.64,1935.99,1943.75,1931.78,1920.24,1923.97,1949.37,1977.46,1993.88,2009.61,2029.12,2050.72,2075.99,2097.47,2101.81,2093.30,2076.65,2058.57,2041.71,2018.76,1994.63,1966.28,1943.07,1923.68,1902.60,1873.77,1848.79,1829.30,1817.13,1809.88,1800.25,1776.93,1752.55,1728.83,1707.09,1688.62,1668.81,1648.68,1629.12,1621.39,1609.79,1591.83,1581.69,1577.64,1568.78,1553.99,1536.65,1513.44,1496.72,1492.11,1497.65,1508.97,1515.08,1516.83,1516.41,1500.43,1482.91,1474.66,1460.59,1442.08,1420.29,1395.03,1368.85,1367.03,1364.12,1358.32,1353.11,1339.80,1326.60,1319.16,1309.78,1297.87,1283.14,1268.76,1254.44,1239.12,1225.52,1215.02,1208.60,1200.35,1194.29,1190.26,1179.15,1160.63,1134.64,1122.65,1129.48,1104.57,1073.28,1058.91,1060.54,1080.14,1107.18,1128.31,1154.66,1185.46,1214.68,1247.64,1280.00,1306.11,1330.13,1340.59,1347.56,1363.48,1386.44,1404.38,1413.42,1415.78,1415.29,1418.13,1429.63,1445.08,1459.25,1478.35,1492.33,1503.05,1516.19,1529.76,1539.77,1544.55,1545.00,1547.05,1546.91,1536.67,1524.01,1510.83,1500.85,1501.61,1504.88,1516.27,1521.69,1512.85,1510.26,1521.13,1548.33,1564.39,1574.58,1576.72,1585.95,1613.83,1646.86,1677.92,1701.53,1729.56,1753.70,1770.77,1776.31,1787.50,1809.66,1822.69,1825.58,1831.30,1829.72,1850.38,1885.81,1906.58,1899.94,1891.41,1903.74,1933.96,1964.88,1976.63,1976.04,1966.84,1955.10,1950.22,1947.82,1945.42,1947.90,1942.46,1938.69,1934.91,1935.29,1934.91,1948.29,1961.91,1966.85,1975.85,1988.35,2001.24,2010.46,2018.54,2014.77,1995.99,1973.84,1947.31,1928.36,1906.76,1888.72,1869.41,1856.17,1843.86,1838.34,1831.73,1817.29,1826.26,1823.07,1797.99,1769.12,1746.77,1735.34,1719.11,1703.10,1685.77,1663.34,1643.34,1629.59,1623.33,1609.45,1587.68,1567.91,1551.96,1535.65,1512.45,1491.86,1488.78,1497.17,1497.53,1489.91,1482.74,1472.90,1453.23,1432.73,1410.51,1399.56,1390.34,1387.21,1381.07,1369.09
1594.16,1603.43,1612.40,1617.22,1618.39,1615.78,1612.58,1619.42,1639.81,1656.61,1668.37,1677.02,1691.19,1710.87,1728.83,1769.50,1808.35,1827.65,1815.40,1817.32,1836.31,1860.90,1894.29,1917.82,1943.56,1960.64,1951.46,1939.26,1955.53,1968.55,1958.01,1944.79,1943.57,1968.78,1993.36,2014.78,2032.83,2048.51,2065.57,2087.97,2101.53,2095.41,2082.89,2068.91,2052.02,2035.20,2012.35,1984.48,1961.41,1942.85,1925.39,1905.84,1877.74,1849.71,1828.53,1809.40,1795.66,1781.58,1762.07,1739.74,1719.26,1699.55,1680.29,1664.98,1650.82,1644.59,1639.94,1622.02,1598.65,1576.57,1564.38,1556.72,1544.93,1523.79,1511.78,1511.90,1514.50,1521.98,1535.07,1545.99,1544.96,1534.08,1515.30,1502.36,1486.69,1469.66,1448.63,1422.30,1396.71,1369.07,1356.43,1349.09,1336.57,1330.01,1321.55,1311.70,1303.61,1295.07,1285.87,1278.20,1271.06,1260.47,1247.50,1233.53,1223.44,1217.72,1218.52,1217.73,1207.11,1190.14,1164.07,1138.79,1114.58,1113.43,1098.33,1074.70,1060.10,1064.80,1088.12,1113.11,1137.52,1164.33,1198.81,1227.78,1258.79,1282.33,1301.88,1317.49,1318.04,1318.28,1344.35,1371.16,1387.35,1392.58,1391.63,1388.82,1394.23,1409.59,1426.73,1448.43,1466.49,1478.92,1486.76,1500.08,1511.82,1521.04,1525.97,1526.25,1527.92,1530.64,1540.88,1546.24,1536.63,1528.36,1530.71,1531.04,1542.28,1548.19,1543.06,1539.45,1547.47,1562.44,1581.68,1598.51,1605.96,1608.16,1631.57,1665.26,1691.92,1710.15,1730.32,1749.40,1770.76,1791.30,1807.56,1827.09,1845.59,1851.81,1861.37,1860.51,1862.70,1895.83,1926.01,1925.92,1914.41,1921.19,1947.78,1970.78,1986.76,1993.13,1983.45,1976.34,1974.23,1972.65,1968.43,1968.41,1962.41,1961.32,1957.53,1956.79,1956.21,1960.58,1973.15,1981.84,1991.52,2001.55,2010.51,2019.49,2026.76,2017.07,1992.50,1967.59,1939.91,1919.13,1899.01,1877.58,1858.94,1841.53,1824.48,1812.70,1805.86,1794.87,1795.31,1784.42,1764.65,1744.04,1728.99,1713.97,1699.28,1679.61,1662.62,1644.05,1622.14,1606.54,1598.20,1586.25,1566.71,1550.88,1537.97,1521.98,1504.75,1485.63,1469.61,1469.98,1469.53,1464.90,1463.41,1468.53,1460.65,1443.47,1420.71,1401.79,1385.98,1372.31,1361.66,1351.60
1613.48,1621.06,1629.99,1638.26,1643.30,1643.99,1641.59,1643.55,1664.10,1687.82,1703.55,1710.85,1714.27,1729.39,1751.98,1781.97,1813.74,1838.74,1845.56,1849.34,1861.93,1871.05,1893.25,1917.12,1941.11,1967.86,1971.84,1964.40,1970.69,1986.85,1983.21,1971.14,1965.69,1987.48,2009.05,2029.93,2049.22,2068.55,2089.84,2103.63,2103.61,2091.39,2074.53,2058.30,2043.26,2027.26,2006.10,1973.88,1954.48,1933.96,1911.79,1892.08,1869.48,1849.43,1827.87,1808.26,1791.86,1778.23,1758.77,1734.25,1713.88,1700.91,1695.46,1683.57,1674.14,1668.71,1655.51,1632.29,1606.98,1585.04,1565.06,1546.83,1530.50,1522.48,1532.14,1542.12,1542.96,1547.23,1560.60,1567.36,1558.68,1542.72,1526.46,1508.08,1487.56,1467.83,1446.31,1425.73,1405.18,1379.90,1356.58,1346.70,1342.87,1336.52,1329.13,1324.74,1320.78,1318.01,1314.70,1310.06,1304.22,1293.11,1276.52,1260.21,1248.16,1243.22,1240.55,1231.64,1215.03,1196.14,1169.30,1146.95,1118.36,1098.40,1087.08,1072.48,1062.51,1068.18,1089.00,1116.07,1144.54,1172.09,1208.36,1236.91,1256.90,1270.79,1287.42,1292.39,1289.29,1292.20,1326.67,1351.78,1368.88,1373.10,1370.46,1365.49,1369.64,1388.17,1408.49,1434.98,1454.12,1462.77,1467.43,1479.82,1491.01,1498.17,1502.23,1504.46,1507.18,1511.36,1524.02,1542.41,1551.17,1551.58,1556.07,1558.84,1566.66,1574.85,1574.07,1571.62,1578.24,1596.32,1607.72,1623.28,1636.53,1634.70,1651.90,1682.91,1710.02,1729.54,1746.76,1761.43,1783.12,1800.89,1818.16,1839.22,1862.80,1876.20,1887.51,1889.45,1887.94,1898.93,1926.35,1941.05,1938.92,1942.46,1953.42,1971.56,1991.13,2001.48,2000.39,1998.70,1996.66,1994.71,1990.26,1990.04,1985.22,1982.22,1979.51,1977.16,1975.80,1977.89,1985.51,1997.38,2009.05,2016.97,2024.46,2030.73,2033.15,2017.83,1991.49,1965.93,1938.32,1915.29,1894.86,1873.73,1852.88,1831.85,1813.26,1797.65,1784.84,1773.56,1763.17,1748.07,1734.39,1719.61,1711.11,1692.68,1672.09,1654.49,1641.36,1626.23,1606.69,1591.36,1575.11,1562.04,1549.07,1534.00,1518.10,1506.01,1492.24,1475.12,1459.28,1449.21,1444.15,1441.70,1442.67,1448.47,1445.87,1436.91,1424.33,1409.00,1391.13,1374.23,1369.46,1367.96
1634.36,1643.61,1651.14,1658.07,1664.29,1669.05,1670.44,1673.54,1692.07,1709.78,1732.29,1739.62,1738.10,1741.56,1766.28,1800.62,1825.70,1849.14,1866.00,1882.33,1893.82,1890.91,1897.60,1918.13,1935.79,1962.85,1989.14,1994.05,1991.54,2006.13,2009.96,1997.95,1992.15,2002.54,2022.33,2043.15,2063.26,2086.72,2103.82,2110.74,2100.85,2085.91,2068.76,2052.32,2033.79,2014.20,1994.42,1969.26,1952.28,1930.95,1907.30,1883.66,1860.32,1841.25,1818.67,1801.58,1791.76,1779.19,1757.44,1737.46,1722.77,1721.51,1720.90,1707.62,1695.72,1683.56,1664.16,1642.32,1617.79,1592.63,1567.54,1542.53,1532.84,1544.96,1561.62,1569.32,1567.95,1573.39,1583.39,1579.27,1560.92,1543.44,1524.90,1503.65,1489.00,1477.20,1461.79,1439.92,1415.18,1396.21,1379.23,1376.75,1372.82,1365.70,1356.66,1352.29,1353.09,1356.72,1355.05,1349.34,1341.98,1321.28,1304.23,1290.15,1276.04,1263.09,1249.60,1233.06,1213.98,1195.18,1171.80,1151.28,1131.54,1106.93,1085.19,1068.66,1064.53,1071.18,1092.05,1123.22,1155.12,1188.00,1218.07,1235.45,1237.97,1247.38,1261.26,1260.62,1265.34,1282.49,1314.44,1338.69,1352.37,1354.19,1349.65,1341.14,1346.99,1369.69,1398.02,1421.98,1437.43,1441.95,1446.50,1455.64,1464.77,1472.19,1476.82,1479.38,1483.77,1494.34,1507.45,1521.33,1537.30,1550.83,1562.43,1573.18,1590.28,1601.18,1604.68,1606.09,1614.65,1629.15,1642.15,1657.30,1668.72,1664.55,1677.42,1698.47,1726.84,1747.49,1765.91,1783.57,1799.32,1817.38,1836.49,1854.92,1873.45,1892.52,1908.60,1913.01,1913.19,1913.17,1926.00,1946.02,1962.26,1970.53,1980.65,1998.97,2006.72,2001.92,2001.95,2012.09,2018.16,2017.34,2012.48,2011.22,2008.00,2003.17,2002.60,1999.53,2000.14,1998.94,2003.99,2012.87,2020.49,2025.25,2029.05,2030.77,2028.33,2015.08,1994.18,1969.36,1940.84,1916.16,1897.01,1876.31,1857.02,1834.39,1811.14,1787.74,1770.69,1753.32,1738.06,1722.09,1711.06,1698.88,1690.39,1672.41,1647.86,1631.68,1621.91,1608.01,1592.45,1574.18,1557.63,1545.37,1531.83,1515.89,1502.63,1490.01,1477.01,1463.40,1451.42,1443.09,1435.29,1427.29,1425.79,1428.88,1425.30,1417.39,1405.16,1393.34,1380.05,1379.80,1395.29,1394.75
1658.49,1664.33,1671.26,1682.64,1692.24,1697.97,1699.43,1699.75,1715.18,1735.77,1755.37,1767.90,1767.15,1765.49,1772.86,1803.52,1831.33,1855.27,1877.81,1903.76,1920.08,1920.31,1930.94,1946.15,1953.99,1964.61,1990.27,2013.38,2017.69,2029.49,2033.70,2027.53,2024.67,2026.93,2039.83,2057.14,2077.82,2097.61,2110.68,2112.35,2096.03,2078.99,2062.21,2045.30,2026.65,2000.55,1979.26,1961.29,1945.09,1926.90,1904.09,1878.41,1854.63,1838.03,1825.57,1817.09,1812.28,1795.56,1769.97,1750.66,1743.45,1746.26,1736.59,1721.20,1707.62,1687.98,1661.89,1638.23,1614.17,1591.37,1563.13,1543.22,1552.89,1570.02,1586.24,1596.66,1595.37,1597.88,1598.52,1586.78,1564.25,1544.67,1528.75,1522.73,1511.11,1491.69,1467.13,1444.64,1430.87,1417.17,1408.44,1408.80,1402.05,1395.87,1387.19,1385.73,1390.40,1398.53,1393.80,1382.28,1364.13,1344.86,1331.25,1308.88,1289.62,1266.40,1245.85,1227.77,1208.74,1190.12,1166.36,1142.82,1124.19,1100.62,1082.99,1066.61,1067.61,1077.26,1104.89,1137.24,1171.31,1206.73,1226.47,1220.65,1213.01,1217.88,1226.16,1227.41,1244.14,1273.57,1306.16,1329.05,1334.37,1331.42,1325.77,1320.82,1332.80,1359.34,1385.68,1402.63,1412.68,1417.29,1425.61,1434.24,1439.67,1443.83,1449.23,1453.52,1459.60,1473.71,1490.99,1506.31,1517.52,1537.91,1556.34,1572.58,1592.95,1608.30,1622.73,1635.42,1648.91,1662.99,1676.97,1691.67,1696.46,1695.76,1706.80,1718.94,1738.40,1759.28,1782.88,1806.30,1820.54,1835.32,1850.60,1868.40,1884.17,1902.57,1922.56,1936.01,1937.57,1937.60,1944.97,1960.71,1981.27,1997.11,2008.03,2010.81,1998.89,1988.66,1987.64,1999.86,2013.36,2015.12,2015.17,2020.17,2020.61,2020.02,2021.41,2021.63,2019.28,2019.84,2023.25,2020.70,2018.13,2016.07,2015.66,2016.97,2015.55,2008.12,1992.22,1970.76,1945.53,1920.58,1899.26,1877.19,1856.81,1830.81,1808.16,1786.39,1760.79,1738.88,1721.08,1705.71,1693.65,1681.64,1671.36,1655.60,1637.79,1616.03,1600.95,1587.96,1572.35,1556.75,1545.17,1528.79,1513.47,1502.90,1490.79,1478.03,1464.21,1454.74,1445.64,1438.58,1432.59,1423.41,1418.06,1414.68,1408.97,1400.92,1393.20,1389.52,1388.55,1396.69,1413.06,1411.05
1680.16,1686.87,1697.39,1709.91,1717.87,1725.09,1724.83,1721.59,1732.74,1754.11,1776.22,1788.94,1794.64,1794.40,1786.54,1797.13,1826.18,1850.52,1883.55,1916.53,1940.80,1946.83,1958.70,1971.17,1980.46,1985.92,1997.02,2025.11,2043.09,2049.74,2053.99,2050.47,2053.09,2054.23,2059.49,2073.68,2090.00,2104.78,2117.13,2114.30,2095.45,2076.78,2060.24,2041.49,2019.84,1992.78,1975.62,1960.98,1940.56,1919.95,1900.43,1877.62,1858.71,1850.67,1849.22,1842.90,1829.21,1807.10,1787.44,1767.96,1757.88,1748.84,1730.81,1712.06,1699.06,1680.02,1658.86,1635.24,1608.49,1584.72,1559.22,1558.81,1576.49,1594.83,1605.98,1616.09,1622.64,1622.16,1611.51,1596.62,1577.37,1559.64,1551.55,1537.55,1516.88,1492.68,1472.26,1458.47,1450.15,1437.42,1434.60,1433.22,1426.89,1421.94,1414.86,1414.42,1419.42,1426.95,1417.28,1400.28,1380.63,1363.22,1341.85,1315.50,1291.87,1267.81,1245.50,1226.31,1205.53,1185.85,1161.55,1134.06,1116.48,1092.19,1078.10,1066.95,1069.56,1081.20,1111.37,1146.86,1181.02,1208.90,1214.79,1199.71,1184.93,1183.05,1192.10,1200.58,1228.62,1265.28,1291.79,1307.28,1309.43,1305.04,1300.04,1299.43,1324.32,1349.56,1368.77,1382.33,1389.65,1394.88,1404.09,1413.78,1419.31,1424.18,1429.42,1435.05,1441.15,1452.71,1469.54,1487.24,1503.83,1529.43,1552.58,1565.92,1580.15,1597.69,1616.68,1638.50,1659.97,1684.63,1704.78,1720.14,1723.40,1723.39,1732.74,1743.59,1753.67,1774.20,1796.03,1815.76,1832.44,1851.95,1865.69,1879.59,1898.63,1918.20,1936.09,1944.98,1952.28,1959.60,1966.88,1975.63,1986.64,1993.23,1994.07,1993.28,1981.33,1967.58,1968.22,1980.02,1993.02,1994.81,1994.51,2001.31,2004.59,2007.20,2019.76,2027.70,2023.29,2025.93,2025.59,2013.43,2004.47,1998.82,1997.19,1997.35,1997.94,1995.99,1987.09,1968.76,1947.20,1922.64,1899.11,1871.97,1851.48,1828.01,1803.02,1782.09,1756.18,1731.98,1712.22,1694.57,1680.38,1665.13,1648.72,1634.59,1623.77,1607.20,1587.62,1566.13,1553.75,1542.78,1526.80,1512.64,1506.06,1496.28,1485.29,1476.13,1464.61,1457.75,1453.36,1448.48,1442.37,1434.65,1428.38,1426.84,1421.30,1414.64,1412.82,1407.54,1408.62,1422.53,1437.06,1434.30
1695.39,1705.17,1717.74,1728.51,1739.77,1748.63,1748.90,1750.21,1752.34,1764.42,1789.59,1804.05,1818.09,1827.49,1818.01,1812.43,1823.77,1845.36,1900.03,1933.11,1955.75,1969.78,1982.41,1996.35,2011.50,2018.82,2021.91,2036.00,2058.67,2072.49,2075.32,2073.76,2076.89,2076.77,2079.04,2092.25,2105.38,2114.09,2123.02,2113.51,2091.58,2069.87,2057.01,2043.94,2022.38,1998.44,1982.06,1967.84,1946.85,1926.42,1906.46,1890.96,1874.87,1870.37,1863.96,1853.72,1839.69,1816.55,1793.38,1769.77,1752.11,1734.10,1715.53,1694.36,1680.00,1666.70,1654.52,1636.61,1607.84,1579.52,1567.58,1582.71,1600.64,1621.39,1637.57,1644.49,1649.11,1639.04,1622.30,1608.16,1596.49,1583.65,1566.82,1546.72,1524.68,1503.92,1490.04,1482.30,1475.45,1461.43,1463.94,1458.54,1452.00,1444.75,1442.76,1447.24,1446.72,1442.10,1422.76,1402.16,1383.01,1361.96,1339.92,1313.08,1289.17,1270.07,1249.01,1226.81,1204.32,1181.23,1158.05,1132.27,1113.34,1091.63,1079.51,1068.97,1069.14,1075.63,1099.04,1134.72,1169.14,1191.03,1187.02,1171.51,1158.33,1159.81,1165.98,1185.25,1212.80,1241.54,1259.94,1281.06,1284.89,1281.85,1278.21,1285.58,1313.93,1337.72,1351.52,1362.84,1369.48,1374.41,1382.51,1390.89,1395.94,1399.75,1406.63,1417.03,1426.10,1431.94,1446.19,1468.80,1495.36,1522.96,1544.81,1553.71,1567.34,1583.73,1604.76,1630.77,1654.98,1682.24,1704.54,1724.57,1739.40,1749.39,1758.15,1770.99,1774.27,1790.53,1811.75,1828.33,1844.40,1864.86,1879.38,1897.70,1914.78,1926.73,1931.16,1931.70,1940.50,1950.00,1961.41,1970.08,1972.81,1973.02,1974.48,1973.11,1959.12,1945.55,1945.18,1956.64,1971.62,1974.35,1974.59,1983.22,1985.38,1988.86,2002.58,2015.69,2017.82,2020.60,2016.30,2003.50,1992.09,1985.43,1983.71,1981.59,1980.55,1981.10,1978.15,1965.47,1945.66,1924.47,1901.97,1875.49,1850.31,1825.01,1804.63,1785.55,1761.26,1736.93,1716.04,1695.49,1676.89,1656.23,1636.68,1618.30,1604.04,1591.14,1574.64,1553.18,1542.20,1532.18,1525.27,1521.02,1518.03,1510.32,1501.02,1492.66,1483.67,1475.40,1467.47,1460.04,1455.83,1447.40,1442.20,1446.68,1442.42,1436.65,1438.86,1434.02,1436.72,1453.76,1463.63,1458.98
1692.86,1707.52,1721.50,1735.68,1749.58,1760.86,1769.24,1775.12,1776.14,1782.40,1796.66,1815.27,1837.77,1850.80,1847.38,1840.64,1834.83,1857.61,1922.91,1955.05,1979.08,1994.55,2006.49,2023.74,2036.34,2043.19,2046.72,2048.77,2069.21,2088.95,2095.88,2097.48,2103.44,2103.22,2101.38,2111.02,2120.70,2128.65,2125.03,2107.26,2087.91,2062.98,2043.91,2033.49,2019.28,2001.41,1988.34,1974.55,1956.51,1940.94,1924.03,1907.02,1892.57,1884.44,1870.29,1854.23,1837.46,1812.34,1786.02,1762.00,1744.17,1725.26,1701.66,1681.22,1659.16,1644.52,1633.99,1625.03,1602.57,1582.10,1592.67,1610.91,1626.25,1642.49,1662.21,1671.02,1666.73,1650.99,1634.71,1629.08,1619.19,1601.95,1582.25,1559.36,1539.74,1525.08,1511.28,1507.28,1500.82,1488.76,1490.34,1483.50,1478.17,1467.89,1471.44,1473.20,1462.00,1443.13,1418.12,1395.04,1374.15,1354.17,1332.56,1306.83,1285.72,1268.54,1249.10,1224.57,1202.62,1183.80,1162.56,1139.43,1124.43,1104.00,1089.24,1080.97,1073.01,1073.82,1084.19,1105.58,1140.73,1167.55,1158.19,1143.86,1133.64,1139.02,1149.98,1177.11,1200.89,1219.61,1240.32,1260.63,1265.10,1257.96,1253.16,1271.69,1297.36,1321.56,1335.13,1344.09,1350.42,1355.00,1362.64,1368.48,1372.41,1376.24,1383.69,1392.89,1401.66,1416.99,1442.65,1470.97,1494.49,1513.77,1525.33,1533.36,1551.63,1570.37,1594.95,1620.67,1646.53,1667.50,1691.07,1711.96,1735.01,1754.78,1773.29,1792.11,1800.13,1807.90,1824.45,1842.90,1861.95,1877.01,1892.50,1906.12,1910.94,1911.03,1910.10,1911.09,1918.87,1929.36,1940.61,1950.70,1952.01,1947.94,1952.54,1951.07,1935.27,1924.01,1925.22,1937.19,1947.99,1950.36,1950.46,1959.36,1961.30,1970.73,1985.11,1997.76,2001.53,2007.56,2004.87,1992.77,1980.49,1970.82,1967.34,1966.73,1966.86,1967.27,1966.35,1959.83,1944.48,1925.02,1902.15,1878.13,1856.11,1833.78,1815.22,1795.36,1775.57,1748.79,1725.08,1701.53,1681.43,1663.90,1647.43,1626.84,1609.53,1591.36,1577.68,1557.55,1554.33,1553.95,1547.63,1540.99,1534.99,1528.66,1522.12,1515.59,1505.42,1492.54,1483.11,1479.12,1471.03,1459.44,1459.75,1467.89,1461.54,1457.33,1463.67,1459.32,1459.21,1478.51,1485.50,1479.43
1677.40,1692.01,1706.29,1721.61,1741.07,1759.90,1776.67,1787.13,1796.60,1803.27,1812.59,1830.79,1851.85,1865.47,1868.64,1869.41,1862.09,1887.14,1929.97,1961.54,1984.03,2004.72,2021.83,2034.27,2045.87,2057.94,2066.09,2065.85,2077.14,2098.41,2111.44,2116.41,2123.11,2129.02,2130.44,2135.83,2139.86,2135.45,2120.85,2097.54,2077.41,2055.76,2033.97,2013.69,2005.38,1991.17,1983.90,1976.31,1962.44,1949.37,1935.32,1919.96,1907.74,1889.89,1869.11,1847.88,1828.31,1804.24,1778.45,1755.51,1734.91,1713.58,1690.79,1667.38,1645.32,1622.71,1610.55,1602.89,1597.89,1602.57,1621.26,1637.06,1649.45,1663.07,1685.09,1695.31,1684.10,1665.66,1655.98,1647.31,1628.84,1612.26,1593.65,1577.49,1564.17,1550.24,1539.18,1534.20,1522.03,1517.42,1515.65,1509.83,1502.72,1491.51,1491.00,1486.52,1465.95,1439.15,1413.98,1389.20,1367.47,1346.93,1325.36,1303.17,1283.59,1264.22,1247.24,1234.81,1219.74,1200.85,1177.89,1164.21,1154.43,1133.93,1110.38,1098.83,1089.90,1081.67,1082.67,1088.95,1111.90,1143.03,1134.90,1119.05,1109.38,1111.38,1135.90,1161.91,1179.58,1199.94,1227.90,1240.45,1238.46,1230.84,1233.33,1256.78,1277.50,1299.53,1317.98,1325.55,1330.82,1336.16,1344.48,1349.59,1352.60,1357.27,1362.09,1373.80,1391.70,1416.71,1447.46,1471.84,1489.57,1496.39,1499.83,1513.60,1533.48,1560.44,1586.05,1608.47,1632.62,1648.85,1668.47,1696.32,1721.78,1747.39,1767.73,1792.62,1808.23,1823.15,1839.16,1858.56,1872.11,1878.86,1884.96,1886.17,1886.41,1887.39,1887.55,1886.53,1894.37,1910.22,1925.29,1931.27,1927.17,1925.19,1929.33,1927.57,1912.32,1901.16,1904.31,1918.11,1928.23,1926.77,1934.65,1940.08,1940.47,1953.69,1968.29,1979.23,1982.26,1990.99,1990.50,1979.71,1966.23,1950.50,1945.76,1947.46,1951.09,1954.15,1954.27,1949.80,1938.33,1924.02,1905.34,1884.76,1866.16,1848.94,1831.42,1807.84,1782.72,1757.53,1738.01,1714.46,1693.19,1674.78,1656.55,1639.96,1626.70,1606.85,1581.09,1565.82,1577.15,1579.45,1573.74,1564.58,1553.01,1546.27,1541.79,1536.74,1526.41,1510.54,1504.05,1499.39,1486.36,1474.08,1484.90,1489.02,1476.89,1478.41,1487.02,1483.04,1483.29,1497.99,1506.47,1503.17
1657.81,1673.91,1688.11,1703.04,1725.81,1747.24,1768.01,1783.24,1798.45,1811.51,1820.63,1839.20,1858.94,1879.86,1894.48,1901.09,1902.59,1906.39,1922.91,1945.73,1969.58,1992.36,2009.02,2020.97,2035.81,2052.12,2068.93,2079.76,2088.07,2102.05,2117.64,2129.38,2138.49,2148.16,2152.96,2154.70,2151.11,2137.50,2119.28,2094.61,2069.34,2045.03,2020.46,1997.06,1985.93,1974.83,1970.75,1966.85,1957.51,1948.04,1936.11,1921.85,1905.51,1886.53,1869.03,1846.53,1825.11,1803.41,1776.98,1754.00,1737.32,1719.85,1697.38,1667.97,1642.07,1627.52,1617.50,1619.11,1621.82,1629.42,1645.68,1661.69,1677.49,1690.42,1708.93,1711.93,1697.35,1682.80,1676.23,1663.27,1644.13,1629.12,1614.90,1610.67,1597.92,1577.39,1566.98,1558.78,1546.31,1543.63,1543.12,1537.27,1526.17,1516.12,1508.45,1491.37,1465.10,1437.74,1411.96,1387.48,1364.87,1343.93,1322.81,1302.33,1286.19,1272.04,1263.93,1255.84,1242.58,1220.94,1200.15,1191.92,1177.90,1154.63,1139.30,1125.66,1104.51,1091.40,1084.15,1085.60,1101.11,1121.97,1112.94,1101.38,1100.31,1103.28,1120.71,1142.16,1158.86,1187.49,1216.53,1227.77,1218.92,1213.49,1221.37,1239.74,1257.13,1277.13,1296.02,1305.74,1311.40,1318.07,1321.39,1324.47,1330.03,1334.61,1343.77,1373.39,1397.78,1421.05,1442.04,1459.48,1471.43,1474.06,1477.79,1499.52,1531.99,1558.11,1572.15,1590.99,1612.00,1629.90,1651.57,1681.60,1707.76,1735.18,1754.93,1782.56,1804.49,1821.24,1839.60,1859.34,1866.30,1864.18,1862.44,1861.69,1862.47,1862.78,1864.44,1867.78,1874.59,1888.24,1907.42,1915.60,1905.99,1902.13,1907.55,1909.73,1898.08,1886.61,1885.51,1894.89,1902.26,1903.90,1915.61,1919.18,1925.21,1939.62,1952.17,1960.69,1964.87,1971.68,1972.47,1960.89,1947.41,1934.36,1929.43,1931.18,1935.63,1940.35,1942.36,1938.54,1929.18,1918.21,1909.60,1896.78,1877.85,1859.01,1837.52,1811.87,1790.55,1769.37,1747.63,1721.47,1696.18,1676.15,1653.96,1634.31,1617.94,1599.68,1581.70,1582.71,1593.99,1604.91,1598.75,1587.64,1577.73,1567.41,1560.41,1555.07,1544.46,1528.78,1522.98,1515.39,1498.89,1495.69,1509.28,1511.21,1498.16,1500.03,1508.28,1506.84,1509.72,1520.29,1527.00,1526.03
1638.10,1654.97,1672.62,1686.74,1709.84,1731.38,1752.78,1770.79,1787.68,1797.20,1803.47,1826.24,1850.24,1869.05,1895.05,1916.46,1926.75,1932.65,1939.32,1944.93,1957.00,1972.99,1986.57,2001.82,2023.51,2042.85,2065.44,2087.03,2102.61,2112.10,2125.92,2138.54,2148.57,2160.15,2167.09,2163.98,2150.91,2132.62,2113.22,2091.23,2066.50,2042.82,2011.85,1987.46,1969.23,1957.94,1952.86,1949.92,1945.31,1936.56,1924.86,1914.15,1897.88,1877.65,1862.74,1845.02,1825.44,1805.62,1781.37,1762.84,1747.01,1726.09,1700.06,1670.58,1643.94,1638.27,1632.82,1643.75,1646.53,1650.99,1668.76,1688.75,1704.33,1713.08,1725.64,1725.38,1713.68,1705.32,1697.87,1681.03,1663.73,1651.89,1644.54,1638.29,1620.97,1600.63,1590.88,1579.89,1570.83,1569.42,1567.91,1560.33,1547.92,1533.78,1518.16,1492.97,1463.77,1437.36,1411.65,1386.91,1363.63,1343.17,1322.14,1304.84,1292.72,1284.67,1279.23,1268.63,1250.41,1226.70,1205.01,1187.11,1166.27,1143.48,1136.59,1137.15,1116.49,1095.05,1086.30,1085.99,1092.25,1099.17,1096.86,1101.18,1111.72,1110.88,1109.23,1119.23,1139.58,1177.97,1205.23,1211.04,1202.80,1197.09,1206.31,1217.46,1232.27,1257.72,1275.46,1284.19,1292.27,1299.32,1295.87,1291.79,1297.53,1319.59,1345.55,1378.06,1401.18,1413.91,1425.67,1439.79,1451.61,1455.47,1470.17,1495.84,1531.66,1551.17,1555.25,1572.36,1590.35,1616.32,1645.64,1671.85,1702.08,1727.16,1748.64,1774.66,1797.49,1810.18,1826.41,1843.03,1845.10,1841.86,1842.00,1841.67,1838.23,1839.78,1843.03,1850.04,1856.67,1870.71,1889.48,1898.89,1887.05,1881.08,1883.81,1890.69,1888.41,1877.04,1868.78,1868.85,1873.90,1877.82,1890.68,1897.13,1911.48,1928.10,1934.41,1939.69,1949.77,1955.13,1955.20,1941.83,1928.33,1918.49,1910.06,1911.85,1917.70,1925.83,1930.51,1925.03,1914.06,1905.29,1899.90,1893.68,1878.56,1858.77,1835.56,1808.20,1782.49,1757.33,1731.01,1705.46,1678.71,1653.05,1632.51,1616.35,1604.54,1596.08,1601.02,1606.05,1615.41,1628.84,1624.33,1609.50,1597.86,1589.02,1581.73,1574.87,1563.24,1550.57,1542.18,1529.22,1510.11,1516.48,1529.43,1531.59,1524.86,1520.98,1527.86,1532.80,1532.30,1539.69,1547.19,1546.79
1618.20,1634.80,1654.80,1671.60,1690.85,1714.63,1736.59,1754.42,1767.23,1774.10,1790.79,1814.99,1840.56,1863.11,1894.59,1921.48,1940.91,1955.52,1964.99,1969.94,1979.66,1990.82,2001.25,2009.74,2023.49,2040.11,2062.24,2088.29,2106.09,2118.43,2135.19,2149.64,2160.98,2172.12,2176.91,2164.76,2147.31,2125.21,2101.80,2082.15,2058.91,2035.86,2010.26,1985.87,1964.21,1947.08,1937.09,1931.86,1923.94,1915.97,1911.09,1904.44,1890.53,1869.12,1851.03,1835.11,1818.51,1802.70,1780.30,1761.02,1743.70,1721.39,1692.09,1659.55,1652.76,1651.28,1657.79,1670.96,1676.63,1674.78,1687.74,1705.91,1721.00,1733.01,1745.29,1746.37,1737.71,1726.79,1716.35,1700.54,1682.70,1675.15,1669.90,1655.86,1636.35,1619.00,1608.47,1599.05,1593.19,1593.12,1590.00,1576.66,1559.83,1543.12,1523.18,1493.66,1464.31,1438.06,1412.42,1389.54,1364.16,1343.35,1324.38,1311.24,1302.37,1295.48,1287.99,1270.44,1244.19,1216.11,1186.55,1159.55,1139.38,1115.97,1109.67,1110.72,1102.75,1091.01,1087.14,1096.84,1101.98,1100.86,1110.52,1120.47,1126.74,1125.35,1114.45,1109.82,1128.37,1162.15,1175.76,1179.34,1178.66,1178.00,1185.26,1193.84,1213.43,1237.55,1255.49,1263.33,1275.13,1281.96,1273.11,1267.35,1291.72,1329.37,1355.14,1374.90,1390.19,1396.04,1401.73,1414.20,1430.17,1446.31,1468.27,1491.61,1519.84,1528.14,1536.25,1558.88,1585.80,1614.88,1644.98,1672.77,1703.43,1727.75,1749.75,1768.50,1784.44,1799.49,1815.05,1824.17,1821.16,1815.41,1816.57,1815.69,1814.68,1817.78,1822.10,1829.45,1836.84,1857.64,1876.64,1880.23,1869.14,1862.24,1861.92,1865.01,1871.80,1862.15,1855.04,1853.79,1853.28,1857.38,1864.60,1874.32,1896.81,1912.97,1915.84,1923.09,1932.25,1934.09,1937.92,1926.20,1909.65,1899.16,1889.44,1891.20,1898.25,1907.40,1916.10,1911.90,1900.69,1890.57,1882.76,1876.01,1864.54,1848.26,1825.49,1798.75,1766.87,1739.72,1719.63,1703.39,1682.63,1663.33,1651.97,1636.93,1621.78,1612.98,1625.06,1635.64,1642.61,1650.13,1644.66,1633.07,1622.69,1612.66,1605.12,1597.50,1582.91,1566.75,1554.30,1537.86,1522.11,1536.04,1547.80,1553.13,1552.93,1547.50,1552.36,1558.37,1561.30,1567.41,1570.53,1566.98
1602.33,1621.23,1638.02,1657.03,1676.29,1699.20,1720.69,1731.11,1741.34,1761.97,1790.63,1815.04,1838.01,1862.48,1891.41,1912.51,1932.82,1956.05,1978.68,1989.61,2001.53,2012.33,2021.44,2029.64,2044.76,2060.01,2072.24,2093.45,2111.88,2127.43,2144.48,2157.92,2171.93,2182.54,2176.95,2159.61,2140.72,2117.76,2093.87,2073.63,2052.66,2027.75,2002.98,1977.91,1958.61,1942.17,1925.82,1911.56,1900.85,1894.24,1888.75,1884.00,1873.80,1855.39,1836.82,1819.70,1803.22,1790.46,1774.55,1756.99,1738.69,1715.16,1681.93,1662.48,1673.84,1668.20,1681.08,1695.30,1699.90,1698.20,1710.33,1726.11,1741.40,1756.78,1763.55,1761.50,1754.32,1742.77,1730.77,1714.97,1703.80,1697.70,1684.50,1670.29,1653.16,1636.92,1627.66,1621.17,1615.53,1611.92,1601.49,1585.66,1565.44,1545.92,1525.15,1494.66,1466.86,1440.97,1415.59,1393.95,1365.75,1346.05,1333.80,1323.98,1311.94,1303.22,1291.28,1264.10,1233.21,1206.80,1178.94,1151.54,1122.56,1103.18,1093.13,1093.90,1093.67,1087.67,1095.02,1112.24,1122.26,1125.36,1134.00,1138.87,1138.31,1138.33,1126.65,1113.23,1127.47,1142.03,1142.86,1146.68,1154.28,1156.34,1164.51,1181.55,1202.80,1222.16,1235.89,1244.76,1255.42,1261.01,1253.11,1255.81,1292.74,1331.33,1350.89,1361.12,1364.47,1365.66,1374.35,1390.73,1409.84,1434.43,1456.28,1478.56,1498.71,1506.66,1530.34,1558.71,1587.00,1615.14,1644.54,1673.21,1702.62,1723.53,1740.54,1752.72,1768.11,1790.23,1802.87,1802.56,1797.21,1793.32,1794.63,1791.93,1795.21,1796.14,1802.89,1810.30,1824.87,1845.92,1864.06,1862.36,1849.76,1842.54,1841.73,1844.83,1855.63,1848.75,1837.86,1834.51,1831.07,1836.10,1843.46,1860.06,1880.01,1890.28,1891.83,1904.27,1911.74,1913.20,1921.63,1919.11,1905.47,1886.75,1874.52,1873.53,1877.24,1887.02,1897.44,1897.13,1883.81,1869.44,1862.51,1858.77,1848.68,1835.67,1821.66,1802.25,1781.02,1758.23,1741.28,1723.93,1703.80,1690.55,1677.44,1660.37,1644.92,1633.33,1639.92,1662.68,1671.08,1671.15,1663.20,1653.32,1646.60,1640.49,1631.41,1620.00,1602.97,1585.24,1567.97,1545.73,1539.65,1550.31,1563.78,1574.90,1576.17,1571.09,1572.53,1579.03,1584.11,1589.44,1591.18,1587.49
1587.39,1608.01,1624.68,1643.99,1663.89,1681.57,1695.42,1705.07,1727.21,1756.68,1785.75,1812.51,1835.68,1856.31,1876.71,1899.80,1927.35,1952.85,1974.01,1989.74,1994.42,1998.78,2006.93,2017.84,2045.26,2065.92,2081.67,2097.65,2111.33,2125.45,2138.85,2155.59,2176.43,2189.81,2176.15,2154.94,2135.65,2113.01,2088.47,2065.81,2046.08,2022.62,1997.87,1977.78,1957.67,1937.38,1917.95,1902.57,1887.34,1876.05,1866.53,1861.70,1854.38,1840.29,1823.93,1805.61,1790.78,1781.57,1768.45,1751.76,1734.59,1709.55,1679.36,1681.30,1694.32,1685.10,1694.82,1713.62,1722.89,1719.44,1731.68,1745.88,1761.53,1777.51,1779.11,1771.34,1760.84,1749.72,1738.17,1726.32,1716.76,1710.49,1697.95,1684.84,1671.20,1658.32,1650.25,1641.72,1630.25,1619.02,1603.29,1585.53,1565.12,1545.28,1524.92,1495.89,1469.74,1444.61,1419.14,1395.45,1369.72,1357.85,1348.90,1334.32,1317.51,1305.22,1288.63,1255.71,1225.19,1198.99,1173.00,1147.17,1116.59,1099.03,1091.99,1093.53,1091.25,1095.89,1110.49,1127.50,1140.61,1152.83,1163.65,1168.96,1163.65,1161.06,1142.77,1119.22,1120.64,1123.84,1128.50,1131.53,1135.51,1137.21,1145.53,1167.89,1191.67,1210.73,1220.77,1228.20,1237.69,1241.21,1238.34,1252.78,1294.44,1324.77,1334.43,1339.03,1340.65,1344.06,1358.31,1376.34,1400.73,1423.29,1446.76,1465.51,1481.51,1498.19,1528.38,1556.83,1587.59,1620.82,1652.41,1677.60,1697.63,1710.11,1721.90,1740.13,1759.06,1781.17,1789.33,1782.24,1776.75,1774.80,1769.70,1766.49,1765.58,1769.22,1778.05,1794.64,1816.43,1837.27,1847.92,1845.05,1831.65,1821.11,1819.71,1829.39,1841.29,1831.38,1819.55,1814.00,1812.14,1816.45,1828.22,1848.62,1861.44,1865.20,1869.01,1880.91,1886.88,1892.26,1904.08,1909.95,1903.51,1885.27,1868.10,1858.04,1857.82,1866.04,1877.49,1880.13,1866.30,1850.55,1846.79,1844.10,1828.41,1812.93,1812.41,1808.42,1796.87,1778.69,1758.68,1741.99,1724.52,1711.62,1699.55,1681.87,1668.30,1654.88,1650.71,1674.09,1691.12,1690.74,1683.77,1675.58,1670.93,1665.43,1654.06,1640.61,1622.27,1601.38,1584.61,1564.10,1560.55,1564.68,1582.49,1594.81,1596.73,1591.23,1591.72,1598.85,1605.20,1607.73,1608.27,1605.34
1569.47,1588.56,1605.75,1625.89,1642.01,1656.80,1680.26,1707.60,1735.89,1764.08,1790.95,1809.62,1823.29,1837.39,1861.54,1896.80,1930.56,1949.93,1957.45,1966.86,1972.38,1978.03,1983.47,2001.50,2029.14,2048.25,2062.90,2079.79,2095.74,2105.73,2121.40,2142.84,2168.16,2184.53,2173.72,2152.98,2130.96,2106.51,2084.24,2062.89,2042.56,2021.79,2001.01,1980.03,1961.13,1943.51,1925.44,1907.70,1889.56,1869.27,1854.99,1842.88,1833.42,1821.71,1807.71,1790.90,1778.14,1770.72,1758.72,1743.00,1725.89,1699.31,1688.34,1703.02,1712.19,1697.49,1702.17,1729.07,1743.97,1742.21,1748.80,1763.67,1780.59,1792.95,1793.97,1781.71,1767.71,1754.09,1745.14,1737.86,1727.09,1717.73,1706.20,1697.61,1685.19,1671.61,1656.84,1642.06,1628.61,1614.53,1596.74,1579.47,1560.16,1541.80,1522.89,1496.62,1471.85,1446.27,1419.09,1392.30,1371.03,1362.20,1354.33,1337.44,1323.93,1310.01,1287.58,1251.92,1223.41,1193.33,1163.66,1141.15,1118.44,1102.28,1096.11,1108.46,1115.68,1120.24,1130.59,1145.73,1165.53,1182.36,1196.68,1200.95,1188.66,1175.16,1153.57,1132.48,1124.29,1127.02,1140.85,1147.45,1147.18,1140.80,1137.54,1155.55,1181.97,1197.87,1209.34,1214.50,1219.26,1223.38,1232.05,1260.46,1288.80,1308.07,1312.31,1315.07,1316.48,1328.11,1351.61,1379.66,1411.87,1436.97,1460.93,1483.20,1496.66,1511.92,1537.39,1568.72,1598.95,1629.37,1654.94,1669.07,1679.77,1689.60,1707.87,1732.62,1752.35,1767.39,1769.66,1760.97,1756.24,1758.98,1751.36,1744.03,1743.05,1747.87,1761.37,1781.81,1806.79,1826.67,1829.95,1819.24,1809.50,1798.69,1796.71,1808.22,1821.08,1816.03,1799.77,1788.78,1784.10,1796.15,1811.73,1827.87,1838.52,1843.06,1848.01,1859.03,1864.72,1873.66,1883.22,1888.96,1887.24,1872.77,1856.83,1840.48,1837.34,1845.74,1855.38,1861.71,1852.05,1834.84,1826.99,1824.72,1809.53,1794.84,1792.53,1795.10,1793.53,1785.90,1770.78,1753.87,1740.88,1735.28,1725.33,1708.76,1692.13,1676.38,1670.42,1686.11,1710.46,1714.19,1709.22,1703.01,1696.26,1688.67,1676.57,1657.76,1638.94,1617.53,1599.39,1588.22,1586.71,1587.87,1601.62,1615.24,1620.17,1616.51,1612.90,1620.84,1624.75,1624.74,1625.61,1621.02
1551.47,1571.09,1589.43,1607.94,1633.05,1661.66,1696.50,1730.72,1752.27,1769.07,1783.99,1796.14,1803.97,1822.24,1856.13,1894.56,1924.07,1931.24,1927.15,1935.00,1947.05,1954.61,1968.91,1991.54,2009.44,2026.86,2038.80,2055.21,2070.14,2088.90,2113.08,2139.20,2162.01,2176.97,2168.16,2147.59,2127.49,2106.25,2085.09,2060.63,2041.19,2021.11,1999.56,1978.60,1961.68,1945.98,1931.14,1917.10,1904.05,1885.91,1871.38,1849.37,1822.37,1804.82,1792.49,1777.72,1764.95,1753.82,1743.51,1729.34,1709.84,1696.23,1706.62,1726.21,1726.54,1716.50,1716.81,1734.57,1756.82,1763.10,1770.30,1784.99,1800.72,1808.10,1805.02,1792.57,1773.77,1758.45,1751.27,1744.97,1738.08,1727.14,1712.56,1702.64,1686.81,1668.29,1647.27,1628.69,1611.86,1599.54,1585.50,1568.29,1550.97,1533.35,1516.95,1494.16,1469.63,1441.66,1411.97,1383.13,1362.18,1350.95,1344.69,1335.71,1326.95,1314.05,1290.71,1258.69,1225.70,1192.64,1164.76,1146.79,1121.56,1106.84,1096.26,1104.25,1119.57,1140.04,1159.04,1174.63,1194.22,1217.76,1231.05,1230.33,1213.80,1193.46,1172.95,1154.79,1141.60,1136.92,1157.43,1169.22,1169.39,1157.59,1140.80,1147.13,1167.74,1180.38,1193.82,1201.14,1204.44,1210.78,1232.30,1260.85,1278.43,1284.57,1284.58,1289.46,1298.82,1314.58,1344.33,1379.18,1416.51,1455.34,1485.51,1506.24,1525.28,1544.64,1561.13,1586.95,1609.76,1629.07,1641.28,1646.76,1653.19,1672.21,1700.08,1721.07,1742.02,1754.15,1749.10,1739.89,1735.76,1740.83,1737.48,1723.30,1722.69,1733.43,1752.76,1775.40,1796.33,1809.27,1806.15,1792.30,1780.27,1769.63,1774.83,1786.84,1795.40,1796.49,1782.38,1761.91,1757.87,1773.27,1790.49,1801.34,1813.28,1819.31,1824.50,1835.45,1842.55,1851.89,1857.23,1860.51,1864.63,1859.82,1844.04,1821.82,1816.32,1824.13,1831.33,1843.40,1839.62,1822.68,1807.50,1802.04,1796.17,1781.94,1774.82,1778.50,1778.43,1775.42,1770.48,1760.67,1755.79,1754.50,1748.75,1735.24,1713.39,1702.65,1702.47,1709.72,1726.95,1733.72,1729.86,1725.80,1718.88,1709.12,1695.60,1678.79,1658.16,1637.38,1622.92,1617.25,1612.43,1609.71,1623.16,1636.59,1640.76,1639.76,1636.57,1640.95,1642.41,1642.26,1641.31,1635.56
1557.65,1583.60,1603.40,1618.73,1641.54,1664.70,1694.80,1719.86,1733.93,1747.61,1762.59,1772.75,1788.87,1817.93,1851.23,1884.85,1898.76,1905.98,1902.50,1904.08,1916.39,1935.21,1959.70,1977.70,1990.17,2001.03,2015.72,2036.37,2063.88,2091.61,2112.91,2132.49,2151.81,2168.68,2172.03,2154.53,2135.14,2111.54,2086.18,2061.22,2044.05,2025.95,2009.99,1990.81,1970.33,1952.12,1934.35,1912.11,1901.46,1892.67,1878.46,1858.05,1831.56,1810.85,1791.12,1777.31,1765.69,1747.95,1734.37,1720.69,1703.06,1708.91,1729.39,1747.68,1745.43,1745.42,1738.45,1747.36,1771.60,1783.72,1791.34,1801.93,1815.09,1819.03,1809.39,1796.98,1779.26,1764.69,1758.01,1753.34,1746.68,1734.84,1718.76,1705.46,1687.37,1663.56,1640.30,1616.33,1595.98,1583.39,1569.03,1554.80,1538.09,1517.13,1499.26,1481.81,1457.86,1427.85,1398.43,1375.69,1355.51,1339.41,1332.62,1327.27,1319.01,1308.68,1290.84,1261.63,1223.52,1191.18,1167.96,1150.03,1126.50,1111.21,1099.89,1098.09,1104.75,1125.69,1149.16,1180.81,1209.72,1237.01,1253.86,1253.95,1240.90,1223.09,1203.91,1182.42,1161.66,1158.24,1175.00,1184.39,1181.54,1169.26,1147.42,1141.28,1151.46,1156.42,1175.05,1185.28,1194.29,1207.68,1230.18,1253.00,1269.06,1270.03,1270.09,1285.44,1303.85,1327.52,1354.65,1395.06,1431.93,1464.72,1494.69,1520.09,1542.04,1559.63,1571.11,1589.48,1603.36,1611.40,1617.05,1621.10,1634.91,1659.84,1683.57,1705.68,1729.12,1739.77,1731.07,1718.81,1713.49,1717.98,1717.02,1707.84,1702.27,1727.68,1749.54,1768.60,1786.39,1791.23,1782.19,1766.33,1750.54,1740.75,1746.31,1758.12,1767.39,1770.76,1765.01,1744.35,1735.81,1750.38,1762.71,1773.21,1789.29,1799.37,1803.39,1810.36,1819.43,1826.35,1828.08,1830.97,1841.75,1846.94,1828.34,1805.47,1793.37,1798.23,1806.62,1815.77,1819.75,1807.45,1795.33,1781.16,1777.33,1771.27,1762.56,1764.83,1768.23,1766.52,1763.64,1761.55,1761.01,1760.98,1761.17,1753.67,1738.16,1731.20,1730.95,1734.43,1745.45,1750.63,1748.66,1744.09,1738.16,1728.50,1717.28,1701.48,1682.30,1666.69,1657.50,1648.02,1637.99,1632.42,1643.55,1654.41,1659.04,1658.87,1656.78,1657.76,1659.03,1658.82,1656.31,1648.90
1565.67,1588.16,1604.94,1618.69,1634.28,1650.71,1668.65,1690.94,1708.05,1723.19,1736.90,1749.09,1775.07,1808.66,1846.38,1867.41,1870.03,1877.45,1878.04,1879.66,1896.47,1916.76,1934.89,1954.11,1970.25,1986.98,2012.19,2036.62,2061.28,2083.73,2102.53,2121.82,2139.11,2160.77,2175.95,2159.59,2135.15,2114.82,2092.70,2066.24,2047.87,2030.08,2008.85,1986.00,1965.23,1945.41,1926.57,1907.61,1888.55,1875.44,1862.46,1849.64,1829.74,1807.49,1784.56,1768.12,1753.15,1742.45,1736.86,1725.86,1714.79,1731.31,1751.42,1764.74,1761.46,1762.76,1752.19,1763.47,1784.29,1801.37,1811.91,1819.05,1827.80,1826.00,1810.67,1796.60,1785.49,1775.60,1769.00,1760.38,1750.40,1737.32,1720.91,1706.27,1687.85,1665.32,1640.15,1615.94,1594.82,1573.12,1553.16,1537.65,1521.58,1497.83,1475.56,1460.95,1436.32,1408.55,1383.78,1364.97,1345.66,1330.95,1320.49,1313.23,1304.56,1295.05,1280.49,1251.46,1215.41,1187.32,1165.71,1148.63,1129.98,1120.19,1114.16,1104.87,1099.63,1112.05,1134.47,1177.73,1214.79,1245.94,1265.72,1271.06,1263.13,1249.28,1230.99,1211.36,1192.64,1182.70,1196.23,1202.93,1195.29,1177.82,1155.75,1146.88,1146.79,1145.79,1157.61,1170.71,1192.67,1210.61,1224.56,1239.76,1252.52,1253.65,1258.87,1284.60,1308.43,1341.04,1380.15,1422.46,1455.43,1478.40,1501.88,1524.37,1542.98,1554.22,1560.63,1572.25,1578.39,1585.63,1592.94,1601.40,1621.71,1648.53,1675.22,1700.36,1717.23,1720.89,1710.16,1699.78,1690.73,1695.21,1697.41,1685.06,1684.70,1716.84,1742.20,1755.44,1767.52,1775.26,1763.40,1741.25,1725.52,1714.02,1712.19,1729.34,1741.81,1749.20,1748.32,1733.56,1714.74,1722.67,1738.34,1753.68,1765.90,1771.87,1779.50,1789.13,1796.18,1795.36,1800.28,1804.64,1818.08,1826.10,1811.29,1792.18,1771.08,1771.44,1778.49,1786.20,1799.69,1798.63,1785.55,1767.00,1762.78,1765.27,1754.93,1752.28,1760.19,1760.50,1756.27,1753.94,1752.58,1753.97,1759.68,1761.43,1753.83,1752.00,1754.37,1759.19,1766.23,1768.14,1764.30,1759.75,1754.81,1746.80,1736.20,1724.70,1708.86,1694.43,1688.35,1681.18,1669.88,1657.72,1663.18,1671.01,1674.75,1676.05,1675.11,1674.05,1673.96,1673.78,1671.22,1661.68
1557.41,1574.77,1589.91,1603.43,1619.92,1629.07,1639.05,1658.08,1677.00,1695.81,1711.77,1730.03,1760.20,1792.94,1829.37,1842.58,1843.97,1850.13,1852.00,1862.42,1874.09,1896.49,1923.81,1947.81,1968.60,1992.03,2013.71,2029.62,2043.38,2059.03,2083.14,2111.26,2136.39,2158.53,2172.77,2157.22,2133.79,2111.47,2089.12,2060.80,2038.23,2016.69,1995.79,1973.49,1950.87,1932.29,1914.98,1897.81,1879.16,1861.71,1844.62,1829.99,1815.44,1796.28,1778.08,1767.70,1761.97,1760.01,1749.90,1731.31,1738.53,1755.56,1772.78,1778.21,1775.05,1775.60,1770.18,1777.68,1796.35,1816.43,1828.18,1836.61,1838.45,1831.15,1812.51,1797.07,1791.36,1783.87,1774.75,1765.00,1751.74,1737.60,1721.59,1707.68,1689.49,1667.86,1644.63,1623.87,1605.25,1587.20,1563.02,1539.44,1516.09,1491.48,1469.79,1446.24,1420.77,1399.53,1379.29,1359.81,1346.32,1332.13,1316.63,1303.37,1293.28,1279.88,1261.03,1235.82,1205.75,1180.66,1161.47,1147.75,1142.68,1136.76,1126.04,1116.32,1101.03,1108.60,1135.11,1182.34,1215.59,1244.10,1260.96,1273.16,1279.44,1268.40,1253.55,1239.08,1222.61,1212.05,1215.64,1216.48,1207.99,1189.36,1174.33,1170.11,1162.42,1150.19,1149.30,1159.53,1184.37,1206.13,1216.27,1225.02,1232.58,1239.43,1262.62,1289.28,1318.02,1354.51,1401.76,1436.50,1462.51,1483.97,1499.69,1515.26,1528.23,1532.08,1543.51,1556.87,1554.31,1558.03,1571.11,1593.99,1621.87,1648.83,1676.29,1697.53,1701.90,1700.34,1684.45,1668.94,1662.55,1664.69,1666.90,1656.31,1669.48,1701.33,1727.73,1740.13,1754.98,1762.34,1750.61,1727.98,1713.19,1695.70,1683.53,1705.59,1721.84,1726.83,1724.47,1712.51,1694.19,1696.49,1718.81,1736.45,1743.29,1744.66,1751.61,1762.76,1768.38,1764.98,1770.11,1779.18,1794.63,1803.29,1788.72,1772.91,1751.72,1747.19,1753.23,1763.06,1779.30,1790.64,1782.13,1760.04,1748.48,1758.93,1751.72,1743.27,1751.62,1752.32,1748.71,1747.66,1747.50,1751.06,1757.75,1763.81,1764.18,1766.84,1773.38,1781.73,1785.13,1783.46,1780.34,1775.20,1769.14,1761.34,1752.64,1743.63,1732.98,1721.91,1716.23,1708.75,1700.97,1690.49,1686.72,1685.87,1684.40,1682.94,1682.65,1681.89,1681.35,1681.42,1680.44,1671.13
1537.28,1553.38,1572.49,1588.84,1598.62,1603.19,1616.78,1633.46,1651.85,1673.45,1695.36,1723.98,1756.04,1787.61,1812.02,1816.02,1818.72,1824.47,1828.88,1839.91,1863.65,1894.36,1923.97,1946.89,1961.84,1982.60,1996.07,2010.22,2026.92,2049.20,2077.03,2106.16,2131.22,2154.77,2169.72,2155.31,2130.63,2099.69,2073.69,2051.62,2026.71,2001.11,1981.11,1959.37,1939.59,1921.15,1903.72,1889.12,1870.43,1852.26,1832.20,1815.01,1804.90,1797.93,1797.80,1792.79,1791.34,1779.90,1755.65,1743.02,1760.15,1778.63,1793.01,1795.01,1790.51,1789.17,1790.71,1795.94,1809.02,1827.15,1842.36,1848.94,1845.69,1834.13,1817.05,1801.98,1795.40,1786.80,1774.34,1764.35,1750.49,1737.48,1723.13,1711.51,1695.61,1674.03,1655.36,1639.91,1621.73,1602.36,1581.10,1554.40,1529.92,1505.38,1484.43,1460.52,1433.52,1417.26,1400.39,1382.67,1367.16,1349.75,1332.39,1321.91,1312.09,1290.82,1260.09,1233.39,1204.80,1186.81,1176.84,1165.93,1165.17,1158.45,1136.56,1123.12,1106.52,1111.68,1138.70,1180.97,1211.96,1230.81,1243.13,1261.73,1277.43,1285.53,1276.75,1261.50,1248.70,1240.50,1236.96,1230.86,1220.35,1210.14,1204.45,1197.65,1181.07,1160.70,1148.39,1151.19,1163.15,1187.22,1202.41,1210.05,1220.20,1241.39,1278.27,1311.48,1341.86,1377.26,1409.74,1433.26,1452.12,1468.08,1484.50,1496.80,1506.10,1508.46,1524.98,1532.51,1528.63,1540.33,1564.75,1593.99,1621.51,1646.45,1666.69,1677.93,1673.19,1673.69,1659.56,1644.61,1639.78,1638.76,1645.38,1641.35,1662.83,1690.30,1711.01,1725.28,1741.92,1751.95,1739.11,1718.58,1701.41,1675.07,1657.74,1676.67,1698.73,1705.52,1701.47,1689.59,1671.61,1677.97,1702.18,1714.23,1718.96,1720.64,1720.85,1729.23,1739.84,1741.50,1742.93,1759.11,1770.03,1779.29,1772.06,1753.07,1730.54,1722.01,1729.02,1745.81,1764.67,1774.81,1770.48,1753.47,1737.34,1746.44,1741.25,1735.84,1743.56,1744.73,1743.25,1743.66,1747.65,1753.16,1760.26,1767.94,1773.65,1781.34,1789.60,1792.68,1792.13,1791.16,1790.25,1788.80,1783.53,1774.65,1765.51,1757.55,1749.01,1741.59,1735.71,1728.28,1718.73,1708.83,1699.14,1690.51,1684.32,1681.13,1681.94,1683.12,1683.44,1683.40,1682.50,1674.45
1519.95,1535.25,1553.63,1567.61,1576.98,1586.00,1603.24,1628.94,1656.89,1677.35,1694.18,1729.65,1767.00,1790.24,1791.84,1790.72,1796.13,1802.38,1811.04,1831.66,1861.61,1885.52,1907.33,1930.49,1947.61,1967.44,1986.72,2005.09,2026.16,2053.84,2079.88,2103.83,2124.60,2148.64,2162.62,2148.15,2124.76,2094.38,2069.65,2048.32,2023.69,1998.68,1979.07,1957.38,1941.30,1928.50,1916.25,1898.13,1874.42,1849.50,1835.98,1830.97,1824.25,1820.74,1819.81,1817.62,1811.06,1791.70,1759.96,1759.55,1779.75,1798.53,1813.14,1810.25,1804.36,1807.58,1814.59,1819.72,1830.95,1843.08,1854.06,1854.64,1848.27,1834.12,1819.36,1805.41,1796.19,1785.61,1772.17,1760.90,1748.86,1739.45,1728.47,1717.23,1701.57,1682.46,1668.18,1653.89,1634.11,1610.05,1592.04,1564.33,1537.29,1513.35,1490.80,1466.69,1445.07,1430.86,1417.13,1399.42,1376.18,1356.20,1348.07,1343.42,1329.21,1303.47,1268.92,1238.88,1213.90,1205.20,1199.45,1194.29,1194.34,1179.25,1151.89,1129.47,1112.63,1115.64,1138.96,1170.29,1193.28,1206.89,1224.59,1245.62,1264.56,1285.53,1297.54,1287.10,1272.47,1267.32,1259.83,1249.15,1241.22,1233.22,1225.62,1212.22,1196.92,1172.40,1154.71,1152.51,1153.21,1164.45,1191.53,1209.81,1232.23,1262.30,1297.28,1329.34,1355.00,1378.95,1402.22,1419.79,1435.05,1447.33,1460.38,1471.28,1476.57,1481.02,1500.06,1506.77,1508.63,1535.95,1563.62,1588.23,1613.47,1636.48,1652.23,1652.45,1648.47,1647.72,1641.54,1624.21,1611.54,1609.29,1616.11,1631.79,1655.54,1672.06,1688.95,1708.08,1730.04,1741.46,1729.31,1710.37,1688.14,1661.98,1640.76,1653.45,1676.67,1686.04,1678.66,1664.18,1648.75,1660.31,1686.90,1695.86,1696.47,1696.76,1696.53,1697.45,1704.30,1714.00,1718.47,1731.60,1745.26,1759.83,1762.74,1750.58,1725.25,1705.65,1718.60,1739.18,1750.79,1753.54,1752.82,1746.58,1731.20,1728.11,1729.87,1728.29,1735.64,1737.34,1739.34,1745.61,1752.62,1759.24,1766.60,1774.24,1781.05,1787.68,1793.60,1794.68,1793.85,1792.74,1791.68,1790.54,1787.38,1780.07,1770.32,1763.53,1757.45,1750.25,1743.45,1734.36,1722.20,1708.97,1697.19,1686.40,1678.09,1672.58,1675.70,1679.32,1681.03,1682.38,1682.84,1676.57
1515.46,1528.93,1543.00,1554.21,1566.07,1579.60,1593.80,1616.96,1642.33,1661.07,1685.81,1736.97,1770.20,1768.64,1764.51,1769.56,1775.88,1787.66,1811.25,1846.21,1867.15,1887.06,1903.60,1938.01,1957.31,1977.63,1999.46,2019.18,2038.67,2058.05,2079.26,2102.02,2125.92,2149.98,2159.43,2140.70,2118.62,2096.11,2074.31,2053.59,2029.54,2007.60,1983.75,1969.75,1965.46,1950.58,1929.37,1903.78,1874.80,1857.20,1854.01,1850.62,1847.89,1847.15,1846.11,1839.66,1820.88,1796.58,1770.12,1779.13,1794.20,1815.98,1829.66,1827.01,1823.59,1830.55,1838.18,1846.38,1856.44,1863.00,1863.47,1856.43,1845.27,1831.45,1818.85,1804.82,1794.56,1784.08,1770.21,1758.04,1748.41,1741.97,1733.33,1719.98,1704.68,1690.36,1678.64,1659.39,1638.12,1612.68,1595.22,1570.71,1544.08,1518.54,1495.87,1476.08,1458.16,1440.49,1423.81,1403.37,1377.36,1362.94,1363.85,1356.74,1338.75,1309.45,1276.06,1248.70,1236.25,1227.62,1218.27,1218.21,1208.61,1186.30,1156.23,1135.13,1116.31,1115.75,1123.42,1137.21,1153.25,1176.43,1203.43,1223.51,1249.09,1270.37,1294.75,1304.39,1300.88,1297.42,1283.85,1268.75,1261.97,1255.69,1242.85,1224.76,1204.22,1183.27,1174.12,1169.77,1160.81,1161.38,1194.42,1216.48,1244.08,1278.45,1303.01,1322.85,1344.61,1363.71,1381.45,1395.97,1414.18,1426.64,1440.94,1446.54,1445.99,1451.65,1470.86,1477.65,1496.63,1526.48,1550.40,1571.18,1597.88,1620.29,1638.50,1632.63,1625.06,1623.59,1617.76,1611.50,1595.07,1589.65,1600.72,1623.97,1641.18,1652.31,1670.88,1696.04,1720.84,1729.52,1721.49,1704.94,1677.27,1650.03,1622.35,1630.97,1653.60,1663.55,1653.68,1637.19,1622.35,1642.21,1671.81,1667.80,1663.81,1668.48,1671.86,1671.96,1678.81,1689.28,1694.75,1710.09,1724.65,1739.43,1746.25,1735.38,1716.18,1699.16,1710.54,1733.43,1737.72,1738.55,1738.21,1738.18,1733.14,1719.83,1718.71,1720.30,1730.75,1738.29,1744.00,1752.83,1761.92,1768.41,1772.55,1778.27,1782.92,1785.24,1789.39,1791.16,1791.03,1789.69,1786.49,1781.86,1778.49,1774.10,1767.25,1763.07,1759.61,1753.69,1744.95,1730.95,1715.03,1698.92,1686.82,1676.01,1666.12,1662.15,1665.68,1670.16,1675.71,1681.23,1684.55,1683.07
1523.96,1536.55,1549.40,1558.12,1570.15,1586.97,1602.23,1611.83,1628.23,1652.63,1681.35,1723.24,1739.12,1737.97,1742.28,1753.68,1775.40,1799.09,1824.11,1859.77,1887.94,1913.18,1927.35,1943.64,1960.94,1982.69,2006.46,2029.88,2053.18,2073.86,2090.51,2108.79,2130.74,2152.32,2160.00,2144.85,2133.05,2111.84,2082.28,2060.49,2042.94,2020.39,2002.25,1990.11,1976.15,1953.80,1925.73,1901.76,1877.91,1875.71,1876.39,1872.90,1869.78,1869.93,1865.93,1851.61,1824.73,1798.45,1784.74,1793.98,1811.53,1835.91,1847.12,1844.42,1844.13,1851.82,1858.49,1865.90,1872.87,1874.08,1867.48,1854.77,1840.69,1827.28,1816.18,1802.86,1791.16,1780.11,1767.06,1756.05,1747.78,1740.53,1732.05,1722.82,1710.27,1699.21,1685.42,1661.92,1641.01,1615.22,1595.33,1572.36,1547.29,1525.97,1504.58,1485.80,1467.33,1443.22,1424.34,1404.74,1385.37,1377.62,1377.26,1367.39,1341.81,1313.34,1283.63,1269.14,1265.60,1254.31,1248.69,1238.76,1213.89,1182.85,1154.22,1136.74,1121.97,1114.25,1117.04,1121.66,1132.29,1149.70,1174.79,1206.03,1237.02,1259.22,1285.53,1307.82,1320.41,1322.11,1307.97,1284.76,1278.60,1271.54,1255.84,1236.58,1220.55,1210.13,1206.38,1190.71,1172.45,1164.70,1197.44,1220.28,1249.54,1276.82,1293.51,1310.33,1328.11,1345.96,1358.32,1370.91,1392.53,1407.70,1423.95,1424.75,1415.59,1429.03,1442.87,1451.13,1481.33,1508.07,1529.35,1560.27,1590.68,1611.68,1623.31,1612.06,1604.58,1602.88,1600.22,1595.11,1586.27,1567.43,1583.64,1607.54,1624.70,1643.60,1667.77,1694.60,1713.19,1714.50,1708.25,1695.13,1665.38,1636.12,1609.46,1608.03,1627.69,1642.70,1633.58,1611.88,1604.12,1627.34,1643.56,1634.92,1632.88,1644.52,1649.23,1651.05,1659.64,1667.88,1672.89,1687.96,1706.29,1724.25,1738.66,1721.49,1703.37,1691.41,1706.00,1724.51,1727.42,1728.59,1727.62,1730.88,1732.77,1720.74,1708.74,1714.59,1728.16,1738.11,1746.39,1758.74,1771.61,1777.16,1773.37,1772.59,1772.82,1769.60,1775.57,1781.20,1783.28,1779.23,1771.39,1766.47,1762.36,1758.72,1756.68,1756.06,1755.55,1751.32,1739.53,1725.39,1709.51,1691.61,1675.92,1663.56,1653.10,1650.92,1655.32,1663.74,1673.23,1681.03,1685.70,1687.42
1539.97,1553.24,1564.25,1573.74,1590.36,1614.46,1643.61,1649.03,1642.09,1650.39,1675.70,1700.66,1711.40,1724.29,1737.52,1757.69,1784.51,1810.51,1835.99,1865.67,1897.28,1928.12,1951.17,1960.07,1973.72,1992.10,2010.28,2029.70,2057.55,2083.49,2103.54,2121.87,2142.39,2163.63,2171.50,2161.27,2145.15,2114.81,2086.57,2063.68,2044.83,2026.73,2007.80,1989.38,1968.59,1946.66,1918.86,1899.65,1894.91,1898.24,1901.69,1903.05,1901.10,1893.42,1876.46,1852.55,1825.46,1801.74,1803.93,1805.43,1824.99,1849.76,1861.59,1859.40,1865.39,1872.51,1875.91,1880.82,1883.07,1878.80,1866.82,1850.75,1836.68,1822.38,1811.32,1800.94,1789.00,1777.16,1765.72,1754.56,1745.31,1735.35,1725.43,1720.80,1715.42,1706.87,1688.34,1667.20,1646.13,1622.95,1599.17,1574.48,1548.98,1531.43,1510.06,1489.33,1469.70,1444.13,1427.05,1413.46,1398.21,1393.20,1392.62,1375.13,1347.03,1321.25,1301.45,1294.84,1294.23,1282.57,1265.04,1239.88,1206.25,1181.51,1163.21,1141.98,1130.58,1119.77,1115.31,1117.65,1123.47,1138.43,1162.25,1198.38,1229.17,1254.63,1279.88,1304.60,1324.70,1338.30,1330.03,1307.22,1299.00,1286.76,1276.91,1263.66,1249.78,1235.35,1220.90,1198.32,1177.05,1169.32,1196.07,1232.23,1256.14,1269.29,1279.55,1291.91,1308.60,1324.61,1336.60,1349.24,1366.80,1391.46,1411.49,1409.44,1394.16,1404.16,1417.46,1442.74,1470.85,1501.76,1532.94,1562.44,1588.48,1607.21,1608.41,1592.67,1581.45,1582.60,1579.75,1569.56,1565.60,1552.88,1564.09,1590.35,1614.70,1643.82,1669.25,1696.43,1699.82,1690.71,1684.53,1677.45,1656.78,1627.29,1600.69,1588.05,1603.42,1621.51,1614.08,1589.32,1584.23,1601.65,1604.12,1599.26,1604.40,1617.37,1624.80,1633.60,1646.04,1649.57,1655.63,1671.48,1689.54,1713.51,1732.27,1722.31,1703.10,1685.70,1694.82,1712.06,1717.38,1717.04,1719.59,1728.35,1730.03,1722.04,1709.76,1704.44,1717.08,1731.21,1745.26,1761.15,1777.01,1780.76,1770.85,1759.47,1754.98,1753.96,1759.00,1763.96,1770.56,1763.43,1755.37,1749.72,1746.05,1742.16,1742.61,1745.89,1748.78,1744.44,1727.41,1710.75,1695.23,1679.58,1666.78,1652.04,1640.55,1638.72,1647.53,1660.58,1670.04,1679.14,1683.35,1683.73
1565.80,1576.34,1583.38,1593.06,1615.33,1646.89,1680.77,1693.49,1681.92,1670.63,1671.34,1691.62,1711.99,1726.55,1741.67,1768.02,1793.22,1821.60,1852.64,1874.74,1899.88,1933.45,1962.41,1978.69,1991.41,2009.14,2031.46,2039.10,2052.52,2081.48,2105.42,2126.36,2152.07,2172.85,2179.56,2160.76,2139.47,2114.71,2086.86,2061.55,2044.62,2027.02,2005.73,1985.03,1966.69,1943.44,1919.75,1914.68,1921.18,1923.51,1925.08,1927.21,1922.74,1907.35,1882.70,1854.34,1827.43,1815.74,1828.96,1824.89,1837.63,1862.47,1878.98,1877.91,1883.92,1893.63,1898.17,1896.38,1888.95,1879.45,1864.86,1849.50,1834.51,1819.94,1805.54,1794.63,1784.39,1770.93,1761.24,1751.38,1739.41,1725.99,1714.76,1710.90,1712.31,1708.62,1692.94,1674.28,1652.21,1627.79,1605.29,1581.03,1551.16,1532.80,1509.70,1487.97,1468.15,1446.29,1433.19,1419.95,1407.07,1412.52,1406.35,1384.06,1357.63,1336.41,1324.79,1322.61,1313.87,1293.50,1261.29,1237.78,1213.49,1199.28,1180.20,1152.30,1139.26,1136.07,1123.75,1116.74,1118.78,1129.56,1156.18,1189.28,1219.80,1246.45,1271.41,1299.57,1323.91,1347.69,1347.29,1332.97,1327.48,1314.28,1301.46,1285.03,1262.50,1241.98,1219.25,1193.56,1175.78,1175.59,1202.50,1227.99,1242.17,1254.21,1265.50,1275.45,1286.57,1299.69,1314.09,1330.14,1354.88,1382.32,1390.23,1384.48,1377.82,1383.81,1410.82,1443.01,1472.36,1502.64,1534.56,1561.39,1582.76,1600.72,1594.81,1570.93,1557.29,1562.06,1557.08,1544.45,1540.09,1539.55,1563.46,1594.06,1617.51,1644.84,1669.05,1686.66,1676.50,1662.01,1654.96,1656.02,1644.73,1618.35,1592.28,1568.83,1573.75,1595.13,1592.34,1566.65,1563.26,1571.63,1570.46,1568.87,1577.38,1588.83,1600.57,1617.20,1629.91,1644.39,1656.91,1674.51,1695.37,1714.62,1724.11,1710.51,1694.23,1678.33,1682.82,1703.07,1707.36,1707.32,1717.00,1723.95,1724.28,1720.20,1708.22,1696.91,1708.68,1727.95,1743.96,1760.75,1774.76,1778.11,1757.29,1745.98,1742.36,1742.12,1744.26,1748.71,1751.34,1747.30,1739.65,1730.48,1723.55,1722.32,1725.84,1730.09,1733.88,1728.36,1707.86,1690.02,1673.20,1657.80,1653.57,1642.78,1630.25,1632.39,1643.22,1654.43,1663.67,1670.71,1674.26,1672.69
1597.13,1610.20,1610.17,1613.10,1629.55,1661.65,1700.33,1726.14,1711.69,1700.35,1695.63,1699.78,1718.80,1741.11,1764.49,1780.56,1799.06,1825.38,1860.85,1887.18,1912.31,1939.71,1968.26,1992.88,2008.73,2027.43,2051.82,2063.17,2066.34,2083.08,2102.28,2124.19,2152.13,2173.29,2181.33,2160.11,2138.42,2112.32,2091.92,2075.34,2056.58,2038.73,2017.71,1992.46,1973.29,1952.10,1933.06,1939.38,1949.92,1951.82,1951.14,1947.11,1934.80,1913.43,1887.74,1861.23,1835.83,1835.55,1850.34,1850.01,1858.26,1878.94,1895.46,1902.01,1909.62,1916.94,1910.11,1899.24,1888.82,1876.77,1863.99,1850.99,1834.40,1817.05,1799.38,1786.72,1775.70,1761.83,1753.09,1743.02,1726.30,1710.06,1698.73,1696.85,1700.80,1701.23,1692.51,1678.31,1657.36,1633.25,1609.74,1585.01,1553.30,1528.85,1505.61,1487.00,1469.98,1454.54,1440.03,1423.89,1419.42,1429.22,1416.50,1389.88,1369.13,1352.59,1346.26,1339.82,1322.20,1296.06,1275.65,1265.31,1246.14,1220.55,1194.64,1176.26,1163.51,1153.23,1143.98,1126.80,1118.00,1121.24,1144.11,1178.19,1209.13,1237.88,1262.73,1294.37,1323.07,1351.07,1358.09,1351.81,1343.85,1321.49,1303.07,1281.90,1257.01,1233.28,1204.84,1183.06,1175.06,1186.35,1206.12,1208.56,1216.90,1230.62,1243.65,1257.95,1263.19,1276.47,1299.22,1327.45,1354.39,1371.37,1367.51,1365.05,1363.01,1376.22,1404.97,1436.86,1467.78,1500.97,1528.44,1554.00,1574.39,1590.63,1579.07,1554.04,1537.78,1536.73,1534.38,1522.13,1515.01,1536.03,1566.96,1595.05,1616.60,1641.72,1660.83,1666.64,1654.95,1636.59,1624.37,1626.54,1628.47,1606.88,1580.86,1556.47,1553.80,1568.65,1567.47,1548.84,1545.39,1546.80,1544.51,1551.14,1565.63,1584.89,1603.42,1622.81,1641.91,1653.31,1668.08,1683.46,1703.93,1719.83,1716.69,1709.86,1697.16,1679.93,1672.61,1688.65,1696.42,1701.72,1711.26,1714.86,1714.91,1710.17,1697.48,1688.84,1708.40,1728.29,1744.41,1758.71,1769.44,1772.59,1754.54,1732.91,1726.42,1722.64,1727.96,1730.18,1732.60,1732.20,1719.31,1709.14,1703.88,1705.16,1706.40,1709.60,1717.63,1716.13,1696.17,1677.30,1658.63,1638.43,1637.43,1634.62,1623.24,1626.46,1636.87,1645.14,1653.26,1658.30,1659.79,1656.65
1618.40,1641.92,1640.81,1639.36,1650.15,1674.89,1710.12,1743.83,1742.62,1734.64,1724.40,1724.44,1744.17,1772.13,1796.88,1809.05,1819.11,1836.89,1866.36,1891.16,1915.68,1941.44,1966.12,1989.40,2012.11,2041.86,2064.85,2084.72,2094.59,2102.09,2110.05,2123.85,2147.20,2169.98,2186.18,2171.48,2143.94,2124.57,2110.68,2089.55,2064.61,2042.48,2020.36,1996.11,1977.02,1960.08,1953.23,1964.40,1978.63,1981.18,1973.66,1960.27,1937.55,1913.22,1889.54,1863.58,1846.35,1855.86,1872.71,1869.68,1872.31,1892.29,1911.08,1923.38,1928.47,1926.51,1911.62,1896.80,1884.89,1871.45,1861.67,1849.40,1832.34,1811.73,1795.03,1783.58,1777.57,1771.98,1767.21,1754.11,1737.74,1718.44,1699.88,1682.69,1682.13,1684.40,1680.38,1671.15,1655.01,1633.06,1608.47,1582.49,1553.63,1526.40,1504.37,1490.35,1476.66,1462.93,1446.15,1428.94,1432.91,1439.01,1419.50,1396.19,1379.38,1367.64,1362.28,1354.16,1335.64,1317.52,1303.04,1287.82,1263.31,1239.73,1219.40,1202.16,1186.70,1167.02,1149.39,1134.11,1120.38,1119.55,1136.14,1172.69,1206.65,1234.89,1258.72,1290.67,1317.39,1341.55,1356.20,1359.69,1345.05,1315.04,1293.64,1269.98,1247.18,1219.05,1191.59,1177.27,1181.77,1195.22,1193.04,1190.36,1194.32,1205.29,1217.03,1229.93,1241.84,1265.45,1296.54,1328.28,1351.47,1357.63,1344.92,1343.16,1349.02,1377.20,1408.96,1439.77,1467.63,1495.92,1521.25,1542.92,1562.35,1575.68,1564.41,1542.15,1521.59,1511.73,1510.24,1503.18,1504.32,1533.42,1562.37,1590.99,1612.70,1631.62,1643.83,1646.66,1639.11,1616.53,1595.81,1596.65,1607.43,1590.90,1565.54,1543.72,1539.20,1550.72,1548.80,1532.10,1526.89,1524.88,1526.27,1544.30,1565.29,1587.65,1610.05,1629.62,1652.44,1668.92,1680.46,1696.17,1711.14,1716.13,1707.71,1702.89,1700.66,1681.72,1664.95,1675.59,1690.24,1695.82,1700.37,1703.69,1705.40,1697.17,1681.93,1686.51,1710.15,1727.36,1741.16,1754.03,1764.78,1765.82,1752.85,1726.84,1698.74,1691.86,1702.82,1708.13,1712.41,1713.95,1703.69,1688.89,1683.54,1683.14,1685.20,1689.91,1702.76,1709.82,1701.29,1687.66,1667.47,1638.70,1618.43,1620.26,1613.16,1615.42,1626.76,1633.31,1640.21,1645.83,1647.32,1645.22
1636.49,1663.37,1678.93,1684.49,1689.00,1691.72,1715.39,1756.82,1772.58,1764.55,1750.17,1748.76,1763.82,1789.78,1816.65,1835.47,1842.53,1859.35,1884.15,1908.78,1923.68,1937.55,1956.57,1977.06,2001.98,2032.24,2059.50,2081.76,2103.07,2118.28,2132.71,2143.03,2154.76,2179.55,2199.67,2181.55,2155.06,2139.57,2116.31,2089.72,2064.53,2041.13,2019.64,1997.31,1982.97,1976.34,1976.43,1991.00,2003.25,1998.15,1982.57,1961.72,1936.94,1912.00,1893.05,1880.87,1870.86,1878.51,1893.22,1888.53,1890.39,1900.84,1921.81,1940.87,1943.43,1932.13,1917.45,1904.37,1888.64,1872.81,1859.21,1844.67,1828.25,1809.46,1797.86,1795.28,1792.52,1784.35,1769.41,1751.14,1734.01,1719.45,1701.56,1681.34,1663.33,1662.26,1659.03,1652.11,1638.37,1619.00,1597.67,1573.78,1550.71,1529.21,1510.88,1496.09,1482.06,1466.17,1447.90,1440.93,1448.34,1442.20,1418.62,1402.97,1388.33,1378.82,1369.41,1360.16,1344.26,1325.19,1310.07,1291.86,1270.51,1254.53,1234.24,1203.81,1176.77,1155.10,1143.18,1129.52,1120.57,1123.76,1142.51,1180.29,1210.41,1233.82,1255.04,1280.57,1304.29,1321.97,1336.82,1354.14,1340.82,1310.33,1284.27,1260.98,1237.02,1209.02,1185.10,1177.93,1184.46,1189.98,1186.10,1188.60,1189.34,1190.15,1197.62,1212.96,1237.47,1267.55,1292.97,1323.81,1340.34,1338.79,1325.51,1326.97,1345.76,1376.11,1406.30,1433.02,1457.75,1488.17,1513.49,1529.55,1545.36,1557.67,1550.37,1530.16,1509.00,1490.68,1481.86,1479.42,1498.48,1527.51,1553.63,1585.73,1604.25,1615.72,1621.32,1624.57,1622.81,1602.20,1575.44,1570.75,1582.84,1570.76,1548.68,1528.96,1519.89,1525.93,1523.47,1512.13,1505.22,1507.18,1523.51,1544.37,1567.69,1590.12,1612.06,1633.99,1655.12,1674.65,1688.26,1703.31,1712.34,1708.82,1699.43,1693.68,1697.17,1682.21,1661.45,1666.96,1678.03,1684.80,1685.91,1693.80,1697.36,1683.54,1672.99,1690.07,1709.99,1723.36,1737.74,1751.31,1758.15,1753.33,1740.05,1722.97,1696.34,1673.09,1675.96,1683.64,1694.65,1696.02,1692.29,1676.89,1663.85,1663.89,1667.65,1677.17,1687.56,1692.89,1687.97,1679.28,1661.88,1633.97,1605.55,1597.09,1598.35,1600.30,1611.02,1619.03,1626.67,1633.05,1634.76,1632.93
1676.97,1697.54,1710.44,1727.74,1733.78,1718.88,1725.99,1775.67,1789.63,1787.16,1778.28,1779.36,1786.76,1802.74,1834.40,1858.01,1870.32,1884.50,1902.95,1925.65,1945.52,1960.82,1966.73,1972.82,1997.03,2020.90,2047.68,2071.73,2097.28,2119.65,2141.06,2159.79,2174.74,2194.97,2209.77,2198.26,2173.03,2149.07,2118.87,2089.45,2063.27,2041.72,2022.63,2006.33,1999.43,1996.53,1998.56,2014.71,2022.92,2006.78,1984.90,1960.47,1938.44,1919.12,1912.37,1907.67,1899.39,1903.15,1913.33,1914.58,1920.23,1926.03,1937.02,1951.76,1951.61,1935.84,1919.96,1906.10,1888.37,1871.60,1855.43,1839.56,1826.90,1814.16,1808.13,1804.12,1797.98,1780.95,1759.63,1740.02,1722.87,1704.87,1692.33,1678.53,1662.30,1643.50,1634.16,1630.81,1613.13,1599.51,1583.70,1563.40,1545.90,1531.70,1517.25,1501.47,1484.91,1466.46,1454.88,1457.29,1455.99,1439.49,1417.68,1407.14,1395.15,1385.14,1374.60,1360.14,1339.93,1313.25,1295.21,1275.08,1258.87,1237.91,1216.78,1184.46,1160.19,1145.74,1132.13,1124.52,1128.42,1140.54,1159.80,1190.05,1214.14,1231.31,1246.16,1262.04,1284.06,1306.94,1326.85,1348.60,1343.51,1311.96,1278.57,1254.34,1228.72,1209.00,1193.89,1182.54,1181.88,1184.90,1192.92,1200.73,1200.08,1195.61,1193.22,1207.95,1238.86,1267.81,1291.73,1313.60,1323.88,1320.70,1311.75,1320.19,1343.99,1370.32,1393.39,1420.69,1452.92,1482.84,1503.36,1510.12,1522.47,1538.01,1533.92,1512.92,1492.71,1469.29,1455.46,1467.27,1495.96,1523.86,1549.60,1581.27,1593.70,1595.77,1596.92,1600.47,1604.16,1594.62,1565.33,1546.93,1557.42,1549.98,1531.05,1511.65,1497.68,1497.82,1494.62,1487.85,1496.76,1517.03,1540.32,1553.64,1568.48,1591.17,1612.98,1631.46,1648.47,1665.70,1682.45,1700.17,1711.71,1707.58,1694.44,1683.05,1686.85,1683.22,1661.34,1657.61,1671.87,1669.95,1671.20,1678.91,1682.16,1674.07,1669.16,1684.46,1701.30,1720.91,1738.70,1752.02,1749.89,1736.56,1728.17,1715.18,1693.94,1672.01,1660.09,1661.12,1679.33,1681.94,1679.35,1672.85,1655.52,1644.15,1649.56,1660.57,1667.48,1670.55,1669.67,1664.89,1650.78,1627.83,1606.60,1582.47,1581.52,1584.12,1593.15,1603.68,1611.60,1616.61,1617.56,1614.25
1712.99,1729.32,1727.65,1745.76,1760.11,1750.91,1766.52,1799.39,1817.98,1812.31,1801.61,1811.97,1820.24,1820.24,1843.24,1872.93,1892.07,1911.70,1922.50,1938.64,1963.40,1983.03,1992.04,1990.36,2002.52,2025.01,2048.40,2070.18,2091.64,2113.10,2134.12,2156.13,2179.74,2201.13,2212.03,2200.91,2176.48,2153.28,2123.77,2093.89,2066.76,2052.25,2037.85,2025.91,2020.86,2024.63,2028.82,2043.02,2036.87,2013.15,1991.10,1969.53,1950.85,1944.27,1940.84,1932.63,1924.86,1928.86,1936.39,1939.54,1944.22,1951.10,1956.43,1960.61,1953.76,1940.30,1922.06,1903.13,1885.71,1869.09,1852.50,1836.80,1825.84,1818.67,1813.07,1807.46,1797.94,1778.81,1754.66,1733.95,1717.65,1698.00,1687.14,1674.99,1660.11,1644.73,1621.78,1605.68,1593.40,1583.19,1568.92,1553.11,1541.80,1531.49,1521.75,1505.95,1488.13,1475.51,1474.17,1472.17,1456.67,1433.26,1415.92,1406.91,1397.31,1387.52,1376.42,1358.68,1335.61,1305.70,1281.13,1255.33,1233.01,1213.69,1194.90,1172.40,1154.47,1137.59,1127.83,1127.32,1138.81,1150.87,1168.18,1189.74,1209.73,1223.68,1232.26,1250.52,1276.50,1303.02,1326.51,1350.70,1349.66,1315.78,1276.46,1253.95,1239.83,1228.98,1214.95,1203.90,1196.65,1201.77,1208.62,1213.12,1210.99,1203.79,1196.89,1202.20,1232.80,1262.26,1281.61,1289.09,1299.94,1302.26,1301.16,1314.74,1326.01,1352.89,1386.46,1418.39,1448.71,1471.67,1481.87,1488.33,1501.75,1519.36,1517.35,1496.99,1472.75,1451.72,1443.06,1468.99,1497.03,1522.38,1549.20,1571.94,1576.57,1573.15,1571.95,1575.35,1582.65,1582.51,1566.22,1537.99,1531.59,1527.89,1508.32,1486.12,1469.72,1466.42,1471.32,1491.85,1513.95,1535.44,1558.95,1575.05,1585.66,1597.43,1620.94,1640.94,1659.77,1674.98,1686.84,1703.25,1717.89,1708.52,1690.88,1675.36,1670.83,1673.20,1660.09,1650.93,1666.58,1660.91,1660.29,1663.45,1666.85,1664.41,1668.49,1684.67,1703.27,1723.38,1739.54,1754.74,1758.69,1739.88,1722.92,1708.82,1692.69,1673.20,1656.18,1644.30,1661.63,1666.57,1662.66,1658.81,1649.83,1630.67,1626.20,1636.09,1643.03,1646.67,1644.37,1643.57,1638.19,1621.41,1605.28,1582.06,1566.09,1571.07,1579.92,1589.32,1598.76,1601.97,1598.68,1593.35
1738.61,1752.43,1753.68,1766.19,1783.77,1786.74,1802.16,1824.27,1839.06,1837.63,1835.64,1846.98,1854.30,1847.16,1850.95,1876.65,1901.11,1929.18,1947.25,1958.84,1975.87,1993.65,2010.12,2012.88,2019.07,2040.75,2058.89,2074.02,2090.20,2110.66,2131.20,2154.82,2180.39,2204.55,2212.13,2193.31,2170.93,2150.62,2125.22,2097.70,2079.25,2065.53,2055.56,2047.55,2048.20,2054.51,2058.01,2063.78,2050.07,2024.19,2002.39,1981.62,1970.70,1971.65,1966.13,1954.85,1949.71,1952.78,1958.92,1967.07,1969.00,1972.51,1976.45,1969.17,1957.24,1945.23,1926.63,1906.64,1886.85,1870.57,1855.53,1837.21,1825.13,1816.69,1810.58,1803.28,1791.91,1773.08,1748.87,1727.93,1709.99,1692.83,1681.26,1670.71,1656.45,1644.54,1625.65,1606.68,1587.19,1565.24,1550.27,1541.93,1536.54,1529.68,1523.42,1512.50,1502.39,1496.57,1491.53,1477.40,1453.75,1427.61,1410.82,1404.01,1395.68,1385.49,1371.87,1354.58,1327.84,1299.53,1271.99,1243.08,1223.07,1206.31,1189.21,1171.47,1156.66,1139.98,1130.77,1128.26,1132.51,1139.65,1150.56,1168.96,1189.74,1207.75,1226.03,1250.94,1276.63,1301.91,1328.69,1353.04,1354.82,1322.03,1293.79,1279.01,1266.91,1253.59,1238.30,1221.20,1215.41,1217.15,1219.30,1225.95,1226.04,1214.86,1203.34,1199.26,1219.48,1247.80,1261.19,1261.23,1271.13,1279.74,1291.10,1303.05,1323.35,1354.36,1387.23,1414.43,1438.19,1454.03,1457.75,1466.20,1484.07,1502.17,1501.58,1485.28,1461.11,1436.30,1439.14,1470.06,1495.86,1517.23,1541.36,1556.35,1552.21,1551.14,1549.69,1551.53,1560.48,1554.30,1541.69,1525.42,1509.25,1507.12,1486.61,1460.00,1448.73,1454.62,1476.55,1509.26,1551.58,1591.35,1602.72,1606.50,1632.39,1660.86,1676.83,1684.01,1695.86,1706.32,1708.39,1712.07,1712.49,1698.13,1683.22,1671.42,1660.98,1659.68,1651.26,1646.26,1658.98,1650.34,1649.03,1651.72,1655.64,1661.18,1670.20,1687.38,1705.28,1721.88,1735.93,1752.13,1766.90,1762.80,1745.16,1721.15,1698.63,1674.02,1652.23,1632.93,1642.16,1650.63,1647.69,1642.23,1635.97,1620.04,1610.26,1617.77,1624.21,1626.92,1624.71,1624.89,1623.92,1612.98,1597.82,1577.60,1559.42,1554.87,1567.49,1577.55,1587.93,1589.08,1575.17,1568.78
1768.65,1781.54,1788.79,1799.69,1808.91,1814.21,1825.86,1839.42,1853.82,1859.74,1863.56,1880.94,1888.58,1884.35,1885.03,1894.21,1913.89,1941.32,1964.40,1986.75,1998.04,2005.58,2025.03,2036.35,2041.01,2055.31,2068.61,2091.87,2110.19,2129.84,2154.40,2172.53,2189.31,2210.66,2214.14,2195.21,2172.11,2150.59,2131.11,2115.64,2101.38,2084.40,2076.80,2069.39,2069.89,2073.95,2076.58,2072.84,2055.84,2032.91,2012.78,1998.84,1998.63,1999.85,1991.16,1980.57,1976.17,1976.67,1982.15,1989.19,1990.09,1989.58,1984.74,1973.56,1960.63,1944.37,1926.14,1907.67,1888.94,1871.12,1854.71,1836.51,1825.05,1817.46,1808.92,1797.91,1784.79,1766.09,1744.03,1723.88,1705.55,1689.09,1674.79,1665.09,1656.36,1646.25,1633.36,1616.84,1596.71,1568.56,1546.74,1531.03,1526.45,1523.26,1518.70,1513.59,1510.34,1503.81,1496.15,1475.45,1449.63,1423.33,1404.37,1402.05,1393.88,1380.88,1366.49,1347.18,1313.95,1288.31,1264.28,1248.70,1240.24,1229.48,1209.34,1187.27,1167.23,1150.88,1137.45,1136.23,1134.52,1134.04,1141.08,1153.78,1173.60,1199.50,1225.13,1253.83,1277.23,1303.84,1329.50,1355.83,1361.22,1341.53,1320.85,1304.07,1291.75,1276.60,1258.86,1240.32,1232.07,1229.17,1229.36,1237.81,1240.99,1231.20,1214.18,1201.92,1211.95,1228.22,1237.99,1244.06,1252.12,1264.56,1278.33,1297.97,1326.18,1354.54,1378.61,1404.32,1422.89,1432.39,1436.24,1452.36,1468.83,1485.19,1485.23,1464.19,1444.29,1422.52,1434.49,1463.64,1487.52,1508.54,1527.09,1531.44,1526.48,1530.81,1526.33,1530.51,1539.18,1530.68,1513.12,1503.80,1487.30,1483.94,1464.91,1440.22,1441.90,1461.08,1486.53,1524.07,1581.88,1619.88,1640.13,1650.72,1675.54,1696.35,1710.11,1720.41,1727.62,1730.57,1727.74,1712.84,1697.18,1681.42,1672.87,1665.05,1653.44,1646.73,1639.89,1647.42,1651.56,1644.93,1656.20,1666.14,1672.07,1680.65,1686.52,1695.85,1709.26,1725.82,1740.13,1753.94,1769.07,1775.91,1758.15,1734.13,1708.27,1681.04,1648.94,1621.85,1615.98,1626.70,1630.65,1628.33,1623.10,1613.65,1603.58,1601.62,1607.13,1609.82,1607.72,1606.71,1610.14,1606.99,1595.12,1576.69,1560.20,1541.46,1550.43,1562.13,1571.16,1576.64,1563.48,1546.35
1783.23,1796.60,1803.39,1809.81,1814.74,1815.87,1814.92,1823.34,1849.26,1869.24,1885.05,1906.09,1918.08,1920.58,1922.29,1924.81,1940.59,1956.04,1978.88,2002.74,2022.18,2033.61,2039.89,2057.28,2062.78,2072.11,2087.34,2105.31,2132.20,2152.09,2170.89,2189.51,2206.14,2220.53,2223.78,2207.44,2190.69,2166.34,2149.94,2135.79,2120.03,2107.29,2100.47,2093.72,2092.51,2098.48,2095.81,2079.12,2063.07,2045.67,2031.11,2021.20,2021.95,2023.19,2010.05,1999.27,1998.27,1999.17,2005.03,2008.35,2007.53,1999.21,1985.52,1973.17,1957.39,1939.02,1921.45,1903.51,1886.77,1869.91,1852.75,1838.21,1830.54,1826.57,1819.11,1804.00,1785.57,1761.90,1742.74,1723.96,1703.28,1681.84,1667.77,1657.44,1650.05,1643.00,1632.80,1617.55,1599.94,1575.49,1554.88,1532.97,1514.35,1506.17,1504.63,1502.93,1504.53,1495.44,1486.43,1468.08,1444.81,1419.70,1399.92,1400.41,1389.75,1377.41,1361.99,1339.56,1311.66,1297.10,1288.44,1278.78,1268.26,1251.50,1228.82,1198.16,1173.24,1162.82,1154.28,1152.16,1145.22,1137.14,1140.34,1152.40,1173.03,1203.31,1230.40,1259.61,1280.89,1308.52,1333.29,1363.48,1368.14,1346.87,1324.45,1309.63,1300.66,1288.49,1270.83,1258.62,1253.47,1239.60,1240.59,1251.90,1257.03,1247.59,1229.06,1207.57,1208.09,1217.38,1225.67,1235.97,1245.67,1255.76,1272.69,1296.21,1319.38,1345.69,1369.08,1390.52,1407.10,1409.36,1416.37,1437.39,1450.59,1465.56,1469.53,1449.59,1426.68,1409.28,1424.12,1450.31,1472.11,1496.82,1512.75,1509.60,1505.14,1507.02,1503.46,1517.13,1517.88,1506.48,1491.34,1477.32,1461.88,1454.09,1441.51,1428.33,1444.59,1467.25,1498.27,1537.23,1578.02,1611.26,1639.78,1656.83,1675.11,1694.07,1707.58,1718.80,1726.85,1730.65,1726.37,1707.77,1687.38,1669.34,1655.65,1650.03,1643.11,1634.28,1644.86,1652.14,1643.94,1641.33,1656.38,1672.70,1685.45,1700.93,1711.51,1720.01,1732.09,1747.86,1757.64,1766.78,1773.55,1763.02,1744.88,1724.16,1707.59,1679.59,1648.93,1623.39,1603.44,1603.27,1609.83,1610.56,1607.11,1602.27,1594.84,1587.80,1587.93,1590.26,1588.07,1588.94,1598.27,1600.59,1592.04,1573.87,1556.86,1533.94,1529.09,1546.35,1555.29,1560.14,1557.29,1540.07
