1080.86,1080.02,1070.99,1058.60,1050.13,1047.02,1040.85,1031.61,1021.91,1014.49,1006.55,996.81,988.06,981.22,976.38,973.49,971.97,973.62,977.05,977.67,971.51,972.88,972.63,965.92,961.45,953.01,945.59,941.17,938.93,936.27,929.84,920.17,913.91,908.76,904.17,899.37,895.87,892.68,887.25,880.48,878.42,876.74,874.91,874.06,873.70,874.46,875.09,875.39,875.70,876.03,876.34,876.65,877.06,877.52,877.91,878.39,878.89,879.37,879.81,879.78,879.43,879.52,880.30,881.09,881.93,882.75,883.32,883.64,883.90,884.40,885.08,885.55,885.88,886.23,886.60,886.93,887.45,888.73,890.05,890.90,891.80,892.73,893.65,894.49,894.41,894.37,894.62,894.17,894.05,894.17,895.55,899.02,905.30,913.90,919.44,921.70,924.52,928.09,930.52,931.02,930.85,930.56,930.90,932.13,933.67,935.42,937.73,940.20,941.55,941.76,941.80,941.25,941.98,942.86,943.80,944.75,946.13,947.06,948.40,948.68,946.32,941.17,938.70,938.44,936.55,936.09,937.42,938.23,938.58,939.56,941.15,941.23,940.78,941.19,943.80,945.88,947.06,947.60,947.38,948.77,953.15,955.09,956.46,958.31,959.22,960.09,962.59,965.86,968.89,970.19,970.33,970.55,970.95,970.75,971.56,973.71,976.52,978.44,979.64,980.16,980.42,980.66,981.22,981.15,980.74,981.18,982.81,984.53,985.30,985.22,985.04,984.89,984.56,982.74,981.14,980.26,979.05,977.33,976.47,976.78,976.64,977.05,978.20,979.24,979.75,979.59,980.89,983.12,983.94,984.44,986.31,988.98,990.03,988.39,985.75,986.14,987.71,988.15,990.56,996.53,1000.91,1003.53,1004.92,1005.59,1006.51,1008.43,1007.82,1007.40,1007.40,1006.51,1004.98,1004.07,1004.24,1004.84,1005.19,1006.75,1010.03,1012.02,1015.28,1017.96,1018.86,1020.20,1021.75,1024.15,1026.48,1027.70,1027.30,1024.69,1023.64,1024.12,1024.80,1026.88,1028.44,1029.18,1029.15,1037.64,1044.05,1045.43,1046.36,1045.99,1048.90,1051.26,1052.04,1053.06,1053.83,1051.96,1050.67,1054.59,1061.35,1066.14,1069.36,1072.65,1075.70,1077.97,1081.48,1085.21
1083.50,1083.96,1077.64,1067.03,1059.24,1052.64,1043.96,1035.61,1026.85,1016.93,1007.77,996.78,986.53,979.44,973.63,970.32,968.62,968.67,970.76,970.80,963.96,962.43,964.22,959.70,956.64,954.64,948.11,939.50,935.10,931.71,927.99,921.00,916.42,913.41,910.77,902.69,896.58,892.34,886.44,879.86,877.09,876.33,874.68,873.39,873.21,874.07,874.91,875.30,875.53,875.79,876.09,876.55,877.28,877.84,877.95,878.35,878.83,879.30,879.47,879.25,879.22,879.62,880.33,881.28,881.88,882.22,882.49,882.95,883.75,884.61,884.76,884.94,885.25,885.60,885.95,886.31,886.72,887.89,889.60,890.57,891.38,892.08,892.64,893.08,893.58,892.25,893.06,895.61,899.07,902.92,907.69,913.90,919.37,921.26,922.02,923.02,924.93,928.08,930.63,931.99,932.65,932.70,932.66,932.47,933.16,934.77,937.14,939.46,940.14,940.50,941.29,941.55,941.76,942.23,942.82,943.27,943.87,944.11,945.41,946.66,946.39,945.52,944.05,941.81,939.39,937.84,938.37,938.29,938.28,938.79,939.42,939.58,939.60,940.02,941.81,942.94,944.07,944.69,946.19,950.06,958.22,959.63,959.14,959.19,961.08,961.74,964.25,967.26,968.46,968.51,968.01,968.35,969.40,969.27,970.34,972.97,975.88,977.86,978.66,979.20,979.96,980.72,981.55,982.33,982.56,983.03,983.81,985.33,986.30,987.03,987.24,987.25,988.24,988.66,987.51,986.86,985.43,982.99,980.97,979.76,979.01,979.14,980.12,981.30,982.64,982.69,982.97,985.74,987.27,987.69,988.09,990.16,991.69,991.20,989.56,988.73,989.34,989.14,987.93,988.46,991.08,993.69,995.53,997.75,1001.93,1004.09,1003.25,1002.92,1003.12,1000.45,997.46,998.79,999.55,999.80,1000.12,1001.15,1003.07,1004.41,1005.98,1008.76,1011.31,1013.19,1015.34,1017.21,1018.66,1019.25,1019.08,1020.47,1027.65,1029.98,1028.47,1027.67,1028.12,1028.43,1032.51,1043.25,1048.67,1050.65,1051.85,1051.60,1051.61,1053.60,1055.48,1056.87,1057.97,1057.82,1060.84,1065.07,1068.63,1072.02,1076.57,1078.78,1080.26,1081.71,1082.78,1086.51
1080.24,1083.40,1080.69,1074.03,1068.61,1059.75,1049.34,1040.96,1029.56,1017.34,1006.52,994.03,983.13,976.48,970.81,967.45,965.64,965.38,966.17,964.08,955.99,950.63,951.12,948.69,948.06,950.44,948.32,939.28,934.65,930.55,927.73,926.57,923.53,922.02,918.33,909.50,899.36,893.79,887.85,881.46,875.79,874.61,873.75,872.66,873.10,873.99,874.88,875.10,875.25,875.52,875.97,876.88,877.63,878.19,878.29,878.38,878.76,879.10,879.06,879.00,879.31,879.85,880.53,880.83,881.08,881.49,882.23,883.15,884.05,884.74,884.38,884.44,884.67,884.99,885.35,885.70,886.08,886.73,888.10,888.90,889.49,889.79,889.71,889.81,891.76,895.57,901.53,908.43,913.67,917.42,919.78,921.00,922.04,923.13,924.06,924.44,925.30,928.11,930.61,932.08,933.45,934.47,934.59,934.09,933.65,934.24,935.75,937.46,938.59,939.52,940.89,941.43,940.90,941.10,941.19,941.24,941.00,940.88,941.89,943.09,943.31,943.62,943.05,941.69,940.32,939.82,940.25,939.71,939.32,938.94,938.95,939.15,939.50,940.66,944.67,946.68,947.06,946.00,946.14,949.62,958.80,961.23,961.61,962.00,963.57,964.81,965.96,966.34,966.27,965.61,965.04,966.40,968.00,969.18,970.81,973.35,975.63,976.56,976.91,977.37,978.21,979.74,980.97,982.30,983.40,984.34,985.19,986.14,987.08,987.93,988.73,989.31,990.00,990.42,990.43,990.42,989.98,988.81,987.37,985.24,982.83,981.89,982.15,983.26,984.82,986.67,986.05,988.35,990.28,990.91,990.76,991.31,992.83,992.94,991.82,991.31,992.01,992.41,991.14,989.33,988.62,989.21,989.70,990.15,994.80,999.04,998.80,998.62,999.00,996.70,999.24,1003.46,1004.80,1005.17,1005.27,1005.81,1006.48,1007.08,1007.97,1008.22,1008.29,1009.21,1011.03,1013.01,1014.41,1016.33,1018.85,1026.45,1031.55,1032.42,1032.03,1032.56,1033.52,1037.31,1042.86,1048.84,1051.24,1052.16,1053.21,1053.42,1053.23,1054.55,1057.56,1060.23,1062.41,1064.40,1070.19,1072.77,1074.82,1077.64,1080.58,1081.93,1082.83,1083.79,1084.75,1085.78
1073.99,1080.26,1081.43,1077.50,1070.47,1061.55,1051.66,1040.09,1024.96,1013.10,1002.76,990.30,982.67,976.38,970.65,965.24,962.56,961.80,961.56,956.41,947.47,942.43,941.71,940.12,940.55,944.54,943.89,938.46,935.37,933.91,933.72,933.96,933.06,931.39,926.48,917.43,906.68,898.33,891.35,883.09,875.87,873.00,872.12,872.08,872.72,873.48,874.53,874.97,875.04,875.30,876.29,877.29,878.01,878.54,878.68,878.71,878.77,879.01,879.04,879.00,879.39,879.72,879.92,879.92,880.81,881.67,882.54,883.44,884.29,884.75,884.15,883.95,884.22,884.47,884.79,885.54,886.39,887.30,888.02,889.01,891.42,893.78,893.58,895.95,901.49,907.29,914.41,918.88,920.60,921.32,921.88,922.28,923.27,924.71,925.99,926.35,927.32,929.56,931.22,932.50,933.80,934.92,935.18,935.14,934.92,934.76,935.97,937.35,938.55,939.67,940.83,940.66,939.94,939.76,939.62,939.46,939.30,939.12,939.53,940.67,941.62,942.07,941.69,940.68,940.77,941.07,941.87,941.97,941.03,939.88,939.44,939.35,939.57,941.46,948.48,950.42,950.36,949.14,947.53,947.72,951.51,959.22,961.16,961.89,962.52,962.72,963.27,964.11,964.11,963.61,963.98,967.71,970.10,970.98,972.46,974.04,974.51,974.69,975.05,975.90,977.39,978.76,980.17,981.37,982.44,983.52,984.61,985.66,986.66,987.77,988.85,989.81,990.26,990.63,991.10,991.43,991.21,991.06,990.77,989.65,987.21,985.30,985.11,985.37,987.23,988.93,989.78,989.97,991.53,992.79,992.90,993.19,994.16,994.62,993.72,993.03,993.84,995.11,995.50,996.20,995.81,995.79,997.89,995.86,994.87,995.12,994.33,994.58,994.99,996.77,1002.84,1008.00,1009.62,1010.03,1010.07,1010.22,1010.23,1010.34,1011.32,1012.12,1011.70,1010.62,1011.37,1012.40,1014.30,1017.56,1023.38,1031.03,1032.82,1034.37,1034.97,1035.94,1037.70,1041.12,1045.21,1049.39,1052.09,1053.66,1054.63,1055.17,1055.05,1055.81,1057.85,1061.74,1067.15,1069.51,1071.48,1074.36,1076.96,1078.77,1080.04,1081.81,1084.11,1085.84,1086.94,1087.63
1062.35,1066.33,1073.08,1075.08,1066.99,1056.52,1047.07,1036.78,1024.80,1016.67,1006.56,994.35,984.93,976.57,970.42,963.17,959.05,957.74,955.21,948.13,941.22,937.82,936.81,935.86,938.35,942.19,942.72,940.47,940.06,940.44,940.91,940.69,939.80,937.34,930.72,921.95,912.81,903.19,894.00,884.91,876.83,872.69,871.15,871.52,872.15,872.85,873.76,874.38,874.85,875.57,876.71,877.72,878.44,878.90,879.08,879.09,879.15,879.22,878.77,878.97,879.18,879.25,879.10,879.74,881.11,882.00,882.54,882.84,883.59,884.34,883.60,883.23,883.63,884.26,885.80,887.80,888.47,890.08,896.81,905.78,913.62,917.05,917.07,916.04,916.95,919.01,920.87,921.79,922.32,922.88,923.47,923.73,924.30,925.89,927.52,928.40,929.11,930.92,932.60,934.00,934.85,935.12,935.30,935.43,935.52,935.63,936.56,937.03,938.12,939.96,940.61,939.99,938.96,938.59,938.46,938.36,938.32,938.29,938.88,939.89,940.85,941.34,940.86,941.28,941.66,941.97,942.50,943.86,943.44,941.98,940.78,939.86,939.70,940.76,945.89,949.45,950.93,951.66,950.31,948.76,948.94,952.33,957.90,958.69,959.25,959.89,961.47,962.17,962.17,961.81,962.87,966.98,970.21,971.30,971.79,972.16,972.44,973.06,974.48,976.35,978.38,979.99,980.51,981.02,981.78,982.65,983.64,984.61,985.59,986.59,987.68,988.60,989.43,990.21,991.13,992.14,992.43,992.33,991.93,991.14,989.98,988.82,988.43,987.61,988.96,991.49,992.28,991.52,992.23,993.63,994.68,995.21,995.95,996.32,995.61,994.83,995.86,997.71,999.28,1003.80,1006.64,1006.86,1008.17,1007.90,1007.05,1005.21,1001.64,998.50,998.90,1003.46,1009.23,1010.70,1011.25,1011.56,1011.75,1012.73,1013.27,1013.14,1014.45,1016.31,1017.85,1017.75,1017.05,1015.69,1015.03,1018.03,1025.12,1030.24,1032.06,1034.39,1036.98,1038.86,1040.11,1042.31,1045.42,1048.91,1051.80,1054.32,1055.93,1056.77,1056.89,1057.85,1058.64,1062.50,1069.66,1072.08,1073.56,1075.23,1076.32,1077.18,1078.53,1080.47,1083.04,1085.70,1088.20,1089.84
1054.49,1056.60,1060.91,1068.40,1064.60,1057.00,1051.45,1044.30,1034.46,1024.39,1012.75,997.81,984.52,974.12,966.92,960.99,956.30,952.79,948.87,942.81,938.00,934.95,933.11,932.22,936.79,942.25,944.21,946.44,949.26,950.34,950.10,947.53,946.28,942.47,934.21,924.57,915.61,904.74,893.67,885.42,877.63,872.18,870.67,870.97,871.56,872.27,873.04,873.74,875.11,876.24,877.22,878.15,878.88,879.33,879.47,879.48,879.42,878.96,878.67,878.79,878.80,878.75,878.94,879.62,880.97,881.37,881.05,881.28,881.88,883.24,884.88,888.15,892.20,892.95,893.84,895.45,897.54,899.30,904.88,908.75,914.20,920.52,920.84,920.85,921.18,921.78,922.63,923.28,923.78,924.37,924.91,925.27,926.04,927.54,928.86,929.98,930.83,931.85,932.62,933.07,934.20,934.89,934.91,935.16,935.44,935.70,935.50,934.77,935.59,939.51,940.22,939.50,938.36,937.49,937.32,937.23,937.30,937.68,938.71,939.83,940.84,941.03,941.46,941.95,942.36,942.73,943.16,944.58,946.01,945.38,944.21,942.18,940.17,940.15,942.27,946.24,948.52,950.69,952.63,951.49,949.86,950.92,954.50,955.97,957.25,958.63,959.73,960.05,960.21,960.31,961.16,964.25,967.26,968.85,969.11,969.82,971.20,972.90,974.67,976.38,978.22,980.61,981.63,981.90,982.36,982.99,983.84,984.70,985.39,986.08,986.87,987.95,988.75,989.88,991.00,992.07,993.13,993.72,993.61,992.90,992.28,992.50,991.77,990.40,990.22,993.44,994.16,993.30,993.48,994.36,995.73,996.81,997.42,997.88,997.44,996.60,997.14,999.50,1003.25,1008.21,1010.41,1010.69,1010.89,1011.07,1010.89,1010.67,1010.22,1009.73,1009.74,1010.66,1011.59,1012.04,1012.46,1012.93,1013.86,1015.10,1016.25,1016.21,1018.02,1019.71,1021.38,1023.01,1023.23,1021.86,1019.67,1018.84,1020.14,1023.96,1029.42,1033.26,1036.54,1039.63,1040.59,1042.33,1045.58,1049.01,1052.01,1054.62,1056.98,1058.20,1058.63,1059.81,1061.94,1066.64,1070.65,1071.84,1072.55,1073.39,1074.36,1075.70,1077.42,1079.29,1081.83,1084.50,1087.26,1089.54
1048.62,1051.70,1055.46,1060.68,1064.07,1061.56,1057.30,1050.55,1040.35,1025.33,1012.74,998.18,984.14,973.27,966.29,961.11,956.87,952.51,948.33,943.56,938.74,934.27,930.46,929.13,930.49,939.00,943.97,949.95,958.22,961.60,960.14,956.00,951.20,944.63,935.87,926.20,916.39,904.30,892.29,884.66,877.52,871.72,870.10,870.50,871.15,871.87,872.67,873.57,874.54,875.84,877.29,878.60,879.46,880.89,880.51,879.67,879.38,879.19,879.08,878.85,878.71,879.00,879.43,880.03,880.54,880.25,879.91,881.13,885.13,889.43,896.08,900.10,900.76,900.86,900.87,900.87,900.95,901.30,903.17,905.76,911.16,920.31,921.10,921.51,921.87,922.03,922.05,922.15,922.77,924.52,925.58,926.22,926.68,926.69,927.19,928.66,929.38,928.73,928.37,928.47,929.53,930.60,931.37,932.65,933.70,934.22,933.40,932.41,932.90,936.47,938.66,938.29,937.35,936.43,936.21,936.37,936.83,937.48,938.60,939.77,940.65,940.91,941.25,941.70,942.18,942.80,943.76,944.96,946.93,948.36,948.08,946.74,943.57,941.71,942.11,943.57,945.47,947.64,950.10,953.12,953.38,953.08,953.23,954.29,955.89,956.98,957.96,959.25,960.18,960.74,962.77,964.13,964.60,965.51,967.15,969.12,971.11,972.95,975.07,976.79,977.96,980.50,982.28,983.16,983.33,983.81,984.87,985.95,986.78,987.39,988.30,989.64,989.97,989.78,990.76,992.00,993.32,994.60,995.25,994.81,994.98,995.49,995.45,994.08,992.32,995.47,996.08,995.14,995.29,995.54,996.61,997.83,998.74,999.34,999.29,998.45,998.24,1000.08,1004.60,1009.28,1010.73,1011.43,1011.88,1012.27,1012.28,1012.14,1012.03,1012.02,1012.30,1012.58,1013.06,1013.52,1014.06,1014.42,1015.73,1017.37,1018.84,1019.11,1020.87,1022.42,1023.47,1024.60,1027.40,1028.87,1027.06,1024.91,1022.89,1023.30,1027.63,1036.70,1039.47,1040.29,1040.85,1041.92,1044.49,1047.69,1051.24,1054.09,1057.46,1059.84,1061.09,1061.88,1063.49,1067.14,1069.27,1069.86,1070.33,1071.67,1073.42,1075.22,1077.14,1079.09,1081.37,1083.66,1086.12,1088.83
1042.68,1047.08,1051.94,1056.54,1060.40,1060.06,1053.31,1045.86,1035.12,1020.87,1009.37,996.52,982.40,970.92,964.69,959.69,955.96,951.92,948.03,943.45,939.10,935.17,931.11,927.51,927.69,933.16,939.25,946.07,955.74,963.25,962.32,957.26,949.89,941.41,931.25,923.05,915.38,903.87,891.19,884.30,877.75,871.26,869.83,870.51,871.24,871.90,872.61,873.67,874.80,876.14,877.69,879.08,883.58,890.83,886.58,879.76,879.36,878.96,878.52,878.13,878.17,878.38,878.62,879.33,879.32,879.14,879.74,883.99,893.37,899.63,900.99,901.56,901.84,901.90,901.90,901.90,901.95,902.10,903.60,905.93,908.82,919.05,920.54,920.72,920.71,920.24,919.68,919.88,920.58,921.60,923.88,924.30,923.32,922.29,921.50,921.45,921.09,920.49,920.29,920.85,924.15,925.56,926.58,927.99,929.00,929.57,929.64,929.65,929.93,932.54,935.08,935.73,935.97,935.41,935.76,936.82,937.60,938.03,938.38,939.38,940.15,940.45,940.93,941.60,942.42,943.38,944.87,945.69,947.07,949.20,950.29,950.20,948.14,944.36,944.05,944.77,946.19,946.61,947.75,950.50,954.43,955.95,955.69,955.93,956.07,956.85,958.77,961.32,964.11,966.44,969.23,969.48,968.17,966.35,967.58,970.60,972.94,975.11,977.50,979.70,979.63,980.41,982.27,984.03,984.74,984.84,985.71,987.00,988.08,988.91,990.06,991.04,991.00,990.69,991.08,992.28,993.60,994.92,996.19,996.99,997.62,998.12,999.01,997.85,994.79,997.97,997.99,996.95,997.22,997.25,997.59,998.75,999.85,1001.07,1001.70,1000.68,1000.12,1000.88,1004.48,1008.82,1010.44,1011.11,1011.98,1013.08,1013.69,1013.62,1013.50,1013.62,1013.95,1014.28,1014.70,1015.35,1016.02,1015.83,1016.40,1018.34,1020.35,1021.90,1022.76,1024.16,1025.73,1026.58,1027.89,1032.39,1032.33,1031.22,1030.30,1030.29,1031.17,1037.09,1040.21,1040.50,1040.90,1041.57,1042.70,1044.40,1047.97,1054.98,1060.57,1063.89,1065.88,1065.94,1065.20,1065.83,1067.46,1068.72,1070.35,1072.27,1074.21,1076.03,1077.90,1079.88,1081.86,1083.98,1086.89,1089.77
1037.97,1043.13,1047.92,1052.17,1054.78,1052.27,1045.46,1037.30,1025.95,1014.18,1002.14,991.14,981.84,972.08,965.14,959.40,955.34,951.09,946.42,941.51,938.11,934.22,930.55,927.28,924.61,927.25,932.80,938.72,947.05,952.55,954.29,951.06,944.25,936.14,926.33,917.90,911.71,900.70,889.09,883.46,876.39,869.84,869.99,870.63,871.48,872.11,872.75,873.66,874.85,876.65,878.59,882.33,892.43,893.92,885.12,879.32,878.72,878.31,877.97,877.60,877.23,877.15,877.40,877.75,878.60,879.80,884.19,892.97,899.56,901.03,901.80,902.59,902.97,903.00,903.00,903.00,903.00,903.04,903.77,906.08,908.75,914.15,915.79,915.89,915.38,914.14,915.04,915.97,916.51,916.85,917.96,918.43,918.33,918.00,917.70,917.75,918.13,918.52,918.96,919.74,921.17,923.17,924.18,924.99,925.75,926.65,927.37,928.20,928.96,930.29,931.76,933.02,934.25,935.13,936.29,937.46,938.51,939.12,939.29,939.28,939.60,940.36,941.25,942.16,943.05,944.32,946.05,946.94,947.22,949.06,950.56,950.94,949.53,946.81,946.81,946.57,948.49,949.26,948.17,949.23,952.13,955.43,957.75,957.94,957.78,958.07,959.79,962.16,965.30,968.96,971.19,971.70,970.84,969.15,968.00,970.15,972.96,975.99,979.02,980.77,981.09,981.34,982.68,984.43,985.92,986.26,986.27,987.26,988.93,990.10,991.06,992.01,992.11,991.95,991.95,992.69,993.89,995.20,996.53,997.85,998.94,999.87,1000.71,1000.01,997.02,1000.17,999.75,998.73,999.15,999.16,998.98,999.84,1000.87,1002.29,1003.94,1003.99,1003.67,1003.64,1004.16,1006.59,1009.09,1010.43,1011.48,1012.92,1014.45,1015.05,1015.00,1015.27,1015.61,1015.98,1016.50,1017.34,1017.92,1017.38,1017.89,1019.98,1022.00,1023.88,1025.03,1025.90,1027.53,1029.11,1029.79,1034.95,1036.61,1036.22,1036.08,1037.03,1037.94,1036.55,1038.69,1039.91,1040.74,1042.29,1044.57,1044.77,1046.81,1052.80,1061.89,1067.04,1069.74,1069.44,1068.00,1066.99,1068.47,1069.66,1071.40,1073.25,1075.13,1076.92,1078.70,1080.40,1082.13,1084.44,1087.27,1089.32
1032.66,1037.39,1041.53,1044.91,1045.83,1043.37,1037.05,1027.25,1016.76,1006.63,994.92,986.31,980.68,973.28,967.27,964.23,961.14,955.76,949.13,941.24,935.84,933.38,930.40,926.59,923.11,920.85,922.11,928.22,935.30,940.47,942.52,940.68,936.63,931.73,924.65,915.79,906.81,896.03,886.96,881.88,873.83,868.95,869.77,870.69,871.72,872.36,873.17,873.88,874.29,875.60,881.40,890.91,894.14,889.45,880.31,878.39,877.97,877.47,877.00,876.71,876.44,876.19,877.28,879.04,880.65,882.60,887.01,892.56,899.13,900.83,901.64,902.67,903.79,904.04,904.04,904.04,904.04,904.12,904.19,904.76,907.04,909.25,908.96,908.83,909.20,909.73,911.02,912.49,913.12,913.70,914.46,915.05,915.60,916.27,917.04,917.99,918.66,919.21,919.50,919.96,922.60,926.87,928.35,928.53,928.22,928.19,928.75,929.63,929.98,930.74,932.01,933.45,934.84,936.20,937.17,938.09,939.19,940.14,940.84,940.55,940.08,940.61,941.78,942.78,943.81,945.49,947.25,948.26,947.94,949.22,950.79,951.80,951.08,949.59,949.67,949.18,949.93,951.08,949.80,949.72,952.18,955.27,957.94,959.29,959.53,959.73,961.22,963.04,965.96,969.13,971.36,973.10,972.72,971.72,969.98,969.71,971.78,974.80,978.46,980.69,982.11,983.16,984.04,985.28,986.68,987.62,987.84,987.77,988.66,989.98,990.90,992.30,993.27,993.25,993.10,993.37,994.33,995.60,996.86,998.22,999.47,1000.68,1001.65,1000.81,998.55,1000.21,1001.30,1000.54,1001.12,1000.98,1000.57,1000.88,1001.85,1003.16,1005.25,1007.11,1007.33,1007.46,1007.47,1007.06,1008.08,1009.63,1011.15,1012.79,1014.42,1015.91,1016.58,1016.97,1017.37,1017.76,1018.42,1018.96,1019.56,1019.27,1020.41,1021.44,1023.28,1025.46,1027.16,1028.22,1029.85,1032.66,1035.34,1038.82,1040.83,1040.65,1040.64,1041.92,1044.17,1045.82,1045.63,1045.32,1048.22,1049.20,1048.84,1047.52,1046.40,1048.78,1055.52,1064.10,1069.38,1070.46,1069.56,1068.73,1070.13,1071.29,1072.56,1074.25,1076.05,1077.82,1079.58,1080.99,1082.43,1084.54,1086.48,1088.01
1027.15,1030.57,1033.04,1033.58,1033.67,1031.61,1026.49,1019.01,1008.78,999.35,991.59,984.51,978.83,974.69,973.19,973.56,972.42,964.51,953.50,943.02,932.49,930.15,928.60,924.89,921.93,919.52,915.79,916.74,919.26,921.34,922.46,923.78,925.04,922.58,919.29,915.31,906.55,894.91,885.52,879.06,870.81,868.44,869.60,870.81,871.93,872.67,873.69,874.45,875.23,880.84,890.42,893.19,889.69,881.61,878.52,877.44,876.69,876.49,876.12,875.67,875.34,876.22,881.05,885.41,887.06,887.72,887.48,889.49,896.93,900.28,901.27,902.43,903.94,905.03,905.16,905.16,905.16,905.35,905.81,905.71,905.89,906.87,907.67,908.57,908.99,909.48,911.95,915.93,916.93,916.74,916.94,917.39,918.05,919.01,919.74,920.44,920.96,921.31,921.75,922.28,924.20,928.43,930.50,930.73,930.67,930.73,930.98,931.48,931.72,932.26,933.16,934.57,935.97,937.41,938.70,939.26,940.03,941.23,942.06,941.78,941.63,942.01,942.65,943.50,944.82,946.57,948.35,949.66,949.67,949.84,950.68,952.47,952.79,951.66,951.70,951.56,952.05,952.83,951.44,950.84,952.27,955.14,957.71,959.85,961.30,962.54,963.90,965.07,966.49,968.86,971.36,973.65,974.98,974.41,972.74,971.81,972.42,973.96,976.24,978.75,980.90,982.80,984.26,985.62,987.09,988.25,989.23,989.69,989.72,989.89,990.91,992.37,993.79,994.49,994.35,994.35,994.97,996.28,997.42,998.49,999.90,1001.42,1002.60,1001.64,1000.05,999.71,1002.07,1002.50,1002.56,1002.60,1002.10,1001.86,1002.74,1004.07,1006.32,1008.81,1010.02,1010.37,1010.58,1010.33,1010.30,1010.36,1011.23,1012.68,1014.31,1015.91,1017.47,1018.35,1018.91,1019.52,1020.30,1020.51,1020.64,1020.68,1021.57,1022.63,1024.30,1026.58,1028.83,1031.62,1034.36,1037.14,1039.84,1041.70,1043.17,1043.83,1043.87,1045.65,1049.17,1051.16,1051.83,1051.76,1052.25,1052.83,1052.46,1050.65,1047.61,1048.02,1050.22,1058.53,1066.46,1069.95,1070.70,1070.58,1071.42,1072.85,1074.04,1075.59,1077.21,1078.86,1080.56,1082.02,1083.57,1084.86,1086.00,1087.19
1023.95,1022.83,1023.85,1024.47,1024.27,1022.22,1018.05,1011.63,1002.80,995.92,989.44,984.01,980.64,980.01,981.41,982.05,978.41,968.66,955.33,944.22,933.58,928.17,925.89,923.28,920.75,917.50,913.25,910.74,909.92,908.40,909.72,911.68,912.17,912.07,910.93,909.79,902.93,890.68,882.27,873.95,868.91,868.06,869.36,870.79,872.12,873.14,874.36,877.74,883.66,890.86,893.21,889.26,881.58,878.27,877.09,876.17,875.46,875.11,874.97,874.67,874.77,879.99,889.26,895.98,895.81,895.60,895.40,890.08,893.96,899.17,900.91,902.34,903.86,905.37,906.23,906.28,906.28,906.28,906.99,907.82,907.97,909.16,911.11,913.60,915.23,917.63,918.93,920.01,920.28,920.15,920.32,920.52,920.89,921.60,922.22,922.92,923.54,923.99,924.69,925.27,926.53,928.54,930.71,931.54,932.02,932.48,932.88,933.32,933.46,933.91,934.54,935.67,937.10,938.54,939.78,940.60,941.16,942.29,943.33,943.61,943.67,944.03,944.56,945.15,946.04,946.86,948.30,950.43,951.75,951.96,951.77,953.28,954.49,953.94,953.86,953.82,954.23,954.52,953.64,953.01,952.85,954.81,957.18,959.19,960.53,962.53,965.07,967.32,968.52,969.88,971.72,974.04,975.96,976.85,976.06,975.34,975.50,976.03,977.35,979.40,980.11,981.55,983.15,984.71,986.53,988.18,989.55,990.83,990.97,991.12,991.43,992.47,993.91,995.22,995.63,995.52,995.76,996.65,998.18,999.25,1000.28,1001.95,1003.47,1002.71,1001.24,1000.50,1002.03,1003.77,1004.09,1004.14,1003.61,1003.07,1003.84,1005.40,1006.32,1008.41,1010.36,1011.21,1012.21,1012.33,1012.02,1011.85,1012.20,1013.00,1014.26,1015.81,1017.48,1019.00,1019.83,1021.32,1021.89,1021.96,1021.76,1021.77,1022.73,1023.78,1025.31,1027.89,1030.75,1034.63,1038.66,1040.94,1042.47,1044.03,1045.37,1046.42,1047.43,1048.45,1050.37,1052.01,1053.39,1053.60,1054.20,1054.86,1055.14,1053.15,1049.95,1048.65,1050.88,1054.62,1063.05,1067.79,1071.13,1072.26,1073.02,1074.21,1075.51,1076.96,1078.59,1080.27,1082.02,1083.66,1085.34,1086.83,1087.64,1088.22
1025.92,1020.62,1017.15,1016.76,1017.30,1015.98,1011.99,1005.64,999.62,994.10,989.61,987.35,986.87,988.33,991.74,988.77,978.11,965.99,952.84,943.45,935.57,930.63,927.36,924.36,921.75,918.10,914.15,910.51,907.98,905.77,904.43,903.15,901.14,899.93,899.33,898.47,893.43,884.55,876.82,870.13,867.94,867.66,868.85,870.02,871.86,873.74,877.19,885.99,891.89,893.50,889.92,881.54,878.20,876.58,875.13,874.53,874.01,873.64,873.55,873.98,879.33,888.38,897.06,900.49,900.52,900.45,900.14,895.28,894.50,898.11,900.80,902.36,903.90,905.40,906.87,907.41,907.42,907.39,907.57,908.75,910.77,914.51,918.22,919.83,920.32,920.63,920.86,921.22,921.45,921.50,921.98,922.28,922.92,923.84,924.62,925.44,926.06,926.61,927.29,928.00,928.90,929.67,930.44,930.86,931.39,932.28,933.28,934.30,935.00,935.53,936.15,936.89,938.14,939.18,940.01,941.31,942.29,943.30,944.30,945.22,945.69,946.08,946.68,947.20,948.12,948.91,948.90,950.60,952.31,953.58,953.45,954.20,955.84,956.20,956.08,956.10,956.29,956.45,955.76,955.00,954.36,954.69,956.53,957.96,959.02,959.99,962.75,967.33,970.19,971.37,972.69,974.50,976.42,977.87,978.88,978.86,978.91,978.96,979.75,981.27,981.60,981.91,983.27,985.37,986.89,987.97,989.42,991.25,992.18,992.49,992.69,992.92,994.00,995.38,996.61,996.77,996.83,997.24,998.36,1000.26,1001.48,1002.80,1004.39,1003.96,1002.52,1001.62,1002.17,1003.92,1005.33,1005.61,1005.16,1004.49,1004.83,1006.81,1008.20,1008.56,1009.52,1010.90,1012.65,1013.89,1013.75,1013.49,1013.51,1014.39,1015.41,1015.99,1017.37,1019.10,1020.64,1022.66,1023.13,1023.46,1023.18,1023.33,1024.64,1025.58,1027.63,1031.53,1033.71,1036.31,1039.96,1041.86,1043.58,1045.27,1046.99,1048.32,1049.55,1050.77,1051.95,1053.19,1054.64,1055.46,1056.09,1056.64,1057.33,1056.31,1052.20,1048.95,1053.43,1057.99,1058.74,1064.56,1071.22,1073.35,1074.62,1075.71,1076.80,1077.97,1079.54,1081.38,1083.33,1085.19,1087.08,1088.78,1089.49,1090.35
1029.23,1024.41,1018.88,1011.62,1011.69,1011.28,1008.68,1004.07,999.06,994.27,995.06,995.15,997.19,998.06,997.62,987.97,975.46,963.55,951.89,944.32,937.92,933.35,929.39,926.74,926.90,922.05,916.56,912.80,909.28,906.00,902.57,899.03,896.00,893.13,890.39,888.96,885.35,879.04,873.22,869.08,867.42,867.14,868.28,869.63,871.58,873.88,880.48,891.05,893.35,889.86,881.69,878.31,876.56,874.85,873.31,872.40,872.11,872.14,873.68,881.51,893.57,899.08,900.80,901.36,901.70,901.46,900.78,898.61,897.75,900.36,901.75,902.84,904.09,905.55,907.07,908.29,908.53,908.51,908.50,909.12,911.76,916.96,920.02,920.32,920.58,921.00,921.49,921.96,922.42,922.77,923.32,923.90,924.45,924.91,925.13,925.37,925.80,926.38,926.97,927.41,927.86,928.20,928.76,929.30,929.87,930.70,931.88,933.26,934.40,935.26,936.16,937.04,938.05,939.00,939.87,941.06,942.05,943.06,944.09,945.25,946.53,947.69,948.62,949.38,949.83,950.60,950.46,951.38,952.91,954.51,955.23,955.46,956.79,957.98,958.02,958.10,958.16,958.02,957.45,956.71,956.25,956.08,956.54,957.78,958.72,959.22,961.92,966.06,969.75,971.81,973.42,975.03,976.79,978.33,979.82,980.89,981.46,981.31,981.05,981.72,983.05,983.45,984.11,986.43,988.93,989.73,989.97,991.16,992.53,993.61,994.06,994.18,994.42,995.53,996.95,997.92,997.93,998.28,998.85,1000.78,1002.93,1004.00,1005.30,1005.11,1003.79,1002.90,1002.87,1003.94,1005.64,1006.90,1006.77,1005.98,1005.56,1007.32,1009.49,1010.83,1010.84,1011.08,1012.79,1014.57,1015.37,1015.21,1015.05,1016.09,1017.52,1017.86,1017.86,1019.39,1021.47,1023.91,1024.34,1025.29,1025.56,1026.03,1028.08,1030.06,1031.87,1034.41,1036.64,1038.77,1040.67,1041.56,1042.92,1044.66,1046.69,1048.72,1050.49,1052.00,1053.36,1054.59,1055.92,1056.98,1057.72,1058.36,1059.13,1058.89,1054.37,1050.06,1054.55,1061.76,1058.68,1059.66,1069.62,1072.55,1074.40,1076.58,1078.07,1079.13,1080.51,1082.33,1084.22,1086.01,1087.97,1090.55,1092.62,1093.86
1034.18,1025.40,1018.30,1011.76,1008.05,1006.47,1004.23,1001.37,997.96,998.00,1003.74,1007.79,1012.70,1012.16,1003.98,988.87,974.98,963.55,955.34,948.20,940.88,936.32,932.58,930.36,931.63,926.96,918.67,914.60,912.09,909.79,906.24,900.93,896.41,891.58,887.51,884.28,880.59,875.05,870.37,868.25,866.75,866.86,868.10,869.37,871.36,875.08,880.21,889.76,888.28,880.85,878.33,876.69,874.93,873.19,871.55,870.39,871.69,875.32,880.20,891.57,900.13,901.19,901.88,902.40,902.52,901.86,901.02,900.13,900.17,902.29,903.83,904.74,905.49,906.15,907.23,908.69,909.54,909.73,910.00,910.52,913.20,917.43,919.42,919.80,920.21,920.88,921.34,921.52,922.10,922.94,923.08,923.16,923.04,922.99,922.86,922.92,923.22,923.85,924.58,925.31,925.71,926.01,926.67,927.41,928.01,928.83,930.48,931.88,932.73,933.57,934.44,935.49,936.56,937.61,938.81,940.38,941.13,942.35,943.61,944.72,946.06,947.44,948.80,950.08,951.13,952.04,952.32,953.14,954.46,955.72,956.71,957.03,957.81,959.35,960.01,960.18,960.03,959.56,959.07,958.50,958.17,957.89,957.93,959.26,960.23,960.00,960.98,964.49,968.39,970.44,971.93,973.82,975.75,977.66,979.44,980.70,982.50,982.69,982.49,982.52,983.51,984.91,985.42,986.58,989.33,990.96,991.10,991.36,992.40,993.74,994.96,995.56,995.67,995.94,997.09,998.50,999.12,999.72,1000.48,1001.34,1003.58,1005.21,1006.35,1006.25,1005.01,1004.38,1004.44,1004.43,1005.81,1007.57,1008.28,1007.69,1006.81,1007.40,1009.27,1011.22,1012.83,1012.68,1013.08,1014.74,1016.43,1016.95,1016.77,1016.92,1018.96,1019.69,1019.64,1021.42,1023.64,1025.18,1025.72,1026.90,1027.84,1028.79,1030.59,1032.16,1033.74,1036.31,1039.23,1041.34,1042.54,1042.93,1043.51,1044.38,1045.90,1047.82,1049.58,1051.34,1053.19,1055.08,1056.87,1058.15,1059.07,1060.00,1060.92,1060.10,1057.79,1051.64,1056.05,1064.02,1062.91,1060.07,1063.79,1071.11,1073.85,1076.57,1078.71,1080.12,1081.54,1083.14,1084.99,1086.75,1088.47,1091.35,1093.78,1095.04
1037.54,1028.42,1020.74,1014.87,1010.51,1009.75,1008.63,1006.91,1004.42,1008.44,1012.95,1019.38,1024.13,1021.93,1007.46,992.23,978.36,967.33,959.23,952.05,946.71,941.55,937.52,935.43,934.44,928.36,920.86,918.16,921.28,920.97,915.33,906.81,899.14,892.56,887.44,883.41,878.64,871.97,868.64,867.08,865.94,866.70,867.93,869.13,871.06,874.72,878.71,883.76,880.86,878.53,876.91,875.08,873.38,871.57,870.02,870.24,876.20,884.06,890.56,896.74,900.53,901.58,902.47,903.10,903.31,902.63,901.86,901.48,902.24,904.09,905.94,907.05,907.75,908.31,908.65,909.17,910.39,911.20,911.75,912.81,915.11,916.41,916.70,917.25,919.78,920.43,920.47,920.52,921.28,921.99,921.71,921.56,921.15,920.77,920.48,920.45,920.64,921.31,922.41,923.10,923.32,923.95,924.79,925.52,926.14,926.77,928.61,929.95,930.92,931.85,932.83,933.91,935.06,936.66,938.41,939.48,940.69,941.90,943.11,944.31,945.55,946.77,948.02,949.34,950.86,952.31,953.62,954.63,955.78,956.75,957.69,958.52,959.06,960.37,961.81,962.36,962.21,961.64,961.33,960.80,960.33,959.92,959.62,961.29,963.32,962.60,961.28,963.90,966.55,968.24,970.18,972.24,974.08,976.23,978.62,981.04,983.13,984.04,983.96,983.91,984.07,985.39,986.77,987.29,989.32,991.40,992.35,992.50,992.72,993.63,994.95,996.26,997.04,997.16,997.45,998.64,1000.09,1000.87,1002.10,1003.39,1004.85,1006.23,1007.38,1007.50,1006.29,1006.10,1006.48,1005.81,1006.02,1007.83,1009.27,1009.36,1008.83,1008.68,1008.94,1010.57,1013.45,1014.79,1014.52,1015.03,1016.85,1018.36,1018.54,1018.20,1019.49,1021.24,1021.87,1023.65,1025.50,1026.38,1027.31,1028.50,1029.72,1031.16,1032.70,1034.20,1035.72,1037.76,1039.90,1041.42,1043.24,1044.50,1045.15,1045.74,1046.24,1047.12,1048.66,1050.35,1052.34,1054.45,1056.57,1058.64,1060.13,1061.24,1062.10,1061.65,1060.32,1054.40,1057.54,1063.75,1067.81,1065.80,1066.85,1070.50,1073.98,1076.53,1079.07,1080.85,1082.43,1084.01,1085.76,1087.47,1089.26,1092.24,1094.32,1096.15
1043.17,1034.79,1026.27,1018.26,1013.58,1011.59,1011.17,1011.14,1011.46,1013.49,1018.91,1021.91,1023.63,1022.26,1011.45,998.38,983.67,971.62,963.12,959.04,956.42,951.27,945.87,942.02,935.69,927.97,922.83,923.33,928.55,929.09,925.04,916.35,904.37,893.53,887.31,883.44,878.57,870.57,867.11,865.55,865.59,866.52,867.67,868.82,870.21,873.44,877.03,877.76,877.60,877.01,875.54,873.65,871.83,869.96,869.45,875.06,884.67,892.55,897.50,900.19,901.17,902.19,902.89,903.50,904.00,903.55,903.08,902.98,903.96,905.68,907.67,909.25,909.78,910.11,910.43,910.59,911.32,912.34,912.79,913.26,913.43,913.20,913.33,914.51,917.40,917.97,917.86,918.96,920.66,920.80,920.25,919.64,918.74,918.13,917.93,917.85,918.19,919.41,920.61,920.51,921.05,921.90,922.85,923.63,924.24,924.60,925.26,926.47,927.82,929.88,931.36,932.70,934.41,936.21,937.67,939.27,941.27,942.55,943.75,944.82,945.87,946.98,948.08,949.23,950.65,952.06,953.32,953.80,955.35,957.16,958.55,959.53,960.52,961.51,962.78,964.06,964.48,964.44,964.58,964.25,963.85,964.00,964.89,965.84,966.76,965.90,964.13,967.73,969.17,969.26,969.35,971.00,973.75,977.01,979.85,981.80,983.23,984.73,985.40,985.41,985.35,985.78,987.28,988.59,989.58,991.34,992.84,993.75,993.92,994.12,994.88,996.20,997.59,998.50,998.65,998.97,1000.57,1002.28,1003.33,1004.36,1005.93,1007.33,1008.41,1008.71,1007.58,1007.54,1008.46,1007.69,1006.72,1007.88,1009.45,1010.43,1010.83,1010.65,1009.98,1010.79,1013.60,1016.30,1016.73,1016.37,1017.17,1019.24,1020.03,1020.01,1021.38,1022.88,1024.26,1025.77,1027.05,1027.75,1028.90,1030.21,1031.69,1033.20,1034.72,1036.28,1037.91,1039.98,1041.43,1041.97,1043.22,1044.92,1046.41,1047.37,1047.96,1048.29,1049.34,1050.97,1052.13,1053.90,1055.98,1058.03,1059.59,1060.90,1062.35,1063.05,1061.47,1058.05,1056.78,1059.03,1067.39,1070.13,1070.99,1072.36,1074.55,1077.36,1079.89,1081.20,1082.70,1084.40,1086.58,1088.19,1090.34,1092.99,1095.04,1097.09
1045.38,1040.53,1031.89,1021.49,1016.76,1011.98,1008.81,1008.53,1009.91,1012.72,1015.09,1013.46,1010.52,1015.29,1011.69,1001.84,987.23,975.25,967.88,964.87,962.98,960.35,956.85,949.10,936.58,928.43,925.94,927.77,931.37,932.48,928.13,917.34,905.03,892.69,886.64,882.80,877.39,869.36,865.72,864.96,865.81,866.66,867.51,868.44,869.35,872.09,873.58,871.85,873.01,874.58,874.23,872.29,870.12,868.89,873.62,884.41,892.36,897.84,900.45,901.15,901.82,902.70,903.35,903.96,904.57,904.76,904.48,904.57,905.70,907.28,909.02,910.00,910.45,910.77,911.15,911.49,911.71,911.75,911.56,911.12,910.31,909.89,910.15,911.06,912.92,913.60,914.07,916.66,918.01,917.38,916.49,915.53,915.15,914.96,915.34,916.65,917.86,918.51,919.07,919.57,919.67,920.37,921.88,922.74,924.63,926.55,927.64,928.27,928.20,927.81,930.08,932.13,933.70,935.58,937.77,939.47,942.07,943.45,944.49,945.48,946.44,947.51,948.54,949.55,950.63,951.56,951.75,951.70,953.17,955.96,958.70,960.60,962.03,962.97,964.18,965.34,966.42,967.31,967.78,967.79,967.61,967.98,969.71,970.13,969.93,968.92,966.44,968.27,970.56,972.13,971.23,971.42,974.55,977.97,980.20,980.95,982.29,984.09,985.81,986.81,986.84,986.73,987.61,989.22,990.49,991.48,992.85,994.29,995.17,995.37,995.52,996.18,997.50,998.88,999.99,1000.22,1000.66,1002.21,1003.98,1005.52,1006.67,1008.09,1009.55,1009.89,1008.91,1008.81,1010.17,1009.42,1008.54,1008.59,1009.02,1010.08,1011.51,1012.26,1011.65,1012.00,1014.54,1017.45,1018.75,1018.51,1018.64,1020.69,1021.57,1021.20,1022.16,1023.84,1025.52,1027.21,1028.34,1029.31,1030.66,1032.18,1033.72,1035.31,1036.83,1038.51,1040.29,1042.10,1043.23,1043.67,1044.17,1045.06,1046.47,1048.12,1049.42,1050.07,1051.32,1052.70,1053.60,1054.52,1055.59,1057.31,1058.86,1060.61,1062.79,1064.30,1062.83,1061.33,1060.83,1059.58,1063.43,1070.10,1072.15,1074.38,1076.30,1078.17,1079.95,1081.36,1082.80,1084.53,1087.43,1089.25,1091.33,1093.49,1095.53,1097.64
1037.72,1035.92,1029.51,1022.98,1019.46,1010.51,1001.01,997.60,1000.44,1003.40,1005.97,999.26,995.55,1001.84,1002.46,996.09,986.09,974.88,964.71,958.28,958.11,960.88,958.21,947.53,936.80,929.61,927.79,927.17,929.50,929.70,923.11,911.15,898.17,889.75,884.03,880.08,873.21,868.18,864.93,865.23,866.08,866.89,867.70,868.51,869.38,871.06,870.06,869.05,870.26,872.65,872.55,870.14,868.46,872.56,882.90,890.90,896.08,900.04,901.00,901.78,902.47,903.15,903.76,904.38,905.00,905.61,905.84,906.21,907.31,908.40,909.22,909.85,910.31,910.41,910.47,910.42,910.08,909.50,909.14,908.36,907.10,906.99,907.87,908.70,909.59,910.55,911.00,911.64,911.74,912.00,912.30,912.87,913.82,914.82,915.91,919.31,921.42,921.78,921.98,922.21,922.18,922.98,927.00,929.61,931.16,931.97,932.45,932.64,930.31,928.80,929.53,931.20,932.60,934.11,936.95,939.54,942.18,942.87,943.70,944.56,945.11,946.14,947.44,948.83,949.64,949.82,949.89,949.95,951.56,954.53,957.72,960.78,962.50,963.85,965.15,966.33,967.52,968.69,969.86,970.23,970.23,970.33,970.95,971.50,971.46,970.46,968.39,968.99,971.47,974.09,974.43,974.26,975.92,978.32,979.10,979.90,981.59,983.44,985.38,987.17,988.21,988.24,988.20,989.48,991.16,992.36,993.16,994.34,995.75,996.63,996.80,996.91,997.48,998.83,1000.60,1001.92,1001.99,1002.38,1003.68,1005.47,1007.28,1008.77,1010.35,1011.39,1010.67,1010.17,1011.48,1011.35,1011.09,1010.65,1010.69,1010.93,1012.26,1013.75,1013.51,1013.40,1015.50,1018.48,1020.31,1020.26,1020.76,1021.96,1022.91,1022.57,1022.78,1024.32,1025.94,1028.07,1029.74,1031.07,1032.44,1033.87,1035.24,1036.57,1037.78,1038.98,1040.26,1041.93,1043.69,1045.10,1045.89,1046.44,1047.30,1048.31,1049.80,1051.55,1053.07,1054.44,1055.52,1056.50,1057.16,1058.58,1060.66,1062.42,1064.34,1065.76,1064.27,1063.61,1064.95,1064.42,1063.32,1068.71,1073.08,1076.04,1078.61,1080.72,1081.83,1082.30,1083.26,1084.73,1087.11,1089.84,1090.98,1092.95,1095.17,1097.41
1026.92,1023.14,1018.34,1013.09,1010.13,1004.60,996.28,986.63,987.38,989.60,995.37,987.80,985.01,987.84,985.43,982.93,976.75,966.22,956.25,951.11,952.04,955.58,957.15,950.56,941.92,935.31,928.80,922.06,918.55,915.04,909.14,899.51,890.55,885.38,880.25,874.61,869.22,866.57,864.42,865.47,866.29,867.12,867.91,868.67,869.31,869.52,868.69,867.81,868.73,870.91,869.90,867.92,871.78,882.38,890.17,892.39,895.76,898.94,900.51,901.59,902.70,903.53,904.15,904.76,905.29,905.84,906.39,906.88,907.27,907.64,908.33,909.07,909.38,909.26,908.96,908.20,907.36,905.96,904.26,904.08,904.51,905.02,905.93,906.89,907.71,908.45,908.83,909.47,911.13,912.63,913.73,914.88,916.37,917.29,918.06,919.93,922.03,923.61,924.63,925.08,926.15,926.89,930.05,932.90,934.45,936.33,937.32,936.44,933.20,930.84,930.25,930.59,931.56,932.83,935.13,938.96,941.18,941.45,942.07,942.72,942.89,943.71,945.07,947.22,948.44,948.75,948.99,949.15,951.55,954.54,957.23,959.79,961.44,962.72,964.29,966.12,967.71,969.10,970.35,970.93,971.20,971.41,971.98,972.48,972.49,971.17,969.70,970.42,972.85,975.65,977.66,977.74,978.09,978.20,978.88,979.81,981.01,982.91,984.92,986.78,988.52,989.64,989.57,989.84,991.22,992.75,994.13,995.03,995.90,997.16,998.05,998.25,998.30,998.99,1000.78,1002.75,1003.72,1003.92,1004.18,1005.30,1007.10,1008.96,1011.38,1012.75,1012.46,1012.37,1013.21,1013.31,1012.90,1012.50,1012.42,1013.16,1013.92,1015.06,1015.15,1015.00,1016.12,1019.02,1021.39,1021.83,1022.19,1023.19,1024.14,1023.89,1023.68,1024.74,1026.35,1028.37,1030.02,1031.30,1032.52,1033.73,1035.21,1036.78,1038.25,1039.68,1040.84,1041.92,1043.44,1045.10,1046.66,1047.94,1048.83,1049.94,1050.97,1051.96,1053.29,1055.11,1056.88,1058.34,1059.59,1061.51,1063.07,1064.66,1066.45,1067.36,1065.89,1066.65,1068.90,1069.87,1068.24,1067.71,1071.81,1076.88,1081.40,1085.20,1086.28,1085.55,1086.10,1086.89,1087.19,1088.26,1089.97,1091.75,1094.22,1096.82
1027.03,1018.11,1011.65,1006.73,1002.24,996.88,989.98,979.97,974.42,977.64,983.84,977.67,977.18,976.37,970.43,970.83,966.24,955.76,947.32,945.12,945.44,948.21,952.94,950.74,943.36,935.86,924.11,913.89,906.28,900.48,895.48,889.08,883.62,879.50,874.27,869.92,867.54,865.13,864.05,865.65,866.36,867.10,867.88,868.44,868.60,868.38,867.58,866.67,866.46,867.50,868.22,873.35,883.14,890.51,892.50,894.10,895.78,897.86,900.04,901.29,902.43,903.49,904.04,904.26,904.58,905.01,905.48,905.85,906.16,906.48,907.05,907.53,907.51,907.33,906.67,905.53,904.56,903.16,903.94,906.47,906.55,906.70,906.97,907.22,909.15,910.39,910.90,911.36,912.67,915.23,916.79,917.70,918.92,920.53,921.74,923.03,923.93,924.78,925.89,927.29,928.87,930.14,931.39,934.16,937.04,939.31,940.12,939.53,937.04,935.76,935.38,933.86,933.53,933.52,934.06,937.81,939.29,939.57,939.98,940.40,940.67,941.32,943.20,945.87,947.27,947.79,948.14,948.76,952.42,955.01,956.41,958.04,959.71,961.20,962.98,965.20,967.00,968.80,970.36,971.21,971.84,972.36,972.89,973.42,973.48,972.35,971.55,972.11,974.15,977.34,979.83,980.25,979.63,979.19,979.33,979.85,980.36,982.06,984.09,986.12,988.18,990.15,991.09,991.16,991.61,992.70,994.12,995.66,996.92,997.72,998.59,999.53,999.67,999.70,1000.97,1002.95,1004.83,1005.66,1005.87,1005.87,1007.06,1009.03,1012.07,1013.62,1014.48,1014.54,1015.14,1015.12,1014.73,1014.42,1014.17,1015.10,1016.08,1016.76,1016.87,1016.72,1017.21,1019.10,1021.80,1023.34,1023.76,1024.58,1025.37,1025.23,1024.96,1025.21,1026.77,1028.64,1030.24,1031.51,1032.72,1034.02,1035.90,1038.35,1040.12,1041.37,1042.45,1043.35,1044.05,1045.10,1046.44,1047.97,1049.60,1051.18,1052.43,1053.38,1054.13,1055.08,1056.57,1058.36,1060.31,1062.63,1064.77,1066.65,1068.21,1068.89,1067.63,1068.95,1071.25,1072.71,1072.42,1071.61,1071.13,1074.62,1080.45,1086.98,1089.84,1088.63,1089.44,1090.24,1090.76,1089.84,1089.56,1090.79,1093.67,1096.51
1029.66,1020.65,1013.87,1008.50,1003.51,995.66,984.11,976.37,969.41,967.75,972.28,967.28,968.65,965.57,958.94,960.38,956.70,947.61,940.65,939.71,939.81,941.55,947.13,945.19,936.35,929.29,920.10,907.68,898.51,893.78,889.04,884.45,879.40,874.94,870.18,866.38,864.59,863.18,863.64,865.27,866.07,866.96,867.53,867.39,867.42,867.23,866.27,865.38,865.20,869.87,880.25,887.48,891.04,892.77,894.34,895.96,897.58,899.27,900.32,901.14,902.18,902.97,903.10,903.18,903.47,903.97,904.38,904.71,905.02,905.33,905.67,905.71,905.62,905.16,904.34,903.24,901.84,901.92,907.52,910.00,909.71,909.56,910.20,910.28,910.63,912.93,913.54,913.88,914.29,916.14,919.09,920.23,920.67,921.63,923.67,925.66,926.38,926.77,927.34,928.16,929.69,931.00,932.30,934.14,937.23,940.02,940.46,940.65,940.25,940.33,940.04,938.09,937.16,935.86,934.73,935.00,936.30,938.65,939.76,940.01,940.18,940.47,941.98,944.52,946.12,946.80,947.20,948.59,952.07,952.48,953.02,954.49,955.47,959.46,962.21,964.12,966.10,968.43,970.17,970.84,971.44,971.96,972.42,973.26,974.23,974.28,974.25,974.79,975.77,978.76,980.86,981.48,980.47,979.44,979.57,980.82,981.56,982.25,983.96,985.84,988.14,990.29,991.81,992.74,993.08,993.54,994.26,995.50,997.09,998.64,999.75,1000.41,1001.52,1001.60,1001.69,1002.94,1004.93,1006.81,1007.65,1007.56,1007.49,1009.07,1011.06,1013.16,1015.53,1016.61,1016.97,1016.79,1016.48,1016.17,1015.97,1016.61,1017.89,1018.33,1018.44,1018.43,1019.01,1019.80,1021.44,1023.37,1025.02,1025.97,1026.62,1026.54,1026.28,1026.14,1028.16,1030.39,1031.92,1033.36,1034.14,1034.84,1036.12,1038.48,1040.39,1042.22,1043.82,1045.07,1045.83,1046.62,1047.66,1048.63,1050.14,1051.33,1052.85,1054.42,1055.61,1056.39,1057.22,1058.29,1059.64,1061.88,1064.49,1067.13,1069.55,1070.39,1069.37,1070.55,1071.82,1073.83,1075.52,1075.80,1075.40,1074.76,1077.40,1082.68,1086.69,1088.47,1090.97,1093.39,1094.75,1094.51,1093.72,1092.65,1093.24,1096.95
1035.71,1027.27,1018.83,1013.67,1007.61,997.17,984.44,975.18,966.43,959.53,959.99,956.30,953.88,951.31,947.77,949.23,946.48,939.13,934.07,933.26,932.88,933.89,939.05,937.81,929.46,922.65,916.98,907.13,897.53,889.41,884.54,880.21,874.99,870.83,867.96,864.56,862.79,862.31,864.16,865.19,865.97,866.68,866.43,865.95,866.15,866.29,865.05,864.83,871.38,885.84,891.07,892.08,893.15,894.66,896.14,897.75,899.28,900.17,900.67,901.34,902.11,902.33,902.05,902.09,902.37,902.84,902.79,902.99,903.30,903.72,903.99,903.92,903.77,903.11,902.05,901.02,900.04,902.97,908.91,911.76,912.77,912.53,912.92,912.95,913.30,915.04,916.03,916.29,916.58,917.05,919.13,920.94,921.96,922.67,923.66,925.62,927.49,928.37,928.91,929.53,930.32,931.25,932.40,933.86,936.00,938.73,939.81,940.35,940.95,941.51,941.64,940.43,938.80,937.23,936.27,936.23,937.62,939.49,941.34,941.45,941.34,941.33,942.01,943.39,945.01,945.79,946.33,948.37,949.35,949.70,950.25,951.06,952.35,955.19,958.36,961.05,963.10,965.69,968.39,969.90,970.66,970.82,971.19,971.82,973.34,974.98,976.14,977.09,977.87,979.08,981.10,982.67,981.79,980.80,980.54,982.81,984.12,983.48,985.10,986.95,988.21,990.33,991.74,993.07,994.30,995.01,995.56,996.16,997.00,998.42,1000.52,1001.72,1002.66,1003.57,1003.67,1003.71,1004.81,1006.81,1008.71,1009.57,1009.31,1009.35,1010.47,1012.86,1015.36,1017.64,1018.58,1018.47,1018.20,1018.02,1017.88,1017.98,1019.50,1019.81,1019.90,1020.18,1020.77,1021.35,1021.94,1023.63,1025.46,1027.02,1027.78,1027.90,1027.52,1028.15,1030.42,1032.04,1033.64,1035.20,1036.53,1037.27,1037.37,1038.42,1039.97,1041.69,1043.60,1045.41,1047.12,1048.33,1049.59,1050.93,1052.23,1053.06,1053.67,1054.63,1056.14,1057.67,1058.66,1059.60,1060.63,1062.13,1064.42,1066.89,1069.40,1071.82,1071.59,1072.34,1072.99,1074.01,1076.03,1078.53,1080.01,1080.02,1079.39,1079.91,1082.25,1085.56,1088.49,1091.62,1095.94,1098.86,1098.86,1097.39,1096.56,1097.16
1037.43,1031.15,1024.41,1017.58,1007.80,997.07,988.98,980.76,971.35,961.69,954.35,948.30,943.38,941.67,938.80,936.84,937.83,934.84,928.81,925.96,923.75,924.83,930.37,929.61,921.71,915.33,910.53,903.95,895.20,885.75,880.14,875.06,870.15,867.23,864.60,862.46,861.49,863.15,865.04,865.46,865.88,865.93,865.44,864.56,865.07,865.06,865.31,872.87,883.31,890.57,892.87,894.04,895.14,896.43,897.75,899.30,900.09,900.46,900.98,901.56,901.87,901.78,901.25,901.02,901.30,901.56,901.12,901.10,901.52,902.25,902.23,902.16,901.92,901.43,900.24,899.37,900.89,903.63,907.13,910.97,914.74,915.56,915.79,915.60,916.19,917.69,918.34,918.60,918.96,919.29,920.10,920.78,921.97,923.15,924.21,925.62,927.38,929.20,930.24,930.67,931.20,931.93,932.78,933.75,934.94,936.65,937.92,938.83,939.54,940.66,942.12,941.50,939.81,938.75,937.92,937.48,939.01,940.56,942.36,942.61,942.57,943.18,944.90,946.85,947.41,948.01,949.38,952.27,955.13,956.18,956.55,956.89,956.30,956.63,956.31,957.52,959.66,961.59,964.19,966.77,968.93,969.31,969.72,970.37,971.68,973.29,974.72,976.07,977.42,979.03,981.34,983.59,984.10,983.18,982.67,985.12,986.97,985.64,985.64,987.98,989.61,990.45,991.72,993.01,994.29,995.54,996.71,997.58,998.18,998.86,1000.62,1002.30,1003.71,1004.80,1005.59,1005.61,1005.60,1006.74,1008.70,1011.01,1012.40,1011.95,1011.59,1012.96,1015.28,1017.64,1019.80,1020.70,1020.52,1020.23,1019.93,1019.73,1020.57,1021.66,1021.72,1022.08,1022.57,1023.11,1023.30,1024.29,1026.02,1027.73,1028.82,1029.26,1029.18,1030.34,1031.26,1032.52,1034.25,1036.11,1037.93,1039.48,1039.25,1040.28,1041.85,1042.94,1044.05,1045.43,1047.06,1048.88,1050.89,1052.97,1054.32,1055.12,1055.65,1056.30,1056.95,1058.01,1059.64,1061.49,1062.13,1062.98,1065.24,1067.89,1070.36,1073.07,1074.19,1074.82,1075.44,1075.88,1076.05,1078.24,1080.99,1084.07,1085.41,1086.48,1086.12,1085.29,1087.20,1089.55,1093.14,1097.33,1100.48,1101.51,1100.78,1099.27
1030.88,1025.97,1020.51,1009.20,998.77,991.44,987.47,983.65,977.62,968.61,958.62,947.68,939.12,934.30,931.62,928.77,931.38,934.06,929.41,922.39,915.61,914.01,917.01,916.98,909.90,904.30,903.52,899.17,890.23,882.05,875.98,870.54,866.30,863.23,860.62,860.23,861.37,863.67,865.08,865.35,865.32,865.08,864.33,863.04,862.95,864.29,873.67,881.45,886.87,890.74,892.39,894.48,896.42,897.96,899.27,900.08,900.38,900.67,901.05,901.24,901.33,901.26,900.70,899.88,899.90,899.73,898.36,898.17,900.07,900.44,900.23,900.12,899.49,899.00,898.86,900.86,903.32,906.28,909.16,911.70,915.50,918.04,918.27,918.22,918.94,920.17,920.45,920.50,920.63,920.86,921.25,921.28,921.87,923.01,924.18,926.01,928.24,929.67,930.44,931.11,931.92,932.55,933.48,934.55,935.46,936.39,937.22,938.14,938.95,940.06,942.42,943.86,942.64,941.34,939.80,938.92,939.55,942.60,943.79,944.43,945.38,946.63,949.87,952.06,953.94,955.31,957.00,959.79,960.78,961.21,961.35,961.57,960.55,959.56,958.89,958.78,960.76,960.92,961.38,963.44,966.19,967.32,968.33,969.27,970.05,971.47,972.84,974.20,976.11,978.79,981.15,983.47,985.79,985.66,984.93,987.49,989.50,988.21,986.99,988.11,990.70,991.17,991.59,992.68,993.95,995.20,996.58,997.99,999.16,1000.08,1001.10,1002.69,1004.26,1005.67,1006.75,1007.44,1007.42,1007.50,1008.75,1011.33,1013.91,1014.70,1014.38,1014.49,1015.77,1018.22,1020.78,1022.95,1023.46,1022.94,1022.33,1021.98,1022.27,1023.31,1023.63,1024.07,1024.53,1024.96,1025.10,1025.37,1026.91,1028.48,1030.04,1030.67,1030.72,1031.29,1032.06,1033.14,1034.32,1035.85,1037.73,1039.40,1041.11,1042.51,1043.99,1045.02,1045.99,1047.08,1048.53,1049.92,1051.83,1053.98,1056.10,1057.12,1057.68,1058.47,1059.37,1059.88,1061.17,1063.04,1064.54,1064.55,1065.73,1068.30,1070.08,1072.16,1074.99,1077.06,1077.91,1078.58,1078.29,1078.02,1079.42,1082.88,1088.63,1091.22,1091.41,1090.32,1090.98,1091.02,1091.31,1094.86,1098.33,1100.32,1102.94,1104.46
1023.27,1017.50,1011.80,999.25,990.31,984.33,979.27,976.38,973.94,968.33,961.15,951.31,939.51,929.87,926.33,923.26,925.41,931.45,931.38,925.54,915.47,907.07,904.59,903.31,898.29,890.75,890.89,891.75,886.03,879.70,873.96,868.34,863.17,859.78,859.73,860.72,861.83,863.61,864.69,864.76,864.13,863.20,862.48,861.72,863.14,870.00,880.72,883.86,886.70,889.41,891.71,893.95,896.05,897.83,899.46,900.18,900.45,900.58,900.64,900.71,900.76,900.68,899.59,897.11,895.44,894.52,893.53,893.90,895.84,896.48,896.74,897.55,899.09,901.27,903.53,905.32,906.80,907.92,911.67,915.58,917.24,919.65,920.20,920.30,920.52,921.37,922.08,922.03,921.95,922.01,922.27,922.39,922.29,922.88,924.01,925.14,926.50,928.72,929.42,930.97,932.33,933.14,933.98,934.87,936.13,937.40,938.49,939.62,940.46,941.12,943.61,945.85,946.45,945.76,943.87,942.50,942.72,945.51,946.80,947.33,948.99,949.48,950.67,952.48,954.42,955.92,957.90,959.82,960.69,961.81,962.82,963.56,963.11,962.65,961.59,960.21,962.38,963.86,964.06,964.70,965.12,966.13,967.37,968.58,969.42,970.00,971.13,973.03,975.24,977.66,979.19,981.42,985.19,987.69,987.16,989.16,990.74,990.38,988.95,988.68,991.05,992.59,992.61,992.74,993.59,994.86,996.16,997.65,999.12,1000.65,1001.90,1003.25,1004.60,1005.99,1007.39,1008.62,1009.30,1009.32,1009.61,1011.84,1014.66,1016.93,1017.24,1017.09,1017.15,1018.74,1021.70,1024.26,1025.54,1025.32,1024.62,1024.26,1024.57,1025.10,1025.50,1025.89,1026.26,1026.59,1026.96,1027.13,1027.93,1030.05,1031.98,1032.66,1032.66,1032.89,1033.16,1033.82,1034.90,1036.05,1037.55,1038.99,1040.47,1043.35,1045.90,1047.08,1048.13,1049.44,1050.32,1051.60,1053.84,1055.96,1057.90,1058.95,1059.73,1061.00,1062.22,1062.80,1063.92,1065.40,1066.48,1066.37,1066.48,1068.28,1070.17,1071.68,1074.65,1077.65,1079.74,1080.57,1080.30,1079.32,1079.36,1080.56,1089.03,1092.95,1094.49,1094.36,1094.35,1093.76,1093.02,1093.81,1096.38,1098.00,1100.37,1104.45
1016.95,1009.13,1002.47,994.87,989.87,981.30,973.43,966.71,961.82,959.14,953.00,947.63,938.34,928.67,922.33,918.52,919.08,927.14,929.50,926.36,920.75,909.41,899.95,894.15,889.55,886.92,886.32,886.57,882.30,875.68,871.05,866.31,861.14,859.09,860.30,861.35,862.48,863.58,863.58,863.00,861.97,860.77,860.74,863.00,866.96,876.12,881.99,884.40,886.80,889.13,891.03,892.79,894.48,896.50,899.23,900.13,900.29,900.23,900.16,900.06,899.54,899.10,895.38,892.32,891.43,893.97,895.72,896.58,898.63,902.13,904.35,905.27,906.21,908.69,911.21,913.89,915.64,916.52,918.06,919.52,920.06,920.52,921.10,921.39,921.63,922.40,923.29,923.55,923.43,923.19,923.31,923.46,923.38,923.26,923.79,924.43,925.88,929.01,930.31,931.39,932.85,933.72,934.58,935.44,936.55,937.84,939.00,940.27,941.99,943.53,945.15,946.97,948.59,949.57,948.73,947.76,947.83,949.13,949.91,950.17,950.85,951.63,951.71,952.83,953.54,954.53,956.24,958.22,959.41,960.78,962.54,964.50,965.68,965.76,965.33,963.19,963.35,965.52,967.27,968.25,969.30,970.18,969.28,968.74,969.42,969.88,970.66,972.49,974.47,976.44,978.04,980.38,984.91,988.94,989.51,990.21,991.50,991.71,990.57,989.78,991.32,993.30,994.14,994.07,994.05,994.57,995.79,997.24,998.56,999.48,1000.23,1001.41,1003.06,1004.67,1006.35,1008.00,1010.25,1011.68,1012.04,1013.14,1015.09,1017.81,1019.73,1019.89,1019.76,1020.64,1023.21,1025.79,1027.24,1027.54,1026.90,1026.54,1026.87,1027.03,1027.10,1027.44,1027.76,1028.09,1028.64,1029.17,1028.74,1030.12,1032.20,1034.18,1034.78,1034.95,1035.05,1035.00,1035.45,1036.49,1038.80,1040.05,1041.24,1043.68,1046.87,1048.91,1050.25,1052.03,1052.28,1053.28,1055.79,1058.24,1059.88,1061.00,1062.10,1063.78,1065.64,1066.40,1067.41,1069.57,1068.65,1068.51,1068.95,1070.97,1072.76,1073.42,1074.70,1077.60,1080.21,1081.40,1081.13,1079.95,1079.64,1079.61,1084.06,1092.41,1096.11,1097.88,1097.49,1097.01,1096.45,1094.94,1095.58,1097.18,1100.18,1103.08
1008.02,999.60,989.97,982.45,980.67,976.78,972.81,964.76,952.09,946.21,939.36,934.95,932.74,927.89,920.66,914.91,913.76,917.53,920.54,920.53,918.75,909.63,898.22,892.63,888.89,886.30,883.94,882.81,881.07,873.94,867.99,863.96,859.69,859.22,860.77,861.84,862.81,863.00,862.26,861.33,860.21,859.65,861.32,865.18,870.26,879.40,882.49,884.81,886.98,888.26,889.15,890.95,893.32,896.26,898.73,899.88,899.81,899.66,898.61,897.82,895.35,893.31,890.06,889.37,893.80,903.39,905.85,905.86,907.46,909.47,910.91,910.99,911.61,915.06,919.08,920.07,920.19,920.29,920.29,920.39,920.67,921.21,921.81,922.33,922.74,923.45,924.21,924.79,924.69,924.30,924.33,924.48,924.56,924.44,924.53,925.13,928.45,930.82,931.55,932.34,933.40,934.20,934.85,935.58,936.67,938.13,939.24,940.44,942.01,943.65,945.40,947.05,948.58,949.99,951.11,951.38,951.37,951.64,952.37,952.73,952.97,953.35,953.28,954.46,955.41,955.09,956.47,957.81,958.74,960.46,962.43,964.47,966.50,968.14,968.76,967.34,965.78,966.75,968.75,970.61,971.69,972.83,972.74,972.06,973.71,973.37,972.75,972.60,974.03,975.96,978.03,980.73,985.03,988.96,990.65,991.22,992.31,992.88,992.23,991.75,992.84,994.30,995.54,995.68,995.62,995.44,995.66,996.71,997.68,998.47,999.16,1000.22,1001.84,1003.70,1005.68,1007.11,1009.69,1011.37,1013.33,1015.16,1016.76,1018.45,1020.86,1022.96,1023.59,1024.45,1026.37,1028.40,1029.30,1029.66,1029.17,1028.81,1028.85,1028.76,1028.74,1028.97,1029.27,1029.66,1030.49,1031.22,1030.22,1030.98,1032.85,1034.91,1036.57,1036.95,1037.01,1036.76,1036.89,1038.08,1040.30,1041.18,1042.35,1044.68,1047.41,1050.30,1052.18,1053.73,1054.73,1054.89,1057.00,1059.78,1061.89,1063.43,1064.63,1066.12,1068.38,1069.91,1070.54,1073.81,1073.03,1071.61,1072.80,1074.91,1075.84,1076.37,1076.13,1077.49,1079.49,1081.50,1082.62,1081.39,1080.14,1079.72,1079.99,1086.42,1094.88,1099.99,1100.28,1100.16,1100.02,1099.87,1099.73,1099.05,1098.63,1099.41
1000.17,990.63,981.41,973.96,969.03,967.07,962.08,949.95,941.17,934.78,930.49,925.60,925.26,925.45,922.88,915.27,908.50,908.01,910.89,913.43,914.77,907.42,896.50,890.40,887.88,885.91,883.71,881.16,876.76,871.52,866.15,861.58,858.47,859.08,860.76,861.76,862.38,861.89,861.24,860.07,859.18,860.59,863.39,867.02,873.43,880.53,882.71,884.85,885.84,886.26,887.29,889.85,892.46,894.74,896.95,898.37,897.89,897.75,895.91,894.34,891.72,888.54,888.24,890.56,904.13,910.49,911.03,911.14,911.45,912.06,912.80,913.24,914.48,917.65,919.69,919.77,919.99,920.27,920.51,920.68,920.88,921.25,921.80,922.55,923.28,923.99,924.72,925.22,925.36,925.38,925.47,925.65,925.99,926.46,928.03,929.22,930.78,931.71,932.36,932.94,933.47,933.97,934.29,934.91,936.54,938.35,939.62,940.89,942.42,944.01,945.62,947.14,948.44,949.47,950.47,952.08,953.30,953.80,954.65,954.98,955.11,955.02,954.97,955.77,957.21,956.89,958.42,959.50,959.45,960.61,962.41,964.40,966.45,968.47,970.17,970.39,969.09,969.37,970.43,971.93,973.39,974.43,975.39,976.79,979.61,980.39,980.22,977.00,973.79,975.41,977.81,980.81,984.22,986.75,989.71,991.56,992.60,993.51,994.10,994.51,995.51,996.34,996.91,997.26,997.27,997.10,996.80,997.36,998.96,999.53,999.56,1000.61,1002.54,1004.85,1007.82,1009.67,1009.98,1010.46,1012.20,1014.31,1016.39,1018.45,1020.75,1023.73,1026.07,1027.81,1029.47,1031.07,1032.29,1032.47,1031.99,1031.70,1031.63,1031.54,1031.16,1031.26,1031.45,1032.07,1032.94,1033.38,1032.42,1032.49,1034.27,1036.18,1037.85,1038.71,1038.99,1038.68,1039.13,1040.57,1041.45,1042.27,1043.41,1045.84,1048.39,1050.71,1052.91,1055.11,1056.83,1057.10,1057.53,1059.63,1061.91,1064.39,1066.60,1068.43,1071.04,1073.54,1074.94,1078.19,1078.42,1076.67,1077.58,1079.50,1079.15,1079.29,1078.68,1079.01,1080.15,1082.29,1083.97,1082.71,1081.23,1080.15,1079.82,1080.49,1089.34,1098.56,1101.99,1103.30,1102.89,1102.72,1103.01,1103.53,1102.75,1102.35
995.38,982.54,976.19,968.90,959.41,953.97,947.59,939.66,932.59,927.49,922.31,918.16,917.86,918.63,920.02,917.84,908.45,903.65,901.39,903.93,908.95,908.24,898.85,892.74,888.32,885.05,882.50,880.18,874.82,868.32,863.82,859.83,857.74,858.83,860.65,861.52,861.84,861.14,860.24,858.77,860.03,862.52,865.58,868.94,876.10,880.95,882.76,883.62,883.86,884.16,885.64,888.02,890.28,892.87,895.12,896.50,895.56,895.30,893.51,891.59,888.08,887.30,888.92,895.65,909.56,911.04,911.77,912.12,912.45,912.85,914.02,915.23,916.41,917.25,917.51,917.63,918.79,920.00,920.34,920.41,920.41,920.67,921.36,922.14,922.88,923.59,924.36,925.06,925.38,925.63,925.90,926.38,927.18,928.46,929.91,930.47,930.90,931.30,931.98,932.47,932.94,933.22,933.41,934.45,936.27,938.40,940.36,941.92,943.43,944.76,945.87,946.75,947.50,948.25,949.38,951.29,953.15,954.70,955.45,956.11,956.76,957.22,957.65,958.81,959.35,959.04,959.49,960.81,960.77,961.38,963.05,964.76,966.61,968.35,970.13,971.48,971.31,971.82,972.70,973.55,974.76,975.95,976.89,978.02,979.98,981.61,982.22,981.48,977.72,974.66,976.76,979.28,981.36,982.88,986.22,989.86,991.30,992.12,993.00,994.16,995.70,997.18,998.12,998.63,998.89,998.69,998.22,998.72,1000.38,1001.93,1001.45,1002.40,1004.19,1006.01,1008.16,1010.87,1011.97,1011.88,1012.42,1014.38,1016.50,1018.58,1020.94,1023.87,1026.42,1028.23,1029.89,1031.50,1033.88,1035.43,1035.46,1035.68,1036.10,1036.39,1035.19,1034.70,1034.40,1034.96,1035.67,1035.76,1035.04,1034.45,1035.55,1037.43,1039.06,1040.28,1040.70,1040.32,1041.50,1042.00,1042.57,1043.36,1044.37,1046.20,1048.69,1050.61,1053.67,1056.11,1057.92,1059.49,1059.74,1060.41,1061.89,1063.91,1066.30,1068.70,1071.39,1075.68,1079.01,1080.79,1080.98,1080.57,1080.55,1082.16,1082.10,1081.92,1080.92,1081.15,1082.16,1084.12,1085.22,1083.76,1082.48,1081.23,1080.33,1081.07,1085.81,1094.31,1100.89,1103.98,1105.39,1105.34,1105.82,1107.37,1107.86,1107.77
993.95,983.47,977.00,973.12,968.88,960.98,954.71,948.25,937.08,928.50,922.57,916.38,910.45,907.97,907.90,907.84,902.32,899.16,896.43,895.43,898.15,902.39,904.24,900.25,892.98,887.55,883.89,880.04,875.07,868.48,863.04,859.22,857.24,858.68,860.37,860.60,861.09,860.73,859.03,858.72,861.51,864.17,866.59,869.83,876.24,880.67,881.82,881.71,881.20,881.82,883.84,886.24,888.89,891.30,893.33,894.68,893.48,892.89,891.37,887.84,886.07,888.31,894.06,905.47,910.52,911.20,911.30,911.05,910.97,911.80,913.60,914.86,914.66,914.65,914.78,915.61,917.48,919.36,920.12,919.98,919.62,920.01,920.92,921.54,921.88,922.12,922.78,923.78,924.15,924.28,924.53,925.29,926.44,927.96,928.87,929.20,929.63,930.57,931.45,931.86,932.10,932.29,932.57,933.87,935.60,938.24,940.90,942.35,943.17,943.96,944.76,945.58,946.51,947.73,949.14,950.70,952.13,953.17,954.16,954.93,955.82,957.12,958.43,959.75,960.53,960.79,960.77,961.71,962.15,962.82,964.42,966.05,967.92,969.66,970.78,971.83,972.46,973.31,974.20,975.06,975.95,976.95,977.84,978.74,979.87,980.91,982.33,983.40,981.83,978.93,976.23,976.81,978.40,979.23,980.66,985.02,988.69,989.86,990.39,991.19,992.58,995.16,998.23,999.67,1000.17,1000.00,999.90,1000.27,1001.80,1003.76,1004.22,1004.97,1007.08,1008.41,1009.61,1011.11,1012.85,1013.61,1013.46,1014.53,1016.65,1018.77,1021.39,1023.95,1025.53,1027.03,1028.45,1030.53,1033.55,1036.65,1038.60,1039.32,1039.80,1040.13,1039.11,1038.08,1037.47,1037.81,1038.05,1038.09,1037.51,1037.00,1036.78,1038.52,1040.43,1042.38,1042.63,1042.50,1043.63,1044.05,1044.21,1044.63,1045.45,1046.96,1048.86,1050.23,1053.56,1057.77,1059.90,1061.36,1062.02,1062.33,1063.17,1064.80,1066.64,1068.35,1071.66,1076.86,1080.39,1082.20,1082.85,1082.74,1082.93,1084.44,1084.91,1084.43,1082.84,1083.52,1084.62,1085.96,1086.34,1084.96,1083.78,1082.63,1082.83,1084.47,1087.38,1092.28,1099.30,1103.07,1106.41,1107.95,1108.63,1110.13,1111.19,1111.32
989.30,987.11,982.55,980.66,975.47,969.28,966.17,957.54,945.98,938.13,930.43,922.35,909.50,901.77,900.09,898.90,897.46,895.01,892.40,889.89,891.03,895.26,900.52,902.24,898.36,891.58,886.88,882.85,877.16,868.74,863.41,859.14,856.76,857.62,858.91,859.55,860.48,860.12,857.62,858.98,861.32,861.61,862.34,865.92,870.28,875.74,879.40,879.94,878.40,880.16,882.73,885.34,887.97,890.26,892.00,892.79,891.56,890.37,887.97,884.59,886.75,890.40,901.34,908.85,910.58,910.86,910.49,909.39,909.40,911.22,913.03,913.07,912.20,912.06,912.47,914.24,916.23,918.23,919.44,918.55,917.90,919.26,920.06,920.21,920.51,920.42,921.01,921.98,922.14,922.37,923.13,924.25,925.63,926.28,926.02,926.37,928.04,930.09,930.77,930.83,931.15,931.22,931.87,933.48,935.28,938.14,940.41,941.24,942.08,943.00,943.95,944.98,946.18,947.37,948.42,949.59,950.33,951.14,952.40,953.46,954.38,955.43,957.15,958.92,960.37,961.37,962.00,962.76,963.54,964.30,965.75,967.08,968.48,969.70,970.34,970.59,971.05,971.92,972.94,973.95,974.85,975.82,976.85,977.84,978.81,979.62,981.34,984.19,984.73,983.88,981.73,979.49,978.03,977.71,977.87,979.85,982.42,984.84,986.33,987.71,989.64,993.07,996.68,999.33,1000.45,1001.01,1000.94,1001.63,1003.44,1005.28,1006.71,1007.66,1009.73,1010.01,1010.33,1011.60,1013.24,1014.81,1015.17,1015.14,1016.73,1018.93,1021.38,1022.83,1024.45,1026.15,1028.20,1030.77,1033.91,1037.09,1039.72,1040.69,1041.01,1041.24,1040.88,1040.39,1040.08,1039.95,1040.00,1040.10,1039.94,1039.61,1039.08,1039.18,1040.80,1042.98,1044.64,1045.03,1045.84,1046.45,1046.24,1046.39,1046.82,1048.60,1050.34,1051.40,1054.04,1058.32,1061.14,1062.97,1064.02,1064.42,1064.87,1066.09,1068.13,1070.51,1073.95,1077.93,1081.23,1083.30,1084.67,1084.80,1085.35,1086.77,1087.75,1087.12,1085.48,1086.19,1087.27,1087.84,1087.46,1086.28,1085.23,1084.58,1086.56,1088.32,1090.25,1093.38,1097.82,1101.38,1105.90,1109.48,1110.75,1111.98,1113.00,1113.39
983.47,982.50,975.00,974.36,974.66,973.53,970.73,960.85,949.25,942.77,932.89,920.92,908.78,901.16,898.07,895.60,894.27,892.27,889.76,887.43,886.71,889.20,893.54,897.91,897.03,891.82,886.71,881.47,875.42,867.48,861.31,858.55,856.13,856.06,857.30,858.81,859.87,858.69,856.10,857.56,859.36,859.65,859.73,861.78,865.34,868.20,872.77,875.30,876.04,880.76,883.28,885.56,887.71,889.58,890.36,890.30,889.08,886.91,884.09,884.21,887.09,891.31,900.66,908.95,910.35,910.14,908.29,906.44,909.87,911.38,912.00,911.26,909.93,909.60,910.83,912.86,914.80,916.82,918.19,917.01,916.44,917.77,918.24,918.77,918.89,918.58,919.29,920.07,920.22,921.07,922.34,923.23,923.91,923.94,923.75,924.93,927.30,929.00,929.46,929.60,930.15,930.15,931.22,932.88,934.62,936.92,938.98,940.65,941.61,942.63,943.73,944.88,945.87,946.84,947.83,948.97,950.03,951.34,953.81,955.20,955.30,955.33,956.51,958.32,959.99,960.91,961.66,962.59,963.61,964.54,965.07,965.78,966.94,968.19,968.68,968.61,969.37,970.60,971.71,972.83,974.01,975.22,976.38,977.52,978.64,979.51,981.61,984.51,986.10,987.01,986.88,986.87,987.52,984.81,979.33,978.47,979.13,980.55,982.71,985.51,988.79,991.97,994.87,997.53,999.93,1001.32,1001.87,1002.92,1004.75,1006.59,1008.38,1009.41,1010.12,1010.36,1010.63,1012.00,1013.65,1015.31,1016.65,1016.72,1016.92,1018.70,1020.83,1024.12,1026.65,1028.12,1029.16,1031.67,1034.62,1037.66,1040.12,1041.21,1041.88,1042.12,1041.86,1041.53,1041.29,1041.52,1041.62,1041.59,1041.62,1041.41,1041.05,1040.97,1041.83,1043.42,1045.51,1047.26,1048.18,1048.79,1048.41,1048.13,1049.22,1050.74,1051.80,1052.82,1054.45,1057.79,1060.74,1062.82,1064.90,1066.28,1066.90,1067.64,1069.08,1071.88,1075.69,1079.03,1081.76,1084.13,1086.15,1086.79,1087.64,1089.06,1090.29,1089.96,1088.39,1088.85,1089.92,1089.80,1089.06,1088.21,1086.97,1086.76,1089.49,1092.83,1094.98,1095.96,1097.20,1100.08,1105.23,1109.84,1111.26,1112.51,1114.28,1115.39
979.24,981.29,972.64,963.98,960.63,965.58,963.76,960.97,953.22,943.94,934.49,923.98,915.21,908.60,900.43,894.14,891.18,889.51,887.52,885.50,883.57,884.50,886.08,888.25,889.31,888.61,886.85,882.79,879.37,870.34,860.39,857.93,855.93,855.33,856.39,857.82,858.65,856.46,855.24,856.13,857.87,858.82,859.16,860.88,867.05,867.83,869.54,871.73,873.41,877.66,881.84,883.90,885.36,887.02,887.47,886.49,884.67,882.68,882.25,884.70,887.63,891.50,898.29,905.97,907.76,905.15,903.08,905.84,909.92,910.52,910.09,910.09,908.74,907.75,909.45,911.13,913.08,915.51,916.85,915.57,914.87,915.67,916.34,917.26,917.00,916.59,917.28,917.76,918.26,920.34,921.34,921.12,920.98,921.27,922.63,924.49,925.98,926.87,927.41,928.05,928.86,929.51,930.50,931.74,933.34,934.74,938.37,940.74,941.91,943.22,944.50,945.71,946.90,948.00,949.01,950.33,951.32,952.41,954.23,955.35,955.64,955.68,955.90,957.42,958.36,959.38,960.55,961.72,962.85,963.02,963.11,963.82,965.03,966.20,966.90,967.33,969.40,971.20,972.35,973.60,974.94,976.36,977.78,979.11,980.16,980.62,982.25,984.70,986.02,987.28,988.52,989.63,990.31,990.15,985.54,982.13,979.64,979.62,981.33,984.45,988.47,991.77,994.46,997.21,999.67,1001.16,1002.34,1003.74,1005.60,1007.44,1009.21,1010.12,1010.33,1010.58,1010.95,1012.39,1014.04,1015.67,1017.31,1018.38,1018.26,1018.67,1021.88,1027.35,1030.05,1030.79,1031.17,1033.29,1036.10,1038.72,1040.38,1041.57,1042.60,1042.97,1042.80,1042.46,1042.65,1043.09,1043.32,1043.26,1043.14,1043.01,1043.15,1043.85,1044.14,1044.89,1046.16,1048.13,1049.83,1050.67,1049.85,1049.86,1050.93,1052.51,1053.77,1054.77,1055.43,1057.53,1060.07,1062.15,1064.51,1067.14,1068.72,1069.58,1071.33,1074.15,1077.36,1080.50,1082.94,1085.11,1087.18,1088.68,1089.78,1090.86,1091.88,1091.67,1090.84,1091.23,1092.11,1092.01,1091.37,1090.25,1088.37,1088.52,1090.86,1095.47,1099.42,1100.44,1100.53,1100.82,1103.51,1107.87,1109.74,1111.28,1113.69,1116.78
974.61,978.47,972.62,964.60,955.48,956.03,953.65,951.02,950.31,946.11,940.03,929.24,922.55,914.77,902.19,893.23,888.81,886.61,884.59,882.71,881.34,880.41,880.14,881.10,883.73,885.38,885.78,884.45,881.85,875.70,863.47,858.85,856.61,855.64,855.67,857.11,857.49,855.75,854.93,855.28,856.62,857.86,858.88,861.25,869.41,874.27,874.37,878.78,880.28,876.22,878.87,881.91,883.32,884.64,884.16,882.46,880.76,880.15,883.46,889.17,893.53,896.23,900.41,903.43,900.65,899.11,900.70,904.97,907.54,908.10,907.20,907.25,906.61,906.04,907.72,909.43,911.88,914.55,915.51,914.10,913.13,913.68,914.73,915.63,915.08,914.62,914.96,915.49,917.13,919.24,919.92,919.40,919.15,920.31,921.92,923.71,924.60,924.98,925.85,927.78,929.12,929.62,929.96,930.82,932.48,934.25,938.56,941.39,942.81,944.14,945.37,946.56,947.68,948.74,949.78,951.13,952.46,953.60,954.76,955.67,955.64,955.42,955.22,955.55,955.99,957.58,959.46,961.03,961.58,961.27,961.23,961.86,963.14,964.19,965.06,966.60,969.20,971.30,972.80,974.05,975.38,976.77,978.03,979.52,980.90,981.80,982.98,984.60,985.66,986.70,987.65,988.52,989.71,990.89,990.69,990.31,987.14,982.40,982.44,984.44,987.64,990.62,993.24,995.87,998.41,999.75,1001.10,1003.39,1005.57,1007.58,1009.41,1010.10,1010.38,1010.71,1011.24,1012.75,1014.37,1016.02,1017.66,1019.28,1020.22,1020.15,1022.17,1027.99,1030.66,1032.63,1033.50,1035.30,1037.36,1038.88,1040.16,1041.65,1043.01,1043.79,1043.66,1043.78,1044.20,1044.63,1044.97,1045.01,1044.86,1044.95,1045.98,1046.81,1047.33,1047.18,1048.25,1049.46,1050.68,1052.22,1051.66,1051.43,1052.18,1053.94,1055.70,1056.84,1057.08,1057.96,1059.62,1061.77,1064.45,1067.27,1069.63,1072.40,1074.56,1076.98,1079.52,1081.91,1084.35,1086.68,1088.72,1090.26,1091.31,1092.38,1093.40,1093.34,1093.27,1093.72,1094.22,1094.31,1093.83,1092.32,1089.70,1089.83,1092.27,1095.85,1099.77,1101.86,1102.87,1102.86,1103.33,1105.20,1107.93,1109.72,1112.65,1117.83
965.20,970.35,963.62,955.61,948.19,946.11,944.13,936.77,939.18,940.11,938.09,925.88,915.60,907.83,898.66,893.54,888.82,885.02,882.27,880.33,879.32,878.03,877.32,877.78,879.96,882.08,882.76,883.32,882.67,879.69,866.96,860.50,857.43,855.99,855.68,856.50,856.80,855.51,854.57,855.03,856.28,857.47,858.55,859.93,867.25,876.78,883.41,887.07,888.48,883.91,877.89,878.52,881.06,882.16,881.43,879.66,879.32,880.07,888.96,898.19,901.09,901.87,901.90,900.66,898.69,897.79,900.14,902.24,903.63,904.38,903.82,903.82,903.91,905.67,907.62,909.02,911.25,913.91,914.07,912.43,911.51,911.96,913.39,913.89,913.09,912.59,912.79,913.92,915.92,917.87,918.21,918.21,919.20,920.26,921.74,923.47,924.25,924.97,926.40,928.20,929.68,930.81,932.04,932.91,933.80,936.38,939.78,941.91,943.67,944.72,945.47,946.01,946.87,947.64,948.92,950.74,952.60,954.40,955.61,955.88,955.27,954.62,953.49,953.21,954.24,956.02,957.55,959.00,959.49,959.60,959.63,960.12,961.28,962.36,963.57,965.67,968.06,970.27,971.32,972.58,974.23,975.67,977.21,979.07,980.63,981.74,982.72,983.32,984.06,985.11,986.17,987.19,989.38,991.12,991.81,991.85,991.12,989.44,988.16,988.87,989.50,990.74,992.33,994.12,996.12,997.69,999.74,1002.11,1004.46,1006.82,1008.86,1009.72,1010.38,1010.86,1011.44,1012.90,1014.53,1016.15,1017.77,1019.44,1021.67,1022.85,1023.99,1026.36,1029.80,1032.71,1034.28,1035.45,1036.48,1037.65,1039.32,1041.23,1042.96,1044.35,1044.87,1045.30,1045.73,1046.16,1046.60,1046.76,1046.59,1046.47,1047.97,1049.36,1050.00,1049.81,1050.51,1051.62,1051.95,1053.67,1053.74,1053.39,1053.57,1055.31,1057.23,1058.81,1058.81,1059.77,1061.40,1062.60,1064.49,1067.27,1070.14,1073.50,1077.67,1079.77,1080.81,1082.56,1085.34,1087.99,1090.23,1091.63,1092.72,1093.80,1094.89,1095.38,1095.68,1096.01,1096.28,1096.63,1096.32,1095.51,1093.12,1091.82,1093.83,1097.13,1099.91,1102.06,1104.08,1104.98,1105.33,1105.74,1106.96,1108.91,1113.37,1118.38
951.16,957.30,954.50,943.92,937.14,937.46,935.29,926.88,924.41,925.74,926.11,917.59,908.67,903.27,896.40,891.25,887.65,884.67,883.44,882.30,879.84,877.49,875.47,874.73,876.35,877.88,878.53,879.94,880.35,873.78,866.45,861.46,858.04,856.06,856.50,855.82,856.11,855.15,854.15,855.02,856.06,857.04,858.16,859.28,864.73,877.83,889.01,891.81,892.50,889.74,885.25,881.09,879.51,879.04,879.19,878.64,880.22,887.52,898.50,901.11,901.50,900.30,898.26,897.42,896.51,896.46,898.20,898.61,899.77,900.84,900.72,901.02,903.46,906.83,909.52,910.21,911.91,913.08,912.02,910.64,909.99,910.42,912.04,912.17,911.13,910.64,911.01,912.87,914.72,916.57,917.07,918.60,920.11,921.58,923.16,923.95,924.74,925.97,927.60,929.03,930.36,931.93,934.22,935.71,936.86,939.63,941.18,942.47,943.20,942.99,943.18,943.66,944.81,945.87,947.87,950.12,951.64,952.21,952.03,952.23,952.89,951.82,950.78,951.35,953.37,954.51,954.80,954.88,955.92,957.99,958.44,959.08,960.17,961.38,962.61,964.56,966.25,968.36,969.46,971.21,972.48,973.27,974.89,976.88,979.20,980.81,981.14,981.42,982.24,983.39,984.60,986.39,989.32,990.84,991.45,992.74,993.23,992.79,992.51,992.93,994.44,996.04,996.04,995.53,997.70,999.08,999.58,1001.65,1003.78,1006.03,1007.60,1009.44,1010.49,1011.05,1011.66,1013.03,1014.63,1016.26,1017.88,1019.49,1021.78,1023.70,1025.78,1027.56,1029.49,1031.16,1032.54,1033.74,1035.02,1036.84,1039.02,1040.85,1042.41,1043.86,1044.82,1046.11,1047.09,1047.70,1048.14,1048.48,1048.26,1047.94,1049.21,1050.40,1051.02,1051.13,1052.05,1053.28,1053.88,1054.84,1055.78,1055.47,1055.22,1056.20,1058.38,1060.39,1061.15,1062.11,1063.85,1065.01,1065.98,1067.28,1069.90,1073.26,1078.24,1080.76,1081.34,1082.76,1085.48,1088.37,1090.85,1092.76,1094.10,1095.21,1096.39,1097.02,1097.41,1097.72,1098.05,1098.84,1098.96,1099.36,1098.16,1095.48,1095.20,1098.72,1101.16,1102.67,1104.56,1106.44,1107.36,1107.80,1108.75,1110.07,1112.91,1116.77
942.96,944.57,943.26,936.26,931.18,930.62,931.17,925.08,917.98,912.35,910.93,907.85,904.79,901.65,895.42,889.22,888.04,888.30,887.57,884.13,879.99,877.44,875.19,873.07,871.92,871.69,870.60,870.74,870.62,867.67,864.29,860.96,859.30,858.80,859.37,856.72,855.36,854.51,854.00,855.09,855.55,856.57,857.71,858.92,862.87,875.76,889.68,893.87,895.53,894.99,893.50,892.69,893.98,891.65,889.60,889.37,893.38,898.89,900.56,900.94,900.00,897.04,894.63,893.99,893.84,894.57,895.64,896.27,897.74,898.71,899.33,900.52,904.33,907.80,909.89,911.07,911.57,910.79,909.76,909.04,908.70,909.58,910.85,910.39,909.74,909.66,910.19,911.94,913.72,915.49,917.14,919.07,920.35,921.56,923.48,924.67,925.37,927.11,928.98,930.25,931.10,932.37,934.19,936.30,938.72,940.48,941.39,941.61,941.38,940.89,940.64,941.61,943.00,942.93,944.53,947.30,948.83,948.78,948.59,948.86,949.73,949.27,948.94,950.40,952.55,953.07,953.28,954.12,954.60,956.31,957.79,959.33,960.35,961.28,962.27,963.53,964.73,965.91,967.16,968.39,969.47,970.29,971.83,973.63,975.62,977.69,978.54,979.39,980.65,981.96,983.25,984.77,987.53,989.16,990.33,992.20,993.94,995.19,995.87,996.40,998.29,999.79,999.53,998.77,999.54,1000.38,1000.42,1001.74,1003.50,1005.15,1006.80,1009.13,1010.52,1011.10,1011.83,1013.15,1014.74,1016.35,1017.91,1019.51,1021.42,1022.80,1024.73,1026.08,1027.71,1029.31,1030.87,1032.39,1034.07,1036.01,1038.09,1040.06,1041.67,1042.95,1043.42,1044.71,1046.26,1047.79,1049.13,1049.85,1049.75,1049.49,1050.15,1051.07,1051.83,1052.44,1053.54,1054.66,1055.71,1056.33,1057.48,1057.55,1057.30,1057.13,1058.57,1060.46,1063.38,1065.08,1066.50,1068.01,1068.80,1069.48,1072.37,1075.38,1078.12,1080.58,1081.36,1083.03,1085.50,1088.19,1090.62,1092.89,1095.14,1096.72,1097.94,1098.52,1098.70,1099.24,1099.76,1100.62,1101.13,1101.75,1101.11,1098.74,1096.65,1098.58,1101.44,1103.88,1105.38,1106.99,1108.69,1109.77,1110.74,1111.64,1112.85,1114.84
939.21,936.15,932.69,928.39,925.02,922.36,925.07,922.33,913.63,907.18,905.03,902.96,900.47,897.04,893.83,892.73,892.98,893.15,889.57,884.97,880.69,877.95,875.80,873.38,870.89,869.50,868.77,868.08,867.29,866.24,865.53,865.74,865.25,864.32,862.58,857.96,855.08,853.29,854.43,854.68,855.17,855.95,857.02,858.13,861.64,872.19,886.25,893.15,897.51,899.35,899.47,899.48,899.91,899.82,899.74,899.78,900.03,900.36,900.55,900.19,897.68,893.40,891.10,891.31,892.66,893.35,894.42,897.07,899.73,900.97,901.85,903.15,905.51,907.69,909.19,910.23,909.84,909.00,908.33,907.78,907.70,908.68,909.32,908.95,909.00,909.38,910.50,912.98,914.75,916.42,917.63,919.67,921.42,923.23,924.68,925.94,926.90,928.14,930.23,931.69,932.56,933.13,934.05,935.97,938.36,940.12,940.07,939.06,938.71,937.96,938.66,940.32,940.47,940.26,940.84,943.56,945.96,946.33,946.52,946.78,947.30,947.46,948.05,950.13,951.52,951.53,951.75,952.77,954.53,958.60,960.00,960.27,960.53,961.26,962.26,963.38,964.40,965.59,966.92,967.90,968.73,969.65,972.28,974.36,975.84,977.32,978.29,979.06,980.44,981.71,982.72,983.82,985.07,986.01,987.83,990.51,991.46,992.97,995.93,998.66,999.92,1000.16,1000.17,1000.17,1000.31,1000.77,1001.33,1002.20,1003.26,1004.57,1005.97,1007.85,1009.27,1010.35,1011.80,1013.28,1014.81,1016.37,1017.98,1019.54,1020.90,1022.07,1023.41,1024.62,1025.99,1027.88,1029.93,1031.70,1033.35,1035.10,1037.15,1039.24,1040.98,1041.87,1042.17,1043.06,1044.60,1046.31,1048.54,1049.99,1050.00,1050.11,1050.68,1051.58,1052.46,1053.45,1054.43,1055.37,1056.60,1058.17,1058.93,1059.45,1059.40,1058.82,1059.80,1062.01,1063.92,1066.45,1068.64,1070.71,1072.07,1073.61,1076.04,1078.69,1080.64,1080.82,1081.49,1083.24,1085.50,1087.62,1090.13,1092.74,1095.46,1097.70,1099.38,1100.17,1100.24,1100.56,1100.95,1101.77,1102.80,1103.42,1103.03,1100.87,1098.88,1099.16,1101.56,1104.27,1106.67,1108.11,1109.56,1111.17,1112.41,1113.32,1114.35,1115.68
935.99,934.62,932.08,928.04,923.56,919.86,918.86,917.93,912.12,907.63,903.13,899.62,897.75,897.43,899.08,900.07,900.00,897.98,893.16,889.74,885.38,880.28,877.48,876.97,875.73,870.76,869.31,869.31,868.90,868.23,870.61,876.99,878.74,873.42,864.87,858.41,854.89,852.59,853.84,854.08,855.00,855.16,855.90,857.26,860.69,868.31,878.68,885.96,892.77,899.49,900.00,900.03,900.06,900.09,900.14,900.20,900.28,900.32,900.01,898.02,894.05,890.36,889.58,895.10,898.97,897.00,894.73,897.05,899.20,900.70,901.70,902.53,903.73,905.92,907.53,908.44,908.03,907.38,906.68,906.31,906.60,907.31,907.95,909.22,910.62,911.28,913.23,917.63,919.74,920.42,920.57,920.97,923.01,925.10,926.66,927.57,928.57,929.52,931.12,933.39,934.25,934.43,934.49,935.17,936.86,936.51,933.38,933.35,934.39,935.24,936.94,938.23,938.28,938.71,939.31,941.63,943.36,943.75,944.03,944.55,945.14,945.68,947.28,949.50,950.09,949.88,950.35,951.44,953.59,958.31,958.60,959.16,960.30,961.17,962.28,963.45,964.50,965.91,967.46,968.55,969.12,969.85,973.00,976.70,978.23,979.29,979.54,979.90,981.25,983.07,984.39,985.75,986.72,987.17,988.03,988.82,989.34,990.49,992.94,996.79,999.77,1000.18,1000.36,1000.45,1000.69,1001.34,1002.38,1003.46,1004.26,1005.17,1005.96,1007.10,1008.60,1010.18,1011.73,1013.29,1014.89,1016.45,1017.95,1019.48,1020.97,1022.22,1023.59,1024.95,1026.25,1027.90,1029.88,1031.26,1032.63,1034.21,1036.10,1038.22,1040.16,1040.73,1040.71,1041.65,1043.18,1045.02,1046.95,1048.92,1049.81,1050.15,1051.63,1052.25,1053.12,1054.12,1055.05,1055.99,1057.28,1059.32,1060.00,1060.13,1060.32,1061.12,1061.91,1064.07,1065.56,1067.22,1069.90,1073.12,1075.72,1078.17,1079.48,1080.31,1080.99,1081.63,1082.13,1083.70,1086.46,1088.53,1090.34,1093.05,1095.70,1097.96,1099.92,1101.55,1102.27,1102.19,1102.16,1102.86,1104.12,1105.04,1105.08,1103.71,1102.09,1101.37,1102.10,1104.19,1106.97,1109.46,1111.07,1112.51,1113.94,1115.03,1116.01,1117.13
931.20,930.48,930.24,925.72,922.42,920.82,917.95,914.96,912.15,908.28,903.76,900.52,901.19,903.05,905.85,908.56,909.03,906.09,901.52,898.57,894.38,887.60,883.42,883.15,880.85,874.76,874.25,879.29,880.22,876.53,881.81,885.36,888.11,886.83,871.21,859.25,854.88,852.03,852.54,853.53,854.43,854.74,854.84,856.31,859.56,865.30,872.48,879.89,887.32,896.49,900.00,900.06,900.08,900.13,900.20,900.22,900.16,900.09,898.89,894.77,890.82,889.05,890.21,899.94,900.96,900.61,897.87,896.48,898.16,899.32,899.62,900.04,901.57,903.90,905.55,906.25,906.03,905.52,905.84,907.34,908.47,909.20,910.04,911.46,912.96,914.21,915.82,919.06,921.28,922.42,922.95,923.36,924.82,926.82,928.57,929.34,930.14,931.32,932.62,934.40,933.76,933.40,933.18,932.77,933.08,930.36,929.05,930.34,932.17,933.49,934.71,936.10,936.53,937.26,938.35,939.99,940.61,941.53,943.72,946.33,947.45,947.85,948.32,948.68,948.88,949.75,950.04,949.95,950.50,952.13,953.99,957.08,959.94,961.16,962.36,963.52,964.70,966.26,967.87,969.18,969.56,969.98,973.57,978.35,980.59,981.31,981.76,982.51,983.81,985.38,986.49,988.11,988.84,988.92,989.67,991.01,991.09,991.93,992.43,993.70,996.10,999.48,1000.25,1000.52,1001.31,1002.22,1003.35,1004.64,1006.02,1007.25,1007.75,1008.24,1008.70,1010.10,1011.69,1013.26,1014.87,1016.64,1018.31,1019.75,1021.34,1022.82,1024.27,1025.70,1027.09,1028.31,1029.51,1030.75,1032.00,1033.34,1035.04,1036.71,1038.35,1039.12,1040.40,1044.93,1047.72,1047.90,1049.26,1049.60,1049.67,1051.98,1056.08,1056.72,1057.14,1057.64,1057.12,1056.88,1057.92,1059.74,1060.29,1060.42,1061.26,1062.64,1063.94,1065.88,1068.13,1068.89,1071.82,1076.28,1078.77,1080.21,1080.63,1081.08,1081.49,1081.84,1082.66,1084.25,1086.75,1089.58,1091.35,1092.89,1094.29,1096.32,1099.12,1101.55,1103.64,1103.83,1103.62,1103.97,1105.21,1106.45,1107.16,1106.94,1106.38,1106.22,1104.97,1104.50,1106.75,1109.22,1111.24,1113.57,1115.35,1116.67,1117.73,1118.67
928.93,925.89,924.71,920.94,917.81,917.17,915.31,913.28,910.57,907.04,903.83,905.03,907.84,910.86,915.69,921.30,921.66,916.39,909.56,906.58,903.82,895.40,889.12,886.13,883.04,880.11,883.67,889.72,890.86,889.07,890.17,890.71,892.80,891.06,878.18,861.99,855.79,851.60,851.50,852.32,853.12,853.50,853.97,855.42,858.71,865.25,876.17,885.00,890.53,897.49,900.00,900.00,899.99,900.08,900.16,900.11,899.63,897.71,895.79,892.62,889.18,888.10,894.46,900.84,901.68,901.68,900.92,899.49,898.04,898.57,899.28,900.13,900.78,902.02,903.48,904.06,904.54,907.07,909.70,910.66,911.09,911.36,911.77,912.98,914.50,916.01,917.61,919.39,921.12,922.34,924.10,925.22,926.45,927.98,929.59,930.73,931.83,933.11,934.23,934.10,932.80,931.70,931.28,930.35,929.32,928.14,927.98,929.41,930.93,932.31,933.15,934.15,935.09,936.25,937.64,939.37,940.06,942.15,946.67,949.77,950.00,950.00,949.98,949.83,949.88,949.74,949.55,949.42,949.70,950.77,953.26,956.72,959.68,961.22,962.43,963.61,965.01,966.60,968.22,969.82,970.82,971.48,974.87,978.91,981.21,982.80,984.28,985.68,986.90,988.01,988.39,989.84,990.70,990.61,990.96,992.64,994.02,994.79,995.38,995.86,996.14,996.80,999.64,1000.28,1001.70,1003.13,1004.25,1005.84,1007.53,1009.19,1009.80,1010.01,1009.96,1010.37,1011.67,1013.19,1014.87,1016.70,1018.55,1020.22,1021.64,1023.03,1024.65,1025.98,1027.21,1028.38,1029.47,1030.67,1031.91,1033.56,1036.14,1038.71,1040.48,1041.87,1044.06,1048.62,1050.90,1051.88,1052.76,1052.85,1053.14,1055.79,1059.64,1061.02,1061.42,1061.74,1061.54,1060.88,1059.67,1059.68,1060.34,1061.17,1062.70,1064.33,1065.80,1067.46,1069.70,1071.12,1073.84,1078.03,1080.14,1080.39,1080.71,1080.64,1080.70,1081.53,1084.45,1085.84,1086.22,1088.00,1089.26,1090.27,1092.15,1094.95,1098.25,1100.83,1104.03,1105.40,1105.21,1105.15,1106.22,1107.61,1108.71,1109.28,1110.03,1110.22,1108.13,1106.56,1106.57,1108.54,1110.73,1113.20,1115.65,1117.81,1119.38,1120.43
927.47,923.07,920.17,917.93,915.67,913.51,911.84,910.26,908.60,906.37,906.75,911.66,920.75,926.40,929.11,934.21,935.57,928.78,919.93,917.18,914.48,904.01,893.72,888.24,886.17,888.51,892.36,896.80,899.17,896.04,897.87,897.37,893.86,890.32,879.43,864.53,856.87,851.50,850.69,851.34,852.08,852.89,853.82,854.99,857.96,865.12,879.48,892.31,898.70,899.94,899.98,899.50,899.24,900.01,900.10,900.04,898.78,893.58,890.53,890.30,887.94,887.87,898.92,901.17,901.91,902.65,902.91,903.87,901.84,900.82,900.66,901.14,901.73,902.16,903.38,905.46,909.45,910.59,911.08,911.66,912.22,912.68,913.20,914.35,915.69,916.82,917.89,919.01,919.67,921.28,922.99,923.54,924.53,925.81,927.74,928.80,930.62,932.10,933.71,932.31,931.31,930.25,929.25,928.09,927.41,926.68,927.03,928.55,930.00,931.30,932.49,933.64,934.85,936.12,937.96,939.72,940.20,942.28,945.72,948.13,949.28,949.50,949.50,948.98,949.07,949.02,949.01,949.31,950.23,953.07,954.06,956.31,959.44,961.18,962.47,963.84,965.21,966.58,968.04,970.00,972.25,974.09,976.23,978.27,979.78,980.88,982.90,985.63,987.84,989.52,990.16,990.79,991.94,992.40,993.07,994.26,996.00,997.29,998.31,998.60,998.36,997.87,998.53,999.74,1001.58,1003.66,1005.36,1007.29,1008.91,1010.16,1010.83,1011.15,1011.22,1011.85,1012.79,1013.71,1015.18,1016.56,1018.19,1020.31,1021.73,1023.11,1024.84,1026.64,1027.85,1028.64,1029.50,1030.67,1032.13,1034.56,1037.20,1039.51,1041.23,1043.33,1045.43,1047.41,1049.82,1051.70,1053.61,1055.26,1056.45,1058.56,1060.52,1062.57,1063.62,1064.29,1064.38,1065.11,1064.65,1062.48,1061.32,1062.38,1064.69,1066.59,1067.92,1068.80,1070.69,1072.55,1075.30,1078.16,1079.49,1079.72,1080.00,1079.90,1080.58,1083.51,1086.82,1088.22,1088.56,1089.90,1091.12,1092.43,1094.13,1095.62,1097.68,1100.93,1104.46,1106.86,1106.79,1106.59,1106.93,1108.46,1110.05,1111.21,1112.31,1112.82,1110.72,1108.78,1108.02,1109.42,1111.17,1113.32,1115.49,1117.93,1120.19,1122.11
926.30,923.67,921.47,918.81,915.76,912.89,910.80,909.93,908.64,907.85,910.63,921.49,932.26,940.78,942.40,944.91,949.46,944.71,932.45,929.64,926.78,916.16,902.03,892.31,893.43,898.51,899.22,904.11,908.11,903.34,903.20,901.38,892.24,884.35,877.19,867.96,857.88,851.01,850.13,850.97,851.92,852.83,853.75,854.54,855.89,864.87,880.28,893.09,898.71,899.04,897.76,896.63,898.82,900.00,900.06,900.01,899.51,893.17,888.27,886.71,885.86,890.21,898.34,900.31,900.88,901.82,902.63,903.78,904.20,903.09,902.55,902.85,903.27,903.65,906.11,909.42,910.61,911.26,911.87,912.45,912.84,913.09,913.44,913.93,914.14,914.75,915.38,916.31,917.07,919.77,920.82,921.02,921.57,922.53,923.53,924.02,925.86,927.91,929.82,929.58,928.36,927.01,926.44,925.71,924.92,924.50,925.71,927.43,929.76,931.51,933.08,934.23,935.14,936.20,937.84,939.56,939.95,940.92,943.53,945.83,947.02,947.57,948.14,947.98,948.15,948.47,948.89,949.39,950.66,955.30,956.57,957.09,959.38,961.24,963.06,965.23,966.44,967.23,968.18,970.06,971.81,973.45,975.31,976.89,978.31,979.41,981.77,984.12,985.96,988.90,990.84,991.64,992.41,993.50,994.80,995.99,997.44,998.73,1000.10,1000.63,1000.10,999.82,1000.80,1000.73,1000.95,1003.03,1005.76,1008.79,1010.10,1010.59,1011.36,1011.96,1012.55,1013.19,1013.76,1014.91,1016.68,1018.19,1018.77,1020.38,1021.79,1023.16,1024.92,1026.92,1028.60,1029.24,1029.55,1030.77,1032.98,1035.53,1037.98,1039.71,1041.09,1042.92,1044.88,1046.05,1047.86,1049.97,1052.24,1054.36,1056.35,1058.29,1060.58,1062.60,1064.26,1066.01,1067.38,1068.70,1069.46,1068.35,1066.33,1064.15,1065.67,1068.31,1069.73,1070.33,1071.60,1073.36,1075.28,1076.91,1078.71,1080.01,1080.46,1081.18,1084.10,1087.95,1089.90,1091.09,1092.01,1093.37,1094.75,1096.01,1097.48,1098.68,1099.98,1103.12,1106.35,1108.35,1108.36,1108.16,1107.98,1109.12,1110.99,1112.86,1114.22,1115.28,1114.06,1111.82,1110.27,1110.79,1111.89,1113.67,1115.55,1118.13,1120.37,1122.25
928.85,926.21,924.45,919.50,916.59,914.06,915.09,916.88,916.05,912.12,916.44,927.83,938.50,951.85,957.29,957.16,955.61,949.00,937.18,937.98,938.09,924.36,910.18,896.37,897.36,908.51,909.25,911.32,913.26,911.49,909.88,906.71,898.32,888.07,882.19,870.80,859.10,851.60,849.80,850.87,851.85,852.79,853.58,854.17,855.34,865.33,879.54,890.84,891.87,892.07,893.71,897.39,899.87,900.00,900.00,900.00,898.68,891.43,884.32,883.67,887.61,891.91,895.92,897.64,899.00,900.12,900.83,902.13,903.60,904.43,904.33,904.42,904.60,904.78,907.33,910.29,910.97,911.57,912.06,912.03,911.87,911.84,912.18,912.13,911.88,912.07,912.44,913.20,914.72,916.70,917.79,917.75,918.15,919.28,919.63,919.58,919.72,921.44,925.17,925.12,923.36,921.46,922.67,922.77,922.01,922.79,925.15,928.86,931.02,932.24,933.75,934.89,935.80,936.59,937.66,939.13,939.39,939.94,941.56,943.59,944.72,945.76,946.89,947.88,948.46,948.71,949.23,949.94,951.81,957.86,959.25,959.42,960.10,962.25,964.53,966.87,968.66,969.20,969.23,970.05,971.46,972.89,974.37,975.80,977.16,978.56,980.09,981.59,984.15,988.23,989.93,990.61,991.22,992.58,994.25,996.18,997.72,999.09,1000.69,1001.84,1001.70,1001.78,1002.56,1003.08,1002.63,1002.83,1004.35,1007.23,1009.53,1010.44,1010.88,1011.61,1013.01,1013.76,1014.73,1016.29,1017.92,1019.89,1020.30,1020.71,1021.88,1023.23,1024.99,1026.99,1028.98,1030.04,1030.09,1031.37,1033.84,1036.37,1038.42,1039.78,1041.13,1042.62,1044.35,1045.49,1046.97,1048.71,1050.99,1052.93,1054.82,1057.10,1059.58,1061.11,1062.83,1064.91,1067.59,1069.73,1070.35,1070.33,1070.06,1068.71,1067.29,1068.35,1069.80,1071.13,1072.60,1074.27,1076.69,1079.51,1081.20,1082.58,1083.78,1085.36,1088.28,1091.20,1092.70,1093.75,1095.00,1096.47,1098.03,1099.48,1100.68,1101.54,1102.82,1105.70,1108.62,1109.79,1109.90,1109.76,1109.44,1110.25,1111.85,1113.74,1115.71,1117.19,1118.00,1116.78,1114.58,1114.24,1114.25,1114.46,1115.70,1117.86,1119.61,1121.59
934.91,929.96,929.19,923.28,917.96,916.47,920.47,924.86,925.65,920.41,921.53,931.02,939.98,952.19,960.40,958.91,949.54,938.52,927.56,927.97,929.83,922.34,908.44,894.97,891.07,901.71,904.94,908.16,913.88,914.74,911.54,903.18,896.47,889.82,878.75,867.55,859.09,851.70,849.34,850.79,851.58,852.80,854.12,854.81,857.62,866.04,878.21,885.29,887.27,890.71,896.90,899.80,899.79,899.87,900.00,898.82,892.10,884.11,882.86,884.49,886.82,889.13,891.43,894.32,895.31,896.60,897.91,900.40,902.54,904.25,904.66,904.55,904.53,904.80,907.36,910.21,910.94,911.54,911.50,911.16,910.77,910.52,910.87,910.44,909.67,909.14,909.35,910.17,911.34,913.00,914.07,913.71,914.99,917.10,917.60,917.34,917.31,919.13,921.33,920.72,919.51,918.68,919.76,920.00,920.22,922.17,925.55,929.27,931.55,933.08,934.45,935.55,936.33,936.92,937.64,938.45,938.88,939.67,940.82,942.75,945.10,946.67,947.80,948.90,949.56,949.72,949.46,951.48,955.58,959.84,961.38,961.60,962.20,964.00,966.14,968.32,970.16,971.16,971.23,971.05,972.03,973.57,975.28,976.44,977.61,978.99,979.99,980.69,982.62,985.54,987.53,988.53,989.88,991.84,993.93,995.99,997.50,999.07,1000.94,1002.67,1003.52,1003.82,1004.32,1005.00,1005.19,1005.07,1005.70,1006.75,1007.39,1008.83,1010.03,1011.11,1012.93,1014.46,1015.90,1017.39,1018.87,1020.44,1021.74,1022.13,1022.68,1023.56,1025.06,1027.07,1029.09,1031.14,1031.87,1032.65,1034.67,1037.00,1038.51,1039.85,1041.19,1042.58,1044.25,1046.18,1048.22,1049.74,1050.20,1051.62,1053.42,1055.35,1057.27,1059.28,1061.12,1063.47,1066.58,1069.61,1070.48,1070.81,1070.72,1070.52,1070.36,1070.32,1070.99,1072.10,1073.61,1075.27,1078.62,1081.84,1083.68,1085.21,1086.69,1088.72,1090.63,1092.60,1094.40,1095.94,1097.43,1099.05,1100.64,1101.99,1103.06,1104.01,1105.58,1108.24,1110.51,1111.59,1111.90,1111.82,1111.62,1112.14,1113.33,1114.70,1116.63,1118.60,1120.26,1120.63,1118.88,1117.99,1117.28,1116.97,1117.16,1118.01,1119.73,1121.58
945.82,937.55,932.16,926.10,919.72,918.78,924.82,932.66,935.65,930.24,926.63,933.01,939.94,948.28,952.21,949.14,938.75,926.62,917.53,917.01,918.15,912.26,900.38,888.18,882.01,884.97,885.38,892.11,905.47,912.22,903.95,888.51,883.32,878.89,868.09,860.26,856.35,851.07,848.79,850.28,851.00,852.83,854.66,856.21,858.86,866.54,878.60,886.11,889.52,895.13,899.75,899.71,897.75,898.55,899.00,892.82,881.34,880.74,884.42,887.36,888.50,888.66,889.98,891.73,892.75,894.00,894.78,899.44,902.41,904.28,904.25,904.15,904.40,905.12,907.66,910.02,910.78,911.18,910.88,910.48,909.63,908.04,908.43,907.63,906.35,905.68,905.76,906.98,908.10,910.12,910.43,910.54,912.74,915.07,915.56,915.25,915.73,917.23,918.02,917.85,917.33,916.95,918.04,919.54,920.93,923.16,925.45,928.87,931.32,933.27,935.04,936.15,936.89,937.65,938.34,938.75,938.97,939.48,940.42,943.25,946.84,948.72,949.42,950.18,950.85,950.81,950.00,951.20,955.78,959.96,961.86,963.29,964.51,965.87,967.52,969.00,970.49,972.09,972.95,972.70,972.96,974.49,976.41,977.97,978.93,980.26,981.49,981.39,982.41,983.87,985.48,987.44,989.76,991.85,993.84,995.83,997.47,999.16,1000.91,1002.45,1003.90,1005.14,1006.00,1006.63,1007.13,1007.42,1008.56,1009.61,1009.64,1009.67,1009.98,1011.07,1013.02,1014.69,1016.19,1017.62,1019.07,1020.47,1022.07,1023.40,1024.20,1024.83,1025.48,1027.03,1029.16,1031.32,1032.88,1034.21,1035.58,1037.24,1038.58,1039.92,1041.34,1042.92,1044.82,1047.34,1049.51,1051.35,1052.17,1053.39,1054.79,1056.20,1057.61,1058.62,1060.07,1063.12,1066.82,1069.59,1070.38,1070.89,1071.27,1071.15,1071.03,1071.07,1071.91,1073.24,1074.61,1076.32,1078.98,1081.57,1084.27,1086.98,1089.17,1091.17,1092.60,1093.91,1095.47,1097.17,1098.98,1100.81,1102.60,1104.13,1105.39,1106.36,1107.51,1109.65,1111.47,1113.08,1114.00,1114.04,1113.99,1114.38,1115.33,1116.56,1117.55,1119.54,1121.57,1122.58,1121.74,1120.86,1120.27,1119.74,1119.32,1119.74,1122.00,1123.77
950.36,939.58,929.18,925.40,922.90,921.73,929.22,941.45,947.14,943.71,936.34,938.42,938.39,938.64,938.57,935.99,928.54,919.47,909.85,906.22,907.16,903.12,891.71,881.64,877.87,876.09,875.60,879.44,891.04,899.69,892.88,876.38,868.89,865.33,860.35,857.54,853.86,850.03,848.10,849.44,850.79,852.53,854.37,856.80,858.93,867.33,879.90,889.77,893.67,898.28,899.41,898.42,895.89,895.24,894.07,885.36,878.56,881.02,885.97,890.07,892.48,893.42,892.91,894.20,894.44,894.42,895.59,900.21,902.73,904.19,903.94,904.20,904.71,905.86,907.94,909.96,910.61,910.69,910.30,909.22,907.12,905.14,904.19,903.81,902.71,901.97,902.48,904.18,905.95,907.71,907.82,909.71,911.89,913.65,913.47,913.23,913.65,914.62,915.10,915.21,915.72,916.92,918.28,919.77,922.05,925.14,926.57,928.62,930.98,932.97,934.96,936.84,938.16,938.99,939.44,939.64,939.74,940.20,941.41,944.12,947.51,950.22,950.86,951.41,951.98,951.93,951.14,951.81,954.85,958.93,961.17,962.72,964.16,965.52,966.90,968.46,970.53,972.44,974.09,974.43,974.29,975.51,977.53,979.38,980.56,981.54,982.92,982.74,982.93,984.35,985.84,987.57,989.93,991.67,993.51,995.52,997.47,999.21,1000.82,1002.21,1003.63,1005.03,1006.35,1007.58,1008.55,1009.43,1010.23,1011.56,1012.03,1012.03,1012.16,1012.35,1013.33,1014.84,1016.70,1018.67,1019.59,1020.61,1021.79,1023.25,1024.78,1026.03,1026.72,1027.31,1028.82,1031.03,1032.66,1034.32,1035.92,1037.30,1038.60,1040.05,1041.76,1043.36,1045.21,1047.79,1050.26,1051.69,1052.94,1054.62,1056.41,1058.22,1059.86,1060.88,1062.31,1064.72,1067.30,1069.04,1069.99,1070.55,1071.27,1071.74,1071.67,1071.88,1072.76,1073.95,1075.61,1078.02,1080.32,1082.06,1084.23,1087.02,1089.74,1091.63,1093.35,1094.98,1096.51,1098.12,1099.89,1101.96,1104.05,1105.98,1107.61,1108.71,1109.57,1111.01,1112.63,1114.26,1115.76,1116.29,1116.46,1116.79,1117.43,1118.64,1119.40,1120.59,1122.49,1124.22,1124.27,1123.77,1123.67,1123.45,1122.50,1123.18,1125.93,1128.08
941.38,935.72,931.77,930.32,929.76,926.31,931.98,944.92,950.67,951.37,948.32,943.39,935.29,930.12,926.14,920.95,917.24,910.67,901.21,896.75,895.87,893.15,885.58,878.62,874.74,871.55,869.77,871.11,878.69,886.92,881.82,865.55,860.11,858.63,857.75,855.78,852.48,849.19,847.48,848.50,849.45,850.55,853.23,856.28,858.86,868.65,882.13,890.76,894.42,897.69,894.96,893.92,894.45,890.66,885.90,879.10,879.27,882.90,887.14,890.77,893.12,895.44,898.03,899.31,898.93,898.75,900.89,902.01,903.14,904.05,904.18,903.88,905.12,906.92,908.57,909.90,910.25,909.80,907.44,905.06,902.71,901.37,900.72,900.27,899.84,899.71,900.71,902.46,903.69,905.19,905.80,909.04,910.59,911.83,911.40,911.34,912.05,912.51,913.58,915.18,917.02,918.38,919.38,920.65,924.64,927.91,928.88,930.01,931.18,932.76,934.67,936.53,938.62,940.67,942.15,944.12,945.48,946.41,946.92,948.12,949.38,950.77,951.94,952.52,953.07,953.17,952.81,953.71,955.54,957.65,960.15,961.72,963.18,964.62,966.20,967.90,970.30,972.40,974.38,975.93,975.97,976.29,978.45,980.77,982.37,983.26,984.40,984.49,983.92,985.43,987.38,988.86,989.77,991.30,993.08,994.99,996.97,998.98,1000.74,1002.07,1003.48,1004.93,1006.33,1007.61,1008.89,1010.36,1011.57,1012.55,1013.75,1014.36,1014.50,1014.60,1015.06,1016.06,1018.13,1020.43,1020.68,1021.45,1022.38,1023.34,1024.52,1025.95,1027.42,1028.53,1029.29,1031.09,1032.77,1034.42,1035.91,1037.30,1038.62,1040.06,1041.99,1043.82,1045.60,1048.08,1049.53,1050.05,1050.76,1052.51,1054.54,1056.66,1058.97,1061.05,1063.13,1065.21,1066.89,1068.30,1069.29,1070.19,1070.98,1071.81,1072.25,1072.75,1073.68,1074.65,1076.96,1080.49,1082.92,1084.71,1086.11,1087.42,1089.89,1091.67,1093.31,1095.05,1096.79,1098.59,1100.17,1101.89,1104.23,1106.57,1108.86,1110.52,1111.49,1112.61,1114.05,1115.64,1117.09,1118.30,1118.95,1119.22,1119.73,1120.50,1121.41,1121.87,1123.37,1125.20,1126.63,1126.80,1126.94,1127.39,1126.81,1127.45,1129.93,1131.51
937.63,935.76,939.91,942.84,939.88,930.01,933.77,941.67,948.08,952.78,950.75,943.17,932.07,923.14,918.13,915.42,911.11,905.17,898.11,891.87,887.92,885.48,882.55,877.52,872.11,869.36,867.03,867.69,871.25,875.00,867.56,859.30,858.03,856.21,855.17,854.36,851.86,848.29,846.79,847.67,848.66,849.98,852.47,855.45,859.21,871.02,884.69,892.94,895.81,896.63,891.79,889.34,891.56,886.16,878.59,877.96,883.04,887.38,890.22,891.69,893.43,895.03,898.52,899.83,899.98,900.06,900.06,900.45,902.78,904.32,904.68,903.74,905.33,906.61,905.85,905.90,906.71,904.16,900.84,899.74,899.37,899.02,898.71,898.80,898.83,898.99,899.79,900.91,902.00,903.28,904.42,905.61,907.99,909.59,909.47,909.84,911.00,913.04,915.21,917.00,919.18,920.85,922.99,925.51,928.53,930.55,931.31,932.61,933.44,934.13,935.02,936.34,938.29,940.94,944.08,947.15,949.73,950.30,950.38,950.45,950.75,951.49,952.66,953.50,954.05,954.42,954.83,955.74,957.30,958.82,960.46,962.05,963.57,964.98,966.25,967.63,970.04,972.52,974.74,976.74,977.59,977.52,978.72,981.07,983.42,985.05,986.08,986.25,985.31,985.53,987.82,989.92,991.54,993.02,994.57,996.10,997.64,999.18,1000.51,1001.99,1003.53,1005.13,1006.53,1007.79,1008.99,1010.60,1012.25,1013.60,1014.78,1015.88,1016.68,1016.95,1017.33,1017.88,1018.89,1020.82,1021.60,1022.42,1023.32,1024.22,1025.13,1026.09,1027.19,1028.61,1030.04,1031.22,1032.87,1034.49,1035.90,1037.28,1038.63,1040.06,1042.01,1044.13,1045.99,1047.94,1048.83,1050.10,1051.11,1052.66,1054.71,1056.90,1058.77,1060.02,1061.97,1064.30,1066.26,1067.45,1068.53,1069.64,1070.63,1071.56,1072.55,1073.45,1074.39,1075.52,1079.81,1083.00,1085.47,1087.63,1089.00,1089.83,1091.13,1092.64,1094.11,1095.50,1096.80,1098.41,1100.17,1101.61,1103.70,1106.05,1108.29,1110.26,1112.09,1113.65,1115.17,1116.75,1118.23,1119.64,1121.02,1121.66,1121.98,1122.50,1123.28,1123.55,1124.45,1126.05,1127.86,1129.18,1129.72,1130.22,1130.12,1130.72,1132.32,1133.35
944.10,939.38,942.62,950.38,945.68,936.08,939.17,945.55,950.68,955.78,949.68,940.32,931.16,924.46,921.35,919.95,916.22,907.92,898.49,890.04,883.76,880.43,877.28,873.28,869.32,868.03,865.70,864.47,866.04,865.23,859.68,857.91,856.53,854.46,852.65,852.01,850.66,846.93,846.16,847.08,848.08,849.17,850.39,854.21,859.42,873.69,888.23,894.64,895.57,896.00,893.10,888.06,888.90,884.73,876.82,877.73,883.84,889.14,892.00,893.77,895.34,897.09,898.49,898.91,899.00,899.03,899.19,899.57,901.55,904.49,905.21,904.05,904.63,904.26,901.50,900.00,901.15,899.53,898.54,897.74,897.50,897.39,897.19,897.53,897.92,899.78,901.80,902.63,906.79,908.66,907.81,907.61,907.17,908.23,909.27,911.32,913.08,915.89,918.24,919.04,921.35,924.75,927.57,929.88,931.14,932.41,933.87,935.13,936.35,937.29,937.81,938.23,938.67,940.16,942.88,945.79,948.52,950.28,950.88,951.13,951.48,952.14,952.78,953.12,953.59,954.52,955.72,956.87,958.09,959.27,960.82,962.46,964.10,965.70,967.21,968.76,970.58,973.05,975.24,977.20,978.81,979.14,979.48,981.34,983.91,986.31,987.68,988.08,987.20,986.44,987.13,988.76,990.42,992.72,994.71,996.80,998.81,1000.39,1001.40,1002.68,1003.98,1005.30,1006.60,1007.77,1008.91,1010.19,1011.75,1013.33,1014.94,1016.42,1017.71,1018.83,1019.42,1019.39,1019.43,1020.99,1022.40,1023.32,1024.25,1025.18,1026.11,1027.03,1027.90,1028.83,1030.47,1031.56,1033.01,1034.51,1035.90,1037.25,1038.63,1040.06,1042.05,1044.17,1046.26,1047.91,1049.33,1050.72,1052.29,1054.19,1056.18,1058.41,1060.32,1061.42,1062.84,1064.05,1065.10,1066.43,1067.55,1069.05,1070.41,1071.57,1072.92,1073.89,1074.68,1076.34,1079.92,1083.45,1087.09,1089.93,1091.22,1092.06,1093.08,1094.53,1096.00,1097.40,1098.45,1099.34,1100.51,1101.70,1103.26,1105.15,1107.08,1109.03,1110.56,1112.18,1114.18,1116.18,1117.88,1119.55,1121.49,1123.49,1124.19,1124.72,1125.26,1125.47,1126.00,1127.07,1128.69,1130.25,1130.89,1131.42,1131.88,1132.54,1134.20,1135.68
947.91,943.00,947.18,954.88,949.97,944.48,949.04,955.11,959.80,957.22,944.50,932.17,923.80,920.56,920.01,919.96,918.12,911.46,904.17,896.32,883.22,877.09,873.53,870.23,867.41,865.96,864.89,862.39,860.44,858.74,857.31,856.41,855.11,853.00,850.90,848.85,847.53,845.45,845.54,846.51,847.44,848.42,849.51,851.83,858.88,874.30,888.48,890.12,891.46,892.74,890.34,885.61,885.20,883.91,876.48,875.94,883.60,890.41,893.88,895.09,896.23,897.24,897.65,897.94,898.20,898.27,898.61,899.25,900.26,904.27,905.63,904.48,901.17,898.44,896.72,896.76,898.12,897.66,896.84,896.05,895.73,895.69,896.36,898.03,903.95,910.96,915.41,917.51,918.09,918.81,916.98,913.45,911.48,914.03,916.03,917.47,916.89,918.74,921.32,922.66,924.68,927.90,930.32,931.40,932.58,933.72,935.29,936.82,938.50,939.90,940.23,940.31,940.58,941.64,944.08,946.63,948.82,950.08,950.60,950.98,951.47,951.66,951.83,951.81,952.31,953.41,954.65,955.91,957.22,958.58,960.53,962.34,964.12,965.85,967.57,969.28,971.37,973.57,975.73,977.65,979.60,980.93,981.34,982.45,984.86,987.14,988.97,989.79,989.45,988.88,988.16,988.28,989.15,990.54,992.39,994.62,996.96,999.51,1001.24,1002.50,1003.42,1004.45,1005.67,1006.93,1008.30,1009.91,1011.57,1013.17,1014.76,1016.25,1017.68,1019.15,1020.26,1020.59,1020.88,1021.85,1022.94,1023.85,1024.80,1025.73,1026.66,1027.59,1028.75,1029.93,1030.71,1032.06,1033.31,1034.61,1036.00,1037.52,1038.97,1040.40,1042.30,1044.34,1046.51,1048.66,1050.44,1051.59,1052.39,1053.62,1055.24,1057.35,1059.89,1061.34,1061.80,1062.30,1063.79,1065.34,1066.94,1068.87,1070.57,1071.96,1073.33,1074.38,1075.02,1076.41,1079.01,1082.19,1086.38,1090.26,1092.50,1093.88,1095.12,1096.44,1097.90,1099.36,1100.63,1101.56,1102.81,1103.89,1104.66,1105.31,1106.28,1107.79,1109.36,1111.38,1113.35,1115.04,1116.62,1118.22,1120.33,1123.35,1125.93,1126.79,1127.16,1127.55,1127.67,1128.66,1129.70,1130.96,1131.98,1132.97,1133.83,1134.66,1136.06,1137.91
947.31,946.11,953.43,960.62,953.16,952.49,957.30,962.10,962.73,953.61,937.85,923.63,917.45,913.00,907.78,903.89,903.47,901.00,899.66,899.71,891.00,880.85,874.49,868.63,865.81,863.60,862.94,861.87,859.04,855.61,854.34,853.67,853.60,852.40,850.13,846.51,844.83,844.71,845.25,846.20,847.10,848.04,848.91,850.41,858.06,872.96,884.32,882.96,883.87,884.92,879.26,875.24,878.03,879.50,874.86,875.21,886.77,894.19,895.31,895.75,896.15,896.47,896.84,897.18,897.59,898.19,898.79,899.17,900.39,905.09,905.61,902.47,897.67,893.66,892.64,894.32,895.36,895.50,894.87,894.26,894.50,899.76,904.23,906.33,912.04,915.30,918.82,920.51,920.81,921.04,921.21,920.65,919.62,921.43,922.24,922.29,921.10,921.76,924.26,926.24,928.40,930.02,931.21,932.55,933.83,935.11,936.48,937.93,939.42,940.66,941.35,941.70,942.30,943.63,945.18,945.93,946.66,948.20,949.62,950.35,950.71,950.65,950.72,950.56,951.13,952.37,953.65,955.13,957.14,959.11,960.98,962.80,964.56,966.35,968.11,969.80,971.95,974.22,976.30,978.29,980.16,981.65,983.18,984.26,985.91,987.88,989.61,991.31,991.65,991.35,990.25,989.96,990.22,992.22,993.03,993.30,994.53,996.84,999.31,1000.93,1002.06,1003.29,1004.77,1006.57,1008.41,1010.27,1011.74,1013.16,1014.63,1016.23,1017.73,1019.21,1020.31,1021.14,1021.80,1022.51,1023.37,1024.29,1025.32,1026.27,1026.99,1027.94,1029.21,1030.15,1031.30,1032.69,1033.91,1035.30,1036.77,1037.75,1039.13,1040.87,1042.78,1045.03,1047.20,1049.61,1051.62,1052.93,1053.98,1054.64,1055.24,1056.23,1058.36,1059.62,1059.95,1061.27,1063.17,1065.15,1067.20,1069.28,1070.94,1072.36,1073.76,1074.96,1075.65,1077.96,1080.26,1082.00,1085.51,1089.54,1091.60,1093.03,1095.34,1097.64,1099.42,1101.20,1102.71,1103.88,1105.28,1106.63,1107.39,1107.75,1107.93,1108.30,1109.39,1110.96,1112.42,1113.87,1115.28,1116.77,1119.06,1121.84,1125.26,1128.39,1128.91,1129.40,1129.44,1130.22,1131.10,1132.19,1133.50,1134.67,1135.58,1136.50,1137.26,1138.74
948.29,948.53,953.18,962.86,957.73,958.91,964.33,966.37,961.70,951.04,933.79,927.02,927.77,923.92,913.40,898.82,892.88,888.76,886.50,887.14,888.55,885.49,880.03,873.07,868.26,863.23,860.02,859.09,856.44,853.45,851.34,850.95,851.16,850.82,848.81,845.49,844.59,844.50,845.35,846.28,847.20,848.13,849.05,850.80,856.60,867.22,874.48,870.16,872.33,872.06,866.25,865.48,869.47,872.36,871.26,874.88,888.57,893.25,894.28,895.08,895.56,895.87,896.43,897.27,897.92,898.63,899.32,900.88,905.18,906.98,904.41,898.65,893.72,890.33,890.19,891.80,892.57,892.84,892.89,893.98,902.84,911.41,911.95,912.14,914.82,917.89,920.05,920.73,920.89,921.28,921.54,922.06,922.69,923.40,924.36,925.03,925.26,925.96,927.22,928.40,929.81,930.78,931.85,933.27,934.60,935.77,936.63,937.89,939.15,940.32,941.36,942.19,942.82,943.25,942.76,942.65,943.07,944.73,947.06,949.68,949.71,949.31,949.41,949.41,950.36,951.62,952.98,954.35,956.27,958.37,959.87,961.36,963.06,965.13,967.67,969.98,971.83,973.35,974.57,976.27,978.16,980.70,982.32,984.18,986.07,987.93,989.65,991.59,993.15,994.04,994.51,994.85,995.50,996.72,997.39,996.84,995.86,995.55,996.89,999.30,1000.91,1002.24,1004.07,1006.03,1008.08,1010.04,1011.56,1013.01,1014.49,1016.15,1017.79,1019.28,1020.37,1021.41,1022.33,1023.04,1023.87,1024.90,1026.50,1027.79,1027.82,1028.29,1029.44,1030.38,1031.85,1033.33,1034.60,1036.35,1038.30,1039.39,1039.72,1040.96,1042.77,1045.24,1047.69,1049.96,1051.90,1053.68,1055.22,1056.40,1057.12,1057.86,1059.47,1060.54,1061.10,1062.61,1064.50,1066.53,1068.42,1070.02,1071.40,1072.83,1074.23,1076.35,1078.86,1080.98,1082.57,1083.56,1085.08,1087.52,1089.70,1091.39,1094.21,1096.91,1099.43,1102.13,1104.12,1105.90,1107.64,1109.18,1109.98,1110.11,1110.10,1110.24,1110.78,1112.05,1113.50,1115.11,1116.68,1117.87,1118.54,1120.07,1124.05,1128.55,1129.68,1129.91,1130.24,1131.23,1132.27,1133.51,1134.98,1136.28,1137.31,1138.22,1138.65,1139.39
953.90,955.06,961.25,968.06,964.03,967.27,971.16,967.56,958.62,946.49,938.10,939.30,935.81,925.05,910.81,899.94,892.51,886.56,880.40,878.41,878.89,880.27,883.03,884.75,878.43,866.11,858.05,854.43,851.62,850.55,849.53,849.05,849.08,848.64,846.77,844.92,844.35,844.28,845.42,846.35,847.18,848.04,848.79,849.64,853.95,858.88,859.99,858.64,861.38,861.95,864.49,869.04,868.91,868.25,869.20,874.89,883.66,887.22,889.71,893.24,895.12,895.42,895.95,897.16,898.27,899.12,900.35,905.46,908.45,908.03,901.62,892.93,890.29,889.32,889.25,889.75,890.20,891.38,897.72,905.50,911.26,913.86,915.34,916.13,918.15,919.90,920.26,919.85,919.72,920.23,919.71,919.50,919.58,920.36,921.74,922.51,923.29,923.45,923.64,925.44,928.58,930.33,931.70,932.91,933.71,934.40,934.77,935.54,936.95,939.30,940.75,940.99,941.42,941.25,940.27,940.02,940.32,942.63,945.59,947.93,947.74,947.49,947.88,948.85,950.27,951.46,952.90,953.87,955.16,956.92,958.15,959.11,960.15,962.47,965.59,968.12,969.25,969.93,970.55,972.11,975.12,978.34,980.37,982.41,984.39,986.12,988.61,990.50,991.36,992.53,993.57,995.23,998.93,1000.17,1000.39,1000.26,999.54,998.37,997.29,997.68,999.51,1001.27,1002.93,1005.42,1008.04,1010.04,1011.40,1012.84,1014.35,1016.03,1017.73,1019.34,1020.51,1021.64,1022.75,1023.54,1024.46,1025.99,1027.82,1029.38,1029.58,1029.50,1029.73,1030.86,1032.41,1033.93,1035.46,1037.30,1039.03,1040.62,1041.30,1041.42,1042.79,1045.17,1047.73,1050.53,1052.71,1054.34,1055.89,1057.38,1058.74,1059.95,1061.45,1062.68,1063.49,1064.85,1066.63,1068.71,1070.31,1071.14,1072.22,1073.47,1074.85,1078.52,1081.53,1083.36,1085.02,1086.00,1086.79,1088.66,1090.10,1091.29,1093.50,1096.06,1098.68,1101.03,1103.40,1105.93,1108.24,1110.26,1111.67,1112.07,1112.17,1112.29,1112.63,1113.67,1115.19,1116.77,1118.67,1120.21,1120.75,1120.81,1124.03,1128.42,1129.85,1130.54,1131.25,1132.33,1133.43,1134.83,1136.30,1137.74,1138.98,1139.89,1140.36,1140.83
964.77,965.98,973.86,976.37,975.30,976.86,974.39,966.84,960.71,955.38,950.56,942.38,929.97,917.41,908.43,902.67,896.94,892.37,883.00,876.77,875.05,876.33,879.68,888.95,886.29,868.96,858.33,853.16,849.78,849.21,848.85,848.27,847.67,846.96,845.84,844.77,844.16,843.88,845.12,845.96,846.67,847.37,848.10,849.17,851.75,853.75,856.00,860.05,862.36,863.63,871.86,878.71,879.87,877.32,876.76,880.03,883.00,885.16,887.78,890.27,893.06,894.80,895.38,896.58,897.87,899.24,902.81,907.43,908.99,906.16,896.66,889.33,888.97,888.62,888.47,888.84,889.73,898.87,908.78,911.59,913.39,915.34,916.32,916.01,915.53,917.30,917.16,914.31,912.51,911.71,913.35,915.64,916.23,917.24,918.65,919.15,919.44,919.53,919.78,921.95,925.76,928.64,930.51,931.52,932.16,932.66,932.98,933.15,934.58,937.58,939.36,939.44,939.84,939.95,939.43,939.34,939.82,941.63,944.17,945.29,945.50,946.29,947.24,948.73,950.62,952.39,954.75,955.61,955.88,956.15,957.23,958.31,959.34,961.16,964.13,966.14,967.20,967.57,968.72,970.53,973.05,975.83,978.40,980.43,981.73,981.74,981.72,981.61,981.90,982.72,986.33,989.68,992.31,996.52,999.35,1000.77,1001.42,1001.24,1000.01,999.05,999.17,999.94,1001.56,1004.59,1007.76,1010.26,1011.45,1012.71,1014.20,1015.89,1017.54,1019.21,1020.75,1021.89,1023.02,1024.09,1025.40,1027.02,1028.49,1030.25,1031.19,1031.29,1031.49,1031.92,1032.94,1034.41,1036.04,1037.73,1039.33,1040.99,1042.63,1042.91,1043.10,1045.14,1047.75,1050.28,1052.00,1053.93,1056.40,1057.98,1059.52,1060.97,1062.47,1063.94,1065.54,1067.17,1068.77,1070.27,1071.36,1072.18,1073.15,1074.89,1078.61,1081.73,1083.73,1085.63,1087.41,1088.67,1089.40,1090.72,1092.45,1092.86,1093.64,1095.66,1098.10,1100.48,1102.88,1105.25,1107.62,1109.91,1111.71,1113.54,1114.18,1114.34,1114.67,1115.40,1116.87,1118.42,1120.13,1121.91,1123.45,1124.18,1125.88,1128.80,1130.47,1132.93,1134.07,1134.83,1135.22,1135.91,1137.47,1139.01,1140.45,1141.47,1142.23,1142.55
973.59,979.88,984.31,986.13,985.43,982.70,976.40,969.34,963.45,956.99,949.67,936.61,924.09,917.46,913.79,910.42,906.40,902.92,892.43,878.69,872.19,872.30,873.87,880.91,882.18,869.08,857.61,852.38,849.51,848.82,848.21,847.69,847.06,846.35,845.55,844.63,843.87,843.46,844.45,845.25,845.93,846.63,847.46,848.60,850.19,854.65,865.94,876.23,878.52,878.21,881.59,886.83,888.41,885.62,884.57,885.59,888.25,889.61,888.89,890.29,892.32,893.76,895.03,896.33,897.92,899.70,903.90,907.49,906.83,900.67,891.11,888.67,887.79,887.49,887.45,888.41,894.72,906.92,911.52,913.25,914.27,914.26,913.26,912.13,910.21,909.07,910.46,908.77,908.19,908.56,910.90,912.74,913.71,914.68,915.92,916.72,917.45,918.04,918.78,920.46,923.23,925.61,928.22,929.90,930.53,930.93,931.23,931.11,932.33,935.39,936.96,937.43,938.15,938.85,938.88,939.06,939.79,941.00,942.78,944.43,946.22,947.77,948.34,948.92,951.29,953.87,956.78,958.09,958.02,957.30,958.02,959.46,959.96,960.98,962.74,964.22,965.25,966.55,968.86,970.53,972.04,974.29,976.75,978.67,979.27,979.41,979.31,979.28,979.30,979.75,982.86,986.34,986.52,987.92,989.86,992.88,996.82,1000.98,1002.32,1001.96,1001.56,1001.84,1002.22,1004.85,1008.15,1010.47,1011.67,1012.97,1014.33,1015.48,1016.81,1018.80,1021.10,1022.28,1023.50,1024.70,1025.81,1026.94,1028.11,1030.20,1032.13,1033.14,1033.54,1033.88,1034.51,1035.22,1036.44,1038.11,1039.88,1041.76,1043.36,1044.54,1044.52,1044.89,1047.11,1049.06,1050.93,1053.86,1057.09,1058.60,1060.08,1061.53,1062.99,1064.52,1066.48,1068.57,1070.19,1071.14,1072.28,1073.25,1074.35,1078.47,1081.33,1083.29,1085.73,1087.80,1089.66,1091.00,1092.13,1093.19,1094.80,1095.10,1095.30,1095.93,1097.83,1099.97,1102.13,1104.38,1106.68,1108.93,1111.05,1113.39,1115.52,1116.37,1116.80,1117.40,1118.66,1120.06,1121.29,1122.99,1124.93,1127.10,1128.49,1130.55,1132.67,1135.16,1137.00,1137.62,1137.60,1137.29,1138.15,1139.83,1141.60,1142.90,1143.88,1144.55
983.48,991.45,994.31,994.16,989.47,981.45,974.32,967.66,958.60,949.35,941.62,932.14,925.67,925.74,923.92,921.07,915.58,907.40,896.56,882.23,872.15,868.33,869.31,873.25,871.89,864.06,852.34,850.25,849.26,848.57,847.88,847.27,846.91,846.11,845.43,844.66,843.74,843.05,843.69,844.60,845.20,846.02,847.09,848.21,849.98,855.59,872.15,883.15,887.46,890.93,891.57,893.85,893.90,890.44,889.83,891.01,891.99,893.51,893.23,893.56,894.92,895.53,896.43,897.65,898.98,901.48,903.76,903.46,898.75,891.61,888.10,887.13,886.25,886.25,887.84,893.40,902.35,910.10,912.19,912.67,912.22,911.39,909.61,906.66,904.45,905.13,906.24,905.85,906.82,908.40,913.79,915.53,916.03,916.19,916.43,916.82,917.40,918.09,918.71,919.86,921.55,922.94,924.82,927.04,928.45,929.05,929.44,929.49,930.66,933.13,934.77,936.08,937.19,938.09,938.64,939.32,940.28,942.37,944.89,946.97,948.66,949.61,949.95,950.76,954.05,956.07,958.76,960.55,959.85,958.64,958.60,960.66,962.53,963.05,964.02,964.90,965.57,966.19,968.52,970.75,972.03,973.46,975.55,977.24,978.05,978.43,978.57,978.67,979.04,979.69,981.90,983.04,983.53,984.62,986.05,987.48,988.99,994.69,1000.71,1002.77,1003.66,1004.60,1005.19,1006.05,1008.59,1010.89,1012.43,1013.99,1015.53,1016.65,1017.25,1018.74,1021.01,1022.53,1024.04,1025.47,1026.70,1027.82,1028.91,1030.30,1031.99,1033.64,1035.05,1035.85,1036.34,1036.83,1037.55,1038.57,1040.11,1042.08,1044.03,1045.63,1046.32,1046.10,1046.51,1048.29,1050.88,1054.42,1057.83,1059.44,1060.68,1062.07,1063.50,1065.19,1067.28,1069.33,1070.78,1071.80,1072.87,1073.93,1076.96,1080.62,1082.69,1084.66,1087.22,1089.63,1091.52,1092.98,1094.30,1095.81,1097.14,1097.38,1097.50,1097.67,1098.78,1100.48,1102.43,1104.52,1106.78,1108.77,1111.01,1113.58,1116.16,1117.87,1118.67,1119.60,1120.05,1121.34,1122.38,1124.13,1126.23,1127.80,1129.15,1131.78,1134.51,1137.04,1139.33,1140.17,1139.90,1139.44,1139.30,1140.61,1142.43,1144.13,1145.38,1146.34
993.83,1000.99,1001.71,996.51,988.36,978.31,969.57,962.70,953.73,946.15,939.28,934.09,935.40,937.83,933.92,927.81,917.07,906.28,894.27,882.46,874.46,868.56,864.84,864.92,862.41,855.85,849.58,849.20,848.73,848.04,847.39,847.20,847.30,846.65,845.60,844.58,843.44,842.67,843.34,844.19,844.99,845.87,846.92,847.95,848.96,853.40,872.44,885.07,892.77,894.95,895.17,895.33,895.59,895.62,895.90,896.17,896.50,897.63,897.12,896.65,896.72,897.26,898.36,899.78,901.46,902.10,896.99,891.74,888.59,886.90,885.54,885.02,884.47,885.83,891.71,898.72,906.89,910.89,911.06,909.58,907.19,905.98,902.72,900.28,900.69,902.35,904.13,906.37,909.59,911.96,917.78,919.15,919.26,919.32,919.33,919.25,919.53,920.63,921.43,923.78,926.07,926.07,925.36,925.34,926.20,927.17,927.97,928.99,930.39,933.23,935.62,937.22,938.22,938.88,939.20,940.24,943.31,945.90,948.34,950.01,951.13,951.90,952.61,954.81,959.10,960.31,960.91,962.49,962.05,959.98,959.61,962.13,965.83,966.32,967.02,967.54,967.55,967.55,968.75,970.98,972.38,973.85,975.28,976.35,977.29,977.80,978.18,978.60,978.99,979.53,980.94,984.30,986.53,986.48,986.11,986.30,987.68,989.62,994.87,999.93,1002.09,1004.36,1007.12,1009.19,1009.75,1011.68,1013.50,1015.14,1016.70,1018.16,1018.92,1019.22,1020.59,1022.24,1023.92,1025.53,1027.03,1028.48,1029.83,1030.75,1032.21,1033.83,1035.43,1036.91,1037.97,1038.54,1039.19,1039.88,1040.88,1042.55,1044.46,1046.30,1047.72,1047.99,1047.67,1048.35,1051.07,1054.99,1058.60,1060.54,1061.79,1063.03,1064.28,1065.73,1067.40,1069.28,1070.77,1071.79,1072.70,1073.70,1078.25,1081.61,1083.69,1085.76,1087.88,1089.92,1092.08,1094.23,1096.12,1097.86,1099.37,1099.66,1099.72,1099.95,1101.00,1102.03,1103.28,1105.57,1108.04,1110.29,1112.01,1114.50,1116.80,1118.54,1120.02,1121.11,1121.34,1122.35,1123.47,1125.02,1126.39,1127.63,1128.76,1131.38,1134.33,1137.26,1140.00,1141.96,1141.98,1141.61,1141.54,1142.41,1143.97,1145.40,1146.69,1147.88
1001.54,1005.79,1002.29,993.91,984.99,976.61,970.67,966.34,958.56,950.11,943.49,943.24,946.60,944.17,938.56,927.47,913.82,901.09,891.73,882.51,875.98,869.91,863.38,859.15,855.63,850.89,849.26,848.58,848.18,847.52,847.20,847.30,847.46,847.39,846.34,844.71,843.15,842.33,843.06,843.98,845.10,845.73,846.69,847.70,848.75,853.45,872.66,888.14,894.80,895.10,894.50,892.37,891.51,893.55,894.30,894.92,895.12,896.94,899.52,899.44,899.40,899.09,900.20,901.72,900.55,894.57,886.48,885.37,884.02,882.99,882.62,883.59,888.00,891.72,896.37,902.27,907.62,907.33,903.18,899.64,899.20,899.97,899.04,898.83,899.75,903.45,907.12,910.77,918.84,921.13,921.50,921.70,921.88,922.19,922.31,922.24,923.42,928.15,930.26,930.51,930.35,929.85,928.90,928.07,927.92,928.32,928.79,929.33,930.83,935.09,938.60,939.45,939.90,940.29,940.40,944.03,947.76,949.88,952.00,952.60,953.49,954.34,955.69,958.04,960.61,962.35,963.36,964.30,965.08,963.96,964.08,967.07,969.07,969.42,969.87,969.82,969.30,969.04,969.74,972.35,974.13,975.84,977.04,977.60,978.13,978.51,978.86,979.20,979.41,980.31,986.14,990.18,991.60,990.56,988.79,987.95,987.93,988.62,989.94,994.87,999.08,1000.80,1004.29,1009.90,1011.52,1012.94,1014.37,1015.77,1017.30,1018.80,1020.13,1020.73,1021.24,1022.32,1023.83,1025.43,1026.92,1028.46,1029.99,1031.28,1032.59,1034.15,1035.62,1037.12,1038.70,1040.00,1040.91,1041.54,1042.30,1043.29,1044.83,1046.69,1048.51,1049.72,1049.35,1048.95,1051.09,1055.43,1059.61,1061.48,1062.89,1064.23,1065.49,1066.75,1067.96,1069.38,1070.70,1071.63,1072.54,1073.86,1078.73,1081.43,1083.34,1085.36,1087.61,1089.91,1092.13,1094.31,1096.45,1098.56,1100.59,1101.56,1101.88,1102.28,1103.21,1104.40,1104.95,1106.28,1108.78,1111.24,1113.30,1115.41,1117.38,1119.22,1120.78,1122.02,1122.70,1123.63,1124.47,1125.46,1126.66,1127.78,1128.73,1131.11,1134.07,1136.98,1139.85,1142.74,1144.11,1143.97,1143.94,1144.60,1146.09,1147.04,1148.17,1149.25
1009.04,1011.24,1006.14,995.67,986.42,980.73,977.85,973.62,963.73,955.43,952.47,952.25,949.16,940.46,930.36,924.23,914.84,904.63,898.60,886.29,877.15,869.78,864.88,860.88,855.14,850.26,849.07,848.26,847.62,847.24,847.30,847.43,847.59,847.72,847.17,844.75,842.95,842.00,842.77,843.74,844.94,845.37,846.25,847.44,848.52,854.20,873.21,889.87,894.17,892.74,889.14,887.91,889.17,891.03,892.47,893.44,894.42,897.83,900.14,900.38,900.46,900.45,901.17,900.14,890.48,884.07,880.24,881.02,880.33,880.00,880.97,884.27,889.52,892.82,894.77,896.83,900.60,899.29,897.85,896.75,897.47,897.79,897.69,898.53,900.24,906.72,912.09,918.63,921.16,922.19,923.17,923.75,924.25,924.91,925.35,925.74,927.43,929.07,929.55,930.39,931.26,931.24,930.85,930.50,930.32,930.42,930.71,931.29,933.53,937.07,940.47,941.39,941.88,942.45,942.62,947.10,950.42,951.89,954.17,955.34,956.06,956.83,957.78,959.96,961.47,962.76,964.29,965.71,966.89,967.89,969.03,970.55,970.89,971.18,971.55,971.40,971.18,970.97,971.58,974.61,976.41,978.02,978.88,979.35,979.46,979.70,980.63,981.80,983.92,988.24,992.66,995.51,997.10,996.90,994.26,992.76,991.60,991.11,991.70,992.41,995.82,997.38,998.94,1001.45,1007.17,1011.49,1012.60,1013.67,1015.48,1017.20,1019.62,1021.70,1022.57,1023.35,1024.21,1025.42,1026.92,1028.52,1030.07,1031.50,1032.90,1034.33,1035.76,1037.27,1038.89,1040.60,1042.07,1043.13,1043.96,1044.78,1045.67,1047.05,1048.90,1050.88,1051.29,1050.17,1051.04,1054.12,1057.86,1060.33,1061.82,1063.36,1065.18,1067.30,1069.01,1070.19,1071.00,1071.88,1072.70,1073.93,1077.60,1080.63,1082.72,1084.89,1087.28,1089.55,1091.64,1093.80,1096.18,1098.59,1100.78,1102.66,1103.86,1104.57,1105.45,1106.60,1107.55,1107.70,1108.95,1111.09,1113.43,1115.82,1118.00,1119.90,1121.35,1122.70,1123.88,1124.67,1125.39,1126.28,1127.41,1128.53,1129.83,1131.81,1134.57,1137.35,1139.88,1142.80,1145.49,1146.35,1146.41,1146.83,1147.97,1148.58,1149.79,1150.72
1014.97,1017.13,1013.34,1004.44,992.59,988.32,984.87,978.89,970.00,962.53,954.35,946.10,939.12,929.17,916.49,911.36,907.74,901.26,895.71,884.91,877.27,871.30,865.46,859.76,854.19,849.90,848.90,848.08,847.27,846.91,847.03,847.18,847.32,847.48,847.13,844.56,842.56,841.70,842.61,843.66,844.69,844.91,845.62,846.99,848.41,854.77,873.60,887.25,888.85,885.41,886.48,889.30,890.89,892.09,893.01,893.75,894.94,898.04,900.10,900.57,900.72,900.81,900.84,897.80,883.76,879.09,878.04,878.13,879.50,880.61,881.46,883.91,886.94,888.93,889.47,891.53,896.31,896.19,895.40,894.88,895.59,896.45,897.88,899.72,907.13,911.61,914.68,919.06,920.18,921.61,923.23,923.95,924.12,925.00,925.69,926.66,927.13,927.19,927.59,929.77,930.99,931.79,932.08,931.99,931.92,932.11,932.51,933.29,935.83,938.91,941.13,942.80,943.64,944.25,944.66,946.26,948.73,950.25,953.56,956.92,958.36,959.22,960.01,960.97,962.24,963.64,964.89,966.16,967.49,968.90,970.30,971.37,972.08,972.62,973.25,973.83,973.83,974.64,976.57,978.07,979.14,980.17,981.27,981.86,982.80,985.88,989.42,991.18,992.35,993.75,996.39,999.44,1000.82,1001.25,1001.36,1001.31,1000.14,997.47,995.58,994.09,993.87,994.98,996.23,997.65,999.43,1003.27,1008.34,1010.96,1012.92,1015.41,1019.59,1022.00,1023.52,1024.38,1025.30,1026.20,1027.21,1028.57,1030.17,1031.67,1033.13,1034.47,1035.92,1037.41,1038.97,1040.45,1041.90,1043.35,1044.76,1046.02,1047.07,1048.07,1049.24,1051.12,1053.32,1053.27,1053.78,1056.13,1056.38,1057.56,1059.59,1061.09,1063.33,1065.83,1068.23,1070.09,1071.22,1072.13,1072.82,1074.41,1077.64,1080.46,1082.32,1084.43,1086.51,1088.44,1090.65,1092.89,1095.26,1097.87,1100.31,1101.82,1103.72,1105.70,1107.26,1108.39,1109.74,1110.28,1110.36,1111.46,1113.53,1115.89,1118.31,1120.41,1121.96,1123.35,1124.68,1125.45,1126.22,1127.10,1128.66,1130.04,1131.26,1133.31,1135.39,1137.66,1140.14,1142.88,1145.35,1147.32,1148.56,1149.11,1149.59,1150.13,1151.06,1152.03
1020.72,1021.46,1017.24,1010.54,1001.70,996.90,990.22,982.44,972.90,963.93,953.24,939.18,928.79,918.97,910.05,903.88,897.75,891.61,885.70,879.35,873.55,869.83,864.18,857.90,852.19,849.35,848.54,847.78,847.07,846.32,846.12,846.27,846.39,846.51,846.29,844.28,842.13,841.45,842.39,843.10,843.78,844.19,844.94,845.83,848.05,855.18,873.88,882.52,880.99,883.05,889.06,891.25,892.77,893.87,894.96,895.81,897.77,899.79,900.32,900.49,900.15,898.52,895.15,887.34,878.34,876.72,876.07,878.90,881.96,883.15,883.66,883.69,884.78,886.36,887.74,889.77,892.69,893.30,893.66,894.92,896.13,897.60,900.38,907.65,910.88,912.58,915.29,917.89,919.98,921.54,922.65,922.08,921.75,922.31,922.75,923.58,924.26,924.86,925.95,928.27,929.93,930.94,931.86,932.74,933.23,933.63,934.39,935.38,937.54,939.47,941.44,943.49,944.87,945.83,946.56,946.93,948.22,950.33,953.98,957.36,959.38,960.49,961.24,962.18,963.30,964.47,965.68,966.86,967.95,969.05,970.21,971.08,971.96,973.00,974.38,975.60,976.50,978.01,979.70,981.02,981.81,982.89,984.29,985.38,987.31,989.88,991.99,993.44,995.06,996.71,998.66,1000.36,1001.87,1003.20,1003.68,1003.64,1002.63,1001.56,999.29,997.56,996.73,996.76,996.96,997.23,998.19,1000.48,1004.32,1007.41,1009.35,1015.58,1020.58,1021.95,1023.02,1024.54,1026.00,1027.30,1028.29,1029.21,1030.50,1031.93,1033.38,1034.69,1036.28,1037.84,1039.15,1040.49,1041.89,1043.29,1044.67,1046.01,1047.40,1048.81,1050.42,1052.04,1053.91,1055.95,1057.06,1059.90,1060.41,1059.09,1058.93,1060.38,1062.48,1064.69,1066.84,1068.98,1071.34,1072.62,1073.48,1075.48,1078.44,1080.78,1082.48,1084.41,1086.23,1087.93,1089.86,1092.04,1094.36,1096.74,1098.90,1101.00,1103.26,1105.57,1107.62,1109.23,1110.78,1111.89,1111.98,1112.45,1113.75,1115.83,1118.10,1120.44,1122.34,1124.00,1125.42,1126.36,1126.95,1128.40,1130.21,1131.57,1132.81,1134.70,1136.43,1138.26,1140.39,1142.55,1144.88,1146.88,1149.00,1150.87,1151.30,1151.78,1152.50,1153.32
1024.79,1021.37,1014.71,1010.14,1006.63,1002.06,995.41,986.55,975.93,966.61,956.24,941.63,927.12,916.10,908.46,902.86,896.52,889.62,884.96,878.36,874.61,869.23,863.53,856.73,850.47,848.39,847.39,846.72,846.57,846.07,845.35,845.19,845.20,845.47,845.53,843.84,841.60,841.13,842.05,842.60,843.11,843.68,844.17,844.93,847.59,855.52,871.34,876.54,880.34,883.99,887.15,890.56,893.75,896.14,898.57,899.57,899.99,900.25,900.30,898.57,891.45,884.16,879.66,876.80,874.73,874.82,876.39,879.56,882.71,885.07,886.36,886.71,886.38,886.29,888.21,889.58,891.40,893.50,895.62,897.08,898.36,900.15,908.45,910.04,911.03,913.38,916.50,919.26,920.82,921.17,920.77,919.80,919.39,919.69,920.02,920.63,921.56,922.64,923.93,925.81,927.16,929.21,930.67,931.76,932.58,933.26,934.62,936.01,937.95,939.53,941.41,942.91,943.88,945.96,947.81,948.88,950.14,952.51,954.96,956.89,958.62,960.26,961.28,962.18,963.12,964.11,965.43,966.70,967.73,968.66,969.41,970.25,971.24,972.73,974.38,975.84,977.19,978.51,979.91,981.40,982.57,984.00,985.39,986.88,988.40,989.99,991.42,992.97,994.64,996.23,997.90,999.59,1001.24,1003.58,1005.39,1005.96,1005.41,1004.86,1003.47,1001.81,1000.75,1000.44,999.89,999.20,998.97,1000.67,1003.17,1004.56,1007.05,1011.25,1017.82,1020.75,1021.52,1022.92,1024.32,1026.16,1028.86,1030.25,1031.11,1032.32,1033.59,1035.39,1037.28,1039.42,1040.45,1041.35,1042.79,1044.20,1045.44,1046.61,1047.79,1049.12,1050.87,1053.36,1054.98,1056.71,1058.79,1060.81,1062.49,1061.75,1061.72,1063.20,1065.06,1067.12,1068.69,1069.90,1072.39,1073.79,1074.90,1076.67,1079.37,1081.36,1083.09,1085.35,1087.74,1089.22,1090.55,1092.23,1094.15,1096.37,1098.69,1100.98,1103.25,1105.57,1107.58,1109.29,1111.03,1112.72,1113.55,1114.02,1114.55,1115.82,1117.88,1120.07,1122.14,1124.31,1126.02,1126.95,1127.99,1129.55,1131.38,1132.89,1134.32,1135.92,1137.45,1139.10,1140.96,1142.71,1144.62,1146.73,1149.08,1151.10,1152.71,1153.42,1154.12,1154.87
1025.82,1017.86,1005.93,1002.65,1003.26,1001.48,995.82,987.21,974.71,962.48,951.41,937.68,925.20,915.92,909.27,903.96,898.90,897.22,894.84,889.05,887.57,878.75,867.70,857.41,849.90,847.91,846.32,845.39,845.30,845.33,844.95,844.20,843.77,844.20,844.40,843.41,840.96,840.57,841.56,842.10,842.59,843.26,843.96,844.88,847.66,856.49,870.61,882.47,889.19,889.84,890.42,893.25,895.50,898.12,899.77,900.06,900.14,900.11,896.82,885.30,878.10,875.03,873.14,872.73,874.63,877.84,880.05,881.88,883.66,885.65,887.90,890.00,888.94,887.61,890.09,891.97,894.24,896.38,898.41,899.82,903.38,907.28,909.94,910.11,911.44,913.95,915.84,917.50,919.65,918.24,917.28,917.13,917.44,917.95,918.68,919.48,920.31,921.31,922.46,923.55,924.47,925.89,927.78,930.18,931.10,931.61,932.38,933.83,936.33,939.36,940.97,941.38,942.14,944.47,947.06,949.20,950.59,951.97,953.74,955.71,957.77,959.28,960.07,960.92,961.99,963.38,964.93,966.25,967.02,967.59,968.16,969.29,970.94,972.61,974.30,975.87,977.22,978.50,979.47,980.06,981.12,982.64,984.13,985.61,987.13,988.60,989.96,991.57,993.36,995.12,996.93,998.75,1000.82,1003.29,1005.55,1007.50,1008.69,1008.96,1008.72,1007.49,1006.53,1006.72,1006.17,1004.70,1002.91,1004.21,1007.18,1006.36,1006.35,1007.97,1011.26,1016.83,1019.69,1021.00,1021.92,1023.29,1027.37,1030.60,1031.43,1032.02,1032.56,1035.20,1037.88,1040.03,1041.54,1042.57,1043.85,1045.05,1046.23,1047.48,1048.70,1050.19,1052.30,1054.51,1056.60,1057.93,1059.51,1061.66,1063.66,1064.23,1064.69,1066.00,1067.76,1069.79,1070.68,1071.71,1073.46,1074.90,1076.18,1077.56,1079.73,1081.91,1083.72,1086.18,1088.86,1091.06,1092.56,1094.01,1095.40,1096.90,1098.84,1101.14,1103.36,1105.56,1107.52,1109.19,1110.89,1112.63,1114.31,1115.42,1116.01,1116.62,1117.79,1119.90,1121.90,1124.25,1126.17,1127.50,1128.86,1130.19,1131.86,1133.58,1135.24,1136.69,1138.22,1139.79,1141.57,1143.39,1145.17,1147.04,1148.85,1150.75,1152.97,1154.75,1155.60,1156.26
1020.51,1013.94,1001.53,994.69,995.84,995.00,989.78,986.06,974.18,958.93,945.79,935.63,926.08,918.53,911.25,907.14,907.11,912.32,907.37,902.00,895.60,884.58,870.50,855.81,849.26,847.78,846.21,844.89,844.32,844.20,844.38,843.99,843.07,842.38,842.34,842.31,840.18,840.12,841.04,841.46,842.05,843.09,844.12,845.36,848.35,859.89,875.48,888.20,890.65,891.26,894.02,896.21,897.14,896.23,897.50,899.76,898.81,892.22,881.72,875.45,872.13,870.35,871.36,874.23,877.67,880.54,882.24,884.04,886.33,888.41,889.59,892.85,889.87,888.26,890.07,893.46,897.25,899.46,901.42,903.81,908.85,910.01,910.08,910.15,910.78,912.21,913.16,913.89,914.47,915.34,917.93,919.15,919.57,919.75,919.97,920.62,921.35,922.22,923.28,925.14,926.54,927.29,927.87,928.02,928.89,929.75,930.03,931.57,933.78,936.84,938.31,938.97,940.42,943.14,945.69,947.14,948.60,951.22,953.60,955.27,956.31,957.32,958.86,960.20,961.73,963.35,964.47,965.12,965.67,966.42,967.78,969.55,971.15,972.66,974.23,975.85,977.13,977.82,978.14,979.13,980.67,982.16,983.64,985.34,987.02,988.58,990.21,991.68,993.21,994.87,996.78,998.71,1000.93,1003.15,1005.45,1007.59,1009.68,1011.10,1011.43,1011.24,1010.97,1011.25,1011.10,1010.62,1010.56,1010.94,1010.77,1010.16,1009.24,1008.51,1009.48,1012.66,1015.86,1018.21,1019.15,1020.35,1023.56,1028.30,1030.34,1030.79,1031.12,1033.31,1036.86,1040.15,1041.49,1042.31,1043.10,1044.12,1045.33,1047.32,1048.96,1050.52,1052.95,1055.42,1057.70,1059.65,1060.71,1062.29,1064.14,1065.35,1066.47,1068.01,1069.65,1070.82,1071.65,1072.62,1074.35,1075.97,1077.41,1078.76,1080.36,1082.40,1084.44,1086.70,1089.09,1091.78,1094.17,1095.72,1097.05,1098.50,1099.88,1101.70,1103.65,1104.76,1106.67,1109.04,1110.73,1112.36,1113.47,1115.16,1116.90,1118.04,1118.68,1119.96,1121.71,1124.01,1126.13,1127.73,1129.48,1131.19,1132.78,1134.43,1135.88,1137.20,1138.55,1139.84,1141.68,1143.87,1146.11,1147.80,1149.59,1151.35,1153.21,1154.60,1155.66,1156.68
1014.41,1008.37,999.18,988.56,986.16,985.66,980.39,981.04,977.24,964.18,951.12,941.86,930.11,919.81,911.00,905.01,907.75,912.12,905.53,898.84,890.94,880.26,867.64,852.21,847.69,846.23,845.77,844.99,844.09,843.54,843.75,843.76,842.92,841.88,840.88,840.50,839.80,839.89,840.48,840.74,841.58,842.60,843.70,844.98,849.79,862.10,875.65,884.56,886.72,888.86,893.53,896.13,895.21,892.74,893.30,891.99,885.44,878.63,873.21,869.75,869.42,871.91,874.72,877.38,880.00,881.78,883.52,885.99,888.75,892.19,895.77,897.53,894.92,892.01,891.63,894.88,899.38,901.77,903.75,906.00,908.93,910.03,910.08,910.07,910.09,910.50,911.41,912.71,914.50,916.48,919.14,921.06,921.69,921.84,922.21,922.79,923.35,923.89,925.79,928.51,929.62,930.23,930.72,930.64,930.13,929.81,930.63,931.38,932.90,934.69,936.27,937.37,939.29,942.05,943.65,945.79,948.84,951.33,952.56,953.88,955.62,957.62,959.58,960.95,962.09,962.74,963.09,963.79,964.94,966.62,968.39,970.11,971.68,973.16,974.57,975.61,976.12,976.46,977.41,979.41,981.10,982.57,984.04,985.83,987.74,989.61,991.36,992.82,994.26,995.69,997.15,998.59,1000.33,1002.79,1005.20,1007.14,1009.27,1011.23,1012.93,1013.45,1013.50,1013.64,1013.47,1013.55,1013.56,1013.47,1013.80,1015.03,1015.30,1013.08,1013.72,1016.08,1015.33,1016.18,1017.27,1018.90,1019.85,1021.53,1026.95,1028.17,1028.29,1030.75,1033.53,1036.88,1039.32,1040.14,1040.93,1042.03,1043.37,1045.57,1047.93,1050.51,1053.12,1055.56,1057.89,1060.01,1061.44,1062.52,1063.19,1063.24,1064.10,1066.74,1070.07,1071.54,1071.91,1072.60,1074.66,1076.66,1078.41,1080.01,1081.79,1083.78,1085.81,1087.91,1089.75,1091.87,1093.48,1093.98,1095.30,1097.67,1100.20,1101.52,1101.80,1102.12,1103.76,1107.40,1110.41,1111.53,1111.48,1112.92,1115.66,1118.33,1119.76,1120.38,1121.63,1123.55,1125.54,1127.58,1129.54,1131.56,1133.42,1134.30,1134.94,1135.44,1136.63,1138.42,1141.64,1144.36,1147.25,1149.31,1150.44,1151.95,1152.85,1152.78,1153.60,1154.86
1010.80,1003.75,996.27,984.84,975.94,974.14,970.61,972.46,975.01,968.30,956.04,943.90,929.55,916.82,906.24,897.62,894.13,893.14,891.32,887.63,884.27,876.34,863.74,849.70,846.39,844.74,844.56,844.38,843.84,843.11,843.09,843.33,842.80,841.79,840.78,839.79,839.29,839.63,839.99,840.30,841.41,842.55,843.66,844.94,852.78,867.64,881.30,887.03,887.17,888.49,892.29,895.28,891.25,889.02,888.37,881.61,876.53,872.11,868.12,868.00,872.34,875.87,878.74,881.57,883.00,883.89,885.05,887.00,889.58,893.54,897.87,900.13,900.49,900.58,900.54,901.35,902.14,903.74,905.78,908.12,909.75,909.99,909.79,908.59,908.80,910.52,911.92,913.37,915.09,917.02,919.37,921.83,922.88,923.71,924.35,924.90,925.42,925.85,926.61,928.89,930.31,931.45,932.31,932.71,932.78,932.49,932.93,934.50,936.35,938.35,939.96,940.44,939.92,940.74,942.57,944.90,947.89,950.27,951.99,953.70,955.40,957.09,958.85,960.46,960.81,961.16,962.20,963.75,965.48,967.23,968.96,970.67,972.20,973.27,973.89,974.34,974.79,975.64,977.56,979.56,981.30,982.92,984.45,986.22,988.00,989.71,991.42,993.13,994.82,996.49,998.15,999.69,1001.13,1002.88,1005.00,1006.71,1008.71,1010.62,1012.16,1014.02,1015.54,1016.04,1016.12,1016.30,1016.31,1016.15,1016.60,1018.95,1020.31,1020.53,1020.58,1020.05,1019.05,1018.54,1018.52,1020.21,1021.56,1021.77,1024.20,1025.55,1025.55,1027.79,1029.18,1030.01,1031.01,1031.89,1034.86,1039.03,1041.41,1043.51,1045.76,1050.17,1052.90,1054.54,1055.93,1058.12,1060.06,1060.68,1060.61,1060.01,1059.97,1062.83,1067.61,1071.14,1071.67,1072.57,1074.69,1076.83,1078.93,1081.01,1083.25,1085.26,1087.03,1088.88,1090.51,1091.26,1091.02,1090.40,1090.54,1091.67,1094.95,1097.59,1097.03,1097.55,1099.72,1103.67,1107.90,1109.37,1108.52,1111.01,1114.00,1116.60,1119.58,1120.25,1120.68,1122.34,1124.07,1127.51,1130.25,1131.57,1132.24,1132.14,1132.24,1132.40,1132.93,1134.56,1138.05,1141.32,1145.81,1149.45,1150.48,1151.10,1151.07,1150.74,1151.39,1153.08
1008.24,1002.03,995.44,984.85,970.33,961.93,960.62,963.61,968.84,967.32,954.97,939.03,924.15,913.60,904.61,896.50,890.01,883.19,877.21,874.15,875.26,874.03,863.86,849.63,846.22,844.45,843.92,843.59,843.23,842.74,842.47,842.71,842.67,841.82,840.82,839.43,838.27,838.93,839.79,840.62,841.91,842.80,843.74,845.16,855.31,870.88,885.47,890.31,890.11,890.27,892.36,893.34,887.60,882.37,879.14,875.20,870.92,865.55,866.76,869.73,875.45,880.84,885.70,886.84,886.96,887.42,887.93,888.54,889.66,893.11,896.96,899.95,901.00,901.75,902.10,903.16,904.50,905.84,907.81,909.03,907.02,905.74,903.97,905.34,908.72,910.84,912.57,914.05,915.78,917.53,919.50,921.20,921.88,923.23,924.64,926.06,927.18,927.83,928.28,928.99,930.52,931.84,933.07,934.07,934.79,935.07,935.30,935.89,938.32,940.63,942.13,942.84,942.97,943.75,945.08,945.75,947.12,949.93,951.28,952.54,954.00,955.62,957.44,958.82,959.19,960.53,962.13,963.58,965.21,967.24,969.19,970.85,971.69,972.14,972.57,973.01,973.64,975.31,977.37,979.40,981.15,982.76,984.34,986.05,987.77,989.45,991.12,992.80,994.51,996.24,998.01,999.71,1001.29,1002.94,1004.56,1006.13,1007.58,1009.22,1010.61,1012.77,1015.09,1017.13,1018.51,1018.98,1018.99,1018.69,1018.58,1020.15,1021.21,1021.69,1021.82,1021.80,1021.89,1021.88,1021.49,1022.78,1023.37,1023.04,1024.55,1026.06,1026.45,1026.65,1027.82,1028.37,1028.88,1029.13,1029.72,1033.41,1038.43,1040.60,1043.47,1048.16,1050.41,1051.12,1051.25,1051.40,1051.65,1052.29,1051.42,1050.28,1050.78,1053.14,1059.23,1065.91,1070.58,1072.34,1074.37,1076.44,1078.74,1081.15,1083.43,1084.05,1084.67,1085.42,1085.80,1084.25,1082.66,1082.28,1082.27,1082.66,1087.84,1090.34,1089.92,1089.93,1091.49,1096.01,1100.45,1101.38,1101.67,1105.42,1108.27,1111.02,1114.09,1116.45,1118.18,1119.81,1121.23,1123.42,1126.13,1127.82,1129.28,1128.74,1127.65,1126.65,1126.19,1126.81,1130.13,1131.26,1138.07,1142.37,1143.59,1144.67,1146.22,1145.86,1147.43,1151.15
998.25,995.81,992.02,984.43,973.15,961.27,955.59,953.42,956.14,961.36,953.65,936.15,922.02,908.97,900.12,892.65,887.19,879.70,871.16,865.99,863.59,864.34,861.83,850.90,846.37,844.46,843.63,842.96,842.55,842.17,841.89,842.07,842.26,841.82,840.87,839.44,837.49,838.41,839.94,841.03,841.55,841.63,842.60,844.95,855.75,870.75,885.77,890.65,891.23,891.52,891.73,889.38,882.74,875.85,873.77,870.30,865.99,864.68,867.65,872.72,880.25,885.73,890.55,891.17,890.88,890.62,890.43,890.55,891.04,893.19,896.68,899.28,900.61,902.14,903.20,904.25,905.21,906.73,908.60,905.53,900.64,900.07,903.63,907.39,909.13,911.27,913.10,914.74,916.44,918.09,919.46,920.06,920.57,922.15,923.91,925.67,927.25,928.50,929.60,930.27,931.05,932.13,933.33,934.50,935.45,936.40,937.21,937.79,938.57,940.84,942.87,944.68,946.31,948.02,949.45,949.18,948.73,950.29,951.57,952.98,954.40,955.63,956.60,957.42,958.38,960.09,961.50,962.94,964.55,966.61,968.54,969.62,970.35,970.86,971.32,971.82,973.03,974.76,976.80,978.77,980.44,981.95,983.61,985.34,987.12,988.96,990.78,992.48,994.15,995.86,997.48,999.03,1000.61,1002.18,1003.62,1004.78,1005.95,1007.48,1009.37,1011.61,1013.85,1016.28,1018.67,1020.22,1020.53,1020.48,1020.53,1021.16,1022.00,1022.78,1023.02,1023.60,1024.43,1025.15,1025.62,1026.76,1026.05,1024.58,1025.38,1026.84,1027.61,1027.22,1027.40,1027.89,1028.42,1028.88,1029.66,1032.18,1035.18,1037.57,1039.00,1040.51,1041.98,1041.53,1042.55,1044.93,1046.27,1046.91,1047.50,1047.96,1048.42,1049.00,1052.24,1058.05,1065.48,1070.80,1072.73,1074.74,1077.26,1080.22,1081.92,1081.57,1081.13,1080.76,1079.48,1078.64,1078.48,1078.68,1078.63,1079.63,1083.63,1086.42,1086.46,1086.56,1088.26,1091.39,1095.47,1096.88,1097.84,1098.06,1099.40,1102.25,1102.94,1103.66,1106.47,1111.49,1112.93,1112.91,1114.74,1118.99,1121.72,1121.53,1121.08,1120.45,1120.36,1121.83,1123.13,1124.45,1127.48,1130.90,1132.88,1135.67,1138.99,1139.42,1140.10,1145.01
992.93,987.19,983.16,979.62,972.51,963.06,955.53,949.83,947.42,953.22,951.15,935.78,921.02,908.02,898.78,892.57,891.71,889.03,880.49,869.77,862.74,858.83,855.51,850.49,846.70,844.90,843.97,842.87,842.12,841.72,841.37,841.44,841.68,841.66,840.98,839.48,836.84,838.04,840.10,840.57,840.12,840.14,841.33,844.79,855.98,871.65,886.42,890.79,891.09,890.73,889.49,883.05,873.82,868.11,867.94,865.65,863.06,865.44,869.12,876.61,884.10,889.00,891.10,892.61,893.80,893.38,892.29,892.03,892.58,894.43,896.88,898.81,900.40,901.77,902.39,902.98,902.90,903.48,904.29,900.26,899.03,901.63,905.67,909.49,910.67,912.31,913.79,915.31,916.61,917.52,918.30,918.92,920.10,921.86,923.63,925.39,926.92,928.24,929.59,931.21,932.08,932.91,933.80,934.82,935.82,936.73,937.61,938.48,939.31,940.29,941.83,944.12,946.38,949.14,950.80,951.24,950.91,951.16,952.59,954.11,955.48,956.70,958.20,959.13,959.24,960.24,961.25,962.38,963.84,965.51,966.60,967.44,968.47,969.49,970.10,971.06,972.58,974.21,976.10,977.79,979.45,981.16,982.87,984.59,986.39,988.41,990.37,991.97,993.42,995.10,996.73,998.28,999.79,1001.13,1002.12,1003.07,1004.37,1006.35,1008.53,1010.18,1011.98,1014.75,1017.46,1019.93,1020.90,1021.48,1021.93,1022.46,1023.06,1023.75,1024.16,1024.58,1025.69,1026.81,1027.77,1029.15,1030.11,1028.83,1028.10,1028.92,1028.89,1028.58,1028.65,1028.93,1029.29,1029.58,1029.82,1031.19,1033.11,1034.80,1036.36,1037.64,1038.25,1038.67,1039.37,1040.71,1042.65,1044.24,1045.82,1047.15,1048.02,1049.04,1050.45,1054.08,1058.92,1064.86,1069.51,1072.12,1074.29,1077.10,1078.94,1079.05,1078.07,1077.65,1077.08,1076.75,1076.69,1077.14,1077.72,1079.09,1081.59,1083.61,1083.98,1085.25,1087.71,1090.52,1092.85,1094.22,1095.15,1095.77,1097.38,1098.26,1099.22,1101.41,1104.62,1106.64,1107.20,1108.85,1111.45,1116.54,1118.62,1118.92,1118.85,1118.96,1119.69,1121.08,1122.59,1124.77,1127.53,1129.42,1129.92,1131.76,1134.57,1135.98,1137.58,1139.20
986.94,980.11,973.93,968.18,963.44,958.30,952.66,947.07,942.46,946.64,947.25,933.13,917.76,911.74,912.96,909.55,905.21,902.27,894.58,880.68,871.21,865.05,856.67,849.96,847.22,845.53,844.27,843.13,841.98,841.31,840.96,840.81,841.08,841.09,840.64,839.38,836.00,837.32,839.22,839.57,839.25,839.22,840.20,845.87,861.38,881.99,889.85,890.78,890.10,886.52,880.75,872.90,867.47,863.44,862.05,862.21,864.47,868.51,874.14,880.79,887.49,890.64,891.73,892.94,893.82,894.37,894.13,893.57,893.72,895.19,896.72,897.75,899.56,900.76,900.96,901.25,900.77,899.85,898.43,897.68,899.03,901.22,904.89,909.55,911.60,912.75,913.80,914.91,915.68,916.36,917.11,918.06,919.85,921.59,923.34,925.09,926.61,927.92,929.44,931.16,932.02,932.87,933.75,934.68,935.56,936.30,937.07,937.84,938.62,939.39,940.95,943.18,945.37,948.33,950.15,951.73,952.67,952.96,953.84,955.26,956.56,957.75,959.00,960.15,960.32,960.62,961.57,962.56,963.64,964.82,965.93,966.95,968.06,968.81,969.49,970.92,972.63,974.36,975.83,977.38,979.01,980.74,982.23,983.87,985.73,987.57,989.37,990.92,992.31,994.13,995.93,997.53,998.93,999.79,1000.46,1001.32,1003.34,1005.69,1007.74,1008.75,1010.02,1012.93,1015.92,1018.69,1020.26,1020.82,1021.06,1021.78,1022.97,1024.09,1024.91,1025.55,1026.35,1027.52,1028.61,1029.79,1031.35,1031.50,1031.18,1030.92,1030.46,1030.54,1030.92,1032.05,1034.62,1034.91,1033.63,1034.25,1035.00,1035.55,1036.01,1036.98,1038.03,1039.28,1041.52,1042.33,1044.00,1046.18,1047.80,1048.47,1048.88,1049.80,1052.63,1053.71,1055.81,1058.24,1061.63,1068.76,1070.83,1072.93,1074.87,1075.20,1075.11,1074.91,1074.76,1074.78,1075.38,1076.26,1077.38,1078.93,1080.54,1082.32,1085.27,1086.80,1087.35,1089.01,1090.97,1092.20,1093.54,1095.01,1096.16,1097.34,1098.73,1100.45,1102.49,1105.03,1107.50,1109.97,1111.70,1114.69,1116.90,1117.55,1117.92,1118.97,1120.23,1121.80,1123.67,1126.38,1129.29,1131.47,1131.70,1131.88,1132.98,1134.38,1135.99,1137.38
986.73,978.80,971.14,963.90,957.39,952.38,947.90,942.94,938.75,938.42,936.87,927.24,922.06,927.08,928.67,922.68,912.41,908.52,904.26,894.75,882.04,870.97,857.73,849.83,847.21,845.43,844.30,843.21,842.07,841.04,840.51,840.26,840.48,840.23,839.50,838.99,835.55,836.00,837.51,838.09,838.23,838.75,840.22,847.93,867.01,887.62,890.38,890.12,887.14,878.87,871.02,866.88,863.93,860.19,860.40,863.85,867.21,873.60,880.82,884.32,888.89,890.98,891.65,892.06,892.47,893.25,893.93,894.19,893.80,893.78,893.98,893.61,895.20,897.74,897.96,897.96,897.29,896.54,897.53,898.15,899.04,901.14,904.48,908.86,911.11,912.08,913.07,914.09,914.94,915.87,916.98,918.11,919.75,921.38,923.04,924.80,926.28,927.69,929.39,930.88,931.64,932.40,933.20,934.06,934.93,935.67,936.43,937.19,937.91,938.75,940.16,942.17,944.35,946.79,949.10,951.40,953.16,954.26,955.27,956.35,957.55,958.60,959.60,960.45,960.99,961.26,962.22,963.25,964.35,965.51,966.87,968.28,969.68,970.23,970.59,972.04,973.77,975.53,976.85,978.15,979.70,981.17,982.57,984.05,985.50,986.82,988.17,989.70,991.33,993.15,994.99,996.76,997.95,998.24,998.52,1000.63,1003.01,1005.22,1006.15,1006.71,1008.37,1010.84,1013.79,1016.97,1018.90,1019.21,1019.15,1020.32,1021.89,1023.29,1024.50,1025.72,1026.85,1028.04,1029.15,1030.38,1032.30,1033.40,1033.75,1033.90,1033.65,1034.79,1037.04,1038.91,1040.19,1040.19,1039.80,1039.26,1039.05,1038.64,1038.49,1038.99,1040.51,1042.82,1048.11,1049.07,1049.44,1049.89,1051.56,1051.97,1052.38,1053.89,1056.77,1057.59,1057.48,1058.00,1060.65,1065.75,1069.42,1070.39,1071.26,1072.01,1072.40,1072.62,1073.34,1074.90,1076.47,1077.51,1078.02,1078.83,1080.97,1085.50,1088.53,1090.46,1092.39,1091.43,1091.07,1093.90,1095.79,1097.32,1097.93,1098.68,1099.39,1100.84,1103.11,1106.46,1109.58,1111.66,1113.00,1114.32,1115.87,1117.13,1118.44,1119.75,1121.16,1122.90,1125.33,1128.14,1130.96,1133.11,1133.53,1133.28,1133.94,1135.27,1136.59,1137.61
992.39,984.32,974.63,964.27,956.85,953.22,949.84,946.19,940.94,939.40,940.39,939.42,938.98,939.06,934.52,928.01,918.75,912.58,908.23,899.76,887.45,875.15,861.20,850.00,847.08,844.94,844.00,842.99,842.08,841.07,840.09,839.58,839.98,839.75,838.23,836.83,835.19,835.17,836.04,836.85,837.61,838.75,840.97,849.76,868.39,887.47,889.77,885.81,879.17,870.54,866.19,862.78,858.65,857.60,861.10,866.14,872.16,880.89,884.32,886.41,888.55,890.19,890.33,890.54,891.07,891.52,891.45,891.14,890.18,889.33,888.83,888.86,889.63,891.44,892.09,892.83,894.14,897.36,899.35,899.66,899.84,901.52,905.84,909.41,910.85,911.81,912.80,913.80,914.90,916.02,917.17,918.32,919.70,921.29,922.82,924.51,926.00,927.61,929.31,930.56,931.32,932.08,932.84,933.62,934.43,935.19,935.99,936.77,937.56,938.47,939.50,941.26,943.38,945.86,948.50,950.40,951.65,952.96,954.43,956.00,957.47,958.79,959.86,960.70,961.45,961.94,962.91,964.00,965.13,966.27,967.42,968.73,970.31,971.65,972.46,973.66,974.97,976.37,977.76,979.09,980.55,982.23,983.74,985.34,986.99,988.51,989.50,989.79,990.99,992.70,994.43,996.00,996.29,996.18,997.69,1000.79,1003.14,1003.83,1003.70,1004.52,1006.40,1008.93,1012.07,1015.24,1017.08,1016.93,1017.17,1019.49,1021.05,1021.95,1023.41,1024.73,1025.83,1027.46,1029.24,1030.68,1031.95,1033.70,1035.33,1036.41,1037.21,1038.41,1040.05,1040.51,1040.84,1040.90,1040.78,1040.74,1041.54,1042.78,1043.45,1047.39,1049.13,1049.88,1050.99,1051.64,1052.17,1053.21,1056.38,1059.08,1059.63,1060.06,1060.91,1062.50,1063.63,1061.46,1061.62,1065.54,1068.52,1069.55,1070.01,1070.11,1070.47,1072.17,1074.81,1076.70,1078.02,1079.15,1080.24,1083.74,1088.12,1090.46,1091.54,1095.14,1099.86,1100.53,1099.24,1099.12,1099.80,1101.25,1102.17,1102.15,1102.14,1102.66,1103.89,1106.80,1109.83,1112.73,1114.64,1115.87,1117.05,1118.17,1119.39,1120.72,1122.23,1124.26,1126.62,1129.63,1133.10,1134.93,1135.34,1135.02,1135.11,1136.51,1138.09,1138.96
1001.28,990.55,978.31,967.72,962.35,961.16,958.92,957.06,951.99,952.24,956.60,957.06,950.93,939.87,930.45,921.78,916.33,912.92,906.74,896.64,884.01,871.37,862.08,852.15,847.09,844.56,843.24,841.86,841.12,840.65,839.93,839.01,838.89,838.99,837.91,836.28,834.84,835.01,835.90,836.74,837.68,838.90,841.59,850.02,867.50,884.50,886.47,879.01,870.77,865.94,862.42,857.46,854.66,857.52,861.60,868.93,878.26,882.16,882.43,882.89,884.18,885.00,884.37,884.80,887.56,887.28,885.04,883.35,885.51,886.11,885.68,886.12,887.02,888.43,889.89,891.22,892.65,896.84,900.88,901.59,902.00,902.83,906.77,910.53,911.48,912.27,913.12,914.04,915.08,916.20,917.35,918.50,919.72,921.20,922.72,924.25,925.84,927.47,929.08,930.40,931.18,931.99,932.83,933.68,934.52,935.33,936.12,937.00,937.94,938.88,939.57,940.83,942.64,944.74,946.84,948.58,950.22,951.75,953.38,955.00,956.51,958.05,959.50,960.66,961.57,962.57,963.66,964.76,965.90,967.04,968.00,968.73,970.07,970.74,970.39,970.84,972.91,974.59,976.44,978.88,980.82,981.91,983.15,984.92,987.44,989.19,990.30,990.61,991.22,992.54,994.14,994.84,994.56,994.43,997.77,1000.89,1002.02,1001.40,1001.13,1002.34,1005.18,1008.91,1011.98,1014.40,1014.87,1014.62,1015.74,1018.23,1018.80,1020.10,1021.72,1023.18,1024.76,1026.61,1028.31,1029.50,1031.05,1033.04,1035.03,1036.59,1038.12,1039.53,1040.32,1040.72,1041.16,1041.54,1041.60,1041.61,1043.17,1046.20,1048.61,1050.17,1050.38,1050.90,1051.96,1053.05,1054.20,1056.02,1058.41,1059.92,1061.40,1063.76,1066.93,1071.14,1072.35,1070.61,1066.50,1066.52,1067.21,1067.93,1068.79,1069.23,1070.09,1073.56,1076.95,1078.71,1082.05,1087.03,1089.82,1091.13,1091.94,1092.56,1094.06,1097.68,1100.80,1102.77,1103.73,1104.49,1106.96,1109.89,1109.47,1107.53,1106.20,1106.16,1106.17,1106.69,1109.15,1112.43,1115.94,1117.55,1118.69,1119.62,1121.02,1122.62,1124.37,1127.07,1129.11,1131.26,1135.28,1137.11,1137.16,1136.79,1136.65,1137.12,1138.81,1141.01
1000.05,991.57,984.26,980.59,976.84,971.69,967.07,962.70,960.67,961.47,964.77,964.78,954.41,934.83,921.08,911.24,906.81,904.77,898.66,891.44,877.60,865.71,857.64,850.92,846.72,843.85,842.03,840.54,839.95,839.67,839.38,838.82,837.93,837.80,837.46,836.05,834.53,834.71,835.90,836.77,837.76,838.93,841.27,849.17,866.20,881.33,881.09,871.88,866.55,862.59,858.09,852.91,854.42,858.88,864.09,872.34,878.94,877.13,874.30,876.24,877.86,877.11,878.13,878.48,880.47,879.48,878.54,878.91,882.37,882.75,882.58,883.45,885.22,887.05,888.77,890.36,890.90,893.78,900.93,903.17,904.46,905.08,906.82,910.47,911.80,912.91,913.91,914.81,915.65,916.52,917.42,918.43,919.66,921.12,922.61,924.12,925.87,927.63,929.19,930.41,931.26,932.13,933.01,933.87,934.71,935.55,936.48,937.42,938.42,939.35,940.35,941.77,943.35,944.99,946.63,948.37,950.35,951.76,953.14,954.58,955.96,957.32,958.75,960.37,961.70,963.09,964.37,965.30,965.89,966.18,966.27,966.69,967.56,967.25,966.86,968.68,970.23,972.05,974.12,976.88,978.73,979.61,980.40,982.98,986.58,988.74,990.30,991.05,991.67,992.59,993.29,993.26,992.91,992.61,996.38,999.15,998.96,997.43,997.07,1001.37,1004.87,1008.40,1011.47,1012.80,1012.48,1012.32,1013.55,1015.29,1016.12,1019.31,1021.31,1022.90,1024.35,1025.84,1027.18,1029.24,1031.06,1032.80,1034.59,1036.23,1037.58,1038.88,1039.94,1040.47,1041.05,1041.63,1042.14,1042.53,1044.65,1047.22,1048.93,1049.11,1050.25,1051.96,1054.25,1055.90,1057.53,1058.78,1059.71,1060.94,1064.46,1068.27,1071.20,1073.60,1075.91,1077.28,1076.34,1074.43,1072.96,1072.00,1071.18,1069.21,1070.05,1076.00,1079.84,1083.55,1090.04,1091.69,1092.68,1093.31,1094.00,1094.56,1095.54,1098.11,1100.99,1103.35,1105.23,1107.06,1109.03,1111.45,1113.26,1112.29,1111.23,1110.75,1110.58,1109.22,1109.40,1113.21,1117.52,1119.52,1121.93,1125.06,1128.35,1129.32,1128.70,1130.58,1133.89,1137.19,1139.56,1139.60,1139.01,1138.62,1138.47,1138.42,1139.11,1142.28
988.75,982.08,976.01,974.14,975.93,974.68,970.17,966.33,963.11,961.61,963.31,958.55,946.83,933.09,918.69,903.04,895.81,892.86,890.65,885.87,874.81,864.00,853.97,848.58,845.98,843.24,841.29,839.74,839.25,839.13,838.81,838.38,837.68,836.82,836.61,835.77,834.19,834.39,835.79,836.75,837.83,838.82,841.03,850.88,867.97,878.16,873.69,866.69,863.35,858.72,853.09,850.27,853.84,858.78,862.55,866.79,869.59,868.98,868.29,870.01,870.87,871.89,874.12,875.74,876.82,876.42,877.02,877.96,879.42,880.73,885.22,889.18,888.75,887.42,889.00,890.89,891.89,895.00,900.69,902.96,905.18,907.05,908.04,910.25,911.52,912.75,913.96,915.21,916.31,917.29,918.24,919.08,919.86,921.07,922.47,923.99,925.81,927.70,929.61,931.03,931.65,932.38,933.21,934.05,934.95,935.82,936.73,937.62,938.48,939.46,941.01,942.83,944.53,946.12,947.76,949.41,951.09,952.57,953.96,955.33,956.67,958.01,959.35,960.74,962.13,963.38,963.82,963.54,963.40,963.42,963.51,963.54,962.61,962.66,964.95,966.62,967.70,968.79,971.07,973.86,975.22,976.31,978.49,981.89,985.46,988.11,990.07,990.60,991.09,991.63,991.89,991.70,991.10,990.36,991.00,992.10,991.98,991.16,991.06,996.55,1001.16,1003.89,1007.94,1009.12,1009.54,1010.18,1011.22,1012.30,1014.63,1019.28,1021.02,1021.57,1022.70,1024.31,1025.63,1028.86,1031.10,1032.45,1033.66,1034.91,1035.92,1036.76,1038.55,1040.30,1040.90,1041.49,1042.11,1042.72,1043.68,1045.20,1047.24,1050.72,1052.11,1054.11,1057.47,1060.45,1061.22,1061.57,1062.15,1063.80,1067.18,1070.44,1072.75,1075.10,1077.40,1079.94,1081.00,1080.98,1080.86,1080.40,1079.36,1076.92,1074.23,1078.24,1082.76,1086.71,1090.40,1091.97,1093.08,1094.78,1095.94,1096.67,1097.25,1098.29,1100.38,1102.40,1104.48,1106.49,1108.49,1111.13,1114.60,1117.08,1118.68,1119.62,1119.47,1117.48,1115.24,1117.29,1120.10,1124.43,1128.96,1130.65,1131.88,1132.58,1132.14,1133.88,1137.87,1141.11,1143.28,1144.59,1144.74,1144.85,1144.15,1142.72,1142.86,1146.13
981.94,974.36,967.30,963.76,967.78,971.73,971.15,967.47,962.45,956.00,951.25,945.24,938.13,928.05,917.67,904.20,893.01,884.89,880.65,878.47,873.12,865.64,856.86,848.09,844.19,841.31,840.27,839.33,838.62,838.54,838.26,837.84,837.30,836.57,835.71,835.24,833.64,833.82,835.69,836.88,838.12,839.31,843.66,857.48,872.28,874.07,867.10,860.99,859.89,853.99,849.44,850.15,852.97,856.55,858.97,861.70,864.61,865.28,866.39,867.81,869.23,870.49,872.10,873.52,875.60,879.78,885.13,887.26,887.40,891.48,895.96,898.58,899.18,898.69,899.13,898.21,897.47,898.47,900.97,903.33,905.69,907.63,909.15,910.53,911.68,912.89,914.11,915.29,916.37,917.36,918.32,919.31,920.69,922.07,923.18,924.34,925.64,927.37,929.27,931.15,932.44,933.21,933.84,934.50,935.26,936.07,936.94,937.79,938.79,940.31,941.84,943.43,945.23,946.94,948.62,950.36,951.94,953.43,954.75,955.89,957.13,958.40,959.72,961.10,962.21,962.37,962.10,961.66,961.13,960.67,960.14,959.15,958.51,961.01,963.45,964.20,965.09,966.83,969.04,970.74,971.88,973.88,978.27,981.27,983.04,984.64,986.71,988.55,989.60,990.36,990.51,990.17,988.34,985.98,985.81,986.47,987.01,987.72,988.61,992.88,995.98,998.07,999.32,1000.36,1005.67,1007.75,1008.33,1009.49,1011.49,1014.83,1016.97,1018.26,1020.17,1021.78,1023.36,1025.42,1028.67,1030.62,1031.95,1033.03,1033.36,1034.14,1037.54,1040.26,1040.83,1041.38,1041.98,1042.51,1043.10,1043.82,1049.34,1052.49,1054.23,1056.29,1059.01,1061.35,1062.99,1064.00,1064.82,1066.97,1069.30,1070.88,1072.68,1075.10,1077.56,1079.77,1081.64,1083.16,1084.24,1085.02,1085.00,1086.36,1086.55,1084.59,1084.02,1085.66,1088.76,1090.26,1091.24,1093.63,1096.13,1098.11,1099.26,1100.30,1101.41,1102.97,1105.45,1107.87,1109.91,1112.41,1115.33,1118.37,1119.93,1120.10,1120.32,1120.68,1120.96,1122.97,1126.59,1130.15,1131.62,1132.53,1133.47,1134.72,1135.18,1136.47,1139.71,1142.20,1144.46,1147.22,1149.86,1150.71,1150.69,1150.24,1150.11,1151.23
987.91,979.04,967.25,958.63,957.66,960.07,960.39,958.55,956.44,949.70,939.46,932.91,924.35,915.69,909.79,901.77,891.99,880.47,873.93,872.16,868.56,863.45,857.15,848.00,841.16,839.50,839.26,838.77,838.06,837.89,837.72,837.30,836.82,836.19,835.45,834.30,832.76,833.13,835.36,836.75,838.41,840.50,847.40,864.31,873.21,869.48,861.70,856.70,854.54,849.30,848.73,850.87,853.34,857.82,863.56,867.32,868.19,872.04,876.96,876.65,873.63,875.20,880.52,885.42,888.68,892.27,894.53,896.34,896.77,899.37,900.11,900.40,900.65,900.85,901.07,900.86,900.80,901.21,902.11,903.93,906.25,908.07,909.42,911.01,912.09,912.95,913.74,914.66,915.69,916.63,917.63,918.99,920.64,922.45,924.21,925.71,926.81,927.65,928.92,930.84,932.27,933.66,934.76,935.46,936.07,936.70,937.37,938.16,939.32,940.87,942.59,944.30,945.80,947.32,948.87,950.58,952.30,953.07,953.41,954.06,955.28,956.81,958.97,960.76,961.11,960.87,960.03,958.51,956.52,956.18,955.29,954.64,955.98,959.70,961.18,961.73,963.08,965.22,966.71,967.78,969.32,973.02,976.81,977.85,978.51,979.06,980.19,981.75,983.55,984.67,983.36,981.30,980.87,981.03,983.86,986.87,988.06,989.33,990.11,990.15,991.55,993.98,995.71,999.92,1004.09,1005.19,1005.48,1006.25,1006.77,1007.89,1010.39,1014.33,1017.56,1019.37,1021.25,1022.72,1024.19,1026.61,1029.78,1030.47,1030.48,1031.09,1036.02,1040.24,1040.76,1041.22,1041.70,1042.17,1042.50,1042.78,1048.16,1051.81,1054.10,1056.75,1059.03,1061.14,1062.98,1064.76,1066.49,1068.20,1069.84,1071.22,1072.54,1074.71,1077.06,1078.80,1080.31,1082.34,1084.40,1086.11,1087.86,1089.52,1090.46,1090.69,1090.27,1090.50,1090.09,1090.81,1092.48,1094.54,1096.49,1098.48,1100.54,1103.20,1104.33,1105.18,1106.49,1109.37,1112.18,1114.62,1117.13,1119.22,1120.04,1120.20,1120.88,1121.52,1122.49,1126.51,1130.12,1131.43,1132.63,1133.94,1135.08,1136.23,1137.21,1138.41,1140.32,1142.87,1145.24,1147.84,1149.77,1151.01,1151.91,1152.22,1152.44,1153.34
987.51,982.94,974.50,964.84,955.76,948.61,945.02,942.52,940.51,935.91,929.24,921.72,912.62,903.51,896.50,888.77,881.20,872.25,867.45,863.03,858.77,855.28,851.44,846.40,839.88,838.88,838.42,838.03,837.42,837.17,837.16,836.74,836.31,835.79,834.87,833.64,832.05,832.37,834.90,836.60,838.45,841.12,848.76,865.56,871.20,864.28,857.40,852.98,849.09,848.33,850.71,853.97,858.05,866.61,873.72,878.22,881.77,887.11,890.13,890.11,889.15,889.94,892.81,894.64,895.20,896.19,896.94,897.23,898.52,899.73,900.28,900.67,901.09,901.48,901.97,902.18,902.42,902.96,903.91,905.04,906.81,908.41,909.45,910.50,910.89,911.56,912.52,913.66,914.76,915.87,917.32,918.90,920.56,922.38,924.17,925.93,927.68,929.14,929.84,930.79,932.10,933.49,934.89,936.13,937.06,937.79,938.42,939.05,940.34,942.12,943.80,945.42,946.57,947.89,949.19,950.31,951.26,951.25,951.07,951.48,952.91,953.99,957.31,959.60,958.45,956.21,953.03,950.15,949.65,950.81,950.56,951.51,953.28,956.14,958.16,959.26,961.40,962.77,963.91,965.08,968.61,972.24,973.45,973.82,974.28,974.67,975.47,976.52,977.23,977.37,977.02,978.52,980.47,981.79,985.88,991.01,993.11,993.66,993.75,992.77,992.15,992.88,993.82,998.70,1001.62,1002.38,1002.53,1001.94,1001.99,1004.43,1009.82,1012.32,1015.12,1017.02,1018.70,1019.48,1019.97,1021.56,1026.05,1026.91,1027.23,1027.92,1031.53,1038.19,1040.32,1040.80,1041.24,1041.38,1041.33,1041.11,1044.68,1049.88,1052.98,1056.13,1058.64,1060.77,1062.57,1064.38,1066.16,1067.90,1069.65,1071.21,1072.69,1074.36,1076.28,1077.85,1079.55,1081.37,1083.24,1085.11,1086.88,1088.60,1090.17,1091.28,1092.03,1092.33,1092.39,1093.62,1095.41,1098.00,1099.90,1100.92,1102.15,1104.91,1107.90,1108.95,1108.54,1109.15,1111.63,1115.33,1117.99,1119.74,1120.03,1120.28,1121.55,1122.41,1124.36,1127.88,1129.90,1130.82,1132.03,1133.58,1135.16,1136.80,1138.28,1139.68,1141.47,1143.49,1145.50,1147.29,1148.94,1150.40,1151.79,1153.05,1153.95,1154.82
975.75,977.91,974.33,971.63,967.39,956.49,945.94,938.29,932.25,926.08,919.05,910.96,904.73,897.37,891.18,884.86,878.36,873.10,868.37,861.85,854.87,849.76,846.86,843.51,839.74,838.79,837.95,837.30,836.79,836.47,836.55,836.29,835.73,835.36,834.09,832.48,831.32,831.62,834.25,836.79,838.87,842.68,850.69,865.74,866.14,858.27,853.35,849.53,847.27,851.76,855.07,859.16,866.69,874.63,880.46,884.01,887.93,890.43,891.28,891.85,892.04,892.87,894.43,895.23,895.60,895.65,895.02,895.13,896.83,898.47,899.94,900.59,900.90,901.25,901.88,902.82,903.60,904.24,905.07,906.03,906.99,907.96,908.86,909.37,909.61,910.69,911.81,912.94,914.18,915.64,917.20,918.82,920.49,922.27,924.03,925.79,927.60,929.40,930.91,931.73,932.51,933.51,934.69,935.94,937.23,938.47,939.43,940.39,941.80,943.52,944.97,946.09,946.91,947.58,948.09,948.40,948.03,946.49,944.95,945.59,947.29,947.84,948.91,949.21,948.48,948.26,946.81,946.54,948.71,950.62,952.32,957.10,957.32,954.88,955.16,956.92,958.79,960.21,961.15,962.56,966.75,969.25,969.63,970.04,970.37,970.63,971.36,972.35,973.33,975.41,977.89,980.60,983.49,985.07,986.73,991.24,995.83,997.06,997.20,996.60,996.22,998.01,998.92,997.91,997.30,998.54,998.78,998.99,1000.88,1006.05,1010.24,1011.63,1013.12,1014.27,1015.60,1016.62,1017.78,1020.26,1022.54,1022.94,1023.83,1026.01,1029.62,1035.00,1039.18,1040.24,1040.04,1039.89,1039.46,1039.25,1042.71,1049.57,1052.77,1055.22,1057.67,1060.33,1062.19,1063.99,1065.63,1067.42,1069.22,1070.87,1072.44,1074.15,1076.16,1078.21,1080.21,1081.86,1083.48,1085.17,1086.86,1088.60,1090.16,1091.18,1092.16,1093.16,1094.24,1095.93,1097.80,1100.05,1102.26,1103.52,1104.60,1106.08,1109.20,1110.76,1111.04,1110.78,1111.89,1114.71,1116.87,1118.94,1119.83,1120.30,1121.78,1123.28,1125.38,1127.11,1128.66,1129.99,1131.39,1132.89,1134.46,1136.09,1137.71,1139.34,1141.08,1142.85,1144.60,1146.28,1147.90,1149.57,1151.17,1152.54,1153.41,1153.53
964.81,971.72,971.82,975.10,977.61,969.54,959.33,949.95,938.01,928.72,923.08,911.47,901.28,896.83,892.89,889.64,888.11,885.35,881.24,872.97,860.44,849.85,846.96,842.73,839.63,838.71,837.81,836.93,836.26,835.80,835.81,835.84,835.26,834.35,833.01,831.53,830.48,830.41,832.89,836.65,840.22,845.50,855.29,863.88,859.26,852.22,848.03,846.00,847.99,854.60,859.18,866.27,872.18,876.69,881.71,885.70,888.85,889.76,890.57,891.94,892.84,893.22,893.62,893.99,894.07,894.11,893.90,894.40,895.25,896.91,899.38,900.36,900.34,900.44,901.20,902.33,903.14,903.10,903.47,904.46,905.41,906.44,907.20,907.64,908.88,910.58,911.74,912.95,914.30,915.88,917.10,918.32,920.32,922.14,923.90,925.66,927.47,929.30,930.85,932.13,933.34,934.35,935.35,936.26,937.30,938.49,939.76,941.40,942.96,943.91,944.03,944.15,944.52,944.71,944.18,941.09,935.80,932.42,932.26,935.85,937.68,938.70,939.38,939.73,940.95,943.00,945.64,950.42,953.03,956.53,958.05,960.66,961.74,960.67,957.12,955.84,957.65,959.14,959.63,960.52,964.02,966.57,967.13,967.72,968.21,968.79,969.70,971.08,973.70,977.01,980.43,981.74,984.00,987.30,989.37,992.34,998.00,1000.26,1001.00,1000.96,1001.02,1003.43,1004.23,1002.12,1001.13,1000.08,1000.13,1002.17,1007.48,1010.49,1011.43,1012.78,1014.35,1015.23,1015.93,1016.46,1017.60,1020.25,1020.20,1020.31,1021.90,1024.94,1028.29,1031.39,1034.56,1035.20,1034.97,1034.97,1035.26,1040.38,1045.07,1049.82,1051.67,1052.13,1053.91,1058.76,1061.64,1062.69,1063.71,1065.64,1067.78,1070.26,1072.08,1074.10,1076.16,1078.24,1080.27,1081.96,1083.70,1085.36,1087.07,1088.80,1090.21,1091.20,1092.34,1093.61,1094.99,1096.73,1098.64,1100.68,1103.08,1105.39,1107.23,1108.60,1109.66,1110.88,1112.00,1112.70,1113.42,1114.56,1115.55,1116.41,1118.22,1120.60,1122.44,1124.33,1126.47,1128.63,1130.09,1130.79,1132.05,1133.36,1134.69,1135.99,1137.30,1138.63,1140.40,1142.21,1144.06,1145.83,1147.58,1149.31,1150.75,1151.76,1151.80,1151.43
959.29,966.54,966.68,974.06,981.84,979.83,972.19,960.53,946.92,940.00,933.95,923.44,912.38,907.34,904.19,902.74,899.80,893.25,886.61,881.32,872.01,859.93,852.13,844.01,839.40,838.56,837.67,836.79,835.99,835.26,834.89,834.99,834.83,834.10,832.81,831.47,830.21,829.84,832.27,836.54,842.59,849.96,857.93,857.52,852.82,847.26,844.01,844.96,850.39,857.15,864.70,870.75,873.83,877.65,880.67,883.40,885.86,888.58,890.61,891.72,891.55,891.65,892.07,892.28,892.47,892.95,893.77,894.54,895.42,897.37,899.24,899.59,898.96,899.54,900.69,901.78,901.97,901.30,901.44,902.58,903.99,904.83,905.60,907.45,908.88,910.58,911.82,913.05,914.38,916.10,917.78,918.96,920.19,922.03,923.79,925.58,927.38,929.12,930.71,932.02,933.35,934.75,935.92,936.96,937.96,938.96,940.12,941.63,942.60,942.13,941.67,941.50,941.56,940.91,936.37,930.46,928.81,928.72,929.33,931.66,934.11,935.95,938.40,941.04,942.13,943.22,949.46,953.26,956.16,959.80,961.60,962.39,963.58,962.73,959.95,956.23,957.28,958.54,959.21,960.21,962.08,964.17,965.20,966.95,969.75,972.81,974.11,975.34,976.36,978.93,983.65,984.00,984.26,987.18,989.96,996.75,1000.60,1002.30,1004.16,1005.12,1005.38,1006.03,1005.87,1004.73,1004.95,1005.19,1008.14,1010.44,1011.44,1012.27,1012.89,1014.14,1015.95,1017.34,1017.98,1018.20,1019.03,1022.57,1023.67,1022.99,1022.41,1023.53,1025.41,1027.32,1028.85,1028.94,1029.72,1030.53,1034.42,1038.47,1039.42,1041.31,1043.36,1044.19,1047.94,1053.39,1056.63,1058.38,1061.36,1063.10,1065.50,1069.09,1071.76,1073.52,1075.22,1077.98,1080.23,1081.83,1083.43,1085.06,1086.63,1088.30,1090.17,1091.61,1092.92,1094.25,1095.64,1097.23,1099.12,1101.24,1103.60,1105.95,1108.29,1110.00,1110.40,1110.80,1111.67,1112.86,1113.77,1114.13,1114.63,1116.27,1119.94,1121.95,1123.75,1125.55,1127.60,1129.42,1130.96,1132.16,1133.35,1134.61,1135.89,1137.19,1138.52,1139.72,1140.71,1142.57,1144.45,1146.10,1147.50,1148.32,1149.27,1150.07,1150.22,1149.48
952.43,957.41,956.44,970.63,981.08,980.78,973.97,964.15,956.02,952.03,946.63,938.42,928.47,922.61,917.56,912.04,904.46,896.07,889.81,886.51,881.75,871.37,859.84,847.07,840.06,838.75,837.78,836.77,835.86,835.00,833.99,833.79,833.73,833.65,833.00,831.71,830.38,829.65,832.26,837.78,847.60,854.18,850.91,848.30,847.40,843.60,843.88,848.01,854.35,862.99,870.00,872.79,875.24,877.84,879.40,881.34,886.06,889.94,890.81,890.69,889.65,889.88,890.19,890.28,891.54,893.42,894.52,895.92,897.15,897.28,896.08,895.02,897.24,899.76,900.68,901.23,900.89,899.91,899.89,901.60,902.54,903.72,906.31,909.07,909.91,910.67,911.90,913.15,914.50,916.21,917.92,919.64,921.14,922.79,924.28,926.00,928.00,929.83,930.95,932.42,933.91,935.15,936.18,937.25,938.29,939.35,940.45,941.54,941.15,939.46,936.88,935.85,934.80,931.16,927.12,927.02,927.91,928.54,931.26,937.71,940.58,944.45,949.31,951.09,951.00,949.33,950.09,953.56,957.17,960.58,963.44,964.69,965.57,964.87,963.60,960.22,958.00,958.49,959.32,962.21,970.65,973.08,973.46,977.70,982.76,986.42,986.82,986.47,984.16,983.48,986.88,986.46,985.86,987.00,990.76,998.99,1001.64,1003.35,1005.01,1005.96,1006.57,1007.27,1007.63,1007.92,1008.42,1009.47,1011.03,1012.36,1013.14,1013.87,1014.50,1015.65,1017.54,1019.31,1020.09,1020.22,1021.37,1024.84,1027.30,1026.78,1025.87,1025.16,1025.27,1026.80,1028.97,1029.97,1030.63,1031.52,1032.72,1034.74,1036.13,1037.59,1038.46,1039.31,1042.82,1045.94,1046.71,1048.62,1055.41,1058.57,1061.36,1065.37,1069.11,1071.08,1072.42,1076.18,1080.46,1082.27,1083.97,1085.66,1087.24,1088.66,1090.50,1092.16,1093.59,1094.90,1096.30,1097.81,1099.57,1101.72,1104.03,1106.38,1108.72,1110.15,1110.62,1111.05,1111.53,1112.21,1112.93,1113.34,1113.39,1115.66,1120.02,1121.59,1122.76,1124.26,1126.64,1129.13,1130.83,1131.69,1132.28,1133.14,1134.34,1135.87,1137.89,1140.22,1141.56,1142.91,1143.90,1144.51,1144.59,1144.58,1145.13,1146.26,1146.99,1147.00
940.03,943.37,951.43,967.40,975.60,973.67,964.59,957.52,953.12,950.33,946.34,941.22,934.60,928.00,921.69,915.92,910.16,903.93,898.41,892.54,882.58,872.12,861.92,849.57,841.30,838.70,837.50,836.49,835.64,834.78,833.59,832.69,832.54,832.37,832.38,831.96,830.54,829.44,833.33,842.35,852.41,850.30,847.06,844.59,842.37,841.42,845.34,850.86,858.89,869.20,872.05,873.70,875.42,877.24,878.61,880.07,884.77,889.24,889.58,888.21,886.49,887.27,888.43,889.38,891.96,894.87,895.64,896.15,894.99,891.85,888.50,891.41,897.50,899.87,900.08,900.24,900.00,898.25,898.10,900.12,901.87,904.28,906.85,909.53,910.97,911.49,912.49,913.52,914.69,916.19,917.87,919.66,922.11,923.67,925.00,926.71,928.58,930.50,931.82,933.08,934.36,935.43,936.41,937.26,938.09,938.85,939.92,940.69,938.37,929.01,923.95,926.12,926.03,925.07,928.55,933.32,935.72,937.70,940.09,942.50,943.66,947.44,950.49,953.53,954.64,954.16,955.09,956.96,958.73,961.50,964.49,966.72,967.56,968.28,969.46,970.53,968.59,967.80,968.63,975.07,980.97,981.86,982.57,985.06,988.95,990.29,990.49,990.56,990.24,989.62,989.64,988.69,987.89,988.31,992.08,997.91,1001.01,1002.98,1004.91,1005.76,1006.57,1007.48,1008.32,1009.09,1009.94,1011.53,1012.55,1013.65,1014.72,1015.55,1016.27,1017.04,1018.96,1021.06,1022.46,1023.27,1025.58,1028.59,1030.19,1029.97,1029.29,1028.43,1028.01,1029.68,1032.13,1033.67,1035.21,1037.56,1039.46,1039.66,1040.38,1042.05,1043.42,1044.29,1045.44,1046.97,1048.45,1047.44,1047.33,1048.20,1050.30,1056.74,1062.39,1065.39,1067.94,1072.32,1079.38,1082.27,1084.07,1086.17,1088.20,1089.85,1091.15,1092.58,1094.13,1095.56,1096.95,1098.46,1100.08,1102.24,1104.47,1106.81,1109.10,1110.22,1110.65,1111.06,1111.25,1111.22,1111.52,1111.82,1112.16,1113.62,1117.84,1119.08,1120.20,1121.70,1123.93,1126.62,1128.87,1129.43,1128.97,1130.00,1131.10,1132.76,1135.84,1139.38,1141.07,1141.57,1141.34,1141.10,1140.91,1140.58,1140.86,1141.94,1143.51,1145.67
930.34,935.36,949.40,963.06,969.92,967.39,956.90,944.90,940.12,937.55,933.94,932.62,930.90,927.73,923.65,919.18,914.58,911.06,905.18,895.73,880.99,871.01,861.86,853.10,848.14,843.83,837.88,835.47,834.65,834.05,833.02,831.90,831.35,831.10,830.92,831.55,830.46,829.22,834.04,847.40,850.85,845.83,842.93,841.86,839.77,842.08,846.54,851.98,857.84,867.04,870.69,872.49,874.61,876.19,877.21,878.46,881.27,884.53,885.02,884.37,886.91,889.47,890.58,891.60,893.08,894.46,894.22,891.24,887.09,882.81,883.43,890.64,894.69,896.40,897.01,897.41,896.24,894.25,894.66,898.75,902.60,906.10,908.09,909.75,911.49,912.46,913.39,914.35,915.41,916.42,917.65,919.36,921.55,923.64,925.52,927.16,928.72,930.37,931.55,932.97,934.38,935.20,935.45,935.18,935.14,935.72,936.39,936.13,927.57,919.13,919.03,921.26,924.72,928.93,932.72,937.58,939.52,939.44,940.61,944.86,946.24,947.51,950.10,954.48,958.15,958.89,959.83,960.68,961.31,963.01,965.82,968.39,969.50,970.10,971.09,972.75,973.64,973.93,975.21,979.22,981.55,983.11,984.97,987.13,989.32,990.30,990.78,991.21,991.26,991.56,991.59,991.09,990.39,990.25,992.99,995.62,999.22,1001.87,1004.11,1005.58,1006.57,1007.44,1008.24,1009.04,1009.91,1011.52,1013.13,1014.64,1015.97,1017.06,1018.00,1018.65,1019.99,1022.24,1024.45,1026.49,1028.87,1030.85,1031.76,1031.46,1031.03,1030.75,1030.95,1031.48,1033.20,1035.47,1038.01,1040.23,1042.38,1045.14,1048.43,1051.05,1052.54,1053.67,1055.01,1057.22,1059.38,1058.09,1054.95,1053.62,1050.44,1049.49,1053.51,1057.87,1060.18,1064.78,1071.66,1079.27,1082.21,1084.68,1087.90,1090.37,1092.03,1093.34,1094.71,1096.10,1097.48,1098.87,1100.51,1102.75,1104.93,1107.19,1109.31,1110.23,1110.52,1110.71,1110.75,1110.59,1110.49,1112.16,1114.15,1116.38,1118.39,1118.90,1119.10,1119.81,1121.16,1122.54,1124.05,1125.18,1127.51,1126.73,1127.88,1129.85,1132.22,1134.02,1136.93,1138.78,1138.33,1137.53,1137.47,1137.88,1139.02,1140.48,1142.29,1144.35
923.55,932.95,946.68,959.44,964.74,962.95,955.10,939.91,932.64,929.87,923.41,921.45,922.56,922.46,921.14,917.05,913.00,911.39,906.19,895.91,880.84,871.90,865.36,860.27,856.26,852.81,839.89,835.12,833.97,833.15,832.30,831.37,830.54,830.03,829.99,830.69,830.11,829.05,836.08,849.22,847.70,842.24,840.03,839.74,840.37,845.22,849.38,857.79,862.67,865.30,869.09,872.15,874.08,873.91,874.65,876.16,877.78,879.83,882.02,885.38,889.35,890.71,890.83,889.57,888.03,887.79,886.29,883.07,879.34,877.15,880.95,886.97,891.20,892.67,893.20,893.38,892.07,889.72,894.05,900.83,904.18,907.53,910.07,910.58,911.24,911.99,913.49,914.74,915.91,917.20,918.34,919.49,921.37,923.62,925.64,927.17,928.60,929.41,930.17,931.82,933.34,933.38,933.00,932.63,932.16,932.03,931.12,926.35,918.66,917.76,923.30,928.26,931.71,933.08,933.65,935.33,937.66,940.72,944.90,948.42,949.50,950.43,952.62,956.71,960.13,960.93,961.46,962.26,963.07,964.52,967.22,969.76,971.19,972.10,972.99,974.40,976.06,977.72,979.45,980.74,981.48,982.24,983.69,985.31,987.44,989.57,990.51,991.22,991.73,992.19,993.16,993.98,993.49,992.95,997.60,1000.05,999.27,1000.68,1004.42,1005.66,1006.57,1007.37,1008.15,1008.97,1009.91,1011.77,1013.42,1014.95,1016.40,1017.81,1019.09,1020.52,1021.71,1023.75,1025.99,1028.07,1030.13,1031.91,1033.08,1032.98,1032.93,1033.01,1033.42,1034.13,1035.42,1036.90,1038.66,1040.94,1042.87,1045.22,1047.53,1049.61,1051.80,1054.07,1056.22,1058.39,1060.68,1062.68,1062.63,1062.49,1061.34,1056.81,1056.40,1056.43,1057.44,1060.65,1065.52,1070.40,1078.62,1082.68,1086.07,1090.25,1092.17,1093.16,1093.86,1094.64,1095.72,1097.95,1100.37,1102.54,1104.23,1105.70,1107.78,1109.85,1110.16,1110.24,1110.05,1109.38,1109.96,1112.72,1116.16,1119.42,1120.86,1121.46,1121.27,1121.40,1122.47,1123.55,1125.41,1128.38,1130.49,1128.84,1127.36,1128.02,1129.00,1129.30,1130.54,1132.94,1134.35,1135.64,1137.19,1138.75,1140.33,1141.58,1143.17,1145.99
920.57,937.69,950.39,957.47,959.77,957.77,951.46,934.63,923.56,920.52,913.35,907.99,909.70,913.04,912.31,906.89,903.12,902.46,902.22,896.21,883.65,875.10,871.92,869.39,865.36,857.69,842.19,836.13,834.30,833.37,832.45,831.54,830.66,829.88,829.37,830.00,829.26,829.63,838.00,846.18,843.38,839.38,838.13,839.15,844.80,852.15,858.45,865.58,869.27,869.80,870.47,872.09,872.47,871.38,872.07,873.40,874.60,879.05,882.32,884.19,885.34,885.89,884.42,881.70,878.19,875.88,874.88,874.54,873.03,873.53,877.43,880.44,883.52,888.11,888.68,888.55,887.50,886.81,893.34,899.12,900.81,903.61,909.18,909.34,907.15,910.45,912.13,913.13,914.10,915.71,917.89,919.96,921.83,923.99,925.58,926.66,927.09,927.44,929.63,931.45,932.58,932.06,931.01,929.55,928.26,925.71,923.63,918.21,915.72,919.77,926.11,929.67,934.59,936.77,937.32,938.84,944.41,949.34,950.71,951.06,951.69,952.69,955.29,958.56,961.07,962.12,962.86,963.69,964.52,965.58,967.61,970.00,971.63,973.33,974.68,975.99,977.54,979.09,980.95,982.10,982.84,983.36,983.61,984.16,985.31,987.71,990.00,990.59,990.72,990.87,991.67,994.18,996.21,995.80,997.84,1000.72,1001.65,1002.67,1004.75,1005.67,1006.48,1007.28,1008.10,1008.93,1009.88,1011.97,1013.50,1015.00,1016.60,1018.09,1019.56,1021.82,1023.60,1025.37,1027.27,1029.17,1030.87,1032.30,1033.66,1034.74,1035.14,1035.31,1035.76,1036.66,1038.04,1039.66,1040.04,1041.36,1043.19,1045.16,1047.29,1049.54,1051.72,1053.92,1056.16,1058.41,1061.17,1064.32,1065.92,1067.12,1068.71,1069.44,1069.05,1068.51,1066.82,1065.12,1063.51,1065.56,1071.02,1079.27,1084.47,1089.56,1090.93,1091.42,1091.58,1092.09,1092.58,1094.44,1097.23,1099.05,1100.44,1101.60,1103.24,1104.02,1103.70,1103.80,1104.22,1107.53,1110.60,1112.60,1115.99,1118.96,1120.57,1122.23,1123.73,1124.39,1125.09,1126.12,1127.37,1129.78,1131.50,1130.81,1129.44,1128.31,1128.70,1129.97,1132.26,1135.46,1138.01,1139.43,1140.18,1140.87,1141.75,1143.00,1145.51,1148.81
922.30,943.30,952.67,955.66,953.67,950.01,943.81,930.15,916.86,912.19,906.14,896.28,896.38,900.81,901.31,895.62,889.65,888.41,890.27,892.82,888.74,882.27,880.68,876.58,873.09,862.35,844.39,836.73,834.33,833.47,832.63,831.74,830.88,830.01,828.83,828.86,828.18,830.93,838.92,841.00,838.54,837.71,840.30,843.72,850.11,854.76,858.75,863.02,868.97,870.45,870.81,871.16,870.09,867.35,868.49,870.29,870.79,873.17,875.99,877.07,876.98,875.83,874.29,871.92,869.72,869.12,868.97,868.98,869.15,870.22,873.33,875.41,877.68,880.65,881.35,881.57,881.64,882.38,885.92,889.22,891.95,894.76,897.38,895.82,898.10,908.41,910.47,910.88,911.60,913.13,915.29,919.38,922.43,923.68,924.30,924.70,925.04,926.13,929.45,931.30,931.48,930.80,926.47,921.49,918.86,913.62,914.39,914.92,920.48,923.43,926.64,930.62,937.02,940.16,940.86,943.98,949.52,951.38,952.19,952.70,953.62,954.82,957.50,959.82,961.48,962.84,963.96,964.96,965.86,966.76,967.80,969.51,971.36,973.37,975.00,976.54,978.08,979.57,981.24,982.93,984.18,984.95,985.54,985.89,986.13,986.53,987.79,988.93,989.30,989.56,990.72,993.28,996.03,998.29,998.54,999.29,1000.52,1002.41,1003.96,1005.38,1006.34,1007.16,1007.97,1008.79,1009.61,1010.78,1012.18,1013.92,1016.02,1018.17,1020.19,1022.39,1024.17,1025.92,1027.59,1029.26,1030.74,1032.09,1033.48,1034.88,1036.24,1037.29,1037.91,1038.70,1040.34,1041.45,1041.60,1042.07,1043.49,1045.43,1047.39,1049.34,1051.44,1053.68,1055.91,1058.13,1060.49,1062.88,1065.16,1067.44,1069.70,1071.66,1073.51,1074.30,1074.38,1074.10,1071.52,1066.13,1067.11,1071.55,1076.87,1080.30,1084.13,1085.34,1086.36,1087.29,1088.18,1089.16,1090.30,1092.54,1094.33,1095.69,1096.86,1097.69,1098.94,1101.26,1105.36,1109.13,1110.53,1112.39,1115.21,1117.40,1119.10,1121.29,1123.79,1125.42,1126.84,1128.13,1129.31,1131.00,1132.64,1132.36,1130.82,1129.41,1129.56,1132.88,1138.05,1139.88,1140.96,1141.64,1142.08,1142.59,1143.32,1144.59,1147.21,1149.85
922.50,940.04,950.75,953.04,949.34,940.70,935.75,929.76,917.11,905.44,898.28,888.56,887.06,890.05,894.10,892.13,885.95,882.04,882.05,886.44,890.13,891.28,889.54,883.38,877.05,864.86,847.71,837.62,834.23,833.35,832.49,831.55,830.72,829.78,828.50,827.47,828.51,832.27,838.14,838.40,836.53,839.45,845.24,850.90,855.73,857.38,857.34,857.65,861.52,866.97,865.11,866.67,864.58,861.18,860.05,860.90,861.87,862.55,865.09,868.56,868.83,868.03,868.06,867.67,867.13,867.03,867.07,867.13,867.48,868.39,869.98,871.37,874.01,876.28,877.14,877.65,878.44,878.91,879.43,882.17,885.66,887.31,887.92,888.28,894.40,901.39,904.19,905.48,906.55,908.89,912.47,918.59,921.31,921.82,922.13,922.52,923.05,925.52,929.07,930.12,928.70,922.42,915.99,911.26,908.84,909.69,914.69,919.88,924.20,927.36,931.62,937.48,941.16,942.68,943.59,946.18,950.35,952.05,953.27,954.32,955.47,956.79,958.66,960.06,961.25,962.08,963.47,964.88,966.35,967.71,968.81,969.89,971.49,973.29,975.10,976.68,978.26,979.88,981.75,983.41,984.99,986.26,987.07,987.91,988.63,989.37,989.73,990.02,990.24,990.67,993.00,996.08,998.57,999.68,1000.83,1001.33,1001.69,1002.27,1003.39,1004.86,1005.75,1006.53,1007.35,1007.90,1008.38,1009.30,1010.59,1012.51,1014.57,1017.14,1019.95,1022.20,1023.58,1024.96,1026.53,1028.56,1030.49,1031.88,1033.27,1034.69,1036.13,1037.52,1038.90,1040.13,1041.75,1042.95,1043.20,1043.51,1044.09,1045.71,1047.76,1049.72,1051.78,1053.84,1055.91,1058.01,1060.16,1062.58,1065.06,1067.55,1069.88,1072.00,1074.25,1076.32,1078.03,1079.19,1079.15,1075.47,1067.86,1067.69,1069.26,1070.38,1073.76,1077.19,1081.37,1085.15,1086.60,1087.97,1091.13,1096.12,1098.36,1099.47,1100.38,1102.43,1105.46,1109.54,1110.45,1110.15,1111.52,1113.16,1114.81,1116.59,1118.81,1120.91,1123.20,1125.15,1126.76,1128.41,1129.83,1131.71,1133.71,1134.08,1132.58,1130.91,1130.78,1134.17,1139.18,1141.34,1142.38,1143.29,1143.88,1144.36,1145.01,1145.81,1146.92,1149.03
921.25,935.36,946.26,949.32,945.81,933.88,923.15,920.18,913.76,901.35,891.44,885.10,881.53,880.27,885.11,888.02,882.82,878.52,877.86,881.44,884.91,888.94,892.30,889.00,881.76,869.93,853.63,840.93,835.38,833.97,832.96,831.79,830.66,829.26,827.53,827.94,830.10,831.27,835.42,836.64,835.79,839.66,847.81,859.40,862.40,861.65,860.33,858.33,856.89,857.90,857.15,858.59,858.50,857.39,856.87,856.75,857.15,857.85,859.12,861.57,862.72,863.88,864.79,864.74,864.78,864.94,865.23,865.51,866.26,867.15,868.05,869.01,870.73,872.94,874.13,875.36,876.33,876.99,877.16,879.17,881.68,883.03,883.90,885.87,890.15,892.98,895.19,896.82,898.39,900.77,903.36,907.35,911.15,912.79,915.80,919.15,921.42,922.76,923.00,920.16,913.79,908.51,907.50,907.10,908.92,915.31,922.36,925.37,927.65,931.29,937.82,941.16,943.06,944.79,946.15,947.93,950.30,951.50,952.62,954.06,955.47,956.89,958.38,959.71,960.30,961.20,962.62,964.19,965.80,967.37,968.88,970.35,971.89,973.48,975.02,976.54,978.09,979.51,980.83,982.88,985.00,986.81,988.27,989.15,990.39,991.95,992.82,993.29,993.26,993.88,995.66,998.32,1000.50,1001.22,1001.98,1002.91,1003.63,1004.14,1004.51,1004.99,1005.38,1005.85,1006.20,1006.33,1006.78,1006.94,1008.27,1010.10,1012.24,1014.95,1018.12,1020.66,1021.96,1023.45,1025.61,1028.73,1030.46,1031.67,1033.09,1034.52,1035.97,1037.33,1038.74,1040.22,1041.88,1043.49,1044.66,1045.07,1045.46,1046.04,1047.67,1049.66,1051.73,1053.84,1056.01,1058.19,1060.47,1062.83,1065.14,1067.39,1069.61,1071.74,1073.80,1075.72,1077.53,1079.30,1081.31,1082.16,1077.85,1070.95,1071.96,1074.55,1078.38,1082.03,1085.96,1089.04,1090.09,1091.63,1096.40,1100.43,1102.06,1103.11,1104.98,1106.82,1109.36,1111.73,1112.36,1112.77,1113.87,1115.33,1116.66,1118.11,1119.49,1121.30,1123.04,1124.92,1126.62,1128.33,1130.00,1132.05,1134.24,1136.10,1135.60,1135.05,1134.69,1134.43,1138.42,1140.91,1142.05,1143.14,1144.55,1145.67,1146.58,1147.43,1148.22,1149.08
919.76,931.25,940.17,941.78,943.01,938.34,922.44,912.70,903.66,894.41,886.44,880.95,877.96,876.37,877.76,879.03,877.21,875.06,874.53,877.38,880.68,885.38,890.59,892.47,888.89,879.89,865.51,847.40,837.25,834.60,833.41,832.20,830.95,829.07,827.24,829.84,830.59,831.25,833.05,834.90,836.55,840.53,852.13,863.16,864.77,862.77,859.19,856.76,853.52,853.31,853.41,854.19,854.37,854.47,854.21,853.91,854.63,855.95,857.36,858.68,859.42,860.72,861.65,862.05,862.61,863.29,864.02,865.21,866.62,867.71,868.58,869.38,869.89,870.82,872.11,873.25,874.31,875.28,876.37,877.78,879.10,880.08,881.22,883.11,885.62,886.89,888.89,889.97,892.76,895.58,897.40,898.17,898.45,899.31,901.25,906.10,910.89,911.03,909.03,906.63,904.49,905.13,907.48,909.10,910.89,915.94,923.65,929.97,933.12,937.73,940.74,942.23,943.42,944.56,945.67,947.39,949.20,950.33,951.40,952.85,954.39,955.86,957.28,958.23,958.80,960.36,962.00,963.62,965.20,966.78,968.38,969.96,971.50,973.00,974.35,975.82,977.25,978.42,979.95,982.22,984.41,986.46,988.47,990.07,990.90,990.97,992.12,994.32,995.55,996.44,997.73,999.39,1000.65,1001.73,1002.76,1003.80,1004.70,1005.00,1005.02,1005.13,1005.29,1005.31,1005.12,1004.04,1003.17,1003.62,1005.60,1007.68,1009.68,1012.08,1014.29,1017.54,1020.14,1022.23,1024.81,1027.89,1030.15,1031.46,1032.91,1034.38,1035.84,1037.16,1038.82,1040.39,1041.99,1043.59,1045.18,1046.46,1046.98,1047.37,1047.98,1049.75,1051.90,1054.11,1056.07,1058.32,1060.57,1062.54,1064.47,1066.53,1068.65,1070.81,1072.63,1074.45,1076.40,1078.42,1081.30,1084.34,1084.06,1084.94,1087.77,1089.02,1090.84,1093.13,1093.59,1095.01,1096.59,1098.16,1100.21,1101.33,1102.31,1103.35,1105.75,1108.47,1110.65,1112.16,1113.61,1114.92,1116.14,1117.46,1118.73,1120.00,1120.99,1122.40,1124.02,1125.60,1127.14,1128.71,1130.49,1132.66,1134.89,1137.08,1138.66,1139.39,1139.19,1137.14,1137.03,1138.97,1140.76,1142.13,1143.66,1145.13,1146.57,1148.03,1149.17,1150.38
916.47,928.42,935.24,936.56,936.30,937.41,928.14,915.32,904.72,893.66,884.85,878.89,874.91,872.88,872.61,872.83,871.90,870.85,871.14,874.20,877.67,882.06,888.81,894.21,894.48,888.02,874.01,857.39,842.37,837.68,834.13,832.03,830.24,828.13,828.12,830.38,831.00,831.65,832.75,835.89,840.82,850.22,860.38,864.25,861.43,853.69,851.11,851.85,849.58,848.71,849.07,849.70,850.48,851.45,851.65,851.80,853.15,854.73,856.09,857.68,859.18,860.09,860.65,861.37,862.05,862.74,863.73,865.22,866.76,868.25,869.43,870.01,870.44,871.01,871.61,872.27,873.27,873.88,874.67,877.44,879.43,880.28,881.04,882.03,883.32,884.66,886.49,887.90,889.80,891.95,894.34,895.58,896.34,897.50,898.25,898.84,899.20,899.64,900.20,903.09,907.36,909.84,911.97,913.91,915.80,919.06,922.93,929.26,932.78,936.77,940.19,940.89,941.31,942.47,943.47,945.54,947.02,948.18,949.60,951.24,953.05,954.64,955.67,956.49,957.89,959.80,961.52,963.16,964.76,966.36,967.91,969.46,970.98,972.36,973.67,975.06,976.48,978.02,979.66,981.67,983.72,985.77,987.75,989.14,988.92,987.84,989.96,992.68,993.52,994.38,995.64,997.69,999.91,1001.23,1002.44,1003.60,1004.75,1005.04,1005.10,1005.17,1005.16,1005.02,1003.22,999.70,999.39,1000.96,1003.29,1005.82,1007.63,1009.33,1010.48,1013.04,1017.60,1021.34,1023.73,1026.58,1028.94,1030.39,1032.18,1034.01,1035.71,1037.31,1039.37,1040.75,1042.24,1043.80,1045.33,1046.95,1048.23,1048.86,1049.26,1050.73,1052.94,1055.20,1056.85,1058.63,1061.08,1062.98,1064.75,1066.57,1068.45,1070.36,1072.38,1074.36,1076.39,1078.39,1080.81,1084.09,1086.66,1088.58,1090.69,1092.50,1094.58,1095.84,1096.59,1097.83,1098.28,1099.60,1100.40,1101.39,1102.40,1103.65,1106.24,1108.60,1110.00,1111.30,1113.09,1115.04,1116.84,1118.28,1119.74,1121.33,1122.55,1123.83,1125.32,1126.82,1128.29,1129.87,1131.52,1133.62,1135.81,1137.86,1139.71,1141.06,1141.16,1140.80,1140.42,1139.30,1139.92,1141.40,1142.91,1144.45,1146.05,1147.70,1149.29,1150.93
908.36,924.62,932.84,932.85,928.38,927.23,925.70,916.92,908.78,899.81,887.83,877.43,872.61,869.76,869.27,868.59,868.06,867.63,868.64,870.99,874.45,878.31,887.79,894.63,898.19,894.19,883.24,872.61,858.30,849.84,836.86,832.16,829.02,826.45,828.98,830.55,831.47,832.42,833.88,840.91,850.62,859.49,861.40,857.63,851.00,848.08,847.47,847.99,846.42,844.34,842.84,843.77,845.79,847.20,847.78,849.64,851.69,853.57,855.18,857.33,859.26,860.10,860.46,861.02,861.63,862.31,863.53,864.98,866.41,867.74,869.12,870.27,870.68,870.91,871.17,871.84,872.45,872.34,872.00,873.84,878.03,880.15,880.85,881.60,882.69,884.38,886.28,888.19,889.51,890.35,891.68,893.16,894.69,895.90,896.44,896.75,897.64,899.08,901.75,907.85,912.30,914.77,917.27,920.36,924.84,926.94,925.73,924.68,927.51,931.40,934.98,936.18,937.25,939.00,940.91,943.39,944.37,945.14,946.88,950.23,951.99,953.07,954.26,955.89,957.73,959.59,961.25,962.82,964.36,965.90,967.47,968.98,970.42,971.74,973.09,974.62,976.20,977.75,979.28,980.98,983.01,985.00,986.09,986.43,985.52,984.37,985.85,989.23,990.12,991.13,992.64,995.02,998.58,1000.76,1001.74,1002.84,1004.25,1004.98,1005.04,1005.06,1004.96,1003.24,999.79,997.21,997.19,998.95,1001.66,1003.86,1005.57,1007.13,1008.42,1010.54,1015.66,1019.64,1022.54,1025.50,1027.92,1029.50,1031.39,1033.58,1035.74,1037.67,1039.35,1040.82,1042.42,1043.92,1045.50,1047.13,1048.74,1049.90,1050.41,1051.83,1054.06,1056.28,1057.95,1059.01,1060.78,1062.51,1064.25,1065.96,1067.78,1069.73,1071.64,1073.62,1075.57,1077.53,1079.56,1082.44,1085.39,1087.62,1089.19,1091.12,1094.05,1095.26,1096.19,1097.25,1097.23,1099.13,1100.41,1101.44,1102.47,1104.00,1106.16,1107.49,1109.04,1111.13,1113.21,1115.26,1116.85,1118.26,1119.66,1121.25,1122.83,1124.37,1126.05,1127.65,1129.14,1130.79,1132.67,1134.56,1136.63,1138.60,1140.36,1141.72,1142.70,1142.76,1142.53,1141.62,1141.69,1142.39,1143.41,1144.68,1146.05,1147.71,1149.63,1151.48
904.47,918.28,929.33,930.06,923.07,915.24,916.34,914.50,909.41,903.21,896.27,881.75,871.31,867.60,866.50,865.90,865.34,864.87,865.52,866.99,871.34,875.73,885.69,894.49,899.72,900.78,897.27,890.53,876.99,857.84,839.43,831.42,827.86,826.59,830.02,831.34,833.13,834.51,837.65,841.33,847.69,851.89,850.32,847.09,846.55,845.98,844.88,845.09,843.64,841.48,839.57,839.32,839.59,840.11,841.83,845.88,850.69,852.35,852.76,854.84,857.52,859.59,860.22,860.54,861.13,861.63,862.23,863.47,864.79,865.92,867.43,870.04,870.39,870.46,870.58,871.17,871.68,871.10,870.37,870.51,872.38,876.00,879.99,881.05,881.92,883.54,885.39,888.13,890.01,890.60,891.35,892.30,893.61,894.49,895.04,895.66,897.20,899.01,901.52,906.85,911.23,916.74,922.71,928.77,930.47,930.94,930.57,928.56,926.44,927.01,928.58,929.64,931.17,934.75,938.81,941.34,941.48,941.79,944.44,948.37,950.67,952.23,954.10,955.85,957.56,959.30,960.92,962.46,963.92,965.40,966.91,968.44,969.85,971.23,972.73,974.33,975.95,977.49,978.86,980.21,982.14,983.13,983.20,983.30,982.06,980.73,980.57,981.79,983.34,985.01,988.47,992.13,995.30,998.25,999.95,1001.15,1002.24,1003.73,1004.71,1004.45,1001.86,998.10,995.74,994.39,996.88,999.91,1002.03,1002.72,1004.02,1006.00,1007.97,1010.26,1014.28,1018.21,1021.99,1024.88,1027.60,1029.46,1031.41,1033.72,1035.76,1037.55,1039.16,1040.70,1042.43,1044.06,1045.69,1047.32,1049.00,1050.38,1051.31,1052.78,1055.00,1057.38,1059.13,1059.64,1060.80,1062.48,1064.18,1066.01,1067.59,1069.40,1071.48,1073.32,1074.97,1077.21,1079.41,1081.88,1084.04,1085.26,1086.63,1088.90,1091.35,1092.61,1094.47,1095.88,1096.67,1098.75,1100.04,1101.18,1102.48,1104.18,1105.68,1107.02,1109.24,1111.42,1113.49,1115.34,1116.82,1118.25,1119.45,1120.33,1121.84,1123.69,1125.54,1127.28,1129.07,1130.98,1132.94,1135.06,1137.12,1139.14,1140.72,1142.03,1143.26,1144.33,1144.56,1144.04,1144.63,1145.18,1145.42,1145.96,1147.38,1148.41,1149.51,1151.36
899.21,908.43,920.37,923.01,916.70,905.61,901.94,904.11,906.70,903.69,897.58,885.83,872.53,867.12,864.26,863.21,862.67,862.09,861.73,862.55,867.63,873.25,880.21,890.86,896.59,897.62,899.77,897.76,881.62,857.53,838.54,829.80,826.57,826.87,830.80,832.84,834.78,836.56,838.03,838.92,839.84,840.36,841.97,841.59,842.12,843.55,842.53,842.28,840.92,839.08,838.66,839.35,840.54,841.57,841.78,843.26,849.43,849.92,849.87,850.99,853.45,856.27,859.12,859.88,860.63,861.04,861.00,861.75,863.00,863.64,865.63,867.68,866.58,867.17,868.86,870.50,871.03,870.27,867.98,869.52,870.26,871.76,876.27,880.01,880.91,882.27,884.58,887.41,889.31,890.54,891.29,891.79,892.66,893.28,893.85,894.57,895.71,897.24,899.27,902.86,905.99,910.37,917.01,925.64,929.77,931.06,932.07,932.05,930.85,929.68,929.10,929.18,930.27,932.53,935.76,937.80,938.70,940.39,943.91,947.25,950.24,952.20,954.13,955.91,957.57,959.00,960.36,961.79,963.24,964.78,966.40,967.88,969.32,970.83,972.44,974.06,975.66,976.72,977.86,979.08,980.61,979.90,979.51,978.97,976.25,976.60,978.72,978.87,979.22,979.69,981.56,985.61,989.19,991.46,994.59,997.50,998.54,999.36,1000.98,998.26,993.24,991.85,991.14,994.33,1001.82,1013.80,1018.41,1008.79,1003.62,1005.60,1007.93,1010.13,1012.90,1017.11,1022.12,1024.78,1027.33,1029.62,1031.66,1033.64,1035.40,1037.13,1038.81,1040.36,1042.16,1043.92,1045.69,1047.43,1049.17,1050.73,1052.18,1053.72,1055.75,1058.06,1059.87,1060.36,1061.56,1063.23,1064.78,1066.84,1068.95,1070.09,1071.47,1073.08,1074.37,1076.43,1078.79,1080.81,1081.33,1082.12,1083.83,1085.95,1088.21,1089.69,1092.01,1094.74,1096.95,1098.62,1099.54,1100.92,1103.12,1105.82,1107.63,1108.14,1109.56,1111.69,1113.72,1115.33,1116.79,1118.20,1119.14,1119.98,1121.54,1123.28,1125.09,1126.90,1128.76,1130.61,1132.81,1135.16,1137.27,1139.29,1140.76,1141.98,1143.27,1144.68,1145.97,1146.62,1147.54,1148.30,1148.46,1148.02,1148.74,1150.21,1150.97,1152.59
893.69,897.21,905.24,912.61,909.59,899.12,890.61,894.53,901.91,902.80,897.05,886.44,875.47,868.04,863.61,860.66,860.01,859.45,858.75,859.13,863.19,867.12,873.07,880.45,884.14,884.28,887.81,886.85,876.78,854.45,835.91,828.91,825.72,828.24,831.73,833.16,834.45,835.96,836.93,837.29,837.56,837.79,838.31,838.30,839.23,841.03,840.34,838.93,838.64,840.08,841.27,842.19,845.18,846.80,847.01,846.46,845.82,845.86,846.94,847.40,849.49,852.24,854.82,856.78,859.72,860.22,859.68,859.66,860.54,861.10,861.92,859.16,858.57,859.87,862.69,868.27,870.19,867.54,866.76,868.92,870.20,873.65,874.85,876.13,878.92,880.90,882.94,884.10,886.22,890.29,890.61,890.90,891.25,891.95,892.60,893.25,894.33,896.42,897.95,899.28,901.21,905.47,908.72,914.25,922.89,927.84,930.52,932.32,933.57,933.95,933.00,931.91,931.84,932.86,934.47,936.91,940.50,943.05,945.94,948.61,950.80,952.52,954.24,955.87,957.18,958.41,959.67,961.17,962.72,964.26,965.84,967.34,968.80,970.35,972.15,973.79,974.63,974.11,974.59,975.15,974.87,972.37,971.04,970.41,970.48,974.89,978.66,979.77,979.39,979.30,979.34,979.84,982.09,984.85,988.59,992.14,993.17,992.62,992.13,990.38,989.28,989.40,992.82,999.21,1006.31,1021.54,1029.03,1015.93,1004.78,1005.18,1007.37,1009.74,1011.51,1016.35,1022.04,1024.63,1027.20,1029.66,1031.49,1033.23,1034.98,1036.70,1038.42,1040.13,1041.76,1043.52,1045.27,1047.01,1048.69,1050.23,1051.72,1053.40,1055.61,1057.64,1059.61,1060.84,1062.32,1063.90,1065.37,1067.22,1069.19,1070.29,1071.37,1072.72,1073.95,1075.50,1077.09,1078.72,1079.63,1081.38,1084.28,1087.43,1090.42,1091.50,1093.75,1095.48,1097.21,1099.70,1100.14,1101.65,1104.31,1107.27,1109.71,1109.97,1110.42,1112.08,1113.88,1115.35,1116.82,1118.14,1119.01,1120.01,1121.70,1123.68,1125.58,1127.28,1128.94,1130.77,1132.98,1135.28,1137.37,1139.08,1140.53,1141.91,1143.32,1144.73,1146.14,1147.60,1149.09,1150.13,1150.33,1150.23,1150.19,1151.11,1152.43,1153.83
886.00,889.31,893.38,901.50,901.46,893.57,885.02,883.88,894.11,899.57,896.10,891.20,884.35,870.91,863.04,858.69,857.52,856.90,856.14,856.66,858.55,862.63,867.03,871.15,869.27,870.48,872.84,869.47,865.09,851.45,834.76,828.55,825.43,828.46,830.78,831.85,833.51,834.85,835.37,835.59,835.78,835.99,836.09,836.12,836.58,837.59,837.18,838.36,840.59,842.03,843.87,845.29,848.71,850.65,851.24,851.17,850.40,850.22,851.77,850.84,849.20,848.99,850.06,851.77,854.22,854.77,855.25,855.33,855.57,856.72,857.69,862.40,868.28,871.61,868.08,861.77,862.76,867.78,876.65,884.48,884.38,881.96,879.13,877.11,876.36,877.07,878.46,879.50,880.07,881.66,884.00,886.69,887.60,890.04,891.01,891.83,893.44,896.68,898.88,899.77,900.64,902.82,905.96,908.48,914.68,919.74,924.27,928.17,930.83,933.85,935.86,935.26,934.76,935.13,935.97,938.12,941.09,943.78,946.88,949.57,951.33,952.72,954.14,955.62,956.85,958.05,959.27,960.64,962.22,963.70,965.12,966.69,968.16,969.61,971.43,973.00,972.51,971.66,971.15,970.34,969.19,968.38,968.62,971.32,976.29,982.46,986.31,990.73,992.09,989.34,981.46,979.59,979.65,980.35,982.97,986.62,987.82,987.94,987.92,988.28,988.99,992.70,999.84,1003.34,1007.76,1018.77,1030.96,1017.23,1006.21,1005.47,1007.09,1009.23,1011.31,1017.66,1022.09,1024.64,1027.16,1029.31,1031.07,1032.80,1034.53,1036.25,1037.97,1039.61,1041.30,1043.06,1044.81,1046.52,1047.90,1049.01,1049.76,1052.06,1054.70,1056.77,1058.58,1059.45,1061.99,1064.12,1065.59,1067.07,1068.66,1070.01,1071.12,1072.42,1073.66,1075.16,1077.63,1080.24,1081.93,1084.11,1086.70,1088.90,1090.80,1092.55,1094.21,1095.38,1097.05,1100.03,1101.54,1102.83,1105.47,1108.61,1110.70,1111.55,1112.38,1113.57,1114.65,1115.97,1117.34,1118.34,1119.01,1119.71,1120.91,1123.57,1125.99,1127.97,1129.98,1131.77,1133.52,1135.06,1136.96,1138.74,1140.30,1141.77,1143.13,1144.63,1146.08,1147.56,1149.14,1150.33,1150.98,1151.22,1151.27,1151.91,1153.05,1154.23
877.36,880.79,886.88,893.76,892.35,887.27,880.47,875.73,881.74,889.71,891.59,892.18,888.16,875.92,863.00,857.79,855.44,854.37,853.60,853.68,854.96,856.48,858.69,857.70,852.53,853.72,852.02,844.92,844.01,841.00,832.97,828.16,825.15,825.72,829.04,831.29,832.94,833.20,833.71,834.19,834.36,834.33,834.30,834.49,835.74,837.61,839.38,840.97,841.91,843.14,845.21,847.40,849.50,851.59,853.03,853.02,852.64,852.69,854.35,856.43,856.61,854.45,851.45,851.18,856.17,860.52,862.26,861.69,861.44,863.90,868.94,875.80,881.63,883.04,882.39,878.95,879.02,884.36,899.87,913.70,907.11,897.81,889.43,883.54,880.89,879.78,879.56,880.18,882.03,882.23,881.15,883.19,883.63,884.61,887.15,890.31,893.09,896.59,899.55,900.21,900.51,902.27,907.25,909.45,910.54,913.29,917.53,922.25,927.58,932.22,935.39,937.38,937.47,937.76,939.08,939.71,940.55,942.79,945.91,948.90,950.83,952.27,953.81,955.36,956.68,957.88,959.03,960.17,961.49,962.42,964.02,965.80,967.38,968.78,970.25,971.72,970.93,969.45,968.29,967.33,966.70,967.71,976.83,988.68,994.23,992.46,993.98,1002.15,1010.83,1009.43,996.30,983.20,979.84,979.96,982.36,985.33,986.25,987.22,988.93,990.02,993.87,1000.24,1003.46,1005.92,1008.73,1019.06,1031.93,1018.97,1007.00,1007.74,1007.71,1008.87,1011.53,1018.47,1022.06,1024.57,1026.94,1029.07,1030.98,1032.61,1034.36,1035.89,1037.55,1039.19,1040.93,1042.68,1044.28,1045.50,1046.49,1047.45,1048.89,1051.50,1053.78,1055.88,1057.20,1058.52,1061.56,1063.94,1065.40,1066.76,1067.97,1069.18,1070.72,1072.14,1073.41,1074.85,1077.45,1080.02,1081.78,1084.06,1086.54,1088.74,1090.64,1092.36,1093.87,1095.24,1096.66,1098.72,1099.92,1101.47,1104.66,1108.69,1110.79,1111.93,1112.84,1114.06,1115.66,1116.77,1117.78,1118.73,1119.67,1120.50,1121.55,1124.06,1126.13,1128.07,1129.88,1131.16,1132.01,1133.50,1135.65,1137.94,1140.15,1141.40,1142.28,1144.15,1145.96,1147.48,1148.88,1149.94,1150.82,1151.66,1152.21,1152.84,1153.92,1155.01
870.44,872.18,881.72,887.00,882.66,879.11,873.12,870.06,875.37,880.99,887.71,891.62,888.29,879.06,865.40,857.87,854.61,852.02,850.96,850.24,848.33,846.17,845.79,841.68,837.02,833.53,832.18,830.03,830.10,830.48,829.54,827.33,824.71,824.95,828.76,830.98,831.55,831.30,831.87,832.67,832.97,832.94,833.50,836.87,839.96,841.12,841.73,842.56,843.35,844.29,846.15,848.32,850.57,852.49,854.03,854.80,854.71,854.82,856.38,859.77,862.66,863.02,861.49,863.60,870.33,874.27,875.95,877.05,878.25,879.88,883.33,886.50,888.16,894.54,903.08,905.42,908.56,921.97,935.17,937.84,930.31,917.85,907.27,898.90,895.46,893.65,890.55,895.36,898.21,892.59,888.80,888.20,886.98,886.52,886.48,887.83,891.90,895.63,898.37,899.22,899.89,901.96,907.04,910.08,910.49,911.04,912.43,915.65,922.14,929.70,932.65,935.42,938.92,939.92,940.93,941.68,942.60,944.02,945.72,948.09,950.39,951.92,953.48,955.04,956.49,957.71,958.71,959.45,959.91,961.16,962.96,964.80,966.33,967.21,968.58,970.29,969.47,966.88,965.59,964.94,966.31,971.07,988.64,1006.04,1013.54,1008.88,1006.21,1016.62,1029.29,1026.45,1013.15,997.68,985.56,984.58,986.50,986.64,987.20,988.00,990.28,993.23,996.66,999.53,1002.21,1007.73,1014.06,1027.68,1030.46,1015.68,1007.76,1010.36,1010.20,1010.33,1013.07,1018.99,1022.18,1024.50,1026.81,1029.12,1031.07,1033.12,1035.09,1035.84,1037.47,1039.15,1040.76,1042.06,1043.22,1044.38,1045.51,1046.66,1048.50,1051.01,1052.92,1054.88,1056.52,1058.70,1061.52,1063.37,1064.37,1065.25,1066.57,1068.49,1070.49,1071.68,1073.07,1074.57,1076.98,1078.62,1081.06,1083.66,1086.13,1088.51,1090.49,1092.12,1093.75,1095.79,1097.58,1098.69,1099.48,1100.49,1104.24,1108.66,1110.77,1111.66,1112.32,1113.79,1115.95,1117.53,1118.43,1119.36,1120.48,1121.71,1122.91,1124.44,1126.18,1127.88,1129.08,1129.76,1130.57,1132.31,1134.26,1136.63,1139.02,1140.22,1141.49,1143.53,1145.59,1146.93,1147.15,1148.68,1150.21,1151.16,1152.33,1153.24,1154.08,1155.13
862.17,867.13,879.93,882.15,874.83,870.64,868.23,867.45,871.63,877.71,886.61,892.50,892.50,885.85,873.34,859.30,853.83,848.77,842.13,837.77,834.53,831.75,830.03,829.72,829.58,828.86,828.17,827.87,827.79,827.87,827.22,825.75,823.67,824.25,827.60,829.54,829.91,829.93,830.45,831.18,831.94,833.92,835.75,838.03,840.67,842.11,843.31,844.19,845.00,845.73,846.54,848.06,850.33,852.93,854.91,856.30,856.81,856.96,858.17,862.62,866.97,869.13,872.42,878.43,880.64,881.22,881.46,882.64,883.78,885.44,889.59,892.84,895.16,902.65,913.55,923.66,935.02,948.55,957.96,960.74,952.69,941.08,931.31,921.96,915.91,913.38,906.68,913.75,916.42,908.07,905.47,897.60,890.20,889.34,888.77,888.24,890.36,893.09,894.94,896.20,897.97,899.88,903.66,909.24,910.45,911.03,911.73,912.59,914.88,921.17,927.10,931.54,937.47,940.86,941.99,943.24,944.61,946.02,947.43,948.99,950.59,952.00,953.40,954.84,956.28,957.25,957.70,958.00,958.81,960.47,962.28,964.18,964.82,963.86,964.81,966.90,966.31,964.12,963.32,964.50,966.79,972.88,994.26,1013.48,1026.96,1030.03,1028.31,1036.20,1042.46,1042.06,1031.83,1015.79,1000.20,991.80,989.02,988.48,988.65,988.51,989.59,991.82,994.82,997.50,1002.53,1013.06,1027.30,1035.51,1022.34,1009.58,1008.49,1012.36,1015.96,1018.78,1020.07,1020.79,1022.99,1025.22,1027.40,1029.45,1031.94,1034.50,1035.61,1035.93,1037.38,1039.06,1040.55,1041.77,1043.00,1044.38,1045.92,1047.36,1048.89,1051.00,1052.63,1054.23,1056.37,1058.73,1060.75,1061.72,1062.62,1064.09,1066.19,1068.41,1070.21,1071.10,1072.61,1074.20,1076.08,1077.87,1080.82,1083.28,1085.72,1088.15,1090.32,1092.20,1094.22,1096.32,1098.52,1100.43,1101.53,1101.80,1103.54,1108.08,1110.55,1111.17,1111.81,1113.64,1115.87,1118.01,1119.27,1119.95,1121.13,1122.31,1123.24,1124.42,1125.91,1127.22,1128.76,1130.49,1131.89,1133.34,1134.93,1136.55,1138.29,1139.95,1141.70,1143.70,1144.53,1144.29,1144.62,1145.88,1147.90,1150.62,1151.59,1152.23,1152.96,1153.76
858.48,869.37,877.67,875.08,866.12,862.10,862.75,866.69,873.63,882.49,891.25,896.91,893.39,884.32,875.54,862.12,852.18,842.60,833.08,829.95,829.26,828.89,828.25,828.28,828.48,828.10,827.29,826.58,826.28,826.07,825.02,823.77,822.92,823.99,826.33,827.85,828.72,829.58,830.41,831.44,832.77,835.21,838.59,839.25,840.23,841.63,843.19,844.74,846.10,847.24,848.07,848.77,850.05,852.96,855.85,857.37,858.48,859.22,862.19,869.56,875.36,879.01,880.68,881.50,882.35,882.91,883.26,884.79,886.75,888.94,892.54,896.68,901.55,910.26,921.38,930.05,943.46,959.63,971.79,977.06,969.12,961.13,950.44,936.47,927.54,923.52,922.42,927.91,927.73,920.98,922.59,910.10,898.61,897.11,897.03,891.85,890.05,892.19,899.33,900.20,897.30,898.63,901.97,908.16,910.19,910.89,911.69,912.62,913.57,915.32,919.50,923.83,931.43,939.63,941.34,942.46,944.30,946.15,948.13,950.03,951.34,952.62,953.91,954.93,955.56,955.94,956.19,956.93,959.00,960.64,962.09,963.37,963.08,961.52,960.87,961.96,961.60,961.85,963.22,965.11,967.41,971.90,989.59,1009.14,1029.43,1043.47,1053.11,1054.91,1053.68,1052.44,1048.43,1036.51,1018.51,1004.02,997.01,993.62,992.25,989.85,989.67,992.27,996.21,999.67,1010.86,1024.53,1037.48,1034.51,1017.24,1009.01,1009.93,1013.78,1018.56,1021.46,1022.61,1022.40,1024.07,1026.36,1028.69,1031.05,1033.46,1035.59,1035.98,1036.13,1037.27,1038.97,1040.60,1041.90,1043.17,1044.63,1046.20,1047.78,1049.32,1050.88,1052.35,1053.76,1055.13,1057.32,1059.07,1060.04,1061.73,1063.75,1065.92,1068.11,1069.53,1070.66,1072.33,1074.10,1076.33,1078.52,1080.85,1083.24,1085.64,1087.99,1090.20,1092.55,1094.69,1096.82,1098.82,1100.79,1102.74,1104.02,1104.21,1106.70,1109.99,1110.59,1111.44,1113.52,1115.76,1117.99,1119.83,1120.57,1121.29,1121.92,1122.72,1123.73,1124.73,1125.12,1126.55,1129.99,1132.31,1133.79,1135.41,1137.08,1139.40,1140.97,1141.64,1142.02,1141.32,1140.87,1141.29,1142.15,1144.12,1148.65,1150.44,1151.01,1151.74,1152.18
857.41,869.34,874.13,869.66,859.69,856.83,861.17,869.46,879.20,888.49,894.39,896.73,892.70,881.69,874.53,866.33,855.64,837.40,829.24,828.41,828.14,827.87,827.36,827.25,827.50,827.28,826.54,825.70,825.00,824.52,823.61,822.61,822.75,824.46,826.38,827.94,829.31,830.12,831.11,832.34,833.88,836.03,839.24,840.92,841.81,842.35,843.21,844.45,845.89,847.42,848.86,850.48,851.96,854.85,857.18,858.56,860.35,864.81,872.09,879.01,880.61,881.28,882.04,882.85,883.77,884.59,885.17,886.91,888.95,891.81,895.49,900.32,908.59,919.40,928.40,934.74,946.36,962.48,976.90,983.33,981.44,973.23,959.57,948.85,936.05,930.66,932.41,935.85,933.67,931.04,938.03,930.17,914.48,917.81,919.38,909.70,901.66,905.62,911.96,910.65,905.26,899.95,901.25,905.68,909.75,910.72,911.45,912.54,913.65,914.75,916.83,918.43,920.75,930.58,937.40,940.75,942.77,945.09,948.23,950.60,951.84,952.70,953.25,953.68,954.07,954.43,955.04,956.91,958.86,960.38,961.68,961.79,961.47,960.25,959.27,959.41,960.47,962.26,964.02,965.77,967.76,971.53,985.43,1006.25,1030.34,1047.66,1058.02,1058.03,1053.37,1045.63,1045.31,1044.45,1037.62,1026.31,1022.21,1018.06,1012.70,1003.47,996.52,998.35,1002.75,1010.48,1022.24,1033.60,1036.70,1025.88,1013.11,1010.15,1012.81,1016.43,1020.75,1024.65,1026.88,1025.23,1024.93,1027.02,1029.09,1032.46,1034.98,1036.19,1036.32,1036.43,1037.20,1038.90,1040.98,1042.33,1043.71,1044.74,1046.26,1047.80,1049.40,1050.73,1052.07,1053.46,1054.62,1055.99,1057.49,1059.14,1061.48,1063.50,1065.62,1067.51,1068.99,1070.69,1072.36,1074.12,1076.37,1078.72,1080.95,1083.25,1085.62,1087.85,1090.26,1092.16,1094.09,1096.78,1098.82,1100.81,1102.87,1104.92,1106.34,1106.56,1108.40,1109.86,1111.16,1113.37,1115.65,1117.88,1118.71,1119.03,1120.31,1121.31,1121.72,1122.11,1122.68,1122.53,1123.10,1127.91,1130.05,1130.80,1131.76,1132.90,1134.61,1135.71,1134.87,1133.39,1131.30,1130.99,1132.14,1134.23,1136.33,1141.58,1144.68,1147.92,1150.19,1150.93
856.60,866.91,870.13,861.17,852.34,855.97,864.42,873.34,879.72,886.41,890.28,888.38,889.05,883.47,875.89,868.03,855.62,834.18,828.68,827.55,827.07,826.77,826.43,826.23,826.54,826.41,825.79,824.93,824.08,823.43,822.74,822.34,825.01,828.46,829.72,830.45,830.93,831.37,832.01,833.26,835.58,838.11,839.19,840.39,842.10,843.75,844.71,845.34,846.20,847.52,849.01,851.14,854.13,856.57,858.46,861.33,867.60,876.00,879.88,881.17,881.61,882.29,883.22,884.21,885.17,886.15,887.13,888.70,890.36,895.23,898.76,906.77,917.73,929.88,939.39,947.15,954.36,963.83,976.72,986.65,987.05,979.43,966.56,959.00,946.46,940.74,941.98,945.02,938.78,939.31,946.88,943.91,934.51,944.32,945.31,934.35,921.80,915.63,915.51,913.63,911.84,909.16,905.83,905.85,908.74,910.12,911.17,912.29,913.43,915.05,916.47,917.38,918.92,921.61,928.60,934.42,939.90,942.94,946.29,949.52,950.86,951.39,951.77,952.20,952.57,953.06,954.72,956.37,957.50,959.33,960.32,959.91,959.56,958.80,958.40,959.80,962.02,963.94,965.66,967.21,968.34,972.29,986.35,1006.57,1026.47,1043.17,1047.56,1042.30,1035.64,1029.44,1034.94,1040.48,1043.19,1045.31,1043.76,1037.73,1027.49,1018.39,1012.85,1012.38,1020.69,1029.29,1031.88,1032.33,1023.48,1016.70,1012.33,1013.42,1016.43,1019.61,1023.78,1027.80,1030.38,1028.78,1026.51,1027.13,1028.76,1032.02,1035.46,1036.39,1036.58,1036.75,1037.19,1038.83,1041.17,1043.53,1045.29,1044.68,1046.25,1047.81,1049.45,1050.79,1051.96,1053.23,1054.46,1055.73,1057.06,1059.30,1061.59,1063.24,1065.12,1066.81,1068.61,1070.66,1072.38,1074.13,1076.27,1078.78,1081.07,1083.31,1085.51,1087.43,1089.02,1090.26,1093.18,1096.29,1098.74,1100.78,1102.88,1105.07,1107.24,1108.84,1109.78,1110.18,1111.30,1113.48,1115.69,1116.72,1116.48,1116.92,1119.60,1120.88,1120.64,1120.05,1119.08,1117.77,1116.57,1116.68,1117.63,1117.39,1117.59,1117.48,1117.26,1117.11,1117.26,1117.28,1118.98,1120.69,1120.85,1124.24,1127.40,1131.16,1134.61,1138.81,1143.08,1145.79
856.63,861.07,857.24,848.52,850.93,857.57,866.98,873.61,878.40,883.93,883.91,881.87,884.20,880.41,874.37,868.70,853.78,831.67,828.40,827.12,826.18,825.75,825.39,825.21,825.53,825.46,825.00,824.16,823.26,822.48,821.82,823.99,829.06,831.25,831.66,832.10,832.46,832.81,833.16,834.47,837.13,839.74,841.48,841.88,842.25,843.61,845.20,846.64,847.60,848.36,849.36,852.03,855.57,858.11,861.57,869.25,875.96,880.09,880.87,881.67,882.44,883.20,884.13,884.99,885.87,886.74,887.55,888.35,890.05,897.16,903.72,912.20,923.66,934.26,944.03,953.56,963.85,976.06,980.93,989.10,992.83,985.90,976.41,966.77,953.10,952.97,953.04,954.42,947.94,947.20,953.91,954.05,949.67,961.77,966.94,955.13,938.04,922.64,917.95,916.01,914.54,913.53,912.25,911.36,911.03,910.51,910.95,912.08,913.66,915.37,916.44,917.33,918.56,920.43,925.37,928.03,931.10,936.98,941.29,944.52,947.25,948.83,949.90,950.66,951.20,952.49,953.73,954.60,956.08,957.75,958.36,957.83,957.58,957.27,958.88,960.77,963.39,965.68,967.35,969.25,973.82,980.77,988.12,1004.15,1024.23,1033.32,1029.40,1024.66,1020.30,1017.64,1025.52,1029.05,1036.42,1045.10,1050.70,1050.96,1044.09,1038.04,1031.62,1030.12,1038.21,1041.03,1033.55,1025.72,1017.69,1015.27,1015.42,1017.08,1019.77,1021.86,1026.78,1030.66,1032.23,1031.41,1030.11,1030.56,1030.95,1031.50,1034.34,1036.49,1037.27,1038.01,1038.80,1039.57,1040.55,1042.19,1044.51,1046.63,1047.89,1048.84,1049.76,1050.86,1052.15,1053.48,1055.00,1056.68,1057.97,1059.49,1060.97,1062.76,1064.69,1066.50,1068.48,1070.54,1072.38,1074.16,1076.21,1078.47,1080.87,1082.72,1084.15,1085.65,1087.28,1089.92,1092.88,1095.56,1098.24,1100.82,1103.02,1105.23,1107.42,1109.43,1110.73,1111.35,1112.19,1113.82,1114.74,1114.43,1114.05,1115.69,1119.12,1119.30,1115.66,1111.37,1108.72,1107.16,1106.14,1104.98,1104.05,1103.21,1103.28,1103.46,1103.46,1103.56,1104.56,1108.10,1113.21,1115.14,1117.16,1120.06,1122.70,1125.77,1129.15,1129.96,1132.12,1135.63
854.20,849.02,842.99,846.21,853.75,859.66,866.42,872.21,877.56,881.50,877.79,876.39,878.02,873.55,867.29,860.63,845.15,829.54,828.10,826.85,825.64,824.87,824.48,824.21,824.50,824.50,824.20,823.32,822.49,821.64,821.70,826.51,830.70,832.32,833.30,833.68,834.03,834.39,834.77,835.14,837.00,839.41,841.68,843.77,843.97,844.65,845.88,846.98,848.25,849.85,852.43,855.51,859.03,863.01,868.82,872.98,878.06,880.06,880.33,881.14,882.22,882.98,883.40,883.76,884.61,885.40,886.17,887.24,889.15,896.97,905.19,913.59,924.19,932.50,940.95,950.18,964.90,983.46,992.29,995.23,1000.66,997.59,985.66,970.11,962.26,966.61,966.31,964.58,957.47,955.82,963.34,964.07,960.26,971.47,974.82,964.55,947.51,933.55,922.93,918.63,917.73,916.73,915.79,914.93,913.91,912.74,911.50,912.07,913.58,914.90,915.96,917.56,918.56,920.05,923.05,925.64,927.38,929.68,932.96,935.67,938.97,940.44,942.34,945.61,949.53,950.88,951.79,953.06,954.03,955.54,956.11,955.70,956.46,959.32,961.57,962.78,964.88,967.34,969.75,977.91,990.68,1000.15,1006.33,1013.96,1022.98,1022.27,1014.74,1009.93,1007.82,1007.25,1013.20,1015.86,1019.96,1030.61,1040.29,1053.22,1061.82,1060.74,1056.33,1050.86,1048.29,1038.93,1028.25,1023.33,1018.22,1018.73,1019.11,1020.05,1022.13,1024.14,1026.82,1030.49,1032.70,1033.75,1033.00,1033.70,1034.47,1034.84,1038.34,1040.83,1041.15,1041.31,1041.54,1041.84,1042.63,1043.62,1046.24,1049.69,1051.00,1051.38,1051.26,1051.55,1052.55,1054.03,1057.16,1060.21,1061.56,1061.93,1062.21,1063.42,1066.07,1068.26,1070.11,1071.40,1073.06,1074.80,1077.51,1080.03,1080.97,1082.65,1084.32,1086.43,1089.13,1090.74,1092.75,1095.90,1099.15,1101.06,1103.18,1105.39,1107.53,1109.19,1110.53,1111.61,1112.62,1113.11,1112.63,1112.09,1111.61,1112.49,1113.44,1110.35,1104.90,1102.40,1101.91,1101.18,1100.35,1099.57,1098.97,1098.75,1098.80,1098.86,1098.91,1099.09,1101.44,1106.46,1109.83,1112.69,1115.13,1117.42,1120.13,1123.24,1125.89,1126.19,1126.71,1128.25
848.63,838.98,838.67,847.35,855.17,861.63,868.45,872.32,874.10,872.55,869.82,869.11,867.19,861.64,852.98,843.60,832.05,828.22,827.59,826.50,825.31,824.19,823.57,823.24,823.45,823.46,823.34,822.56,821.60,820.92,823.15,828.43,831.36,833.08,834.64,835.29,835.65,836.04,836.41,836.55,837.12,838.99,841.45,844.61,845.95,846.25,847.54,848.68,849.87,852.61,857.30,861.05,865.82,870.10,871.54,874.17,877.13,878.54,879.45,880.65,881.56,881.82,882.11,882.23,883.04,883.98,884.37,886.08,888.65,896.54,907.21,918.06,924.73,930.23,937.67,946.16,960.19,978.15,992.96,1005.48,1011.57,1008.47,990.43,974.36,978.13,981.58,980.80,976.23,966.40,962.63,971.43,977.32,972.16,979.38,982.04,970.66,958.67,946.40,933.43,929.85,925.98,923.07,921.19,918.06,916.35,914.76,913.05,912.26,913.23,914.45,916.13,918.05,919.27,919.76,920.88,923.47,925.33,927.26,928.76,930.88,933.23,936.22,937.71,939.15,942.48,946.80,950.51,951.63,952.44,953.34,954.27,957.39,961.01,963.32,964.61,965.53,967.15,969.35,977.90,992.35,1003.75,1010.24,1012.06,1011.95,1010.59,1007.33,1001.83,997.17,997.41,997.51,1001.46,1008.04,1015.08,1022.58,1031.35,1045.68,1062.71,1074.82,1072.88,1066.43,1053.49,1033.94,1025.06,1021.57,1020.00,1022.38,1021.74,1022.78,1024.75,1026.80,1028.98,1030.18,1032.45,1035.18,1035.65,1036.55,1037.61,1038.30,1039.73,1041.45,1042.64,1043.12,1043.42,1043.87,1044.52,1045.66,1047.28,1049.88,1051.50,1052.68,1052.76,1052.88,1053.41,1054.97,1057.94,1060.55,1062.47,1064.22,1065.14,1065.53,1067.60,1070.57,1071.83,1073.45,1074.83,1076.12,1078.34,1081.28,1082.50,1083.89,1085.39,1087.78,1090.51,1092.79,1094.84,1097.59,1100.25,1101.98,1103.72,1105.36,1106.75,1108.05,1109.74,1111.10,1111.80,1111.57,1110.72,1108.70,1106.21,1104.79,1103.16,1099.76,1097.65,1097.01,1096.79,1096.84,1097.06,1097.21,1097.29,1097.10,1097.12,1097.07,1097.12,1098.05,1100.97,1104.92,1108.15,1110.47,1113.38,1115.51,1116.48,1119.00,1122.67,1122.90,1123.10,1124.10
840.79,833.68,843.33,852.66,858.21,864.12,866.37,864.82,861.15,857.17,861.23,863.51,858.08,845.45,833.97,827.21,825.23,826.23,825.88,825.58,824.97,823.75,822.79,822.29,822.38,822.44,822.33,821.94,820.79,820.42,824.86,829.87,832.05,833.95,835.84,836.84,837.28,837.68,838.06,838.21,838.13,839.31,842.04,846.13,847.81,848.13,848.77,852.30,855.79,860.43,865.60,868.33,869.82,871.15,872.51,874.05,875.58,877.19,878.79,880.19,880.71,880.66,880.77,880.76,881.32,882.35,881.38,883.67,888.09,898.29,910.00,927.02,935.27,936.90,941.39,948.79,958.52,969.84,984.16,1003.12,1017.29,1016.34,996.03,986.22,993.81,997.18,993.84,983.38,972.82,973.07,979.99,987.61,986.34,989.35,992.79,982.14,968.80,955.13,944.73,947.34,942.16,939.09,939.00,926.01,918.50,916.46,914.86,913.75,913.18,914.58,916.54,918.50,919.87,920.29,921.11,922.78,924.38,925.96,927.76,929.99,932.23,936.71,939.92,940.20,940.34,944.19,949.54,950.31,951.18,953.38,958.38,961.16,962.47,962.90,964.89,967.51,969.21,975.95,987.11,996.27,1001.12,1001.03,999.25,996.35,992.78,990.41,989.68,986.52,986.97,989.91,998.89,1012.76,1024.52,1031.74,1038.14,1045.71,1060.39,1080.84,1083.53,1071.06,1054.21,1032.16,1025.12,1027.56,1026.49,1025.59,1024.13,1025.54,1027.55,1029.42,1031.45,1032.35,1034.20,1036.51,1037.91,1038.90,1040.07,1041.03,1041.29,1042.41,1043.74,1044.62,1045.20,1045.62,1045.99,1047.98,1049.44,1050.23,1051.63,1053.10,1054.12,1054.28,1054.67,1055.37,1057.97,1060.55,1062.51,1064.47,1066.50,1068.00,1068.83,1070.91,1072.94,1074.68,1076.29,1077.63,1079.09,1081.53,1083.62,1084.90,1086.43,1088.74,1090.92,1093.18,1095.46,1097.63,1099.71,1101.63,1102.78,1103.43,1104.51,1106.04,1108.99,1110.41,1110.46,1109.77,1106.57,1101.06,1096.82,1095.33,1095.45,1093.66,1093.28,1093.04,1092.29,1092.34,1094.24,1094.79,1095.07,1095.32,1095.31,1095.26,1095.74,1097.81,1100.79,1103.07,1103.71,1108.21,1110.75,1110.97,1110.81,1113.18,1116.13,1116.41,1117.42,1119.19
832.04,834.86,849.53,858.68,862.57,861.15,857.02,851.64,844.46,839.02,848.23,855.33,843.85,827.63,821.77,820.03,820.89,823.50,823.36,823.37,824.15,823.38,822.32,821.43,821.36,821.47,821.19,821.13,820.26,819.92,822.46,831.28,833.39,835.35,837.13,838.29,838.75,839.33,840.30,840.96,841.56,843.53,846.22,848.91,849.98,851.69,855.32,859.53,862.49,867.33,870.26,870.62,870.99,871.67,872.81,873.93,875.00,876.00,877.49,878.94,879.35,879.24,879.13,879.08,879.70,880.48,879.30,880.76,889.26,899.71,910.49,929.41,941.51,950.24,956.42,962.37,971.57,977.75,988.40,1004.13,1019.35,1023.08,1007.13,1002.87,1012.42,1013.09,1002.90,988.95,982.29,985.87,990.53,996.12,1004.61,1005.27,1003.21,990.02,973.35,966.62,964.47,966.46,962.92,957.74,956.73,942.42,922.51,917.78,917.26,916.72,914.95,914.41,916.39,918.85,920.12,920.51,921.63,923.04,924.45,925.86,927.16,928.61,929.93,933.71,938.21,939.90,942.71,947.66,949.15,950.03,950.54,953.23,958.04,960.68,960.45,960.06,963.11,967.30,970.82,979.86,983.28,986.12,986.89,985.96,984.02,981.45,978.16,977.37,978.58,980.47,987.61,995.77,1005.45,1013.67,1026.27,1039.72,1052.48,1059.86,1067.56,1085.07,1088.36,1072.45,1052.80,1032.39,1026.84,1030.20,1030.54,1027.91,1026.50,1028.26,1030.04,1031.26,1032.98,1034.47,1036.32,1037.90,1039.08,1040.12,1041.19,1042.14,1042.90,1043.64,1044.78,1045.64,1046.43,1046.85,1047.50,1049.16,1050.70,1051.41,1052.26,1053.47,1054.76,1055.63,1055.88,1056.13,1057.97,1060.55,1062.54,1064.53,1066.61,1068.72,1070.70,1071.54,1072.66,1074.39,1076.32,1078.24,1080.18,1082.01,1083.93,1085.67,1087.35,1089.22,1091.23,1093.55,1095.74,1097.35,1098.02,1099.69,1100.61,1100.74,1102.11,1104.10,1105.77,1103.21,1101.03,1100.04,1097.13,1092.38,1089.39,1088.37,1089.55,1088.97,1088.52,1088.95,1088.42,1089.21,1091.88,1092.38,1092.70,1093.45,1093.43,1093.61,1095.26,1097.51,1099.28,1099.38,1099.12,1099.57,1102.45,1106.66,1106.99,1107.24,1107.94,1108.43,1109.27,1111.89
827.78,836.33,854.19,860.77,859.13,847.49,838.19,831.04,825.60,822.06,826.54,830.55,824.65,819.95,819.48,819.40,819.76,820.72,820.78,821.03,822.37,822.69,821.91,820.86,820.36,820.56,820.16,820.17,819.88,819.82,824.41,832.11,834.61,836.72,838.40,840.45,843.79,847.06,848.33,847.89,851.88,855.32,856.75,857.70,858.67,860.59,862.78,864.81,866.94,868.07,868.96,869.39,869.90,871.01,871.66,872.82,873.82,874.69,875.75,876.77,877.14,877.19,877.09,877.21,878.14,878.57,878.05,878.99,889.01,899.78,908.76,925.86,940.60,956.34,968.24,979.57,984.21,992.11,997.87,1012.47,1027.44,1030.94,1019.23,1022.04,1028.53,1022.89,1005.65,993.82,994.47,1001.28,1006.91,1009.89,1017.09,1018.87,1007.30,989.58,980.60,982.94,983.09,980.31,978.31,972.97,966.20,949.45,929.91,920.33,920.48,919.92,917.96,915.50,915.95,919.06,920.15,920.44,921.70,923.15,924.55,925.95,927.15,928.35,929.90,933.97,936.39,938.04,940.19,944.22,948.41,950.01,950.11,951.93,954.88,957.15,958.12,961.18,963.87,966.69,966.78,967.70,969.00,969.84,970.92,972.00,971.54,970.21,969.34,969.96,974.44,984.96,998.97,1011.13,1020.49,1022.44,1027.36,1041.04,1058.61,1073.77,1084.23,1096.10,1091.81,1072.72,1052.41,1033.19,1028.32,1030.88,1033.02,1030.33,1028.93,1030.38,1031.56,1032.70,1034.20,1036.12,1037.65,1039.06,1040.22,1040.99,1041.89,1042.82,1043.84,1044.85,1045.80,1046.64,1047.50,1047.92,1048.11,1049.14,1051.33,1052.67,1053.41,1054.31,1055.50,1056.54,1057.05,1057.24,1058.09,1060.58,1062.61,1064.61,1066.70,1068.89,1071.33,1073.14,1073.94,1074.68,1075.90,1077.72,1080.23,1082.20,1084.07,1085.88,1087.63,1089.64,1091.85,1093.89,1094.93,1094.70,1093.32,1092.59,1093.52,1090.59,1094.70,1097.05,1098.17,1094.63,1091.92,1091.91,1089.76,1086.24,1085.22,1086.88,1085.20,1085.60,1084.43,1084.69,1084.83,1086.64,1088.93,1089.45,1090.43,1091.77,1091.58,1092.62,1094.38,1096.20,1097.57,1097.95,1097.72,1098.57,1100.49,1102.97,1103.82,1104.72,1105.50,1106.26,1107.03,1107.77
823.62,829.41,848.89,855.59,848.28,832.12,821.14,819.14,818.45,818.58,819.22,819.41,819.43,819.37,819.14,818.99,819.27,819.55,819.36,819.64,820.34,820.50,820.42,820.21,819.82,819.86,819.77,819.68,819.73,819.86,823.48,829.86,833.77,837.38,840.67,847.37,854.76,858.47,858.25,858.38,860.28,861.01,861.70,862.31,862.97,864.32,865.62,865.96,864.89,863.80,864.02,863.63,865.66,868.35,870.37,871.77,871.79,872.34,873.61,874.15,874.60,875.07,875.06,875.41,876.06,876.34,876.81,878.70,888.38,898.66,907.23,922.34,937.19,950.83,966.94,987.12,1000.62,1006.25,1015.24,1023.95,1035.04,1040.27,1033.80,1039.10,1042.35,1028.43,1013.39,1005.95,1009.32,1019.15,1023.89,1024.90,1026.57,1022.15,1005.54,994.47,997.89,999.63,997.08,991.38,989.85,981.95,968.53,950.45,936.50,928.60,925.53,923.61,920.82,917.90,916.12,917.06,919.39,920.29,921.63,923.17,924.65,926.03,927.30,928.76,930.61,932.84,934.39,936.04,937.69,939.20,941.71,946.43,948.36,948.79,950.19,953.62,960.14,962.50,963.96,963.66,961.32,959.38,959.80,960.15,960.40,963.17,965.83,966.16,967.40,970.20,978.33,988.93,1004.36,1019.91,1031.22,1038.20,1045.91,1056.79,1069.60,1084.79,1101.92,1109.09,1098.88,1074.93,1057.13,1040.75,1031.98,1033.66,1035.10,1032.51,1030.87,1031.86,1033.00,1034.14,1035.46,1037.34,1039.06,1040.69,1041.53,1042.01,1042.74,1043.60,1044.50,1045.49,1046.60,1047.63,1048.54,1048.96,1048.97,1049.26,1051.15,1052.73,1054.00,1055.11,1056.19,1057.17,1058.03,1058.45,1058.76,1060.61,1062.66,1064.70,1066.83,1069.01,1071.30,1073.50,1075.37,1076.34,1077.06,1078.04,1080.34,1082.28,1084.19,1086.02,1087.80,1089.64,1091.72,1092.85,1092.23,1091.35,1088.88,1081.65,1080.16,1078.03,1078.97,1081.17,1082.54,1081.38,1082.76,1083.45,1081.99,1080.74,1080.82,1080.24,1080.18,1081.74,1080.99,1081.22,1081.49,1083.26,1084.74,1085.65,1088.62,1089.75,1090.15,1091.62,1093.03,1094.55,1095.73,1096.54,1096.61,1097.75,1099.02,1100.42,1100.79,1102.45,1103.50,1104.21,1104.65,1104.94
818.14,819.61,829.01,836.07,829.43,819.53,817.56,817.05,817.25,818.06,818.61,818.69,818.77,818.93,818.80,818.62,818.83,819.01,818.69,818.75,819.14,819.23,819.25,819.55,819.58,819.58,819.54,819.54,819.73,820.31,823.32,828.76,832.41,837.26,844.87,853.80,859.50,860.31,860.47,860.70,861.30,862.02,862.67,863.26,863.98,863.59,862.83,861.88,860.66,859.96,859.94,860.26,863.33,867.04,869.61,870.28,869.82,870.07,871.29,871.36,872.17,873.02,873.06,873.45,874.18,875.38,877.02,878.86,887.95,897.54,905.45,918.06,932.59,947.39,962.00,979.26,1005.69,1021.06,1029.09,1034.90,1038.21,1039.09,1040.98,1047.26,1051.41,1039.36,1029.39,1019.96,1021.29,1033.65,1041.87,1038.15,1033.34,1020.76,1011.57,1012.40,1014.42,1013.59,1007.12,1000.75,998.68,986.05,970.34,956.35,943.59,936.12,930.68,926.72,923.80,920.42,918.14,916.72,917.81,920.23,921.76,923.24,924.63,925.93,927.17,928.29,929.87,931.47,932.90,934.38,935.95,937.54,939.01,941.59,944.48,947.38,950.59,954.83,959.25,960.97,961.09,960.41,958.92,957.38,957.23,957.53,958.52,960.34,962.40,964.51,967.63,972.45,982.71,990.57,1001.51,1017.02,1029.07,1037.42,1049.06,1063.96,1079.84,1092.72,1104.40,1111.50,1103.92,1082.93,1067.66,1054.27,1041.28,1037.88,1036.39,1034.13,1032.49,1033.30,1034.45,1035.63,1036.87,1038.18,1040.06,1041.27,1042.26,1043.11,1043.80,1044.51,1045.30,1046.03,1046.99,1048.13,1049.28,1050.06,1050.06,1049.98,1050.83,1052.14,1053.54,1054.82,1056.22,1057.46,1058.54,1059.49,1059.98,1061.24,1063.28,1065.71,1068.17,1069.70,1071.63,1074.13,1076.12,1077.70,1078.75,1079.28,1080.48,1082.38,1084.27,1086.13,1087.74,1088.94,1090.73,1090.44,1087.26,1081.41,1075.79,1070.88,1068.96,1068.21,1068.03,1069.58,1069.91,1070.28,1072.41,1075.53,1074.59,1074.88,1076.36,1075.73,1076.37,1078.02,1077.88,1078.25,1078.84,1080.10,1081.04,1083.16,1085.76,1087.52,1089.30,1090.97,1092.27,1093.32,1094.29,1095.19,1095.86,1096.88,1097.95,1098.81,1099.53,1100.52,1101.88,1102.92,1103.93,1105.56
814.02,816.50,818.30,819.00,818.01,816.49,815.68,815.84,816.88,817.63,817.93,817.96,818.13,818.30,818.42,818.26,818.37,818.45,818.06,817.94,818.23,818.35,818.46,818.69,819.08,819.34,819.37,819.53,819.83,821.46,824.40,827.42,831.34,839.53,850.95,859.02,860.22,860.49,860.55,860.62,860.65,860.81,860.93,861.14,861.49,860.71,859.77,859.30,858.89,859.02,859.81,861.20,864.20,866.88,868.36,868.68,868.36,868.77,869.38,869.53,870.52,870.98,871.45,872.46,873.89,875.62,877.35,879.10,886.96,896.07,903.50,914.24,931.80,946.85,961.26,979.99,1006.63,1027.11,1029.12,1027.76,1025.13,1023.14,1025.38,1035.21,1051.66,1055.38,1048.64,1033.84,1035.98,1049.26,1056.28,1048.60,1038.28,1028.48,1027.95,1029.28,1028.87,1027.62,1018.48,1008.87,1003.19,988.12,975.11,966.77,953.97,950.96,945.24,932.43,927.18,924.60,920.65,918.77,917.54,918.83,921.10,922.34,923.49,924.72,926.40,928.39,930.37,931.69,932.98,934.32,935.78,937.44,939.44,942.40,945.30,947.69,949.85,952.84,955.38,957.46,957.84,957.27,956.56,955.46,955.40,956.39,957.72,959.33,961.31,964.24,967.59,975.17,990.72,1005.77,1014.38,1021.61,1030.70,1040.57,1052.15,1064.51,1077.42,1090.31,1100.70,1108.72,1107.48,1099.20,1084.09,1067.97,1051.91,1040.30,1037.96,1035.64,1034.18,1034.76,1035.99,1037.21,1038.42,1039.56,1040.52,1041.47,1042.40,1043.38,1044.36,1045.20,1046.01,1046.78,1047.49,1048.42,1049.52,1050.92,1051.78,1051.72,1052.30,1052.95,1053.67,1054.63,1055.92,1057.31,1058.48,1060.11,1062.46,1063.56,1064.83,1067.11,1069.89,1071.37,1072.77,1074.99,1076.57,1078.23,1079.82,1080.66,1081.47,1082.74,1084.12,1084.86,1084.05,1083.10,1081.24,1076.94,1071.23,1065.36,1062.44,1062.56,1062.68,1062.63,1063.63,1066.01,1066.19,1066.23,1067.63,1070.04,1069.68,1070.72,1072.65,1072.33,1072.57,1074.32,1074.82,1075.67,1076.87,1078.30,1079.74,1082.59,1085.48,1087.52,1089.68,1093.78,1095.25,1096.03,1096.72,1097.44,1098.30,1099.61,1099.88,1099.50,1099.78,1101.61,1104.46,1105.89,1107.91,1111.07
811.75,813.53,814.81,815.38,814.81,814.34,814.31,815.40,816.52,817.00,817.21,817.27,817.46,817.63,817.83,817.91,817.88,817.84,817.44,817.15,817.33,817.48,817.61,818.05,818.86,819.25,819.44,819.66,820.20,823.01,826.11,829.32,834.94,843.54,856.18,860.10,860.31,860.32,860.02,859.89,858.86,858.59,858.85,859.05,859.17,858.93,858.36,858.09,858.15,859.01,860.09,862.49,864.92,866.36,866.88,867.23,867.11,867.67,868.46,869.04,869.55,870.10,871.15,872.48,873.90,875.62,877.33,878.99,885.23,894.25,901.53,911.25,933.06,950.33,968.33,987.27,1009.56,1023.90,1017.74,1013.46,1010.85,1007.15,1011.63,1029.37,1048.54,1061.49,1057.26,1046.07,1049.09,1060.68,1063.24,1051.02,1038.16,1033.77,1038.73,1041.17,1042.66,1042.15,1034.21,1022.20,1008.17,994.89,991.24,981.88,968.80,964.92,963.15,951.31,937.09,930.62,926.05,922.46,918.89,918.06,919.22,920.72,921.97,925.15,928.83,930.06,930.99,931.99,933.14,934.50,936.19,937.98,939.77,941.70,943.91,946.32,948.09,949.42,951.34,953.08,954.00,954.10,953.60,953.76,955.59,957.47,958.62,959.42,962.46,967.66,970.76,978.83,996.23,1011.52,1028.24,1042.36,1049.65,1057.42,1065.76,1073.96,1082.64,1091.07,1099.07,1099.50,1099.67,1102.93,1099.78,1081.69,1062.43,1045.90,1040.30,1037.35,1036.06,1036.21,1037.41,1038.63,1039.93,1040.97,1040.90,1041.64,1042.58,1043.50,1044.41,1044.82,1045.29,1046.83,1048.07,1048.94,1049.95,1051.46,1053.00,1053.63,1054.29,1054.93,1055.46,1056.00,1056.53,1057.34,1058.47,1060.57,1064.20,1066.09,1067.08,1068.43,1070.21,1072.13,1073.75,1075.25,1076.72,1078.41,1079.90,1081.00,1081.19,1081.64,1081.72,1081.72,1079.95,1073.47,1064.56,1060.46,1058.65,1057.15,1057.87,1058.30,1058.88,1059.10,1061.28,1062.82,1062.19,1063.49,1065.49,1067.46,1067.59,1068.39,1069.48,1069.63,1069.99,1071.67,1073.76,1075.62,1077.09,1078.20,1079.76,1083.55,1087.38,1089.04,1092.74,1098.33,1100.64,1103.23,1106.20,1109.34,1112.02,1113.42,1110.24,1106.00,1105.57,1107.55,1109.78,1111.35,1114.21,1116.94
809.88,810.22,811.80,812.22,812.50,812.89,813.98,815.15,816.03,816.31,816.49,816.62,816.80,817.00,817.18,817.35,817.41,817.22,816.81,816.42,816.43,816.59,816.94,817.88,818.78,819.35,819.60,819.80,821.20,824.54,827.83,832.31,839.86,849.98,859.15,860.12,860.22,860.11,858.50,856.77,855.90,856.19,856.84,857.21,857.35,857.38,857.01,856.86,857.77,859.09,860.47,862.85,864.47,865.10,865.47,865.78,866.27,867.57,868.79,869.74,869.99,870.57,871.56,872.64,873.93,875.59,877.16,878.64,882.69,892.03,899.87,908.59,929.53,947.62,966.35,984.24,1000.02,1014.64,1007.23,999.26,997.85,996.41,1008.03,1028.65,1045.78,1054.79,1054.58,1051.94,1054.65,1062.74,1062.94,1048.19,1031.01,1027.57,1033.44,1039.26,1042.11,1042.08,1038.91,1030.55,1018.64,1009.02,1004.77,993.19,977.67,976.58,976.58,967.16,954.38,942.91,933.66,931.51,923.58,919.12,918.86,919.58,921.04,925.96,930.21,931.28,932.06,932.87,933.68,934.75,936.00,937.38,938.74,940.07,942.49,944.93,946.56,947.74,948.88,949.72,950.89,951.16,951.94,953.95,956.56,959.06,963.18,968.33,975.95,985.28,990.53,993.99,1005.83,1018.36,1035.98,1051.13,1059.45,1066.54,1070.48,1072.74,1076.03,1083.31,1090.52,1088.70,1088.72,1093.65,1100.27,1088.77,1071.79,1052.00,1043.56,1039.07,1038.37,1037.76,1038.83,1040.15,1041.78,1042.14,1041.65,1041.75,1042.66,1043.59,1044.14,1044.14,1044.10,1045.49,1047.22,1048.83,1050.28,1051.94,1053.43,1054.36,1055.24,1056.41,1057.22,1057.82,1058.34,1058.79,1059.36,1061.66,1064.68,1065.53,1066.12,1067.80,1069.97,1071.83,1072.60,1073.46,1074.40,1075.61,1078.98,1080.23,1076.14,1076.88,1074.12,1071.98,1066.39,1060.98,1056.28,1053.73,1053.10,1053.90,1055.53,1056.14,1056.97,1058.03,1059.96,1059.93,1060.28,1062.25,1063.64,1065.25,1065.67,1066.59,1067.69,1068.66,1070.19,1073.01,1075.25,1076.81,1078.19,1078.71,1079.73,1084.61,1090.32,1094.21,1102.32,1110.59,1117.48,1121.89,1125.23,1128.32,1130.97,1131.49,1127.53,1121.63,1121.27,1122.36,1123.90,1124.68,1125.83,1127.20
809.16,809.37,809.95,810.28,811.26,812.61,813.86,814.92,815.37,815.60,815.79,815.96,816.16,816.35,816.52,816.73,816.91,816.62,816.19,815.77,815.63,815.77,816.20,817.50,818.64,819.32,819.74,820.47,823.36,826.63,830.55,837.60,847.60,857.87,860.02,860.05,860.01,858.98,855.08,852.68,853.20,854.23,854.86,855.33,855.52,855.58,855.60,856.24,857.50,859.09,861.13,862.48,863.18,863.77,864.32,864.87,866.13,867.76,869.32,870.37,871.31,872.07,872.66,873.48,874.44,875.48,876.62,877.85,880.76,889.85,898.39,906.48,923.57,941.58,955.59,972.93,990.71,998.61,993.50,986.97,986.16,987.55,1003.26,1023.69,1035.83,1038.98,1039.89,1043.08,1050.55,1059.48,1059.87,1046.16,1027.60,1014.87,1019.14,1027.82,1032.45,1033.88,1031.82,1027.39,1024.46,1019.73,1013.15,1000.66,985.86,987.12,988.54,979.82,964.58,954.23,944.01,938.36,933.29,926.37,922.22,920.41,920.39,924.94,930.09,932.16,933.06,933.87,934.74,935.61,936.45,937.32,938.47,940.66,942.47,943.90,945.10,946.24,947.38,948.38,948.96,949.71,951.63,954.51,957.32,962.81,976.42,989.78,998.91,1009.84,1012.95,1008.39,1012.45,1026.20,1038.36,1044.37,1050.75,1058.95,1058.88,1060.14,1064.06,1073.03,1078.97,1074.99,1075.33,1086.99,1097.41,1095.25,1079.65,1059.34,1046.43,1042.03,1042.16,1039.93,1040.49,1042.09,1043.18,1043.09,1042.66,1042.24,1042.71,1043.41,1043.47,1043.44,1043.16,1044.05,1045.78,1047.54,1049.98,1051.90,1052.56,1052.71,1053.21,1054.70,1056.56,1058.79,1059.97,1060.78,1061.37,1061.83,1062.07,1062.00,1062.13,1063.03,1065.65,1069.82,1070.45,1070.89,1071.22,1070.81,1071.16,1068.11,1059.74,1058.68,1056.81,1052.91,1049.96,1048.69,1049.31,1049.48,1049.78,1051.42,1053.26,1054.18,1055.30,1056.79,1058.01,1058.95,1060.04,1061.30,1062.85,1064.40,1066.11,1067.86,1069.23,1069.44,1071.37,1075.03,1076.63,1078.09,1079.22,1079.36,1081.02,1091.12,1098.55,1104.92,1116.60,1126.03,1129.98,1130.87,1131.08,1131.02,1131.18,1132.21,1134.18,1132.91,1132.30,1132.42,1132.40,1133.59,1135.54,1135.78
808.76,809.08,809.52,809.97,811.02,812.56,813.72,814.42,814.67,814.88,815.16,815.38,815.58,815.78,815.97,816.16,816.37,816.17,815.56,815.13,814.90,814.99,815.36,816.84,818.36,819.56,820.16,822.56,825.90,830.07,837.54,847.64,854.11,858.94,858.96,858.72,858.38,855.22,850.73,849.62,850.56,852.27,852.86,853.34,853.68,854.12,855.26,856.43,857.38,858.83,860.48,861.24,862.06,863.00,863.88,864.84,866.04,867.58,868.94,869.54,870.59,872.07,873.46,874.54,875.57,876.48,877.32,878.14,879.81,887.73,896.69,904.74,917.56,935.68,948.82,968.44,981.91,984.74,982.04,976.48,975.87,980.64,995.90,1010.88,1021.22,1024.12,1024.23,1030.33,1042.16,1054.05,1051.80,1039.32,1024.11,1007.12,1005.14,1015.33,1018.40,1021.48,1021.34,1018.81,1019.72,1021.15,1017.75,1005.68,992.07,993.62,996.85,989.00,976.52,966.17,960.02,953.14,941.86,934.09,928.81,924.77,921.96,923.66,930.70,932.46,933.61,934.67,935.70,936.66,937.56,938.46,939.31,940.37,941.53,942.67,943.82,944.97,946.14,947.28,948.22,949.56,953.56,957.76,960.58,966.83,977.73,994.40,1011.52,1021.93,1024.24,1022.84,1024.73,1029.08,1028.77,1031.80,1041.86,1046.16,1043.21,1045.89,1054.27,1065.99,1068.47,1061.39,1066.13,1081.51,1093.40,1096.79,1085.51,1067.63,1050.25,1045.42,1042.67,1042.25,1042.67,1042.98,1042.45,1042.70,1042.75,1042.70,1042.74,1042.79,1042.79,1042.75,1042.43,1042.66,1044.33,1046.53,1049.78,1051.27,1051.26,1050.87,1050.97,1051.76,1053.22,1055.88,1058.84,1056.78,1052.95,1051.59,1052.09,1053.43,1053.95,1056.07,1057.58,1059.17,1060.28,1061.36,1062.98,1064.39,1058.58,1046.62,1042.08,1041.96,1042.92,1043.21,1044.13,1045.40,1047.17,1048.57,1049.66,1051.14,1053.07,1054.18,1055.31,1056.63,1057.98,1059.21,1060.46,1063.96,1066.65,1068.19,1070.71,1075.16,1077.63,1076.41,1076.25,1078.91,1079.99,1082.36,1083.27,1084.60,1092.92,1103.04,1109.86,1116.47,1120.94,1124.16,1125.22,1125.25,1127.09,1127.07,1127.76,1128.84,1132.73,1136.03,1136.49,1136.71,1136.78,1138.20,1140.42,1140.43
808.52,808.91,809.51,810.23,811.16,812.45,813.40,813.73,813.89,814.11,814.49,814.83,815.03,815.22,815.43,815.62,815.88,815.99,815.04,814.49,814.18,814.25,815.07,817.13,819.00,820.11,821.45,824.48,827.95,835.39,845.27,851.91,855.74,856.63,856.50,856.07,855.34,851.97,849.22,848.23,848.94,850.30,851.03,851.71,852.69,854.29,855.92,857.38,858.35,858.83,859.83,861.14,862.70,864.16,865.23,866.12,866.69,867.25,868.24,869.15,870.50,871.73,872.76,873.93,875.31,876.68,877.88,878.88,880.52,886.86,894.81,902.71,911.94,927.45,946.02,963.93,969.71,972.46,971.80,965.97,966.75,976.18,988.03,998.69,1005.01,1005.67,1007.28,1021.28,1037.04,1047.36,1042.93,1029.81,1015.35,999.90,995.22,1004.68,1003.96,1003.28,1001.91,1002.62,1008.40,1011.68,1012.76,1007.99,998.08,997.16,999.27,997.55,989.36,981.56,974.99,968.77,957.74,940.72,933.27,928.32,925.16,923.11,928.60,931.54,932.64,933.81,935.13,936.88,938.28,939.34,940.50,941.20,942.11,943.15,944.16,945.16,946.21,947.07,948.47,952.63,962.90,966.94,970.60,975.88,987.13,1002.49,1017.61,1023.37,1024.18,1022.03,1019.50,1017.58,1015.02,1022.97,1037.36,1035.82,1029.33,1035.42,1048.34,1054.15,1052.58,1049.64,1057.35,1075.06,1088.06,1092.31,1084.11,1068.88,1053.22,1044.47,1040.06,1039.07,1040.35,1041.27,1041.39,1041.58,1041.76,1042.25,1042.46,1042.13,1042.08,1042.04,1041.80,1041.47,1042.96,1045.14,1046.88,1048.43,1048.60,1046.95,1046.60,1046.68,1047.19,1048.17,1048.75,1045.46,1044.68,1044.27,1044.81,1046.41,1047.69,1049.18,1050.44,1051.86,1053.76,1053.49,1053.86,1053.67,1045.87,1039.11,1038.93,1039.95,1040.91,1042.12,1043.67,1045.20,1047.55,1050.07,1052.76,1054.48,1056.40,1057.10,1057.90,1059.05,1061.05,1062.83,1065.30,1069.34,1073.08,1077.31,1087.04,1096.38,1097.96,1098.06,1095.80,1097.63,1098.40,1099.82,1096.51,1097.58,1102.51,1109.29,1113.15,1116.06,1117.22,1118.10,1118.38,1119.85,1122.27,1124.24,1126.16,1128.35,1131.23,1134.26,1137.13,1138.94,1139.81,1140.42,1141.14,1142.06
808.34,808.84,809.30,809.84,810.97,812.22,812.76,812.89,813.02,813.42,813.75,814.19,814.47,814.68,814.87,815.08,815.38,815.69,814.92,813.92,813.52,814.71,818.26,819.89,820.26,820.75,822.09,825.18,829.45,839.77,848.98,852.60,854.12,854.04,853.90,853.15,852.42,849.75,847.87,847.21,848.10,849.22,850.26,851.30,852.56,854.28,856.18,857.99,859.58,860.29,860.57,862.31,864.00,865.46,866.74,867.72,868.09,868.14,868.60,869.52,870.72,872.14,873.36,874.13,875.13,876.08,877.24,878.53,880.60,885.76,892.78,899.49,905.65,919.52,937.51,953.48,958.26,959.02,959.12,955.62,957.00,969.71,978.41,984.73,990.00,989.67,997.66,1018.33,1035.73,1043.22,1035.85,1021.98,1005.83,989.45,986.61,996.21,992.87,991.01,988.77,990.16,995.50,998.48,1003.02,1005.38,1001.20,994.97,993.68,995.53,994.95,992.08,988.76,979.93,967.56,948.54,936.11,931.38,927.91,924.92,924.64,929.78,931.35,932.57,934.22,936.10,937.98,939.64,941.49,942.65,943.37,944.18,945.21,946.32,947.43,948.10,949.01,953.07,962.72,974.38,984.99,991.08,1004.35,1016.66,1021.63,1023.02,1020.78,1014.65,1007.89,1005.26,1012.44,1026.48,1031.43,1025.91,1021.65,1030.96,1039.95,1038.04,1038.96,1042.90,1055.24,1072.66,1084.90,1086.76,1077.39,1062.68,1050.40,1040.86,1038.44,1037.51,1038.22,1039.50,1040.46,1040.92,1041.52,1042.21,1042.17,1041.61,1041.40,1041.34,1041.14,1040.50,1040.66,1038.84,1037.85,1038.26,1038.34,1038.24,1038.53,1039.19,1039.79,1038.19,1038.82,1039.36,1039.51,1039.62,1040.01,1042.33,1043.91,1044.61,1044.35,1044.58,1044.72,1042.51,1040.34,1039.04,1037.80,1037.22,1038.21,1039.76,1040.24,1041.61,1043.32,1045.21,1047.51,1049.60,1055.73,1059.08,1059.84,1060.40,1061.17,1062.51,1066.11,1068.54,1070.82,1073.96,1079.26,1089.21,1100.17,1107.73,1110.49,1110.32,1110.09,1110.38,1110.32,1108.71,1103.27,1101.55,1104.50,1107.76,1111.24,1113.09,1114.20,1115.61,1117.36,1119.67,1121.97,1124.30,1126.53,1128.67,1130.97,1133.55,1136.25,1138.28,1140.02,1140.24,1140.22,1142.20
808.25,808.88,809.50,809.82,810.41,811.61,811.88,811.99,812.26,812.73,813.03,813.46,813.88,814.13,814.33,814.56,814.88,815.26,814.88,813.69,813.53,815.38,817.54,818.96,820.00,820.40,821.63,824.00,829.15,840.69,848.80,851.63,851.63,851.36,851.39,850.45,849.40,848.18,846.37,846.79,848.12,848.96,850.07,851.29,852.53,854.05,855.96,857.85,859.56,861.13,862.44,863.76,865.30,866.72,868.05,869.23,869.57,869.52,869.48,870.53,871.93,873.29,874.84,875.28,875.94,877.32,877.82,878.34,879.35,883.40,889.69,894.62,899.65,911.37,925.69,942.68,949.96,946.47,946.02,944.61,946.83,958.18,963.96,965.39,972.72,973.70,992.37,1016.87,1034.55,1038.66,1029.05,1014.86,996.41,980.58,978.35,989.22,984.21,977.38,976.07,976.51,981.44,986.36,995.68,998.19,993.34,987.16,983.63,988.16,991.71,990.74,989.48,979.74,965.24,948.74,937.16,933.32,930.52,927.68,924.83,925.76,929.62,931.53,933.39,935.32,937.26,939.39,941.27,942.98,944.45,945.43,946.28,947.48,948.67,949.32,950.31,954.88,959.12,967.64,984.77,1000.24,1014.34,1020.70,1021.69,1020.07,1013.44,1004.65,996.94,999.27,1012.71,1021.00,1021.45,1018.32,1015.70,1024.61,1027.62,1027.17,1035.11,1047.67,1064.54,1077.13,1084.11,1078.51,1066.26,1053.22,1041.63,1037.89,1036.38,1035.77,1036.97,1038.55,1040.08,1040.90,1041.59,1042.15,1041.84,1041.27,1040.78,1040.64,1040.46,1038.23,1034.09,1031.52,1030.26,1030.15,1029.91,1029.85,1029.96,1032.44,1035.69,1035.07,1035.62,1036.74,1037.33,1036.60,1035.65,1038.37,1039.24,1038.61,1036.50,1036.46,1036.61,1035.82,1035.30,1034.90,1035.38,1036.55,1037.93,1039.02,1039.72,1041.23,1043.38,1045.21,1046.89,1049.49,1059.20,1061.93,1062.59,1063.62,1064.96,1066.09,1070.07,1072.61,1074.63,1077.99,1085.63,1098.07,1105.10,1110.07,1112.10,1112.03,1111.80,1111.16,1109.32,1107.21,1106.26,1102.95,1105.02,1107.82,1109.62,1111.28,1112.98,1115.42,1118.08,1120.54,1122.62,1124.75,1126.88,1128.91,1131.09,1133.24,1135.44,1137.62,1139.48,1139.43,1139.59,1141.68
808.31,808.93,809.49,810.00,810.22,810.79,811.04,811.11,811.64,811.97,812.30,812.73,813.17,813.55,813.78,814.04,814.38,814.78,814.59,812.89,813.37,814.85,816.42,817.84,818.93,819.56,821.04,823.27,827.58,841.06,846.85,847.73,847.28,846.90,847.85,846.80,845.80,845.32,845.61,848.03,849.58,850.07,850.62,851.57,852.68,853.92,855.46,856.95,858.43,859.70,861.55,863.64,865.75,867.47,868.91,870.37,871.29,871.05,870.93,872.00,873.44,875.06,876.92,877.53,877.01,878.13,879.75,880.13,881.16,884.04,887.99,891.99,897.20,907.43,922.37,939.20,942.95,936.27,936.41,936.87,937.90,944.38,948.74,954.16,959.01,965.09,990.20,1013.29,1027.73,1030.19,1020.59,1003.14,984.40,973.09,969.42,978.54,974.18,962.36,961.74,963.17,967.23,977.57,987.23,984.25,978.99,976.78,974.39,977.20,981.15,981.20,983.49,977.30,963.57,950.65,939.24,936.97,933.96,930.39,926.97,924.78,926.93,930.38,932.46,934.69,937.25,939.80,941.50,943.04,944.70,946.26,947.39,948.31,949.61,951.28,952.52,956.13,958.59,965.90,982.14,1002.61,1015.76,1018.45,1016.65,1011.46,1001.15,992.97,989.29,998.11,1006.34,1007.89,1007.36,1007.80,1007.60,1013.22,1018.86,1030.38,1044.16,1060.94,1073.32,1081.16,1076.40,1065.35,1053.47,1042.37,1035.82,1035.07,1034.11,1034.58,1036.14,1037.75,1039.57,1041.21,1041.76,1041.87,1041.35,1040.85,1040.24,1038.02,1035.59,1032.16,1027.38,1026.78,1027.08,1027.35,1027.30,1027.16,1028.03,1029.99,1031.27,1032.14,1033.45,1034.87,1034.81,1033.00,1031.38,1031.06,1030.79,1029.88,1029.43,1031.89,1032.49,1031.81,1032.41,1033.72,1035.16,1036.57,1038.20,1039.31,1039.91,1042.56,1046.07,1047.54,1048.76,1052.66,1060.96,1063.63,1065.26,1066.76,1068.41,1069.38,1072.15,1074.73,1077.34,1082.35,1094.36,1102.97,1107.95,1111.65,1113.20,1112.55,1111.26,1108.41,1102.58,1103.23,1105.35,1104.58,1105.35,1107.21,1109.00,1110.97,1112.66,1114.71,1117.62,1120.32,1122.30,1124.28,1125.96,1127.79,1129.93,1132.24,1134.34,1136.26,1137.94,1138.41,1138.90,1140.92
808.06,808.52,808.94,809.31,809.21,809.77,810.24,810.34,811.09,811.21,811.55,812.01,812.45,812.89,813.22,813.52,813.84,813.98,813.19,812.24,813.25,814.37,815.59,816.68,817.77,819.03,821.13,823.75,827.59,840.13,842.84,841.61,839.88,841.04,842.73,842.74,843.15,844.67,847.02,849.40,850.66,851.37,851.92,852.44,853.27,854.34,855.43,856.56,857.77,859.11,861.14,863.25,865.41,867.17,868.95,870.75,872.45,873.12,873.14,873.99,875.14,876.88,878.98,879.75,879.36,878.76,880.17,882.01,883.31,885.55,888.22,891.64,897.84,913.39,931.99,942.01,938.21,929.72,930.77,932.05,932.28,933.38,935.39,942.55,950.99,963.16,985.49,1006.33,1019.48,1021.24,1011.95,993.38,976.74,964.57,958.23,964.64,966.07,955.98,952.82,953.35,960.08,972.35,974.45,970.67,964.44,965.25,965.25,965.82,969.04,976.69,986.21,981.45,970.97,960.40,951.45,944.25,937.46,932.38,928.69,926.81,925.82,928.85,931.88,934.82,937.76,940.21,941.94,943.54,945.07,946.52,947.98,949.29,950.83,952.91,954.73,956.81,959.06,970.43,988.78,1005.79,1012.49,1009.05,1006.78,1003.81,992.99,985.97,987.43,995.03,996.46,993.68,993.15,996.85,1003.05,1015.15,1030.99,1048.39,1060.69,1069.94,1078.26,1076.76,1064.62,1052.82,1042.26,1033.41,1031.53,1031.73,1032.05,1033.58,1035.31,1036.94,1038.51,1040.47,1041.38,1041.14,1040.54,1039.23,1034.86,1027.74,1023.73,1021.66,1020.22,1022.11,1023.36,1024.81,1025.13,1025.45,1027.21,1027.61,1028.25,1029.33,1031.43,1033.13,1032.46,1030.69,1028.93,1028.09,1028.09,1028.00,1028.34,1029.63,1029.72,1030.40,1031.94,1033.66,1035.35,1036.75,1038.36,1040.58,1043.19,1046.04,1049.27,1050.57,1052.09,1055.79,1060.88,1063.73,1066.82,1068.95,1070.96,1072.59,1074.26,1076.59,1079.13,1087.82,1099.72,1105.59,1109.79,1111.73,1112.07,1111.31,1108.24,1100.47,1099.24,1100.50,1102.48,1103.60,1105.04,1106.80,1108.70,1110.67,1112.36,1114.17,1116.63,1118.98,1121.20,1122.99,1124.53,1126.17,1128.48,1131.03,1132.86,1134.64,1136.04,1137.04,1138.33,1140.12
807.05,807.46,807.86,808.22,808.20,808.88,809.22,809.80,810.44,810.47,810.83,811.29,811.76,812.21,812.58,812.84,812.92,812.30,811.61,812.29,813.49,814.63,815.73,816.85,818.05,819.32,821.38,824.10,826.76,831.15,833.64,834.49,836.29,838.85,841.03,842.78,844.53,846.64,849.11,850.23,850.95,851.71,852.49,853.25,853.99,854.97,856.15,857.37,858.54,859.75,861.33,863.35,865.37,867.33,869.26,871.04,872.85,874.38,875.25,876.13,877.20,878.32,879.87,880.56,880.42,879.84,880.37,882.29,884.24,886.26,888.34,891.53,898.56,917.91,936.75,941.95,935.85,926.28,924.82,925.22,925.28,925.59,927.67,933.05,946.30,963.74,982.74,999.42,1010.17,1008.67,998.65,984.46,974.41,961.89,951.75,950.16,952.03,949.37,944.77,944.73,952.53,962.86,960.20,955.74,949.97,951.62,954.21,956.75,964.30,979.10,989.12,988.62,980.74,973.82,968.54,957.06,944.13,936.15,931.46,930.09,927.80,928.13,931.72,935.04,938.46,940.47,942.01,943.53,945.04,946.56,948.08,949.69,952.02,953.87,955.66,957.53,959.71,974.71,991.34,1003.09,1003.55,997.45,998.22,996.59,988.28,981.79,984.41,987.78,987.08,987.66,992.51,999.75,1010.36,1027.23,1046.74,1062.98,1072.94,1076.82,1075.62,1067.45,1054.18,1042.29,1034.03,1029.16,1028.43,1029.50,1030.74,1032.45,1034.29,1035.79,1036.98,1037.84,1038.47,1037.68,1033.06,1027.76,1024.54,1019.82,1017.87,1017.69,1018.26,1018.92,1020.58,1022.85,1023.12,1024.49,1025.89,1025.28,1025.55,1027.56,1030.32,1030.60,1030.08,1028.85,1027.16,1026.20,1026.29,1026.51,1027.25,1028.65,1030.23,1031.48,1033.21,1035.14,1036.54,1037.48,1038.47,1040.59,1047.91,1050.14,1051.71,1053.34,1055.85,1058.01,1060.96,1064.07,1067.69,1070.26,1072.32,1074.26,1076.07,1077.99,1082.90,1094.62,1100.38,1103.04,1106.20,1107.94,1108.35,1107.11,1101.80,1098.63,1098.65,1099.93,1101.52,1103.73,1105.38,1106.86,1108.33,1110.24,1112.43,1114.41,1116.31,1118.61,1121.31,1122.95,1124.36,1125.76,1127.39,1129.98,1131.66,1133.44,1135.17,1136.97,1138.73,1140.43
805.97,806.35,806.75,807.14,807.29,807.92,808.22,809.06,809.44,809.79,810.45,810.90,811.21,811.45,811.77,811.90,811.56,811.02,811.23,812.54,813.77,814.95,816.06,817.18,818.27,819.35,821.20,824.72,827.79,829.49,831.16,833.84,837.38,840.68,842.67,845.10,846.68,848.48,850.18,850.60,851.21,851.96,852.74,853.51,854.35,855.67,856.81,858.03,859.38,860.78,862.35,864.09,866.02,868.00,870.09,871.72,873.19,874.82,876.20,877.52,878.71,879.90,880.38,880.72,880.52,880.28,880.74,881.86,883.67,885.71,887.94,890.78,899.11,917.51,932.82,939.12,930.20,921.06,919.09,918.79,918.66,919.40,921.60,926.41,941.73,959.73,979.23,990.94,995.73,988.68,982.33,977.61,972.49,959.78,946.50,942.23,941.98,941.35,937.85,937.02,940.34,947.56,946.01,940.87,938.63,939.24,945.20,957.74,967.09,977.58,983.46,982.67,984.65,983.42,979.16,968.24,955.18,941.79,935.28,933.21,932.20,928.14,929.02,932.14,935.07,937.51,940.30,942.01,943.64,945.20,946.88,948.94,951.02,952.78,955.15,957.26,959.04,970.05,985.84,994.46,994.44,987.76,987.83,986.10,981.52,978.72,980.05,981.93,984.85,991.23,999.15,1006.45,1016.85,1032.92,1052.58,1071.53,1080.36,1078.01,1068.98,1055.69,1042.16,1033.15,1029.10,1027.35,1026.28,1027.64,1029.70,1031.31,1032.67,1034.13,1034.30,1034.62,1033.74,1029.79,1021.89,1018.79,1017.97,1017.20,1015.67,1015.71,1016.22,1017.15,1019.44,1020.98,1021.81,1023.64,1023.78,1022.86,1023.17,1024.81,1026.03,1025.15,1024.74,1025.30,1024.66,1024.22,1024.85,1025.91,1027.91,1030.71,1032.69,1033.63,1035.12,1036.67,1037.56,1038.47,1039.62,1042.65,1050.21,1052.96,1054.04,1056.01,1058.54,1061.01,1062.24,1064.62,1068.43,1071.08,1072.83,1074.47,1076.15,1077.85,1080.48,1086.46,1090.41,1092.03,1093.51,1096.38,1099.49,1099.65,1098.47,1097.50,1098.23,1099.60,1102.54,1106.70,1108.26,1109.23,1109.99,1112.39,1116.63,1118.30,1118.43,1119.51,1123.51,1125.85,1127.16,1128.18,1128.58,1129.97,1131.86,1133.91,1136.16,1138.11,1139.67,1141.81
804.99,805.30,805.65,806.03,806.36,806.88,807.30,807.93,808.10,809.07,810.04,810.07,810.26,810.59,810.89,810.59,810.13,810.17,811.22,812.68,814.10,815.33,816.47,817.41,818.39,819.45,822.67,826.94,829.34,831.51,833.03,836.04,839.32,841.88,844.53,846.81,848.99,850.11,850.55,850.86,851.54,852.22,852.99,853.76,854.81,856.32,857.77,858.54,859.88,861.34,862.83,864.58,866.33,868.17,870.12,871.88,873.51,875.09,876.59,878.04,879.37,880.48,880.70,880.89,880.72,880.77,881.35,881.99,883.10,885.06,887.15,889.10,893.12,908.07,924.55,932.00,921.92,915.76,915.15,914.70,914.35,915.14,916.32,921.89,936.69,951.35,967.52,977.11,978.85,974.24,971.71,971.78,969.06,959.22,943.73,936.59,934.00,932.80,931.88,930.62,930.89,934.39,934.29,932.50,933.32,936.16,942.78,954.00,962.99,971.70,974.46,971.54,976.33,981.83,982.82,977.36,964.77,950.32,939.25,935.91,937.93,934.59,928.95,929.11,931.06,933.71,937.40,940.35,942.08,943.62,945.76,947.89,949.97,952.18,954.57,956.67,958.08,961.85,976.10,985.14,988.30,982.29,979.91,978.41,977.42,977.29,978.79,982.83,991.71,1001.26,1009.84,1018.60,1029.98,1043.38,1057.34,1068.91,1076.18,1069.66,1055.97,1042.26,1033.60,1028.53,1026.63,1025.02,1024.78,1026.73,1027.77,1028.69,1030.87,1031.66,1030.41,1030.73,1026.00,1018.82,1013.14,1013.73,1013.93,1013.68,1013.39,1013.75,1014.18,1015.49,1017.18,1018.38,1021.00,1022.19,1021.37,1020.40,1020.11,1019.99,1019.84,1020.01,1020.55,1021.69,1022.64,1023.76,1024.96,1026.42,1028.82,1030.90,1032.42,1035.03,1036.78,1037.74,1038.57,1039.56,1042.00,1045.74,1050.21,1054.11,1056.52,1057.96,1060.47,1062.78,1064.62,1065.53,1067.89,1070.09,1071.78,1073.43,1075.10,1076.74,1078.51,1082.04,1086.09,1087.22,1088.18,1090.57,1094.82,1095.62,1096.03,1096.82,1098.86,1101.33,1106.94,1111.41,1116.39,1118.45,1119.54,1121.08,1125.01,1128.32,1127.18,1127.89,1129.09,1129.75,1131.48,1132.43,1133.25,1135.48,1135.12,1135.02,1136.89,1139.27,1140.98,1143.02
804.06,804.38,804.65,804.98,805.35,805.82,806.29,806.67,807.03,807.75,808.52,808.61,809.00,809.60,809.78,809.43,809.48,809.97,811.28,812.90,814.65,816.01,816.91,818.06,818.86,820.11,826.34,830.79,832.26,833.90,835.52,837.22,840.30,842.57,844.59,846.92,849.27,850.32,850.40,850.66,851.77,852.52,853.27,854.06,855.36,856.94,858.49,859.82,860.70,861.96,863.27,864.84,866.52,868.21,869.93,871.55,873.15,874.74,876.28,877.95,879.63,880.26,880.55,880.92,880.94,881.34,881.97,882.54,883.16,884.31,886.05,887.89,889.84,900.34,916.51,924.41,916.66,909.32,910.17,910.48,910.17,910.65,912.06,917.22,929.73,942.33,954.33,959.90,962.42,960.88,958.28,961.15,961.71,955.13,942.48,931.88,928.73,927.20,927.01,926.62,927.43,928.05,927.97,928.90,930.29,933.51,937.97,944.43,951.84,960.38,964.23,958.49,961.96,972.21,978.85,980.88,975.32,960.75,945.13,938.37,940.84,940.85,933.67,929.06,929.13,930.55,933.77,937.63,940.28,941.56,944.48,947.54,950.36,952.57,954.27,955.27,956.54,959.23,967.75,978.28,982.05,977.75,975.54,974.69,976.13,978.97,984.21,995.81,1008.14,1017.37,1024.74,1032.12,1039.10,1044.86,1052.07,1059.36,1064.86,1059.36,1043.56,1033.26,1030.09,1026.88,1024.34,1022.75,1023.59,1024.52,1024.13,1024.53,1026.22,1023.75,1018.95,1016.93,1012.44,1008.69,1007.50,1009.06,1010.21,1010.17,1011.00,1011.63,1012.03,1013.08,1013.70,1015.39,1019.35,1019.72,1018.48,1017.08,1016.96,1017.14,1017.81,1018.73,1019.79,1021.17,1023.05,1024.25,1025.42,1026.74,1028.51,1029.73,1031.23,1035.20,1038.12,1039.07,1040.07,1041.73,1045.13,1048.85,1052.24,1055.59,1058.54,1060.21,1062.32,1064.82,1067.05,1068.09,1069.14,1071.16,1072.54,1073.63,1074.95,1076.68,1078.85,1081.87,1083.73,1085.13,1086.81,1089.32,1091.44,1093.09,1095.43,1097.56,1099.53,1105.82,1111.82,1115.99,1120.52,1122.44,1123.88,1126.11,1128.98,1130.76,1131.93,1132.82,1134.18,1136.14,1139.11,1140.06,1140.85,1141.76,1140.69,1138.29,1138.01,1140.33,1142.26,1144.24
803.11,803.42,803.71,804.01,804.41,804.85,805.29,805.66,806.05,806.28,806.60,806.87,807.51,808.14,808.39,808.80,809.56,810.58,812.38,814.06,815.88,817.31,817.69,818.52,820.11,825.39,830.43,832.27,834.12,836.03,838.00,839.50,840.78,842.05,843.54,845.43,847.34,848.56,849.43,850.44,851.62,852.73,853.54,854.50,855.98,857.52,859.08,861.13,862.43,863.49,864.63,865.57,866.71,868.37,870.13,871.62,873.09,874.71,876.14,877.55,879.07,880.19,880.59,880.95,881.25,881.70,882.16,882.71,883.56,884.36,885.34,886.92,888.64,893.19,906.26,911.53,905.73,900.10,900.37,903.02,906.04,907.66,908.41,910.22,918.74,929.19,937.36,941.12,941.99,942.50,944.89,947.82,946.49,941.21,934.57,926.21,924.17,923.43,923.40,924.13,925.02,925.69,927.42,930.35,931.06,931.86,933.57,936.36,940.04,945.00,948.54,946.08,947.79,955.02,964.73,972.17,975.27,970.73,954.22,942.62,944.34,943.24,939.75,933.70,929.89,929.67,931.30,934.82,937.64,939.35,941.93,944.93,949.97,951.70,952.40,953.25,955.34,958.69,963.98,972.38,976.04,973.98,972.62,974.86,978.28,986.22,996.44,1005.50,1014.54,1021.20,1025.57,1030.07,1031.52,1033.59,1041.52,1053.10,1057.30,1049.98,1035.57,1028.42,1027.15,1025.08,1022.30,1020.63,1021.38,1020.51,1019.35,1017.20,1013.95,1009.63,1006.34,1004.27,1003.57,1003.21,1003.75,1005.86,1007.14,1007.38,1009.00,1009.42,1009.83,1010.36,1010.25,1010.93,1013.92,1014.87,1014.23,1014.28,1015.18,1016.14,1017.16,1018.32,1020.16,1021.73,1023.56,1024.83,1026.30,1027.43,1028.19,1029.22,1031.76,1036.63,1039.60,1041.26,1043.04,1044.87,1048.18,1051.83,1054.59,1057.31,1061.07,1063.76,1065.22,1067.34,1070.00,1072.44,1074.42,1075.76,1076.71,1076.55,1076.12,1076.93,1078.94,1080.78,1082.51,1084.35,1086.09,1088.10,1090.47,1095.17,1097.68,1100.13,1102.20,1106.81,1111.57,1115.08,1118.95,1121.74,1123.85,1125.37,1127.40,1129.80,1132.19,1134.09,1136.05,1138.02,1140.33,1143.06,1144.47,1145.63,1146.78,1144.96,1142.70,1143.31,1145.10,1146.22
802.18,802.50,802.74,803.05,803.51,803.96,804.37,804.74,805.11,805.25,805.60,806.27,806.84,807.40,808.12,809.10,810.12,812.15,814.12,815.57,817.16,818.64,819.23,819.42,824.54,830.33,832.09,833.62,835.35,837.25,839.45,841.10,842.03,843.00,844.15,845.36,846.56,847.90,849.44,850.91,851.91,852.83,853.79,854.98,856.45,857.89,859.27,860.98,863.08,864.95,866.29,867.27,867.78,868.69,870.60,872.30,874.12,875.93,877.43,878.77,879.96,880.51,880.89,880.95,881.17,881.61,882.23,883.13,884.03,884.82,885.58,886.49,887.97,890.45,896.10,897.50,896.97,897.31,898.14,900.22,903.37,904.79,905.38,906.97,909.43,913.20,917.94,922.06,923.60,927.38,933.26,932.02,926.33,922.20,920.78,919.91,919.89,920.47,921.45,922.75,924.32,926.04,928.03,931.22,932.70,933.69,934.87,935.50,936.65,938.01,939.58,940.39,943.88,947.26,949.87,954.62,959.39,964.40,960.94,949.31,947.89,944.85,942.20,938.73,934.29,933.23,934.21,934.82,936.09,938.01,940.13,941.54,945.19,949.08,950.04,950.91,951.94,953.50,958.35,964.69,968.06,969.33,972.15,975.64,980.43,990.74,995.30,998.45,1003.63,1008.70,1012.94,1016.59,1021.76,1030.92,1044.64,1051.55,1047.66,1039.84,1030.02,1026.51,1024.40,1023.09,1020.05,1013.46,1011.86,1008.01,1004.12,1001.67,999.92,998.88,998.35,998.41,998.74,999.32,1000.76,1003.45,1004.11,1004.96,1006.38,1006.99,1007.55,1008.11,1008.68,1009.32,1010.56,1011.62,1012.62,1013.68,1014.72,1015.69,1016.72,1019.16,1021.70,1023.19,1024.31,1025.76,1027.40,1028.61,1028.74,1029.86,1033.98,1039.14,1042.19,1044.23,1046.30,1048.11,1052.08,1056.21,1057.87,1060.46,1065.69,1069.12,1069.50,1071.69,1076.79,1079.62,1083.65,1085.14,1083.05,1080.38,1078.53,1078.13,1079.65,1081.55,1084.04,1085.52,1086.97,1088.34,1091.20,1098.08,1103.40,1109.50,1109.66,1107.51,1109.51,1112.95,1116.04,1118.82,1121.20,1122.71,1124.53,1128.11,1131.18,1133.01,1134.91,1137.35,1140.14,1142.84,1144.87,1146.88,1149.00,1151.00,1150.70,1148.99,1149.03,1149.48
801.25,801.50,801.66,802.15,802.62,803.04,803.45,803.83,804.24,804.82,805.81,806.59,807.11,807.61,808.25,809.23,810.43,813.27,815.90,817.46,819.00,821.48,824.04,827.27,830.61,832.17,833.64,835.15,836.65,838.40,840.14,841.50,842.83,844.05,845.21,846.43,847.74,849.05,850.32,851.42,852.62,853.70,854.56,855.40,856.34,857.43,858.94,861.20,863.30,865.34,867.09,868.66,869.70,869.97,871.43,873.57,875.46,877.27,878.89,880.11,880.61,880.82,880.74,880.67,881.08,881.79,882.69,883.63,884.52,885.28,886.05,886.89,887.93,889.86,891.92,893.58,894.97,896.64,898.24,899.99,901.46,901.88,902.79,904.52,906.44,907.54,908.44,910.56,915.33,918.13,919.85,919.36,918.60,918.26,918.18,918.12,918.80,920.13,921.67,923.41,925.23,927.00,928.80,931.37,933.53,935.00,936.43,937.86,939.26,940.20,940.78,940.79,941.82,944.20,946.30,948.30,949.31,950.79,954.13,952.67,949.74,946.58,944.09,942.01,940.52,939.76,939.43,938.88,938.61,939.63,942.01,943.64,944.64,944.69,946.58,947.88,948.62,949.57,953.25,958.89,961.37,964.25,971.74,975.20,979.39,982.75,985.16,988.61,993.54,996.78,1000.67,1012.08,1026.49,1039.39,1051.14,1045.39,1036.57,1027.74,1025.91,1023.94,1021.71,1019.81,1013.37,1002.38,996.12,993.86,993.36,994.35,995.00,994.84,995.19,995.61,996.24,997.04,998.93,1001.08,1001.48,1002.50,1003.73,1004.57,1005.36,1006.38,1007.55,1008.81,1010.09,1011.18,1012.25,1013.30,1014.33,1015.46,1016.98,1019.44,1022.47,1024.79,1026.17,1027.12,1028.50,1030.44,1030.57,1032.36,1036.61,1042.20,1045.89,1047.58,1050.09,1055.50,1061.97,1064.23,1065.93,1069.10,1072.16,1075.42,1077.04,1079.98,1081.60,1084.36,1089.78,1091.30,1090.73,1089.49,1086.40,1084.45,1085.98,1086.07,1087.58,1088.30,1090.85,1095.58,1101.63,1107.67,1111.75,1117.47,1119.02,1115.71,1112.24,1112.75,1114.06,1115.78,1117.95,1119.65,1121.46,1125.52,1129.47,1131.71,1133.92,1136.53,1139.07,1141.39,1143.38,1145.43,1147.56,1149.94,1153.12,1153.94,1153.72,1155.06
800.28,800.40,800.73,801.28,801.75,802.29,802.88,803.61,804.36,805.13,806.11,806.85,807.38,807.99,808.53,809.13,809.69,812.21,818.44,820.81,826.34,829.27,829.57,830.88,832.19,833.73,835.22,836.73,838.23,839.62,840.89,842.11,843.36,844.66,845.91,847.10,848.34,849.67,851.41,852.41,853.40,854.49,855.55,856.46,857.27,858.09,859.69,861.70,863.65,865.62,867.34,869.00,870.75,871.90,873.00,874.85,876.75,878.43,880.08,881.15,880.58,880.41,880.34,880.57,881.35,882.28,883.20,884.15,884.99,885.78,886.65,887.56,888.61,890.39,892.22,893.95,895.64,897.24,898.25,898.58,898.74,899.45,900.88,902.58,904.19,905.53,907.19,908.97,910.89,914.44,916.22,917.00,916.96,916.69,916.78,917.30,918.50,919.63,921.16,923.07,925.25,927.17,929.04,930.91,932.59,934.32,935.88,937.49,938.95,940.11,941.91,942.74,943.05,943.46,944.48,946.22,947.48,948.58,949.28,950.24,951.22,948.53,946.71,945.24,943.82,943.23,942.33,941.39,941.76,945.05,946.56,947.15,949.01,947.10,945.06,945.58,946.63,948.30,951.51,955.66,957.06,958.42,965.80,972.13,975.51,977.30,980.71,985.03,990.28,996.34,1004.39,1018.49,1035.46,1050.91,1054.36,1040.43,1024.41,1019.15,1021.87,1018.50,1012.88,1005.23,997.31,990.61,988.77,988.63,988.97,990.78,990.96,991.09,992.10,993.00,994.17,995.63,997.47,998.63,999.55,1000.65,1001.91,1003.27,1004.65,1006.05,1007.39,1008.59,1009.80,1010.86,1011.93,1013.25,1014.60,1015.95,1017.53,1019.53,1022.83,1025.85,1027.96,1029.84,1031.17,1036.69,1037.41,1039.52,1043.28,1047.97,1052.17,1056.33,1059.68,1066.76,1071.13,1071.62,1071.83,1073.20,1076.97,1080.33,1081.45,1082.46,1083.79,1086.22,1089.69,1091.94,1093.55,1094.12,1093.80,1094.63,1098.11,1097.91,1096.14,1093.38,1099.13,1104.64,1109.86,1112.92,1115.84,1118.69,1120.77,1121.71,1120.02,1118.93,1118.86,1118.91,1119.39,1120.46,1121.12,1123.14,1126.93,1130.59,1133.04,1135.70,1138.27,1140.89,1143.24,1145.17,1147.17,1149.30,1152.38,1155.74,1157.70,1159.15
799.44,799.80,800.41,801.25,801.93,802.70,803.51,804.35,805.07,805.75,806.49,807.18,807.85,808.54,809.01,809.25,812.63,819.40,824.33,828.57,830.72,831.16,831.35,831.90,832.57,833.77,835.57,837.41,839.21,840.72,841.77,842.89,844.03,845.26,846.45,847.58,848.67,849.84,851.23,852.57,853.83,855.00,856.14,857.26,858.27,859.23,860.72,862.34,864.06,865.89,867.52,869.14,870.81,872.20,873.43,874.73,876.20,877.87,879.60,880.15,879.45,879.33,879.81,880.80,881.83,882.83,883.78,884.70,885.54,886.46,887.45,888.46,889.50,891.35,893.14,894.76,895.91,896.36,896.58,896.77,897.95,899.50,900.43,901.79,903.26,904.73,906.22,907.68,909.61,912.52,913.82,914.71,915.29,915.71,916.72,917.40,917.99,919.02,920.45,922.61,924.72,926.48,928.16,929.56,931.34,933.29,934.90,936.18,937.61,939.62,941.57,943.13,944.52,945.11,945.61,946.22,947.47,949.12,949.80,950.75,952.09,950.73,949.75,948.31,946.79,946.20,945.26,943.94,946.69,950.11,950.79,950.00,950.94,949.91,947.31,946.76,946.78,947.50,949.43,951.74,953.22,955.77,960.78,968.42,972.25,975.20,978.21,981.86,991.91,1002.38,1011.56,1023.62,1043.62,1056.63,1054.21,1036.45,1019.54,1015.55,1011.42,1001.88,994.19,990.29,988.18,987.05,986.70,986.74,987.33,988.41,989.12,990.19,991.67,993.44,995.36,997.76,1000.00,1000.25,1000.27,1000.88,1001.99,1003.40,1004.75,1006.05,1007.32,1008.47,1009.56,1010.64,1012.58,1014.76,1016.44,1017.49,1018.49,1020.41,1025.83,1029.71,1030.87,1037.18,1041.88,1046.17,1049.59,1053.61,1056.85,1059.06,1061.69,1063.62,1066.21,1070.45,1072.48,1073.95,1074.48,1075.90,1079.01,1081.43,1083.06,1084.31,1085.64,1087.03,1088.88,1091.29,1093.52,1095.68,1097.25,1098.40,1100.60,1101.64,1100.77,1098.69,1100.62,1104.58,1109.73,1112.73,1114.94,1117.07,1119.29,1122.13,1123.77,1123.61,1124.39,1125.72,1127.03,1127.58,1127.37,1125.65,1125.63,1129.63,1132.54,1136.51,1139.70,1142.27,1144.50,1145.91,1147.81,1149.64,1152.15,1155.05,1158.05,1159.92
800.03,800.63,801.39,802.34,802.94,803.52,804.28,805.08,805.79,806.49,807.25,807.82,808.45,809.11,810.16,815.70,821.11,823.43,827.21,829.75,830.98,832.10,832.67,833.23,833.78,834.35,835.28,836.98,838.92,840.95,842.26,843.28,844.27,845.27,846.28,847.28,848.25,849.23,850.60,851.88,853.21,854.51,855.81,857.13,858.44,859.78,861.30,862.83,864.29,865.64,867.14,868.61,869.75,870.35,871.35,873.17,874.47,875.77,877.38,877.72,877.63,877.81,879.04,880.37,881.51,882.68,883.93,885.08,886.13,887.19,888.25,889.32,890.53,892.08,893.65,894.21,894.38,894.57,895.16,896.60,898.34,900.30,901.71,902.44,903.30,904.53,905.96,907.46,909.17,910.50,911.81,913.24,914.76,916.25,917.69,918.61,918.63,919.14,920.44,921.98,923.60,925.10,926.57,928.48,930.77,932.07,933.46,935.12,937.13,939.10,940.32,941.96,943.97,945.86,947.03,947.53,948.21,950.16,951.07,951.83,952.98,952.26,951.76,951.03,949.70,949.29,947.98,945.92,949.63,951.98,952.72,952.25,952.61,951.42,949.59,949.60,949.17,949.99,948.96,949.14,950.35,953.76,957.48,961.88,970.11,973.46,976.67,982.95,997.28,1010.49,1020.13,1031.41,1047.43,1056.98,1047.16,1031.03,1015.68,1005.30,994.55,988.47,986.77,985.74,984.93,984.56,984.96,986.50,989.27,990.42,990.84,991.53,992.99,994.92,996.86,998.88,1000.03,1000.56,1000.88,1001.43,1002.32,1003.61,1004.90,1006.08,1007.30,1008.42,1009.57,1011.90,1015.17,1017.08,1018.81,1020.43,1022.70,1025.89,1034.62,1042.50,1045.41,1047.69,1050.54,1053.83,1058.24,1061.29,1062.13,1062.68,1064.51,1067.01,1069.77,1071.76,1073.42,1075.16,1076.66,1077.72,1080.21,1081.96,1083.63,1085.25,1086.85,1088.36,1089.89,1091.50,1093.45,1095.66,1097.55,1099.36,1101.03,1102.72,1102.19,1101.52,1102.02,1103.93,1107.70,1111.09,1113.13,1115.26,1117.52,1120.19,1123.25,1125.57,1127.08,1129.39,1130.99,1131.84,1131.55,1129.99,1127.54,1128.72,1132.43,1136.85,1140.92,1143.92,1145.44,1146.58,1147.84,1149.03,1150.83,1153.83,1157.22,1159.81
801.67,802.26,802.61,803.47,804.08,804.59,805.14,805.85,806.63,807.45,808.19,808.65,809.18,810.60,816.73,821.50,823.25,825.13,827.22,829.01,830.62,832.06,833.27,834.25,834.96,835.55,836.13,836.85,838.13,840.11,841.45,842.47,843.49,844.48,845.53,846.56,847.63,848.76,850.32,851.59,852.84,854.12,855.39,856.71,858.10,859.61,861.22,862.58,863.66,864.77,866.21,867.38,868.20,868.86,869.79,871.75,872.81,873.79,874.91,875.45,876.37,877.72,879.37,880.38,881.63,882.98,884.20,885.26,886.34,887.41,888.46,889.51,890.96,892.25,892.51,892.59,892.77,893.49,894.99,896.66,898.30,900.13,902.35,903.90,904.65,905.38,906.23,907.37,908.65,910.01,911.70,913.42,915.11,917.07,918.54,919.84,919.64,919.49,920.85,922.35,923.78,925.18,926.39,927.96,929.65,931.29,933.10,935.23,936.92,938.55,940.72,942.26,943.54,945.30,947.22,948.58,949.34,950.54,952.24,953.18,953.94,953.85,953.56,953.26,952.71,953.93,950.80,947.62,950.16,953.31,954.63,954.35,953.76,952.24,951.39,952.13,951.68,953.57,954.09,953.83,952.77,952.51,954.56,958.11,967.77,972.50,975.76,981.41,995.85,1011.48,1025.98,1035.38,1044.37,1048.36,1036.18,1021.29,1008.08,992.17,984.94,984.04,982.94,982.20,982.36,983.28,985.62,988.48,990.84,992.25,992.56,993.03,994.29,996.21,998.16,999.60,999.88,1000.42,1001.18,1001.95,1002.76,1003.88,1005.21,1006.71,1007.95,1010.04,1013.13,1015.55,1018.64,1023.85,1029.56,1028.50,1032.51,1038.61,1046.63,1050.43,1051.44,1052.29,1053.54,1056.79,1059.74,1061.61,1063.40,1064.79,1066.43,1068.61,1070.44,1072.22,1073.99,1075.77,1077.50,1079.18,1080.72,1082.32,1084.05,1085.75,1087.25,1088.82,1090.39,1092.04,1093.66,1095.56,1097.32,1099.01,1100.99,1103.54,1104.10,1103.78,1104.42,1106.13,1107.32,1108.95,1111.39,1113.46,1115.69,1117.74,1120.41,1122.40,1124.39,1127.78,1130.28,1132.17,1133.72,1132.76,1130.36,1129.16,1132.04,1136.53,1140.84,1144.32,1145.58,1147.27,1148.97,1149.22,1150.59,1154.09,1157.57,1159.82
802.95,803.75,804.02,804.60,805.25,805.72,806.19,806.78,807.66,808.48,809.08,809.70,811.44,816.08,820.13,821.69,823.05,824.59,826.31,828.12,830.01,831.49,832.78,834.03,835.18,836.30,837.22,837.95,838.58,839.58,840.78,841.86,842.97,844.08,845.25,846.55,847.83,849.17,850.76,852.17,853.43,854.62,855.80,856.89,857.94,859.35,860.84,861.90,862.91,863.93,865.09,866.04,866.93,867.88,869.07,870.46,871.55,872.76,874.05,875.43,876.79,878.11,879.47,880.87,882.12,883.23,884.16,885.08,886.27,887.43,888.52,889.56,890.73,891.02,890.95,891.10,892.05,893.41,894.92,896.47,898.04,899.49,901.39,904.00,906.00,906.89,907.62,908.37,909.37,910.52,911.98,913.71,915.78,918.53,919.84,921.20,921.24,920.88,921.97,923.67,925.41,927.10,928.26,928.84,929.89,931.61,933.80,936.96,939.06,939.73,941.19,943.29,945.02,946.08,947.17,948.56,950.22,951.47,952.64,954.16,955.17,955.68,955.59,955.35,956.43,958.89,954.71,949.19,951.18,954.78,956.29,956.04,954.82,953.49,953.29,954.43,954.74,956.62,959.33,961.48,961.39,958.37,953.92,956.49,963.65,971.05,973.76,977.09,988.85,1003.50,1014.57,1018.82,1023.68,1024.17,1017.44,1008.74,995.49,981.89,979.32,979.90,980.17,981.13,982.17,983.32,985.82,988.38,990.40,993.04,994.22,994.60,995.61,997.50,999.11,999.56,999.76,1000.24,1001.06,1002.02,1003.66,1006.15,1008.23,1010.23,1013.33,1014.42,1019.40,1023.23,1028.52,1034.23,1038.03,1039.51,1041.46,1044.41,1049.41,1051.41,1052.70,1054.25,1055.72,1057.77,1059.46,1061.22,1063.07,1064.98,1066.89,1068.70,1070.44,1072.16,1073.97,1075.80,1077.54,1079.37,1081.74,1083.22,1084.69,1086.23,1087.66,1089.09,1090.59,1092.19,1093.81,1095.56,1097.27,1098.93,1101.15,1104.21,1106.05,1106.13,1107.06,1108.87,1110.41,1109.56,1110.77,1112.73,1114.92,1116.64,1118.22,1119.76,1122.17,1125.65,1128.35,1130.79,1133.64,1135.26,1133.26,1131.94,1132.81,1135.49,1139.06,1142.42,1144.96,1147.43,1150.14,1151.28,1152.95,1155.46,1157.95,1159.61
801.90,803.51,805.04,805.81,806.38,806.83,807.25,807.59,808.65,809.59,810.81,813.82,819.08,821.07,822.56,823.55,824.48,825.44,826.46,827.77,829.49,831.01,832.25,833.51,834.72,835.95,837.20,838.32,839.37,840.55,841.17,841.75,842.80,843.89,845.11,846.67,848.13,849.54,851.44,852.86,854.24,855.57,856.88,858.14,859.24,859.79,860.73,861.83,862.93,864.01,865.08,866.19,867.29,868.31,869.40,870.57,871.92,873.30,874.63,875.92,877.08,878.06,879.00,880.27,881.53,882.12,882.94,884.18,885.56,886.85,888.15,889.32,889.80,889.77,889.81,890.79,892.14,893.51,894.84,896.34,898.07,899.97,901.75,903.70,906.17,908.15,909.11,909.70,910.54,911.92,913.05,914.25,916.60,919.27,920.79,922.17,923.33,923.75,924.44,925.47,927.05,928.97,930.42,931.08,931.72,932.63,934.70,938.01,940.58,941.64,942.59,943.91,945.73,947.70,949.08,949.99,951.06,952.33,953.61,954.89,956.19,957.12,957.78,957.81,959.00,961.16,961.15,958.08,958.32,958.22,957.86,957.23,956.01,954.83,955.25,956.44,957.67,959.93,960.84,962.37,963.54,962.29,959.62,955.70,957.78,963.95,967.88,970.38,977.92,988.95,993.88,992.86,994.70,994.03,993.43,987.87,980.26,977.49,977.56,979.12,980.18,980.83,982.14,983.39,985.74,987.52,989.77,992.92,995.66,996.23,996.97,998.54,999.19,999.43,999.66,1000.14,1001.59,1005.76,1012.60,1016.39,1019.76,1023.75,1028.42,1027.21,1027.65,1031.32,1033.95,1037.61,1041.00,1042.91,1043.73,1045.64,1049.25,1050.54,1052.12,1053.77,1055.45,1057.16,1058.84,1060.63,1062.56,1064.56,1066.49,1068.38,1070.27,1072.13,1073.97,1075.82,1077.54,1079.30,1081.16,1082.72,1084.39,1086.00,1087.51,1089.01,1090.51,1092.06,1093.78,1095.59,1097.38,1099.16,1101.68,1104.74,1106.98,1107.92,1108.93,1109.82,1111.82,1112.08,1112.37,1113.95,1116.61,1119.09,1120.21,1121.10,1122.51,1124.30,1126.70,1129.50,1132.78,1136.01,1136.82,1136.24,1136.63,1136.56,1138.19,1140.96,1143.03,1145.06,1147.62,1149.46,1151.54,1153.94,1155.99,1158.14
800.40,802.16,804.28,806.41,807.45,807.89,808.30,808.50,809.32,811.36,814.10,816.87,819.56,820.48,821.70,823.69,825.33,826.79,827.99,829.11,830.14,831.33,832.58,833.81,834.96,836.07,837.20,838.37,839.56,841.28,842.66,842.79,842.98,843.76,844.86,846.30,847.92,849.51,851.10,852.47,853.82,855.24,856.73,858.26,859.79,860.72,861.56,862.63,863.65,864.64,865.69,866.73,867.74,868.76,869.83,871.22,872.51,873.65,874.61,875.44,876.27,877.31,878.55,879.78,880.35,880.72,881.98,883.36,884.75,886.07,887.40,888.44,888.85,889.08,889.70,892.02,893.76,895.05,896.06,896.99,898.00,899.74,902.55,904.99,906.60,908.48,910.31,911.14,912.08,913.31,914.67,915.72,916.66,918.35,919.88,922.07,924.28,925.78,926.92,927.87,929.04,930.37,932.06,933.21,933.87,934.58,935.48,937.62,940.13,942.14,943.82,945.40,946.79,948.23,949.88,951.30,952.39,953.55,954.68,955.78,956.92,958.10,959.11,959.95,960.61,962.06,963.12,962.53,961.65,960.17,959.25,958.37,957.17,956.31,957.19,958.44,960.28,961.56,962.12,962.98,965.08,965.09,963.91,961.66,959.34,958.35,958.78,960.13,962.79,967.12,970.19,970.27,970.37,970.43,974.47,974.60,974.90,975.87,978.41,979.52,979.65,980.33,981.87,983.55,985.28,986.88,989.20,992.96,996.69,997.80,998.42,999.07,999.37,999.69,1001.59,1004.82,1011.25,1018.75,1021.76,1023.09,1025.03,1027.74,1031.16,1031.97,1031.88,1034.09,1036.82,1040.13,1042.48,1044.74,1046.25,1046.81,1048.27,1050.15,1052.12,1053.77,1055.38,1056.97,1058.49,1060.39,1062.25,1064.16,1066.14,1068.24,1070.36,1072.16,1073.98,1075.81,1077.52,1079.22,1080.84,1082.39,1084.04,1085.66,1087.19,1088.74,1090.34,1092.07,1093.81,1095.59,1097.43,1099.34,1101.95,1104.30,1106.41,1108.23,1109.64,1110.65,1112.46,1114.39,1115.15,1115.50,1117.31,1120.06,1122.08,1123.34,1124.54,1125.75,1126.97,1129.51,1132.52,1135.82,1138.76,1139.79,1140.04,1139.76,1139.84,1142.05,1143.60,1144.65,1145.78,1147.59,1149.42,1151.60,1153.89,1156.57
800.19,802.28,804.91,807.17,808.27,808.88,809.36,809.69,810.21,811.64,813.66,815.74,817.84,819.50,820.97,822.67,824.39,826.17,827.92,829.58,831.00,832.14,833.33,834.56,835.70,836.87,838.02,839.28,840.79,841.97,843.64,844.54,844.60,844.58,844.89,845.93,847.45,848.75,850.14,851.48,852.96,854.50,855.95,857.62,859.33,860.53,861.34,862.21,863.22,864.33,865.40,866.40,867.45,868.55,869.71,871.09,871.99,872.79,873.58,874.46,875.46,876.59,877.73,878.80,879.36,880.36,881.60,883.16,884.35,885.48,886.74,887.89,888.45,888.88,889.93,892.77,895.71,897.33,898.40,899.23,899.70,900.41,903.00,906.38,908.31,909.68,910.98,912.41,913.61,914.80,916.09,917.35,918.51,919.51,920.48,922.18,924.44,926.18,927.60,929.05,930.61,931.80,932.97,934.46,935.69,936.65,937.45,938.26,939.92,941.90,943.80,945.68,947.20,948.47,949.49,950.55,951.83,953.33,954.89,956.38,957.67,958.82,960.19,961.45,961.97,963.00,964.31,964.70,964.37,965.25,965.90,960.96,958.46,958.03,959.35,960.83,963.06,963.60,964.02,963.77,965.61,967.81,968.32,967.71,966.65,963.84,961.56,960.67,961.65,963.25,964.61,965.84,968.14,970.49,973.70,976.67,977.70,978.45,978.46,978.68,979.33,981.43,984.15,985.94,987.27,988.52,989.23,993.23,998.07,1000.31,1001.58,1004.46,1006.07,1004.91,1010.64,1014.74,1019.47,1021.74,1023.58,1025.35,1027.33,1029.36,1031.85,1034.21,1034.72,1035.73,1038.86,1041.26,1043.41,1045.70,1048.03,1049.59,1049.97,1051.41,1053.30,1055.15,1056.43,1058.18,1059.77,1061.15,1062.70,1064.49,1066.43,1068.12,1070.29,1072.13,1073.95,1075.78,1077.53,1079.22,1080.84,1082.38,1083.94,1085.49,1087.03,1088.57,1090.23,1092.03,1093.83,1095.63,1097.54,1099.55,1101.80,1104.08,1106.37,1108.32,1109.43,1111.80,1113.46,1115.07,1116.64,1117.83,1118.53,1120.45,1122.47,1124.48,1126.27,1127.66,1128.92,1130.46,1132.62,1135.73,1138.88,1140.80,1141.59,1141.54,1141.90,1143.45,1145.33,1146.20,1146.79,1147.45,1148.41,1150.02,1152.69,1155.74
801.63,803.55,806.08,807.87,808.93,809.69,810.81,811.90,812.63,813.62,815.93,818.50,820.25,821.20,822.59,824.11,825.75,827.55,829.14,830.11,831.17,832.53,833.84,835.06,836.21,837.35,838.45,839.55,841.54,843.32,844.42,845.95,846.50,846.50,846.38,846.35,846.95,848.11,849.31,850.68,852.29,853.77,854.99,856.49,858.13,859.60,860.30,861.46,862.74,863.75,864.66,865.71,866.85,867.98,869.12,870.13,870.83,871.71,872.69,873.73,874.75,875.77,876.82,877.91,878.97,880.54,882.62,885.15,886.11,886.77,887.82,888.92,889.32,889.44,890.26,893.20,896.41,899.22,900.57,901.63,902.69,903.88,905.33,907.48,908.99,910.27,911.01,911.99,913.50,914.95,916.39,917.83,919.26,920.78,922.00,923.29,924.80,926.43,927.82,929.17,930.42,931.88,933.51,935.15,936.63,937.96,939.23,940.09,940.71,942.32,944.13,945.62,946.62,947.40,948.14,949.00,950.42,952.12,954.02,955.87,957.53,959.11,960.90,962.46,963.42,964.14,965.24,966.14,966.65,967.62,970.45,970.27,964.65,960.90,963.28,965.23,966.10,966.22,966.12,965.32,965.81,968.52,970.48,971.29,971.01,968.90,967.34,967.85,970.11,970.56,970.06,969.90,972.92,976.14,979.10,980.90,981.22,981.63,980.63,979.72,979.87,984.65,988.11,989.27,990.15,991.24,992.55,995.72,999.47,1003.15,1005.79,1008.30,1011.64,1010.50,1010.52,1013.98,1018.11,1020.08,1022.31,1024.60,1026.90,1028.95,1031.57,1034.81,1037.24,1037.97,1039.83,1042.10,1044.38,1046.63,1048.84,1051.22,1052.52,1053.60,1055.39,1057.31,1058.72,1059.38,1061.11,1062.70,1063.94,1065.38,1067.54,1069.61,1070.58,1071.89,1073.63,1075.55,1077.53,1079.41,1081.20,1082.68,1084.22,1085.77,1087.30,1088.79,1090.35,1092.09,1094.03,1096.17,1097.93,1099.84,1102.03,1104.29,1106.55,1108.38,1109.79,1111.60,1113.58,1115.16,1116.78,1118.42,1120.05,1121.07,1122.96,1125.00,1126.88,1128.66,1130.47,1132.05,1133.37,1135.53,1138.31,1140.38,1141.78,1143.13,1144.05,1145.23,1146.55,1147.70,1148.44,1148.99,1149.40,1150.62,1152.81,1155.54
803.16,804.94,807.02,808.52,809.66,811.12,812.94,814.31,815.13,815.90,817.91,820.26,821.51,822.85,824.37,825.85,827.25,828.45,829.08,830.18,831.94,833.13,834.20,835.21,836.14,837.07,838.03,839.20,841.42,844.35,846.01,846.86,848.20,848.44,848.31,848.06,847.77,848.20,849.54,850.69,851.83,853.09,854.17,855.56,857.05,858.37,859.83,861.06,861.84,862.64,863.67,864.76,865.87,866.99,868.17,868.91,869.89,871.04,872.11,873.28,874.53,875.83,877.12,878.38,879.36,881.87,885.10,887.59,888.35,888.82,889.53,890.37,890.93,890.73,890.91,892.63,895.62,898.52,899.82,900.71,901.69,903.58,905.14,906.47,907.84,909.05,909.78,911.16,912.74,914.28,915.74,917.19,918.63,920.01,921.52,922.85,924.21,925.59,926.91,928.21,929.41,931.13,933.06,935.08,936.77,938.28,939.73,940.84,941.61,942.80,943.78,944.51,945.27,946.15,947.31,948.87,950.58,952.23,953.89,955.51,957.20,959.04,960.91,962.44,963.86,965.03,966.10,967.06,967.94,968.72,970.55,972.58,971.87,969.87,968.98,969.53,969.06,968.50,968.11,967.51,966.71,968.37,970.19,971.64,973.16,972.00,971.18,971.42,972.18,972.47,972.04,972.26,977.12,981.02,982.76,983.81,984.21,984.75,984.08,983.09,983.86,988.98,991.52,992.27,993.20,994.92,997.71,1001.93,1006.48,1009.02,1010.63,1011.74,1013.88,1014.85,1014.07,1015.33,1017.18,1020.47,1023.30,1026.05,1028.80,1030.75,1032.65,1035.51,1038.32,1040.31,1041.70,1042.79,1044.55,1046.77,1049.07,1051.52,1053.89,1055.59,1057.23,1058.99,1060.63,1061.49,1062.70,1064.30,1065.78,1066.89,1067.95,1070.35,1072.03,1073.04,1074.11,1075.49,1077.16,1079.08,1080.85,1082.38,1083.95,1085.55,1087.19,1088.76,1090.39,1092.41,1094.62,1096.85,1099.11,1100.95,1102.44,1104.54,1106.69,1108.39,1110.00,1111.65,1113.17,1114.74,1116.53,1118.42,1120.92,1122.24,1123.51,1125.53,1127.35,1128.95,1130.38,1132.63,1134.74,1136.33,1137.87,1139.74,1141.81,1143.96,1145.09,1146.33,1147.66,1148.99,1150.05,1150.77,1151.35,1152.38,1154.00,1156.05
802.54,805.66,807.91,809.31,811.07,813.23,815.07,816.65,817.60,818.32,819.44,821.08,822.51,823.81,824.96,825.97,826.92,827.42,828.06,829.81,831.83,832.74,833.56,834.37,835.21,836.37,837.83,839.42,842.02,844.99,847.32,848.45,849.30,850.17,850.10,849.60,848.88,848.79,849.96,851.58,853.29,854.14,854.80,855.31,856.29,857.61,859.15,859.94,860.66,861.71,862.76,863.81,864.91,866.00,867.05,868.03,869.56,870.95,872.34,873.80,875.25,876.77,878.17,879.50,881.07,884.06,887.80,889.84,890.35,890.68,891.20,892.13,893.15,893.50,893.58,893.99,894.63,896.17,897.52,898.86,900.24,901.80,903.45,904.86,906.24,907.57,908.99,910.65,912.09,913.52,914.97,916.38,917.76,919.13,920.69,922.09,923.52,925.01,926.42,927.96,929.51,931.12,933.07,935.00,936.61,937.96,939.26,940.22,941.02,941.69,942.42,943.27,944.56,946.18,947.89,949.50,951.07,952.92,954.78,956.52,958.17,959.69,960.99,962.34,963.77,965.14,966.34,967.50,968.63,969.76,971.64,973.60,973.98,973.35,972.78,972.91,974.17,974.82,971.99,971.20,969.21,968.47,969.30,971.33,974.31,974.02,973.75,973.78,973.97,974.22,973.88,973.82,977.18,981.06,984.59,986.84,987.15,987.76,988.05,987.64,989.54,991.11,993.39,995.01,996.84,1001.67,1006.29,1009.21,1011.35,1012.58,1016.61,1017.70,1016.71,1018.26,1017.94,1019.30,1020.48,1023.63,1026.02,1028.14,1030.13,1032.36,1034.35,1036.38,1038.58,1040.69,1042.67,1044.40,1045.94,1047.59,1049.39,1051.73,1054.06,1056.09,1057.79,1059.35,1060.69,1062.19,1064.00,1065.70,1067.30,1068.68,1069.52,1070.67,1072.32,1073.96,1075.38,1076.63,1077.79,1079.11,1080.95,1082.38,1083.83,1085.42,1086.96,1088.43,1090.52,1092.78,1094.97,1097.21,1099.46,1101.78,1103.27,1104.89,1106.70,1108.21,1109.72,1111.21,1112.68,1114.31,1116.29,1118.47,1120.99,1123.01,1124.32,1126.04,1127.66,1128.85,1130.17,1132.48,1134.99,1137.35,1139.12,1141.01,1143.12,1144.97,1146.12,1147.35,1148.69,1150.10,1151.52,1152.55,1153.50,1154.49,1155.81,1157.41
802.00,806.78,809.54,811.20,813.28,815.35,817.28,818.91,819.80,820.29,820.91,821.80,822.34,823.38,824.34,825.29,825.85,826.20,827.52,828.94,830.50,831.55,832.43,833.55,834.90,836.48,838.15,840.16,844.03,847.48,849.05,850.10,850.38,851.25,851.39,850.64,849.78,849.82,851.85,854.37,856.15,856.66,857.01,856.89,856.88,857.46,858.54,859.73,861.12,862.51,863.99,864.65,865.30,865.83,866.53,867.98,869.55,871.01,872.45,873.86,875.19,876.73,878.34,880.12,882.80,885.70,889.28,890.48,891.10,891.98,892.65,893.47,894.85,896.12,896.77,897.70,897.56,897.64,898.66,900.37,901.77,902.91,904.30,905.38,906.62,908.01,909.25,910.68,912.26,913.84,915.25,916.66,918.15,919.62,921.07,922.51,924.06,925.59,927.09,928.51,929.93,931.77,933.22,934.48,935.66,936.80,937.61,938.50,939.54,940.38,941.63,943.12,944.79,946.41,948.01,949.77,951.73,953.33,955.01,956.73,958.34,960.02,961.48,962.63,963.80,965.09,966.27,967.40,968.53,969.61,971.24,973.40,975.36,976.20,976.15,976.36,978.93,980.24,979.90,979.79,976.76,972.30,971.95,973.49,975.68,976.26,976.18,976.10,976.03,975.96,975.92,975.72,976.99,979.17,984.34,989.87,990.99,991.89,992.12,991.56,992.92,994.49,996.82,1002.00,1007.36,1010.60,1011.32,1011.91,1013.25,1015.04,1018.05,1020.63,1021.32,1021.59,1022.71,1022.98,1025.59,1028.26,1029.90,1031.11,1032.15,1034.19,1036.20,1038.02,1039.18,1040.86,1042.74,1044.68,1046.64,1048.50,1050.54,1052.55,1054.17,1055.43,1056.61,1057.82,1059.08,1060.73,1063.09,1065.48,1067.70,1069.60,1070.93,1071.91,1073.12,1074.56,1076.07,1077.33,1078.65,1079.97,1081.34,1082.75,1084.11,1085.59,1087.72,1089.28,1090.70,1092.90,1095.15,1097.40,1099.65,1101.62,1103.38,1105.06,1106.71,1108.20,1109.69,1111.22,1112.84,1114.70,1116.37,1118.06,1120.83,1122.80,1124.72,1126.43,1127.71,1128.92,1130.39,1132.77,1135.27,1137.62,1140.00,1142.58,1144.76,1145.91,1147.08,1148.64,1149.73,1151.24,1152.76,1154.12,1155.27,1156.57,1157.90,1159.18
802.77,807.95,811.07,812.91,814.76,816.61,818.94,820.16,820.55,820.87,820.99,821.10,821.53,822.74,823.67,824.25,824.43,825.23,826.59,827.94,829.31,830.66,831.86,833.03,834.27,836.15,838.18,840.99,845.58,849.50,850.30,850.77,851.31,852.12,852.61,852.13,851.55,852.24,854.49,857.12,858.92,859.11,858.95,858.60,858.42,858.39,858.97,860.60,863.19,865.07,866.62,866.84,867.29,867.33,867.62,868.03,869.24,870.53,871.78,873.16,874.34,875.53,877.16,878.53,879.48,881.75,886.47,888.13,889.58,891.13,892.18,892.91,893.98,895.51,897.96,899.94,900.46,900.54,901.35,903.16,904.13,904.75,905.93,906.86,907.80,909.13,910.63,911.93,913.56,915.00,916.27,917.63,918.91,920.08,921.49,922.76,923.80,924.80,926.17,927.67,929.12,930.72,932.02,933.26,934.30,934.93,935.56,936.42,937.34,939.10,940.87,942.24,943.82,945.50,947.12,949.03,950.88,952.55,954.30,956.00,957.65,959.29,960.77,962.00,963.45,964.88,966.01,967.12,968.03,968.85,970.67,972.88,975.10,977.21,978.66,979.51,980.38,980.72,980.83,981.02,980.65,979.06,977.66,978.22,978.24,977.97,977.84,977.69,977.62,977.70,977.90,978.01,978.30,980.47,988.43,993.50,998.74,999.52,998.63,997.49,998.09,1000.18,1003.30,1009.43,1011.22,1012.40,1013.18,1013.73,1014.90,1016.42,1018.04,1020.38,1023.20,1025.22,1026.67,1027.59,1028.64,1030.76,1031.80,1033.09,1034.29,1036.16,1038.02,1039.95,1040.99,1041.57,1042.82,1044.55,1046.46,1048.41,1050.43,1051.75,1052.98,1054.30,1055.87,1057.47,1058.73,1060.33,1062.45,1064.82,1067.06,1069.12,1070.67,1072.15,1073.57,1074.89,1076.24,1077.58,1078.89,1080.28,1081.70,1083.08,1084.42,1085.73,1087.67,1090.45,1091.67,1092.98,1095.18,1097.55,1099.95,1101.80,1103.45,1105.05,1106.78,1108.40,1109.91,1111.60,1113.28,1115.24,1117.43,1118.82,1120.96,1122.78,1124.65,1126.49,1128.04,1129.27,1131.39,1134.18,1137.08,1139.26,1141.16,1143.88,1145.66,1146.70,1148.11,1149.76,1151.16,1152.44,1153.94,1155.39,1156.78,1158.27,1159.49,1160.71
802.75,806.82,809.14,810.72,811.78,812.76,815.06,818.63,819.97,819.81,819.37,819.62,820.75,822.08,822.61,822.77,823.26,823.84,824.97,826.38,827.82,829.27,830.06,831.37,832.92,834.42,837.32,841.13,845.66,847.72,848.25,850.26,850.67,851.77,853.21,854.09,854.30,855.47,857.29,859.16,860.65,861.43,861.31,860.69,860.39,860.04,860.24,862.03,865.18,867.98,869.11,869.02,868.98,868.90,869.10,869.19,869.47,870.49,871.53,872.66,873.75,874.76,875.92,876.91,878.05,880.30,882.68,884.32,886.81,889.01,890.56,891.21,891.71,892.83,895.61,898.26,899.99,901.79,902.62,903.28,904.58,905.93,907.23,908.26,909.16,910.33,911.97,913.40,914.73,915.78,916.56,917.42,918.20,919.08,920.47,921.34,922.15,923.19,924.49,926.03,927.37,929.17,930.84,932.02,932.26,932.73,933.49,934.57,936.02,937.57,939.36,940.90,942.68,944.55,946.52,948.48,950.48,951.95,953.53,955.18,956.80,958.41,960.18,961.78,963.34,964.62,965.56,966.12,966.77,968.53,970.85,973.01,975.17,977.20,978.77,979.94,980.41,980.91,981.25,981.63,981.86,981.59,981.11,980.43,979.78,979.37,979.31,979.23,979.26,979.72,981.75,984.14,986.90,989.77,994.64,995.46,1000.04,1001.89,1001.97,1001.78,1001.84,1002.93,1005.72,1009.12,1011.26,1012.76,1014.07,1015.20,1016.36,1017.80,1019.25,1021.05,1023.21,1025.28,1027.43,1029.46,1030.53,1031.78,1033.14,1034.49,1035.86,1037.42,1038.85,1040.55,1042.38,1043.20,1043.78,1044.84,1046.50,1048.24,1049.98,1051.53,1053.05,1054.73,1056.73,1058.76,1060.31,1060.98,1062.42,1064.31,1066.34,1068.19,1070.04,1071.59,1073.06,1074.51,1075.95,1077.39,1078.84,1080.47,1082.09,1083.41,1084.74,1085.99,1087.59,1090.70,1093.16,1093.93,1095.29,1097.68,1100.16,1101.83,1103.39,1105.03,1106.79,1108.53,1110.17,1111.97,1113.72,1115.76,1118.05,1120.02,1121.41,1122.88,1124.57,1126.37,1128.20,1129.92,1132.74,1135.67,1138.60,1141.04,1143.06,1145.14,1146.63,1147.88,1148.77,1149.86,1151.61,1153.42,1154.98,1156.42,1158.07,1159.74,1160.80,1161.88
803.17,804.16,805.57,807.16,808.35,808.94,809.41,812.89,816.42,816.55,816.90,817.80,819.95,820.95,821.11,821.60,822.34,822.77,823.34,824.53,825.99,827.31,828.10,829.45,830.15,830.67,833.44,839.85,840.95,840.71,842.88,847.11,848.96,850.83,852.67,854.14,855.37,856.49,857.58,858.78,860.08,861.86,863.48,864.12,864.33,864.19,865.38,866.26,867.40,869.45,870.65,870.79,870.64,870.70,871.05,871.15,871.12,871.78,872.93,874.34,875.59,876.42,877.00,878.18,878.43,879.25,880.22,882.07,883.56,886.08,888.11,889.20,889.62,890.45,893.27,895.89,898.01,899.69,900.19,900.87,902.59,904.60,906.49,908.03,909.51,911.26,912.77,913.49,913.79,914.19,914.74,915.43,916.17,917.11,918.62,919.65,920.73,921.92,923.25,924.48,925.61,926.97,928.68,929.98,930.13,931.29,933.22,935.60,937.82,939.08,939.50,940.99,942.94,945.06,947.29,949.47,951.14,952.56,953.92,955.26,956.58,957.89,959.83,961.72,963.16,963.97,964.05,964.40,966.31,968.80,971.21,973.39,974.83,975.70,976.83,978.42,980.23,980.65,980.72,981.10,981.75,982.73,983.16,982.44,981.56,980.85,980.64,980.69,981.11,983.74,989.74,990.68,991.10,991.67,993.47,997.53,1000.86,1002.45,1003.55,1003.91,1003.96,1004.73,1007.41,1010.04,1011.53,1012.88,1014.30,1015.57,1016.81,1018.07,1019.39,1020.90,1022.66,1024.67,1026.80,1028.59,1030.17,1031.37,1032.71,1034.14,1035.55,1037.07,1038.56,1040.27,1042.33,1044.20,1045.34,1045.90,1046.99,1048.79,1050.59,1052.14,1053.69,1055.33,1057.08,1058.84,1060.86,1062.64,1063.56,1064.46,1066.25,1068.40,1070.43,1071.98,1073.41,1074.88,1076.30,1077.70,1079.12,1080.78,1082.67,1083.99,1085.61,1087.02,1088.35,1090.83,1093.74,1095.52,1096.21,1097.45,1100.29,1101.76,1103.37,1105.01,1106.79,1108.58,1110.46,1112.27,1114.09,1116.04,1118.00,1120.09,1122.12,1123.87,1125.43,1126.91,1128.42,1130.03,1132.33,1135.14,1138.08,1140.57,1143.21,1145.51,1147.30,1148.96,1150.24,1151.05,1152.40,1154.20,1155.59,1157.14,1159.48,1161.27,1162.24,1163.18
808.22,807.21,807.26,806.88,806.85,807.27,808.05,810.34,811.42,812.65,813.85,815.69,817.79,818.93,819.74,820.80,821.37,821.78,822.23,822.88,824.18,825.31,826.20,827.57,828.44,828.99,831.04,836.30,837.06,837.43,840.00,843.34,846.71,849.97,851.40,852.19,853.62,855.09,856.52,857.98,858.98,859.94,861.80,863.90,865.97,868.00,869.60,870.14,870.41,870.77,871.55,872.22,872.49,872.97,873.59,873.85,873.78,874.20,875.02,876.63,878.20,878.95,879.18,880.60,881.29,881.96,882.80,885.58,885.48,884.80,885.74,887.30,888.50,889.76,891.59,893.79,895.66,897.18,898.34,899.93,901.76,903.59,905.45,907.19,908.96,910.90,911.93,911.58,911.64,912.08,912.75,914.09,915.99,917.87,918.86,920.30,921.93,923.46,925.21,926.88,928.10,928.98,929.49,929.89,931.08,933.45,935.67,937.67,939.81,941.21,941.40,942.62,944.35,946.13,948.13,950.43,952.19,953.60,954.98,956.33,957.63,958.91,960.11,961.39,962.21,962.26,962.23,962.58,965.09,968.77,971.26,972.20,972.46,972.98,974.00,976.76,979.82,979.93,979.93,979.94,980.37,981.98,983.98,984.01,983.25,982.55,982.04,982.09,983.13,985.03,988.93,990.73,991.58,992.38,994.25,997.84,1000.66,1002.34,1003.83,1005.12,1005.94,1006.29,1007.72,1010.47,1011.88,1013.14,1014.49,1015.82,1017.05,1018.29,1019.53,1020.95,1022.50,1024.14,1025.78,1027.24,1028.97,1030.60,1032.15,1033.77,1035.38,1037.02,1038.67,1040.42,1042.27,1044.22,1046.11,1047.35,1047.98,1049.43,1051.35,1052.89,1054.44,1056.10,1057.86,1059.61,1061.35,1063.31,1065.17,1066.36,1066.95,1068.02,1070.12,1071.71,1073.23,1074.77,1076.27,1077.72,1079.13,1080.86,1083.23,1084.79,1086.88,1088.95,1089.65,1091.28,1094.22,1096.73,1097.88,1098.67,1100.57,1101.82,1103.30,1105.01,1106.84,1108.81,1110.72,1112.58,1114.47,1116.42,1118.38,1120.30,1122.11,1123.91,1125.76,1127.66,1129.43,1131.52,1133.57,1135.69,1137.87,1140.17,1143.27,1145.48,1147.09,1148.83,1150.23,1151.70,1153.29,1154.89,1156.15,1157.99,1160.22,1162.13,1163.67,1164.67
816.79,816.69,816.83,816.50,815.18,812.78,811.24,810.83,810.19,811.20,813.56,813.95,815.28,816.91,819.14,819.84,820.20,820.71,821.68,824.71,828.53,829.35,829.19,829.31,827.97,828.50,830.75,833.47,834.15,835.32,838.81,842.52,845.92,847.84,848.67,850.84,852.62,854.40,855.89,856.86,857.41,858.32,859.33,860.49,862.40,865.87,869.20,870.36,870.75,871.35,871.93,872.25,873.01,873.96,874.96,875.95,876.38,876.80,877.38,878.43,880.38,881.32,882.03,883.42,885.36,886.80,887.65,889.59,889.06,887.33,886.09,887.46,889.25,890.26,892.33,894.63,896.19,897.87,899.39,900.40,901.61,903.22,905.14,907.42,909.44,910.72,910.39,909.97,909.96,910.44,912.04,914.96,917.98,920.17,921.49,922.87,924.40,926.06,927.84,929.66,930.91,931.69,932.14,932.14,932.52,935.71,938.77,940.22,941.26,942.66,943.38,944.50,946.07,947.75,949.45,951.39,953.34,954.51,955.64,956.77,957.78,959.02,960.05,960.14,960.35,960.33,960.45,960.72,963.15,967.57,969.81,969.94,969.92,970.29,971.38,974.68,977.09,977.42,977.68,978.15,979.61,981.80,983.88,985.23,984.89,984.26,983.62,983.86,985.57,987.02,988.89,990.59,991.45,992.50,995.25,998.61,1000.77,1002.17,1003.77,1005.15,1006.53,1007.72,1008.44,1010.12,1011.67,1013.18,1014.74,1016.14,1017.33,1018.54,1019.79,1021.14,1022.53,1023.94,1025.49,1027.28,1029.08,1030.77,1032.42,1034.08,1035.74,1037.36,1038.97,1040.78,1042.57,1044.38,1046.18,1047.91,1049.38,1050.53,1052.06,1053.64,1055.20,1056.86,1058.54,1060.88,1062.72,1064.26,1065.87,1067.38,1068.79,1069.43,1069.95,1071.34,1072.80,1074.25,1075.79,1077.33,1078.84,1080.98,1083.53,1085.67,1087.98,1090.19,1091.59,1093.18,1095.26,1097.29,1098.95,1100.23,1101.09,1102.12,1103.33,1105.13,1107.12,1109.13,1111.03,1112.88,1114.84,1116.80,1118.77,1120.51,1122.03,1123.74,1125.62,1127.50,1129.21,1130.72,1133.49,1136.36,1138.75,1141.17,1143.94,1145.63,1146.85,1148.16,1149.27,1150.74,1153.04,1155.21,1156.70,1158.56,1160.55,1162.51,1164.49,1166.09
820.59,821.62,822.00,822.13,821.42,820.10,819.08,818.82,818.01,819.64,822.31,822.13,818.76,816.80,818.43,820.27,822.99,826.30,829.18,832.86,834.30,834.15,837.34,840.29,838.26,832.66,831.08,831.93,832.61,833.32,836.16,841.12,843.03,844.25,846.81,850.26,852.23,853.91,854.68,855.15,855.74,856.51,857.29,858.32,859.12,860.84,864.97,868.04,869.31,870.33,870.88,870.93,871.29,871.99,872.95,874.68,876.66,878.36,879.43,880.39,882.01,883.56,884.76,886.14,887.74,889.66,890.47,890.93,890.61,889.51,887.73,888.00,890.07,892.25,894.41,896.70,898.69,900.06,900.89,901.49,902.03,902.99,904.81,907.06,909.14,909.90,909.52,909.32,909.53,910.29,912.81,915.43,917.58,919.25,921.28,923.37,925.51,927.34,928.97,930.56,931.72,932.97,934.12,933.90,933.54,936.25,939.52,941.12,942.35,943.54,944.68,945.79,947.17,948.75,950.11,951.79,952.52,953.25,954.27,955.31,955.92,956.51,957.56,958.05,958.24,958.48,958.66,959.28,961.71,965.16,967.24,967.66,967.94,968.58,969.90,971.78,973.66,974.88,976.19,977.83,979.63,981.64,983.48,985.26,986.18,985.69,985.11,985.11,987.30,989.32,989.82,990.52,991.33,992.63,995.86,999.35,1001.09,1002.36,1003.68,1005.12,1006.50,1007.89,1009.23,1010.61,1012.01,1013.53,1015.10,1016.44,1017.65,1018.88,1020.11,1021.46,1022.88,1024.37,1025.82,1027.14,1028.60,1030.71,1032.28,1033.93,1035.55,1037.18,1038.82,1040.56,1042.41,1044.27,1045.98,1047.60,1049.23,1051.04,1052.71,1054.31,1055.90,1057.52,1059.05,1060.84,1062.61,1064.26,1065.88,1067.47,1069.10,1070.73,1070.79,1071.43,1072.78,1074.18,1075.72,1077.39,1079.07,1081.18,1083.25,1085.32,1087.39,1089.36,1091.25,1093.28,1095.49,1097.57,1099.31,1101.64,1102.55,1103.31,1104.05,1105.31,1107.42,1109.43,1111.34,1113.27,1115.23,1117.19,1119.15,1120.80,1122.26,1123.80,1125.48,1127.04,1128.59,1130.77,1133.22,1135.97,1138.72,1141.21,1143.86,1145.57,1147.22,1148.84,1150.01,1151.31,1153.17,1155.31,1157.33,1159.49,1161.17,1163.14,1165.14,1166.95
821.50,822.93,824.48,824.91,824.32,822.89,822.58,823.59,823.51,826.06,828.22,829.38,829.84,829.20,829.33,831.00,832.75,835.42,837.82,839.74,839.70,838.47,838.26,840.83,843.00,842.63,841.37,841.31,839.01,836.71,835.71,836.51,839.26,841.42,845.22,849.95,851.83,852.62,852.84,853.38,853.95,854.57,855.42,856.64,857.83,859.72,862.82,865.71,867.62,869.22,869.65,869.60,869.52,869.82,870.75,872.72,874.98,877.03,879.00,880.60,882.04,883.61,885.15,886.67,888.09,889.54,890.82,891.72,891.47,890.65,889.35,888.41,889.47,891.65,895.04,897.74,899.96,900.47,901.17,901.91,902.66,903.41,904.42,906.01,907.91,908.88,908.81,909.14,909.58,910.56,912.54,914.60,916.63,918.73,920.93,923.37,925.42,927.23,928.68,929.60,929.90,931.07,933.06,934.54,934.82,936.65,938.84,940.68,942.15,942.77,943.21,944.24,945.80,948.00,950.03,951.03,950.63,951.37,952.64,953.17,952.38,952.69,954.37,955.47,956.02,956.72,957.18,958.63,960.59,962.59,964.60,965.46,966.71,968.35,969.92,971.49,973.13,974.74,976.39,978.05,979.68,981.39,983.14,984.91,986.61,987.11,986.67,986.26,987.47,989.68,990.37,990.70,991.31,992.99,996.71,999.97,1001.41,1002.65,1003.88,1005.12,1006.51,1007.89,1009.33,1011.43,1012.88,1014.11,1015.41,1016.75,1017.94,1019.14,1020.54,1022.01,1023.51,1025.02,1026.47,1027.90,1029.28,1030.94,1032.40,1033.95,1035.56,1037.20,1038.81,1040.45,1042.06,1043.68,1045.40,1047.24,1049.16,1050.93,1052.48,1054.05,1055.75,1057.51,1059.18,1060.80,1062.38,1064.21,1066.04,1067.67,1069.32,1071.59,1072.11,1072.22,1073.04,1074.41,1075.80,1077.13,1078.59,1080.58,1082.59,1084.63,1086.70,1089.06,1091.35,1093.30,1095.49,1097.71,1099.72,1102.79,1103.87,1104.64,1105.28,1105.80,1107.22,1109.66,1111.69,1113.66,1115.63,1117.59,1119.54,1121.15,1122.75,1124.51,1126.14,1127.84,1129.68,1131.89,1134.11,1136.41,1138.89,1141.22,1143.56,1145.66,1147.72,1149.61,1150.97,1152.30,1153.80,1155.78,1158.13,1160.51,1162.21,1163.91,1165.80,1167.57
821.57,823.43,826.48,827.58,827.26,825.70,825.30,827.11,827.58,829.50,831.21,832.14,832.75,833.00,833.48,834.31,835.93,839.58,840.74,841.22,841.16,840.68,840.10,840.94,843.40,845.45,846.10,846.90,844.57,839.21,837.66,837.00,837.69,839.09,843.90,848.49,849.95,850.61,851.04,851.66,852.54,854.19,856.15,856.93,857.92,859.68,862.03,864.77,867.10,868.38,868.31,868.04,868.04,868.32,869.38,871.14,873.13,875.21,877.40,879.69,881.62,883.06,884.41,885.79,887.58,889.66,891.05,892.20,892.42,891.39,890.17,889.25,890.81,892.38,894.74,897.55,900.17,901.13,901.75,902.52,903.29,904.05,904.88,905.76,906.94,908.04,908.59,909.44,910.41,911.55,913.29,915.42,917.56,919.38,921.28,923.51,925.32,926.47,926.88,927.14,927.50,928.71,930.69,932.66,934.46,935.64,937.60,940.09,941.17,941.12,941.22,942.32,944.10,945.99,948.04,948.14,947.56,949.01,950.49,950.34,949.59,950.09,951.58,953.01,954.23,955.49,957.14,959.09,960.63,962.09,963.63,965.22,967.11,969.06,970.60,971.82,973.38,974.97,976.63,978.22,979.67,981.34,983.09,984.86,986.61,987.95,988.07,987.68,987.82,989.65,990.45,990.93,991.51,994.03,997.71,1000.45,1001.71,1002.86,1003.87,1005.08,1006.59,1008.02,1009.37,1011.26,1012.44,1013.62,1015.09,1016.66,1018.08,1019.37,1021.32,1022.75,1024.19,1025.69,1027.10,1028.51,1029.89,1031.28,1032.67,1034.13,1035.75,1037.38,1038.94,1040.75,1042.23,1043.85,1045.66,1047.36,1049.30,1051.18,1052.65,1054.16,1055.64,1057.09,1058.53,1060.45,1062.45,1064.44,1066.26,1067.88,1069.50,1071.56,1073.25,1073.47,1073.69,1074.91,1076.60,1077.74,1079.06,1081.71,1084.04,1086.29,1088.44,1090.34,1092.17,1093.98,1095.82,1097.82,1100.03,1102.38,1104.25,1105.77,1106.56,1107.08,1107.62,1109.66,1112.08,1114.05,1116.05,1118.01,1120.00,1121.80,1123.58,1125.37,1127.01,1128.49,1130.30,1132.47,1134.70,1136.95,1139.22,1141.46,1143.79,1146.27,1148.46,1150.32,1151.73,1153.14,1154.59,1156.54,1158.97,1160.95,1162.60,1164.33,1166.15,1167.92
820.69,823.42,827.40,829.78,829.73,828.28,827.37,829.40,830.52,831.02,832.00,833.13,834.35,835.37,836.40,837.36,838.42,840.48,841.57,842.30,841.91,840.77,840.39,841.28,843.38,846.00,848.38,849.94,849.51,843.72,839.24,838.47,839.45,839.89,841.81,845.60,846.81,847.83,849.08,850.64,853.10,856.02,858.24,858.69,859.05,860.13,862.11,864.18,866.47,867.21,866.92,866.62,866.90,867.89,869.20,870.55,872.05,874.06,876.39,878.87,880.70,882.01,883.71,885.69,887.58,889.53,891.13,892.53,893.36,892.43,891.23,890.15,891.76,894.54,895.88,897.85,900.22,901.59,902.48,903.16,903.92,904.69,905.54,906.40,907.32,908.37,909.10,909.64,911.52,913.57,914.82,916.46,918.30,919.45,921.14,923.37,923.91,924.02,924.28,924.50,925.24,926.94,929.27,931.36,932.44,933.20,935.47,938.01,939.37,939.49,939.42,940.28,941.30,941.51,942.62,943.46,944.73,946.47,947.84,948.22,948.45,949.71,951.62,953.67,955.25,956.51,957.78,959.81,961.55,962.77,964.03,965.56,967.38,969.21,970.92,972.35,973.71,975.21,976.79,978.21,979.64,981.32,983.08,984.88,986.60,987.98,989.04,989.04,988.93,989.75,990.41,990.86,992.07,995.30,998.67,1000.70,1001.75,1002.75,1003.75,1005.05,1006.57,1007.99,1009.35,1010.22,1011.41,1012.99,1014.59,1016.13,1017.67,1019.22,1020.70,1022.34,1024.03,1025.75,1027.37,1028.89,1030.35,1031.80,1033.21,1034.65,1036.11,1037.54,1039.25,1041.56,1043.47,1045.00,1046.49,1048.25,1050.15,1051.83,1053.43,1054.98,1056.49,1057.95,1059.30,1060.91,1062.70,1064.68,1066.45,1068.08,1069.72,1071.59,1073.67,1074.63,1074.80,1075.36,1077.09,1078.85,1080.07,1082.05,1084.78,1087.20,1089.43,1091.36,1093.00,1094.66,1096.39,1098.20,1100.12,1102.13,1104.04,1105.87,1107.51,1108.60,1109.11,1110.43,1112.65,1114.54,1116.53,1118.51,1120.71,1122.90,1124.47,1126.24,1127.90,1129.29,1130.68,1132.88,1135.03,1137.17,1139.30,1141.80,1144.55,1147.20,1149.39,1150.94,1152.34,1153.75,1155.23,1157.57,1160.07,1161.76,1163.31,1164.86,1166.49,1168.09
819.70,821.35,827.22,830.37,830.51,830.02,829.45,830.31,831.70,832.46,833.34,834.20,835.02,836.17,837.55,839.00,840.27,841.15,842.01,842.45,841.59,840.38,840.75,841.72,843.39,845.98,848.50,850.10,851.06,850.27,845.89,841.88,843.60,843.79,841.95,843.02,843.93,845.24,847.26,849.60,852.42,856.04,859.25,860.28,860.55,861.03,862.74,864.68,865.96,865.93,865.65,865.50,867.05,868.68,869.59,871.64,872.97,874.24,875.94,877.84,879.71,881.76,884.04,886.14,887.90,889.47,891.34,892.77,894.00,894.03,893.04,892.38,893.68,896.53,898.37,899.28,900.54,901.66,902.88,903.85,904.59,905.36,906.21,907.15,908.20,909.38,910.33,911.07,912.84,914.80,915.81,916.73,917.88,919.11,920.79,922.32,921.86,921.40,921.58,922.15,923.75,926.10,928.37,929.20,929.85,930.64,933.00,935.50,937.00,937.27,937.64,938.39,939.22,940.48,941.56,942.71,943.84,945.00,946.18,947.44,948.54,949.97,952.86,955.42,957.13,958.42,959.17,960.39,962.38,964.02,965.35,966.50,967.62,968.95,970.63,972.23,973.82,975.39,976.84,978.22,979.63,981.30,983.10,984.89,986.55,987.89,989.19,989.88,990.00,990.10,990.48,991.28,993.12,996.35,999.44,1000.84,1001.77,1002.71,1003.71,1004.86,1006.02,1007.14,1008.27,1009.35,1010.64,1012.06,1013.56,1015.07,1016.56,1018.11,1020.12,1021.68,1023.30,1024.97,1026.67,1028.43,1030.28,1031.97,1033.61,1035.19,1036.77,1038.26,1039.62,1041.57,1043.84,1046.03,1047.77,1049.26,1051.37,1052.92,1054.26,1055.69,1057.09,1058.42,1059.76,1061.33,1063.11,1064.94,1066.67,1068.28,1069.94,1071.83,1073.80,1075.55,1075.98,1076.17,1077.27,1079.25,1081.50,1082.89,1085.49,1087.78,1089.86,1092.32,1093.91,1095.49,1097.03,1098.61,1100.35,1102.13,1103.90,1105.66,1107.44,1109.16,1110.57,1111.51,1113.58,1115.38,1117.17,1119.07,1121.36,1124.01,1125.87,1127.19,1128.78,1129.75,1130.99,1133.43,1135.57,1137.67,1139.61,1142.33,1145.28,1148.08,1150.19,1151.53,1152.92,1154.36,1156.00,1158.54,1160.95,1162.64,1164.30,1166.01,1167.45,1169.12
818.95,819.53,824.70,830.24,831.04,830.99,830.77,831.21,832.53,833.65,834.45,835.18,835.90,836.91,838.05,839.21,840.37,841.27,841.89,841.85,841.09,840.28,841.15,842.19,843.48,845.94,847.99,849.37,851.13,852.04,851.30,850.27,849.78,849.04,847.68,846.45,845.58,845.43,846.12,848.23,849.85,852.98,856.45,859.49,861.15,861.97,863.27,864.62,864.89,864.62,864.39,864.93,867.15,869.42,870.79,872.38,874.40,875.43,876.70,878.59,880.58,882.44,884.50,886.63,888.24,889.50,891.24,892.35,893.43,894.89,895.27,895.22,896.42,898.31,899.45,900.22,901.22,902.19,903.17,904.23,905.20,906.03,907.00,908.08,909.16,910.19,911.48,912.37,913.11,913.55,914.20,914.96,916.45,918.68,920.44,920.91,920.20,919.47,919.57,920.98,922.82,924.93,926.61,927.10,928.22,929.76,931.25,933.17,934.65,935.29,936.25,937.38,939.22,941.65,942.85,944.00,945.18,946.34,947.48,948.67,950.00,950.73,953.49,956.65,958.95,960.08,960.86,961.92,963.22,964.69,966.36,967.92,969.23,970.29,971.28,972.51,973.93,975.47,977.02,978.48,979.76,981.32,983.12,984.95,986.47,987.77,988.94,989.62,990.03,990.31,991.48,992.81,994.38,997.13,999.95,1001.13,1002.09,1003.03,1004.05,1005.29,1006.37,1007.22,1007.99,1008.90,1010.73,1012.45,1013.89,1015.61,1016.89,1018.09,1020.30,1022.35,1024.05,1025.41,1026.48,1027.92,1030.10,1031.69,1033.32,1034.99,1036.78,1038.52,1040.36,1042.28,1044.20,1046.22,1048.11,1049.94,1050.97,1051.98,1053.32,1054.73,1056.06,1057.32,1058.73,1060.72,1062.78,1064.93,1066.79,1068.46,1070.17,1072.08,1074.01,1075.82,1077.05,1077.34,1077.68,1079.38,1081.97,1084.02,1086.15,1088.13,1090.20,1092.39,1093.87,1095.38,1097.03,1098.79,1100.54,1102.28,1104.03,1105.78,1107.53,1109.28,1111.12,1112.93,1114.59,1116.34,1118.05,1119.72,1122.10,1124.76,1127.28,1128.71,1129.47,1130.51,1132.14,1133.98,1136.11,1137.95,1139.69,1142.51,1145.72,1148.78,1150.78,1152.09,1153.47,1154.90,1156.99,1159.38,1161.69,1163.63,1165.43,1167.51,1168.84,1170.18
818.79,819.42,823.35,829.81,831.03,831.71,831.77,832.16,833.18,834.23,835.14,835.98,836.76,837.74,838.72,839.59,840.40,841.23,841.28,841.14,840.56,840.52,841.54,842.59,843.73,845.71,847.49,849.50,851.36,852.90,852.96,852.60,852.29,852.01,851.81,850.97,849.81,848.81,846.95,847.56,848.78,850.37,853.49,857.02,859.75,861.52,862.98,863.78,863.61,863.36,863.24,864.78,867.05,869.29,871.94,873.83,875.64,877.08,877.91,879.08,881.73,883.89,885.32,886.71,887.97,889.11,890.06,890.49,892.13,894.37,895.68,896.27,896.88,897.41,898.01,899.23,901.32,902.66,903.60,904.51,905.36,906.37,907.26,908.20,909.18,910.30,911.10,910.80,910.74,911.01,911.89,913.50,915.10,916.56,917.98,918.48,918.27,917.95,918.46,920.40,922.06,923.79,925.24,926.88,928.76,930.09,931.43,932.75,934.04,935.36,936.72,938.03,939.53,941.53,942.81,944.04,945.21,946.35,947.58,948.77,950.32,952.83,954.71,957.72,960.07,961.22,962.16,963.31,964.56,965.87,967.22,968.67,970.23,971.65,972.75,973.82,974.93,976.04,977.30,978.75,980.47,981.71,983.18,984.94,986.36,987.49,988.53,989.22,989.88,991.17,993.46,995.24,996.43,997.55,1000.34,1001.41,1002.41,1003.39,1004.47,1005.75,1007.03,1008.26,1009.22,1009.61,1011.23,1013.28,1015.19,1017.12,1018.96,1019.48,1020.13,1022.65,1025.41,1027.22,1028.42,1028.80,1030.40,1031.71,1033.10,1034.67,1036.27,1037.81,1039.49,1041.48,1043.53,1045.40,1047.23,1048.70,1049.36,1050.78,1052.25,1053.82,1055.52,1057.25,1058.99,1060.96,1062.84,1064.76,1066.63,1068.45,1070.23,1071.97,1073.80,1075.51,1077.18,1078.51,1078.83,1079.62,1082.03,1084.43,1086.61,1088.36,1090.28,1092.02,1093.69,1095.43,1097.21,1099.01,1100.75,1102.48,1104.23,1105.97,1107.72,1109.47,1111.33,1113.26,1115.12,1116.97,1118.74,1120.69,1123.08,1125.25,1127.18,1128.83,1129.66,1130.64,1132.33,1134.33,1136.35,1137.94,1139.55,1141.87,1144.91,1148.05,1149.88,1151.08,1153.27,1155.22,1157.48,1159.87,1162.24,1164.50,1166.68,1168.86,1170.57,1171.97
819.52,819.62,823.36,829.32,830.89,831.77,832.42,832.83,833.33,833.50,833.93,835.21,836.48,837.90,838.99,839.86,840.53,840.80,840.52,840.35,840.21,840.88,841.89,842.83,843.79,845.61,847.76,849.79,851.43,853.01,853.99,854.53,854.69,854.70,854.58,853.90,854.40,856.21,854.10,849.72,848.93,850.32,852.56,855.48,858.78,860.84,862.22,862.66,862.37,862.12,862.59,864.57,866.98,869.83,872.19,874.35,876.38,878.25,879.66,880.60,882.30,883.08,883.94,885.42,886.64,887.37,887.65,888.38,891.43,893.46,893.43,894.07,894.75,895.44,896.94,899.01,900.92,902.04,902.72,903.46,904.43,905.58,906.54,907.52,908.45,909.04,909.79,908.64,908.46,909.02,910.30,910.80,912.18,913.64,914.88,915.79,916.29,917.17,918.34,920.25,921.93,923.83,925.73,927.61,929.27,930.39,931.74,933.16,934.52,935.91,937.29,938.65,939.87,940.93,942.23,943.44,944.54,945.63,946.83,948.02,950.28,953.12,955.64,957.99,960.05,961.44,962.48,963.72,964.93,966.13,967.32,968.44,969.65,971.12,972.63,974.17,975.63,976.97,978.21,979.44,980.93,982.25,983.45,984.91,986.07,987.10,988.20,989.61,991.10,992.79,995.11,997.42,999.01,999.30,1000.71,1001.77,1002.84,1003.89,1004.88,1006.08,1007.37,1008.67,1010.19,1010.84,1012.37,1014.69,1016.66,1017.82,1020.03,1021.59,1022.23,1024.09,1026.40,1028.09,1029.97,1030.28,1031.07,1032.21,1033.56,1035.16,1036.71,1037.90,1039.16,1040.81,1042.39,1043.94,1045.47,1046.78,1048.40,1050.54,1052.24,1053.98,1055.78,1057.53,1059.26,1061.32,1063.34,1065.20,1066.82,1068.24,1069.44,1071.12,1073.08,1074.95,1076.89,1078.88,1080.10,1080.28,1082.15,1084.36,1086.58,1088.59,1090.33,1092.08,1093.87,1095.67,1097.44,1099.22,1100.96,1102.67,1104.41,1106.16,1107.91,1109.70,1111.57,1113.44,1115.35,1117.22,1119.11,1121.05,1122.94,1124.79,1126.67,1128.51,1129.55,1130.20,1132.26,1134.52,1136.51,1138.09,1139.65,1141.62,1144.13,1146.75,1148.82,1150.54,1152.84,1155.17,1157.47,1159.78,1162.09,1164.48,1167.25,1169.67,1171.89,1173.46
821.93,821.88,825.45,829.45,830.79,831.54,831.83,832.16,832.48,832.19,832.21,833.38,834.54,836.46,838.24,839.73,840.26,840.04,839.42,838.97,839.66,840.43,840.98,841.83,843.13,845.18,847.83,850.06,851.42,852.11,852.88,854.32,855.56,856.50,857.13,857.85,859.16,860.20,860.62,859.50,855.08,851.29,851.84,854.65,858.38,860.47,861.33,861.58,861.18,861.00,862.29,863.88,866.06,868.70,870.25,872.16,874.21,876.53,879.35,880.48,880.28,880.91,882.50,883.88,884.43,884.98,886.27,888.54,890.30,891.15,890.80,891.78,892.98,894.82,896.82,898.78,900.34,900.93,901.36,902.31,903.53,904.70,905.41,906.06,906.45,906.22,906.60,907.16,907.56,908.28,909.09,910.51,914.75,916.23,917.02,917.56,917.75,918.30,919.00,920.44,922.60,924.72,926.63,928.27,929.27,930.86,932.13,932.98,933.97,935.19,936.71,938.27,939.88,940.57,941.67,942.82,943.88,944.96,946.12,947.96,950.38,952.91,955.47,957.70,959.55,960.54,961.82,963.02,964.14,965.29,966.49,967.82,969.21,970.54,971.99,973.54,975.11,976.60,978.06,979.30,980.01,981.44,983.16,984.81,986.05,987.17,989.21,991.41,992.96,994.56,996.63,998.56,1000.27,1000.98,1001.73,1002.84,1003.97,1005.03,1005.84,1006.34,1007.26,1008.58,1011.07,1012.88,1013.97,1016.17,1018.25,1019.28,1020.49,1022.29,1023.94,1025.53,1027.24,1028.81,1031.01,1032.13,1032.70,1033.37,1034.31,1035.89,1037.74,1039.40,1040.32,1041.33,1042.35,1043.65,1045.15,1046.84,1048.67,1050.66,1052.53,1054.35,1056.26,1058.18,1060.06,1061.88,1063.40,1064.76,1065.99,1067.09,1068.73,1071.33,1073.15,1075.13,1077.42,1079.79,1081.18,1081.32,1082.10,1084.19,1086.41,1088.63,1090.57,1092.33,1094.09,1095.88,1097.67,1099.44,1101.16,1102.87,1104.62,1106.36,1108.12,1109.88,1111.78,1113.67,1115.53,1117.41,1119.32,1121.19,1123.08,1124.97,1126.84,1128.57,1129.64,1130.55,1132.59,1134.77,1136.66,1138.23,1139.91,1142.14,1144.80,1148.21,1150.46,1151.57,1153.38,1155.28,1157.45,1159.52,1161.55,1164.16,1167.05,1169.68,1171.11,1172.10
822.64,823.38,824.95,828.97,830.59,830.83,830.89,831.19,831.53,830.99,830.63,831.43,832.50,834.57,836.63,838.20,839.05,838.79,838.10,837.67,838.40,838.99,839.74,841.09,842.54,844.45,847.13,849.17,850.03,850.43,851.72,853.30,854.55,855.76,856.90,858.10,859.20,860.12,860.96,861.74,861.15,859.28,855.23,854.20,855.72,858.33,859.61,860.11,860.03,860.15,861.42,862.42,863.45,865.43,867.05,868.77,870.05,872.80,875.29,876.56,877.38,880.01,881.18,881.66,882.29,883.45,885.58,887.81,888.97,889.16,889.50,890.87,892.86,894.88,896.71,898.04,898.72,899.25,900.32,901.73,902.90,903.40,903.60,904.06,904.71,906.18,908.09,909.26,909.43,910.12,911.05,913.39,919.15,919.69,919.81,919.96,920.09,920.12,920.13,920.91,923.36,925.57,927.17,928.21,929.12,930.93,932.72,934.11,934.98,935.19,936.23,937.69,939.97,940.65,941.22,942.16,943.25,944.34,945.90,948.18,950.92,953.50,955.35,956.69,957.92,959.47,960.90,962.02,963.40,964.95,966.35,967.75,969.17,970.46,971.60,972.98,974.54,976.01,977.21,978.09,979.28,981.18,982.89,984.65,986.11,987.53,989.55,991.63,993.26,994.91,996.62,998.31,1000.04,1001.73,1003.04,1004.13,1005.22,1006.21,1007.12,1007.69,1008.01,1008.92,1011.38,1013.69,1015.56,1017.41,1019.19,1020.70,1021.28,1022.58,1024.12,1025.70,1027.40,1029.14,1030.94,1032.72,1034.19,1035.13,1035.74,1036.44,1037.99,1039.91,1041.49,1042.60,1043.58,1044.38,1045.47,1047.11,1048.93,1050.86,1052.68,1054.47,1056.29,1058.09,1059.93,1061.31,1062.56,1063.86,1065.13,1066.32,1069.08,1071.53,1073.38,1075.43,1077.75,1080.59,1082.41,1082.64,1082.83,1084.06,1086.31,1088.68,1090.81,1092.58,1094.35,1096.12,1097.88,1099.66,1101.37,1103.07,1104.80,1106.56,1108.31,1110.11,1111.96,1113.85,1115.76,1117.63,1119.53,1121.38,1123.27,1125.14,1126.98,1128.57,1129.76,1131.06,1133.16,1135.04,1136.64,1138.19,1140.11,1142.70,1145.55,1148.87,1150.91,1152.28,1153.75,1155.29,1157.20,1159.02,1160.96,1163.54,1166.02,1168.22,1169.29,1170.17
818.90,819.06,820.13,825.46,829.21,829.56,829.74,830.17,830.58,830.06,829.47,829.73,830.53,832.72,834.76,836.05,837.05,837.08,836.57,836.51,837.42,838.50,839.58,840.78,842.10,843.73,845.60,847.23,848.20,849.18,850.90,852.25,853.51,854.75,855.89,857.06,858.12,859.15,860.62,862.24,862.46,861.76,861.26,859.74,857.06,856.07,856.83,857.62,858.36,859.31,860.25,861.42,862.72,864.35,865.10,866.14,867.11,868.77,870.84,872.66,875.23,877.68,878.68,879.81,880.94,882.06,883.67,885.47,887.24,888.59,890.30,891.35,893.02,894.72,895.37,895.50,895.86,896.94,899.79,901.13,901.54,901.85,902.46,903.39,905.05,906.85,908.67,910.46,911.04,913.31,915.65,917.51,919.03,920.07,920.16,920.26,920.34,920.39,920.47,921.50,923.50,926.00,927.77,929.34,929.78,930.40,931.68,933.12,934.49,935.59,936.52,937.94,939.90,940.51,941.07,941.70,942.63,944.00,945.87,948.35,951.04,952.49,953.64,955.10,956.81,958.39,960.08,961.74,963.42,965.08,966.45,967.77,969.15,970.43,971.54,972.67,974.00,975.25,976.30,977.42,979.04,981.13,982.74,984.44,986.06,987.77,989.59,991.23,992.79,994.37,995.99,997.59,999.13,1000.80,1002.54,1004.26,1005.90,1007.16,1008.21,1009.09,1009.30,1009.65,1011.77,1014.00,1016.10,1017.83,1019.52,1021.14,1022.52,1023.49,1024.91,1026.30,1027.74,1029.53,1030.90,1032.13,1033.91,1035.75,1037.24,1038.03,1038.53,1040.16,1041.74,1043.24,1044.62,1045.75,1046.61,1047.38,1048.64,1050.61,1052.29,1054.11,1055.69,1057.38,1059.81,1061.27,1062.76,1064.28,1065.28,1066.64,1069.74,1071.77,1073.57,1075.71,1078.05,1081.16,1083.52,1083.79,1084.01,1084.45,1086.39,1088.83,1090.96,1092.72,1094.52,1096.28,1098.08,1099.85,1101.57,1103.27,1105.00,1106.75,1108.51,1110.30,1112.23,1114.14,1116.12,1118.11,1119.93,1121.62,1123.44,1125.30,1127.06,1128.57,1129.97,1131.71,1133.40,1134.83,1136.48,1138.31,1140.35,1143.13,1145.84,1148.75,1150.84,1152.51,1154.02,1155.55,1157.22,1158.72,1160.36,1162.22,1164.30,1166.14,1167.62,1169.53
817.48,818.35,819.33,821.52,824.75,826.13,827.20,828.33,829.15,828.99,828.61,828.96,829.67,831.18,832.70,834.05,835.04,835.15,835.28,836.22,837.45,838.69,840.09,841.85,843.12,844.23,845.30,846.55,847.66,848.91,850.27,851.50,852.77,854.04,855.24,856.51,857.73,859.00,860.73,862.33,863.54,863.60,863.55,862.81,861.72,860.44,859.86,859.49,860.60,861.29,862.13,865.25,867.09,868.64,868.38,868.28,868.67,868.86,869.24,870.66,872.78,874.79,876.56,878.12,879.60,880.88,882.25,885.47,889.29,890.11,891.06,892.05,892.82,893.09,892.85,892.77,893.15,895.15,897.98,899.65,900.73,901.69,902.62,903.44,904.53,906.21,908.13,910.72,912.26,913.41,913.85,915.00,918.20,920.03,920.01,920.00,920.23,920.31,920.69,921.94,923.63,926.00,928.54,930.67,931.61,931.95,932.49,933.37,934.53,935.86,937.37,939.77,940.25,940.65,941.23,941.85,942.57,944.12,945.92,948.18,949.90,951.16,952.73,954.38,956.06,957.66,959.88,961.82,963.54,965.22,966.59,967.88,969.17,970.41,971.54,972.73,973.98,975.44,976.89,978.27,979.48,981.08,982.69,984.29,985.94,987.68,989.56,991.22,992.75,994.22,995.88,997.55,999.13,1000.83,1002.54,1004.21,1005.89,1007.43,1008.71,1009.97,1010.69,1010.70,1012.22,1014.38,1016.32,1018.05,1019.84,1021.27,1022.88,1024.39,1025.76,1027.13,1028.48,1030.57,1032.29,1032.74,1033.58,1035.26,1037.23,1039.01,1040.01,1040.93,1042.25,1043.55,1044.92,1046.34,1047.67,1048.83,1049.65,1051.31,1053.41,1055.49,1057.17,1058.11,1060.18,1062.01,1063.81,1065.61,1066.73,1067.84,1070.23,1072.02,1073.81,1075.99,1078.30,1081.16,1083.75,1084.96,1085.25,1085.45,1086.53,1088.91,1091.17,1092.95,1094.72,1096.49,1098.26,1099.98,1101.58,1103.32,1105.23,1107.27,1108.90,1110.64,1112.75,1114.79,1116.77,1118.60,1120.34,1121.99,1123.66,1125.48,1127.05,1128.54,1129.94,1131.42,1132.88,1134.62,1136.61,1138.46,1140.62,1143.66,1146.44,1148.56,1150.89,1152.76,1154.39,1156.17,1158.07,1159.45,1160.95,1162.75,1164.55,1166.40,1168.10,1169.87
819.11,819.24,820.77,821.12,821.89,823.31,824.91,826.50,827.68,827.90,828.50,829.42,829.92,830.54,831.67,832.50,833.26,833.82,834.83,836.06,837.34,838.63,840.04,842.10,844.15,845.74,847.02,848.29,849.28,849.98,851.08,852.46,853.81,854.99,856.16,857.43,858.53,859.62,860.94,862.34,863.30,863.83,864.76,865.36,864.89,863.89,863.13,863.28,864.67,865.20,866.44,870.12,871.39,872.38,872.11,871.92,871.46,870.75,871.77,873.73,876.32,875.17,875.35,876.80,878.35,879.77,881.31,884.40,888.38,890.10,890.88,891.09,891.28,891.19,890.72,890.30,890.98,892.95,895.41,898.35,901.02,902.03,902.89,903.69,904.49,905.62,907.63,909.90,910.21,910.16,910.77,913.31,915.52,916.22,916.39,917.50,919.38,920.15,921.03,922.12,923.83,926.28,928.80,930.81,932.20,933.38,934.19,934.88,935.64,936.75,938.17,940.19,941.13,941.56,942.07,942.58,943.27,944.88,946.71,948.78,950.90,952.21,953.77,955.54,957.34,959.07,960.25,961.92,963.64,965.33,966.71,967.95,969.19,970.43,971.68,972.95,974.22,975.70,977.21,978.72,980.13,981.17,982.69,984.20,985.71,987.58,989.53,991.22,992.70,994.09,995.75,997.55,999.18,1000.83,1002.49,1004.16,1005.81,1007.43,1008.95,1010.56,1012.25,1012.51,1012.83,1014.67,1016.55,1018.43,1020.17,1021.46,1022.97,1024.60,1026.19,1027.64,1029.01,1031.45,1033.65,1034.34,1034.74,1035.23,1036.87,1038.92,1041.12,1042.18,1043.36,1044.56,1045.76,1046.93,1048.13,1049.37,1051.01,1052.88,1054.92,1057.01,1059.03,1059.78,1060.92,1063.08,1064.91,1066.76,1068.34,1068.94,1070.58,1072.49,1074.49,1076.06,1077.80,1080.80,1083.06,1085.25,1086.45,1086.68,1087.04,1089.13,1091.38,1093.16,1094.94,1096.72,1098.49,1100.16,1101.59,1103.23,1105.26,1107.62,1109.63,1111.14,1113.05,1115.14,1117.16,1119.01,1120.73,1122.31,1123.84,1125.26,1126.57,1127.92,1129.41,1130.85,1132.58,1134.68,1136.69,1138.61,1140.85,1143.97,1147.08,1149.55,1151.40,1153.13,1155.09,1157.07,1159.01,1160.61,1162.21,1163.95,1165.80,1167.66,1169.56,1171.57
820.97,820.79,822.34,823.56,823.38,824.26,825.38,826.32,827.17,828.09,829.24,830.71,832.56,833.30,833.94,834.05,834.03,834.16,834.69,835.87,837.14,838.44,839.84,841.85,844.01,846.19,848.22,849.79,850.65,851.47,852.62,853.72,854.66,855.48,856.44,857.67,858.72,859.85,860.99,861.42,861.61,861.87,862.73,864.46,866.25,866.84,866.47,867.49,868.66,869.10,869.72,872.21,873.22,873.79,874.75,874.90,873.34,872.34,874.13,877.27,879.92,879.86,879.24,878.44,878.29,879.33,880.54,882.44,884.68,887.01,888.44,888.82,889.15,889.34,889.16,889.07,889.65,891.35,895.55,898.81,901.15,902.34,903.13,903.93,904.74,905.56,906.73,907.63,908.35,909.75,910.37,911.05,912.59,914.12,915.78,917.70,920.04,920.60,921.49,922.70,924.14,926.53,928.99,930.82,932.04,933.31,934.66,935.92,937.06,937.99,938.95,940.18,941.10,941.96,942.66,943.23,944.03,945.73,947.52,949.33,952.00,953.54,954.94,956.50,958.07,959.59,961.32,962.72,963.99,965.15,966.64,967.95,969.19,970.43,971.70,973.00,974.40,975.95,977.17,978.58,980.19,981.45,982.68,983.87,985.37,987.51,989.52,991.20,992.58,993.95,995.62,997.44,999.18,1000.83,1002.48,1004.11,1005.76,1007.34,1008.83,1010.24,1012.23,1014.10,1014.38,1015.08,1016.94,1018.87,1020.51,1021.77,1023.09,1024.69,1026.28,1027.87,1029.36,1031.18,1033.15,1035.11,1036.30,1036.51,1036.88,1038.73,1041.38,1042.51,1043.61,1045.06,1046.40,1047.43,1048.52,1049.63,1051.24,1053.33,1055.41,1057.48,1059.59,1061.48,1062.38,1064.12,1066.00,1067.82,1069.50,1070.51,1071.99,1073.83,1075.82,1077.51,1078.85,1080.93,1083.00,1085.15,1087.01,1087.91,1088.10,1089.42,1091.61,1093.38,1095.17,1096.96,1098.74,1100.35,1101.74,1103.19,1105.16,1107.04,1108.70,1110.76,1112.51,1114.39,1116.46,1118.65,1120.42,1121.78,1123.10,1124.45,1125.87,1127.32,1128.79,1130.52,1132.63,1134.75,1136.75,1138.72,1141.09,1144.25,1147.47,1150.20,1151.83,1153.49,1155.68,1157.89,1160.03,1161.84,1163.49,1165.18,1166.98,1168.70,1170.49,1172.51
822.77,822.89,824.32,825.88,825.68,826.37,827.73,828.34,828.57,829.08,830.40,832.66,835.06,836.16,836.41,836.21,836.01,835.88,835.42,835.74,836.94,838.23,839.48,841.41,843.77,846.21,848.55,850.36,851.20,851.78,852.04,852.29,852.82,853.47,855.01,856.61,857.87,859.40,859.91,859.76,859.69,859.81,860.31,861.82,864.17,866.89,868.83,869.70,870.61,871.00,871.36,871.37,870.74,871.47,873.85,876.02,874.96,874.00,876.21,878.36,879.48,879.50,879.64,880.05,880.01,880.13,880.85,881.89,882.63,884.13,885.44,885.85,886.62,887.20,888.12,889.19,889.37,890.78,896.21,900.16,901.23,902.04,902.77,903.85,905.08,905.63,906.58,907.99,909.02,910.48,912.04,912.52,913.88,915.09,916.69,918.38,919.96,920.63,921.84,923.17,924.67,926.72,929.22,931.28,932.43,933.56,934.73,935.92,937.14,938.42,939.69,940.47,941.14,941.93,942.76,943.63,944.65,946.14,947.77,949.49,951.43,952.82,954.25,955.67,957.07,958.63,961.02,962.23,963.27,964.36,966.07,967.85,969.19,970.43,971.69,973.05,974.54,976.37,978.03,979.01,980.10,981.39,982.50,983.48,985.08,987.53,989.51,991.11,992.46,993.82,995.50,997.31,999.13,1000.82,1002.40,1003.87,1005.26,1006.56,1007.82,1009.71,1012.06,1014.35,1016.02,1016.30,1017.39,1019.29,1020.78,1022.02,1023.27,1024.78,1026.28,1027.69,1029.07,1030.06,1032.13,1034.86,1037.04,1038.17,1038.58,1039.14,1040.64,1041.99,1043.85,1045.67,1046.77,1047.67,1048.71,1049.86,1051.51,1053.51,1055.61,1057.67,1059.83,1062.19,1063.66,1065.07,1066.51,1067.78,1069.07,1070.81,1072.69,1074.63,1076.52,1078.36,1079.94,1081.44,1083.20,1085.16,1086.92,1088.49,1089.36,1090.07,1092.08,1093.91,1095.71,1097.47,1099.13,1100.59,1101.95,1103.42,1105.02,1106.44,1108.30,1111.10,1112.80,1114.60,1116.42,1118.01,1119.86,1121.44,1123.04,1124.67,1126.33,1127.96,1129.60,1131.14,1133.03,1134.98,1136.88,1138.88,1141.34,1144.63,1147.97,1150.51,1151.89,1153.51,1155.79,1158.13,1160.39,1162.14,1163.78,1165.62,1167.28,1168.92,1170.64,1172.36
824.73,825.06,826.31,827.92,828.30,827.96,829.51,830.17,830.06,830.50,831.89,834.06,836.99,838.71,838.63,838.18,837.91,837.41,836.87,836.40,836.91,837.93,838.92,841.23,843.70,846.42,848.78,850.17,850.48,850.46,850.12,849.80,850.42,851.76,853.71,855.33,856.74,857.98,858.08,857.83,857.47,857.83,858.85,860.37,863.09,866.02,868.26,869.79,869.74,869.21,869.13,869.12,869.20,870.52,873.29,876.13,876.46,875.47,876.62,878.04,878.78,878.79,879.34,880.02,880.08,880.63,881.93,883.07,883.85,886.22,888.64,888.76,888.42,888.54,890.29,892.77,892.77,892.93,897.12,899.09,900.37,901.33,902.48,903.74,904.85,905.54,906.61,908.07,909.71,911.28,913.01,914.12,915.20,916.15,917.11,918.53,919.89,920.85,922.46,924.34,925.97,927.02,929.47,931.61,932.76,933.93,935.12,936.34,937.54,938.69,939.82,940.57,941.31,942.34,943.39,944.34,945.38,946.74,948.13,949.55,950.95,952.31,953.77,955.47,956.92,958.32,960.13,961.36,962.61,963.94,965.39,967.12,969.00,970.44,971.78,973.17,974.69,976.52,978.33,979.87,980.33,981.20,982.25,983.32,985.28,988.01,990.27,991.31,992.42,993.69,995.35,997.07,998.76,1000.41,1001.81,1003.21,1004.87,1006.51,1007.94,1009.81,1012.10,1014.24,1016.42,1017.95,1018.37,1019.67,1021.03,1022.23,1023.46,1024.75,1026.22,1027.81,1029.59,1030.92,1032.48,1035.02,1037.14,1038.58,1039.95,1040.31,1040.84,1042.76,1044.70,1046.14,1047.13,1048.02,1048.93,1050.10,1051.81,1053.74,1055.80,1057.87,1060.04,1061.93,1063.21,1064.70,1065.86,1066.91,1068.34,1070.83,1072.19,1073.91,1075.85,1077.82,1079.37,1081.35,1083.23,1084.95,1086.48,1088.21,1089.76,1090.95,1092.70,1094.51,1096.32,1097.89,1099.43,1100.82,1102.31,1103.98,1105.69,1107.43,1109.34,1111.45,1113.29,1115.17,1117.07,1118.90,1120.40,1122.02,1123.70,1125.39,1127.07,1128.76,1130.70,1132.84,1134.28,1136.11,1137.81,1139.44,1141.55,1144.48,1147.75,1149.87,1151.45,1153.51,1155.71,1157.80,1159.76,1161.54,1163.49,1165.45,1167.13,1168.91,1170.70,1172.39
825.69,826.95,828.19,829.48,830.08,830.10,830.59,831.39,831.51,832.10,833.49,835.29,838.20,840.00,840.20,839.93,839.50,838.81,838.06,837.26,837.55,838.43,839.50,840.50,843.25,846.44,848.84,848.67,848.91,848.72,847.99,847.58,849.24,850.99,852.19,853.67,855.31,856.26,856.11,855.85,856.01,857.35,858.97,860.81,863.00,864.77,866.57,867.87,867.81,867.40,867.55,867.89,868.84,870.36,873.02,875.88,877.68,876.66,877.10,878.00,878.74,878.80,879.33,879.59,880.20,881.48,882.98,884.27,885.40,888.29,890.08,891.44,892.21,892.10,893.04,895.60,897.51,897.99,899.81,900.03,900.26,901.27,902.45,903.53,904.66,905.81,906.79,907.91,909.90,912.03,913.69,915.18,916.39,917.26,917.69,918.56,919.77,921.98,924.11,926.12,927.55,927.56,929.40,930.52,931.61,932.89,934.25,935.60,936.95,938.30,939.63,940.70,941.78,942.91,944.04,945.01,946.15,947.48,948.74,949.75,951.00,952.38,954.10,956.00,957.87,959.48,960.44,961.78,963.19,964.55,966.01,967.02,968.13,970.40,971.89,973.29,974.85,976.62,978.36,979.96,980.64,981.35,982.23,983.71,986.44,988.82,990.95,992.40,993.47,994.41,995.37,996.54,997.90,1000.16,1001.87,1003.34,1005.13,1007.25,1009.21,1010.50,1012.00,1014.00,1016.24,1018.54,1019.96,1020.55,1021.49,1022.49,1023.55,1024.68,1025.86,1027.31,1029.85,1032.37,1033.72,1035.40,1037.21,1038.61,1040.12,1041.74,1042.29,1043.65,1045.43,1046.49,1047.47,1048.38,1049.26,1050.39,1052.12,1053.96,1056.01,1058.07,1060.14,1061.61,1062.81,1064.11,1065.41,1066.91,1068.96,1070.99,1072.48,1074.16,1075.27,1077.06,1079.05,1081.18,1082.89,1084.51,1085.68,1087.29,1088.88,1090.74,1092.82,1094.80,1096.58,1098.14,1099.65,1101.21,1102.89,1104.61,1106.28,1107.99,1109.96,1111.93,1113.85,1115.73,1117.61,1119.54,1121.13,1122.70,1124.40,1126.09,1127.78,1129.53,1131.74,1134.16,1136.18,1137.54,1139.33,1140.98,1142.61,1144.66,1146.82,1149.02,1151.52,1153.44,1155.42,1157.48,1159.33,1161.28,1163.34,1165.29,1167.07,1168.95,1170.75,1172.49
824.07,826.24,828.58,829.98,830.58,830.96,831.45,832.09,832.85,833.58,835.02,836.50,838.11,839.86,840.60,840.75,840.36,839.67,838.82,838.18,838.28,838.98,840.77,842.77,844.63,847.27,847.64,846.53,846.67,846.49,845.84,846.29,848.06,848.84,850.55,852.17,853.95,854.40,854.19,854.43,855.53,857.12,858.53,859.92,861.65,862.89,864.34,865.14,865.50,865.94,866.84,867.71,868.61,870.04,872.73,875.99,878.62,878.07,878.20,878.94,878.91,878.83,879.00,879.45,880.78,882.35,883.90,885.37,886.92,888.27,888.51,889.62,892.28,894.58,895.97,897.44,898.93,899.94,900.06,900.19,900.80,901.73,902.76,903.82,905.12,906.64,907.95,908.90,910.43,912.07,914.10,915.92,917.40,918.37,918.58,919.28,920.49,922.78,925.38,927.74,929.25,929.16,929.48,930.06,931.13,932.43,933.77,935.38,936.78,937.99,939.59,941.05,942.24,943.42,944.59,945.70,946.84,947.92,948.90,949.86,951.04,952.58,954.48,956.47,958.25,960.03,961.31,962.50,963.89,965.28,966.80,968.25,969.09,970.46,971.93,973.27,974.87,976.64,978.09,979.77,980.75,981.42,982.30,984.54,987.21,990.04,991.36,992.63,994.22,995.63,996.69,997.61,998.48,1000.20,1001.93,1003.50,1005.32,1007.13,1009.13,1011.99,1013.14,1014.24,1016.09,1018.42,1020.50,1021.76,1022.88,1023.85,1024.75,1025.65,1026.58,1027.55,1029.83,1032.65,1034.08,1035.47,1037.01,1038.51,1040.08,1041.81,1043.30,1044.59,1045.87,1046.85,1047.83,1048.76,1049.60,1050.89,1052.54,1054.25,1056.18,1058.19,1060.09,1061.40,1062.70,1064.17,1065.82,1067.48,1069.43,1071.26,1073.51,1075.56,1075.87,1076.72,1079.42,1080.98,1082.48,1084.06,1085.10,1086.35,1088.36,1091.02,1092.99,1094.89,1096.75,1098.37,1099.84,1101.37,1103.09,1104.83,1106.53,1108.25,1110.14,1112.18,1114.12,1116.07,1118.02,1119.98,1121.81,1123.37,1125.07,1126.77,1128.48,1130.27,1132.63,1135.14,1137.61,1139.52,1140.96,1142.85,1144.67,1146.66,1148.68,1150.83,1152.72,1153.90,1155.36,1157.26,1159.07,1161.04,1163.14,1165.22,1167.13,1169.01,1170.83,1172.68
822.33,824.86,827.57,829.96,830.52,830.76,830.78,831.40,832.65,833.85,835.40,837.03,838.72,840.23,840.85,841.34,841.30,840.62,839.96,839.85,839.74,839.61,841.89,845.51,846.60,846.46,845.11,844.08,844.43,844.24,843.90,845.18,845.92,846.76,848.97,851.28,852.58,852.59,852.80,853.92,855.23,856.61,857.96,859.40,860.73,861.91,863.08,864.25,865.56,867.12,868.12,868.80,869.32,870.40,873.18,876.49,879.31,879.45,879.41,879.49,879.18,878.88,879.26,880.13,881.46,883.03,884.62,886.02,886.68,886.87,887.13,888.58,890.79,893.23,895.44,896.97,898.23,899.41,900.05,900.52,901.45,902.38,903.31,904.28,905.53,907.05,908.62,910.29,911.76,913.47,914.85,916.25,917.95,919.43,919.70,919.95,921.72,923.81,926.06,928.35,930.00,930.36,930.52,930.76,931.47,932.73,934.25,936.09,937.95,939.43,940.06,941.21,942.37,943.60,944.84,946.14,947.18,947.98,948.91,949.78,951.06,952.89,954.89,956.94,958.73,960.26,962.09,963.33,964.62,965.96,967.49,969.02,970.28,970.52,971.64,972.71,973.93,977.22,979.18,979.99,980.59,981.16,982.58,985.09,987.65,990.33,992.06,993.35,994.69,996.09,997.37,998.65,999.75,1000.63,1002.22,1003.96,1005.76,1007.69,1009.83,1012.00,1014.12,1015.78,1016.81,1018.14,1019.82,1021.13,1022.74,1024.34,1025.84,1026.98,1028.01,1028.97,1029.99,1031.81,1033.31,1034.81,1036.41,1038.05,1039.59,1041.13,1042.98,1044.78,1046.15,1047.30,1048.27,1049.48,1050.66,1051.50,1053.00,1054.73,1056.64,1058.34,1060.18,1061.69,1063.17,1064.74,1066.40,1068.06,1069.87,1072.07,1074.83,1076.98,1077.28,1077.78,1079.86,1081.06,1082.21,1083.59,1084.63,1085.65,1087.97,1091.20,1093.10,1094.96,1096.85,1098.54,1100.01,1101.30,1102.95,1104.70,1106.38,1107.82,1110.40,1112.67,1114.65,1116.45,1118.35,1120.31,1122.33,1124.03,1125.71,1127.45,1129.24,1131.00,1133.21,1135.78,1138.29,1140.45,1142.63,1144.49,1146.42,1148.43,1150.84,1152.53,1153.58,1154.64,1155.85,1157.23,1158.88,1160.84,1163.04,1165.23,1167.42,1169.33,1171.16,1173.12
820.32,823.20,826.01,828.86,829.60,829.41,829.08,830.24,831.42,832.56,834.11,835.94,838.73,840.32,840.98,841.32,841.85,842.18,842.28,842.89,842.94,842.99,844.40,845.09,843.74,843.22,842.39,841.57,842.31,842.09,842.46,843.33,843.36,844.93,847.81,850.01,850.78,851.20,852.40,853.83,855.35,856.94,858.49,860.02,861.74,863.48,864.80,866.06,867.50,869.00,869.88,870.71,872.16,874.05,876.18,878.38,880.07,880.18,879.95,879.58,879.07,878.95,879.37,880.33,881.97,883.46,884.66,885.07,885.20,885.34,886.25,888.65,890.81,892.86,894.56,895.77,897.09,899.12,900.22,901.13,902.19,903.12,904.05,905.08,906.14,907.03,908.48,910.65,912.82,914.73,916.49,917.98,919.20,920.30,921.02,921.33,922.69,924.76,926.68,928.47,929.80,930.14,930.62,931.21,931.89,933.14,934.90,936.74,938.56,939.96,940.27,941.18,942.37,943.64,945.07,946.61,947.79,948.36,949.34,950.40,952.02,954.10,956.65,958.42,959.77,961.25,962.67,964.01,965.33,966.71,968.09,969.43,970.68,970.96,971.39,971.91,972.51,976.18,979.43,980.02,980.37,981.09,982.90,985.23,987.75,990.18,991.68,992.96,994.43,995.75,997.01,998.29,1000.17,1001.81,1002.91,1004.58,1006.36,1008.16,1010.38,1013.05,1014.63,1016.34,1018.12,1019.88,1020.69,1021.03,1022.55,1024.23,1025.82,1027.17,1028.46,1029.86,1030.87,1032.01,1033.50,1035.08,1036.82,1038.47,1039.93,1041.41,1043.14,1044.77,1046.16,1047.38,1048.55,1049.76,1052.01,1053.12,1053.81,1055.27,1057.26,1059.17,1060.80,1062.28,1063.79,1065.31,1066.91,1068.57,1070.57,1073.34,1076.15,1078.39,1078.60,1078.63,1080.06,1081.17,1082.29,1083.51,1084.63,1085.72,1088.31,1091.37,1093.20,1095.05,1096.92,1098.75,1100.21,1101.37,1102.83,1104.54,1105.88,1107.36,1110.76,1112.99,1115.14,1117.15,1118.94,1121.00,1123.03,1124.84,1126.48,1128.27,1130.06,1131.79,1133.75,1136.24,1138.40,1140.46,1142.81,1145.28,1147.59,1149.64,1151.66,1152.88,1154.11,1155.44,1156.76,1158.09,1159.18,1160.88,1163.22,1165.46,1167.71,1169.92,1172.05,1174.10
814.99,820.70,823.37,825.17,825.19,824.76,824.95,826.90,829.12,830.71,831.81,833.39,836.83,839.85,840.38,840.21,840.71,841.55,841.94,840.56,839.43,840.38,840.55,840.36,839.87,839.34,838.90,839.04,840.00,840.12,840.97,840.80,841.25,843.45,845.77,847.86,849.36,850.99,852.41,854.01,855.39,856.75,858.13,859.16,860.79,863.81,866.21,867.88,869.37,870.77,871.55,872.46,873.71,875.61,876.86,878.17,879.24,879.25,879.53,879.42,878.93,878.89,879.30,880.11,881.65,883.12,883.42,883.54,883.65,883.97,886.01,888.66,890.91,892.14,893.18,894.77,897.01,899.30,900.64,901.68,902.86,903.87,904.80,905.94,907.18,907.98,908.75,910.80,913.01,915.03,916.83,918.43,919.54,920.01,920.55,921.52,922.85,924.18,925.70,927.17,928.59,929.31,930.03,930.73,932.04,933.47,935.12,936.75,938.30,939.83,940.32,941.15,942.47,943.90,945.33,946.91,948.66,950.13,951.26,952.51,954.15,956.49,959.07,960.20,960.84,961.94,963.20,964.38,965.84,967.69,969.14,969.99,970.76,971.40,971.37,971.28,971.23,974.41,977.48,979.24,980.84,982.38,984.28,986.15,987.90,990.02,991.37,992.59,993.89,995.22,996.51,997.74,999.94,1001.97,1003.68,1005.18,1006.90,1008.46,1010.18,1013.21,1015.92,1017.79,1019.56,1023.08,1021.81,1021.74,1022.60,1024.16,1025.74,1027.09,1028.42,1029.85,1031.91,1033.19,1034.49,1035.90,1037.38,1038.70,1040.20,1041.85,1043.01,1044.56,1046.40,1047.92,1049.10,1049.81,1051.96,1054.35,1055.38,1056.09,1057.61,1059.70,1061.31,1062.84,1064.38,1065.89,1067.43,1069.00,1071.15,1074.21,1077.19,1079.66,1080.07,1079.75,1080.32,1081.60,1082.97,1084.29,1085.47,1086.63,1088.88,1091.62,1093.40,1095.22,1097.03,1098.86,1100.35,1101.49,1102.78,1104.09,1105.18,1107.49,1111.16,1113.34,1115.50,1117.66,1119.96,1123.50,1125.81,1126.87,1127.86,1129.24,1130.99,1132.67,1134.40,1136.43,1138.34,1140.33,1142.80,1145.45,1147.88,1150.08,1151.86,1153.45,1154.92,1156.35,1157.70,1159.08,1160.43,1161.93,1164.19,1166.22,1168.34,1170.71,1172.69,1174.75
809.26,815.84,819.89,820.45,819.84,819.85,820.30,820.55,822.11,826.89,828.59,829.83,832.07,835.28,836.59,835.59,835.62,837.19,836.17,834.76,833.47,835.37,836.64,836.62,836.54,835.98,835.57,836.27,837.41,838.09,838.86,839.21,840.30,842.40,844.61,846.61,848.55,850.35,852.09,853.65,854.85,856.04,857.34,858.62,860.65,862.96,865.36,867.88,869.78,870.21,869.28,869.30,870.86,873.48,874.28,875.07,875.52,876.11,877.81,879.01,878.85,878.64,879.23,879.79,881.00,882.05,881.92,881.93,882.06,883.02,885.46,888.08,889.63,890.69,892.59,894.78,897.02,899.37,901.19,902.25,903.46,904.61,905.61,906.82,908.06,909.20,910.00,911.40,913.28,915.01,916.33,917.30,918.15,918.82,919.25,920.23,921.07,922.45,924.05,925.57,927.12,928.38,929.28,930.27,931.64,933.02,934.43,935.95,937.45,939.14,939.96,941.00,942.36,943.88,945.54,947.32,949.30,951.26,952.97,954.43,955.99,957.84,959.39,960.39,960.90,961.93,963.43,964.63,966.22,968.30,970.41,970.93,971.34,971.44,970.87,971.52,970.83,972.99,978.00,981.39,982.90,984.43,986.25,988.11,989.54,990.25,991.41,992.71,994.04,995.73,997.46,998.93,1000.15,1001.87,1003.63,1005.36,1006.95,1008.46,1010.14,1012.84,1015.14,1017.06,1018.85,1020.44,1021.16,1022.16,1023.15,1024.19,1025.63,1026.97,1028.30,1029.63,1031.13,1032.61,1034.11,1035.56,1036.86,1038.24,1039.71,1041.02,1042.55,1044.24,1046.15,1048.07,1049.74,1050.44,1051.79,1054.20,1056.54,1057.73,1058.43,1060.25,1061.70,1063.11,1064.64,1066.19,1067.74,1069.29,1071.55,1074.39,1077.22,1079.95,1081.39,1081.24,1081.19,1082.32,1083.82,1085.15,1086.42,1087.80,1089.62,1091.92,1093.69,1095.49,1097.29,1099.09,1100.54,1101.82,1103.63,1104.94,1106.00,1108.41,1111.41,1113.60,1115.77,1117.96,1120.57,1124.98,1127.63,1128.59,1129.57,1130.85,1132.31,1133.88,1135.35,1136.84,1138.48,1140.40,1142.99,1145.62,1147.98,1149.96,1151.68,1153.36,1155.01,1156.66,1158.26,1159.85,1161.62,1163.25,1165.19,1167.08,1168.90,1170.81,1172.65,1174.58
809.51,813.50,815.65,815.83,815.45,815.57,815.73,816.30,819.02,822.80,826.13,827.69,828.64,829.42,829.83,829.41,829.03,829.30,829.46,829.54,829.76,831.55,833.01,833.26,833.35,833.58,834.51,835.55,836.47,837.40,838.43,839.44,840.96,843.00,844.94,846.84,848.99,850.52,851.87,853.15,854.31,855.47,856.65,858.02,859.30,860.26,862.99,865.10,866.83,868.21,867.64,868.38,869.89,870.41,870.96,872.09,872.99,874.10,875.58,877.29,878.49,878.38,878.80,879.37,880.06,880.62,880.49,880.40,880.80,882.46,884.62,886.61,888.21,890.42,892.67,894.88,897.09,899.37,901.53,902.81,903.96,905.09,906.26,907.45,908.64,909.79,910.66,911.75,913.08,913.89,914.86,915.83,916.72,917.58,918.37,919.29,919.98,921.37,922.84,924.29,926.05,927.41,928.69,930.15,931.38,932.68,934.05,935.41,936.84,938.24,939.50,941.10,942.59,944.25,945.88,947.80,949.70,951.40,952.55,953.89,955.29,956.70,958.18,959.39,960.40,961.97,963.59,964.88,966.63,968.71,970.44,971.39,971.50,971.53,970.53,971.84,972.72,976.75,980.09,982.27,984.09,985.76,987.34,988.85,990.47,991.37,991.79,993.00,994.36,996.08,997.81,999.80,1000.99,1001.89,1003.31,1005.00,1006.61,1008.24,1009.97,1011.98,1014.02,1015.64,1017.14,1018.67,1020.22,1021.56,1022.86,1024.07,1025.30,1026.56,1027.82,1029.12,1030.53,1031.91,1033.42,1034.86,1036.12,1037.40,1038.80,1040.53,1042.22,1043.91,1045.84,1047.86,1050.04,1051.96,1052.65,1053.84,1056.13,1058.61,1060.11,1060.88,1062.05,1063.42,1064.88,1066.37,1067.82,1069.29,1071.50,1074.31,1077.11,1079.88,1082.10,1082.71,1082.69,1082.91,1084.29,1086.12,1087.75,1089.30,1090.41,1092.39,1094.17,1095.91,1097.67,1099.44,1101.07,1103.10,1105.27,1106.99,1107.74,1109.29,1111.57,1113.67,1115.84,1117.95,1120.10,1123.03,1125.20,1126.79,1128.51,1130.56,1132.50,1134.08,1135.76,1137.40,1139.04,1140.98,1143.28,1145.79,1147.97,1149.97,1151.65,1153.36,1155.06,1156.75,1158.46,1160.20,1162.11,1163.99,1165.89,1167.79,1169.57,1171.34,1172.95,1174.55
809.25,810.92,811.11,811.26,811.38,811.52,811.99,817.06,820.52,822.43,824.18,825.69,826.67,827.38,827.92,827.71,826.52,826.58,828.14,828.47,828.83,829.54,830.32,831.52,832.63,833.92,835.41,836.49,837.58,838.49,839.42,840.69,842.27,844.25,846.25,848.21,850.10,850.83,851.68,852.65,853.78,854.94,856.10,857.22,858.35,859.38,860.38,861.63,863.44,865.30,866.16,867.25,868.07,868.52,869.78,871.19,871.83,872.98,874.21,875.48,876.90,877.96,878.36,878.71,879.00,879.38,879.46,879.69,880.69,882.87,885.21,887.13,888.63,890.45,892.48,894.63,896.75,898.87,900.59,902.18,902.99,903.87,905.24,906.59,907.78,908.92,909.55,910.57,911.57,912.14,913.29,914.39,915.35,916.56,917.64,918.70,919.76,921.33,922.85,924.21,925.54,926.99,928.47,930.01,931.22,932.50,933.93,935.29,936.89,938.59,939.79,941.60,943.10,944.45,945.88,947.29,948.97,950.31,951.48,952.81,954.21,955.65,957.09,958.59,960.29,961.98,963.69,965.18,967.05,968.90,970.54,971.40,970.91,971.83,971.16,972.68,975.02,979.14,981.52,982.96,984.37,985.88,987.33,988.72,990.51,992.24,992.77,993.32,994.75,996.45,998.13,1000.10,1002.29,1003.10,1003.81,1004.86,1006.38,1008.12,1009.91,1011.65,1013.21,1014.71,1016.33,1017.97,1019.73,1021.20,1022.43,1023.70,1025.05,1026.44,1027.81,1029.17,1030.44,1031.65,1032.87,1034.26,1035.49,1036.67,1038.23,1040.50,1042.10,1043.91,1045.70,1047.72,1049.94,1052.38,1054.08,1054.81,1055.83,1057.88,1061.05,1062.09,1062.72,1063.72,1065.14,1066.66,1068.06,1069.44,1071.71,1074.58,1077.44,1080.21,1082.36,1083.83,1084.22,1084.22,1084.70,1086.40,1088.34,1090.22,1091.65,1092.90,1094.71,1096.45,1098.15,1099.74,1101.89,1104.42,1106.77,1108.87,1109.41,1109.99,1111.86,1113.79,1115.88,1117.78,1119.68,1121.67,1123.55,1125.45,1127.66,1129.72,1131.01,1132.78,1134.70,1136.52,1138.43,1140.53,1143.17,1146.21,1148.63,1150.41,1151.93,1153.64,1155.35,1157.06,1158.76,1160.54,1162.43,1164.20,1166.12,1168.18,1170.07,1171.55,1173.03,1174.65
806.03,807.04,807.47,807.97,808.65,809.35,810.05,814.30,817.96,819.97,821.70,823.57,824.75,825.55,826.25,826.34,825.41,825.27,827.06,827.76,828.55,829.52,831.32,833.34,834.69,835.54,836.60,837.92,838.97,840.01,841.27,842.60,843.99,845.55,847.55,849.52,850.77,851.71,852.46,853.10,853.79,854.66,855.63,856.70,857.68,858.50,859.40,860.59,862.08,863.61,864.77,865.71,866.71,868.04,869.49,870.05,870.76,872.03,873.28,874.53,875.80,877.05,877.69,877.92,878.43,878.78,879.16,879.87,881.64,884.14,886.62,888.98,890.13,890.70,892.03,893.84,895.84,897.86,899.63,900.60,900.90,902.23,903.78,905.28,906.49,907.50,908.14,909.01,909.87,910.55,911.80,913.10,914.47,915.88,917.20,918.51,919.76,921.29,922.80,923.99,925.26,926.72,928.21,929.67,930.90,932.32,933.81,935.22,936.90,938.75,940.35,941.72,943.15,944.43,945.76,947.15,948.86,950.66,951.84,953.07,954.39,955.75,957.12,958.52,960.11,961.89,963.59,965.33,967.21,968.99,970.85,971.34,970.57,971.89,972.21,973.81,975.94,978.95,980.97,982.36,983.74,985.38,987.05,988.50,990.53,992.39,993.93,994.17,995.06,996.68,998.25,1000.18,1002.41,1004.03,1005.04,1005.82,1006.68,1007.85,1009.73,1011.46,1012.99,1014.54,1016.20,1017.93,1019.67,1021.01,1022.29,1023.64,1025.02,1026.41,1027.80,1029.15,1030.43,1031.65,1032.82,1034.51,1036.32,1037.55,1038.54,1040.54,1042.49,1044.90,1046.62,1047.69,1049.70,1052.11,1054.42,1056.16,1057.07,1058.09,1061.20,1063.11,1064.07,1064.69,1065.49,1066.86,1068.45,1070.06,1072.14,1074.92,1077.79,1080.34,1082.14,1083.85,1085.32,1085.72,1085.85,1086.50,1088.38,1090.41,1092.18,1093.73,1095.26,1096.87,1098.34,1099.81,1101.72,1104.27,1107.04,1109.65,1111.06,1111.30,1112.78,1114.53,1116.23,1118.01,1119.90,1121.77,1123.54,1125.35,1127.22,1129.10,1130.71,1132.37,1134.15,1135.92,1137.71,1139.93,1143.35,1146.88,1149.59,1150.72,1152.35,1154.02,1155.68,1157.38,1159.07,1160.85,1162.61,1164.35,1166.30,1168.34,1170.20,1171.63,1173.10,1174.77
808.52,807.77,808.46,809.97,810.81,810.75,811.37,813.86,816.42,818.68,820.48,821.68,822.79,823.80,824.54,824.92,825.75,826.67,827.93,829.04,829.81,831.03,833.29,835.53,837.02,837.75,838.19,839.69,841.01,842.22,844.10,845.33,846.47,847.32,848.80,850.48,851.67,852.65,853.39,854.06,854.73,855.61,856.25,856.82,857.46,858.23,859.33,860.35,861.48,862.77,863.86,865.06,866.36,867.63,868.78,869.50,870.56,871.78,873.05,874.34,875.63,876.79,877.34,878.59,879.25,879.34,879.41,879.97,882.17,884.79,886.80,889.00,890.20,891.20,892.01,893.58,895.25,896.74,897.93,898.83,899.53,900.77,902.33,903.98,905.17,906.06,906.85,907.95,909.56,910.20,911.23,912.68,914.24,915.79,917.26,918.54,919.75,921.24,922.50,923.74,924.99,926.43,927.93,929.28,930.54,932.07,933.65,935.17,936.93,938.63,940.12,941.52,943.05,944.41,945.75,947.32,949.04,950.90,952.23,953.52,954.80,956.06,957.37,958.62,959.85,961.26,963.04,964.88,967.01,969.32,970.95,971.72,971.54,972.19,973.14,974.52,976.44,979.31,981.25,982.62,983.95,985.14,986.65,988.26,990.59,992.43,994.31,995.54,995.59,996.71,998.29,1000.10,1002.14,1003.91,1005.57,1006.90,1008.00,1008.92,1009.94,1011.41,1012.89,1014.44,1016.12,1017.77,1019.45,1020.88,1022.23,1023.59,1024.95,1026.35,1027.73,1029.17,1030.49,1031.68,1032.91,1034.72,1037.14,1039.06,1039.64,1041.07,1043.55,1045.96,1047.92,1049.21,1049.96,1052.00,1054.29,1056.38,1058.14,1059.37,1060.81,1062.68,1064.61,1066.02,1066.67,1067.26,1068.38,1070.27,1072.65,1075.17,1077.76,1080.26,1082.03,1083.76,1085.60,1086.95,1087.32,1087.51,1088.33,1090.25,1091.81,1093.51,1095.21,1096.79,1098.32,1099.84,1101.72,1103.84,1106.39,1108.71,1111.03,1113.13,1114.62,1116.30,1117.80,1119.43,1121.11,1122.85,1124.62,1126.44,1128.25,1130.28,1132.01,1133.50,1135.11,1136.77,1138.39,1140.46,1144.05,1147.70,1149.95,1150.71,1152.67,1154.44,1156.10,1157.78,1159.48,1161.15,1162.80,1164.52,1166.36,1168.24,1170.08,1171.65,1173.15,1174.86
816.76,813.47,814.05,815.51,815.90,816.13,816.83,817.51,819.25,821.04,822.37,822.79,822.99,823.28,823.99,825.85,827.80,828.51,830.15,831.73,832.28,833.50,835.51,837.76,839.32,839.84,840.16,841.28,843.37,844.97,846.70,848.06,848.89,849.46,850.14,851.31,852.53,853.57,854.37,855.01,855.85,856.89,857.53,857.86,858.19,858.51,859.56,860.46,862.06,863.40,863.79,864.65,865.77,866.94,868.10,869.31,870.46,871.68,872.97,874.32,875.66,876.68,877.99,879.61,880.01,880.33,880.36,880.66,882.59,885.16,886.86,888.44,889.87,890.87,891.90,893.04,894.32,895.50,896.57,897.59,898.74,899.86,901.85,903.19,904.34,905.46,906.63,907.75,909.26,910.00,910.98,912.54,914.10,915.71,917.32,918.60,919.80,920.90,922.16,923.45,924.74,926.14,927.50,928.85,930.42,932.09,933.69,935.22,936.77,938.31,939.85,941.35,942.89,944.37,945.82,947.36,948.81,950.26,951.63,952.91,954.15,955.39,956.64,957.82,958.98,960.64,962.60,964.29,966.25,968.50,970.30,972.48,973.00,973.61,974.70,975.15,976.92,979.72,981.95,983.62,985.04,985.98,986.94,988.26,990.70,992.74,994.73,996.42,996.96,997.01,998.32,999.98,1001.78,1003.37,1004.92,1006.46,1008.01,1009.92,1011.31,1011.83,1012.85,1014.37,1016.00,1017.61,1019.25,1020.80,1022.17,1023.54,1024.91,1026.33,1027.79,1029.26,1030.59,1031.76,1032.98,1034.90,1037.28,1039.27,1041.03,1042.96,1044.83,1046.88,1048.66,1050.63,1051.58,1052.47,1054.14,1056.12,1058.12,1060.25,1061.68,1062.68,1064.22,1066.12,1067.80,1068.70,1069.17,1070.72,1074.62,1077.34,1078.20,1080.24,1082.16,1084.13,1086.07,1087.44,1088.45,1088.88,1089.14,1090.32,1091.72,1093.22,1094.86,1096.44,1098.03,1099.75,1101.71,1103.60,1105.75,1107.92,1110.15,1112.62,1114.76,1116.51,1118.20,1119.93,1121.62,1123.29,1124.95,1126.71,1128.48,1130.41,1132.24,1133.74,1135.20,1136.72,1138.27,1140.18,1143.80,1147.99,1149.88,1150.86,1152.88,1154.95,1156.63,1158.34,1160.06,1161.72,1163.45,1165.20,1166.68,1168.25,1169.95,1171.70,1173.54,1175.42
824.64,822.93,824.79,825.67,824.68,825.12,825.99,825.64,824.47,824.12,824.61,824.97,825.30,826.06,826.79,828.82,830.75,830.94,832.95,835.74,835.71,836.62,838.12,840.14,841.17,841.80,842.50,843.64,844.88,847.01,848.96,850.28,850.52,850.79,851.38,852.29,853.32,854.49,855.29,856.08,857.09,858.12,858.81,858.85,859.07,859.19,859.66,861.31,864.15,865.22,865.20,865.42,865.88,866.78,867.91,869.43,870.52,871.79,873.14,874.48,875.78,877.11,878.52,879.88,880.60,881.51,882.16,883.04,884.14,885.67,887.05,888.21,889.34,890.16,891.43,892.70,893.96,895.33,896.60,897.93,899.53,900.64,902.07,903.35,904.51,905.73,907.06,908.32,909.06,909.61,910.88,912.50,914.15,915.82,917.48,918.82,919.70,920.99,922.28,923.60,924.70,926.09,927.64,929.13,931.12,932.78,934.19,935.59,937.06,938.48,939.86,941.29,942.78,944.20,945.58,946.99,948.40,949.81,951.06,952.29,953.50,954.77,956.18,957.60,959.07,960.54,962.13,963.67,965.59,967.73,970.13,972.92,974.40,976.07,977.67,977.24,977.45,979.00,981.04,983.63,985.98,987.39,988.44,989.20,990.89,993.18,995.23,996.91,998.12,998.30,998.51,999.94,1001.48,1003.02,1004.62,1006.05,1007.47,1010.01,1012.64,1013.56,1013.91,1014.59,1015.74,1017.28,1019.09,1020.77,1022.13,1023.55,1025.06,1026.43,1027.76,1029.18,1030.63,1031.84,1033.04,1035.00,1036.78,1038.11,1039.88,1042.33,1044.63,1046.81,1048.69,1051.14,1053.51,1054.51,1055.22,1056.33,1058.15,1060.27,1062.29,1063.95,1064.96,1066.01,1067.54,1069.57,1071.40,1073.32,1077.38,1080.12,1080.45,1081.13,1082.72,1084.68,1086.51,1087.77,1088.93,1090.03,1090.78,1091.60,1092.92,1094.09,1095.26,1096.34,1097.73,1099.67,1101.52,1103.27,1105.40,1107.72,1109.95,1111.83,1113.40,1115.19,1117.14,1119.26,1121.13,1122.72,1124.32,1126.02,1127.71,1129.44,1131.09,1132.64,1134.26,1135.90,1137.63,1139.56,1142.89,1146.23,1148.82,1151.30,1153.63,1156.24,1158.03,1159.18,1161.01,1162.67,1164.42,1166.17,1167.57,1168.99,1170.73,1172.77,1174.81,1176.82
829.76,830.23,830.71,830.99,831.10,831.23,831.51,831.47,830.24,827.76,827.64,827.80,827.73,829.60,829.92,832.62,835.25,835.93,837.03,839.27,838.71,839.25,840.06,841.43,842.63,843.52,844.50,845.48,846.71,848.55,850.06,850.80,851.34,851.81,852.56,853.47,854.40,855.41,856.32,857.29,858.30,859.30,860.02,859.89,860.11,860.40,861.21,863.57,866.42,867.01,866.84,866.96,867.09,867.47,868.03,869.55,870.85,872.14,873.42,874.68,875.91,877.18,878.71,880.06,881.01,881.96,883.04,884.26,885.22,886.15,887.24,889.08,890.04,890.63,891.81,893.29,894.65,896.28,897.52,898.61,899.59,900.85,902.22,903.56,904.74,905.98,907.35,908.69,909.91,910.10,911.00,912.65,914.31,915.97,917.64,919.20,920.05,921.28,922.55,923.75,924.72,925.91,927.48,929.07,930.83,932.19,933.73,935.42,937.04,938.52,939.87,941.12,942.54,943.88,945.20,946.60,947.99,949.38,950.72,951.95,953.12,954.29,955.94,957.38,958.65,960.50,961.67,962.95,964.82,967.32,969.99,972.70,975.61,978.70,979.97,979.81,979.60,979.40,981.31,984.09,986.60,988.54,990.03,991.22,992.38,993.87,995.67,997.36,998.70,999.71,999.60,1000.26,1002.17,1003.94,1005.94,1007.60,1008.58,1010.21,1012.84,1015.10,1015.90,1016.37,1016.71,1017.35,1019.03,1020.67,1022.22,1023.83,1025.43,1027.01,1028.42,1029.68,1030.95,1032.13,1033.35,1034.65,1035.82,1037.11,1039.42,1041.89,1044.24,1046.38,1048.48,1050.80,1053.44,1055.95,1057.40,1058.17,1058.85,1060.79,1062.87,1064.80,1066.28,1067.40,1068.28,1069.68,1072.89,1075.91,1078.70,1080.81,1081.97,1082.82,1083.96,1085.33,1086.90,1088.08,1089.26,1090.62,1092.22,1093.46,1094.99,1096.40,1097.83,1098.51,1098.55,1099.77,1101.34,1102.99,1104.93,1106.72,1108.47,1110.30,1112.34,1114.56,1117.06,1119.45,1121.44,1123.13,1124.76,1126.42,1127.89,1129.24,1130.70,1132.50,1134.44,1136.23,1137.97,1139.93,1143.12,1146.46,1149.64,1152.28,1154.68,1157.58,1159.93,1161.02,1162.62,1164.01,1165.41,1167.06,1168.42,1169.80,1171.72,1173.84,1175.96,1178.11
828.91,830.25,830.69,831.11,831.53,831.91,832.36,833.32,833.67,832.74,832.77,831.32,830.64,831.85,832.31,835.76,839.08,839.75,839.88,840.19,840.19,840.44,841.10,842.15,843.27,844.62,845.72,846.82,848.25,849.68,850.46,850.96,851.37,852.08,852.88,853.81,854.71,855.62,856.57,857.55,858.52,859.45,860.88,861.81,862.77,863.40,864.99,867.34,868.71,868.76,868.50,868.45,868.54,868.87,869.09,869.99,871.10,872.29,873.55,874.80,876.04,877.27,878.63,880.08,880.99,881.97,883.24,884.57,885.79,886.70,887.56,889.04,889.90,890.51,891.80,893.85,895.43,897.19,898.51,899.30,899.85,900.91,902.31,903.74,904.99,906.24,907.60,908.85,910.18,910.97,911.50,912.92,914.57,916.21,917.85,919.49,920.69,921.56,922.78,923.81,924.74,925.84,927.28,928.82,929.85,931.36,933.20,934.93,936.49,938.25,939.87,940.96,942.25,943.50,944.78,946.20,947.57,948.96,950.46,951.60,952.62,953.78,955.45,957.15,958.75,960.30,960.48,962.16,964.07,966.61,968.90,970.50,975.00,979.41,980.27,980.63,980.97,981.13,982.43,984.80,987.05,988.83,990.24,990.69,991.77,992.85,994.64,996.88,998.58,999.92,1000.55,1001.39,1003.11,1005.14,1007.15,1009.13,1010.35,1011.17,1013.37,1015.91,1017.61,1018.42,1018.68,1018.54,1019.28,1020.74,1022.21,1023.80,1025.41,1027.05,1028.68,1030.60,1032.06,1033.28,1034.49,1035.69,1036.78,1037.71,1039.49,1041.89,1044.59,1046.50,1048.59,1050.94,1053.67,1056.38,1058.36,1059.95,1060.66,1062.01,1064.14,1065.63,1067.00,1068.34,1069.67,1070.92,1073.49,1076.61,1078.93,1080.72,1081.53,1082.35,1083.68,1085.32,1086.72,1087.99,1089.27,1090.75,1091.96,1092.99,1094.85,1097.03,1098.82,1099.99,1100.11,1100.25,1101.54,1103.49,1105.93,1107.51,1108.64,1110.84,1112.88,1115.02,1117.07,1119.18,1121.29,1123.34,1125.35,1127.22,1129.03,1130.55,1131.63,1133.18,1135.01,1136.80,1138.45,1140.46,1143.74,1147.19,1150.45,1153.03,1155.47,1157.99,1159.84,1160.58,1160.88,1161.89,1164.42,1166.88,1168.72,1169.96,1171.71,1174.02,1176.28,1178.59
817.34,822.94,825.84,827.27,828.26,829.17,830.10,831.63,833.51,837.15,839.51,838.27,835.03,832.51,833.18,836.27,839.76,840.13,840.23,840.35,840.50,840.62,841.33,842.41,843.32,844.00,844.40,845.30,847.24,849.35,850.27,850.40,850.56,851.25,851.92,852.91,853.89,854.83,855.77,856.79,857.84,858.95,860.35,862.94,864.78,866.22,867.90,869.59,869.97,869.98,869.84,869.76,869.81,869.99,870.10,870.44,871.00,872.15,873.46,874.78,876.08,877.37,878.63,879.95,880.92,882.08,883.42,884.76,886.09,887.31,888.18,888.80,889.53,890.61,892.35,894.37,896.18,898.04,899.48,900.03,900.65,901.64,902.63,903.87,905.23,906.50,907.73,908.83,910.20,911.77,912.34,913.25,914.86,916.50,918.09,919.55,920.80,921.84,922.89,923.85,924.80,925.84,927.05,928.12,929.49,931.39,932.84,934.44,935.88,937.63,939.37,940.70,941.91,943.12,944.41,945.77,947.08,948.50,950.10,951.11,952.08,953.24,954.92,956.68,958.51,960.07,959.95,961.52,963.37,965.58,967.03,968.85,973.14,977.11,978.44,979.77,980.25,981.50,982.81,984.43,985.95,987.20,987.88,988.46,989.23,990.49,993.04,995.32,996.81,997.77,998.57,1000.03,1001.62,1005.10,1008.03,1010.12,1011.73,1013.01,1014.60,1016.58,1018.37,1019.89,1020.34,1020.34,1021.15,1022.51,1023.84,1025.16,1026.74,1028.79,1029.32,1030.84,1032.50,1034.16,1035.65,1036.95,1038.18,1039.05,1039.89,1042.97,1046.54,1048.58,1049.51,1051.72,1054.28,1056.80,1058.65,1060.23,1061.67,1062.45,1063.02,1063.96,1066.18,1068.50,1070.30,1072.83,1074.78,1076.81,1078.53,1079.62,1079.84,1081.15,1083.13,1084.78,1085.97,1087.01,1088.23,1089.72,1090.20,1091.07,1093.43,1095.87,1097.85,1099.48,1100.13,1100.47,1101.98,1104.54,1107.30,1109.56,1110.37,1112.15,1114.35,1116.52,1118.66,1120.30,1121.62,1123.58,1125.64,1127.49,1129.05,1130.63,1132.32,1133.81,1135.41,1137.11,1138.68,1140.79,1143.87,1146.79,1149.86,1152.40,1154.64,1156.51,1158.03,1158.78,1159.45,1160.85,1163.91,1166.06,1168.25,1169.92,1171.10,1173.37,1175.65,1177.87
808.17,811.54,814.23,817.01,819.16,820.47,822.41,824.24,826.08,828.88,831.53,831.28,828.98,830.61,831.42,835.77,839.71,839.99,840.03,840.03,840.09,839.51,840.76,841.78,842.27,842.44,842.29,843.02,845.15,847.32,848.73,848.41,849.22,850.28,850.94,852.00,853.05,854.20,855.42,856.66,857.88,859.11,860.60,862.62,863.73,865.17,866.94,868.25,869.08,869.52,869.81,870.03,870.17,870.25,870.27,870.46,870.72,871.97,873.29,874.61,875.92,877.22,878.53,879.82,880.96,882.27,883.62,884.95,886.29,887.62,888.81,889.41,890.15,891.03,892.40,894.30,896.20,898.17,899.65,899.92,900.67,901.84,903.07,904.17,905.38,906.60,907.72,908.81,910.08,911.65,912.90,913.81,915.15,916.69,918.00,919.23,920.32,921.37,922.54,923.62,924.66,925.76,926.87,928.23,929.54,930.46,931.95,933.59,935.17,936.87,938.49,940.13,941.47,942.69,943.95,945.25,946.55,948.00,949.64,950.63,951.62,952.73,954.37,956.01,957.65,958.94,959.55,961.40,962.97,964.65,966.22,968.07,970.88,973.51,975.31,977.04,978.59,979.95,981.02,982.64,983.80,984.96,986.34,987.78,988.79,990.22,991.92,993.41,994.73,996.01,997.36,998.58,1000.45,1004.52,1007.87,1009.56,1010.67,1012.27,1013.96,1015.79,1017.68,1019.68,1021.31,1022.19,1023.30,1024.56,1025.92,1027.36,1028.70,1030.59,1031.17,1032.22,1033.53,1035.01,1036.53,1037.83,1039.10,1040.63,1041.51,1044.46,1048.11,1050.57,1051.67,1053.33,1054.61,1055.79,1058.02,1059.82,1060.26,1060.19,1060.07,1061.40,1064.38,1067.43,1070.24,1072.43,1073.99,1075.43,1076.92,1077.86,1078.77,1081.10,1082.67,1083.59,1084.29,1085.17,1086.32,1087.40,1088.09,1089.93,1092.50,1094.28,1096.07,1097.90,1100.00,1100.66,1102.80,1105.42,1108.01,1110.35,1112.08,1113.76,1115.56,1117.77,1119.72,1121.17,1122.38,1123.91,1125.24,1126.76,1128.23,1129.74,1131.23,1132.61,1134.52,1136.62,1138.28,1140.46,1144.42,1147.86,1148.82,1151.25,1152.89,1154.75,1156.23,1157.64,1159.85,1161.15,1163.26,1165.20,1167.45,1169.67,1170.49,1172.34,1174.38,1176.57
804.84,807.09,808.26,809.81,813.60,815.71,817.23,818.50,819.05,819.64,820.72,823.88,824.65,825.75,828.38,831.53,833.73,835.00,836.03,835.87,836.02,836.39,839.42,840.70,840.97,841.07,840.49,840.76,842.36,843.94,845.37,845.71,847.68,849.17,850.59,851.80,853.11,854.44,855.71,857.00,858.05,858.79,859.59,860.72,861.49,863.18,865.23,866.46,867.47,868.20,868.61,869.20,869.89,870.05,869.84,869.88,870.51,871.80,873.07,874.38,875.65,876.96,878.26,879.72,881.02,882.35,883.67,885.00,886.33,887.65,889.01,890.30,891.50,892.22,892.77,893.75,895.37,897.27,898.39,898.81,899.73,901.03,902.47,903.91,904.66,905.97,907.50,908.75,909.94,911.27,912.60,913.85,915.45,917.07,918.34,918.82,919.70,920.78,921.75,922.71,923.79,925.10,926.38,928.06,929.63,930.73,931.74,933.17,935.02,936.70,938.28,939.84,941.14,942.28,943.23,944.51,945.64,947.33,949.55,950.64,951.45,952.20,954.31,956.43,958.19,959.40,959.99,961.62,963.33,965.04,966.88,968.79,970.36,972.38,974.22,976.13,977.54,978.62,979.90,981.39,983.14,985.25,987.53,989.41,990.09,990.79,992.15,993.75,995.49,997.30,998.92,999.61,1000.70,1004.31,1007.28,1008.09,1008.79,1010.20,1012.02,1013.97,1016.11,1018.57,1020.63,1022.50,1023.59,1024.94,1026.61,1028.28,1029.76,1030.93,1031.94,1032.90,1033.99,1035.33,1036.71,1037.86,1039.03,1041.43,1043.88,1046.02,1048.31,1049.82,1050.84,1051.55,1051.56,1053.29,1055.67,1057.29,1057.03,1057.42,1057.78,1060.31,1063.23,1066.29,1068.98,1070.97,1072.45,1073.83,1075.19,1076.07,1077.88,1080.26,1080.99,1081.54,1082.23,1083.19,1084.22,1085.24,1086.57,1088.66,1090.77,1091.75,1093.80,1096.47,1099.67,1100.53,1102.21,1104.68,1106.83,1108.45,1110.34,1111.76,1113.31,1116.13,1118.80,1119.93,1121.35,1122.48,1123.72,1125.38,1126.92,1128.39,1129.57,1131.37,1133.67,1135.93,1137.72,1139.60,1142.82,1147.74,1148.39,1149.55,1150.94,1153.05,1154.89,1156.80,1159.07,1160.88,1162.76,1164.62,1166.57,1168.81,1170.15,1171.32,1173.08,1175.25
801.99,804.19,806.02,808.24,810.43,812.39,814.01,815.58,816.79,817.16,817.51,819.83,820.61,820.92,823.14,826.16,827.56,828.17,828.87,829.73,830.43,831.47,833.71,835.39,837.10,838.32,837.75,838.17,839.10,840.73,843.22,846.50,847.83,849.35,850.75,852.14,853.49,854.76,855.78,856.53,857.07,857.59,858.25,859.07,859.95,862.13,863.84,864.86,865.89,866.69,867.29,868.09,868.99,869.43,869.45,869.52,870.28,871.51,872.80,874.06,875.36,876.65,878.08,879.49,880.68,881.90,883.21,884.53,885.85,887.19,888.78,890.19,891.61,893.49,894.26,894.74,895.33,896.44,897.56,898.88,899.91,901.11,902.42,903.00,903.26,904.47,906.25,907.99,909.50,910.68,911.64,912.95,915.59,917.99,919.17,918.74,919.12,919.60,920.77,921.77,922.97,924.43,925.95,927.91,929.47,930.87,931.57,933.33,935.36,937.06,938.80,939.88,940.92,941.80,942.39,943.46,944.42,946.24,949.24,950.55,951.15,951.48,953.53,955.95,958.31,960.07,960.61,962.16,963.68,965.45,967.43,969.16,970.40,972.09,973.69,975.41,976.69,977.88,979.85,981.89,983.84,985.89,988.15,990.10,991.33,992.38,993.62,995.02,996.65,998.20,999.66,1001.29,1002.30,1004.83,1005.74,1006.24,1007.07,1008.33,1010.33,1012.60,1014.92,1017.43,1019.80,1020.92,1021.33,1022.67,1024.68,1026.58,1028.54,1030.19,1030.56,1031.53,1033.23,1034.97,1036.32,1037.50,1038.92,1041.11,1043.47,1045.55,1047.06,1047.79,1048.25,1048.46,1048.91,1050.59,1051.78,1053.84,1053.11,1053.67,1056.04,1060.37,1062.30,1064.72,1067.26,1069.81,1071.13,1072.39,1073.58,1074.70,1076.10,1077.88,1079.11,1079.82,1080.74,1082.08,1083.38,1084.73,1086.58,1088.64,1089.76,1090.99,1093.30,1096.34,1099.17,1100.44,1101.39,1102.77,1104.16,1105.85,1107.90,1109.07,1110.61,1113.12,1115.82,1117.64,1119.75,1120.73,1122.28,1123.96,1125.55,1127.09,1129.03,1131.22,1133.19,1135.15,1137.13,1138.71,1141.26,1147.71,1148.64,1150.14,1151.59,1153.32,1154.99,1157.04,1159.26,1161.38,1163.30,1165.17,1167.11,1169.22,1170.57,1171.61,1172.65,1174.30
800.23,803.05,805.74,807.80,809.13,809.85,811.14,812.79,814.42,814.67,815.02,816.27,816.79,817.48,818.85,821.01,823.60,824.21,825.13,826.84,827.56,828.17,828.36,828.51,830.57,834.16,834.52,835.78,837.39,839.33,844.95,849.33,849.86,850.44,851.30,852.49,853.54,854.08,854.51,855.11,855.75,856.67,857.92,858.74,859.80,861.39,862.37,863.34,864.30,865.19,866.14,867.15,868.08,868.51,868.83,869.35,870.22,871.29,872.47,873.76,875.03,876.41,877.78,878.99,880.25,881.48,882.69,883.99,885.32,886.81,888.28,889.37,891.16,893.56,895.54,896.31,896.79,897.19,897.96,899.68,901.45,901.56,901.39,901.55,901.82,902.95,904.69,906.38,908.00,909.31,910.19,912.85,914.71,917.31,918.97,918.99,918.95,919.75,920.73,921.61,922.81,923.94,925.41,928.04,929.82,930.18,931.29,933.46,935.63,937.48,939.26,940.04,940.47,941.19,941.37,942.16,943.17,945.07,948.50,950.39,950.55,950.77,952.64,955.05,957.68,960.08,960.96,962.29,963.68,965.46,967.81,969.73,970.44,971.72,973.20,974.76,976.26,978.15,980.25,982.47,984.41,986.25,988.03,989.67,990.85,992.17,993.56,995.15,996.80,998.25,999.62,1001.52,1002.86,1003.55,1003.89,1004.70,1006.44,1008.52,1010.27,1012.33,1014.29,1016.75,1018.51,1018.92,1019.33,1021.06,1023.39,1025.74,1027.64,1028.74,1029.19,1031.15,1033.05,1034.49,1035.87,1037.28,1038.80,1040.61,1042.56,1044.26,1044.92,1045.30,1045.61,1045.75,1046.43,1047.61,1049.33,1050.39,1050.19,1053.02,1056.59,1059.24,1061.26,1064.22,1067.34,1070.21,1071.19,1072.25,1073.35,1074.62,1076.16,1078.05,1080.01,1080.50,1081.50,1082.78,1084.13,1085.59,1087.39,1090.12,1092.12,1093.24,1095.18,1097.67,1100.05,1100.76,1101.71,1102.62,1103.57,1104.68,1106.22,1107.88,1109.32,1111.07,1113.29,1115.55,1117.49,1119.58,1121.34,1122.94,1124.50,1126.45,1128.38,1130.02,1131.70,1133.69,1136.28,1138.76,1140.82,1145.02,1147.04,1149.62,1151.50,1152.99,1155.24,1157.52,1159.74,1161.96,1164.06,1166.04,1168.06,1169.87,1170.92,1171.94,1172.98,1174.11
798.15,803.30,806.71,807.63,808.33,808.99,809.52,810.58,812.33,812.09,811.92,812.34,813.07,814.45,816.13,818.44,820.15,820.54,822.46,824.22,824.98,825.56,825.77,826.60,829.17,831.29,832.95,834.92,836.93,838.79,842.70,846.62,848.55,850.22,851.19,851.89,852.14,852.43,853.00,854.07,855.60,857.36,858.97,859.81,860.19,861.13,862.17,863.08,863.95,864.69,865.46,866.39,867.25,868.07,868.82,869.49,870.24,871.30,872.39,873.51,874.72,875.96,877.11,878.25,879.50,880.86,882.15,883.47,884.85,886.20,887.53,889.04,891.41,893.96,896.39,897.72,898.39,898.67,898.78,900.06,901.90,900.58,899.63,899.87,900.35,901.38,903.03,904.65,906.23,907.53,909.80,910.97,911.04,914.86,918.68,918.94,918.98,919.69,920.59,921.26,922.26,923.31,924.76,927.27,928.52,929.10,931.71,933.67,934.80,935.69,937.06,937.92,939.13,940.45,940.48,940.83,942.04,944.00,947.02,948.82,949.42,950.16,951.88,954.35,957.38,959.97,960.91,962.21,963.66,965.42,967.76,969.81,970.34,971.46,972.93,974.37,976.14,978.29,980.41,982.16,983.32,985.08,986.82,988.36,989.36,991.04,992.79,994.68,996.38,997.91,999.46,1000.50,1000.72,1001.36,1002.87,1004.69,1006.68,1008.90,1010.68,1012.21,1013.68,1015.28,1016.37,1017.46,1018.76,1020.76,1023.16,1025.00,1026.02,1026.94,1028.10,1030.51,1031.73,1032.95,1034.28,1035.80,1037.36,1039.20,1041.20,1041.94,1042.59,1042.92,1043.69,1044.73,1045.83,1046.78,1048.11,1050.01,1052.15,1056.26,1060.48,1061.63,1062.89,1065.57,1067.99,1070.08,1071.35,1072.52,1073.61,1074.98,1076.68,1078.60,1080.17,1081.18,1082.35,1083.62,1084.98,1086.63,1088.24,1090.15,1092.71,1094.88,1096.89,1098.87,1100.24,1101.10,1102.03,1102.86,1103.82,1104.89,1106.08,1107.36,1108.54,1109.98,1112.18,1114.39,1116.60,1118.88,1120.74,1122.26,1123.60,1125.33,1126.73,1127.83,1129.83,1132.26,1135.12,1137.95,1139.74,1141.55,1144.53,1148.80,1150.94,1152.37,1154.75,1157.47,1160.02,1162.37,1164.46,1166.63,1168.77,1170.39,1171.32,1172.13,1173.23,1174.47
801.31,804.20,807.81,808.39,808.05,808.42,808.73,809.43,810.27,810.02,809.86,809.78,810.19,811.73,814.60,817.10,817.96,818.50,820.12,821.59,822.46,822.98,823.79,825.46,828.25,831.36,833.24,834.99,836.53,837.85,838.91,839.84,842.21,847.25,849.41,850.33,850.45,850.97,852.28,855.13,857.48,858.97,859.85,861.37,861.91,862.84,863.92,864.81,865.64,866.13,866.30,866.85,867.63,868.49,869.39,870.02,870.99,871.77,872.72,873.75,874.80,875.88,876.97,878.08,879.27,880.86,882.49,884.18,885.73,887.09,888.31,889.77,892.29,894.82,897.15,898.60,899.97,901.03,902.56,901.99,899.70,897.09,896.71,897.94,899.24,900.21,901.65,903.19,904.56,905.95,907.73,908.41,909.19,911.27,918.00,919.14,919.02,919.69,920.34,920.74,921.68,922.71,924.10,926.06,926.94,928.49,931.32,931.56,931.63,931.99,933.48,934.68,936.61,938.72,939.45,941.31,945.94,948.83,949.67,950.34,950.90,951.81,953.00,954.45,957.01,959.80,960.72,962.14,963.66,965.37,967.57,969.29,970.24,971.36,972.75,974.18,975.55,977.58,979.03,980.12,981.42,983.65,985.41,987.01,988.92,990.48,992.39,994.25,995.98,997.46,998.92,999.40,999.67,1001.00,1003.70,1005.16,1006.71,1008.77,1010.50,1011.84,1013.10,1014.25,1015.45,1017.02,1018.68,1020.58,1022.34,1023.60,1024.56,1025.39,1026.54,1028.51,1029.58,1030.84,1032.19,1033.72,1035.31,1037.33,1039.63,1040.09,1041.35,1043.21,1045.26,1046.69,1047.48,1048.42,1050.14,1052.36,1055.13,1058.66,1061.30,1063.06,1064.68,1066.57,1068.41,1070.08,1071.45,1072.76,1073.90,1075.45,1077.39,1079.35,1080.82,1082.04,1083.21,1084.45,1085.99,1087.71,1089.39,1091.02,1092.85,1095.24,1097.29,1099.14,1100.49,1101.35,1102.26,1103.11,1104.07,1105.17,1106.58,1108.16,1108.92,1110.07,1112.01,1114.07,1116.12,1118.30,1120.18,1121.58,1122.96,1124.40,1126.04,1127.59,1129.16,1131.57,1134.59,1137.35,1138.66,1139.72,1142.82,1147.07,1149.95,1151.84,1154.15,1156.86,1159.41,1161.28,1163.20,1165.52,1168.32,1170.34,1171.02,1171.55,1172.76,1174.14
809.37,808.05,809.55,809.30,808.70,808.60,808.39,808.76,809.14,809.28,809.26,809.23,809.59,810.87,814.04,815.40,816.06,816.75,817.86,818.82,819.89,821.03,822.18,824.02,827.70,830.66,832.30,833.94,835.07,836.10,836.88,837.50,839.65,843.29,844.87,847.26,848.83,850.20,852.95,856.23,859.38,860.48,861.04,862.68,863.76,864.73,865.75,866.66,867.40,867.61,867.67,868.10,868.58,869.22,870.08,870.93,871.90,872.74,873.56,874.40,875.32,876.38,877.54,878.76,880.24,882.14,884.04,885.78,887.54,888.92,890.01,891.60,894.26,895.67,897.62,899.01,900.23,899.25,895.77,892.11,892.95,894.84,900.37,900.45,901.51,901.35,902.41,903.83,905.15,907.62,909.56,911.01,911.21,912.01,917.28,919.45,919.65,919.67,919.90,920.26,921.30,922.28,923.46,924.72,925.59,927.41,928.98,929.51,930.18,932.10,934.54,936.74,939.32,941.56,941.97,945.88,950.19,951.74,952.80,953.03,953.06,953.90,954.98,956.45,959.32,959.78,960.95,962.71,964.27,965.64,967.65,969.87,970.95,971.93,972.92,974.09,975.37,977.62,979.32,980.17,980.95,982.47,984.30,986.43,989.12,990.39,991.99,993.82,995.57,997.05,998.53,999.87,1000.96,1002.77,1004.60,1005.88,1007.64,1009.34,1009.87,1011.12,1012.46,1013.63,1014.75,1016.25,1017.96,1019.58,1020.80,1022.16,1023.13,1024.02,1025.34,1027.18,1029.11,1030.76,1032.14,1033.50,1035.03,1037.42,1039.78,1040.55,1042.98,1045.43,1047.61,1048.92,1049.37,1050.59,1052.28,1054.63,1056.72,1059.49,1061.53,1063.34,1065.17,1066.81,1068.46,1070.13,1071.51,1072.88,1074.22,1075.93,1077.65,1079.34,1080.98,1082.45,1083.86,1085.22,1086.72,1088.14,1089.63,1092.16,1093.71,1095.65,1097.51,1099.20,1100.57,1101.60,1102.49,1103.36,1104.33,1105.55,1107.24,1108.99,1110.09,1110.51,1111.84,1113.72,1115.71,1117.85,1120.11,1121.59,1122.91,1124.33,1126.19,1128.06,1129.86,1132.33,1134.92,1136.87,1138.23,1139.37,1141.64,1145.25,1148.44,1151.19,1153.56,1155.96,1157.87,1159.63,1161.48,1163.61,1166.39,1168.95,1170.22,1170.93,1172.27,1173.85
818.11,818.21,817.38,811.23,809.06,807.82,807.37,807.74,808.26,808.62,808.68,808.88,809.58,810.98,812.73,813.91,814.50,814.90,815.12,815.69,816.54,818.43,820.15,821.75,825.08,828.72,831.11,832.01,832.98,834.15,834.84,836.15,838.12,839.13,841.57,844.88,847.63,849.48,851.58,855.60,859.96,860.91,861.61,862.26,863.78,865.70,867.33,868.51,869.12,869.01,869.04,869.32,869.64,870.10,870.86,871.84,872.73,873.57,874.42,875.27,876.13,877.06,877.97,878.99,880.43,882.87,885.21,887.21,889.09,890.55,891.60,891.96,891.85,893.53,896.63,897.14,895.32,891.78,888.40,890.85,892.35,897.54,902.03,902.84,903.58,904.06,904.82,906.42,908.37,911.10,913.04,914.25,915.14,915.63,919.00,921.15,921.64,921.34,921.01,922.65,927.60,927.93,928.44,929.80,930.45,932.65,934.25,935.20,937.06,939.64,940.46,941.02,941.59,943.55,944.42,947.19,950.29,951.74,953.47,954.90,955.31,955.72,957.04,958.21,960.75,962.14,962.87,964.36,965.76,967.01,969.25,970.99,971.97,972.94,974.14,976.30,978.28,980.63,981.64,982.36,982.91,983.63,984.64,986.22,988.54,990.16,991.56,993.37,995.15,996.75,998.62,1000.27,1001.75,1003.88,1005.81,1007.13,1009.04,1010.20,1010.56,1011.16,1012.03,1013.07,1014.12,1015.37,1016.80,1018.32,1019.98,1020.77,1021.76,1023.41,1025.86,1028.00,1029.91,1031.48,1032.78,1034.08,1035.40,1037.26,1039.58,1041.01,1043.88,1046.83,1049.54,1051.02,1052.02,1053.27,1054.92,1056.88,1058.84,1060.58,1062.01,1063.67,1065.46,1067.05,1068.66,1070.22,1071.63,1073.01,1074.54,1076.23,1077.45,1078.95,1080.83,1082.29,1083.73,1085.14,1086.58,1088.02,1089.52,1091.56,1093.69,1095.88,1097.60,1099.21,1100.58,1101.71,1102.70,1103.61,1104.61,1106.12,1107.88,1109.49,1110.42,1111.70,1112.95,1113.99,1115.47,1117.52,1120.16,1121.60,1122.86,1124.26,1126.03,1127.96,1129.91,1132.76,1135.06,1136.67,1138.13,1139.43,1141.57,1144.67,1147.79,1150.64,1152.91,1154.87,1156.66,1158.37,1159.81,1161.56,1163.94,1166.44,1168.65,1170.45,1172.20,1173.99
821.79,822.83,821.25,812.22,808.34,806.99,806.35,806.81,807.39,807.88,808.15,808.63,809.24,809.89,811.29,812.42,813.05,813.53,814.24,815.43,816.44,817.44,818.26,819.87,823.17,826.29,828.68,829.74,831.06,832.24,832.88,834.10,835.68,838.21,841.46,844.30,846.56,847.95,848.77,851.15,856.80,859.03,859.78,860.51,862.12,863.98,866.32,868.84,870.00,870.07,870.11,870.23,870.48,870.94,871.68,872.56,873.50,874.32,875.19,876.04,876.92,877.78,878.71,879.67,881.20,883.19,885.02,887.16,888.90,889.57,889.32,888.55,889.57,892.70,894.49,892.27,888.98,887.07,890.44,894.71,898.03,899.77,902.23,904.42,905.76,906.50,906.95,908.84,910.66,911.82,913.75,916.39,918.60,919.42,920.33,921.96,923.49,923.71,923.74,925.18,929.91,931.60,932.09,932.21,932.64,935.98,939.55,940.29,940.89,941.89,942.65,943.15,943.38,944.72,947.01,947.51,949.42,951.36,953.22,955.07,956.77,957.57,958.52,960.06,961.09,962.62,964.34,965.88,967.28,968.56,969.94,971.52,972.92,974.23,976.38,978.87,981.00,982.34,983.37,984.32,985.07,985.90,986.91,988.19,989.90,990.50,991.81,993.45,995.35,996.94,998.50,1000.10,1002.01,1004.30,1006.59,1008.45,1009.71,1010.87,1011.49,1012.09,1012.81,1013.72,1014.56,1015.36,1016.16,1017.65,1019.59,1019.88,1021.79,1024.93,1027.76,1029.14,1030.63,1032.09,1033.44,1034.73,1035.92,1037.15,1039.13,1041.26,1043.92,1046.60,1049.00,1050.31,1051.98,1054.18,1055.89,1057.75,1059.56,1061.40,1062.96,1064.34,1065.78,1067.35,1068.97,1070.44,1071.79,1073.15,1074.67,1076.97,1078.78,1079.69,1080.99,1082.44,1083.88,1085.31,1086.71,1088.06,1089.45,1091.48,1093.85,1096.12,1097.80,1099.36,1100.62,1101.73,1102.83,1103.86,1105.04,1106.66,1108.07,1109.34,1110.43,1112.82,1114.80,1115.69,1116.86,1118.25,1119.47,1121.31,1122.84,1124.22,1125.87,1127.73,1129.62,1132.30,1134.62,1136.35,1138.02,1139.49,1142.03,1145.17,1148.25,1150.57,1152.13,1153.85,1155.54,1157.05,1158.57,1160.32,1162.65,1165.22,1168.38,1170.61,1172.35,1174.20
822.42,821.49,814.11,808.86,806.92,805.83,807.16,808.84,809.15,809.16,809.56,812.61,814.25,812.96,812.71,812.55,813.83,815.53,816.04,816.52,817.39,818.72,819.87,819.25,820.55,823.41,826.12,827.66,829.16,830.22,831.07,832.11,834.36,838.66,841.58,843.83,845.28,845.95,846.61,847.65,850.18,853.24,855.36,857.89,860.21,861.80,864.17,866.31,868.34,869.52,870.13,870.47,870.79,871.48,872.26,873.07,873.88,874.63,875.39,876.14,877.05,877.88,878.66,879.43,879.82,880.57,882.86,885.65,887.35,887.16,886.66,887.24,890.07,892.03,889.92,886.20,885.06,888.92,893.07,897.02,900.34,901.64,902.86,905.03,907.01,908.37,908.87,910.11,912.10,913.63,914.65,916.20,918.55,920.25,921.86,923.15,924.53,925.63,926.43,927.29,929.59,931.66,933.34,934.16,934.38,935.61,938.41,939.81,940.85,942.59,944.19,945.16,945.49,945.77,948.51,950.16,951.62,952.74,953.84,955.21,956.83,958.58,959.95,961.57,962.50,963.34,964.50,966.20,968.01,969.71,971.29,972.66,974.06,975.54,977.02,978.96,981.27,982.64,983.89,985.10,986.27,987.46,988.66,989.92,991.72,992.92,993.86,995.00,996.91,998.38,999.00,1000.22,1002.39,1004.68,1006.97,1009.28,1010.79,1011.59,1012.46,1013.07,1013.93,1014.95,1015.87,1016.49,1016.96,1017.79,1019.62,1020.75,1022.28,1026.00,1029.72,1031.18,1032.10,1032.95,1034.12,1035.30,1036.47,1037.66,1038.88,1040.59,1042.71,1045.09,1047.14,1049.06,1050.77,1052.68,1054.62,1056.57,1058.89,1061.35,1063.17,1064.96,1066.58,1067.98,1069.45,1070.73,1071.97,1073.31,1074.78,1077.09,1079.49,1081.01,1082.14,1083.45,1084.87,1086.31,1087.76,1089.27,1090.58,1092.27,1094.28,1096.36,1097.93,1099.37,1100.67,1101.79,1102.91,1104.05,1105.34,1106.55,1107.67,1108.89,1110.79,1113.84,1116.54,1117.51,1118.50,1119.83,1120.21,1121.03,1122.63,1124.23,1125.96,1127.69,1129.24,1131.41,1134.12,1136.07,1137.93,1139.82,1142.75,1146.06,1149.15,1150.99,1152.29,1153.70,1155.40,1156.74,1158.24,1160.41,1162.40,1164.43,1168.03,1170.91,1172.46,1174.24
816.85,814.55,809.34,807.30,805.46,804.88,806.75,808.31,809.19,810.35,812.75,816.94,825.40,828.41,826.50,822.45,819.36,818.77,818.52,818.00,818.29,819.45,822.42,821.91,820.67,821.73,824.07,825.51,826.78,827.51,828.71,830.16,832.73,836.77,840.88,842.69,843.51,844.06,844.63,845.51,847.62,849.49,852.45,856.42,858.85,859.79,861.08,862.49,864.73,866.57,868.01,869.39,870.47,871.26,871.98,872.51,872.90,873.41,874.11,874.94,876.10,877.12,877.91,878.31,878.22,879.25,881.70,884.31,885.25,884.76,884.26,886.29,889.20,887.92,881.81,885.05,889.57,891.81,893.76,896.89,900.43,902.40,903.93,905.70,907.54,909.26,910.75,911.74,913.28,915.02,916.47,917.48,918.46,920.08,921.83,923.52,925.30,926.69,927.82,929.10,930.45,931.83,933.44,935.10,936.17,936.50,937.37,939.09,940.87,942.78,944.79,946.21,947.37,947.94,948.54,949.97,952.09,953.87,955.15,956.34,957.51,958.83,960.59,962.27,963.78,964.86,965.73,966.62,968.00,969.93,972.03,973.83,975.47,977.08,978.60,979.76,981.09,982.48,983.81,985.04,986.26,987.46,988.73,990.12,992.04,994.00,995.68,996.89,998.50,1000.10,1000.48,1000.95,1002.89,1005.10,1007.30,1009.59,1011.74,1012.71,1013.38,1014.13,1015.13,1016.19,1017.16,1017.72,1018.02,1019.01,1021.15,1023.06,1023.94,1025.20,1028.40,1031.37,1033.56,1034.87,1035.55,1036.38,1037.70,1039.03,1039.43,1040.42,1042.51,1045.17,1048.26,1050.59,1052.10,1053.58,1055.09,1056.48,1058.63,1061.20,1062.99,1064.82,1066.74,1068.61,1070.04,1071.05,1072.23,1073.48,1074.89,1077.11,1079.42,1081.51,1083.00,1084.30,1085.65,1087.11,1088.44,1089.84,1091.63,1093.13,1094.44,1096.14,1097.80,1099.31,1100.70,1101.94,1103.10,1104.26,1105.55,1107.05,1108.44,1109.68,1111.81,1114.98,1117.96,1119.32,1119.65,1120.12,1121.33,1122.35,1123.63,1125.20,1127.16,1129.10,1130.53,1131.82,1133.68,1135.72,1137.86,1140.20,1143.39,1146.72,1149.71,1151.19,1152.28,1154.13,1156.25,1157.74,1159.02,1160.54,1162.45,1164.33,1167.38,1171.06,1172.66,1174.33
807.35,807.00,806.91,805.88,804.34,803.80,804.20,804.72,804.96,805.58,807.68,812.83,823.15,832.11,833.95,833.98,832.30,827.29,823.36,820.11,819.16,821.84,825.20,827.25,825.62,822.90,822.66,823.54,824.44,824.98,825.99,827.86,830.05,832.64,838.62,840.93,841.71,842.30,843.07,846.02,848.11,849.52,852.34,855.62,857.52,858.00,858.40,859.47,861.59,863.13,865.14,867.97,870.10,870.47,870.93,871.38,871.70,872.04,872.75,873.81,875.00,876.18,876.93,876.86,876.73,878.52,881.04,883.17,882.96,882.41,882.01,882.54,883.83,881.55,881.51,888.35,892.45,894.85,896.79,897.90,900.41,902.34,904.15,905.94,907.71,909.37,911.28,912.71,914.24,915.86,917.36,918.81,919.78,920.84,922.31,923.88,925.57,926.99,928.30,929.60,931.12,932.49,933.91,935.45,936.91,938.03,938.74,940.74,942.38,943.68,945.17,946.66,947.95,949.27,950.45,950.90,952.16,953.79,955.43,956.66,957.75,958.86,960.02,961.53,963.50,965.47,967.05,968.11,968.85,970.04,971.92,973.88,975.82,977.71,979.53,980.97,981.53,982.45,983.72,984.96,986.19,987.49,988.77,990.21,992.12,993.93,995.83,998.13,999.74,1001.20,1002.32,1002.87,1004.06,1006.11,1008.14,1009.79,1011.72,1013.67,1014.64,1015.27,1016.32,1017.44,1018.41,1018.88,1018.96,1019.89,1021.72,1023.76,1025.86,1027.14,1028.08,1029.87,1032.63,1035.65,1037.43,1038.25,1038.77,1039.99,1041.09,1041.46,1043.10,1045.62,1048.72,1051.22,1053.21,1055.07,1056.74,1058.27,1059.52,1061.21,1062.90,1064.65,1066.46,1068.22,1069.95,1071.33,1072.53,1073.70,1075.03,1077.10,1078.91,1080.49,1081.94,1083.34,1084.89,1086.44,1087.97,1089.43,1090.92,1091.80,1093.52,1095.44,1097.23,1099.01,1100.57,1101.93,1103.25,1104.51,1105.76,1107.11,1108.69,1110.66,1113.78,1116.94,1119.78,1120.93,1121.26,1121.79,1122.85,1123.96,1125.26,1126.62,1128.30,1130.18,1131.51,1132.82,1134.24,1136.14,1138.18,1140.28,1143.02,1146.47,1149.77,1151.00,1152.45,1154.67,1156.84,1158.72,1160.12,1161.59,1163.22,1165.30,1168.37,1170.86,1172.67,1174.44
802.15,802.49,803.57,803.77,803.20,803.46,804.41,805.27,805.82,805.85,805.77,808.85,816.13,828.04,834.05,837.16,839.55,838.69,835.50,831.14,827.15,828.91,830.64,831.48,830.93,828.40,825.88,825.33,825.50,826.18,826.48,826.69,828.29,829.59,834.53,838.16,839.62,840.47,841.23,846.74,850.12,851.46,853.46,855.10,855.59,855.93,856.42,857.67,858.75,861.14,864.24,867.33,868.54,869.05,869.62,870.18,870.53,870.71,871.53,872.74,874.03,875.31,875.51,875.23,875.39,878.00,880.35,881.03,880.39,879.82,879.27,877.89,877.77,879.50,886.31,890.77,893.26,896.51,899.20,900.31,900.92,902.06,903.46,905.17,907.07,908.93,910.15,911.67,913.46,915.28,916.83,918.00,918.75,919.80,921.43,923.30,925.21,926.72,928.01,929.27,930.73,932.21,933.81,935.42,936.94,938.40,939.62,940.18,941.56,943.19,944.92,946.42,947.74,949.21,950.88,952.07,953.14,954.24,955.26,956.25,957.23,958.18,959.30,961.25,963.34,965.28,967.14,968.85,970.28,971.06,972.09,973.77,975.72,977.66,979.61,981.67,982.76,983.26,984.01,985.08,986.28,987.54,988.84,990.26,992.00,993.52,995.47,997.68,999.14,1000.62,1002.49,1004.00,1005.39,1007.00,1008.46,1009.80,1011.69,1013.77,1015.74,1016.66,1017.23,1018.31,1019.58,1019.98,1019.86,1021.05,1022.98,1025.02,1026.72,1028.53,1030.33,1031.11,1032.60,1035.45,1037.72,1039.82,1040.60,1041.09,1042.51,1043.24,1044.04,1046.09,1048.66,1051.27,1053.32,1055.40,1057.43,1059.45,1060.97,1062.20,1063.70,1065.27,1066.74,1068.37,1070.05,1071.40,1072.61,1073.89,1075.16,1076.67,1078.04,1079.37,1080.72,1082.26,1083.89,1085.44,1086.96,1088.30,1089.50,1090.98,1092.84,1094.76,1096.60,1098.55,1100.36,1101.86,1103.39,1105.33,1106.68,1107.68,1108.99,1110.86,1114.66,1117.77,1120.31,1121.79,1122.84,1123.66,1124.44,1125.61,1126.88,1128.17,1129.60,1130.91,1132.17,1133.50,1135.08,1136.92,1138.88,1140.85,1142.89,1145.41,1149.00,1150.89,1152.94,1155.16,1157.34,1159.51,1161.25,1162.78,1164.34,1165.99,1168.13,1170.46,1172.51,1174.78
799.39,799.66,800.66,801.70,802.51,803.96,805.22,806.35,807.07,807.06,806.26,806.65,810.37,817.94,830.22,834.55,838.98,840.65,841.24,839.78,839.33,838.72,837.44,836.65,835.27,833.27,830.83,829.31,828.38,828.38,828.30,827.63,827.79,829.52,832.39,834.51,836.46,837.50,838.03,839.42,843.83,849.99,852.67,853.02,853.51,853.89,854.48,855.55,857.39,860.64,863.71,865.91,866.58,867.04,867.72,868.44,868.87,869.38,870.76,872.20,873.62,874.34,873.93,873.60,873.65,875.65,876.66,876.86,875.92,874.72,873.69,874.73,878.28,883.59,889.34,892.38,894.37,897.13,899.53,901.47,902.37,903.25,904.12,905.05,906.25,907.63,909.71,911.37,912.84,914.54,915.88,916.99,918.38,920.30,922.05,923.54,924.89,926.14,927.41,928.70,930.10,931.78,933.44,935.06,936.61,938.04,938.82,939.76,941.38,942.93,944.58,946.09,947.60,949.15,950.50,951.25,952.33,953.36,954.32,955.38,956.40,957.37,959.09,961.20,963.17,965.04,966.95,968.83,970.72,972.40,973.42,974.26,975.66,977.49,979.44,981.39,983.25,984.51,985.06,985.68,986.67,987.83,988.94,990.23,991.72,993.27,994.96,996.48,997.95,999.79,1001.48,1003.38,1005.35,1007.10,1008.54,1009.89,1011.84,1014.01,1016.19,1017.95,1018.63,1019.14,1020.27,1022.11,1022.52,1023.25,1024.76,1027.10,1028.88,1029.88,1031.26,1033.03,1033.81,1035.32,1037.61,1040.14,1042.19,1042.90,1043.92,1045.05,1045.41,1047.07,1049.57,1051.52,1053.41,1055.48,1057.50,1059.58,1061.93,1063.33,1064.68,1066.13,1067.53,1068.92,1070.27,1071.31,1072.52,1073.83,1075.19,1076.50,1077.74,1078.97,1080.25,1081.52,1082.95,1084.45,1085.75,1086.92,1088.56,1090.95,1092.65,1094.66,1096.33,1098.09,1100.43,1102.21,1103.83,1106.20,1108.53,1109.72,1110.86,1112.35,1115.62,1118.26,1120.07,1121.53,1122.93,1124.28,1125.56,1126.82,1128.06,1129.26,1130.73,1131.94,1133.06,1134.25,1135.85,1137.64,1139.49,1141.43,1144.10,1146.39,1148.08,1150.52,1152.75,1155.04,1157.43,1159.92,1162.09,1163.86,1165.47,1167.03,1168.66,1170.70,1173.10,1175.47
798.48,799.24,799.90,800.68,802.49,805.23,806.66,807.51,808.29,808.42,807.44,806.35,808.05,811.70,821.05,831.69,835.24,838.50,841.88,842.89,842.53,842.08,841.39,840.61,839.89,837.94,836.11,836.04,833.88,831.92,830.84,829.92,828.86,829.37,829.96,831.52,833.17,834.04,834.55,835.50,836.74,840.69,847.13,850.61,851.48,851.90,852.61,853.90,856.80,860.07,862.72,864.03,864.52,865.05,865.77,866.47,867.02,868.80,870.62,871.82,872.92,872.96,872.37,871.97,871.52,871.97,871.92,871.86,871.08,870.76,873.94,878.06,880.76,883.95,889.47,892.45,894.80,897.19,899.59,901.48,902.81,904.07,905.20,906.26,907.23,908.17,909.90,911.47,912.75,914.05,915.51,917.02,918.52,920.19,921.73,922.96,924.14,925.42,926.84,928.40,930.01,931.53,933.03,934.73,936.27,937.44,938.39,939.53,940.84,942.39,943.89,945.42,946.98,948.40,949.34,950.32,951.40,952.60,953.71,954.71,955.69,956.82,959.04,961.06,962.94,964.80,966.74,968.55,970.18,972.15,974.15,975.60,976.55,977.58,979.14,981.03,983.04,985.06,986.37,986.91,987.41,988.27,989.60,991.06,992.72,994.39,995.88,997.51,999.16,1000.29,1001.45,1003.31,1005.25,1006.95,1008.58,1010.15,1012.22,1014.45,1016.81,1018.85,1020.07,1020.74,1021.83,1023.43,1025.24,1026.26,1027.11,1028.88,1031.13,1032.46,1033.12,1034.48,1035.79,1036.51,1037.89,1040.14,1042.46,1044.32,1045.56,1046.59,1047.20,1047.67,1049.93,1052.50,1054.06,1055.64,1057.49,1059.48,1061.41,1062.80,1064.24,1065.67,1067.12,1068.58,1070.02,1071.17,1072.47,1073.85,1075.24,1076.54,1077.77,1078.97,1080.20,1081.44,1082.81,1084.80,1086.46,1087.64,1088.60,1091.09,1093.01,1095.41,1097.74,1098.70,1100.49,1102.52,1104.32,1106.79,1109.28,1111.20,1112.71,1114.14,1116.28,1118.14,1119.76,1121.19,1122.57,1123.95,1125.32,1126.66,1127.99,1129.34,1131.01,1132.63,1134.07,1135.31,1136.40,1137.78,1139.62,1142.43,1145.43,1148.14,1149.59,1150.58,1152.41,1154.73,1157.07,1159.45,1161.70,1163.71,1165.76,1168.02,1169.70,1171.58,1173.84,1176.18
798.38,799.14,799.59,800.36,803.37,806.87,808.65,809.29,810.01,809.77,808.13,806.87,807.66,809.33,813.29,824.03,832.14,836.76,841.02,843.47,844.44,844.32,843.79,843.44,844.25,845.29,845.86,845.65,841.14,836.78,836.50,835.27,832.07,833.00,832.90,832.44,832.94,833.87,836.22,837.87,837.75,837.45,839.03,841.48,844.80,848.62,850.71,851.90,854.42,858.18,861.32,861.88,862.46,863.09,863.81,864.55,865.88,867.78,869.41,870.27,871.29,871.51,870.82,869.85,868.60,868.31,869.15,869.69,871.29,874.56,878.28,881.77,886.04,888.15,890.11,892.21,894.26,896.57,898.75,900.48,901.91,903.28,904.67,906.07,907.38,908.68,910.09,911.39,912.55,913.78,915.17,916.55,917.91,919.33,920.84,922.14,923.46,924.85,926.41,927.84,929.23,930.95,932.77,934.42,935.95,937.23,938.46,939.47,940.43,941.75,943.16,944.61,945.92,947.22,948.64,950.51,952.11,953.81,955.10,955.96,956.64,957.25,959.19,961.02,962.72,964.57,966.40,968.06,970.35,972.46,974.43,976.28,977.71,978.72,979.75,981.46,983.55,985.63,987.26,988.22,988.78,989.32,990.75,992.60,994.32,995.83,997.25,998.74,1000.29,1001.55,1002.52,1003.81,1005.38,1007.04,1008.81,1010.67,1012.82,1015.09,1017.52,1020.03,1021.48,1022.72,1023.89,1025.19,1026.87,1028.32,1029.59,1030.55,1032.16,1033.62,1034.88,1036.10,1037.32,1038.42,1039.25,1040.61,1042.68,1044.87,1046.74,1047.93,1048.82,1049.38,1050.20,1052.64,1055.17,1056.82,1058.13,1059.68,1061.13,1062.56,1063.98,1065.47,1066.96,1068.45,1069.87,1071.12,1072.51,1073.92,1075.31,1076.60,1077.84,1079.03,1080.20,1081.47,1083.27,1085.58,1087.93,1089.48,1089.85,1091.47,1093.49,1096.00,1098.92,1100.48,1101.30,1102.95,1104.82,1106.84,1108.93,1111.07,1112.96,1114.75,1116.46,1118.11,1119.73,1121.12,1122.43,1123.77,1125.07,1126.40,1127.72,1129.03,1130.53,1132.33,1134.12,1135.93,1137.42,1138.58,1140.07,1143.16,1146.54,1149.66,1151.29,1152.11,1153.10,1154.45,1156.26,1158.45,1160.68,1162.49,1164.24,1167.28,1170.31,1172.46,1174.48,1176.65
798.44,799.13,799.66,800.57,805.84,813.39,816.97,815.20,814.19,810.95,808.97,808.42,807.38,808.48,809.79,815.45,825.11,833.85,840.53,842.82,844.00,845.34,846.09,846.63,847.49,849.06,850.19,850.27,848.38,843.73,842.35,840.23,836.63,837.52,837.56,836.58,836.63,837.31,839.21,841.40,841.03,840.08,839.33,839.61,840.34,844.78,848.18,849.66,851.43,854.61,858.20,859.08,860.32,861.23,862.04,862.81,863.54,865.05,866.29,866.93,867.67,867.06,866.20,865.83,867.78,871.43,873.83,874.68,878.61,881.12,882.87,885.46,888.82,890.92,892.13,893.62,894.99,896.63,898.21,899.93,901.35,902.65,904.00,905.38,906.61,907.86,909.86,911.23,912.46,913.92,915.37,916.55,917.66,918.77,920.40,921.77,923.12,924.48,925.89,927.26,928.76,930.77,932.50,934.09,935.67,937.33,938.97,940.39,941.25,942.53,943.87,945.27,946.68,948.09,949.72,951.84,953.79,955.51,956.90,957.72,958.03,958.19,959.41,961.05,962.72,964.54,966.74,969.13,971.06,972.90,974.83,976.63,978.19,979.68,981.04,982.48,984.26,986.26,987.85,989.14,990.06,991.04,992.39,994.05,995.80,997.37,998.76,1000.07,1001.39,1002.56,1003.71,1004.89,1006.37,1007.86,1009.41,1011.33,1013.44,1015.74,1018.08,1020.25,1021.65,1022.68,1024.15,1025.77,1027.60,1029.07,1030.46,1031.73,1033.06,1034.37,1035.68,1036.97,1038.26,1039.60,1040.99,1042.15,1043.79,1045.72,1047.42,1048.85,1050.16,1051.31,1052.12,1053.80,1056.19,1058.05,1059.57,1060.76,1061.98,1063.29,1064.65,1066.00,1067.32,1068.66,1069.99,1071.24,1072.58,1073.99,1075.39,1076.68,1077.85,1079.07,1080.22,1081.75,1083.84,1086.20,1088.55,1090.76,1091.66,1092.45,1093.98,1096.56,1099.29,1101.54,1102.94,1104.19,1105.85,1107.55,1109.42,1111.41,1113.17,1114.89,1116.58,1118.22,1119.83,1121.20,1122.53,1123.80,1125.04,1126.37,1127.72,1129.04,1130.50,1132.34,1134.18,1136.05,1137.81,1139.36,1141.75,1145.07,1148.49,1151.14,1152.83,1153.84,1155.27,1156.19,1157.39,1158.65,1159.74,1161.31,1162.82,1164.92,1168.51,1171.33,1173.06,1175.48
798.80,799.16,799.83,801.70,810.91,828.28,828.63,823.06,818.21,813.01,811.33,810.69,807.60,808.09,809.13,810.61,816.11,824.40,835.69,840.91,842.00,843.77,845.27,846.36,847.21,848.37,849.65,850.47,850.88,850.22,847.60,844.49,842.59,842.80,842.15,840.85,840.63,841.40,842.29,844.14,843.75,842.94,842.25,841.75,841.44,843.11,845.51,847.05,847.92,849.97,852.97,854.82,856.97,859.06,860.44,861.23,861.48,862.16,862.83,863.02,862.89,864.36,865.97,867.90,870.37,874.63,878.48,879.63,880.96,882.29,884.16,886.36,888.57,890.19,891.64,893.43,895.11,896.88,898.50,900.13,901.78,903.23,904.71,906.23,907.53,908.53,909.77,911.28,912.88,914.53,916.02,917.32,918.58,919.74,921.16,922.50,923.89,925.33,926.76,928.19,929.56,930.88,931.92,933.58,935.33,937.04,938.62,940.54,942.59,943.87,945.04,946.37,947.75,949.03,950.99,953.39,955.40,957.21,958.70,959.24,959.38,959.49,959.86,961.37,963.19,964.98,967.06,969.65,971.69,973.38,975.22,977.01,978.54,980.01,981.78,983.42,984.95,986.72,988.33,989.85,991.12,992.45,993.89,995.44,997.07,998.60,1000.05,1001.16,1002.46,1003.67,1004.80,1005.91,1007.20,1008.76,1010.39,1012.12,1014.09,1016.36,1018.27,1019.50,1020.18,1020.86,1022.59,1024.82,1026.89,1028.72,1030.28,1031.57,1032.47,1033.73,1035.42,1037.13,1038.44,1039.80,1041.65,1043.08,1044.48,1045.80,1047.22,1048.73,1050.36,1052.09,1053.41,1054.97,1056.77,1058.54,1060.12,1061.60,1062.94,1064.16,1065.39,1066.66,1067.93,1069.21,1070.47,1071.69,1072.87,1074.08,1075.42,1076.70,1077.88,1079.07,1080.38,1082.30,1084.46,1086.78,1088.76,1090.99,1093.14,1094.42,1095.38,1096.85,1099.28,1101.45,1103.26,1105.05,1106.73,1108.30,1109.87,1111.57,1113.28,1114.97,1116.67,1118.35,1119.93,1121.30,1122.61,1123.79,1124.98,1126.33,1127.69,1129.04,1130.59,1132.39,1134.24,1136.10,1137.91,1139.79,1142.69,1146.03,1149.28,1151.89,1154.07,1155.83,1157.55,1158.62,1159.64,1161.31,1161.50,1162.16,1163.54,1165.80,1166.83,1168.60,1170.90,1173.54
804.36,800.80,799.99,804.78,827.64,844.02,836.89,827.84,820.41,816.01,814.57,811.87,808.38,808.17,808.91,809.47,811.50,816.14,823.06,834.08,839.32,841.79,843.12,844.15,844.72,845.53,846.92,849.67,851.03,851.14,850.18,850.05,850.14,848.74,846.90,845.50,845.15,845.80,846.34,847.05,846.40,845.66,845.05,844.39,844.00,843.29,843.60,844.59,845.36,846.46,848.31,850.70,852.96,855.23,857.39,859.09,859.60,859.45,860.11,861.04,864.54,867.26,869.04,870.74,872.40,875.02,878.89,881.47,882.76,883.56,884.41,885.75,887.45,889.25,891.20,893.05,894.89,896.80,898.67,900.47,902.28,904.02,905.55,907.11,908.53,909.67,910.38,911.80,913.17,914.83,916.16,917.29,918.19,919.16,920.81,922.53,924.25,925.80,927.22,928.52,929.78,930.56,931.06,933.05,935.28,937.34,938.92,940.54,942.53,943.56,944.66,945.96,947.34,948.68,950.12,952.38,955.59,958.24,960.22,961.16,961.81,961.89,961.94,963.23,964.92,966.48,967.83,969.97,972.00,973.86,975.63,977.22,978.38,979.42,980.83,982.32,983.78,986.09,987.92,989.51,990.81,991.99,993.26,994.91,996.68,998.20,999.54,1000.86,1001.99,1003.54,1005.11,1006.63,1007.91,1009.25,1010.99,1012.84,1014.63,1016.36,1017.43,1018.05,1018.66,1019.81,1021.66,1023.90,1026.03,1027.92,1029.47,1030.36,1031.05,1032.88,1035.13,1036.90,1038.31,1039.67,1040.84,1041.44,1042.89,1044.40,1046.02,1047.86,1049.74,1050.80,1051.74,1053.54,1055.45,1057.16,1058.85,1060.88,1062.23,1063.39,1064.68,1065.93,1067.18,1068.45,1069.70,1070.72,1072.00,1073.36,1074.79,1076.26,1077.63,1079.02,1081.14,1083.07,1085.06,1087.05,1088.79,1090.72,1092.79,1094.86,1096.71,1098.06,1099.50,1101.41,1103.33,1105.27,1106.93,1108.47,1109.96,1111.65,1113.39,1115.10,1116.79,1118.46,1120.03,1121.39,1122.60,1123.74,1124.94,1126.29,1127.65,1129.01,1130.49,1132.35,1134.26,1136.14,1138.02,1140.04,1143.04,1146.19,1149.17,1151.62,1153.84,1156.72,1159.24,1160.84,1161.72,1163.29,1164.40,1164.88,1165.70,1168.51,1170.09,1169.66,1169.32,1171.30
814.32,814.36,818.16,832.94,848.87,854.18,844.46,835.31,826.56,819.57,816.46,813.11,809.39,808.02,808.58,809.15,809.73,811.84,816.17,823.18,831.89,837.80,840.83,841.84,842.18,842.86,844.41,849.06,850.80,851.63,851.75,852.00,852.24,851.70,850.86,850.00,850.15,851.16,851.45,850.62,849.39,848.54,847.81,847.29,848.21,848.01,846.38,846.55,847.42,847.67,847.49,847.99,849.34,851.30,853.73,855.58,856.20,859.19,860.01,861.00,865.76,869.87,871.98,873.63,875.07,876.64,878.49,880.88,882.81,884.55,885.82,886.81,887.78,889.42,891.63,893.54,895.39,897.36,899.38,901.55,903.02,904.33,905.69,906.87,907.72,908.39,909.35,911.26,913.10,914.38,915.26,916.03,917.18,918.78,920.68,922.56,924.04,925.13,925.96,926.80,928.00,929.30,930.86,933.10,935.33,937.39,939.36,940.54,941.15,942.15,943.48,944.83,946.21,947.46,948.64,951.45,955.05,958.05,960.24,960.63,962.38,963.94,964.36,965.58,967.04,968.49,969.78,971.04,972.84,974.14,974.96,976.52,977.63,978.63,979.68,980.51,982.59,985.12,987.28,988.81,989.62,990.47,992.00,993.89,995.79,997.36,998.50,999.57,1000.61,1002.33,1004.22,1006.07,1007.67,1009.36,1011.11,1012.78,1014.40,1015.32,1015.92,1016.60,1017.99,1019.94,1021.44,1023.12,1025.13,1026.63,1027.76,1029.30,1030.93,1032.88,1034.94,1036.61,1037.73,1038.71,1039.24,1040.10,1041.66,1043.14,1044.76,1046.57,1048.19,1049.22,1050.47,1052.35,1054.27,1056.20,1058.17,1059.87,1061.06,1062.32,1063.61,1064.93,1066.16,1067.36,1068.49,1069.70,1071.32,1072.81,1074.26,1075.58,1077.01,1078.93,1080.72,1082.78,1085.14,1087.12,1088.94,1090.85,1092.83,1094.89,1096.80,1098.44,1100.24,1101.97,1103.62,1105.49,1107.17,1108.58,1109.97,1111.68,1113.48,1115.19,1116.88,1118.57,1120.13,1121.41,1122.55,1123.68,1124.89,1126.25,1127.59,1128.88,1130.25,1132.13,1134.06,1135.99,1137.91,1139.97,1142.78,1145.59,1148.37,1150.91,1153.14,1156.01,1158.87,1160.94,1162.85,1164.80,1166.45,1167.55,1168.04,1169.89,1171.68,1172.09,1171.33,1171.08
825.16,827.76,836.76,849.55,859.04,856.49,846.97,840.05,833.33,826.52,818.28,814.27,810.43,808.19,808.60,809.10,809.49,809.93,812.53,816.42,821.01,827.77,833.52,836.65,837.47,838.46,840.70,844.24,847.84,850.76,851.53,851.76,852.75,853.99,853.84,854.46,856.58,858.87,859.58,859.30,857.89,856.34,853.44,850.95,852.55,852.80,851.45,851.50,853.17,856.59,854.72,852.18,851.09,849.92,850.62,852.29,855.30,858.76,860.82,862.42,863.75,866.80,869.95,873.05,876.05,878.82,880.39,881.40,883.28,885.05,886.47,887.75,888.85,890.19,892.06,893.96,895.87,897.76,899.60,900.92,902.00,903.38,904.63,905.38,906.15,907.46,909.27,911.28,912.33,912.94,913.96,915.47,917.18,918.77,920.29,921.77,922.45,923.12,923.79,924.80,926.60,928.80,930.88,932.82,934.81,936.68,938.37,939.07,939.74,941.09,942.47,943.86,945.28,946.83,948.40,950.96,954.55,957.59,958.90,959.52,962.22,964.17,965.36,966.39,967.41,968.39,969.60,971.42,972.05,971.90,973.06,975.11,976.80,977.77,978.17,979.69,981.86,984.14,986.53,988.03,988.85,989.63,991.22,993.13,994.96,996.13,996.88,997.91,999.65,1001.68,1003.50,1005.21,1007.18,1008.95,1010.77,1012.46,1013.07,1013.71,1014.64,1016.26,1018.12,1019.99,1021.52,1022.99,1024.57,1026.24,1027.97,1029.84,1031.95,1033.46,1034.72,1035.68,1036.45,1037.24,1038.12,1039.98,1041.57,1042.89,1044.11,1045.33,1046.66,1048.14,1050.24,1052.07,1053.91,1055.76,1057.57,1059.35,1060.66,1061.73,1062.83,1064.00,1065.18,1066.26,1067.36,1069.24,1071.17,1072.60,1074.02,1075.28,1076.53,1078.00,1080.17,1082.71,1085.21,1087.13,1088.97,1091.20,1093.26,1094.72,1096.50,1098.44,1100.54,1102.86,1104.19,1105.66,1107.21,1108.57,1109.99,1111.73,1113.53,1115.29,1116.99,1118.65,1120.20,1121.36,1122.49,1123.63,1124.87,1126.20,1127.46,1128.75,1130.15,1131.96,1133.83,1135.70,1137.57,1139.70,1142.58,1145.57,1148.39,1150.91,1153.39,1157.05,1159.05,1159.96,1162.08,1165.11,1167.47,1169.14,1170.35,1170.84,1172.32,1173.86,1174.23,1173.94
833.60,837.42,845.38,856.06,861.37,855.42,847.12,841.33,835.75,830.08,820.83,817.13,816.13,809.89,808.67,809.01,809.27,809.56,810.15,811.89,813.89,816.74,820.15,823.50,824.32,826.13,828.79,832.25,836.23,843.96,848.70,849.19,851.71,854.04,855.68,856.86,857.72,859.71,861.64,862.59,862.36,861.86,861.02,858.96,857.72,857.22,857.08,858.53,859.38,865.03,864.02,860.86,860.25,859.16,855.94,858.20,864.00,866.43,867.98,868.54,867.11,865.41,865.52,870.10,873.67,878.65,881.22,882.49,884.00,885.34,886.66,888.05,889.36,890.63,892.11,893.83,895.36,896.94,898.56,899.49,901.28,902.33,903.07,904.08,905.70,907.46,909.03,910.03,910.76,912.19,913.89,915.60,917.23,918.45,919.54,920.09,920.36,921.13,922.61,924.56,926.50,928.63,930.47,932.00,933.89,935.68,937.04,937.90,939.28,940.87,942.40,943.93,945.48,947.08,948.98,951.66,954.76,956.78,956.74,959.13,961.79,962.57,964.18,965.25,966.14,967.29,968.64,970.16,970.47,969.87,971.76,973.82,975.72,976.31,977.01,979.60,981.90,983.87,985.89,987.29,988.25,989.16,990.76,992.66,993.77,994.30,995.20,996.90,999.20,1000.96,1002.02,1003.84,1006.14,1008.36,1010.38,1010.95,1011.50,1012.75,1014.48,1016.47,1018.41,1020.24,1021.78,1023.26,1024.82,1026.48,1028.09,1029.67,1031.49,1032.66,1033.76,1034.75,1035.51,1036.50,1037.94,1040.06,1041.65,1043.16,1044.67,1045.91,1047.01,1048.15,1050.13,1052.06,1053.95,1055.83,1057.65,1059.37,1060.63,1061.68,1062.74,1063.92,1065.27,1066.47,1067.46,1069.17,1071.09,1072.40,1073.81,1075.14,1076.49,1078.07,1080.21,1082.78,1085.23,1087.15,1088.97,1091.09,1092.22,1093.19,1095.36,1098.11,1100.32,1101.76,1103.10,1104.93,1106.70,1108.26,1109.83,1111.36,1112.99,1115.09,1116.94,1118.64,1120.19,1121.33,1122.44,1123.57,1124.78,1126.02,1127.26,1128.41,1129.76,1131.51,1133.35,1135.20,1137.22,1139.48,1142.34,1145.47,1148.59,1151.43,1154.15,1157.83,1160.23,1162.12,1163.82,1165.72,1167.53,1169.18,1170.93,1172.33,1173.39,1174.70,1175.91,1176.68
839.13,840.82,850.76,858.19,862.32,856.71,848.09,842.74,835.24,827.45,829.15,829.93,825.29,819.56,813.12,809.85,809.52,809.71,809.84,810.01,810.55,811.54,813.01,815.04,817.02,818.11,818.85,819.80,823.07,829.71,837.49,842.34,849.20,851.84,853.35,854.01,856.14,860.38,862.20,863.43,864.30,864.23,863.54,862.53,861.55,861.21,861.57,865.25,866.43,868.75,871.50,871.33,870.67,869.38,869.50,871.74,874.23,875.27,875.70,874.87,872.45,869.93,867.45,867.05,870.76,876.62,880.33,881.65,882.77,883.96,885.23,887.12,889.09,890.66,891.83,893.17,894.46,895.69,897.07,898.48,900.07,900.99,902.25,903.60,905.15,906.57,907.84,909.48,911.01,912.61,914.19,915.60,916.67,917.51,918.23,918.76,919.35,920.71,923.15,924.95,926.77,928.69,930.38,931.73,933.21,934.70,936.00,937.59,939.45,941.03,942.71,944.48,946.43,948.12,949.44,951.83,954.48,954.39,955.84,958.20,959.95,960.74,962.87,963.87,964.05,964.58,965.88,967.63,968.61,969.16,971.52,973.52,974.58,974.68,976.65,979.59,981.99,984.01,985.29,985.91,987.35,988.76,990.27,991.71,991.87,992.54,994.01,996.13,998.19,999.31,1000.40,1002.51,1004.81,1007.13,1008.99,1009.46,1011.13,1012.84,1014.57,1016.39,1018.24,1020.30,1021.83,1023.33,1024.84,1026.32,1027.79,1029.18,1030.54,1031.68,1032.83,1033.95,1035.20,1036.66,1038.16,1040.10,1041.72,1043.29,1045.11,1046.53,1047.81,1049.00,1050.36,1052.19,1054.09,1055.98,1057.73,1059.32,1060.61,1061.65,1062.77,1063.97,1065.38,1066.80,1068.12,1069.45,1071.07,1072.41,1073.87,1075.51,1077.32,1079.15,1081.07,1083.18,1085.34,1087.16,1088.85,1090.10,1090.40,1091.75,1094.08,1096.91,1099.38,1100.22,1102.02,1104.09,1105.93,1107.50,1108.90,1110.02,1112.38,1114.87,1116.74,1118.43,1120.02,1121.21,1122.37,1123.65,1125.11,1126.30,1127.36,1128.33,1129.40,1130.99,1132.88,1134.80,1136.83,1138.98,1141.96,1145.25,1148.52,1151.36,1153.96,1156.08,1158.32,1160.63,1162.57,1164.36,1166.28,1168.28,1170.27,1171.95,1173.59,1175.07,1176.45,1177.72
846.51,842.57,847.22,853.64,861.47,858.73,851.99,848.21,837.33,832.84,842.77,846.85,834.98,826.26,822.62,818.58,812.88,810.07,809.86,809.90,810.14,810.84,811.58,812.46,813.78,815.46,816.55,817.24,819.42,822.42,825.83,829.95,837.74,846.34,849.58,851.08,855.51,860.88,862.55,863.73,864.88,865.88,865.94,865.09,864.66,864.50,864.44,867.56,870.37,871.00,872.97,874.46,875.60,876.80,879.05,880.09,880.47,880.47,880.41,879.73,877.37,874.24,876.23,870.33,867.73,869.33,872.86,877.91,880.42,881.65,882.78,884.74,888.14,890.70,892.01,893.58,894.89,896.00,897.24,898.07,899.33,900.89,902.32,903.73,905.20,906.74,908.27,910.30,911.73,912.86,913.75,914.53,915.32,916.19,917.23,918.45,919.72,921.57,923.69,925.36,927.13,928.85,930.24,931.75,933.62,935.20,936.62,938.19,940.23,941.70,943.30,945.16,946.99,948.95,950.77,952.07,952.27,952.71,954.52,955.72,956.80,960.25,961.53,961.72,961.65,961.83,962.57,963.86,964.67,968.94,971.47,972.76,972.87,973.27,976.26,979.52,982.02,983.62,984.01,984.35,985.61,986.94,988.80,989.73,990.05,991.48,993.23,995.16,996.69,998.03,999.94,1001.63,1003.52,1005.50,1006.86,1008.54,1011.70,1013.91,1015.79,1017.31,1018.61,1020.68,1022.18,1023.63,1024.99,1026.37,1027.76,1029.09,1030.38,1031.65,1032.90,1034.14,1035.48,1036.91,1038.39,1040.16,1041.78,1043.70,1045.63,1046.99,1048.32,1049.65,1051.36,1052.52,1054.23,1056.04,1057.67,1059.30,1060.58,1061.65,1062.83,1064.04,1065.43,1066.87,1068.26,1069.65,1071.32,1072.80,1074.31,1076.02,1077.80,1079.64,1081.74,1083.68,1085.31,1086.65,1087.69,1088.41,1089.08,1090.84,1092.94,1095.36,1097.41,1099.53,1101.40,1103.27,1105.12,1106.57,1107.77,1109.64,1112.19,1114.66,1116.53,1118.22,1119.90,1121.24,1122.60,1124.01,1125.62,1127.26,1128.50,1129.48,1130.34,1132.06,1134.13,1136.26,1137.75,1138.94,1141.69,1144.99,1148.27,1150.87,1153.08,1154.99,1156.96,1159.62,1161.91,1164.01,1166.52,1169.06,1170.98,1172.22,1173.40,1174.82,1176.25,1177.71
854.06,847.63,847.28,851.74,861.56,858.88,854.13,849.18,837.54,832.38,845.41,856.13,852.61,840.09,830.29,828.73,821.69,813.73,810.42,809.95,809.98,810.59,811.74,813.07,813.97,817.42,826.36,831.15,825.60,820.11,820.17,822.01,827.14,832.98,838.51,845.92,854.42,859.99,862.14,863.47,864.75,866.00,866.96,867.45,867.68,867.69,867.59,867.94,870.93,872.45,873.94,875.34,876.90,878.43,879.56,880.37,881.38,881.88,881.78,881.32,880.19,878.10,880.28,880.80,874.41,870.32,869.13,871.42,876.01,878.45,880.20,882.84,887.35,891.09,892.74,894.57,896.09,897.59,899.04,899.40,899.76,901.07,902.62,904.14,905.66,907.24,908.72,910.04,910.90,911.71,912.65,913.79,915.10,916.55,917.94,919.28,920.75,922.49,924.21,925.77,927.25,928.79,930.34,932.27,934.28,935.99,937.78,939.30,940.69,942.36,943.21,944.07,944.70,946.99,948.48,948.50,949.09,950.87,951.78,952.70,952.73,955.68,957.04,957.94,958.92,959.18,959.54,959.85,960.77,964.70,969.90,970.94,971.06,972.13,975.33,979.30,981.61,982.12,982.43,982.86,984.15,985.89,987.12,988.15,989.46,991.18,992.86,994.63,996.37,998.22,1000.00,1001.55,1003.13,1004.70,1006.39,1008.73,1011.90,1014.68,1017.12,1019.17,1020.24,1021.61,1023.08,1024.32,1025.54,1026.82,1028.01,1029.15,1030.38,1031.80,1033.19,1034.59,1035.92,1037.25,1038.65,1040.24,1042.15,1044.29,1046.09,1047.43,1048.77,1050.32,1052.42,1053.87,1054.69,1056.04,1057.65,1059.23,1060.55,1061.71,1062.89,1064.12,1065.48,1066.74,1067.97,1069.46,1071.53,1073.26,1074.79,1076.50,1078.17,1079.78,1081.77,1083.13,1084.10,1085.09,1086.09,1087.26,1088.70,1090.76,1093.00,1095.39,1097.13,1099.52,1101.33,1102.83,1104.53,1106.09,1107.74,1109.93,1112.06,1114.46,1116.33,1118.09,1119.92,1121.49,1122.95,1124.39,1126.02,1127.71,1129.38,1131.17,1132.58,1134.17,1136.38,1138.73,1140.11,1140.52,1142.28,1145.22,1148.24,1150.96,1153.42,1155.96,1157.90,1159.80,1162.13,1164.36,1166.59,1168.64,1170.75,1172.88,1174.45,1175.47,1176.73,1178.23
859.62,854.55,853.61,854.87,862.40,860.41,856.05,849.95,839.58,833.92,846.93,862.33,868.50,863.15,845.82,834.31,830.25,823.78,820.08,816.19,813.91,813.58,815.37,816.06,814.88,816.47,825.16,842.71,847.39,839.75,830.65,826.87,825.43,827.39,830.44,838.37,847.54,856.44,860.63,862.17,863.12,863.91,864.79,866.05,867.27,868.10,868.97,870.04,871.31,873.19,874.63,875.86,876.69,877.20,877.71,879.23,881.07,882.12,882.88,883.09,882.46,881.87,882.54,886.48,885.95,881.40,876.73,874.43,873.30,874.86,877.63,880.03,884.33,888.77,891.70,893.51,895.63,898.79,900.21,900.61,900.95,901.82,903.31,904.68,905.88,906.88,907.64,908.52,909.97,911.77,913.25,914.69,915.97,917.26,918.44,919.57,921.37,922.80,923.69,924.25,925.57,927.84,930.02,931.82,933.73,935.63,938.18,940.14,940.67,941.19,941.36,941.33,941.37,942.47,942.99,942.88,943.75,945.69,947.71,948.73,948.20,948.81,949.87,952.69,955.43,956.05,957.01,957.27,957.68,958.96,962.16,965.90,968.73,970.19,973.40,978.97,980.29,980.06,980.60,982.51,985.92,989.30,990.09,990.20,990.49,991.85,993.48,995.10,996.73,998.42,1000.13,1001.76,1003.38,1005.03,1006.90,1008.81,1011.17,1014.18,1016.86,1018.90,1020.65,1021.91,1022.82,1023.79,1025.02,1026.46,1027.77,1028.99,1030.19,1031.64,1033.20,1034.89,1036.50,1037.74,1038.93,1040.65,1042.78,1044.86,1046.59,1047.92,1049.38,1051.13,1053.32,1055.26,1056.24,1056.88,1057.92,1059.33,1060.69,1061.84,1063.02,1064.22,1065.59,1067.22,1068.80,1070.21,1071.82,1073.49,1075.14,1076.70,1078.11,1079.52,1080.81,1081.97,1083.32,1084.86,1086.39,1088.02,1089.47,1091.19,1093.92,1096.47,1098.68,1100.19,1101.75,1103.50,1105.30,1107.11,1108.92,1110.68,1112.38,1114.33,1116.20,1118.11,1120.00,1121.60,1123.17,1124.80,1126.40,1127.97,1129.60,1131.90,1134.10,1135.98,1137.98,1139.98,1141.72,1142.66,1143.93,1146.60,1148.89,1151.59,1155.41,1158.62,1160.19,1161.36,1163.23,1165.26,1167.13,1168.67,1170.29,1172.37,1174.51,1176.67,1177.79,1178.80
866.29,862.71,864.02,865.19,867.42,866.48,860.58,853.27,842.18,836.82,850.39,867.29,873.97,873.53,862.74,844.35,835.42,832.76,832.35,831.24,824.34,820.14,818.81,817.51,815.89,815.69,819.91,836.22,850.14,851.42,847.49,842.04,836.45,831.37,830.13,834.57,837.94,841.57,849.61,855.97,858.42,860.71,862.32,863.47,865.02,866.29,867.70,869.85,871.76,873.18,874.10,874.62,874.98,875.19,875.56,877.92,880.28,881.49,882.98,884.38,885.09,885.21,886.13,889.00,889.85,888.80,886.95,884.89,880.05,874.91,875.64,877.46,879.37,883.34,887.18,888.69,890.38,894.25,898.03,899.64,900.92,901.86,902.60,903.28,904.01,904.89,906.51,908.20,909.89,912.48,913.73,914.20,914.83,916.17,917.53,919.16,920.65,921.05,921.47,921.66,923.31,925.75,927.66,929.10,930.79,931.93,933.86,935.98,937.19,937.94,938.64,938.46,938.13,938.32,938.99,940.28,941.89,943.35,944.92,946.52,948.20,949.31,949.65,950.90,953.04,953.77,954.97,956.79,959.78,961.88,960.62,962.93,966.16,967.67,969.37,972.35,975.04,978.27,981.42,984.42,987.71,990.26,991.60,992.35,992.86,993.98,995.39,996.52,997.84,999.15,1000.59,1002.23,1003.86,1005.42,1006.99,1008.64,1010.97,1013.66,1015.96,1017.88,1019.59,1020.56,1021.23,1022.48,1024.00,1025.51,1026.93,1028.38,1029.97,1031.73,1033.44,1035.16,1036.84,1038.59,1040.14,1042.32,1044.41,1046.47,1048.20,1049.38,1050.72,1052.55,1054.49,1056.40,1057.92,1058.55,1059.23,1060.37,1061.90,1062.86,1063.86,1064.98,1066.05,1067.15,1068.66,1070.10,1071.50,1072.99,1074.51,1075.91,1077.18,1078.43,1080.46,1082.30,1084.01,1085.67,1087.21,1088.66,1090.49,1092.76,1094.95,1097.33,1099.37,1101.26,1102.89,1104.56,1106.31,1108.06,1109.92,1111.90,1113.61,1115.16,1116.70,1118.40,1120.32,1121.98,1123.65,1125.32,1127.00,1128.63,1130.28,1132.34,1134.57,1136.59,1138.53,1140.43,1142.22,1143.88,1145.45,1147.29,1148.97,1151.66,1155.63,1158.88,1160.09,1161.15,1162.54,1164.31,1166.23,1167.78,1169.43,1171.37,1173.66,1176.46,1178.93,1180.14
876.47,871.70,873.38,874.67,872.82,872.08,869.72,863.62,846.65,839.25,849.12,866.85,877.11,879.65,874.16,861.51,842.47,836.46,838.31,843.33,839.84,836.40,824.76,818.48,816.66,815.78,818.29,828.64,846.46,853.57,853.33,848.12,844.49,846.20,837.68,833.52,834.31,835.34,839.85,846.13,847.74,851.18,857.18,860.29,862.29,863.02,864.33,869.79,871.47,872.34,872.61,872.92,873.24,873.34,873.47,875.02,878.39,880.91,881.78,883.16,884.68,886.22,888.32,888.85,889.45,890.13,890.15,889.82,888.66,886.87,885.00,880.67,878.13,880.03,882.28,883.85,885.27,887.53,889.80,892.24,895.91,899.06,899.85,900.95,901.94,903.64,907.63,910.03,910.72,912.00,911.48,911.70,913.05,914.21,915.16,916.75,917.89,917.94,918.48,919.26,921.12,922.99,924.43,926.21,927.68,928.64,929.21,930.27,932.34,933.30,934.39,934.97,935.93,938.89,940.71,941.81,943.47,945.16,947.43,950.25,951.65,953.40,954.64,956.44,959.18,958.88,959.14,961.14,963.23,965.26,964.96,964.06,964.29,965.72,967.66,970.20,973.60,978.77,982.54,985.38,987.97,990.42,991.39,992.03,992.95,993.51,993.87,994.48,996.02,998.32,1000.71,1002.51,1004.25,1005.83,1007.32,1008.75,1010.47,1012.35,1014.86,1016.87,1018.43,1019.38,1019.94,1021.45,1023.06,1024.74,1026.54,1028.36,1030.61,1032.69,1034.49,1036.30,1037.87,1039.21,1041.63,1044.43,1046.84,1049.07,1050.43,1051.30,1052.32,1054.15,1056.06,1057.96,1059.47,1060.33,1061.12,1062.21,1063.53,1064.58,1065.64,1066.78,1067.90,1068.97,1069.67,1070.16,1071.54,1072.92,1074.22,1075.60,1077.13,1078.68,1081.02,1082.80,1084.09,1085.64,1087.26,1088.72,1090.77,1093.33,1095.36,1097.54,1099.40,1101.26,1103.11,1104.93,1106.70,1108.43,1110.23,1112.30,1114.38,1116.39,1118.22,1119.63,1121.07,1122.56,1124.21,1125.88,1127.55,1129.21,1131.12,1132.99,1134.75,1136.71,1138.60,1140.42,1142.15,1143.86,1145.57,1147.27,1148.96,1151.40,1154.79,1157.20,1158.00,1158.89,1161.07,1163.06,1164.86,1166.47,1168.10,1170.23,1172.89,1175.80,1178.66,1180.67
885.50,879.73,878.80,880.73,877.93,877.35,874.86,871.50,858.13,846.65,847.44,865.37,876.53,881.05,878.62,869.30,854.71,843.49,843.18,849.60,854.01,851.74,835.98,819.88,817.17,816.36,818.53,825.32,843.68,853.71,856.01,851.11,847.30,850.43,849.98,844.57,840.62,840.12,837.89,839.30,840.90,843.19,846.08,849.54,853.35,854.56,857.93,864.29,869.29,870.71,871.09,871.30,871.52,871.46,871.01,871.60,874.46,877.10,878.19,880.64,881.59,882.74,885.74,887.97,888.25,889.82,890.32,890.44,890.51,890.47,890.38,889.57,887.16,886.58,886.98,888.18,888.82,886.05,886.77,887.39,888.25,890.11,891.71,894.80,898.76,901.08,905.35,908.50,907.91,906.85,907.68,908.91,910.44,910.57,911.18,913.06,914.82,916.62,918.92,919.35,920.34,921.60,923.59,924.82,925.53,926.61,927.43,928.64,929.93,931.44,933.53,935.71,937.40,939.98,942.04,943.63,945.12,947.11,949.30,951.73,954.01,956.34,958.80,960.75,962.02,962.69,963.09,964.44,966.31,968.45,969.86,970.02,969.28,967.68,967.41,968.91,971.33,977.11,979.85,981.90,984.74,988.73,989.69,989.85,990.29,990.34,990.50,991.13,993.84,997.78,1000.43,1002.55,1003.62,1004.74,1005.86,1007.19,1009.31,1012.02,1014.03,1015.67,1017.13,1018.11,1018.96,1020.94,1023.04,1025.21,1027.51,1029.62,1031.31,1033.28,1035.24,1037.27,1039.20,1040.89,1043.05,1045.17,1047.13,1048.72,1049.74,1051.35,1052.89,1054.23,1055.80,1057.51,1059.54,1060.72,1061.72,1062.70,1063.49,1064.32,1065.38,1066.86,1068.10,1069.22,1070.71,1071.63,1072.88,1074.07,1075.24,1076.59,1077.89,1079.09,1080.48,1081.81,1083.37,1085.09,1086.78,1088.45,1090.15,1092.43,1094.98,1097.44,1099.40,1101.26,1103.10,1104.87,1106.65,1108.43,1110.26,1112.28,1114.22,1116.38,1118.84,1120.66,1122.02,1123.29,1124.83,1126.43,1127.99,1129.34,1130.89,1132.93,1134.01,1136.07,1138.46,1140.39,1142.09,1143.79,1145.49,1147.18,1148.89,1151.13,1153.87,1155.18,1156.02,1157.61,1160.18,1161.91,1162.95,1164.53,1166.35,1169.23,1172.31,1174.97,1177.00,1178.70
892.24,885.92,884.99,886.37,883.75,879.84,875.23,871.59,862.89,852.55,846.72,859.24,870.69,877.41,873.90,867.89,862.30,857.54,850.69,849.57,859.57,859.81,843.45,822.55,817.61,817.22,820.34,826.46,842.24,854.22,858.98,854.55,850.14,851.11,852.15,848.71,848.80,849.20,846.40,839.99,838.34,838.63,840.05,842.83,846.43,847.70,849.92,852.83,857.90,864.29,866.88,866.88,865.38,864.44,865.67,866.70,868.34,870.49,871.94,874.73,876.51,878.37,881.51,884.51,886.46,888.87,889.84,890.16,890.42,890.81,891.01,890.80,890.65,891.15,892.01,892.44,893.24,892.43,893.33,893.07,891.91,891.71,893.66,897.28,897.10,896.97,898.93,900.27,903.63,907.29,906.00,907.19,908.54,910.70,915.85,918.94,919.96,921.05,922.23,922.34,922.71,923.57,926.86,929.36,928.65,928.88,929.01,929.59,931.08,932.68,935.31,938.21,939.67,940.50,942.45,944.43,946.28,948.00,949.81,951.88,954.14,956.36,958.78,960.98,962.63,964.35,965.79,967.38,969.12,971.18,972.70,973.41,974.30,976.47,976.03,972.40,971.62,973.65,975.48,977.04,978.90,983.07,984.98,985.42,986.94,987.13,987.76,989.12,991.57,993.06,998.16,1000.43,1001.11,1002.58,1004.47,1006.78,1009.10,1011.00,1013.15,1014.47,1015.74,1016.71,1018.05,1020.24,1022.32,1024.73,1027.03,1028.50,1029.21,1031.01,1032.93,1035.48,1037.58,1039.13,1040.81,1042.73,1044.95,1046.30,1047.81,1050.04,1050.94,1051.59,1052.44,1053.79,1056.51,1058.90,1059.96,1060.84,1061.27,1062.36,1064.02,1065.67,1067.23,1068.53,1069.48,1070.13,1071.59,1073.15,1074.77,1076.16,1077.29,1078.38,1079.56,1081.21,1082.89,1084.59,1086.27,1087.89,1089.64,1092.09,1094.64,1097.17,1099.39,1101.25,1103.03,1104.81,1106.58,1108.37,1110.21,1112.11,1114.00,1116.07,1118.41,1120.09,1122.03,1123.79,1124.97,1125.66,1127.42,1129.12,1130.93,1132.64,1132.94,1135.20,1137.79,1140.30,1142.02,1143.33,1144.13,1145.66,1147.70,1150.40,1152.24,1153.03,1154.01,1155.62,1157.87,1159.67,1160.74,1162.43,1164.86,1168.23,1171.04,1172.95,1174.36,1175.86
900.76,894.24,895.09,894.09,888.70,880.73,872.98,866.23,859.13,854.12,850.43,849.19,860.71,875.62,879.47,878.53,872.54,866.60,860.16,849.47,855.71,860.40,844.53,824.01,818.07,818.22,822.53,828.33,841.17,853.04,860.18,857.98,854.27,854.47,854.96,852.72,854.35,859.17,859.39,853.49,846.29,843.63,841.25,840.85,843.05,844.46,846.21,847.96,850.03,854.22,858.17,858.02,857.85,859.35,862.76,866.28,867.83,870.19,872.78,875.29,876.40,878.13,880.12,881.58,883.07,884.52,886.41,888.33,890.12,890.86,891.50,891.43,891.52,892.39,893.39,894.42,895.72,897.19,899.33,900.48,901.11,901.20,901.47,901.88,901.89,900.92,900.29,903.09,910.53,912.25,911.81,912.25,912.53,915.69,920.38,921.72,922.58,923.37,924.35,925.00,925.42,925.69,927.99,930.42,930.89,930.84,930.80,931.21,932.46,934.01,936.65,939.37,941.21,941.84,943.26,945.20,946.98,948.56,950.14,952.64,955.24,957.69,959.29,960.74,962.36,964.01,965.78,967.54,969.51,971.81,974.27,976.33,978.00,980.03,981.42,981.25,980.08,979.03,977.29,976.11,976.93,979.02,979.92,981.22,983.31,984.31,985.45,987.19,988.65,989.53,992.03,995.46,998.58,1001.33,1003.30,1005.12,1007.58,1010.49,1012.06,1013.24,1014.46,1015.63,1017.10,1019.02,1021.24,1023.73,1026.09,1026.70,1027.35,1028.56,1030.31,1033.30,1035.37,1036.83,1038.19,1040.63,1042.71,1044.02,1046.16,1048.30,1048.91,1049.20,1049.43,1050.38,1053.53,1056.61,1057.96,1058.80,1059.78,1061.34,1063.10,1064.80,1065.88,1066.43,1067.46,1069.49,1071.39,1072.76,1073.94,1075.04,1076.35,1077.87,1079.49,1081.17,1082.84,1084.50,1086.20,1087.90,1089.64,1091.99,1094.41,1096.87,1099.29,1101.19,1102.97,1104.72,1106.51,1108.31,1110.10,1111.94,1113.81,1115.77,1117.73,1119.43,1121.35,1122.82,1123.12,1123.48,1125.38,1128.00,1130.59,1131.51,1131.93,1134.41,1136.97,1139.48,1140.89,1141.53,1141.87,1143.10,1145.24,1147.79,1149.85,1150.98,1152.52,1154.48,1156.59,1158.46,1159.82,1161.24,1163.41,1166.28,1168.79,1170.37,1171.76,1174.01
909.87,905.96,907.20,902.03,893.87,883.51,873.96,865.37,858.27,859.39,858.30,851.14,857.41,875.57,880.94,880.93,877.87,870.72,864.77,855.57,849.49,857.15,842.51,823.07,818.45,818.75,823.31,828.48,839.10,850.11,860.30,860.08,858.28,858.02,857.90,856.26,857.12,860.21,861.37,860.86,859.44,857.16,854.98,852.49,851.12,849.91,846.38,846.19,848.79,851.05,853.75,857.39,864.26,868.47,874.78,877.80,878.45,879.63,880.02,879.03,878.87,879.17,880.71,882.28,883.37,884.43,885.36,887.54,889.90,890.82,891.79,892.10,892.69,893.75,894.97,896.25,897.73,899.66,901.27,902.38,903.09,903.38,903.66,904.10,904.54,904.43,905.47,907.71,911.28,913.97,915.70,916.39,916.53,917.48,920.51,922.03,923.48,924.85,926.08,927.05,927.84,928.23,928.89,930.70,931.85,932.14,932.11,932.62,933.88,935.31,936.93,939.53,942.05,943.34,944.41,945.97,947.52,948.83,950.34,952.89,955.72,958.49,960.86,961.97,963.21,964.63,966.11,967.62,969.36,971.71,974.25,976.80,979.14,980.70,981.38,982.50,983.63,983.31,982.49,981.45,980.54,981.34,985.43,987.88,988.84,988.76,987.24,986.76,987.59,988.59,989.79,992.21,996.23,998.82,1001.01,1003.69,1007.19,1009.31,1010.50,1012.05,1013.30,1014.74,1016.72,1018.67,1020.76,1023.15,1024.76,1024.76,1025.32,1026.48,1029.00,1031.39,1033.28,1034.78,1036.68,1038.97,1040.45,1042.23,1044.36,1046.47,1047.01,1047.20,1047.39,1048.93,1051.97,1054.47,1055.91,1057.16,1058.63,1060.78,1062.21,1062.82,1063.47,1064.83,1067.05,1069.16,1070.62,1071.76,1073.15,1074.75,1076.33,1077.93,1079.53,1081.21,1082.90,1084.57,1086.25,1087.95,1089.63,1092.08,1094.67,1097.02,1099.23,1101.12,1102.90,1104.67,1106.43,1108.24,1109.97,1111.76,1113.55,1114.91,1116.60,1118.71,1120.70,1121.36,1121.13,1121.30,1122.97,1125.18,1127.19,1129.06,1130.62,1132.72,1134.48,1136.09,1137.69,1138.89,1139.85,1141.67,1144.00,1146.44,1148.65,1150.75,1153.74,1156.55,1158.91,1160.27,1161.04,1162.08,1163.44,1165.12,1166.79,1168.43,1170.20,1173.68
916.93,915.02,914.31,907.14,896.81,886.40,878.19,871.91,865.98,865.62,862.75,855.84,855.28,873.05,881.16,881.97,880.06,873.58,867.10,861.88,849.78,849.31,836.50,820.93,818.70,818.67,822.70,827.27,835.54,847.46,858.72,860.59,859.84,859.00,859.69,859.38,858.81,860.70,862.04,862.11,861.58,861.28,861.04,861.23,861.64,861.25,856.72,847.53,848.21,849.50,851.83,857.85,867.78,873.87,879.01,880.34,880.71,881.08,881.35,881.14,880.61,880.56,882.00,883.66,884.72,885.71,886.73,888.28,889.79,890.80,891.86,892.82,894.02,895.34,896.65,897.98,899.32,900.30,901.27,902.72,904.13,905.23,905.90,906.60,907.40,907.90,909.40,911.03,912.08,914.29,917.04,919.32,919.78,919.78,920.76,921.96,923.28,924.72,926.20,927.69,929.10,929.99,930.08,930.87,932.01,933.09,933.41,934.05,935.45,936.95,938.17,939.61,941.64,943.23,944.90,946.42,947.71,948.99,950.58,953.09,955.87,958.76,961.52,963.08,964.38,965.69,967.10,968.49,969.96,972.20,974.53,976.68,978.48,979.47,979.73,981.52,984.35,985.75,985.94,986.16,987.54,986.40,989.46,991.86,992.47,993.55,995.41,997.97,998.04,997.20,995.55,992.61,993.94,996.83,1000.17,1003.15,1005.15,1006.26,1008.86,1010.88,1011.54,1012.73,1015.30,1017.87,1020.28,1022.42,1022.92,1022.75,1023.22,1024.75,1027.26,1029.67,1031.39,1032.84,1034.79,1036.86,1038.61,1040.50,1042.74,1044.71,1045.03,1045.20,1045.59,1048.13,1050.89,1052.33,1053.63,1055.21,1057.24,1058.58,1058.99,1060.34,1062.31,1064.33,1065.95,1067.42,1069.63,1071.50,1073.18,1074.88,1076.48,1078.09,1079.74,1081.43,1083.16,1084.92,1086.66,1088.29,1090.14,1092.78,1095.08,1097.24,1099.06,1100.92,1102.85,1104.53,1105.75,1107.39,1109.43,1111.25,1112.24,1112.65,1113.72,1115.88,1117.78,1118.38,1118.48,1119.03,1120.14,1122.19,1125.01,1128.17,1129.60,1131.28,1133.02,1134.82,1137.17,1139.04,1141.38,1143.45,1145.92,1148.32,1150.43,1152.65,1155.57,1158.63,1160.40,1161.19,1162.22,1163.20,1164.58,1166.44,1168.16,1169.63,1171.39,1174.60
924.75,923.61,920.75,913.84,903.20,893.50,886.74,878.74,874.13,871.72,867.91,860.28,855.74,867.84,880.84,882.99,881.59,876.93,869.89,861.94,851.92,844.14,830.50,819.96,818.95,818.69,821.55,825.90,832.40,844.07,850.56,853.87,856.86,857.77,860.01,860.42,860.06,860.98,862.38,863.21,862.96,862.69,862.66,863.31,863.90,864.49,864.92,862.39,860.34,856.47,852.42,858.00,863.93,869.11,874.79,878.51,879.83,880.50,881.72,882.68,882.51,882.70,883.52,885.05,886.08,887.05,888.06,888.98,889.95,891.01,891.99,893.03,894.19,895.55,896.90,898.20,899.22,899.78,901.06,902.58,904.12,905.62,907.03,908.35,909.65,910.35,910.79,912.11,913.67,914.93,917.24,919.63,920.34,920.49,921.31,922.43,923.52,924.77,926.10,927.50,929.08,930.25,930.45,931.15,932.24,933.36,934.40,935.45,936.82,938.21,939.69,940.63,941.75,943.42,945.14,946.63,947.89,949.13,950.83,953.32,956.00,958.82,961.13,962.82,964.38,965.87,967.21,968.51,969.91,972.00,973.37,974.69,976.03,977.29,979.15,981.79,984.15,985.82,987.44,988.79,990.14,990.74,991.59,992.99,994.65,996.66,999.18,1001.43,1002.31,1002.93,1002.38,999.50,995.05,995.78,998.61,1000.30,1001.52,1003.34,1006.49,1008.76,1009.35,1010.37,1012.52,1015.13,1018.23,1020.96,1020.89,1020.78,1021.14,1023.03,1025.40,1027.48,1029.32,1030.82,1032.87,1034.69,1036.47,1038.93,1041.85,1042.80,1042.85,1043.15,1043.18,1044.72,1047.07,1049.82,1050.99,1051.44,1052.12,1051.89,1053.85,1058.28,1061.13,1062.44,1063.83,1066.58,1069.42,1071.43,1073.35,1075.46,1077.32,1078.83,1080.30,1081.96,1083.79,1085.65,1087.56,1089.38,1091.20,1093.17,1093.85,1094.85,1097.42,1100.15,1102.11,1102.68,1102.73,1103.41,1106.01,1108.74,1109.59,1110.26,1111.41,1113.05,1114.76,1118.13,1120.78,1121.64,1122.36,1124.16,1127.05,1131.00,1133.03,1133.98,1135.46,1136.69,1139.33,1141.43,1143.22,1145.57,1147.88,1150.01,1151.71,1154.38,1157.13,1159.85,1160.94,1161.96,1163.07,1164.31,1165.77,1167.55,1169.74,1171.27,1173.31,1175.88
931.57,930.53,927.29,921.58,910.37,900.38,894.72,887.61,880.30,877.53,874.50,867.78,859.45,863.81,879.57,883.34,882.89,879.34,873.05,864.89,854.82,845.09,833.31,820.34,819.29,818.95,820.46,824.46,829.22,838.61,841.70,844.63,848.87,852.61,858.64,860.64,860.92,861.68,862.94,864.12,864.33,864.16,864.51,865.38,866.09,867.06,868.82,869.94,869.83,868.01,859.66,855.86,858.43,863.96,869.41,873.30,876.18,878.99,881.28,882.96,883.97,884.72,885.39,886.43,887.45,888.41,889.43,890.00,890.82,892.52,893.11,893.58,894.32,895.45,896.71,897.78,898.75,899.83,901.20,902.74,904.26,905.65,907.06,908.46,909.86,910.76,911.69,912.53,914.21,916.18,917.70,919.68,920.58,920.94,921.87,922.95,923.91,925.38,926.92,927.76,929.13,930.34,930.72,931.40,932.50,933.65,934.97,936.30,937.21,938.23,940.01,941.64,942.64,943.80,945.43,946.80,948.05,949.26,951.04,953.60,956.29,958.79,960.99,962.63,964.21,965.66,966.89,968.04,969.18,970.04,970.92,972.59,974.64,976.95,979.31,981.69,983.26,984.76,986.41,987.91,988.56,989.49,991.57,994.38,996.07,997.95,999.90,1001.75,1002.47,1002.90,1003.97,1004.54,1002.16,999.55,997.35,998.20,999.32,1000.83,1003.95,1006.14,1007.08,1008.31,1009.57,1011.88,1015.12,1017.37,1017.78,1018.35,1019.25,1020.95,1022.63,1024.93,1026.82,1028.69,1030.89,1032.22,1033.74,1036.78,1039.67,1040.43,1040.68,1041.06,1040.70,1040.61,1041.28,1043.51,1045.26,1045.65,1046.92,1048.42,1050.34,1052.96,1057.49,1060.18,1061.79,1065.21,1069.43,1071.88,1074.05,1076.16,1078.26,1080.03,1081.26,1082.76,1084.44,1086.16,1087.75,1089.25,1089.87,1089.98,1090.09,1091.04,1093.67,1097.10,1099.43,1099.16,1099.16,1099.98,1102.46,1106.29,1109.01,1110.33,1112.07,1114.09,1116.56,1120.13,1124.18,1126.67,1127.42,1128.22,1129.93,1133.12,1136.24,1137.30,1138.35,1138.87,1140.50,1142.72,1144.89,1147.25,1149.42,1150.92,1152.58,1154.93,1157.99,1160.20,1161.20,1162.49,1163.71,1165.26,1167.09,1169.00,1170.66,1172.70,1175.19,1177.65
934.75,933.97,932.50,928.17,915.42,905.88,900.31,894.25,888.95,888.21,882.29,875.36,867.01,861.94,877.89,883.44,884.19,880.52,874.11,864.92,855.50,847.39,839.12,823.41,819.63,819.34,819.83,822.88,826.52,829.15,831.06,833.88,840.05,845.86,853.21,860.03,861.32,862.33,863.29,864.29,865.13,865.63,866.34,867.21,868.09,869.03,870.17,871.45,871.93,871.34,869.13,864.89,858.93,859.18,864.17,868.97,872.71,877.98,880.89,881.76,882.88,884.21,885.68,887.22,888.27,889.18,890.29,891.91,893.00,894.66,895.82,896.15,896.50,896.56,896.76,897.60,898.74,900.04,901.37,902.89,904.29,905.64,907.06,908.50,909.93,910.85,911.86,912.99,914.55,916.21,918.51,920.02,920.82,921.41,922.38,923.31,924.25,925.84,927.80,929.10,929.80,930.45,930.95,931.67,932.87,934.26,935.68,937.10,938.34,938.78,940.19,941.69,943.06,944.35,945.66,946.94,948.17,949.39,951.29,953.97,956.70,959.37,961.39,962.78,963.71,964.59,965.66,966.74,967.80,968.62,969.99,972.24,974.65,977.02,979.12,980.13,980.67,982.23,984.05,985.65,987.73,990.14,991.76,993.66,995.78,997.76,999.50,1001.08,1000.66,1000.28,1000.49,1002.73,1006.43,1006.75,1004.48,1001.74,1001.93,1002.95,1003.54,1004.92,1006.04,1007.44,1008.71,1010.00,1012.71,1015.12,1015.31,1015.95,1017.61,1018.92,1020.32,1022.35,1024.26,1025.82,1027.59,1029.02,1029.57,1030.68,1033.25,1035.20,1036.82,1037.81,1037.57,1038.27,1039.73,1042.98,1045.30,1047.04,1047.48,1048.02,1048.66,1050.07,1053.75,1057.28,1059.62,1062.22,1068.05,1071.36,1073.51,1076.05,1078.69,1080.65,1081.90,1082.81,1083.37,1084.11,1084.51,1085.46,1085.48,1086.42,1088.66,1090.89,1093.16,1095.12,1097.04,1099.65,1101.17,1103.06,1106.48,1109.82,1111.41,1112.33,1113.77,1115.63,1118.03,1120.33,1124.57,1128.77,1131.08,1132.58,1134.26,1136.86,1139.15,1139.80,1140.14,1140.28,1140.92,1142.90,1145.11,1147.73,1150.13,1151.62,1153.38,1155.49,1158.13,1160.04,1161.30,1162.85,1164.55,1166.64,1169.00,1170.86,1172.15,1174.23,1176.82,1179.54
938.14,937.58,935.86,929.36,917.96,907.60,903.08,898.91,899.69,900.05,888.87,879.08,872.31,866.15,877.70,883.77,885.23,881.20,874.10,862.95,853.11,848.14,842.53,830.35,820.10,819.46,819.83,821.16,824.17,825.98,826.96,828.36,830.78,838.64,846.67,857.07,860.76,861.77,862.51,863.48,864.48,865.43,866.10,866.80,867.66,868.69,870.03,871.67,873.32,873.34,872.22,870.92,867.67,859.89,859.92,864.92,869.68,874.32,877.53,880.04,881.88,883.66,885.50,887.19,888.47,889.37,890.64,892.60,894.59,896.45,898.12,899.06,899.37,899.38,899.28,899.21,899.27,900.07,901.51,902.94,904.28,905.63,907.06,908.51,909.96,911.16,912.32,913.71,916.07,916.54,918.00,919.60,920.86,921.82,922.73,923.64,924.58,926.29,928.25,929.76,930.30,930.75,931.16,931.97,933.36,934.78,936.23,937.65,938.93,939.34,940.39,941.75,943.13,944.41,945.73,947.05,948.29,949.51,951.58,954.22,956.84,959.36,960.89,961.40,962.17,963.21,964.31,965.43,966.61,967.90,969.86,972.25,974.64,976.46,977.46,978.20,979.37,981.25,983.25,985.48,987.86,990.14,991.75,992.73,994.31,996.55,998.72,1000.16,999.39,998.88,999.65,1001.61,1005.05,1007.10,1008.86,1009.80,1010.00,1010.08,1010.39,1010.46,1010.57,1010.70,1011.20,1011.83,1016.88,1020.48,1020.32,1019.15,1018.66,1019.08,1020.27,1022.43,1023.56,1025.18,1026.48,1028.08,1030.19,1030.88,1033.46,1035.58,1035.04,1035.80,1037.97,1040.22,1042.71,1047.16,1049.96,1051.48,1053.24,1056.00,1057.87,1057.19,1055.19,1054.59,1056.76,1059.21,1062.55,1066.46,1070.09,1073.67,1077.06,1079.96,1080.84,1081.23,1081.35,1081.11,1080.89,1081.83,1084.83,1089.28,1093.46,1096.62,1099.26,1101.59,1104.11,1106.74,1108.23,1109.40,1110.53,1111.45,1112.39,1113.42,1114.87,1116.38,1118.02,1119.75,1123.24,1126.93,1129.37,1131.62,1134.75,1137.93,1139.79,1140.16,1140.31,1140.49,1141.20,1143.01,1145.24,1147.79,1150.12,1152.03,1153.93,1155.93,1157.99,1159.89,1161.60,1163.73,1165.89,1168.21,1170.54,1172.18,1173.63,1175.81,1178.31,1180.56
940.46,940.08,937.90,929.68,920.36,909.51,905.06,904.02,908.05,903.74,890.73,878.99,873.29,874.49,880.43,885.20,886.39,882.01,874.56,865.13,853.53,845.28,842.34,836.43,823.20,819.53,819.95,820.33,822.11,824.64,828.47,828.82,829.16,832.00,839.33,848.61,858.10,860.70,861.55,862.57,863.52,864.20,864.82,865.51,866.46,867.87,870.09,872.10,874.07,875.24,874.34,873.24,872.10,867.31,860.37,862.65,866.66,869.63,874.75,880.07,881.91,883.65,885.48,887.11,888.56,889.61,890.98,892.88,894.87,896.98,899.10,900.00,900.10,900.17,900.25,900.25,900.21,900.46,901.63,902.95,904.28,905.63,907.06,908.50,910.06,911.68,912.94,914.68,917.69,918.48,918.43,919.35,921.06,922.26,923.06,923.94,924.95,926.71,928.25,929.26,930.19,930.90,931.35,931.87,933.17,934.62,936.00,937.10,938.13,939.75,940.52,941.83,943.08,944.36,945.70,947.04,948.36,949.62,951.17,953.46,956.00,958.42,959.41,959.94,961.18,962.59,964.03,965.47,966.92,968.36,970.02,972.21,973.70,974.83,976.08,977.61,979.32,981.34,983.54,985.74,987.92,990.04,991.08,991.68,992.77,994.51,996.88,998.51,998.36,998.31,999.87,1002.20,1004.68,1006.26,1007.23,1008.09,1008.51,1009.35,1010.68,1011.45,1011.67,1011.96,1013.12,1014.01,1017.10,1020.90,1023.00,1023.30,1023.83,1024.88,1026.43,1028.67,1030.50,1031.47,1032.10,1033.70,1034.90,1037.24,1040.89,1041.68,1041.25,1041.10,1041.33,1043.03,1045.77,1049.82,1052.09,1053.72,1055.40,1057.75,1060.62,1062.80,1062.19,1060.14,1059.62,1058.96,1059.75,1062.33,1066.85,1070.88,1072.93,1074.67,1076.63,1077.99,1078.23,1078.03,1079.34,1083.47,1088.45,1093.30,1097.60,1101.10,1102.64,1103.68,1104.37,1105.66,1107.93,1109.17,1110.40,1111.09,1111.32,1112.07,1113.59,1115.22,1117.06,1119.08,1121.86,1125.09,1127.48,1129.20,1132.13,1135.76,1137.73,1138.63,1139.09,1139.50,1140.77,1143.09,1145.56,1148.48,1150.58,1151.96,1154.02,1156.18,1158.27,1160.24,1162.30,1164.50,1166.75,1169.07,1171.24,1173.11,1174.85,1176.90,1178.86,1180.96
941.64,940.04,936.44,929.85,922.07,913.77,908.00,908.82,911.23,903.97,888.45,877.70,876.05,883.20,885.00,888.12,888.35,884.09,877.89,871.40,861.49,846.56,839.46,834.83,827.13,819.70,819.74,820.23,822.39,826.29,835.35,840.42,838.84,836.05,834.19,838.67,847.68,855.95,860.35,861.57,862.21,862.82,863.50,864.75,867.12,869.06,870.90,873.03,874.99,876.76,876.59,875.53,874.93,873.12,868.62,862.92,865.11,870.26,875.89,880.60,882.22,883.73,885.32,886.98,888.53,889.83,891.31,893.20,895.12,896.88,898.15,898.88,899.45,899.83,900.20,900.44,900.65,901.15,901.97,903.12,904.35,905.67,907.02,908.38,909.91,911.75,913.62,915.80,918.67,920.15,920.49,920.92,921.96,922.82,923.46,924.27,925.28,926.61,927.60,928.96,930.11,930.49,931.10,931.85,932.92,934.29,935.54,936.94,938.42,939.89,940.55,941.72,943.00,944.33,945.66,947.00,948.36,949.69,951.08,952.63,954.89,957.06,957.92,959.72,961.72,963.25,964.63,966.03,967.37,968.61,970.00,971.44,972.98,974.63,976.28,977.92,979.53,981.59,983.85,986.07,988.14,989.44,989.74,990.60,991.70,992.88,994.63,995.69,996.50,997.63,1000.11,1002.48,1003.63,1004.49,1005.37,1006.20,1007.14,1008.91,1010.63,1012.14,1012.78,1013.17,1014.46,1016.00,1017.60,1020.91,1023.35,1024.96,1026.44,1028.03,1029.62,1031.15,1033.12,1034.95,1036.55,1038.41,1039.43,1040.35,1042.70,1044.51,1044.96,1044.97,1044.65,1045.86,1049.03,1050.96,1052.41,1054.31,1056.27,1058.18,1060.43,1063.23,1066.14,1068.44,1068.94,1067.63,1067.31,1066.26,1065.07,1067.11,1068.33,1069.40,1070.59,1073.13,1076.13,1078.95,1081.66,1086.84,1091.72,1095.33,1098.58,1096.81,1095.57,1096.54,1098.26,1100.18,1102.64,1104.31,1106.44,1108.52,1109.57,1110.65,1112.62,1114.62,1116.63,1118.76,1121.14,1123.77,1126.01,1128.13,1130.54,1133.50,1134.50,1135.23,1136.55,1138.71,1141.12,1143.61,1146.08,1148.53,1150.38,1151.82,1153.98,1156.22,1158.41,1160.60,1162.75,1164.91,1167.03,1169.11,1171.05,1172.97,1175.00,1177.16,1179.04,1181.10
941.79,938.66,932.56,928.00,921.50,915.15,910.00,911.77,911.62,900.92,886.52,877.68,882.54,891.67,891.32,891.05,890.86,889.39,884.54,878.58,869.28,855.47,843.85,835.66,828.74,820.05,819.61,820.18,822.93,826.38,831.75,843.77,847.74,845.59,841.45,836.98,840.51,847.74,854.91,859.86,860.57,861.25,861.96,865.18,869.46,870.77,872.14,874.23,876.22,877.99,878.78,877.97,877.77,878.15,876.72,870.44,865.81,868.19,873.25,878.55,881.22,882.71,884.16,885.89,888.00,889.82,891.39,892.74,893.64,894.50,895.32,896.08,897.01,898.54,900.01,900.21,900.65,901.38,902.32,903.35,904.51,906.05,907.55,909.09,910.54,912.24,914.67,917.77,919.95,920.46,921.01,921.59,922.25,922.89,923.51,924.56,925.43,926.17,927.12,928.16,928.87,929.63,930.46,931.61,932.68,933.97,935.28,936.58,938.01,939.75,940.41,941.62,942.95,944.29,945.62,946.96,948.30,949.71,951.10,952.55,954.10,955.73,957.13,959.98,962.03,963.19,964.25,965.29,966.40,967.92,969.84,971.59,973.26,974.95,976.59,978.13,979.70,981.82,984.13,986.08,987.18,987.70,987.98,989.43,991.00,992.32,993.70,995.11,996.53,997.90,999.64,1001.14,1002.13,1003.23,1004.42,1005.64,1007.08,1008.56,1010.63,1012.60,1013.82,1014.40,1015.93,1017.83,1019.38,1021.08,1022.68,1024.30,1025.84,1027.41,1029.07,1030.83,1032.67,1034.82,1036.99,1038.48,1039.49,1042.11,1044.24,1046.33,1047.79,1048.62,1048.44,1048.12,1050.93,1053.31,1053.68,1054.75,1056.69,1058.50,1060.52,1062.60,1065.24,1067.71,1070.25,1072.91,1074.90,1075.10,1074.08,1070.80,1068.44,1069.68,1071.18,1076.10,1079.68,1080.17,1082.21,1086.14,1088.37,1088.33,1088.73,1090.16,1092.26,1094.70,1097.47,1100.10,1101.90,1103.68,1105.32,1106.83,1108.33,1110.24,1112.45,1114.27,1116.01,1118.33,1120.50,1121.99,1124.42,1126.70,1128.81,1130.64,1131.95,1134.05,1136.60,1139.15,1141.61,1143.96,1146.18,1148.17,1149.97,1151.79,1153.96,1156.16,1158.31,1160.49,1162.60,1164.67,1166.73,1168.80,1170.84,1172.86,1174.90,1177.16,1179.37,1181.55
940.12,935.53,928.30,923.39,918.86,914.91,912.34,914.42,909.55,900.06,889.55,880.83,891.11,901.58,905.18,902.71,902.17,902.99,899.74,889.51,880.61,868.12,854.02,837.86,831.00,820.78,819.60,819.84,821.53,825.01,828.81,840.28,850.49,851.13,849.21,844.22,837.96,841.87,846.29,850.82,854.23,857.26,859.64,864.98,870.72,872.45,873.88,875.47,877.23,878.95,879.99,880.04,880.13,880.75,880.04,875.38,871.34,868.54,868.78,872.58,878.53,881.14,882.61,883.98,885.99,888.06,889.05,889.59,890.37,891.39,892.73,894.22,895.74,897.34,898.77,899.67,900.58,901.49,902.51,903.53,904.76,906.45,908.18,909.79,911.11,913.36,916.08,918.94,920.20,920.37,920.82,921.42,921.90,922.23,922.76,924.29,926.39,926.98,927.84,928.77,929.23,929.90,931.02,931.80,932.59,933.76,935.04,936.33,937.77,939.47,940.47,941.73,943.04,944.34,945.65,946.94,948.26,949.75,951.03,952.39,953.77,955.14,956.82,959.76,960.72,961.53,962.65,964.05,965.79,967.83,970.07,971.95,973.42,975.04,976.70,978.24,979.86,982.22,983.90,984.78,985.47,986.07,987.41,989.38,991.65,993.08,994.43,995.77,997.07,998.27,999.45,1000.62,1001.88,1003.23,1004.52,1005.87,1007.57,1009.29,1010.95,1012.83,1014.59,1015.75,1017.49,1019.15,1020.76,1022.14,1023.51,1024.97,1026.43,1027.86,1029.30,1030.79,1032.35,1034.10,1035.82,1037.34,1039.03,1041.07,1043.63,1046.18,1048.18,1050.14,1051.60,1051.23,1052.79,1055.79,1056.50,1056.52,1057.28,1059.49,1061.48,1063.44,1065.36,1067.22,1069.16,1071.55,1075.44,1078.27,1080.05,1080.53,1077.77,1074.23,1073.24,1075.30,1078.07,1079.36,1080.20,1082.50,1084.68,1086.62,1089.24,1091.79,1094.03,1096.18,1098.19,1100.47,1102.94,1104.88,1106.77,1108.85,1109.33,1110.44,1112.25,1113.91,1115.58,1117.52,1119.18,1120.63,1122.79,1125.07,1127.15,1129.95,1131.87,1134.35,1136.83,1139.32,1141.56,1143.58,1145.55,1147.51,1149.45,1151.51,1153.69,1155.93,1158.23,1160.48,1162.52,1164.58,1166.62,1168.67,1170.72,1172.78,1174.83,1177.07,1179.30,1181.41
937.39,931.78,930.86,932.20,924.50,918.55,916.75,917.39,911.39,903.34,891.21,883.34,896.28,910.43,915.54,912.67,912.88,912.97,909.43,901.15,889.56,876.61,862.32,842.59,833.37,822.64,819.68,819.71,820.25,823.10,826.92,837.18,850.74,853.49,852.69,850.39,843.68,839.06,839.61,841.19,844.47,848.40,853.83,864.34,870.55,871.80,872.89,874.19,875.42,877.31,879.00,879.86,880.86,881.75,880.13,877.14,875.56,874.43,872.60,870.70,875.53,879.28,881.04,882.37,883.87,885.56,886.55,887.29,888.82,890.48,891.97,893.47,894.93,896.40,897.98,899.59,900.59,901.60,902.66,903.70,905.07,906.85,908.63,910.08,911.05,913.78,916.70,919.25,919.85,919.95,920.58,921.04,921.16,921.43,921.97,923.78,926.32,928.41,929.45,929.74,929.65,930.01,931.01,931.83,932.60,933.61,934.89,936.19,937.90,939.67,940.55,941.77,943.04,944.32,945.59,946.92,948.43,950.05,951.21,952.39,953.66,955.00,956.31,957.77,959.43,960.67,962.02,963.66,965.35,967.26,969.45,971.11,972.82,974.59,976.36,978.05,979.84,981.61,982.37,983.20,984.34,985.99,987.70,989.58,991.90,992.92,994.24,995.90,997.07,998.18,999.30,1000.53,1001.91,1003.30,1004.66,1006.25,1007.90,1009.67,1011.88,1013.32,1014.74,1016.03,1017.35,1018.71,1020.26,1021.85,1023.41,1025.03,1026.52,1027.90,1029.27,1030.74,1032.33,1033.93,1035.66,1037.48,1039.24,1041.26,1043.46,1045.66,1047.59,1049.57,1052.64,1054.42,1055.90,1058.16,1059.37,1059.41,1059.66,1060.22,1061.38,1063.34,1065.37,1067.47,1069.60,1072.39,1074.88,1077.04,1079.20,1080.98,1081.80,1081.57,1080.59,1079.99,1079.58,1079.66,1080.94,1084.21,1087.28,1088.93,1091.08,1093.59,1095.83,1097.74,1099.43,1101.32,1104.02,1106.16,1108.49,1110.02,1110.32,1110.95,1112.24,1113.75,1115.33,1116.91,1118.67,1120.21,1121.82,1124.17,1127.01,1129.92,1132.05,1134.62,1137.08,1139.26,1141.24,1143.21,1145.13,1147.08,1149.01,1151.12,1153.50,1155.87,1158.26,1160.55,1162.62,1164.70,1166.74,1168.76,1170.76,1172.72,1174.74,1176.83,1178.88,1180.94
936.32,933.73,936.38,941.74,936.24,928.36,925.95,925.18,918.25,904.89,890.55,885.78,899.73,915.31,922.71,922.50,922.67,920.31,913.10,904.44,894.39,881.51,865.64,849.20,835.81,825.37,819.79,819.65,819.82,821.42,825.92,836.37,850.82,854.13,855.66,854.22,852.53,849.35,846.23,845.14,843.00,843.57,848.59,858.42,864.68,867.88,870.35,871.36,872.51,874.50,876.19,876.98,878.68,880.21,881.76,881.08,879.57,879.78,879.92,876.24,873.57,876.78,879.36,881.24,882.73,884.28,885.67,887.03,888.70,890.75,892.09,893.47,894.89,896.30,897.74,899.32,900.64,901.72,902.80,903.88,905.42,906.99,908.38,909.43,911.07,914.08,916.84,918.05,918.33,919.52,920.32,920.48,920.50,920.64,921.24,923.28,925.85,928.44,929.96,930.06,930.12,930.39,931.08,931.73,932.65,933.51,934.75,936.13,938.04,939.75,940.38,941.60,942.86,944.19,945.57,947.03,948.73,950.21,951.35,952.57,954.00,955.79,956.93,957.89,959.89,961.57,962.70,963.83,965.25,966.93,968.82,970.71,972.38,974.13,975.91,977.61,979.07,980.21,981.40,982.70,984.19,985.97,987.77,989.52,990.77,992.27,994.27,995.95,997.07,998.18,999.30,1000.53,1001.93,1003.31,1004.74,1006.42,1007.92,1009.39,1011.11,1012.56,1013.97,1015.41,1016.91,1018.40,1020.01,1021.61,1023.15,1024.78,1026.28,1027.77,1029.27,1030.82,1032.41,1034.03,1035.74,1037.41,1039.01,1040.86,1043.23,1045.50,1047.41,1049.21,1051.95,1054.44,1056.69,1058.45,1059.55,1059.92,1060.36,1061.73,1062.45,1064.17,1065.84,1067.64,1069.30,1071.35,1072.44,1074.70,1077.34,1079.81,1081.00,1081.84,1082.54,1083.61,1084.62,1085.11,1086.05,1087.94,1089.69,1091.43,1093.31,1095.34,1097.21,1098.77,1100.58,1102.85,1105.01,1107.11,1108.90,1109.91,1110.86,1112.27,1115.29,1116.84,1116.91,1117.13,1118.44,1120.17,1121.99,1124.20,1126.88,1129.61,1132.16,1134.82,1137.15,1139.23,1141.23,1143.22,1145.21,1147.17,1149.13,1151.23,1153.46,1155.79,1158.13,1160.45,1162.56,1164.67,1166.77,1168.90,1170.91,1172.68,1174.60,1176.74,1178.75,1180.82
937.48,938.18,941.79,945.62,944.21,941.17,937.30,930.76,918.98,904.11,891.79,889.14,905.34,917.40,925.17,929.63,929.82,925.58,914.10,903.31,892.55,880.47,866.38,853.36,838.34,828.25,819.93,819.71,819.83,821.24,825.89,836.11,850.55,853.98,856.81,858.82,859.96,860.31,859.36,857.26,850.87,845.45,844.19,847.26,851.50,857.55,864.04,866.81,869.78,871.89,873.64,875.39,877.11,878.49,880.33,883.73,883.06,882.44,882.51,880.72,877.68,876.59,879.04,881.80,883.56,885.30,886.84,888.36,889.54,891.15,892.52,893.91,895.26,896.57,898.02,899.50,900.83,901.95,903.08,904.21,905.43,906.57,907.63,909.21,911.97,914.51,915.76,916.35,917.54,918.81,919.42,919.67,919.79,919.87,920.50,922.77,925.30,927.52,928.96,929.75,929.92,930.44,930.76,931.45,932.54,933.46,934.60,936.18,938.05,939.34,940.18,941.46,942.84,944.26,945.66,947.27,948.92,950.35,951.52,952.91,954.77,956.75,958.46,959.01,960.17,961.82,963.43,964.82,965.92,967.12,968.80,970.72,972.21,973.77,975.40,976.89,978.33,979.99,981.33,982.63,984.05,985.80,987.40,988.62,990.25,992.41,994.45,995.97,997.07,998.20,999.30,1000.54,1001.90,1003.27,1004.71,1006.43,1008.17,1009.87,1011.39,1012.77,1014.14,1015.51,1016.94,1018.35,1019.84,1021.43,1022.97,1024.56,1026.11,1027.68,1029.23,1030.90,1032.56,1034.34,1036.21,1037.92,1039.55,1041.31,1043.27,1045.37,1047.17,1048.91,1051.01,1053.26,1054.93,1056.14,1056.93,1057.59,1058.98,1061.69,1063.20,1064.59,1065.87,1067.19,1068.53,1069.52,1070.41,1073.22,1076.06,1078.59,1079.34,1079.40,1079.36,1080.34,1082.76,1085.06,1087.44,1088.96,1089.92,1091.55,1093.55,1095.62,1097.41,1098.89,1100.61,1102.88,1104.70,1106.10,1107.66,1109.68,1111.80,1113.80,1117.63,1120.04,1121.56,1121.66,1122.02,1123.40,1124.85,1125.98,1127.02,1129.50,1132.23,1134.88,1137.39,1139.66,1141.42,1143.34,1145.36,1147.38,1149.39,1151.51,1153.71,1155.84,1157.99,1160.10,1162.18,1164.28,1166.41,1168.60,1170.58,1172.30,1174.46,1176.70,1178.90,1181.03
939.45,941.73,947.89,950.22,950.27,947.42,936.86,925.30,913.05,899.86,892.13,892.09,907.15,914.81,920.83,927.24,930.95,929.98,917.48,903.91,893.54,884.76,872.84,859.04,843.18,831.41,820.58,819.75,819.84,821.43,826.05,835.71,851.09,856.15,857.80,860.33,864.66,867.16,865.83,865.48,859.37,851.24,847.99,846.15,846.51,850.64,855.81,860.98,867.11,871.27,874.15,877.11,879.20,879.69,880.88,883.62,885.18,884.71,884.62,883.27,881.57,880.59,879.12,880.29,882.78,885.56,887.85,889.59,890.73,891.94,893.38,894.83,896.14,897.27,898.35,899.80,901.30,902.57,903.72,904.87,906.14,907.39,908.50,910.20,912.53,913.47,914.14,915.16,916.32,917.18,917.87,918.38,918.67,918.98,920.05,922.29,924.23,925.56,926.87,927.80,928.38,929.54,930.34,931.15,932.28,933.37,934.50,936.03,937.20,938.27,939.93,941.51,942.94,944.34,945.85,947.48,949.10,950.50,951.83,953.67,955.66,957.66,959.54,960.55,961.13,962.74,964.35,965.69,966.85,968.00,969.18,970.86,972.39,973.94,975.48,977.01,978.61,980.15,981.41,982.66,983.97,985.42,986.69,987.99,990.13,992.55,994.61,995.98,997.07,998.17,999.30,1000.52,1001.88,1003.24,1004.69,1006.40,1008.10,1009.70,1011.31,1012.86,1014.41,1015.93,1017.39,1018.82,1020.40,1021.96,1023.26,1024.66,1026.16,1027.77,1029.42,1031.03,1032.83,1034.73,1036.64,1038.44,1040.20,1042.06,1043.80,1045.41,1047.01,1048.49,1050.05,1051.67,1052.86,1054.10,1055.41,1057.06,1059.03,1060.57,1061.89,1063.00,1064.27,1065.57,1066.88,1068.12,1069.96,1072.93,1075.72,1078.03,1078.32,1078.27,1078.38,1079.78,1082.29,1084.88,1087.05,1088.87,1089.91,1091.34,1093.21,1095.23,1097.09,1098.88,1100.51,1101.82,1103.35,1105.28,1107.50,1109.70,1112.06,1114.29,1116.48,1118.46,1120.68,1123.81,1125.65,1127.06,1128.36,1128.94,1129.13,1129.66,1131.84,1134.67,1137.45,1139.98,1141.76,1143.47,1145.45,1147.43,1149.29,1151.29,1153.46,1155.66,1157.84,1159.67,1161.54,1163.63,1165.74,1167.93,1170.01,1172.17,1174.46,1176.79,1179.13,1181.22
942.21,943.52,947.88,950.79,951.68,947.82,934.64,919.16,905.94,896.60,891.61,899.15,913.51,920.17,918.94,922.60,929.75,930.79,918.33,906.67,897.29,886.15,875.62,865.43,851.95,830.25,821.57,819.82,819.89,821.94,826.35,834.78,850.57,858.81,861.07,861.71,866.38,870.07,870.03,870.44,867.15,860.52,857.60,853.75,847.52,847.78,849.20,853.61,862.79,869.80,875.32,878.94,880.76,881.38,882.05,883.55,885.76,886.77,886.61,885.69,884.03,883.22,882.34,880.88,882.39,885.22,888.04,890.31,892.07,893.13,894.36,895.77,897.06,898.29,899.37,900.40,901.72,903.08,904.38,905.56,906.83,908.07,909.20,910.42,911.43,912.13,912.89,913.79,914.76,915.57,916.37,917.17,918.00,918.95,920.05,921.47,922.59,923.72,924.81,925.89,926.95,928.39,929.75,930.87,932.00,933.16,934.33,935.73,937.17,938.54,940.10,941.59,943.01,944.45,946.05,947.66,949.28,950.75,952.54,954.48,956.33,958.14,959.93,961.63,962.65,964.04,965.29,966.38,967.51,968.66,969.85,971.31,972.82,974.34,975.87,977.37,978.88,980.31,981.59,982.90,984.17,985.54,987.04,988.55,990.23,992.61,994.74,995.98,997.05,998.17,999.26,1000.49,1001.87,1003.23,1004.63,1006.17,1007.58,1009.11,1010.94,1012.48,1014.08,1015.64,1017.14,1018.66,1020.31,1022.29,1024.14,1025.66,1026.97,1028.18,1029.56,1031.33,1033.24,1035.14,1037.04,1038.94,1040.70,1042.20,1043.54,1044.88,1046.19,1047.49,1048.94,1050.84,1052.33,1053.82,1055.39,1057.05,1058.20,1059.36,1060.31,1061.59,1062.96,1064.34,1065.75,1067.25,1069.79,1072.72,1075.50,1077.24,1077.24,1077.23,1077.85,1079.78,1082.28,1084.57,1086.63,1088.64,1089.91,1091.29,1092.88,1094.84,1096.68,1098.13,1099.45,1101.33,1103.28,1105.28,1107.32,1109.34,1111.41,1113.36,1115.36,1117.42,1119.57,1122.23,1124.92,1127.17,1129.24,1130.71,1131.91,1131.96,1132.60,1134.42,1137.24,1140.01,1141.88,1143.66,1145.51,1147.34,1149.14,1151.32,1153.63,1155.87,1157.81,1159.38,1161.29,1163.41,1165.71,1167.85,1169.87,1172.56,1174.98,1177.34,1179.68,1181.56
945.62,948.50,950.87,951.96,952.76,947.74,935.82,923.84,905.44,896.44,893.27,904.76,918.89,927.08,926.39,924.50,930.88,928.27,912.49,901.48,889.35,880.02,872.98,863.96,851.28,833.41,822.99,819.89,820.17,823.10,827.12,833.80,847.68,859.44,863.13,865.17,868.13,870.41,871.58,871.81,870.65,867.85,867.30,866.42,858.70,850.88,848.07,849.65,856.01,865.19,875.25,880.53,881.73,882.80,883.67,884.68,886.42,887.87,888.40,888.07,886.69,887.38,886.45,884.26,882.72,884.84,887.93,890.67,892.11,893.52,895.00,896.50,897.92,899.13,900.40,901.47,902.60,903.79,904.94,905.98,906.95,907.75,908.45,909.21,910.29,911.22,912.21,913.28,914.37,915.46,916.58,917.65,918.37,919.35,920.30,921.60,922.89,924.16,925.31,926.47,927.61,928.47,929.45,930.79,931.99,933.11,934.20,935.48,937.13,938.76,940.47,942.14,943.39,944.67,946.18,947.74,949.43,951.27,953.08,954.87,956.69,958.48,960.36,962.12,963.09,963.94,964.91,966.08,967.57,968.83,969.99,971.63,973.18,974.75,976.26,977.72,979.13,980.87,982.23,983.58,984.89,985.91,987.18,988.69,990.47,992.78,995.10,996.17,997.05,998.12,999.22,1000.63,1002.13,1003.60,1004.99,1006.52,1008.25,1009.79,1011.13,1012.41,1013.80,1015.33,1016.86,1018.42,1020.11,1022.10,1024.03,1025.95,1027.74,1029.35,1030.71,1031.99,1033.69,1035.58,1037.48,1039.26,1041.00,1042.20,1043.35,1044.53,1045.69,1046.83,1048.42,1050.83,1052.32,1053.78,1055.09,1056.16,1057.17,1058.23,1059.80,1061.34,1062.82,1064.36,1065.95,1067.57,1069.89,1072.58,1075.25,1076.23,1076.26,1076.36,1077.40,1079.75,1082.06,1084.16,1086.21,1088.28,1089.90,1091.28,1092.75,1094.45,1096.13,1097.82,1099.94,1101.91,1103.73,1105.84,1107.94,1109.81,1111.51,1113.19,1115.02,1116.84,1118.82,1120.85,1123.03,1125.13,1127.13,1129.21,1132.15,1134.17,1134.90,1135.49,1137.08,1139.74,1141.72,1143.80,1145.81,1147.69,1149.64,1151.70,1153.88,1155.99,1157.77,1159.64,1161.62,1163.78,1166.25,1168.75,1171.05,1173.27,1175.58,1177.92,1180.13,1181.97
947.54,950.99,954.23,954.85,953.46,949.02,937.43,924.55,905.60,896.52,893.91,906.17,920.45,931.58,937.32,936.64,936.57,922.92,906.02,894.36,887.73,884.38,878.19,865.06,847.11,831.52,824.16,820.12,820.43,823.74,827.61,836.31,847.26,857.14,862.00,864.71,867.69,870.26,872.00,873.04,872.53,872.14,872.47,872.95,870.45,863.50,853.63,849.92,850.84,859.92,872.47,880.14,881.21,882.38,883.77,885.23,886.63,888.12,889.29,889.89,889.16,890.21,890.04,888.03,885.49,884.77,887.27,889.56,890.70,891.93,893.74,895.60,897.78,899.50,900.96,901.92,902.63,903.35,904.07,904.82,905.59,906.39,907.26,908.61,910.33,911.48,912.71,913.95,915.11,916.28,917.46,918.64,919.28,919.86,920.30,921.43,922.88,924.26,925.69,927.23,928.55,929.64,929.97,930.82,931.93,933.03,934.10,935.19,936.66,938.34,939.90,942.72,945.08,946.40,947.23,948.03,949.68,951.98,953.53,955.29,957.07,958.66,960.37,961.26,961.41,961.99,963.10,964.63,966.31,968.05,969.86,971.95,973.47,974.59,975.82,977.52,979.07,981.02,983.01,984.78,986.25,987.38,988.00,988.94,991.28,994.57,997.41,998.13,998.17,998.72,999.53,1001.15,1002.61,1004.28,1005.90,1007.16,1008.47,1010.53,1012.07,1013.27,1014.47,1015.68,1016.91,1018.18,1019.65,1021.68,1023.80,1025.82,1027.52,1029.10,1030.95,1032.71,1034.27,1036.00,1037.71,1039.29,1041.48,1042.96,1044.20,1045.43,1046.61,1047.73,1049.00,1050.83,1052.17,1053.29,1054.41,1055.58,1056.77,1057.96,1059.70,1061.47,1063.11,1064.73,1066.34,1067.94,1070.00,1072.56,1074.80,1075.29,1075.36,1075.71,1077.34,1079.64,1081.66,1083.74,1085.80,1087.86,1089.78,1091.29,1092.91,1094.74,1096.66,1098.56,1100.38,1102.16,1103.97,1106.29,1108.91,1111.02,1112.50,1114.15,1115.79,1117.43,1119.02,1120.61,1122.12,1124.13,1126.38,1128.71,1131.24,1133.61,1135.85,1137.33,1138.25,1139.72,1141.94,1144.16,1146.17,1148.02,1149.84,1151.83,1154.00,1156.12,1158.20,1160.21,1162.04,1164.21,1166.66,1169.07,1171.29,1173.52,1175.63,1177.79,1179.96,1181.86
949.72,954.82,957.19,955.88,952.88,948.74,938.41,926.54,906.58,896.92,894.83,906.37,919.58,931.99,941.31,944.43,938.45,920.17,909.01,904.20,900.71,893.81,880.14,861.91,844.25,829.19,824.22,820.31,820.14,823.23,827.70,837.61,849.07,855.93,860.83,863.60,866.95,870.36,871.64,873.31,874.71,875.42,875.99,876.58,876.52,874.46,868.94,858.65,853.40,854.01,861.36,870.87,877.47,880.69,882.23,883.57,884.73,886.38,888.43,890.15,890.84,891.34,891.78,890.73,889.14,887.37,886.85,887.88,889.06,890.58,892.50,894.16,896.34,898.97,900.26,900.68,901.09,901.75,902.51,903.37,904.61,906.20,907.83,908.84,910.17,911.41,912.69,913.91,915.06,916.40,917.72,919.03,919.98,920.15,920.35,921.20,922.60,923.84,925.19,926.95,928.63,929.97,930.52,930.89,931.85,932.94,934.00,935.05,936.25,937.83,939.67,942.69,945.29,947.68,949.43,949.81,950.55,952.78,954.29,955.70,957.08,958.28,959.38,959.59,959.54,960.22,961.56,963.22,964.84,966.68,969.55,971.65,972.16,972.74,974.39,976.34,978.04,979.68,982.30,984.91,987.17,988.91,989.88,990.68,993.66,997.39,999.79,1000.48,1000.64,1000.59,1001.57,1004.07,1004.86,1005.59,1006.89,1008.53,1009.67,1010.88,1012.96,1014.14,1015.21,1016.38,1017.67,1018.89,1020.15,1021.86,1023.49,1025.29,1026.93,1028.48,1030.07,1031.92,1033.84,1035.76,1037.47,1039.12,1040.46,1041.84,1043.73,1045.66,1047.16,1048.51,1049.82,1051.19,1052.49,1053.78,1055.10,1056.38,1057.67,1058.94,1060.01,1061.43,1063.15,1064.87,1066.58,1068.24,1070.09,1072.51,1074.14,1074.26,1074.51,1075.94,1077.88,1079.75,1081.41,1083.30,1085.36,1087.45,1089.46,1091.14,1092.97,1095.11,1097.00,1098.64,1100.44,1102.38,1104.22,1106.65,1109.12,1111.55,1113.46,1115.16,1116.87,1118.50,1120.72,1122.80,1123.52,1124.57,1126.49,1128.65,1130.74,1133.06,1135.61,1137.59,1139.26,1140.84,1142.53,1144.54,1146.49,1148.16,1149.90,1152.21,1154.93,1156.87,1158.43,1160.63,1162.50,1164.61,1166.90,1169.11,1171.32,1173.43,1175.59,1177.68,1179.80,1181.78
955.46,959.37,958.45,955.60,952.77,949.05,940.30,925.83,907.55,899.10,896.70,911.42,924.15,932.78,940.30,942.58,940.31,931.09,923.42,915.21,904.54,891.17,873.13,855.74,838.61,827.51,823.25,820.33,819.92,821.62,826.09,833.38,849.64,855.91,860.46,865.55,867.44,869.11,870.71,873.17,874.77,876.03,877.26,878.47,879.52,879.57,878.16,871.28,861.40,856.86,855.04,857.67,863.36,871.53,878.88,881.60,882.60,883.85,885.70,887.78,890.60,891.91,893.02,892.56,891.85,891.07,890.56,890.74,890.31,890.19,891.45,892.81,895.03,897.78,899.18,899.31,899.71,900.58,901.76,902.98,904.40,906.72,908.96,909.82,910.22,910.99,912.22,913.30,914.34,915.67,917.08,918.46,919.71,920.15,920.47,921.03,922.24,923.39,924.65,926.38,928.14,929.57,930.37,931.08,931.82,932.86,933.91,934.96,936.02,937.38,939.00,940.86,943.92,946.21,947.71,949.74,951.30,951.84,952.52,953.61,954.53,955.37,956.38,957.19,958.04,959.31,960.50,962.26,963.82,965.52,968.33,970.01,970.07,971.06,973.03,975.06,976.98,979.45,981.93,984.52,987.03,989.36,991.35,993.15,995.26,996.94,998.25,998.98,999.53,1000.75,1001.83,1002.87,1004.77,1006.92,1008.61,1009.67,1010.54,1011.39,1012.49,1013.09,1014.01,1015.25,1016.67,1018.07,1019.33,1020.83,1022.67,1024.57,1026.30,1027.81,1029.30,1031.16,1033.13,1035.02,1036.81,1038.38,1039.33,1041.20,1043.47,1045.28,1046.75,1048.29,1049.75,1051.06,1052.50,1053.99,1055.42,1056.69,1057.93,1059.13,1060.24,1061.40,1062.97,1064.70,1066.41,1068.08,1070.02,1072.31,1073.21,1073.30,1074.47,1076.28,1078.03,1079.79,1081.38,1082.99,1084.93,1086.79,1088.24,1090.59,1092.89,1095.21,1097.42,1099.07,1100.69,1102.56,1104.48,1106.65,1108.64,1110.78,1112.84,1114.90,1116.92,1118.80,1121.78,1125.12,1126.12,1126.49,1127.17,1129.19,1131.24,1133.23,1135.41,1137.43,1139.44,1141.26,1143.03,1144.90,1146.73,1148.47,1150.46,1153.45,1156.53,1159.21,1160.47,1162.30,1164.39,1165.42,1166.84,1169.13,1171.39,1173.49,1175.62,1177.74,1179.83,1181.75
959.13,960.87,957.97,952.49,950.01,947.10,940.57,927.23,910.04,900.14,898.33,913.14,924.49,930.09,934.24,937.26,938.72,935.17,927.86,911.69,895.52,880.63,864.51,848.27,831.59,825.87,821.52,819.90,819.90,820.26,823.62,828.34,841.82,853.49,858.57,866.26,870.38,870.74,871.25,873.19,874.60,875.84,876.95,877.97,879.07,880.35,880.95,880.18,874.85,867.77,861.64,856.96,857.13,859.98,866.54,875.26,879.74,881.58,883.68,887.01,889.19,891.33,893.74,894.73,894.51,894.09,893.57,893.49,894.00,893.54,893.49,893.50,894.47,896.65,898.07,898.46,899.35,900.49,901.72,903.02,904.24,906.03,908.42,909.31,909.93,910.72,911.64,912.56,913.64,914.93,916.31,917.67,918.69,919.63,920.21,920.75,921.81,922.94,924.15,925.77,927.25,928.52,929.67,930.73,931.66,932.65,933.66,934.65,935.66,936.75,938.10,939.86,941.47,943.04,944.22,947.24,947.94,948.59,949.70,951.24,953.46,955.82,957.53,958.96,959.49,960.80,962.06,964.07,966.22,967.45,967.66,968.31,970.01,970.95,972.45,974.39,976.48,978.80,981.32,983.90,985.93,987.78,989.38,990.52,992.31,993.70,994.32,995.07,995.77,997.28,998.21,999.08,1000.29,1003.06,1006.86,1009.25,1010.12,1011.15,1011.27,1011.33,1012.40,1013.77,1015.20,1016.56,1018.13,1020.47,1022.32,1024.02,1025.60,1027.15,1028.79,1030.66,1032.45,1034.27,1036.13,1037.55,1039.03,1041.04,1043.29,1044.86,1046.28,1047.78,1049.01,1050.72,1052.43,1053.77,1054.82,1055.95,1056.92,1057.94,1059.93,1061.44,1062.80,1064.42,1065.98,1067.66,1069.95,1071.84,1072.18,1072.89,1074.39,1076.12,1077.96,1079.78,1081.38,1082.94,1084.63,1086.36,1088.13,1090.60,1093.00,1095.32,1097.63,1099.64,1101.44,1103.20,1105.01,1107.00,1108.99,1111.13,1113.03,1115.26,1118.15,1120.38,1123.61,1127.43,1128.84,1128.92,1129.29,1130.83,1132.58,1134.29,1135.79,1137.66,1139.75,1141.66,1143.62,1145.20,1146.87,1148.78,1151.05,1154.07,1157.15,1160.28,1163.35,1165.48,1167.34,1167.98,1167.95,1169.43,1171.63,1173.83,1176.02,1178.16,1179.98,1181.87
958.73,958.06,955.79,949.06,944.23,942.71,939.53,928.98,909.99,900.07,898.95,911.45,919.86,922.17,925.39,927.57,930.47,933.15,929.56,915.27,894.92,879.52,863.75,846.68,830.24,824.55,820.90,819.90,819.91,820.60,823.06,825.45,832.19,847.99,853.96,859.42,868.13,871.08,871.93,872.97,873.95,874.77,875.60,876.87,879.01,880.65,881.63,882.13,881.42,880.04,876.41,869.06,860.54,858.23,859.63,864.18,870.58,877.66,882.67,888.83,890.43,892.06,893.88,895.35,896.53,896.84,896.25,896.53,898.15,898.09,897.19,896.49,895.32,895.88,897.25,898.41,899.61,900.90,902.32,904.24,905.32,905.99,907.22,908.28,909.61,910.32,910.99,911.88,912.98,914.24,915.54,916.75,917.86,918.98,919.65,920.44,921.71,922.99,924.20,925.41,926.40,927.57,929.25,930.25,931.05,932.08,933.08,934.13,935.20,936.32,937.58,939.04,940.43,942.23,944.17,945.55,947.02,948.38,950.94,954.26,957.81,960.50,961.61,962.04,962.54,963.61,964.85,966.93,969.35,970.29,969.83,969.68,970.94,972.20,973.22,974.44,976.12,978.17,980.47,982.29,984.00,985.58,986.88,988.13,989.74,990.93,992.15,993.24,994.38,995.47,996.63,997.69,998.92,1000.71,1004.19,1006.12,1008.41,1009.86,1009.82,1009.70,1010.92,1012.34,1013.80,1015.60,1017.88,1020.19,1021.81,1023.28,1024.92,1026.84,1028.74,1030.51,1032.41,1034.05,1035.51,1037.29,1039.14,1041.10,1043.01,1044.44,1045.87,1047.26,1048.87,1050.55,1051.58,1052.20,1053.14,1054.44,1055.51,1057.56,1060.09,1061.46,1062.60,1063.96,1065.49,1067.53,1069.94,1071.09,1071.54,1072.92,1074.40,1075.92,1077.54,1079.62,1081.51,1083.13,1084.86,1086.71,1088.64,1090.87,1093.32,1095.66,1097.94,1100.17,1102.10,1103.91,1105.76,1107.76,1109.74,1111.52,1113.27,1115.74,1118.90,1122.29,1125.21,1128.14,1130.39,1131.95,1132.84,1134.07,1135.64,1137.23,1138.05,1138.86,1140.93,1143.21,1145.38,1146.95,1147.49,1149.14,1151.51,1154.14,1156.88,1159.82,1163.91,1167.70,1169.73,1170.10,1169.88,1170.29,1172.17,1174.37,1176.55,1178.46,1180.10,1181.99
957.65,953.35,949.47,944.29,939.53,937.81,934.25,924.51,911.98,900.43,898.77,906.29,911.84,915.37,918.36,921.28,925.17,928.54,927.43,918.78,902.00,884.05,866.12,846.24,830.23,823.66,820.21,819.90,819.99,823.91,829.13,829.26,828.30,835.13,846.71,853.01,859.65,868.66,871.13,871.68,872.33,873.21,874.76,876.92,879.44,880.86,881.93,882.92,883.22,882.31,881.22,880.16,876.95,868.14,860.99,861.45,865.83,871.00,876.37,882.11,886.04,889.65,893.07,895.02,895.95,897.82,898.64,898.91,900.17,900.61,900.17,899.92,898.18,897.67,897.95,898.60,899.98,901.77,903.46,905.80,907.84,908.13,908.11,908.60,909.53,910.02,910.88,911.95,912.96,914.15,915.43,916.32,917.45,918.54,919.70,921.08,922.68,924.10,925.90,927.36,927.57,927.99,928.92,930.25,931.43,932.45,933.94,935.39,936.67,938.02,940.32,943.63,946.74,947.69,948.17,948.43,949.10,950.50,953.98,958.38,960.47,962.27,963.92,965.13,966.17,967.22,967.97,969.21,970.83,971.56,971.10,971.09,972.11,973.42,974.49,975.59,976.78,978.53,979.93,981.21,982.82,984.78,987.89,989.65,990.89,991.91,993.61,994.58,995.56,996.64,997.76,998.39,999.19,1000.01,1001.60,1003.16,1004.87,1006.12,1007.02,1008.21,1009.75,1011.27,1012.91,1014.64,1016.84,1019.27,1021.23,1022.84,1024.60,1026.28,1027.94,1029.79,1032.42,1033.65,1034.55,1036.36,1038.57,1040.63,1042.81,1044.22,1045.32,1046.31,1047.54,1049.02,1049.67,1050.29,1051.69,1053.22,1054.80,1056.86,1059.16,1060.41,1061.87,1063.49,1065.09,1067.14,1069.13,1070.27,1071.70,1073.29,1075.00,1076.81,1078.57,1079.92,1081.64,1083.38,1085.10,1086.95,1088.78,1090.93,1093.58,1096.21,1098.71,1101.06,1102.86,1104.59,1106.48,1108.32,1110.06,1111.77,1113.53,1116.17,1118.79,1121.30,1123.85,1126.41,1128.89,1131.51,1134.27,1136.95,1138.72,1139.96,1140.64,1141.22,1142.84,1145.04,1147.24,1149.03,1149.58,1150.66,1153.36,1156.02,1157.86,1160.14,1164.51,1167.64,1169.39,1170.33,1170.94,1171.66,1173.15,1174.99,1176.96,1178.62,1180.26,1182.03
954.38,950.97,951.64,950.06,945.17,943.25,939.84,927.23,912.43,899.46,899.64,904.72,910.76,913.76,916.30,918.66,921.70,923.27,919.83,908.39,896.44,885.22,872.18,850.65,831.97,821.51,819.90,819.90,819.91,822.72,829.38,832.40,832.51,831.03,835.55,844.22,853.50,859.65,868.32,870.09,870.70,872.26,874.42,876.78,879.36,880.84,881.90,882.92,883.23,882.02,881.06,880.73,880.51,880.00,876.53,869.26,864.36,866.55,868.74,871.68,875.88,883.00,891.57,893.63,892.42,894.94,900.00,900.44,901.02,901.69,902.29,902.65,900.71,900.52,900.51,900.56,901.03,904.84,906.98,907.93,909.54,909.81,909.72,909.71,909.85,910.44,911.38,912.57,914.11,915.41,916.87,917.83,918.73,919.70,921.10,922.61,924.15,925.48,927.77,929.64,929.43,930.21,931.77,933.75,934.93,935.43,936.74,938.14,939.38,940.62,942.17,945.81,949.76,951.14,951.52,951.19,951.78,954.16,958.56,960.83,961.85,963.50,965.24,966.92,968.54,969.76,970.15,970.56,971.59,972.55,972.56,972.81,973.54,974.65,975.79,976.91,978.05,979.47,980.83,982.41,984.07,985.93,989.01,991.31,992.97,993.91,995.18,996.15,997.06,998.25,999.35,999.79,1000.19,1000.51,1001.68,1003.43,1005.15,1006.98,1008.39,1008.84,1009.60,1010.69,1012.29,1013.84,1015.68,1018.68,1021.26,1023.02,1024.91,1026.82,1028.85,1030.42,1031.58,1032.51,1033.48,1035.30,1037.58,1039.94,1042.13,1043.53,1044.47,1045.39,1046.31,1047.25,1048.42,1050.07,1051.55,1053.63,1055.56,1057.08,1058.61,1060.55,1062.04,1063.63,1065.13,1066.68,1068.28,1070.31,1072.14,1073.94,1075.81,1077.74,1079.83,1081.23,1082.47,1084.04,1085.65,1087.30,1089.02,1091.15,1093.56,1096.10,1098.38,1100.45,1102.54,1104.72,1106.67,1108.40,1110.15,1111.92,1113.78,1115.96,1117.91,1120.14,1122.61,1125.06,1127.41,1129.93,1133.77,1137.50,1139.63,1140.94,1141.65,1142.84,1144.47,1146.29,1148.22,1150.01,1151.32,1153.39,1155.72,1157.88,1159.63,1160.61,1162.25,1165.39,1167.35,1168.73,1169.98,1171.15,1172.79,1174.91,1177.08,1178.78,1180.45,1182.15
954.04,948.61,946.32,949.10,949.26,945.38,940.83,926.52,910.11,899.20,900.82,906.40,911.00,913.60,916.04,917.42,919.09,921.87,917.41,899.57,883.50,869.59,859.61,846.52,829.03,820.30,819.90,819.90,819.91,821.70,826.37,831.45,835.57,837.18,835.96,837.08,846.20,855.16,864.49,866.58,868.84,871.51,873.94,876.57,879.15,880.77,881.79,882.79,882.63,881.78,881.44,881.10,880.68,880.21,880.28,879.86,875.38,867.34,866.71,867.93,870.06,876.74,888.43,892.08,889.58,891.13,899.52,900.48,900.77,901.40,903.26,903.56,901.29,900.95,901.23,902.10,903.39,908.30,910.00,910.00,910.00,910.00,910.00,910.00,910.03,910.84,911.76,912.91,914.69,916.64,918.20,919.75,920.86,921.83,922.88,924.32,925.71,926.97,928.42,931.04,933.09,934.08,936.07,938.15,939.21,939.25,939.45,940.65,941.85,943.08,944.52,946.38,948.86,951.36,953.16,953.53,954.48,957.15,959.22,960.69,962.46,963.74,964.87,966.09,967.85,969.28,970.14,970.97,971.69,972.68,973.67,974.40,975.21,975.99,977.06,978.14,979.14,980.59,982.06,982.97,984.29,986.17,988.28,990.66,992.72,994.77,996.58,997.77,998.66,999.47,1000.10,1000.24,1000.45,1000.89,1002.50,1004.56,1006.51,1008.49,1009.91,1010.07,1010.31,1011.41,1013.30,1014.96,1016.09,1017.37,1020.25,1021.83,1023.28,1025.20,1027.35,1028.93,1030.01,1031.07,1032.70,1035.01,1037.28,1039.22,1041.29,1042.66,1043.59,1044.54,1045.62,1047.02,1048.32,1050.10,1052.03,1054.36,1056.29,1057.66,1058.84,1060.49,1062.17,1064.02,1065.66,1067.13,1068.57,1070.34,1072.01,1073.68,1075.49,1077.55,1080.04,1082.54,1083.85,1085.19,1086.76,1088.28,1089.80,1091.81,1093.91,1095.85,1097.85,1099.97,1102.26,1104.68,1106.59,1108.28,1110.01,1111.86,1114.09,1116.58,1118.20,1120.43,1123.33,1125.88,1127.78,1131.26,1134.55,1136.83,1138.68,1139.78,1139.99,1141.85,1143.16,1144.66,1146.39,1148.05,1149.26,1151.43,1153.78,1155.48,1156.70,1157.82,1160.36,1162.79,1165.14,1166.68,1168.17,1169.69,1172.00,1174.44,1176.89,1178.89,1180.53,1182.26
957.36,950.37,942.83,942.33,943.25,944.35,939.85,923.08,910.37,900.60,901.67,906.01,911.09,913.40,914.21,914.81,918.24,921.62,912.37,893.65,880.61,867.54,860.62,849.87,829.63,819.90,819.90,819.90,819.94,821.78,824.14,828.66,834.23,840.09,848.17,841.52,838.94,851.86,860.96,865.17,869.97,872.42,874.67,876.99,879.34,880.78,881.74,882.61,882.39,881.93,881.44,880.93,880.43,880.14,880.67,880.69,880.43,880.52,878.10,870.92,869.38,874.86,882.95,889.77,890.04,887.94,894.38,896.70,896.89,897.72,900.70,902.38,901.45,901.08,901.61,902.77,904.63,908.68,909.98,910.00,910.00,910.06,910.07,910.06,910.12,911.14,912.13,913.30,914.86,916.92,919.00,920.56,922.04,923.38,924.61,925.90,927.12,928.44,930.07,932.26,935.11,937.20,939.06,940.11,940.45,940.64,941.27,942.63,944.02,945.41,947.03,948.88,950.18,951.73,953.72,955.07,956.05,956.88,957.84,959.98,961.31,962.03,962.66,963.70,965.59,967.55,969.20,969.98,970.74,971.87,972.80,973.65,974.72,975.94,977.56,978.57,979.46,980.76,982.50,984.12,985.19,986.14,987.68,989.60,991.65,994.18,996.64,998.44,999.76,1000.03,1000.17,1000.29,1000.40,1001.35,1002.92,1004.97,1007.11,1009.20,1010.08,1010.25,1011.03,1012.66,1014.71,1016.85,1018.58,1018.95,1019.18,1020.25,1021.74,1023.51,1025.35,1027.01,1028.68,1030.51,1032.86,1035.16,1037.22,1039.03,1040.77,1041.85,1042.99,1044.46,1046.31,1048.11,1049.22,1050.31,1052.67,1055.05,1056.92,1058.56,1059.41,1060.59,1062.39,1064.25,1066.10,1067.75,1069.04,1070.48,1072.20,1073.94,1075.64,1077.40,1079.70,1081.91,1083.88,1085.54,1087.18,1088.68,1090.19,1092.21,1094.30,1096.09,1097.86,1099.88,1102.23,1104.70,1106.54,1108.21,1109.92,1112.05,1114.49,1117.59,1120.03,1122.35,1125.41,1128.10,1129.74,1130.96,1131.43,1134.02,1135.74,1137.07,1138.26,1139.94,1140.81,1142.51,1144.21,1145.93,1147.76,1149.59,1151.41,1153.24,1155.37,1157.85,1160.27,1161.99,1163.79,1165.67,1167.63,1169.65,1171.96,1174.23,1176.57,1178.87,1180.69,1182.40
961.27,952.93,945.38,939.69,938.19,940.35,936.62,924.72,912.06,903.09,904.27,904.95,910.43,911.51,911.25,913.08,917.23,921.19,914.31,899.58,888.66,879.46,869.09,851.75,829.44,819.90,819.90,819.90,819.90,820.78,823.85,827.10,831.47,837.22,846.08,851.67,843.98,844.01,855.87,863.86,869.77,872.71,875.53,878.04,879.93,880.93,881.78,882.43,882.20,881.70,881.19,880.68,880.19,880.36,881.06,881.19,880.95,883.17,887.56,886.09,873.32,873.16,876.04,880.28,885.50,885.64,886.29,887.69,888.63,889.81,892.86,898.88,900.43,900.61,902.02,904.01,906.16,908.76,909.92,909.71,910.02,910.02,910.06,910.09,910.23,911.37,912.51,913.68,915.19,916.95,918.98,920.25,921.78,923.22,924.66,925.86,927.25,928.76,930.10,931.49,933.15,935.02,937.62,939.89,940.22,940.27,941.19,942.21,943.82,945.67,947.34,949.32,951.23,952.41,953.43,953.73,954.31,955.03,956.82,958.62,959.69,960.03,960.31,961.34,963.30,965.27,966.75,968.07,969.52,970.74,971.18,972.02,973.37,975.25,977.23,978.64,979.55,980.91,982.65,984.34,985.94,987.32,988.33,989.84,991.97,994.21,996.30,997.80,999.10,999.87,1000.00,1000.08,1000.61,1001.91,1003.38,1005.35,1007.42,1009.45,1010.12,1010.45,1011.93,1013.75,1015.50,1017.49,1019.75,1020.73,1020.88,1021.48,1022.53,1024.20,1025.80,1027.55,1029.37,1030.96,1033.07,1035.16,1037.12,1038.93,1040.41,1041.82,1043.23,1044.81,1046.84,1048.82,1050.58,1051.88,1053.67,1055.71,1057.45,1059.14,1060.46,1061.25,1062.80,1064.59,1066.37,1068.20,1069.65,1070.67,1072.36,1074.11,1075.90,1077.72,1079.57,1081.36,1083.18,1085.25,1087.27,1088.99,1090.68,1092.61,1094.66,1096.43,1098.10,1099.89,1102.27,1104.69,1106.50,1108.20,1110.00,1112.29,1114.91,1117.49,1120.17,1123.09,1126.05,1128.13,1128.78,1128.68,1129.68,1131.66,1133.40,1134.70,1136.22,1137.88,1139.64,1141.35,1143.09,1144.97,1146.93,1149.27,1151.54,1153.54,1155.82,1158.10,1160.03,1161.83,1163.74,1165.68,1167.66,1169.74,1171.96,1174.24,1176.52,1178.85,1180.83,1182.52
966.48,959.60,951.92,943.26,936.96,935.73,933.35,924.77,911.51,905.43,906.28,907.42,907.38,908.71,909.50,916.22,921.63,921.50,909.94,895.80,885.12,872.90,861.18,846.75,833.23,820.21,819.90,819.90,819.90,819.94,821.41,825.12,828.83,833.44,840.17,848.87,854.26,846.82,847.92,860.62,868.30,872.19,875.92,879.01,880.19,880.84,881.65,882.12,881.91,881.42,880.91,880.42,880.15,880.72,881.43,881.68,881.67,884.66,888.55,890.82,888.89,885.20,880.95,878.86,881.30,885.20,888.50,888.12,887.75,886.65,887.34,890.14,893.81,899.46,902.88,905.19,908.09,909.64,907.90,906.77,909.73,910.00,910.00,910.03,910.28,911.56,912.87,914.07,915.58,917.12,918.86,920.17,921.55,923.01,924.36,925.36,926.51,927.94,928.69,929.23,929.81,931.64,935.70,938.46,939.46,939.61,939.85,940.47,942.46,944.04,945.95,948.92,950.79,951.28,951.46,951.51,952.23,953.93,955.52,956.78,958.08,958.66,959.04,960.51,962.38,964.21,965.66,967.09,968.53,969.71,969.92,970.82,972.75,974.75,976.76,978.59,979.65,981.07,982.78,984.34,985.89,987.52,989.12,990.68,992.32,993.70,995.30,996.76,998.08,999.11,999.25,999.66,1001.04,1002.48,1003.89,1005.75,1007.81,1009.62,1010.01,1010.71,1012.37,1014.21,1016.10,1017.98,1019.85,1021.64,1022.47,1023.13,1023.89,1025.37,1027.06,1028.58,1029.84,1031.35,1033.03,1035.01,1036.99,1038.89,1040.42,1042.07,1043.59,1045.17,1047.15,1048.96,1050.83,1052.55,1054.23,1055.99,1057.55,1059.18,1061.32,1062.60,1063.57,1065.22,1066.99,1068.68,1070.38,1071.63,1072.38,1073.76,1075.39,1077.13,1078.88,1080.67,1082.66,1085.06,1087.53,1089.65,1091.40,1093.10,1095.01,1096.73,1098.41,1100.20,1102.43,1104.75,1106.56,1108.37,1110.41,1113.56,1116.81,1118.89,1120.85,1123.00,1124.90,1125.67,1126.31,1127.02,1128.55,1130.45,1132.05,1133.90,1135.96,1138.01,1140.05,1141.31,1143.06,1144.95,1146.90,1148.98,1151.51,1153.56,1155.66,1157.73,1159.89,1161.87,1163.79,1165.71,1167.66,1169.65,1171.87,1174.22,1176.57,1178.92,1180.91,1182.61
970.84,965.35,958.50,947.28,937.86,932.57,929.51,922.39,910.40,906.64,907.92,910.95,908.36,908.26,913.83,922.23,925.26,920.23,907.94,890.86,875.26,868.60,866.33,862.91,847.28,822.54,819.90,819.90,819.90,819.90,820.30,823.34,826.46,829.64,835.33,842.97,853.17,858.13,852.52,857.43,866.75,872.49,876.59,879.71,880.42,880.87,881.51,881.74,881.59,881.17,880.66,880.18,880.39,881.09,881.80,882.16,882.63,886.15,888.81,889.68,891.02,892.31,888.72,887.22,890.10,891.21,894.15,896.17,894.88,890.84,888.20,887.69,888.64,891.55,897.13,900.11,901.94,902.44,900.65,900.97,904.29,906.42,908.23,909.82,910.38,911.73,913.13,914.46,915.96,917.43,919.03,920.37,921.41,922.80,923.98,924.92,925.86,926.89,927.39,928.15,929.05,930.83,934.56,936.58,937.71,938.77,939.15,939.55,940.63,941.17,943.35,947.19,949.30,949.46,949.40,949.66,951.27,953.17,954.68,955.58,956.49,957.48,958.68,960.42,962.13,963.95,965.36,966.63,968.05,969.28,969.56,970.63,972.43,974.31,976.27,978.25,979.74,981.22,982.79,984.28,985.81,987.44,988.95,989.76,990.76,992.36,994.06,995.63,997.07,998.21,998.50,999.55,1001.12,1002.83,1004.39,1006.11,1007.67,1008.49,1009.43,1011.09,1012.80,1014.56,1016.44,1018.27,1019.89,1021.59,1022.84,1024.04,1025.14,1026.37,1027.63,1028.75,1029.89,1031.18,1032.91,1034.88,1036.85,1038.79,1040.47,1042.18,1043.88,1045.51,1047.34,1048.94,1050.69,1052.48,1054.34,1056.08,1057.63,1059.17,1061.87,1063.68,1064.72,1065.91,1067.52,1068.85,1070.80,1073.10,1073.68,1074.26,1075.15,1076.56,1078.26,1080.12,1082.34,1084.86,1087.41,1089.84,1091.72,1093.51,1095.27,1097.07,1098.83,1100.72,1102.84,1105.42,1107.45,1109.18,1112.19,1115.95,1119.16,1120.48,1120.84,1121.74,1122.25,1123.01,1124.15,1126.03,1128.31,1130.34,1131.92,1134.01,1136.16,1138.30,1140.14,1141.22,1143.09,1144.95,1146.89,1148.76,1150.74,1152.92,1155.43,1158.06,1160.48,1162.34,1164.13,1165.98,1167.88,1169.83,1172.03,1174.32,1176.63,1178.94,1180.95,1182.68
972.90,966.25,957.69,945.51,937.46,931.83,926.62,920.48,910.93,908.18,908.93,912.54,909.96,910.99,920.70,927.00,928.73,916.76,900.58,892.10,883.56,882.02,883.57,880.89,864.31,834.21,820.02,819.90,819.90,819.90,819.94,821.58,821.98,825.58,831.79,839.37,851.64,859.33,859.93,859.99,870.26,875.08,879.08,880.22,880.56,881.03,881.36,881.32,881.18,880.89,880.41,880.16,880.75,881.45,882.18,882.63,883.84,886.96,887.98,888.63,889.49,892.58,893.16,891.97,892.94,894.18,896.25,899.76,899.56,895.70,891.83,890.30,891.15,889.76,890.51,892.52,894.48,895.90,897.08,898.18,899.42,901.21,904.50,908.40,910.67,912.06,913.52,914.92,916.30,917.75,919.27,920.49,921.44,922.49,923.55,924.48,925.29,926.13,927.01,927.98,929.11,931.15,933.53,934.91,936.06,937.14,938.19,938.76,939.20,939.57,941.96,945.75,947.28,947.62,947.84,949.20,950.77,952.30,953.90,955.06,955.90,957.05,958.85,960.49,961.91,963.72,965.11,966.30,967.60,968.86,969.43,970.77,972.55,974.33,976.11,977.93,979.70,981.24,982.72,984.22,985.75,987.34,988.49,989.14,989.76,991.22,992.81,994.40,995.98,997.28,997.99,999.42,1001.04,1002.79,1004.37,1005.37,1006.07,1007.89,1010.03,1011.41,1013.17,1014.95,1016.76,1018.36,1019.76,1021.13,1022.28,1023.53,1024.84,1026.04,1027.19,1028.47,1029.68,1030.91,1032.79,1034.72,1036.69,1038.68,1040.59,1042.24,1043.87,1045.68,1047.33,1048.94,1051.10,1052.76,1054.43,1056.19,1057.72,1059.21,1061.50,1062.89,1064.39,1066.14,1067.62,1068.86,1070.54,1073.63,1075.22,1075.82,1076.40,1077.00,1077.93,1079.63,1081.95,1084.50,1087.06,1089.55,1091.42,1093.14,1094.97,1096.92,1098.81,1100.82,1103.22,1106.19,1109.42,1111.33,1114.21,1116.74,1118.40,1119.03,1118.84,1119.44,1119.97,1121.55,1123.48,1125.63,1127.83,1129.99,1131.97,1134.06,1136.13,1138.15,1139.90,1141.16,1143.07,1144.93,1146.74,1148.59,1150.50,1152.92,1155.59,1158.25,1160.59,1162.46,1164.32,1166.16,1168.01,1169.87,1171.93,1174.18,1176.46,1178.81,1180.91,1182.64
971.35,965.05,954.13,941.72,936.02,932.11,929.02,923.88,914.59,910.43,911.57,915.30,911.79,914.21,922.66,928.76,930.91,923.52,913.75,911.44,902.94,903.00,899.36,892.15,876.92,851.79,825.19,819.91,819.90,819.90,819.90,820.01,819.98,823.13,828.61,835.35,846.31,856.90,860.19,860.65,868.02,874.55,878.85,880.23,880.55,880.89,880.94,880.85,880.78,880.62,880.17,880.41,881.11,881.83,882.54,883.11,884.91,886.39,887.30,888.51,889.80,892.29,895.02,895.08,894.97,896.77,897.91,899.71,900.61,899.57,897.67,896.16,895.52,892.04,890.92,893.46,896.47,898.50,899.64,900.20,900.91,902.83,905.81,909.40,911.18,912.82,914.52,916.01,917.17,918.78,920.25,920.98,921.78,922.76,923.79,924.85,925.83,926.80,927.64,928.35,929.23,930.53,931.92,933.29,934.56,935.71,936.89,937.96,938.49,939.38,941.13,944.00,945.12,945.98,947.43,949.29,950.70,951.97,953.30,954.62,955.95,957.49,959.10,960.63,961.83,963.48,964.90,966.08,967.24,968.46,969.43,970.92,972.69,974.46,976.20,977.94,979.74,981.23,982.66,984.15,985.69,987.07,987.91,988.61,989.50,990.70,992.06,993.46,994.91,996.35,997.63,999.17,1000.86,1002.18,1002.95,1003.73,1005.78,1008.68,1010.91,1012.30,1013.69,1015.07,1016.48,1017.72,1019.24,1020.70,1021.85,1023.03,1024.25,1025.44,1026.64,1027.83,1029.62,1031.14,1032.68,1034.37,1036.21,1038.07,1039.76,1041.41,1043.57,1045.72,1047.37,1048.93,1050.85,1052.59,1054.38,1056.10,1057.69,1059.20,1060.61,1061.50,1063.36,1065.83,1067.59,1068.79,1070.41,1073.43,1076.29,1077.33,1077.89,1078.40,1078.87,1079.69,1081.45,1083.93,1086.43,1088.64,1090.42,1092.22,1094.22,1096.20,1098.13,1100.22,1103.39,1106.57,1109.53,1110.68,1111.70,1114.23,1115.65,1116.43,1116.62,1117.43,1119.39,1121.26,1123.02,1125.11,1127.34,1129.58,1131.63,1133.57,1135.48,1137.37,1139.31,1141.12,1142.93,1144.77,1146.58,1148.36,1150.26,1152.80,1155.41,1158.01,1160.37,1162.22,1164.05,1165.91,1167.76,1169.63,1171.71,1173.88,1176.16,1178.42,1180.31,1182.06
965.73,959.61,949.40,939.32,937.31,938.05,937.44,929.95,919.72,913.70,915.75,918.58,915.20,920.39,924.60,928.71,928.62,926.07,923.14,921.20,914.50,905.50,899.91,894.78,884.88,865.28,838.70,822.17,819.90,819.90,819.90,819.90,819.90,821.00,825.66,831.53,840.57,852.07,859.75,860.84,863.81,871.26,875.12,878.72,880.20,880.51,880.48,880.34,880.26,880.24,880.16,880.77,881.48,882.19,882.90,883.63,885.01,886.39,887.84,889.30,890.93,892.60,894.99,897.16,897.37,898.34,900.01,900.50,901.21,901.07,900.71,900.36,899.55,896.94,896.31,899.01,899.93,901.15,902.22,902.30,902.50,904.38,907.31,909.92,911.72,913.57,915.41,917.16,918.45,919.32,920.50,921.23,922.03,923.39,924.86,926.23,927.60,929.25,929.96,930.00,930.26,930.90,931.79,932.79,933.85,934.92,936.03,937.16,938.31,939.44,940.74,942.46,943.94,945.59,947.42,949.29,950.78,952.05,953.34,954.74,956.22,957.83,959.40,960.75,961.93,963.28,964.70,965.85,967.03,968.25,969.52,970.99,972.71,974.43,976.15,977.92,979.89,981.35,982.68,984.08,985.55,986.57,987.44,988.44,989.48,990.58,991.87,993.22,994.57,995.82,997.15,998.74,1000.02,1000.66,1001.40,1002.91,1005.40,1008.63,1010.44,1011.29,1012.27,1013.51,1015.18,1016.68,1018.73,1020.48,1021.66,1022.89,1024.31,1025.91,1027.46,1028.93,1030.85,1032.76,1034.13,1035.56,1037.05,1038.59,1040.18,1041.85,1043.81,1045.70,1047.07,1048.32,1049.49,1051.23,1053.04,1054.82,1056.58,1058.31,1059.28,1060.59,1063.05,1065.59,1067.51,1068.76,1070.42,1073.56,1076.70,1078.73,1079.33,1079.67,1079.96,1080.35,1081.25,1083.31,1085.68,1087.73,1089.92,1091.46,1093.44,1095.43,1097.29,1099.30,1102.05,1104.48,1106.66,1107.94,1109.78,1111.39,1112.65,1113.79,1114.90,1117.05,1119.49,1121.15,1122.69,1124.61,1126.83,1128.93,1130.78,1132.66,1134.66,1136.81,1139.05,1141.05,1142.87,1144.64,1146.36,1148.07,1149.86,1152.28,1154.89,1157.40,1159.82,1161.78,1163.69,1165.64,1167.66,1169.74,1171.75,1173.69,1175.72,1177.64,1179.60,1181.72
959.00,952.34,944.51,941.40,941.80,942.79,939.63,933.43,922.70,915.65,917.36,920.28,917.19,922.07,926.20,928.50,923.71,921.57,922.81,921.68,913.05,899.78,888.66,888.85,882.45,871.97,849.38,834.94,822.05,819.90,819.90,819.90,819.94,820.58,823.42,827.69,834.79,846.29,857.54,860.84,863.36,865.79,868.78,873.78,878.50,880.00,879.70,878.35,877.02,878.16,879.88,880.68,881.33,881.96,882.76,883.93,885.47,887.01,888.50,889.94,891.83,893.62,895.50,897.40,898.89,899.60,900.43,901.07,901.61,901.95,902.26,902.46,902.65,902.47,905.23,906.99,906.28,904.19,904.63,904.65,904.51,905.39,907.86,910.26,912.26,914.20,916.12,918.00,919.53,919.84,920.45,921.18,922.06,923.50,925.01,926.55,928.19,929.83,931.00,931.36,931.57,931.96,932.55,933.43,934.48,935.47,936.42,937.44,938.89,940.34,941.20,942.55,944.11,945.78,947.55,949.32,950.77,952.16,953.59,955.01,956.42,957.99,959.44,960.76,961.98,963.21,964.49,965.68,966.90,968.17,969.51,970.99,972.64,974.38,976.11,977.96,980.09,981.48,982.75,984.02,985.18,986.28,987.43,988.47,989.51,990.62,991.73,992.99,994.21,995.36,996.54,998.07,999.26,999.80,1000.71,1002.61,1004.70,1007.43,1008.72,1009.43,1010.35,1011.97,1013.63,1015.86,1018.56,1020.52,1021.82,1023.17,1024.74,1026.24,1027.80,1029.32,1030.98,1032.77,1034.43,1036.00,1037.55,1039.06,1040.76,1042.30,1043.63,1044.89,1045.99,1047.25,1048.85,1050.79,1052.21,1053.96,1055.42,1056.78,1057.99,1060.39,1062.86,1065.35,1067.44,1068.72,1070.39,1073.63,1076.87,1079.51,1079.54,1078.87,1078.72,1079.80,1081.19,1084.43,1086.98,1088.47,1089.81,1091.21,1092.86,1094.65,1096.43,1098.31,1099.96,1101.82,1103.95,1105.68,1107.51,1109.20,1110.80,1112.61,1114.69,1116.88,1119.19,1121.03,1122.51,1124.15,1126.23,1128.03,1129.94,1132.18,1134.40,1136.66,1138.88,1140.87,1142.60,1144.32,1146.04,1147.81,1149.61,1151.95,1154.40,1156.85,1159.26,1161.39,1163.49,1165.59,1167.70,1169.80,1171.64,1173.38,1175.39,1177.47,1179.55,1181.73
951.70,948.35,947.22,945.80,945.92,944.37,938.73,933.39,924.25,917.12,918.27,921.47,918.65,923.60,928.42,928.17,920.70,917.20,917.59,917.49,912.51,902.24,890.24,878.65,872.54,870.03,859.65,847.60,832.84,821.02,819.90,820.50,822.24,824.23,826.63,828.01,831.52,840.03,853.01,861.76,867.23,869.41,867.42,868.19,871.63,874.40,873.99,871.88,871.44,874.37,877.20,879.13,880.50,881.58,882.81,884.30,885.68,886.83,887.77,889.38,891.33,893.63,895.65,897.34,898.92,899.95,900.44,900.69,901.03,901.93,903.02,903.97,905.88,907.67,910.47,911.95,910.63,908.00,907.31,907.03,906.14,906.54,908.25,910.53,912.51,914.48,916.46,918.43,919.92,920.06,920.38,921.09,922.10,923.59,925.10,926.62,928.14,929.62,931.04,932.32,932.88,933.29,933.68,934.24,935.12,936.06,936.99,937.92,939.27,940.53,941.49,942.86,944.38,946.08,947.88,949.61,951.01,952.47,953.98,955.48,956.86,958.90,960.73,961.68,962.64,963.58,964.59,965.70,966.89,968.13,969.40,970.90,972.61,974.35,976.12,978.05,979.95,981.10,982.23,983.33,984.41,985.85,987.34,988.59,989.68,990.81,992.09,993.32,994.36,995.38,996.52,997.97,999.31,1000.05,1001.15,1002.60,1004.06,1005.63,1006.80,1007.90,1009.19,1010.32,1011.85,1013.93,1017.31,1020.02,1021.54,1022.71,1023.63,1025.03,1026.41,1027.90,1029.80,1031.88,1033.58,1035.20,1036.74,1038.30,1040.02,1041.47,1042.85,1044.28,1045.85,1047.46,1049.07,1050.88,1052.94,1055.17,1057.00,1057.91,1058.69,1060.50,1062.86,1065.18,1067.34,1068.70,1070.38,1073.58,1076.61,1077.52,1076.47,1075.97,1076.98,1079.69,1084.11,1088.83,1089.99,1090.19,1090.42,1091.09,1092.47,1094.19,1096.41,1098.57,1100.47,1101.77,1103.48,1105.34,1107.24,1109.41,1110.98,1112.65,1114.62,1116.82,1118.73,1120.38,1122.02,1123.82,1125.91,1128.04,1130.17,1132.22,1134.24,1136.32,1138.45,1140.46,1142.27,1144.08,1145.93,1147.82,1149.73,1152.07,1154.53,1157.00,1159.42,1161.33,1163.30,1165.40,1167.49,1169.46,1171.13,1172.96,1175.06,1177.10,1178.92,1180.96
952.26,951.41,951.36,949.87,949.22,944.28,937.07,932.73,924.84,918.27,919.20,923.65,921.94,927.67,933.82,932.33,924.35,919.43,912.95,905.57,900.18,892.88,886.82,876.89,866.24,858.56,853.79,843.13,830.58,823.05,820.02,820.24,823.16,827.16,830.13,830.84,832.17,836.68,844.30,856.89,865.83,870.92,871.18,870.64,869.81,869.17,869.34,869.97,871.19,872.73,874.29,876.33,879.99,881.65,882.74,883.53,884.14,885.11,887.33,889.94,891.73,893.30,894.66,896.12,896.72,897.45,899.18,899.54,900.06,901.19,901.86,903.29,906.97,908.42,909.89,911.02,910.23,909.92,909.62,907.99,908.01,908.38,908.91,910.77,912.79,914.80,916.78,918.77,920.03,920.18,920.37,921.03,922.18,923.68,925.21,926.69,928.08,929.38,930.86,932.26,933.40,934.31,934.90,935.32,935.83,936.57,937.43,938.33,939.42,940.49,941.81,943.16,944.68,946.40,948.16,949.80,951.23,952.89,954.39,956.26,957.82,959.41,961.51,962.62,963.46,964.32,965.24,966.11,967.15,968.38,969.67,971.15,972.90,974.71,976.52,978.40,980.03,981.01,981.95,982.90,984.08,985.86,987.51,988.95,990.06,991.81,993.69,995.01,996.05,996.85,997.71,999.36,999.93,1000.56,1001.66,1003.01,1004.90,1005.94,1006.87,1007.41,1008.56,1009.86,1012.61,1013.52,1014.87,1017.52,1019.73,1020.64,1021.58,1023.35,1024.73,1026.04,1028.76,1031.03,1032.56,1034.38,1035.76,1037.87,1039.81,1041.60,1043.13,1044.66,1046.18,1047.76,1049.29,1051.78,1054.19,1055.86,1058.53,1059.98,1060.65,1061.97,1063.85,1064.99,1066.23,1067.61,1069.48,1072.66,1073.40,1073.09,1073.20,1074.86,1077.18,1080.24,1085.04,1089.11,1089.99,1090.09,1090.26,1090.66,1092.03,1093.98,1096.34,1098.81,1100.56,1102.21,1104.06,1105.92,1107.76,1109.59,1111.27,1112.87,1114.61,1116.40,1118.02,1119.65,1121.65,1123.89,1126.18,1128.45,1130.61,1132.55,1134.49,1136.38,1138.30,1140.22,1142.15,1144.10,1146.05,1147.99,1150.04,1152.40,1154.80,1157.20,1159.57,1161.45,1163.20,1165.22,1167.28,1168.96,1170.63,1172.54,1174.34,1175.94,1177.52,1179.80
954.87,953.45,952.04,951.09,950.12,945.30,939.42,933.43,925.39,919.67,920.44,924.85,928.12,932.45,939.18,938.40,931.54,926.20,917.65,905.78,896.44,888.67,880.99,874.10,865.52,853.72,845.40,837.67,829.70,824.74,820.80,819.90,821.49,828.05,831.30,832.71,834.10,835.94,839.49,850.78,862.93,871.19,873.44,874.14,873.60,873.38,873.71,873.58,873.91,874.57,875.00,875.61,876.53,878.95,880.55,881.29,882.16,883.28,885.09,887.72,889.89,890.77,892.78,893.45,893.01,893.54,895.11,895.77,897.47,899.22,899.77,902.53,907.38,908.97,908.93,909.59,909.77,909.60,909.17,908.38,909.78,910.08,910.33,911.18,913.03,915.07,917.09,919.09,920.10,920.30,920.40,921.00,922.27,923.79,925.22,926.57,927.85,929.17,930.61,931.88,933.05,934.22,935.37,936.32,936.93,937.46,938.10,938.80,939.54,940.55,942.03,943.45,944.93,946.57,948.10,949.62,951.49,953.30,954.89,956.99,959.09,960.31,961.63,963.09,964.16,965.04,965.91,966.75,967.61,968.61,969.83,971.17,972.92,974.89,976.86,978.81,980.34,981.21,982.07,982.96,983.83,985.51,987.45,989.25,991.49,993.67,995.50,996.77,997.94,998.74,998.91,999.82,1000.06,1000.70,1001.86,1003.11,1005.59,1007.54,1009.29,1010.61,1011.94,1014.79,1019.16,1018.45,1016.77,1016.24,1017.58,1018.64,1019.91,1021.69,1023.10,1024.30,1026.52,1029.22,1031.73,1032.87,1033.45,1036.50,1039.58,1041.61,1042.77,1043.77,1045.28,1047.49,1049.50,1054.54,1053.94,1054.50,1057.99,1060.12,1060.35,1060.58,1060.76,1061.33,1063.06,1064.69,1067.05,1069.07,1069.65,1071.28,1073.07,1074.99,1077.21,1079.56,1082.66,1086.38,1087.90,1088.25,1089.51,1090.28,1091.71,1093.85,1096.20,1098.58,1100.69,1102.60,1104.51,1106.38,1108.26,1110.17,1111.83,1113.43,1115.04,1116.56,1118.13,1119.75,1121.73,1124.04,1126.33,1128.65,1130.75,1132.59,1134.43,1136.24,1138.13,1139.97,1141.91,1143.85,1145.77,1147.75,1149.98,1152.35,1154.74,1157.15,1159.53,1161.49,1163.28,1165.06,1166.88,1168.50,1170.05,1171.42,1172.92,1174.44,1176.05,1177.87
953.88,952.70,950.63,947.69,946.08,943.43,936.96,929.15,924.69,923.57,923.98,926.16,929.65,935.36,939.61,940.86,940.12,935.25,926.55,915.85,906.16,899.64,889.81,880.46,875.70,864.62,852.21,845.63,836.05,827.57,822.38,820.06,820.41,829.03,832.32,834.07,835.53,837.05,838.94,848.30,862.96,871.17,873.14,875.30,877.05,878.48,879.65,878.75,877.65,877.35,877.81,877.66,877.96,878.19,878.59,879.46,880.68,881.73,882.82,884.30,885.86,887.54,889.39,889.60,889.67,890.37,891.51,892.60,894.04,895.43,896.58,899.37,907.33,909.99,909.06,908.76,909.00,908.74,908.36,908.75,910.38,911.18,911.56,912.11,913.31,915.29,917.28,919.14,920.11,920.31,920.49,920.98,922.34,923.75,925.02,926.32,927.60,928.97,930.34,931.58,932.80,934.01,935.13,936.29,937.46,938.33,939.06,939.64,939.83,940.79,942.28,943.77,945.27,946.75,948.25,949.73,951.69,953.66,955.46,957.69,959.83,961.42,962.53,963.60,964.78,965.71,966.52,967.28,968.04,968.81,969.79,970.84,972.54,974.51,976.50,978.77,980.43,981.32,982.18,983.03,983.79,985.05,986.99,989.15,992.16,994.69,997.04,998.86,999.61,999.93,999.93,999.98,1000.03,1000.65,1002.03,1003.24,1005.55,1008.35,1011.04,1013.39,1015.46,1017.60,1019.18,1020.03,1021.22,1020.53,1019.79,1019.94,1020.62,1021.89,1023.25,1024.67,1025.95,1027.22,1029.36,1030.40,1031.14,1033.69,1037.74,1040.00,1040.87,1041.90,1043.79,1046.15,1048.71,1052.42,1051.97,1052.75,1055.39,1056.63,1057.18,1057.51,1059.19,1061.10,1062.95,1064.69,1066.58,1068.48,1070.49,1072.45,1074.25,1075.97,1077.51,1079.59,1081.31,1083.55,1085.05,1086.38,1088.31,1089.67,1091.53,1093.73,1096.04,1098.38,1100.58,1102.55,1104.51,1106.47,1108.43,1110.61,1112.23,1113.78,1115.44,1117.05,1118.58,1120.13,1121.84,1124.03,1126.35,1128.65,1130.74,1132.57,1134.39,1136.24,1138.08,1139.70,1141.54,1143.51,1145.45,1147.52,1149.55,1151.98,1154.45,1156.94,1159.38,1161.26,1162.71,1164.38,1166.21,1168.24,1169.80,1170.53,1171.79,1173.30,1175.45,1178.33
950.85,949.57,947.30,942.44,939.94,938.55,933.82,928.64,926.52,928.64,929.32,928.87,935.49,940.42,940.96,941.69,940.65,937.38,931.21,919.36,905.35,900.20,895.28,886.30,882.93,877.42,867.71,856.67,841.72,829.43,825.08,822.15,820.13,825.76,832.68,834.31,835.60,836.97,838.45,842.48,860.30,870.69,872.42,874.51,876.62,879.19,881.29,881.26,879.42,879.66,880.26,879.72,879.89,880.13,880.01,880.23,880.75,881.74,883.00,884.15,885.26,886.34,887.48,888.02,888.94,890.13,891.23,892.73,894.08,895.90,896.99,897.64,901.05,909.54,910.32,909.18,908.71,908.63,908.93,909.38,910.43,911.43,912.32,913.12,913.95,915.38,916.65,918.76,920.09,920.29,920.49,920.94,922.18,923.48,924.75,926.03,927.40,928.81,930.24,931.47,932.63,933.74,934.82,935.98,937.30,938.45,939.41,940.37,940.62,941.38,942.73,944.22,945.69,947.18,948.60,949.70,951.57,953.84,956.01,958.02,960.05,962.12,963.55,964.57,965.49,966.37,967.01,967.65,968.34,969.05,969.70,970.63,972.21,974.12,976.28,978.58,980.52,981.39,982.28,983.11,983.83,984.72,986.57,988.83,990.67,991.34,992.57,997.12,999.38,999.45,999.36,999.89,1000.00,1000.51,1002.01,1003.37,1005.49,1008.09,1009.82,1011.62,1013.47,1015.10,1016.73,1018.62,1020.70,1022.88,1022.81,1022.63,1023.61,1024.75,1026.05,1027.40,1028.59,1029.09,1029.96,1030.57,1032.11,1034.47,1036.77,1037.92,1039.12,1040.48,1042.37,1044.69,1046.80,1048.14,1049.14,1050.27,1051.74,1053.31,1055.03,1057.07,1059.87,1061.89,1064.05,1066.11,1068.12,1070.18,1071.89,1073.67,1075.47,1077.20,1078.58,1079.78,1081.40,1083.13,1085.00,1087.03,1089.12,1090.84,1092.09,1093.99,1096.04,1098.09,1100.21,1102.21,1104.18,1106.19,1108.18,1110.04,1111.67,1113.42,1115.21,1116.99,1118.73,1120.40,1122.12,1124.02,1126.24,1128.30,1130.37,1132.45,1134.37,1136.23,1137.96,1139.41,1141.20,1143.17,1145.10,1147.13,1149.13,1151.54,1154.22,1156.60,1158.39,1159.90,1161.58,1163.36,1164.88,1167.06,1168.87,1169.62,1171.16,1173.59,1176.29,1179.03
948.45,945.77,942.10,939.08,936.91,934.88,932.66,930.42,931.93,937.15,933.66,933.24,939.44,942.55,942.85,942.00,938.95,929.87,924.88,914.86,899.96,890.52,883.52,877.60,877.34,874.87,866.24,852.99,837.33,828.57,825.59,823.03,821.98,823.29,829.91,832.68,834.11,835.58,837.12,839.03,851.47,868.52,872.09,874.12,875.73,879.22,881.96,882.70,881.72,881.21,882.14,881.55,881.91,882.13,881.71,882.19,882.87,882.99,883.72,884.86,886.05,887.31,888.53,888.84,889.06,890.13,891.54,893.25,894.91,897.25,898.46,898.69,899.03,902.92,910.80,910.56,909.37,909.00,909.09,909.57,910.44,911.32,912.19,913.25,914.66,915.99,916.57,917.46,919.06,919.95,920.19,920.67,921.90,923.16,924.47,925.83,927.21,928.69,930.10,931.24,932.34,933.44,934.51,935.69,936.99,938.29,939.44,940.75,941.69,942.40,943.40,944.65,946.13,947.55,948.62,949.56,951.25,953.76,956.44,958.60,960.28,962.01,963.13,964.63,965.96,967.03,967.86,968.43,969.03,969.49,969.93,971.00,972.35,973.89,975.33,978.16,980.73,981.55,982.36,983.13,983.84,984.59,985.74,987.17,988.40,989.21,989.42,992.11,996.12,996.68,997.45,998.74,999.20,1000.35,1001.85,1003.38,1005.17,1006.88,1008.41,1010.01,1011.91,1013.79,1015.76,1017.75,1019.83,1022.58,1024.30,1025.01,1025.99,1027.11,1028.21,1029.18,1030.32,1031.34,1032.43,1033.43,1034.92,1037.29,1039.85,1040.79,1040.76,1041.36,1042.69,1043.94,1045.39,1047.08,1049.18,1050.21,1051.96,1054.57,1056.84,1058.94,1060.53,1062.56,1064.72,1066.88,1069.01,1071.06,1072.93,1074.72,1076.53,1078.32,1079.97,1081.17,1082.28,1083.79,1085.55,1087.46,1089.35,1091.38,1093.35,1095.02,1096.80,1098.50,1100.49,1102.33,1103.96,1105.86,1107.74,1109.46,1111.31,1113.17,1115.04,1116.83,1118.65,1120.54,1122.44,1124.45,1126.29,1127.95,1130.10,1132.28,1134.28,1136.11,1137.79,1139.33,1140.95,1142.79,1144.55,1146.62,1148.86,1151.50,1153.42,1155.26,1156.89,1159.41,1160.85,1162.32,1163.80,1165.56,1167.71,1170.31,1172.37,1174.54,1176.97,1179.05
952.14,950.58,946.62,943.04,939.99,937.31,935.16,934.37,939.86,941.41,936.28,936.75,940.01,944.09,943.53,941.23,936.09,922.36,913.52,904.30,894.87,885.66,875.86,868.64,865.77,862.43,854.86,845.79,835.69,829.16,826.83,825.33,824.67,823.93,826.48,831.05,832.65,834.19,835.73,837.64,842.27,860.23,873.91,878.05,876.93,879.32,881.10,882.19,883.95,884.29,883.95,883.37,883.86,884.06,883.45,884.18,885.14,885.16,885.17,885.63,886.86,888.23,889.67,889.95,889.56,890.28,892.07,893.84,895.92,898.44,900.05,899.91,900.06,901.73,907.54,912.21,910.84,909.46,909.33,909.67,910.42,911.28,912.22,913.98,915.92,917.30,917.70,917.90,918.30,918.87,919.74,920.75,922.08,923.29,924.33,925.60,926.99,928.41,929.88,930.95,932.04,933.13,934.19,935.38,936.68,938.00,939.34,940.90,942.43,943.40,944.34,945.32,946.45,947.55,948.48,949.41,951.05,953.69,956.29,958.82,960.44,961.22,961.45,962.96,965.03,967.12,968.51,969.39,969.96,970.47,971.41,972.79,974.22,975.90,976.48,978.68,980.77,981.41,982.15,983.00,983.74,984.61,985.57,986.42,987.23,988.15,989.14,991.21,993.02,994.29,995.65,996.90,998.19,1000.35,1001.94,1003.59,1005.17,1006.64,1008.17,1009.83,1011.68,1013.40,1015.31,1017.52,1019.60,1021.45,1023.12,1024.30,1025.30,1026.84,1028.17,1029.15,1030.26,1031.95,1033.60,1035.21,1036.84,1038.54,1040.30,1042.15,1042.82,1043.47,1044.63,1045.73,1047.25,1049.08,1051.48,1052.97,1054.17,1056.45,1058.64,1060.57,1061.75,1063.27,1065.35,1067.48,1069.20,1070.83,1072.68,1074.53,1076.45,1078.33,1080.15,1081.92,1083.48,1084.87,1086.30,1087.89,1089.82,1091.84,1093.60,1095.39,1097.14,1098.86,1101.32,1104.05,1105.29,1106.47,1107.43,1109.03,1111.13,1113.20,1115.68,1117.81,1119.26,1121.24,1123.40,1125.47,1127.32,1129.05,1130.63,1132.64,1133.88,1135.02,1137.25,1139.47,1140.64,1142.22,1143.97,1145.88,1147.97,1149.96,1151.74,1153.82,1155.86,1158.20,1160.18,1161.79,1163.56,1165.71,1168.21,1170.86,1172.87,1174.78,1176.61,1178.26
955.77,954.71,952.18,949.33,945.74,940.69,938.62,938.75,944.89,943.36,939.33,941.67,943.16,945.65,941.80,935.68,928.52,923.14,920.51,914.26,905.92,896.13,883.22,867.57,859.18,854.30,847.98,842.16,836.31,831.37,829.58,828.03,827.12,826.16,825.67,829.02,831.26,832.77,834.41,836.48,838.69,849.94,868.81,879.52,879.75,879.18,879.63,880.18,881.67,883.60,885.26,885.34,885.58,885.97,885.18,886.17,887.37,887.36,886.87,886.54,887.68,889.09,890.50,891.86,891.16,891.33,892.83,894.58,896.74,899.03,901.92,902.89,902.73,902.76,905.38,909.26,913.09,911.00,909.64,910.17,911.27,912.50,913.71,915.45,917.38,918.59,918.76,918.87,919.16,919.37,920.17,922.19,923.74,924.66,925.09,925.63,926.79,928.11,929.55,930.70,931.74,932.82,933.87,935.08,936.39,937.80,939.39,941.04,942.23,943.05,943.96,944.90,945.94,946.98,948.00,949.00,950.20,952.41,954.90,957.47,959.50,959.86,960.02,961.59,964.02,966.38,968.20,969.93,971.25,972.46,973.56,974.84,976.48,978.46,979.16,979.03,980.27,981.03,981.92,982.80,983.71,984.63,985.57,986.49,987.42,988.19,988.95,990.00,991.53,993.09,994.87,996.52,998.42,1000.55,1002.26,1004.03,1005.63,1007.00,1008.40,1009.91,1011.43,1013.00,1014.87,1016.80,1018.42,1019.83,1021.78,1023.08,1024.71,1026.32,1027.73,1028.97,1029.99,1031.58,1033.38,1035.09,1036.76,1038.42,1040.12,1042.12,1044.01,1045.36,1046.59,1047.78,1049.02,1050.12,1051.63,1053.64,1055.51,1057.53,1059.45,1061.38,1063.02,1064.36,1065.98,1067.77,1069.25,1070.84,1072.65,1074.57,1076.93,1078.87,1080.48,1081.91,1083.55,1085.36,1087.07,1088.58,1090.14,1091.84,1093.65,1095.41,1097.20,1099.01,1101.88,1105.60,1107.37,1108.40,1108.05,1108.43,1111.23,1113.81,1116.39,1118.64,1119.69,1121.17,1123.19,1125.09,1126.54,1128.11,1129.97,1131.09,1131.21,1132.78,1135.52,1138.70,1140.20,1141.63,1143.46,1145.45,1147.83,1150.04,1151.96,1154.04,1156.20,1158.49,1160.28,1161.73,1163.44,1165.62,1168.06,1170.41,1172.25,1173.89,1175.60,1177.72
959.13,959.83,957.76,953.48,948.67,944.67,942.41,947.07,950.16,945.63,942.95,946.71,948.21,946.93,941.82,935.20,926.64,915.24,911.43,907.93,899.22,891.02,876.56,860.83,855.88,851.76,846.92,841.99,837.44,833.92,832.11,830.45,829.00,827.82,826.96,827.40,829.62,831.38,833.19,835.31,837.45,842.34,859.75,873.95,880.23,880.61,881.03,881.79,883.06,884.65,886.47,887.27,887.10,887.88,886.88,887.86,889.50,889.17,888.50,887.82,888.50,890.28,891.49,893.27,893.50,893.27,894.42,895.98,897.53,899.36,902.93,906.15,906.47,906.10,905.05,906.62,909.94,914.04,911.69,911.70,913.16,914.40,915.68,917.09,918.94,919.90,919.86,919.83,919.89,919.93,921.32,923.90,925.55,926.15,926.45,926.59,926.96,928.17,929.52,930.57,931.51,932.51,933.55,934.79,936.25,937.83,939.42,940.67,941.23,942.03,943.01,944.06,945.11,946.14,947.17,948.18,949.24,951.19,953.95,956.65,958.75,959.03,959.55,961.11,963.35,965.40,967.06,968.78,970.76,972.49,974.17,976.04,977.77,979.34,980.10,980.06,980.18,981.00,981.85,982.31,983.32,984.30,985.22,986.17,987.32,988.56,989.41,990.29,991.82,993.67,995.81,997.85,999.47,1001.04,1002.74,1004.48,1006.09,1007.45,1008.80,1010.12,1011.52,1012.85,1014.44,1016.23,1017.71,1019.22,1020.88,1022.55,1024.25,1025.82,1027.21,1028.57,1029.83,1031.38,1033.13,1034.82,1036.41,1037.96,1039.50,1041.23,1043.14,1045.13,1047.04,1048.78,1049.92,1050.38,1051.57,1053.48,1055.14,1057.26,1059.53,1061.52,1062.95,1064.39,1065.96,1067.60,1069.10,1070.74,1072.64,1074.62,1077.11,1079.55,1081.48,1082.90,1084.19,1085.51,1087.22,1088.85,1091.11,1093.34,1095.10,1096.38,1097.75,1099.43,1102.95,1107.01,1109.43,1109.79,1108.94,1109.60,1111.87,1114.41,1116.21,1117.07,1117.65,1119.49,1121.42,1122.41,1122.86,1124.06,1126.09,1127.28,1128.76,1130.97,1133.79,1136.88,1139.67,1141.72,1143.74,1145.92,1148.50,1150.74,1152.25,1154.09,1156.05,1158.10,1160.07,1161.70,1163.38,1165.47,1167.83,1169.52,1171.24,1173.13,1175.22,1177.43
967.84,962.83,960.79,959.46,953.30,948.17,946.84,952.00,951.95,948.07,946.02,949.83,950.88,948.53,944.40,939.89,930.70,917.41,906.04,895.47,885.06,877.50,870.01,863.45,860.69,854.03,847.09,842.15,838.43,836.20,834.16,831.98,829.85,828.74,828.40,828.48,828.94,830.15,832.01,834.13,836.35,838.69,848.19,862.35,874.08,877.43,879.29,881.50,883.46,885.55,887.58,888.95,888.65,889.57,888.77,889.01,890.63,890.70,890.60,890.37,890.00,890.89,893.06,894.57,895.67,895.36,896.37,897.68,899.24,901.77,905.90,908.84,910.13,910.07,908.49,907.01,907.77,910.80,914.86,913.76,915.08,916.32,917.50,918.66,919.80,921.06,921.60,921.62,921.71,922.27,923.44,925.59,927.27,927.60,927.81,927.90,927.70,928.18,929.30,930.33,931.94,933.69,934.17,934.73,935.75,937.15,938.74,939.45,940.16,941.13,942.19,943.27,944.35,945.51,946.74,947.97,949.25,950.91,953.34,955.88,957.99,958.64,959.44,960.61,961.99,963.45,965.25,967.38,969.45,971.05,973.28,975.63,977.43,978.95,979.88,980.12,980.48,981.01,981.33,981.66,982.75,983.86,984.83,985.77,986.99,988.52,989.62,991.64,993.57,994.89,996.51,998.72,1000.73,1002.03,1003.51,1005.02,1006.46,1007.72,1008.91,1010.12,1011.37,1012.53,1014.09,1016.42,1018.65,1019.92,1020.62,1022.09,1023.78,1025.30,1026.68,1028.07,1029.51,1031.13,1032.54,1033.96,1035.45,1037.01,1038.63,1040.46,1042.54,1044.47,1046.34,1048.30,1049.95,1050.55,1051.45,1053.07,1054.69,1056.62,1059.03,1060.83,1061.82,1063.36,1065.15,1066.90,1068.63,1070.46,1072.54,1074.63,1076.94,1079.15,1081.54,1083.88,1085.70,1086.87,1087.66,1089.09,1092.01,1095.43,1097.38,1098.36,1099.57,1101.86,1105.53,1109.30,1110.03,1109.73,1108.24,1110.63,1112.36,1113.30,1114.10,1114.88,1115.55,1116.96,1118.02,1119.01,1119.89,1121.36,1123.65,1126.49,1129.59,1132.35,1135.29,1138.45,1141.07,1142.74,1144.70,1146.78,1148.86,1150.66,1152.23,1154.15,1156.08,1157.97,1159.82,1161.59,1163.33,1165.25,1167.06,1168.73,1170.79,1172.86,1174.98,1177.07
968.65,969.24,969.29,963.09,956.38,950.81,951.77,956.09,955.30,951.80,949.17,951.57,950.88,948.96,944.87,939.27,929.39,917.89,907.20,898.39,890.38,886.38,885.34,884.26,876.70,863.49,851.12,845.07,840.72,837.93,835.40,832.87,830.61,829.66,829.51,829.34,829.50,829.90,830.86,832.80,834.85,836.88,839.38,850.76,866.72,872.19,874.99,878.95,880.79,883.37,886.22,888.86,889.80,890.12,890.22,890.28,891.12,892.09,892.66,893.07,893.19,893.54,894.95,896.18,897.33,897.45,898.29,899.93,902.54,906.10,909.29,911.22,912.68,913.43,913.27,910.24,908.41,909.33,915.75,915.63,916.27,917.14,918.09,918.94,919.56,920.70,922.55,923.75,924.55,925.62,926.52,927.62,928.87,929.02,929.15,929.13,928.78,928.55,929.16,930.69,933.64,936.45,937.16,936.90,936.40,936.61,937.50,938.65,939.76,940.64,941.81,943.02,944.16,945.45,946.87,948.29,949.72,951.76,953.88,955.99,957.51,958.20,958.88,959.48,960.17,962.04,964.18,966.64,968.92,971.04,973.18,975.27,977.01,978.37,978.85,979.34,980.05,980.40,980.52,981.02,982.16,983.35,984.41,985.37,986.68,988.23,989.91,992.50,995.26,997.19,998.16,999.28,1001.28,1002.58,1003.58,1004.67,1005.93,1007.20,1008.48,1009.79,1011.01,1012.19,1013.74,1015.78,1018.32,1019.90,1020.69,1021.72,1023.30,1024.79,1026.18,1027.57,1028.88,1030.09,1031.68,1033.36,1035.02,1036.71,1038.44,1040.14,1041.88,1043.80,1045.61,1047.56,1049.57,1050.63,1051.25,1052.60,1054.21,1055.97,1057.90,1059.53,1060.76,1062.55,1064.33,1066.07,1067.95,1070.45,1072.78,1075.26,1077.48,1079.49,1081.97,1084.44,1086.72,1088.50,1089.42,1090.13,1093.45,1096.98,1099.57,1100.81,1102.70,1105.16,1107.48,1109.22,1109.05,1107.97,1107.10,1109.34,1110.27,1110.78,1111.79,1112.76,1113.73,1115.06,1117.10,1119.33,1121.08,1122.63,1124.58,1127.13,1130.46,1134.08,1137.40,1140.13,1142.10,1143.88,1145.64,1147.51,1149.13,1150.51,1152.26,1154.15,1155.99,1157.82,1159.65,1161.42,1163.19,1164.99,1166.83,1168.64,1170.55,1172.63,1174.71,1176.78
979.09,975.89,969.26,964.13,958.26,955.25,959.69,960.95,960.25,957.38,954.79,950.89,941.99,941.50,941.67,938.84,931.27,923.72,916.34,906.48,900.52,895.94,892.88,890.52,877.94,861.62,852.73,847.49,843.44,839.53,834.40,830.84,830.00,829.74,829.54,829.42,829.50,829.74,830.05,831.13,833.08,835.13,837.54,843.96,857.61,865.71,871.61,874.38,876.17,880.83,883.89,886.32,887.68,888.68,889.20,890.71,891.47,892.12,892.43,892.93,893.77,895.15,896.51,897.70,898.77,899.60,900.95,903.37,905.55,908.46,910.28,910.71,910.46,910.32,912.39,915.09,912.59,913.63,919.40,917.95,918.15,918.42,918.64,918.86,919.16,920.16,922.10,923.39,924.35,925.90,928.44,929.97,930.51,930.84,931.21,931.20,930.06,929.54,929.80,931.73,935.20,938.60,939.59,938.78,938.02,937.74,937.71,938.86,940.02,940.66,941.84,943.04,944.13,945.36,946.79,948.23,949.58,951.97,954.73,956.49,957.21,957.93,958.74,959.41,960.13,961.87,964.09,966.84,969.88,972.05,973.76,975.40,976.80,977.32,977.79,978.56,979.26,979.65,979.77,980.40,981.56,982.75,983.93,984.99,986.36,987.98,989.76,992.75,996.05,998.77,1000.00,1000.23,1000.68,1001.37,1002.49,1003.76,1005.05,1006.36,1007.64,1009.24,1010.53,1011.90,1013.42,1015.23,1017.37,1018.95,1020.28,1021.54,1022.89,1024.34,1025.69,1027.16,1028.89,1029.99,1031.57,1033.29,1034.88,1036.51,1038.24,1039.89,1041.36,1043.13,1044.91,1046.78,1049.07,1050.39,1051.05,1052.20,1053.82,1055.62,1057.43,1059.08,1060.43,1061.99,1063.59,1065.28,1067.38,1069.45,1071.46,1074.95,1078.45,1080.69,1082.58,1084.60,1087.35,1089.88,1091.59,1093.15,1095.14,1096.56,1098.95,1101.37,1102.55,1102.89,1103.08,1105.13,1105.72,1105.38,1105.45,1106.83,1107.88,1109.01,1110.66,1112.23,1113.95,1115.74,1117.92,1120.36,1122.50,1124.44,1126.24,1127.92,1130.72,1134.86,1138.82,1141.03,1142.66,1143.94,1145.39,1147.31,1148.77,1150.24,1152.05,1153.90,1155.73,1157.59,1159.41,1161.21,1162.93,1164.82,1166.74,1168.60,1170.47,1172.50,1174.53,1176.56
982.51,975.69,974.39,970.54,960.85,960.62,965.62,965.46,964.21,960.08,955.22,947.78,930.98,922.26,923.67,922.86,923.38,921.41,913.47,899.20,887.50,882.03,878.76,876.01,869.53,860.05,854.44,850.03,844.33,838.61,833.61,830.28,829.82,829.72,829.62,829.45,829.55,829.73,829.85,830.15,831.45,833.49,835.94,838.61,847.81,860.82,868.50,867.87,869.98,875.25,880.09,883.26,884.22,885.15,887.71,889.67,890.44,890.75,890.46,889.83,889.92,891.36,893.42,896.04,898.07,899.69,899.92,899.78,901.16,905.87,908.09,908.64,908.53,908.24,909.16,912.80,916.97,919.12,919.72,919.62,919.43,918.97,918.52,918.50,918.98,919.71,921.10,921.17,921.41,922.16,925.10,929.28,930.36,930.98,931.46,932.24,933.13,932.86,932.44,933.29,935.73,938.81,939.98,939.86,939.43,938.96,938.76,939.13,939.98,940.79,941.91,943.07,944.11,945.25,946.67,948.01,949.13,950.73,954.52,956.03,956.53,958.01,959.49,960.63,961.86,963.44,965.10,966.75,969.69,971.96,973.75,975.26,975.77,976.22,976.94,977.63,978.33,978.92,979.15,979.70,980.65,981.91,983.20,984.47,986.24,988.16,990.22,993.07,996.00,998.08,998.98,998.75,999.23,1000.28,1001.63,1002.88,1004.17,1005.50,1006.87,1008.47,1009.98,1011.55,1013.14,1014.95,1016.96,1019.24,1020.68,1021.71,1022.98,1024.30,1025.65,1027.45,1029.66,1030.28,1031.52,1033.20,1034.76,1036.32,1038.03,1039.72,1041.07,1042.58,1044.23,1045.93,1047.98,1049.43,1050.56,1052.01,1053.60,1055.65,1057.76,1059.63,1060.81,1062.00,1063.36,1065.21,1067.05,1068.62,1070.05,1072.74,1076.27,1078.72,1080.19,1080.72,1083.46,1086.88,1088.70,1089.99,1090.37,1090.67,1092.22,1095.93,1097.58,1098.42,1098.80,1100.84,1101.91,1102.43,1103.35,1104.81,1106.84,1109.55,1111.37,1113.34,1115.15,1116.89,1118.74,1120.92,1123.18,1125.46,1127.57,1129.49,1132.16,1135.67,1138.48,1140.17,1141.15,1142.18,1144.07,1146.39,1148.43,1149.86,1151.63,1153.52,1155.41,1157.32,1159.16,1160.90,1162.74,1164.66,1166.58,1168.50,1170.41,1172.39,1174.34,1176.39
983.53,979.59,980.59,971.96,964.08,967.12,971.13,969.80,966.38,958.99,951.85,936.96,922.46,911.93,908.86,906.22,908.41,908.11,901.31,888.53,879.42,877.58,871.37,866.20,861.83,858.33,854.74,851.00,845.11,838.61,835.03,831.91,830.15,829.81,829.67,829.50,829.52,829.63,829.75,829.87,830.30,831.78,834.01,836.42,839.62,850.84,858.54,858.71,860.15,863.96,870.05,878.81,880.69,882.24,884.18,884.98,885.71,886.09,885.07,885.01,886.66,888.43,891.36,894.04,896.24,897.85,898.55,898.91,900.78,904.65,905.88,906.49,906.92,907.27,908.54,909.74,912.07,914.99,917.36,918.27,918.93,918.40,917.93,918.25,918.87,919.46,918.80,918.61,919.05,919.59,921.68,927.13,928.35,928.87,929.13,929.37,930.17,932.95,935.83,936.40,937.16,938.57,939.91,940.00,939.99,939.81,939.77,939.94,940.09,940.95,941.98,943.07,944.08,945.19,946.48,947.63,948.73,950.23,953.36,955.10,955.76,957.52,959.49,961.73,963.76,965.62,967.47,968.98,970.24,972.26,973.78,974.25,974.70,975.35,976.01,976.69,977.38,978.07,978.53,979.07,979.66,980.65,982.03,983.44,985.34,987.61,989.66,991.90,993.63,994.87,996.07,996.62,997.53,998.88,1000.38,1001.88,1003.36,1005.47,1008.42,1009.35,1009.95,1011.34,1013.10,1015.27,1017.48,1019.63,1020.97,1022.03,1023.36,1024.80,1026.29,1027.84,1029.28,1030.20,1031.53,1033.12,1034.64,1036.18,1037.96,1039.64,1040.80,1042.36,1043.98,1045.71,1048.26,1050.06,1050.62,1051.91,1053.41,1055.44,1057.66,1059.71,1060.91,1061.83,1063.49,1065.48,1067.47,1069.37,1070.54,1071.68,1073.50,1075.69,1077.40,1078.99,1080.49,1082.95,1084.49,1085.72,1086.67,1087.80,1089.13,1090.71,1092.60,1094.54,1096.00,1097.65,1099.15,1100.75,1102.70,1104.95,1107.56,1110.15,1112.16,1114.18,1116.20,1118.09,1119.80,1121.81,1124.04,1126.31,1128.41,1130.60,1132.55,1133.55,1134.99,1137.22,1138.79,1140.63,1142.90,1145.23,1147.56,1149.67,1151.51,1153.33,1155.15,1156.97,1158.79,1160.64,1162.53,1164.43,1166.33,1168.23,1170.04,1172.02,1174.15,1176.28
984.63,983.83,978.75,969.78,969.55,973.77,975.82,974.19,963.39,950.13,940.07,923.07,913.98,911.88,907.96,899.31,891.88,891.17,890.08,888.29,891.87,893.21,887.78,877.51,869.52,864.88,862.24,858.00,851.75,840.77,836.57,834.93,832.52,830.03,829.68,829.56,829.55,829.55,829.64,829.76,829.89,830.39,831.85,833.97,836.44,840.08,847.18,849.25,850.10,851.96,859.91,866.32,870.85,877.49,879.59,877.01,876.72,878.36,881.58,887.39,890.79,890.34,890.63,892.68,894.59,896.04,897.06,898.51,900.91,903.19,904.09,904.61,905.31,906.37,907.50,908.60,909.47,911.36,914.99,916.79,918.05,917.87,917.44,917.92,918.51,918.89,917.99,917.83,919.05,920.54,923.01,925.70,926.46,927.02,927.44,927.71,928.43,930.38,933.47,935.93,938.03,939.22,939.96,940.02,940.02,940.01,940.01,940.10,940.44,941.66,943.03,944.17,944.93,945.61,946.66,947.47,948.54,949.80,952.02,954.07,955.07,956.97,959.01,961.31,963.65,966.00,968.16,970.06,971.13,972.33,972.73,973.28,974.01,974.69,975.32,975.98,976.61,977.25,977.88,978.47,979.09,979.80,980.96,982.34,983.96,985.86,987.69,989.43,990.25,991.71,993.35,994.72,996.32,999.07,1001.94,1003.18,1004.91,1007.63,1009.93,1010.21,1010.55,1011.67,1013.32,1015.44,1017.73,1019.82,1020.99,1021.88,1023.42,1025.15,1026.87,1028.56,1029.92,1030.48,1031.63,1033.10,1034.63,1036.21,1038.22,1039.97,1040.88,1042.43,1044.01,1045.72,1048.12,1050.01,1050.71,1051.82,1053.24,1055.21,1057.37,1059.34,1060.60,1061.33,1063.16,1065.23,1067.28,1069.29,1070.61,1071.82,1073.40,1075.22,1077.32,1079.62,1080.52,1081.59,1083.00,1084.33,1085.82,1087.70,1089.59,1090.65,1091.86,1093.53,1095.75,1097.69,1099.68,1101.62,1103.57,1105.54,1107.63,1110.06,1112.28,1114.43,1116.63,1118.86,1120.97,1122.84,1124.70,1126.33,1127.69,1128.67,1129.12,1129.76,1131.60,1134.29,1136.86,1139.64,1142.09,1144.42,1146.81,1149.15,1151.06,1152.85,1154.62,1156.37,1158.18,1160.10,1162.11,1164.06,1165.96,1167.82,1169.41,1171.28,1173.43,1175.58
988.52,984.56,976.25,973.07,976.91,980.79,980.78,976.38,960.30,944.34,928.47,928.76,932.05,934.07,932.94,918.60,906.84,904.06,906.48,907.46,908.22,906.56,899.59,891.72,885.55,876.09,866.53,859.38,855.13,848.91,840.71,839.63,838.27,830.63,829.63,829.72,829.63,829.62,829.60,829.68,829.76,829.88,830.30,831.52,833.55,835.61,837.87,842.65,849.17,853.04,855.41,857.42,859.22,863.95,868.24,870.27,877.35,880.09,883.33,889.27,892.72,893.69,893.40,893.74,894.62,895.64,896.93,898.64,900.17,901.38,902.40,903.32,904.44,905.59,906.70,907.83,908.90,910.97,913.14,915.11,916.79,917.30,917.03,917.55,918.00,918.65,918.78,918.17,919.22,921.31,923.04,923.92,924.66,925.19,925.67,926.41,927.46,929.06,931.27,933.89,936.35,938.16,939.76,940.00,940.08,940.09,940.10,940.18,941.12,943.34,945.10,946.41,946.87,947.09,948.77,949.81,949.02,949.66,951.09,952.99,954.45,956.45,958.77,961.25,963.45,965.57,967.55,969.39,970.51,971.20,971.80,972.68,973.36,974.05,974.72,975.36,975.99,976.65,977.29,977.93,978.60,979.50,980.84,982.56,984.01,985.22,986.44,987.90,989.19,991.13,994.16,996.81,998.35,1000.27,1005.24,1007.16,1008.55,1009.78,1010.10,1010.33,1010.72,1012.03,1013.54,1015.58,1017.85,1019.86,1020.71,1021.39,1022.91,1024.63,1026.36,1028.08,1029.54,1030.46,1031.78,1033.40,1034.92,1036.68,1038.68,1040.01,1041.20,1042.64,1044.14,1045.69,1047.73,1049.65,1050.57,1051.69,1053.05,1054.93,1056.73,1058.55,1060.02,1060.69,1062.48,1064.59,1066.66,1068.81,1070.63,1071.96,1073.55,1075.50,1077.65,1079.62,1080.66,1081.69,1082.98,1084.29,1085.85,1087.78,1089.51,1090.42,1091.64,1093.63,1096.05,1098.36,1100.41,1102.31,1104.20,1106.05,1107.86,1109.68,1111.93,1114.24,1116.51,1118.74,1120.59,1121.77,1123.00,1124.06,1125.14,1126.03,1127.45,1129.47,1130.94,1133.84,1136.73,1139.14,1141.46,1143.91,1146.30,1148.55,1150.38,1152.11,1153.85,1155.66,1157.52,1159.52,1161.55,1163.59,1165.55,1167.24,1168.65,1170.21,1172.39,1174.61
