994.34,983.47,976.89,978.88,983.04,985.63,984.62,974.83,956.12,941.38,933.83,949.38,953.94,954.62,949.70,936.80,921.65,915.86,920.55,926.26,926.95,920.99,914.81,904.51,893.53,880.18,867.49,860.03,861.83,861.12,850.45,843.98,837.67,832.12,830.60,829.94,829.66,829.74,829.72,829.66,829.70,829.76,829.86,830.14,831.17,833.05,836.38,842.13,854.69,864.63,871.11,874.57,873.21,871.77,874.75,879.36,881.89,883.08,884.64,888.28,892.30,896.25,897.33,897.87,898.29,898.27,898.71,899.86,900.85,901.62,902.56,903.24,903.91,904.91,905.98,907.24,908.61,909.97,911.37,913.20,915.13,916.50,916.61,917.18,918.10,919.31,919.82,918.94,918.95,920.27,921.42,922.20,923.07,924.10,925.35,926.62,927.86,928.85,930.63,932.96,935.24,937.38,939.23,939.94,940.00,940.05,940.10,940.17,941.25,944.05,946.69,948.56,948.86,948.55,949.53,951.43,951.12,950.87,951.66,953.00,954.25,956.05,958.38,960.49,962.54,964.57,966.17,967.94,969.12,970.28,971.31,972.04,972.70,973.39,974.07,974.74,975.39,976.03,976.75,977.67,978.78,980.31,982.52,984.55,985.81,986.74,987.36,988.83,990.47,993.01,996.45,1000.38,1002.79,1005.29,1008.44,1009.83,1009.99,1010.06,1010.14,1010.22,1010.64,1012.24,1013.86,1015.71,1017.74,1019.23,1020.16,1020.91,1022.42,1024.09,1025.82,1027.49,1028.99,1030.48,1032.10,1033.74,1035.34,1037.40,1039.56,1040.99,1042.00,1043.27,1044.54,1046.03,1047.68,1049.32,1050.42,1051.63,1052.87,1054.30,1055.95,1057.68,1058.99,1060.02,1061.85,1063.97,1066.44,1069.03,1070.70,1072.10,1073.74,1075.67,1077.56,1079.28,1080.51,1081.65,1082.94,1084.24,1085.86,1087.59,1088.98,1090.03,1091.48,1093.80,1096.23,1098.63,1100.63,1102.30,1104.07,1105.82,1107.57,1109.32,1111.40,1113.75,1115.94,1117.54,1118.72,1119.69,1121.03,1122.47,1124.28,1126.18,1128.17,1130.29,1132.49,1134.48,1136.97,1138.99,1141.11,1143.50,1145.71,1147.66,1149.46,1151.22,1152.95,1154.74,1156.74,1159.12,1161.45,1163.29,1164.52,1166.22,1167.73,1169.22,1171.05,1172.55
1003.25,987.72,980.93,984.88,989.41,989.88,986.17,969.28,954.55,941.24,943.50,960.88,966.64,964.47,958.50,948.13,937.48,931.78,936.04,939.10,936.23,929.63,921.75,910.94,895.17,880.38,870.51,864.53,867.18,868.31,858.19,843.40,836.99,838.48,840.77,833.16,829.69,829.83,829.78,829.76,829.76,829.76,829.79,829.87,830.02,831.25,834.10,835.29,842.23,858.69,870.11,879.21,880.95,878.97,877.02,880.12,882.53,885.07,886.77,888.58,892.52,897.54,899.80,900.22,900.35,900.23,900.24,900.65,901.74,902.46,902.67,902.71,903.37,904.08,905.24,906.54,908.34,910.12,911.63,912.80,914.05,915.38,916.21,917.19,918.20,919.32,920.52,920.04,919.06,919.62,920.54,921.64,922.77,924.19,925.70,927.07,928.42,929.61,931.09,933.28,935.48,937.18,938.17,938.98,939.57,939.90,940.01,940.08,940.90,943.20,946.31,949.29,950.19,950.25,950.41,952.37,953.34,953.41,953.70,954.56,955.43,956.31,957.78,959.61,961.54,963.55,965.07,966.59,968.35,970.08,970.70,971.38,972.04,972.72,973.42,974.13,975.26,977.61,978.48,979.34,980.19,982.51,984.57,986.62,987.61,988.29,988.55,989.92,992.52,995.22,998.13,1001.43,1004.60,1006.91,1007.80,1008.56,1009.57,1009.63,1009.84,1009.92,1010.32,1012.01,1013.79,1015.30,1016.57,1017.82,1019.25,1020.39,1021.93,1023.58,1025.27,1026.91,1028.54,1030.26,1032.09,1033.89,1035.63,1037.46,1039.24,1040.80,1042.23,1043.56,1045.06,1046.68,1048.28,1049.86,1050.56,1051.45,1052.55,1054.00,1056.49,1059.20,1060.40,1060.95,1062.36,1064.30,1067.02,1069.53,1070.68,1072.05,1073.69,1075.49,1077.27,1078.98,1080.35,1081.58,1082.89,1084.24,1085.63,1086.97,1088.29,1089.58,1091.48,1093.86,1096.21,1098.57,1100.65,1102.24,1103.94,1105.72,1107.47,1109.15,1111.01,1113.04,1114.39,1115.48,1116.80,1118.73,1120.72,1122.54,1124.39,1126.27,1128.09,1130.01,1132.29,1134.38,1136.55,1138.88,1141.03,1142.56,1144.06,1145.88,1147.82,1149.92,1151.67,1153.55,1156.01,1158.98,1161.08,1161.61,1162.67,1164.79,1166.53,1167.76,1168.73,1170.04
1008.36,992.36,987.22,991.78,994.58,993.94,987.01,971.65,963.32,948.96,948.61,967.36,971.09,967.63,963.07,958.49,950.70,942.30,940.33,940.34,936.63,930.58,920.63,910.78,893.72,877.81,871.41,871.88,877.36,873.07,857.41,843.74,842.59,850.64,851.89,836.21,829.89,830.46,830.04,829.90,829.83,829.90,829.83,829.85,829.90,830.05,831.63,830.86,833.63,845.34,860.52,873.54,880.85,881.83,880.26,881.02,884.59,887.01,888.35,890.24,893.50,895.85,898.72,900.24,900.60,900.89,901.21,901.55,901.97,901.88,901.80,901.94,902.49,903.26,904.48,905.74,907.58,909.57,911.21,912.14,913.06,914.00,914.85,915.65,916.56,918.15,919.73,921.24,919.92,919.61,920.52,921.63,922.77,924.19,925.70,927.17,928.71,930.25,932.02,933.84,935.05,935.87,936.69,937.45,938.10,938.71,939.41,939.86,940.83,942.34,945.22,947.71,949.08,949.90,951.07,952.66,954.42,955.70,955.97,956.33,957.01,957.63,958.42,959.69,961.01,962.57,964.11,965.53,967.28,968.77,969.66,970.55,971.39,972.18,973.16,974.67,977.37,982.05,984.63,985.95,985.50,986.25,987.54,988.75,989.35,989.60,989.62,990.43,993.15,996.08,999.20,1002.12,1003.82,1003.98,1004.54,1006.42,1007.04,1007.66,1008.48,1008.65,1009.40,1011.39,1012.67,1013.85,1015.04,1016.41,1017.81,1019.44,1021.33,1023.04,1024.73,1026.38,1028.09,1029.82,1031.52,1033.05,1034.79,1036.58,1038.36,1040.10,1041.71,1043.34,1045.06,1046.78,1048.46,1049.84,1050.28,1051.16,1052.08,1054.03,1056.71,1059.21,1060.61,1061.84,1063.13,1064.93,1067.37,1069.12,1070.26,1071.80,1073.59,1075.42,1077.41,1079.40,1080.64,1081.89,1083.27,1084.59,1085.88,1087.19,1088.38,1089.53,1091.37,1093.68,1096.01,1098.34,1100.48,1102.22,1103.88,1105.61,1107.30,1108.76,1110.16,1111.29,1112.43,1114.13,1116.15,1118.34,1120.24,1122.03,1123.95,1125.89,1127.74,1129.59,1131.45,1133.41,1135.38,1137.78,1139.34,1140.23,1141.94,1143.84,1146.10,1148.18,1149.86,1151.92,1154.54,1157.04,1158.69,1159.53,1161.47,1163.45,1164.82,1166.01,1168.31,1171.30
1009.82,997.09,993.56,997.88,999.59,996.42,989.49,979.55,969.89,952.77,953.71,970.86,969.82,965.14,959.07,953.65,943.41,929.98,925.59,929.65,930.16,924.93,913.34,903.57,887.36,876.60,882.70,887.52,884.41,871.73,857.62,849.91,855.45,859.96,850.49,837.18,832.91,832.06,831.41,830.62,830.44,830.52,829.90,829.91,829.90,829.97,831.30,830.01,829.74,835.28,848.86,864.19,877.44,882.42,883.41,884.13,885.46,885.52,886.62,889.03,889.43,889.68,892.15,896.00,898.59,899.60,900.27,900.58,900.82,900.78,900.90,901.13,901.55,902.47,903.73,904.97,906.73,908.49,909.75,910.86,911.74,913.02,914.59,915.83,916.54,917.21,918.70,920.30,921.76,920.00,920.59,921.64,922.77,924.19,925.67,927.17,928.69,930.30,931.94,932.92,933.70,934.43,935.22,935.92,936.53,937.30,938.21,939.45,940.78,942.04,943.85,945.27,946.57,947.76,949.35,951.06,953.27,956.45,957.86,958.19,958.93,959.01,959.80,960.50,961.96,963.30,964.59,965.63,966.75,968.13,969.69,970.62,971.68,972.76,973.97,975.81,978.12,981.78,986.13,989.61,989.81,989.75,989.89,990.00,990.01,990.04,990.01,990.40,993.00,996.02,999.04,1000.93,1000.72,1000.65,1002.55,1003.96,1004.98,1006.24,1006.60,1006.90,1008.16,1010.03,1011.25,1012.63,1014.17,1015.74,1017.37,1019.08,1020.76,1022.42,1024.04,1025.70,1027.37,1028.94,1030.36,1032.22,1034.04,1035.93,1037.89,1039.80,1041.31,1043.05,1044.84,1046.56,1048.19,1049.30,1049.95,1050.68,1051.75,1054.16,1056.53,1058.77,1060.49,1062.04,1063.59,1065.22,1066.84,1068.34,1069.90,1071.70,1073.39,1075.37,1077.49,1079.58,1081.34,1082.41,1083.69,1084.78,1085.70,1086.80,1087.90,1089.11,1091.03,1093.32,1095.53,1097.90,1100.28,1102.07,1103.81,1105.41,1106.65,1107.75,1108.82,1109.73,1111.88,1114.23,1116.03,1118.09,1119.73,1121.51,1123.53,1125.51,1127.37,1129.21,1130.64,1132.39,1134.17,1136.13,1137.26,1138.58,1140.11,1142.19,1144.50,1146.39,1148.26,1150.13,1152.29,1154.38,1156.17,1158.71,1160.85,1162.08,1163.62,1166.10,1168.87,1171.32
1011.88,1002.88,1001.85,1004.91,1003.19,997.60,991.66,982.58,969.64,957.83,966.81,974.77,968.47,963.38,951.77,941.98,937.84,931.83,920.16,915.48,917.60,914.68,901.88,890.21,880.67,883.62,893.64,895.34,886.72,871.49,860.69,862.87,866.36,861.13,845.87,838.40,835.62,833.55,833.15,832.58,832.29,831.78,830.51,830.56,830.12,830.47,831.55,830.25,828.64,830.33,837.75,853.04,870.17,879.72,882.16,882.93,881.34,879.35,880.56,883.28,884.28,885.70,887.86,889.40,891.50,894.59,897.21,898.00,898.49,899.38,900.21,900.39,900.67,901.64,902.90,904.19,905.76,907.06,908.36,910.25,912.03,914.40,917.10,918.71,918.40,917.74,918.30,919.25,922.11,922.48,921.74,922.22,922.93,924.12,925.54,926.91,928.32,929.83,930.76,931.55,932.30,933.10,933.99,935.03,936.22,937.40,938.60,939.82,941.16,942.50,944.39,946.29,947.46,948.34,949.13,950.41,953.87,957.43,959.15,959.87,960.50,960.73,961.71,962.54,964.09,965.50,966.71,967.39,968.29,968.85,969.74,971.09,972.48,973.63,974.93,976.70,978.52,980.92,984.65,988.48,989.99,990.00,990.03,990.09,990.10,990.10,990.11,990.33,992.74,995.69,998.00,998.86,998.56,999.30,1000.81,1002.14,1003.97,1004.46,1005.06,1006.45,1008.15,1009.91,1011.56,1013.01,1014.43,1015.88,1017.44,1019.01,1020.54,1022.05,1023.59,1025.24,1026.75,1028.22,1030.03,1031.78,1033.50,1035.39,1037.37,1039.21,1040.63,1042.54,1044.54,1046.31,1047.52,1048.18,1048.85,1049.98,1051.60,1053.88,1056.12,1058.45,1060.40,1061.93,1063.59,1065.17,1066.71,1068.26,1069.78,1071.47,1072.18,1074.14,1076.85,1079.26,1081.03,1082.26,1083.03,1083.61,1084.38,1085.48,1086.72,1088.43,1090.32,1092.41,1094.95,1097.77,1100.39,1102.15,1103.66,1104.82,1105.77,1106.75,1107.76,1108.97,1111.91,1114.39,1115.98,1117.59,1119.06,1121.11,1123.13,1125.09,1126.89,1128.64,1130.14,1131.33,1132.84,1134.43,1135.96,1137.69,1139.36,1141.19,1143.31,1145.26,1147.27,1149.49,1151.61,1153.61,1155.64,1157.85,1159.87,1161.59,1163.47,1165.67,1168.57,1171.11
1014.77,1017.00,1016.91,1012.06,1003.82,996.55,991.14,980.15,971.05,968.21,978.70,981.16,977.08,977.48,966.09,958.28,955.25,946.88,929.68,913.34,905.74,899.90,892.45,889.00,887.58,891.16,896.71,900.20,891.04,879.18,872.67,874.38,871.52,859.87,847.50,840.52,837.13,835.05,834.78,834.58,834.17,833.07,832.01,832.17,831.87,831.79,832.01,830.59,828.25,828.38,831.07,840.06,856.87,871.19,874.10,872.02,871.60,874.39,878.03,879.40,881.71,884.06,886.07,886.93,887.98,890.92,893.19,895.14,896.78,898.20,898.85,899.26,899.75,900.85,902.25,903.84,905.18,906.74,908.36,910.49,913.25,915.96,918.86,920.09,919.84,919.19,919.26,920.23,922.04,924.72,924.57,924.61,924.59,924.63,925.20,926.32,927.75,928.93,929.67,930.67,931.71,932.80,933.92,935.14,936.39,937.66,938.91,940.28,941.78,943.14,944.99,947.58,949.68,950.81,951.85,953.25,955.82,958.21,959.84,960.86,961.55,962.48,963.68,964.93,966.30,967.75,968.85,969.28,969.87,970.14,970.41,971.72,973.20,974.50,975.88,977.61,979.12,981.39,985.81,988.30,989.87,990.00,990.00,990.06,990.10,990.10,990.14,990.31,992.32,994.51,996.20,997.08,997.39,998.45,999.54,1001.51,1002.42,1003.25,1004.79,1006.47,1008.18,1009.98,1011.79,1013.40,1014.92,1016.36,1017.86,1019.32,1020.87,1022.45,1024.00,1025.84,1027.64,1029.09,1030.51,1032.02,1033.52,1035.10,1036.68,1038.38,1040.72,1042.62,1044.46,1045.66,1046.29,1046.90,1047.80,1049.27,1051.34,1053.72,1056.17,1058.42,1060.22,1061.97,1063.65,1065.14,1066.66,1068.17,1069.51,1070.37,1070.61,1072.52,1075.38,1078.10,1080.01,1081.07,1081.48,1082.08,1083.01,1084.00,1085.42,1087.21,1089.61,1092.29,1095.27,1098.17,1100.47,1101.96,1103.13,1104.22,1105.14,1106.02,1106.98,1108.22,1111.31,1113.61,1114.35,1115.26,1117.49,1120.66,1122.36,1123.96,1125.52,1127.14,1128.84,1130.62,1132.69,1134.44,1136.10,1138.48,1140.49,1142.08,1143.81,1145.69,1147.62,1149.80,1152.07,1154.24,1156.36,1158.46,1160.49,1162.09,1163.78,1165.71,1167.82,1169.65
1025.64,1027.13,1024.66,1015.84,1001.83,991.34,986.49,983.97,981.99,977.47,989.74,990.40,989.11,988.53,980.61,970.71,962.09,953.02,934.49,914.42,903.32,896.58,901.03,903.38,900.04,901.34,899.48,902.53,897.85,887.26,884.35,879.82,867.81,856.44,849.15,843.05,838.49,836.61,836.39,836.23,835.72,834.25,833.96,834.10,834.26,834.42,833.91,831.26,828.46,827.24,827.96,831.87,841.98,853.07,852.83,859.59,876.00,881.37,882.73,883.06,884.51,886.23,887.67,886.77,887.07,890.09,892.64,894.58,895.86,896.85,897.38,898.43,899.63,901.19,903.16,904.90,905.58,906.92,908.54,909.69,911.61,915.27,918.98,920.21,920.46,920.31,920.13,921.25,922.50,924.13,926.14,926.90,926.71,926.58,926.67,926.76,927.27,928.32,929.63,930.75,931.84,932.90,934.01,935.23,936.48,937.75,939.02,940.48,942.27,943.78,945.54,948.08,949.64,950.61,952.16,953.96,955.72,957.71,959.80,961.02,961.48,962.15,963.70,965.77,967.49,969.10,969.86,970.03,970.54,971.14,971.54,972.60,973.92,975.31,976.72,978.06,979.20,982.03,987.72,989.68,989.56,989.03,989.62,990.04,990.00,990.00,990.04,990.17,991.22,992.88,994.34,995.40,996.48,997.67,999.02,1000.40,1001.49,1003.06,1004.71,1006.43,1008.14,1009.87,1011.68,1013.46,1015.24,1016.75,1018.16,1019.60,1021.18,1022.84,1024.43,1026.34,1028.28,1030.15,1031.75,1033.20,1034.69,1036.24,1037.83,1039.18,1041.16,1042.95,1043.80,1044.35,1045.01,1046.26,1048.03,1049.81,1051.76,1053.99,1056.30,1058.37,1060.34,1062.12,1063.66,1065.13,1066.53,1067.70,1068.64,1069.28,1069.64,1071.72,1074.48,1076.94,1078.72,1079.52,1079.88,1080.62,1081.34,1082.08,1083.87,1087.02,1090.40,1092.98,1095.64,1098.20,1100.22,1101.41,1102.51,1103.60,1104.57,1105.43,1106.31,1107.58,1110.38,1111.20,1111.27,1112.24,1115.03,1118.78,1121.11,1122.91,1124.88,1126.90,1128.92,1131.43,1133.86,1135.52,1137.10,1139.01,1140.95,1142.79,1144.48,1146.33,1148.16,1149.85,1151.82,1153.96,1156.19,1158.31,1160.43,1162.26,1164.08,1166.46,1169.03,1171.03
1037.85,1036.60,1029.73,1018.41,1000.82,998.78,999.04,997.39,992.23,986.54,997.15,998.03,994.97,991.61,982.07,968.44,954.96,941.89,928.38,914.35,903.30,902.10,912.58,914.36,910.59,912.72,909.15,908.61,906.54,898.94,893.00,879.39,867.80,860.56,855.13,848.78,840.29,838.12,837.98,837.90,836.90,835.67,835.86,836.27,836.62,836.84,836.86,832.93,829.01,826.82,827.45,829.09,835.25,839.24,845.57,863.07,878.02,882.56,885.12,887.18,889.03,889.75,890.18,887.94,887.01,890.57,892.29,893.40,894.51,895.84,897.50,899.41,900.93,902.59,904.50,905.99,906.34,907.10,908.36,908.19,909.90,913.46,916.87,918.98,920.49,920.64,920.76,922.02,923.30,924.47,925.68,927.39,928.50,928.58,928.57,928.32,928.15,929.11,930.06,930.80,931.87,932.96,934.07,935.30,936.53,937.77,939.06,940.60,942.48,944.31,946.06,947.75,948.51,949.09,950.21,952.31,954.94,957.45,959.63,960.36,960.27,960.77,962.86,965.24,967.02,967.85,967.93,968.31,969.96,971.17,972.22,973.23,974.25,975.27,976.33,977.30,978.22,979.34,983.50,986.26,985.65,985.09,986.17,987.20,988.79,989.26,989.47,989.91,990.91,992.17,993.55,995.01,996.25,997.57,998.87,1000.04,1001.39,1002.98,1004.70,1006.77,1008.80,1010.51,1012.10,1013.83,1015.62,1017.13,1018.58,1020.02,1021.60,1023.23,1024.87,1026.57,1028.23,1030.07,1032.47,1034.01,1035.59,1037.21,1038.75,1039.94,1040.99,1041.92,1042.45,1043.18,1044.61,1046.42,1047.97,1049.30,1051.75,1054.24,1056.43,1058.34,1060.21,1062.10,1063.57,1064.51,1065.48,1066.46,1067.36,1068.19,1069.24,1071.61,1073.85,1075.20,1076.47,1077.32,1077.98,1078.87,1079.43,1080.41,1082.69,1086.22,1089.57,1092.34,1095.20,1097.87,1099.98,1100.95,1101.90,1102.99,1103.99,1104.87,1105.71,1106.94,1108.68,1108.94,1109.25,1110.58,1114.55,1119.25,1121.97,1124.01,1126.12,1128.23,1130.16,1132.21,1134.19,1136.20,1138.10,1139.78,1141.45,1143.27,1144.91,1146.51,1148.02,1149.53,1151.63,1154.14,1156.71,1159.06,1161.00,1162.86,1164.72,1166.65,1168.68,1170.86
1046.91,1044.63,1034.93,1020.93,1012.76,1020.20,1017.47,1011.38,1004.80,1000.24,1003.82,999.98,991.72,987.13,977.92,962.64,942.76,932.12,923.80,914.84,907.52,913.26,922.28,928.00,926.13,924.10,922.35,920.71,918.77,910.27,898.09,885.52,880.56,876.89,872.47,861.99,842.66,839.91,839.56,839.46,837.99,837.47,837.08,837.06,838.06,838.81,840.18,836.38,829.85,826.85,826.79,828.86,832.52,836.36,842.30,856.24,871.92,879.11,881.99,884.97,887.81,889.14,889.95,889.70,886.63,888.44,891.01,892.97,895.09,896.80,898.12,899.91,902.22,904.00,905.70,907.05,907.29,907.45,907.84,908.22,910.34,913.08,915.87,918.67,920.79,920.79,921.55,922.75,923.62,924.12,925.34,926.97,928.67,929.86,929.93,929.63,929.33,929.87,930.33,930.77,931.61,932.72,933.85,935.21,936.61,937.73,938.79,940.47,942.49,944.43,945.83,946.69,947.38,948.13,949.52,951.91,954.74,957.03,958.54,958.65,958.71,960.74,963.00,964.30,964.79,965.35,965.45,966.88,968.80,970.38,971.44,972.07,972.99,973.96,974.96,975.96,977.00,978.36,980.72,982.38,982.50,983.53,985.13,986.20,987.06,987.89,988.74,990.08,991.20,992.45,993.88,995.45,997.06,999.01,1000.46,1001.14,1001.96,1003.22,1004.73,1006.60,1008.65,1010.72,1012.30,1014.00,1015.78,1017.43,1018.98,1020.56,1022.06,1023.61,1025.09,1026.54,1027.97,1029.54,1031.31,1032.90,1035.39,1036.99,1037.75,1037.92,1039.45,1040.53,1041.49,1042.93,1044.59,1045.72,1045.89,1047.87,1051.82,1054.12,1054.79,1055.64,1057.85,1061.21,1062.22,1062.70,1063.94,1065.07,1066.00,1067.14,1068.75,1070.71,1072.15,1073.16,1074.61,1075.79,1077.11,1078.41,1079.36,1080.34,1083.24,1087.46,1089.72,1091.87,1094.55,1097.14,1099.52,1100.76,1101.66,1102.54,1103.83,1104.97,1106.95,1108.32,1108.32,1108.48,1109.33,1111.56,1115.47,1118.69,1121.63,1123.97,1126.29,1128.44,1130.40,1132.15,1133.90,1135.90,1138.04,1139.82,1141.33,1142.70,1144.15,1145.85,1147.64,1149.47,1151.80,1154.34,1156.87,1159.41,1161.83,1164.02,1166.17,1168.18,1169.36,1171.35
1057.06,1050.96,1039.86,1023.24,1028.47,1035.45,1030.48,1022.55,1016.45,1014.51,1007.03,995.88,981.98,970.72,967.53,958.80,944.11,941.44,931.80,916.86,918.80,929.61,934.54,940.02,939.77,933.63,932.48,931.21,929.28,919.26,905.43,899.47,895.44,889.38,883.54,869.19,845.19,842.45,842.38,841.84,839.45,839.24,838.22,837.67,838.42,839.96,849.93,845.20,832.17,827.57,826.03,827.87,831.33,834.86,837.66,846.15,861.22,871.90,876.31,880.78,882.74,882.39,882.20,885.04,885.42,887.98,891.75,894.72,897.41,899.02,900.09,901.31,903.36,905.37,906.79,908.06,908.29,908.28,907.78,908.72,910.36,913.03,915.96,918.81,920.71,921.15,922.00,922.56,922.93,923.64,925.07,926.64,928.36,929.75,930.23,930.24,930.37,930.44,930.66,930.96,931.42,932.42,933.57,935.00,936.46,937.93,939.28,940.77,942.65,943.75,944.43,945.47,946.34,947.74,949.78,952.13,953.96,955.54,956.29,956.27,957.88,960.33,961.93,961.40,962.16,962.79,963.75,965.58,967.39,969.21,970.31,970.69,971.77,972.95,974.11,975.32,976.68,978.32,980.09,981.04,982.38,984.11,985.88,987.17,987.60,988.13,989.02,990.30,991.51,992.76,994.23,995.96,998.06,999.97,1002.10,1002.82,1003.35,1004.04,1005.20,1006.95,1008.58,1009.97,1011.32,1013.13,1015.01,1016.77,1018.54,1020.17,1021.54,1022.88,1024.35,1025.71,1027.05,1028.55,1029.96,1032.58,1034.99,1034.63,1034.53,1035.35,1037.11,1039.09,1041.17,1042.64,1043.33,1042.99,1043.61,1049.05,1050.46,1050.19,1050.38,1051.48,1053.52,1058.28,1060.48,1060.92,1062.47,1063.84,1065.35,1067.49,1069.07,1070.53,1073.03,1075.55,1078.79,1080.34,1081.17,1081.80,1082.61,1083.89,1087.18,1089.97,1090.97,1092.33,1094.55,1097.08,1099.73,1101.74,1102.88,1104.23,1108.67,1110.59,1111.14,1110.60,1109.46,1109.39,1110.34,1112.82,1116.39,1118.92,1121.05,1123.41,1125.75,1128.01,1130.14,1131.93,1133.64,1135.51,1137.29,1138.70,1140.12,1141.66,1143.47,1145.50,1147.48,1149.36,1151.38,1153.78,1156.29,1158.79,1160.99,1163.08,1165.52,1168.01,1170.15,1171.52
1059.84,1051.87,1042.20,1029.82,1041.20,1044.90,1040.58,1032.49,1025.97,1023.86,1013.51,999.92,985.31,968.79,958.22,956.62,958.87,955.12,941.67,924.80,933.66,943.41,947.79,949.38,944.45,941.09,939.92,935.88,935.81,925.79,916.44,912.80,905.84,896.06,887.20,869.87,847.64,846.55,846.54,844.77,842.49,841.23,839.35,838.44,838.56,841.40,856.78,855.13,836.70,828.69,826.57,827.86,829.99,831.00,833.63,838.19,848.72,861.43,869.53,874.98,876.24,875.21,875.88,878.81,881.44,886.98,891.94,895.55,899.02,901.01,902.62,903.87,905.40,907.04,908.24,909.12,909.10,908.10,907.33,908.21,909.49,911.58,915.13,919.00,920.59,921.09,921.42,921.81,922.20,923.34,924.81,926.33,928.01,929.33,930.09,930.51,930.71,930.89,931.22,931.39,931.59,932.19,933.33,934.76,936.25,937.71,939.17,940.94,941.83,942.08,942.89,944.01,945.23,946.85,948.78,950.68,952.23,953.57,953.75,954.43,957.39,959.84,959.82,959.28,960.13,960.66,962.60,964.61,966.32,967.84,968.84,970.06,971.59,973.06,974.79,976.24,977.77,979.34,980.28,981.44,983.12,984.86,986.60,988.08,988.54,988.77,989.66,990.66,991.84,993.07,994.84,997.01,999.28,1001.38,1003.55,1004.59,1005.06,1005.53,1006.06,1007.36,1009.38,1011.72,1012.97,1013.97,1015.09,1016.45,1017.85,1019.60,1021.30,1022.90,1024.69,1026.38,1028.17,1029.95,1031.05,1032.64,1032.18,1030.75,1031.55,1033.64,1035.95,1038.35,1040.44,1041.08,1040.74,1039.96,1039.96,1041.62,1043.69,1045.92,1048.20,1050.64,1053.57,1056.41,1059.07,1061.70,1064.44,1067.39,1069.92,1071.24,1072.31,1073.60,1076.02,1078.67,1080.26,1081.65,1083.10,1084.26,1085.63,1087.16,1089.00,1090.27,1091.50,1092.76,1094.99,1097.37,1099.87,1102.40,1104.58,1107.09,1109.80,1111.08,1111.31,1110.31,1109.34,1109.84,1112.10,1114.48,1117.10,1119.42,1120.87,1122.84,1125.16,1127.42,1129.60,1131.48,1133.26,1134.93,1136.45,1137.93,1139.38,1141.03,1143.01,1145.04,1147.09,1149.11,1151.05,1153.11,1155.49,1157.75,1159.62,1161.87,1164.35,1166.70,1168.15,1168.41
1060.32,1051.27,1041.77,1037.55,1050.99,1055.92,1053.84,1043.78,1036.81,1033.12,1021.20,1004.59,986.34,973.17,968.92,972.01,970.06,960.05,945.37,931.11,944.02,951.18,952.52,950.34,946.56,945.01,941.73,939.71,942.15,935.99,928.17,920.39,910.97,898.06,887.97,870.40,849.83,849.91,849.45,847.52,845.34,842.85,840.29,838.82,838.61,842.30,857.85,860.00,843.12,830.26,827.65,827.26,828.85,828.58,830.31,834.21,839.86,852.93,863.52,868.52,869.12,868.96,871.82,874.86,877.69,882.04,888.11,893.33,897.41,899.54,901.92,904.31,906.49,908.22,909.62,909.94,909.62,908.65,907.46,907.29,908.36,909.98,914.36,919.46,920.41,920.59,920.67,921.05,921.68,923.08,924.56,926.06,927.66,928.80,929.48,930.39,930.12,930.86,931.02,931.39,931.79,932.15,933.04,934.38,935.68,936.94,938.10,939.48,939.89,940.40,941.40,942.74,943.85,945.06,946.70,948.45,950.46,951.18,951.34,952.52,955.38,957.79,958.03,957.88,958.56,959.72,961.58,963.65,965.26,966.49,968.09,970.33,971.98,973.57,975.48,977.19,978.87,980.06,980.67,982.16,983.88,985.64,987.37,988.93,989.51,989.44,990.32,992.35,993.43,994.09,995.23,997.04,999.33,1002.02,1005.05,1006.29,1006.72,1007.20,1007.66,1008.12,1009.71,1012.51,1015.29,1016.52,1017.53,1018.50,1019.28,1020.48,1021.90,1023.22,1024.40,1024.89,1025.79,1028.86,1029.65,1028.97,1028.49,1028.48,1030.52,1032.34,1033.88,1036.08,1037.83,1037.97,1037.42,1037.80,1039.12,1042.21,1046.21,1048.47,1050.04,1052.09,1054.93,1058.06,1059.03,1061.01,1064.30,1070.14,1071.63,1072.86,1074.05,1075.17,1076.35,1077.22,1078.86,1080.89,1082.15,1083.75,1085.53,1086.97,1088.61,1090.07,1091.10,1091.74,1094.10,1096.81,1099.44,1101.79,1103.25,1104.37,1106.38,1107.74,1108.56,1108.56,1108.48,1109.56,1111.52,1113.88,1116.56,1119.03,1120.75,1122.33,1124.50,1126.71,1128.86,1130.83,1132.56,1134.18,1135.73,1137.27,1138.80,1140.49,1142.52,1144.55,1146.60,1148.61,1150.65,1152.64,1154.70,1156.73,1158.82,1161.07,1163.38,1164.73,1165.39,1166.49
1058.63,1048.88,1040.53,1046.59,1057.20,1064.28,1063.04,1055.56,1048.92,1039.19,1023.01,1007.54,995.52,986.48,982.77,981.82,974.17,962.43,948.86,936.52,946.81,953.23,954.30,951.69,949.93,946.47,942.14,941.67,942.97,936.83,928.10,920.33,909.67,896.27,885.26,870.68,852.64,851.71,850.98,849.16,846.72,843.47,839.90,838.51,838.71,843.44,858.59,861.56,848.16,832.59,828.61,827.56,828.11,828.31,829.24,831.33,838.69,846.17,855.94,862.13,863.33,865.83,869.20,872.52,875.66,878.31,883.31,889.65,893.13,898.21,901.61,903.79,906.00,908.00,909.71,910.00,909.99,909.42,908.03,906.95,907.28,908.76,911.45,916.66,919.99,920.25,920.16,920.31,921.37,922.83,924.30,925.80,927.19,927.54,928.05,929.00,929.11,930.66,930.43,930.66,931.16,931.72,932.65,933.70,934.77,936.38,938.82,939.75,939.71,940.91,941.87,942.75,943.53,944.67,946.02,947.11,948.21,949.07,950.02,951.17,953.38,955.75,956.19,956.64,957.78,959.37,961.12,962.51,963.82,965.13,967.47,970.33,972.14,973.88,975.61,977.27,978.91,980.06,980.92,982.71,984.49,986.24,988.04,989.82,990.76,990.59,991.37,993.57,995.52,996.88,997.28,997.36,998.42,1000.13,1005.14,1008.00,1008.40,1008.85,1009.44,1009.81,1011.06,1014.71,1017.30,1018.77,1019.77,1020.35,1020.93,1021.70,1021.94,1021.83,1021.36,1020.30,1019.77,1020.94,1023.09,1024.46,1025.47,1027.09,1028.80,1029.89,1031.28,1033.01,1034.25,1035.27,1037.96,1039.28,1040.99,1044.55,1049.60,1051.55,1052.35,1053.98,1056.49,1059.18,1060.56,1059.75,1060.96,1067.24,1070.11,1070.88,1071.38,1072.15,1073.47,1075.35,1077.84,1079.37,1080.26,1082.20,1084.27,1086.01,1087.67,1089.17,1089.92,1090.43,1092.72,1095.55,1098.19,1099.51,1099.93,1101.02,1103.77,1105.42,1106.46,1106.84,1107.30,1108.72,1110.33,1112.92,1115.70,1118.11,1120.09,1121.72,1123.74,1125.88,1127.95,1129.98,1131.87,1133.42,1134.98,1136.55,1138.19,1139.86,1141.84,1143.87,1145.91,1147.93,1149.92,1151.92,1153.88,1155.87,1157.95,1160.00,1161.56,1162.83,1164.46,1166.23
1052.87,1048.87,1049.54,1057.90,1065.31,1070.79,1070.19,1064.31,1055.59,1042.29,1029.49,1019.52,1009.20,999.11,994.21,986.97,975.69,963.55,948.35,938.89,947.41,954.46,956.39,953.79,950.14,946.00,942.80,941.67,940.32,933.46,923.27,912.67,902.09,890.39,880.09,869.06,855.92,854.30,853.05,850.51,847.82,844.25,840.34,838.75,838.88,845.20,860.33,862.19,849.48,835.69,829.45,828.45,828.31,828.66,829.03,829.86,834.58,839.89,846.03,853.73,859.19,865.65,869.79,873.11,876.61,879.03,882.14,887.63,890.96,896.64,900.32,902.41,904.62,907.14,909.46,910.00,910.00,909.35,907.90,907.88,906.75,906.84,907.70,911.46,917.10,919.05,918.56,918.98,921.20,922.71,924.18,925.55,925.87,925.55,926.58,926.94,928.13,929.77,929.38,929.97,930.50,931.31,932.37,933.41,935.27,939.46,941.14,941.63,942.04,944.24,945.83,946.65,946.51,946.75,947.96,949.16,949.38,949.59,950.37,951.63,952.76,954.16,955.27,956.61,958.14,959.92,961.00,962.38,964.02,965.70,967.59,970.03,971.87,973.61,975.32,976.97,978.52,979.78,980.74,982.60,984.50,986.36,988.24,990.11,991.73,992.35,993.03,994.89,996.31,998.41,999.97,999.97,1000.24,1001.06,1004.92,1009.25,1010.18,1010.73,1011.99,1013.35,1014.42,1015.41,1015.69,1017.27,1019.51,1020.07,1020.22,1020.21,1019.09,1018.38,1018.20,1017.88,1020.06,1021.29,1024.22,1026.44,1026.32,1026.70,1028.39,1029.93,1031.10,1032.99,1037.25,1039.46,1040.59,1041.12,1042.76,1045.46,1048.72,1051.80,1054.04,1055.83,1057.97,1059.97,1062.07,1061.78,1062.93,1065.94,1068.33,1069.03,1069.45,1069.95,1072.02,1074.74,1076.39,1077.44,1079.11,1081.43,1083.04,1084.83,1086.45,1087.43,1088.05,1088.85,1091.41,1094.30,1096.44,1097.24,1097.63,1099.10,1101.65,1103.16,1104.26,1105.21,1106.47,1108.00,1109.65,1112.19,1114.67,1116.84,1119.09,1121.24,1123.29,1125.38,1127.39,1129.36,1131.06,1132.68,1134.31,1135.96,1137.61,1139.26,1141.13,1143.19,1145.22,1147.05,1148.91,1151.06,1152.81,1154.61,1156.57,1158.63,1160.93,1162.62,1164.29,1165.93
1062.08,1065.68,1069.03,1073.54,1076.31,1076.83,1075.38,1069.95,1060.97,1050.43,1037.68,1027.62,1017.64,1010.20,1003.86,992.56,980.83,966.36,950.40,948.12,952.25,957.70,958.58,954.87,950.42,946.31,941.99,941.30,937.56,928.59,916.55,902.75,891.46,882.14,874.72,866.24,859.19,857.49,855.00,852.08,848.88,844.34,839.81,838.51,839.10,847.17,861.03,862.56,848.39,837.24,830.80,828.88,829.12,829.38,829.50,829.86,832.83,837.04,840.48,846.20,854.31,864.54,870.44,873.58,876.96,880.48,883.61,886.41,889.01,893.13,897.59,900.63,903.56,907.57,909.92,910.00,910.13,911.01,910.75,909.35,907.28,904.64,904.63,907.04,912.84,914.97,915.60,917.95,920.69,922.71,924.04,924.09,923.52,923.79,924.80,925.32,926.95,928.15,928.23,928.97,929.90,931.03,932.11,933.49,937.30,940.66,942.02,943.16,944.52,946.56,949.06,949.79,949.51,949.04,949.40,950.17,950.25,950.32,951.06,952.18,953.27,954.38,955.51,957.02,959.05,960.93,962.48,963.81,965.28,966.93,968.55,970.16,971.81,973.51,975.23,976.82,977.96,978.75,980.28,982.23,984.14,986.06,988.04,990.00,991.70,993.18,994.41,995.65,996.89,999.04,1001.32,1002.41,1002.73,1003.57,1006.69,1009.68,1011.13,1011.89,1012.37,1011.68,1010.96,1010.43,1010.22,1011.73,1013.21,1012.02,1011.77,1014.32,1014.41,1015.10,1016.31,1018.34,1020.55,1022.73,1025.96,1029.29,1030.48,1030.44,1030.82,1032.20,1033.76,1035.22,1038.40,1041.33,1041.94,1042.47,1043.86,1046.55,1049.18,1051.36,1053.87,1056.03,1058.26,1060.35,1062.47,1063.70,1064.94,1066.17,1067.34,1068.38,1069.14,1069.95,1071.87,1073.43,1074.88,1076.41,1078.08,1079.91,1081.62,1083.61,1084.65,1085.38,1086.33,1088.01,1090.40,1093.05,1094.32,1095.14,1096.30,1098.10,1100.03,1101.65,1103.27,1104.97,1106.53,1107.94,1109.31,1111.25,1113.74,1116.37,1118.72,1120.69,1122.54,1124.61,1126.62,1128.55,1130.47,1132.13,1133.78,1135.41,1137.04,1138.70,1140.56,1142.50,1144.24,1145.95,1147.76,1149.69,1151.52,1153.51,1155.99,1158.63,1160.81,1162.38,1163.96,1165.53
1070.68,1078.13,1083.94,1086.65,1087.73,1085.88,1081.32,1075.91,1068.09,1058.39,1046.28,1033.34,1025.24,1017.96,1009.65,994.15,980.27,968.84,958.95,959.28,961.04,964.05,963.20,959.80,953.59,946.07,940.54,940.55,933.40,919.37,906.21,893.45,884.56,875.88,868.62,864.26,862.19,860.01,856.99,853.41,849.62,844.85,840.56,838.81,839.08,847.95,859.08,858.77,843.77,837.14,833.10,830.45,830.29,830.48,830.07,831.61,834.14,836.13,838.01,840.67,846.75,856.57,863.11,869.52,874.12,878.47,882.00,884.38,887.96,891.90,895.82,898.91,902.29,906.11,909.26,910.23,911.36,912.85,913.42,912.26,908.38,904.17,901.63,901.31,907.80,911.33,916.10,919.25,921.00,922.28,922.33,921.61,921.18,922.28,922.89,923.94,925.49,927.16,928.36,929.61,929.96,931.04,933.52,936.72,939.39,941.07,942.67,944.23,946.10,948.05,949.78,950.08,950.12,950.13,950.16,950.41,950.67,950.88,951.62,952.47,953.56,954.67,955.81,957.28,959.12,960.58,962.16,963.91,965.65,967.19,968.63,970.15,971.89,973.64,975.12,976.02,976.82,978.08,979.80,981.80,983.78,985.79,987.81,989.81,991.45,992.99,994.70,996.22,997.54,999.63,1001.61,1003.47,1004.88,1006.06,1007.76,1009.21,1010.02,1009.29,1008.52,1007.10,1006.33,1007.19,1007.26,1008.06,1008.08,1008.48,1010.38,1012.93,1015.72,1018.52,1019.44,1020.52,1022.13,1024.20,1026.66,1029.24,1031.37,1032.04,1032.56,1034.17,1035.86,1037.55,1039.23,1041.51,1043.12,1043.83,1044.99,1047.58,1049.26,1051.07,1053.43,1055.18,1057.52,1059.82,1060.95,1062.23,1063.48,1064.68,1066.00,1067.48,1068.89,1069.71,1070.87,1072.48,1074.14,1075.84,1077.46,1079.02,1080.86,1082.05,1082.89,1084.23,1085.93,1087.95,1089.98,1091.53,1092.86,1094.59,1096.47,1098.51,1100.32,1101.89,1103.20,1104.42,1105.84,1107.46,1109.20,1111.53,1113.96,1116.18,1117.96,1119.52,1121.46,1123.67,1125.78,1127.84,1129.91,1131.60,1133.21,1134.81,1136.46,1138.14,1139.75,1141.35,1143.07,1144.89,1146.87,1148.84,1150.87,1153.12,1155.68,1158.24,1160.44,1162.01,1163.59,1165.15
1079.79,1087.25,1092.28,1096.99,1097.04,1092.23,1086.71,1081.43,1071.04,1059.78,1048.93,1040.55,1034.01,1022.71,1010.33,994.61,981.84,974.55,969.24,970.02,971.52,972.04,969.44,963.33,954.06,944.53,936.64,936.95,924.80,908.21,896.89,885.16,876.28,870.77,869.82,868.10,866.78,864.94,859.82,854.59,849.87,845.47,841.83,839.18,839.07,847.55,855.53,847.87,839.34,836.78,834.71,832.70,832.09,831.37,830.75,831.48,832.90,834.47,836.20,838.02,840.78,846.89,854.61,863.65,869.54,873.06,878.76,882.96,887.43,891.62,894.92,897.69,900.58,904.51,908.99,911.23,913.24,914.69,915.83,916.38,913.38,905.84,899.54,897.67,903.82,906.78,908.89,913.85,918.19,918.21,917.80,917.33,917.77,920.51,921.85,924.40,926.51,928.46,929.59,930.91,932.61,933.78,937.26,940.37,941.22,941.85,943.41,944.82,945.92,947.05,949.46,950.10,950.23,950.29,950.36,950.51,950.69,951.02,951.86,952.65,953.64,954.76,956.05,957.64,958.89,960.42,962.00,963.75,965.55,967.10,968.53,970.04,971.91,973.32,974.14,975.05,976.42,978.00,979.59,981.52,983.56,985.59,987.62,989.58,991.23,992.98,994.84,996.46,998.06,999.94,1001.73,1003.55,1005.14,1005.37,1005.67,1006.17,1003.62,1001.72,1001.47,1001.81,1002.17,1004.13,1004.75,1005.79,1006.80,1009.38,1011.68,1015.11,1018.61,1020.78,1021.36,1021.96,1023.08,1025.12,1027.38,1029.40,1031.43,1033.27,1034.43,1036.01,1037.48,1038.77,1039.66,1041.00,1042.92,1044.71,1046.11,1047.84,1049.11,1050.81,1052.71,1054.30,1056.48,1058.25,1059.02,1060.43,1062.03,1063.52,1065.08,1066.64,1068.20,1069.64,1070.94,1072.61,1074.16,1075.65,1077.02,1078.11,1079.34,1080.66,1082.26,1083.99,1085.75,1087.49,1089.20,1090.98,1092.85,1094.66,1096.37,1097.95,1099.37,1100.86,1102.32,1103.92,1105.71,1107.53,1109.29,1111.31,1113.48,1115.19,1116.72,1118.44,1120.60,1122.74,1124.97,1127.23,1129.41,1131.06,1132.59,1134.18,1135.77,1137.29,1138.77,1140.45,1142.48,1144.49,1146.48,1148.35,1150.37,1152.85,1155.41,1157.97,1160.26,1161.82,1163.35,1164.79
1091.06,1097.20,1101.46,1103.93,1101.50,1096.87,1091.51,1084.42,1070.36,1059.10,1053.27,1050.22,1042.63,1027.26,1013.38,1003.62,991.26,979.13,978.05,981.64,982.93,981.44,976.15,967.36,955.51,941.65,931.45,925.40,914.86,901.80,889.89,881.00,878.63,879.80,881.19,879.28,878.11,875.66,868.30,860.01,852.93,847.48,843.48,839.45,839.08,847.49,853.82,844.38,838.94,837.17,835.39,833.93,832.97,832.05,831.76,831.92,833.04,834.32,835.62,836.98,838.45,840.96,846.89,855.96,861.27,868.30,876.52,882.33,887.15,891.34,894.32,897.22,900.06,904.11,908.73,911.84,915.12,916.64,917.45,918.17,914.18,903.33,895.43,893.11,897.36,899.92,901.67,905.24,909.59,909.85,909.86,911.16,914.71,920.76,925.35,928.00,929.81,931.39,934.56,937.12,938.39,938.79,939.34,940.84,942.07,942.47,942.99,943.17,943.07,943.92,947.09,949.70,950.10,950.07,950.03,950.24,950.31,950.61,951.68,952.82,953.73,954.88,956.41,958.04,959.57,960.83,962.22,963.72,965.43,967.02,968.38,969.72,971.45,972.23,973.26,974.75,976.31,977.83,979.32,981.19,983.34,985.40,987.39,989.33,991.20,993.10,994.97,996.64,998.71,1000.44,1002.05,1003.45,1003.47,1002.85,1002.91,1001.88,997.27,996.57,997.89,999.37,1001.17,1003.97,1006.18,1007.93,1010.30,1011.18,1012.49,1015.54,1018.59,1021.09,1022.70,1023.45,1024.19,1025.97,1027.99,1029.37,1031.23,1033.69,1035.61,1036.93,1038.11,1038.93,1039.60,1040.86,1042.72,1044.60,1046.37,1047.72,1048.96,1050.38,1051.94,1053.48,1055.27,1056.47,1057.64,1059.35,1061.19,1062.84,1064.43,1066.04,1067.63,1069.24,1070.77,1072.13,1073.41,1074.72,1075.97,1077.35,1079.11,1080.83,1082.57,1084.34,1086.05,1087.64,1089.14,1090.69,1092.30,1093.79,1095.31,1096.94,1098.69,1100.49,1102.15,1103.88,1105.65,1107.45,1109.04,1110.80,1112.14,1113.58,1115.43,1117.48,1119.55,1121.66,1124.10,1126.49,1128.78,1130.41,1131.90,1133.37,1134.87,1136.47,1138.13,1140.06,1141.98,1143.85,1145.92,1148.14,1150.49,1152.90,1155.20,1157.57,1159.81,1161.59,1163.16,1164.44
1102.82,1108.82,1110.58,1107.70,1103.44,1098.69,1093.09,1085.66,1073.47,1064.24,1059.20,1055.68,1049.39,1037.63,1024.86,1014.97,1001.24,985.48,988.78,992.16,990.98,985.63,976.58,966.18,953.53,937.95,927.22,918.83,908.19,897.04,890.90,891.87,895.35,897.40,898.06,897.48,896.53,892.28,885.14,876.40,869.04,857.23,846.89,839.68,839.24,847.66,853.53,847.19,839.42,837.62,836.08,834.64,833.56,832.96,832.85,832.77,833.36,834.64,835.92,837.23,838.50,839.53,841.10,846.58,853.63,865.15,874.34,881.00,886.27,890.81,893.79,896.67,899.26,903.08,907.45,912.38,916.57,917.79,917.10,914.95,903.24,890.20,885.83,887.23,889.47,893.08,900.79,904.28,909.47,914.03,917.57,920.88,922.05,925.20,930.06,931.58,933.28,935.34,938.59,940.10,940.38,940.68,940.99,941.38,941.46,941.24,941.35,941.00,939.34,937.09,938.41,943.33,946.97,946.48,946.12,948.99,948.84,949.80,951.26,952.60,953.81,955.14,956.64,958.12,959.63,961.34,962.63,964.04,965.39,966.76,967.92,969.05,970.27,971.59,972.93,973.71,974.73,976.86,978.51,980.93,983.07,985.00,987.01,988.99,990.97,993.08,995.06,996.91,999.08,1000.84,1001.61,1001.67,1001.06,1000.15,999.12,996.66,994.86,997.79,999.69,1001.54,1003.89,1008.46,1010.73,1012.12,1013.17,1013.44,1013.98,1015.72,1018.26,1020.81,1022.72,1024.19,1025.30,1026.61,1028.01,1029.28,1031.05,1033.67,1036.16,1037.45,1038.22,1038.88,1039.55,1040.69,1042.58,1044.43,1046.21,1047.57,1048.84,1050.13,1051.60,1053.14,1054.69,1056.29,1057.88,1059.46,1061.10,1062.72,1064.30,1065.88,1067.36,1068.74,1070.05,1071.33,1072.59,1073.88,1075.67,1077.63,1079.61,1081.55,1083.10,1084.53,1085.90,1087.19,1088.51,1089.80,1091.26,1092.94,1094.66,1096.50,1098.36,1100.31,1102.13,1103.88,1105.55,1107.06,1108.38,1109.49,1110.25,1111.72,1113.86,1116.38,1118.52,1120.84,1123.23,1125.58,1127.77,1129.51,1131.03,1132.60,1134.27,1136.01,1137.66,1139.24,1141.23,1143.44,1145.81,1148.13,1150.30,1152.57,1154.93,1157.26,1159.27,1161.36,1162.92,1164.09
1115.56,1115.55,1112.05,1106.63,1101.71,1096.74,1091.28,1084.05,1075.18,1068.01,1063.31,1059.39,1053.49,1046.37,1036.09,1024.52,1009.75,997.88,999.50,993.84,986.16,977.59,965.38,956.65,943.54,933.35,922.39,911.59,902.42,899.06,904.11,911.11,914.35,917.45,919.02,917.35,913.77,909.68,900.56,892.50,883.46,871.89,858.21,844.36,839.00,845.69,852.81,851.17,841.59,838.32,836.82,835.31,834.28,834.03,833.93,833.83,833.91,834.93,836.25,837.52,838.76,839.24,839.44,841.32,847.35,857.90,868.52,876.91,883.93,889.83,893.22,895.99,898.67,902.44,906.71,912.54,917.49,917.37,911.21,897.75,882.89,879.18,884.99,892.83,900.13,914.08,920.29,922.20,923.03,923.50,925.23,927.09,926.38,926.61,929.31,932.37,934.38,936.21,937.64,937.51,936.89,936.02,936.14,937.63,938.05,936.27,935.62,932.93,926.89,925.75,927.63,930.02,934.57,937.74,939.17,941.50,942.31,947.07,951.06,952.58,954.24,955.93,957.46,958.81,960.17,961.57,962.54,963.44,964.34,965.25,966.29,967.38,969.28,970.78,971.15,971.27,971.80,974.72,977.26,980.35,982.21,983.13,985.38,988.01,990.45,992.04,993.50,994.73,996.54,998.30,997.83,996.39,994.99,993.48,992.22,993.21,997.20,1000.32,1001.64,1003.17,1005.33,1007.69,1010.22,1012.20,1013.93,1015.22,1016.04,1016.71,1018.14,1020.34,1022.11,1023.79,1025.29,1026.60,1027.88,1029.15,1030.94,1033.69,1036.26,1037.45,1038.16,1038.83,1039.49,1040.54,1042.37,1044.22,1046.03,1047.43,1048.70,1050.28,1052.18,1053.72,1055.23,1056.79,1058.27,1059.75,1061.27,1062.75,1064.13,1065.47,1066.80,1068.14,1069.46,1070.70,1071.93,1073.23,1074.98,1076.98,1078.97,1080.93,1082.36,1083.76,1085.14,1086.49,1087.75,1088.91,1090.53,1092.03,1093.78,1095.82,1097.75,1099.98,1102.07,1103.32,1104.36,1105.49,1106.61,1107.60,1108.56,1109.86,1112.55,1115.31,1117.94,1120.37,1122.47,1124.71,1126.81,1128.83,1130.70,1132.17,1133.80,1135.56,1137.18,1138.80,1141.00,1143.26,1145.58,1147.85,1150.11,1152.33,1154.60,1156.75,1158.64,1160.59,1162.49,1163.76
1120.82,1116.90,1110.01,1105.42,1099.90,1093.23,1086.60,1079.45,1071.52,1061.78,1054.91,1047.45,1040.82,1035.34,1032.05,1026.61,1014.84,1006.39,997.60,983.98,972.56,962.42,951.46,940.92,932.27,924.40,912.95,907.16,907.17,913.71,922.13,927.42,931.05,934.07,932.64,927.85,923.47,919.99,914.36,905.62,893.75,879.74,865.33,849.54,839.87,840.53,849.20,850.71,841.74,838.64,837.28,835.90,835.13,835.12,835.04,834.94,834.85,835.29,836.53,837.84,838.67,838.84,838.97,839.38,841.74,848.46,859.03,868.53,878.50,887.32,891.83,894.40,898.01,902.09,905.22,906.17,908.10,903.13,889.50,878.55,873.21,874.51,884.02,895.81,906.04,912.23,916.88,921.49,924.69,927.46,929.52,930.60,928.78,925.14,925.02,930.33,932.73,934.05,934.23,929.05,921.72,919.83,919.66,922.32,924.58,922.61,921.19,922.18,925.91,929.18,931.68,932.94,932.76,933.71,935.13,936.70,938.39,942.70,950.60,952.75,954.50,956.35,958.45,960.04,960.63,960.78,961.05,961.72,962.57,963.46,964.48,965.74,967.48,968.64,969.06,969.23,969.58,971.77,974.38,977.73,979.77,980.77,983.23,985.39,986.79,988.76,990.31,990.37,990.19,989.47,988.50,988.38,988.63,989.20,991.25,996.52,1000.29,1001.88,1003.16,1004.71,1006.92,1009.08,1010.91,1012.35,1013.96,1015.51,1016.89,1018.17,1019.25,1020.70,1022.13,1023.51,1024.94,1026.31,1027.61,1028.89,1030.74,1033.75,1035.70,1036.94,1038.01,1038.78,1039.43,1040.42,1042.21,1044.07,1045.88,1047.29,1048.57,1050.26,1052.11,1053.37,1054.97,1056.72,1058.21,1059.64,1060.97,1062.30,1063.65,1064.99,1066.33,1067.66,1068.93,1070.05,1071.26,1072.64,1074.26,1076.24,1078.19,1080.05,1081.66,1083.07,1084.41,1085.61,1086.63,1087.85,1089.09,1090.80,1092.92,1095.01,1096.98,1098.96,1100.65,1101.37,1102.57,1103.81,1104.92,1106.52,1108.42,1110.40,1113.03,1115.72,1118.38,1120.71,1122.65,1124.45,1126.40,1128.54,1130.24,1131.73,1133.41,1135.10,1136.79,1138.61,1140.43,1142.70,1145.20,1147.76,1150.23,1152.34,1154.25,1156.06,1157.71,1159.24,1161.08,1162.96
1120.02,1116.61,1112.40,1106.12,1096.28,1085.90,1074.16,1067.04,1058.12,1044.03,1037.02,1028.23,1018.98,1012.62,1010.71,1011.73,1000.24,989.46,983.02,971.68,960.30,949.45,940.22,931.46,924.64,920.56,918.64,915.35,922.52,932.36,938.82,941.85,944.09,946.39,945.55,940.17,934.69,929.76,922.64,911.27,897.86,882.58,864.63,847.98,840.86,838.87,843.56,848.36,840.26,838.85,837.58,836.32,835.46,835.67,835.91,835.99,835.92,835.93,836.85,837.97,838.33,838.48,838.76,839.10,839.63,842.13,848.62,856.93,867.59,877.78,886.32,891.48,896.65,900.49,898.63,894.43,887.16,876.60,871.59,871.49,867.51,868.34,871.03,877.57,885.85,893.36,901.84,911.61,917.21,922.21,926.04,925.10,921.26,916.25,915.94,922.46,928.16,930.42,931.56,926.61,918.90,918.42,918.60,917.75,920.82,923.02,926.69,930.58,934.10,936.67,938.69,943.21,943.53,940.86,938.93,940.33,942.13,942.80,945.43,950.39,951.98,953.13,955.41,958.14,958.14,957.11,958.12,959.63,960.77,961.68,962.73,963.73,965.24,966.56,967.33,967.65,968.44,969.40,970.53,973.78,976.24,978.30,980.55,981.05,981.52,984.38,985.79,985.77,985.47,985.62,986.63,987.88,989.20,990.64,993.79,999.41,1001.49,1002.95,1004.39,1005.89,1007.65,1009.51,1011.23,1012.65,1013.99,1015.29,1016.66,1018.02,1019.25,1020.38,1021.49,1022.69,1024.05,1025.55,1027.05,1028.54,1030.52,1033.41,1034.80,1036.01,1037.34,1038.65,1039.37,1040.26,1042.01,1043.86,1045.69,1047.14,1048.44,1049.56,1050.55,1052.32,1054.25,1056.13,1057.91,1059.40,1060.64,1061.86,1063.20,1064.55,1065.90,1067.22,1068.37,1069.41,1070.62,1072.05,1073.58,1075.49,1077.43,1079.40,1080.95,1082.29,1083.31,1084.17,1085.26,1086.48,1087.76,1090.02,1091.81,1093.25,1095.03,1096.83,1098.18,1099.47,1100.99,1102.73,1104.99,1107.24,1109.10,1111.49,1114.14,1116.85,1119.46,1121.22,1123.00,1124.60,1126.22,1127.98,1129.70,1131.40,1133.07,1134.63,1136.47,1138.30,1140.23,1142.64,1144.98,1147.72,1150.12,1151.91,1153.59,1155.34,1157.07,1158.71,1160.38,1162.09
1115.19,1112.49,1108.61,1098.98,1084.44,1067.47,1053.09,1047.18,1038.10,1027.42,1017.43,1006.42,994.33,989.75,988.80,990.18,981.29,971.20,965.77,957.78,948.48,941.39,938.13,935.73,934.68,934.16,929.14,929.76,941.70,949.10,950.08,949.51,952.13,956.55,956.74,951.62,942.71,933.35,923.99,910.98,896.79,882.31,866.07,850.56,840.34,838.81,839.42,842.10,839.60,839.02,838.25,837.06,835.84,835.74,836.09,836.41,836.69,836.83,837.21,837.84,838.13,838.50,838.88,839.27,839.54,839.99,843.52,848.79,856.32,865.66,873.56,881.85,885.62,884.12,878.78,872.87,867.19,864.08,864.00,865.29,868.46,872.34,875.64,878.10,878.63,880.44,887.42,896.16,902.44,905.77,906.99,905.06,903.25,901.78,903.25,907.79,914.41,918.51,924.14,923.45,922.56,926.07,926.76,926.11,929.73,931.83,936.63,938.93,940.19,941.97,945.63,948.93,950.01,951.49,950.69,949.87,949.15,948.38,946.65,946.30,948.46,949.56,951.14,953.41,954.11,956.95,960.42,960.16,960.24,961.33,962.23,963.60,964.55,965.03,965.82,966.39,967.42,968.38,969.19,970.82,973.29,976.06,978.06,978.84,979.38,981.03,982.83,984.10,985.65,987.49,988.62,989.79,991.70,994.10,997.14,1000.54,1001.90,1003.29,1004.76,1006.37,1007.92,1009.50,1010.97,1012.19,1013.40,1014.63,1015.91,1017.08,1018.18,1019.36,1020.84,1022.53,1024.26,1025.91,1027.49,1029.12,1031.02,1032.56,1033.73,1035.11,1036.66,1038.24,1039.37,1040.15,1041.87,1043.71,1045.52,1046.85,1047.60,1048.19,1049.59,1051.72,1053.59,1055.44,1057.31,1059.10,1060.44,1061.56,1062.79,1064.12,1065.45,1066.68,1067.74,1068.75,1069.90,1071.37,1072.92,1074.76,1076.71,1078.59,1080.20,1081.05,1081.86,1082.79,1083.78,1085.01,1086.28,1088.05,1089.58,1091.29,1093.17,1095.04,1097.14,1099.22,1101.17,1103.19,1105.52,1108.36,1110.38,1112.15,1114.30,1116.85,1119.39,1121.12,1123.27,1124.96,1126.57,1128.17,1129.55,1131.09,1132.55,1134.04,1135.83,1137.72,1139.49,1140.93,1143.49,1146.56,1149.49,1151.48,1153.25,1154.96,1156.59,1158.18,1159.87,1161.53
1104.27,1102.91,1095.73,1081.21,1063.27,1046.36,1030.80,1024.11,1020.04,1012.46,1001.41,991.71,984.74,980.76,976.28,970.89,965.74,959.82,956.01,951.37,949.82,951.09,952.87,952.76,950.42,944.24,934.71,941.90,956.31,963.89,961.58,955.62,957.43,961.07,961.30,958.30,948.75,935.81,924.73,912.92,900.30,887.57,876.84,860.85,843.60,839.17,838.86,839.18,839.10,838.68,838.21,837.67,836.64,835.86,836.14,836.45,836.76,837.10,837.41,837.79,838.21,838.61,839.02,839.42,839.80,840.74,843.39,846.79,848.72,851.55,855.44,861.85,864.46,864.52,865.30,863.59,859.95,859.34,863.68,873.63,882.82,888.74,891.97,892.90,892.54,890.45,886.39,886.90,890.96,893.44,893.99,895.27,897.56,901.59,905.81,909.75,911.94,915.82,918.86,921.00,925.57,930.45,931.71,932.69,934.63,937.51,940.26,941.45,942.38,944.13,946.04,946.74,948.77,951.97,953.78,953.78,953.56,953.78,953.02,951.56,951.60,952.86,954.25,955.50,956.95,958.95,962.39,963.98,963.66,964.51,965.52,967.81,970.62,970.62,970.62,970.46,970.48,970.48,970.36,970.72,972.32,974.01,976.02,978.01,980.61,983.44,986.65,988.35,989.29,990.29,990.81,991.78,994.30,996.94,999.69,1001.28,1002.53,1003.77,1005.00,1006.28,1007.62,1009.07,1010.55,1011.82,1013.11,1014.44,1015.75,1017.10,1018.46,1020.07,1021.69,1023.37,1025.09,1026.71,1028.20,1029.67,1030.65,1031.46,1032.89,1034.46,1036.05,1037.64,1039.18,1040.49,1042.26,1043.93,1045.05,1045.68,1046.32,1047.59,1049.26,1051.04,1052.87,1054.76,1056.64,1058.51,1060.22,1061.37,1062.48,1063.71,1065.00,1066.08,1067.06,1068.12,1069.20,1070.48,1072.16,1073.67,1075.48,1077.15,1078.54,1079.44,1080.52,1081.41,1082.34,1083.73,1085.45,1087.57,1089.58,1091.35,1093.86,1096.26,1098.54,1100.14,1102.08,1104.01,1106.04,1108.35,1110.89,1113.27,1115.34,1117.34,1119.18,1121.10,1123.41,1125.33,1127.05,1128.86,1130.08,1131.28,1132.63,1133.99,1135.41,1136.81,1138.20,1139.84,1142.74,1146.02,1148.83,1151.13,1152.67,1153.92,1155.56,1157.17,1158.70,1160.29
1091.86,1090.78,1078.56,1063.20,1044.16,1031.96,1031.89,1026.65,1013.42,1006.57,1002.16,1000.79,998.58,997.71,993.79,982.84,976.02,974.55,972.64,968.39,965.99,967.73,968.99,967.07,961.17,952.59,942.29,950.04,964.24,972.20,969.48,960.60,957.75,961.42,962.89,960.78,954.43,944.01,930.53,919.24,909.40,896.95,883.46,869.22,850.64,840.05,839.01,838.82,838.73,838.70,838.72,838.64,838.62,836.64,836.14,836.47,836.83,837.16,837.39,837.71,838.12,838.54,838.97,839.39,839.84,841.29,843.24,844.69,846.02,847.38,849.20,853.49,855.59,857.20,858.67,857.86,858.51,863.26,874.68,887.83,896.17,900.38,901.39,901.35,902.15,902.01,899.00,895.99,894.61,895.19,898.72,902.12,904.24,913.34,920.02,921.12,921.36,921.72,922.06,923.44,925.97,929.10,932.45,934.63,936.67,938.78,940.25,941.10,942.20,943.17,943.91,945.95,948.84,952.20,955.17,956.32,957.08,958.18,958.98,958.99,959.88,960.43,960.82,961.90,962.93,964.28,966.10,967.63,967.49,968.13,969.15,971.50,975.14,978.26,979.54,979.76,979.49,979.08,978.76,978.72,978.97,978.66,979.10,981.17,983.46,986.94,989.98,990.79,991.21,992.04,992.62,993.68,996.23,998.68,1000.29,1001.68,1003.03,1004.37,1005.68,1006.96,1008.25,1009.44,1010.96,1012.33,1013.67,1015.05,1016.44,1017.83,1019.18,1020.97,1022.55,1023.92,1025.30,1026.50,1027.72,1028.98,1029.68,1030.69,1032.25,1033.86,1035.46,1037.09,1038.73,1040.70,1042.37,1043.14,1043.76,1044.48,1045.85,1047.44,1048.87,1050.34,1052.13,1053.99,1055.85,1057.86,1059.92,1061.31,1062.28,1063.24,1064.30,1065.26,1066.31,1067.94,1069.78,1070.32,1071.28,1072.47,1073.92,1075.30,1076.70,1077.89,1079.08,1080.15,1081.84,1083.84,1085.86,1088.29,1091.13,1093.37,1095.41,1097.63,1099.75,1101.48,1103.26,1105.04,1106.77,1108.50,1110.43,1112.66,1114.96,1117.57,1120.05,1122.00,1123.72,1125.65,1127.39,1129.01,1130.55,1131.99,1133.32,1134.70,1136.06,1137.43,1138.82,1140.53,1142.98,1145.54,1147.94,1150.06,1151.23,1152.77,1154.44,1156.13,1157.87,1159.64
1071.84,1073.43,1063.37,1049.51,1041.25,1050.79,1055.40,1051.32,1036.39,1022.05,1019.64,1018.90,1015.55,1013.92,1013.51,1007.38,1003.38,998.89,993.28,989.65,986.75,984.68,983.54,979.66,971.31,959.40,947.51,955.67,969.68,979.04,974.39,964.98,959.10,961.84,964.48,962.62,959.62,951.33,935.82,921.64,911.42,899.17,884.77,872.07,856.91,845.11,840.56,839.41,838.92,839.08,839.70,840.32,841.32,838.89,836.23,836.55,836.87,837.11,837.37,837.69,838.03,838.43,838.85,839.28,839.61,840.12,841.49,843.13,845.04,847.45,849.56,850.76,852.29,855.23,858.66,864.00,870.90,878.46,888.13,897.96,903.76,906.27,905.25,905.15,908.06,912.19,913.95,912.98,912.19,912.60,914.60,915.91,915.03,916.20,921.48,923.75,925.41,926.72,927.33,927.50,929.91,929.25,931.13,933.33,935.43,937.24,938.57,939.58,940.27,941.01,942.64,945.91,949.05,951.97,954.27,955.90,957.22,958.76,960.40,961.82,963.24,964.48,965.84,967.93,969.45,970.29,970.95,971.40,971.18,971.61,972.29,975.13,978.45,980.02,980.29,980.41,980.50,980.60,980.57,980.63,980.63,980.53,980.59,982.60,984.90,987.49,990.48,991.86,992.63,993.55,994.38,995.56,997.70,999.00,1000.09,1001.46,1002.85,1004.21,1005.62,1007.00,1008.29,1009.26,1010.10,1011.30,1012.92,1014.60,1016.08,1017.60,1019.06,1020.55,1021.86,1023.23,1024.62,1025.82,1026.86,1028.03,1029.01,1030.12,1031.74,1033.38,1034.95,1036.49,1038.06,1039.83,1041.15,1041.73,1042.62,1044.06,1045.55,1046.88,1048.21,1049.84,1051.56,1053.18,1055.00,1056.78,1058.72,1060.20,1061.16,1062.28,1063.42,1064.59,1065.77,1067.64,1069.43,1069.76,1070.38,1071.50,1072.88,1074.52,1075.88,1077.48,1079.58,1080.78,1082.13,1084.45,1086.63,1088.65,1090.90,1092.95,1095.00,1097.03,1099.06,1101.20,1103.20,1105.02,1106.59,1108.09,1109.61,1111.47,1113.93,1116.59,1119.35,1121.87,1123.54,1125.21,1126.78,1128.29,1129.96,1131.98,1133.16,1134.36,1135.78,1137.12,1138.45,1139.93,1142.07,1144.37,1146.65,1148.42,1150.17,1151.94,1153.65,1155.43,1157.28,1159.04
1061.26,1058.61,1053.02,1051.21,1061.46,1070.52,1071.19,1064.35,1050.83,1039.74,1039.92,1037.20,1031.28,1028.72,1028.76,1025.73,1023.25,1019.91,1015.37,1010.42,1007.76,1004.10,998.07,990.21,978.10,965.05,951.53,960.60,975.24,987.05,981.48,970.26,963.08,963.85,966.23,964.38,962.67,955.56,939.66,924.88,913.47,902.13,887.28,874.13,861.86,851.22,844.25,839.88,839.07,839.20,840.51,843.24,844.40,841.67,837.04,836.56,836.85,837.07,837.29,837.62,837.99,838.33,838.76,839.13,839.50,840.07,841.17,842.89,844.54,846.65,848.35,849.63,853.24,859.54,870.56,882.39,889.03,893.43,899.44,904.38,908.83,909.86,908.51,908.13,909.86,916.89,920.02,920.23,920.30,920.66,921.13,921.77,921.75,920.44,921.26,923.28,925.54,928.07,930.07,930.38,931.64,930.94,930.94,931.96,933.83,935.43,937.00,938.11,938.70,939.52,942.11,945.55,948.32,950.30,952.58,954.74,956.36,958.09,960.09,961.69,963.44,965.40,967.29,968.96,969.34,969.20,970.13,973.07,974.31,974.67,975.07,977.71,979.73,980.16,980.27,980.23,980.27,980.44,980.70,980.92,981.07,980.89,981.11,983.32,985.87,988.32,990.58,992.36,993.59,994.59,995.58,996.69,997.82,998.84,999.88,1001.16,1002.48,1003.92,1005.35,1006.58,1007.26,1007.81,1008.76,1010.51,1012.27,1013.72,1015.11,1016.42,1017.88,1019.60,1021.15,1022.53,1023.91,1025.16,1026.18,1027.19,1028.24,1029.55,1031.10,1032.55,1033.99,1035.52,1036.94,1038.40,1039.66,1040.82,1042.14,1043.40,1044.72,1046.07,1047.45,1049.10,1050.65,1052.31,1054.00,1055.71,1057.68,1059.96,1061.25,1062.37,1063.47,1064.55,1065.64,1067.02,1068.05,1068.96,1070.01,1071.46,1073.55,1075.63,1077.42,1079.04,1080.14,1081.17,1082.55,1084.20,1086.81,1089.28,1091.18,1093.16,1095.11,1097.06,1098.99,1101.17,1102.74,1103.94,1105.43,1106.91,1108.51,1110.45,1112.91,1115.56,1118.35,1120.85,1122.46,1124.23,1125.90,1127.45,1129.00,1130.66,1131.92,1133.41,1134.89,1136.35,1137.72,1139.12,1140.99,1143.16,1145.32,1147.38,1149.55,1151.33,1153.00,1154.71,1156.52,1158.11
1085.80,1080.10,1074.18,1070.77,1078.11,1082.20,1078.91,1069.31,1057.61,1055.55,1057.93,1054.96,1048.24,1045.92,1047.24,1045.55,1041.99,1036.86,1030.93,1027.38,1023.62,1018.96,1010.23,997.54,983.62,969.19,956.82,961.80,976.99,992.02,994.64,980.89,970.57,968.80,968.18,966.71,965.16,956.87,939.66,924.97,914.18,903.60,888.60,874.13,862.93,854.50,847.97,841.15,839.42,839.16,840.24,844.68,847.34,845.18,839.52,836.61,836.82,837.03,837.28,837.59,837.91,838.27,838.64,839.04,839.52,840.06,841.18,842.68,844.31,845.88,847.36,849.37,854.60,863.38,875.92,890.39,898.99,902.39,905.02,908.45,910.19,910.26,910.14,910.10,911.66,916.02,919.23,920.54,920.78,920.91,921.06,921.84,924.04,924.89,924.67,925.45,926.14,927.64,929.59,931.86,933.37,932.74,932.15,932.39,932.96,934.03,935.53,936.71,937.47,938.92,941.48,943.99,946.19,949.03,951.56,953.55,955.35,957.15,958.86,960.60,962.59,964.64,966.61,967.95,967.70,967.54,969.08,971.52,974.23,975.88,977.09,978.58,979.71,980.11,980.01,979.49,979.09,979.64,980.22,980.58,981.04,981.19,981.71,984.05,986.48,988.59,990.48,992.06,993.25,994.39,995.48,996.50,997.53,998.47,999.38,1000.79,1002.23,1003.66,1004.72,1005.25,1005.71,1006.66,1008.27,1009.42,1010.91,1012.38,1013.60,1015.27,1017.22,1018.95,1020.48,1021.84,1023.21,1024.51,1025.55,1026.56,1027.57,1028.73,1030.03,1031.44,1032.92,1034.38,1035.71,1037.07,1038.50,1040.08,1041.42,1042.84,1044.38,1045.89,1047.40,1048.87,1050.47,1052.08,1053.74,1055.44,1057.28,1059.57,1061.00,1062.11,1063.15,1064.20,1065.52,1067.37,1068.59,1069.44,1070.46,1071.87,1074.07,1076.36,1078.56,1080.01,1080.33,1081.39,1082.90,1084.33,1086.29,1088.69,1090.47,1092.57,1094.68,1096.54,1098.44,1100.21,1101.14,1102.58,1104.15,1105.86,1107.79,1109.77,1112.11,1114.56,1117.25,1119.65,1121.57,1123.36,1124.92,1126.46,1127.96,1129.51,1131.20,1132.53,1133.81,1135.56,1136.99,1138.50,1140.31,1142.43,1144.62,1146.73,1148.87,1150.76,1152.40,1154.06,1155.76,1157.47
1107.08,1098.77,1087.94,1083.47,1087.47,1089.97,1083.24,1073.20,1067.48,1070.11,1071.28,1068.50,1063.76,1061.07,1061.53,1060.60,1057.62,1052.84,1046.94,1040.83,1034.51,1025.70,1015.18,1000.59,985.94,970.95,960.90,967.44,979.78,993.59,1003.77,998.24,986.91,978.68,973.01,970.79,968.33,957.47,938.03,922.73,913.13,902.79,889.34,877.63,868.52,859.57,851.64,845.44,841.81,839.44,840.42,846.13,850.36,851.07,845.38,837.65,836.81,836.97,837.20,837.57,837.88,838.17,838.44,838.84,839.28,839.71,840.72,842.20,843.94,845.64,846.82,849.26,854.97,862.48,872.34,885.70,896.70,903.06,908.02,910.00,910.28,910.52,910.47,911.11,912.79,915.89,919.68,920.10,919.90,919.78,919.71,919.91,922.13,926.88,928.67,928.97,929.18,929.86,930.91,932.54,934.44,934.58,933.75,933.56,933.88,934.24,934.98,936.50,937.91,938.78,940.09,942.23,944.90,948.08,950.61,952.33,954.08,956.06,958.17,960.20,962.07,963.92,965.89,966.61,966.13,966.24,967.89,969.95,972.95,974.71,976.23,977.79,979.39,979.97,979.37,978.16,977.36,978.22,979.55,980.33,980.86,981.34,982.32,984.44,986.39,988.23,990.04,991.63,992.92,994.01,995.12,996.01,996.66,997.29,998.79,1000.59,1002.02,1002.87,1003.11,1003.58,1004.54,1006.16,1007.22,1008.46,1009.69,1010.82,1012.80,1014.75,1016.68,1018.50,1020.19,1021.44,1022.59,1023.86,1024.92,1025.92,1026.92,1028.04,1029.39,1030.57,1031.99,1033.40,1034.83,1036.30,1037.93,1039.79,1041.38,1042.83,1044.33,1045.75,1047.15,1048.56,1050.00,1051.59,1053.28,1055.09,1056.81,1059.05,1060.51,1061.49,1062.43,1063.53,1065.71,1068.22,1069.64,1070.32,1070.88,1072.27,1074.49,1076.73,1078.72,1080.05,1080.53,1081.56,1083.10,1084.63,1086.14,1088.11,1090.13,1091.97,1093.58,1094.99,1096.71,1098.28,1099.73,1101.44,1103.17,1104.97,1106.85,1108.67,1111.21,1113.82,1116.41,1118.84,1120.89,1122.33,1123.84,1125.46,1127.20,1128.97,1130.11,1131.02,1132.77,1134.65,1136.28,1137.97,1139.72,1141.81,1144.08,1146.20,1148.17,1150.17,1151.85,1153.25,1154.89,1156.80
1112.31,1106.42,1095.08,1094.21,1097.98,1099.77,1095.14,1086.16,1081.99,1085.61,1085.23,1080.67,1074.28,1070.20,1068.96,1069.62,1069.00,1065.35,1059.79,1052.95,1044.05,1030.63,1016.98,1002.57,986.88,972.35,969.71,979.07,992.45,1001.45,1008.89,1011.96,1004.99,995.85,987.38,979.64,969.20,955.96,937.61,923.28,916.74,910.58,898.42,886.43,875.68,865.96,855.17,848.25,844.14,841.61,844.34,849.37,852.35,854.74,850.52,839.85,837.60,837.12,837.18,837.45,837.70,837.94,838.16,838.48,838.93,839.39,840.15,841.77,845.10,848.23,848.04,847.99,851.58,858.40,868.29,880.85,891.03,900.18,907.23,910.10,910.31,910.61,910.88,911.88,912.87,915.84,918.48,919.19,919.07,919.08,919.03,919.30,920.67,927.04,930.73,931.13,931.59,932.23,932.90,934.29,935.80,936.38,935.59,934.82,934.96,935.22,935.58,937.06,938.91,940.00,940.98,942.51,944.47,946.79,949.13,951.23,953.20,955.55,957.83,959.93,961.81,963.61,965.11,965.06,964.57,965.00,966.86,969.35,971.67,972.60,973.66,975.62,977.27,978.20,978.00,976.90,976.25,977.63,979.18,980.22,980.74,981.27,982.14,983.86,985.65,987.45,989.23,991.09,992.69,993.76,994.32,994.39,994.88,996.11,997.87,999.56,1000.84,1001.16,1001.39,1002.41,1004.04,1005.02,1006.18,1007.54,1008.60,1010.29,1012.18,1013.45,1015.44,1017.82,1019.90,1020.89,1021.99,1023.08,1024.20,1025.39,1026.51,1027.76,1029.15,1030.46,1031.67,1032.96,1034.41,1035.89,1037.45,1039.27,1040.97,1042.54,1043.91,1045.26,1046.62,1048.00,1049.73,1051.13,1052.84,1054.64,1056.45,1058.41,1060.08,1061.15,1062.52,1064.09,1066.50,1069.11,1070.47,1071.08,1071.49,1072.68,1074.82,1076.58,1078.09,1079.62,1080.55,1081.68,1083.13,1084.52,1085.91,1087.45,1089.21,1090.79,1092.32,1094.07,1095.92,1097.27,1099.03,1101.05,1102.87,1104.61,1106.63,1108.76,1111.09,1113.48,1115.74,1117.85,1119.68,1121.37,1123.14,1124.92,1126.47,1127.89,1128.79,1130.26,1132.07,1133.80,1135.62,1137.45,1139.22,1141.23,1143.52,1145.72,1147.68,1149.51,1151.07,1151.82,1153.76,1154.98
1112.59,1107.13,1104.30,1107.88,1112.91,1114.18,1110.75,1102.02,1097.40,1098.22,1096.18,1091.43,1083.45,1078.81,1076.61,1079.06,1080.73,1078.69,1070.37,1061.68,1051.32,1033.63,1017.55,1003.30,988.12,976.91,980.87,990.28,1002.50,1011.14,1017.36,1021.68,1018.51,1010.30,999.47,987.92,973.64,960.23,947.59,934.25,927.58,917.81,906.38,895.14,880.30,868.85,858.30,850.64,846.47,844.11,845.90,850.06,851.73,855.56,853.72,843.23,838.97,838.10,837.48,837.42,837.56,837.74,837.90,838.15,838.54,839.13,841.59,846.89,847.64,850.38,850.56,848.57,849.16,855.26,864.21,875.37,885.86,896.15,904.57,909.34,910.20,910.56,911.23,912.07,912.94,915.07,916.90,918.06,918.22,918.29,918.44,919.11,920.27,927.40,931.41,932.74,933.62,934.49,935.02,936.22,937.34,937.96,937.46,936.22,936.13,936.40,936.74,937.41,939.44,941.08,942.52,943.97,945.54,947.20,948.76,950.42,952.52,954.98,957.45,959.69,961.55,963.21,963.92,963.50,963.02,963.84,965.93,968.53,969.87,969.67,970.23,972.60,974.02,975.10,975.65,975.38,975.10,976.98,978.88,980.14,980.67,981.17,981.68,983.01,984.81,986.68,988.76,990.68,992.25,992.54,992.40,992.53,993.49,994.75,996.35,997.91,998.92,999.38,1000.28,1001.93,1002.86,1003.88,1005.16,1006.41,1007.56,1009.23,1010.48,1012.21,1014.23,1016.82,1019.56,1020.83,1022.02,1022.98,1024.12,1025.34,1026.35,1027.55,1028.99,1030.25,1031.38,1032.66,1034.01,1035.47,1037.01,1038.65,1040.38,1041.68,1042.87,1044.41,1045.94,1047.56,1049.33,1050.99,1052.80,1054.72,1056.62,1058.38,1060.08,1061.70,1063.49,1065.24,1067.58,1069.69,1070.42,1070.33,1071.40,1072.83,1074.36,1075.79,1077.26,1078.77,1080.11,1081.13,1082.53,1083.95,1085.49,1087.13,1088.56,1090.56,1094.68,1097.27,1098.67,1099.10,1099.67,1101.18,1102.86,1104.54,1106.42,1108.51,1110.72,1112.82,1114.95,1116.94,1118.90,1120.79,1122.59,1124.22,1125.49,1126.77,1128.07,1129.58,1131.21,1132.75,1134.84,1136.74,1138.57,1140.74,1143.07,1144.99,1146.66,1148.29,1150.07,1151.11,1151.15,1150.72
1111.36,1110.45,1118.21,1124.96,1130.31,1131.95,1126.48,1118.08,1114.02,1113.05,1108.33,1101.75,1096.30,1092.57,1088.90,1089.69,1090.48,1088.18,1079.13,1068.52,1054.06,1033.25,1016.64,1001.31,988.95,987.69,997.25,1006.85,1011.88,1016.97,1025.44,1030.28,1028.53,1020.98,1010.13,999.36,988.66,975.41,959.85,944.27,933.96,919.61,907.29,896.57,881.13,868.23,858.76,852.63,849.02,846.66,845.82,848.69,850.64,852.33,854.16,849.33,841.27,839.02,838.22,837.89,837.96,838.01,838.11,838.08,838.24,838.84,841.72,850.39,850.71,851.93,852.52,850.30,849.15,855.25,863.23,871.35,882.83,892.33,900.67,905.96,909.81,910.62,911.56,912.51,913.26,914.14,915.43,916.77,917.28,917.63,918.29,919.04,920.23,927.20,931.28,932.14,932.96,934.52,936.23,937.68,938.57,939.30,939.23,937.76,937.41,938.05,938.37,938.03,938.95,940.41,941.94,943.47,944.92,946.36,947.82,949.58,951.98,954.46,956.96,959.39,961.13,962.44,962.40,961.95,961.56,962.65,964.57,966.75,967.42,967.03,967.18,969.11,970.72,972.13,972.75,973.22,973.95,975.96,978.05,979.87,980.49,980.98,981.48,982.26,984.03,986.08,988.85,990.45,990.86,990.49,990.33,991.18,992.40,993.57,994.84,996.21,996.97,998.09,999.65,1000.77,1001.97,1003.29,1004.55,1005.79,1006.94,1008.80,1010.33,1011.82,1013.91,1016.82,1019.64,1021.36,1022.33,1023.18,1024.20,1025.26,1026.17,1027.34,1028.82,1030.09,1031.10,1032.39,1033.73,1035.11,1036.57,1038.05,1039.65,1041.22,1042.80,1044.58,1046.34,1048.06,1049.85,1051.52,1053.22,1055.11,1056.92,1058.63,1060.45,1062.42,1064.34,1066.14,1067.95,1069.47,1069.83,1069.70,1070.75,1072.23,1073.55,1074.95,1076.38,1077.81,1079.28,1080.63,1082.10,1083.78,1085.43,1087.33,1089.29,1093.15,1098.73,1100.02,1100.24,1100.44,1100.43,1101.24,1102.80,1104.47,1106.34,1108.26,1110.29,1112.36,1114.34,1116.17,1118.00,1120.18,1121.95,1123.50,1124.68,1125.93,1127.25,1128.56,1129.86,1131.88,1134.01,1135.90,1137.64,1140.08,1141.88,1143.39,1145.27,1147.12,1148.99,1150.10,1150.48,1150.25
1115.82,1125.37,1138.12,1144.18,1148.92,1147.12,1136.93,1130.98,1129.91,1126.58,1121.41,1116.84,1113.73,1109.33,1104.33,1101.68,1097.81,1093.55,1084.46,1069.36,1050.58,1030.97,1013.30,1000.98,1001.56,1005.81,1012.94,1020.72,1024.62,1026.99,1031.17,1033.90,1031.97,1026.72,1018.53,1011.08,1003.66,990.29,966.60,946.38,931.52,914.04,898.83,887.49,875.67,865.76,859.03,855.47,851.76,849.05,846.70,847.35,849.92,850.28,851.40,850.28,844.21,839.63,838.85,838.41,838.46,838.49,838.49,838.34,838.33,838.54,840.35,849.69,852.60,853.80,854.37,852.17,849.88,851.37,859.20,867.00,879.46,889.32,896.88,902.95,909.34,910.90,911.90,912.92,913.80,914.50,915.18,915.97,916.84,917.81,918.61,919.26,920.48,926.49,930.30,930.48,930.93,932.60,934.99,937.46,939.13,940.18,940.22,939.06,939.05,940.06,940.31,939.91,939.69,940.09,941.51,943.19,944.67,946.09,947.55,949.33,952.22,954.76,957.16,958.70,960.55,961.03,960.71,960.17,959.88,961.43,963.26,964.81,964.64,964.27,964.13,965.23,967.29,969.57,970.78,971.58,972.70,974.63,976.57,978.25,979.29,980.36,980.96,981.44,982.74,984.42,986.93,987.86,987.80,988.06,988.74,990.17,991.28,992.44,993.62,994.84,996.07,997.54,999.16,1000.58,1001.79,1002.93,1004.09,1005.26,1006.43,1008.36,1010.08,1011.18,1013.61,1016.21,1019.00,1020.97,1021.87,1022.92,1023.93,1024.95,1025.93,1027.22,1028.74,1029.89,1031.09,1032.50,1033.96,1035.45,1036.95,1038.50,1040.30,1042.12,1043.71,1045.38,1047.05,1048.71,1050.37,1052.07,1053.70,1055.33,1057.07,1058.81,1060.70,1062.39,1063.92,1065.66,1067.06,1068.00,1068.57,1069.17,1070.43,1071.78,1073.17,1074.65,1076.06,1077.48,1078.99,1080.38,1081.94,1083.80,1085.41,1087.09,1089.34,1093.65,1097.46,1098.51,1099.39,1100.47,1100.83,1101.53,1102.79,1104.42,1106.25,1108.15,1109.78,1111.44,1113.39,1115.48,1117.91,1120.12,1121.41,1122.72,1123.88,1125.14,1126.38,1127.82,1129.35,1131.35,1133.25,1134.95,1136.55,1138.53,1140.77,1142.85,1144.37,1145.72,1147.53,1149.88,1150.62,1150.61
1128.91,1136.40,1152.50,1162.67,1166.23,1156.96,1143.76,1144.59,1144.21,1138.63,1135.65,1133.48,1128.52,1123.82,1120.81,1116.02,1107.10,1096.69,1087.12,1066.28,1045.14,1027.83,1012.20,1015.41,1021.56,1023.21,1025.87,1033.47,1038.44,1039.06,1037.68,1036.67,1032.91,1028.72,1022.27,1013.97,1004.16,987.90,964.77,944.77,925.69,907.82,891.80,880.92,873.35,867.55,862.92,858.27,854.29,851.44,848.74,846.38,848.53,849.92,849.58,846.20,842.41,839.76,839.04,838.89,838.93,838.92,838.79,838.63,838.53,838.57,838.92,843.61,851.13,853.79,855.83,854.39,852.04,852.75,856.17,865.39,876.23,884.60,893.57,900.95,908.88,910.97,912.03,913.07,914.18,915.09,915.76,916.53,917.54,918.29,918.97,919.70,921.05,925.19,927.65,928.52,929.15,931.21,933.92,936.54,938.43,940.04,940.80,940.26,940.32,941.45,941.98,941.80,941.83,942.06,943.57,945.34,946.94,948.12,949.45,951.26,954.06,955.62,954.86,955.07,956.27,956.25,956.00,955.49,956.58,959.20,961.38,962.51,961.78,962.03,963.55,965.16,966.50,968.07,969.75,970.60,971.78,973.24,974.79,976.11,977.42,979.23,980.20,980.68,981.63,982.83,984.25,985.27,986.38,986.79,987.99,989.70,990.58,991.61,992.85,994.22,995.51,996.90,998.41,999.94,1001.12,1002.17,1003.38,1004.63,1005.93,1007.90,1009.75,1010.54,1012.34,1014.65,1017.80,1019.82,1021.05,1022.22,1023.40,1024.80,1025.99,1027.49,1029.83,1030.50,1031.78,1033.26,1034.70,1036.05,1037.50,1038.86,1040.40,1042.18,1043.97,1045.71,1047.25,1048.84,1050.47,1052.14,1053.64,1054.86,1056.37,1058.28,1059.85,1061.19,1063.04,1064.46,1065.31,1066.14,1067.18,1069.53,1070.60,1071.84,1073.19,1074.68,1076.00,1077.33,1078.75,1080.14,1081.92,1083.84,1085.43,1086.97,1089.14,1092.14,1094.23,1096.29,1098.59,1100.26,1101.06,1101.90,1103.02,1104.38,1106.16,1107.80,1109.31,1111.01,1113.51,1115.43,1117.55,1119.41,1120.77,1122.09,1123.22,1124.44,1125.74,1127.12,1128.50,1130.53,1132.31,1134.20,1135.78,1137.70,1139.74,1141.17,1142.84,1144.96,1147.26,1149.55,1150.68,1151.09
1150.16,1153.55,1163.38,1174.06,1174.14,1162.45,1149.39,1156.67,1158.73,1153.11,1150.13,1146.85,1139.37,1137.36,1137.55,1133.00,1120.69,1103.35,1088.59,1063.57,1043.31,1029.45,1028.67,1039.95,1044.50,1042.12,1040.00,1047.77,1055.21,1052.39,1045.58,1038.18,1032.87,1025.66,1013.86,1003.20,992.53,975.35,957.73,939.78,919.30,902.08,889.28,882.46,877.89,872.04,865.75,859.62,856.44,854.26,851.46,848.00,846.72,847.53,847.09,845.73,841.37,840.31,839.54,839.40,839.35,839.25,839.10,838.92,838.76,838.75,838.79,839.16,843.81,851.69,855.66,857.77,856.50,857.79,857.98,863.57,872.04,879.05,889.63,899.50,907.23,910.61,911.69,912.73,914.45,915.91,916.35,917.16,918.44,919.10,919.56,920.59,922.17,924.03,925.56,926.98,928.49,930.54,933.03,935.62,937.52,939.01,940.29,941.31,941.87,942.77,943.55,943.79,944.11,944.75,946.06,947.84,949.55,950.91,951.95,952.08,950.91,949.64,948.80,949.03,949.46,949.47,949.78,950.92,953.52,956.37,959.41,960.06,960.08,962.12,964.24,965.89,967.18,968.64,970.13,971.06,972.25,973.58,975.97,978.01,979.07,979.65,979.95,980.32,981.17,982.68,984.76,987.41,989.29,989.09,988.61,989.29,990.04,991.06,992.30,993.65,994.95,996.33,997.69,999.44,1000.39,1001.39,1002.64,1003.99,1005.42,1007.26,1008.83,1009.98,1011.29,1013.53,1017.10,1019.68,1020.25,1021.38,1023.21,1024.92,1026.18,1027.49,1029.44,1030.62,1032.45,1034.05,1035.43,1036.49,1038.08,1039.59,1041.02,1042.58,1044.23,1045.92,1047.42,1048.89,1050.45,1051.98,1053.24,1054.38,1055.63,1057.29,1058.87,1060.62,1061.89,1062.60,1063.76,1065.26,1066.89,1069.14,1070.51,1071.88,1073.25,1074.69,1076.00,1077.34,1078.60,1079.94,1081.86,1083.84,1085.53,1087.15,1088.97,1091.42,1093.94,1096.16,1098.27,1099.99,1100.95,1101.97,1103.21,1104.45,1106.05,1107.93,1110.04,1111.71,1113.81,1115.52,1117.08,1118.71,1120.30,1121.55,1122.65,1123.82,1125.18,1126.67,1128.71,1130.68,1132.59,1134.01,1135.40,1136.98,1138.66,1140.55,1142.43,1144.68,1146.99,1149.17,1150.56,1151.48
1176.10,1176.07,1178.99,1182.70,1178.91,1164.92,1155.87,1167.51,1170.03,1164.68,1162.01,1156.66,1149.12,1149.01,1148.93,1144.80,1130.48,1111.55,1090.14,1066.66,1045.33,1043.97,1050.24,1060.06,1065.18,1062.38,1057.17,1060.46,1062.15,1055.30,1044.59,1034.27,1025.87,1014.50,999.51,985.78,974.32,962.11,945.29,927.12,911.58,898.58,890.89,885.68,880.36,874.05,867.61,862.95,859.43,856.27,851.90,849.32,847.40,846.82,848.82,847.00,843.62,844.02,842.99,840.56,839.70,839.54,839.38,839.21,839.03,838.93,839.00,839.10,839.39,845.93,853.96,858.74,859.85,860.09,858.53,862.03,867.61,874.42,884.35,896.53,904.58,909.97,911.30,912.56,915.05,917.04,917.05,917.79,919.26,919.94,920.31,921.28,922.79,924.25,925.66,927.19,928.64,930.28,932.71,934.45,935.68,937.10,938.63,940.10,941.44,942.45,943.91,945.26,946.08,946.78,947.73,948.95,949.67,948.72,946.74,944.22,941.40,941.62,943.07,944.72,945.84,947.04,948.08,949.76,951.54,953.96,957.22,959.65,961.31,962.88,964.91,966.62,967.98,969.40,970.56,971.85,973.10,974.59,977.43,979.71,980.03,980.11,980.18,980.27,981.11,983.32,985.73,988.85,990.03,990.12,990.13,990.17,990.43,991.36,992.43,993.85,997.01,998.60,998.89,999.75,1000.46,1001.71,1003.73,1006.50,1007.16,1008.25,1010.14,1011.79,1013.28,1014.83,1016.26,1017.95,1019.44,1021.26,1023.10,1024.89,1026.27,1027.76,1029.27,1030.97,1033.03,1034.84,1036.02,1036.91,1038.47,1039.83,1041.29,1042.74,1044.23,1045.91,1047.41,1048.87,1050.33,1051.62,1052.77,1053.91,1055.09,1056.49,1058.05,1059.45,1060.56,1062.08,1063.63,1065.38,1067.06,1068.74,1070.37,1071.83,1073.29,1074.70,1076.03,1077.40,1078.74,1080.05,1082.03,1083.59,1085.10,1086.72,1088.22,1090.84,1092.96,1094.58,1096.73,1098.92,1100.55,1101.61,1102.98,1104.55,1106.03,1107.58,1109.51,1111.71,1113.78,1115.31,1116.68,1118.13,1119.63,1120.75,1121.97,1123.44,1125.23,1127.16,1129.24,1130.85,1132.14,1133.55,1135.11,1136.69,1138.31,1139.98,1142.04,1144.30,1146.51,1148.58,1150.19,1151.30
1191.39,1190.10,1189.72,1189.63,1182.48,1167.14,1162.25,1172.26,1176.09,1173.68,1170.55,1160.78,1154.21,1154.15,1153.61,1150.76,1133.80,1110.11,1087.78,1066.55,1052.64,1058.32,1067.73,1076.03,1078.99,1075.89,1070.93,1067.44,1061.57,1050.94,1035.69,1019.91,1009.27,998.97,988.69,975.71,962.51,945.33,927.74,913.07,905.22,900.09,895.74,887.69,882.97,877.75,874.12,869.89,864.07,859.67,851.58,847.75,847.06,847.72,850.08,848.20,846.65,848.38,849.21,844.53,839.92,839.69,839.52,839.36,839.20,839.14,839.31,839.43,839.46,840.26,848.33,854.11,858.35,860.40,858.75,858.57,863.05,869.25,882.05,890.32,900.44,908.42,910.90,912.96,915.72,918.13,918.20,918.48,919.93,920.69,921.12,921.90,923.29,924.68,925.96,927.43,928.73,929.91,931.64,932.19,933.51,935.26,936.89,938.64,940.35,941.67,943.39,944.98,945.07,944.65,944.65,944.54,942.49,939.80,938.27,937.77,938.69,940.60,945.28,948.76,949.41,950.12,950.29,950.26,952.29,957.34,960.73,961.92,963.04,964.33,965.70,967.13,968.27,969.41,970.46,972.24,973.91,975.65,978.10,979.79,980.01,980.04,980.00,979.98,981.19,983.79,986.44,989.17,990.03,990.11,990.23,990.36,990.54,991.57,992.71,994.17,997.63,1000.48,1001.83,1002.29,1003.25,1004.80,1007.31,1009.08,1009.50,1010.68,1012.54,1014.15,1015.89,1017.58,1019.20,1020.01,1020.57,1022.01,1023.69,1025.36,1026.95,1028.45,1029.97,1031.67,1033.63,1035.45,1036.43,1037.30,1038.50,1039.34,1040.39,1041.85,1043.64,1045.54,1047.16,1048.63,1050.01,1051.11,1052.26,1053.42,1054.59,1055.85,1057.15,1058.63,1060.53,1061.73,1063.38,1065.24,1067.07,1068.80,1070.41,1071.83,1073.25,1074.67,1076.06,1077.46,1078.86,1080.30,1081.46,1082.76,1084.19,1085.69,1086.88,1088.51,1090.57,1092.67,1094.67,1097.30,1100.03,1101.63,1103.25,1104.88,1106.36,1107.99,1109.36,1111.24,1113.67,1115.14,1116.38,1117.64,1118.89,1120.25,1122.13,1123.88,1125.43,1126.92,1128.48,1130.49,1132.18,1133.76,1135.29,1136.85,1138.31,1139.77,1141.71,1143.67,1145.52,1147.36,1149.11,1150.82
1196.62,1194.47,1192.56,1190.82,1184.28,1170.09,1167.11,1174.08,1180.41,1180.76,1174.08,1162.45,1158.27,1158.08,1154.87,1148.49,1125.66,1103.27,1083.45,1069.93,1069.24,1074.56,1082.71,1088.99,1087.76,1081.45,1072.78,1064.35,1054.70,1041.19,1024.35,1004.23,991.73,983.85,974.00,958.83,945.31,930.79,921.49,915.76,909.80,908.07,904.29,895.23,888.38,885.05,885.65,880.18,873.60,867.31,858.00,849.43,847.74,848.13,850.59,850.77,849.76,852.06,852.60,848.29,841.10,839.79,839.63,839.46,839.30,839.34,839.53,839.73,839.95,839.89,841.46,848.15,853.99,857.28,857.16,855.62,858.18,862.87,871.72,883.04,891.76,903.70,910.15,913.25,916.11,918.92,919.45,919.18,920.20,921.27,921.96,922.60,923.79,925.12,926.28,927.18,927.94,928.71,929.61,930.02,931.64,933.52,935.28,936.99,939.11,941.13,943.05,943.70,942.82,942.02,940.97,937.75,934.25,934.20,935.07,939.43,941.94,944.79,948.46,950.56,951.35,952.23,952.84,954.46,956.99,959.36,960.30,961.31,962.87,963.87,964.87,966.04,967.07,968.33,970.16,972.17,974.01,976.13,978.09,979.39,979.46,979.01,978.65,979.24,981.25,983.78,986.00,987.99,989.33,989.61,989.87,990.10,990.35,991.56,992.97,994.39,997.57,999.88,1001.91,1003.84,1005.47,1006.58,1007.07,1007.29,1008.21,1010.33,1012.10,1014.00,1016.60,1018.72,1020.37,1021.48,1022.18,1023.51,1024.92,1026.24,1027.54,1028.66,1029.82,1031.60,1033.32,1034.74,1035.97,1037.49,1038.39,1039.07,1039.84,1041.33,1043.22,1045.14,1046.82,1048.26,1049.69,1050.57,1051.64,1052.88,1054.06,1055.32,1056.78,1058.30,1059.75,1061.29,1063.13,1064.99,1066.84,1068.60,1070.08,1071.51,1072.96,1074.32,1075.58,1077.01,1078.48,1079.56,1080.81,1082.17,1083.35,1084.44,1085.79,1087.68,1089.62,1091.60,1093.95,1096.85,1099.71,1101.62,1103.50,1105.20,1106.76,1108.49,1110.03,1111.61,1113.59,1114.96,1116.07,1117.11,1118.08,1119.40,1121.23,1122.60,1124.29,1126.21,1128.10,1130.28,1132.29,1133.47,1134.89,1136.37,1137.77,1139.18,1140.89,1142.73,1144.54,1146.22,1147.95,1149.53
1196.33,1194.01,1191.79,1189.71,1183.72,1172.76,1170.12,1175.26,1185.09,1186.93,1173.29,1162.13,1160.84,1160.42,1155.13,1141.01,1118.41,1105.47,1094.18,1088.60,1094.44,1098.21,1097.98,1092.73,1082.74,1069.70,1057.60,1049.28,1040.10,1029.06,1012.65,993.15,977.03,966.83,955.03,941.66,934.31,930.02,929.60,923.76,917.50,918.17,911.93,903.96,899.07,895.90,900.46,894.88,884.43,874.95,861.93,850.75,848.33,848.50,851.25,854.47,853.80,855.78,854.96,850.54,843.76,839.94,839.71,839.55,839.43,839.53,839.69,839.87,840.71,840.93,839.99,841.34,846.87,850.05,851.03,851.45,853.63,857.30,863.25,874.20,884.38,896.13,904.50,910.92,914.78,918.84,920.19,920.07,920.70,921.69,922.43,923.19,924.01,924.86,925.41,925.74,926.08,926.72,928.00,929.10,931.14,933.44,935.35,937.29,938.66,940.95,942.52,941.44,939.93,937.53,932.90,929.03,931.05,937.42,939.93,941.35,942.65,945.34,947.97,949.73,950.99,952.78,954.30,955.48,956.49,957.50,958.35,959.51,961.05,962.13,963.35,964.58,965.88,967.59,969.46,971.14,973.37,976.08,977.67,977.75,977.57,977.06,977.38,978.77,980.39,982.47,984.45,986.16,987.38,987.93,988.42,989.33,990.12,991.39,993.06,994.64,997.21,999.19,1001.30,1003.73,1004.79,1005.08,1005.46,1006.42,1007.57,1009.04,1010.67,1013.45,1016.49,1018.61,1020.38,1021.83,1022.61,1023.32,1024.12,1025.43,1026.77,1027.96,1029.13,1030.57,1032.14,1033.56,1035.61,1037.98,1039.08,1039.74,1040.66,1041.68,1043.17,1044.55,1045.75,1046.91,1048.63,1050.11,1051.26,1052.40,1053.49,1054.72,1056.13,1057.74,1059.49,1061.12,1062.92,1064.75,1066.55,1068.10,1069.59,1071.13,1072.51,1073.67,1074.86,1076.18,1077.62,1078.82,1080.26,1081.36,1082.45,1083.70,1085.19,1087.25,1089.25,1090.94,1093.51,1097.31,1099.56,1101.53,1103.53,1105.26,1106.72,1107.98,1109.27,1111.11,1112.95,1113.98,1114.83,1115.78,1116.94,1118.55,1120.56,1122.39,1124.18,1126.06,1127.75,1129.33,1130.75,1132.20,1133.91,1135.44,1136.83,1138.28,1140.11,1141.99,1143.72,1145.23,1147.01,1148.50
1196.01,1192.54,1189.47,1186.31,1182.07,1175.39,1175.82,1180.44,1192.13,1191.28,1176.59,1167.34,1163.66,1156.63,1150.06,1131.64,1121.57,1121.30,1115.02,1112.67,1115.76,1112.81,1101.16,1079.48,1061.31,1045.22,1034.66,1029.51,1024.24,1013.90,1000.68,985.49,970.81,962.26,957.99,948.26,941.14,938.97,938.23,930.62,927.34,928.23,919.71,910.63,906.42,907.24,911.63,903.79,889.21,876.53,862.30,852.30,848.84,849.05,852.79,858.47,858.49,859.75,857.56,852.11,845.33,840.22,839.77,839.63,839.59,839.68,839.84,840.46,841.83,842.01,840.91,840.31,840.82,842.16,843.55,844.84,847.25,851.88,856.49,863.40,875.95,889.60,896.78,903.77,911.54,917.10,919.97,920.59,921.04,921.44,922.00,922.57,923.09,923.65,923.93,924.20,924.84,927.61,929.77,930.91,932.92,934.71,935.76,937.77,939.36,940.06,938.40,935.30,931.75,928.33,927.53,929.49,936.77,941.47,942.54,943.16,943.94,944.94,946.57,948.39,950.14,951.74,952.70,953.67,954.63,955.55,956.48,957.85,959.41,960.74,962.00,963.46,965.26,967.17,968.93,970.81,973.70,975.85,975.81,975.85,975.63,975.60,976.81,978.13,979.36,980.93,982.67,984.04,985.28,986.10,987.03,988.18,989.39,991.02,992.79,994.59,996.71,998.67,1000.96,1002.65,1003.06,1003.68,1004.73,1006.05,1007.55,1009.19,1010.97,1013.57,1016.40,1018.50,1020.42,1021.29,1020.96,1021.63,1022.81,1024.36,1025.83,1027.03,1028.23,1029.53,1031.13,1033.38,1035.92,1038.45,1039.88,1040.19,1039.89,1040.46,1041.71,1042.68,1043.96,1045.72,1048.08,1050.04,1050.77,1051.81,1052.90,1054.13,1055.36,1056.82,1059.25,1061.25,1062.88,1064.39,1066.04,1067.72,1069.32,1070.71,1071.87,1073.00,1074.19,1075.44,1076.75,1078.10,1079.68,1080.82,1081.97,1083.25,1084.56,1086.42,1088.32,1089.83,1093.17,1097.53,1100.58,1101.83,1102.82,1104.05,1105.56,1106.72,1108.12,1110.00,1111.50,1112.50,1113.60,1115.00,1116.50,1118.23,1120.07,1121.96,1123.59,1125.12,1126.58,1127.93,1129.37,1131.26,1132.95,1134.51,1135.88,1137.36,1139.38,1141.07,1142.40,1144.31,1146.20,1147.59
1199.03,1195.57,1191.34,1186.95,1183.76,1179.49,1181.12,1189.59,1199.13,1194.42,1183.31,1172.02,1154.97,1147.27,1140.60,1131.93,1133.84,1134.21,1130.30,1128.00,1122.77,1109.95,1087.87,1064.32,1051.90,1042.59,1028.41,1016.64,1009.22,999.80,990.57,980.68,977.67,976.93,972.08,961.39,952.22,949.34,947.92,942.00,936.58,935.99,930.02,923.23,915.49,918.10,920.74,908.44,892.50,878.56,866.79,856.44,849.78,849.51,855.82,861.97,860.96,861.48,858.56,851.17,845.18,840.38,839.80,839.69,839.73,839.82,840.02,841.42,843.11,843.16,842.12,841.53,841.65,841.91,842.71,843.58,844.40,846.48,851.27,855.91,862.82,875.75,888.92,899.28,907.80,912.97,915.15,917.50,919.32,920.53,921.27,921.64,921.95,922.13,922.38,922.53,923.28,926.01,927.35,925.98,923.59,921.55,919.53,919.40,921.05,923.10,923.96,924.60,925.71,928.82,931.35,934.63,939.98,942.19,943.97,945.07,945.82,946.65,947.30,948.11,949.75,951.08,952.26,953.46,954.57,955.74,956.97,957.86,958.63,959.66,961.32,964.47,967.76,969.74,971.07,972.74,974.13,973.75,973.78,973.98,973.92,974.88,976.20,977.35,978.42,979.58,980.89,982.31,983.68,984.89,986.14,987.47,988.83,990.32,992.18,993.95,996.03,998.32,1000.17,1001.20,1001.99,1003.28,1004.79,1006.41,1008.04,1009.60,1011.58,1013.90,1016.25,1018.57,1020.35,1020.33,1019.52,1020.37,1021.90,1023.45,1024.82,1025.95,1027.25,1028.68,1030.37,1032.94,1035.60,1038.11,1038.95,1037.89,1037.84,1038.94,1040.03,1041.43,1043.02,1044.91,1047.26,1049.50,1050.38,1051.26,1052.31,1053.53,1054.49,1055.79,1058.33,1060.64,1061.89,1063.52,1065.20,1066.95,1068.74,1070.19,1071.21,1072.33,1073.51,1074.76,1076.10,1077.87,1079.51,1080.46,1081.55,1082.78,1084.05,1085.68,1087.33,1088.53,1091.11,1095.81,1099.48,1099.95,1101.15,1102.81,1104.07,1105.31,1106.99,1108.93,1110.69,1111.76,1113.16,1114.60,1116.03,1117.57,1119.14,1120.77,1122.31,1123.82,1125.33,1126.91,1128.54,1130.39,1131.99,1133.58,1134.94,1136.48,1138.32,1140.14,1142.13,1143.82,1145.36,1146.88
1204.13,1205.75,1203.84,1198.34,1188.24,1184.09,1185.26,1193.45,1200.44,1194.18,1180.42,1164.56,1160.71,1162.16,1156.90,1154.09,1157.14,1154.04,1142.82,1133.62,1120.12,1101.65,1083.74,1077.58,1072.38,1061.98,1040.92,1019.08,1009.63,1002.42,1000.53,997.05,995.34,992.29,984.68,972.39,963.38,960.58,958.92,951.55,945.67,944.43,941.12,937.01,928.05,928.08,928.04,914.25,901.67,888.83,875.09,862.19,852.13,850.15,857.48,862.97,861.41,861.49,857.01,849.30,844.61,840.70,839.87,839.79,839.84,840.06,840.77,842.20,843.91,844.29,843.25,842.81,842.88,842.89,843.34,844.16,844.93,845.71,847.34,850.63,854.88,861.75,874.91,889.98,901.10,901.88,902.05,905.72,910.88,917.83,920.35,920.64,920.88,920.68,920.44,919.09,916.11,912.70,909.83,907.94,906.61,906.98,909.41,912.08,914.47,917.80,920.49,926.80,931.12,932.58,932.82,936.52,940.47,942.62,944.58,946.38,947.65,948.60,949.35,949.68,950.51,951.90,953.34,954.68,955.89,957.21,958.45,959.77,960.87,961.80,963.70,967.19,969.92,971.10,971.79,971.90,971.43,971.37,971.99,972.27,973.02,974.21,975.30,976.32,977.36,978.40,979.99,981.64,983.06,984.55,985.92,987.23,988.54,989.83,991.47,993.17,995.03,996.97,998.65,1000.47,1001.99,1003.64,1005.38,1006.97,1008.45,1009.42,1010.97,1013.18,1015.38,1017.93,1019.79,1019.56,1018.61,1019.68,1021.33,1022.53,1023.56,1024.71,1026.61,1028.27,1029.75,1031.69,1034.08,1035.88,1035.97,1035.80,1036.70,1038.06,1039.74,1041.04,1042.40,1043.96,1046.31,1048.50,1049.93,1050.86,1051.76,1052.83,1053.60,1054.58,1056.58,1059.20,1061.00,1062.69,1064.37,1066.06,1067.87,1069.60,1070.55,1071.67,1072.93,1074.15,1075.37,1077.19,1079.13,1080.30,1081.09,1082.32,1083.62,1084.97,1086.52,1088.17,1089.78,1093.14,1097.14,1098.29,1100.20,1101.44,1102.78,1104.72,1106.87,1109.03,1110.51,1111.53,1112.87,1114.23,1115.48,1116.96,1118.45,1119.97,1121.47,1122.95,1124.39,1125.83,1127.38,1129.66,1131.24,1132.66,1134.03,1135.62,1137.86,1140.36,1141.59,1142.69,1144.33,1145.98
1209.72,1218.41,1218.24,1215.67,1203.79,1191.86,1190.90,1197.66,1198.94,1190.68,1176.97,1166.90,1173.28,1178.66,1179.31,1174.90,1171.58,1165.25,1150.15,1133.67,1118.13,1108.48,1106.22,1102.19,1091.70,1071.10,1044.65,1026.34,1018.22,1015.77,1016.29,1014.47,1012.57,1009.16,999.61,985.31,975.60,972.80,971.24,963.11,960.81,959.13,955.53,949.49,938.78,936.94,934.79,923.26,912.17,900.53,884.50,867.79,857.82,853.96,857.27,860.59,860.72,860.66,855.42,849.06,845.15,841.81,840.53,840.12,840.06,841.04,841.99,843.09,844.70,845.38,844.41,844.09,844.09,844.08,844.12,844.73,845.52,846.28,847.03,848.06,850.24,854.44,861.71,875.90,890.64,894.91,896.23,898.04,900.23,906.23,913.77,917.51,917.70,915.28,911.69,906.25,899.39,896.09,897.89,901.97,907.56,916.51,922.93,925.39,926.26,928.32,929.88,931.51,934.11,936.02,935.26,936.21,940.43,942.61,944.65,946.64,948.66,950.30,951.25,951.67,952.09,953.27,954.70,956.02,957.25,958.33,959.17,959.95,960.75,962.17,964.76,967.24,969.08,969.98,969.80,969.15,968.79,969.67,970.34,971.15,972.24,973.31,974.51,975.80,977.14,978.49,979.92,981.47,982.93,984.45,985.84,987.07,988.21,989.31,990.67,992.43,994.33,996.38,998.42,1000.46,1002.48,1004.59,1006.05,1007.19,1008.00,1008.75,1010.32,1012.08,1014.36,1016.66,1018.29,1018.31,1017.59,1018.78,1020.13,1021.25,1022.01,1023.12,1025.09,1027.32,1029.30,1030.70,1032.18,1033.08,1033.75,1034.87,1035.95,1037.29,1039.13,1040.59,1041.77,1043.07,1045.20,1047.29,1049.28,1050.56,1051.27,1052.06,1053.04,1054.28,1056.20,1059.11,1060.75,1061.99,1063.54,1065.15,1066.92,1068.63,1070.14,1071.13,1072.34,1073.51,1074.67,1076.34,1078.36,1079.98,1080.76,1081.82,1083.24,1084.85,1086.71,1088.70,1090.36,1092.01,1094.73,1096.63,1098.53,1100.79,1102.88,1104.80,1106.60,1108.46,1110.11,1111.18,1112.46,1113.73,1114.91,1116.35,1117.88,1119.37,1120.79,1122.17,1123.60,1124.98,1126.40,1128.54,1130.34,1131.93,1133.54,1134.96,1137.25,1139.18,1140.04,1141.61,1143.40,1145.06
1215.19,1222.17,1222.96,1220.63,1210.75,1199.83,1195.98,1196.92,1193.31,1184.97,1176.20,1172.70,1181.03,1187.62,1187.89,1184.37,1180.76,1170.34,1150.94,1135.90,1129.46,1122.50,1120.64,1112.97,1096.66,1073.25,1049.94,1039.52,1029.39,1030.52,1029.79,1027.14,1025.10,1021.55,1012.95,997.39,987.32,984.02,979.86,975.70,976.37,973.33,968.10,959.57,950.19,947.74,944.05,933.76,920.40,906.42,890.11,875.25,865.31,859.67,857.28,857.92,859.63,860.13,855.68,849.19,846.04,843.77,843.00,842.37,841.81,842.31,843.27,844.16,845.49,846.43,845.61,845.31,845.27,845.27,845.27,845.55,846.13,846.88,847.57,848.22,849.08,851.00,855.77,862.26,877.38,889.62,893.07,895.22,894.79,897.77,904.81,910.75,907.05,898.43,892.76,888.53,890.17,897.69,910.53,917.11,922.15,929.16,931.80,932.37,932.41,932.86,933.36,933.88,936.11,939.02,938.46,936.67,940.18,942.48,944.58,946.73,948.94,950.79,952.06,953.05,953.80,954.70,955.69,956.31,956.89,957.42,957.87,958.20,958.55,959.14,961.32,964.68,966.85,967.63,967.64,967.12,966.99,967.86,969.00,970.55,971.76,973.12,974.57,976.03,977.50,978.92,980.51,981.93,983.16,984.29,985.41,986.49,987.63,988.83,990.18,992.06,994.05,996.17,998.30,1000.75,1003.66,1004.79,1005.02,1005.87,1006.64,1007.86,1009.36,1010.91,1013.16,1015.07,1016.66,1016.73,1016.52,1017.54,1018.64,1019.64,1020.39,1021.59,1023.32,1025.46,1027.30,1029.08,1030.58,1031.54,1032.59,1033.97,1035.19,1036.48,1038.30,1040.08,1041.23,1042.59,1044.58,1046.89,1048.52,1049.83,1050.82,1052.05,1053.36,1054.71,1056.28,1058.66,1060.38,1061.38,1062.88,1064.40,1066.10,1068.02,1069.80,1070.69,1071.53,1072.81,1074.01,1075.50,1077.42,1079.06,1080.34,1081.67,1083.37,1084.99,1086.82,1088.75,1090.38,1091.64,1093.23,1095.35,1097.77,1100.30,1102.09,1103.77,1105.76,1107.68,1109.53,1110.76,1112.00,1113.20,1114.37,1115.76,1117.29,1118.78,1120.37,1122.10,1123.83,1124.57,1126.87,1129.26,1130.73,1132.31,1132.99,1134.29,1136.33,1137.71,1139.12,1141.13,1142.68,1144.03
1218.99,1223.75,1224.94,1220.56,1210.86,1201.84,1196.35,1192.26,1187.51,1181.20,1176.33,1178.29,1187.86,1191.17,1191.15,1189.69,1184.89,1171.68,1155.07,1147.72,1138.48,1130.06,1124.56,1113.18,1094.69,1075.12,1063.86,1053.09,1043.68,1047.67,1046.09,1041.28,1038.04,1032.27,1020.98,1007.84,999.70,993.28,987.71,989.28,988.77,982.78,975.70,967.51,964.88,962.31,956.77,944.04,926.26,911.48,899.11,886.26,876.12,867.44,860.75,858.83,858.30,858.19,855.57,850.30,847.78,845.89,845.77,845.89,845.16,844.16,844.67,845.60,846.44,847.43,846.75,846.59,846.52,846.48,846.42,846.62,846.97,847.47,848.00,848.66,849.22,850.03,852.42,856.13,862.49,877.38,888.88,892.63,889.91,890.48,895.16,896.46,888.27,880.32,880.91,893.80,904.23,915.55,926.21,929.15,930.50,933.12,934.43,935.24,935.49,935.75,936.23,936.97,937.93,939.84,940.46,938.18,939.16,941.63,944.54,947.55,949.84,951.08,952.31,953.32,953.98,953.99,954.12,954.33,954.88,955.71,956.25,956.54,956.97,958.27,960.31,962.99,964.44,965.05,965.43,965.19,966.01,967.42,968.85,970.35,971.78,973.20,974.61,975.99,977.37,978.73,980.23,981.46,982.56,983.69,984.87,986.08,987.30,988.50,989.88,991.82,994.23,996.42,998.27,1000.55,1003.06,1002.45,1003.11,1004.17,1005.34,1006.77,1008.16,1009.73,1011.69,1013.48,1015.04,1015.09,1015.37,1016.14,1017.20,1018.13,1019.06,1020.19,1021.53,1023.02,1024.06,1025.81,1030.00,1030.85,1031.42,1032.87,1034.26,1035.70,1037.81,1040.06,1041.61,1043.27,1044.83,1046.54,1048.03,1049.69,1051.09,1052.44,1053.80,1055.18,1056.66,1058.39,1059.60,1061.03,1062.46,1063.78,1065.15,1067.01,1069.04,1070.26,1070.52,1071.61,1073.10,1074.67,1076.38,1078.17,1079.77,1081.53,1083.64,1085.15,1086.92,1088.66,1089.71,1090.68,1092.38,1094.40,1096.82,1099.13,1100.80,1102.72,1104.92,1106.89,1108.76,1110.30,1111.49,1112.66,1113.82,1115.18,1116.67,1118.07,1119.70,1121.61,1123.46,1125.96,1129.48,1130.58,1131.16,1131.46,1132.30,1133.70,1135.29,1136.90,1138.71,1140.16,1141.57,1142.74
1223.15,1227.14,1227.12,1220.64,1212.32,1204.64,1197.54,1191.10,1185.88,1180.72,1178.81,1184.13,1191.35,1192.73,1191.58,1189.07,1181.21,1170.68,1169.57,1166.70,1154.73,1140.35,1126.18,1113.91,1096.55,1080.38,1073.75,1063.73,1059.55,1063.36,1061.24,1057.13,1053.05,1045.84,1030.72,1019.15,1011.16,1008.20,998.57,995.61,999.13,991.79,984.16,979.96,977.70,975.09,967.44,949.98,936.97,925.19,911.24,898.51,886.66,876.55,869.53,864.83,861.53,858.54,855.69,852.33,850.18,848.13,848.38,849.47,848.56,846.60,846.26,847.18,847.68,848.44,847.97,847.85,847.86,847.64,847.53,847.74,847.98,848.18,848.43,848.85,849.23,849.62,850.14,852.70,856.45,863.05,877.71,888.59,886.31,878.53,877.65,875.36,872.23,874.70,891.81,908.23,917.89,927.69,930.84,931.54,932.12,932.31,933.05,934.62,936.53,938.10,938.83,939.64,940.52,940.70,941.61,940.33,939.20,941.34,945.72,949.10,950.60,951.55,952.43,952.99,952.67,952.02,951.90,952.24,952.81,953.74,954.57,954.92,955.91,957.63,959.35,961.17,962.35,962.80,963.46,964.48,965.88,967.31,968.74,970.15,971.47,972.80,974.12,975.46,976.85,978.24,979.67,981.05,982.51,983.70,984.87,985.98,987.11,988.26,989.89,992.65,995.80,998.51,1000.23,1001.44,1000.87,1000.20,1001.36,1002.10,1003.89,1005.53,1007.01,1008.95,1010.61,1011.94,1013.44,1013.89,1015.18,1017.23,1018.69,1019.06,1019.59,1020.68,1021.78,1023.51,1025.13,1026.20,1027.76,1029.56,1030.25,1031.72,1033.42,1035.43,1038.56,1040.92,1042.20,1043.53,1044.94,1046.33,1047.94,1049.84,1051.36,1052.69,1054.02,1055.41,1056.74,1058.03,1059.28,1060.65,1061.70,1062.98,1064.39,1065.92,1067.78,1069.08,1069.64,1070.76,1072.52,1074.15,1075.76,1077.47,1079.17,1081.32,1083.92,1085.41,1086.92,1087.97,1088.86,1090.07,1091.76,1093.62,1095.80,1097.79,1099.64,1101.84,1104.02,1106.13,1107.99,1109.70,1110.80,1112.06,1113.26,1114.57,1115.93,1117.47,1120.03,1122.22,1124.59,1127.07,1128.96,1129.51,1129.66,1130.53,1131.55,1132.95,1134.41,1136.05,1137.59,1139.05,1140.42,1141.46
1227.87,1231.61,1231.00,1224.65,1217.07,1207.97,1199.22,1191.70,1187.04,1184.17,1184.06,1189.70,1193.61,1192.69,1190.07,1184.45,1181.39,1186.68,1188.06,1181.01,1169.95,1156.53,1134.07,1117.54,1107.28,1096.22,1085.57,1074.72,1071.63,1076.82,1075.58,1070.17,1062.31,1051.95,1036.51,1025.37,1024.20,1020.46,1011.67,1000.56,1007.63,1004.10,996.77,992.94,990.92,985.82,974.71,959.65,951.48,940.53,924.78,908.71,893.44,881.17,874.61,870.00,866.62,862.15,859.00,855.21,857.79,855.74,854.04,855.01,852.27,848.82,848.00,849.14,849.72,849.55,849.47,849.30,849.34,848.89,848.61,849.14,849.16,849.05,849.04,849.10,849.20,849.38,849.63,850.30,853.85,857.61,865.20,878.73,882.15,870.91,865.67,866.37,871.57,885.59,901.82,913.45,921.80,927.78,928.80,928.63,928.44,929.25,931.06,933.65,936.59,938.62,939.59,940.43,941.16,941.79,942.53,942.36,941.40,943.51,947.89,949.98,950.68,951.27,951.68,952.04,951.43,950.48,949.61,950.18,950.74,952.20,952.90,953.53,954.81,956.38,957.99,959.43,960.60,961.63,963.25,964.59,965.94,967.30,968.67,969.85,970.94,972.25,973.55,974.86,976.28,977.83,979.55,981.46,983.25,984.59,986.04,987.08,988.07,988.98,990.10,993.57,997.45,999.88,1000.04,999.33,999.00,998.97,999.57,1000.53,1002.42,1004.13,1005.93,1008.64,1010.42,1011.37,1012.54,1014.88,1017.65,1020.13,1021.10,1021.69,1022.59,1023.59,1024.24,1025.62,1026.81,1027.52,1028.32,1029.77,1030.27,1031.75,1033.54,1035.47,1037.88,1040.17,1041.61,1042.99,1044.45,1045.96,1047.68,1049.41,1050.61,1051.77,1053.27,1054.86,1056.17,1057.47,1058.77,1060.03,1060.99,1062.09,1063.53,1064.84,1065.88,1066.90,1068.56,1070.53,1071.99,1073.60,1075.25,1077.03,1078.87,1080.97,1083.82,1085.65,1086.64,1087.56,1088.53,1089.56,1091.05,1092.92,1094.81,1096.81,1098.84,1101.31,1103.33,1105.11,1106.85,1108.17,1109.52,1111.11,1112.43,1113.94,1115.61,1117.56,1119.96,1122.21,1124.12,1126.02,1127.32,1127.52,1128.12,1129.57,1130.74,1132.10,1133.56,1134.95,1136.21,1137.46,1138.75,1140.60
1232.68,1235.98,1233.94,1227.77,1219.26,1210.23,1201.36,1195.83,1193.38,1191.34,1189.53,1193.23,1194.65,1191.09,1187.40,1185.59,1193.38,1200.51,1200.34,1191.52,1181.63,1169.32,1150.51,1126.40,1115.29,1109.32,1101.60,1090.05,1085.24,1089.14,1088.21,1078.73,1064.28,1050.09,1038.53,1037.33,1035.90,1029.39,1020.90,1009.97,1015.15,1016.56,1011.49,1008.63,1005.46,996.45,982.65,970.08,960.35,947.05,931.15,913.49,899.00,887.35,879.06,873.94,871.43,867.80,862.45,858.19,864.64,869.64,866.87,863.18,859.17,851.71,849.83,851.68,851.89,851.52,851.55,851.32,850.80,850.35,849.73,850.28,850.26,849.90,849.74,849.61,849.54,849.56,849.63,849.84,852.55,855.84,858.88,867.26,872.72,863.24,863.09,868.35,879.95,888.22,896.70,906.14,915.37,920.39,922.97,924.01,927.00,929.84,931.73,934.21,937.06,938.88,939.95,940.72,941.28,941.43,941.49,942.64,944.01,945.95,947.55,948.25,949.20,950.13,950.72,951.15,950.72,949.81,948.52,948.86,949.52,950.82,951.39,952.49,953.73,955.05,956.64,958.27,960.03,961.82,963.60,964.89,966.09,967.46,968.84,969.79,970.34,971.58,972.88,974.27,975.79,977.47,979.20,981.42,983.77,985.66,987.28,988.41,989.50,991.35,993.01,994.90,996.54,998.11,998.13,997.44,997.46,997.65,998.35,999.26,1000.71,1003.20,1005.84,1009.00,1010.38,1011.37,1012.65,1015.39,1018.43,1020.14,1020.88,1021.70,1023.70,1025.47,1026.39,1027.31,1028.18,1028.92,1029.48,1030.07,1030.51,1031.95,1033.71,1035.36,1037.22,1039.42,1041.10,1042.26,1043.63,1045.49,1047.74,1048.76,1049.68,1050.84,1052.63,1054.15,1055.19,1056.42,1057.66,1059.03,1060.21,1061.02,1062.26,1063.51,1064.88,1066.44,1068.37,1069.95,1071.42,1073.06,1074.81,1076.60,1078.53,1080.62,1083.11,1085.15,1086.26,1087.21,1088.35,1089.17,1090.26,1092.08,1093.81,1095.88,1097.97,1100.17,1101.66,1103.44,1104.85,1106.47,1108.39,1110.32,1111.88,1113.76,1115.67,1117.53,1119.06,1120.71,1122.65,1124.57,1125.41,1125.60,1126.81,1128.29,1129.75,1131.15,1132.62,1133.72,1134.46,1135.57,1137.19,1139.47
1240.67,1241.04,1235.87,1229.68,1224.24,1218.67,1210.41,1205.27,1201.45,1198.02,1195.38,1196.50,1193.58,1189.79,1189.37,1194.32,1200.51,1206.37,1205.66,1198.45,1190.87,1181.11,1165.73,1147.67,1129.78,1118.60,1111.40,1103.39,1099.97,1096.54,1094.26,1082.56,1064.18,1054.41,1050.97,1051.63,1047.53,1038.98,1030.28,1020.31,1024.40,1025.37,1022.12,1018.84,1013.76,1002.11,984.64,969.89,957.27,945.01,929.50,913.73,904.03,895.06,883.78,877.46,874.83,871.00,864.51,860.21,868.20,876.00,876.47,873.16,868.60,862.34,855.39,854.95,854.03,853.78,853.84,853.31,852.67,852.10,851.49,851.71,851.83,851.69,851.83,850.99,850.48,850.03,850.15,849.83,851.81,855.17,857.38,858.98,859.40,859.59,865.29,874.80,883.28,887.43,891.49,896.87,907.05,914.24,918.03,923.35,929.86,931.78,933.39,935.24,937.38,939.07,940.17,940.51,940.53,940.34,939.65,940.91,943.65,944.80,945.50,946.17,946.92,947.95,949.85,950.32,949.76,948.91,948.22,948.56,949.09,949.67,950.78,952.43,953.95,955.31,956.29,958.24,960.40,962.18,963.95,965.22,966.39,967.61,968.96,969.73,969.94,970.92,972.34,973.79,975.17,976.70,978.49,980.64,983.61,986.73,988.53,989.86,991.12,991.78,991.25,990.46,992.65,994.81,995.58,995.50,995.60,996.66,998.55,1000.10,1001.90,1004.90,1007.63,1009.88,1010.44,1011.48,1012.77,1015.47,1017.69,1018.60,1019.06,1019.97,1023.44,1026.09,1027.04,1027.97,1028.84,1029.77,1030.02,1030.10,1030.70,1032.03,1033.78,1035.17,1036.90,1039.10,1040.54,1041.36,1042.82,1045.28,1048.00,1049.47,1050.36,1051.04,1052.34,1053.18,1054.03,1055.17,1056.37,1057.57,1058.94,1060.39,1061.65,1063.13,1064.58,1066.18,1067.87,1069.32,1070.89,1072.62,1074.37,1076.19,1078.04,1079.79,1082.02,1084.24,1085.83,1086.86,1088.43,1089.40,1089.93,1091.17,1092.81,1094.82,1096.91,1098.62,1100.23,1102.01,1104.03,1106.09,1107.99,1109.77,1111.57,1113.49,1115.01,1116.52,1117.95,1119.38,1121.13,1123.01,1123.47,1124.13,1125.64,1127.19,1128.67,1130.19,1131.73,1132.66,1133.00,1133.91,1135.51,1137.83
1247.21,1243.88,1238.70,1235.67,1233.75,1231.96,1227.48,1218.03,1212.37,1206.41,1199.73,1196.63,1193.95,1192.84,1196.73,1203.79,1206.13,1209.60,1211.11,1204.75,1197.88,1190.13,1177.14,1160.97,1143.57,1128.81,1117.00,1112.64,1107.87,1102.85,1096.70,1086.72,1075.86,1070.10,1069.76,1068.10,1060.74,1050.57,1039.23,1028.79,1034.51,1035.43,1032.70,1029.18,1018.20,1002.64,983.99,964.24,946.50,936.92,925.77,916.55,909.71,900.08,889.53,883.12,878.36,875.22,868.82,864.04,867.38,877.70,882.10,880.89,877.55,872.96,862.34,858.08,856.19,856.09,855.76,854.98,854.24,853.56,853.26,853.56,854.05,854.40,855.35,855.06,854.34,852.93,852.73,850.93,851.30,854.36,856.17,857.10,858.56,862.44,869.26,879.28,882.08,884.57,887.57,891.41,900.49,908.50,914.46,922.23,930.28,932.11,933.36,934.59,935.35,936.87,938.32,938.58,938.41,937.69,937.46,940.70,942.15,942.17,942.93,943.75,944.24,945.78,946.65,947.06,947.13,947.34,947.44,948.28,949.43,950.19,952.71,954.67,956.23,957.43,957.63,958.57,960.62,962.53,964.30,965.56,966.74,967.91,969.12,969.65,969.89,971.07,972.94,974.80,975.95,976.99,978.11,980.16,984.03,987.31,988.41,989.35,988.95,988.75,988.89,988.97,990.26,991.64,992.67,993.59,995.34,998.33,1000.71,1002.48,1004.34,1006.27,1008.15,1009.65,1010.42,1011.58,1012.90,1015.04,1016.20,1017.24,1018.96,1021.36,1024.25,1026.57,1027.26,1027.95,1028.49,1029.14,1029.02,1029.91,1030.95,1032.13,1033.75,1034.92,1036.63,1038.43,1039.51,1040.47,1042.37,1045.10,1047.82,1049.87,1049.98,1050.54,1051.22,1052.01,1052.91,1054.13,1055.46,1056.86,1058.45,1059.99,1061.24,1062.75,1064.26,1065.83,1067.36,1068.92,1070.56,1072.20,1073.93,1075.70,1077.42,1079.05,1080.95,1083.15,1085.19,1086.52,1088.25,1089.71,1090.22,1090.66,1091.83,1093.76,1095.49,1096.88,1099.09,1101.80,1103.77,1105.68,1107.43,1109.14,1111.05,1112.16,1113.57,1115.19,1116.69,1118.12,1119.68,1121.28,1121.65,1122.94,1124.62,1126.15,1127.69,1129.36,1130.85,1131.73,1131.65,1132.26,1133.61,1135.86
1252.34,1248.22,1244.72,1243.24,1243.81,1246.43,1241.42,1227.37,1217.95,1211.22,1202.76,1199.31,1198.40,1197.32,1203.14,1210.49,1213.32,1212.59,1217.74,1215.24,1205.18,1195.07,1183.54,1168.89,1154.43,1141.06,1128.63,1123.58,1113.41,1105.31,1099.20,1096.68,1092.21,1085.65,1081.69,1076.24,1066.33,1056.45,1045.95,1038.36,1047.57,1050.94,1047.90,1039.53,1022.23,1002.94,984.93,965.84,946.50,937.30,931.04,922.36,912.18,901.81,898.54,894.10,887.26,884.85,878.58,870.09,866.64,874.48,882.88,885.88,885.81,879.51,869.58,861.65,858.15,858.25,857.22,856.18,855.43,855.00,855.48,855.79,856.25,857.29,858.63,859.45,858.69,857.22,855.75,853.66,853.39,853.97,854.88,856.21,858.34,861.86,867.70,874.95,877.72,881.17,884.40,887.43,892.41,899.32,908.84,916.73,924.91,929.53,930.95,931.70,931.82,932.76,934.01,934.44,934.32,933.75,935.55,938.75,938.84,939.00,940.64,941.18,942.08,945.30,947.65,948.88,948.22,946.70,948.04,948.21,949.77,952.28,954.90,957.00,958.62,959.50,959.46,959.50,961.01,963.41,965.50,966.63,967.73,968.71,969.34,969.62,970.16,972.53,974.82,976.90,978.11,978.74,979.23,981.76,984.82,983.25,984.07,986.64,986.98,986.99,987.34,987.95,989.41,990.85,992.40,993.95,995.64,997.64,999.60,1001.59,1003.27,1005.09,1006.93,1008.74,1010.41,1011.67,1013.02,1014.38,1015.59,1016.96,1018.83,1021.78,1025.03,1024.47,1024.32,1025.27,1026.02,1026.44,1027.95,1030.00,1031.18,1032.32,1033.59,1034.65,1036.13,1037.33,1038.37,1039.48,1041.67,1044.40,1046.64,1047.76,1047.69,1048.43,1049.50,1050.88,1052.44,1053.85,1055.21,1056.56,1058.01,1059.42,1060.87,1062.48,1064.11,1065.75,1067.39,1068.97,1070.56,1072.17,1073.80,1075.45,1077.11,1078.73,1080.62,1082.55,1084.41,1086.00,1087.42,1088.68,1089.79,1090.51,1091.13,1092.37,1093.63,1095.12,1097.54,1101.17,1103.26,1104.42,1105.48,1107.50,1109.29,1110.26,1112.11,1113.76,1115.38,1116.85,1118.23,1119.16,1120.21,1121.88,1123.57,1125.26,1127.04,1128.88,1130.29,1130.78,1130.33,1130.42,1132.38,1134.97
1257.17,1255.37,1253.58,1251.91,1252.23,1253.78,1246.17,1232.99,1222.57,1212.73,1205.34,1205.12,1203.30,1201.96,1211.51,1218.36,1221.41,1219.86,1222.70,1221.38,1211.67,1197.57,1186.30,1172.99,1160.45,1147.62,1140.20,1131.45,1119.70,1110.32,1108.52,1108.66,1102.77,1096.46,1087.84,1081.06,1071.48,1060.96,1050.56,1047.04,1058.03,1060.43,1055.03,1046.35,1027.83,1009.36,992.03,973.46,956.13,944.05,934.62,923.62,916.05,913.99,912.32,908.94,903.77,900.09,891.56,879.51,872.36,870.78,879.63,887.73,891.83,887.37,875.70,866.72,861.07,860.52,858.74,857.41,857.04,857.76,858.70,858.66,858.48,859.07,861.09,863.22,862.28,860.44,858.24,856.45,855.82,855.30,854.75,855.22,857.01,859.38,864.22,869.59,873.72,878.00,881.44,883.16,886.61,891.91,898.85,907.32,912.77,918.05,921.71,922.64,923.06,925.37,927.57,928.18,928.18,929.45,931.73,933.57,933.90,934.41,936.36,936.75,939.53,943.35,947.38,949.78,947.71,947.11,949.15,949.97,951.34,954.67,957.28,959.22,960.94,962.03,962.43,962.73,963.74,965.83,967.40,968.34,969.12,969.34,969.63,969.74,970.15,973.47,976.83,979.01,980.41,981.32,982.19,981.94,980.21,979.69,981.03,983.55,984.63,985.27,986.32,988.50,990.39,991.57,992.74,994.16,995.70,997.47,999.31,1001.21,1003.11,1005.07,1007.04,1009.06,1010.85,1012.20,1013.83,1015.23,1016.63,1017.71,1019.20,1022.52,1023.70,1021.17,1020.89,1022.46,1023.45,1025.26,1027.59,1029.54,1030.84,1031.94,1033.04,1034.14,1035.11,1036.06,1037.05,1038.19,1040.44,1042.70,1043.33,1044.04,1044.98,1046.46,1048.87,1050.84,1052.12,1053.55,1054.90,1056.27,1057.84,1059.33,1060.83,1062.51,1064.14,1065.75,1067.39,1069.12,1070.82,1072.46,1074.09,1075.74,1077.35,1078.89,1080.40,1081.96,1083.39,1084.74,1086.09,1087.51,1088.90,1089.91,1090.60,1091.22,1092.37,1094.90,1097.68,1100.24,1101.85,1101.60,1102.40,1104.35,1106.40,1108.68,1110.73,1112.38,1114.00,1115.44,1116.44,1117.66,1119.38,1121.06,1122.72,1124.46,1126.23,1128.13,1129.65,1129.64,1129.74,1130.87,1132.79,1135.17
1264.45,1264.32,1262.65,1259.42,1258.84,1258.94,1249.57,1238.63,1227.07,1214.35,1210.14,1211.30,1209.56,1206.17,1216.96,1224.21,1228.25,1228.03,1226.30,1221.79,1212.74,1197.75,1186.38,1173.63,1160.51,1151.09,1144.24,1136.29,1123.07,1115.82,1115.90,1114.42,1110.91,1106.53,1095.11,1086.39,1077.74,1065.61,1056.64,1059.70,1064.99,1062.99,1058.14,1052.04,1037.19,1018.64,1003.76,984.59,965.11,952.55,937.01,930.38,930.59,929.34,924.77,919.33,916.79,912.20,903.29,893.09,884.60,875.45,878.61,888.85,893.58,891.05,879.57,869.83,865.47,862.66,859.95,858.90,861.78,862.53,863.04,862.55,861.92,862.69,864.82,866.79,865.83,864.03,860.92,858.57,857.65,856.89,856.39,855.77,855.75,857.64,860.81,864.95,869.14,872.91,874.72,875.28,878.70,882.05,886.49,894.20,897.15,899.76,902.91,902.94,905.24,910.02,912.50,913.17,913.67,918.74,923.45,925.68,926.61,927.76,928.13,927.96,930.13,937.44,944.07,946.02,946.49,949.71,951.21,952.44,954.30,956.93,959.25,960.74,961.88,962.64,963.70,964.75,965.79,967.42,968.92,969.80,970.00,970.14,970.75,971.08,972.35,974.30,976.93,979.91,979.93,979.13,978.78,978.59,978.75,979.21,980.28,981.46,983.92,986.82,989.36,990.49,990.94,991.94,993.00,994.24,995.84,997.60,999.30,1001.13,1003.15,1005.20,1007.24,1009.29,1011.33,1013.09,1014.92,1016.42,1017.97,1019.08,1020.96,1022.87,1020.91,1019.41,1019.43,1020.71,1022.68,1024.86,1027.07,1028.44,1029.63,1030.78,1032.01,1033.16,1033.94,1034.72,1035.67,1036.83,1038.56,1039.68,1040.44,1042.18,1044.54,1046.23,1048.34,1050.32,1051.70,1053.22,1054.59,1055.99,1057.62,1059.28,1060.93,1062.53,1064.16,1065.78,1067.41,1069.07,1070.75,1072.40,1074.05,1075.68,1077.08,1078.28,1079.42,1080.74,1082.15,1083.64,1085.32,1086.78,1087.88,1088.98,1089.72,1090.17,1091.80,1093.99,1096.44,1098.77,1099.91,1099.56,1101.05,1103.58,1105.91,1107.91,1109.74,1111.35,1112.69,1113.69,1115.01,1116.74,1118.48,1120.17,1121.84,1123.07,1124.69,1126.96,1128.34,1129.14,1129.89,1131.61,1133.13,1134.05
1274.92,1272.42,1269.75,1265.61,1264.50,1263.10,1253.71,1240.40,1228.63,1216.61,1215.21,1217.06,1215.62,1209.17,1216.02,1225.44,1230.89,1230.81,1227.34,1222.14,1213.01,1198.02,1186.01,1173.20,1160.30,1151.51,1143.86,1136.28,1127.32,1121.68,1121.38,1118.94,1114.29,1107.86,1099.14,1089.11,1076.56,1066.83,1067.87,1073.62,1069.86,1065.02,1060.52,1053.97,1042.84,1025.65,1010.86,991.94,978.12,962.06,944.54,945.76,949.00,945.38,936.42,928.53,925.37,921.86,914.19,905.63,895.91,883.86,882.87,889.45,893.28,891.42,881.08,871.13,866.55,863.27,860.63,861.78,867.57,868.90,868.01,867.43,867.35,867.26,870.14,871.42,870.21,869.03,864.88,859.32,858.94,858.42,858.30,857.51,856.54,856.59,859.07,861.32,863.43,867.20,868.38,868.68,871.18,874.23,876.98,882.08,885.62,888.12,889.70,891.59,894.61,897.84,900.71,904.15,906.16,908.67,912.43,915.95,917.76,919.47,921.85,924.58,924.91,929.84,939.72,943.68,947.39,950.46,952.09,953.48,954.54,955.73,957.77,959.68,959.74,959.86,960.53,961.11,961.79,963.36,965.71,968.30,969.45,969.68,969.75,969.58,969.73,969.68,971.57,975.92,976.22,975.56,975.73,976.63,977.44,978.51,979.83,983.80,988.66,990.23,990.51,990.47,990.45,991.60,993.04,994.42,995.92,997.46,998.94,1000.63,1002.84,1004.91,1006.84,1008.71,1010.41,1012.01,1015.14,1017.80,1019.46,1021.15,1021.70,1020.20,1018.88,1018.24,1018.81,1020.37,1022.48,1024.53,1025.77,1026.65,1028.14,1029.75,1031.12,1031.95,1032.61,1033.47,1034.31,1035.64,1038.12,1040.60,1041.64,1042.81,1044.93,1046.57,1047.97,1049.71,1051.32,1052.86,1054.28,1055.74,1057.42,1059.17,1060.93,1062.55,1064.16,1065.79,1067.43,1069.12,1070.81,1072.41,1073.80,1075.09,1076.26,1077.41,1078.56,1079.79,1081.42,1083.06,1084.42,1085.86,1087.03,1088.08,1089.27,1090.41,1090.99,1092.54,1094.86,1097.22,1098.43,1098.70,1100.91,1103.09,1103.91,1105.49,1107.62,1109.62,1111.01,1112.32,1113.99,1115.81,1117.55,1119.13,1120.27,1120.56,1122.65,1125.45,1126.98,1128.17,1129.34,1130.64,1131.80,1132.28
1287.90,1280.06,1274.61,1270.50,1269.81,1265.60,1254.83,1241.11,1228.26,1221.28,1222.20,1224.59,1221.84,1213.92,1216.88,1226.30,1232.04,1231.35,1226.80,1221.70,1214.33,1200.45,1187.91,1175.58,1164.68,1154.68,1146.55,1139.95,1131.21,1126.34,1125.31,1121.55,1113.49,1105.22,1098.12,1089.78,1076.56,1070.61,1075.20,1080.36,1073.01,1064.81,1057.62,1050.64,1041.60,1026.21,1011.39,999.94,989.45,968.17,955.23,961.78,965.53,958.28,947.73,938.50,933.94,930.57,923.91,916.33,906.00,891.18,886.60,886.73,890.54,888.92,878.61,870.87,866.80,863.70,862.83,864.90,871.58,875.85,873.80,872.63,873.14,872.85,875.12,877.91,878.31,877.14,868.40,860.09,860.24,860.50,860.59,859.31,858.85,857.97,858.53,860.49,861.96,864.23,866.70,869.36,878.01,881.76,882.72,884.27,887.51,891.12,897.09,902.98,905.09,907.30,911.96,916.25,918.53,921.44,923.64,926.04,929.84,933.96,936.59,936.57,932.60,930.28,933.55,942.12,945.53,948.59,950.65,951.36,951.48,951.45,952.49,953.89,954.80,956.51,957.59,958.30,958.81,959.58,960.58,963.75,966.49,967.30,967.91,968.08,968.46,968.89,969.73,971.30,973.05,974.74,976.57,978.66,980.21,981.31,985.40,989.31,990.23,990.28,989.97,989.80,990.77,992.13,993.65,995.13,996.51,997.77,998.96,1000.26,1002.05,1003.77,1005.35,1007.10,1008.41,1010.07,1015.63,1019.42,1020.65,1020.40,1019.30,1018.41,1017.42,1017.32,1018.69,1020.31,1022.25,1023.03,1023.57,1024.83,1026.58,1028.31,1030.13,1030.60,1030.94,1032.05,1033.41,1035.77,1038.91,1041.02,1042.58,1043.96,1045.45,1046.96,1048.31,1049.65,1051.05,1052.49,1053.96,1055.51,1057.01,1058.58,1060.78,1062.53,1064.17,1065.81,1067.50,1069.19,1070.60,1071.68,1072.93,1074.21,1075.31,1076.48,1077.64,1078.77,1080.72,1082.19,1082.86,1084.65,1086.19,1087.29,1088.75,1089.99,1090.04,1090.94,1093.43,1095.70,1096.88,1097.86,1099.73,1100.99,1101.23,1102.66,1105.11,1107.63,1109.64,1111.21,1112.99,1114.85,1116.61,1117.78,1118.02,1119.80,1122.15,1123.66,1125.25,1126.87,1128.09,1129.18,1130.04,1130.66
1299.60,1288.98,1279.17,1275.73,1272.84,1266.83,1256.47,1243.31,1231.17,1232.98,1233.02,1233.69,1228.48,1219.63,1221.11,1228.70,1233.63,1230.93,1222.28,1214.51,1208.41,1198.54,1189.07,1178.48,1168.04,1157.58,1148.88,1141.63,1134.45,1131.99,1129.66,1122.33,1112.13,1102.53,1095.87,1087.91,1077.41,1076.38,1082.61,1086.80,1076.51,1067.49,1056.34,1048.78,1041.85,1029.24,1013.13,999.73,985.73,971.47,971.25,980.46,980.52,968.90,956.11,947.96,943.09,938.93,931.53,923.68,913.44,897.88,885.89,881.29,882.12,881.64,876.38,870.58,867.06,865.89,866.59,867.70,875.85,879.87,879.04,878.48,878.66,878.64,878.68,880.04,880.00,879.72,868.70,860.97,862.75,864.88,864.12,862.09,861.53,860.08,857.78,859.47,861.22,864.20,867.64,876.56,888.92,893.67,897.43,903.08,907.44,910.79,914.59,919.05,924.23,927.21,929.34,930.80,932.17,933.13,933.32,932.77,937.22,940.47,941.51,941.93,940.43,936.53,934.37,938.81,943.11,946.28,949.25,949.66,949.47,949.42,949.61,949.87,951.20,953.40,955.09,956.15,957.12,958.24,959.47,961.35,963.80,965.20,966.07,966.71,967.27,968.21,969.48,972.42,976.20,978.69,979.92,982.21,984.63,987.00,989.70,989.94,989.64,989.34,988.65,989.17,991.31,992.73,993.92,995.06,996.14,997.13,998.18,999.34,1000.80,1002.34,1003.85,1005.46,1007.21,1009.37,1015.38,1019.79,1019.44,1018.57,1017.73,1016.97,1016.08,1016.79,1018.38,1019.76,1020.46,1020.71,1021.45,1022.75,1024.39,1025.82,1027.35,1028.36,1030.06,1031.54,1033.29,1035.38,1038.25,1040.28,1041.93,1043.60,1045.40,1047.00,1048.45,1049.87,1051.11,1052.32,1053.66,1055.06,1056.30,1058.16,1060.62,1062.41,1064.12,1065.63,1066.97,1068.24,1069.42,1070.66,1072.09,1073.34,1074.38,1075.53,1076.66,1077.73,1079.47,1080.45,1081.35,1083.29,1085.16,1086.48,1087.59,1088.48,1088.84,1090.08,1092.13,1094.06,1095.38,1096.88,1098.48,1099.23,1099.55,1101.74,1104.26,1106.25,1108.08,1109.93,1111.83,1113.78,1115.34,1115.76,1117.58,1119.62,1121.17,1121.40,1123.08,1125.05,1126.70,1127.54,1128.02,1129.00
1307.29,1297.77,1285.19,1278.11,1273.09,1266.99,1258.72,1246.03,1241.62,1244.46,1242.74,1242.77,1235.92,1224.67,1224.41,1230.96,1235.17,1232.12,1224.20,1212.08,1201.73,1195.31,1187.71,1179.30,1170.64,1161.36,1152.13,1144.85,1142.95,1140.33,1133.52,1124.91,1114.81,1104.17,1096.90,1088.86,1081.06,1086.09,1092.80,1090.48,1077.91,1067.46,1054.88,1046.39,1039.31,1024.62,1009.38,999.22,989.48,990.82,993.91,996.37,990.89,978.30,966.16,955.93,947.98,941.35,934.60,925.64,914.95,901.12,887.62,879.26,878.18,877.72,875.10,871.03,868.74,869.67,870.75,872.88,879.51,880.08,880.05,880.02,880.06,880.11,879.95,880.07,880.04,879.42,869.92,863.53,866.67,869.11,867.34,865.42,864.18,861.70,857.97,858.80,860.47,863.70,867.48,877.74,889.47,898.79,904.84,911.22,916.65,921.45,926.22,930.25,931.59,932.80,933.85,934.91,936.05,937.36,938.16,936.96,937.73,939.31,941.06,943.40,943.01,941.81,941.65,938.94,941.90,946.23,948.44,948.83,949.36,949.52,949.64,949.88,950.27,952.36,954.51,956.36,957.61,958.42,959.39,960.48,962.02,963.72,965.11,966.11,967.52,969.54,973.12,977.89,980.38,981.59,982.81,984.98,986.76,987.08,987.65,988.09,987.51,987.32,987.35,988.40,990.25,991.66,992.99,994.26,995.26,996.27,997.38,998.26,999.27,1001.04,1002.71,1004.63,1006.74,1008.86,1012.89,1016.52,1017.00,1016.93,1016.19,1015.51,1015.02,1016.22,1017.40,1018.35,1018.78,1019.15,1019.72,1020.80,1022.21,1023.67,1025.35,1027.13,1029.39,1030.93,1032.97,1035.00,1037.40,1039.55,1041.45,1043.30,1045.14,1046.74,1048.05,1049.22,1050.34,1051.68,1053.53,1055.21,1056.61,1058.54,1060.51,1062.02,1063.31,1064.47,1065.69,1067.02,1068.55,1070.11,1071.27,1072.46,1073.45,1074.58,1075.64,1076.69,1077.92,1079.26,1081.18,1082.81,1084.13,1085.17,1085.95,1087.10,1088.51,1089.64,1090.51,1091.93,1094.03,1096.08,1097.56,1098.13,1099.14,1100.76,1102.70,1104.69,1106.81,1109.06,1111.11,1112.80,1113.31,1114.94,1116.93,1118.37,1119.12,1119.66,1121.50,1123.63,1125.05,1125.41,1126.03,1127.20
1315.82,1304.65,1290.33,1278.52,1272.27,1268.14,1264.52,1252.53,1252.34,1260.00,1257.40,1254.41,1242.80,1230.09,1232.99,1235.66,1237.57,1234.63,1230.13,1222.27,1210.48,1205.39,1196.55,1186.44,1181.26,1171.66,1162.84,1155.73,1155.54,1147.86,1139.29,1131.03,1119.98,1108.18,1099.53,1090.89,1089.51,1096.31,1100.38,1094.97,1084.69,1074.67,1061.38,1048.13,1041.14,1035.05,1027.40,1021.13,1014.15,1013.38,1013.39,1006.73,995.23,984.92,975.59,963.42,950.17,940.33,932.64,922.85,911.60,901.59,890.42,880.68,878.05,876.66,875.30,873.55,871.09,874.57,876.84,877.83,880.04,880.15,880.15,880.14,880.18,880.18,880.14,880.13,879.98,876.88,867.97,866.41,869.69,871.90,869.96,868.16,866.43,863.50,859.58,858.44,859.53,862.13,865.98,871.21,884.41,896.67,905.24,911.75,917.88,922.85,926.72,929.33,930.69,931.66,933.00,934.87,937.10,939.16,940.38,940.91,941.33,941.63,942.64,943.86,944.88,945.53,946.00,945.42,946.02,948.42,948.13,948.71,950.53,951.12,951.06,951.24,952.94,958.40,959.72,959.99,960.07,960.15,960.39,961.62,963.63,967.18,969.57,970.10,970.81,972.00,975.99,980.23,981.86,983.22,984.10,984.26,983.99,983.93,984.38,985.01,985.13,985.30,986.30,987.99,989.69,991.22,992.40,993.34,994.28,995.31,996.28,997.34,998.60,1000.23,1002.07,1004.08,1006.21,1007.99,1010.12,1012.38,1013.12,1014.77,1014.67,1014.01,1014.07,1015.06,1016.00,1016.95,1017.45,1018.03,1018.86,1019.91,1021.27,1022.94,1024.65,1026.39,1028.25,1030.14,1032.35,1034.71,1037.17,1039.53,1041.53,1043.31,1044.78,1045.94,1047.00,1048.18,1049.68,1051.56,1053.48,1055.33,1056.88,1058.30,1059.58,1060.83,1062.09,1063.43,1065.06,1066.84,1068.59,1070.02,1070.64,1071.57,1072.55,1073.64,1074.81,1076.14,1077.42,1078.80,1080.39,1081.64,1082.84,1084.13,1085.61,1087.23,1088.19,1088.53,1088.82,1089.80,1092.29,1095.15,1096.63,1097.92,1099.10,1099.74,1101.88,1104.06,1106.71,1109.01,1110.44,1110.93,1112.16,1114.06,1115.88,1116.68,1117.49,1119.24,1120.98,1122.69,1122.82,1123.24,1124.17,1125.47
1324.88,1311.25,1298.28,1282.75,1276.50,1278.24,1271.92,1259.33,1258.63,1269.20,1267.86,1258.99,1246.32,1238.71,1244.46,1244.72,1241.31,1237.40,1236.16,1233.36,1223.10,1222.19,1212.66,1202.03,1194.66,1184.11,1174.97,1170.10,1169.20,1158.20,1146.55,1135.77,1125.61,1115.09,1103.28,1096.96,1101.03,1105.93,1105.44,1097.15,1086.11,1075.61,1065.06,1054.25,1049.08,1045.38,1039.09,1034.71,1031.27,1026.38,1021.96,1011.78,997.79,988.80,980.48,969.48,956.61,945.90,935.76,926.38,915.90,905.19,893.97,884.32,880.04,878.73,878.78,877.40,877.33,877.12,880.68,880.15,880.11,880.22,880.25,880.24,880.29,880.25,880.18,880.11,878.76,871.07,869.07,867.62,870.41,874.08,873.23,870.62,868.53,866.49,862.94,858.70,859.20,860.89,864.27,867.95,877.21,890.15,901.46,910.02,916.50,921.56,924.55,926.33,927.75,928.80,929.68,931.71,934.58,937.40,939.62,940.29,940.84,941.37,941.12,941.07,942.87,945.28,947.33,949.01,950.30,950.03,949.06,949.37,951.16,952.97,953.55,953.60,954.33,957.56,958.60,959.13,959.75,960.48,962.01,964.20,966.34,969.70,971.43,971.93,972.56,973.90,977.09,980.05,981.62,982.68,982.06,981.01,980.80,980.93,981.80,982.39,983.31,984.53,985.91,987.68,989.37,990.49,991.44,992.49,993.56,994.80,996.17,997.54,998.91,1000.18,1001.54,1003.52,1005.23,1006.59,1008.15,1009.07,1010.41,1013.07,1013.14,1012.64,1013.12,1013.92,1014.75,1015.64,1016.51,1017.60,1018.99,1020.51,1021.90,1023.09,1024.45,1025.95,1027.50,1029.34,1031.94,1034.68,1037.30,1039.83,1041.59,1042.72,1043.73,1044.92,1046.46,1048.22,1050.08,1051.95,1053.48,1054.74,1055.97,1057.13,1058.38,1059.86,1061.57,1063.33,1065.01,1066.51,1067.83,1068.91,1069.81,1070.67,1071.76,1073.13,1074.55,1075.92,1077.18,1078.45,1079.73,1081.01,1082.50,1084.26,1085.87,1086.61,1086.86,1087.13,1088.29,1090.17,1092.14,1094.35,1096.49,1098.50,1099.95,1100.58,1101.95,1103.53,1105.06,1106.07,1107.34,1109.01,1111.15,1113.25,1114.29,1115.03,1116.62,1118.20,1119.25,1120.47,1120.54,1121.42,1122.60,1124.34
1331.86,1317.83,1306.01,1293.83,1287.17,1287.98,1277.38,1264.97,1262.99,1271.35,1268.51,1256.52,1247.47,1250.54,1258.53,1258.24,1251.34,1244.77,1246.77,1244.27,1234.30,1233.49,1229.02,1220.76,1209.27,1196.05,1184.70,1181.22,1179.63,1168.48,1152.92,1142.27,1134.26,1122.84,1107.39,1107.16,1114.58,1115.54,1109.12,1096.50,1084.89,1077.20,1073.08,1066.97,1061.34,1055.42,1050.20,1044.52,1038.13,1028.70,1021.97,1013.25,999.70,989.89,981.60,971.96,960.98,950.68,941.01,931.77,920.02,909.20,897.53,888.03,883.41,881.36,881.70,879.18,880.81,881.29,881.95,882.34,880.64,880.28,880.34,880.36,880.28,880.18,880.05,878.30,873.92,872.13,871.94,868.66,869.88,873.74,877.83,876.43,872.62,870.99,868.38,861.12,859.05,859.94,862.68,866.24,871.38,882.96,894.44,905.86,913.77,919.05,921.25,923.05,924.75,926.27,927.98,930.39,933.45,936.33,938.63,939.09,939.06,939.11,939.01,939.23,940.59,943.01,945.77,948.90,950.98,951.44,951.18,951.68,952.61,953.86,955.38,955.94,955.88,956.80,958.17,958.98,960.25,962.23,964.28,966.53,968.82,970.67,972.11,973.37,974.20,975.61,977.89,979.75,981.13,981.27,980.36,979.06,978.65,978.91,980.25,981.57,982.85,984.14,985.57,987.21,988.48,989.89,991.13,992.32,993.50,994.74,996.12,997.43,998.67,999.97,1001.19,1002.58,1003.91,1005.23,1006.50,1007.85,1009.46,1011.47,1011.72,1011.64,1012.34,1013.21,1014.28,1015.52,1016.54,1017.76,1019.06,1020.42,1022.14,1023.78,1025.22,1026.54,1027.84,1029.35,1031.65,1034.30,1036.87,1039.00,1040.40,1041.68,1043.23,1044.99,1046.71,1048.41,1049.97,1051.24,1052.34,1053.50,1054.77,1056.29,1058.03,1059.82,1061.38,1062.71,1063.83,1064.82,1065.87,1067.12,1068.81,1070.38,1071.36,1072.81,1074.30,1075.71,1077.01,1078.33,1079.60,1081.16,1083.00,1084.56,1085.11,1085.19,1085.49,1086.59,1088.19,1089.78,1091.85,1094.31,1096.74,1098.48,1099.43,1099.73,1099.92,1101.30,1101.75,1102.90,1105.47,1108.66,1110.88,1111.95,1112.61,1113.97,1115.56,1117.03,1118.00,1118.65,1118.81,1119.91,1121.26,1123.11
1335.70,1322.12,1309.99,1303.36,1301.21,1294.98,1283.86,1271.43,1267.33,1273.59,1268.97,1258.76,1254.90,1262.98,1269.43,1268.52,1260.56,1256.33,1259.22,1255.71,1243.18,1241.58,1243.42,1235.51,1223.93,1210.31,1196.11,1194.82,1190.22,1176.59,1160.83,1147.68,1136.21,1122.05,1115.60,1121.73,1127.91,1124.90,1114.63,1099.77,1091.00,1087.24,1082.86,1075.72,1068.22,1061.75,1053.56,1046.78,1041.33,1031.81,1020.44,1012.23,998.29,987.56,978.80,970.15,960.08,951.40,942.83,934.41,924.41,915.58,902.86,890.61,885.78,884.20,883.14,879.88,881.44,885.00,886.18,884.82,882.45,881.03,880.47,880.37,880.19,880.23,878.41,875.21,875.53,875.94,873.87,870.92,869.31,873.52,879.60,879.78,876.94,873.79,870.98,865.35,860.36,859.68,860.95,864.36,867.92,875.54,886.67,898.71,909.21,915.49,919.18,921.34,923.36,925.88,928.10,930.29,932.75,935.46,937.68,937.91,937.74,937.57,937.77,938.65,939.72,942.32,945.81,948.74,951.03,952.42,953.23,954.14,954.97,955.88,956.83,957.88,958.39,959.04,959.66,960.24,960.91,963.21,965.77,967.81,969.89,971.37,972.67,973.74,974.79,976.00,977.02,978.90,980.21,979.79,978.67,977.53,976.80,978.10,979.88,981.21,982.48,983.75,985.14,986.61,988.13,989.70,991.20,992.49,993.64,994.80,996.00,997.18,998.36,999.63,1001.05,1002.28,1003.13,1004.20,1005.31,1006.80,1008.36,1009.85,1010.42,1010.89,1012.03,1013.37,1014.76,1016.01,1016.85,1017.95,1019.41,1020.99,1022.48,1024.09,1025.72,1027.15,1028.51,1030.00,1031.98,1034.05,1036.15,1038.04,1040.01,1041.83,1043.57,1045.18,1046.58,1047.74,1048.85,1049.86,1051.25,1052.70,1053.94,1055.33,1057.17,1058.83,1059.96,1061.04,1062.05,1063.22,1064.67,1066.39,1068.32,1069.93,1070.92,1072.32,1073.97,1075.82,1077.11,1078.26,1079.65,1081.57,1083.24,1083.69,1083.72,1083.81,1084.72,1086.13,1087.65,1089.50,1092.44,1094.78,1096.41,1096.96,1097.24,1097.41,1097.68,1099.01,1099.89,1102.50,1105.37,1107.86,1109.38,1110.32,1111.46,1113.00,1114.57,1115.70,1116.34,1116.75,1117.15,1118.44,1120.03,1121.99
1337.02,1325.04,1313.92,1309.13,1306.26,1300.10,1286.80,1274.20,1272.21,1276.21,1272.21,1266.30,1265.09,1272.72,1278.26,1274.73,1268.31,1270.39,1272.46,1266.39,1251.84,1253.03,1257.59,1249.21,1237.62,1225.91,1217.12,1214.23,1200.61,1183.95,1167.18,1149.48,1135.09,1128.71,1133.67,1138.50,1139.83,1132.42,1121.27,1108.59,1099.85,1092.50,1083.47,1074.46,1065.03,1057.79,1049.89,1045.24,1040.93,1033.37,1019.40,1010.42,995.55,980.27,970.51,962.86,953.65,943.33,934.28,928.28,923.62,915.14,901.42,891.42,887.31,886.58,884.23,881.64,883.11,886.93,889.27,887.49,884.58,883.14,881.64,880.41,879.99,879.64,877.18,877.51,878.62,878.75,875.70,872.23,870.28,874.41,880.02,879.87,876.88,874.71,872.57,868.29,864.08,862.02,860.63,862.90,866.17,869.58,879.47,890.72,902.73,911.77,916.89,920.58,922.81,925.67,928.38,930.63,932.70,934.89,936.64,936.63,936.48,936.44,937.55,939.08,940.70,943.28,946.12,948.34,950.00,951.07,951.81,952.89,954.36,956.01,957.43,958.73,959.85,960.46,961.05,961.84,962.93,964.60,966.30,967.83,969.42,970.97,972.25,972.87,973.52,973.97,974.38,976.34,977.77,977.08,976.00,975.12,975.83,977.37,979.14,980.67,981.96,983.34,984.75,986.20,987.67,989.25,990.94,992.68,994.33,995.68,996.84,998.00,999.16,1000.32,1001.39,1001.88,1001.99,1003.09,1004.14,1005.46,1006.82,1008.18,1010.12,1011.24,1012.58,1013.97,1015.36,1016.44,1017.30,1018.19,1019.60,1021.26,1022.74,1024.29,1025.88,1027.32,1028.74,1030.30,1032.32,1034.36,1036.44,1038.58,1040.53,1042.00,1043.10,1044.17,1045.29,1046.38,1047.55,1049.13,1050.81,1052.26,1053.20,1054.25,1055.92,1057.19,1058.30,1059.88,1061.13,1062.53,1064.09,1065.78,1067.63,1069.09,1070.35,1072.09,1074.05,1076.06,1077.86,1078.68,1079.60,1081.36,1082.13,1082.01,1082.12,1083.07,1084.64,1086.51,1088.52,1090.56,1093.32,1093.64,1094.21,1094.48,1094.80,1095.13,1096.30,1097.92,1099.78,1102.21,1104.76,1106.98,1107.95,1109.01,1110.79,1112.33,1113.38,1114.01,1114.58,1115.46,1116.90,1118.58,1120.07,1121.89
1339.41,1327.74,1319.53,1314.86,1309.32,1302.11,1288.32,1280.93,1278.80,1280.10,1277.65,1275.35,1274.49,1280.42,1283.53,1279.61,1280.02,1282.59,1281.58,1273.24,1262.47,1266.07,1268.10,1260.42,1250.51,1240.46,1230.43,1223.28,1207.56,1188.77,1170.90,1156.74,1144.48,1142.64,1150.34,1152.30,1147.57,1137.92,1127.04,1115.22,1101.98,1089.42,1076.22,1065.06,1053.21,1045.91,1042.62,1041.84,1038.91,1031.95,1017.49,1009.14,994.10,976.76,962.75,952.01,943.82,932.95,922.02,917.03,913.36,906.21,898.54,892.35,889.51,888.68,886.09,884.14,885.13,887.98,890.10,889.19,887.45,887.18,883.66,881.23,880.43,879.50,879.12,879.85,881.06,878.96,876.14,874.58,873.01,874.56,879.91,880.05,878.75,877.44,874.33,870.77,867.72,866.36,863.13,861.73,864.37,867.26,872.09,883.77,896.01,907.46,914.14,919.12,922.31,925.29,928.48,930.83,932.81,934.81,935.57,935.43,935.28,935.94,937.55,939.15,941.38,943.08,944.25,945.76,947.40,948.57,949.41,950.94,952.80,954.52,955.99,957.46,958.78,959.82,960.71,961.04,961.72,963.14,964.67,966.40,968.45,970.19,971.03,971.48,971.89,971.59,971.73,972.96,974.48,974.04,973.29,973.94,975.42,977.00,978.67,980.42,981.87,983.27,984.66,986.06,987.47,988.87,990.43,992.28,994.48,996.33,997.76,999.10,1000.20,1000.58,1000.67,1000.44,1000.71,1001.86,1003.01,1004.47,1006.78,1009.11,1011.04,1012.37,1013.30,1014.57,1015.91,1016.88,1017.85,1018.72,1019.44,1020.81,1022.49,1024.21,1025.85,1027.28,1028.65,1029.88,1031.72,1033.82,1035.97,1038.10,1039.84,1040.64,1041.59,1042.76,1043.94,1045.36,1047.07,1048.83,1050.45,1051.63,1052.40,1053.35,1054.63,1055.98,1057.60,1059.52,1060.83,1061.92,1063.52,1065.16,1066.65,1067.87,1069.77,1071.83,1074.06,1076.29,1078.31,1079.71,1080.33,1081.02,1080.73,1080.38,1081.37,1083.17,1085.69,1088.05,1090.03,1091.56,1090.91,1091.01,1091.53,1092.09,1092.78,1094.53,1096.79,1098.91,1100.49,1102.54,1104.56,1105.45,1106.44,1108.31,1109.79,1110.94,1111.86,1112.61,1113.89,1115.52,1117.10,1118.36,1119.21,1120.57
1343.01,1332.26,1325.66,1317.38,1309.23,1303.49,1300.49,1295.41,1286.97,1286.13,1284.46,1283.41,1282.54,1284.67,1288.03,1287.84,1289.01,1288.29,1282.81,1276.65,1271.83,1274.71,1274.68,1268.45,1259.04,1247.38,1235.53,1224.65,1211.89,1195.21,1178.72,1165.63,1153.61,1155.04,1161.48,1158.83,1152.66,1141.96,1128.15,1114.59,1097.32,1078.60,1061.25,1050.27,1039.38,1033.22,1031.47,1034.04,1032.29,1021.52,1008.75,1002.24,988.58,972.62,958.52,942.75,933.87,927.33,920.48,916.07,910.98,905.22,899.79,895.24,891.82,890.06,887.91,887.70,887.41,888.54,890.47,889.75,889.97,889.81,884.61,882.96,882.71,882.01,881.98,883.23,882.06,879.68,879.78,878.41,876.37,875.38,879.78,880.58,880.36,879.08,875.85,872.72,871.50,869.53,865.45,862.18,863.04,865.83,868.50,875.99,889.46,902.62,911.23,916.84,922.09,925.87,929.17,930.94,932.75,934.30,934.36,934.22,934.46,935.80,937.25,938.62,939.73,940.36,941.41,943.11,944.78,946.41,948.18,949.73,951.41,952.96,954.47,955.90,957.25,958.65,959.21,959.35,960.03,962.19,964.65,966.77,968.47,969.43,969.52,969.84,970.25,969.78,969.61,969.93,971.41,971.40,972.09,973.64,975.29,976.99,978.72,980.39,981.74,983.09,984.43,985.76,987.08,988.46,990.12,992.25,994.64,996.73,998.44,999.88,999.68,999.20,999.12,999.25,999.75,1000.77,1002.17,1004.64,1007.98,1010.49,1011.84,1013.19,1014.24,1015.28,1016.42,1017.44,1018.44,1019.37,1020.02,1021.15,1022.56,1024.16,1025.82,1027.18,1028.31,1029.41,1031.00,1033.13,1035.20,1037.06,1038.54,1039.24,1040.37,1041.71,1043.06,1044.55,1046.28,1047.97,1049.42,1050.35,1051.30,1052.74,1053.97,1055.45,1057.07,1058.87,1060.20,1061.26,1062.87,1064.11,1065.15,1066.74,1068.53,1070.55,1073.66,1076.76,1078.86,1080.04,1080.07,1080.13,1079.18,1079.10,1081.57,1084.27,1086.91,1089.10,1090.18,1089.72,1088.78,1088.99,1089.45,1090.51,1092.56,1094.96,1097.41,1099.32,1100.68,1102.37,1103.04,1103.80,1105.62,1106.93,1108.11,1109.56,1110.97,1112.50,1114.05,1115.31,1116.23,1116.96,1117.66,1118.67
1346.44,1337.28,1329.86,1319.06,1310.36,1308.32,1307.61,1303.54,1297.98,1294.99,1292.26,1288.80,1287.32,1288.84,1292.14,1292.89,1292.63,1289.99,1287.38,1283.80,1279.93,1280.74,1279.27,1272.41,1262.18,1248.56,1235.60,1224.68,1215.42,1203.53,1185.70,1171.47,1162.75,1166.17,1169.53,1162.64,1153.65,1143.03,1128.45,1117.23,1102.13,1084.25,1064.98,1050.02,1035.36,1023.25,1018.39,1020.43,1017.39,1008.23,1001.44,990.42,977.37,963.49,951.41,937.78,929.50,925.62,921.87,917.62,912.07,907.04,902.41,898.29,894.09,892.00,891.05,891.35,890.15,889.64,891.08,890.85,890.63,889.71,885.32,885.61,885.66,885.02,885.23,885.70,883.16,881.59,882.30,881.16,879.10,878.16,880.45,881.05,880.91,880.13,878.17,876.09,875.07,871.75,867.64,864.25,862.36,864.65,867.04,870.11,881.81,896.51,907.06,914.19,920.96,925.90,929.73,931.17,932.62,933.30,933.15,933.10,933.83,935.17,936.54,937.61,938.36,939.11,940.46,942.10,943.87,945.64,947.24,948.65,950.09,951.60,953.14,954.54,956.01,957.11,957.83,958.80,960.66,963.45,965.29,965.90,966.72,967.19,967.01,967.81,968.58,968.40,968.26,968.51,969.20,970.58,972.10,973.73,975.38,977.01,978.62,980.09,981.37,982.67,984.01,985.34,986.58,987.87,989.61,992.08,994.67,997.01,998.15,998.33,997.99,997.74,997.83,998.10,998.96,1000.21,1001.88,1004.09,1007.49,1009.84,1010.97,1012.53,1013.84,1015.05,1016.28,1017.52,1018.70,1019.86,1020.97,1022.13,1023.25,1024.38,1025.70,1026.88,1027.98,1029.08,1030.33,1032.32,1034.16,1035.87,1037.21,1038.04,1039.50,1041.04,1042.26,1043.74,1045.39,1046.64,1048.08,1049.87,1051.28,1052.36,1053.59,1054.92,1056.54,1058.10,1059.12,1060.50,1061.64,1062.48,1064.17,1066.61,1069.29,1072.14,1074.74,1076.62,1076.92,1077.21,1076.32,1076.47,1076.47,1077.70,1081.87,1085.31,1086.66,1086.81,1087.80,1087.42,1086.83,1087.52,1088.81,1090.39,1092.85,1095.55,1097.55,1097.99,1098.82,1099.92,1101.29,1103.01,1104.32,1105.77,1107.55,1109.20,1110.70,1112.45,1113.24,1113.46,1114.37,1115.33,1116.09,1116.98
1346.60,1340.08,1333.62,1326.15,1317.49,1315.02,1311.92,1307.05,1304.33,1303.25,1301.21,1296.77,1293.61,1294.19,1296.13,1295.79,1294.23,1291.97,1290.82,1287.74,1284.04,1282.61,1279.93,1273.00,1263.37,1249.62,1234.42,1222.48,1214.57,1204.06,1189.19,1178.79,1175.12,1174.91,1171.32,1161.88,1150.87,1139.92,1127.09,1119.27,1105.72,1091.78,1075.89,1059.83,1044.26,1024.34,1009.88,1008.64,1006.63,1001.69,989.46,977.01,964.15,953.83,944.76,937.01,931.05,926.70,923.05,918.84,913.32,908.60,903.54,899.04,897.26,896.51,895.57,894.53,892.49,891.07,891.58,891.07,890.10,887.54,886.38,887.64,888.48,888.20,888.11,887.20,884.50,883.43,884.09,882.23,879.70,880.45,881.40,881.94,882.15,881.51,880.85,879.58,878.33,875.16,869.82,866.04,863.09,863.38,865.63,867.91,873.59,888.60,900.27,907.96,916.71,925.42,929.96,931.24,932.11,932.13,932.02,932.34,933.27,934.44,935.59,936.49,937.49,939.13,940.54,941.68,943.16,944.79,946.27,947.75,949.17,950.66,952.13,953.36,954.69,955.98,957.51,958.93,961.21,963.33,962.65,962.91,964.14,964.53,964.68,965.78,966.74,966.88,966.79,967.15,968.35,970.80,972.33,973.80,975.35,976.86,978.39,979.88,981.18,982.52,984.34,986.05,987.15,988.17,989.29,991.95,994.85,995.54,995.86,995.88,995.92,995.98,996.55,998.25,999.91,1001.16,1002.48,1003.92,1005.81,1007.66,1009.31,1011.25,1013.11,1014.39,1015.66,1016.95,1018.21,1019.30,1020.27,1021.45,1022.63,1024.12,1025.46,1026.61,1027.71,1028.73,1029.76,1031.30,1032.97,1034.65,1035.87,1036.84,1038.57,1040.28,1041.43,1042.88,1044.24,1045.70,1047.54,1049.46,1050.72,1051.86,1053.17,1054.43,1055.85,1057.03,1058.22,1059.37,1060.01,1061.56,1064.96,1068.26,1071.15,1072.88,1073.18,1073.40,1072.63,1071.86,1071.49,1072.84,1074.92,1077.46,1081.12,1084.61,1082.83,1082.94,1084.79,1084.93,1085.94,1087.84,1089.50,1091.28,1093.90,1095.76,1096.00,1096.28,1097.42,1098.97,1100.52,1102.10,1103.80,1105.36,1106.71,1107.94,1109.16,1110.69,1111.13,1111.36,1112.37,1113.40,1114.42,1115.55
1348.50,1343.66,1340.63,1332.23,1326.95,1322.50,1316.56,1312.14,1309.59,1308.68,1307.93,1304.34,1300.97,1299.96,1298.65,1296.75,1294.71,1292.83,1290.90,1287.39,1284.17,1281.79,1278.43,1271.91,1263.62,1250.18,1233.35,1218.65,1207.94,1197.83,1190.54,1185.23,1182.31,1178.29,1169.70,1158.89,1146.58,1133.61,1123.86,1113.90,1100.20,1087.59,1075.10,1061.67,1045.25,1024.87,1006.97,1001.61,996.78,987.60,976.22,966.05,957.75,950.45,944.99,940.30,933.85,927.99,923.56,919.20,914.41,909.57,905.29,902.28,901.71,900.87,898.90,896.75,894.68,892.69,891.44,890.04,888.31,887.04,887.95,889.44,890.47,890.64,890.21,888.30,885.70,885.28,885.77,883.74,881.55,881.66,882.64,883.09,883.45,883.41,882.64,881.97,881.13,879.21,872.69,867.83,865.27,863.22,864.06,866.14,869.28,879.97,891.81,900.48,909.83,922.82,929.17,930.55,931.04,931.00,931.01,931.83,932.87,933.98,935.15,936.31,937.52,939.44,940.82,941.88,943.15,944.46,945.56,946.92,948.33,949.91,951.34,952.83,954.64,956.53,958.30,959.75,961.38,960.76,959.81,960.58,961.83,961.89,962.63,963.78,964.83,965.14,965.38,966.30,968.27,970.56,972.06,973.57,975.05,976.47,977.98,979.55,981.05,982.88,984.88,986.86,988.48,989.62,990.88,992.95,992.71,992.28,993.25,993.41,993.80,994.67,996.60,999.59,1001.39,1002.52,1003.77,1005.00,1006.28,1007.57,1009.09,1011.11,1012.64,1013.96,1015.18,1016.34,1017.39,1018.25,1019.24,1020.81,1022.47,1023.92,1025.15,1026.33,1027.36,1028.16,1028.95,1030.63,1032.02,1033.45,1034.59,1035.72,1037.41,1039.38,1040.81,1042.18,1043.69,1045.28,1047.11,1048.78,1049.99,1051.31,1052.58,1053.79,1054.89,1056.01,1057.12,1058.27,1059.34,1062.03,1066.22,1069.67,1071.02,1069.89,1069.45,1069.72,1069.06,1068.98,1070.91,1073.32,1075.78,1078.12,1080.99,1083.01,1080.06,1080.24,1082.08,1083.09,1086.39,1088.51,1090.62,1092.83,1094.07,1094.13,1094.13,1095.15,1096.67,1098.15,1099.82,1101.34,1102.54,1103.89,1105.31,1106.59,1107.74,1108.89,1109.56,1109.59,1110.79,1111.84,1113.00,1114.67
1353.71,1348.17,1343.43,1339.76,1335.89,1328.83,1324.16,1320.79,1316.16,1314.82,1313.02,1308.08,1303.96,1299.88,1296.14,1293.71,1291.93,1290.23,1287.14,1281.42,1279.55,1276.73,1271.87,1267.43,1261.89,1250.77,1230.28,1211.80,1197.99,1191.76,1186.89,1182.97,1180.40,1174.31,1163.67,1153.18,1141.13,1129.84,1120.59,1109.46,1095.60,1080.98,1067.57,1052.22,1038.65,1022.73,1003.03,993.67,983.37,976.77,971.03,964.97,958.98,952.12,946.71,942.17,936.34,929.78,925.25,922.19,917.99,913.81,910.34,907.85,906.55,904.50,901.39,898.49,896.22,893.90,891.43,890.08,888.98,888.15,888.91,890.31,891.42,892.08,891.13,889.29,887.04,887.12,887.50,885.80,883.97,883.35,884.75,885.24,885.16,885.14,884.30,884.18,883.72,881.69,876.15,869.80,867.03,864.86,863.97,864.20,866.94,872.80,884.06,893.52,904.52,915.41,923.46,925.44,927.96,929.16,930.67,931.85,932.95,934.07,935.23,936.40,937.60,939.63,940.88,942.15,944.27,945.71,946.41,947.10,948.02,949.68,951.33,953.14,955.00,956.96,958.85,960.15,959.66,958.31,958.45,959.30,959.83,959.94,960.77,961.82,962.90,963.95,965.68,967.03,968.97,970.98,972.70,974.46,976.19,977.37,978.38,979.57,981.38,983.42,985.42,987.40,989.34,990.69,991.47,991.08,989.78,990.11,991.00,992.26,993.62,994.74,996.87,999.33,1001.25,1002.75,1004.06,1005.51,1007.00,1008.20,1009.51,1011.02,1012.25,1013.31,1014.41,1015.51,1016.57,1017.76,1019.10,1020.77,1022.40,1023.70,1024.86,1025.68,1026.52,1027.25,1028.00,1029.75,1031.01,1031.90,1033.25,1034.92,1036.85,1038.99,1040.55,1041.88,1043.32,1044.88,1046.45,1047.79,1049.28,1050.85,1052.05,1053.24,1054.54,1055.80,1057.01,1058.38,1059.78,1063.15,1066.83,1068.46,1068.45,1066.93,1066.41,1066.39,1066.57,1069.09,1071.97,1074.34,1076.64,1078.74,1081.29,1080.97,1078.86,1079.10,1080.31,1082.15,1086.59,1089.61,1091.30,1091.83,1091.98,1092.10,1092.88,1094.22,1095.61,1097.05,1098.47,1099.75,1100.93,1102.32,1103.83,1105.03,1106.22,1107.29,1107.60,1107.59,1108.99,1110.51,1112.07,1114.04
1359.28,1352.62,1348.64,1346.85,1341.48,1335.11,1331.58,1329.56,1324.66,1321.32,1312.89,1306.27,1301.19,1294.26,1290.45,1288.31,1286.35,1284.07,1278.37,1272.27,1270.50,1266.34,1261.36,1257.99,1252.07,1244.87,1225.50,1205.47,1191.64,1184.96,1180.81,1177.48,1173.92,1165.06,1154.59,1145.36,1134.75,1125.33,1116.11,1104.11,1090.13,1079.21,1066.10,1046.70,1031.47,1017.58,1002.13,992.10,983.81,976.36,969.87,964.77,959.71,952.11,946.59,942.13,937.29,932.61,928.45,924.64,921.09,918.17,914.90,912.33,910.48,907.50,903.42,899.72,896.95,894.67,892.84,891.08,889.47,889.39,890.09,890.42,891.81,893.17,892.22,890.68,889.08,888.97,889.15,887.54,886.19,885.31,887.01,887.90,887.62,887.08,885.99,886.52,886.07,883.26,879.19,872.36,868.39,867.13,866.23,864.82,865.21,868.45,875.34,885.90,898.86,906.79,912.14,916.72,922.80,929.02,931.65,933.03,934.24,935.27,936.43,937.49,938.38,939.60,941.09,943.23,945.56,947.14,947.87,948.53,949.06,949.94,951.62,953.50,955.26,956.81,957.98,958.73,958.81,957.57,957.78,958.40,958.99,959.46,960.22,961.98,963.71,966.27,968.52,968.73,969.61,971.99,973.91,975.68,977.57,979.21,980.10,980.75,982.01,983.95,985.94,987.78,988.75,988.88,988.72,988.64,988.32,989.47,991.08,992.74,994.39,995.20,996.60,998.56,1000.27,1001.76,1003.37,1005.39,1007.14,1008.28,1009.42,1010.52,1011.63,1012.70,1013.76,1014.83,1016.15,1017.49,1018.83,1020.41,1022.36,1023.33,1023.80,1024.40,1025.30,1026.17,1027.01,1028.34,1029.29,1030.82,1032.90,1034.93,1036.80,1038.56,1040.24,1041.63,1043.05,1044.63,1046.26,1047.88,1049.54,1051.13,1052.43,1053.71,1055.20,1056.51,1057.88,1059.36,1061.38,1063.80,1063.54,1063.63,1064.42,1063.79,1063.50,1064.79,1066.98,1069.89,1073.07,1075.58,1077.59,1079.52,1080.51,1078.99,1077.60,1077.97,1079.26,1083.87,1089.01,1090.57,1090.89,1089.90,1089.68,1090.73,1091.90,1093.08,1094.38,1095.74,1097.15,1098.47,1099.47,1100.95,1102.26,1103.27,1104.60,1105.45,1105.66,1106.19,1108.08,1110.04,1111.81,1113.23
1361.05,1355.52,1355.32,1352.90,1346.12,1340.24,1338.39,1336.00,1330.66,1319.79,1307.48,1301.73,1297.83,1292.85,1287.98,1280.55,1277.58,1276.24,1267.64,1261.57,1259.29,1253.32,1245.84,1238.50,1229.71,1224.71,1216.23,1200.24,1186.48,1177.70,1173.79,1170.98,1165.31,1154.41,1144.82,1135.82,1126.88,1117.91,1107.67,1093.26,1078.31,1069.35,1058.64,1042.22,1027.82,1012.15,1000.60,991.63,983.59,976.35,969.62,964.57,959.53,955.51,951.01,946.71,942.59,937.86,931.70,927.88,924.91,922.09,918.89,915.83,912.49,908.55,904.25,900.65,898.26,896.21,894.36,892.51,890.78,890.67,892.00,892.30,892.99,894.30,893.63,892.12,891.19,890.88,891.12,889.32,887.98,887.42,888.97,889.84,889.34,888.80,887.79,888.88,888.13,884.97,881.34,875.40,870.92,869.54,867.76,865.99,864.84,866.74,869.22,878.82,891.90,899.44,902.09,912.90,921.68,929.24,932.84,934.56,935.71,936.84,938.00,939.47,940.96,940.61,942.03,944.53,946.84,948.57,949.30,949.96,950.55,950.89,951.68,953.00,954.06,955.33,956.33,957.13,957.91,958.06,957.98,958.49,959.01,959.95,961.91,964.17,966.40,968.78,970.65,970.96,971.14,972.84,975.09,976.91,978.76,980.30,981.42,982.03,982.96,984.70,985.93,986.12,985.88,985.81,985.57,986.23,987.87,990.57,992.33,993.74,995.20,996.16,996.72,997.97,999.48,1001.18,1003.22,1005.38,1007.24,1008.40,1009.29,1010.12,1011.17,1012.21,1013.24,1014.07,1015.25,1016.60,1017.98,1019.31,1021.17,1021.93,1022.28,1023.06,1023.99,1024.93,1025.88,1026.79,1028.02,1031.12,1033.17,1035.06,1036.81,1038.47,1039.87,1041.36,1043.01,1044.69,1046.38,1048.06,1049.79,1051.48,1052.90,1054.29,1055.72,1057.05,1058.55,1060.03,1061.09,1060.44,1059.32,1059.54,1060.77,1061.07,1063.76,1067.47,1069.48,1071.60,1074.48,1075.94,1077.03,1077.55,1076.79,1076.06,1075.83,1076.98,1079.94,1085.39,1089.88,1089.81,1089.21,1088.51,1087.77,1089.32,1090.66,1091.87,1093.18,1094.50,1095.84,1097.19,1098.22,1099.20,1100.23,1101.53,1103.01,1103.75,1104.20,1105.48,1107.54,1109.38,1110.91,1111.56
1362.63,1361.55,1361.84,1358.26,1349.08,1346.35,1342.99,1335.63,1325.86,1312.82,1302.68,1292.72,1289.47,1290.95,1288.84,1282.08,1269.48,1267.13,1260.19,1249.24,1243.12,1234.85,1225.24,1212.62,1203.48,1198.96,1199.01,1190.90,1178.04,1168.49,1162.81,1157.66,1151.11,1143.70,1135.65,1127.48,1119.45,1111.05,1100.39,1086.33,1071.32,1056.89,1045.78,1034.69,1022.69,1007.25,998.18,990.89,985.45,980.94,978.23,973.44,967.41,963.56,958.19,952.48,947.52,942.39,936.65,932.22,928.56,925.27,921.14,916.52,912.26,909.32,905.40,901.84,899.47,897.64,895.86,894.03,892.36,892.62,893.93,894.51,894.93,895.55,895.05,893.60,893.08,892.96,893.09,890.85,889.36,889.33,890.29,890.47,890.46,890.44,889.69,890.90,890.07,886.91,883.07,879.97,875.76,871.02,868.44,866.74,865.26,866.24,868.13,871.76,884.06,891.72,897.36,908.32,918.42,927.52,932.55,935.69,937.57,938.35,940.44,943.37,944.64,941.22,942.20,945.24,948.11,949.81,950.22,950.36,949.76,948.98,950.10,950.98,952.24,954.05,955.90,956.64,957.27,957.92,958.46,959.09,959.66,960.31,961.81,963.86,965.94,968.26,970.82,972.84,973.65,974.83,976.26,977.84,979.00,980.19,981.08,982.36,983.44,983.99,983.78,983.50,982.93,983.05,984.27,985.98,988.28,990.94,993.57,995.09,996.41,997.25,997.74,998.25,999.35,1001.53,1003.66,1005.61,1007.18,1008.12,1008.79,1009.56,1010.66,1011.74,1012.65,1013.40,1014.42,1015.65,1017.01,1018.17,1019.56,1020.43,1020.94,1021.93,1022.92,1023.94,1025.07,1026.30,1027.66,1030.35,1032.88,1034.99,1036.74,1038.17,1039.51,1041.09,1042.81,1044.92,1046.96,1048.47,1050.12,1051.72,1052.72,1053.46,1054.05,1055.08,1056.68,1057.79,1057.81,1057.24,1056.93,1057.67,1058.81,1060.48,1066.07,1070.08,1071.48,1072.90,1073.01,1071.71,1072.20,1071.24,1071.10,1072.20,1074.20,1077.82,1081.65,1086.15,1088.54,1087.37,1086.78,1086.52,1086.10,1087.68,1089.27,1090.68,1091.99,1093.30,1094.62,1095.88,1096.66,1097.20,1098.12,1100.13,1101.39,1102.03,1102.96,1104.68,1106.61,1108.25,1109.20,1109.77
1370.22,1368.68,1367.36,1361.67,1354.84,1349.63,1344.51,1333.45,1319.23,1308.18,1300.92,1290.84,1285.22,1282.39,1278.51,1275.44,1261.48,1252.60,1247.59,1235.85,1224.28,1218.03,1207.40,1188.91,1172.28,1162.97,1169.52,1172.95,1161.91,1151.80,1148.00,1143.37,1138.68,1132.96,1126.88,1118.46,1109.56,1102.49,1092.81,1081.80,1067.88,1051.52,1036.64,1025.77,1013.81,1001.27,996.41,994.19,996.05,993.82,988.85,982.49,976.76,971.51,966.62,959.21,952.95,947.41,941.54,937.10,932.61,927.82,923.03,920.20,916.54,912.81,908.32,904.21,900.61,898.96,897.38,895.57,894.01,894.68,895.95,896.47,896.88,897.17,896.44,895.25,895.02,895.01,894.74,892.83,891.12,890.76,891.25,891.76,891.99,892.18,891.87,892.87,891.90,889.48,887.61,887.51,880.29,873.04,868.95,867.26,865.72,866.14,867.65,869.10,874.86,884.66,893.57,901.51,914.31,923.63,930.61,934.27,938.00,940.45,943.18,944.57,944.35,941.20,942.19,945.04,947.63,947.62,946.23,945.56,946.08,945.58,947.24,948.79,950.99,953.32,955.99,957.28,958.00,958.59,958.85,959.54,960.88,962.34,963.74,965.40,967.05,968.93,971.35,973.45,974.10,974.67,975.67,976.96,977.96,978.97,979.86,981.43,982.19,982.17,981.79,981.05,980.79,982.57,984.56,986.49,988.55,990.52,994.00,996.38,997.61,998.33,998.82,999.50,1001.16,1003.69,1004.77,1004.96,1005.96,1007.10,1007.81,1008.64,1010.12,1011.25,1012.04,1012.79,1013.71,1014.81,1016.04,1017.05,1018.09,1019.08,1020.09,1021.19,1022.41,1023.73,1025.08,1026.41,1027.78,1030.00,1032.34,1034.70,1036.18,1037.45,1039.05,1040.73,1042.61,1045.05,1048.00,1049.81,1050.66,1050.84,1051.00,1051.18,1051.23,1052.30,1053.71,1054.51,1054.60,1055.60,1057.53,1058.80,1059.71,1061.21,1066.50,1069.99,1071.17,1071.89,1070.62,1068.66,1068.18,1068.22,1069.44,1071.97,1075.13,1078.88,1082.58,1084.46,1084.57,1083.83,1084.43,1084.62,1084.50,1086.08,1087.75,1089.45,1090.76,1092.04,1093.34,1094.25,1094.52,1095.14,1096.66,1098.39,1099.71,1100.80,1102.10,1104.03,1105.73,1106.73,1107.08,1107.39
1376.76,1373.84,1370.57,1364.84,1358.99,1353.75,1349.37,1339.20,1324.08,1309.72,1302.24,1294.04,1284.55,1276.99,1271.86,1267.73,1259.26,1244.35,1230.69,1219.25,1206.32,1197.75,1185.50,1168.82,1155.77,1146.20,1142.77,1150.23,1143.97,1136.53,1134.65,1131.00,1124.95,1120.77,1115.92,1107.48,1098.48,1090.95,1083.65,1073.93,1061.63,1045.67,1029.45,1016.32,1006.51,1002.49,1006.86,1013.19,1019.32,1016.52,1005.26,991.50,985.11,978.42,973.11,965.23,957.85,952.28,946.70,941.12,935.91,932.71,930.44,926.26,919.15,914.63,910.64,906.87,903.59,901.26,898.89,897.13,895.68,896.81,897.99,898.19,898.47,898.44,897.83,897.13,896.93,896.96,896.54,895.06,893.43,892.56,893.07,893.74,893.96,893.99,894.17,894.99,893.59,891.92,891.85,892.41,886.62,877.70,870.56,868.13,866.40,866.19,867.52,868.74,869.91,875.01,888.27,896.40,905.77,915.68,924.83,932.14,937.59,940.65,942.50,940.28,941.18,940.76,942.11,943.98,942.58,939.41,936.60,938.10,940.79,941.89,943.90,946.74,949.79,952.71,955.71,957.48,958.62,959.30,959.33,959.64,961.18,963.34,965.36,967.11,968.70,970.40,971.99,972.13,971.64,972.19,974.04,975.28,975.79,976.08,978.11,980.17,980.73,980.25,979.52,979.20,980.37,982.69,984.90,986.85,988.60,990.86,994.16,997.48,998.98,999.53,1000.02,1001.47,1002.78,1002.14,1002.05,1002.92,1004.41,1005.64,1006.75,1007.79,1009.68,1010.56,1011.37,1012.18,1013.02,1014.13,1015.71,1017.41,1018.54,1019.20,1020.02,1021.34,1022.74,1024.06,1025.28,1026.58,1027.94,1029.93,1032.17,1034.22,1035.41,1036.54,1038.24,1040.33,1042.64,1045.11,1048.14,1049.74,1049.02,1048.56,1048.82,1049.13,1049.06,1050.05,1051.32,1053.04,1055.30,1057.75,1060.14,1061.94,1063.01,1062.45,1065.15,1067.42,1069.59,1070.12,1068.47,1066.45,1065.68,1067.58,1070.60,1073.31,1076.24,1078.99,1080.91,1080.74,1080.44,1080.55,1082.05,1082.64,1082.93,1084.54,1086.35,1088.24,1089.50,1090.59,1092.20,1092.31,1092.38,1093.33,1094.75,1096.33,1097.51,1099.37,1101.34,1103.40,1104.20,1104.15,1104.65,1105.13
1376.92,1373.22,1370.31,1366.35,1361.47,1356.05,1349.86,1340.74,1326.11,1310.83,1301.12,1292.91,1287.07,1280.46,1275.41,1270.38,1257.34,1238.36,1220.64,1202.28,1189.65,1186.16,1187.68,1189.64,1178.15,1156.29,1138.68,1130.12,1126.44,1122.24,1120.21,1115.79,1111.07,1108.61,1104.13,1096.59,1086.64,1078.56,1071.95,1061.88,1049.33,1034.91,1021.64,1016.76,1021.66,1031.31,1041.06,1043.51,1039.17,1029.21,1016.29,1000.90,991.75,984.31,977.18,968.27,961.04,955.42,949.67,945.17,942.98,941.06,938.79,933.87,923.25,917.97,913.96,910.56,907.69,904.73,901.25,898.67,897.34,898.81,900.01,900.08,899.81,899.66,899.26,899.24,898.92,898.99,898.16,896.47,895.13,894.42,895.03,895.70,896.02,896.05,896.52,897.00,895.62,895.00,895.09,895.70,891.91,883.91,874.37,869.18,867.30,866.34,867.37,868.42,869.20,870.03,879.48,892.41,897.83,906.44,917.06,930.07,938.42,940.15,938.26,935.46,935.61,939.57,940.85,940.09,935.55,929.88,931.31,937.37,940.62,943.09,946.65,948.59,950.61,952.81,955.33,957.57,958.80,959.79,960.14,960.11,961.34,963.58,965.76,967.87,969.74,970.75,970.60,969.82,969.12,970.64,972.19,972.27,972.56,973.33,975.14,977.30,976.91,976.76,977.96,979.46,981.11,983.21,985.35,987.41,989.49,992.08,995.06,997.96,999.89,1000.55,1001.20,1001.28,1000.58,999.52,999.93,1001.39,1002.82,1004.05,1005.37,1006.93,1008.75,1009.39,1010.30,1011.46,1013.28,1015.41,1017.87,1019.35,1020.29,1021.07,1022.34,1023.91,1025.12,1026.03,1026.93,1028.01,1029.00,1030.15,1032.33,1032.34,1033.86,1035.54,1037.47,1039.57,1041.99,1044.25,1046.41,1047.48,1046.70,1046.09,1046.43,1047.15,1048.66,1050.20,1052.46,1055.18,1057.83,1060.22,1062.57,1065.52,1065.23,1063.47,1062.85,1064.29,1066.27,1067.12,1065.59,1064.04,1065.05,1067.94,1071.13,1073.48,1076.26,1078.41,1078.78,1078.40,1078.45,1078.51,1079.81,1080.62,1081.43,1083.05,1085.02,1087.00,1088.26,1089.09,1090.14,1090.36,1090.53,1091.74,1093.02,1094.69,1096.81,1099.14,1100.89,1102.23,1101.68,1101.39,1102.21,1103.22
1372.22,1369.06,1366.64,1364.74,1362.32,1356.96,1347.35,1332.74,1318.54,1307.29,1301.42,1296.61,1292.49,1289.40,1281.86,1271.57,1258.20,1239.93,1219.37,1198.59,1200.86,1211.99,1217.48,1212.37,1195.57,1168.11,1149.93,1135.27,1124.80,1112.56,1102.93,1099.47,1096.28,1093.86,1089.41,1083.13,1074.06,1065.57,1056.54,1046.26,1037.43,1032.39,1032.28,1040.38,1049.75,1057.98,1064.46,1062.58,1054.04,1040.35,1024.40,1010.21,998.08,987.52,978.04,968.25,962.97,959.79,955.61,954.48,951.17,947.17,947.44,940.41,930.52,923.30,918.22,915.42,912.38,908.71,904.58,900.13,899.20,900.68,902.02,902.43,902.19,902.33,901.71,901.97,901.71,901.59,899.53,897.95,896.41,896.38,896.98,897.64,898.10,898.36,899.04,898.87,898.36,898.65,898.23,899.19,895.79,890.13,880.25,871.32,868.26,866.83,867.16,867.98,868.73,869.33,872.14,883.12,889.03,898.77,911.33,925.10,933.36,934.92,932.70,929.40,927.30,929.55,930.41,927.47,921.43,929.56,940.85,945.84,949.23,949.87,950.70,952.12,953.40,954.55,955.64,956.66,957.43,958.40,960.12,961.06,961.94,963.73,965.23,966.77,968.23,968.42,967.89,967.35,967.14,969.04,969.50,969.32,970.07,971.30,972.33,973.88,975.34,977.18,978.74,981.03,983.37,985.44,987.27,989.01,991.17,992.19,993.57,994.89,996.10,997.50,998.69,998.37,998.30,998.23,999.05,1000.19,1001.34,1002.67,1004.21,1005.73,1007.19,1008.50,1010.04,1011.81,1015.17,1018.68,1020.25,1021.11,1022.05,1022.74,1023.41,1024.31,1025.50,1027.01,1028.30,1029.40,1030.26,1030.62,1029.97,1030.40,1032.14,1034.32,1036.59,1038.49,1040.03,1041.57,1043.73,1044.58,1044.26,1044.37,1045.99,1047.71,1049.85,1051.78,1054.19,1057.33,1059.95,1062.02,1064.22,1065.15,1063.97,1062.25,1060.74,1060.88,1062.20,1063.18,1062.70,1062.87,1064.99,1067.43,1069.95,1072.78,1075.90,1077.20,1076.78,1076.65,1076.73,1077.36,1078.34,1078.71,1079.72,1081.62,1083.67,1085.74,1086.89,1087.51,1088.25,1088.65,1088.92,1090.28,1092.16,1094.52,1096.47,1097.85,1099.15,1100.38,1100.03,1099.35,1100.48,1101.61
1374.20,1370.02,1364.53,1360.63,1359.44,1354.93,1342.18,1324.10,1312.25,1300.52,1293.41,1290.58,1283.76,1277.53,1270.54,1260.01,1247.43,1235.56,1217.42,1204.24,1220.76,1236.45,1233.76,1219.03,1201.06,1177.84,1158.51,1147.69,1138.80,1125.77,1108.64,1098.57,1091.66,1084.29,1079.08,1075.93,1070.90,1063.74,1055.69,1051.61,1050.08,1051.13,1056.16,1063.09,1069.15,1076.53,1077.95,1067.60,1056.87,1042.91,1027.16,1015.65,1003.04,986.73,974.02,970.06,970.67,970.99,970.87,968.44,963.92,960.92,960.75,949.78,937.09,931.19,926.17,921.52,918.25,913.93,908.45,903.66,901.84,902.80,903.99,904.90,905.16,905.43,904.61,904.89,905.14,903.69,901.14,899.78,898.34,899.18,899.90,900.09,901.16,901.99,902.90,901.95,901.84,901.85,901.42,901.50,899.13,894.27,886.74,874.97,869.33,867.80,867.10,867.70,868.40,868.99,869.77,874.32,881.87,890.56,902.99,915.63,924.81,925.90,920.90,914.04,909.46,906.26,906.54,909.38,913.76,928.58,938.79,942.67,944.09,946.20,948.96,951.24,952.32,952.39,953.02,953.81,954.90,956.80,958.99,960.25,960.71,961.73,962.25,963.79,964.85,964.65,964.63,964.41,964.80,966.21,966.99,967.94,969.13,970.37,972.27,975.26,978.33,979.43,979.50,980.94,983.93,987.00,989.40,990.71,991.83,991.95,990.75,990.12,990.92,993.30,995.26,995.62,996.08,996.92,998.16,999.39,1001.08,1003.07,1004.74,1006.91,1008.27,1009.10,1010.68,1012.96,1015.81,1018.74,1020.25,1020.85,1020.40,1020.19,1020.15,1020.84,1022.71,1024.93,1027.13,1028.40,1028.89,1028.61,1028.14,1029.14,1030.88,1033.38,1035.56,1037.16,1038.30,1039.41,1041.05,1041.71,1042.55,1045.07,1047.61,1049.34,1051.26,1053.33,1055.73,1058.57,1060.57,1062.44,1063.21,1062.98,1061.58,1060.32,1059.00,1058.59,1059.21,1059.88,1060.67,1063.38,1066.34,1069.18,1071.23,1073.76,1075.28,1074.94,1074.76,1074.89,1075.27,1076.08,1076.82,1077.18,1078.56,1080.25,1082.71,1084.56,1085.21,1085.83,1086.51,1086.86,1088.24,1090.11,1092.06,1093.59,1094.90,1096.15,1097.39,1098.61,1098.58,1097.82,1098.84,1100.15
1374.72,1371.82,1365.19,1356.39,1353.04,1348.44,1334.53,1319.23,1309.76,1297.05,1285.76,1280.08,1270.62,1259.48,1252.14,1241.92,1229.20,1224.12,1213.43,1215.56,1238.10,1250.25,1238.36,1217.90,1199.25,1180.41,1168.06,1163.51,1154.44,1137.14,1118.45,1104.57,1097.23,1095.20,1092.92,1088.93,1084.41,1078.69,1072.66,1070.97,1071.93,1074.60,1077.82,1081.67,1086.74,1087.77,1082.54,1068.34,1053.46,1035.81,1020.43,1007.94,994.13,981.52,979.84,984.14,986.98,987.04,986.01,983.62,980.82,978.28,973.19,963.51,951.39,940.17,933.47,927.34,923.93,919.43,912.40,908.25,905.40,905.76,906.82,907.35,908.03,908.44,907.67,907.57,908.06,905.76,902.30,900.08,902.10,908.13,914.42,910.20,907.22,907.77,907.69,906.44,905.67,905.14,904.38,902.95,901.11,897.52,891.91,879.74,871.20,868.69,867.70,867.66,868.29,868.74,869.32,870.34,876.62,885.24,894.22,904.05,907.44,905.51,902.75,899.34,896.43,898.69,906.23,912.85,915.63,918.56,924.23,930.87,936.06,944.07,948.36,947.40,946.11,947.15,949.13,951.16,953.47,956.36,958.57,959.11,959.57,959.88,959.52,960.85,961.29,960.94,961.50,962.36,963.44,965.31,968.09,969.75,970.54,971.69,973.47,977.57,980.77,981.67,981.97,982.98,985.17,987.48,989.86,990.96,990.60,989.32,987.76,988.49,989.90,991.21,993.36,994.89,996.66,997.56,998.58,999.85,1001.73,1004.10,1006.67,1009.24,1010.03,1010.19,1011.14,1013.65,1016.10,1018.21,1019.24,1019.69,1019.13,1018.39,1018.29,1019.10,1020.38,1022.46,1025.03,1026.90,1027.09,1026.79,1027.07,1028.90,1030.96,1032.92,1034.39,1035.79,1036.85,1037.91,1039.20,1040.38,1042.92,1046.15,1049.02,1050.83,1052.56,1054.71,1056.77,1058.53,1060.09,1061.36,1061.25,1060.75,1059.13,1057.96,1056.95,1056.87,1057.43,1058.31,1060.80,1065.51,1069.01,1071.17,1072.80,1073.50,1072.90,1072.52,1072.90,1073.28,1073.90,1074.67,1075.41,1076.77,1078.55,1080.20,1082.34,1082.91,1083.48,1084.16,1084.88,1086.04,1087.83,1089.22,1090.54,1091.85,1092.91,1094.30,1095.70,1096.88,1096.70,1096.41,1097.96,1099.52
1367.46,1364.04,1358.86,1352.86,1345.71,1336.55,1327.31,1319.76,1309.76,1300.81,1290.20,1282.40,1269.53,1251.95,1240.13,1234.99,1230.36,1219.81,1219.75,1233.12,1251.63,1259.23,1245.89,1220.87,1205.27,1194.45,1185.33,1173.19,1156.34,1136.78,1117.83,1110.38,1113.33,1113.80,1111.68,1107.86,1102.52,1096.31,1090.75,1089.99,1092.62,1094.00,1096.01,1100.38,1101.32,1094.33,1082.54,1066.13,1048.13,1028.57,1013.58,1000.80,990.01,991.83,996.68,1002.70,1006.38,1004.97,1001.81,1001.51,1000.28,995.25,988.12,977.19,963.66,950.35,941.02,934.34,928.27,921.62,916.80,912.76,908.90,908.91,909.66,909.94,910.37,911.58,910.88,910.46,910.75,907.49,903.97,902.74,905.36,913.32,922.59,920.19,915.53,914.88,913.76,910.49,908.47,907.50,906.13,904.50,902.48,899.91,895.02,884.75,873.78,869.54,868.51,868.11,868.20,868.59,869.11,869.54,871.82,880.62,886.34,893.87,894.17,891.65,890.48,891.61,898.66,909.67,922.55,933.39,936.44,931.50,928.67,930.22,930.47,932.59,936.13,936.99,938.81,940.26,942.98,948.80,953.57,957.28,958.49,958.83,959.15,959.32,959.05,959.18,959.29,959.71,962.10,964.30,964.91,966.16,969.03,971.65,973.27,974.42,975.44,977.62,980.63,982.85,984.47,985.61,987.37,989.11,990.32,988.97,986.14,985.82,986.99,988.46,990.00,991.77,995.24,997.51,998.69,999.12,999.47,1000.87,1003.26,1005.57,1008.02,1010.15,1011.14,1011.61,1012.38,1014.44,1016.25,1017.17,1017.78,1018.11,1017.72,1017.10,1016.94,1017.84,1018.87,1020.34,1023.16,1025.26,1025.24,1025.21,1026.63,1028.54,1030.39,1031.91,1033.25,1034.37,1035.59,1037.10,1038.88,1040.91,1043.82,1047.15,1050.02,1051.73,1053.24,1054.51,1055.51,1057.17,1058.71,1059.49,1058.77,1057.68,1056.11,1054.99,1054.68,1055.19,1056.39,1058.46,1062.03,1067.64,1069.94,1070.75,1071.22,1070.76,1070.26,1070.66,1071.29,1071.98,1072.70,1073.38,1074.49,1076.04,1077.55,1078.85,1080.23,1081.12,1081.86,1082.76,1084.05,1085.48,1086.76,1087.85,1088.93,1089.98,1090.82,1092.48,1094.01,1095.13,1094.84,1095.66,1098.13,1100.10
1370.41,1364.52,1360.49,1355.28,1348.17,1341.17,1330.28,1324.28,1320.33,1311.69,1306.95,1297.45,1281.88,1260.11,1247.15,1250.19,1247.41,1237.17,1244.92,1253.57,1262.58,1264.48,1254.26,1235.46,1224.63,1213.66,1192.82,1168.88,1147.26,1131.52,1122.79,1132.14,1137.71,1137.01,1132.05,1126.01,1120.06,1115.28,1112.19,1111.48,1112.99,1116.04,1119.15,1115.07,1104.24,1091.74,1077.73,1060.89,1042.60,1021.82,1007.39,999.67,1002.70,1008.19,1013.73,1019.32,1020.79,1019.83,1018.00,1017.47,1014.98,1007.45,997.15,986.21,972.29,958.97,949.33,940.57,933.27,928.03,923.13,918.09,913.82,912.64,914.71,914.52,912.96,914.34,914.43,914.53,912.25,909.18,908.34,906.46,906.46,913.99,925.73,925.81,923.20,922.61,921.81,919.72,914.47,909.40,907.70,905.98,903.77,901.53,897.25,887.54,876.93,871.17,869.32,868.84,868.52,868.77,869.40,870.23,870.53,875.14,879.78,886.19,887.14,886.36,892.44,904.00,914.68,927.61,938.07,943.59,946.07,944.92,944.38,944.18,942.39,942.79,942.58,944.97,948.29,948.13,948.96,950.62,954.75,958.45,958.60,958.48,958.64,958.79,958.79,959.19,959.82,962.03,965.06,967.38,967.64,967.63,968.57,971.27,974.05,976.53,978.37,978.94,980.23,982.93,985.19,986.73,988.02,989.21,987.70,983.26,984.15,986.09,987.40,988.51,989.76,992.51,996.26,999.47,1000.71,1001.16,1001.41,1002.37,1004.66,1006.84,1009.03,1010.68,1011.63,1012.54,1013.43,1014.34,1014.61,1015.45,1016.23,1016.40,1016.12,1015.60,1016.00,1017.36,1018.61,1019.94,1022.54,1023.63,1023.48,1024.21,1025.99,1027.76,1029.39,1030.80,1031.96,1033.59,1036.05,1038.13,1040.20,1042.58,1045.08,1047.87,1049.54,1050.82,1052.06,1052.76,1053.56,1055.10,1055.76,1056.05,1055.12,1053.87,1052.72,1052.12,1052.95,1054.40,1056.37,1058.48,1061.78,1066.89,1067.04,1068.14,1068.75,1068.33,1068.65,1069.43,1070.06,1070.84,1071.58,1072.35,1073.58,1075.03,1076.37,1077.47,1078.57,1079.74,1080.81,1081.85,1083.21,1084.31,1085.27,1086.31,1087.35,1088.17,1089.42,1090.99,1092.36,1093.40,1093.31,1095.37,1097.81,1099.01
1370.92,1366.75,1363.14,1359.04,1352.13,1346.15,1340.52,1334.94,1330.17,1322.72,1315.10,1301.71,1285.61,1267.08,1259.66,1268.38,1262.76,1255.87,1265.64,1272.96,1275.50,1267.55,1256.02,1242.26,1230.63,1213.00,1184.86,1159.03,1141.75,1134.90,1145.14,1156.53,1160.99,1159.24,1153.34,1145.70,1136.60,1131.19,1132.96,1136.48,1139.55,1139.84,1129.83,1112.15,1097.34,1081.68,1068.51,1052.17,1032.14,1014.14,1010.24,1016.18,1022.42,1024.27,1026.99,1031.92,1033.53,1031.95,1029.88,1028.48,1026.73,1017.76,1002.80,990.57,977.50,964.22,956.02,948.26,940.79,936.18,931.09,924.92,919.55,916.40,919.05,918.19,915.59,917.05,918.02,918.27,914.31,913.17,912.11,909.98,908.36,914.64,929.88,932.26,930.45,929.83,929.43,928.09,924.68,917.03,909.84,907.40,905.35,903.08,899.01,890.20,879.31,875.31,870.48,869.56,869.17,869.06,869.50,870.54,873.16,875.69,878.12,880.76,883.30,892.01,906.41,919.40,930.38,940.17,943.91,947.33,949.88,950.18,950.11,949.94,949.54,949.46,949.82,950.43,952.05,953.47,954.34,955.42,957.41,959.41,958.99,958.50,958.73,958.73,958.78,959.03,959.83,962.64,968.69,969.99,970.01,970.03,969.88,971.11,973.52,976.08,978.71,980.75,981.45,983.27,985.31,985.62,984.76,983.92,981.72,981.57,983.32,985.81,987.92,989.18,990.13,992.63,995.74,998.41,1000.63,1002.54,1003.79,1004.64,1006.18,1008.09,1009.62,1011.00,1011.82,1012.26,1012.50,1012.50,1012.57,1013.53,1014.58,1014.67,1014.52,1014.47,1015.44,1016.94,1018.42,1019.97,1021.68,1021.91,1022.07,1023.26,1024.95,1026.63,1028.11,1029.57,1030.95,1033.68,1036.89,1039.23,1041.51,1043.81,1045.55,1046.31,1047.15,1048.85,1050.11,1050.82,1051.58,1052.53,1052.36,1052.35,1051.45,1049.98,1049.75,1050.72,1052.45,1054.62,1056.88,1058.77,1061.97,1064.83,1063.92,1065.57,1066.43,1066.30,1067.78,1068.72,1069.26,1069.88,1070.55,1071.34,1072.58,1073.92,1075.02,1076.13,1077.23,1078.50,1079.76,1080.88,1081.93,1082.97,1083.84,1084.76,1085.79,1087.16,1088.91,1089.72,1090.76,1091.61,1092.28,1094.98,1096.61,1096.90
1370.30,1366.67,1363.17,1359.03,1351.51,1346.11,1341.80,1337.15,1331.59,1324.59,1314.58,1301.27,1285.53,1267.79,1273.43,1281.89,1274.46,1274.43,1281.06,1283.18,1279.28,1265.09,1251.40,1237.32,1224.91,1205.32,1180.19,1155.94,1143.74,1151.94,1165.16,1176.57,1182.82,1182.97,1175.96,1165.60,1157.68,1153.26,1155.04,1156.56,1152.61,1142.87,1126.78,1108.55,1091.54,1072.09,1055.56,1038.98,1024.57,1018.75,1022.23,1029.24,1036.05,1037.68,1038.75,1045.63,1047.96,1044.06,1039.97,1036.59,1033.43,1024.26,1006.68,991.85,981.14,971.99,964.83,955.06,946.28,942.71,938.11,930.47,923.88,919.79,920.99,919.73,917.99,919.64,920.49,920.27,918.68,917.36,915.29,913.42,911.39,917.69,933.58,939.83,941.28,939.35,938.33,937.73,933.97,926.73,918.10,910.51,907.73,905.04,900.68,894.41,887.38,881.63,875.80,871.92,870.13,869.61,869.60,870.08,872.02,874.16,876.61,879.35,887.36,897.91,908.60,919.18,929.95,938.90,942.90,946.34,949.79,950.84,951.25,951.28,951.50,951.40,951.38,951.69,952.94,954.62,956.22,957.83,959.55,959.83,959.17,958.54,958.80,959.17,959.22,959.00,958.98,959.55,967.06,970.68,971.47,971.71,971.56,972.32,974.39,976.75,979.17,981.22,982.64,983.75,983.75,982.39,980.58,979.41,980.10,980.51,982.44,984.97,987.57,989.99,991.92,994.11,996.23,997.81,999.27,1001.51,1003.03,1004.65,1006.89,1008.52,1009.80,1010.73,1010.99,1011.07,1011.04,1010.59,1010.65,1011.97,1013.05,1013.03,1013.09,1013.80,1014.91,1016.42,1017.67,1018.84,1019.98,1020.29,1021.06,1022.36,1023.94,1025.52,1027.01,1028.55,1030.78,1034.20,1037.44,1040.27,1042.20,1043.10,1043.21,1043.34,1044.26,1045.17,1045.06,1045.61,1048.39,1048.71,1048.08,1047.88,1047.11,1047.90,1049.49,1050.66,1052.53,1055.32,1057.91,1060.19,1062.27,1061.09,1060.95,1063.10,1064.13,1064.80,1066.89,1067.95,1068.39,1068.72,1069.37,1070.28,1071.44,1072.58,1073.68,1074.78,1075.91,1077.21,1078.44,1079.51,1080.56,1081.62,1082.51,1083.39,1085.01,1087.18,1088.24,1088.71,1089.17,1089.90,1091.56,1094.16,1093.95,1094.62
1367.80,1365.26,1362.71,1358.24,1349.31,1344.06,1339.67,1334.89,1329.97,1321.74,1312.09,1296.15,1279.47,1269.79,1284.47,1289.36,1288.01,1291.65,1289.24,1283.69,1275.30,1261.18,1244.28,1228.14,1213.30,1193.42,1172.92,1156.17,1158.78,1174.73,1187.35,1196.29,1202.61,1205.70,1199.09,1188.02,1182.86,1178.08,1173.05,1165.20,1151.58,1136.12,1120.35,1106.68,1084.70,1062.04,1045.47,1032.30,1029.03,1034.01,1035.17,1040.80,1049.81,1053.27,1052.81,1059.31,1061.57,1057.57,1051.05,1044.35,1038.32,1028.67,1012.42,999.58,990.44,982.52,974.45,963.73,952.50,948.36,943.51,936.29,929.30,924.57,924.53,922.59,920.98,921.30,922.14,922.22,921.55,920.43,918.81,917.22,914.67,921.20,936.98,945.32,950.14,952.14,950.67,948.55,943.62,934.34,925.46,919.21,912.67,908.24,903.70,898.42,893.22,888.71,881.23,875.82,873.39,871.37,869.91,870.21,871.89,874.08,876.81,879.03,884.05,893.30,902.91,911.44,923.40,932.75,940.59,945.78,950.01,950.91,951.44,951.88,952.53,952.57,952.45,952.80,954.00,955.51,957.09,958.44,959.24,959.44,958.98,958.51,958.67,959.32,959.68,959.74,959.56,959.23,962.72,969.48,971.39,972.64,973.17,973.82,975.36,977.10,979.22,981.14,982.03,982.19,981.70,980.13,977.62,978.05,978.99,979.69,981.85,984.69,987.60,990.42,992.20,993.44,994.66,996.27,998.40,999.97,1001.22,1003.95,1006.66,1008.19,1009.23,1009.81,1009.70,1009.70,1009.67,1009.31,1009.41,1010.70,1011.51,1011.62,1012.30,1013.21,1014.35,1015.51,1016.37,1017.36,1018.39,1019.20,1020.65,1022.89,1025.03,1026.70,1028.20,1029.68,1032.34,1035.73,1038.39,1039.68,1040.40,1040.62,1040.53,1040.39,1040.63,1040.64,1040.00,1040.43,1043.59,1043.88,1043.59,1044.63,1046.07,1047.80,1049.46,1050.26,1051.89,1054.82,1057.87,1059.92,1059.89,1058.86,1059.30,1061.34,1062.16,1063.86,1065.89,1066.53,1066.72,1067.08,1068.00,1069.05,1070.14,1071.23,1072.34,1073.44,1074.60,1075.87,1077.03,1078.09,1079.17,1080.29,1081.14,1082.88,1085.43,1086.21,1086.61,1086.91,1087.57,1089.32,1091.89,1091.97,1091.10,1092.77
1362.53,1361.88,1359.60,1353.51,1345.17,1339.87,1334.79,1328.99,1322.87,1314.80,1303.66,1286.13,1273.50,1277.56,1291.98,1297.70,1299.69,1297.78,1288.20,1278.95,1266.16,1254.33,1240.48,1224.64,1209.82,1187.50,1169.52,1163.41,1179.91,1199.31,1211.30,1219.79,1225.99,1226.04,1217.34,1208.07,1202.17,1194.33,1180.94,1163.72,1144.17,1125.96,1110.55,1094.03,1075.03,1056.72,1042.27,1037.60,1045.19,1050.57,1048.99,1051.17,1061.44,1068.90,1070.71,1071.70,1070.74,1065.97,1062.78,1056.53,1048.26,1036.22,1026.61,1015.05,1002.25,992.90,982.74,971.99,962.65,957.44,951.91,944.07,935.65,929.41,928.39,927.26,925.65,924.43,924.49,924.42,923.79,923.08,922.24,920.35,917.47,923.04,939.31,949.10,956.20,960.30,959.38,955.92,951.29,941.30,929.82,923.72,918.43,912.70,907.23,901.45,896.94,893.42,887.20,879.69,876.74,874.04,871.37,870.55,871.87,874.14,876.29,877.88,879.79,885.79,896.20,905.02,914.58,924.34,935.72,944.03,949.15,950.62,950.73,951.17,952.25,953.21,953.52,953.92,955.07,956.33,957.35,958.08,958.37,958.53,958.73,958.82,958.56,959.25,959.91,960.00,959.99,959.51,959.67,967.91,971.40,972.57,973.36,973.71,973.96,974.34,976.41,978.30,979.25,979.08,978.18,975.35,975.56,977.17,978.65,979.59,981.44,984.24,987.13,989.56,990.31,991.61,993.28,995.21,997.25,999.32,1002.48,1003.64,1004.07,1004.83,1006.35,1007.72,1007.69,1007.69,1007.91,1007.98,1008.21,1009.27,1010.10,1010.92,1011.94,1013.08,1014.38,1015.68,1016.95,1018.07,1019.15,1019.92,1022.43,1025.55,1027.86,1029.13,1030.97,1032.63,1034.64,1035.52,1035.97,1036.89,1037.38,1037.82,1037.58,1037.11,1037.07,1037.42,1037.92,1039.21,1040.34,1041.55,1042.88,1044.28,1045.75,1047.45,1048.70,1049.36,1051.11,1054.01,1056.46,1057.76,1057.66,1057.18,1057.88,1059.52,1061.02,1063.93,1064.02,1064.71,1064.94,1065.61,1066.67,1067.71,1068.79,1069.89,1070.99,1072.10,1073.28,1074.48,1075.59,1076.66,1077.75,1078.70,1080.28,1083.60,1083.41,1084.17,1084.55,1085.46,1088.07,1090.38,1091.28,1089.56,1088.83,1090.76
1357.32,1355.58,1349.73,1343.43,1338.24,1335.39,1331.68,1326.47,1320.32,1311.72,1295.07,1279.01,1280.10,1289.63,1297.57,1301.74,1302.50,1298.45,1283.93,1268.77,1254.73,1243.51,1231.03,1219.59,1208.12,1187.41,1171.03,1176.13,1198.18,1217.63,1230.01,1240.97,1245.46,1241.52,1234.44,1226.14,1216.57,1203.73,1185.74,1164.81,1142.14,1124.28,1100.83,1083.30,1066.88,1053.24,1046.47,1054.98,1064.58,1066.89,1060.33,1061.05,1071.21,1081.01,1086.00,1085.88,1081.77,1077.00,1072.97,1068.75,1061.98,1052.38,1041.59,1029.19,1015.34,1004.78,993.48,981.15,973.18,966.16,959.39,951.21,942.13,936.07,933.89,931.81,929.83,927.94,926.98,926.99,927.15,926.12,925.34,923.09,921.05,923.69,939.30,951.79,961.25,965.75,964.19,960.54,955.65,948.06,935.15,928.21,923.62,918.21,911.12,905.97,901.84,897.35,890.78,884.66,880.98,877.11,874.29,872.09,871.77,873.60,875.25,876.86,878.28,880.56,889.43,900.54,908.41,916.58,928.84,940.39,946.29,949.66,949.40,950.56,951.73,952.89,953.89,954.60,955.17,955.63,956.71,957.78,958.61,959.20,960.06,959.62,958.65,959.12,959.93,960.00,959.95,959.35,959.18,962.02,970.36,971.68,971.87,972.03,971.82,971.13,971.12,970.12,969.98,970.53,971.57,972.88,974.61,976.72,978.83,979.93,981.38,983.49,985.98,987.87,988.97,990.92,993.58,997.11,999.81,1001.34,1000.35,999.56,1000.07,1001.00,1003.66,1005.43,1005.52,1005.54,1005.92,1006.25,1006.85,1007.95,1009.58,1011.37,1012.83,1014.42,1015.99,1017.49,1018.90,1020.02,1021.08,1022.08,1024.47,1027.65,1030.13,1031.21,1030.59,1029.26,1030.54,1031.11,1032.49,1033.53,1034.19,1034.89,1034.60,1034.01,1034.51,1035.65,1037.59,1039.60,1040.30,1041.23,1042.64,1044.03,1045.45,1046.80,1047.44,1048.20,1050.01,1052.26,1054.22,1055.53,1055.38,1055.97,1057.68,1059.29,1061.74,1061.66,1061.86,1062.87,1063.28,1064.27,1065.34,1066.38,1067.47,1068.56,1069.66,1070.76,1071.93,1073.05,1074.16,1075.24,1076.39,1078.32,1081.30,1080.56,1081.07,1082.18,1083.04,1085.69,1088.51,1089.73,1089.37,1087.16,1088.33,1090.51
1353.68,1348.35,1340.98,1335.34,1330.68,1330.10,1327.26,1322.51,1317.58,1308.55,1292.13,1281.20,1288.86,1296.03,1300.58,1303.58,1304.00,1300.71,1285.90,1269.45,1257.07,1248.21,1234.94,1223.36,1209.63,1190.35,1176.77,1191.04,1214.86,1230.12,1241.97,1250.78,1255.55,1252.27,1245.68,1237.29,1223.75,1205.73,1186.32,1163.84,1139.57,1119.22,1097.04,1077.38,1062.41,1055.60,1062.08,1075.24,1082.38,1079.47,1069.37,1070.24,1081.94,1091.05,1096.99,1098.38,1095.20,1089.55,1083.87,1080.17,1074.08,1066.86,1054.36,1039.51,1027.08,1015.14,1003.36,990.73,980.91,972.60,965.34,958.20,951.01,946.65,941.98,937.17,932.21,930.24,929.30,929.57,930.16,929.47,928.57,926.07,923.75,925.24,937.60,952.27,963.71,969.49,967.26,963.20,958.86,952.69,942.14,934.25,929.02,922.82,916.25,912.95,908.20,902.43,895.26,893.56,894.88,883.86,877.59,875.16,872.73,872.77,874.34,875.70,877.00,878.79,886.27,897.72,905.81,913.54,922.26,933.92,942.28,945.75,946.83,949.90,951.28,952.38,953.28,953.80,953.99,954.50,956.00,957.20,958.07,958.95,960.38,960.19,958.82,958.83,959.70,960.00,960.00,959.66,959.20,959.40,964.34,968.76,968.63,968.31,969.72,968.58,967.57,967.58,967.96,968.40,969.89,971.62,974.11,976.29,978.62,980.49,982.10,983.77,985.26,986.70,988.44,991.18,994.66,998.35,1000.25,999.48,998.60,997.92,998.04,999.09,1001.82,1002.90,1003.23,1003.41,1003.91,1004.72,1005.95,1007.25,1009.05,1010.20,1011.40,1014.07,1016.96,1018.95,1020.57,1021.60,1022.94,1024.37,1026.42,1028.67,1029.97,1029.84,1027.95,1027.06,1027.81,1028.86,1029.87,1030.23,1031.23,1031.94,1031.89,1032.59,1033.70,1034.85,1036.63,1038.83,1039.90,1040.64,1042.07,1043.56,1044.88,1045.50,1046.11,1047.58,1048.92,1049.85,1052.08,1053.36,1054.02,1056.42,1058.69,1060.94,1060.25,1059.03,1059.89,1061.01,1061.88,1062.96,1064.00,1065.04,1066.13,1067.24,1068.32,1069.35,1070.45,1071.61,1072.71,1073.84,1076.07,1079.30,1081.42,1079.23,1079.22,1080.46,1082.06,1084.74,1086.25,1085.92,1086.13,1085.75,1089.30,1091.24
1353.13,1349.08,1342.28,1332.71,1327.15,1324.48,1321.90,1315.02,1309.16,1300.71,1288.02,1287.46,1296.45,1300.80,1303.38,1305.74,1305.63,1302.21,1292.34,1276.53,1263.67,1254.15,1242.11,1225.06,1209.45,1194.19,1189.39,1207.93,1226.74,1239.68,1251.27,1261.11,1262.45,1257.29,1249.27,1236.54,1219.44,1202.17,1180.10,1157.66,1132.81,1113.08,1091.71,1072.83,1064.82,1069.64,1083.28,1095.38,1097.79,1089.50,1079.70,1080.59,1089.88,1101.05,1109.18,1110.72,1106.29,1102.83,1098.72,1090.35,1081.37,1072.11,1061.30,1049.65,1038.25,1027.70,1012.00,1000.05,988.94,978.90,971.98,965.84,959.68,953.13,945.95,940.27,936.20,934.86,932.26,931.78,932.85,933.44,931.79,929.39,926.82,928.36,938.39,953.02,964.15,969.45,968.70,965.00,961.33,955.80,947.79,939.61,932.96,926.02,920.29,917.00,913.80,906.75,900.28,900.94,903.13,896.88,885.85,878.61,875.35,872.93,873.32,874.53,875.55,877.28,881.97,892.31,901.74,911.96,922.78,931.52,938.50,941.82,945.06,948.87,950.80,951.76,952.56,952.64,952.77,953.51,955.26,956.63,957.50,958.38,959.16,959.28,958.89,958.60,959.28,959.93,960.04,960.01,959.75,959.29,959.44,960.05,959.87,960.15,965.30,966.13,965.46,965.89,966.34,967.14,968.73,970.85,973.91,976.34,979.11,981.64,983.68,985.44,986.82,987.96,989.34,991.94,995.35,996.93,996.80,996.92,996.79,996.27,996.49,998.07,999.93,1000.42,1000.54,1001.40,1002.61,1004.38,1006.01,1007.81,1008.67,1009.11,1009.94,1012.63,1016.07,1019.29,1021.61,1022.91,1024.24,1025.63,1026.86,1027.93,1028.06,1026.83,1025.13,1025.09,1026.00,1027.13,1028.07,1028.58,1029.80,1029.92,1030.65,1031.99,1033.08,1034.13,1035.62,1037.55,1038.57,1040.01,1041.55,1042.97,1043.59,1044.07,1045.36,1046.76,1047.43,1048.33,1050.47,1051.67,1054.24,1057.19,1059.73,1061.12,1059.03,1057.57,1058.04,1059.34,1060.56,1061.65,1062.65,1063.70,1064.80,1065.87,1066.86,1067.71,1068.23,1069.95,1071.30,1073.32,1077.86,1080.27,1080.82,1078.78,1077.69,1078.60,1080.21,1082.89,1081.99,1082.02,1082.72,1084.92,1088.39,1089.90
1348.40,1348.59,1342.48,1330.38,1324.32,1319.93,1312.42,1305.33,1300.47,1294.45,1292.86,1295.49,1301.62,1304.68,1306.62,1308.56,1306.86,1302.47,1292.56,1276.02,1260.57,1249.43,1237.25,1225.44,1216.12,1201.87,1206.06,1222.29,1237.10,1251.38,1265.61,1269.18,1262.57,1253.47,1246.18,1227.71,1211.01,1193.57,1174.45,1151.30,1128.13,1105.92,1086.60,1074.50,1079.27,1092.26,1106.73,1114.90,1110.24,1096.45,1092.17,1093.14,1098.66,1111.69,1119.58,1121.80,1118.33,1115.73,1110.49,1100.16,1086.86,1074.45,1064.86,1057.40,1048.25,1034.76,1021.00,1007.03,998.05,986.34,978.15,970.68,963.25,955.45,948.24,944.40,941.56,939.19,936.39,935.62,935.89,936.86,935.02,932.00,930.01,934.59,947.55,957.92,964.49,968.18,968.14,965.38,962.47,958.56,952.26,945.68,939.13,931.35,925.02,920.79,919.38,914.59,908.60,908.55,907.55,903.31,898.44,890.95,880.30,875.95,875.18,874.35,874.29,875.20,878.25,884.68,893.26,905.90,920.30,930.59,935.15,938.78,942.73,947.01,950.13,951.18,951.68,951.50,951.57,952.67,954.52,956.02,956.93,957.81,958.68,958.49,958.11,958.04,958.83,959.65,960.24,960.19,959.95,959.45,958.97,958.78,958.98,960.43,963.53,963.56,963.24,964.13,964.72,966.19,969.72,973.59,977.21,978.81,980.05,982.48,984.93,987.07,988.62,989.71,991.04,992.69,992.98,992.19,992.41,993.92,994.54,994.50,995.03,996.30,997.67,998.52,999.43,1000.94,1002.78,1004.63,1006.42,1008.71,1010.32,1010.52,1010.84,1013.10,1016.49,1019.33,1021.00,1022.40,1023.60,1024.74,1025.83,1026.09,1024.89,1023.47,1022.64,1023.43,1024.39,1025.25,1026.16,1027.03,1028.03,1029.11,1030.37,1031.48,1032.51,1033.51,1034.69,1036.26,1037.77,1039.45,1040.93,1041.71,1042.08,1043.10,1044.57,1045.34,1046.29,1047.83,1049.34,1050.95,1054.11,1057.70,1060.27,1059.76,1057.80,1056.22,1056.68,1057.98,1059.27,1060.33,1061.30,1062.35,1063.37,1064.33,1065.29,1066.03,1066.61,1068.30,1070.16,1074.40,1079.19,1080.28,1080.15,1078.25,1076.36,1077.40,1079.03,1080.42,1079.52,1079.63,1080.93,1083.88,1087.13,1088.49
1336.30,1332.46,1330.47,1326.25,1320.57,1314.89,1306.85,1303.40,1300.34,1301.94,1304.22,1304.38,1306.92,1309.08,1310.73,1311.76,1308.38,1302.28,1290.35,1275.41,1261.18,1250.03,1241.73,1237.44,1226.49,1212.49,1225.30,1239.66,1251.85,1269.46,1275.75,1271.63,1260.45,1242.24,1233.01,1221.53,1204.32,1186.12,1164.86,1144.71,1119.72,1097.80,1084.71,1087.65,1103.27,1118.10,1130.54,1130.02,1115.75,1105.89,1109.17,1111.42,1111.92,1120.98,1128.39,1129.39,1128.55,1125.47,1118.36,1106.92,1092.72,1081.25,1070.00,1060.00,1052.67,1039.72,1026.18,1014.92,1004.44,992.68,982.75,973.31,965.31,959.11,953.41,949.66,946.09,942.27,940.57,940.48,939.39,939.75,936.64,933.38,935.07,943.35,956.18,964.22,968.68,968.65,967.04,964.95,962.88,960.69,956.37,951.54,946.08,940.30,931.40,925.64,923.00,922.14,919.22,917.07,913.20,908.54,905.04,900.70,893.29,883.09,881.85,879.23,877.17,875.64,876.13,880.50,889.64,898.88,913.44,925.86,932.55,936.22,940.05,944.54,948.82,950.55,950.69,950.40,950.41,951.90,953.76,955.42,956.50,958.06,959.30,958.22,957.23,957.47,957.72,956.65,959.42,960.21,959.17,958.67,958.35,958.03,958.65,959.95,961.25,961.17,961.38,963.23,965.43,970.52,975.27,977.73,980.14,981.02,981.59,983.41,985.77,988.22,990.13,991.06,991.52,991.06,989.94,988.69,989.52,991.15,992.50,993.75,996.05,997.48,998.53,999.33,1001.17,1002.20,1003.97,1005.61,1006.89,1008.61,1010.81,1012.32,1013.00,1015.09,1017.45,1018.88,1020.01,1021.23,1022.47,1023.66,1024.47,1023.52,1021.88,1020.55,1020.95,1022.32,1023.21,1024.07,1024.94,1025.76,1027.55,1029.73,1030.50,1031.04,1031.98,1032.88,1033.83,1035.28,1036.90,1038.26,1039.35,1040.11,1040.87,1042.33,1043.24,1044.13,1045.42,1046.79,1048.23,1050.44,1054.41,1057.96,1057.84,1056.53,1055.63,1054.71,1056.02,1057.32,1058.46,1059.22,1059.96,1060.91,1061.85,1062.77,1063.72,1064.77,1066.51,1068.52,1070.98,1074.96,1077.97,1077.92,1078.08,1076.07,1074.68,1075.90,1077.15,1078.09,1077.85,1078.57,1080.50,1083.63,1086.13,1087.23
1337.60,1327.87,1323.70,1320.22,1316.92,1312.37,1312.33,1312.47,1306.90,1310.13,1312.20,1311.80,1312.44,1315.02,1316.25,1314.84,1309.97,1301.69,1288.36,1278.31,1266.61,1256.06,1254.87,1251.52,1233.09,1225.82,1243.30,1256.28,1269.77,1280.71,1278.78,1265.66,1253.52,1235.01,1220.16,1212.72,1198.64,1180.51,1156.07,1133.48,1108.66,1095.31,1099.13,1114.01,1129.40,1143.20,1146.26,1133.88,1121.79,1123.17,1128.37,1129.67,1129.21,1132.48,1135.70,1136.40,1135.19,1132.20,1126.03,1115.05,1100.88,1091.47,1078.87,1065.30,1055.57,1044.04,1030.03,1017.56,1007.98,996.44,985.93,975.36,967.50,962.73,959.07,954.16,948.57,944.69,943.86,943.57,942.40,940.72,937.38,935.52,938.61,951.03,963.71,969.76,971.41,970.25,968.25,966.32,964.46,962.36,959.83,955.29,949.91,944.29,937.86,930.68,927.16,925.01,923.40,922.62,918.65,913.78,910.42,906.55,901.16,895.92,890.45,885.03,880.65,877.66,875.70,878.14,884.72,898.59,908.54,920.16,929.83,934.21,937.93,942.08,945.83,948.43,949.00,948.55,948.91,951.04,953.01,954.96,956.82,958.50,959.81,958.38,956.35,955.29,952.46,951.30,955.24,956.59,956.27,956.97,956.93,957.50,958.80,961.14,965.64,969.76,971.77,972.75,972.79,976.10,980.00,980.60,981.42,982.35,983.21,984.77,986.79,988.95,990.36,990.23,989.58,988.05,987.22,989.09,993.42,995.02,995.91,997.49,999.88,1000.71,1001.67,1001.99,1003.09,1005.35,1006.53,1007.32,1007.75,1009.09,1011.08,1013.29,1014.54,1015.81,1016.81,1017.88,1018.98,1020.07,1021.31,1022.52,1022.46,1021.19,1019.83,1019.24,1020.02,1021.22,1022.07,1022.91,1023.76,1025.13,1028.80,1030.30,1030.39,1030.16,1030.71,1031.62,1032.80,1034.32,1035.82,1037.01,1038.11,1038.74,1040.02,1041.16,1042.04,1043.31,1044.91,1046.79,1048.72,1050.97,1055.12,1055.19,1053.10,1052.67,1052.90,1053.79,1055.32,1056.70,1057.41,1057.93,1058.63,1059.73,1060.69,1061.58,1062.87,1064.76,1066.75,1068.52,1070.19,1073.30,1076.02,1074.79,1075.25,1073.50,1072.96,1074.03,1075.22,1076.05,1076.91,1079.40,1081.64,1083.73,1084.99,1085.93
1348.28,1331.73,1326.70,1325.41,1323.17,1320.16,1322.19,1318.67,1315.31,1316.17,1317.05,1316.51,1316.76,1320.30,1321.26,1315.40,1308.33,1298.64,1287.56,1280.39,1274.34,1272.64,1274.92,1261.82,1241.06,1238.79,1253.64,1269.73,1285.80,1287.15,1281.40,1261.19,1247.09,1231.13,1212.25,1197.04,1184.74,1168.75,1145.51,1121.39,1104.42,1112.86,1123.76,1137.97,1153.66,1162.29,1156.03,1138.60,1135.38,1141.13,1145.93,1146.48,1146.51,1147.37,1145.53,1143.59,1140.23,1136.12,1131.86,1124.24,1111.48,1102.14,1089.02,1073.45,1060.49,1048.56,1036.40,1025.00,1012.58,1002.06,990.64,978.76,969.62,965.40,962.30,957.04,950.36,947.68,948.07,947.80,945.70,942.50,940.07,937.93,940.56,956.13,967.94,971.75,972.80,971.27,969.68,967.89,966.04,963.71,960.74,956.64,951.42,946.10,940.90,935.16,930.64,927.77,927.27,925.80,921.91,918.16,914.77,911.69,907.24,903.24,901.57,895.83,885.67,879.93,876.45,877.15,879.85,893.08,905.69,915.16,925.23,931.78,935.27,939.02,942.27,944.05,945.97,946.01,947.39,950.58,952.78,954.23,954.58,954.29,954.11,951.84,950.76,950.88,949.23,949.22,951.12,952.60,954.55,956.63,961.55,964.77,967.85,970.44,972.27,973.68,975.85,978.43,978.47,978.96,980.74,981.57,982.32,983.36,984.56,985.82,986.87,987.62,989.17,987.61,986.11,985.36,988.35,995.34,1000.09,999.63,999.14,999.06,999.58,999.27,999.64,999.53,1000.20,1004.49,1008.04,1008.93,1009.32,1010.24,1011.90,1012.80,1013.39,1014.63,1015.68,1016.75,1017.97,1019.28,1020.12,1020.95,1020.80,1019.75,1018.86,1018.47,1019.34,1020.29,1021.13,1021.92,1022.72,1025.66,1029.53,1030.20,1029.54,1028.81,1029.06,1030.42,1031.94,1033.51,1034.73,1035.89,1036.85,1037.88,1038.98,1039.89,1041.24,1042.57,1045.56,1048.22,1050.52,1053.15,1052.08,1050.73,1050.79,1050.82,1051.85,1053.37,1054.77,1055.39,1056.02,1056.53,1057.27,1058.44,1059.67,1061.11,1063.03,1064.81,1066.18,1067.61,1069.63,1072.66,1073.94,1071.78,1072.45,1071.22,1071.53,1072.39,1073.36,1074.42,1077.01,1079.82,1081.07,1081.93,1083.40,1084.58
1348.66,1336.81,1342.22,1337.82,1328.91,1328.13,1327.51,1323.97,1321.99,1322.38,1321.55,1320.97,1322.35,1326.79,1324.38,1315.30,1307.19,1296.83,1290.93,1290.48,1289.23,1288.82,1285.55,1268.10,1250.99,1250.28,1267.51,1280.61,1292.17,1292.38,1287.63,1274.13,1257.80,1244.28,1221.00,1197.50,1174.47,1155.16,1133.31,1113.27,1116.41,1136.38,1150.33,1161.38,1171.08,1173.30,1161.36,1146.83,1149.95,1160.69,1167.47,1168.27,1166.61,1164.45,1158.36,1151.16,1145.14,1139.47,1134.62,1128.36,1117.88,1106.49,1094.71,1080.95,1068.48,1057.99,1045.12,1032.64,1018.93,1009.68,996.69,983.01,972.94,968.46,964.56,958.81,952.88,952.16,952.59,951.68,949.01,946.02,942.50,940.43,943.49,957.56,969.69,972.92,974.26,972.93,971.73,969.87,967.33,962.34,958.46,955.13,951.67,948.22,944.28,940.81,936.60,932.34,931.53,929.28,926.37,922.50,919.04,916.79,912.30,908.02,906.87,904.40,894.64,883.79,877.84,876.95,878.61,884.45,903.47,913.46,919.98,926.84,930.59,933.53,936.78,939.28,942.85,943.40,946.28,949.98,950.93,949.57,947.46,944.65,942.87,942.96,943.52,945.42,946.95,948.60,950.22,955.11,958.09,963.78,968.88,970.73,971.65,972.61,974.15,976.03,978.21,979.90,980.24,980.49,980.95,981.29,982.34,983.21,983.96,984.71,984.55,983.51,984.06,983.89,983.72,987.50,992.47,996.78,996.58,996.14,997.00,997.03,997.93,997.90,998.35,999.02,1000.33,1003.89,1007.53,1009.70,1010.59,1011.07,1010.90,1010.75,1011.72,1013.12,1014.56,1016.19,1017.85,1018.27,1018.02,1018.77,1018.91,1018.75,1018.26,1017.67,1018.38,1019.54,1020.43,1021.00,1022.23,1026.41,1029.88,1029.85,1028.34,1027.03,1028.02,1029.77,1031.36,1032.65,1033.71,1034.79,1035.83,1036.91,1037.84,1039.13,1040.39,1041.85,1045.58,1049.32,1051.69,1051.13,1048.83,1048.18,1049.09,1050.07,1051.58,1052.98,1053.62,1053.58,1054.33,1055.07,1056.01,1057.51,1059.38,1061.12,1062.44,1063.59,1065.31,1067.47,1069.74,1072.19,1071.66,1069.46,1069.79,1069.26,1070.10,1071.10,1071.96,1073.11,1075.37,1077.87,1078.97,1080.44,1082.49,1083.19
1346.42,1354.16,1354.42,1346.50,1335.71,1339.63,1335.66,1328.42,1325.75,1326.97,1325.63,1326.26,1328.92,1332.26,1329.61,1320.17,1310.90,1300.32,1301.10,1300.10,1299.48,1296.88,1289.25,1272.17,1256.15,1263.00,1281.72,1293.35,1296.78,1296.29,1293.88,1281.40,1265.43,1250.77,1227.38,1201.63,1180.73,1157.66,1133.83,1117.95,1137.72,1157.82,1169.99,1177.74,1184.71,1182.25,1168.37,1161.86,1170.26,1181.90,1186.62,1187.07,1184.67,1178.19,1167.90,1157.34,1149.34,1143.13,1136.14,1128.96,1119.75,1110.10,1098.79,1086.64,1075.84,1066.40,1055.03,1040.27,1026.07,1012.13,1000.39,987.30,977.74,972.45,966.78,960.07,957.33,958.19,957.08,954.40,951.36,948.01,944.44,945.12,950.09,959.63,969.09,973.53,975.81,974.69,973.36,971.16,967.20,962.19,958.92,956.02,953.18,951.06,950.24,948.91,944.50,939.50,936.63,933.87,930.92,926.98,923.25,921.06,916.05,912.44,911.20,909.45,904.26,889.44,881.13,876.91,877.86,879.97,893.15,909.32,914.83,918.84,923.10,930.21,934.36,937.76,940.50,939.97,939.43,937.64,934.95,935.71,935.32,935.96,937.66,940.25,944.06,947.09,949.01,953.02,958.38,959.08,957.83,963.18,969.59,970.59,970.62,971.35,972.81,975.22,977.50,979.20,980.10,980.47,980.16,979.96,981.41,982.14,982.84,982.88,981.93,980.65,979.81,980.67,985.45,991.21,992.41,991.68,991.29,992.18,993.99,994.91,996.14,997.07,998.07,999.15,1001.13,1004.11,1007.20,1009.41,1010.07,1009.42,1008.78,1009.24,1010.90,1012.53,1014.63,1016.50,1016.41,1015.50,1015.45,1015.96,1016.28,1016.53,1016.88,1016.82,1017.12,1018.27,1019.76,1020.09,1022.38,1027.37,1029.94,1028.95,1027.02,1025.75,1027.13,1028.98,1030.54,1031.67,1032.76,1033.81,1034.81,1035.86,1036.99,1038.11,1039.21,1041.06,1045.06,1049.29,1050.43,1048.73,1046.73,1046.58,1048.19,1049.78,1051.03,1052.10,1051.88,1051.72,1052.49,1053.44,1054.75,1056.46,1058.19,1059.73,1060.95,1062.50,1064.51,1067.09,1069.57,1070.93,1069.71,1067.75,1067.95,1067.72,1068.49,1069.81,1070.84,1071.92,1073.59,1075.67,1077.84,1079.90,1081.34,1081.77
1358.14,1367.41,1362.75,1354.37,1346.38,1353.91,1346.50,1331.31,1329.48,1333.06,1330.23,1332.89,1334.89,1335.35,1330.48,1321.50,1313.40,1309.87,1312.25,1311.32,1309.05,1300.16,1284.22,1266.68,1262.69,1275.86,1290.99,1302.19,1305.12,1301.78,1300.14,1285.80,1269.37,1253.44,1234.91,1212.91,1189.72,1166.52,1139.33,1128.89,1154.27,1175.06,1188.34,1196.35,1201.14,1195.92,1184.31,1180.48,1186.06,1195.23,1196.75,1194.80,1191.28,1183.59,1172.04,1159.80,1153.17,1148.81,1139.63,1130.92,1122.18,1112.70,1103.41,1093.43,1081.22,1071.57,1061.47,1045.90,1031.13,1016.06,1003.92,991.78,982.10,975.65,968.68,962.83,962.97,962.90,959.88,956.82,953.50,949.86,946.62,948.31,954.90,962.96,969.76,974.22,977.16,976.15,973.81,971.12,968.31,964.93,960.80,957.60,955.78,954.29,953.32,951.94,949.98,944.78,941.13,937.69,934.82,930.59,927.24,924.03,919.66,916.46,914.84,913.03,908.58,895.84,884.51,878.74,877.50,878.63,883.39,894.43,905.12,911.63,918.27,926.20,931.94,932.64,932.43,929.68,926.36,923.34,924.16,929.51,934.32,939.23,942.43,944.80,949.05,953.43,959.05,965.54,966.93,962.55,958.49,959.00,964.68,967.64,967.08,968.71,971.43,974.11,976.31,977.54,978.13,978.63,979.31,977.18,979.96,980.82,981.53,981.18,979.81,978.52,978.78,981.10,986.89,989.70,989.22,988.63,989.38,990.88,992.40,994.21,995.87,997.50,998.81,999.82,1001.61,1004.93,1007.51,1008.07,1008.02,1007.38,1007.29,1008.88,1010.70,1012.92,1015.11,1015.32,1013.67,1012.62,1012.77,1013.05,1013.67,1014.02,1014.45,1015.01,1015.79,1016.82,1018.19,1018.80,1020.83,1026.53,1028.73,1026.94,1024.91,1024.61,1026.28,1027.97,1029.58,1030.82,1031.88,1032.87,1033.84,1034.79,1035.82,1036.84,1037.94,1040.15,1044.09,1047.96,1048.07,1046.62,1044.90,1045.41,1046.60,1047.97,1049.41,1050.75,1050.43,1049.99,1050.85,1051.95,1053.26,1054.82,1056.54,1058.06,1059.41,1060.84,1062.72,1066.13,1068.54,1068.57,1067.73,1066.07,1066.24,1066.42,1067.50,1068.63,1069.68,1070.79,1072.38,1074.55,1077.08,1078.61,1079.56,1080.37
1373.24,1376.55,1371.32,1358.09,1355.74,1361.81,1351.56,1336.82,1336.88,1342.49,1339.87,1342.20,1342.16,1338.41,1330.35,1325.14,1321.30,1318.51,1319.20,1318.27,1313.81,1300.64,1278.37,1265.96,1272.01,1290.64,1301.60,1309.30,1314.49,1307.18,1294.27,1278.46,1269.38,1257.35,1239.73,1218.01,1192.26,1169.04,1141.14,1138.02,1165.20,1190.19,1205.42,1215.99,1218.57,1212.38,1204.58,1201.29,1198.83,1206.20,1206.28,1198.48,1190.93,1182.63,1172.38,1162.06,1157.29,1151.62,1142.96,1133.48,1124.97,1114.90,1105.99,1098.31,1087.26,1075.08,1064.18,1048.70,1032.82,1018.14,1006.18,995.00,985.13,977.54,968.90,967.34,968.77,965.87,962.35,959.19,955.54,951.95,948.75,950.79,957.76,965.04,971.15,975.39,978.50,977.10,974.60,972.40,970.59,967.54,963.34,960.39,958.49,957.00,955.39,953.70,951.83,949.75,945.70,941.88,938.65,934.78,931.45,927.21,923.39,920.51,917.94,914.32,909.20,899.63,887.78,881.65,878.83,878.01,879.04,883.20,890.07,899.51,910.15,920.26,925.11,924.95,922.83,917.29,914.34,922.54,931.62,939.36,944.09,946.92,949.88,954.52,959.32,962.02,961.54,965.42,966.36,962.43,960.70,958.00,959.15,962.25,963.39,967.87,971.53,973.30,974.47,974.83,974.33,974.16,974.30,972.85,975.93,978.03,979.22,978.97,977.62,977.52,979.91,983.63,987.04,987.74,987.41,987.55,989.25,990.78,992.46,994.70,996.40,998.25,1000.00,1002.22,1004.11,1005.24,1005.66,1005.71,1005.65,1005.36,1006.61,1008.86,1011.10,1013.31,1014.75,1013.03,1011.12,1009.96,1010.13,1010.36,1011.14,1011.86,1012.77,1013.74,1014.58,1015.49,1016.83,1018.27,1020.24,1025.70,1025.11,1023.31,1022.60,1023.62,1025.22,1026.81,1028.42,1029.93,1030.99,1031.91,1032.76,1033.77,1034.84,1036.21,1038.10,1040.52,1043.87,1046.06,1045.13,1043.98,1043.38,1044.41,1045.74,1047.79,1049.74,1050.38,1049.48,1048.71,1049.27,1050.51,1051.86,1053.28,1054.87,1056.32,1057.52,1058.85,1060.80,1064.74,1065.16,1064.86,1064.98,1064.50,1064.66,1065.38,1066.48,1067.57,1068.69,1069.88,1071.69,1074.19,1076.04,1076.79,1077.54,1078.44
1384.70,1385.13,1374.82,1363.41,1366.95,1366.68,1355.24,1343.10,1345.41,1355.67,1356.99,1356.32,1351.32,1345.94,1342.10,1337.28,1330.46,1326.42,1324.17,1320.25,1313.43,1299.37,1281.18,1277.46,1277.19,1296.20,1309.39,1317.74,1320.13,1309.17,1287.29,1274.28,1259.19,1241.82,1230.85,1214.30,1190.65,1165.61,1145.15,1145.51,1171.39,1199.42,1215.23,1229.41,1233.85,1228.24,1222.07,1219.04,1215.89,1218.34,1213.83,1203.10,1193.16,1184.73,1175.40,1166.96,1161.06,1153.56,1145.45,1137.13,1128.48,1117.75,1107.47,1099.37,1089.31,1076.64,1063.63,1048.52,1032.20,1017.16,1005.74,995.63,986.17,978.33,970.50,972.02,972.12,967.98,964.57,960.95,957.22,953.78,951.04,951.02,956.68,963.98,972.56,977.31,979.63,977.91,975.86,973.94,972.04,969.34,965.68,962.61,960.31,958.75,956.96,955.16,953.32,951.46,949.13,945.81,942.32,938.85,935.20,930.73,928.62,924.56,920.17,915.79,910.73,901.55,891.74,885.55,880.70,879.25,878.56,879.27,882.35,888.60,896.56,904.34,909.75,909.63,905.50,908.76,921.83,933.82,940.42,947.71,951.36,954.70,959.26,962.01,963.52,963.63,961.26,963.13,964.10,961.45,960.53,959.73,957.77,957.96,960.30,964.63,969.42,971.35,972.28,971.81,970.45,968.11,964.66,967.26,971.67,973.69,974.85,975.50,975.93,978.14,981.26,984.64,985.79,985.72,985.95,987.00,988.71,990.50,992.75,995.16,997.04,999.06,1001.40,1002.75,1002.31,1002.30,1003.16,1003.22,1003.39,1004.27,1006.06,1008.12,1009.96,1012.50,1013.69,1011.41,1009.65,1008.84,1008.56,1008.71,1009.69,1010.71,1011.64,1012.55,1013.57,1015.36,1017.29,1018.99,1021.90,1024.85,1021.34,1020.43,1021.24,1022.72,1024.27,1025.87,1027.46,1028.91,1029.96,1030.78,1031.73,1032.81,1034.78,1037.11,1039.22,1041.49,1043.51,1043.68,1042.29,1041.55,1042.28,1043.84,1046.15,1048.62,1050.12,1050.22,1049.26,1047.88,1047.98,1049.14,1050.59,1052.04,1053.57,1055.12,1056.65,1058.31,1060.75,1063.36,1060.95,1061.49,1062.29,1062.98,1063.39,1064.55,1065.73,1066.87,1068.12,1070.09,1071.80,1073.71,1074.18,1074.28,1075.14,1076.17
1393.43,1390.81,1377.35,1371.87,1379.19,1370.74,1364.40,1355.57,1348.88,1363.03,1369.86,1369.82,1364.51,1357.45,1356.82,1350.21,1339.39,1332.39,1320.14,1313.65,1303.87,1292.64,1290.68,1292.81,1285.88,1294.53,1310.24,1321.43,1322.66,1314.03,1294.80,1278.37,1266.14,1241.17,1222.55,1207.10,1189.61,1167.46,1150.89,1149.91,1174.51,1201.88,1218.23,1235.74,1242.65,1241.13,1238.81,1234.45,1231.87,1226.97,1214.98,1204.47,1195.41,1188.22,1181.86,1175.16,1167.00,1160.30,1152.14,1142.37,1131.43,1117.95,1106.10,1096.19,1085.51,1073.64,1060.67,1046.14,1029.73,1014.19,1002.03,993.97,985.62,978.45,977.18,977.89,974.69,970.14,966.23,961.91,958.10,955.38,953.22,951.99,955.70,963.50,972.51,977.56,980.06,978.89,976.59,974.10,971.69,969.33,966.44,963.19,961.43,960.05,958.25,956.47,954.51,952.68,951.10,948.91,945.45,942.19,938.52,935.07,931.82,927.74,922.88,917.79,911.30,901.38,896.58,893.07,885.48,881.14,879.32,878.92,879.47,881.60,885.73,889.91,893.47,894.54,900.12,914.61,927.49,936.81,943.41,946.92,950.14,953.15,956.59,959.35,960.02,960.30,959.98,960.30,961.38,960.49,960.23,960.06,959.58,957.60,957.58,960.41,964.09,966.52,967.77,966.12,962.31,959.55,962.08,969.10,971.13,972.42,973.72,975.07,977.30,979.74,982.33,983.75,983.89,984.44,985.58,986.72,988.07,989.94,992.49,995.40,997.71,999.70,1001.35,1000.30,999.34,999.83,1000.77,1001.19,1002.04,1003.60,1005.47,1007.71,1010.03,1012.18,1012.18,1009.92,1008.64,1007.92,1007.42,1007.49,1008.60,1009.76,1010.42,1011.62,1013.78,1016.31,1018.13,1020.12,1023.17,1021.28,1019.50,1019.54,1020.39,1021.86,1023.39,1024.95,1026.52,1027.81,1028.76,1029.67,1030.72,1032.16,1034.61,1037.38,1039.82,1040.88,1041.07,1041.61,1040.21,1040.31,1042.01,1044.25,1046.59,1048.87,1050.03,1049.82,1048.38,1046.88,1047.03,1048.73,1050.54,1052.19,1053.91,1055.66,1057.44,1059.24,1061.40,1060.58,1058.60,1059.54,1060.89,1061.62,1062.35,1063.62,1064.97,1066.24,1067.50,1068.95,1070.06,1071.70,1072.00,1071.81,1072.82,1073.85
1405.07,1400.76,1391.32,1384.30,1392.01,1381.87,1379.87,1371.09,1357.86,1363.06,1377.10,1380.97,1376.31,1369.24,1365.90,1359.44,1349.21,1337.82,1320.61,1310.39,1303.64,1304.38,1304.93,1301.84,1290.71,1296.40,1312.73,1324.82,1322.35,1311.41,1295.68,1282.85,1270.24,1246.29,1228.83,1215.86,1197.52,1173.68,1154.74,1158.29,1182.47,1202.58,1218.96,1235.41,1244.12,1248.58,1247.38,1242.06,1234.37,1224.99,1211.92,1199.88,1192.70,1188.12,1184.43,1180.86,1173.86,1165.64,1156.20,1144.57,1131.43,1116.05,1100.91,1089.51,1078.28,1067.82,1055.51,1040.99,1025.52,1009.60,997.90,990.97,985.35,983.41,983.94,981.68,977.52,972.07,967.06,963.07,959.82,957.45,956.00,954.53,955.97,962.28,970.08,974.74,978.21,978.14,975.73,973.06,970.60,968.60,966.50,963.87,962.33,960.92,959.49,957.69,955.85,954.30,952.57,950.80,948.76,945.53,941.05,937.16,933.80,930.20,925.25,919.44,911.50,905.91,905.66,903.64,891.40,884.55,880.48,879.42,879.51,879.86,881.34,885.13,887.88,889.71,896.24,906.26,918.70,931.57,937.11,936.84,938.00,942.20,946.82,951.88,953.84,957.23,957.78,957.82,958.70,959.55,960.00,960.11,960.38,959.26,956.93,957.06,957.64,958.00,958.28,958.49,957.64,960.70,969.49,972.05,972.98,974.15,975.49,977.05,978.87,980.83,981.80,982.14,982.99,984.16,985.32,986.47,987.64,989.10,991.33,995.22,998.18,1000.05,1000.02,998.75,997.87,998.49,999.23,999.94,1001.15,1003.13,1005.78,1008.67,1010.95,1012.18,1010.97,1009.24,1007.80,1006.87,1006.13,1006.18,1007.06,1008.39,1009.59,1011.43,1014.50,1017.32,1019.45,1021.46,1020.97,1019.37,1018.70,1018.95,1019.73,1021.06,1022.57,1024.06,1025.54,1026.57,1027.51,1028.58,1029.81,1031.76,1034.30,1036.88,1038.53,1038.82,1038.83,1039.10,1038.88,1039.00,1040.45,1042.32,1044.85,1047.44,1048.24,1047.25,1045.99,1044.88,1046.15,1048.26,1050.45,1052.29,1054.04,1055.86,1057.69,1059.50,1059.64,1058.13,1056.80,1057.81,1059.40,1060.49,1061.42,1062.66,1064.01,1065.38,1066.69,1067.65,1068.58,1069.44,1070.17,1069.70,1070.77,1072.01
1419.11,1416.77,1408.65,1401.21,1404.88,1394.33,1393.96,1388.04,1373.30,1367.17,1382.27,1390.52,1387.62,1380.24,1373.42,1364.22,1353.02,1339.39,1324.11,1314.17,1316.11,1317.02,1311.34,1300.79,1293.29,1303.13,1319.43,1329.48,1321.47,1308.63,1295.09,1283.30,1275.93,1263.06,1243.73,1220.51,1195.34,1171.69,1161.67,1176.85,1198.78,1214.69,1223.44,1234.03,1245.34,1251.57,1250.45,1243.24,1233.38,1219.51,1203.46,1193.49,1186.33,1183.22,1180.58,1177.24,1172.45,1164.88,1155.26,1142.45,1128.69,1113.69,1096.51,1081.01,1069.76,1057.60,1044.93,1033.05,1018.24,1004.42,995.28,992.66,995.18,993.44,988.94,984.38,979.05,972.85,968.59,965.85,962.84,960.50,959.13,957.44,956.83,960.10,965.30,969.81,972.99,975.06,974.43,972.02,969.63,967.83,966.06,964.41,962.97,961.61,960.45,958.86,957.90,956.48,954.71,952.99,951.62,947.97,943.35,939.23,936.17,932.18,926.10,920.27,915.29,914.16,913.54,910.96,902.25,889.48,883.86,881.02,879.93,879.89,880.10,882.47,885.40,888.07,890.34,895.11,901.22,912.39,922.46,925.06,925.09,927.94,932.71,938.22,945.62,954.46,955.68,955.57,956.19,957.39,959.55,960.88,961.85,960.38,957.08,953.99,953.26,954.26,955.18,956.44,959.73,968.80,972.18,973.50,974.71,975.87,977.03,978.16,979.10,979.86,980.52,981.53,982.69,984.03,985.39,986.73,988.05,989.65,992.11,995.42,998.05,998.63,998.38,997.46,996.62,997.18,997.94,998.92,1000.74,1003.44,1006.24,1009.03,1010.75,1011.37,1010.69,1009.09,1006.78,1005.33,1004.72,1005.16,1006.86,1008.46,1009.87,1012.23,1015.13,1017.98,1020.14,1020.50,1019.56,1018.88,1018.19,1018.32,1019.20,1020.33,1021.78,1023.22,1024.33,1025.36,1026.35,1027.57,1028.98,1031.19,1033.83,1035.51,1036.62,1036.72,1036.98,1037.23,1037.10,1037.25,1038.31,1039.76,1042.26,1045.41,1043.84,1042.13,1042.17,1043.13,1045.27,1047.30,1048.97,1050.71,1052.65,1054.60,1056.76,1058.45,1057.54,1055.92,1055.12,1056.45,1057.90,1059.26,1060.42,1061.75,1063.21,1064.71,1065.74,1066.63,1067.35,1067.91,1068.44,1068.10,1069.22,1072.36
1432.50,1428.39,1421.51,1419.74,1417.50,1408.13,1407.42,1396.64,1379.11,1374.26,1387.88,1396.62,1398.98,1392.33,1381.35,1367.25,1351.08,1336.56,1324.74,1318.59,1325.78,1323.63,1309.78,1300.40,1303.40,1313.15,1327.20,1330.83,1322.31,1310.21,1298.64,1295.57,1284.50,1270.27,1244.55,1217.57,1193.27,1175.07,1183.77,1198.44,1214.22,1230.04,1238.46,1243.67,1250.66,1254.46,1251.47,1244.13,1234.36,1218.16,1199.24,1187.62,1178.13,1173.91,1170.55,1167.44,1164.80,1159.34,1150.18,1135.90,1123.13,1109.50,1094.36,1076.07,1062.45,1047.55,1034.22,1022.42,1009.37,1001.00,1000.65,1003.01,1003.68,999.76,992.10,985.19,979.69,977.34,973.63,969.83,966.84,965.38,963.57,961.03,959.51,959.48,962.22,966.03,969.62,972.05,973.28,972.02,969.77,967.85,966.40,964.95,963.60,962.34,961.33,960.61,960.31,958.68,956.99,955.31,953.12,949.90,945.82,942.18,939.73,934.28,927.02,921.85,919.93,920.43,918.25,914.47,910.54,901.81,888.71,884.73,881.98,880.10,880.10,881.59,884.31,886.57,887.99,889.56,892.26,896.94,903.58,910.50,913.64,917.83,920.26,924.30,935.14,946.89,951.71,952.61,953.98,957.16,960.41,962.46,962.62,960.40,954.88,951.40,955.58,958.10,959.15,962.97,968.76,971.53,973.02,974.03,974.96,975.79,976.51,977.24,978.05,978.79,979.51,980.87,982.16,984.25,986.31,987.85,989.23,991.15,993.88,995.88,996.36,996.43,996.33,995.77,995.40,996.52,997.74,999.03,1001.03,1003.69,1006.45,1008.97,1009.66,1010.45,1010.19,1007.51,1004.18,1003.10,1003.32,1005.66,1007.93,1009.46,1010.51,1013.07,1015.80,1018.04,1018.73,1018.75,1018.86,1018.33,1017.67,1017.74,1018.69,1019.71,1020.99,1021.94,1022.98,1024.14,1025.50,1027.11,1028.81,1030.89,1032.26,1033.38,1034.61,1034.72,1035.06,1035.38,1035.42,1036.42,1037.99,1039.33,1041.88,1044.10,1041.46,1039.57,1040.14,1042.05,1043.89,1045.65,1047.24,1049.34,1051.25,1053.16,1055.60,1056.82,1055.22,1053.57,1053.57,1054.94,1056.36,1057.73,1058.89,1060.60,1062.44,1064.00,1064.69,1065.29,1065.76,1066.28,1066.54,1067.73,1070.07,1073.52
1444.26,1442.57,1437.83,1437.38,1430.97,1424.83,1414.72,1400.25,1387.58,1383.81,1396.43,1402.37,1404.62,1398.68,1386.94,1371.09,1354.24,1339.28,1329.07,1327.88,1333.76,1326.38,1312.27,1308.16,1317.81,1329.73,1335.89,1330.09,1320.96,1310.54,1304.58,1296.44,1280.84,1263.12,1237.07,1210.20,1188.98,1191.59,1207.47,1216.96,1229.60,1245.36,1255.53,1257.39,1257.20,1255.43,1250.59,1242.56,1233.23,1220.53,1207.41,1193.86,1175.73,1162.80,1155.95,1151.78,1150.98,1148.12,1140.25,1130.07,1115.06,1101.57,1084.57,1068.10,1055.78,1040.17,1024.77,1013.22,1008.70,1010.44,1011.28,1010.29,1006.57,1000.74,994.59,991.20,990.56,986.85,980.10,974.33,971.96,970.80,968.58,965.45,962.87,960.94,962.72,966.27,969.69,972.12,973.42,971.80,970.00,968.46,966.95,965.52,964.38,963.84,963.36,962.97,962.02,960.37,958.88,956.97,954.09,951.00,947.76,944.54,941.80,936.44,928.94,926.05,925.07,923.45,920.75,917.35,913.88,910.90,900.52,888.83,885.09,881.83,880.78,882.12,883.95,885.48,886.91,888.20,889.11,890.77,894.26,897.28,899.72,904.10,910.29,915.40,924.06,934.24,941.72,949.03,953.05,957.13,959.14,956.42,952.20,950.03,947.54,950.31,959.86,962.75,965.35,969.45,970.94,971.88,972.65,973.35,974.14,974.96,975.65,976.31,977.01,977.75,978.58,980.15,982.13,984.50,986.76,988.83,990.55,992.63,993.87,993.75,994.13,994.25,994.19,994.00,995.40,997.34,998.73,999.63,1001.26,1003.93,1006.61,1008.25,1008.06,1009.05,1007.95,1004.70,1001.37,1001.13,1003.42,1007.06,1009.57,1010.98,1012.11,1014.01,1016.18,1016.27,1015.76,1016.09,1016.92,1017.42,1017.14,1017.07,1018.04,1019.06,1019.89,1020.63,1022.08,1023.65,1025.32,1026.98,1028.54,1029.43,1030.01,1031.53,1032.72,1032.90,1033.24,1033.68,1034.88,1036.66,1038.47,1040.38,1042.55,1042.71,1040.88,1038.95,1039.19,1040.45,1041.97,1043.82,1045.60,1047.68,1049.61,1051.68,1054.60,1054.66,1052.28,1051.30,1052.28,1053.52,1054.86,1056.30,1058.24,1060.14,1062.02,1062.97,1063.35,1063.71,1064.14,1064.67,1066.10,1068.19,1070.43,1072.60
1452.92,1457.31,1455.12,1452.10,1446.17,1434.54,1418.97,1410.27,1400.65,1394.59,1407.62,1411.31,1409.02,1400.22,1387.64,1371.17,1355.51,1341.80,1336.51,1340.93,1339.68,1329.52,1315.93,1320.36,1330.49,1340.40,1339.22,1329.47,1319.64,1312.51,1298.68,1283.01,1272.08,1257.90,1233.07,1204.67,1194.31,1214.13,1230.98,1230.93,1242.65,1258.83,1262.94,1262.90,1259.74,1255.13,1250.43,1244.95,1240.50,1231.65,1219.69,1202.56,1183.91,1165.91,1152.81,1141.35,1138.56,1135.40,1130.83,1120.97,1106.86,1091.00,1070.93,1056.87,1044.97,1032.46,1019.30,1014.80,1018.11,1018.38,1016.67,1013.62,1009.39,1005.35,1003.81,1003.95,1003.13,996.09,985.09,978.79,978.53,976.40,972.88,968.91,965.84,963.11,962.98,966.46,969.82,972.00,973.54,973.08,971.81,969.10,967.49,966.21,966.15,966.12,965.66,964.92,963.48,962.06,960.71,958.16,954.23,950.48,947.42,944.30,941.57,937.14,931.86,930.25,928.44,925.37,922.39,919.03,915.99,912.30,906.37,896.38,890.16,885.82,882.72,882.10,883.14,884.48,885.91,887.05,887.88,888.72,889.78,891.66,894.44,897.72,902.85,908.72,914.04,924.58,931.93,940.56,949.95,947.98,944.03,938.38,936.45,940.99,949.37,956.98,961.00,962.95,965.68,968.50,970.25,971.14,971.87,972.61,973.34,974.11,974.82,975.59,976.40,977.31,978.35,979.99,982.25,984.71,987.11,989.42,991.33,992.02,991.26,991.06,991.84,992.13,992.27,993.83,996.16,998.20,999.79,1000.74,1002.07,1004.31,1006.68,1006.77,1006.29,1006.94,1004.61,1001.18,999.60,1001.14,1004.65,1008.56,1010.86,1012.23,1013.53,1014.62,1014.35,1013.35,1012.77,1013.36,1014.20,1015.05,1015.86,1016.36,1017.29,1018.22,1019.08,1020.03,1021.51,1023.03,1024.87,1026.53,1027.39,1027.68,1028.40,1029.88,1030.76,1031.17,1031.90,1033.38,1035.14,1036.97,1038.77,1040.77,1040.73,1040.36,1040.03,1038.05,1038.23,1039.99,1041.69,1043.23,1044.77,1046.42,1048.13,1050.56,1053.88,1052.41,1050.03,1049.84,1051.03,1052.43,1054.33,1056.59,1058.51,1059.76,1061.10,1061.73,1062.00,1062.26,1062.68,1063.73,1065.59,1067.48,1069.32,1070.30
1459.51,1464.76,1466.27,1464.69,1456.72,1438.79,1425.36,1421.12,1411.68,1404.04,1414.65,1416.44,1410.50,1397.89,1383.06,1367.89,1356.73,1350.38,1349.91,1352.64,1344.69,1330.82,1320.77,1331.14,1341.52,1345.73,1339.53,1330.08,1318.23,1305.94,1294.57,1277.71,1262.54,1246.80,1227.37,1202.95,1209.04,1233.76,1249.84,1246.36,1254.47,1265.58,1267.10,1264.58,1260.60,1256.48,1255.01,1254.66,1250.49,1240.57,1228.00,1212.06,1194.69,1177.22,1162.28,1143.49,1127.03,1122.13,1119.23,1110.68,1098.17,1077.53,1058.75,1044.26,1032.72,1025.12,1021.52,1024.06,1025.19,1022.93,1020.10,1017.84,1017.51,1020.15,1019.97,1018.44,1011.19,1000.09,988.45,985.00,984.48,980.81,976.84,972.50,968.52,965.39,963.25,965.85,969.48,972.21,973.39,975.91,974.72,970.15,968.28,967.77,968.38,968.38,967.69,966.48,965.05,963.43,961.50,958.62,954.23,950.06,947.10,944.27,941.44,938.10,935.31,933.95,930.94,927.58,925.03,920.56,917.70,912.95,908.49,905.01,901.55,894.80,886.71,884.01,882.75,883.48,884.86,885.84,886.69,887.65,888.67,889.39,890.43,892.80,896.25,900.34,906.46,914.67,922.80,931.75,937.00,930.51,924.87,925.84,934.43,949.97,959.77,961.61,962.94,964.19,965.57,967.04,969.02,970.38,971.21,972.12,973.09,974.02,975.02,976.11,977.12,978.00,978.69,979.58,981.77,985.06,987.68,989.56,990.39,989.77,988.98,988.66,989.60,990.38,991.74,994.27,996.80,999.18,1000.86,1001.87,1003.21,1004.94,1005.92,1005.10,1004.52,1004.82,1001.95,999.28,998.84,1000.67,1004.60,1007.93,1009.90,1011.38,1012.89,1013.19,1012.07,1010.73,1010.22,1011.14,1012.26,1013.38,1014.52,1015.54,1016.47,1017.39,1018.32,1019.30,1020.50,1022.46,1024.35,1025.24,1025.76,1026.02,1027.06,1028.05,1028.78,1030.26,1032.00,1033.75,1035.48,1037.22,1038.88,1040.23,1038.48,1037.91,1037.53,1036.43,1038.45,1040.93,1042.76,1044.29,1045.76,1047.21,1048.70,1050.72,1052.67,1050.18,1048.63,1049.09,1050.57,1052.76,1054.85,1056.59,1057.72,1058.71,1059.59,1060.54,1060.70,1060.93,1061.62,1062.84,1064.70,1066.63,1068.57,1069.74
1465.53,1471.67,1474.64,1471.48,1460.50,1444.98,1434.88,1427.73,1414.81,1411.45,1419.79,1418.47,1408.76,1394.59,1381.47,1372.57,1368.37,1365.14,1363.77,1358.49,1347.67,1333.85,1330.38,1340.62,1349.82,1348.88,1339.59,1328.45,1314.81,1296.38,1281.18,1269.71,1257.01,1242.15,1221.63,1206.86,1224.57,1247.79,1264.50,1265.83,1268.28,1274.06,1271.83,1266.54,1261.11,1257.35,1259.15,1260.09,1254.52,1245.21,1234.33,1221.08,1204.29,1187.21,1170.49,1153.84,1132.96,1114.07,1103.79,1094.60,1080.57,1060.62,1044.66,1035.13,1029.92,1031.19,1031.85,1032.47,1029.22,1026.46,1024.97,1025.08,1030.88,1036.66,1033.69,1024.67,1012.52,1000.12,992.04,992.37,989.04,985.29,982.24,977.79,971.80,967.34,964.57,964.78,967.39,969.69,972.53,977.55,979.68,976.88,974.08,971.45,971.53,970.98,969.21,967.78,966.20,963.99,961.80,959.09,955.14,951.40,948.24,945.28,942.49,940.27,939.43,937.22,934.05,931.92,930.26,926.00,920.72,916.45,913.44,910.26,906.02,901.21,891.37,887.14,884.67,883.09,883.78,884.79,885.85,886.92,887.88,888.53,889.05,889.68,891.34,895.71,901.38,906.25,912.63,918.62,920.19,917.04,921.16,931.68,946.24,959.40,962.29,963.66,965.04,966.37,967.79,968.98,969.44,970.92,972.17,973.27,974.19,975.06,976.05,977.04,977.90,978.76,979.61,980.70,983.07,985.74,987.42,987.93,987.76,987.15,986.66,986.78,988.09,989.68,991.95,994.46,997.00,999.54,1001.38,1002.80,1004.10,1004.58,1004.17,1003.25,1002.66,1002.86,1000.46,998.23,998.51,1000.38,1003.42,1005.54,1007.71,1010.12,1011.88,1011.43,1010.17,1009.25,1009.16,1010.38,1011.53,1012.70,1013.83,1014.81,1015.72,1016.67,1017.75,1019.00,1020.57,1022.32,1023.04,1023.51,1024.07,1024.41,1025.38,1026.48,1028.30,1030.05,1031.72,1033.25,1035.35,1037.17,1038.67,1038.55,1036.16,1035.10,1034.65,1035.73,1038.11,1040.24,1042.31,1044.10,1046.04,1048.09,1049.68,1051.43,1050.75,1048.57,1047.43,1049.03,1050.80,1052.54,1054.30,1055.57,1056.71,1057.71,1058.49,1059.09,1059.31,1059.70,1060.69,1061.91,1063.81,1065.76,1067.72,1069.39
1475.83,1481.10,1481.88,1475.51,1463.08,1450.85,1443.89,1429.40,1416.41,1420.24,1426.90,1421.84,1408.73,1396.63,1391.87,1387.55,1379.77,1376.02,1371.27,1363.60,1350.59,1336.86,1341.43,1349.30,1352.89,1349.20,1338.88,1326.67,1312.20,1293.20,1272.59,1257.37,1247.35,1235.43,1222.55,1213.07,1234.89,1260.15,1279.55,1285.09,1286.17,1286.54,1278.90,1268.38,1258.73,1252.95,1254.26,1256.02,1254.31,1248.33,1238.76,1225.63,1210.23,1192.99,1177.82,1163.07,1144.88,1124.14,1105.84,1086.38,1067.75,1048.16,1037.92,1037.68,1041.31,1041.61,1040.58,1037.64,1034.59,1032.86,1032.41,1035.56,1041.88,1047.13,1039.06,1025.01,1013.24,1002.49,1000.58,997.83,993.09,991.56,989.66,985.00,976.85,969.61,967.15,965.63,965.66,967.23,968.99,973.85,981.79,984.22,983.41,980.86,977.51,974.54,971.11,968.86,967.21,965.06,963.14,960.32,956.63,952.79,949.14,946.31,943.69,942.56,943.96,941.74,939.74,937.39,934.75,930.93,925.52,920.72,917.48,912.63,907.22,902.45,895.93,889.13,886.59,884.52,883.63,884.12,885.18,886.14,887.05,887.67,888.20,888.76,889.46,891.82,895.94,899.03,902.41,906.21,910.13,918.47,929.63,943.15,954.38,961.09,962.95,964.26,965.68,967.24,968.89,970.29,971.11,972.15,973.01,973.84,974.65,975.53,976.52,977.43,978.25,979.14,980.64,982.63,983.62,984.51,985.45,984.85,984.50,984.43,984.75,986.80,988.81,990.51,992.64,995.07,997.49,999.45,1000.83,1002.31,1003.43,1002.85,1002.25,1001.36,1000.80,1000.71,999.39,997.25,997.92,999.57,1001.23,1003.06,1005.88,1009.18,1010.80,1010.42,1008.96,1008.13,1008.24,1009.74,1010.87,1012.02,1013.13,1014.11,1015.04,1016.01,1017.16,1018.47,1019.75,1020.83,1021.18,1021.95,1022.33,1022.90,1024.01,1025.68,1027.41,1028.68,1029.78,1031.74,1035.04,1036.64,1036.46,1035.26,1033.42,1032.48,1032.99,1034.95,1037.09,1038.93,1040.49,1041.71,1044.51,1047.78,1049.82,1050.38,1048.85,1047.08,1046.32,1047.99,1049.95,1052.13,1052.82,1054.08,1055.49,1056.53,1056.92,1057.18,1057.46,1058.01,1059.52,1061.07,1063.03,1064.99,1066.98,1068.87
1489.06,1489.95,1486.99,1479.76,1467.41,1459.44,1448.13,1429.59,1419.90,1428.39,1434.28,1428.05,1417.88,1409.76,1406.93,1399.83,1389.64,1382.50,1375.16,1364.32,1348.05,1346.56,1353.79,1355.88,1353.94,1347.80,1338.64,1326.22,1309.25,1288.28,1272.92,1268.92,1261.09,1249.57,1234.90,1222.80,1243.07,1271.13,1294.68,1304.22,1303.53,1296.50,1282.99,1268.46,1255.11,1242.82,1241.60,1245.50,1249.38,1248.38,1239.66,1226.93,1210.71,1193.31,1179.13,1165.25,1148.93,1130.12,1109.45,1090.63,1071.33,1051.37,1041.00,1049.85,1051.66,1050.28,1051.83,1048.30,1046.65,1047.26,1045.15,1045.16,1052.18,1053.31,1040.39,1025.36,1015.92,1009.50,1007.04,1000.99,998.88,998.79,997.52,992.59,984.57,977.21,972.05,968.88,967.43,966.70,967.42,969.09,976.16,984.96,988.63,985.83,981.51,977.53,973.70,970.40,968.40,966.78,964.57,961.61,957.91,953.64,950.03,947.88,944.99,946.25,948.94,947.15,944.16,941.25,938.73,934.22,928.86,924.49,920.83,915.21,908.75,903.12,897.00,891.30,888.25,886.19,885.13,884.48,884.54,885.38,886.25,886.83,887.44,888.14,888.88,889.65,892.42,895.48,897.58,899.58,906.59,922.18,934.30,946.33,956.67,961.07,961.49,962.54,964.27,966.16,968.39,970.35,970.99,970.81,971.05,971.90,972.90,974.03,975.25,976.50,977.80,979.41,980.86,981.26,980.76,982.55,982.75,981.53,981.46,982.45,985.08,987.72,990.06,991.91,993.72,995.88,998.05,999.15,1000.05,1001.50,1002.48,1001.61,1000.47,999.66,998.97,998.65,997.71,996.25,997.37,998.72,999.55,1001.67,1005.59,1008.78,1008.79,1008.63,1007.25,1006.35,1006.89,1008.69,1010.32,1011.40,1012.52,1013.49,1014.42,1015.37,1016.41,1017.70,1018.66,1019.04,1019.55,1020.34,1020.68,1021.78,1023.23,1024.77,1026.26,1027.51,1028.97,1031.45,1034.56,1034.23,1033.19,1031.80,1030.63,1030.89,1032.27,1033.92,1035.94,1037.50,1038.76,1039.79,1042.88,1046.82,1048.55,1047.36,1045.93,1044.60,1045.56,1047.74,1050.21,1050.68,1051.29,1052.98,1054.41,1054.62,1054.93,1055.18,1055.88,1057.57,1059.41,1061.42,1063.62,1065.68,1067.76,1068.68
1499.52,1498.31,1493.16,1485.50,1476.24,1464.96,1449.71,1433.20,1429.44,1435.80,1445.53,1444.38,1439.45,1431.82,1423.28,1410.65,1396.86,1385.37,1375.74,1363.44,1352.68,1359.62,1363.27,1359.69,1356.53,1350.57,1338.89,1324.93,1309.90,1294.08,1287.70,1288.93,1279.07,1265.56,1249.82,1233.30,1240.18,1269.00,1295.27,1314.50,1315.20,1298.09,1286.50,1270.66,1255.57,1237.69,1228.28,1230.98,1237.30,1238.77,1233.51,1222.51,1206.98,1190.04,1173.14,1158.67,1142.93,1124.56,1105.50,1088.43,1071.69,1054.87,1046.88,1057.19,1060.25,1060.72,1063.60,1061.38,1063.01,1063.86,1060.14,1057.82,1063.35,1055.86,1042.96,1028.43,1019.71,1015.29,1010.90,1006.69,1008.00,1009.53,1005.20,998.02,995.48,992.14,986.29,978.16,971.65,968.63,968.11,968.75,969.96,978.28,987.93,988.54,984.33,980.50,976.93,973.27,970.65,968.69,966.11,963.01,959.67,955.81,952.76,949.65,946.65,948.52,952.20,950.43,947.25,944.23,941.42,936.64,931.17,926.78,922.69,917.49,911.31,904.61,898.86,894.03,889.48,887.69,887.49,886.63,885.50,885.03,885.47,886.14,886.85,887.60,888.34,889.19,890.50,892.64,894.83,897.05,906.96,921.60,931.97,942.23,951.80,958.18,959.08,961.06,963.47,966.04,968.58,970.05,969.59,968.74,969.06,970.20,971.39,972.56,974.22,975.98,977.52,979.49,980.19,979.81,978.74,980.55,980.27,979.41,980.08,982.08,985.31,988.65,991.40,993.37,995.10,996.65,997.65,998.24,998.87,1000.50,1001.18,1000.03,998.79,998.10,997.50,996.91,995.89,995.34,996.95,998.54,999.34,1001.61,1005.87,1006.51,1004.73,1003.97,1003.73,1004.25,1005.89,1007.75,1009.54,1010.87,1011.93,1012.89,1013.82,1014.74,1015.71,1016.83,1017.30,1017.55,1018.20,1018.75,1019.75,1021.27,1022.75,1024.28,1025.87,1027.48,1029.11,1031.62,1032.79,1030.85,1030.09,1029.06,1029.01,1030.50,1031.93,1033.40,1034.94,1036.32,1037.80,1039.57,1042.61,1045.36,1045.49,1042.88,1042.08,1042.97,1045.05,1047.23,1048.87,1049.27,1051.09,1052.58,1052.57,1052.47,1052.85,1053.56,1055.22,1057.13,1059.05,1061.26,1063.82,1066.63,1068.48,1067.51
1506.84,1504.76,1500.71,1492.50,1482.56,1467.93,1450.20,1439.58,1443.69,1450.72,1458.14,1460.98,1458.55,1451.05,1436.52,1420.48,1403.05,1387.34,1376.59,1372.16,1370.58,1372.80,1370.49,1365.49,1361.77,1352.54,1338.14,1325.13,1318.14,1305.71,1307.36,1305.31,1294.39,1279.77,1264.56,1251.26,1241.42,1256.46,1282.69,1307.50,1316.04,1298.30,1286.69,1272.43,1260.29,1246.55,1227.85,1217.76,1219.58,1221.38,1219.17,1212.82,1201.27,1183.78,1168.52,1151.09,1134.88,1118.19,1098.79,1086.03,1073.80,1058.95,1052.70,1066.12,1075.03,1077.44,1079.12,1078.50,1082.03,1079.62,1072.68,1071.73,1071.85,1061.25,1053.08,1042.03,1029.46,1020.28,1015.46,1015.09,1018.60,1019.81,1012.01,1010.14,1012.46,1008.36,1000.85,993.05,983.94,975.16,972.49,973.81,972.55,971.82,980.82,987.41,985.71,982.81,979.92,976.37,973.55,970.83,967.76,964.55,961.33,958.28,955.10,951.30,948.71,948.63,950.84,951.10,948.76,945.52,942.04,938.00,933.01,928.26,923.45,917.85,912.38,906.81,901.73,896.32,890.56,889.29,889.80,888.56,887.13,886.28,885.61,885.77,886.39,887.07,887.82,888.68,889.74,890.77,893.04,897.34,904.88,918.89,928.26,937.14,946.41,953.33,958.23,961.24,963.73,966.22,967.83,968.16,967.67,967.10,967.38,968.52,969.91,971.16,973.05,975.23,976.95,977.78,977.99,977.85,977.00,978.27,978.39,978.40,979.48,982.21,986.56,989.74,992.64,994.51,995.46,996.03,996.55,996.83,997.79,999.84,999.71,998.05,997.04,996.44,995.89,995.39,994.81,994.65,997.14,999.21,1000.06,1003.21,1005.38,1002.61,1000.70,1000.07,1001.68,1004.40,1006.12,1007.77,1009.28,1010.32,1011.34,1012.17,1013.12,1014.05,1015.00,1015.68,1015.75,1016.14,1016.75,1017.99,1019.74,1021.37,1022.93,1024.52,1026.12,1027.63,1029.17,1031.31,1031.05,1028.72,1027.50,1027.15,1028.64,1030.81,1032.38,1033.93,1035.52,1037.09,1038.73,1040.81,1042.17,1042.01,1042.15,1039.80,1040.46,1042.71,1044.86,1046.14,1046.67,1048.56,1050.10,1051.14,1050.59,1050.53,1051.30,1052.38,1053.98,1055.83,1057.66,1059.44,1062.15,1065.62,1066.29,1065.97
1513.43,1510.33,1505.79,1497.90,1485.45,1468.23,1453.41,1453.31,1455.95,1465.97,1474.71,1478.02,1472.62,1461.21,1447.18,1427.65,1409.32,1391.33,1385.18,1387.21,1384.64,1382.98,1377.55,1370.97,1363.82,1353.45,1345.26,1342.51,1330.67,1321.15,1321.62,1317.00,1305.41,1294.24,1281.87,1270.41,1257.28,1251.55,1273.39,1299.40,1315.76,1304.27,1291.01,1279.93,1269.12,1255.60,1233.64,1213.75,1202.74,1200.53,1202.01,1201.37,1191.19,1177.65,1162.53,1145.36,1125.68,1109.45,1094.70,1084.55,1073.94,1060.45,1061.97,1076.48,1089.84,1092.92,1093.27,1094.51,1096.75,1093.75,1086.74,1083.55,1080.70,1072.59,1063.88,1052.59,1038.02,1025.90,1026.21,1029.88,1030.88,1026.41,1020.77,1026.72,1030.07,1026.04,1016.16,1004.34,996.35,994.06,988.85,982.96,978.33,973.91,975.63,982.99,986.80,985.32,982.29,978.83,975.74,972.66,969.18,965.90,962.88,960.71,957.93,954.19,950.67,949.44,950.69,951.25,949.30,945.90,942.35,938.53,934.17,929.71,924.19,917.84,911.40,906.03,901.30,895.38,892.81,892.21,892.38,890.25,888.56,887.56,886.77,886.40,886.40,886.67,887.26,888.17,889.18,889.93,893.13,897.74,903.88,914.89,924.53,932.74,944.38,953.66,960.21,962.08,964.12,965.22,965.43,965.59,965.20,965.35,966.27,967.59,968.83,970.28,972.31,974.27,974.85,975.26,975.37,975.36,975.19,976.18,977.25,978.86,981.30,986.19,990.39,991.61,993.02,993.58,994.40,994.92,994.99,994.90,996.63,998.37,997.83,996.20,995.36,994.88,994.40,993.96,993.57,995.01,998.25,1000.84,1003.04,1004.06,1001.64,998.88,998.59,999.67,1002.00,1005.00,1006.71,1008.21,1009.02,1009.76,1010.73,1011.16,1012.05,1013.01,1013.98,1014.10,1014.24,1014.88,1016.23,1017.90,1019.32,1020.91,1022.82,1024.78,1026.61,1028.33,1029.93,1031.00,1030.14,1027.95,1025.82,1026.23,1028.31,1030.29,1031.90,1033.49,1035.87,1037.54,1039.01,1040.01,1039.11,1039.06,1039.30,1038.53,1040.28,1042.38,1043.29,1043.83,1045.69,1048.12,1049.05,1049.61,1049.44,1049.04,1050.08,1051.29,1052.80,1054.58,1056.57,1058.56,1061.44,1063.48,1061.05,1062.77
1519.89,1517.04,1511.15,1501.37,1487.12,1471.40,1467.05,1469.39,1467.92,1475.05,1485.00,1489.44,1481.88,1468.35,1453.27,1433.51,1414.35,1398.65,1400.70,1401.18,1397.76,1391.92,1384.42,1378.55,1371.97,1361.73,1356.35,1356.00,1345.15,1338.19,1333.13,1326.19,1316.51,1310.36,1301.62,1290.81,1271.44,1257.24,1268.72,1290.05,1308.88,1307.98,1297.45,1286.17,1274.63,1259.64,1240.17,1217.97,1199.28,1189.37,1188.68,1187.68,1180.41,1168.41,1152.79,1137.84,1118.11,1104.42,1093.05,1082.19,1071.31,1063.66,1072.62,1090.44,1103.68,1107.46,1109.06,1110.48,1111.09,1106.20,1100.74,1093.73,1085.82,1076.79,1064.76,1051.87,1039.42,1035.85,1042.65,1048.38,1044.57,1033.74,1033.46,1040.48,1045.98,1042.19,1032.47,1017.89,1009.75,1010.89,1003.06,991.29,982.71,978.34,975.61,979.99,988.03,987.92,984.40,980.93,977.96,974.53,970.09,967.13,964.44,962.08,959.19,955.33,952.56,950.77,951.17,951.13,949.43,946.21,942.71,939.33,935.25,930.93,924.66,917.80,911.09,903.71,898.26,896.77,896.62,895.85,894.21,891.72,889.82,888.75,888.00,887.50,887.39,887.27,887.23,887.68,888.49,889.37,891.25,894.79,901.22,909.14,919.19,929.04,942.90,953.45,959.92,962.04,962.80,962.79,962.89,963.14,963.75,965.10,966.63,968.18,969.52,970.96,971.93,972.08,972.10,972.82,973.09,973.65,975.37,977.03,978.53,980.63,984.41,988.78,990.99,991.68,991.19,991.47,993.16,993.58,992.89,993.49,995.43,996.18,995.13,994.19,993.82,993.40,992.94,992.52,992.93,996.81,1000.37,1002.58,1001.56,999.79,997.59,997.06,998.71,1000.55,1002.80,1005.61,1007.16,1008.17,1008.63,1009.06,1010.06,1010.34,1010.96,1012.11,1012.56,1012.47,1012.97,1014.02,1015.52,1016.99,1018.34,1020.20,1022.20,1024.09,1026.13,1028.20,1029.87,1029.25,1028.24,1025.78,1024.12,1025.47,1027.46,1029.05,1030.70,1032.71,1036.09,1037.93,1038.67,1037.76,1037.10,1036.92,1037.17,1037.16,1038.62,1040.14,1041.12,1042.88,1045.47,1047.38,1047.78,1047.96,1047.81,1047.73,1048.95,1050.35,1052.50,1055.11,1057.64,1059.96,1061.79,1061.77,1059.38,1059.07
1526.61,1523.85,1517.37,1504.33,1489.76,1480.79,1482.62,1484.61,1483.18,1488.80,1493.95,1495.80,1487.53,1473.38,1457.62,1437.73,1420.77,1410.72,1417.65,1415.86,1409.01,1402.49,1394.51,1386.05,1377.27,1368.48,1363.39,1362.60,1356.30,1350.96,1343.56,1335.70,1329.74,1324.64,1318.55,1305.13,1284.48,1266.03,1266.62,1284.69,1301.99,1302.58,1294.40,1284.91,1275.68,1262.80,1246.19,1225.54,1207.90,1192.42,1179.61,1172.49,1169.33,1160.58,1143.41,1127.18,1114.52,1103.40,1090.37,1077.56,1069.91,1074.10,1089.80,1105.58,1114.53,1117.38,1120.49,1122.87,1121.80,1116.84,1108.35,1095.10,1082.55,1070.87,1060.08,1050.20,1046.46,1050.76,1057.00,1063.09,1055.78,1042.44,1045.23,1053.67,1059.63,1054.38,1044.55,1030.58,1025.83,1025.34,1015.03,1001.72,989.35,984.36,980.33,977.87,984.49,989.42,986.54,983.40,980.38,976.02,970.72,967.75,965.31,962.77,960.05,957.69,955.41,952.72,952.23,951.18,949.13,946.09,942.85,939.66,935.45,931.05,924.64,917.67,911.38,902.50,899.76,900.61,899.63,897.98,895.76,893.41,891.43,889.83,888.94,888.62,888.32,888.10,887.96,887.89,888.12,888.94,889.54,890.58,896.31,904.15,911.93,922.59,935.33,947.35,956.15,960.46,960.65,960.35,961.23,962.60,964.13,965.66,967.21,968.68,969.85,969.94,970.08,969.75,969.90,970.92,972.38,974.65,977.02,979.04,981.00,983.51,986.81,989.45,990.49,990.16,989.29,989.51,991.41,991.70,990.78,992.00,993.98,993.82,992.71,991.86,991.80,991.68,991.47,991.36,992.81,997.59,1001.42,1000.33,997.52,995.80,995.49,996.75,998.59,1000.46,1003.41,1006.16,1007.62,1008.95,1009.11,1008.79,1009.09,1009.19,1009.94,1011.12,1010.87,1011.13,1012.05,1013.28,1014.67,1016.14,1017.73,1019.23,1020.46,1022.62,1024.35,1026.15,1027.41,1026.38,1024.67,1022.87,1023.00,1024.66,1026.35,1027.77,1029.60,1032.52,1036.24,1038.00,1035.91,1035.26,1035.24,1035.21,1035.40,1036.50,1037.80,1038.93,1040.76,1043.74,1045.21,1045.86,1045.95,1046.04,1046.11,1047.44,1049.26,1051.28,1053.59,1056.12,1058.62,1060.51,1060.41,1060.00,1057.96,1057.33
1533.10,1530.13,1523.98,1509.82,1497.26,1492.98,1499.07,1502.42,1500.99,1505.46,1509.61,1506.19,1495.65,1481.59,1464.65,1443.71,1427.81,1426.26,1433.60,1429.91,1421.49,1413.80,1404.60,1391.35,1379.35,1372.78,1372.05,1368.92,1364.25,1359.70,1353.63,1348.50,1342.59,1338.33,1329.45,1313.09,1297.17,1277.18,1271.52,1290.31,1304.91,1298.06,1286.77,1278.48,1267.29,1258.32,1247.97,1232.06,1214.95,1199.71,1185.65,1168.48,1154.61,1149.00,1136.25,1123.24,1112.50,1100.79,1085.23,1076.28,1080.11,1092.90,1106.50,1119.99,1126.27,1128.08,1131.76,1132.77,1126.13,1116.32,1103.88,1092.24,1084.08,1077.42,1066.50,1053.70,1058.11,1065.53,1073.69,1075.87,1064.49,1054.38,1060.99,1066.59,1070.60,1066.71,1054.56,1042.93,1040.07,1033.42,1020.76,1006.88,996.15,989.60,985.04,980.69,979.72,987.14,988.16,985.08,981.98,977.67,972.51,969.30,966.86,964.38,962.12,960.27,957.53,954.70,953.21,951.13,948.26,945.08,941.70,938.26,934.39,930.46,924.86,917.35,907.95,903.07,903.42,903.55,901.59,899.47,897.27,895.13,893.28,891.37,890.37,890.09,889.41,888.94,888.83,888.73,888.53,888.64,889.23,889.67,891.74,899.82,906.60,914.90,924.46,935.33,946.97,954.06,955.97,959.99,961.62,963.17,964.66,965.84,966.71,967.38,967.79,967.38,967.34,967.86,969.10,971.14,973.45,975.87,978.27,980.58,982.96,985.12,987.09,988.79,989.17,988.23,987.62,989.00,990.39,989.66,989.19,990.66,992.28,991.50,990.40,989.44,989.94,990.22,990.33,990.71,994.33,999.02,1000.50,996.95,994.10,994.17,995.48,996.83,998.12,999.52,1002.43,1006.59,1009.21,1010.88,1011.71,1010.98,1010.37,1009.28,1008.94,1009.81,1009.68,1010.23,1011.25,1012.56,1014.01,1015.32,1016.57,1017.87,1019.01,1019.94,1021.13,1022.78,1023.78,1023.62,1021.86,1021.03,1022.47,1024.36,1026.41,1028.47,1030.56,1033.39,1036.50,1035.70,1032.50,1032.93,1033.46,1033.71,1035.31,1037.72,1039.24,1040.17,1042.53,1043.08,1043.17,1044.11,1044.16,1044.29,1045.52,1047.25,1048.84,1050.29,1052.23,1055.15,1058.39,1059.56,1058.45,1057.64,1056.01,1055.87
1540.36,1538.79,1531.15,1514.94,1504.55,1507.74,1515.38,1520.72,1523.20,1525.77,1526.15,1519.09,1505.57,1489.15,1469.89,1448.58,1436.12,1442.68,1450.85,1446.70,1435.68,1424.28,1412.75,1395.48,1381.63,1376.98,1380.47,1377.22,1371.86,1366.11,1360.10,1354.78,1348.93,1339.95,1327.10,1310.47,1295.59,1278.16,1281.96,1299.62,1311.24,1300.44,1282.54,1268.66,1254.93,1244.65,1240.31,1233.00,1219.71,1206.06,1189.98,1172.29,1149.77,1135.69,1126.84,1117.36,1107.92,1095.28,1081.64,1088.77,1099.91,1109.94,1123.76,1135.95,1139.45,1142.85,1146.33,1139.94,1125.99,1116.07,1109.84,1108.45,1102.92,1091.13,1076.21,1062.56,1068.41,1077.18,1084.02,1083.62,1072.20,1070.80,1077.13,1080.40,1079.30,1074.70,1067.25,1062.03,1054.25,1038.78,1024.22,1010.45,998.93,993.51,988.40,984.11,980.70,984.74,988.89,986.54,983.27,979.08,975.13,971.19,968.28,966.07,963.69,961.12,958.55,956.07,953.66,951.25,948.76,945.67,942.00,938.43,934.23,930.39,923.76,912.57,906.94,907.22,907.28,905.27,902.91,900.79,898.70,897.03,895.60,893.89,892.99,891.93,890.38,889.79,889.80,889.57,889.20,889.24,889.27,889.57,891.24,897.03,903.33,910.89,917.14,924.55,932.89,940.87,953.30,960.65,962.03,963.01,963.53,963.97,964.28,964.79,965.05,964.82,965.68,967.61,969.58,971.52,973.46,975.60,977.63,979.65,981.91,984.32,986.47,987.42,987.51,986.45,986.60,988.23,989.00,988.25,988.11,989.36,990.31,989.55,988.59,987.47,988.36,988.84,989.32,992.31,997.06,997.98,995.51,992.58,993.14,994.75,996.12,997.48,998.70,999.77,1002.33,1006.45,1009.03,1009.93,1010.36,1009.16,1009.01,1008.83,1008.13,1008.81,1008.80,1009.35,1010.49,1012.00,1013.47,1014.84,1015.95,1016.88,1017.74,1018.48,1019.03,1019.65,1020.38,1020.67,1019.78,1020.68,1023.27,1025.80,1028.22,1030.28,1032.45,1035.01,1036.20,1032.21,1030.32,1031.37,1031.99,1033.86,1036.52,1038.99,1040.65,1041.80,1041.33,1040.06,1041.34,1042.36,1042.49,1043.14,1044.58,1046.16,1047.45,1048.51,1050.01,1053.77,1057.13,1057.18,1056.33,1055.13,1054.11,1054.49
1547.85,1546.22,1538.46,1522.63,1516.14,1522.25,1531.59,1539.10,1543.90,1543.90,1538.82,1528.86,1513.66,1493.18,1474.62,1458.89,1448.88,1455.68,1463.86,1461.63,1449.37,1432.51,1418.52,1404.53,1387.98,1381.87,1386.18,1387.21,1377.94,1370.02,1363.41,1356.72,1348.15,1335.24,1320.10,1301.33,1288.70,1290.29,1304.55,1315.52,1315.27,1301.49,1284.71,1269.39,1251.38,1234.92,1226.93,1223.92,1214.73,1203.72,1187.72,1169.69,1151.01,1134.60,1123.93,1113.27,1102.24,1089.89,1090.21,1105.90,1119.73,1131.49,1144.26,1156.14,1159.89,1162.28,1160.02,1147.26,1138.26,1133.85,1129.88,1126.54,1116.78,1101.24,1083.41,1074.43,1082.68,1087.34,1091.99,1092.19,1085.24,1086.69,1091.74,1092.87,1089.11,1082.54,1076.30,1071.50,1062.87,1041.94,1026.55,1013.16,1002.80,997.53,992.17,988.03,984.69,984.38,988.22,987.98,984.82,981.77,977.89,973.61,969.72,967.52,964.76,961.99,959.45,956.85,954.48,952.26,950.65,947.66,942.96,938.16,933.89,929.47,921.70,910.05,911.12,911.50,909.15,906.50,904.27,902.33,900.57,898.99,897.54,896.01,894.35,892.64,891.71,891.63,891.71,890.81,889.75,890.28,890.31,889.69,891.65,895.63,899.74,906.07,911.56,916.47,923.92,934.46,949.11,959.45,961.31,961.44,961.25,961.64,961.83,962.17,962.45,963.73,966.09,968.63,970.80,972.50,974.26,976.38,978.59,980.36,981.89,984.01,985.31,985.81,985.85,984.92,985.58,986.58,987.27,986.80,987.33,988.54,988.76,988.16,987.23,986.00,987.13,988.60,990.56,994.83,993.71,990.34,990.09,991.39,993.65,995.37,996.88,998.19,999.54,1001.39,1003.94,1006.33,1006.37,1006.69,1007.58,1007.24,1007.50,1008.05,1007.45,1007.86,1008.00,1009.07,1010.27,1011.77,1013.03,1014.10,1015.02,1015.82,1016.63,1017.09,1017.08,1017.53,1018.13,1018.39,1018.38,1019.47,1022.23,1026.69,1029.39,1031.88,1033.28,1034.24,1034.46,1031.10,1029.53,1030.15,1032.05,1035.08,1038.00,1040.09,1041.01,1040.85,1039.31,1038.02,1039.32,1040.70,1041.29,1042.19,1043.48,1044.93,1046.23,1048.06,1050.70,1054.41,1053.54,1053.31,1053.75,1052.94,1052.50,1053.45
1554.27,1552.59,1544.45,1534.10,1531.33,1535.79,1545.75,1552.76,1557.26,1556.62,1548.99,1537.09,1520.88,1502.35,1489.99,1475.13,1460.15,1466.05,1471.95,1469.62,1459.09,1442.82,1427.26,1413.67,1395.23,1386.16,1387.88,1389.27,1380.89,1370.51,1362.98,1354.02,1340.10,1324.33,1308.88,1299.87,1307.49,1315.67,1326.10,1326.43,1320.37,1307.69,1291.84,1274.99,1258.85,1240.02,1221.21,1210.03,1197.76,1186.79,1173.06,1157.97,1143.02,1128.89,1119.58,1108.61,1097.32,1091.18,1103.91,1122.81,1141.07,1156.74,1167.79,1178.70,1181.53,1177.33,1168.77,1156.38,1151.46,1150.89,1149.10,1142.88,1129.96,1110.73,1091.68,1084.37,1095.39,1098.97,1102.72,1103.97,1099.38,1100.36,1104.53,1104.00,1097.68,1089.88,1081.04,1072.87,1062.48,1042.24,1028.21,1015.91,1007.67,1002.20,996.76,992.55,988.96,986.30,988.05,990.08,988.67,985.55,981.42,976.82,972.39,969.03,966.03,962.71,959.75,957.68,955.36,953.47,951.71,948.98,942.92,937.10,932.25,926.63,920.15,913.30,915.08,913.38,910.21,908.04,906.17,904.30,902.53,900.63,898.58,896.54,895.00,894.08,893.56,893.72,893.85,892.59,891.33,892.06,891.75,890.53,891.17,893.99,897.19,901.58,906.58,912.16,921.85,933.78,944.53,953.18,959.15,958.93,957.15,958.84,959.41,959.96,961.72,964.14,966.66,969.13,971.42,973.51,975.41,977.20,979.03,981.02,982.31,983.19,983.65,983.98,984.19,983.48,983.93,984.67,985.43,985.54,986.65,987.53,987.14,986.56,985.95,985.16,987.93,990.47,993.10,993.03,989.59,988.74,989.72,991.65,994.05,995.95,997.53,999.01,1000.48,1002.69,1004.20,1003.81,1003.17,1003.73,1004.87,1005.51,1006.07,1006.76,1006.86,1006.91,1007.35,1008.70,1010.10,1011.25,1012.27,1013.24,1013.98,1014.75,1015.17,1015.07,1015.00,1015.49,1016.11,1016.71,1018.19,1020.13,1023.21,1027.15,1029.85,1030.94,1030.82,1031.34,1032.60,1030.63,1029.05,1030.05,1032.37,1034.80,1037.30,1039.47,1040.04,1039.28,1037.11,1036.28,1037.71,1039.30,1040.24,1041.25,1042.72,1044.68,1047.02,1049.20,1052.05,1052.89,1049.93,1049.92,1051.12,1050.89,1051.37,1052.51
1561.59,1560.57,1554.63,1548.17,1547.17,1546.38,1553.10,1560.35,1566.53,1568.12,1560.12,1548.07,1534.19,1518.74,1503.70,1485.96,1476.19,1478.88,1479.35,1475.79,1466.41,1450.63,1433.23,1417.69,1401.21,1391.79,1389.55,1386.08,1380.35,1374.82,1369.41,1360.94,1349.12,1327.88,1308.65,1319.73,1334.12,1337.69,1334.57,1325.76,1318.57,1306.75,1291.58,1278.17,1263.96,1245.41,1224.73,1209.45,1190.17,1170.67,1155.28,1140.60,1128.71,1117.53,1109.90,1104.31,1100.59,1102.79,1119.85,1140.63,1160.98,1175.89,1187.96,1195.48,1197.19,1188.29,1172.47,1164.69,1167.00,1169.46,1165.33,1155.76,1138.57,1116.67,1097.07,1095.89,1110.03,1113.64,1114.88,1116.76,1113.46,1113.42,1114.59,1112.69,1104.84,1092.51,1080.80,1069.35,1057.62,1041.57,1030.64,1020.51,1012.66,1006.34,1000.04,996.05,992.37,989.25,991.57,995.60,993.56,989.20,983.93,978.67,974.50,970.48,966.54,962.54,959.52,958.07,956.29,954.45,952.56,950.20,944.56,937.73,931.61,923.04,917.74,918.49,917.94,914.98,912.25,909.95,908.08,906.13,904.00,901.49,898.85,897.38,896.74,895.91,895.49,895.93,895.96,895.04,893.98,893.95,893.08,892.37,891.78,891.92,894.18,898.01,902.93,908.14,916.95,927.97,936.78,942.49,948.44,948.98,951.96,955.28,957.18,959.53,962.07,964.73,967.58,970.13,972.09,974.13,976.19,978.15,979.91,980.79,980.72,981.34,981.45,981.95,982.53,982.20,982.71,983.20,983.74,984.56,985.92,986.17,985.78,985.46,984.99,984.59,988.70,991.59,991.69,989.64,987.77,988.94,990.88,992.85,994.63,996.50,998.07,999.61,1001.16,1002.13,1001.65,1000.88,1000.34,1001.22,1002.57,1003.78,1004.61,1005.35,1005.95,1006.02,1006.84,1008.20,1009.51,1010.70,1011.73,1012.53,1012.90,1013.64,1013.39,1012.95,1012.94,1013.49,1014.34,1016.62,1018.57,1020.93,1024.66,1027.84,1028.95,1028.13,1027.80,1029.12,1031.00,1029.82,1028.34,1028.81,1030.20,1032.41,1035.26,1037.97,1038.02,1036.45,1034.71,1034.91,1036.21,1037.66,1039.05,1041.31,1043.59,1046.01,1048.40,1050.53,1052.11,1050.88,1048.50,1048.02,1048.84,1049.14,1050.39,1051.16
1572.63,1571.54,1566.49,1561.68,1559.37,1556.99,1559.51,1566.09,1574.10,1578.84,1571.61,1559.76,1547.61,1529.40,1512.24,1497.40,1493.24,1492.72,1487.79,1478.72,1465.99,1448.58,1433.55,1419.88,1410.12,1399.74,1393.14,1387.92,1384.14,1382.40,1378.03,1371.14,1357.41,1335.18,1317.91,1340.38,1353.86,1353.59,1339.65,1322.77,1310.38,1295.03,1281.75,1271.34,1261.41,1247.02,1223.27,1202.83,1185.98,1163.43,1144.64,1129.47,1122.50,1121.74,1119.96,1117.82,1114.85,1116.58,1133.37,1154.34,1170.37,1184.90,1195.39,1203.15,1204.67,1194.51,1180.47,1180.69,1184.14,1183.35,1175.01,1161.66,1142.88,1117.86,1101.81,1108.13,1121.78,1126.32,1126.56,1128.64,1127.66,1124.73,1121.80,1116.58,1108.21,1095.79,1083.50,1069.04,1056.59,1044.91,1034.65,1026.84,1017.95,1010.56,1004.16,999.63,995.38,995.41,999.27,1000.25,997.08,991.89,986.36,980.71,976.18,971.38,966.80,962.53,958.62,956.62,955.26,954.62,953.36,951.21,947.20,939.12,931.54,921.03,921.15,922.01,919.48,916.55,913.73,911.30,909.63,907.48,905.25,902.91,900.60,899.35,898.63,897.70,897.39,898.18,897.82,897.04,896.21,895.42,894.59,893.76,892.92,892.32,892.43,895.04,899.94,905.11,911.17,920.29,928.16,932.42,941.22,949.32,953.97,956.01,957.91,960.13,962.80,965.51,968.32,970.85,972.82,974.81,976.65,978.04,979.12,979.59,978.89,979.53,979.23,980.38,980.92,981.10,981.68,982.16,982.64,983.87,984.92,984.90,984.79,984.47,984.05,983.88,987.62,990.45,989.44,987.16,987.17,989.74,991.36,992.61,994.24,996.15,997.71,999.16,999.96,999.98,999.76,999.54,999.46,999.93,1000.95,1002.13,1003.05,1003.82,1004.58,1005.22,1006.37,1007.76,1009.07,1010.18,1011.11,1011.64,1011.80,1012.55,1012.20,1011.04,1010.93,1011.83,1014.91,1018.02,1019.99,1022.53,1025.87,1026.50,1025.51,1024.98,1025.64,1027.82,1029.44,1028.66,1027.50,1027.73,1029.28,1031.79,1034.94,1036.55,1034.80,1033.13,1032.72,1033.69,1034.82,1036.26,1038.07,1040.36,1043.63,1046.57,1048.79,1050.19,1050.41,1049.01,1046.79,1046.51,1047.18,1048.12,1049.33,1049.87
1579.73,1578.41,1575.86,1573.49,1570.96,1568.43,1567.58,1570.88,1576.26,1578.12,1575.39,1567.43,1555.82,1541.62,1525.50,1511.53,1504.47,1498.55,1489.20,1476.28,1462.73,1450.07,1438.99,1428.85,1420.01,1406.78,1397.53,1392.91,1390.41,1390.18,1387.52,1378.39,1364.46,1343.42,1329.52,1353.65,1367.60,1364.97,1350.01,1331.80,1314.78,1295.60,1275.89,1260.00,1248.54,1235.49,1216.20,1191.48,1173.50,1153.81,1137.01,1128.80,1131.31,1134.03,1135.38,1136.30,1135.43,1131.53,1138.79,1158.41,1173.33,1186.74,1197.78,1207.70,1210.99,1202.67,1198.91,1200.11,1197.11,1186.83,1175.60,1163.11,1144.07,1121.22,1113.81,1121.70,1131.93,1138.17,1138.84,1139.31,1139.64,1136.67,1130.08,1121.54,1112.97,1101.45,1090.34,1077.07,1063.37,1051.14,1038.43,1031.96,1023.42,1014.76,1008.44,1003.34,999.15,1000.62,1002.15,1001.11,998.04,993.58,988.44,982.83,977.55,972.05,967.28,962.66,958.06,954.41,952.67,952.33,952.61,951.30,947.21,938.72,929.96,923.07,924.31,923.49,920.38,917.59,914.82,912.49,911.09,909.66,908.22,906.00,903.42,901.33,900.31,899.62,899.33,900.12,899.58,898.51,897.36,896.40,895.55,894.70,893.95,893.42,893.07,894.06,898.12,902.83,908.26,915.40,923.54,933.95,946.56,953.77,958.32,959.23,960.46,962.57,964.46,966.94,969.16,971.22,973.29,974.57,975.10,976.11,977.16,978.01,977.22,977.34,977.31,979.01,979.11,979.98,980.64,981.09,981.69,983.26,983.46,983.09,983.31,983.42,983.17,984.38,986.60,987.76,986.68,985.30,987.11,989.23,989.73,991.13,993.28,995.35,996.91,998.18,998.57,999.09,999.10,998.97,999.09,999.19,999.62,1000.48,1001.46,1002.28,1003.32,1004.62,1006.00,1007.21,1008.35,1009.50,1010.45,1010.65,1010.75,1011.47,1011.32,1010.06,1009.87,1012.33,1016.97,1020.12,1022.45,1024.23,1024.10,1022.66,1021.77,1022.12,1024.07,1027.05,1027.90,1026.58,1025.84,1027.03,1029.13,1031.92,1034.88,1034.93,1032.03,1030.62,1031.36,1032.38,1033.54,1035.20,1037.93,1040.97,1044.03,1046.44,1046.88,1046.90,1046.86,1046.30,1044.99,1045.03,1045.96,1047.40,1048.54,1048.95
1581.30,1580.20,1578.26,1576.66,1574.91,1572.64,1571.60,1572.60,1574.91,1575.32,1573.28,1567.07,1558.73,1546.30,1530.34,1518.28,1508.34,1498.70,1487.67,1478.61,1472.00,1462.59,1449.63,1439.69,1429.58,1416.18,1404.58,1403.09,1400.79,1399.72,1396.27,1387.43,1368.18,1346.52,1341.66,1363.38,1372.06,1366.41,1354.77,1338.30,1321.45,1302.37,1281.15,1258.51,1239.01,1222.68,1212.38,1190.78,1168.99,1148.08,1136.35,1136.36,1141.53,1147.55,1152.66,1156.77,1157.39,1154.16,1148.94,1161.75,1180.62,1193.21,1202.66,1212.80,1218.34,1216.03,1217.91,1215.85,1204.74,1192.02,1178.18,1165.00,1146.50,1127.09,1129.10,1135.84,1142.70,1147.93,1147.61,1148.94,1149.27,1146.79,1138.82,1129.48,1120.96,1108.01,1094.78,1081.56,1068.24,1054.97,1041.36,1034.11,1027.81,1018.90,1012.43,1007.31,1003.25,1002.96,1003.66,1002.00,999.47,994.37,988.75,983.74,978.62,972.86,967.57,962.64,958.05,953.74,950.30,950.13,951.23,949.63,942.91,934.65,928.88,928.17,926.88,923.53,920.27,917.80,915.58,914.23,913.21,912.13,910.93,908.82,906.07,903.48,902.31,901.88,901.55,901.98,901.11,899.57,898.31,897.35,896.49,895.62,895.05,894.53,894.02,894.48,897.69,902.06,908.09,915.70,926.38,937.75,947.86,954.37,958.90,961.06,962.46,964.09,965.72,967.59,969.18,970.93,972.50,972.31,972.50,973.74,975.07,976.29,975.47,974.91,975.36,976.59,977.23,978.76,979.55,979.88,980.84,982.47,981.75,981.26,981.47,981.78,982.26,982.69,983.39,984.23,984.01,984.83,986.76,987.80,989.14,991.17,993.10,994.75,996.22,997.05,997.66,998.29,998.41,998.36,998.64,999.04,998.85,999.38,1000.13,1001.46,1002.80,1004.05,1005.62,1006.85,1007.99,1009.10,1009.76,1009.38,1009.34,1010.32,1010.64,1009.83,1009.79,1013.43,1019.11,1021.67,1022.21,1021.39,1020.35,1019.41,1019.10,1020.00,1021.87,1025.49,1025.00,1024.16,1024.15,1026.37,1028.86,1030.98,1033.35,1034.05,1030.88,1029.32,1030.06,1031.07,1032.53,1035.08,1038.28,1040.88,1043.38,1044.93,1043.57,1042.80,1042.44,1042.53,1043.06,1043.89,1045.32,1046.73,1047.72,1048.08
1579.72,1578.09,1577.32,1577.91,1576.16,1574.43,1574.09,1574.68,1574.65,1573.19,1568.41,1560.35,1554.71,1543.39,1529.10,1518.77,1510.14,1503.08,1494.02,1485.47,1477.11,1467.47,1454.80,1444.39,1434.49,1422.29,1412.08,1411.06,1407.11,1402.83,1397.45,1389.72,1369.03,1348.47,1355.49,1371.92,1372.52,1361.17,1349.52,1333.05,1317.22,1300.38,1281.08,1260.84,1240.08,1222.00,1206.84,1188.06,1165.45,1147.89,1142.31,1147.67,1155.26,1162.88,1171.85,1181.99,1185.69,1180.98,1168.68,1166.66,1184.07,1196.50,1208.92,1218.74,1222.78,1226.21,1230.00,1223.91,1212.82,1203.33,1190.88,1172.42,1154.19,1137.51,1143.02,1148.63,1155.88,1160.91,1159.81,1160.01,1157.17,1152.85,1147.61,1134.87,1122.89,1109.54,1094.91,1079.95,1067.89,1055.44,1043.88,1036.48,1030.76,1023.08,1016.31,1010.90,1007.43,1005.88,1003.88,1001.82,999.34,993.34,987.82,983.50,978.78,973.23,967.75,962.66,958.01,953.73,949.55,947.60,948.41,945.48,938.32,935.27,935.14,931.65,927.82,924.27,920.89,918.52,917.41,916.71,915.74,914.33,912.99,910.88,908.19,905.53,904.64,904.22,903.91,903.54,902.02,900.52,899.25,898.29,897.37,896.68,896.17,895.63,895.08,895.26,897.82,902.56,909.61,916.83,927.00,936.74,945.76,952.14,955.50,958.40,960.20,962.39,964.76,966.92,968.52,969.99,971.05,970.32,970.07,971.62,972.70,974.42,973.99,972.84,973.22,974.37,976.13,977.52,978.40,977.97,979.48,981.28,979.76,978.96,979.96,981.37,981.67,981.35,981.66,982.12,983.17,984.62,986.13,987.73,989.30,991.00,992.56,994.08,995.36,996.16,996.83,997.49,997.74,998.13,998.74,999.37,999.02,998.89,999.58,1000.73,1001.82,1003.38,1005.12,1006.66,1007.81,1008.59,1008.64,1008.02,1007.73,1009.18,1009.78,1009.24,1009.63,1013.35,1019.86,1020.64,1019.40,1018.61,1018.07,1017.58,1017.44,1018.54,1020.68,1024.10,1021.06,1021.27,1022.52,1024.68,1026.97,1029.04,1032.25,1032.46,1029.73,1028.30,1028.86,1030.19,1032.38,1034.97,1037.50,1039.95,1042.15,1042.94,1040.96,1039.76,1039.86,1040.85,1041.75,1043.31,1044.95,1046.16,1046.41,1046.88
1575.67,1575.26,1576.99,1579.03,1579.12,1579.01,1578.41,1580.06,1579.45,1574.34,1566.95,1555.13,1546.86,1538.07,1530.26,1524.39,1517.10,1507.27,1497.15,1486.73,1476.01,1466.39,1455.33,1445.28,1436.33,1425.76,1418.62,1414.39,1409.48,1404.70,1397.41,1387.95,1373.10,1354.41,1363.14,1377.78,1369.60,1354.00,1338.82,1321.46,1304.49,1289.89,1270.74,1255.40,1236.62,1218.74,1202.09,1183.68,1165.07,1150.79,1151.95,1160.05,1168.88,1177.36,1190.45,1204.41,1210.88,1202.84,1187.29,1174.15,1187.95,1198.18,1209.26,1220.87,1226.21,1229.59,1233.40,1228.14,1220.27,1212.20,1202.37,1183.81,1162.07,1148.79,1157.12,1162.85,1170.51,1172.92,1170.21,1164.26,1157.76,1151.21,1143.15,1130.61,1117.22,1103.65,1087.98,1074.07,1065.71,1057.56,1049.81,1040.42,1033.63,1026.60,1018.96,1013.21,1008.71,1005.48,1002.16,999.69,995.32,989.46,985.13,981.45,977.24,972.29,967.24,962.35,957.75,953.55,949.33,945.68,943.26,941.23,940.70,941.37,939.75,934.60,929.90,927.68,925.48,922.55,920.25,919.82,918.81,916.77,914.33,911.22,908.78,907.84,907.30,906.69,905.88,904.47,902.88,901.47,900.20,899.15,898.33,897.78,897.16,896.50,895.77,896.13,898.05,901.95,910.51,917.48,925.09,932.51,939.36,946.55,951.98,955.44,959.17,961.73,963.98,966.10,967.39,968.36,968.74,967.85,968.04,969.43,970.60,972.69,972.56,971.06,971.55,973.42,975.04,976.32,977.04,975.89,978.51,979.35,975.87,976.85,979.71,981.44,980.86,980.26,980.68,981.71,983.12,984.61,986.15,987.59,988.91,990.29,991.82,993.33,994.01,995.10,995.98,996.66,997.07,997.93,999.13,999.73,999.88,999.05,998.94,999.63,1001.10,1002.83,1004.57,1006.30,1007.39,1007.61,1007.34,1006.67,1006.26,1007.54,1008.56,1008.64,1009.36,1012.47,1018.45,1018.56,1016.99,1016.44,1015.95,1015.76,1016.91,1018.62,1021.51,1022.19,1019.62,1019.84,1020.99,1022.94,1025.76,1029.23,1031.94,1031.21,1028.89,1027.30,1028.74,1030.94,1033.47,1035.97,1038.50,1040.59,1041.95,1041.54,1039.92,1038.52,1038.58,1039.58,1040.93,1042.89,1044.62,1045.13,1044.44,1044.83
1572.17,1575.21,1579.11,1582.87,1586.27,1588.01,1589.28,1589.37,1583.86,1575.21,1567.02,1555.92,1546.48,1541.20,1537.78,1533.13,1525.01,1511.14,1497.93,1486.21,1475.00,1464.79,1454.66,1445.91,1438.72,1432.73,1424.85,1419.81,1416.23,1409.61,1399.39,1387.89,1376.19,1363.50,1367.69,1380.92,1369.52,1351.38,1334.93,1318.13,1300.66,1284.10,1268.94,1258.16,1243.91,1223.23,1201.49,1180.43,1162.58,1156.93,1162.35,1172.04,1183.37,1196.65,1208.89,1223.60,1232.93,1219.86,1201.64,1185.21,1197.44,1208.52,1217.17,1224.84,1231.87,1235.60,1237.93,1235.53,1228.47,1220.20,1208.88,1190.36,1168.86,1161.61,1171.68,1174.23,1179.12,1178.04,1169.45,1157.41,1147.79,1141.79,1132.64,1121.04,1106.38,1094.25,1081.25,1071.55,1064.72,1058.49,1051.69,1042.64,1035.23,1028.59,1020.99,1014.92,1009.60,1005.71,1001.00,996.07,990.52,984.95,980.86,977.68,974.25,970.08,965.33,960.67,956.90,952.98,949.07,946.06,944.29,943.90,943.78,943.60,941.19,937.45,933.39,932.27,930.38,927.23,924.76,923.80,921.11,918.07,915.09,912.24,911.30,910.56,909.41,908.30,906.80,905.30,903.79,902.54,901.32,900.04,899.21,898.50,897.77,897.02,896.35,897.02,898.49,901.39,908.25,915.77,922.88,928.22,933.85,941.30,948.97,953.47,959.22,961.83,963.62,964.62,965.17,965.90,965.73,965.18,966.25,967.93,969.88,971.19,970.07,968.94,970.68,972.27,973.62,975.42,975.29,973.41,973.51,972.33,973.91,978.84,980.72,981.18,979.84,978.94,980.26,981.73,983.11,984.46,985.75,987.03,988.29,989.64,991.22,992.21,992.54,993.54,994.84,995.79,996.38,997.50,999.25,1001.02,999.70,998.53,998.79,999.59,1001.19,1002.97,1004.77,1006.12,1006.44,1006.49,1006.00,1005.32,1005.03,1006.37,1007.54,1008.48,1009.40,1011.81,1016.45,1015.69,1014.61,1014.22,1014.00,1015.24,1017.32,1019.18,1022.05,1020.40,1019.12,1019.22,1020.25,1022.74,1025.94,1029.15,1031.09,1029.72,1027.72,1026.13,1027.74,1029.89,1032.05,1034.57,1037.26,1039.88,1040.91,1040.18,1038.92,1037.44,1037.33,1038.76,1040.35,1042.31,1043.99,1043.58,1042.61,1042.73
1571.92,1578.12,1584.39,1589.71,1593.35,1597.32,1598.49,1594.01,1584.89,1573.59,1564.28,1555.16,1549.80,1546.39,1543.10,1538.27,1530.08,1515.00,1501.29,1488.24,1477.74,1467.69,1459.53,1450.45,1443.53,1436.92,1430.06,1424.63,1419.23,1411.78,1402.63,1391.53,1380.41,1370.14,1371.84,1383.19,1373.53,1357.43,1342.22,1328.61,1313.58,1298.74,1280.42,1271.12,1256.91,1231.29,1204.98,1179.97,1163.94,1165.91,1172.72,1182.02,1199.47,1215.67,1227.00,1240.26,1249.35,1233.25,1214.86,1194.03,1202.63,1217.16,1227.49,1233.48,1241.60,1244.98,1244.59,1243.11,1237.04,1227.38,1213.85,1195.28,1179.86,1177.75,1184.80,1183.04,1182.90,1176.23,1166.33,1150.32,1134.46,1128.47,1121.14,1109.64,1098.49,1087.92,1077.97,1070.21,1064.05,1058.50,1053.40,1046.40,1037.88,1030.37,1024.59,1021.88,1018.60,1012.45,1004.71,995.50,987.41,985.69,980.01,973.87,970.30,967.50,963.32,959.21,955.86,952.49,949.16,947.65,947.06,946.95,946.70,945.10,942.57,939.54,937.34,935.94,933.53,931.13,929.19,926.46,922.45,919.00,916.22,914.86,913.92,912.44,910.84,909.21,907.51,906.17,904.98,903.78,902.50,901.06,899.82,899.03,898.28,897.52,897.11,898.04,899.34,901.92,906.25,914.69,921.97,926.18,929.94,935.83,942.88,949.22,956.53,961.17,962.18,962.77,962.96,963.41,963.09,963.24,963.87,965.86,968.33,968.99,966.63,967.01,969.42,970.42,972.07,974.33,973.23,970.89,968.79,969.12,975.74,980.52,981.09,980.35,978.48,977.92,980.02,981.45,982.80,984.17,985.50,986.88,988.19,989.37,990.31,990.74,991.11,991.91,993.26,994.58,995.59,997.08,998.85,999.23,998.20,998.06,999.25,1000.70,1002.18,1003.63,1004.93,1005.14,1005.10,1005.04,1004.46,1003.87,1004.65,1006.89,1008.48,1009.39,1010.24,1012.86,1013.91,1012.16,1011.95,1011.97,1013.38,1015.64,1017.73,1019.90,1021.26,1019.29,1018.36,1018.99,1020.34,1022.91,1025.74,1028.65,1029.11,1026.67,1025.56,1024.79,1026.74,1029.05,1031.74,1034.65,1037.66,1039.77,1039.46,1037.89,1037.12,1035.84,1036.38,1037.74,1038.99,1040.30,1042.08,1042.42,1040.99,1040.72
1575.53,1582.09,1587.87,1593.26,1597.46,1600.71,1601.14,1593.74,1583.56,1572.62,1563.70,1558.47,1554.60,1550.50,1546.72,1544.18,1535.11,1518.16,1506.70,1494.01,1481.96,1471.32,1464.07,1454.72,1444.85,1437.64,1430.54,1425.49,1421.99,1417.76,1408.41,1396.09,1384.66,1372.17,1380.03,1385.26,1373.16,1356.76,1342.22,1330.29,1314.62,1300.51,1282.01,1268.21,1253.57,1231.22,1206.73,1182.81,1170.34,1177.90,1187.27,1196.54,1209.78,1227.39,1241.66,1257.39,1260.35,1245.98,1226.06,1204.21,1205.29,1223.69,1241.58,1248.09,1251.80,1254.36,1253.39,1250.28,1245.34,1233.59,1218.19,1203.91,1194.95,1190.01,1196.07,1191.23,1182.17,1174.82,1166.44,1152.13,1133.25,1118.92,1110.34,1100.75,1092.37,1083.17,1077.89,1075.18,1073.37,1068.58,1061.03,1052.53,1042.72,1034.08,1032.06,1032.37,1028.40,1020.15,1009.72,997.41,988.27,991.64,987.13,973.54,968.30,965.53,962.40,959.28,955.93,952.57,950.54,949.99,949.78,949.65,948.67,946.44,944.48,942.60,940.93,938.97,936.60,934.30,931.76,927.74,923.32,920.27,918.61,917.42,915.63,913.80,912.10,910.19,908.57,907.67,906.40,905.15,903.76,902.29,900.84,899.63,898.72,897.93,897.97,898.85,900.37,903.73,906.99,912.74,921.02,924.53,927.40,930.41,936.34,941.53,948.50,956.80,959.97,960.89,961.15,961.32,961.06,961.07,961.04,962.73,964.50,964.23,963.46,965.13,966.98,968.79,971.29,972.56,970.18,966.90,968.13,972.83,979.85,980.83,980.38,978.38,975.95,977.42,980.33,981.60,982.89,984.27,985.51,986.35,986.89,987.45,988.19,988.82,989.43,990.20,991.47,992.73,994.75,996.87,996.93,996.92,997.40,998.38,1000.00,1001.83,1002.79,1003.39,1003.50,1003.31,1003.53,1003.43,1002.76,1002.91,1005.08,1007.49,1009.56,1010.59,1011.57,1012.27,1010.79,1009.57,1009.93,1011.01,1013.41,1016.05,1018.49,1020.38,1019.75,1018.45,1017.68,1018.71,1020.32,1023.00,1025.82,1026.59,1022.36,1021.67,1022.20,1023.69,1026.51,1029.29,1031.73,1034.01,1036.71,1037.76,1036.36,1035.12,1034.77,1034.29,1035.25,1036.40,1037.53,1038.23,1039.63,1041.44,1040.09,1039.20
1576.32,1582.76,1588.51,1594.04,1599.21,1601.26,1600.69,1593.03,1584.43,1575.61,1567.58,1562.40,1557.48,1554.13,1552.45,1553.48,1543.76,1528.44,1515.34,1500.79,1486.97,1476.49,1467.82,1455.47,1443.57,1437.15,1431.95,1429.27,1421.65,1413.24,1402.72,1389.78,1379.03,1379.10,1389.61,1387.16,1373.20,1355.57,1338.97,1324.45,1303.77,1287.15,1272.45,1255.86,1241.41,1223.45,1203.75,1185.86,1177.76,1191.59,1207.79,1220.34,1225.48,1232.46,1249.75,1268.07,1266.38,1249.34,1229.68,1213.77,1219.79,1236.50,1254.14,1263.41,1264.41,1264.65,1262.76,1256.81,1249.88,1237.87,1222.61,1215.13,1209.93,1202.75,1209.63,1199.40,1181.22,1171.63,1164.80,1153.32,1136.63,1118.12,1103.96,1096.57,1091.80,1088.07,1086.10,1086.65,1085.52,1079.35,1070.31,1061.09,1051.19,1041.26,1041.25,1039.39,1033.75,1026.66,1015.32,1001.48,990.87,995.38,994.50,976.96,967.64,964.71,962.12,959.30,956.15,953.05,951.83,951.48,951.53,951.52,950.15,947.67,945.61,943.97,942.38,940.75,938.73,935.17,931.09,927.80,924.76,922.77,921.20,919.21,917.23,915.25,913.44,911.72,910.41,909.05,907.80,906.82,905.39,903.79,902.45,901.42,899.41,898.52,898.72,899.41,901.78,905.70,909.24,914.09,919.83,922.99,925.47,927.98,931.49,935.75,940.38,947.07,952.26,956.43,958.96,958.67,957.59,958.44,958.08,959.34,959.96,959.88,961.71,964.17,967.68,970.11,970.52,968.58,965.23,967.49,972.72,978.91,980.55,979.88,976.12,974.13,973.37,976.94,980.45,982.12,982.81,983.52,983.98,983.87,984.22,985.08,985.93,986.56,987.22,988.21,989.39,991.08,994.63,994.52,993.78,995.25,997.16,998.80,1000.43,1001.22,1000.92,1001.12,1001.40,1001.42,1002.61,1001.69,1001.28,1002.76,1005.27,1007.62,1009.35,1009.55,1009.77,1010.11,1009.41,1008.54,1009.14,1010.75,1013.45,1016.13,1018.63,1019.37,1018.51,1017.50,1017.01,1018.22,1019.81,1022.65,1025.08,1022.65,1019.64,1019.44,1020.37,1022.39,1024.98,1027.12,1029.30,1032.20,1035.00,1034.05,1032.64,1032.37,1032.32,1032.86,1033.88,1035.01,1036.06,1037.68,1039.71,1040.28,1038.67,1038.15
1575.81,1582.85,1589.69,1594.32,1599.06,1600.94,1600.16,1592.44,1584.92,1578.25,1571.60,1565.86,1561.40,1557.91,1559.38,1560.07,1552.96,1539.43,1525.78,1508.15,1495.66,1484.89,1473.60,1458.24,1445.26,1438.36,1433.07,1424.00,1408.52,1398.16,1390.48,1386.32,1389.96,1394.04,1390.82,1381.32,1368.50,1351.86,1336.73,1320.33,1295.22,1277.81,1263.95,1251.30,1243.22,1230.59,1211.41,1192.99,1185.14,1204.03,1222.95,1236.46,1246.14,1245.83,1255.68,1272.94,1267.51,1247.67,1232.31,1223.67,1235.36,1251.26,1265.30,1275.76,1277.55,1276.00,1270.31,1261.22,1251.38,1240.17,1229.52,1231.06,1225.52,1218.74,1218.97,1207.13,1185.95,1166.55,1158.29,1146.87,1129.86,1114.74,1105.69,1102.98,1099.97,1096.15,1094.50,1095.94,1094.85,1088.13,1078.10,1071.57,1062.71,1053.90,1051.83,1043.80,1035.90,1029.82,1019.01,1005.68,996.53,999.58,999.99,987.02,970.71,964.62,960.76,958.45,955.67,953.79,953.09,952.99,953.11,952.59,950.66,948.62,946.91,945.30,943.66,941.92,939.67,935.96,932.87,929.75,927.30,925.54,923.40,921.00,918.69,917.34,915.49,913.63,912.15,910.63,909.62,908.53,906.90,904.67,904.48,904.47,901.15,899.26,899.36,900.57,905.07,908.01,911.88,914.94,918.25,921.35,923.88,926.34,928.81,931.30,934.82,938.88,942.93,947.42,952.20,953.32,952.52,953.52,954.79,955.95,955.80,956.73,960.92,963.63,966.75,965.62,961.72,961.93,964.55,971.53,977.84,980.29,979.71,974.40,969.51,969.99,973.96,978.89,981.03,981.94,981.60,981.50,981.51,981.07,981.72,982.79,983.89,985.07,986.49,987.76,989.21,991.84,992.86,990.82,990.70,991.81,994.50,998.10,1000.30,999.34,998.06,997.72,998.84,1000.37,1001.42,999.94,1000.68,1002.94,1005.42,1007.63,1008.31,1007.99,1007.84,1008.10,1007.85,1007.47,1008.75,1010.88,1013.67,1016.37,1017.65,1017.39,1016.79,1015.94,1016.03,1017.64,1019.41,1021.99,1022.98,1020.33,1018.78,1018.91,1020.24,1022.39,1024.62,1027.01,1029.24,1031.87,1032.66,1030.54,1029.85,1030.29,1030.90,1031.70,1032.67,1033.74,1035.57,1037.77,1039.41,1038.67,1037.05,1037.35
1577.38,1584.72,1591.04,1595.10,1598.97,1600.55,1599.46,1591.86,1584.75,1578.66,1573.32,1568.87,1565.21,1562.94,1562.36,1561.18,1556.99,1547.42,1533.36,1517.53,1504.22,1493.15,1480.36,1465.55,1451.24,1437.82,1427.60,1412.40,1400.45,1400.46,1402.87,1406.89,1407.22,1398.74,1383.51,1369.53,1357.50,1343.47,1328.62,1312.60,1295.01,1284.82,1274.93,1266.30,1256.31,1239.20,1217.36,1195.47,1190.62,1209.21,1229.84,1250.34,1264.66,1267.42,1270.21,1280.28,1275.10,1256.41,1241.01,1236.10,1245.34,1259.73,1274.09,1287.15,1290.79,1286.11,1276.94,1266.89,1254.37,1240.95,1236.39,1241.81,1236.87,1225.08,1216.40,1207.80,1188.45,1162.94,1150.37,1136.20,1121.96,1115.12,1113.49,1113.00,1111.68,1107.62,1105.59,1107.63,1105.74,1097.07,1088.04,1081.01,1072.28,1064.89,1057.98,1042.33,1033.57,1027.39,1017.56,1007.06,1001.87,1003.05,999.86,989.25,973.85,964.94,959.72,957.70,955.78,954.95,954.49,954.57,954.62,953.37,951.51,949.85,948.25,946.54,944.84,943.12,940.88,938.82,936.11,932.36,929.85,927.74,925.21,922.68,921.20,919.81,917.29,915.56,914.15,912.74,911.73,910.08,907.76,905.64,906.94,907.36,903.01,900.21,899.97,904.97,911.77,914.40,917.81,918.93,919.21,920.89,923.01,925.14,927.24,928.34,930.45,935.19,937.76,939.63,943.20,946.84,947.50,949.73,951.59,952.74,951.85,952.49,958.43,960.68,959.64,956.63,961.60,966.26,970.22,975.22,979.68,979.46,974.37,968.52,967.77,973.34,979.47,981.01,981.33,980.52,979.63,979.45,979.30,979.58,981.19,983.19,984.64,986.38,987.78,988.93,990.71,991.00,989.61,988.95,989.13,990.04,993.65,997.82,998.29,996.43,994.91,995.37,998.56,1000.19,998.81,998.23,1000.53,1003.24,1005.71,1006.85,1006.71,1006.43,1006.13,1006.22,1006.00,1006.75,1008.53,1011.00,1014.18,1015.51,1015.36,1015.09,1014.77,1014.25,1015.20,1017.03,1018.89,1021.08,1021.06,1018.99,1017.78,1018.74,1020.59,1022.97,1025.70,1028.38,1030.34,1031.88,1031.31,1029.43,1028.51,1028.87,1029.63,1030.53,1031.56,1032.96,1035.13,1036.80,1037.03,1036.40,1035.41,1036.80
1579.43,1585.77,1591.28,1594.86,1598.11,1599.93,1598.17,1591.90,1585.23,1578.55,1573.23,1568.25,1563.36,1559.63,1557.87,1558.79,1555.84,1549.05,1535.83,1521.85,1509.62,1498.41,1483.13,1465.89,1450.65,1432.79,1417.88,1412.67,1418.16,1422.83,1425.81,1424.67,1417.44,1404.73,1390.75,1374.82,1360.12,1344.88,1333.35,1324.74,1315.88,1304.11,1290.92,1277.17,1258.42,1239.88,1218.47,1197.66,1202.74,1214.40,1233.24,1257.49,1276.88,1282.21,1286.00,1290.03,1282.44,1268.01,1257.57,1253.08,1257.83,1274.07,1285.95,1297.11,1302.77,1298.01,1284.33,1272.36,1258.39,1246.98,1241.02,1244.99,1240.65,1225.30,1210.59,1198.75,1178.74,1157.80,1143.89,1131.42,1124.67,1124.38,1123.11,1121.76,1122.34,1120.00,1117.49,1117.38,1115.88,1108.86,1102.06,1091.46,1079.07,1066.73,1053.50,1037.85,1029.40,1021.96,1014.97,1009.15,1006.30,1002.57,994.82,980.38,969.25,964.44,960.17,957.99,957.13,956.37,956.03,956.15,956.00,954.48,952.75,951.05,949.39,947.79,946.11,944.33,942.64,941.13,938.40,934.78,931.97,929.28,926.65,924.98,923.35,920.79,918.87,917.61,916.24,914.67,912.43,909.87,907.49,906.62,907.11,906.17,903.05,901.82,901.38,905.70,911.03,918.14,921.13,921.88,922.26,923.33,925.09,926.73,927.47,927.59,930.39,933.08,934.53,936.24,938.22,940.90,943.68,945.15,946.83,947.58,945.42,949.26,953.20,953.17,951.61,956.96,969.41,971.91,974.21,977.45,977.95,971.53,967.24,966.24,973.65,979.81,980.84,980.73,979.98,978.71,977.47,977.33,978.70,981.12,983.95,985.71,986.70,987.95,988.88,989.72,990.10,989.03,988.04,987.83,988.67,990.25,993.62,996.54,994.53,992.12,991.88,994.17,996.68,996.63,995.51,998.00,1001.00,1003.73,1005.61,1004.91,1004.64,1004.63,1004.47,1004.41,1005.14,1006.82,1008.56,1011.01,1013.51,1012.91,1012.70,1012.56,1012.36,1012.63,1014.08,1015.90,1017.74,1019.65,1019.47,1018.06,1016.91,1017.87,1019.20,1020.58,1024.90,1029.59,1030.98,1031.54,1030.62,1029.32,1027.96,1027.36,1028.21,1029.38,1030.55,1032.36,1034.08,1034.58,1034.28,1033.98,1034.53,1036.11
1582.68,1586.17,1590.77,1593.81,1596.43,1597.76,1598.05,1594.58,1586.37,1579.35,1574.11,1570.22,1564.05,1556.48,1550.24,1551.34,1550.70,1544.01,1532.61,1519.69,1507.85,1496.27,1479.34,1459.77,1441.04,1427.64,1430.49,1440.97,1446.49,1446.75,1439.95,1432.20,1422.79,1414.12,1403.54,1389.07,1374.45,1362.17,1352.40,1342.27,1329.41,1312.32,1294.84,1277.53,1256.60,1238.10,1217.17,1202.83,1217.45,1225.11,1232.70,1255.84,1280.28,1291.71,1297.78,1300.07,1293.26,1284.88,1276.18,1273.99,1271.93,1284.56,1299.01,1307.05,1309.82,1304.11,1291.89,1278.29,1265.45,1256.04,1249.91,1249.12,1242.63,1226.25,1212.00,1194.05,1170.59,1153.46,1141.59,1134.90,1135.79,1142.07,1138.95,1133.28,1132.55,1130.61,1127.16,1125.51,1124.81,1120.41,1114.15,1100.05,1083.50,1067.47,1053.26,1040.61,1032.07,1026.13,1020.70,1012.32,1003.61,997.36,989.20,975.50,968.11,964.71,961.50,959.23,958.67,957.58,957.63,957.73,957.38,955.86,954.05,952.26,950.40,948.72,947.18,945.54,943.66,941.67,939.31,936.32,933.37,930.58,928.58,927.10,924.87,922.65,921.16,919.55,917.66,914.70,911.59,909.05,908.93,908.91,907.71,906.16,904.56,905.08,903.94,903.75,907.65,914.39,920.76,922.98,924.32,925.67,927.37,929.01,928.85,927.27,928.74,929.90,931.33,933.23,935.34,937.94,939.97,940.37,940.50,939.94,939.38,943.47,946.29,947.27,952.29,962.51,969.97,972.66,974.56,975.29,971.21,965.02,963.42,972.40,979.60,980.36,979.51,977.73,977.10,976.01,975.72,977.26,979.47,983.60,985.58,985.97,986.46,987.71,988.29,988.71,988.33,987.43,986.72,987.77,989.22,990.87,993.83,994.43,991.60,989.64,989.99,990.20,991.65,992.16,995.97,999.52,1001.91,1004.14,1004.17,1002.81,1002.37,1002.41,1002.59,1003.53,1005.19,1006.93,1008.62,1010.81,1011.73,1010.23,1010.03,1010.28,1010.70,1011.21,1012.29,1014.10,1015.85,1017.35,1017.40,1016.35,1015.70,1016.66,1017.99,1019.10,1023.12,1029.94,1030.23,1030.74,1030.36,1028.80,1027.01,1025.95,1026.85,1028.06,1029.21,1031.13,1031.59,1032.43,1032.27,1032.55,1033.99,1035.01
1585.83,1588.19,1591.09,1593.84,1596.26,1598.50,1601.28,1596.81,1587.38,1581.28,1576.59,1572.56,1566.93,1558.89,1549.39,1540.28,1539.08,1533.11,1522.83,1512.14,1501.17,1487.13,1470.12,1453.15,1439.55,1448.16,1460.04,1467.41,1469.76,1459.94,1444.45,1433.36,1424.99,1416.67,1405.03,1391.64,1376.49,1362.14,1350.15,1334.13,1318.50,1305.08,1289.57,1273.16,1254.29,1235.48,1216.66,1211.23,1228.37,1240.43,1241.43,1250.64,1271.96,1290.90,1301.27,1303.66,1301.63,1298.50,1292.25,1287.38,1287.33,1297.12,1307.06,1314.31,1314.43,1305.87,1293.53,1281.35,1269.20,1261.79,1256.05,1249.51,1238.75,1219.63,1207.78,1189.06,1167.72,1153.79,1149.57,1146.40,1151.59,1159.93,1156.86,1148.93,1146.59,1142.85,1137.99,1136.03,1134.55,1130.30,1120.92,1105.74,1086.45,1070.10,1059.32,1048.12,1039.40,1032.00,1023.90,1014.15,1007.19,1000.61,991.28,979.07,970.33,967.52,965.59,962.74,960.10,958.92,959.22,959.21,958.74,957.31,955.56,953.80,951.68,949.69,948.17,946.48,944.57,942.63,940.61,937.79,934.95,932.64,930.70,928.87,926.95,925.21,923.41,920.98,917.87,914.65,911.07,910.20,914.07,916.17,912.25,907.69,905.94,907.85,907.39,904.98,905.66,910.22,918.79,921.83,922.32,923.83,925.93,929.08,929.29,927.30,925.77,926.36,928.27,930.23,932.04,934.16,935.42,936.40,936.49,936.75,937.32,939.85,947.20,956.18,962.12,965.68,967.84,970.86,972.01,971.31,963.07,959.92,968.26,977.67,979.67,977.69,973.74,972.42,973.24,973.58,976.29,978.47,980.50,984.07,982.64,982.78,984.20,986.10,986.93,986.93,986.46,985.68,986.22,987.95,989.79,991.63,993.43,992.51,990.21,988.97,988.59,988.75,989.22,991.62,998.35,1001.13,1002.77,1002.96,1002.12,1000.70,1000.19,1000.76,1002.04,1003.72,1005.53,1007.24,1009.06,1010.51,1010.12,1008.98,1008.27,1008.70,1009.26,1009.67,1010.58,1012.05,1013.41,1014.49,1014.79,1014.16,1014.75,1016.06,1017.53,1018.92,1023.71,1027.97,1028.80,1030.28,1029.21,1027.06,1025.05,1024.54,1025.51,1026.66,1027.85,1029.53,1029.30,1030.07,1030.70,1031.92,1032.91,1033.88
1588.20,1590.48,1593.38,1596.23,1598.84,1601.59,1603.91,1597.80,1587.88,1581.38,1576.42,1572.32,1567.11,1560.01,1550.49,1536.80,1525.68,1519.88,1509.35,1499.61,1488.38,1473.24,1457.73,1447.17,1452.72,1469.09,1480.24,1484.86,1479.70,1457.86,1437.41,1424.90,1414.24,1402.91,1391.94,1379.76,1364.17,1348.44,1331.93,1313.96,1299.36,1287.25,1274.33,1262.77,1247.87,1232.97,1220.39,1219.05,1240.18,1259.62,1267.65,1268.61,1273.26,1283.56,1295.87,1304.24,1307.99,1307.36,1303.83,1296.87,1299.99,1310.25,1315.95,1319.98,1317.32,1305.32,1292.43,1280.61,1272.85,1265.71,1256.60,1247.04,1233.27,1213.34,1196.75,1179.71,1166.09,1160.41,1160.84,1161.03,1168.85,1176.54,1174.20,1166.09,1160.75,1157.52,1152.59,1148.42,1143.61,1137.07,1127.65,1111.58,1094.87,1078.97,1065.94,1052.91,1042.59,1034.80,1027.21,1021.76,1016.62,1011.12,1003.70,990.30,978.13,977.43,976.16,968.60,963.26,961.36,961.36,961.04,960.32,958.90,957.20,955.21,953.05,950.96,949.17,947.39,945.43,943.47,941.45,939.26,936.90,934.72,932.72,931.00,929.52,927.15,924.56,922.02,919.91,916.89,912.12,914.43,918.97,919.96,915.99,908.46,907.40,909.94,911.00,907.72,905.65,907.64,913.68,916.56,916.20,919.79,922.93,927.90,930.77,928.08,923.21,922.92,925.25,927.09,928.85,930.16,931.03,932.32,934.55,939.35,944.48,950.45,958.26,961.86,962.88,962.07,961.90,966.30,966.39,962.03,956.88,962.25,972.94,977.48,975.72,972.63,969.30,969.15,970.90,974.55,978.05,980.80,983.10,981.67,980.08,980.71,982.75,984.75,985.23,985.07,984.63,984.88,986.18,987.80,989.59,991.03,991.56,991.19,989.31,988.21,987.45,987.83,989.73,994.29,999.95,1001.69,1001.54,1000.26,999.77,998.89,998.81,1000.45,1002.51,1004.42,1006.62,1008.44,1009.49,1009.60,1009.33,1008.42,1006.90,1007.19,1007.57,1007.59,1007.74,1009.17,1010.62,1011.64,1012.21,1013.27,1014.96,1016.54,1018.26,1020.16,1024.29,1025.33,1028.09,1028.28,1025.98,1024.48,1022.94,1023.26,1024.20,1025.51,1027.63,1028.23,1027.58,1028.20,1029.70,1030.85,1031.68,1033.18
1586.58,1591.34,1594.65,1598.72,1602.58,1605.72,1606.54,1598.84,1588.62,1579.99,1574.44,1570.38,1565.20,1557.80,1548.49,1539.74,1526.30,1508.49,1495.27,1483.17,1472.88,1462.09,1458.78,1456.33,1469.84,1486.71,1496.84,1492.49,1478.73,1457.18,1446.51,1435.02,1422.47,1408.92,1395.28,1379.04,1357.81,1339.68,1320.67,1302.34,1291.76,1282.52,1270.70,1261.04,1252.64,1240.07,1226.22,1227.01,1250.81,1272.70,1286.87,1292.16,1295.50,1297.52,1298.86,1303.34,1310.75,1313.72,1311.38,1306.05,1310.72,1319.08,1325.97,1325.62,1317.09,1303.62,1290.65,1282.15,1274.69,1264.60,1253.21,1237.58,1224.21,1208.07,1191.88,1174.85,1171.12,1172.83,1171.86,1173.88,1184.93,1193.22,1187.52,1180.26,1175.60,1170.72,1167.28,1160.30,1151.48,1142.21,1132.71,1120.25,1106.94,1088.63,1072.81,1057.09,1046.02,1041.01,1035.27,1030.23,1023.92,1017.00,1010.62,1000.43,992.44,993.85,990.25,979.39,967.69,964.33,963.71,963.28,962.63,960.95,958.70,956.57,954.38,952.28,950.18,948.24,946.27,944.31,942.36,940.67,938.76,936.72,934.75,932.95,930.78,928.96,927.01,924.69,922.37,918.57,915.71,919.10,920.00,919.98,915.96,909.07,908.65,913.77,915.93,911.40,908.38,907.41,908.04,909.22,910.26,912.97,918.53,922.12,926.25,924.80,921.12,920.31,922.23,924.24,926.34,927.48,929.16,934.53,942.68,948.66,952.34,955.28,957.77,958.36,957.61,956.01,956.24,957.93,955.59,953.10,958.48,969.53,974.47,975.00,971.35,967.91,967.53,969.67,973.10,976.89,980.28,982.53,981.26,979.89,979.79,980.41,982.49,983.66,983.56,983.29,983.60,984.86,986.18,987.71,989.20,989.44,989.49,989.55,988.03,986.93,986.74,989.25,992.50,996.87,1000.04,1001.09,1000.45,998.88,997.45,997.00,998.18,999.90,1002.14,1004.62,1007.40,1009.69,1009.45,1008.92,1008.72,1007.79,1005.79,1005.56,1005.78,1005.88,1005.82,1007.06,1008.75,1010.19,1011.92,1013.67,1015.41,1017.10,1018.81,1020.92,1022.10,1024.08,1024.09,1020.51,1021.52,1021.76,1021.09,1022.00,1023.17,1025.50,1027.10,1026.40,1026.14,1027.34,1028.38,1029.47,1030.93,1032.53
1585.49,1591.53,1595.70,1599.83,1606.82,1610.62,1610.51,1600.88,1590.43,1581.13,1573.39,1566.56,1561.08,1553.94,1543.12,1534.89,1527.81,1513.01,1495.36,1479.33,1479.15,1478.01,1478.75,1471.44,1483.68,1500.93,1506.98,1494.78,1482.34,1471.26,1462.04,1446.49,1430.87,1420.35,1407.87,1392.10,1371.62,1350.05,1330.86,1319.28,1312.69,1305.71,1295.11,1281.05,1262.67,1242.91,1229.52,1238.87,1262.02,1283.07,1300.88,1309.49,1314.84,1315.55,1313.26,1311.25,1314.89,1319.09,1319.45,1318.40,1322.91,1330.25,1334.20,1327.06,1315.82,1302.68,1287.40,1277.93,1269.65,1260.43,1248.75,1231.00,1215.23,1201.64,1189.03,1180.34,1183.37,1185.63,1182.14,1189.08,1202.02,1205.73,1197.66,1193.41,1189.10,1181.47,1177.12,1169.91,1158.34,1146.22,1135.30,1124.34,1112.89,1094.78,1077.93,1063.95,1059.22,1054.05,1044.34,1036.84,1030.11,1022.64,1016.77,1010.54,1004.00,1001.77,995.83,986.12,970.60,966.76,966.12,965.52,963.81,960.96,958.91,956.66,954.37,952.30,950.54,948.82,946.99,945.16,943.44,941.85,940.27,938.43,936.52,934.46,932.54,930.91,928.24,925.18,921.83,918.70,919.56,920.00,920.01,919.93,915.79,910.40,914.14,920.77,921.21,919.64,917.02,912.58,910.81,912.40,914.17,912.76,914.51,916.95,918.63,918.65,919.18,919.54,920.46,922.26,924.28,926.95,930.20,933.85,938.12,942.77,947.39,949.84,949.50,948.50,948.83,948.29,948.30,947.48,948.52,953.80,966.77,972.31,973.92,971.74,967.09,966.29,970.11,973.67,977.57,980.36,981.74,980.71,979.82,979.61,979.67,980.29,981.82,982.09,981.95,982.16,983.38,984.82,986.19,987.63,988.41,987.68,987.55,987.63,986.63,985.61,988.43,991.54,994.15,997.12,999.12,1000.06,999.54,997.58,995.69,995.91,997.44,998.94,1000.28,1002.60,1005.79,1008.46,1006.26,1005.35,1006.34,1007.14,1005.15,1003.88,1004.01,1004.14,1004.98,1006.85,1008.79,1010.62,1012.32,1013.78,1015.39,1017.06,1018.52,1019.23,1019.77,1022.37,1019.98,1017.98,1018.59,1019.52,1019.69,1020.87,1023.12,1025.56,1025.48,1024.64,1025.18,1026.35,1027.57,1029.02,1030.12,1031.72
1589.00,1594.20,1598.65,1603.80,1611.45,1616.61,1616.13,1605.88,1595.15,1583.80,1572.80,1564.54,1557.68,1549.10,1538.65,1524.67,1514.60,1504.84,1491.47,1494.30,1501.76,1500.16,1493.55,1482.70,1496.16,1511.49,1509.93,1496.82,1485.51,1475.77,1467.41,1455.81,1440.41,1424.31,1407.31,1389.45,1371.32,1358.15,1350.33,1341.85,1330.39,1319.91,1308.87,1289.88,1267.27,1245.38,1234.58,1252.54,1275.05,1294.68,1314.08,1323.24,1327.07,1325.98,1322.11,1320.13,1322.15,1324.03,1326.58,1329.95,1336.07,1341.68,1338.60,1326.53,1315.51,1301.57,1286.42,1273.90,1263.41,1255.19,1245.70,1229.76,1212.07,1202.18,1198.56,1195.16,1202.29,1204.01,1197.08,1205.29,1216.48,1217.30,1210.12,1207.22,1201.65,1193.88,1186.68,1176.34,1161.97,1147.37,1134.29,1122.38,1111.88,1096.17,1082.72,1077.88,1074.52,1065.46,1053.27,1042.53,1035.34,1030.88,1025.07,1017.47,1009.44,1003.16,996.79,988.52,974.41,969.77,968.51,967.27,963.68,960.15,957.73,955.98,954.30,952.76,951.23,949.53,947.84,946.35,944.66,943.05,941.42,939.75,937.88,935.50,933.22,930.75,927.39,924.28,921.53,920.72,920.65,920.26,920.11,919.94,916.63,915.13,919.85,924.95,925.85,925.36,923.03,922.13,921.04,920.84,918.37,918.65,918.83,917.40,917.72,921.00,921.59,919.53,920.35,921.53,923.26,926.01,927.90,929.25,931.81,935.96,938.40,939.54,938.87,938.09,938.25,939.67,943.02,948.95,956.61,963.63,970.28,971.96,970.84,967.02,964.33,969.70,974.51,978.09,980.52,980.94,979.97,979.51,979.30,979.11,979.39,979.85,980.46,980.56,980.91,981.70,983.13,984.64,986.10,987.29,986.87,985.88,985.45,985.33,984.85,985.73,990.35,992.65,994.77,996.83,998.04,998.13,997.64,995.85,994.17,995.02,996.58,998.12,999.20,1000.36,1002.38,1003.65,1001.61,1001.50,1003.72,1006.36,1004.98,1002.60,1002.43,1002.80,1004.45,1006.36,1008.23,1009.78,1010.95,1012.23,1014.17,1016.26,1017.40,1017.27,1018.59,1020.15,1018.15,1016.25,1016.94,1018.20,1019.57,1021.27,1023.73,1024.51,1023.48,1023.32,1024.38,1025.75,1027.10,1028.13,1028.89,1029.78
1594.18,1599.74,1606.75,1610.36,1619.01,1623.51,1622.47,1612.27,1599.22,1584.92,1573.68,1564.36,1554.73,1545.51,1538.80,1527.96,1512.30,1499.78,1504.93,1516.56,1523.21,1517.97,1501.65,1494.82,1510.20,1516.71,1507.82,1494.00,1484.24,1476.64,1470.25,1459.95,1443.96,1425.07,1408.48,1391.88,1384.22,1380.21,1367.57,1353.36,1339.03,1326.83,1312.17,1293.75,1272.54,1250.21,1241.96,1263.06,1286.71,1307.01,1324.07,1333.78,1338.00,1335.00,1328.49,1325.40,1326.91,1329.11,1334.00,1341.04,1347.57,1348.28,1339.70,1327.07,1315.38,1299.86,1285.25,1273.09,1262.29,1251.99,1242.50,1225.09,1213.01,1210.96,1209.19,1210.29,1218.57,1222.95,1217.55,1219.57,1224.49,1226.12,1225.26,1221.11,1211.26,1201.94,1192.57,1179.97,1161.40,1144.98,1132.53,1122.38,1113.20,1102.68,1095.81,1095.82,1087.56,1072.84,1059.28,1046.82,1041.65,1037.87,1031.39,1022.01,1010.31,1003.24,996.95,989.55,980.60,975.42,971.12,968.84,965.01,960.80,958.44,957.01,955.27,953.66,952.10,950.61,949.21,947.86,946.09,944.28,942.65,940.89,938.83,935.33,932.02,929.66,928.26,926.71,923.79,923.18,923.43,922.63,921.33,920.03,918.89,921.93,925.29,929.04,929.89,929.40,926.78,926.52,926.80,926.16,923.64,925.99,930.43,931.88,933.43,940.16,941.91,928.33,921.34,920.85,922.08,924.26,925.89,927.51,928.74,930.43,931.43,933.59,932.63,934.05,938.94,946.10,952.50,958.68,962.88,966.60,968.99,967.53,962.22,961.17,967.50,973.02,977.72,979.67,979.81,979.52,978.86,978.60,977.97,977.53,978.40,979.12,979.44,979.78,980.36,981.35,982.88,984.41,985.86,986.18,984.85,983.94,983.61,983.38,983.34,987.50,990.89,992.76,994.75,996.01,995.43,995.37,995.36,993.82,992.78,994.16,995.76,997.28,998.34,998.88,999.19,999.35,998.69,999.42,1001.69,1005.17,1004.71,1001.74,1001.00,1001.74,1003.42,1005.26,1006.65,1007.82,1009.14,1011.11,1013.44,1015.45,1015.61,1015.42,1016.66,1017.25,1015.65,1015.78,1018.29,1019.66,1021.13,1022.60,1023.03,1022.29,1021.62,1022.48,1023.79,1025.08,1026.25,1027.05,1027.78,1028.54
1601.56,1608.56,1614.45,1619.26,1625.92,1629.90,1628.84,1619.50,1604.40,1588.82,1578.01,1566.63,1555.87,1546.14,1538.51,1525.11,1511.06,1511.59,1524.51,1532.70,1530.29,1516.44,1501.44,1511.12,1522.76,1518.56,1503.67,1489.92,1481.30,1475.31,1470.34,1462.92,1450.96,1434.42,1419.63,1407.89,1402.28,1392.13,1373.30,1355.07,1339.04,1325.62,1310.54,1293.16,1275.03,1254.65,1250.26,1270.34,1294.78,1316.72,1331.45,1340.60,1343.20,1341.38,1334.92,1330.44,1332.72,1336.27,1343.50,1352.85,1357.72,1353.88,1341.54,1328.51,1316.09,1299.19,1284.62,1272.15,1259.81,1246.68,1235.38,1225.24,1223.78,1223.66,1221.13,1223.51,1230.82,1238.66,1238.94,1234.70,1233.05,1233.96,1233.44,1227.47,1212.97,1199.47,1190.88,1175.82,1157.22,1145.28,1142.60,1136.22,1127.99,1119.78,1113.23,1108.64,1096.01,1075.89,1063.65,1056.13,1051.67,1044.12,1034.23,1023.49,1011.41,1003.36,997.05,991.06,985.13,980.38,975.82,972.18,968.92,964.97,960.30,957.97,956.28,954.97,953.65,952.27,950.70,949.34,947.63,945.59,943.87,941.99,939.57,935.43,932.81,932.15,932.02,929.94,926.64,925.60,926.32,925.55,922.76,920.53,921.55,923.75,927.48,930.42,931.20,930.87,929.83,930.04,930.82,930.75,929.84,932.08,938.44,941.99,944.24,949.49,951.58,945.31,932.24,924.60,922.76,922.69,924.43,926.05,927.39,928.48,928.86,929.67,929.60,932.83,937.97,942.79,948.10,954.61,961.26,963.33,960.92,954.79,955.90,965.38,971.59,975.45,976.27,974.90,976.40,978.25,977.83,977.14,976.23,975.76,976.58,977.54,978.56,979.33,979.95,981.00,982.57,984.17,985.49,984.70,983.00,981.85,981.93,982.05,983.33,988.73,991.32,992.94,994.46,994.03,992.91,992.06,992.77,991.71,991.58,993.17,994.84,996.41,996.97,996.97,996.92,996.74,997.14,998.81,1001.68,1004.54,1003.04,1000.37,999.76,1000.74,1002.29,1003.73,1005.18,1007.07,1009.74,1011.85,1013.53,1014.15,1013.69,1013.37,1013.57,1013.98,1013.77,1016.34,1019.46,1020.50,1021.12,1021.22,1020.51,1019.80,1020.62,1021.74,1022.88,1024.24,1025.16,1025.96,1026.70,1027.25
1605.55,1613.40,1618.75,1626.86,1631.63,1634.94,1633.78,1627.05,1613.05,1596.03,1580.31,1564.65,1553.40,1546.32,1537.94,1524.66,1513.34,1524.73,1538.07,1538.66,1526.26,1510.63,1512.54,1526.74,1530.53,1519.41,1503.10,1489.36,1480.48,1473.63,1467.80,1462.08,1450.72,1436.08,1423.87,1414.76,1407.66,1396.02,1377.97,1357.85,1340.24,1326.22,1309.92,1293.97,1276.97,1258.82,1262.45,1280.11,1300.76,1322.74,1337.43,1343.59,1346.48,1345.66,1340.56,1337.19,1340.87,1345.27,1355.14,1363.05,1365.38,1358.95,1347.25,1332.89,1316.47,1301.18,1284.24,1270.90,1257.31,1250.81,1246.87,1237.00,1234.70,1236.81,1235.22,1239.89,1244.31,1247.16,1252.16,1250.04,1245.15,1240.85,1231.46,1219.20,1206.15,1193.91,1183.16,1170.14,1159.49,1158.76,1160.20,1151.44,1142.72,1133.30,1124.10,1113.25,1099.13,1083.49,1073.51,1066.61,1058.52,1046.12,1033.84,1021.59,1012.24,1004.88,999.39,994.51,989.85,985.06,980.91,977.88,974.18,969.60,962.99,959.10,957.73,956.72,955.48,953.98,952.26,950.76,949.13,946.98,944.69,942.17,939.20,938.14,937.45,935.62,934.10,931.73,929.00,928.04,928.96,928.02,925.65,921.67,922.80,924.78,928.34,930.73,931.94,931.96,931.61,932.21,932.95,933.57,933.93,936.40,941.05,944.33,947.64,951.37,954.59,952.21,941.43,930.16,926.30,923.67,923.33,924.87,926.13,927.08,927.54,928.08,928.78,929.56,931.52,935.87,939.31,945.57,956.48,955.27,949.19,951.57,963.53,970.59,973.49,974.51,971.83,970.37,973.16,976.27,976.25,975.31,974.42,973.99,974.73,975.79,977.01,978.03,979.07,980.41,982.09,983.79,984.71,983.18,981.43,980.18,980.31,980.77,983.37,988.37,991.08,992.41,993.27,992.52,991.19,989.91,990.46,989.91,990.65,992.38,994.25,995.19,994.86,994.75,994.68,995.16,997.87,1000.55,1003.44,1001.78,999.55,998.36,998.62,999.89,1001.92,1003.95,1006.07,1008.75,1011.05,1010.89,1011.63,1012.15,1011.54,1011.53,1011.55,1011.75,1013.69,1016.59,1018.03,1018.30,1018.34,1018.57,1018.18,1017.79,1019.38,1020.80,1022.29,1023.15,1023.87,1024.74,1025.47,1025.58
1609.26,1619.04,1624.18,1632.19,1636.38,1639.27,1637.18,1630.65,1616.02,1598.39,1582.30,1566.50,1554.21,1543.68,1531.60,1520.94,1519.67,1537.63,1544.57,1536.94,1520.95,1517.53,1527.70,1537.53,1538.03,1525.31,1510.23,1494.53,1482.70,1474.87,1467.65,1460.23,1446.97,1432.72,1419.54,1411.16,1405.01,1395.43,1381.29,1364.01,1343.94,1328.64,1313.20,1296.92,1278.37,1264.02,1273.95,1294.08,1312.76,1330.61,1341.14,1346.28,1349.97,1350.14,1345.62,1345.14,1350.45,1358.13,1368.74,1373.31,1373.89,1367.06,1354.98,1339.32,1320.58,1302.82,1285.34,1271.23,1265.38,1269.21,1264.38,1249.11,1245.91,1250.63,1249.61,1258.39,1262.17,1262.58,1265.30,1261.79,1253.07,1239.66,1224.70,1210.78,1200.46,1190.17,1180.83,1175.14,1171.67,1171.53,1170.97,1163.93,1152.99,1140.93,1129.42,1117.97,1107.06,1094.39,1083.59,1071.39,1058.51,1044.55,1031.77,1020.56,1013.46,1007.98,1003.41,998.41,993.63,988.73,984.69,981.97,978.32,973.73,968.69,962.70,959.44,958.44,957.27,955.63,953.77,951.31,949.77,946.90,943.83,940.96,939.72,940.12,939.66,937.56,935.05,932.78,930.81,930.24,930.84,929.58,926.97,923.37,922.41,924.12,927.30,930.61,932.05,933.16,933.51,934.21,934.98,935.68,936.52,938.47,941.44,944.55,947.58,950.79,955.07,958.04,950.89,936.55,929.08,926.14,923.52,923.79,924.76,925.75,926.63,927.53,928.38,929.09,930.16,933.31,937.36,945.17,948.21,944.84,949.20,961.03,969.32,971.85,972.64,971.46,968.87,969.00,971.57,974.52,974.88,973.59,972.62,972.17,972.90,974.14,975.41,976.52,977.89,979.55,981.63,983.53,983.39,981.62,980.14,979.61,979.55,980.22,983.57,987.84,990.62,991.80,992.00,991.25,990.19,988.76,988.57,989.39,990.95,992.41,993.69,993.42,992.86,992.60,992.72,995.54,999.25,1002.39,1001.72,998.84,997.10,997.05,998.74,1000.66,1002.95,1005.26,1007.59,1009.84,1010.60,1009.00,1010.37,1009.89,1009.29,1009.66,1010.01,1011.26,1013.55,1014.75,1015.03,1014.69,1014.63,1015.25,1015.44,1016.47,1018.47,1020.13,1021.28,1021.73,1022.59,1023.53,1023.95,1023.82
1614.16,1622.68,1628.27,1634.01,1638.82,1640.02,1637.18,1631.18,1617.39,1599.63,1584.64,1568.64,1553.98,1543.84,1531.68,1522.50,1528.46,1546.11,1547.06,1534.20,1523.55,1532.78,1542.70,1550.66,1545.50,1529.83,1517.21,1502.69,1488.60,1479.07,1470.22,1462.31,1450.64,1434.65,1418.86,1408.22,1402.90,1395.62,1383.47,1365.99,1344.15,1325.32,1308.02,1292.33,1280.15,1270.12,1281.70,1304.96,1323.73,1335.04,1342.93,1348.59,1352.55,1353.56,1351.00,1354.18,1362.02,1373.72,1384.42,1389.55,1387.69,1374.57,1361.87,1343.28,1325.26,1306.85,1287.83,1281.91,1286.43,1285.35,1273.70,1260.75,1260.42,1267.82,1268.59,1276.16,1278.37,1276.52,1274.90,1269.70,1260.11,1242.84,1227.22,1210.70,1198.53,1192.71,1189.19,1185.35,1181.09,1180.31,1176.23,1169.41,1158.86,1144.68,1130.48,1120.73,1111.74,1100.30,1088.00,1075.34,1059.80,1044.82,1034.40,1025.96,1017.58,1012.37,1006.95,1001.16,995.68,990.88,987.80,984.78,981.55,978.30,973.80,968.39,963.12,960.76,959.08,957.12,954.10,950.33,948.49,945.78,943.32,941.43,940.61,940.33,939.97,938.33,935.77,933.62,932.31,932.00,931.79,929.94,927.68,925.13,922.53,923.43,925.60,929.78,931.55,932.87,934.13,935.19,936.18,937.14,938.10,939.05,941.17,944.08,946.81,949.64,954.09,958.92,959.09,950.15,938.06,928.96,925.41,923.52,924.16,925.15,926.12,927.09,928.01,928.92,929.88,933.10,937.28,940.04,938.87,941.60,954.26,963.16,968.72,969.87,968.68,966.83,967.60,970.06,971.67,973.54,973.68,972.18,970.88,970.38,971.31,972.79,974.39,976.11,977.90,979.75,981.90,982.61,981.34,979.91,979.07,978.90,978.89,980.61,983.65,987.14,990.00,990.70,990.50,990.06,989.27,987.95,987.72,989.42,991.41,992.71,992.59,991.72,990.95,990.59,991.68,996.50,1000.52,1002.38,999.80,997.11,995.28,996.66,998.75,1000.44,1002.27,1004.78,1007.88,1009.73,1009.03,1007.00,1008.81,1007.55,1006.62,1007.34,1008.62,1010.87,1012.28,1011.55,1011.75,1010.90,1011.25,1012.21,1013.71,1015.72,1017.13,1018.74,1019.62,1020.41,1021.48,1022.43,1022.20,1022.11
1620.25,1624.87,1630.35,1634.66,1638.14,1637.96,1635.22,1630.23,1615.18,1599.47,1586.34,1571.59,1557.50,1543.68,1531.91,1527.39,1536.11,1550.99,1550.35,1536.86,1532.01,1544.86,1557.95,1562.60,1551.05,1534.08,1523.47,1512.02,1495.28,1482.97,1472.47,1463.92,1451.99,1436.53,1421.70,1408.19,1400.96,1394.54,1382.76,1364.54,1341.55,1318.03,1301.93,1300.62,1295.10,1279.42,1287.96,1307.99,1324.74,1334.71,1343.85,1351.29,1355.09,1357.48,1357.01,1363.14,1375.95,1391.07,1402.14,1404.10,1396.52,1379.36,1363.92,1342.50,1323.18,1307.40,1295.97,1299.31,1301.18,1293.29,1279.30,1276.44,1278.92,1285.69,1288.34,1290.78,1292.54,1288.94,1283.14,1277.34,1266.23,1251.17,1232.60,1216.94,1205.11,1197.74,1194.20,1191.69,1188.14,1182.86,1175.14,1166.74,1156.94,1144.35,1130.74,1119.95,1110.64,1099.09,1088.85,1078.15,1062.97,1049.02,1044.17,1034.01,1023.62,1016.70,1010.00,1003.21,997.72,994.08,991.00,987.81,984.87,981.88,977.61,972.00,967.12,963.54,961.00,958.13,954.42,951.12,948.90,946.44,944.01,942.22,940.71,940.26,939.76,938.73,936.53,934.91,933.95,933.61,932.29,930.21,929.15,926.54,923.18,923.21,924.49,927.68,930.43,931.52,932.73,933.97,935.09,936.31,937.64,938.86,940.59,943.34,946.20,949.07,953.08,957.09,960.17,959.99,952.48,935.96,927.65,924.98,923.96,924.80,925.75,926.71,927.69,928.68,929.73,932.26,934.19,935.46,937.14,944.70,958.04,963.31,963.28,961.31,962.12,968.21,970.45,971.27,972.24,972.76,971.81,970.29,968.94,969.77,971.54,973.26,974.97,976.71,978.44,980.15,981.78,981.21,979.69,978.82,978.09,977.92,979.37,981.61,983.88,987.11,989.22,989.50,989.66,989.46,989.06,988.36,988.37,989.28,991.08,991.44,991.02,990.59,989.32,989.24,991.76,998.53,1001.50,1001.22,998.21,994.99,993.87,995.48,997.34,998.37,999.81,1003.47,1007.12,1007.46,1005.91,1005.35,1006.96,1005.36,1004.41,1006.84,1009.24,1010.55,1010.28,1009.68,1009.71,1009.59,1009.81,1010.89,1012.88,1014.22,1015.90,1017.48,1017.64,1018.78,1020.02,1020.92,1020.39,1020.71
1627.47,1629.38,1631.25,1634.38,1637.30,1635.97,1633.27,1627.09,1613.10,1598.98,1585.20,1569.67,1556.04,1545.80,1538.84,1530.36,1541.88,1554.98,1558.72,1547.81,1541.80,1557.14,1568.41,1569.46,1557.90,1545.65,1534.19,1520.31,1502.33,1488.85,1478.26,1467.20,1452.21,1434.91,1419.30,1407.31,1398.18,1388.78,1377.82,1359.48,1336.21,1316.55,1317.64,1318.32,1305.47,1287.46,1295.45,1315.10,1327.05,1335.37,1344.52,1353.54,1358.51,1362.09,1365.33,1375.84,1391.55,1403.34,1411.72,1412.34,1398.52,1380.38,1362.43,1345.61,1331.66,1314.34,1309.20,1314.80,1312.85,1300.30,1289.80,1294.38,1296.29,1299.34,1301.34,1303.13,1307.91,1302.09,1293.04,1285.98,1276.04,1262.89,1246.11,1225.99,1209.55,1199.17,1195.36,1192.25,1187.30,1178.51,1169.45,1160.07,1150.05,1137.80,1126.93,1116.56,1106.62,1095.04,1085.95,1076.03,1065.69,1059.03,1051.51,1036.66,1027.00,1020.14,1012.94,1006.17,1001.26,997.40,994.34,990.91,987.21,983.37,978.82,973.13,968.36,965.45,963.75,960.25,956.17,952.82,950.30,947.41,944.73,942.86,940.86,940.06,939.33,938.49,937.30,936.34,935.49,934.68,932.94,931.35,930.63,928.05,923.95,923.11,923.95,925.58,928.36,930.11,931.52,932.89,934.34,935.90,937.53,939.13,940.99,943.47,946.27,948.73,951.75,955.53,959.14,961.21,960.17,946.14,930.68,927.02,925.00,924.50,925.39,926.35,927.33,928.30,929.24,930.13,931.27,933.19,937.10,945.19,955.21,958.50,956.20,957.21,962.43,968.72,970.77,971.08,971.09,971.25,970.49,967.90,969.37,971.71,973.45,975.13,976.69,978.16,979.53,980.62,981.19,980.00,978.51,977.42,977.06,978.55,980.80,982.69,984.61,987.08,988.29,988.76,989.17,989.12,989.04,989.22,989.46,990.38,990.84,989.31,988.57,988.40,988.17,989.80,995.10,1000.66,1001.21,998.28,994.65,992.61,992.85,994.25,995.74,996.95,998.88,1003.63,1005.11,1003.95,1002.64,1003.75,1004.84,1002.86,1003.80,1007.65,1010.27,1009.42,1009.23,1008.96,1009.11,1009.10,1009.47,1010.14,1011.26,1012.84,1015.16,1015.37,1015.72,1016.80,1017.86,1018.79,1018.60,1019.27
1632.38,1638.78,1635.07,1634.37,1636.18,1634.37,1632.19,1626.79,1616.20,1603.38,1589.78,1575.94,1560.90,1550.67,1540.62,1533.64,1547.54,1562.27,1567.32,1556.62,1556.04,1569.88,1575.01,1573.42,1567.39,1556.74,1542.45,1524.62,1508.16,1493.38,1483.70,1473.24,1457.21,1438.19,1420.66,1403.95,1391.58,1382.16,1369.80,1350.05,1330.08,1330.93,1340.24,1333.29,1310.91,1292.48,1301.28,1321.67,1336.85,1347.90,1355.22,1357.70,1363.68,1368.13,1375.11,1389.75,1405.09,1415.17,1421.79,1418.62,1401.71,1385.55,1374.03,1361.95,1342.83,1325.10,1324.26,1325.28,1319.96,1308.62,1305.60,1313.99,1317.36,1319.05,1320.11,1321.68,1321.40,1313.80,1304.21,1294.80,1284.58,1272.09,1257.14,1238.64,1219.33,1204.02,1194.70,1188.81,1180.61,1171.27,1160.04,1149.11,1136.64,1127.58,1118.95,1110.71,1101.50,1092.26,1084.80,1079.84,1074.34,1064.97,1050.84,1036.48,1029.16,1022.61,1015.68,1009.43,1004.82,1000.96,997.79,993.56,988.42,983.64,978.72,973.45,969.37,968.88,967.76,961.67,957.34,954.12,950.86,948.15,945.49,943.36,941.07,939.24,938.13,937.22,936.17,935.30,934.59,934.13,933.58,932.54,931.42,928.70,924.41,923.64,923.80,925.62,929.71,931.40,932.55,933.87,935.26,936.63,938.11,939.96,942.38,944.68,946.79,948.78,951.10,954.48,957.86,960.29,961.78,956.51,938.16,929.04,926.71,925.03,925.06,926.00,926.96,927.94,928.80,929.29,929.81,930.84,933.66,938.16,943.19,947.22,953.41,959.84,963.57,968.10,970.11,969.59,968.90,968.95,967.82,967.20,971.06,973.71,975.51,977.08,978.58,979.74,980.32,980.58,980.37,978.76,976.65,976.05,978.38,980.60,981.61,983.32,985.36,986.86,987.60,988.13,988.62,988.70,989.08,989.60,990.24,990.51,989.33,987.55,986.23,987.00,988.80,991.93,997.01,1000.54,999.48,992.56,990.41,990.80,991.89,993.31,995.32,997.61,999.25,1002.69,1001.92,1000.34,1000.31,1002.24,1002.93,1000.53,1002.89,1008.79,1010.30,1008.38,1008.44,1008.31,1008.45,1008.62,1008.93,1009.07,1010.07,1012.50,1013.51,1013.03,1013.73,1014.57,1015.61,1016.53,1016.68,1017.73
1629.83,1636.82,1637.25,1635.57,1634.78,1632.84,1630.64,1624.07,1613.20,1602.26,1589.99,1577.93,1562.52,1549.53,1538.84,1540.54,1554.92,1572.20,1574.07,1563.53,1569.18,1577.73,1579.69,1575.43,1569.58,1557.21,1541.88,1527.16,1511.29,1493.08,1477.36,1467.05,1453.62,1437.94,1418.47,1400.07,1384.10,1373.40,1357.77,1340.50,1335.58,1351.75,1358.25,1341.38,1318.47,1300.12,1308.53,1324.78,1334.96,1346.74,1359.06,1365.78,1373.13,1380.20,1389.96,1403.37,1418.34,1429.04,1432.70,1424.86,1408.16,1400.80,1386.60,1368.52,1349.58,1334.89,1337.36,1336.16,1330.32,1324.61,1322.55,1327.71,1334.32,1339.10,1341.76,1340.21,1333.19,1322.28,1309.09,1298.13,1286.07,1275.08,1261.52,1246.21,1228.75,1212.53,1198.59,1188.84,1177.83,1167.49,1158.66,1152.27,1142.63,1132.89,1123.72,1112.54,1104.69,1099.02,1092.76,1085.56,1075.76,1061.91,1046.86,1036.45,1030.57,1024.73,1018.90,1013.40,1009.39,1005.69,1001.38,995.96,990.28,985.55,980.89,976.53,973.06,972.26,970.11,963.22,958.76,955.48,951.37,948.44,946.03,943.40,940.85,938.31,936.54,935.66,934.46,933.38,932.77,932.46,932.49,932.45,931.26,927.70,924.49,923.95,924.02,925.98,930.02,932.05,934.02,935.67,937.11,938.51,939.66,941.58,943.82,945.34,947.36,948.98,950.80,953.54,956.53,958.58,961.14,960.76,946.17,931.97,928.05,926.48,925.30,925.68,926.64,927.60,928.26,928.71,929.17,929.65,930.65,933.77,936.54,940.93,950.77,958.73,962.82,965.40,967.18,966.73,965.75,965.34,964.84,968.64,971.83,973.39,974.12,976.44,979.08,980.04,980.16,979.43,978.50,976.43,974.89,976.84,979.90,981.50,982.48,983.84,985.43,985.74,986.57,987.49,988.02,988.25,988.70,989.51,989.89,988.81,987.12,985.42,985.74,988.01,990.55,994.20,998.05,1000.09,996.06,989.68,989.17,989.89,991.55,993.84,996.26,998.68,1000.51,1001.99,999.78,998.29,999.32,1001.08,1001.27,999.22,1003.88,1009.75,1009.16,1007.14,1007.62,1007.65,1007.76,1008.14,1008.42,1008.74,1010.07,1011.76,1011.06,1010.97,1011.92,1012.67,1013.43,1014.33,1015.81,1018.24
1628.99,1631.72,1632.55,1633.42,1632.65,1631.43,1628.66,1621.71,1609.30,1597.58,1587.38,1576.49,1561.04,1545.82,1540.90,1548.39,1563.98,1579.35,1580.77,1571.73,1577.60,1582.38,1581.11,1575.71,1569.15,1559.66,1550.98,1537.74,1517.93,1496.62,1472.22,1452.18,1439.44,1426.31,1408.13,1393.63,1377.56,1366.05,1357.89,1350.08,1351.79,1374.77,1369.74,1342.94,1321.89,1307.66,1322.18,1340.43,1349.26,1351.47,1358.75,1368.53,1380.41,1391.85,1403.32,1414.79,1430.63,1441.82,1442.89,1432.52,1418.68,1410.26,1391.10,1371.38,1355.16,1350.33,1350.67,1349.13,1347.06,1342.65,1338.76,1343.26,1352.30,1358.27,1358.56,1352.07,1337.42,1322.93,1308.59,1295.85,1283.14,1273.18,1262.20,1248.77,1235.38,1222.17,1210.85,1197.88,1185.87,1176.95,1169.93,1165.07,1157.42,1145.23,1134.99,1124.27,1115.46,1106.02,1095.42,1083.42,1070.24,1058.71,1047.86,1037.59,1032.71,1028.71,1023.66,1018.20,1013.69,1008.92,1003.00,997.56,993.28,988.95,984.52,980.07,977.11,974.40,970.23,965.07,961.11,957.13,952.47,948.72,945.79,942.50,939.67,937.33,935.08,933.82,932.93,931.59,930.94,930.76,930.90,931.51,931.08,928.44,924.65,924.26,924.28,925.01,926.85,930.17,932.92,935.33,937.69,939.81,941.07,941.60,942.08,944.03,946.56,948.77,950.76,953.16,955.56,957.88,959.46,961.67,957.31,940.03,929.71,927.76,926.46,925.67,926.33,927.13,927.68,928.13,928.60,929.06,929.51,930.52,933.05,936.21,939.91,945.05,954.57,960.45,962.65,963.21,962.54,962.48,965.40,969.45,971.42,971.21,970.80,973.37,977.20,979.25,979.11,977.29,975.38,973.85,975.29,978.34,980.62,982.10,983.31,984.03,984.58,984.45,985.05,986.38,987.36,987.79,988.30,988.63,988.08,986.76,984.90,984.28,986.80,989.21,992.77,995.84,998.02,997.45,991.64,988.66,988.88,990.18,992.36,994.76,997.07,999.07,1000.47,999.99,997.66,997.73,999.90,1000.69,999.87,998.24,1003.63,1005.37,1004.64,1006.21,1006.75,1006.98,1007.08,1007.88,1008.85,1008.38,1009.12,1010.25,1009.66,1009.70,1010.25,1010.94,1011.64,1013.12,1016.50,1019.37
1627.03,1628.55,1630.15,1631.55,1629.80,1625.87,1621.38,1614.65,1605.73,1592.26,1580.40,1569.95,1557.67,1547.63,1550.70,1560.68,1574.54,1586.45,1587.88,1585.75,1586.79,1584.91,1580.23,1574.26,1568.39,1561.02,1551.18,1538.93,1520.90,1496.66,1472.84,1451.56,1432.87,1418.72,1403.70,1394.96,1386.93,1382.73,1382.64,1361.66,1368.05,1388.45,1373.91,1344.16,1322.61,1315.34,1331.21,1350.41,1364.91,1366.57,1371.27,1379.66,1385.65,1399.85,1416.72,1428.85,1441.79,1451.63,1449.45,1439.81,1429.96,1419.39,1400.79,1381.49,1369.48,1367.05,1366.39,1365.65,1365.06,1362.45,1361.29,1364.52,1369.72,1371.46,1369.10,1357.99,1339.37,1323.64,1311.70,1299.44,1284.43,1272.24,1262.58,1250.18,1239.89,1230.74,1219.18,1205.49,1193.33,1187.66,1181.06,1174.97,1167.78,1155.74,1142.45,1131.49,1121.41,1110.54,1099.27,1084.44,1067.42,1056.79,1048.06,1039.81,1035.59,1032.03,1027.33,1020.85,1014.92,1009.56,1004.49,1000.90,996.88,991.89,987.76,983.03,978.61,975.20,972.14,969.24,965.25,958.93,953.36,948.67,945.18,941.76,938.76,936.24,933.85,931.93,931.23,930.37,929.76,929.72,930.10,930.70,930.49,928.54,924.96,924.54,924.50,924.80,925.03,927.12,931.17,933.33,935.92,938.34,939.54,938.88,940.34,942.99,945.56,947.93,950.40,952.70,955.10,957.20,958.37,959.54,962.17,955.40,937.31,929.23,927.80,926.63,926.14,926.62,927.09,927.56,928.03,928.50,929.06,929.62,930.23,932.39,935.37,937.17,939.93,946.56,952.58,957.24,959.85,962.38,965.81,968.70,969.88,969.57,969.83,972.56,976.11,977.51,976.63,974.85,973.33,973.08,975.83,979.24,981.06,982.44,982.87,983.15,983.46,983.26,983.51,984.81,986.17,987.18,987.31,986.65,985.63,984.52,983.15,984.60,988.05,990.91,992.63,993.83,995.64,992.68,989.16,987.69,989.15,991.06,992.87,994.31,996.30,998.13,999.04,998.25,995.91,996.80,999.13,998.81,996.41,997.76,1001.00,999.42,1001.23,1004.63,1005.85,1006.25,1006.49,1007.69,1009.08,1009.15,1008.42,1009.00,1009.02,1009.09,1009.41,1009.70,1010.21,1012.10,1016.59,1020.21
1628.36,1629.13,1630.40,1631.20,1629.76,1623.60,1617.75,1607.64,1597.10,1586.61,1573.20,1560.74,1553.99,1553.81,1556.90,1565.33,1579.82,1589.68,1592.52,1592.01,1588.46,1582.72,1576.39,1569.18,1561.91,1551.68,1542.19,1531.84,1515.67,1493.21,1473.05,1457.33,1445.61,1432.61,1419.81,1416.19,1408.91,1404.97,1397.80,1373.24,1377.91,1395.94,1379.89,1346.87,1325.11,1324.93,1337.59,1354.93,1372.43,1383.33,1391.46,1399.75,1401.43,1405.60,1421.41,1440.12,1452.55,1459.29,1455.03,1449.34,1442.78,1430.87,1413.30,1395.98,1384.26,1381.74,1380.34,1381.17,1380.17,1378.84,1378.74,1381.40,1384.29,1382.85,1377.32,1364.32,1345.11,1329.03,1317.12,1306.35,1292.97,1277.90,1264.99,1251.73,1241.67,1233.58,1222.86,1210.08,1198.50,1193.49,1189.11,1182.11,1175.02,1164.78,1150.15,1139.46,1126.82,1113.38,1101.60,1085.94,1069.76,1059.60,1051.62,1043.18,1037.51,1033.80,1029.64,1023.20,1016.85,1011.51,1007.80,1003.98,998.98,994.21,990.90,986.89,984.37,985.10,981.27,975.38,969.82,960.07,953.32,948.52,944.94,941.36,938.28,935.54,932.86,930.55,929.82,929.67,929.42,929.37,929.57,929.53,928.84,927.04,925.05,924.82,925.01,926.78,927.44,926.38,928.13,930.71,933.44,935.32,936.26,936.41,939.27,942.02,944.57,947.30,950.03,952.56,954.82,956.42,957.49,958.54,959.88,962.20,950.20,934.33,929.22,927.95,927.07,926.67,926.94,927.20,927.56,928.11,928.72,929.30,929.61,929.98,931.65,933.54,935.08,937.61,944.36,956.70,961.24,963.49,965.46,966.79,968.05,969.13,970.92,973.77,975.81,974.73,973.94,972.46,971.62,973.04,976.05,978.82,980.76,981.90,981.51,981.83,982.24,982.00,982.04,983.26,984.77,985.88,985.40,984.48,983.48,982.37,981.88,984.89,988.59,990.52,989.68,992.13,992.33,989.26,987.60,987.01,988.63,989.73,990.74,992.05,994.45,996.85,997.46,996.69,994.65,994.66,995.33,995.10,994.49,997.07,998.25,997.88,999.64,1001.76,1004.19,1005.44,1006.09,1007.61,1009.37,1010.16,1009.04,1008.24,1008.25,1008.56,1008.84,1009.10,1009.59,1010.96,1015.49,1017.93
1631.99,1632.43,1633.49,1633.37,1630.88,1626.96,1623.01,1614.44,1601.67,1590.75,1576.24,1565.72,1558.34,1558.72,1563.84,1567.72,1580.55,1590.46,1594.37,1593.93,1589.05,1581.10,1572.30,1564.09,1553.61,1542.42,1531.85,1519.41,1504.22,1487.85,1477.08,1470.85,1460.36,1447.50,1438.20,1431.08,1421.43,1416.00,1403.42,1381.50,1386.13,1400.01,1383.18,1351.54,1330.47,1333.14,1342.11,1353.35,1370.70,1389.35,1404.76,1414.40,1419.41,1421.26,1428.76,1449.36,1461.43,1464.47,1462.48,1458.95,1451.23,1436.30,1419.92,1404.70,1398.83,1399.14,1397.12,1396.66,1397.14,1396.24,1394.35,1393.27,1392.51,1387.58,1377.92,1361.86,1341.08,1325.66,1314.37,1304.13,1291.65,1277.35,1263.68,1252.61,1243.05,1231.40,1218.18,1206.25,1196.78,1193.31,1189.80,1184.08,1177.21,1165.93,1151.61,1139.12,1125.09,1109.72,1097.02,1082.00,1071.32,1061.52,1052.56,1045.04,1039.29,1035.47,1031.27,1025.07,1019.86,1015.34,1011.18,1005.65,999.71,997.21,995.45,995.27,996.80,995.70,989.92,979.51,971.94,959.05,951.53,947.66,944.47,941.18,938.26,935.48,932.68,930.15,929.52,929.31,929.06,928.81,928.70,928.11,927.56,927.31,926.14,925.30,926.13,929.90,929.84,928.35,926.87,928.09,930.79,932.28,932.91,934.18,937.82,940.97,944.13,948.41,951.13,952.93,954.24,955.78,956.94,957.97,959.01,961.14,956.34,942.55,933.09,929.22,928.16,927.65,928.11,928.18,928.40,928.13,928.48,929.03,929.31,929.56,929.87,930.58,932.48,936.49,942.06,953.42,960.44,962.15,963.56,966.04,968.62,970.51,972.60,974.38,973.42,971.59,970.89,970.30,970.92,974.36,978.08,980.13,980.98,980.96,980.09,980.26,981.09,980.62,980.58,982.48,984.27,983.63,983.26,982.27,981.68,980.73,981.29,984.62,987.62,988.59,987.81,990.75,989.07,986.05,985.67,986.03,987.24,988.24,989.16,990.46,993.02,995.61,995.81,995.02,993.53,992.14,991.97,991.89,992.80,994.75,995.77,996.67,998.27,999.93,1002.18,1004.56,1006.50,1008.61,1010.30,1010.23,1008.52,1007.48,1007.64,1008.15,1008.45,1008.93,1009.53,1011.01,1013.43,1010.82
1635.33,1635.64,1636.90,1637.17,1636.24,1632.35,1626.71,1621.07,1612.13,1602.41,1591.75,1581.51,1567.23,1566.26,1571.14,1575.05,1584.60,1592.29,1596.09,1597.80,1593.82,1586.18,1577.24,1566.06,1553.62,1538.53,1524.00,1508.32,1498.28,1499.17,1498.95,1493.54,1479.93,1463.83,1458.04,1447.63,1437.56,1424.84,1408.09,1389.65,1395.55,1402.61,1383.85,1356.73,1340.27,1346.77,1356.25,1362.51,1371.13,1388.20,1406.20,1421.74,1432.72,1441.39,1447.57,1459.96,1468.50,1469.73,1469.22,1466.35,1458.57,1443.17,1424.71,1415.27,1415.17,1415.18,1412.77,1409.69,1408.36,1406.24,1402.17,1397.40,1392.30,1383.80,1370.56,1354.77,1333.46,1315.38,1301.45,1289.36,1276.23,1261.55,1249.44,1240.39,1227.86,1214.08,1202.56,1194.62,1189.25,1186.48,1183.42,1179.18,1171.80,1160.24,1147.81,1134.13,1116.62,1103.24,1094.36,1086.32,1076.20,1063.84,1054.38,1047.57,1041.57,1036.32,1031.19,1028.01,1023.72,1019.01,1014.42,1009.53,1005.77,1005.04,1004.63,1006.57,1006.95,1001.68,992.73,980.31,967.37,952.56,948.40,946.26,943.37,940.47,937.92,935.44,932.87,930.51,929.60,929.26,928.90,928.62,928.46,928.77,929.98,930.29,928.24,926.73,928.38,930.90,931.00,930.04,928.62,927.80,928.08,929.21,930.30,932.10,935.54,939.19,943.92,948.94,950.91,951.85,953.42,955.06,956.42,957.47,958.50,959.75,960.64,951.12,940.19,931.42,929.20,929.57,930.07,929.60,931.17,930.14,928.79,928.81,929.07,929.43,929.78,929.90,930.63,933.95,937.43,942.13,953.47,959.64,963.21,967.29,970.17,971.39,973.13,972.63,970.35,965.80,964.68,967.56,971.28,975.06,978.78,979.61,979.34,978.39,976.99,978.80,979.71,978.65,979.12,982.73,981.77,981.32,981.09,979.94,979.76,979.40,980.82,983.67,986.25,987.10,986.13,988.53,985.95,983.67,984.43,985.52,986.69,987.81,988.93,990.33,992.59,994.47,993.79,992.90,992.26,990.76,990.32,990.40,991.70,993.39,995.19,997.25,999.05,1000.96,1003.16,1005.01,1006.67,1008.21,1009.65,1009.37,1007.66,1006.78,1007.22,1007.68,1008.08,1008.41,1008.75,1009.53,1009.03,1005.26
1635.61,1635.70,1636.48,1638.66,1637.88,1633.86,1628.29,1624.34,1620.13,1616.66,1609.81,1596.30,1576.80,1576.02,1578.99,1583.02,1591.03,1595.28,1599.08,1601.36,1598.52,1590.40,1581.15,1566.75,1552.74,1537.48,1521.36,1509.19,1513.89,1521.01,1520.48,1511.82,1497.57,1486.65,1478.50,1466.95,1451.76,1431.32,1409.40,1398.90,1407.35,1405.92,1387.20,1363.03,1349.36,1357.13,1366.06,1377.71,1385.64,1393.49,1405.97,1422.68,1435.03,1450.48,1464.18,1475.54,1480.49,1478.19,1476.90,1474.31,1465.63,1451.66,1433.59,1430.05,1429.18,1427.82,1425.68,1421.15,1416.54,1411.07,1403.59,1395.70,1387.48,1375.68,1362.09,1348.74,1328.01,1307.71,1287.96,1273.46,1259.15,1244.89,1233.72,1222.00,1209.79,1199.93,1191.96,1185.26,1178.77,1172.79,1169.40,1167.58,1161.85,1152.98,1141.92,1125.63,1110.46,1102.11,1099.68,1092.07,1080.26,1066.93,1056.59,1049.65,1042.71,1037.32,1035.30,1032.72,1027.89,1022.63,1018.15,1014.96,1014.85,1016.36,1017.74,1018.37,1015.84,1006.79,994.89,980.46,960.98,949.08,946.65,944.64,942.06,939.70,937.34,935.00,932.79,930.85,929.93,929.54,929.12,928.81,929.09,930.20,934.75,930.98,928.69,927.77,930.23,931.55,932.22,932.00,931.36,930.72,929.38,928.79,928.82,930.10,933.24,937.21,942.09,945.96,948.55,950.99,952.64,954.27,955.82,956.97,958.02,959.08,960.93,957.75,946.20,935.28,931.95,937.05,938.92,936.00,935.72,934.03,930.59,929.23,929.16,929.47,929.75,929.85,929.92,931.67,935.03,937.99,946.32,957.04,962.36,964.88,967.58,970.57,972.04,970.65,963.71,959.14,962.34,970.23,972.81,974.37,976.09,975.95,975.14,974.39,975.87,977.46,976.67,975.84,978.49,981.98,980.00,979.04,979.42,978.44,978.17,978.76,980.29,982.40,984.78,985.44,985.73,985.77,983.24,982.55,984.58,985.74,986.82,987.95,989.01,990.30,992.27,992.92,991.57,990.69,990.61,989.09,988.96,990.40,992.28,994.16,996.02,998.15,1000.10,1001.42,1002.01,1002.05,1003.78,1005.40,1004.93,1005.12,1005.32,1005.67,1005.98,1006.26,1006.56,1006.87,1007.14,1006.48,1002.09,996.18
1635.23,1635.49,1636.60,1638.30,1636.91,1631.52,1626.22,1623.72,1622.68,1622.23,1616.57,1598.95,1585.43,1586.75,1589.27,1591.44,1597.39,1599.78,1603.32,1604.15,1598.38,1588.83,1578.09,1561.85,1546.31,1531.03,1519.91,1524.22,1532.42,1540.04,1538.64,1525.30,1514.46,1500.78,1485.28,1470.04,1448.34,1424.41,1410.23,1412.54,1420.00,1412.07,1394.18,1372.50,1357.20,1364.77,1372.53,1387.01,1402.13,1410.88,1418.23,1434.07,1447.20,1458.86,1473.01,1486.47,1492.06,1489.27,1485.60,1483.59,1473.90,1461.09,1451.14,1446.82,1442.56,1436.88,1431.59,1424.23,1415.98,1406.90,1396.26,1385.33,1374.98,1364.97,1352.90,1337.45,1317.63,1298.52,1278.12,1259.53,1244.44,1235.34,1228.85,1220.43,1211.39,1207.35,1200.13,1190.63,1179.21,1166.44,1158.03,1154.26,1150.30,1143.67,1131.50,1116.86,1109.31,1107.31,1103.97,1096.44,1081.39,1068.38,1057.18,1049.73,1044.14,1042.57,1041.11,1037.97,1031.78,1026.44,1023.81,1022.95,1023.97,1025.71,1026.78,1026.74,1021.66,1009.30,995.73,978.96,958.42,949.55,947.83,945.46,942.46,939.50,937.54,935.82,934.12,932.68,931.34,929.87,929.38,929.20,929.43,931.51,938.82,931.67,928.55,929.04,930.57,931.74,932.86,933.77,934.57,934.99,933.87,931.80,930.13,929.44,931.05,935.25,940.55,945.02,949.14,950.99,952.58,954.01,955.16,956.34,957.50,958.59,959.87,960.22,948.97,938.31,938.69,944.97,947.79,946.38,941.80,939.91,936.14,931.55,929.75,929.63,929.79,929.86,929.96,931.70,934.81,937.77,943.36,952.60,957.79,962.01,968.14,970.61,970.06,965.60,957.72,960.69,968.95,972.16,972.27,971.33,972.54,973.04,972.89,973.71,975.42,975.33,974.36,974.66,978.53,981.43,979.36,977.33,977.20,976.86,977.41,979.03,980.46,981.76,983.36,984.07,983.45,980.66,980.16,982.38,984.94,986.05,987.06,988.09,989.04,989.90,991.20,991.59,989.97,988.22,988.19,987.37,989.41,991.49,993.24,995.03,996.80,998.28,999.19,1000.01,1000.11,999.34,1000.91,1002.39,1000.21,1000.22,1001.81,1003.33,1003.27,1003.55,1003.91,1004.38,1005.10,1003.02,997.82,988.60
1632.91,1633.71,1635.95,1637.27,1633.83,1627.99,1622.79,1620.25,1621.71,1622.62,1617.94,1601.38,1598.62,1601.85,1603.95,1604.88,1606.02,1607.78,1609.17,1605.29,1594.72,1583.63,1570.68,1557.90,1551.75,1539.56,1532.80,1546.57,1555.03,1558.83,1551.67,1536.85,1521.78,1502.66,1483.22,1462.75,1439.32,1425.24,1428.17,1431.13,1433.45,1420.72,1403.15,1380.66,1365.26,1372.65,1380.46,1395.13,1413.77,1427.10,1433.43,1443.60,1461.35,1474.09,1486.73,1497.52,1502.25,1498.47,1494.42,1492.67,1485.93,1476.73,1472.71,1462.73,1450.65,1438.18,1425.91,1414.07,1402.31,1389.46,1376.66,1368.06,1361.05,1349.39,1336.05,1319.58,1302.76,1285.38,1267.21,1256.31,1255.15,1253.97,1248.95,1239.65,1228.71,1222.26,1214.23,1201.45,1189.42,1176.57,1163.85,1154.20,1145.34,1137.94,1130.74,1124.71,1118.53,1111.73,1104.08,1092.70,1078.86,1067.28,1057.12,1052.64,1052.19,1050.78,1047.04,1042.88,1037.70,1034.79,1034.09,1034.48,1037.10,1037.31,1034.67,1032.06,1023.16,1008.01,993.80,975.54,959.51,953.27,950.40,948.34,945.39,941.77,939.49,937.61,936.11,934.95,933.08,930.75,929.97,929.85,929.83,931.04,938.15,934.44,929.03,929.95,931.09,932.00,933.43,934.35,935.28,935.91,936.17,936.11,934.12,931.57,930.41,933.92,939.13,943.99,948.84,951.35,952.45,953.15,954.16,955.36,956.60,957.80,959.01,960.50,951.13,939.73,942.61,949.66,951.92,951.52,950.11,947.88,944.22,937.83,932.75,930.53,930.12,930.38,930.27,932.45,935.01,937.39,941.65,950.88,956.83,962.57,966.43,966.67,964.22,958.99,957.88,968.54,971.55,971.84,970.52,969.40,969.94,970.76,971.85,973.58,974.18,973.46,973.21,974.96,979.36,980.78,978.72,976.22,975.15,975.79,977.04,978.84,980.49,981.50,982.65,982.75,980.37,978.97,979.93,982.54,985.05,986.12,986.89,987.66,988.36,988.80,989.85,989.63,987.46,985.60,985.33,987.99,990.61,992.20,993.80,995.37,995.88,996.42,997.48,998.25,998.24,997.52,998.81,999.58,998.45,998.28,999.44,1000.69,1001.13,1000.76,1001.36,1002.28,1003.34,1001.83,997.86,985.74
1627.72,1629.97,1632.92,1633.65,1629.58,1622.70,1618.60,1618.92,1622.26,1623.10,1620.15,1610.73,1608.87,1613.45,1614.69,1616.30,1616.21,1616.18,1615.38,1609.86,1599.95,1590.41,1576.62,1571.39,1564.67,1548.02,1550.17,1563.80,1572.20,1571.14,1556.99,1539.85,1520.38,1499.97,1478.63,1454.48,1440.79,1445.28,1448.09,1446.47,1442.56,1428.38,1408.63,1384.59,1375.17,1383.05,1389.34,1400.37,1423.37,1441.68,1451.05,1454.19,1466.90,1485.38,1499.92,1510.64,1515.54,1512.65,1506.13,1502.60,1498.66,1492.90,1486.32,1473.92,1459.41,1445.36,1432.84,1415.24,1398.09,1380.93,1366.64,1356.12,1344.39,1331.14,1317.12,1302.75,1288.93,1276.94,1273.79,1276.56,1277.83,1276.00,1270.72,1259.67,1246.03,1237.27,1227.84,1213.20,1199.61,1187.24,1175.19,1161.62,1150.76,1144.05,1139.22,1133.06,1123.81,1111.64,1097.54,1084.44,1075.91,1069.66,1066.68,1066.63,1063.32,1056.97,1051.95,1050.45,1049.80,1047.73,1046.91,1049.74,1052.57,1049.22,1040.53,1031.76,1018.40,1004.28,989.06,972.21,962.11,958.25,955.02,952.45,949.46,945.90,942.19,939.51,938.53,937.32,935.10,933.11,931.83,931.51,931.37,931.72,936.47,936.22,929.46,929.87,930.92,932.70,934.81,935.72,936.32,936.94,938.20,939.53,939.34,936.46,933.07,932.72,936.69,940.41,945.17,949.40,951.06,952.01,953.16,954.36,955.60,956.87,958.32,960.02,953.63,943.23,946.89,951.49,953.64,953.48,952.55,951.90,949.56,942.24,938.11,936.58,932.61,932.40,932.25,933.23,934.92,936.90,939.02,945.50,953.52,959.33,960.78,958.36,954.50,953.33,961.64,970.44,971.33,970.38,969.17,968.52,969.01,969.96,971.51,973.22,972.63,971.89,973.10,975.45,979.75,979.60,977.35,974.98,974.02,975.27,976.70,978.20,979.64,980.90,982.01,981.25,979.25,978.50,980.27,982.38,984.37,985.30,986.00,986.81,987.13,987.46,988.24,987.09,984.80,983.38,985.26,989.26,991.26,992.57,993.71,994.29,993.61,993.79,995.17,996.33,996.24,995.88,996.71,997.15,996.54,997.24,998.00,998.72,999.34,999.09,999.31,1000.37,1001.76,1000.17,993.78,980.64
1620.18,1625.20,1628.64,1628.40,1621.47,1617.67,1615.58,1617.62,1620.62,1622.03,1622.63,1621.02,1618.58,1620.72,1621.83,1623.01,1623.18,1622.63,1621.35,1617.39,1611.17,1599.59,1587.12,1584.84,1571.16,1556.02,1568.67,1580.74,1584.93,1578.16,1560.51,1539.63,1516.82,1495.76,1473.58,1456.17,1458.89,1462.38,1461.55,1454.45,1442.91,1426.33,1406.61,1386.93,1388.32,1400.42,1408.58,1411.56,1429.22,1448.69,1463.34,1472.81,1479.93,1493.25,1509.32,1522.41,1528.74,1528.23,1520.32,1512.84,1507.10,1503.14,1494.86,1483.59,1472.03,1456.75,1441.19,1424.31,1406.71,1390.03,1368.53,1351.03,1337.25,1326.25,1315.70,1304.50,1294.78,1289.72,1292.18,1297.42,1298.84,1295.35,1289.48,1280.36,1265.99,1251.46,1240.33,1224.23,1208.41,1194.15,1179.99,1165.70,1155.86,1149.50,1142.76,1133.05,1120.24,1103.11,1089.29,1085.34,1082.84,1077.40,1075.03,1074.01,1068.26,1062.70,1062.38,1064.15,1064.75,1062.82,1061.17,1062.38,1059.66,1051.29,1039.00,1023.54,1011.08,997.41,983.69,971.63,966.15,963.45,960.23,957.55,954.07,949.01,945.30,942.87,941.62,939.63,937.48,935.63,934.08,933.78,933.62,932.68,935.02,934.89,929.89,930.02,931.72,934.00,936.25,937.29,937.73,937.74,938.86,940.57,941.76,940.70,937.18,934.09,934.88,938.30,941.32,945.50,949.15,950.99,952.19,953.36,954.69,956.23,957.78,959.41,954.11,945.29,949.63,953.00,955.25,955.43,954.62,954.25,951.90,947.35,945.60,943.65,937.95,935.88,935.31,934.90,934.93,936.13,937.48,939.15,943.15,949.91,949.95,947.89,948.97,955.23,966.37,970.64,970.28,968.96,967.87,967.82,968.94,970.14,971.90,972.25,970.88,970.92,973.49,976.09,978.72,977.50,974.76,973.31,973.64,975.84,977.06,978.20,979.33,980.43,981.16,980.35,978.08,978.64,980.79,982.26,983.56,984.58,985.16,985.88,985.59,986.05,986.63,985.15,982.56,982.65,985.77,988.66,990.31,991.34,992.17,992.88,991.90,991.27,992.50,994.12,994.24,993.94,994.37,994.84,995.09,995.81,996.49,997.18,997.87,997.88,998.00,999.46,1000.61,997.04,988.39,975.87
1614.05,1619.43,1620.83,1617.52,1611.74,1614.10,1613.11,1613.63,1615.42,1619.12,1623.17,1625.49,1624.99,1625.33,1626.64,1627.84,1628.22,1627.63,1625.91,1622.93,1617.44,1605.53,1598.07,1590.12,1573.64,1573.97,1587.17,1592.99,1593.43,1583.36,1563.89,1545.28,1522.04,1496.29,1476.26,1477.25,1478.93,1474.07,1468.91,1457.10,1443.98,1426.57,1404.88,1393.55,1404.11,1414.62,1425.97,1427.73,1433.50,1450.26,1467.17,1486.82,1498.83,1506.28,1519.18,1532.50,1542.93,1544.40,1535.30,1525.10,1517.15,1512.48,1503.74,1493.08,1479.19,1459.20,1441.74,1424.41,1406.01,1389.17,1367.21,1356.26,1351.42,1343.54,1331.70,1324.74,1316.22,1308.76,1313.94,1317.84,1315.61,1308.33,1301.11,1293.51,1283.37,1267.70,1248.16,1230.58,1211.61,1194.96,1182.34,1169.97,1156.93,1148.01,1136.18,1122.50,1106.65,1097.57,1095.72,1096.31,1091.88,1082.81,1081.38,1078.28,1075.46,1073.21,1074.70,1080.67,1083.12,1081.00,1076.96,1072.06,1059.80,1044.97,1028.89,1014.06,1002.84,990.29,982.89,976.36,972.19,969.29,965.76,962.53,958.99,953.39,948.99,946.82,944.92,941.85,939.13,937.45,936.30,936.17,935.70,934.51,934.38,933.51,931.25,931.37,933.55,935.43,937.61,938.74,938.78,938.56,939.00,940.51,943.27,942.96,940.47,936.96,935.54,937.43,939.32,941.65,945.82,949.53,951.21,952.55,954.06,955.60,957.08,958.00,952.45,946.62,949.49,954.05,957.08,957.43,957.04,956.69,953.64,951.16,952.36,951.39,943.81,939.35,938.56,937.00,935.96,936.53,937.41,938.50,939.61,942.14,945.24,949.55,955.73,963.75,969.86,970.31,968.85,967.07,966.65,968.24,969.81,971.24,971.45,970.26,969.59,970.22,973.37,976.35,976.94,975.57,972.25,971.30,973.78,975.48,976.50,977.58,978.68,979.75,980.29,978.90,976.55,978.25,980.41,981.71,982.90,984.00,984.39,984.54,983.74,984.25,984.57,982.05,980.18,982.45,985.48,987.29,988.66,989.56,990.65,991.66,990.80,989.64,990.52,992.29,992.31,992.25,992.63,993.10,993.68,994.28,994.94,995.62,996.31,996.58,997.13,998.98,999.36,993.53,983.06,972.04
1610.11,1614.26,1614.46,1609.42,1606.67,1610.85,1610.59,1609.33,1611.07,1617.48,1623.82,1628.64,1630.37,1630.31,1631.15,1632.42,1632.49,1631.40,1629.81,1626.94,1622.19,1613.96,1602.57,1590.06,1581.03,1590.33,1598.42,1602.90,1599.04,1584.75,1566.39,1547.52,1523.98,1500.33,1490.45,1493.05,1487.09,1477.60,1470.93,1459.17,1444.25,1426.05,1405.26,1407.13,1420.88,1432.90,1444.07,1446.66,1445.10,1454.20,1470.43,1493.11,1507.60,1518.35,1531.63,1546.75,1555.79,1555.68,1549.56,1538.04,1528.67,1519.43,1507.93,1491.41,1474.08,1455.38,1435.81,1416.56,1400.75,1387.48,1378.25,1374.36,1370.18,1362.83,1353.52,1347.39,1341.84,1334.56,1335.28,1332.58,1325.70,1316.33,1308.29,1299.77,1288.83,1274.33,1252.06,1229.18,1211.38,1199.61,1188.80,1172.23,1155.14,1141.07,1127.14,1118.14,1114.68,1113.70,1112.16,1106.92,1094.16,1089.44,1088.40,1089.45,1089.85,1084.63,1088.14,1097.40,1099.91,1095.80,1089.28,1078.78,1060.19,1041.60,1025.13,1013.71,1003.95,996.02,991.53,986.59,980.44,975.38,970.79,966.84,963.21,958.75,953.99,950.72,947.58,944.21,941.32,939.38,938.59,938.56,937.64,936.41,935.24,934.16,933.27,933.42,938.25,938.69,939.47,940.14,939.79,939.75,940.00,941.23,944.56,944.91,942.08,938.94,937.48,937.09,938.66,939.67,942.22,946.53,950.04,951.65,953.10,954.52,955.87,955.02,951.09,949.15,949.56,954.39,958.76,959.49,959.62,958.83,955.39,955.36,957.60,957.09,951.41,944.84,940.81,938.45,937.02,937.34,938.49,940.66,943.63,946.92,951.64,958.28,964.30,967.81,969.65,968.66,966.39,965.15,966.60,968.67,970.38,971.13,969.99,968.84,968.90,970.06,973.36,975.32,974.72,973.76,970.66,970.00,972.25,974.48,975.50,976.63,977.53,978.10,978.02,975.80,975.06,976.64,979.53,981.06,982.30,983.21,982.72,982.46,981.49,980.83,980.19,979.08,979.62,982.07,984.79,986.21,987.68,989.20,990.53,990.59,989.79,988.70,989.27,990.43,990.49,990.70,991.27,991.92,992.51,993.03,993.53,994.10,994.76,995.25,996.36,998.31,996.21,989.25,977.53,967.99
1606.02,1609.26,1608.61,1601.78,1599.97,1603.54,1604.47,1606.01,1611.89,1620.37,1627.06,1631.84,1634.12,1634.55,1634.80,1635.69,1635.24,1633.47,1631.76,1629.86,1624.97,1617.63,1605.30,1594.02,1590.83,1601.16,1609.91,1611.20,1603.30,1585.25,1566.38,1547.74,1526.13,1509.76,1505.15,1497.17,1484.03,1475.20,1468.89,1457.96,1441.42,1421.70,1412.88,1423.24,1438.47,1451.70,1462.59,1467.61,1466.44,1467.73,1476.78,1497.88,1515.08,1530.35,1545.05,1560.49,1567.02,1565.00,1558.29,1547.64,1536.30,1525.05,1510.99,1494.59,1477.24,1455.29,1435.89,1423.83,1414.74,1407.23,1400.60,1394.99,1388.87,1380.84,1373.03,1366.88,1360.46,1353.86,1347.99,1337.15,1326.88,1316.64,1307.41,1297.79,1284.44,1269.78,1251.89,1232.78,1216.12,1202.06,1187.04,1167.34,1148.71,1138.28,1137.61,1136.50,1131.85,1127.02,1119.90,1107.42,1101.51,1099.00,1101.37,1106.36,1107.30,1100.89,1099.27,1108.33,1109.54,1102.73,1092.59,1080.41,1063.06,1048.43,1040.40,1028.54,1014.59,1005.04,998.84,993.79,987.81,980.70,975.30,970.53,966.30,962.59,958.85,954.74,950.43,947.23,944.46,942.16,941.30,940.99,939.49,938.21,937.23,936.24,934.81,935.82,941.56,944.14,944.01,943.08,942.12,941.98,942.38,942.86,945.59,945.52,943.32,940.76,939.16,938.22,938.63,939.25,940.07,943.66,947.75,950.38,951.92,953.34,954.11,952.55,951.76,951.32,950.93,954.34,958.58,961.54,961.71,960.02,957.77,959.69,961.08,960.68,954.82,948.11,943.55,939.32,937.70,938.28,939.47,941.40,946.59,951.43,957.24,961.85,964.74,966.53,968.03,965.93,963.73,964.31,965.66,968.38,970.49,970.42,969.01,967.77,968.80,970.48,972.45,973.92,972.56,971.91,969.84,969.98,971.67,973.37,974.50,975.56,975.59,975.39,975.50,974.56,974.77,976.20,978.82,980.49,982.10,981.99,980.79,980.13,979.26,978.40,977.89,978.85,980.62,982.32,984.41,985.87,987.44,989.29,990.49,989.65,988.53,987.69,988.26,988.95,989.12,989.55,990.09,990.69,991.31,991.87,992.38,992.88,993.39,994.05,995.98,996.48,991.80,983.23,972.50,963.58
1601.21,1603.79,1602.17,1594.10,1590.12,1591.88,1598.49,1608.97,1617.85,1624.95,1631.00,1634.96,1637.38,1637.94,1637.69,1637.37,1635.64,1634.08,1632.47,1630.79,1627.21,1619.88,1611.35,1606.35,1603.58,1611.45,1619.37,1616.68,1604.67,1584.75,1562.10,1547.06,1534.09,1522.86,1512.24,1496.04,1481.44,1470.37,1462.76,1452.03,1438.34,1424.83,1429.01,1438.21,1451.55,1467.02,1483.71,1492.38,1492.17,1492.34,1490.99,1503.31,1523.23,1541.01,1557.70,1571.26,1576.17,1572.76,1565.51,1555.18,1544.19,1532.62,1518.68,1502.70,1485.19,1467.37,1456.72,1444.64,1434.02,1426.89,1419.95,1412.44,1404.46,1395.62,1389.16,1377.88,1366.22,1356.03,1345.20,1333.52,1321.84,1311.14,1300.44,1287.48,1273.49,1259.78,1246.79,1232.09,1212.94,1195.16,1179.28,1157.76,1148.39,1149.87,1150.57,1146.88,1141.28,1131.44,1121.48,1118.51,1115.89,1113.02,1120.36,1124.70,1122.98,1115.74,1111.40,1117.58,1116.55,1101.93,1084.39,1073.12,1062.83,1052.87,1045.44,1037.52,1024.44,1011.61,1004.04,998.22,992.82,986.38,979.43,974.21,969.40,965.77,962.26,958.30,954.19,950.50,947.53,945.52,944.66,943.65,942.08,940.46,939.78,938.96,936.78,939.11,944.20,948.38,948.54,946.51,944.87,944.50,945.06,944.21,945.93,945.88,943.65,942.76,941.53,940.69,940.00,940.36,940.90,941.95,944.98,948.16,950.72,951.95,952.58,952.93,952.69,952.54,953.85,956.30,959.34,963.26,963.22,960.91,960.54,962.20,963.22,961.72,956.98,950.95,946.87,941.05,938.55,938.94,941.43,945.18,948.70,952.48,956.28,959.80,962.92,965.67,966.62,964.10,961.96,962.93,964.23,967.49,970.09,969.45,967.62,966.85,967.89,969.23,970.39,972.46,970.95,970.23,969.38,969.95,970.87,972.06,973.41,973.80,973.49,972.65,972.26,972.82,974.59,976.44,978.40,980.07,981.68,980.78,978.97,977.60,976.65,976.33,977.16,979.87,981.47,982.97,984.23,985.67,987.19,988.76,990.06,989.44,987.34,986.63,987.06,987.66,988.19,988.66,988.81,989.40,990.09,990.71,991.22,991.74,992.26,993.25,995.71,993.85,986.82,976.80,968.61,961.50
1596.31,1597.73,1595.94,1589.37,1583.31,1587.88,1602.32,1614.24,1622.85,1628.79,1633.53,1637.27,1640.22,1641.87,1640.55,1637.69,1634.75,1633.29,1632.30,1630.93,1629.33,1626.62,1622.88,1622.69,1619.76,1621.07,1625.66,1619.55,1604.94,1585.75,1571.30,1561.92,1549.00,1534.50,1515.51,1497.74,1487.21,1477.85,1466.24,1452.50,1441.30,1437.03,1445.82,1452.32,1462.67,1483.01,1501.80,1511.33,1512.85,1510.55,1509.20,1513.89,1531.57,1552.73,1570.19,1580.28,1582.42,1578.57,1571.18,1560.59,1550.88,1539.78,1525.56,1509.13,1493.88,1486.81,1477.97,1467.01,1457.36,1446.65,1436.80,1426.53,1416.93,1407.12,1396.28,1379.60,1363.84,1350.75,1337.00,1324.65,1312.35,1301.93,1291.14,1277.36,1261.09,1246.92,1235.51,1222.04,1203.75,1186.57,1170.17,1160.99,1162.46,1161.49,1158.53,1151.60,1140.73,1135.74,1135.66,1134.12,1129.23,1130.51,1138.80,1140.29,1135.64,1128.80,1127.19,1124.37,1113.92,1096.29,1077.69,1060.96,1050.87,1045.99,1042.05,1035.70,1026.72,1016.56,1007.47,1001.20,995.78,990.71,984.28,977.81,972.70,968.76,965.06,960.89,956.81,953.23,950.30,948.87,947.84,946.96,945.55,944.09,943.12,942.53,938.94,939.55,944.76,951.26,953.77,951.34,948.65,947.06,946.95,946.35,947.05,946.50,944.79,945.23,945.01,942.93,942.71,943.62,943.57,942.73,943.15,945.37,948.73,950.73,951.65,952.33,952.79,954.42,956.55,959.33,963.31,965.33,964.11,962.31,963.38,964.64,965.07,962.25,956.88,953.53,950.54,944.90,939.84,939.07,940.33,945.56,950.77,953.58,956.45,959.33,962.33,964.80,964.99,961.86,960.41,962.38,964.92,967.29,968.88,967.44,965.90,966.04,966.90,967.96,969.30,971.53,970.58,969.31,968.88,969.27,969.75,971.04,971.91,971.67,971.40,970.42,969.84,971.04,973.74,976.67,979.70,980.51,980.98,979.21,976.77,975.25,974.51,975.07,976.63,978.58,980.17,983.92,985.30,986.44,987.85,989.28,990.05,988.24,985.84,985.59,986.03,986.64,987.37,987.49,987.51,987.93,988.66,989.41,990.04,990.64,991.18,992.61,994.91,990.93,981.11,972.17,966.41,961.05
1590.45,1590.20,1587.88,1581.05,1578.74,1590.72,1606.81,1617.87,1624.82,1630.05,1633.17,1635.60,1637.69,1640.19,1639.81,1636.65,1633.67,1632.04,1631.22,1631.06,1630.52,1631.38,1633.08,1634.62,1631.40,1629.38,1630.66,1620.30,1604.92,1594.58,1586.76,1574.42,1558.49,1542.46,1524.40,1514.42,1504.86,1493.74,1479.49,1461.66,1447.90,1452.11,1460.99,1468.10,1476.56,1496.84,1514.21,1528.29,1535.85,1532.30,1531.45,1534.85,1541.46,1562.04,1578.80,1585.92,1587.25,1582.98,1575.13,1565.43,1555.36,1543.57,1530.10,1519.15,1510.34,1502.95,1493.26,1482.79,1472.82,1460.08,1445.42,1433.77,1423.22,1413.39,1400.90,1382.43,1365.60,1352.33,1335.56,1317.35,1300.52,1288.72,1277.64,1266.34,1252.17,1238.13,1223.70,1211.16,1195.06,1179.64,1171.47,1172.65,1177.83,1175.67,1166.59,1155.35,1151.86,1156.06,1152.03,1145.36,1142.72,1147.50,1156.04,1156.09,1149.15,1143.44,1136.91,1123.58,1103.19,1087.51,1072.60,1059.10,1049.89,1043.30,1036.59,1029.87,1024.48,1018.43,1010.18,1003.61,997.89,993.22,988.07,981.19,976.09,971.80,967.50,963.18,959.16,955.70,953.15,952.04,950.81,950.06,949.05,947.63,946.68,946.69,942.29,939.98,944.65,953.40,960.16,958.84,954.01,950.09,948.97,949.24,949.28,948.09,946.50,946.89,946.02,944.80,944.74,944.99,945.08,944.65,943.96,944.84,947.41,950.12,950.89,951.22,953.64,957.65,958.90,962.49,965.72,966.09,964.58,964.38,965.45,966.05,965.68,961.94,958.12,959.03,956.99,950.08,942.95,940.10,940.14,943.79,949.06,952.09,954.90,957.81,960.49,962.65,961.79,959.56,959.57,962.82,965.69,967.07,966.98,965.54,964.52,965.05,965.87,967.24,969.15,970.95,970.44,969.32,968.59,968.67,969.43,970.32,970.34,969.79,969.56,969.42,969.63,971.29,973.36,976.04,979.65,980.11,979.17,976.18,974.04,973.19,974.07,975.22,976.79,978.24,980.25,984.94,985.76,986.65,987.83,988.98,988.68,985.92,983.98,984.30,985.08,986.02,986.26,986.24,986.24,986.48,987.19,987.85,988.27,989.14,990.03,991.86,993.56,987.79,977.05,969.00,964.62,960.28
1583.09,1581.36,1576.83,1569.82,1576.95,1594.95,1607.51,1616.21,1622.07,1626.27,1629.62,1632.10,1633.58,1635.47,1635.62,1634.12,1632.28,1630.39,1629.28,1629.60,1631.46,1633.48,1636.51,1639.59,1638.56,1636.74,1633.61,1622.63,1611.60,1604.91,1596.30,1584.68,1568.95,1548.30,1541.01,1532.83,1523.93,1511.68,1492.02,1472.82,1457.49,1464.31,1477.69,1490.85,1496.68,1509.40,1528.08,1544.82,1558.13,1556.16,1552.93,1558.09,1562.58,1570.35,1582.20,1590.29,1591.54,1587.42,1579.22,1568.80,1558.61,1546.51,1537.10,1530.12,1522.65,1514.25,1503.10,1490.13,1479.18,1465.46,1450.01,1436.59,1426.01,1414.26,1401.03,1382.56,1365.83,1352.70,1331.97,1313.76,1295.43,1276.60,1264.81,1255.03,1245.11,1233.19,1219.04,1204.00,1188.69,1180.51,1184.58,1189.07,1196.91,1194.60,1178.68,1167.18,1176.33,1179.06,1170.91,1158.34,1161.43,1166.90,1168.44,1165.03,1159.92,1149.82,1138.05,1124.30,1107.76,1091.82,1081.31,1070.68,1059.08,1048.22,1038.65,1031.26,1024.73,1018.06,1011.00,1005.39,1000.00,995.38,990.75,984.66,979.17,974.46,969.68,965.25,961.32,958.08,956.14,955.12,953.94,952.98,951.94,950.68,949.99,950.58,945.78,942.39,945.89,954.81,963.26,964.00,959.52,954.18,952.10,952.24,950.95,949.24,947.90,948.35,947.98,946.60,945.83,945.70,945.87,945.59,945.13,945.34,946.46,948.22,949.60,952.15,958.28,962.04,963.41,965.98,967.38,966.42,965.63,965.98,966.65,966.80,965.63,962.31,962.20,963.45,962.44,956.32,947.71,943.88,942.99,943.83,946.90,950.22,953.16,956.12,958.72,960.68,959.96,958.53,959.86,963.59,965.72,965.95,965.18,964.04,963.03,963.58,965.09,967.01,968.92,970.26,970.22,969.21,968.29,968.09,968.81,969.27,969.23,968.79,968.49,969.11,970.90,974.58,975.79,977.46,977.83,976.88,974.64,973.29,972.04,972.70,974.45,975.96,977.54,978.93,982.14,983.88,983.90,985.16,986.60,987.33,986.02,983.77,982.37,982.82,984.49,985.18,984.99,984.99,984.99,985.07,985.69,986.15,986.65,987.64,988.80,990.65,992.47,985.18,973.63,964.68,960.94,957.23
1572.96,1568.39,1562.01,1565.22,1579.00,1594.49,1602.36,1606.20,1611.24,1616.49,1621.32,1627.47,1631.15,1632.49,1632.63,1631.80,1629.59,1624.33,1623.34,1625.82,1630.59,1634.58,1638.79,1643.95,1645.20,1643.84,1638.17,1626.50,1615.60,1609.22,1603.02,1593.07,1575.15,1562.63,1558.77,1550.87,1544.06,1528.06,1503.22,1482.90,1468.94,1477.89,1496.26,1508.73,1514.75,1523.54,1543.20,1560.81,1574.18,1577.27,1575.65,1580.18,1585.66,1588.10,1590.55,1594.10,1594.20,1590.43,1583.06,1570.55,1559.97,1549.33,1541.77,1535.20,1528.37,1518.02,1506.96,1492.86,1481.57,1467.64,1452.44,1438.89,1424.82,1410.70,1396.36,1379.14,1363.17,1348.06,1324.74,1305.49,1289.66,1274.00,1261.07,1249.49,1238.79,1225.87,1211.82,1198.93,1191.56,1192.12,1201.55,1210.81,1216.46,1206.28,1190.16,1187.57,1193.70,1196.47,1186.38,1175.77,1178.11,1176.93,1173.51,1168.02,1160.28,1147.53,1133.14,1117.59,1101.48,1089.66,1081.83,1071.11,1061.15,1051.04,1040.10,1032.27,1024.18,1016.85,1010.78,1005.85,1001.35,996.74,992.05,986.86,981.54,976.39,971.26,966.77,963.21,960.58,959.20,958.20,957.05,956.34,955.35,953.64,953.20,952.60,946.98,944.67,947.76,954.04,965.16,969.33,965.24,958.65,956.43,954.87,952.63,950.33,949.28,950.06,949.52,947.88,947.21,946.95,946.80,946.37,946.08,946.47,946.97,947.99,949.94,955.89,962.96,966.23,967.97,968.68,968.06,967.22,967.38,967.66,967.80,966.81,965.41,964.00,965.64,966.04,965.39,961.96,954.88,949.05,947.60,946.58,946.91,949.38,951.67,954.39,956.40,958.00,957.91,958.17,960.66,963.44,964.85,964.75,964.09,962.56,961.50,962.92,965.30,967.08,968.25,969.18,969.39,968.57,967.65,967.43,967.91,968.16,968.23,967.88,968.18,969.04,970.41,973.63,974.74,975.23,974.98,972.48,971.33,971.07,970.78,972.29,974.54,976.14,978.02,980.04,980.75,979.96,981.19,983.29,985.29,985.21,982.79,980.32,980.57,981.67,983.42,983.82,983.70,983.70,983.70,983.74,984.24,985.21,986.58,988.03,989.16,991.13,991.17,981.83,969.99,960.65,956.46,952.37
1559.80,1552.32,1556.28,1569.56,1579.19,1585.52,1586.84,1589.49,1596.84,1605.64,1612.82,1619.03,1625.55,1628.68,1628.95,1626.57,1620.83,1616.46,1618.09,1621.34,1628.05,1633.88,1639.66,1648.14,1651.59,1651.33,1645.67,1631.85,1620.23,1615.48,1608.70,1595.86,1587.22,1586.25,1579.10,1572.33,1561.91,1541.67,1518.18,1492.75,1480.26,1493.15,1507.02,1520.83,1533.46,1541.58,1555.41,1573.08,1587.13,1593.88,1596.78,1598.16,1601.56,1603.25,1601.77,1599.52,1596.52,1592.00,1584.63,1572.36,1559.52,1550.72,1542.50,1535.85,1529.67,1518.66,1507.09,1492.91,1480.91,1467.06,1451.49,1437.37,1418.98,1402.68,1387.32,1370.66,1354.68,1336.31,1316.10,1302.15,1287.89,1275.91,1263.67,1249.89,1236.62,1219.71,1207.98,1202.45,1204.76,1207.39,1223.00,1233.57,1231.82,1214.21,1208.33,1207.16,1207.91,1210.32,1198.81,1190.03,1185.63,1179.01,1172.43,1163.27,1152.48,1137.50,1121.67,1107.97,1091.10,1080.18,1072.31,1065.04,1057.34,1047.78,1038.85,1033.51,1027.57,1019.39,1013.12,1007.64,1002.46,997.04,991.87,986.97,982.16,976.86,971.74,968.30,966.68,964.82,963.21,961.76,960.37,959.99,958.47,956.52,956.14,953.14,947.92,946.73,948.23,952.24,965.91,973.09,972.33,965.71,959.53,957.28,954.93,952.72,951.91,952.73,951.10,949.15,948.34,948.06,947.65,947.19,946.99,947.28,947.82,948.71,950.81,958.02,965.67,968.89,970.09,969.71,968.65,968.81,969.19,969.10,968.53,967.27,965.90,966.22,967.51,967.69,966.86,965.13,962.45,959.01,953.83,950.65,949.01,950.63,952.20,953.79,955.06,955.31,955.97,957.89,960.11,961.61,963.04,963.01,962.99,961.61,960.19,962.60,965.50,966.20,966.25,967.47,968.20,967.48,966.77,966.59,966.83,967.05,967.21,967.33,968.11,968.90,969.38,969.70,969.86,970.47,970.32,969.07,968.81,969.09,970.06,971.60,973.34,974.88,978.00,980.05,978.78,978.59,979.43,980.70,982.16,980.86,979.54,978.75,979.53,980.89,982.13,981.87,982.25,982.26,982.27,982.43,983.47,985.39,987.03,988.53,989.98,991.40,988.86,977.43,965.39,958.31,954.45,950.53
1544.06,1549.41,1560.58,1570.72,1572.11,1568.96,1566.97,1573.31,1582.26,1591.72,1602.46,1609.32,1614.34,1617.88,1618.34,1614.96,1610.45,1610.37,1613.73,1618.60,1626.09,1634.07,1641.62,1651.72,1658.16,1659.13,1653.41,1643.50,1633.60,1625.89,1619.04,1608.92,1606.65,1604.37,1597.92,1588.80,1573.38,1551.33,1529.30,1501.57,1492.80,1507.62,1519.82,1531.71,1549.54,1562.95,1573.43,1584.75,1600.23,1611.89,1615.50,1615.41,1615.26,1612.69,1608.26,1603.98,1599.10,1592.75,1584.43,1573.10,1559.63,1550.65,1541.51,1534.10,1526.08,1515.13,1502.77,1489.25,1477.01,1463.15,1447.76,1430.81,1411.73,1394.28,1375.61,1361.91,1343.30,1325.73,1309.53,1297.68,1285.71,1274.57,1262.35,1247.98,1232.75,1218.44,1217.63,1222.33,1223.56,1225.67,1242.08,1249.89,1245.57,1233.84,1229.60,1224.50,1221.95,1220.98,1209.24,1196.29,1184.22,1172.79,1160.44,1148.84,1136.71,1121.97,1108.86,1094.36,1083.90,1078.31,1074.21,1070.34,1064.15,1055.58,1047.79,1039.74,1032.47,1023.45,1015.88,1009.53,1002.79,996.63,991.29,986.32,981.54,976.84,974.28,972.20,970.63,969.16,967.57,965.93,964.58,963.31,961.13,959.29,958.54,952.87,948.85,950.09,950.54,953.42,965.17,975.05,977.79,974.23,966.97,960.89,958.08,956.26,955.98,955.48,953.03,950.64,949.41,948.98,948.50,948.01,947.59,947.87,948.69,949.53,952.45,959.50,967.96,971.43,970.67,969.97,969.70,969.91,969.97,969.59,969.24,968.84,967.71,968.57,969.42,969.27,968.27,966.85,965.29,963.33,960.61,959.57,954.67,952.66,954.42,955.74,956.10,953.82,954.23,956.06,957.85,959.65,960.80,960.61,961.76,960.78,959.28,962.39,964.67,964.30,964.09,966.42,966.74,965.90,965.71,965.90,966.06,966.22,966.49,967.20,967.95,968.49,968.73,968.54,968.02,967.31,967.23,966.83,967.17,969.16,971.04,972.37,973.62,975.25,978.36,978.50,977.41,977.55,978.41,979.19,979.56,978.86,977.95,977.77,979.21,980.24,980.63,979.88,980.47,980.68,980.94,981.41,982.11,984.08,986.31,988.44,990.22,990.49,984.51,970.99,960.86,956.78,952.98,949.06
1539.00,1553.83,1561.86,1562.41,1554.70,1550.82,1555.51,1560.33,1567.47,1577.29,1586.19,1596.35,1602.18,1604.20,1605.25,1606.54,1607.62,1609.93,1612.88,1617.75,1625.86,1635.16,1644.61,1654.53,1662.00,1667.37,1663.28,1656.76,1646.34,1640.27,1633.19,1626.77,1626.90,1621.46,1611.35,1597.93,1578.04,1554.31,1533.62,1510.08,1505.32,1520.23,1535.85,1544.13,1559.67,1575.66,1589.74,1602.13,1616.82,1626.34,1630.48,1631.38,1628.53,1622.67,1615.25,1607.56,1600.70,1590.86,1581.15,1569.81,1557.88,1548.42,1539.23,1528.55,1515.95,1504.81,1492.62,1482.63,1470.25,1456.43,1440.25,1420.72,1403.95,1384.62,1366.23,1353.45,1334.50,1319.71,1305.01,1293.73,1282.97,1269.94,1254.89,1242.18,1232.73,1230.27,1234.30,1241.43,1242.64,1243.76,1257.81,1264.40,1262.24,1256.37,1248.43,1238.98,1237.80,1227.45,1207.68,1192.03,1175.33,1159.42,1144.61,1132.56,1121.81,1110.85,1103.05,1097.71,1095.51,1092.85,1087.50,1084.84,1078.90,1067.77,1058.11,1047.43,1038.71,1029.19,1019.33,1011.58,1002.30,996.13,991.28,986.96,982.75,980.12,978.96,977.07,975.13,973.36,971.66,969.96,968.25,966.21,964.13,962.43,960.84,954.38,950.98,954.88,958.56,957.82,964.64,976.28,980.45,979.96,975.79,968.92,963.48,960.44,959.51,957.77,955.13,952.66,950.68,949.82,949.18,948.60,948.18,948.20,948.80,949.47,951.40,957.98,967.76,973.16,972.00,970.42,970.03,970.00,969.78,969.50,969.39,969.64,969.51,970.05,970.09,969.99,969.65,968.46,967.03,965.44,963.52,961.76,958.58,955.25,956.79,957.53,955.58,952.40,952.53,954.25,955.13,957.22,958.02,958.72,960.84,958.98,959.44,962.31,963.33,962.40,962.68,965.89,965.40,964.59,964.94,965.26,965.46,965.67,966.29,967.00,967.57,967.83,967.50,967.21,966.64,965.44,964.63,964.81,966.69,969.93,971.38,973.04,974.57,976.47,977.64,976.50,975.91,976.55,977.47,978.21,978.19,977.54,976.60,976.74,978.08,979.09,979.20,978.80,979.12,979.47,979.93,980.45,980.97,982.38,984.64,987.20,989.47,987.34,978.39,964.53,957.73,955.18,951.99,947.58
1538.25,1550.67,1552.31,1547.37,1548.39,1561.27,1573.56,1577.26,1576.24,1576.52,1581.65,1587.59,1591.92,1597.56,1606.59,1611.25,1610.81,1612.99,1615.70,1617.73,1624.48,1635.32,1645.66,1656.76,1666.30,1674.00,1673.25,1666.87,1662.13,1653.25,1645.45,1639.84,1637.63,1628.25,1614.65,1597.90,1575.15,1549.95,1532.24,1520.30,1517.31,1533.21,1552.47,1560.59,1572.02,1587.53,1603.34,1621.07,1632.44,1640.99,1646.04,1646.88,1644.33,1634.10,1621.75,1609.60,1600.53,1587.05,1574.97,1562.96,1552.08,1544.12,1535.27,1521.00,1505.86,1491.33,1479.25,1470.73,1460.49,1445.62,1427.44,1407.80,1392.41,1373.44,1356.90,1341.18,1326.56,1312.71,1298.62,1287.48,1275.03,1259.98,1251.44,1249.58,1248.69,1249.68,1256.21,1261.06,1263.04,1260.46,1273.76,1283.08,1284.04,1274.71,1263.63,1255.18,1247.54,1226.96,1202.34,1183.14,1163.56,1152.22,1145.59,1138.88,1132.84,1128.84,1126.51,1118.26,1112.08,1109.43,1104.55,1097.47,1086.05,1072.74,1063.12,1055.72,1048.85,1039.34,1027.65,1015.83,1004.09,997.41,994.73,991.28,988.72,986.23,983.74,981.65,979.45,977.16,975.19,973.07,970.99,968.84,967.00,964.44,960.74,954.83,953.23,957.29,961.57,962.08,965.50,974.10,980.37,981.56,980.88,977.98,971.16,965.93,963.39,959.81,956.88,954.15,952.17,950.80,949.71,949.17,948.79,948.67,948.78,949.33,950.53,955.57,964.87,972.61,973.81,971.86,970.36,970.00,969.77,969.31,969.20,969.72,970.00,970.00,970.00,970.00,970.00,969.65,968.08,966.25,964.29,962.30,960.41,958.81,959.25,957.96,954.46,951.05,950.59,951.94,952.21,952.46,953.55,957.11,958.94,956.79,960.32,962.08,961.92,960.63,960.98,965.28,964.67,963.36,963.97,964.50,964.75,965.39,966.05,966.61,967.12,967.00,966.47,965.92,965.09,963.18,962.87,964.22,965.84,968.13,970.16,972.24,974.34,976.32,976.15,974.65,974.61,975.57,976.55,977.06,976.80,976.19,975.25,975.67,976.99,977.96,977.88,977.75,978.01,978.39,978.67,979.24,979.92,980.83,983.18,986.40,987.15,983.02,972.61,959.04,953.01,951.81,950.61,945.96
1527.02,1534.14,1536.90,1541.76,1554.90,1573.22,1587.89,1596.48,1596.86,1590.40,1595.55,1605.85,1607.44,1609.37,1619.25,1624.27,1621.13,1617.23,1621.18,1626.48,1627.95,1633.87,1644.01,1656.12,1667.99,1677.15,1682.09,1678.29,1675.43,1669.20,1657.46,1647.98,1639.53,1625.25,1610.72,1592.13,1569.15,1552.70,1546.19,1535.90,1532.22,1545.17,1565.74,1579.52,1588.85,1603.59,1621.51,1637.14,1651.19,1659.13,1661.85,1662.03,1657.22,1641.94,1623.84,1609.40,1598.78,1585.60,1571.68,1557.18,1545.13,1536.58,1524.41,1508.47,1492.97,1477.69,1462.36,1452.13,1443.82,1428.63,1409.54,1393.78,1377.39,1361.66,1347.94,1331.84,1318.04,1301.19,1286.66,1276.59,1269.08,1268.55,1270.55,1270.94,1269.86,1272.35,1275.90,1277.15,1278.64,1276.54,1289.99,1299.18,1299.28,1287.57,1275.77,1265.96,1248.53,1222.41,1197.20,1175.89,1169.51,1168.09,1168.01,1161.10,1156.89,1156.48,1152.50,1138.69,1133.95,1128.84,1116.67,1100.00,1088.02,1080.96,1073.08,1065.74,1056.39,1046.64,1037.97,1025.05,1011.44,1002.45,999.92,997.21,994.47,991.17,987.85,985.80,983.58,980.55,977.90,975.65,973.47,971.27,968.61,963.32,959.07,956.24,955.85,958.36,962.18,965.14,967.67,970.69,978.02,981.69,982.56,981.29,977.92,971.29,966.41,961.02,957.82,955.42,953.46,951.80,950.41,949.63,949.46,949.37,949.31,949.37,950.10,954.37,961.79,968.75,973.56,973.30,971.03,970.03,968.95,968.39,968.54,969.25,969.88,970.00,970.00,970.00,970.00,969.93,968.65,966.92,965.26,964.76,967.07,967.04,964.42,959.84,954.94,950.04,947.97,948.87,949.96,949.21,950.39,952.76,953.70,957.02,960.52,961.40,960.78,959.04,960.27,963.96,962.75,962.37,963.31,963.58,963.98,964.90,965.62,966.20,966.52,966.14,965.61,964.39,961.60,960.80,963.28,965.17,966.85,968.56,970.46,972.24,974.10,975.75,975.30,973.48,973.27,974.74,975.76,975.82,975.42,974.82,974.17,975.10,976.47,976.60,976.52,976.72,977.00,977.33,977.58,978.36,978.98,979.71,981.88,985.74,984.76,979.56,966.13,953.83,948.55,947.15,946.20,944.23
1532.60,1534.11,1546.89,1559.81,1565.07,1578.14,1596.59,1608.49,1612.02,1607.18,1605.64,1618.77,1625.67,1626.03,1631.71,1633.97,1632.01,1626.85,1629.95,1635.13,1635.68,1635.61,1641.48,1653.93,1667.64,1676.88,1685.81,1689.21,1685.42,1675.70,1664.47,1649.97,1635.00,1619.10,1605.31,1586.54,1577.05,1576.51,1568.07,1551.16,1549.79,1557.58,1577.85,1596.88,1606.80,1623.75,1644.65,1656.22,1666.41,1674.82,1678.72,1673.86,1663.18,1645.00,1625.84,1610.42,1597.45,1580.83,1566.19,1551.23,1536.36,1520.71,1505.86,1491.41,1476.33,1462.14,1444.59,1427.68,1417.19,1405.79,1393.17,1376.19,1361.45,1350.39,1335.37,1318.83,1306.39,1291.92,1285.71,1283.37,1283.72,1290.20,1292.80,1292.48,1291.07,1291.13,1294.86,1295.38,1294.82,1292.29,1303.14,1311.09,1310.11,1297.93,1283.16,1265.45,1242.69,1216.76,1192.44,1188.38,1192.77,1190.90,1189.43,1184.21,1180.22,1176.80,1166.38,1155.85,1153.22,1141.88,1124.07,1111.23,1102.95,1092.19,1079.49,1070.03,1060.75,1052.88,1043.74,1033.69,1019.12,1008.68,1004.78,1001.99,998.96,995.58,992.54,990.39,987.83,984.36,980.79,978.08,975.73,973.17,969.76,963.32,958.92,959.57,958.29,959.94,963.09,966.01,968.18,969.59,973.10,980.25,983.32,982.53,980.66,976.05,969.11,961.38,957.97,956.08,954.37,952.75,951.47,950.53,950.26,950.14,949.99,949.75,950.63,955.55,959.55,964.83,970.45,972.99,971.50,969.46,967.92,967.18,967.60,968.39,969.27,969.93,970.00,970.00,970.00,969.95,969.08,968.13,967.81,969.91,972.22,973.81,972.69,966.39,958.04,951.23,946.53,945.67,948.16,947.68,948.49,949.84,951.79,955.94,959.02,959.99,958.92,958.44,961.18,961.43,961.00,961.90,962.62,962.57,963.10,964.50,965.40,965.81,965.74,965.28,963.78,961.06,959.25,960.87,964.31,966.18,967.87,969.60,971.22,972.96,974.58,975.16,973.89,972.02,971.72,972.38,973.93,973.94,973.85,973.23,973.31,975.14,975.50,975.20,975.47,975.83,976.07,976.53,977.87,979.24,979.71,980.30,982.65,985.18,982.46,975.34,960.01,950.47,946.67,943.92,941.58,940.60
1556.64,1551.66,1560.07,1576.07,1583.55,1586.28,1602.19,1616.15,1624.37,1625.18,1619.34,1624.18,1634.75,1638.64,1643.82,1645.41,1640.49,1635.29,1637.75,1647.35,1651.51,1648.01,1643.74,1651.91,1667.72,1677.52,1689.81,1696.12,1694.04,1683.59,1668.35,1650.20,1633.50,1617.81,1606.01,1598.12,1595.12,1595.90,1582.48,1563.94,1565.35,1576.58,1592.04,1608.41,1625.93,1639.92,1658.11,1671.04,1681.44,1687.82,1685.62,1677.73,1663.34,1644.78,1625.80,1608.89,1593.78,1575.04,1559.66,1544.85,1527.82,1506.71,1491.46,1473.17,1458.02,1443.09,1423.39,1406.06,1394.89,1383.90,1371.16,1357.06,1345.12,1333.64,1321.31,1313.49,1303.48,1298.38,1305.15,1305.30,1303.93,1307.33,1310.39,1311.73,1311.17,1310.80,1314.85,1315.65,1313.13,1309.85,1319.56,1324.27,1318.96,1302.57,1283.25,1260.63,1236.07,1211.30,1200.23,1206.21,1209.03,1207.97,1205.51,1202.18,1198.71,1191.66,1179.07,1174.15,1166.08,1152.82,1138.71,1126.36,1112.53,1096.71,1085.35,1076.34,1067.44,1056.83,1046.38,1038.78,1026.49,1014.40,1007.88,1004.64,1002.20,1000.31,997.96,995.25,991.87,987.85,984.05,980.50,977.49,974.29,970.60,965.34,961.67,962.65,960.30,960.85,964.06,966.95,968.63,969.30,970.01,975.95,982.34,983.06,981.46,978.78,972.12,962.87,958.54,956.85,955.23,953.99,953.00,952.04,951.45,951.30,950.85,950.78,951.64,953.98,957.03,960.82,965.44,968.73,968.52,967.49,966.56,966.07,966.71,967.63,968.57,969.61,970.00,969.95,969.75,969.43,969.56,969.88,969.78,971.11,973.08,975.36,976.68,973.01,961.85,953.55,947.16,945.30,946.78,946.18,946.72,948.34,950.40,953.71,955.92,956.46,955.86,959.16,960.54,959.54,960.49,961.47,961.75,961.62,962.69,964.79,965.34,965.19,964.59,963.19,959.99,958.55,959.00,961.38,963.76,965.14,967.43,970.08,971.55,973.02,973.56,972.87,971.25,970.03,969.98,969.38,970.30,970.91,971.48,971.68,972.65,974.33,974.08,973.87,974.38,974.93,975.35,976.58,978.30,979.91,980.92,981.91,983.75,983.49,980.09,969.77,955.65,948.76,945.71,942.76,939.58,936.09
1577.55,1574.43,1571.93,1589.10,1602.42,1605.06,1608.85,1621.86,1634.65,1640.38,1636.81,1634.84,1642.81,1654.30,1665.13,1666.47,1657.88,1644.76,1649.72,1660.47,1666.75,1661.81,1653.72,1654.03,1667.23,1680.52,1692.48,1701.76,1701.31,1688.80,1674.75,1653.80,1636.50,1628.38,1621.57,1616.20,1610.63,1606.29,1590.74,1577.40,1585.81,1597.03,1608.51,1625.12,1643.25,1656.05,1669.45,1683.04,1694.34,1696.90,1688.38,1676.10,1661.11,1643.03,1626.06,1610.86,1595.67,1577.15,1557.21,1539.13,1517.41,1494.92,1478.02,1463.59,1451.83,1437.71,1423.50,1411.24,1398.84,1383.30,1373.88,1361.36,1351.77,1342.32,1338.84,1330.11,1314.56,1314.33,1326.51,1326.99,1325.15,1327.40,1330.22,1332.60,1331.62,1330.01,1333.96,1335.06,1333.89,1329.05,1333.56,1332.48,1321.46,1302.45,1283.05,1260.73,1234.82,1218.76,1219.84,1225.26,1227.34,1224.28,1218.92,1213.96,1208.31,1200.68,1191.24,1184.23,1174.79,1161.65,1147.49,1134.45,1120.23,1106.28,1093.63,1080.33,1068.42,1056.31,1047.10,1041.04,1030.24,1017.28,1010.19,1007.14,1005.38,1003.81,1001.82,999.32,995.43,990.76,986.26,982.12,978.56,975.02,971.56,968.64,968.48,967.00,962.09,961.62,964.94,967.88,968.97,969.08,969.51,971.38,979.16,982.19,981.91,980.19,974.46,965.79,959.34,957.59,956.65,955.72,954.73,953.72,952.79,952.50,951.95,952.21,952.67,953.40,955.23,958.22,960.54,963.91,965.27,964.98,964.56,964.92,965.88,966.87,967.92,969.11,969.75,969.50,969.61,970.10,970.68,971.23,971.29,971.84,973.00,974.80,977.00,976.44,966.74,955.74,948.08,944.87,945.25,944.96,945.12,946.63,948.63,951.22,952.48,953.55,955.90,958.15,958.22,957.96,960.05,960.76,960.78,960.61,962.22,964.64,964.92,964.29,962.50,960.41,957.93,957.26,960.14,961.66,963.03,964.75,967.10,969.43,971.05,972.45,971.58,969.90,969.09,968.55,968.37,968.01,968.69,969.32,969.95,970.36,972.03,972.98,972.39,972.52,973.15,973.93,975.10,976.81,978.43,979.95,981.47,982.65,982.65,981.19,975.49,963.24,951.51,946.83,943.88,941.50,938.22,934.49
1581.53,1588.41,1590.13,1600.53,1613.75,1620.44,1622.98,1628.30,1640.92,1649.10,1649.85,1648.83,1655.40,1663.87,1676.40,1680.61,1672.22,1654.79,1659.46,1671.65,1677.89,1672.32,1669.01,1667.74,1669.63,1683.31,1695.01,1706.47,1707.36,1697.34,1687.08,1663.01,1654.09,1651.02,1641.76,1632.78,1627.33,1615.58,1599.40,1592.20,1604.28,1618.01,1628.26,1644.54,1658.00,1669.84,1681.51,1694.49,1702.50,1701.43,1689.59,1676.49,1661.45,1642.19,1626.78,1613.93,1601.01,1583.11,1563.00,1540.67,1513.14,1496.17,1493.23,1483.06,1470.93,1457.11,1447.40,1434.03,1418.81,1403.58,1393.73,1379.00,1370.60,1365.79,1362.24,1349.62,1327.26,1329.22,1344.23,1344.43,1344.05,1345.85,1348.35,1350.11,1350.23,1350.61,1352.92,1354.13,1354.19,1349.98,1346.63,1338.08,1320.04,1301.47,1282.90,1258.16,1237.94,1236.95,1238.10,1241.32,1242.36,1238.00,1230.69,1220.97,1212.41,1202.47,1191.64,1182.71,1172.52,1159.46,1146.32,1135.76,1125.40,1110.06,1094.92,1079.41,1065.40,1054.09,1044.87,1037.52,1027.66,1017.71,1013.61,1010.53,1008.88,1007.11,1004.66,1001.77,996.75,990.86,985.96,981.74,978.60,975.55,972.78,971.57,970.88,969.53,965.55,964.24,966.15,968.73,969.36,969.10,969.26,969.73,974.60,980.54,981.51,980.47,975.81,968.23,961.65,959.26,958.52,957.47,956.35,955.14,954.00,953.63,953.20,953.46,953.42,954.09,954.98,956.15,957.87,959.59,961.38,962.34,962.76,963.92,965.16,966.10,967.11,968.34,969.19,969.53,970.42,971.13,971.75,972.39,972.86,973.22,973.69,974.50,976.24,978.06,973.20,960.58,948.40,944.61,944.49,944.47,944.61,945.07,945.55,948.73,951.15,953.44,955.78,956.01,955.74,956.71,958.55,959.16,959.20,959.00,961.00,962.72,963.07,962.49,961.40,958.57,955.96,958.11,960.89,962.47,964.19,967.73,969.31,969.79,970.82,971.62,970.57,968.45,967.37,967.02,966.75,967.00,967.83,968.47,968.83,969.94,971.58,971.24,970.80,971.47,972.61,973.86,975.07,975.95,977.10,979.46,981.15,981.36,980.60,976.74,967.77,954.18,947.51,943.71,940.32,939.08,936.66,933.39
1573.79,1587.51,1597.84,1607.67,1619.58,1629.61,1637.58,1643.46,1649.33,1662.58,1669.59,1671.44,1677.44,1680.49,1685.91,1690.27,1685.12,1665.50,1672.01,1682.96,1687.68,1684.23,1685.38,1683.86,1679.56,1684.82,1697.64,1708.46,1710.99,1704.86,1694.78,1678.11,1676.18,1668.05,1656.10,1649.85,1644.04,1628.00,1610.36,1608.31,1618.54,1633.92,1648.18,1661.01,1673.80,1685.34,1696.41,1704.57,1708.27,1703.54,1692.29,1678.24,1662.25,1643.10,1625.77,1610.63,1597.87,1585.45,1570.85,1550.53,1521.78,1517.13,1517.52,1506.69,1491.82,1478.99,1469.12,1457.04,1440.60,1427.52,1415.51,1401.28,1391.22,1391.23,1379.90,1361.46,1341.74,1340.49,1355.55,1356.60,1357.30,1358.89,1361.19,1363.39,1365.21,1367.62,1369.09,1369.50,1366.64,1360.51,1350.47,1335.93,1319.47,1301.39,1279.97,1260.59,1257.20,1256.59,1255.45,1252.69,1249.15,1243.74,1236.03,1226.20,1215.09,1200.20,1186.37,1177.37,1168.62,1157.03,1144.17,1133.71,1123.32,1105.79,1090.40,1075.84,1067.03,1058.15,1045.40,1035.91,1029.60,1022.21,1019.79,1016.05,1013.20,1009.53,1005.48,1001.38,996.92,992.34,988.86,984.43,980.14,977.25,975.06,974.19,973.02,971.43,968.39,968.85,969.23,970.05,969.74,969.45,969.26,969.48,970.27,976.47,980.69,979.76,975.07,969.73,965.52,962.52,960.37,958.75,957.49,956.22,955.10,954.69,954.39,954.21,953.93,954.20,954.27,954.59,956.21,957.84,959.13,960.37,961.73,963.06,964.31,965.32,966.31,967.61,968.69,969.44,970.43,971.53,972.58,973.39,974.07,974.53,974.83,974.98,975.55,978.18,976.86,965.31,950.34,944.62,944.24,944.07,944.19,944.37,944.71,948.43,951.35,953.47,953.86,953.59,953.77,955.50,955.92,956.17,956.41,957.70,959.55,960.28,960.44,959.54,959.60,956.71,954.66,957.64,959.92,961.88,964.93,969.07,969.68,970.19,970.75,970.74,969.27,966.27,965.63,965.47,965.55,966.31,967.18,967.46,968.70,970.22,970.72,969.62,970.06,971.37,972.34,972.95,973.29,973.66,975.31,978.35,980.04,979.07,975.42,967.33,954.94,946.10,943.11,941.30,937.58,935.38,934.63,931.42
1560.64,1576.88,1592.00,1604.50,1616.78,1627.29,1639.63,1647.57,1656.01,1666.73,1673.68,1678.87,1684.10,1690.49,1695.28,1699.77,1695.97,1676.88,1683.58,1692.90,1698.45,1700.72,1703.15,1703.31,1694.15,1688.16,1697.86,1708.19,1712.80,1709.05,1700.19,1692.66,1685.03,1671.72,1663.33,1656.96,1648.96,1632.75,1620.60,1626.68,1630.85,1645.60,1665.28,1678.47,1690.85,1701.91,1709.23,1710.83,1710.43,1705.49,1695.13,1678.27,1660.50,1642.60,1622.38,1607.89,1594.34,1583.39,1570.74,1553.49,1534.05,1538.38,1537.70,1526.63,1511.09,1502.29,1490.40,1475.00,1462.09,1454.11,1442.72,1426.77,1417.13,1410.79,1392.13,1369.23,1351.61,1350.47,1362.80,1363.97,1364.73,1367.15,1370.33,1373.45,1375.84,1378.64,1378.73,1373.27,1364.15,1350.87,1339.58,1331.86,1320.15,1302.62,1284.24,1275.19,1270.98,1267.52,1265.17,1260.92,1255.26,1248.41,1239.40,1228.98,1217.81,1201.61,1183.34,1171.43,1163.87,1154.71,1143.16,1131.19,1119.54,1104.59,1091.14,1082.75,1076.66,1066.29,1051.06,1038.70,1033.36,1028.04,1024.76,1021.02,1016.50,1010.18,1006.90,1004.53,1001.47,997.17,993.25,989.23,984.53,980.38,977.97,976.73,975.29,972.96,971.01,972.23,972.48,972.24,970.96,969.99,969.56,969.39,969.60,970.52,977.19,978.54,973.89,969.45,966.69,964.07,961.46,959.44,958.21,957.06,956.16,955.77,955.19,954.64,954.26,954.10,954.25,954.49,955.28,956.78,958.18,959.53,960.91,962.09,963.04,964.25,965.82,967.10,967.98,968.98,969.80,970.96,972.35,973.81,974.84,975.00,975.00,974.99,975.26,976.28,974.42,965.85,952.52,944.83,944.26,943.79,943.76,943.96,944.47,947.26,950.57,951.98,951.35,951.40,952.46,953.33,952.65,953.00,953.73,958.75,959.94,959.25,958.57,956.69,955.13,953.77,954.09,955.85,957.50,958.97,961.89,966.33,966.62,967.17,968.68,969.30,966.34,964.16,963.89,963.81,964.72,965.78,966.21,967.08,968.50,969.43,969.10,968.22,969.50,970.48,970.85,971.22,970.77,970.74,973.07,975.81,976.75,973.95,965.95,953.87,945.48,941.04,938.52,937.12,935.41,931.71,931.55,929.50
1544.85,1558.31,1575.97,1592.30,1604.69,1615.64,1627.36,1640.78,1648.82,1659.48,1668.45,1671.98,1678.56,1687.72,1696.97,1703.01,1702.84,1689.70,1689.50,1697.12,1708.76,1714.44,1714.94,1714.37,1708.73,1701.71,1703.10,1708.11,1713.98,1710.65,1703.51,1695.78,1685.47,1675.30,1668.53,1655.71,1643.65,1638.64,1639.48,1647.58,1651.50,1654.53,1672.62,1687.97,1703.36,1710.44,1711.78,1711.86,1710.37,1704.67,1693.66,1676.66,1659.92,1640.93,1620.70,1603.29,1589.34,1577.35,1565.77,1556.75,1555.39,1558.36,1554.01,1541.68,1526.61,1517.55,1507.79,1493.64,1485.77,1477.19,1462.71,1447.40,1436.84,1423.47,1398.21,1376.73,1359.68,1358.99,1369.72,1370.35,1372.00,1376.03,1379.68,1381.61,1383.53,1387.74,1383.38,1368.59,1355.92,1341.66,1334.47,1328.57,1318.34,1309.41,1297.76,1285.15,1276.81,1272.87,1268.15,1262.76,1258.13,1251.98,1243.46,1232.01,1219.04,1204.08,1187.26,1168.52,1156.51,1147.41,1138.14,1129.07,1123.30,1116.38,1102.18,1090.22,1082.06,1070.78,1056.22,1044.99,1037.48,1032.95,1029.74,1025.22,1019.46,1013.67,1011.55,1008.63,1004.35,999.70,995.58,991.76,987.23,983.08,980.95,979.17,977.08,974.59,973.89,975.00,975.21,974.48,973.21,971.71,969.87,969.57,969.52,969.72,970.76,974.75,972.25,968.63,966.62,964.57,962.30,960.16,958.95,957.91,957.11,956.44,955.68,954.98,954.59,954.28,954.26,954.63,955.08,956.26,957.48,958.69,959.87,960.80,961.72,964.13,965.83,965.74,966.56,968.03,969.09,970.33,971.53,973.15,974.66,974.87,974.64,974.51,974.39,974.02,972.17,966.63,954.86,945.29,944.29,943.71,943.34,943.56,943.98,944.53,946.97,950.24,949.30,949.71,951.13,950.89,949.05,950.34,953.86,959.58,960.02,958.25,956.98,955.74,952.59,952.68,954.08,955.68,957.56,959.01,961.23,963.96,964.19,964.06,965.15,965.92,964.20,962.92,962.50,962.94,964.07,964.78,965.55,967.30,967.94,967.61,966.86,967.10,968.36,969.01,969.35,969.58,969.33,968.84,970.70,972.47,973.05,969.66,958.09,950.90,941.96,937.73,935.42,933.01,931.64,929.13,927.17,925.72
1550.88,1551.65,1558.21,1570.40,1584.35,1597.63,1608.50,1624.54,1640.24,1646.34,1652.16,1657.80,1669.00,1681.42,1694.41,1704.40,1707.54,1695.87,1691.42,1698.44,1710.87,1717.66,1721.83,1720.32,1716.59,1715.15,1714.63,1715.56,1715.74,1707.91,1698.98,1691.45,1685.52,1682.30,1671.37,1654.86,1651.99,1660.20,1662.48,1670.88,1673.12,1672.35,1682.88,1693.22,1706.21,1711.62,1713.07,1711.76,1709.17,1702.67,1690.15,1674.72,1659.37,1639.54,1618.46,1610.66,1602.44,1595.12,1585.99,1578.82,1575.95,1569.45,1561.45,1549.78,1537.36,1530.45,1519.10,1506.34,1497.00,1485.60,1473.36,1461.23,1447.00,1429.70,1401.92,1378.98,1366.25,1368.94,1382.62,1383.63,1384.88,1388.48,1389.89,1389.61,1390.53,1393.46,1384.42,1366.04,1353.10,1339.52,1331.93,1330.36,1324.30,1312.50,1298.21,1284.89,1274.99,1269.68,1262.19,1256.82,1253.62,1250.83,1243.33,1232.72,1218.33,1206.30,1194.38,1177.92,1159.92,1146.50,1139.04,1133.13,1128.22,1121.83,1109.67,1093.77,1081.81,1070.92,1058.47,1049.77,1042.27,1037.39,1032.70,1027.08,1020.88,1016.56,1013.32,1010.71,1006.76,1001.93,997.50,993.16,988.83,985.82,983.55,981.54,979.31,976.74,976.91,977.81,977.63,976.68,975.30,972.96,970.66,969.81,969.52,969.53,969.53,971.53,971.67,968.46,966.22,964.04,962.08,960.18,959.10,958.34,957.62,956.88,956.08,955.28,954.72,954.42,954.35,954.61,954.85,955.42,956.52,957.70,958.86,959.69,960.48,963.39,964.87,964.07,965.20,966.80,967.54,968.18,969.42,971.45,973.27,973.80,973.73,973.42,972.90,972.81,971.85,968.61,958.01,946.39,944.36,943.74,943.11,942.90,943.06,943.61,945.13,947.90,947.31,947.47,947.53,946.34,945.51,950.03,954.43,958.84,958.16,955.59,954.60,953.84,951.66,952.52,954.15,955.80,957.93,959.78,961.17,961.97,962.27,962.73,963.55,963.35,962.52,961.59,961.32,962.23,962.77,963.80,965.80,966.91,965.71,965.30,965.11,966.16,967.19,967.78,968.21,968.43,968.42,968.24,968.06,968.70,969.08,963.79,953.54,943.12,937.95,935.41,932.79,930.29,928.08,926.53,923.44,920.81
1576.68,1575.13,1576.95,1579.93,1580.92,1585.04,1594.85,1607.39,1622.17,1633.27,1641.50,1647.55,1660.05,1673.98,1688.88,1701.49,1710.54,1703.72,1696.35,1699.30,1710.58,1719.10,1726.73,1729.61,1729.48,1729.08,1727.03,1723.35,1716.30,1704.13,1701.73,1699.18,1692.23,1682.65,1670.21,1660.86,1669.32,1678.20,1683.09,1688.04,1692.80,1691.36,1700.06,1706.93,1710.48,1712.83,1713.67,1711.26,1707.82,1702.03,1687.75,1668.82,1653.34,1640.73,1634.84,1629.28,1625.98,1619.37,1610.60,1600.86,1591.57,1577.82,1563.59,1551.15,1540.38,1532.07,1518.95,1503.28,1488.16,1472.37,1460.51,1451.84,1441.15,1421.76,1397.80,1381.53,1378.45,1381.51,1396.47,1399.98,1401.43,1402.53,1402.28,1400.99,1400.17,1398.30,1385.94,1366.06,1351.20,1334.95,1325.75,1325.32,1319.90,1304.75,1290.13,1274.76,1261.76,1250.59,1242.15,1239.62,1241.44,1241.48,1234.95,1226.05,1216.09,1209.08,1199.58,1187.47,1168.88,1155.21,1145.37,1138.53,1129.17,1119.87,1108.17,1090.91,1077.94,1069.46,1058.87,1052.03,1045.75,1039.98,1034.49,1028.34,1020.95,1017.20,1014.61,1012.15,1009.16,1004.72,1000.23,995.63,991.65,988.78,986.20,983.81,981.11,979.21,980.15,980.42,979.86,978.78,977.26,974.65,972.01,970.07,969.21,968.83,968.85,970.10,970.91,968.22,965.44,963.47,961.76,959.99,959.12,958.34,957.59,956.86,956.13,955.39,954.64,954.49,954.43,954.57,954.72,954.89,955.57,956.79,958.09,959.04,959.60,961.14,962.59,962.55,964.47,965.34,964.87,965.77,968.35,970.38,971.74,972.09,972.45,971.96,971.34,971.29,971.74,970.38,962.40,948.91,944.50,943.87,943.21,942.34,941.93,942.69,943.88,945.15,944.95,945.26,944.50,943.81,947.93,951.83,954.89,957.55,956.35,953.91,950.95,949.52,949.89,951.85,953.92,955.85,957.78,959.24,959.70,960.16,960.75,961.49,962.19,961.06,960.19,960.20,960.36,961.10,961.30,963.20,965.23,966.22,964.36,963.35,963.41,965.03,966.15,966.69,967.12,967.34,967.74,968.42,969.29,969.52,966.66,960.30,947.35,938.60,935.82,933.42,930.83,928.87,926.66,924.43,921.92,918.82
1587.44,1592.58,1597.32,1601.73,1600.79,1602.83,1611.04,1613.65,1617.08,1630.65,1643.80,1656.28,1673.74,1685.22,1694.80,1702.36,1710.03,1714.38,1709.07,1708.51,1713.04,1720.88,1731.48,1737.24,1741.96,1743.98,1740.72,1727.95,1717.11,1710.86,1707.71,1699.62,1691.17,1678.41,1669.36,1673.33,1683.80,1693.26,1702.03,1706.66,1710.99,1708.86,1711.55,1713.56,1714.64,1714.81,1712.80,1710.06,1706.22,1701.12,1683.79,1666.19,1663.52,1662.63,1655.77,1649.87,1647.29,1638.62,1630.69,1619.33,1604.13,1587.96,1570.63,1557.63,1543.87,1530.74,1514.51,1500.77,1488.12,1471.73,1454.41,1436.68,1425.01,1411.40,1398.02,1397.30,1394.57,1394.13,1409.60,1416.09,1420.03,1421.40,1419.64,1416.03,1409.88,1403.79,1388.82,1367.76,1352.64,1334.38,1320.45,1313.97,1304.54,1290.96,1274.96,1257.32,1244.19,1235.05,1227.43,1225.19,1228.07,1229.66,1222.95,1214.68,1207.57,1204.41,1198.01,1188.05,1173.31,1161.79,1150.13,1141.80,1128.30,1113.83,1099.58,1086.10,1075.61,1066.64,1058.66,1052.78,1047.49,1042.41,1037.29,1031.59,1026.30,1018.71,1015.95,1013.38,1010.78,1006.90,1002.40,998.03,994.32,991.21,988.61,986.50,983.44,982.13,982.94,982.63,982.00,980.57,979.24,976.56,973.45,971.13,969.93,968.41,967.88,968.63,969.06,967.18,964.48,962.86,961.36,960.04,959.32,958.55,957.79,957.05,956.31,955.49,954.75,954.69,954.57,954.55,954.62,954.73,955.07,956.26,957.52,958.25,958.81,959.48,960.11,960.90,962.29,962.85,963.79,965.88,968.17,969.17,969.98,970.32,971.32,970.96,969.94,970.16,971.42,971.55,966.00,953.95,945.26,944.17,943.36,942.45,941.54,940.95,941.12,940.98,941.61,942.94,942.69,943.66,948.83,952.32,955.22,956.12,954.08,951.83,947.48,946.70,949.54,951.75,953.74,955.78,957.66,958.51,958.90,959.26,959.69,960.34,960.83,959.74,958.56,958.60,959.00,959.70,960.60,963.43,965.39,965.51,963.50,961.94,961.65,963.50,964.91,965.59,966.04,966.57,968.03,968.50,971.19,972.11,966.44,955.14,942.67,935.75,932.54,931.48,929.43,927.88,925.78,923.76,921.42,917.69
1576.68,1593.74,1606.20,1615.52,1619.31,1623.18,1628.96,1634.45,1633.56,1641.21,1652.46,1675.56,1689.68,1701.17,1712.93,1720.38,1721.57,1720.66,1723.86,1724.46,1722.10,1726.58,1736.84,1743.58,1749.46,1751.98,1747.08,1733.36,1721.55,1716.09,1706.36,1695.84,1689.39,1681.31,1675.99,1685.55,1697.57,1706.75,1715.11,1718.79,1719.66,1717.83,1717.18,1716.92,1715.54,1712.91,1710.46,1707.82,1704.47,1699.13,1682.04,1676.18,1681.45,1678.62,1669.89,1666.01,1660.52,1650.88,1639.70,1626.77,1613.16,1597.43,1579.28,1561.23,1545.34,1534.40,1525.55,1515.04,1498.18,1477.82,1462.77,1447.27,1438.98,1430.07,1417.58,1420.72,1412.95,1408.53,1422.50,1431.92,1437.66,1441.22,1438.20,1429.21,1416.91,1406.15,1389.09,1369.43,1353.32,1337.04,1325.84,1313.35,1302.36,1288.40,1273.99,1261.04,1249.20,1238.83,1228.83,1217.12,1212.67,1213.30,1208.08,1198.57,1191.34,1190.36,1186.90,1177.41,1166.11,1157.56,1148.78,1139.61,1127.20,1111.07,1095.31,1085.27,1075.79,1066.76,1059.41,1055.93,1051.03,1045.84,1040.53,1035.75,1032.28,1023.30,1017.33,1014.55,1011.66,1007.85,1003.13,999.37,996.44,993.24,991.05,989.32,986.95,985.99,985.59,985.20,984.07,982.13,980.67,978.18,975.41,973.83,972.30,970.46,967.98,966.62,966.61,965.53,963.54,962.18,961.03,960.26,959.48,958.64,957.82,956.97,956.06,955.21,954.89,954.80,954.68,954.67,954.73,954.79,955.14,956.34,956.96,956.91,957.50,958.24,958.78,959.41,960.10,961.44,964.19,966.56,967.10,966.84,967.59,968.88,970.43,970.01,969.17,970.37,971.69,971.09,967.71,959.85,948.28,944.41,943.56,942.63,941.70,940.83,940.05,939.77,940.17,940.81,941.33,944.18,948.15,951.15,953.91,955.88,952.43,949.41,945.44,944.62,948.94,951.63,953.68,955.74,957.23,957.69,958.05,958.41,958.79,959.30,959.42,958.56,957.27,957.12,958.04,959.20,961.51,964.63,965.40,964.12,960.70,960.48,960.05,961.34,962.83,964.13,965.08,966.57,968.55,969.90,972.22,972.92,963.47,952.46,941.05,933.35,928.64,927.18,925.58,926.03,925.08,923.10,920.90,916.93
1558.38,1578.27,1599.83,1616.74,1629.54,1638.71,1642.63,1646.05,1646.73,1651.21,1663.54,1682.14,1698.09,1713.87,1727.53,1734.71,1735.48,1728.30,1733.15,1739.88,1738.82,1740.05,1746.01,1751.21,1755.26,1755.48,1750.88,1738.71,1727.19,1715.65,1705.62,1704.88,1702.18,1690.74,1686.38,1695.01,1707.14,1717.72,1721.69,1722.68,1722.27,1720.31,1718.79,1715.86,1713.05,1710.05,1707.71,1705.46,1702.52,1694.70,1682.73,1688.83,1691.91,1688.38,1680.40,1674.57,1666.52,1655.37,1640.70,1627.23,1615.25,1602.73,1582.20,1564.69,1557.52,1550.25,1537.51,1519.93,1503.26,1491.19,1481.22,1471.27,1463.11,1448.41,1434.51,1438.29,1432.48,1427.32,1433.70,1445.87,1453.47,1458.31,1451.53,1437.59,1418.59,1403.56,1383.86,1367.20,1355.88,1351.42,1344.07,1329.75,1318.24,1306.00,1294.79,1279.99,1265.67,1253.20,1241.46,1222.64,1203.83,1194.45,1188.91,1179.26,1170.24,1167.64,1166.35,1160.81,1154.57,1148.75,1138.89,1128.82,1117.59,1104.95,1092.24,1083.24,1076.18,1070.70,1065.57,1060.98,1055.10,1048.63,1042.83,1037.98,1034.23,1028.84,1018.92,1016.38,1012.53,1008.63,1005.39,1002.03,999.25,995.80,993.22,991.86,990.58,989.51,988.72,987.71,985.82,983.75,981.93,980.17,977.84,975.83,973.81,971.94,969.83,966.68,964.84,963.87,962.69,961.58,960.66,959.90,959.12,958.24,957.47,956.65,955.81,955.09,954.84,954.76,954.75,954.79,954.86,954.91,955.41,956.10,955.72,955.52,956.25,956.95,957.58,958.34,959.21,961.43,964.76,966.12,965.35,964.77,965.45,967.24,968.59,968.27,969.72,971.45,971.93,971.28,970.03,964.57,954.36,945.36,943.83,942.91,942.40,942.86,941.85,939.76,939.49,939.61,941.56,946.84,949.34,951.13,953.67,956.17,953.05,949.13,943.40,942.78,949.03,951.88,953.94,955.71,956.13,956.71,957.16,957.53,957.90,958.32,958.04,957.19,956.06,956.88,958.64,960.24,962.18,963.77,964.09,961.75,959.12,958.91,958.93,959.75,961.23,962.56,963.76,965.31,968.78,970.38,970.95,969.34,958.74,947.49,939.65,931.23,925.52,921.28,920.86,922.49,923.09,922.38,920.40,915.87
1551.32,1561.48,1583.63,1607.06,1625.35,1641.05,1649.61,1664.63,1672.59,1680.00,1688.95,1695.52,1707.06,1724.02,1737.57,1748.04,1748.23,1736.20,1743.13,1750.30,1751.42,1752.63,1756.34,1760.16,1760.81,1758.42,1751.38,1740.85,1726.76,1715.68,1715.08,1717.68,1710.61,1699.58,1702.56,1705.71,1716.13,1723.06,1724.56,1725.08,1723.25,1720.98,1718.38,1715.19,1711.49,1708.01,1705.12,1702.83,1699.74,1691.11,1691.11,1695.44,1695.47,1691.26,1685.19,1677.36,1667.56,1655.30,1640.36,1626.83,1614.90,1603.06,1582.97,1578.85,1572.79,1560.82,1543.57,1529.38,1520.90,1512.17,1500.78,1488.23,1477.21,1465.63,1453.82,1457.31,1449.85,1444.78,1444.47,1459.12,1470.73,1472.10,1459.04,1438.70,1414.82,1395.18,1380.52,1372.23,1368.31,1364.40,1356.88,1351.36,1339.96,1323.96,1310.96,1298.07,1280.05,1263.20,1245.78,1229.53,1209.86,1189.80,1178.13,1168.92,1160.54,1152.21,1147.93,1144.23,1139.44,1130.65,1121.75,1113.46,1105.30,1097.21,1088.39,1082.52,1078.18,1074.38,1069.40,1063.88,1058.33,1051.55,1045.27,1039.49,1035.67,1032.00,1024.01,1018.94,1014.95,1011.63,1009.42,1005.78,1002.72,1000.59,997.93,996.12,993.97,992.36,990.93,989.58,987.48,985.40,983.21,981.10,979.01,976.90,974.91,972.91,970.87,968.43,966.41,964.83,963.13,961.70,960.56,959.67,958.88,958.13,957.59,956.86,955.91,955.09,954.78,954.72,954.73,954.72,954.63,954.54,954.90,955.37,954.91,954.73,955.29,956.16,957.12,958.17,959.29,961.50,964.64,965.08,964.34,963.78,964.47,965.46,966.55,968.02,970.05,971.14,971.69,971.81,971.38,967.93,959.87,948.96,944.42,943.63,944.07,945.13,945.16,941.01,938.88,938.45,943.28,949.45,951.38,952.68,954.35,956.15,951.54,945.61,940.33,940.76,948.91,952.21,954.20,954.88,954.74,955.34,956.00,956.59,957.03,957.14,956.54,955.77,955.03,956.49,958.32,959.75,960.40,961.05,961.10,959.59,958.02,957.70,958.11,958.94,959.85,961.11,962.70,964.68,967.53,968.69,968.32,965.25,955.58,940.09,935.60,932.13,927.11,921.07,918.49,919.62,921.02,920.44,917.83,914.81
1571.34,1568.06,1570.88,1592.49,1614.20,1633.81,1649.63,1667.79,1683.11,1696.77,1709.31,1717.95,1723.71,1732.74,1747.54,1761.31,1759.21,1743.77,1748.97,1755.91,1759.66,1761.75,1763.67,1764.60,1763.82,1760.36,1751.82,1739.51,1724.92,1718.66,1724.02,1723.84,1714.99,1711.63,1716.44,1719.44,1723.21,1727.33,1728.08,1726.61,1724.04,1721.46,1718.46,1714.83,1710.78,1706.96,1703.44,1699.96,1696.35,1696.87,1699.49,1701.29,1698.41,1691.46,1684.92,1676.54,1666.38,1654.07,1640.04,1626.64,1611.72,1600.12,1591.98,1591.09,1582.70,1569.35,1555.81,1549.49,1539.76,1527.68,1513.97,1502.54,1494.67,1479.79,1479.83,1479.04,1468.74,1465.93,1463.65,1477.01,1485.47,1479.95,1461.79,1437.24,1413.48,1402.35,1399.36,1390.20,1386.51,1379.64,1370.22,1365.42,1357.38,1346.51,1329.17,1308.77,1291.14,1269.72,1250.54,1231.56,1212.66,1198.46,1194.74,1186.47,1171.52,1159.45,1150.77,1140.85,1130.74,1122.44,1116.60,1110.23,1103.97,1097.99,1093.31,1088.55,1082.84,1077.20,1071.53,1066.66,1060.07,1053.59,1047.30,1041.04,1036.46,1031.96,1027.72,1021.90,1017.01,1014.40,1012.05,1008.89,1006.06,1004.10,1001.97,999.43,996.93,994.50,992.44,990.78,988.90,987.22,984.87,982.40,979.90,977.80,975.69,973.54,971.56,969.65,967.54,965.71,963.87,962.34,960.88,959.75,959.29,959.17,959.07,958.73,957.42,956.44,955.19,954.67,954.50,954.36,954.22,954.14,954.06,954.28,954.26,954.62,955.48,956.53,957.51,958.49,959.49,961.19,963.22,963.08,962.83,962.95,964.08,965.28,966.47,967.87,969.01,970.15,971.25,971.87,971.37,969.52,963.28,955.48,949.28,945.88,946.21,947.24,946.68,942.47,938.90,937.02,941.30,947.05,950.72,954.22,955.40,955.76,949.78,941.76,938.28,940.32,948.94,952.32,953.83,953.57,953.36,953.92,954.60,955.28,955.94,955.72,955.04,954.32,954.23,955.72,957.07,958.30,958.92,959.04,958.65,957.46,956.64,956.66,957.23,957.97,958.89,960.65,963.17,965.37,966.73,966.54,966.01,963.87,958.71,947.50,934.10,926.69,925.42,923.63,920.10,915.62,916.39,915.02,912.83,915.98
1597.15,1589.98,1579.88,1581.32,1602.96,1623.32,1648.20,1663.41,1683.03,1699.66,1715.86,1728.64,1737.29,1745.84,1757.38,1767.32,1765.81,1752.13,1750.24,1757.69,1762.67,1765.07,1765.53,1765.36,1763.33,1758.42,1750.50,1734.88,1726.28,1728.59,1733.03,1726.64,1723.55,1725.03,1725.81,1727.30,1729.50,1732.08,1730.32,1727.90,1725.43,1722.72,1720.17,1715.99,1710.62,1705.95,1702.52,1699.41,1702.25,1706.03,1706.83,1705.00,1698.96,1688.52,1681.39,1672.31,1663.60,1651.65,1638.63,1624.82,1610.28,1606.39,1604.21,1601.31,1594.72,1580.72,1572.63,1566.96,1554.50,1540.56,1529.15,1520.38,1507.36,1497.28,1502.02,1496.83,1487.08,1486.35,1485.70,1491.72,1496.04,1486.28,1465.68,1439.70,1426.56,1425.53,1417.26,1410.50,1408.05,1395.80,1387.48,1381.66,1371.15,1358.19,1340.14,1315.40,1294.34,1268.93,1248.32,1232.89,1223.35,1216.51,1209.86,1200.58,1188.39,1176.48,1164.47,1154.26,1142.20,1131.07,1126.00,1117.32,1109.93,1103.47,1097.79,1091.63,1085.18,1078.99,1073.90,1068.60,1060.23,1053.81,1047.75,1041.81,1036.28,1030.76,1026.77,1022.88,1019.05,1016.39,1013.79,1011.29,1009.38,1007.35,1004.73,1001.95,999.44,996.54,994.05,992.35,990.64,988.76,986.15,983.46,980.84,978.48,976.29,974.10,972.19,970.30,968.33,966.46,964.62,963.01,961.48,960.11,960.00,961.32,962.71,962.21,960.10,959.93,958.22,955.41,954.70,954.44,954.36,954.34,954.13,953.75,953.84,954.75,955.75,956.76,957.90,958.90,959.98,961.44,960.81,960.58,961.46,963.02,964.44,966.00,967.50,968.59,969.77,970.55,971.14,971.93,971.79,970.75,966.98,964.49,961.62,955.30,951.67,950.21,950.40,946.88,940.56,936.87,936.94,948.21,953.96,955.39,955.85,954.91,947.61,938.50,937.11,942.12,949.32,951.95,952.75,952.19,951.98,952.49,953.18,953.95,954.85,954.33,953.59,952.92,953.26,954.44,955.63,956.85,957.62,957.56,956.48,955.28,955.40,955.71,956.32,957.12,958.46,960.04,962.64,965.03,965.11,964.48,963.83,962.46,959.75,950.78,935.28,920.13,919.28,919.57,918.05,912.64,910.39,909.79,912.55,922.86
1619.87,1613.26,1600.89,1593.42,1593.91,1613.25,1642.39,1660.17,1678.59,1692.79,1709.30,1725.18,1738.94,1750.87,1761.62,1768.66,1769.59,1761.45,1754.83,1756.54,1761.74,1764.88,1765.86,1765.22,1762.24,1756.15,1742.91,1734.85,1739.90,1742.97,1741.99,1732.62,1732.29,1734.39,1735.83,1736.34,1736.44,1737.00,1733.59,1729.16,1726.62,1724.11,1721.64,1716.92,1710.40,1706.09,1706.10,1707.31,1711.63,1713.72,1711.92,1707.20,1700.58,1690.66,1679.05,1666.40,1656.81,1646.45,1634.27,1622.28,1621.24,1624.50,1622.75,1616.11,1607.12,1594.88,1590.15,1580.84,1569.32,1558.76,1547.31,1535.14,1523.50,1515.95,1519.53,1513.59,1507.47,1507.03,1505.38,1505.91,1504.07,1491.33,1469.69,1450.07,1448.58,1444.85,1436.54,1429.12,1423.53,1411.84,1406.31,1396.04,1380.12,1361.62,1337.03,1314.22,1290.45,1269.86,1261.47,1254.34,1244.11,1233.68,1223.24,1208.91,1197.13,1188.25,1169.83,1158.12,1147.47,1137.03,1129.73,1118.32,1109.50,1102.97,1096.34,1089.42,1083.74,1078.34,1073.58,1067.08,1057.88,1052.17,1047.01,1041.94,1036.25,1030.31,1026.78,1023.12,1020.50,1018.49,1016.27,1014.21,1012.29,1009.98,1007.19,1004.36,1001.59,998.31,996.33,994.60,991.99,989.50,986.85,984.18,981.47,978.98,976.77,974.73,972.91,971.12,969.24,967.31,965.39,963.73,962.75,962.38,963.50,967.01,969.73,972.09,972.22,970.04,966.77,960.30,956.39,954.83,954.60,954.59,954.28,953.79,953.66,954.52,955.46,956.67,957.65,958.22,959.11,959.82,959.01,959.52,961.65,963.87,965.32,967.49,969.23,970.04,971.01,971.31,971.74,972.00,972.10,971.39,971.41,972.16,971.46,966.61,960.58,958.30,956.44,950.58,943.38,937.54,933.83,946.76,954.60,955.32,954.71,951.84,943.22,935.64,937.93,943.42,948.99,951.31,951.80,950.74,950.57,951.07,951.87,953.06,953.82,952.97,952.21,951.73,952.41,953.58,954.73,955.77,956.41,956.23,955.23,953.74,954.14,954.72,955.41,956.41,957.74,959.21,961.64,964.09,962.90,961.86,961.51,959.61,952.80,941.17,925.11,917.18,914.88,914.49,912.46,908.57,909.80,918.16,927.04,938.21
1643.45,1633.16,1621.60,1616.43,1605.30,1606.68,1636.39,1656.65,1667.86,1678.54,1694.06,1713.14,1732.18,1744.91,1756.40,1764.73,1768.28,1766.37,1763.36,1760.19,1760.99,1764.20,1766.11,1765.03,1761.97,1751.34,1739.49,1745.09,1751.12,1752.06,1747.89,1738.71,1736.71,1740.34,1743.23,1743.10,1742.15,1741.23,1736.21,1729.31,1726.35,1723.66,1720.78,1715.79,1709.97,1710.35,1715.14,1718.76,1720.14,1718.94,1714.28,1707.88,1701.73,1693.94,1683.51,1667.50,1649.63,1637.41,1630.48,1633.53,1638.40,1638.98,1636.38,1630.53,1619.32,1608.49,1603.84,1596.16,1583.52,1572.84,1562.15,1549.68,1540.99,1536.06,1537.34,1531.63,1525.84,1523.43,1520.31,1516.28,1507.77,1492.24,1476.88,1473.08,1469.45,1464.31,1457.46,1449.39,1439.64,1428.81,1419.93,1405.49,1385.39,1366.22,1337.98,1316.29,1302.92,1291.63,1282.36,1271.94,1260.95,1246.32,1231.13,1211.48,1196.14,1185.24,1168.11,1157.83,1144.43,1132.72,1124.43,1120.05,1118.79,1110.97,1101.52,1090.67,1080.85,1076.34,1071.63,1064.12,1057.16,1052.76,1048.60,1044.10,1037.64,1030.02,1026.86,1023.82,1021.93,1020.63,1019.01,1016.93,1014.48,1011.81,1009.09,1005.86,1002.69,1001.07,999.06,996.52,993.56,990.59,987.95,985.26,982.32,979.30,977.42,975.64,973.86,972.00,970.01,967.94,966.10,965.13,965.87,966.67,967.84,973.08,978.35,981.45,980.82,977.20,973.17,967.45,960.45,956.30,954.83,954.79,954.33,953.75,953.64,954.86,955.69,956.41,956.40,956.37,957.17,957.55,958.64,960.50,962.93,965.39,967.03,969.02,970.55,970.72,970.46,971.01,971.64,971.22,971.68,972.51,973.36,975.25,975.97,973.52,970.32,966.95,962.65,955.09,948.38,939.46,932.46,939.43,952.31,954.01,951.28,946.69,939.34,934.13,939.08,947.71,950.01,950.96,950.93,949.87,949.58,950.04,951.11,952.39,952.63,951.66,950.85,950.77,951.61,952.72,953.69,954.61,955.38,954.68,953.42,952.21,952.78,953.55,954.46,955.82,958.00,959.88,961.86,964.06,962.76,957.51,956.03,949.26,939.46,925.48,917.26,914.65,911.95,909.95,907.78,906.83,918.36,929.39,941.11,952.38
1657.73,1655.61,1650.89,1637.81,1621.20,1612.81,1624.73,1648.42,1656.69,1665.02,1681.72,1699.59,1720.56,1735.54,1747.00,1756.99,1763.23,1765.57,1766.01,1765.26,1763.56,1765.84,1767.17,1764.76,1762.05,1751.52,1745.12,1753.97,1757.05,1754.57,1748.81,1742.63,1743.86,1748.07,1748.89,1747.49,1745.63,1742.26,1736.37,1729.43,1726.61,1723.33,1720.30,1715.39,1712.57,1715.65,1720.77,1723.55,1723.68,1720.27,1711.71,1703.47,1695.88,1688.65,1679.50,1661.73,1646.18,1642.51,1646.37,1651.21,1653.22,1651.45,1647.27,1641.23,1634.30,1626.32,1616.20,1606.05,1593.31,1577.43,1567.30,1558.32,1549.02,1542.94,1543.86,1540.92,1535.86,1531.68,1526.90,1521.30,1512.68,1502.07,1492.69,1486.98,1480.74,1474.60,1469.00,1459.56,1451.69,1441.52,1430.24,1414.75,1395.18,1369.68,1349.30,1338.69,1325.30,1312.52,1302.49,1289.26,1271.01,1250.24,1229.75,1208.06,1192.95,1178.21,1163.83,1151.35,1141.67,1138.31,1139.41,1139.81,1134.52,1120.35,1108.18,1095.28,1087.39,1083.16,1075.45,1069.20,1062.42,1057.85,1053.32,1047.99,1040.18,1029.94,1026.86,1024.90,1023.53,1022.58,1021.54,1019.09,1016.18,1013.28,1010.29,1007.60,1006.42,1004.30,1001.11,997.77,994.64,992.02,989.52,986.66,983.47,980.47,978.43,976.59,974.56,972.40,970.26,968.44,967.32,966.39,966.74,968.05,969.98,976.89,985.38,989.59,987.71,982.64,977.17,972.26,966.19,960.17,956.70,955.77,954.46,953.59,953.29,954.43,955.04,955.33,955.30,954.67,955.30,956.26,959.02,961.47,963.98,965.91,966.72,968.41,969.64,968.62,968.92,970.69,971.38,970.21,970.82,972.33,974.49,975.79,976.52,976.66,976.24,974.11,968.86,960.41,953.98,942.06,929.85,931.95,949.51,951.86,948.33,942.60,936.48,932.78,939.65,949.51,950.56,950.55,950.01,949.29,949.28,950.13,951.15,952.01,951.66,950.64,949.79,949.90,950.82,951.77,952.71,953.69,954.45,951.96,950.04,950.58,951.48,952.49,954.51,957.77,960.03,961.07,962.34,962.45,959.57,948.59,942.63,934.04,923.50,915.57,911.87,911.67,909.09,905.97,904.22,912.13,926.22,934.35,945.79,958.15
1664.50,1667.80,1665.67,1656.50,1644.87,1632.08,1623.11,1638.30,1654.92,1666.58,1683.76,1696.49,1712.93,1727.92,1738.49,1748.22,1756.61,1761.78,1764.64,1765.64,1766.12,1768.71,1769.35,1768.32,1764.98,1755.88,1752.59,1761.38,1761.71,1756.09,1751.16,1749.26,1752.07,1754.46,1754.20,1751.43,1747.87,1743.41,1738.16,1732.53,1727.92,1723.95,1720.08,1716.04,1716.87,1721.74,1726.38,1727.88,1724.32,1719.36,1709.08,1699.02,1686.67,1678.87,1667.35,1655.94,1653.61,1659.60,1662.75,1663.52,1662.15,1658.23,1653.01,1646.96,1640.01,1632.30,1618.23,1604.31,1590.46,1574.72,1566.18,1558.90,1551.78,1546.44,1540.45,1535.52,1533.63,1532.30,1527.51,1521.84,1516.67,1508.42,1498.43,1491.38,1483.56,1476.66,1470.78,1461.92,1454.74,1447.53,1437.17,1422.79,1402.42,1382.18,1369.84,1359.38,1347.88,1332.38,1317.45,1300.22,1279.84,1254.15,1237.09,1217.35,1199.41,1183.61,1165.40,1158.47,1161.37,1160.64,1160.29,1149.97,1133.65,1117.50,1109.07,1102.50,1098.87,1092.16,1080.58,1073.42,1068.72,1063.64,1058.84,1052.55,1044.57,1032.41,1027.83,1026.32,1025.80,1025.14,1023.71,1020.14,1016.91,1013.91,1012.25,1011.80,1010.07,1006.82,1002.65,998.68,995.91,993.47,991.11,988.51,985.40,982.17,979.31,977.27,975.13,973.04,971.53,970.18,968.74,967.78,967.36,968.26,969.49,975.97,987.58,993.46,993.31,989.09,982.65,976.82,970.54,964.57,960.07,957.50,955.20,954.00,953.38,953.15,953.30,953.89,953.91,953.28,954.04,955.56,958.05,960.66,963.43,964.47,964.02,964.78,965.77,966.78,969.77,970.94,970.67,968.77,969.78,971.97,973.61,975.06,975.69,976.49,977.75,977.95,974.77,965.19,955.37,945.26,929.87,929.21,945.61,950.05,944.96,939.13,934.05,930.90,938.81,948.94,950.41,949.93,948.79,948.35,949.03,950.02,951.12,951.45,950.80,950.08,949.15,949.09,950.25,951.92,953.22,954.09,953.53,949.86,948.72,949.21,950.22,952.75,956.85,959.78,960.58,961.14,961.76,960.97,954.21,940.76,930.56,919.57,913.39,910.56,908.21,907.94,904.90,902.19,906.51,920.47,933.67,942.47,947.27,959.39
1678.46,1685.64,1682.16,1672.11,1664.65,1651.91,1635.29,1644.46,1660.68,1681.87,1702.32,1718.45,1732.11,1740.88,1747.33,1753.34,1758.55,1761.99,1764.73,1767.53,1768.75,1771.44,1772.16,1771.86,1768.72,1759.72,1763.28,1768.48,1766.87,1762.39,1759.48,1757.71,1758.11,1758.86,1757.79,1755.33,1751.97,1748.61,1742.78,1736.33,1729.38,1725.08,1720.96,1718.28,1722.70,1728.71,1731.87,1731.03,1725.52,1717.62,1707.06,1693.71,1679.42,1673.14,1667.16,1668.77,1666.29,1670.58,1671.75,1670.57,1666.53,1658.56,1652.15,1645.87,1638.51,1629.12,1613.32,1601.19,1593.06,1582.05,1573.32,1566.34,1560.21,1555.09,1547.74,1537.07,1527.05,1526.14,1522.77,1517.74,1513.59,1506.90,1498.10,1491.10,1481.82,1474.95,1468.83,1461.05,1454.84,1448.50,1439.44,1429.77,1415.15,1399.29,1387.57,1373.20,1359.31,1343.97,1324.62,1302.76,1282.60,1259.31,1240.58,1220.80,1199.46,1182.96,1172.85,1182.17,1185.27,1179.44,1167.80,1147.93,1135.57,1130.99,1124.04,1113.15,1102.83,1092.25,1082.06,1075.75,1071.28,1066.53,1062.34,1056.66,1049.26,1039.82,1029.81,1027.94,1028.12,1027.86,1025.90,1022.11,1018.13,1017.00,1016.95,1015.35,1012.00,1008.30,1003.84,999.83,997.21,994.88,992.65,990.24,987.13,983.67,980.56,978.37,976.03,974.46,973.46,971.09,968.93,968.16,967.42,967.53,968.60,972.05,983.91,992.76,998.37,996.63,990.41,981.74,973.93,967.91,963.06,959.30,956.55,954.60,953.87,952.89,951.93,952.00,951.75,951.93,953.40,955.96,958.36,960.94,962.40,961.72,961.26,961.39,962.97,966.72,970.27,969.96,968.57,966.38,968.04,969.78,971.07,973.38,973.61,974.58,976.99,978.39,978.38,969.45,955.73,946.54,931.75,927.81,941.39,945.96,940.84,936.05,931.58,929.81,938.15,948.63,950.24,949.50,947.49,948.11,949.26,950.25,950.95,950.50,949.55,948.74,948.15,948.51,949.78,951.90,953.71,954.26,951.87,948.92,947.64,948.34,950.06,953.11,955.95,958.24,959.21,959.88,960.64,958.47,946.35,931.91,920.34,911.08,908.19,907.15,905.28,903.78,901.33,900.27,911.65,927.36,941.99,952.71,958.75,962.65
1698.28,1701.28,1699.66,1693.96,1679.45,1661.93,1652.68,1656.34,1665.84,1686.64,1709.42,1729.31,1744.25,1754.51,1763.03,1770.68,1773.36,1772.36,1772.76,1774.44,1774.37,1774.71,1775.20,1774.58,1772.23,1768.58,1770.64,1771.91,1771.28,1769.26,1765.91,1762.97,1762.38,1761.47,1760.13,1757.39,1754.51,1751.04,1746.38,1739.43,1731.88,1726.81,1722.79,1723.88,1730.11,1734.17,1735.99,1735.27,1730.99,1723.23,1712.62,1696.38,1687.88,1692.05,1687.13,1683.23,1676.12,1675.59,1675.64,1674.01,1669.58,1659.56,1650.38,1641.16,1633.98,1623.92,1614.20,1613.24,1607.04,1596.18,1584.70,1576.40,1569.40,1562.57,1554.69,1543.97,1527.59,1515.25,1512.48,1511.24,1508.01,1501.05,1494.36,1487.12,1478.11,1471.84,1464.94,1457.83,1451.98,1445.37,1437.96,1430.52,1418.95,1405.41,1393.47,1380.51,1364.24,1344.35,1322.09,1298.85,1278.72,1255.43,1234.22,1215.02,1196.49,1191.92,1197.00,1200.57,1197.38,1186.84,1169.53,1157.46,1153.56,1143.56,1130.64,1114.91,1099.84,1088.61,1082.76,1078.75,1073.91,1069.10,1064.74,1059.75,1053.13,1046.28,1037.57,1030.58,1030.84,1030.33,1027.88,1023.75,1022.23,1022.56,1021.34,1018.00,1013.56,1009.12,1005.14,1001.30,998.68,996.38,994.00,991.53,988.63,985.29,982.04,979.04,977.09,976.54,974.33,971.17,968.55,968.24,968.23,967.50,967.65,969.26,977.45,989.22,997.51,999.99,995.02,986.35,976.94,970.44,965.61,961.59,958.24,955.37,953.97,952.29,950.84,950.32,950.25,951.02,953.10,956.44,959.32,961.43,961.13,959.59,959.33,959.27,961.25,964.54,966.47,966.71,965.88,964.17,965.90,967.75,970.34,972.08,971.16,970.72,973.14,976.25,977.97,971.27,956.35,946.61,933.38,926.68,938.68,942.09,937.70,933.49,929.42,929.76,938.70,948.00,949.98,948.26,946.73,949.21,949.96,950.41,950.55,949.77,947.99,946.97,947.23,948.75,950.63,952.03,952.09,952.88,950.56,948.30,946.62,947.52,949.51,951.79,953.78,955.69,957.08,958.60,957.96,951.74,937.43,922.67,913.26,908.52,906.28,904.35,902.55,900.74,898.88,901.99,917.87,934.62,949.77,957.50,961.42,961.80
1717.53,1719.10,1719.35,1712.19,1693.08,1668.67,1666.28,1667.62,1668.58,1685.76,1703.17,1724.36,1747.41,1764.01,1778.24,1789.40,1791.50,1789.17,1784.76,1783.54,1781.89,1779.53,1778.28,1777.94,1776.28,1774.23,1773.62,1773.80,1772.42,1770.42,1768.55,1766.22,1764.76,1763.17,1760.92,1758.48,1756.13,1753.42,1750.38,1743.56,1735.61,1728.91,1727.30,1731.32,1736.09,1739.01,1740.10,1739.81,1734.87,1726.89,1715.42,1699.91,1703.21,1708.18,1705.16,1698.54,1685.51,1681.47,1679.84,1676.77,1670.69,1658.36,1651.70,1641.99,1632.78,1622.90,1621.89,1621.54,1613.94,1602.70,1592.27,1582.86,1575.17,1567.66,1559.47,1549.31,1534.55,1513.22,1500.28,1498.41,1496.25,1491.73,1485.32,1477.49,1470.48,1464.41,1458.12,1451.78,1445.75,1438.50,1432.22,1425.31,1415.79,1404.59,1391.75,1380.35,1363.39,1339.23,1315.10,1290.69,1269.84,1247.76,1228.24,1218.56,1214.94,1214.40,1214.59,1213.32,1207.22,1195.28,1184.00,1170.08,1155.90,1140.13,1125.39,1110.19,1098.68,1091.29,1087.13,1082.04,1076.71,1071.78,1066.96,1062.14,1056.39,1050.25,1043.90,1037.93,1035.48,1032.50,1029.99,1029.61,1029.47,1027.32,1023.40,1019.19,1014.03,1009.32,1006.15,1002.95,1000.17,997.66,995.03,992.25,989.19,985.54,982.12,979.90,979.31,978.42,976.33,974.35,972.60,970.76,969.62,968.46,967.29,968.16,971.62,983.31,993.40,1000.34,998.20,989.68,980.22,973.59,969.17,965.23,960.38,956.65,954.01,952.16,950.38,949.73,949.73,950.38,952.43,955.74,959.70,960.37,960.39,959.23,957.93,958.45,959.99,962.61,963.41,963.10,962.09,961.95,964.16,966.33,969.32,970.75,970.00,968.60,970.88,973.77,975.49,971.54,959.05,949.76,935.57,924.76,932.98,937.19,932.89,929.89,927.20,930.67,940.18,946.76,948.28,946.00,946.49,949.72,950.19,950.34,950.09,949.03,946.85,945.78,947.71,949.57,951.07,949.74,950.29,951.97,950.05,947.65,945.50,946.40,948.62,950.57,952.08,953.63,955.74,955.86,952.99,943.40,927.52,912.99,907.86,906.54,904.86,902.68,900.64,897.90,898.54,908.44,924.32,940.62,951.23,957.89,960.84,958.90
1739.01,1737.85,1736.25,1723.23,1696.56,1682.66,1689.04,1689.04,1681.53,1699.37,1717.24,1726.54,1747.92,1769.80,1787.79,1798.72,1803.27,1803.74,1799.59,1794.02,1789.06,1784.51,1782.08,1781.24,1780.27,1778.18,1776.35,1774.43,1772.54,1770.53,1768.34,1766.15,1764.18,1762.62,1760.89,1758.45,1756.34,1753.94,1750.93,1744.94,1737.26,1733.12,1733.48,1736.78,1741.41,1743.18,1743.46,1741.00,1732.73,1722.29,1715.73,1714.11,1718.62,1720.05,1715.19,1706.80,1697.18,1692.54,1687.51,1680.37,1672.07,1660.57,1653.31,1643.31,1633.07,1627.10,1626.25,1621.46,1611.30,1601.80,1593.54,1585.60,1577.75,1569.54,1561.60,1552.67,1540.93,1521.37,1499.82,1484.89,1479.28,1474.31,1469.12,1462.43,1456.16,1451.80,1447.61,1442.25,1438.58,1432.68,1424.99,1416.25,1409.74,1401.10,1388.79,1377.48,1358.33,1333.45,1312.28,1290.98,1269.36,1252.36,1244.63,1241.68,1236.16,1230.98,1226.93,1219.53,1210.05,1196.70,1186.02,1167.43,1148.61,1131.23,1118.43,1108.11,1100.79,1095.24,1090.19,1084.58,1079.32,1074.02,1068.71,1063.83,1058.64,1052.61,1046.83,1041.81,1038.19,1036.42,1035.91,1034.88,1033.01,1029.04,1024.48,1019.74,1014.62,1010.66,1007.60,1004.50,1001.50,998.51,995.48,992.33,989.05,985.87,984.58,983.07,981.70,980.98,980.23,978.03,975.46,973.29,971.49,969.62,967.91,967.27,968.77,975.82,988.05,998.46,1000.30,993.67,985.56,979.97,975.03,969.50,963.17,958.07,954.86,952.54,950.40,949.61,949.46,949.72,950.87,954.50,958.24,957.50,958.01,957.99,956.88,957.95,959.42,961.32,960.99,960.49,959.42,960.07,962.26,965.02,967.55,968.54,967.52,967.42,969.57,970.14,972.18,971.01,962.81,953.54,940.28,925.16,925.15,930.59,928.36,926.10,927.24,934.12,941.87,945.75,945.36,944.07,946.71,949.73,950.13,950.08,948.95,947.25,945.23,945.45,948.16,950.23,950.43,948.39,949.91,951.06,949.03,945.93,944.06,945.34,947.56,949.41,950.62,952.44,954.50,952.69,946.97,933.66,916.46,907.48,903.21,902.77,903.04,901.17,898.36,896.55,902.99,915.20,929.96,942.32,950.73,956.54,957.57,948.71
1756.75,1754.83,1749.10,1732.30,1707.71,1704.05,1713.99,1709.53,1697.41,1711.43,1733.79,1745.10,1753.01,1772.34,1792.77,1805.88,1812.57,1814.17,1811.21,1805.32,1798.46,1790.26,1786.57,1784.78,1782.06,1778.47,1775.43,1773.05,1770.82,1768.65,1766.51,1764.30,1762.23,1760.88,1759.82,1757.73,1755.55,1753.23,1750.17,1744.13,1740.56,1741.48,1741.30,1743.73,1747.05,1747.35,1744.68,1740.09,1730.70,1726.97,1730.49,1731.22,1729.94,1729.48,1721.64,1714.65,1710.36,1703.35,1694.05,1682.70,1672.34,1661.99,1652.55,1644.94,1638.61,1633.76,1627.51,1619.04,1605.57,1592.83,1586.64,1582.76,1575.76,1567.15,1559.95,1552.51,1543.56,1527.24,1507.86,1489.35,1473.80,1457.47,1450.02,1446.38,1438.74,1432.21,1430.09,1425.35,1427.55,1425.39,1418.50,1410.38,1403.30,1396.90,1386.55,1373.92,1357.94,1338.69,1322.53,1306.89,1291.53,1273.09,1263.03,1254.19,1241.97,1233.80,1226.04,1212.61,1199.62,1190.92,1177.79,1162.51,1145.01,1126.78,1116.58,1109.83,1102.86,1097.07,1091.72,1086.29,1080.82,1075.11,1069.49,1064.40,1058.87,1051.89,1047.56,1045.01,1043.95,1043.74,1041.95,1038.57,1034.12,1029.22,1024.04,1019.31,1015.69,1012.23,1008.94,1005.63,1002.28,998.93,995.63,992.42,989.89,988.78,988.70,986.69,984.63,983.54,982.54,980.16,977.62,975.58,973.44,971.12,969.11,967.46,967.44,969.91,981.13,994.09,998.73,996.35,991.03,985.57,978.78,972.37,965.65,959.61,956.58,953.50,950.74,949.57,949.17,949.35,949.76,951.97,954.92,953.97,955.13,956.05,955.67,956.80,958.31,959.96,959.44,958.74,958.27,958.78,960.65,963.58,965.48,965.96,964.83,965.50,966.88,968.10,970.30,970.13,963.57,953.24,940.74,924.33,921.46,925.15,924.63,927.24,932.11,939.01,942.40,944.21,943.16,943.20,946.17,948.92,949.68,949.09,947.38,945.38,943.66,945.17,947.73,949.52,948.90,946.80,949.50,949.86,947.01,943.87,942.88,944.43,946.35,947.81,949.47,951.85,952.50,948.83,937.00,920.36,909.31,904.87,900.02,899.12,900.08,898.53,895.30,899.96,907.94,922.14,935.11,945.28,951.75,953.75,948.37,939.51
1766.84,1766.80,1760.57,1744.08,1724.19,1724.47,1736.78,1730.16,1715.46,1720.68,1746.99,1764.29,1773.16,1780.89,1795.54,1811.70,1820.63,1823.32,1820.64,1814.60,1806.92,1798.13,1791.20,1786.34,1780.72,1776.28,1772.22,1770.62,1768.36,1766.24,1764.32,1762.34,1760.07,1758.83,1757.78,1756.02,1754.29,1752.32,1749.55,1746.72,1748.24,1749.88,1751.14,1753.29,1753.51,1750.90,1745.58,1739.25,1734.47,1738.82,1742.71,1743.48,1743.13,1741.24,1734.17,1727.01,1721.38,1711.13,1698.11,1685.23,1674.95,1666.41,1658.41,1652.61,1645.60,1635.98,1625.58,1616.37,1605.07,1590.17,1575.26,1570.08,1566.35,1560.04,1554.94,1549.72,1542.57,1528.45,1512.02,1496.14,1479.35,1454.16,1431.56,1424.24,1417.58,1411.64,1411.25,1409.35,1414.50,1415.36,1410.65,1404.48,1396.11,1387.31,1380.18,1369.34,1356.33,1341.19,1325.30,1310.18,1296.17,1277.24,1264.34,1250.01,1237.99,1228.56,1212.92,1196.68,1184.90,1174.50,1164.13,1151.70,1137.08,1124.66,1116.45,1109.98,1102.76,1097.04,1092.11,1086.47,1080.57,1074.50,1068.49,1063.00,1058.05,1054.90,1053.81,1052.39,1051.68,1049.88,1045.53,1040.15,1034.38,1028.25,1022.43,1018.15,1014.72,1011.63,1008.38,1004.96,1001.70,998.25,995.53,993.80,992.58,992.42,991.84,989.66,987.30,986.14,984.76,982.31,979.78,977.53,975.25,972.92,970.69,968.86,967.22,967.94,973.89,988.73,994.31,996.01,993.61,988.59,980.33,973.74,967.43,961.92,960.61,956.45,952.13,949.69,949.01,949.04,949.37,949.77,950.51,950.60,951.95,953.25,954.25,955.28,956.87,958.37,957.86,957.14,957.07,958.00,959.14,960.61,962.52,964.00,963.25,963.89,964.88,966.07,968.51,968.85,965.34,954.46,940.72,926.96,919.60,921.61,926.98,932.58,937.01,941.06,942.53,942.35,941.36,941.81,944.52,947.34,948.40,947.16,945.46,943.59,942.36,944.00,946.07,946.75,946.26,945.18,947.57,946.82,943.57,941.32,942.08,943.75,945.60,947.50,949.50,951.19,950.09,942.39,925.19,912.03,902.36,900.69,898.31,895.65,895.53,894.22,896.58,905.16,913.65,928.04,936.60,941.42,949.67,945.23,938.84,936.62
1771.95,1777.23,1770.60,1756.24,1741.19,1740.05,1754.86,1748.66,1731.24,1731.76,1750.95,1770.33,1786.30,1799.19,1808.22,1820.70,1831.78,1834.05,1829.02,1822.02,1813.64,1804.67,1795.70,1786.38,1778.35,1772.99,1768.86,1765.78,1764.96,1763.25,1761.84,1759.92,1756.46,1755.51,1755.84,1754.14,1752.98,1751.92,1750.80,1750.96,1752.61,1755.49,1757.63,1759.65,1759.75,1756.03,1749.13,1743.71,1742.54,1747.50,1751.85,1752.78,1751.70,1749.03,1741.71,1733.85,1725.99,1714.36,1700.40,1689.82,1679.14,1670.72,1662.94,1655.12,1646.14,1635.30,1623.74,1611.41,1600.86,1587.78,1570.36,1553.42,1550.08,1549.90,1548.03,1544.73,1538.98,1527.51,1513.26,1497.76,1481.55,1456.52,1431.02,1413.47,1402.38,1395.18,1392.49,1393.19,1399.42,1401.89,1399.32,1394.02,1386.85,1376.11,1368.45,1361.38,1348.17,1333.57,1316.20,1301.75,1285.43,1268.73,1254.36,1242.06,1229.31,1215.98,1198.86,1184.36,1170.59,1161.77,1152.07,1141.51,1131.45,1122.28,1112.78,1103.61,1096.95,1092.60,1088.90,1083.39,1078.52,1072.62,1069.23,1067.62,1064.56,1062.64,1061.88,1059.30,1055.43,1051.43,1045.76,1039.40,1032.83,1028.51,1028.44,1024.75,1018.15,1011.41,1007.22,1003.89,1000.62,998.84,998.51,997.81,996.85,996.11,994.06,991.55,989.34,988.66,987.57,985.09,982.21,979.51,977.19,974.83,972.62,970.69,968.46,967.04,969.79,981.81,990.46,992.93,993.59,990.44,982.22,974.91,968.65,965.15,962.98,958.94,954.27,950.73,949.24,948.58,948.73,948.97,949.19,949.45,949.86,950.94,952.32,953.72,955.45,956.70,956.00,955.68,956.00,956.88,957.93,958.91,960.35,962.42,961.70,962.35,963.09,964.10,966.43,967.86,965.14,957.40,943.31,927.74,918.34,921.91,927.85,934.53,939.56,941.29,940.93,940.38,939.73,940.40,943.01,946.12,946.89,945.21,943.54,941.75,940.97,942.31,943.53,943.27,943.05,943.00,944.50,943.14,940.11,939.95,941.75,943.91,945.93,947.60,949.13,949.29,945.40,933.27,916.29,903.21,898.79,897.67,896.92,893.80,891.28,892.38,901.31,907.70,914.63,930.99,940.56,937.79,937.58,935.90,934.92,934.19
1776.76,1785.69,1781.53,1770.01,1761.91,1758.83,1768.31,1759.69,1754.47,1750.61,1766.27,1779.61,1791.63,1808.42,1822.88,1836.28,1844.95,1845.53,1837.68,1827.64,1818.10,1809.22,1799.29,1787.53,1778.65,1771.36,1765.76,1761.61,1760.21,1759.65,1758.73,1756.47,1753.58,1752.84,1752.12,1751.13,1751.41,1751.20,1752.23,1753.38,1755.33,1759.32,1763.54,1766.66,1767.34,1765.09,1759.31,1755.41,1753.18,1752.99,1758.09,1759.58,1757.39,1752.47,1742.82,1733.60,1724.05,1712.86,1700.25,1691.20,1679.80,1670.29,1661.88,1653.22,1643.32,1633.71,1622.86,1605.54,1591.99,1581.77,1566.60,1548.13,1535.38,1537.25,1538.82,1536.88,1532.55,1524.75,1512.06,1496.70,1482.76,1463.75,1444.09,1424.64,1407.31,1388.61,1376.13,1374.67,1377.55,1381.07,1379.56,1375.04,1370.39,1363.61,1353.61,1343.26,1333.23,1316.56,1299.84,1283.92,1269.36,1252.85,1238.71,1226.68,1217.53,1203.13,1189.60,1172.29,1161.82,1152.92,1145.20,1137.39,1127.96,1117.44,1108.89,1103.12,1098.63,1091.89,1086.78,1081.75,1077.45,1074.77,1076.59,1077.46,1074.90,1071.51,1068.97,1061.49,1055.17,1050.10,1043.38,1037.88,1034.28,1036.60,1042.07,1039.39,1027.97,1017.38,1010.92,1008.34,1005.38,1003.07,1002.37,1001.69,1000.57,998.91,996.49,994.05,992.11,991.22,990.28,987.58,984.55,981.70,979.06,976.65,974.56,972.29,969.82,967.25,967.92,973.87,983.65,988.10,990.85,990.92,984.68,976.95,970.47,967.00,963.85,960.39,956.62,953.02,949.99,948.49,948.13,948.33,948.59,948.93,949.28,949.70,950.65,952.32,954.18,955.06,954.61,954.66,955.13,955.84,956.87,958.57,960.40,960.84,960.05,960.60,961.24,963.50,965.85,967.06,965.54,959.63,946.69,927.34,916.15,915.50,920.35,932.69,939.46,940.55,939.40,937.79,937.67,939.69,942.52,945.52,944.94,942.66,941.68,940.03,939.83,940.53,940.98,941.45,941.50,941.17,941.77,940.80,938.34,939.79,941.99,944.25,946.36,947.66,948.09,945.34,938.58,923.46,905.94,898.17,896.64,895.02,894.95,892.60,889.58,895.04,904.73,910.79,916.45,929.66,939.37,936.64,930.45,931.19,932.34,935.13
1782.98,1794.17,1795.79,1789.04,1781.07,1778.30,1781.91,1772.30,1771.96,1763.75,1779.05,1795.97,1808.79,1821.31,1835.24,1847.24,1853.68,1853.17,1843.06,1832.38,1821.72,1811.62,1802.61,1791.70,1782.63,1772.92,1766.57,1762.59,1758.95,1755.89,1755.22,1753.59,1751.17,1749.12,1747.14,1747.10,1748.88,1750.22,1753.15,1756.41,1761.00,1766.61,1770.78,1772.99,1773.82,1773.98,1770.62,1769.11,1765.20,1760.70,1762.06,1762.75,1759.43,1753.16,1742.68,1729.84,1716.48,1706.74,1696.50,1687.11,1676.36,1666.95,1657.03,1647.37,1638.72,1630.83,1620.76,1604.72,1589.30,1575.28,1560.20,1543.69,1524.31,1520.93,1525.25,1524.82,1521.88,1517.24,1507.91,1494.72,1483.16,1471.53,1455.73,1435.91,1415.77,1394.41,1371.81,1357.06,1354.67,1356.61,1355.83,1350.35,1345.94,1344.35,1335.44,1326.58,1315.53,1300.53,1284.33,1268.76,1254.32,1240.11,1225.86,1218.05,1207.66,1193.29,1179.13,1166.84,1157.66,1147.29,1139.70,1131.25,1123.76,1123.61,1123.78,1118.89,1113.92,1106.54,1099.07,1091.39,1083.89,1083.43,1085.89,1084.38,1081.61,1077.05,1071.92,1063.50,1057.88,1054.93,1050.34,1044.93,1040.46,1045.13,1052.90,1050.31,1037.61,1026.10,1018.46,1016.34,1011.65,1007.25,1006.02,1005.03,1003.46,1001.44,999.05,996.97,995.21,993.81,992.14,989.48,986.44,983.56,980.89,978.44,976.08,973.61,971.00,968.25,966.80,968.57,973.28,978.41,983.58,988.06,986.34,980.03,972.51,967.68,964.54,961.41,958.02,953.04,949.82,948.68,947.88,947.71,947.96,948.31,948.67,949.10,949.63,950.54,952.14,953.25,953.65,953.87,954.21,954.77,955.90,957.75,959.36,958.95,958.44,958.90,959.75,961.81,964.07,965.50,965.76,961.73,948.90,934.10,917.77,910.24,915.87,926.47,935.85,937.79,936.20,935.48,937.35,940.31,942.77,944.80,943.11,940.58,939.26,938.53,938.91,940.14,941.00,941.10,940.85,939.61,938.96,937.92,937.39,940.95,943.10,944.88,945.74,946.76,945.80,942.16,932.14,914.32,899.95,897.06,894.76,892.84,892.30,891.44,888.67,898.68,907.57,913.07,918.13,925.90,929.44,925.45,921.12,926.79,932.64,937.87
1787.30,1803.04,1811.08,1810.30,1800.90,1798.01,1795.38,1788.11,1788.16,1779.24,1785.24,1805.77,1819.92,1832.00,1845.46,1856.45,1860.25,1857.50,1849.11,1838.68,1827.03,1814.42,1805.29,1795.14,1786.44,1776.29,1771.06,1766.79,1759.92,1754.07,1751.82,1750.51,1747.30,1743.93,1742.33,1742.95,1745.58,1748.97,1754.50,1760.61,1767.20,1772.44,1776.03,1778.31,1779.52,1780.41,1780.86,1780.34,1775.90,1768.60,1765.89,1763.05,1758.56,1752.61,1742.25,1729.15,1713.30,1699.94,1689.13,1679.63,1670.58,1659.12,1648.20,1636.29,1627.20,1621.43,1612.72,1602.18,1589.24,1576.88,1562.92,1544.50,1525.51,1510.76,1509.17,1509.98,1509.03,1506.98,1502.18,1491.39,1479.92,1470.62,1456.83,1438.32,1417.44,1396.19,1373.69,1351.05,1335.07,1334.01,1333.06,1326.51,1322.11,1321.62,1317.18,1308.91,1299.60,1286.33,1271.91,1257.68,1245.18,1231.95,1219.63,1210.50,1199.55,1187.24,1174.57,1164.22,1152.21,1142.82,1138.37,1139.81,1146.64,1149.52,1143.84,1134.10,1128.80,1120.51,1110.45,1102.62,1093.71,1094.96,1092.37,1087.17,1082.99,1078.25,1073.35,1068.48,1064.53,1068.89,1065.84,1057.28,1050.67,1056.84,1061.95,1056.86,1047.12,1040.15,1028.68,1024.65,1017.47,1011.40,1009.66,1007.99,1006.17,1003.96,1001.72,999.44,997.67,995.74,993.33,990.85,988.14,985.45,982.72,980.06,977.55,975.01,972.36,969.96,967.62,966.77,968.34,969.59,974.33,982.07,985.34,981.97,974.87,968.41,965.37,962.38,958.63,953.89,950.47,949.21,948.33,947.33,947.34,947.69,948.09,948.48,949.04,949.61,950.39,951.53,952.50,952.48,952.80,953.58,954.57,956.09,957.10,956.82,956.76,957.38,958.28,959.36,961.57,963.72,964.55,960.25,948.51,937.61,922.33,909.42,914.41,920.14,927.42,932.21,933.02,935.14,938.15,940.88,943.00,943.78,942.02,939.60,937.15,938.21,940.26,941.12,941.52,940.88,940.67,938.67,935.60,934.56,937.11,941.84,943.40,943.25,944.16,945.62,943.79,939.40,926.84,909.04,897.76,894.52,893.48,891.47,889.82,889.46,888.08,901.51,910.32,914.61,918.64,920.80,919.76,916.85,918.52,929.78,939.28,942.61
1801.41,1813.08,1821.23,1822.48,1817.47,1813.82,1807.50,1802.84,1800.93,1794.16,1793.87,1813.42,1829.28,1842.34,1855.13,1862.24,1863.70,1860.77,1854.46,1846.71,1836.69,1820.76,1808.65,1798.48,1789.80,1781.43,1775.80,1770.16,1760.03,1753.08,1748.85,1746.43,1742.39,1739.33,1738.44,1740.15,1743.84,1749.68,1756.19,1764.10,1771.76,1776.67,1780.30,1782.80,1784.64,1785.80,1786.43,1785.20,1780.97,1772.00,1765.03,1760.28,1754.72,1747.14,1737.21,1727.76,1715.21,1700.45,1684.95,1670.98,1661.03,1649.51,1637.45,1623.74,1614.04,1607.58,1599.89,1590.95,1581.94,1571.88,1563.10,1550.60,1534.38,1515.20,1498.89,1493.33,1496.02,1495.89,1491.99,1484.50,1472.09,1459.52,1448.25,1431.89,1412.71,1394.76,1370.27,1346.19,1325.13,1312.92,1308.53,1305.29,1301.04,1299.86,1297.38,1292.08,1284.56,1274.18,1261.80,1248.38,1237.77,1222.54,1212.49,1203.61,1194.58,1183.08,1169.38,1157.53,1150.80,1152.43,1159.23,1165.34,1167.28,1165.56,1157.04,1144.69,1139.86,1130.03,1118.99,1107.03,1102.92,1100.22,1092.49,1089.96,1089.65,1085.86,1080.78,1075.20,1071.40,1080.10,1080.14,1072.61,1062.52,1066.28,1071.08,1064.83,1056.36,1046.28,1037.98,1033.10,1022.23,1016.16,1013.24,1011.09,1008.80,1006.75,1004.59,1001.84,999.28,997.05,994.59,992.19,989.89,987.25,984.50,981.82,979.19,976.63,974.13,971.69,968.92,966.70,966.64,967.31,969.71,977.18,982.70,982.71,977.70,969.76,966.40,963.10,959.71,956.07,952.50,950.19,948.89,947.62,946.81,947.03,947.39,947.91,948.46,949.01,949.53,950.45,951.27,950.95,951.49,952.23,953.10,954.08,954.74,954.88,955.28,955.97,956.66,958.04,959.92,960.77,961.73,960.14,949.41,939.44,924.05,908.71,913.88,918.18,922.76,930.70,933.20,935.65,938.19,940.44,942.44,942.06,940.19,937.08,936.88,939.70,943.01,943.82,942.03,939.97,938.76,938.52,933.38,931.78,935.57,940.54,941.60,941.01,942.64,944.20,942.06,934.38,917.19,901.93,892.87,891.04,891.24,890.31,887.86,886.71,888.49,904.00,912.15,915.12,915.09,913.89,912.87,915.73,923.18,937.16,943.84,947.00
1811.05,1819.32,1824.70,1828.68,1829.91,1825.33,1817.98,1814.47,1808.96,1807.30,1807.78,1822.23,1839.60,1851.37,1860.33,1865.90,1865.97,1860.92,1854.53,1847.96,1839.91,1825.32,1811.28,1802.96,1794.81,1786.32,1781.44,1774.15,1761.51,1751.95,1745.36,1741.88,1739.17,1736.88,1736.47,1738.41,1741.57,1750.26,1756.92,1764.79,1773.60,1779.89,1783.03,1786.09,1788.85,1790.60,1791.04,1787.78,1781.32,1772.81,1763.95,1755.86,1747.44,1737.05,1729.02,1722.56,1712.82,1701.26,1686.70,1669.85,1656.43,1645.72,1635.42,1626.99,1619.22,1608.94,1597.03,1583.96,1568.82,1555.05,1548.59,1542.85,1533.57,1520.59,1503.44,1487.39,1477.42,1476.68,1476.26,1470.43,1461.28,1450.91,1433.81,1414.54,1399.28,1381.28,1362.90,1350.81,1334.86,1316.06,1301.00,1289.28,1282.37,1277.53,1273.93,1271.21,1267.30,1259.81,1248.99,1237.31,1225.38,1214.84,1205.55,1196.40,1187.00,1173.91,1166.37,1167.87,1174.04,1178.24,1183.36,1187.24,1185.58,1179.96,1168.49,1157.45,1148.66,1134.39,1122.60,1114.99,1108.86,1099.87,1098.40,1105.11,1105.14,1097.76,1090.02,1079.99,1080.79,1092.91,1093.81,1085.28,1073.12,1076.91,1080.97,1072.84,1060.45,1048.20,1046.56,1037.32,1025.03,1019.31,1017.03,1014.85,1012.15,1009.85,1007.46,1004.50,1001.23,998.41,996.32,994.19,991.75,989.16,986.49,983.75,980.96,978.30,975.71,972.89,970.11,967.83,966.41,966.59,968.37,972.02,979.16,981.50,978.78,971.60,966.16,960.78,958.50,956.32,953.84,951.32,949.25,947.80,946.70,946.40,946.76,947.30,947.78,948.28,948.84,949.46,949.91,949.87,950.25,950.70,951.34,951.90,952.89,953.39,953.82,954.37,955.05,956.64,957.90,958.13,958.91,960.59,957.52,949.05,931.61,908.93,911.20,916.31,921.33,929.91,932.49,934.29,936.73,940.06,941.38,939.45,936.04,936.62,939.93,942.50,945.82,948.17,947.30,942.63,936.24,934.60,931.48,929.89,932.75,940.08,939.88,939.09,940.12,942.19,941.28,930.19,911.58,897.07,889.67,888.46,888.51,888.08,885.93,884.69,892.14,906.84,912.08,911.68,911.55,908.29,910.61,922.17,932.39,941.50,946.34,949.60
1812.86,1819.76,1825.18,1830.61,1834.49,1834.38,1832.38,1826.53,1818.14,1820.32,1824.82,1833.55,1848.25,1857.29,1863.71,1869.01,1865.42,1856.78,1849.81,1843.56,1834.99,1821.20,1809.37,1803.47,1796.27,1788.34,1782.54,1775.48,1762.88,1751.23,1743.75,1738.77,1736.37,1734.45,1734.71,1736.72,1740.08,1749.18,1756.00,1762.79,1772.08,1779.67,1784.41,1788.35,1791.91,1794.05,1793.47,1788.05,1781.17,1773.88,1766.85,1758.17,1748.76,1737.12,1722.57,1712.77,1704.66,1695.13,1682.17,1668.88,1658.80,1653.03,1646.96,1641.50,1632.21,1620.78,1610.03,1595.60,1579.01,1558.57,1543.00,1530.29,1519.87,1509.94,1500.40,1487.65,1473.08,1462.01,1457.80,1451.60,1447.01,1439.56,1422.65,1404.01,1389.77,1383.14,1376.23,1369.02,1353.31,1331.77,1315.40,1296.36,1278.08,1264.08,1255.71,1252.66,1249.40,1242.24,1233.09,1222.53,1214.71,1205.35,1196.02,1188.87,1181.52,1182.21,1186.44,1193.11,1199.64,1201.21,1201.97,1205.37,1203.20,1195.76,1182.58,1170.03,1153.60,1138.18,1130.23,1121.83,1111.79,1103.06,1112.15,1119.82,1118.63,1109.49,1100.51,1086.11,1091.52,1107.06,1108.97,1098.87,1085.34,1089.33,1088.44,1077.75,1062.04,1055.84,1052.69,1040.65,1032.56,1026.32,1022.18,1018.84,1015.73,1012.92,1010.17,1006.88,1003.13,1000.20,998.86,996.28,993.58,990.95,988.36,985.56,982.69,979.90,977.14,974.36,971.57,969.14,967.25,966.04,967.35,968.62,973.17,978.00,977.63,972.44,966.81,960.62,957.40,954.84,952.41,950.28,948.97,947.93,946.93,946.07,946.09,946.56,947.02,947.51,948.14,948.93,949.71,949.34,949.37,949.52,949.71,950.05,951.20,951.57,952.12,952.58,953.51,954.97,955.42,955.84,956.48,958.32,958.23,953.50,941.63,918.44,906.72,911.73,918.21,926.31,930.15,932.37,936.28,940.00,939.74,935.29,935.48,940.40,943.06,945.71,948.64,951.24,953.03,949.05,937.21,930.47,929.60,929.34,933.63,939.66,938.38,937.67,939.38,941.26,940.46,931.33,911.63,895.87,889.08,887.00,885.83,885.18,883.67,884.96,894.67,904.89,905.88,901.88,909.40,909.97,920.09,931.39,938.07,943.73,948.29,950.62
1810.84,1818.10,1824.78,1830.86,1835.00,1836.01,1836.53,1835.66,1831.12,1835.29,1842.33,1847.83,1854.73,1861.23,1866.48,1869.81,1862.78,1851.84,1842.64,1834.30,1823.02,1812.07,1805.25,1800.50,1793.02,1785.74,1779.85,1773.91,1764.55,1754.37,1746.41,1740.03,1734.62,1731.96,1732.99,1735.61,1739.61,1747.05,1754.44,1761.71,1769.57,1777.11,1782.09,1787.63,1792.35,1795.84,1791.27,1782.08,1778.76,1775.95,1772.12,1766.27,1757.13,1746.76,1732.13,1716.80,1704.48,1693.69,1683.07,1675.99,1670.93,1664.61,1656.75,1649.37,1641.84,1632.39,1620.84,1603.45,1587.38,1571.76,1553.88,1536.71,1519.95,1501.80,1490.13,1480.46,1470.19,1458.52,1445.29,1437.83,1429.29,1420.93,1413.21,1406.68,1409.42,1405.99,1394.42,1381.13,1362.77,1345.63,1326.52,1308.83,1289.37,1269.70,1254.30,1242.39,1235.66,1228.83,1223.21,1216.42,1209.91,1202.87,1198.70,1193.72,1197.53,1204.45,1205.55,1209.72,1217.94,1220.91,1218.03,1222.18,1218.99,1207.74,1193.76,1177.64,1159.88,1148.34,1134.71,1121.68,1113.53,1110.36,1121.27,1132.35,1132.38,1122.14,1112.18,1094.99,1100.95,1118.99,1119.84,1111.90,1101.35,1101.46,1095.53,1081.13,1072.96,1068.52,1058.49,1051.37,1046.32,1039.23,1030.44,1023.79,1018.44,1015.19,1012.03,1008.51,1004.93,1002.98,1000.49,997.61,994.89,992.44,989.90,987.12,984.27,981.42,978.58,975.72,972.81,970.10,968.14,966.34,965.52,964.68,966.90,971.45,973.58,972.04,966.84,960.63,957.74,955.35,952.78,950.58,949.21,948.20,947.19,946.25,945.49,945.74,946.23,946.82,947.57,948.76,949.69,949.24,948.58,948.70,948.89,949.31,949.82,949.90,950.40,950.77,951.71,952.87,952.81,953.28,954.25,955.74,954.40,949.79,944.63,933.73,912.85,907.52,916.34,922.85,927.55,931.41,935.08,937.85,936.90,932.93,936.50,942.15,945.16,948.47,950.31,951.80,954.02,950.00,935.51,928.85,928.41,929.43,934.07,938.10,936.26,937.53,939.97,940.76,939.35,929.83,909.10,893.91,888.75,886.75,884.72,882.98,881.90,884.92,892.64,895.75,896.92,900.13,907.09,917.39,929.25,936.73,941.29,945.21,948.59,949.96
1807.83,1816.23,1826.21,1831.55,1833.75,1834.08,1833.96,1836.67,1838.92,1843.05,1848.63,1853.54,1858.24,1862.96,1867.58,1868.59,1861.70,1852.80,1843.15,1833.14,1820.22,1810.40,1800.59,1791.14,1786.11,1780.61,1774.45,1769.11,1762.28,1755.00,1748.09,1741.89,1735.45,1730.15,1731.13,1734.94,1739.43,1746.61,1754.61,1762.33,1770.03,1775.91,1781.48,1786.92,1789.94,1791.20,1782.96,1773.21,1772.91,1772.91,1771.73,1768.79,1761.68,1752.41,1737.28,1721.38,1709.86,1699.68,1689.38,1682.73,1676.04,1668.44,1659.07,1650.97,1643.87,1634.90,1623.42,1609.59,1597.16,1584.80,1570.61,1551.72,1535.12,1516.71,1502.70,1491.38,1475.88,1461.61,1451.07,1439.45,1431.16,1429.16,1423.14,1425.60,1430.65,1423.06,1406.16,1385.52,1369.03,1355.22,1335.14,1312.49,1290.69,1269.55,1257.41,1252.00,1248.49,1241.59,1233.82,1226.44,1221.39,1222.20,1218.80,1208.46,1216.21,1225.58,1225.47,1229.30,1237.27,1238.34,1233.79,1232.88,1227.50,1215.76,1196.58,1181.60,1166.68,1150.05,1132.25,1125.39,1117.72,1119.69,1131.32,1143.98,1144.60,1135.12,1124.24,1104.17,1109.47,1123.99,1123.53,1118.18,1114.69,1108.73,1101.95,1092.14,1083.63,1075.91,1066.66,1057.59,1052.97,1048.20,1039.14,1028.21,1020.35,1016.35,1012.92,1009.60,1007.08,1004.33,1001.48,998.72,996.18,993.67,991.13,988.41,985.52,982.67,979.75,976.82,974.05,971.37,969.07,966.91,964.17,961.61,960.83,963.93,967.64,968.68,964.58,959.68,957.57,955.17,952.10,949.80,948.89,947.99,947.17,946.37,945.51,945.03,945.46,946.17,947.36,948.64,949.68,949.56,948.25,947.87,947.92,948.04,948.31,948.61,949.02,949.36,949.94,950.76,950.34,950.57,951.27,950.60,946.19,940.99,938.89,934.54,916.35,905.57,915.63,921.49,925.91,930.36,933.97,934.97,934.03,931.10,933.49,940.27,943.10,946.83,950.03,951.39,949.72,942.80,931.24,927.67,928.49,930.73,935.53,935.79,934.57,937.06,939.21,937.77,933.50,923.62,902.65,890.58,887.47,885.77,884.39,882.43,880.61,881.95,888.47,896.30,901.40,905.73,911.62,920.29,929.07,939.26,943.21,946.06,948.28,948.66
1805.24,1815.24,1825.61,1828.87,1829.13,1829.55,1829.74,1833.90,1838.76,1844.11,1849.60,1854.57,1859.40,1862.92,1866.56,1865.83,1860.41,1851.90,1843.64,1834.52,1823.65,1813.52,1798.37,1781.77,1776.23,1769.89,1764.30,1759.89,1756.75,1752.63,1747.33,1741.93,1734.74,1728.68,1731.87,1737.47,1743.57,1751.26,1759.35,1767.34,1773.78,1778.82,1783.04,1783.95,1783.44,1781.99,1773.45,1765.53,1764.53,1766.24,1766.40,1765.87,1761.49,1753.11,1736.45,1720.68,1708.08,1696.07,1687.17,1682.39,1676.32,1668.74,1658.63,1649.77,1641.34,1632.31,1622.25,1611.36,1601.76,1589.43,1576.56,1563.02,1546.42,1531.26,1516.82,1502.66,1487.65,1472.25,1459.86,1445.10,1447.87,1449.89,1444.69,1445.24,1441.54,1428.04,1408.49,1389.05,1371.46,1354.75,1335.32,1307.96,1285.43,1274.63,1273.48,1267.57,1264.01,1261.31,1256.16,1247.03,1246.36,1245.99,1232.74,1225.91,1233.38,1241.21,1241.53,1243.53,1252.42,1248.52,1242.55,1237.11,1227.70,1215.96,1197.25,1181.39,1163.00,1144.78,1136.39,1129.62,1123.01,1128.73,1142.05,1154.38,1157.21,1149.69,1138.18,1115.62,1119.19,1132.37,1131.62,1129.56,1124.03,1111.93,1105.19,1099.82,1087.76,1075.53,1063.00,1054.38,1052.77,1050.60,1042.39,1030.51,1021.62,1017.18,1013.93,1011.06,1008.36,1005.21,1002.43,999.83,997.29,994.75,992.20,989.59,986.66,983.76,980.88,978.14,975.45,972.72,970.00,967.28,964.43,961.52,959.28,959.12,960.97,963.19,961.60,958.92,957.33,954.99,952.33,950.36,949.54,948.60,947.29,945.90,945.16,944.52,944.84,945.98,947.25,948.54,949.67,949.99,948.84,947.49,946.93,946.89,946.96,947.38,947.84,948.31,948.79,948.86,948.33,948.44,945.17,940.14,938.10,932.56,930.28,925.79,909.39,903.76,911.13,917.55,923.71,928.96,932.25,931.93,931.04,928.21,929.46,934.05,939.03,942.53,944.01,943.81,941.06,934.50,927.56,927.20,929.91,932.25,935.01,933.25,933.70,936.41,936.43,933.30,924.49,912.36,894.76,887.89,885.39,883.40,882.58,881.95,879.60,880.87,893.22,901.36,904.91,908.36,914.23,922.63,931.73,938.65,942.48,945.83,946.73,946.98
1802.93,1813.44,1821.32,1823.04,1821.66,1821.05,1824.85,1830.18,1837.53,1843.31,1848.86,1854.22,1859.20,1862.60,1864.87,1862.42,1858.12,1851.87,1843.10,1832.91,1822.51,1813.18,1797.19,1783.08,1774.33,1767.12,1758.87,1754.81,1751.37,1748.11,1744.31,1739.46,1730.76,1727.50,1734.49,1742.00,1750.37,1758.68,1765.90,1772.23,1777.85,1781.09,1782.34,1779.19,1771.43,1766.74,1762.96,1758.55,1754.39,1756.88,1759.67,1761.45,1759.15,1750.51,1734.69,1719.92,1705.41,1689.38,1679.43,1677.21,1673.18,1666.11,1655.68,1646.47,1637.83,1628.58,1619.44,1610.15,1599.66,1585.68,1572.84,1559.24,1547.01,1533.31,1518.44,1501.38,1486.42,1474.13,1463.27,1456.38,1462.63,1461.95,1457.39,1451.31,1439.34,1423.25,1403.01,1382.18,1363.59,1343.19,1322.28,1301.28,1298.34,1298.42,1290.34,1281.64,1281.05,1280.12,1276.33,1266.88,1265.25,1264.40,1246.72,1243.26,1253.28,1265.16,1267.48,1268.34,1268.25,1255.24,1242.94,1232.67,1222.36,1207.21,1187.34,1170.60,1157.15,1146.89,1139.00,1135.18,1132.38,1138.14,1152.97,1165.85,1168.83,1161.39,1148.79,1128.90,1129.99,1140.46,1140.92,1135.27,1127.78,1115.54,1106.54,1100.29,1085.31,1074.01,1061.16,1048.77,1046.52,1045.22,1038.61,1029.05,1022.26,1018.42,1015.05,1011.99,1008.93,1006.00,1003.33,1000.85,998.32,995.72,993.12,990.49,987.68,984.89,982.11,979.34,976.49,973.61,970.75,967.86,964.95,962.07,959.62,957.92,958.28,959.35,959.20,958.23,956.89,955.25,953.49,951.77,950.41,948.72,946.78,945.00,944.23,944.22,945.49,946.81,947.97,949.19,951.01,952.75,950.59,949.54,948.22,946.40,945.69,946.07,946.39,946.90,947.40,946.60,946.32,946.58,942.95,932.04,925.31,923.12,919.46,910.97,900.16,901.91,908.12,915.02,923.54,928.27,930.00,929.33,928.24,925.58,922.64,926.19,931.97,935.34,935.84,934.29,930.77,926.82,924.78,927.89,931.52,933.33,932.36,931.08,933.11,935.40,933.93,930.55,919.67,904.34,891.38,887.16,884.11,881.25,879.99,879.92,878.26,883.13,898.08,902.72,905.89,908.67,914.94,924.78,933.23,939.88,943.69,945.01,943.47,944.07
1802.89,1810.43,1815.66,1815.60,1812.94,1813.52,1819.49,1826.19,1836.32,1843.69,1848.61,1853.10,1857.34,1861.25,1862.27,1859.18,1854.91,1850.13,1843.89,1834.87,1822.78,1814.45,1806.70,1796.79,1787.21,1778.70,1766.32,1758.26,1747.95,1741.88,1738.67,1735.55,1728.08,1727.51,1737.65,1747.47,1755.61,1762.87,1769.22,1774.14,1778.95,1780.59,1779.76,1774.69,1762.74,1750.92,1748.63,1746.54,1743.86,1745.61,1750.61,1754.77,1754.10,1747.16,1733.58,1719.96,1703.93,1686.59,1672.46,1667.34,1666.17,1660.03,1649.79,1642.00,1634.49,1625.86,1616.30,1607.32,1596.70,1582.04,1567.85,1550.16,1538.80,1525.00,1511.01,1499.67,1492.70,1485.76,1475.01,1472.55,1472.70,1466.50,1455.43,1440.16,1426.11,1410.11,1394.21,1372.12,1351.25,1332.39,1318.28,1320.47,1320.83,1315.09,1303.85,1304.47,1305.26,1303.01,1299.31,1293.16,1288.63,1280.75,1260.37,1265.13,1277.83,1286.80,1287.83,1284.36,1276.65,1258.38,1239.85,1219.05,1206.87,1189.28,1179.03,1175.57,1166.97,1151.30,1146.60,1150.38,1141.26,1148.11,1167.47,1180.25,1182.08,1172.22,1157.82,1141.75,1141.86,1147.35,1143.45,1136.43,1128.65,1115.70,1105.93,1097.86,1084.44,1073.75,1062.53,1049.21,1042.19,1037.67,1032.63,1027.41,1023.29,1019.69,1016.46,1012.85,1009.90,1006.77,1003.97,1001.53,998.94,996.26,993.55,990.82,988.06,985.25,982.48,979.65,976.76,973.86,970.94,968.22,965.48,962.75,960.38,958.02,956.60,957.14,957.18,956.60,956.00,954.88,953.23,951.52,949.98,947.83,945.96,944.17,944.07,946.34,948.11,948.99,950.21,952.39,955.29,957.15,955.75,954.53,952.25,948.61,945.66,944.76,944.83,945.27,945.93,944.35,944.31,944.25,940.13,927.49,916.15,909.54,902.41,897.55,899.64,904.21,907.45,913.83,923.77,925.04,926.58,927.42,925.83,923.82,919.39,918.81,923.86,926.82,927.11,924.97,922.17,922.37,925.34,929.22,931.66,931.23,929.66,930.48,932.70,934.31,932.88,930.04,917.64,902.48,888.49,883.95,882.92,880.26,878.49,877.22,876.20,885.86,899.44,901.67,905.23,909.39,917.56,926.97,933.82,939.10,943.51,942.52,940.34,941.45
1801.86,1805.06,1808.58,1805.89,1803.12,1806.72,1815.00,1823.31,1833.88,1839.99,1844.93,1850.20,1854.80,1858.58,1857.49,1854.39,1850.98,1847.55,1843.37,1836.69,1826.51,1816.85,1811.06,1802.24,1792.40,1783.25,1770.32,1759.40,1747.27,1737.55,1730.82,1729.81,1724.24,1726.26,1738.81,1750.06,1756.98,1763.31,1769.29,1772.94,1774.56,1774.70,1770.61,1764.72,1753.85,1739.53,1734.37,1733.78,1734.74,1734.71,1736.97,1743.39,1745.09,1740.62,1730.20,1716.89,1702.19,1686.25,1672.55,1660.44,1655.83,1650.47,1643.29,1636.64,1628.78,1619.22,1609.74,1601.17,1588.66,1577.01,1562.20,1546.89,1535.85,1525.06,1515.21,1507.55,1499.71,1492.60,1486.13,1485.76,1479.98,1467.54,1453.90,1434.18,1417.17,1402.86,1390.11,1375.86,1358.14,1345.99,1339.77,1346.44,1340.54,1329.18,1323.59,1325.95,1327.26,1326.00,1322.12,1315.43,1306.48,1290.53,1276.64,1288.25,1299.07,1305.91,1305.45,1297.30,1281.70,1260.29,1240.67,1217.13,1202.55,1197.53,1193.54,1186.46,1170.66,1155.22,1163.55,1164.37,1152.63,1155.13,1173.55,1188.53,1191.58,1181.57,1166.36,1154.02,1154.37,1153.67,1149.55,1140.77,1135.64,1123.40,1106.20,1095.71,1079.78,1069.85,1058.81,1049.36,1042.25,1036.24,1031.34,1027.97,1024.65,1021.54,1017.72,1013.53,1009.66,1006.90,1004.33,1001.73,998.88,996.11,993.35,990.61,987.74,984.90,982.09,979.31,976.50,973.69,970.87,968.29,965.81,963.30,960.75,957.91,955.71,955.06,955.11,954.61,954.25,953.67,952.70,950.97,948.96,946.95,944.96,943.53,946.12,949.19,950.80,951.95,953.90,956.67,959.44,960.71,960.72,959.17,955.12,950.67,947.55,945.16,943.28,943.27,944.14,943.01,941.44,940.27,933.60,924.02,911.55,899.26,894.38,896.72,901.31,906.86,911.25,916.37,921.04,919.84,923.14,925.20,923.16,920.64,919.08,911.24,913.55,917.99,917.58,913.40,916.20,922.25,927.37,930.23,930.91,929.78,928.74,930.52,932.19,932.91,932.16,929.19,914.71,897.47,883.31,879.45,879.71,879.21,877.03,874.89,875.19,888.14,897.29,899.60,902.98,910.06,920.74,929.09,934.59,939.08,942.64,940.10,938.24,939.42
1796.35,1797.35,1798.69,1795.40,1793.75,1800.91,1810.65,1819.17,1828.33,1835.33,1841.05,1845.59,1848.95,1850.46,1849.32,1847.38,1846.13,1843.87,1840.80,1835.49,1826.19,1813.50,1805.80,1799.32,1788.98,1779.31,1770.23,1756.64,1746.61,1737.83,1729.41,1723.06,1719.01,1722.32,1734.65,1747.13,1754.44,1760.01,1764.75,1766.98,1766.70,1765.18,1760.69,1750.64,1739.91,1728.68,1724.60,1724.73,1727.82,1727.59,1726.50,1730.14,1732.58,1730.36,1722.34,1710.26,1699.10,1684.80,1672.03,1660.39,1649.89,1642.57,1636.69,1629.82,1618.37,1608.27,1599.55,1588.35,1578.16,1566.76,1552.62,1541.93,1532.11,1523.09,1515.56,1508.78,1500.88,1496.45,1496.37,1496.85,1489.94,1474.77,1459.47,1441.44,1423.64,1412.69,1399.92,1382.57,1369.22,1358.47,1357.78,1362.88,1358.87,1348.92,1345.29,1346.32,1347.21,1345.97,1340.74,1330.76,1316.07,1296.79,1297.05,1307.79,1318.43,1323.82,1315.76,1299.60,1279.56,1260.04,1242.05,1228.31,1221.53,1213.82,1200.30,1185.08,1167.25,1165.65,1178.87,1175.65,1161.47,1167.57,1179.79,1196.68,1199.19,1188.29,1173.36,1167.27,1162.30,1156.41,1150.95,1144.67,1137.42,1123.48,1104.65,1093.25,1082.32,1069.09,1056.40,1048.24,1041.40,1035.51,1030.34,1026.84,1023.63,1020.54,1016.33,1011.76,1007.73,1004.80,1002.39,1000.43,997.84,995.28,992.63,989.88,986.94,984.14,981.29,978.67,976.12,973.56,970.90,968.26,965.75,963.36,960.84,958.36,956.31,954.57,953.40,952.85,952.64,952.05,951.13,950.62,949.13,946.92,944.68,943.34,947.73,951.34,953.18,954.92,957.20,959.71,961.67,962.93,963.17,961.65,957.96,954.53,950.73,948.05,945.58,942.60,941.43,940.63,937.83,932.63,923.77,915.78,905.77,896.91,892.90,895.94,900.77,906.47,911.49,915.34,920.25,916.32,920.41,923.27,921.46,917.97,915.51,910.65,903.49,904.51,903.91,910.21,917.62,922.73,927.75,930.22,929.90,928.03,927.79,929.76,930.55,931.37,930.61,924.64,908.53,893.31,881.78,878.03,877.17,877.30,874.84,872.44,875.03,888.99,893.99,896.81,900.35,910.28,921.54,931.02,937.33,940.79,940.91,938.12,936.63,937.79
1789.27,1788.61,1788.71,1786.17,1788.37,1796.53,1805.13,1815.34,1825.03,1832.19,1836.88,1839.06,1841.86,1843.23,1842.28,1840.39,1840.76,1839.44,1836.93,1833.64,1826.92,1812.27,1803.84,1796.24,1784.50,1775.17,1764.87,1752.65,1750.68,1753.43,1742.38,1727.58,1717.57,1716.55,1725.61,1736.96,1746.21,1751.94,1756.14,1757.94,1757.61,1756.54,1751.81,1737.97,1726.16,1715.02,1714.15,1718.89,1723.13,1722.18,1717.55,1715.11,1718.43,1716.78,1709.67,1701.87,1691.61,1680.70,1669.31,1659.52,1648.68,1638.87,1630.16,1620.02,1609.15,1600.18,1586.26,1573.65,1560.66,1550.95,1542.24,1534.70,1525.77,1514.86,1503.94,1497.97,1495.35,1496.49,1500.54,1502.17,1498.83,1486.16,1468.42,1450.70,1437.24,1423.55,1407.95,1395.52,1382.10,1369.87,1374.26,1376.13,1373.92,1368.49,1366.10,1367.06,1366.88,1363.32,1354.94,1342.10,1321.03,1311.55,1316.35,1327.08,1337.18,1335.74,1322.74,1301.67,1280.98,1262.85,1254.76,1247.65,1236.13,1215.75,1195.24,1181.43,1174.05,1180.35,1193.13,1187.56,1171.08,1183.16,1193.26,1203.48,1203.10,1195.38,1181.92,1176.03,1166.56,1156.99,1150.01,1142.76,1128.63,1117.44,1106.23,1094.84,1085.34,1068.50,1054.03,1046.04,1039.90,1035.05,1030.42,1026.43,1022.74,1019.50,1014.99,1010.19,1006.77,1003.95,1001.02,998.35,996.09,993.64,991.20,988.64,985.73,982.98,980.22,977.74,975.28,972.84,970.41,968.03,965.66,963.26,960.95,959.01,957.15,955.24,953.57,952.00,951.12,950.53,949.58,949.30,948.37,946.44,944.41,943.03,948.75,952.91,955.27,957.44,959.63,961.59,963.35,964.99,965.45,964.15,962.18,960.80,959.34,955.02,950.55,946.51,941.97,938.75,935.20,931.09,925.46,915.04,903.98,896.87,891.91,892.63,897.63,903.03,907.76,907.84,915.55,913.54,916.68,921.42,919.41,914.87,911.50,909.38,903.31,897.14,902.70,913.79,920.47,924.24,927.38,928.77,927.94,925.79,926.32,927.85,929.34,930.25,926.84,918.29,903.51,888.74,879.60,877.09,875.33,875.31,873.37,870.41,872.93,889.05,893.95,897.35,902.17,912.86,923.88,932.92,939.56,941.25,939.55,936.45,935.01,936.21
1780.44,1778.28,1777.87,1778.33,1785.01,1792.71,1801.81,1814.56,1823.48,1829.90,1831.66,1831.97,1833.93,1835.67,1835.05,1833.72,1834.52,1834.36,1832.60,1828.87,1821.31,1813.50,1804.38,1793.05,1783.21,1775.07,1764.33,1751.96,1756.68,1764.11,1757.62,1742.75,1727.27,1713.77,1713.82,1721.88,1730.01,1736.79,1741.81,1745.11,1747.16,1747.02,1739.85,1726.59,1711.18,1702.46,1706.19,1714.04,1715.84,1713.67,1707.02,1699.92,1702.25,1702.16,1696.85,1688.91,1681.04,1672.82,1663.79,1654.24,1644.73,1636.46,1627.90,1618.33,1609.81,1599.87,1584.70,1569.40,1552.78,1539.37,1530.16,1522.77,1515.07,1503.40,1491.94,1488.69,1488.96,1492.86,1496.64,1499.76,1499.62,1489.90,1473.90,1464.68,1453.34,1436.76,1421.27,1405.49,1391.37,1388.70,1393.08,1393.92,1391.98,1389.40,1387.05,1386.19,1385.40,1380.71,1369.10,1350.46,1332.06,1333.41,1338.05,1347.31,1352.26,1345.53,1329.60,1312.51,1296.54,1282.74,1269.76,1259.54,1239.81,1218.29,1200.78,1190.09,1193.51,1197.03,1204.41,1195.09,1180.88,1195.78,1208.13,1208.76,1204.33,1198.48,1188.84,1182.86,1176.50,1162.03,1154.69,1149.36,1133.24,1117.89,1101.01,1092.42,1080.24,1061.31,1048.98,1043.97,1039.88,1034.96,1030.16,1026.01,1022.11,1018.70,1014.76,1011.01,1007.60,1004.34,1001.18,998.10,995.20,992.68,990.41,987.59,984.54,981.67,979.03,976.68,974.41,971.98,969.65,967.67,965.27,962.87,960.56,958.80,957.25,955.70,954.09,952.46,950.87,949.67,948.79,948.22,947.39,945.52,943.84,942.69,945.62,952.36,956.76,959.30,961.34,963.26,965.11,967.02,967.85,967.88,967.01,967.88,967.27,963.25,958.71,952.04,945.81,940.46,936.24,932.90,930.43,922.49,908.89,899.77,893.07,889.60,892.80,897.92,902.46,901.59,905.86,908.76,909.53,917.65,915.30,909.98,907.00,905.79,901.18,894.78,903.81,912.32,920.13,923.37,925.39,925.60,924.55,923.66,924.76,926.56,928.30,928.02,924.14,915.03,898.79,883.73,878.00,875.90,873.87,873.21,872.04,869.06,873.09,887.39,894.11,899.45,908.70,920.32,927.68,934.52,939.62,940.26,938.13,934.90,933.37,934.39
1768.86,1767.19,1769.06,1776.83,1787.38,1796.72,1808.26,1814.89,1819.10,1822.24,1823.88,1824.43,1824.27,1826.14,1826.72,1826.94,1827.94,1828.50,1826.83,1821.81,1816.39,1811.15,1803.37,1791.09,1781.25,1773.89,1765.76,1757.49,1757.96,1768.09,1769.18,1758.69,1741.62,1725.01,1710.18,1706.46,1711.34,1717.28,1722.73,1726.98,1727.92,1726.12,1720.66,1711.66,1698.41,1695.17,1703.73,1706.89,1705.67,1702.85,1694.11,1682.34,1681.68,1684.06,1679.75,1672.82,1667.09,1660.96,1652.58,1644.51,1636.31,1628.37,1620.69,1611.26,1600.93,1587.44,1574.29,1561.92,1548.56,1533.18,1517.58,1506.40,1501.26,1494.93,1483.91,1479.44,1482.50,1485.34,1487.07,1487.96,1491.52,1489.68,1481.90,1478.57,1466.77,1448.02,1431.31,1417.21,1409.44,1408.62,1413.40,1413.61,1411.58,1408.93,1405.50,1402.84,1400.34,1394.18,1382.17,1362.01,1351.32,1356.01,1360.79,1365.87,1363.53,1353.31,1335.89,1320.82,1311.67,1299.14,1282.48,1262.58,1246.05,1230.10,1210.40,1205.57,1214.17,1216.24,1220.93,1207.56,1198.72,1204.76,1211.33,1207.47,1203.17,1197.06,1187.83,1184.43,1180.22,1164.80,1155.30,1147.10,1132.79,1117.05,1091.14,1083.79,1069.85,1056.43,1048.68,1044.52,1040.87,1035.56,1029.55,1024.84,1020.83,1016.80,1012.70,1009.26,1006.04,1002.74,999.76,997.23,994.53,991.88,989.79,986.70,983.50,980.58,978.19,975.73,973.25,970.97,969.01,967.17,964.92,962.52,960.33,958.45,956.72,955.07,953.46,951.99,950.62,949.50,948.60,947.66,946.68,945.50,944.40,943.75,943.10,951.60,957.46,961.22,963.41,965.50,967.00,969.07,970.63,971.40,972.78,973.44,972.43,968.85,965.39,959.91,951.24,943.48,937.44,933.06,930.98,926.57,916.83,906.31,897.43,889.58,889.11,891.36,895.34,896.09,896.82,899.19,901.75,908.20,908.13,903.56,900.88,902.24,895.62,891.96,901.75,907.40,916.26,921.71,922.27,922.35,921.44,921.99,923.80,925.51,926.65,925.29,921.93,911.71,896.03,883.63,877.71,875.05,872.75,871.32,870.59,868.00,874.04,884.31,892.05,902.91,916.37,924.14,929.59,934.20,937.90,937.86,935.58,932.42,931.85,932.88
1756.99,1759.91,1770.06,1783.38,1793.58,1801.30,1807.44,1810.96,1813.10,1814.68,1816.34,1816.53,1815.94,1817.27,1818.75,1820.08,1821.22,1821.39,1819.71,1815.80,1811.82,1807.64,1801.38,1789.99,1778.64,1771.06,1764.57,1758.93,1759.14,1766.90,1771.06,1770.09,1757.59,1740.66,1724.23,1705.96,1698.38,1700.62,1703.82,1705.65,1705.72,1704.00,1699.90,1693.56,1684.68,1687.91,1697.96,1699.59,1696.50,1689.38,1677.72,1663.60,1658.38,1660.39,1657.66,1653.64,1649.92,1644.92,1639.12,1631.51,1622.44,1613.10,1603.68,1594.82,1583.65,1570.23,1559.83,1550.03,1538.62,1527.17,1514.82,1499.42,1486.93,1485.15,1477.06,1470.13,1472.65,1474.93,1475.21,1474.52,1478.98,1483.88,1485.32,1482.92,1475.35,1459.70,1442.98,1431.86,1426.60,1431.01,1435.13,1434.30,1431.43,1428.03,1425.09,1421.78,1416.37,1406.12,1392.93,1377.04,1371.83,1375.85,1378.43,1377.55,1370.32,1355.21,1340.39,1329.71,1317.74,1303.90,1284.76,1264.76,1247.59,1231.19,1219.93,1225.57,1232.19,1234.88,1234.83,1224.03,1214.95,1213.13,1212.11,1203.99,1198.22,1195.08,1187.07,1179.88,1175.51,1162.12,1152.24,1138.52,1122.86,1104.50,1084.53,1072.82,1059.79,1052.88,1048.17,1044.79,1041.14,1034.97,1028.34,1022.98,1018.32,1014.13,1010.33,1007.19,1004.09,1000.89,998.11,995.84,993.47,990.90,988.03,985.02,982.02,979.45,977.33,975.03,972.48,969.98,968.04,966.43,964.61,962.58,960.63,958.76,956.95,955.14,953.34,951.54,949.83,948.68,947.95,947.30,946.48,945.63,944.85,944.46,942.92,949.31,956.69,962.22,965.80,968.11,968.96,971.32,974.78,977.78,979.20,978.99,977.18,974.27,970.51,964.18,957.33,948.85,939.28,933.31,930.74,928.06,923.34,916.38,905.16,894.80,888.68,887.01,888.06,889.41,890.31,890.88,892.71,895.71,897.73,896.92,891.92,894.74,890.13,890.83,898.38,904.45,912.43,917.67,918.84,919.03,919.02,921.01,922.54,923.97,925.00,923.87,921.06,911.58,897.31,884.58,877.29,873.78,871.78,869.48,867.22,867.27,874.07,881.73,890.73,907.41,918.61,925.55,930.33,933.82,934.86,933.91,932.78,930.17,930.54,931.72
1748.15,1761.12,1772.84,1783.42,1790.44,1795.78,1799.90,1803.10,1805.30,1806.54,1806.92,1807.17,1809.04,1811.59,1813.26,1812.94,1813.33,1813.03,1811.63,1809.35,1807.13,1804.07,1798.39,1786.62,1776.49,1769.53,1765.17,1761.75,1763.63,1769.33,1771.97,1772.33,1768.13,1752.77,1735.83,1717.99,1702.24,1691.79,1688.62,1688.32,1686.76,1683.43,1676.71,1673.10,1668.74,1675.74,1686.13,1686.95,1682.46,1672.58,1657.89,1642.11,1635.11,1638.51,1639.05,1633.92,1629.25,1626.68,1622.49,1613.74,1603.93,1596.27,1589.75,1581.47,1569.11,1557.36,1547.29,1536.71,1526.91,1519.69,1510.36,1496.34,1481.18,1473.73,1468.01,1459.52,1459.85,1463.43,1464.25,1463.19,1466.36,1475.85,1482.13,1482.86,1479.30,1469.28,1455.32,1444.57,1441.38,1442.35,1441.41,1441.40,1440.72,1438.21,1433.91,1431.26,1427.22,1418.08,1403.75,1392.67,1388.49,1389.11,1386.93,1382.03,1372.15,1358.41,1345.43,1333.57,1321.18,1305.39,1286.82,1272.45,1259.25,1245.87,1240.97,1244.16,1250.42,1250.25,1244.24,1230.94,1218.19,1207.68,1201.66,1195.53,1192.51,1186.66,1178.62,1174.97,1168.39,1159.66,1141.43,1127.74,1109.94,1088.29,1077.16,1063.85,1056.62,1051.91,1047.22,1042.92,1039.34,1032.78,1026.15,1020.43,1015.67,1011.32,1007.30,1004.09,1001.74,999.38,996.76,994.35,992.26,989.45,985.57,982.43,979.98,978.03,976.06,974.11,972.03,969.62,967.10,965.40,963.78,962.20,960.46,958.74,957.04,955.31,953.52,951.77,950.01,948.26,946.89,946.29,945.78,945.02,944.09,943.38,941.99,947.72,955.01,961.15,967.38,970.61,971.43,973.59,977.26,980.35,981.34,981.18,981.34,979.54,974.30,969.20,962.88,954.61,942.97,935.15,930.29,928.41,925.18,921.41,914.92,904.83,894.45,887.94,885.25,884.84,884.34,883.13,881.89,885.06,888.31,889.82,886.33,885.52,885.13,889.03,894.63,900.73,907.23,911.46,914.32,915.14,916.95,919.09,920.88,922.49,923.44,922.38,920.31,912.13,898.11,885.23,876.44,871.79,868.82,867.32,864.72,865.29,870.16,879.54,894.52,908.68,918.97,927.49,931.31,933.03,931.98,930.07,929.79,928.57,928.78,930.56
1747.87,1760.80,1771.51,1778.69,1783.18,1786.34,1790.59,1794.67,1796.52,1796.34,1796.32,1797.59,1799.66,1802.61,1806.36,1806.00,1805.60,1805.86,1805.17,1803.25,1802.50,1800.13,1794.25,1786.27,1779.35,1773.42,1770.41,1767.52,1768.88,1771.92,1774.53,1772.65,1767.14,1752.24,1739.41,1730.50,1719.04,1703.21,1690.39,1681.20,1672.52,1663.49,1655.02,1651.08,1649.41,1658.32,1670.07,1670.56,1663.45,1651.47,1637.75,1624.41,1615.17,1614.92,1616.82,1612.98,1609.49,1608.02,1604.02,1596.61,1589.92,1582.41,1575.65,1567.54,1556.45,1544.75,1532.76,1523.57,1517.73,1512.67,1502.70,1489.67,1474.02,1463.92,1456.13,1451.86,1451.51,1453.39,1453.54,1452.51,1454.83,1462.06,1477.10,1481.02,1475.66,1460.19,1450.06,1444.51,1440.43,1438.08,1437.43,1437.17,1435.43,1435.45,1434.22,1432.16,1429.64,1423.52,1414.57,1405.15,1397.32,1393.61,1386.53,1377.14,1362.97,1352.89,1344.19,1332.98,1320.93,1309.80,1290.37,1275.83,1268.88,1261.85,1259.45,1256.46,1252.48,1248.84,1239.74,1227.00,1216.49,1194.91,1183.82,1183.65,1181.12,1170.00,1169.66,1170.71,1162.39,1144.06,1128.05,1114.24,1095.25,1076.55,1068.34,1060.84,1055.74,1051.20,1044.86,1039.44,1034.22,1027.98,1022.00,1016.59,1011.75,1008.47,1004.14,1000.50,998.93,997.30,995.22,992.81,990.52,987.25,983.08,980.03,978.40,976.66,974.73,972.88,970.89,968.79,966.30,964.43,962.54,961.11,959.60,958.04,956.55,955.00,953.37,951.65,949.88,948.19,946.22,944.88,944.53,943.60,942.31,941.67,940.76,946.26,953.83,959.82,966.82,971.63,973.77,975.77,978.73,980.07,980.29,980.59,981.98,982.88,978.94,972.58,965.09,956.92,947.28,937.57,931.55,927.05,924.91,922.16,920.48,914.30,904.79,894.94,888.07,885.24,882.35,880.22,879.43,879.24,879.50,880.76,880.94,880.86,882.02,886.27,891.68,897.61,902.43,904.88,910.30,912.28,914.28,916.56,919.47,921.59,922.53,921.27,918.24,911.24,899.60,887.45,876.41,871.19,866.92,864.04,862.32,863.38,867.24,878.33,896.59,910.24,921.66,929.32,931.45,931.29,929.95,928.04,927.55,926.76,926.56,928.71
1747.82,1758.10,1766.29,1771.16,1773.08,1776.23,1781.92,1786.11,1787.65,1786.06,1787.65,1791.12,1793.27,1794.93,1796.46,1797.77,1798.29,1798.90,1799.47,1797.17,1796.95,1795.60,1790.96,1785.92,1781.77,1778.81,1775.90,1773.40,1774.22,1775.72,1777.09,1776.18,1772.64,1760.79,1750.17,1743.07,1732.21,1715.99,1704.71,1697.81,1685.93,1672.11,1658.04,1645.17,1636.46,1640.93,1650.30,1650.57,1642.26,1629.83,1618.23,1607.16,1594.54,1589.76,1590.90,1588.47,1586.24,1585.81,1584.72,1581.18,1574.98,1565.79,1559.02,1551.65,1540.61,1529.16,1521.42,1516.32,1512.67,1507.65,1496.39,1478.66,1465.04,1455.85,1447.05,1443.93,1442.92,1443.78,1442.17,1443.67,1448.71,1457.01,1468.27,1473.30,1462.72,1448.26,1442.67,1438.84,1436.70,1435.18,1433.89,1432.56,1428.14,1425.99,1425.99,1424.79,1423.63,1421.45,1413.88,1406.09,1398.89,1391.42,1377.49,1361.72,1345.70,1335.94,1332.04,1326.14,1317.85,1309.53,1288.05,1273.77,1265.32,1262.38,1260.99,1255.31,1247.41,1240.78,1229.47,1221.26,1211.12,1191.62,1171.01,1162.13,1160.17,1152.35,1153.02,1149.90,1137.81,1123.12,1109.38,1096.66,1080.76,1072.41,1065.37,1056.50,1049.15,1042.57,1035.91,1030.12,1024.31,1020.13,1017.10,1012.88,1008.96,1006.25,1003.00,999.95,998.15,996.49,994.95,993.28,990.79,987.43,984.37,981.12,979.08,976.78,974.64,972.59,970.13,967.87,965.67,963.62,961.52,959.74,958.38,956.88,955.38,953.87,952.44,950.92,949.50,947.96,946.13,944.15,942.75,942.28,940.53,939.97,939.97,941.82,951.21,957.00,964.53,971.29,973.95,976.57,978.97,980.07,980.13,980.13,980.58,981.96,980.41,972.65,963.97,956.79,950.35,940.03,933.05,926.16,923.78,922.49,921.44,919.95,913.85,908.71,903.53,895.02,887.77,882.92,879.16,877.98,877.87,878.03,878.15,878.56,879.48,881.21,887.04,894.63,897.72,899.20,904.83,909.32,911.93,914.95,918.48,920.78,921.79,920.42,916.70,911.28,902.73,890.15,876.60,870.07,866.02,862.37,860.28,862.44,866.67,877.03,894.85,910.01,920.78,928.57,930.37,929.74,927.71,926.13,925.43,924.91,925.67,927.55
1743.25,1752.63,1758.62,1761.80,1762.50,1766.34,1771.64,1775.54,1776.10,1775.71,1779.53,1783.72,1785.95,1787.04,1788.84,1790.26,1790.64,1790.69,1790.84,1790.57,1790.78,1791.06,1790.44,1788.73,1786.29,1783.71,1781.14,1779.63,1779.94,1780.41,1780.51,1781.06,1782.60,1777.75,1763.29,1749.25,1739.55,1726.44,1718.98,1710.93,1700.30,1686.52,1673.13,1658.76,1640.51,1627.96,1633.92,1631.58,1618.44,1607.36,1597.73,1585.13,1573.82,1567.81,1564.75,1563.54,1564.85,1565.28,1563.19,1560.72,1558.99,1551.76,1542.46,1532.81,1523.58,1514.90,1511.15,1509.59,1507.05,1502.18,1491.07,1471.57,1457.79,1440.98,1437.46,1435.91,1429.41,1429.90,1432.90,1437.93,1444.47,1453.33,1461.10,1459.92,1450.99,1443.66,1439.03,1436.24,1433.93,1432.29,1430.90,1429.10,1421.05,1416.24,1414.93,1414.72,1414.66,1412.00,1405.63,1400.86,1393.68,1385.18,1363.72,1346.48,1330.28,1316.14,1310.94,1312.26,1310.42,1298.64,1282.65,1269.15,1250.49,1243.51,1246.91,1245.52,1241.43,1236.34,1226.34,1209.64,1200.55,1187.72,1165.26,1146.02,1139.61,1134.21,1129.06,1124.37,1111.87,1096.97,1088.51,1079.24,1072.37,1067.49,1056.45,1044.72,1037.39,1031.69,1026.74,1021.18,1018.07,1016.25,1014.75,1013.86,1012.87,1011.14,1009.71,1008.61,1008.17,1007.18,1005.93,1004.59,1003.06,1000.90,998.36,994.87,988.66,984.14,980.71,977.51,973.37,968.82,966.51,964.40,961.92,959.26,957.50,955.85,954.22,952.65,951.03,949.79,948.30,946.73,945.12,943.05,941.05,940.96,939.71,938.45,938.41,938.45,948.56,956.21,964.87,971.49,974.15,976.84,979.37,980.02,980.03,980.00,980.04,980.60,980.76,974.75,967.08,959.51,952.40,941.88,933.00,925.39,922.04,920.71,919.71,918.81,917.21,914.13,910.79,905.45,897.93,889.40,883.37,878.21,876.37,876.02,876.13,876.73,877.30,877.83,883.17,894.36,897.98,896.85,899.34,904.68,910.59,914.76,918.70,920.52,921.12,919.64,916.13,912.00,905.20,891.31,873.37,867.97,864.63,861.29,859.56,862.39,866.69,876.03,891.58,903.28,917.06,925.96,927.69,928.36,926.74,924.21,923.39,923.39,924.75,926.34
1734.19,1740.84,1746.09,1750.04,1751.69,1754.25,1757.85,1761.14,1762.30,1763.07,1768.19,1773.35,1775.69,1777.48,1780.90,1782.39,1782.71,1782.88,1783.70,1784.79,1786.27,1788.67,1791.40,1792.62,1791.10,1788.19,1785.71,1786.02,1786.64,1786.80,1787.74,1787.86,1788.74,1787.02,1773.59,1758.62,1746.36,1739.90,1729.72,1717.18,1702.18,1691.22,1680.03,1664.97,1649.19,1626.63,1620.28,1618.77,1601.24,1593.37,1589.54,1588.27,1573.99,1557.88,1546.03,1540.81,1540.67,1541.68,1537.19,1533.23,1534.26,1533.23,1527.79,1517.43,1507.92,1501.86,1500.64,1501.19,1499.29,1493.57,1482.50,1467.46,1452.38,1435.40,1428.54,1426.61,1421.31,1421.58,1426.19,1432.63,1439.58,1448.67,1452.61,1448.24,1442.65,1437.54,1434.15,1432.23,1431.09,1428.70,1424.64,1421.30,1417.67,1409.57,1402.54,1399.26,1398.16,1397.00,1394.75,1390.09,1385.24,1377.80,1360.98,1336.40,1315.82,1299.37,1296.26,1295.99,1293.25,1286.45,1273.86,1250.12,1232.31,1226.62,1228.35,1231.77,1234.17,1231.68,1221.70,1202.43,1187.19,1176.32,1159.70,1141.59,1125.22,1115.70,1106.35,1096.13,1087.91,1081.38,1073.48,1063.14,1053.67,1047.31,1039.59,1034.22,1029.42,1026.53,1024.31,1024.02,1025.35,1026.42,1027.24,1027.72,1027.95,1027.66,1027.06,1026.26,1024.85,1022.59,1020.65,1017.54,1014.08,1010.59,1006.74,1002.64,996.89,991.15,987.13,983.11,978.94,971.10,967.83,965.85,963.26,960.65,958.64,956.72,954.84,952.95,951.01,949.11,947.48,945.91,944.02,941.38,939.87,939.54,938.67,937.01,936.07,935.85,942.74,953.54,962.25,970.43,973.48,976.38,979.23,980.00,980.00,980.00,979.99,979.46,979.49,975.72,969.36,959.66,951.94,943.88,935.44,927.62,921.53,918.76,917.30,916.22,915.14,914.01,912.03,908.81,903.44,897.73,891.24,882.32,878.05,874.80,874.15,874.63,875.01,876.02,881.23,897.06,899.48,894.65,895.95,902.69,910.95,915.60,919.46,920.51,920.32,918.75,915.55,912.23,904.37,889.64,871.46,866.28,862.91,859.77,859.21,862.65,866.01,874.45,892.40,908.10,920.76,924.05,923.80,924.67,926.28,923.05,921.60,922.30,923.83,925.33
1715.33,1724.33,1729.25,1734.58,1738.95,1740.88,1742.87,1745.28,1747.98,1753.83,1758.10,1761.37,1764.47,1768.09,1772.76,1774.64,1775.26,1776.47,1779.88,1783.32,1786.82,1790.39,1793.90,1796.39,1796.46,1793.36,1791.84,1795.05,1797.42,1798.34,1799.17,1798.63,1797.10,1793.27,1781.88,1767.78,1756.33,1749.20,1735.00,1720.06,1704.95,1689.56,1673.44,1660.57,1647.60,1630.39,1616.24,1608.91,1609.41,1610.37,1611.09,1609.76,1593.41,1570.30,1550.77,1534.39,1520.37,1514.93,1510.87,1509.82,1510.81,1510.21,1511.67,1508.38,1497.24,1490.13,1489.33,1488.19,1485.86,1481.71,1475.29,1461.03,1441.71,1428.39,1415.73,1414.31,1411.46,1414.94,1420.74,1425.97,1432.39,1441.20,1443.52,1438.70,1432.53,1428.44,1426.67,1426.98,1427.57,1425.04,1418.39,1409.96,1407.05,1403.61,1396.34,1386.22,1380.53,1378.54,1381.16,1381.16,1377.21,1367.91,1353.48,1331.99,1307.04,1292.56,1283.29,1284.20,1283.02,1278.32,1264.02,1242.38,1223.09,1211.97,1211.18,1218.03,1225.71,1219.55,1211.26,1197.17,1177.39,1163.35,1150.65,1135.47,1116.92,1097.53,1087.78,1081.46,1074.01,1064.72,1056.72,1049.92,1045.88,1043.30,1040.38,1037.96,1037.69,1040.12,1043.18,1046.29,1047.58,1046.77,1046.64,1046.33,1044.36,1042.76,1041.17,1037.43,1032.76,1028.33,1025.92,1022.74,1017.07,1013.09,1008.81,1003.64,998.50,994.41,991.33,987.52,983.41,977.33,970.09,967.43,963.77,960.63,958.96,957.17,955.16,953.08,951.20,949.24,947.59,946.16,944.56,942.15,939.97,938.57,937.17,935.80,934.62,933.77,936.96,948.80,957.89,967.70,973.17,977.35,979.55,980.00,980.00,980.00,979.75,977.57,976.12,973.45,969.47,962.33,954.25,945.14,936.42,929.44,923.51,918.52,915.19,913.99,912.99,911.95,910.43,908.78,905.09,901.05,895.47,888.54,881.96,876.45,872.97,872.36,872.80,874.75,878.55,892.96,895.77,890.54,892.18,900.47,910.99,914.99,918.04,919.67,919.37,918.10,915.09,911.81,902.62,887.03,870.10,865.65,861.90,857.92,858.18,859.75,861.49,871.58,889.75,908.26,918.87,920.22,919.76,920.58,924.39,922.40,920.14,921.29,922.62,923.94
1701.61,1706.92,1713.00,1719.23,1726.80,1730.21,1732.45,1735.16,1738.28,1745.54,1749.14,1750.12,1752.92,1758.12,1764.41,1767.20,1769.49,1773.36,1778.39,1783.56,1788.68,1792.87,1796.87,1800.04,1802.97,1802.27,1801.95,1806.06,1808.41,1808.47,1808.03,1807.37,1805.20,1798.37,1787.60,1775.92,1767.39,1756.87,1742.40,1728.30,1712.50,1692.27,1677.78,1667.64,1655.83,1644.18,1626.64,1620.74,1631.01,1633.11,1629.41,1620.14,1604.63,1585.40,1568.67,1548.93,1526.66,1508.82,1501.40,1495.90,1494.48,1492.96,1496.20,1499.81,1493.00,1485.87,1481.40,1478.46,1475.54,1472.72,1461.79,1443.60,1429.59,1415.37,1405.54,1403.85,1401.06,1407.34,1414.71,1417.29,1419.97,1426.73,1430.65,1426.65,1420.54,1416.30,1415.39,1419.65,1422.23,1421.83,1414.92,1404.48,1399.41,1393.89,1387.74,1379.38,1373.01,1369.63,1364.95,1358.82,1353.03,1345.76,1334.69,1320.19,1306.89,1293.36,1266.93,1262.78,1270.37,1267.69,1251.09,1237.26,1222.93,1204.74,1194.86,1203.27,1212.89,1207.96,1193.88,1183.91,1168.23,1149.95,1138.31,1120.98,1101.38,1087.95,1079.14,1068.30,1062.16,1057.39,1053.79,1052.25,1052.75,1051.86,1051.40,1054.28,1058.34,1062.53,1065.13,1064.85,1061.33,1056.86,1054.33,1052.60,1049.42,1045.98,1042.50,1038.73,1033.62,1029.42,1027.05,1023.67,1018.28,1013.96,1009.93,1005.13,1000.43,996.62,993.29,989.83,985.68,981.48,975.44,970.14,963.88,959.07,957.76,956.41,954.63,952.23,950.02,948.69,947.60,946.42,945.03,942.91,940.81,938.91,936.85,935.41,933.91,932.41,933.57,942.78,954.87,965.23,974.17,980.57,980.49,980.06,980.00,980.00,979.19,976.78,974.34,971.73,967.00,959.48,951.75,943.70,936.45,929.31,923.94,918.94,914.58,911.68,910.87,909.80,908.17,907.23,905.88,902.94,899.23,892.71,885.71,878.46,874.53,871.01,870.85,873.51,879.68,887.72,889.47,886.29,890.97,902.54,909.83,913.17,915.40,917.71,918.01,917.10,914.81,911.46,902.17,887.00,870.70,863.47,860.28,856.12,856.95,858.38,860.57,869.44,885.12,903.95,911.80,914.07,915.46,917.79,922.09,920.66,919.04,920.01,921.06,922.19
1698.63,1701.26,1704.59,1708.55,1715.48,1720.33,1723.33,1727.72,1730.47,1733.74,1736.92,1739.00,1742.70,1748.35,1755.48,1761.55,1768.81,1774.80,1779.95,1785.74,1791.08,1795.76,1800.41,1805.16,1810.04,1812.73,1811.36,1814.07,1816.36,1816.97,1817.17,1817.07,1814.89,1805.40,1795.72,1784.77,1774.60,1764.61,1748.36,1729.61,1711.23,1702.78,1697.05,1682.94,1667.33,1653.73,1642.47,1642.51,1648.37,1648.28,1641.60,1629.32,1614.83,1603.65,1587.24,1562.91,1546.27,1525.87,1509.34,1497.29,1483.28,1477.68,1483.52,1488.15,1483.85,1478.49,1476.35,1469.53,1466.93,1460.76,1446.24,1433.62,1417.07,1402.80,1395.16,1393.07,1392.38,1399.34,1406.23,1408.35,1410.65,1415.75,1418.27,1412.38,1407.33,1405.50,1405.50,1405.89,1407.87,1408.89,1401.01,1393.68,1386.65,1378.91,1374.62,1370.77,1367.70,1362.18,1353.88,1341.90,1331.42,1320.55,1311.86,1306.86,1302.55,1288.48,1263.82,1246.96,1250.08,1254.83,1245.22,1230.11,1215.85,1202.87,1187.45,1189.59,1197.79,1197.18,1183.55,1168.39,1154.66,1138.75,1120.38,1101.42,1091.18,1080.39,1069.66,1066.67,1069.85,1071.45,1071.06,1070.73,1070.45,1071.53,1074.28,1076.90,1076.86,1076.05,1074.77,1072.85,1069.06,1062.88,1058.45,1054.07,1049.39,1045.92,1042.45,1038.57,1033.40,1028.83,1025.67,1022.63,1018.67,1014.70,1010.88,1006.45,1001.61,997.66,994.26,990.80,986.88,982.74,978.15,973.20,967.96,959.34,956.87,955.15,953.65,952.17,950.24,948.41,946.76,945.72,944.39,941.74,939.82,938.60,936.75,935.19,933.46,931.67,930.62,935.40,948.04,960.67,970.15,979.88,981.47,980.24,980.00,979.98,978.86,976.76,974.40,971.66,966.94,960.39,955.36,948.82,941.82,932.21,925.27,919.86,915.32,910.69,908.44,907.13,905.63,904.77,903.97,903.40,901.29,896.96,892.14,883.66,877.35,872.37,869.27,869.62,875.03,882.71,882.25,881.47,887.35,898.93,905.52,909.55,912.52,915.22,915.97,914.76,914.69,912.06,903.78,889.56,874.98,861.32,856.78,855.11,856.23,857.75,859.46,865.56,878.55,896.38,904.40,911.66,917.58,920.41,921.89,919.08,918.05,918.92,920.02,921.01
1706.80,1708.36,1711.28,1711.49,1711.56,1715.11,1718.18,1722.04,1727.53,1733.73,1739.54,1743.43,1745.73,1750.24,1755.91,1764.63,1772.64,1778.69,1784.42,1789.68,1794.13,1798.86,1804.60,1810.44,1817.38,1821.77,1820.49,1820.30,1822.02,1823.49,1825.38,1826.01,1824.12,1815.35,1803.95,1790.64,1778.00,1768.36,1750.99,1732.62,1725.13,1720.88,1710.66,1693.83,1679.18,1667.90,1657.27,1658.42,1659.42,1657.57,1651.92,1642.11,1630.65,1616.86,1601.36,1582.44,1564.23,1549.59,1527.63,1513.46,1498.28,1476.46,1465.65,1464.36,1459.97,1455.65,1461.49,1460.78,1455.84,1450.28,1439.13,1425.56,1408.40,1395.77,1389.43,1385.87,1385.44,1391.32,1394.48,1389.92,1391.67,1403.68,1407.92,1405.54,1398.73,1391.35,1395.49,1398.44,1394.40,1396.10,1391.83,1384.45,1379.28,1369.59,1364.12,1362.45,1363.66,1362.16,1356.44,1343.88,1323.60,1310.39,1302.34,1292.40,1283.35,1274.11,1263.16,1245.54,1232.61,1237.37,1238.67,1230.00,1213.93,1197.73,1183.32,1175.84,1184.13,1186.01,1173.86,1158.39,1142.88,1122.65,1100.91,1089.19,1078.97,1071.23,1069.97,1081.67,1092.68,1093.05,1091.30,1093.77,1093.70,1091.37,1089.26,1087.49,1084.56,1081.81,1078.81,1075.30,1070.94,1065.69,1061.12,1056.61,1051.48,1047.69,1044.29,1041.18,1036.44,1030.11,1026.78,1023.69,1020.03,1015.84,1011.53,1006.99,1002.03,998.01,994.62,991.21,987.40,983.34,979.23,975.22,971.32,962.12,958.01,955.52,953.01,950.93,949.30,947.82,946.25,944.62,942.41,940.11,938.67,937.62,936.45,934.79,932.80,930.87,929.59,929.65,940.12,956.41,966.32,975.90,981.44,980.41,980.00,979.97,978.76,976.86,974.55,972.24,969.90,964.88,959.12,951.74,944.10,934.98,926.12,919.57,915.66,911.83,907.91,905.15,903.26,902.30,901.43,901.27,901.02,898.99,894.63,889.61,882.90,875.32,869.15,868.02,870.83,876.37,877.14,876.46,881.40,886.76,894.15,899.93,908.19,913.13,914.18,912.07,912.68,912.43,907.42,892.96,877.29,861.80,855.16,854.14,855.39,856.96,858.74,863.18,873.11,887.18,902.93,915.25,920.69,921.47,918.21,916.98,916.99,917.76,918.92,920.03
1720.08,1723.11,1726.37,1724.92,1724.30,1725.34,1728.26,1727.80,1734.17,1743.00,1749.18,1754.49,1758.02,1760.91,1763.52,1770.16,1776.78,1784.32,1790.37,1793.91,1797.41,1802.98,1809.41,1816.49,1823.97,1829.71,1830.65,1826.91,1826.44,1828.80,1831.17,1832.01,1830.33,1822.73,1807.05,1793.00,1780.48,1771.65,1757.68,1742.91,1742.08,1733.39,1719.66,1705.26,1694.06,1682.56,1671.25,1666.66,1665.57,1663.07,1660.17,1653.31,1642.88,1628.79,1612.51,1599.74,1580.09,1563.47,1547.36,1527.48,1515.25,1492.82,1474.48,1459.10,1448.34,1440.25,1441.41,1443.38,1440.14,1436.18,1428.09,1415.43,1401.63,1392.34,1385.42,1381.42,1378.10,1377.71,1376.31,1370.52,1377.69,1382.91,1388.86,1395.36,1388.49,1371.99,1371.55,1375.20,1374.54,1382.08,1378.99,1369.17,1359.74,1353.70,1352.04,1354.30,1360.26,1358.89,1352.28,1342.65,1327.55,1315.46,1303.71,1287.66,1268.74,1255.82,1252.35,1245.65,1229.99,1218.06,1222.90,1223.11,1212.86,1196.99,1182.42,1169.13,1169.25,1170.58,1159.67,1145.05,1129.37,1107.20,1091.22,1084.35,1084.24,1078.53,1081.19,1102.71,1108.03,1105.67,1104.48,1105.06,1104.00,1100.38,1095.63,1092.38,1088.48,1085.34,1081.92,1077.59,1073.00,1068.55,1064.32,1059.61,1054.15,1049.81,1046.56,1043.41,1039.58,1033.01,1028.25,1024.01,1019.83,1015.60,1011.28,1006.06,1001.16,997.18,993.92,991.11,987.49,983.62,979.67,975.80,971.95,966.13,960.26,956.76,953.39,950.06,948.29,947.09,945.77,943.90,941.32,939.05,937.59,936.45,935.42,934.26,932.68,930.65,929.16,927.83,932.33,948.84,960.62,970.37,980.06,978.98,979.87,980.02,978.87,976.79,974.56,972.33,969.78,964.37,957.53,949.84,943.10,935.55,927.82,921.07,916.50,912.19,908.13,905.04,902.31,900.24,899.67,899.52,899.29,898.12,894.52,890.82,886.59,878.62,871.88,868.32,867.50,870.34,872.56,871.00,873.54,876.78,882.23,890.66,902.04,910.70,912.87,910.01,910.27,911.53,908.22,893.74,876.86,863.15,855.36,852.88,853.65,855.08,858.20,862.46,870.17,884.54,900.63,914.25,920.51,918.23,914.52,915.24,915.88,916.34,917.62,918.86
1733.56,1734.35,1738.32,1740.68,1743.68,1743.87,1744.11,1737.70,1742.10,1751.56,1758.70,1766.28,1771.70,1774.82,1775.36,1775.38,1781.63,1790.75,1795.63,1798.78,1802.50,1808.75,1814.53,1821.54,1829.29,1836.84,1841.24,1835.90,1831.28,1832.93,1835.57,1835.98,1832.93,1826.16,1808.95,1799.44,1787.25,1775.99,1762.71,1754.81,1756.40,1744.15,1731.35,1721.64,1708.26,1696.93,1684.43,1675.17,1670.31,1666.43,1663.31,1659.22,1650.10,1637.75,1623.78,1610.56,1596.27,1580.74,1562.42,1541.86,1525.11,1513.14,1495.62,1480.28,1464.40,1446.97,1431.99,1426.07,1419.49,1414.24,1410.38,1403.31,1394.44,1386.14,1377.13,1371.69,1368.66,1362.37,1354.15,1350.04,1359.03,1362.34,1375.53,1383.42,1379.13,1359.88,1350.61,1351.42,1349.68,1355.59,1356.57,1352.94,1348.43,1344.83,1342.25,1343.88,1353.19,1352.81,1343.06,1333.49,1322.71,1313.97,1301.59,1288.01,1273.09,1255.98,1241.66,1235.05,1228.67,1210.90,1203.91,1208.72,1200.30,1187.70,1177.81,1166.17,1159.92,1157.98,1147.70,1133.97,1115.65,1101.23,1091.49,1099.16,1098.03,1088.57,1090.18,1108.41,1113.51,1112.68,1111.63,1110.95,1108.80,1104.67,1099.48,1095.34,1091.59,1089.20,1085.58,1080.23,1075.82,1071.45,1066.56,1061.03,1055.90,1051.73,1048.24,1044.68,1040.92,1035.32,1029.31,1023.40,1018.30,1013.78,1008.97,1002.57,998.34,994.55,991.12,988.54,985.68,982.69,978.15,973.77,970.55,966.11,961.37,957.07,953.02,949.67,947.63,945.92,944.62,942.85,940.46,938.57,936.87,935.37,934.18,933.07,932.07,930.86,929.11,927.22,927.17,937.88,955.52,966.94,975.16,975.64,980.19,980.49,978.61,976.28,973.88,971.30,967.78,962.02,955.56,949.48,945.38,939.86,931.78,924.07,919.00,913.45,908.44,905.70,902.78,900.06,898.56,898.34,897.73,896.65,893.94,891.02,889.58,883.13,876.10,869.11,866.56,867.06,868.58,868.18,869.32,872.55,877.26,884.23,895.25,906.58,911.62,909.44,908.04,909.87,906.83,894.95,880.24,865.14,855.93,851.48,851.58,852.30,855.56,861.56,870.72,888.48,903.67,914.66,917.94,914.29,912.94,913.89,914.26,914.52,916.27,918.34
1746.23,1746.51,1747.92,1753.52,1757.24,1757.38,1755.15,1747.89,1750.48,1761.26,1769.55,1774.99,1780.51,1785.97,1787.25,1782.70,1788.23,1796.23,1801.07,1805.32,1809.77,1814.72,1820.08,1827.39,1834.80,1841.45,1846.08,1842.57,1837.84,1838.27,1840.20,1839.30,1834.41,1825.70,1812.61,1804.70,1793.98,1780.69,1772.76,1768.31,1769.58,1760.12,1748.56,1738.44,1725.83,1712.62,1698.20,1683.41,1673.69,1664.42,1658.72,1654.17,1647.57,1639.71,1628.89,1617.94,1609.33,1593.39,1572.80,1553.84,1529.43,1520.31,1504.36,1490.07,1477.16,1459.52,1443.12,1428.61,1415.33,1402.41,1394.01,1387.15,1380.50,1371.88,1366.36,1361.35,1357.77,1352.65,1346.19,1339.68,1337.34,1342.01,1352.34,1360.68,1363.32,1351.34,1334.23,1333.26,1331.52,1335.42,1342.39,1344.65,1338.89,1331.53,1329.32,1336.15,1345.27,1346.16,1335.55,1324.81,1315.15,1304.29,1288.55,1274.95,1262.39,1251.85,1238.79,1221.71,1218.03,1209.54,1194.74,1192.86,1188.87,1181.53,1172.68,1162.90,1151.66,1145.14,1136.94,1123.52,1109.84,1098.18,1101.08,1117.12,1103.63,1090.78,1097.87,1110.90,1117.19,1117.23,1116.63,1116.08,1112.91,1109.07,1103.63,1098.51,1094.75,1092.50,1089.05,1083.40,1078.31,1073.18,1067.34,1062.09,1058.69,1053.35,1048.51,1044.82,1041.08,1035.81,1029.62,1022.85,1017.58,1013.44,1009.14,1004.31,1000.62,995.86,991.10,986.62,982.48,979.31,974.31,969.95,967.45,964.69,961.98,959.38,955.60,951.06,948.19,945.40,942.97,941.30,939.30,937.46,935.84,934.26,932.95,931.78,930.71,929.69,928.11,926.28,924.97,930.46,949.56,963.07,968.57,975.52,981.20,980.88,977.22,974.71,973.13,970.38,966.20,961.79,957.68,954.96,952.20,946.13,937.26,929.04,923.84,917.05,910.70,907.24,903.67,899.76,897.78,897.22,896.33,895.04,893.26,891.44,890.51,887.09,879.99,870.23,867.35,865.24,865.48,866.24,867.90,869.77,873.43,877.72,886.29,897.13,908.50,909.45,906.28,906.43,905.21,896.67,884.01,869.32,857.50,850.46,849.53,849.66,852.54,860.00,873.44,896.14,908.23,914.63,915.00,912.42,911.76,912.54,911.95,911.40,915.89,919.93
1753.91,1755.23,1755.62,1759.09,1765.49,1766.14,1764.91,1762.05,1757.82,1770.21,1776.49,1784.38,1792.58,1797.85,1800.95,1795.09,1795.67,1802.07,1806.98,1811.80,1817.01,1822.85,1829.69,1836.87,1842.87,1848.11,1851.39,1848.50,1844.01,1843.67,1843.77,1840.36,1833.15,1821.60,1813.17,1805.74,1797.31,1787.48,1780.14,1778.76,1779.85,1775.84,1766.33,1754.21,1743.33,1728.06,1710.93,1693.57,1676.69,1664.32,1651.64,1639.75,1635.44,1630.58,1622.94,1613.76,1603.83,1589.06,1571.67,1551.26,1529.51,1517.18,1500.21,1483.82,1469.46,1453.49,1438.33,1425.69,1410.13,1396.20,1386.25,1382.96,1381.63,1376.86,1375.66,1370.46,1367.21,1368.67,1361.34,1349.71,1333.44,1324.98,1329.94,1338.25,1343.51,1333.49,1321.57,1314.72,1313.41,1319.24,1327.21,1328.87,1323.87,1315.74,1319.46,1333.45,1337.12,1332.51,1326.02,1318.40,1302.22,1287.87,1276.07,1264.25,1253.51,1241.98,1228.93,1215.53,1204.35,1200.88,1188.79,1182.93,1181.83,1173.90,1166.23,1158.11,1147.77,1135.94,1125.03,1114.08,1106.23,1097.88,1108.09,1120.91,1101.25,1095.84,1106.69,1120.34,1123.16,1122.32,1121.57,1119.29,1115.55,1112.02,1107.34,1101.74,1097.64,1094.27,1090.29,1084.62,1079.05,1073.70,1070.15,1066.71,1060.50,1052.57,1047.30,1043.62,1039.63,1034.26,1028.68,1023.03,1018.84,1015.65,1012.06,1008.64,1003.75,998.04,993.30,988.82,983.91,980.45,976.58,972.85,969.79,967.16,964.47,961.77,958.47,953.79,949.93,945.50,941.74,939.47,938.11,936.51,934.64,933.08,931.71,930.60,929.48,928.52,927.01,925.25,923.83,925.25,940.16,957.39,967.92,975.87,980.87,978.35,972.10,970.90,970.75,969.64,966.84,963.24,961.15,960.30,956.40,950.66,942.62,935.25,928.99,920.89,914.17,908.84,904.12,899.83,897.87,896.35,895.30,893.90,892.61,891.60,890.59,887.89,882.43,873.82,869.28,866.06,863.85,863.99,865.50,867.23,869.92,873.24,877.61,887.87,898.20,906.22,906.01,903.40,903.03,898.40,886.86,873.52,860.16,850.75,847.53,847.59,849.02,855.24,870.85,888.79,900.97,909.21,912.20,909.96,910.66,911.10,909.80,910.51,917.88,920.61
1759.03,1762.61,1766.00,1771.88,1778.63,1778.56,1774.60,1772.64,1768.60,1775.75,1784.69,1794.95,1802.54,1810.31,1812.40,1804.25,1804.04,1809.37,1814.36,1819.84,1827.14,1833.55,1838.35,1843.78,1848.89,1853.66,1856.19,1853.82,1850.68,1848.73,1844.13,1839.12,1833.05,1822.15,1814.10,1806.74,1799.22,1789.22,1783.45,1782.45,1782.64,1780.74,1774.86,1764.41,1749.78,1735.55,1716.86,1700.49,1687.36,1676.07,1662.83,1645.38,1624.59,1614.36,1607.22,1599.55,1590.90,1579.49,1562.93,1540.51,1526.02,1508.45,1489.91,1469.90,1453.08,1440.51,1426.13,1413.67,1406.19,1400.01,1398.24,1402.42,1404.48,1400.29,1395.85,1386.53,1389.05,1388.68,1381.03,1366.43,1349.39,1329.65,1315.59,1315.18,1318.87,1311.03,1304.17,1299.45,1297.85,1305.29,1313.05,1313.59,1310.81,1304.94,1314.31,1328.44,1330.08,1323.47,1315.57,1300.06,1282.34,1267.59,1258.15,1249.84,1242.39,1227.01,1207.49,1200.37,1190.86,1186.08,1178.72,1168.81,1167.21,1161.01,1154.34,1146.82,1137.85,1125.05,1112.25,1107.01,1102.56,1100.16,1121.47,1122.04,1101.01,1102.80,1121.20,1131.05,1130.04,1127.98,1125.36,1121.45,1117.68,1114.03,1110.10,1104.95,1098.96,1094.30,1089.51,1084.05,1080.26,1079.05,1076.18,1068.27,1058.90,1052.46,1048.12,1044.13,1040.01,1035.54,1030.77,1027.13,1023.08,1018.74,1014.81,1011.39,1005.82,999.50,995.11,991.04,986.98,982.79,978.73,974.39,970.00,966.83,963.87,961.14,957.51,953.61,950.13,946.10,941.31,938.38,936.44,935.28,933.74,931.89,930.35,929.27,928.39,927.40,925.94,924.40,923.03,922.27,930.48,948.07,963.31,971.12,976.88,974.81,969.40,968.64,968.76,968.67,967.64,964.66,963.08,961.32,957.70,952.48,946.46,940.81,933.95,925.44,918.09,910.98,905.41,900.56,898.13,896.23,894.48,893.18,892.19,891.35,890.47,889.80,887.97,882.49,874.87,868.75,864.92,862.68,862.57,863.91,865.84,868.69,869.63,879.67,889.12,899.11,903.97,902.71,900.22,898.15,890.29,878.13,862.62,853.22,847.21,845.07,846.71,851.14,865.25,877.59,890.08,904.85,909.52,905.29,906.90,907.99,907.99,913.88,919.97,920.27
1763.89,1770.45,1778.70,1787.76,1792.27,1792.12,1786.53,1779.52,1775.66,1779.16,1792.32,1804.62,1813.30,1819.23,1822.26,1816.64,1815.94,1819.73,1824.30,1830.71,1837.56,1842.58,1846.72,1851.23,1856.73,1860.78,1861.95,1860.72,1858.57,1853.55,1843.33,1835.90,1830.32,1824.52,1817.12,1808.49,1801.54,1790.95,1786.18,1785.42,1783.46,1781.23,1776.36,1765.19,1748.86,1734.66,1718.08,1709.47,1702.67,1690.61,1674.43,1655.97,1633.10,1611.75,1594.21,1586.49,1578.04,1564.83,1546.22,1530.97,1515.94,1498.17,1478.32,1457.23,1442.78,1432.26,1428.02,1428.94,1427.13,1419.16,1416.35,1418.48,1420.17,1419.31,1413.75,1406.84,1406.83,1399.02,1388.81,1378.74,1358.55,1341.04,1329.91,1317.45,1305.65,1298.16,1292.44,1286.77,1283.62,1288.24,1295.05,1297.80,1299.99,1296.34,1307.14,1317.83,1316.74,1310.14,1297.49,1281.46,1261.76,1246.34,1234.73,1222.29,1213.10,1202.64,1192.25,1186.87,1178.17,1169.13,1159.94,1152.67,1149.37,1144.32,1138.67,1132.14,1124.11,1118.36,1119.83,1117.92,1111.24,1119.00,1132.87,1119.59,1104.38,1113.36,1132.62,1137.03,1135.15,1131.93,1127.91,1124.15,1120.19,1117.39,1113.14,1107.22,1103.81,1102.30,1100.37,1097.15,1091.99,1084.34,1076.00,1067.06,1059.85,1055.63,1050.75,1046.63,1042.99,1038.96,1034.69,1031.32,1027.38,1021.89,1016.10,1010.63,1005.32,1000.25,996.05,991.91,987.89,983.95,979.85,975.46,971.21,967.20,963.39,960.01,955.65,951.46,948.35,945.91,943.40,940.04,936.67,933.75,932.39,930.98,929.10,927.76,927.01,926.21,924.96,923.53,922.07,920.71,922.24,934.88,953.02,963.43,970.94,973.14,969.19,968.05,968.52,968.65,967.81,965.70,963.15,960.84,957.20,952.23,947.27,942.84,937.14,928.52,921.81,914.62,906.59,901.16,898.34,896.46,894.20,892.64,891.83,891.08,890.39,890.23,890.12,889.50,884.09,873.93,867.35,864.33,862.23,860.65,860.97,862.92,865.54,871.13,882.87,891.93,899.80,901.72,898.13,895.70,893.04,884.66,866.40,855.20,848.64,842.70,843.78,848.60,859.95,873.19,886.28,900.19,901.35,898.20,900.68,905.79,910.38,916.65,919.50,918.94
1769.48,1778.82,1789.64,1795.21,1799.95,1802.58,1798.83,1788.86,1782.97,1784.24,1797.78,1812.31,1821.55,1830.38,1834.25,1832.11,1830.01,1834.33,1839.20,1844.37,1849.09,1853.91,1860.28,1866.33,1870.82,1870.42,1867.39,1865.46,1864.13,1859.33,1846.63,1837.59,1830.86,1824.90,1818.11,1809.73,1803.00,1793.97,1789.08,1785.63,1782.22,1779.29,1772.31,1758.72,1743.40,1731.55,1725.77,1719.86,1708.68,1694.87,1677.75,1659.16,1638.30,1617.89,1595.58,1574.52,1559.04,1547.64,1535.16,1520.82,1505.12,1485.49,1464.89,1449.59,1441.41,1443.03,1451.26,1456.97,1452.66,1439.60,1437.51,1437.64,1438.97,1440.04,1433.02,1425.78,1424.81,1413.36,1400.83,1386.25,1374.44,1363.16,1354.37,1338.40,1328.13,1316.41,1299.60,1287.76,1280.40,1275.61,1277.07,1282.20,1286.48,1285.89,1295.90,1302.29,1299.54,1291.84,1279.16,1260.85,1245.33,1228.31,1210.74,1197.26,1190.55,1187.00,1181.51,1174.10,1169.49,1165.00,1158.76,1152.65,1146.99,1139.93,1132.18,1128.82,1129.06,1140.10,1146.15,1146.31,1144.50,1142.43,1131.13,1115.72,1116.25,1123.99,1141.52,1143.35,1140.08,1138.53,1133.15,1128.33,1125.03,1122.04,1116.81,1116.27,1122.90,1124.91,1120.32,1108.83,1095.07,1084.24,1076.87,1069.15,1065.75,1060.05,1054.64,1049.97,1045.95,1041.50,1037.78,1034.40,1031.65,1026.29,1015.74,1010.00,1004.91,1000.63,996.72,993.14,990.20,986.68,981.26,976.52,972.17,968.26,964.76,960.67,957.42,953.20,951.71,951.09,948.17,942.50,937.98,933.90,930.78,929.49,928.21,926.80,925.53,924.78,923.99,922.73,921.13,919.84,918.92,922.33,939.86,954.77,966.01,970.90,968.92,967.25,969.01,969.98,968.95,964.48,960.94,959.21,955.93,951.81,947.61,943.33,939.07,932.72,927.53,920.38,909.95,903.68,899.25,896.91,894.18,892.20,891.46,890.82,890.48,890.25,889.83,888.57,886.00,877.07,868.62,868.69,870.03,867.21,862.72,859.24,862.23,866.18,873.66,885.37,894.31,898.96,896.63,892.05,890.90,884.21,870.03,854.79,846.70,841.16,841.10,846.39,855.17,869.97,887.38,894.28,893.27,899.03,906.21,911.29,914.24,917.44,918.45,917.03
1773.56,1784.05,1793.10,1798.63,1804.94,1810.63,1812.75,1807.05,1801.86,1800.97,1803.79,1815.23,1828.90,1838.10,1841.77,1843.38,1844.88,1847.27,1851.56,1857.15,1862.91,1870.05,1876.93,1883.17,1885.26,1881.90,1875.14,1871.53,1870.02,1865.38,1854.10,1843.31,1834.45,1827.19,1820.07,1811.60,1804.16,1796.73,1790.53,1783.63,1779.71,1774.53,1766.35,1754.96,1744.23,1739.58,1733.04,1721.09,1707.13,1692.26,1675.35,1657.94,1637.43,1617.43,1596.63,1571.37,1547.13,1535.30,1517.91,1504.37,1491.24,1473.83,1465.26,1459.83,1455.86,1464.57,1474.85,1476.83,1468.73,1459.89,1459.88,1459.98,1460.46,1460.41,1455.70,1449.72,1443.12,1427.55,1416.45,1406.89,1399.17,1392.06,1375.41,1358.33,1343.37,1324.99,1306.78,1306.31,1294.49,1278.55,1266.61,1263.43,1267.21,1272.09,1280.17,1283.64,1280.09,1271.65,1256.81,1242.72,1225.61,1209.88,1197.98,1194.88,1197.20,1197.21,1195.84,1195.70,1198.27,1195.73,1185.18,1176.07,1168.40,1162.00,1157.96,1157.69,1163.47,1169.76,1169.29,1160.48,1148.16,1134.51,1122.37,1124.91,1132.32,1134.88,1149.57,1149.37,1145.67,1143.93,1140.93,1137.44,1130.62,1125.91,1123.26,1129.25,1141.39,1142.00,1134.24,1118.38,1104.53,1092.30,1080.24,1074.09,1070.28,1064.39,1058.94,1053.70,1048.09,1044.29,1040.68,1037.03,1034.00,1026.77,1015.30,1009.63,1005.83,1001.72,998.19,995.02,991.87,987.88,982.53,978.31,974.73,972.15,968.79,964.80,961.05,957.67,955.13,952.15,948.35,943.55,939.51,935.06,930.71,928.48,926.84,925.51,924.31,923.33,922.58,921.84,920.73,919.36,918.09,917.46,925.04,942.52,957.40,964.70,965.52,966.24,969.24,970.82,970.14,963.75,958.67,956.35,953.60,950.49,947.01,943.23,940.98,940.05,936.47,927.03,917.20,908.89,901.06,897.31,894.67,892.15,891.06,890.65,890.31,890.04,888.34,884.99,881.88,875.01,873.45,880.60,887.57,886.88,877.61,864.82,857.77,861.67,865.38,873.94,887.66,894.13,893.55,887.36,881.24,874.06,863.69,851.68,844.67,840.03,839.05,844.09,851.80,865.33,883.21,886.76,895.23,904.45,909.94,913.18,915.77,917.71,916.92,915.59
1774.22,1784.89,1794.24,1800.98,1807.81,1814.76,1821.08,1824.30,1822.54,1821.00,1819.36,1820.35,1832.70,1842.14,1846.13,1850.27,1854.90,1860.38,1868.80,1874.20,1879.12,1885.41,1891.59,1896.30,1896.07,1889.68,1883.78,1882.25,1880.26,1876.21,1865.91,1851.18,1838.99,1830.33,1821.40,1813.09,1804.53,1795.44,1787.98,1781.00,1776.82,1772.62,1767.08,1761.52,1754.46,1746.87,1735.22,1715.90,1699.82,1684.58,1668.63,1651.84,1631.51,1611.95,1590.20,1559.40,1539.20,1519.35,1501.97,1491.28,1485.94,1487.38,1489.35,1473.10,1470.37,1488.79,1498.96,1494.33,1485.89,1483.46,1482.72,1480.96,1480.24,1479.63,1476.95,1470.50,1458.96,1441.42,1434.81,1426.65,1419.43,1402.73,1380.97,1358.41,1340.20,1322.84,1325.41,1333.53,1317.67,1295.59,1284.00,1262.60,1254.70,1254.77,1257.02,1258.92,1256.41,1248.57,1236.77,1222.64,1212.61,1208.97,1212.97,1225.28,1234.81,1237.34,1232.91,1228.30,1227.87,1222.05,1210.42,1203.57,1196.97,1193.13,1192.11,1190.92,1186.28,1173.16,1158.06,1145.11,1136.30,1135.40,1140.99,1145.30,1143.50,1144.84,1154.70,1153.99,1150.92,1147.81,1145.81,1144.80,1139.75,1133.04,1134.29,1142.06,1152.13,1151.32,1143.01,1128.59,1111.39,1091.61,1082.77,1079.12,1074.34,1067.81,1062.70,1056.83,1053.20,1051.71,1046.22,1039.53,1035.37,1029.17,1020.27,1013.45,1008.49,1003.87,999.48,995.96,991.94,987.40,983.52,980.82,977.69,973.95,970.08,966.26,962.53,959.47,956.26,952.66,949.09,945.41,941.75,937.25,932.90,929.69,927.34,925.13,923.31,922.09,921.13,920.35,919.64,918.56,917.26,916.01,916.92,927.90,942.99,954.79,960.20,963.65,967.96,971.21,971.01,963.48,957.58,954.26,952.01,949.09,946.26,944.77,944.56,944.48,941.82,935.02,928.03,916.79,903.95,898.12,895.55,892.36,890.22,890.16,890.05,888.45,885.28,881.63,877.86,876.21,881.35,889.86,894.21,893.14,886.40,872.27,858.44,853.84,855.72,865.79,879.09,889.32,889.93,882.04,872.45,863.84,853.56,847.03,841.87,839.13,837.74,840.53,848.29,858.39,872.32,886.01,900.65,909.03,911.94,913.82,916.00,917.14,915.29,912.81
1773.45,1783.55,1793.83,1801.59,1808.37,1815.25,1822.73,1831.98,1839.08,1840.71,1840.18,1836.38,1836.01,1844.53,1849.93,1856.58,1863.59,1874.61,1884.39,1891.62,1896.43,1902.09,1906.69,1910.08,1905.34,1895.15,1890.67,1890.60,1889.36,1886.02,1878.92,1863.95,1848.18,1837.32,1822.42,1813.17,1804.50,1794.47,1784.01,1777.45,1773.89,1771.84,1767.42,1761.31,1754.53,1745.88,1730.05,1707.93,1692.83,1675.26,1660.25,1641.18,1621.47,1600.96,1577.47,1552.41,1532.79,1520.32,1511.14,1503.55,1507.10,1508.70,1497.59,1482.48,1492.47,1512.65,1517.30,1509.69,1506.45,1506.80,1506.28,1505.53,1505.25,1503.78,1498.98,1488.89,1473.45,1455.32,1442.93,1431.89,1416.00,1395.62,1370.16,1348.50,1345.48,1345.32,1350.39,1351.61,1337.59,1320.05,1310.38,1281.95,1256.06,1246.84,1242.70,1238.95,1234.91,1229.40,1224.39,1227.55,1236.28,1240.85,1244.53,1256.46,1265.51,1269.00,1265.25,1257.79,1251.49,1240.95,1232.83,1223.67,1213.57,1204.11,1197.06,1185.59,1167.45,1155.58,1149.79,1148.12,1152.33,1160.48,1166.55,1162.63,1151.42,1155.14,1159.84,1160.06,1157.71,1154.38,1151.77,1151.68,1149.16,1146.91,1151.13,1153.61,1162.46,1159.97,1149.96,1135.91,1117.16,1100.26,1088.88,1082.99,1076.37,1073.51,1074.88,1069.03,1069.51,1067.03,1056.17,1049.38,1042.17,1033.09,1024.11,1016.40,1010.81,1005.82,1001.02,997.00,992.93,988.62,985.63,982.74,978.99,975.06,971.21,967.55,964.09,960.80,957.43,953.91,950.67,947.35,943.53,939.38,935.31,931.18,928.18,925.67,922.65,921.09,919.83,918.96,918.29,917.53,916.32,915.16,914.20,916.86,926.98,940.28,950.86,958.33,964.00,968.62,968.49,961.38,955.04,952.24,951.30,948.95,948.06,948.23,948.52,948.56,945.97,941.85,935.71,924.38,910.58,900.43,896.18,892.61,889.61,888.46,888.51,886.05,882.66,879.16,877.01,879.08,888.00,896.70,899.44,897.13,890.97,876.66,861.29,854.07,850.10,859.66,872.30,882.07,881.68,872.17,863.04,853.90,848.26,845.38,842.01,839.63,837.36,837.35,844.28,854.36,868.32,887.93,903.55,912.06,914.49,915.15,916.35,916.27,913.41,909.74
1771.12,1780.75,1791.18,1799.57,1806.89,1814.30,1822.37,1836.02,1849.27,1853.89,1855.81,1854.08,1848.39,1848.63,1855.48,1863.70,1872.88,1885.54,1896.15,1906.74,1917.34,1923.65,1926.82,1924.69,1913.21,1902.25,1898.01,1895.53,1893.74,1891.47,1886.43,1876.36,1859.35,1843.77,1829.36,1815.09,1804.30,1793.23,1779.96,1771.03,1768.17,1766.87,1762.78,1756.28,1748.66,1737.79,1719.18,1701.74,1685.52,1666.38,1648.20,1627.97,1607.16,1587.36,1566.66,1554.32,1547.15,1540.08,1533.77,1527.87,1524.56,1514.25,1505.13,1509.32,1519.93,1532.68,1534.35,1529.22,1527.91,1528.35,1528.38,1529.33,1528.65,1522.90,1510.63,1494.73,1473.80,1453.06,1436.50,1420.27,1400.32,1381.32,1362.15,1358.91,1368.10,1371.98,1372.78,1364.89,1352.56,1345.30,1326.81,1305.50,1280.34,1260.05,1253.97,1250.46,1248.00,1242.34,1246.62,1258.23,1265.20,1266.98,1268.00,1276.25,1286.37,1289.33,1285.63,1276.62,1265.84,1254.28,1240.45,1220.00,1201.73,1189.26,1180.62,1175.44,1170.13,1167.73,1168.75,1173.77,1179.12,1183.28,1179.88,1164.19,1159.16,1164.19,1165.39,1164.72,1164.00,1163.47,1161.75,1161.24,1163.21,1163.82,1166.98,1170.33,1177.39,1168.66,1153.25,1141.77,1122.99,1103.34,1091.24,1085.83,1084.46,1090.88,1093.25,1082.77,1083.50,1080.45,1062.03,1052.84,1042.19,1030.59,1024.08,1018.46,1012.87,1007.34,1002.88,999.49,995.99,991.72,987.95,984.00,979.63,975.90,972.38,969.03,965.74,962.17,958.82,955.87,952.81,949.32,945.14,941.34,937.28,932.62,928.99,925.97,922.52,920.04,918.65,917.73,916.97,916.29,915.37,914.32,913.33,912.55,916.01,923.92,938.53,948.87,957.54,963.02,963.02,956.84,951.55,950.82,951.59,952.31,953.08,953.96,953.84,952.94,950.32,945.42,939.36,928.62,918.92,909.61,899.68,895.08,891.43,888.70,886.11,884.13,881.55,879.52,879.76,883.82,893.89,900.95,901.02,897.80,891.51,879.72,863.84,854.38,849.26,853.41,866.95,875.09,872.53,864.03,856.60,850.28,847.32,844.88,842.29,839.58,836.94,835.50,841.91,855.08,870.45,886.63,905.08,914.09,915.43,915.95,916.40,915.41,910.91,907.82
1767.29,1776.87,1786.70,1795.44,1804.45,1813.43,1821.62,1836.66,1852.32,1862.22,1869.50,1868.89,1862.47,1856.44,1861.85,1871.79,1882.14,1893.60,1904.54,1917.85,1929.37,1938.28,1943.38,1933.81,1917.63,1907.70,1901.76,1897.53,1894.18,1892.39,1889.34,1880.86,1867.49,1850.35,1838.74,1821.37,1808.71,1794.12,1778.66,1763.59,1757.44,1757.20,1752.31,1745.39,1736.60,1723.73,1705.63,1690.71,1673.91,1654.61,1633.22,1613.70,1597.93,1590.75,1583.47,1570.86,1563.68,1562.05,1557.46,1544.97,1531.80,1532.09,1533.70,1538.52,1546.25,1553.01,1553.53,1549.89,1548.30,1550.30,1551.35,1550.06,1544.37,1533.93,1514.19,1494.11,1466.42,1441.81,1422.57,1401.95,1384.01,1373.88,1370.63,1380.89,1394.04,1400.83,1395.35,1378.36,1372.21,1362.47,1351.47,1328.68,1302.46,1284.67,1283.89,1283.58,1277.34,1271.08,1279.53,1288.38,1290.75,1288.97,1289.05,1297.17,1303.87,1300.78,1292.93,1280.32,1263.56,1243.67,1223.63,1205.40,1192.32,1191.13,1194.20,1195.80,1195.29,1193.83,1193.23,1195.99,1198.51,1194.22,1179.46,1167.11,1171.06,1172.73,1171.08,1169.67,1170.19,1170.65,1173.36,1172.34,1174.40,1180.44,1183.44,1183.62,1182.02,1167.70,1152.59,1139.95,1121.64,1105.82,1097.60,1100.68,1105.16,1109.21,1106.94,1093.38,1092.10,1085.80,1064.32,1050.64,1039.48,1032.93,1026.99,1021.32,1015.02,1009.34,1006.01,1003.33,1000.05,995.63,990.94,986.51,981.84,978.61,975.52,971.46,967.81,964.65,961.78,958.55,954.72,950.53,946.49,942.56,938.36,933.85,929.62,926.22,922.67,919.56,917.89,916.72,915.78,914.98,914.25,913.25,912.24,911.33,910.83,912.73,923.42,938.72,948.53,955.71,955.65,949.43,947.84,952.14,955.07,957.23,959.38,960.62,959.54,956.33,951.39,946.22,940.87,931.65,924.15,917.04,904.45,897.14,893.86,891.61,887.87,884.06,881.79,880.74,882.53,887.38,893.25,899.61,898.54,894.19,888.19,879.09,867.37,855.50,848.33,848.55,861.15,869.00,867.14,859.68,853.94,848.91,846.47,844.29,841.77,838.88,836.22,834.13,840.71,856.99,875.91,893.87,909.51,915.12,915.66,915.84,915.82,915.15,910.21,907.14
1769.01,1777.51,1788.66,1799.89,1810.76,1821.41,1830.46,1841.18,1853.28,1865.17,1873.04,1873.46,1869.15,1863.89,1870.61,1879.66,1887.68,1898.31,1909.56,1923.40,1935.67,1948.70,1949.98,1937.37,1918.82,1907.56,1898.85,1893.87,1889.65,1888.10,1886.44,1880.46,1869.97,1856.85,1845.70,1825.82,1812.38,1796.32,1777.29,1760.62,1744.33,1738.95,1734.32,1728.03,1720.08,1705.25,1688.81,1675.20,1659.71,1639.60,1622.60,1612.88,1611.38,1610.13,1607.09,1601.55,1588.75,1576.63,1571.74,1555.03,1544.63,1556.11,1557.99,1563.86,1570.25,1574.03,1573.82,1571.44,1571.65,1572.66,1569.89,1562.21,1549.30,1537.20,1515.73,1491.02,1463.81,1438.37,1415.55,1395.50,1393.72,1397.32,1396.18,1402.76,1415.98,1422.15,1412.30,1399.69,1393.84,1383.08,1370.94,1346.67,1320.30,1313.51,1312.14,1309.29,1306.47,1301.52,1306.24,1309.71,1309.35,1308.64,1310.74,1313.24,1309.68,1296.16,1284.41,1270.63,1247.11,1224.29,1210.47,1206.19,1209.81,1213.72,1214.09,1215.02,1214.20,1211.43,1212.32,1213.76,1208.13,1192.96,1177.64,1179.00,1182.06,1181.93,1178.96,1177.08,1179.02,1179.10,1180.48,1184.35,1184.53,1193.38,1193.50,1186.29,1178.84,1161.08,1148.60,1133.60,1117.88,1108.64,1107.04,1119.34,1125.66,1124.09,1116.83,1102.43,1095.37,1082.37,1061.77,1049.70,1042.42,1036.27,1029.43,1023.63,1018.65,1014.26,1010.22,1007.03,1003.51,999.39,994.70,989.69,985.18,982.12,979.00,974.78,970.68,967.33,963.74,959.95,955.58,951.03,946.53,942.17,937.90,933.55,929.33,925.85,922.42,919.51,917.98,916.39,914.93,913.85,913.00,912.15,910.94,910.20,909.81,908.99,912.42,924.87,937.89,945.67,946.80,943.73,947.84,955.38,959.17,960.13,960.54,961.32,961.06,957.03,950.77,945.77,940.71,932.38,926.54,920.39,907.48,898.85,896.47,893.03,889.53,885.13,882.65,881.73,883.87,887.03,890.35,894.06,892.51,888.35,881.65,875.13,867.80,857.66,847.74,846.07,852.99,860.16,860.75,857.88,853.35,849.36,845.11,842.29,840.91,837.20,833.89,832.52,840.06,856.21,872.57,894.17,911.42,915.11,915.35,915.03,914.71,913.80,909.23,905.19
1775.13,1786.16,1797.30,1808.32,1818.79,1829.70,1842.46,1851.30,1858.31,1868.09,1873.18,1872.21,1868.61,1868.78,1875.99,1883.30,1889.96,1900.16,1911.60,1924.77,1936.35,1946.82,1945.36,1935.59,1920.25,1907.53,1896.46,1888.93,1883.33,1880.06,1879.20,1876.84,1869.99,1858.18,1849.44,1829.35,1812.75,1794.88,1775.00,1760.44,1744.20,1729.17,1718.63,1711.47,1703.00,1690.04,1675.71,1661.46,1647.07,1634.99,1633.76,1635.86,1636.26,1635.32,1632.38,1623.74,1612.56,1589.82,1576.76,1560.27,1564.22,1578.02,1583.57,1587.95,1594.08,1596.49,1594.02,1592.32,1590.21,1586.42,1576.90,1564.01,1549.16,1534.10,1514.12,1490.26,1464.84,1438.73,1415.15,1408.03,1418.76,1423.62,1419.34,1422.68,1438.32,1441.27,1430.42,1420.76,1412.70,1405.54,1385.52,1360.89,1340.72,1338.88,1335.49,1332.20,1328.06,1325.72,1328.49,1328.73,1329.43,1328.19,1323.64,1315.64,1306.28,1289.40,1271.82,1256.45,1233.09,1220.79,1224.97,1229.98,1231.95,1230.78,1230.52,1233.95,1235.52,1232.99,1230.82,1222.96,1207.68,1189.14,1185.79,1190.61,1189.19,1189.76,1191.83,1196.33,1201.15,1198.11,1193.39,1200.78,1202.29,1208.87,1199.85,1185.90,1173.24,1158.31,1146.93,1139.62,1132.34,1118.75,1120.10,1137.67,1142.55,1138.73,1128.56,1111.36,1093.03,1074.29,1059.00,1053.38,1049.71,1044.15,1035.76,1028.93,1025.07,1020.78,1015.92,1010.80,1006.47,1002.44,997.89,992.60,988.40,985.15,981.62,977.45,973.23,969.14,965.10,961.13,956.56,951.35,946.83,942.69,938.65,934.25,929.83,926.17,922.78,919.60,917.38,916.01,914.71,913.25,911.93,911.01,910.09,909.59,909.15,908.10,908.21,913.33,925.02,933.87,937.00,940.03,950.59,960.62,963.71,962.75,960.57,960.26,960.31,955.35,949.29,944.63,939.97,934.42,928.51,920.42,909.93,902.40,895.10,890.46,888.64,885.61,883.45,882.75,884.84,887.02,888.59,889.04,888.12,885.66,879.85,873.18,865.82,857.60,847.20,844.77,849.00,854.73,855.73,855.40,854.45,850.88,844.94,839.51,838.90,835.45,831.45,831.58,839.79,855.57,873.88,895.53,910.50,913.91,914.06,911.65,908.87,905.97,903.04,902.09
1779.24,1790.78,1800.13,1809.79,1820.12,1831.31,1845.34,1853.78,1860.59,1867.37,1869.89,1866.92,1864.13,1866.86,1875.97,1883.78,1890.80,1900.49,1910.94,1922.80,1931.70,1938.69,1936.74,1929.76,1918.48,1907.26,1894.88,1883.49,1877.08,1873.83,1872.80,1871.73,1866.56,1857.18,1850.26,1832.39,1810.63,1793.88,1781.19,1769.93,1758.40,1741.17,1725.89,1709.66,1692.95,1678.51,1666.57,1654.40,1652.61,1656.71,1659.92,1661.52,1662.54,1661.09,1655.94,1644.35,1623.90,1599.87,1585.04,1582.59,1590.65,1595.77,1598.98,1599.73,1606.14,1611.54,1610.66,1608.68,1603.36,1591.26,1576.63,1563.94,1550.36,1534.82,1509.93,1488.47,1463.80,1438.95,1419.80,1425.26,1439.24,1448.21,1444.98,1446.87,1457.84,1458.63,1451.21,1441.61,1432.45,1417.42,1401.56,1379.77,1365.68,1364.72,1360.88,1355.96,1354.52,1353.91,1353.63,1346.14,1338.88,1329.71,1316.83,1305.98,1295.72,1279.16,1262.08,1245.39,1231.68,1237.55,1244.89,1246.11,1246.78,1248.18,1250.02,1253.71,1254.20,1249.05,1238.47,1222.85,1203.20,1193.52,1196.23,1196.80,1199.28,1200.57,1204.14,1209.78,1215.82,1214.69,1211.41,1213.76,1214.84,1216.72,1209.80,1194.86,1184.12,1176.95,1163.74,1149.08,1141.62,1127.55,1137.90,1152.89,1151.86,1145.66,1134.24,1114.04,1094.79,1079.90,1072.41,1070.61,1067.61,1061.13,1049.76,1037.20,1031.11,1025.97,1020.75,1014.95,1009.28,1004.91,1000.52,995.84,991.33,987.13,982.84,978.38,974.06,969.50,965.21,961.37,957.25,952.17,947.57,943.52,939.53,934.82,930.18,926.63,923.36,920.16,917.63,915.45,913.76,912.57,911.45,910.21,909.59,909.23,908.70,907.85,906.58,907.73,913.38,922.08,929.09,941.20,953.04,962.85,964.04,961.54,960.26,959.92,957.66,952.69,947.58,943.11,938.12,932.16,925.61,917.80,909.34,902.81,894.42,888.92,887.38,885.74,884.16,883.61,885.11,886.82,888.47,889.81,891.06,890.49,886.32,879.17,868.99,859.16,848.83,842.84,843.48,849.07,850.89,851.55,852.76,847.32,839.95,837.00,836.26,833.95,829.83,830.99,839.55,855.41,875.20,895.18,907.62,910.49,908.59,904.29,900.52,898.40,898.63,900.39
1779.15,1790.61,1799.12,1806.72,1817.63,1829.01,1842.02,1851.51,1858.82,1863.09,1861.54,1858.69,1857.44,1861.25,1871.66,1881.99,1890.21,1900.00,1909.47,1919.95,1926.69,1929.48,1927.11,1921.64,1913.61,1904.46,1893.22,1881.12,1871.96,1867.82,1865.98,1865.45,1861.21,1852.59,1845.90,1831.30,1814.66,1805.06,1796.88,1782.68,1769.11,1753.66,1737.08,1719.78,1700.60,1679.24,1665.19,1668.43,1677.43,1682.00,1684.03,1684.87,1684.87,1682.10,1670.25,1654.35,1628.73,1602.55,1595.13,1599.73,1605.78,1613.49,1621.92,1623.45,1625.79,1628.83,1627.06,1617.80,1608.66,1591.67,1576.05,1564.79,1552.26,1537.08,1513.26,1488.90,1464.19,1439.04,1434.57,1450.42,1457.25,1465.48,1468.62,1470.10,1475.26,1476.87,1473.72,1464.41,1450.92,1436.26,1417.90,1401.71,1397.57,1395.17,1388.87,1378.51,1371.19,1366.08,1355.30,1340.49,1321.57,1307.29,1296.72,1287.90,1277.57,1265.26,1253.22,1242.70,1245.11,1255.30,1258.44,1260.59,1263.78,1266.84,1269.32,1272.02,1267.38,1258.33,1242.14,1216.86,1200.94,1204.45,1207.46,1205.89,1207.93,1207.68,1211.45,1225.77,1231.59,1228.26,1222.10,1223.10,1228.38,1229.54,1223.91,1212.04,1204.84,1194.33,1179.17,1156.69,1143.75,1139.82,1147.97,1160.31,1156.56,1148.66,1135.38,1115.41,1098.19,1092.58,1091.30,1089.26,1083.34,1074.82,1061.21,1045.32,1035.53,1029.82,1024.31,1018.69,1012.22,1006.96,1002.77,998.65,993.82,988.63,984.32,979.93,974.51,969.19,965.30,961.06,955.64,950.32,945.76,942.24,938.45,933.94,929.62,926.24,923.03,919.99,917.81,915.74,913.67,911.68,910.28,909.69,909.26,908.88,908.50,907.68,906.14,905.04,907.36,912.61,922.55,937.45,949.63,959.68,963.08,960.96,960.23,958.22,954.22,950.05,946.06,941.77,936.84,931.55,923.38,914.51,907.75,902.03,895.23,889.28,887.68,886.22,884.90,884.63,886.20,887.90,890.25,893.79,894.61,893.11,889.37,881.82,872.51,862.04,851.09,844.40,840.03,841.56,845.14,848.70,850.65,843.59,837.45,834.58,833.41,832.73,828.50,829.28,839.07,855.42,874.62,894.57,902.84,903.60,899.37,895.21,895.08,895.03,896.77,899.34
1775.48,1785.40,1794.31,1801.75,1811.33,1825.32,1838.49,1849.58,1855.89,1856.25,1852.97,1849.48,1848.27,1855.39,1867.50,1879.49,1889.26,1900.75,1909.77,1917.45,1921.40,1920.12,1916.80,1911.87,1906.18,1898.86,1889.95,1879.19,1868.44,1862.93,1859.15,1858.53,1854.66,1848.74,1843.03,1832.11,1825.55,1821.17,1809.42,1792.27,1775.68,1760.56,1744.82,1725.44,1705.77,1681.99,1675.67,1692.97,1703.14,1705.32,1704.60,1702.15,1697.88,1690.85,1675.13,1653.18,1627.78,1602.96,1603.15,1616.24,1625.26,1632.22,1640.86,1646.21,1646.40,1641.19,1633.07,1618.59,1607.44,1590.78,1574.90,1560.54,1547.59,1532.31,1512.82,1488.63,1463.78,1443.96,1454.66,1467.63,1474.31,1481.62,1490.49,1493.47,1496.76,1497.59,1494.62,1484.16,1471.26,1457.23,1439.15,1432.74,1427.16,1419.23,1403.96,1387.94,1372.20,1351.52,1335.10,1320.06,1300.83,1288.14,1280.31,1273.42,1264.96,1257.78,1252.95,1257.83,1267.73,1273.27,1275.14,1278.24,1282.65,1287.36,1290.14,1286.56,1273.13,1257.18,1239.00,1213.64,1208.47,1215.09,1216.69,1215.34,1218.94,1219.27,1220.16,1233.31,1249.21,1249.28,1239.92,1234.75,1243.82,1246.44,1241.38,1230.43,1218.66,1199.84,1181.87,1159.68,1152.73,1157.08,1166.95,1169.75,1156.40,1147.33,1132.05,1117.35,1110.96,1110.05,1106.11,1100.71,1092.31,1081.10,1066.56,1050.87,1040.37,1033.58,1027.15,1021.43,1014.81,1008.61,1004.57,1001.31,996.88,991.38,986.57,981.67,978.77,976.49,973.31,967.92,960.62,952.31,945.58,939.24,934.10,930.01,927.62,924.64,921.64,919.10,916.95,914.91,912.98,911.19,909.88,909.40,909.01,908.65,908.27,907.30,905.78,904.17,904.05,907.38,914.55,929.30,941.24,954.45,962.08,961.85,959.75,955.35,951.02,948.05,944.78,941.16,937.11,932.88,926.33,914.18,906.31,900.97,895.41,890.84,888.68,887.05,885.69,885.39,886.93,888.64,892.71,898.58,897.65,893.63,889.23,881.52,872.13,858.74,850.47,844.50,839.62,838.95,842.51,847.08,848.25,842.79,837.36,833.19,830.79,830.60,826.77,826.15,838.01,857.07,878.79,894.23,895.96,893.38,889.87,889.65,891.70,894.97,897.36,899.14
1769.50,1776.79,1786.61,1798.35,1809.99,1826.27,1840.57,1848.99,1850.82,1847.45,1840.46,1833.89,1838.84,1852.18,1865.69,1878.36,1889.83,1904.33,1911.73,1915.74,1914.85,1912.28,1907.23,1901.09,1895.72,1890.58,1884.58,1876.61,1866.77,1859.15,1853.62,1851.74,1849.43,1847.00,1843.12,1840.07,1840.07,1832.01,1818.92,1800.67,1781.47,1763.59,1746.19,1726.27,1707.67,1685.94,1690.31,1710.02,1718.12,1716.70,1712.32,1706.06,1699.67,1690.49,1671.81,1648.15,1622.69,1606.35,1614.98,1629.90,1642.77,1652.23,1657.39,1658.01,1653.99,1645.53,1634.88,1618.31,1603.37,1587.26,1568.07,1551.53,1537.34,1517.71,1498.99,1479.35,1460.43,1459.31,1471.28,1484.08,1491.80,1497.09,1506.96,1513.30,1517.85,1517.27,1509.28,1496.40,1485.54,1471.87,1456.68,1445.02,1432.00,1418.50,1399.59,1381.24,1358.20,1336.90,1320.40,1304.77,1295.91,1295.38,1291.41,1285.85,1278.58,1270.07,1273.79,1282.78,1288.30,1292.66,1296.28,1300.71,1305.57,1308.02,1303.88,1292.99,1274.05,1257.16,1236.52,1216.86,1219.93,1224.18,1224.66,1227.85,1234.78,1240.38,1240.12,1239.68,1255.54,1263.01,1258.07,1248.89,1257.16,1261.03,1256.88,1242.99,1224.44,1199.72,1182.16,1171.57,1177.63,1183.69,1186.69,1174.29,1156.39,1151.55,1141.66,1135.40,1129.83,1124.72,1115.83,1105.92,1095.02,1081.76,1066.93,1052.10,1043.83,1037.03,1029.66,1023.61,1017.01,1010.00,1007.03,1004.08,999.60,993.96,988.64,990.91,996.92,996.30,991.40,982.46,971.77,960.55,951.89,947.58,939.61,930.55,926.31,923.22,920.62,918.16,916.10,914.26,912.44,910.57,909.65,909.29,909.01,908.65,907.69,906.40,905.12,903.64,902.19,903.65,907.38,918.18,932.54,947.01,956.14,957.04,954.30,951.07,948.63,946.16,942.73,939.58,936.44,932.85,928.13,915.97,906.56,901.63,896.64,892.15,889.35,887.81,886.81,886.40,887.29,888.96,895.08,900.83,898.57,893.35,887.86,880.65,871.11,859.11,851.01,844.88,839.60,838.11,841.59,843.97,845.17,841.53,837.27,832.94,828.72,827.39,824.83,824.16,837.74,858.79,880.78,890.36,889.01,888.40,887.77,888.53,890.82,895.23,899.02,900.46
1765.32,1775.13,1789.56,1805.21,1817.32,1832.01,1841.60,1843.67,1840.98,1833.76,1823.11,1821.72,1836.23,1850.53,1864.98,1878.30,1891.66,1907.12,1912.35,1911.78,1907.28,1900.79,1894.33,1888.48,1884.63,1881.87,1878.31,1873.18,1865.51,1857.18,1850.21,1846.76,1845.74,1844.92,1843.96,1845.64,1847.56,1840.22,1824.78,1808.78,1790.79,1767.44,1743.59,1725.11,1709.88,1692.55,1699.66,1720.43,1725.16,1721.69,1713.76,1705.67,1696.60,1683.27,1665.00,1642.12,1621.23,1620.63,1629.55,1645.40,1659.68,1666.76,1668.49,1664.08,1654.83,1643.57,1632.74,1618.54,1597.56,1578.51,1556.29,1538.40,1518.72,1502.86,1490.89,1476.94,1472.55,1480.29,1495.64,1505.37,1511.02,1513.29,1522.22,1528.21,1530.36,1525.83,1511.22,1496.35,1485.04,1470.14,1457.52,1441.72,1427.19,1408.97,1388.17,1369.72,1348.27,1327.83,1315.49,1313.50,1315.12,1315.24,1313.63,1307.53,1293.35,1285.80,1295.77,1303.55,1306.67,1308.44,1314.65,1320.40,1324.06,1321.78,1312.04,1296.70,1276.44,1260.02,1235.50,1226.76,1230.57,1233.67,1238.95,1245.86,1249.88,1254.42,1255.69,1258.19,1263.39,1271.28,1271.01,1265.31,1272.90,1274.26,1265.88,1248.64,1228.52,1209.83,1192.80,1191.36,1199.20,1203.33,1198.83,1182.05,1166.50,1163.36,1156.07,1148.36,1140.74,1132.20,1118.73,1105.32,1093.24,1078.52,1064.82,1053.72,1046.56,1039.37,1031.87,1025.33,1018.84,1013.27,1010.49,1005.98,1000.46,995.44,993.58,1003.94,1009.36,1009.36,1004.50,995.21,981.14,969.42,963.06,962.86,954.33,939.56,928.92,924.13,920.33,918.50,917.18,915.63,913.62,911.12,909.77,909.51,909.26,908.13,906.73,905.41,904.16,902.94,901.50,900.71,902.54,907.95,921.68,936.99,948.85,949.79,946.70,943.88,943.96,944.54,941.48,936.62,933.29,931.60,926.65,915.93,906.96,902.06,898.11,894.29,890.32,888.94,888.51,887.97,887.69,889.24,895.48,899.58,896.93,892.20,886.78,880.16,869.67,858.46,849.77,843.98,839.39,836.73,839.39,842.18,842.50,840.10,835.32,831.16,828.07,824.56,822.47,823.02,840.73,860.12,878.75,885.21,885.39,885.93,886.49,888.04,889.83,893.86,898.74,900.45
1772.18,1781.86,1794.28,1809.60,1822.11,1832.37,1835.59,1833.08,1826.04,1816.43,1808.42,1817.14,1835.28,1849.17,1863.69,1877.65,1891.48,1904.13,1908.75,1905.73,1898.95,1891.50,1885.07,1880.29,1876.74,1874.28,1872.36,1868.70,1862.61,1855.87,1848.99,1844.38,1843.20,1843.02,1843.93,1846.57,1849.83,1846.11,1830.41,1813.86,1798.00,1775.42,1748.80,1726.74,1711.62,1699.71,1711.83,1727.87,1730.85,1726.07,1720.98,1711.47,1701.13,1686.35,1670.25,1647.40,1634.33,1642.65,1649.27,1663.76,1672.27,1673.93,1672.40,1663.41,1648.71,1636.31,1625.85,1609.99,1589.11,1566.83,1546.05,1530.15,1521.16,1517.94,1507.94,1499.74,1501.21,1509.44,1520.42,1526.54,1528.85,1530.57,1534.23,1535.62,1532.82,1523.47,1511.86,1500.42,1489.16,1469.47,1448.99,1433.17,1420.87,1404.43,1382.07,1363.33,1343.57,1330.05,1332.57,1336.33,1336.40,1335.56,1333.25,1322.09,1305.62,1306.32,1319.43,1327.72,1328.57,1328.88,1335.70,1339.02,1336.90,1328.38,1315.17,1296.86,1278.97,1259.13,1235.88,1234.39,1239.52,1244.45,1250.06,1258.11,1262.95,1270.85,1276.12,1276.45,1275.49,1280.47,1279.77,1277.24,1283.36,1281.21,1269.94,1256.74,1244.21,1229.04,1212.24,1212.82,1216.62,1214.77,1204.48,1188.85,1179.51,1167.05,1159.82,1151.04,1140.12,1129.21,1114.15,1099.89,1088.63,1075.78,1064.55,1056.18,1049.60,1040.75,1032.96,1026.16,1020.68,1018.06,1014.41,1007.76,1002.10,998.76,998.80,1009.62,1018.34,1019.72,1015.11,1002.55,987.11,977.48,972.75,976.31,969.18,951.48,934.43,926.29,922.70,920.63,919.06,917.46,915.35,912.91,910.75,909.80,909.36,907.56,905.76,904.41,903.16,901.93,900.75,899.70,899.53,901.29,911.44,927.06,938.63,941.12,939.21,937.18,939.64,942.35,940.93,934.45,928.75,926.71,922.01,916.93,911.60,908.30,903.64,898.96,895.45,892.89,891.02,889.99,888.85,889.56,893.39,895.90,893.09,889.65,884.77,878.42,867.71,857.12,849.15,844.36,840.01,836.56,837.76,841.22,838.36,836.65,832.69,828.62,825.63,822.59,820.58,823.72,841.48,859.10,876.30,881.60,883.22,885.16,887.20,888.96,890.44,893.76,897.65,898.22
1782.28,1792.61,1802.78,1813.59,1822.55,1827.54,1826.20,1820.64,1811.54,1800.86,1801.57,1814.26,1832.79,1846.82,1860.89,1873.29,1886.18,1896.61,1900.69,1897.74,1890.63,1881.59,1876.63,1873.69,1870.08,1867.11,1865.73,1863.21,1858.85,1853.68,1846.72,1842.25,1841.34,1841.47,1843.54,1846.62,1849.59,1844.41,1829.82,1813.49,1797.65,1777.99,1751.68,1727.65,1713.05,1712.69,1725.11,1733.52,1735.11,1730.12,1724.72,1716.00,1703.61,1688.90,1669.20,1649.82,1653.69,1663.86,1671.09,1680.22,1681.60,1678.22,1671.77,1658.08,1640.44,1627.42,1615.89,1598.41,1577.15,1559.71,1550.21,1547.62,1547.87,1541.21,1526.97,1528.49,1529.02,1536.32,1543.96,1546.68,1547.61,1547.46,1545.01,1539.16,1533.75,1528.46,1520.90,1508.03,1493.73,1474.05,1448.20,1426.88,1415.43,1402.75,1381.89,1361.28,1344.88,1347.97,1356.17,1359.14,1358.61,1357.67,1349.15,1326.03,1318.89,1332.18,1345.84,1350.97,1350.28,1349.47,1355.14,1353.22,1342.87,1329.68,1312.83,1293.75,1276.80,1251.81,1242.25,1244.85,1250.45,1256.65,1266.59,1273.96,1280.75,1289.36,1298.94,1301.37,1297.55,1293.30,1291.93,1292.41,1291.57,1284.97,1275.68,1268.43,1257.25,1242.17,1230.60,1231.27,1229.64,1220.79,1207.50,1189.74,1173.88,1163.58,1155.36,1146.32,1132.93,1116.14,1101.69,1091.96,1082.03,1074.32,1066.34,1058.11,1051.24,1040.97,1032.70,1027.53,1025.16,1022.62,1017.97,1009.67,1004.81,1002.14,1002.21,1010.77,1021.40,1026.37,1023.10,1011.26,1001.47,991.73,985.03,986.27,978.58,959.50,941.65,929.07,925.81,923.38,921.68,920.20,917.82,914.98,912.65,910.96,909.22,907.12,905.14,903.40,902.12,900.92,899.80,899.04,898.74,899.31,903.48,918.67,928.74,931.99,931.12,931.16,935.61,939.28,938.90,933.48,928.15,923.22,918.66,915.70,914.43,912.89,909.65,905.64,901.94,897.97,894.77,892.11,889.81,890.12,892.25,892.82,890.02,885.95,881.55,876.17,868.31,857.70,849.66,844.63,839.88,835.60,838.09,840.97,833.40,831.49,829.79,827.56,824.46,821.43,819.55,823.94,840.85,853.73,870.10,880.50,883.21,886.03,888.53,890.60,892.47,895.08,895.57,894.13
1787.44,1797.11,1805.80,1813.55,1818.40,1818.65,1815.24,1807.58,1794.92,1788.74,1799.85,1811.61,1828.56,1843.29,1856.31,1866.60,1877.04,1887.97,1893.89,1893.12,1885.89,1875.91,1869.84,1866.58,1862.82,1860.19,1859.10,1858.99,1857.25,1852.72,1844.42,1838.58,1838.51,1839.71,1842.66,1845.57,1845.30,1836.12,1823.47,1807.62,1791.90,1773.29,1749.43,1730.87,1726.41,1730.28,1737.13,1740.52,1740.11,1734.25,1726.12,1714.42,1699.53,1681.88,1665.93,1662.75,1671.59,1682.73,1691.77,1694.14,1689.30,1678.50,1668.37,1652.33,1634.31,1620.49,1603.23,1590.15,1583.27,1578.44,1569.73,1571.95,1569.94,1557.54,1544.12,1554.03,1554.95,1561.19,1567.40,1567.29,1565.33,1560.85,1553.34,1547.30,1542.75,1537.75,1527.13,1511.17,1495.69,1475.25,1448.96,1424.25,1411.14,1400.04,1378.79,1361.95,1360.63,1368.32,1375.23,1377.30,1377.77,1371.73,1354.43,1334.82,1338.82,1352.36,1364.07,1369.68,1370.41,1370.71,1371.14,1360.72,1341.30,1326.64,1308.26,1289.26,1270.11,1251.73,1251.41,1257.68,1265.01,1270.75,1278.33,1288.96,1298.58,1308.43,1317.03,1318.21,1312.22,1305.66,1304.53,1300.57,1295.07,1289.97,1283.87,1275.20,1267.00,1256.50,1249.93,1244.64,1235.19,1219.79,1202.48,1183.98,1168.27,1156.21,1143.91,1137.45,1124.00,1104.23,1093.59,1086.68,1079.04,1072.85,1066.20,1058.42,1049.69,1038.78,1034.04,1032.33,1029.74,1024.70,1018.64,1010.65,1007.55,1005.44,1005.66,1014.50,1024.18,1030.54,1029.08,1022.42,1014.99,1005.97,997.21,996.45,987.45,968.85,950.31,936.37,929.21,926.53,925.89,923.99,920.13,917.07,914.89,912.29,909.08,906.66,904.63,902.79,901.07,899.91,899.02,898.29,898.09,898.84,900.31,911.58,920.29,922.51,922.01,923.92,930.63,934.82,935.58,934.29,930.38,925.23,919.80,913.88,910.07,910.78,911.19,909.22,904.31,900.11,895.83,892.82,891.30,891.45,892.01,891.75,890.59,885.28,880.15,874.59,867.96,860.10,850.59,843.41,838.30,834.03,839.88,840.50,831.99,829.04,827.94,826.52,823.98,821.11,819.04,825.84,847.11,864.07,874.01,880.33,883.38,886.22,888.64,890.94,893.42,893.97,892.10,888.05
1788.34,1797.53,1804.73,1809.75,1810.70,1808.58,1803.20,1791.74,1782.02,1786.19,1798.79,1809.45,1823.08,1838.99,1851.42,1860.43,1868.73,1878.75,1886.80,1888.96,1883.36,1872.01,1863.01,1859.03,1855.76,1853.79,1852.94,1854.01,1856.06,1852.15,1842.23,1835.93,1834.47,1837.03,1841.17,1842.74,1839.11,1827.69,1812.97,1796.73,1781.78,1765.33,1750.68,1749.33,1743.56,1742.96,1746.90,1745.98,1741.80,1733.31,1725.37,1715.32,1700.35,1682.33,1680.06,1688.10,1693.99,1702.61,1707.46,1703.84,1693.20,1677.56,1660.54,1640.68,1627.48,1614.37,1608.11,1606.44,1605.88,1601.57,1594.35,1598.36,1593.40,1572.54,1564.47,1578.38,1579.32,1584.93,1587.60,1584.30,1578.04,1570.15,1563.48,1557.81,1549.18,1538.86,1526.29,1510.47,1495.28,1474.33,1449.20,1423.87,1406.86,1392.22,1375.24,1373.07,1382.51,1389.62,1399.10,1401.79,1396.04,1380.30,1358.59,1350.98,1358.17,1366.93,1379.94,1388.64,1389.51,1384.72,1376.71,1361.59,1338.44,1323.20,1305.48,1286.03,1264.87,1259.69,1261.41,1272.32,1281.74,1290.38,1296.94,1306.00,1316.97,1327.88,1334.47,1331.77,1319.31,1314.17,1313.65,1310.33,1300.65,1294.80,1289.79,1279.78,1273.48,1267.10,1257.08,1244.55,1229.55,1209.52,1187.50,1175.13,1163.66,1147.91,1132.28,1122.76,1107.00,1093.73,1087.64,1081.53,1075.23,1068.91,1062.19,1053.89,1045.81,1040.90,1039.76,1036.56,1031.00,1024.74,1019.34,1015.25,1012.35,1009.27,1008.12,1014.97,1022.89,1029.89,1033.90,1031.80,1028.02,1018.21,1008.38,1004.67,993.61,974.76,956.27,943.45,935.13,930.88,930.33,926.96,922.20,918.91,916.30,911.36,908.33,906.27,904.27,902.42,900.57,899.43,898.60,897.59,897.47,898.36,899.28,905.99,914.15,916.50,916.95,918.54,923.20,930.07,931.81,931.78,929.93,925.54,920.73,914.80,909.27,907.55,908.23,907.49,904.88,901.29,895.90,891.59,891.20,891.60,891.79,891.43,890.52,884.01,877.86,872.44,866.24,860.26,850.75,842.03,836.19,832.86,841.30,840.61,831.68,828.55,826.72,825.07,823.47,821.19,818.67,826.54,848.69,871.59,885.43,884.18,884.10,885.62,887.28,890.03,892.39,891.66,886.87,876.43
1786.13,1794.39,1800.16,1802.32,1800.97,1796.81,1788.55,1777.13,1776.84,1785.57,1795.68,1806.49,1816.80,1831.75,1846.70,1855.33,1861.87,1870.03,1877.03,1879.78,1876.93,1867.53,1858.30,1852.89,1848.53,1846.54,1846.65,1850.35,1854.41,1851.77,1842.74,1835.73,1831.30,1833.07,1837.90,1838.23,1832.77,1818.64,1801.17,1786.13,1777.83,1772.34,1771.17,1768.93,1760.50,1758.22,1754.79,1748.31,1742.17,1730.49,1722.26,1712.30,1700.42,1691.63,1700.15,1709.16,1714.41,1719.05,1717.09,1705.61,1692.69,1675.12,1653.99,1643.10,1635.62,1628.77,1632.46,1631.20,1628.16,1620.19,1617.30,1617.24,1605.21,1587.89,1592.88,1601.53,1601.85,1602.16,1601.12,1598.35,1591.53,1581.16,1569.79,1559.00,1547.84,1533.40,1519.10,1503.20,1491.28,1470.61,1446.35,1420.55,1399.87,1389.42,1390.46,1394.25,1406.26,1410.60,1419.00,1419.87,1406.41,1382.88,1365.64,1367.62,1377.76,1387.76,1396.40,1405.59,1403.00,1390.55,1376.19,1358.45,1337.20,1321.50,1302.76,1282.06,1269.57,1270.08,1278.63,1289.45,1299.23,1309.57,1315.72,1321.89,1333.69,1343.77,1349.42,1340.62,1327.72,1325.18,1322.39,1315.56,1303.48,1293.23,1284.74,1277.65,1271.88,1261.15,1247.49,1234.05,1219.32,1195.57,1175.73,1163.88,1150.47,1137.64,1123.09,1110.74,1102.97,1100.49,1096.54,1091.55,1085.11,1078.71,1070.53,1058.86,1050.59,1046.68,1043.39,1038.54,1033.74,1032.24,1031.36,1027.41,1021.67,1016.59,1012.31,1014.42,1021.41,1029.22,1037.14,1039.67,1037.96,1029.93,1018.86,1011.92,997.69,977.31,959.10,948.88,942.05,936.55,932.77,928.35,923.94,922.18,917.35,912.01,908.76,906.84,904.93,903.01,901.04,899.59,898.52,897.28,896.72,897.48,898.37,899.96,906.24,911.62,913.56,915.51,917.51,922.17,926.30,926.67,925.08,922.78,919.70,914.32,909.18,906.16,904.76,903.80,902.04,900.34,894.38,889.36,888.41,890.12,891.17,890.56,887.81,881.61,875.61,870.08,863.27,857.46,849.24,840.15,834.17,831.99,844.96,844.82,830.55,827.51,825.58,823.36,821.25,820.44,818.27,827.42,850.84,876.95,890.26,886.46,882.30,883.48,886.41,889.84,890.20,885.21,875.70,865.68
1782.00,1788.25,1791.86,1792.78,1790.31,1785.01,1775.73,1767.91,1775.47,1784.29,1792.38,1802.11,1810.65,1820.24,1834.87,1848.35,1854.91,1860.96,1865.54,1867.59,1866.48,1861.33,1853.88,1845.43,1838.48,1837.73,1842.16,1849.98,1853.26,1851.55,1843.40,1835.40,1829.69,1828.80,1831.80,1831.32,1823.41,1807.45,1797.85,1799.70,1801.32,1800.56,1797.92,1792.09,1780.55,1772.83,1764.31,1752.40,1745.19,1734.29,1721.25,1710.76,1709.61,1712.52,1717.75,1722.01,1728.07,1729.04,1721.80,1707.56,1693.22,1674.97,1666.22,1666.41,1653.76,1644.49,1652.44,1654.44,1650.22,1640.00,1637.09,1634.01,1619.38,1608.30,1614.84,1618.32,1617.57,1615.90,1613.32,1606.79,1595.19,1581.50,1567.82,1554.42,1537.97,1522.36,1504.22,1490.29,1478.46,1458.85,1436.96,1412.98,1403.59,1411.51,1417.03,1417.64,1424.53,1427.95,1433.47,1427.13,1405.29,1383.31,1377.34,1387.21,1400.52,1409.21,1415.92,1417.45,1409.11,1390.62,1371.72,1350.07,1331.39,1314.27,1295.56,1278.44,1276.63,1281.65,1294.14,1305.81,1317.37,1327.51,1333.51,1337.52,1346.99,1357.75,1360.03,1348.37,1337.47,1331.88,1324.84,1316.52,1304.49,1290.31,1271.82,1267.50,1260.99,1246.29,1232.68,1221.45,1205.95,1183.04,1169.27,1151.60,1140.15,1128.51,1120.38,1117.50,1119.39,1119.92,1116.95,1111.52,1104.91,1095.49,1083.49,1071.13,1057.92,1050.42,1047.68,1044.19,1043.50,1046.97,1049.45,1047.40,1040.24,1030.89,1022.88,1018.08,1021.51,1030.42,1039.98,1042.89,1041.53,1035.98,1026.98,1017.49,1002.08,982.73,966.10,955.25,946.17,937.66,933.07,928.85,928.01,926.61,919.27,914.02,909.24,907.15,905.13,903.41,901.91,900.18,898.88,897.63,896.11,896.25,897.07,897.72,898.81,902.82,909.29,912.08,913.59,915.37,918.19,919.66,918.39,916.81,914.82,911.57,908.87,906.28,904.28,901.80,899.00,896.67,892.82,888.83,885.88,887.68,889.85,887.88,882.02,877.60,872.69,866.53,859.32,853.16,846.10,837.42,831.52,835.53,849.10,845.44,829.48,826.20,823.71,821.16,819.72,817.81,817.85,829.42,854.03,880.32,890.67,884.15,879.96,882.82,886.50,887.05,880.87,869.72,863.07,854.83
1777.41,1781.97,1783.98,1783.70,1780.34,1774.22,1765.19,1763.70,1772.74,1781.08,1788.20,1796.34,1803.59,1809.61,1818.64,1831.49,1843.11,1851.51,1855.66,1856.87,1856.53,1853.59,1847.03,1837.36,1829.40,1830.66,1840.43,1849.38,1852.12,1850.46,1841.24,1834.09,1828.32,1825.13,1824.05,1818.98,1810.61,1809.63,1816.00,1822.19,1823.85,1820.31,1816.76,1809.54,1801.58,1791.43,1779.09,1761.35,1750.75,1742.17,1725.33,1720.39,1722.70,1730.24,1733.08,1734.66,1737.62,1736.45,1722.35,1706.63,1692.43,1688.99,1691.12,1689.99,1673.99,1658.00,1673.67,1673.18,1660.66,1658.56,1660.73,1655.57,1637.77,1631.74,1636.62,1639.62,1637.68,1630.59,1619.82,1606.19,1590.54,1574.67,1558.82,1542.25,1526.10,1507.91,1489.28,1470.86,1456.66,1442.09,1422.39,1413.82,1425.45,1435.93,1441.07,1438.31,1442.94,1443.95,1442.42,1427.62,1404.43,1394.43,1394.47,1407.16,1420.65,1429.54,1432.69,1425.36,1412.43,1392.06,1373.10,1350.65,1329.04,1310.74,1291.09,1284.19,1291.30,1297.78,1307.62,1321.32,1335.71,1345.28,1351.75,1356.69,1362.79,1371.92,1372.20,1361.51,1350.49,1334.73,1323.59,1312.75,1302.81,1286.34,1260.90,1249.86,1241.88,1230.11,1218.74,1205.86,1188.49,1173.28,1157.40,1144.25,1138.92,1139.01,1135.84,1134.60,1140.17,1138.81,1134.63,1129.11,1121.13,1108.20,1090.83,1076.23,1061.85,1056.37,1055.40,1055.75,1056.25,1060.59,1064.04,1062.72,1056.18,1045.59,1034.70,1025.27,1023.55,1032.31,1042.06,1045.17,1042.44,1037.44,1030.57,1020.43,1004.65,990.67,974.17,959.51,948.95,938.34,934.12,930.86,931.69,929.68,923.46,918.39,911.51,908.06,906.59,906.63,905.59,902.81,900.26,898.27,896.37,895.10,895.40,895.81,896.58,897.53,899.50,903.45,907.09,906.88,908.44,910.46,910.14,910.31,909.73,907.78,908.04,907.25,906.48,904.21,903.32,902.43,899.85,893.55,886.83,882.19,883.13,880.57,874.58,870.42,864.35,858.55,852.88,847.28,841.58,835.23,830.17,842.95,851.12,841.88,828.74,824.87,821.33,818.94,817.54,815.81,818.27,834.35,860.40,882.87,888.99,881.60,879.15,883.00,884.25,878.63,868.21,860.87,854.26,848.57
1772.91,1775.26,1775.28,1773.21,1769.04,1762.71,1756.75,1760.76,1767.73,1774.25,1779.93,1785.57,1792.58,1800.30,1807.21,1815.96,1825.41,1835.66,1843.60,1846.16,1845.38,1841.03,1833.64,1824.72,1821.48,1827.61,1837.80,1846.97,1850.71,1847.92,1839.19,1832.71,1827.10,1822.28,1818.62,1814.24,1817.47,1825.91,1833.43,1838.78,1840.37,1837.95,1832.53,1823.80,1815.10,1805.36,1791.51,1773.68,1755.70,1746.27,1735.80,1734.33,1739.77,1744.58,1746.15,1749.23,1748.88,1739.50,1721.80,1707.66,1707.95,1711.73,1710.48,1708.18,1691.14,1677.59,1694.84,1696.23,1683.26,1677.05,1676.67,1672.11,1661.09,1655.26,1659.79,1660.57,1652.93,1637.06,1617.25,1597.72,1581.69,1565.74,1547.29,1527.03,1511.02,1493.29,1474.11,1457.31,1448.33,1438.10,1424.35,1430.67,1447.70,1457.67,1462.29,1459.80,1463.37,1461.23,1447.27,1429.33,1419.93,1415.01,1414.74,1428.42,1442.00,1446.50,1441.96,1431.24,1415.72,1395.44,1374.18,1354.92,1333.60,1313.65,1295.91,1297.91,1309.44,1318.61,1321.64,1335.82,1350.11,1360.06,1368.89,1375.79,1381.75,1386.83,1383.78,1372.63,1356.95,1337.62,1319.43,1307.61,1292.70,1276.28,1254.64,1237.49,1225.37,1215.22,1203.77,1188.42,1175.26,1166.39,1159.59,1157.03,1160.68,1164.45,1156.26,1156.57,1161.78,1159.80,1153.03,1141.95,1129.67,1112.76,1091.52,1075.92,1066.38,1065.30,1064.61,1067.65,1069.63,1074.70,1079.78,1078.35,1071.79,1059.13,1045.81,1033.90,1027.72,1036.25,1045.70,1047.28,1042.88,1036.44,1029.67,1017.62,1001.76,990.63,974.25,959.82,950.61,942.57,937.00,935.10,933.75,929.67,925.39,920.66,914.26,909.56,909.47,910.61,908.69,905.47,901.90,899.17,897.32,895.45,894.24,893.92,894.01,894.49,895.07,897.19,898.38,898.46,900.01,902.18,903.94,907.31,906.85,905.33,906.69,908.25,908.64,908.57,910.86,913.88,911.87,901.88,891.70,881.03,875.24,872.57,866.60,861.93,855.89,851.19,845.77,840.45,837.05,832.33,830.29,847.17,849.67,836.39,827.00,823.36,819.84,817.54,815.52,815.27,820.44,839.89,867.51,883.23,886.39,880.76,878.57,882.38,880.49,870.63,861.93,854.55,848.67,845.41
1766.93,1766.93,1764.07,1760.96,1756.28,1751.40,1750.68,1755.91,1760.81,1764.72,1767.60,1771.05,1777.62,1787.12,1795.80,1804.03,1810.25,1817.58,1824.93,1829.29,1828.66,1824.00,1817.99,1816.14,1818.70,1826.27,1834.69,1842.87,1848.11,1846.10,1840.13,1833.43,1828.10,1822.90,1818.65,1819.60,1827.64,1837.30,1842.80,1846.05,1847.58,1846.33,1841.59,1833.20,1824.40,1814.05,1799.36,1779.97,1761.99,1752.04,1748.02,1747.02,1749.71,1758.67,1763.96,1762.52,1752.94,1743.09,1729.68,1721.56,1722.86,1725.23,1722.46,1714.55,1702.62,1698.61,1706.29,1707.43,1700.04,1694.86,1692.66,1687.89,1680.15,1675.55,1677.73,1672.61,1657.13,1635.94,1611.10,1588.70,1571.71,1551.36,1532.24,1512.88,1496.52,1482.98,1475.53,1475.06,1468.19,1455.01,1438.49,1449.57,1464.42,1472.89,1478.01,1479.66,1481.01,1471.45,1453.62,1445.62,1443.24,1437.14,1433.15,1446.26,1456.90,1456.36,1445.80,1432.31,1413.69,1393.08,1371.47,1351.99,1329.39,1311.57,1309.72,1311.71,1323.61,1337.26,1342.55,1350.08,1363.27,1374.26,1384.70,1392.94,1400.10,1401.50,1392.03,1376.70,1359.08,1340.08,1317.94,1300.92,1281.49,1263.35,1248.51,1231.21,1218.86,1209.64,1199.65,1190.14,1181.34,1182.05,1184.20,1176.66,1182.47,1185.89,1175.76,1175.93,1177.49,1170.60,1157.29,1142.62,1129.13,1110.41,1088.50,1077.89,1075.30,1075.55,1075.42,1079.12,1083.65,1086.82,1093.48,1090.99,1082.37,1070.91,1055.43,1043.98,1036.59,1044.18,1051.00,1048.13,1042.05,1034.06,1024.61,1008.28,994.28,983.83,968.57,957.17,949.70,943.00,939.97,938.31,933.62,929.16,925.57,921.82,917.30,914.01,913.85,913.25,909.41,906.59,903.41,900.74,898.60,897.48,896.81,896.66,895.82,894.09,892.53,891.12,890.60,890.68,894.01,899.86,906.22,909.00,907.15,902.66,905.30,908.49,912.95,917.44,917.93,920.87,918.90,908.02,896.11,886.73,877.22,867.24,857.62,851.61,848.07,843.98,840.25,836.33,833.31,829.71,831.30,848.70,846.57,831.40,823.79,820.45,818.59,816.13,814.04,816.44,824.60,845.27,868.58,882.09,884.28,879.88,876.92,880.46,876.47,868.03,857.10,846.47,841.95,848.37
1758.89,1756.92,1753.43,1750.16,1746.87,1746.53,1747.91,1750.12,1753.18,1756.09,1758.54,1761.34,1765.81,1773.47,1783.05,1790.51,1798.96,1804.80,1808.09,1810.13,1810.67,1808.91,1810.77,1816.71,1826.08,1835.10,1842.38,1848.81,1852.63,1851.81,1844.55,1836.89,1833.94,1827.62,1823.23,1824.79,1834.30,1841.89,1845.62,1849.33,1851.06,1850.33,1845.38,1837.06,1828.04,1816.45,1802.64,1787.76,1773.86,1761.81,1758.95,1760.24,1762.08,1768.75,1773.54,1766.53,1759.89,1753.43,1742.34,1730.62,1733.84,1739.27,1739.59,1732.00,1715.62,1709.82,1722.96,1728.09,1727.01,1727.13,1723.94,1712.57,1701.43,1694.12,1688.45,1675.82,1655.54,1630.47,1607.02,1584.07,1562.74,1537.14,1519.05,1508.10,1499.68,1501.43,1505.11,1499.49,1488.86,1471.04,1449.72,1461.50,1480.42,1491.60,1496.22,1497.16,1493.52,1477.46,1465.41,1465.47,1464.24,1456.50,1451.78,1461.23,1465.93,1460.02,1444.25,1427.04,1407.46,1387.11,1364.69,1342.91,1324.54,1324.46,1330.43,1329.86,1333.19,1348.45,1360.35,1367.01,1375.83,1388.16,1401.34,1409.85,1416.64,1413.16,1399.01,1380.42,1359.70,1341.68,1319.69,1302.27,1279.57,1257.65,1244.31,1237.62,1235.99,1230.92,1219.49,1205.62,1198.57,1205.34,1204.00,1192.32,1199.22,1201.92,1192.64,1188.38,1179.99,1162.10,1144.99,1132.39,1119.09,1102.65,1090.57,1087.81,1085.61,1088.69,1089.03,1092.08,1100.18,1099.79,1106.32,1104.88,1093.68,1080.79,1067.90,1058.18,1051.17,1053.06,1053.76,1048.47,1040.85,1030.93,1015.45,997.66,985.57,972.79,961.32,953.50,947.94,943.46,941.82,940.00,934.23,928.87,926.31,922.97,920.54,920.16,918.45,914.54,910.37,907.65,904.61,902.78,902.92,903.09,905.44,910.20,912.41,910.08,902.90,893.93,889.30,888.76,893.00,904.42,912.22,912.11,906.89,900.17,902.24,907.44,916.50,922.78,922.39,922.88,921.68,914.24,901.51,892.91,883.45,870.68,856.73,848.68,843.74,839.23,835.95,832.86,828.84,827.24,835.62,850.28,842.40,827.26,821.32,818.07,816.18,814.31,813.44,818.42,831.07,851.62,868.36,880.63,882.05,877.49,875.29,877.21,871.72,861.35,847.01,839.63,842.67,855.07
1750.58,1748.53,1745.60,1743.57,1747.13,1751.85,1754.58,1756.70,1759.35,1761.42,1763.56,1765.47,1765.93,1767.21,1772.27,1779.75,1785.26,1790.18,1794.52,1798.46,1802.84,1809.70,1817.19,1827.41,1836.92,1844.33,1851.54,1857.16,1862.27,1862.85,1854.86,1844.05,1842.38,1837.10,1829.61,1829.61,1838.32,1843.49,1846.89,1850.11,1851.40,1850.93,1846.62,1840.48,1831.30,1819.18,1810.11,1798.89,1782.44,1775.97,1775.50,1771.73,1769.35,1778.53,1783.99,1778.28,1772.86,1764.94,1750.13,1747.86,1751.21,1752.92,1749.71,1740.91,1726.12,1725.06,1739.34,1745.15,1744.93,1741.90,1736.99,1728.53,1716.81,1704.48,1691.47,1670.78,1649.74,1622.58,1598.42,1575.60,1555.42,1538.73,1533.59,1534.62,1528.59,1530.68,1530.99,1523.79,1505.15,1483.75,1463.81,1466.70,1494.30,1506.40,1511.42,1512.41,1502.09,1487.58,1484.12,1487.32,1485.73,1469.44,1465.87,1472.50,1473.54,1463.30,1443.84,1422.92,1403.56,1382.32,1359.05,1339.27,1334.60,1341.62,1349.06,1349.30,1345.97,1355.74,1372.15,1385.06,1395.79,1405.08,1415.14,1424.32,1428.63,1420.87,1402.04,1383.07,1359.97,1341.84,1323.63,1299.17,1274.93,1260.56,1257.88,1258.04,1256.98,1248.86,1229.47,1218.12,1222.26,1227.02,1217.29,1211.11,1217.31,1214.27,1205.60,1192.52,1174.63,1155.11,1140.60,1125.76,1112.51,1104.80,1102.75,1097.51,1098.28,1105.27,1105.15,1106.06,1116.64,1116.22,1118.99,1118.26,1110.00,1093.86,1083.03,1074.74,1065.04,1059.60,1054.29,1047.62,1038.30,1025.32,1005.56,990.49,976.39,962.82,956.91,953.87,950.81,946.32,944.42,941.67,935.97,929.78,926.77,924.49,924.01,923.25,920.24,916.50,912.39,908.70,905.64,907.20,912.02,918.34,923.98,926.80,926.01,922.69,915.35,902.42,891.69,887.89,892.89,906.55,914.31,915.35,908.51,899.87,899.70,901.59,909.42,920.09,923.70,922.28,914.95,908.73,901.70,892.75,881.65,868.54,858.16,850.40,843.52,837.94,833.05,827.87,825.85,830.96,842.64,851.01,840.35,823.83,818.14,816.01,814.02,812.39,813.77,819.65,833.57,850.87,865.42,877.14,878.38,873.46,874.82,873.96,866.98,852.91,841.20,837.90,848.94,860.93
1743.16,1741.77,1740.25,1745.62,1754.61,1760.59,1763.79,1765.92,1767.22,1768.83,1772.17,1775.70,1777.76,1777.80,1775.64,1776.94,1782.83,1791.15,1798.19,1806.52,1812.09,1817.38,1827.81,1837.38,1845.60,1853.77,1860.53,1867.23,1872.39,1872.88,1866.08,1853.82,1846.52,1843.19,1839.01,1836.46,1840.98,1844.77,1847.17,1848.58,1849.51,1849.06,1846.93,1842.84,1834.96,1826.75,1816.24,1800.99,1789.30,1787.20,1785.61,1779.49,1779.70,1789.47,1792.94,1790.35,1780.60,1771.24,1760.40,1760.14,1763.00,1759.17,1748.79,1740.19,1740.55,1740.93,1749.44,1757.85,1756.23,1749.32,1742.12,1732.99,1720.94,1702.48,1683.95,1661.27,1638.97,1611.18,1592.88,1581.83,1565.63,1555.01,1559.15,1557.62,1552.37,1552.30,1549.76,1541.10,1522.94,1499.10,1479.14,1475.01,1495.35,1515.85,1525.20,1526.87,1515.88,1507.62,1507.59,1505.38,1496.82,1482.65,1482.99,1484.65,1478.18,1462.13,1442.86,1424.38,1402.66,1378.36,1355.77,1350.11,1351.82,1356.51,1366.32,1370.77,1367.54,1366.58,1382.36,1401.76,1413.94,1421.69,1428.76,1438.10,1436.17,1424.06,1403.51,1384.82,1362.35,1341.49,1325.83,1307.37,1289.61,1287.67,1286.98,1283.30,1273.04,1256.63,1242.29,1238.91,1241.73,1243.20,1232.34,1233.35,1234.87,1227.27,1216.07,1201.94,1185.63,1163.63,1144.35,1127.68,1120.31,1119.76,1115.32,1111.69,1115.41,1124.40,1125.05,1125.01,1131.33,1130.76,1130.57,1130.62,1124.45,1109.80,1093.79,1084.05,1072.23,1060.37,1050.68,1042.80,1032.97,1016.11,997.37,984.33,969.96,961.05,959.43,957.44,953.38,948.92,945.75,942.34,938.29,932.60,928.27,928.10,927.71,925.50,922.12,917.90,913.27,909.24,907.60,911.51,921.19,928.76,931.50,931.90,930.11,923.54,914.54,904.00,892.87,887.30,893.00,907.63,916.92,918.87,910.43,900.01,898.85,899.13,901.25,910.18,918.50,918.43,905.29,896.49,892.97,887.22,877.51,867.61,857.98,851.86,846.19,840.62,832.94,824.63,827.13,835.50,847.87,848.60,836.37,821.96,816.75,813.82,811.96,810.97,813.44,818.58,831.24,843.53,858.21,867.88,869.33,870.90,873.62,869.80,859.69,845.75,837.67,839.93,852.93,866.83
1737.73,1738.33,1743.21,1753.58,1761.20,1765.39,1769.32,1774.02,1778.59,1782.12,1784.58,1787.76,1791.94,1794.27,1792.88,1789.01,1792.56,1803.25,1811.44,1817.43,1820.33,1825.99,1835.91,1845.18,1854.86,1863.05,1869.16,1875.34,1879.88,1881.51,1875.70,1863.54,1851.16,1846.26,1844.08,1842.33,1841.22,1843.99,1845.43,1845.65,1846.17,1846.13,1845.32,1842.06,1836.73,1829.78,1817.24,1802.62,1797.49,1797.61,1795.65,1787.44,1792.63,1799.28,1801.76,1800.21,1790.96,1776.46,1771.96,1773.92,1775.28,1763.86,1750.03,1746.71,1754.10,1758.38,1763.22,1765.56,1761.65,1752.23,1741.57,1729.51,1715.69,1698.01,1675.84,1650.13,1629.16,1617.54,1611.45,1597.84,1577.71,1578.84,1581.57,1579.42,1574.13,1573.01,1567.93,1554.68,1536.23,1511.26,1488.29,1493.42,1508.85,1525.12,1539.30,1541.77,1530.21,1524.97,1524.26,1520.29,1507.18,1500.45,1498.63,1491.40,1476.76,1453.83,1433.51,1412.73,1391.29,1373.48,1367.68,1372.02,1369.28,1370.54,1385.34,1394.58,1393.34,1387.18,1395.47,1411.34,1428.69,1441.16,1448.87,1448.49,1441.34,1426.99,1404.83,1385.04,1361.90,1339.96,1327.95,1319.38,1313.70,1313.45,1310.31,1301.79,1282.54,1266.87,1263.36,1260.14,1260.42,1258.96,1249.11,1250.03,1246.27,1238.99,1226.72,1210.62,1192.52,1172.01,1146.87,1137.68,1136.73,1132.85,1127.85,1128.43,1130.72,1140.93,1143.69,1143.56,1145.13,1143.49,1142.10,1140.01,1132.17,1118.06,1100.15,1085.02,1071.18,1057.22,1044.31,1033.43,1021.75,1003.90,990.25,977.73,967.75,964.31,962.89,960.52,956.33,950.67,947.09,943.91,940.93,935.29,931.07,932.05,930.44,926.26,921.05,917.00,913.10,911.39,910.37,915.49,924.52,930.74,933.80,933.32,929.55,918.84,906.88,898.37,889.81,886.80,894.72,909.68,919.38,921.07,912.40,900.44,898.50,897.99,898.73,901.35,908.15,911.83,905.88,895.60,886.10,878.06,871.40,865.03,858.36,852.51,846.89,841.20,833.00,823.84,826.14,836.55,850.18,845.91,831.05,820.52,815.72,811.97,810.09,809.82,812.17,815.58,825.71,837.56,850.52,861.18,867.99,871.75,870.51,862.35,848.85,838.17,836.37,844.20,853.65,867.05
1739.29,1743.54,1752.26,1760.39,1765.58,1770.13,1776.71,1784.19,1790.25,1793.66,1795.88,1798.97,1804.94,1809.50,1810.27,1807.05,1803.08,1810.36,1822.44,1832.04,1837.26,1839.22,1843.31,1853.15,1863.17,1871.08,1877.75,1883.18,1887.57,1889.11,1882.81,1871.97,1859.70,1850.80,1848.37,1845.17,1841.39,1842.03,1842.49,1841.93,1842.20,1842.85,1842.51,1839.83,1836.01,1828.62,1816.61,1806.06,1805.68,1806.39,1805.78,1803.49,1806.54,1808.82,1808.13,1805.76,1801.76,1789.83,1785.94,1786.05,1783.90,1773.16,1758.12,1758.92,1767.45,1772.13,1773.83,1769.56,1761.96,1750.83,1736.75,1718.90,1703.37,1687.45,1665.39,1650.60,1650.96,1647.47,1634.01,1607.69,1596.63,1603.95,1603.42,1601.93,1594.57,1588.20,1581.02,1564.28,1544.43,1516.96,1495.94,1509.32,1526.60,1539.74,1552.07,1553.02,1544.63,1543.58,1540.80,1530.58,1522.91,1515.12,1504.24,1490.02,1468.74,1443.51,1422.70,1400.85,1393.57,1392.88,1394.83,1398.84,1389.78,1386.49,1401.81,1415.89,1413.38,1407.91,1415.88,1424.73,1442.51,1455.31,1460.27,1455.37,1446.10,1431.32,1407.41,1387.79,1368.24,1351.62,1337.21,1330.94,1333.17,1330.87,1325.64,1312.38,1293.82,1289.71,1288.72,1285.97,1281.87,1275.54,1265.24,1260.49,1251.89,1241.69,1228.05,1210.42,1193.46,1178.01,1158.68,1155.88,1152.59,1144.20,1145.13,1148.52,1148.68,1156.27,1159.20,1157.25,1154.27,1151.06,1147.10,1142.39,1134.28,1118.97,1096.58,1079.57,1066.35,1054.56,1038.66,1021.03,1006.90,993.11,982.39,974.20,969.79,967.63,965.36,962.42,958.76,952.53,948.19,945.33,941.88,938.58,935.54,935.55,932.16,926.15,920.18,916.73,915.79,915.02,914.95,919.28,925.72,931.81,935.64,932.64,925.90,913.75,900.86,891.96,886.45,888.57,902.50,912.53,919.54,921.59,914.39,902.31,898.81,897.30,897.37,898.59,900.53,903.77,904.17,901.38,894.25,884.73,874.14,865.51,857.35,851.12,846.49,841.28,833.36,824.54,822.98,831.03,846.57,846.30,829.60,818.43,813.91,810.38,808.86,808.79,809.46,810.06,817.59,833.49,847.17,856.63,865.95,869.71,864.44,851.87,838.42,831.40,838.54,846.61,857.48,869.69
1750.87,1753.05,1759.09,1765.32,1770.73,1777.26,1785.67,1794.09,1800.42,1806.50,1811.29,1814.25,1816.26,1819.02,1824.03,1825.41,1820.25,1817.93,1831.90,1842.98,1851.73,1856.68,1857.58,1861.47,1870.43,1879.84,1886.94,1892.40,1895.63,1895.08,1888.49,1877.90,1870.33,1862.59,1855.00,1847.43,1842.95,1839.89,1839.19,1838.55,1838.69,1839.60,1839.71,1838.08,1834.24,1826.89,1818.30,1812.97,1816.11,1817.74,1817.23,1815.56,1816.36,1816.69,1814.62,1811.15,1808.05,1803.99,1800.70,1795.43,1784.97,1772.43,1766.16,1773.29,1778.97,1781.79,1780.30,1770.77,1758.15,1744.32,1728.62,1705.89,1694.29,1686.57,1679.82,1677.93,1676.79,1666.72,1646.66,1620.65,1621.73,1625.60,1621.29,1615.70,1609.39,1599.77,1586.75,1567.16,1545.15,1515.44,1507.91,1524.13,1544.54,1559.10,1567.62,1566.75,1563.83,1563.00,1555.17,1542.59,1531.89,1518.51,1502.95,1481.85,1458.07,1436.68,1420.10,1415.05,1417.65,1414.75,1414.25,1417.21,1408.77,1407.21,1418.07,1438.09,1434.39,1425.75,1438.77,1445.63,1454.41,1463.73,1466.81,1461.04,1451.62,1435.61,1416.19,1403.50,1386.70,1366.48,1352.92,1353.30,1357.32,1352.79,1339.35,1327.05,1316.85,1314.31,1309.89,1303.99,1296.25,1289.82,1276.76,1262.74,1250.70,1238.96,1227.11,1215.70,1204.15,1187.11,1179.02,1178.84,1169.29,1160.42,1165.45,1166.80,1165.34,1167.95,1166.58,1162.42,1157.55,1152.90,1146.30,1138.64,1132.46,1118.82,1092.80,1072.66,1057.25,1047.72,1030.71,1007.80,994.43,986.27,979.22,976.07,973.48,970.11,966.96,963.79,960.31,954.42,949.27,946.90,943.95,942.25,939.83,939.01,934.54,927.45,921.46,919.34,920.72,920.37,922.51,928.85,933.53,938.32,937.25,930.53,918.51,905.62,897.49,890.53,885.04,892.33,908.26,914.60,919.34,920.81,913.92,904.46,898.94,896.77,896.30,897.34,898.51,899.49,900.82,902.07,896.88,888.89,877.66,867.74,857.67,850.32,845.79,841.63,835.37,826.96,820.72,825.79,839.99,843.91,828.59,818.52,813.09,809.24,807.65,808.04,808.78,809.53,813.00,828.02,843.44,850.20,856.03,861.26,852.73,839.41,829.86,829.91,841.50,850.11,863.06,869.17
1760.90,1762.26,1766.98,1772.16,1777.97,1785.73,1795.19,1805.39,1813.56,1820.73,1827.63,1830.74,1830.05,1830.88,1835.93,1840.11,1838.95,1831.14,1837.56,1851.97,1863.38,1870.69,1873.19,1871.88,1877.81,1887.95,1896.44,1902.00,1903.26,1899.86,1892.66,1885.24,1877.78,1869.02,1860.63,1849.36,1843.55,1838.38,1835.32,1835.27,1835.67,1836.24,1836.54,1836.56,1835.71,1832.68,1827.42,1826.62,1828.60,1828.13,1826.03,1823.91,1822.49,1821.99,1820.21,1817.35,1814.13,1811.11,1806.88,1797.73,1783.54,1772.63,1775.98,1783.37,1787.64,1790.00,1786.34,1775.13,1761.55,1740.87,1716.39,1700.92,1705.67,1707.22,1704.46,1701.63,1691.78,1671.26,1651.56,1644.07,1647.02,1648.83,1641.85,1630.36,1617.70,1603.96,1585.01,1563.99,1539.00,1527.21,1524.24,1541.39,1561.26,1575.19,1582.09,1583.18,1583.36,1578.48,1565.04,1547.99,1528.85,1510.88,1493.18,1472.13,1454.88,1442.44,1446.97,1447.94,1444.57,1438.92,1436.19,1437.67,1431.05,1433.11,1445.09,1454.89,1453.39,1448.19,1456.29,1462.81,1467.70,1473.63,1475.66,1469.30,1459.86,1448.45,1437.05,1421.20,1399.99,1382.34,1377.98,1376.88,1375.49,1365.62,1350.10,1341.27,1336.83,1332.74,1325.42,1314.27,1303.10,1294.01,1280.06,1263.36,1249.63,1244.18,1239.16,1230.56,1218.38,1202.35,1197.18,1192.96,1183.82,1178.97,1180.41,1179.11,1176.02,1173.84,1166.79,1157.68,1152.63,1148.68,1139.69,1130.83,1125.69,1114.54,1091.84,1069.34,1049.15,1035.95,1020.69,1001.00,989.75,985.59,982.87,979.45,975.21,971.38,967.72,963.30,959.62,955.19,950.20,948.06,946.08,944.54,942.41,940.06,934.25,927.96,924.97,929.31,933.32,932.50,934.30,941.08,943.57,943.36,938.56,927.96,912.27,900.53,895.45,889.90,884.33,891.48,908.54,914.87,919.42,919.39,913.01,903.13,897.66,895.68,895.80,897.34,898.51,899.86,905.63,905.71,898.10,883.96,872.63,865.81,857.89,850.41,845.14,840.36,835.11,827.78,819.53,825.44,839.30,842.43,828.42,817.07,812.27,807.83,806.47,807.11,807.83,809.06,811.99,824.17,839.06,845.46,848.34,848.86,841.08,830.08,825.33,830.09,844.41,855.39,863.67,864.15
1764.20,1770.18,1775.33,1780.09,1786.22,1794.37,1806.43,1816.13,1825.81,1835.20,1841.84,1846.33,1844.55,1842.73,1849.41,1856.02,1857.75,1850.35,1845.17,1860.98,1874.31,1883.05,1888.36,1886.60,1886.55,1896.44,1906.23,1910.06,1909.30,1903.23,1896.02,1890.76,1882.23,1871.77,1862.89,1851.33,1844.64,1839.32,1833.14,1831.21,1831.76,1831.58,1832.38,1833.75,1835.48,1835.79,1833.48,1832.92,1834.03,1834.80,1833.21,1829.49,1826.69,1825.36,1823.14,1821.26,1818.21,1813.94,1808.76,1799.49,1785.61,1778.09,1783.91,1791.34,1795.48,1796.58,1791.76,1781.65,1767.86,1745.86,1715.84,1710.38,1726.11,1729.84,1725.16,1713.84,1694.74,1676.37,1674.94,1671.47,1672.84,1669.37,1657.20,1645.00,1625.55,1603.68,1580.60,1558.50,1552.16,1549.34,1541.06,1557.93,1576.40,1589.59,1594.86,1597.14,1598.24,1591.98,1573.70,1553.48,1533.95,1511.13,1495.48,1477.09,1460.47,1461.24,1465.66,1467.42,1465.26,1460.11,1457.34,1459.18,1455.31,1453.48,1463.93,1470.93,1469.21,1468.15,1472.46,1477.82,1483.07,1485.45,1484.59,1479.14,1469.41,1461.94,1453.14,1434.37,1409.63,1405.13,1402.18,1398.12,1390.69,1375.88,1364.91,1356.97,1343.99,1334.72,1327.47,1315.72,1304.30,1293.64,1279.37,1266.02,1255.13,1247.02,1238.70,1232.12,1224.61,1215.23,1207.80,1198.80,1191.48,1185.93,1182.58,1179.01,1174.08,1168.85,1158.10,1143.31,1136.67,1133.32,1128.12,1119.96,1115.41,1107.47,1088.26,1065.90,1046.53,1028.76,1011.98,997.71,992.94,990.26,986.14,980.61,975.91,971.49,967.16,962.45,958.39,954.75,950.50,948.66,946.49,944.17,940.91,936.84,932.30,929.15,929.75,936.91,941.19,941.27,942.89,947.64,948.79,944.03,936.59,922.50,908.96,900.87,895.71,889.53,883.31,887.49,903.62,910.99,911.91,910.12,907.92,900.06,895.20,894.52,896.95,899.29,901.86,906.76,914.03,911.79,903.17,886.70,870.75,865.34,859.47,852.27,845.89,840.60,835.04,827.65,818.74,823.64,838.13,840.31,826.53,813.50,808.69,805.75,805.20,806.11,806.82,807.93,811.28,825.13,837.96,844.44,842.68,835.95,830.29,822.58,823.89,831.49,843.38,851.32,856.16,860.09
1760.94,1772.60,1780.99,1787.39,1794.19,1803.88,1815.83,1827.11,1837.54,1848.21,1857.63,1864.31,1863.03,1860.20,1864.27,1870.19,1874.46,1871.19,1861.63,1870.95,1884.47,1896.89,1904.15,1905.08,1899.64,1906.38,1912.89,1914.44,1911.67,1905.14,1898.48,1892.96,1885.42,1876.58,1867.17,1854.25,1846.09,1840.96,1834.24,1829.31,1828.82,1828.10,1829.11,1831.09,1833.27,1835.51,1836.55,1836.83,1839.00,1840.22,1839.76,1836.91,1831.58,1828.26,1825.73,1822.97,1819.39,1813.64,1807.75,1800.66,1793.09,1785.56,1790.60,1796.97,1799.13,1799.26,1795.90,1783.60,1767.06,1744.84,1717.98,1721.31,1742.00,1746.85,1739.27,1721.66,1708.42,1698.95,1700.81,1696.93,1691.35,1681.30,1666.84,1653.81,1633.70,1606.86,1582.77,1570.54,1574.18,1565.69,1553.10,1569.52,1589.73,1599.05,1605.48,1609.91,1609.79,1602.68,1586.52,1565.11,1547.89,1526.26,1505.87,1484.27,1476.69,1481.22,1487.01,1489.34,1486.31,1480.69,1479.19,1480.12,1474.42,1473.08,1483.23,1489.02,1490.10,1490.39,1490.99,1492.51,1493.01,1493.36,1491.30,1486.27,1479.60,1472.63,1462.71,1448.13,1432.05,1426.63,1419.68,1415.50,1403.74,1389.38,1376.30,1360.77,1340.54,1329.49,1320.29,1310.60,1299.47,1288.44,1275.24,1261.65,1250.15,1242.06,1237.43,1230.33,1222.02,1213.37,1205.39,1197.04,1189.31,1178.92,1170.94,1165.40,1160.65,1153.42,1145.25,1131.68,1119.64,1117.99,1115.81,1109.62,1105.21,1096.45,1077.47,1058.64,1039.39,1019.12,1006.60,1001.59,997.14,992.90,988.19,981.66,975.62,970.31,966.31,962.14,958.20,955.09,952.22,949.54,946.98,944.43,941.70,939.97,936.77,932.73,932.67,939.03,942.78,945.07,947.48,950.33,948.73,940.94,929.07,917.56,913.04,910.26,901.57,891.00,881.64,885.21,897.75,900.58,896.03,890.20,889.88,891.59,890.61,894.63,899.60,906.47,913.80,918.09,920.20,916.33,904.94,890.35,878.70,872.01,864.58,857.24,849.27,842.78,835.97,828.75,820.10,817.39,830.64,836.99,824.58,812.67,807.31,804.02,803.28,804.43,805.67,806.68,809.29,823.03,837.25,842.83,839.96,829.76,822.63,819.05,823.12,829.94,836.70,841.69,846.25,858.25
1757.50,1769.95,1783.42,1793.38,1804.27,1816.10,1826.86,1837.15,1848.64,1862.11,1874.89,1882.26,1884.17,1880.62,1882.08,1888.66,1893.53,1890.74,1879.34,1884.33,1899.47,1910.73,1918.41,1921.44,1916.75,1916.02,1918.64,1918.43,1912.71,1905.69,1899.46,1893.85,1887.99,1881.82,1874.29,1862.73,1848.54,1843.42,1836.58,1829.68,1827.29,1826.32,1827.44,1829.01,1832.09,1836.15,1838.88,1840.86,1842.59,1842.73,1841.70,1840.53,1836.20,1830.91,1827.00,1822.91,1818.85,1812.19,1804.78,1799.20,1795.56,1791.79,1793.78,1798.02,1799.54,1799.37,1796.59,1784.04,1765.95,1743.62,1723.56,1732.22,1748.94,1755.12,1745.73,1734.43,1725.38,1722.94,1720.10,1712.02,1702.29,1689.75,1671.73,1658.26,1636.64,1608.78,1593.10,1596.06,1594.00,1578.95,1567.52,1585.69,1599.34,1608.16,1616.46,1619.60,1615.18,1605.70,1590.54,1571.85,1554.68,1531.65,1509.05,1500.54,1504.02,1506.09,1510.35,1511.77,1505.64,1499.04,1500.66,1502.71,1499.74,1499.98,1503.82,1504.41,1503.51,1504.14,1503.33,1500.94,1500.11,1499.76,1496.76,1490.91,1485.06,1479.57,1470.38,1459.67,1450.64,1440.83,1430.03,1421.32,1409.28,1393.71,1377.35,1358.79,1338.82,1327.36,1312.53,1301.23,1291.40,1278.26,1266.47,1255.36,1250.09,1246.28,1240.69,1230.30,1218.85,1206.36,1197.34,1190.79,1181.59,1165.95,1153.72,1147.07,1141.00,1131.11,1125.41,1115.88,1105.18,1103.04,1102.42,1095.83,1085.55,1076.13,1062.26,1046.22,1027.29,1014.48,1011.06,1005.04,998.26,993.42,987.88,980.83,975.31,970.70,967.02,962.53,959.88,959.77,957.53,951.97,949.96,947.78,944.73,942.59,939.54,935.60,934.34,938.53,941.98,944.55,946.34,949.31,943.44,931.45,922.03,916.64,921.40,917.67,905.83,890.24,880.26,880.91,883.88,883.18,878.02,873.71,873.86,878.70,885.55,895.60,905.66,914.06,920.20,922.37,922.70,919.65,907.13,897.38,892.14,879.56,868.01,860.68,851.70,842.72,835.41,828.82,822.37,815.05,817.19,828.80,824.85,814.39,806.95,802.91,801.69,802.07,803.61,805.21,807.94,818.50,833.99,840.68,836.53,826.77,819.27,817.09,820.77,826.40,831.11,835.28,841.13,855.96
1759.29,1766.00,1783.15,1798.82,1814.77,1828.19,1839.56,1850.96,1863.63,1877.78,1890.80,1900.36,1903.09,1901.41,1902.12,1905.97,1907.75,1905.26,1897.75,1902.73,1912.12,1922.86,1929.48,1930.52,1926.28,1923.59,1923.12,1921.26,1915.01,1906.15,1899.03,1893.67,1888.67,1883.41,1877.53,1870.48,1856.25,1848.68,1839.49,1830.80,1827.37,1824.94,1825.79,1828.48,1833.81,1839.68,1842.30,1844.50,1845.16,1844.37,1842.59,1840.78,1837.28,1832.03,1827.30,1822.84,1817.70,1810.22,1801.20,1797.48,1795.06,1793.22,1793.55,1796.51,1798.35,1798.82,1795.70,1786.30,1770.12,1747.73,1730.83,1745.25,1758.87,1761.45,1753.50,1748.43,1744.42,1738.88,1730.08,1720.62,1710.40,1695.19,1674.13,1656.89,1631.94,1614.29,1614.77,1613.49,1604.06,1589.63,1583.91,1599.32,1609.23,1617.66,1624.71,1622.92,1613.16,1599.46,1583.13,1565.35,1548.09,1530.08,1522.97,1526.26,1528.20,1529.16,1531.76,1532.28,1528.68,1522.72,1524.31,1526.01,1521.19,1519.54,1521.33,1519.22,1515.94,1513.07,1507.80,1502.77,1502.89,1503.60,1500.27,1493.33,1486.86,1481.11,1473.23,1463.13,1451.91,1437.57,1422.73,1415.07,1405.97,1389.22,1373.33,1355.56,1337.72,1330.44,1316.12,1300.97,1288.83,1275.01,1264.59,1256.75,1251.88,1245.07,1236.27,1224.57,1211.42,1196.86,1186.93,1180.78,1171.65,1155.70,1142.71,1129.99,1119.76,1109.30,1105.61,1100.53,1090.14,1083.84,1082.32,1076.22,1066.07,1056.88,1045.61,1032.89,1021.68,1018.24,1013.15,1006.22,999.60,994.49,987.52,981.40,976.98,973.15,969.50,966.71,964.80,962.86,959.72,954.86,952.29,949.93,947.06,944.18,941.37,938.87,937.05,938.09,941.01,942.87,942.65,942.30,935.36,925.42,917.99,918.66,923.99,920.03,907.27,890.89,881.63,879.18,877.26,875.83,873.70,870.84,868.86,869.60,880.11,889.49,899.37,909.24,919.44,922.58,924.93,922.76,914.93,908.86,902.79,891.62,877.00,863.99,852.76,844.01,837.49,830.14,823.51,815.23,811.11,818.92,821.92,814.57,806.67,802.00,800.56,800.19,801.85,802.76,805.74,813.74,827.25,831.29,828.27,822.08,815.95,815.84,819.35,822.07,826.16,828.48,833.08,846.59
