1573.15,1574.58,1576.13,1578.11,1580.38,1582.13,1583.84,1585.60,1587.37,1589.03,1590.29,1590.98,1590.92,1590.72,1590.33,1590.04,1590.47,1591.63,1592.72,1593.03,1591.99,1590.89,1591.09,1589.88,1586.33,1586.99,1592.07,1599.00,1602.70,1605.72,1608.94,1611.04,1612.37,1613.81,1616.38,1618.40,1619.54,1620.22,1620.65,1621.02,1621.39,1621.74,1622.15,1622.48,1622.30,1621.94,1621.59,1621.14,1620.60,1620.76,1623.52,1626.64,1630.22,1636.41,1645.87,1658.18,1672.06,1683.38,1698.58,1707.64,1717.24,1722.92,1726.78,1730.28,1732.99,1732.28,1730.26,1730.38,1732.00,1733.84,1736.88,1741.54,1748.66,1755.52,1759.16,1760.47,1764.20,1769.88,1779.65,1791.42,1804.72,1820.97,1835.60,1850.65,1868.16,1888.01,1905.10,1922.58,1943.65,1964.52,1987.96,2008.38,2028.53,2043.64,2059.24,2078.40,2098.20,2111.91,2123.30,2132.40,2139.81,2148.35,2158.07,2167.23,2179.74,2192.13,2204.16,2221.38,2238.68,2256.74,2277.66,2295.16,2315.22,2335.60,2352.30,2369.41,2387.40,2400.78,2423.99,2440.63,2451.88,2460.61,2469.18,2475.12,2476.13,2471.86,2464.22,2460.43,2459.07,2459.22,2457.88,2450.11,2434.09,2412.24,2389.32,2362.77,2340.24,2321.78,2302.43,2284.85,2267.18,2247.78,2226.17,2205.39,2189.86,2175.12,2157.60,2142.70,2128.36,2115.39,2105.78,2095.47,2086.59,2077.99,2069.32,2062.70,2057.60,2052.18,2053.13,2054.88,2055.57,2056.88,2061.35,2070.93,2082.76,2095.20,2107.41,2117.58,2125.08,2127.71,2127.43,2125.21,2122.40,2119.20,2113.60,2103.64,2090.68,2076.16,2065.12,2054.49,2041.82,2032.85,2027.04,2020.12,2014.94,2014.00,2012.71,2008.95,2003.86,2000.15,1998.38,1996.60,1996.46,1997.26,1999.49,2002.70,2006.31,2009.69,2015.94,2024.34,2033.32,2042.80,2055.94,2068.88,2077.33,2088.08,2095.78,2105.03,2115.74,2123.20,2129.27,2131.41,2131.43,2129.51,2124.42,2117.98,2110.41,2100.31,2088.60,2076.43,2067.31,2057.87,2049.60,2045.08,2047.50,2052.89,2059.53,2066.23,2073.55,2080.56,2085.27,2087.58,2088.23,2089.35,2091.16,2091.21,2090.57,2091.34,2092.09,2091.82,2091.73,2092.07,2092.76,2092.43,2081.08,2065.99,2046.38,2029.88,2016.40,1995.64,1972.28,1947.91,1930.97,1918.76,1909.14,1884.37
1570.71,1572.31,1574.37,1576.91,1579.54,1581.54,1583.47,1585.50,1587.47,1589.34,1590.67,1591.77,1592.09,1591.86,1591.63,1591.99,1592.34,1593.33,1594.68,1595.47,1595.30,1595.93,1596.63,1595.33,1590.90,1587.68,1588.91,1593.33,1599.27,1602.92,1605.93,1608.92,1610.74,1612.35,1615.08,1618.05,1620.02,1620.59,1621.11,1621.52,1621.89,1622.28,1622.69,1623.01,1622.92,1622.65,1622.39,1622.02,1621.65,1621.58,1623.87,1626.93,1629.82,1635.56,1643.31,1653.64,1667.48,1675.08,1688.11,1703.91,1715.14,1722.16,1726.38,1730.48,1733.78,1734.61,1733.35,1733.94,1735.25,1736.82,1738.78,1744.26,1753.74,1766.64,1774.47,1771.19,1766.77,1771.23,1779.89,1791.27,1804.63,1821.58,1836.48,1851.43,1870.37,1889.56,1906.40,1927.76,1949.42,1970.97,1991.87,2012.99,2034.08,2047.32,2061.85,2077.75,2095.36,2108.93,2120.94,2131.40,2139.30,2146.56,2154.29,2162.54,2172.76,2183.76,2197.01,2213.88,2229.62,2247.59,2268.45,2286.20,2305.18,2324.65,2340.39,2355.79,2373.90,2390.42,2405.85,2422.44,2434.96,2443.89,2451.47,2457.70,2461.38,2458.93,2452.87,2448.81,2446.20,2445.45,2445.39,2438.26,2423.38,2405.21,2382.33,2357.91,2336.87,2318.43,2297.53,2281.11,2263.81,2241.85,2219.31,2199.24,2183.69,2167.93,2148.24,2134.37,2120.00,2104.45,2095.28,2087.08,2078.82,2070.01,2062.86,2056.58,2051.49,2044.16,2045.47,2047.52,2047.92,2047.82,2050.58,2058.04,2068.52,2080.83,2091.70,2100.64,2109.00,2112.63,2113.01,2112.13,2109.95,2105.97,2099.62,2088.99,2074.64,2061.93,2052.36,2042.08,2030.54,2020.76,2015.76,2011.55,2007.15,2006.03,2004.66,2000.72,1997.14,1995.13,1994.43,1994.41,1995.52,1996.77,1999.68,2002.78,2005.37,2008.29,2013.29,2022.25,2031.57,2040.77,2054.80,2068.70,2077.80,2088.32,2096.66,2107.03,2116.18,2122.70,2128.07,2130.79,2130.51,2127.48,2122.51,2116.09,2108.16,2097.07,2085.02,2073.47,2062.36,2053.98,2044.84,2037.41,2037.57,2042.87,2049.18,2056.29,2063.18,2068.26,2072.75,2076.60,2081.32,2084.68,2087.19,2089.68,2090.83,2091.61,2092.54,2094.18,2095.08,2095.60,2099.05,2102.59,2094.65,2071.36,2055.47,2033.54,2017.26,1995.75,1972.95,1956.55,1944.94,1934.07,1911.80,1883.77
1566.98,1570.87,1573.78,1576.76,1579.45,1581.38,1583.28,1585.28,1587.33,1589.35,1590.81,1592.01,1592.97,1593.00,1592.92,1593.51,1594.02,1595.01,1596.39,1597.69,1598.45,1599.65,1600.65,1599.96,1596.70,1592.20,1590.64,1591.02,1593.97,1598.69,1601.87,1604.31,1607.33,1610.44,1613.78,1617.59,1620.22,1620.71,1621.20,1621.68,1622.14,1622.60,1623.05,1623.46,1623.52,1623.41,1623.31,1623.04,1622.73,1622.57,1624.25,1626.95,1629.41,1634.49,1641.03,1648.77,1660.42,1669.63,1676.20,1692.51,1708.46,1719.81,1725.26,1730.22,1733.62,1736.35,1737.12,1737.88,1739.12,1740.65,1743.72,1749.93,1761.24,1778.18,1783.87,1780.84,1771.91,1772.68,1779.52,1790.94,1805.11,1821.80,1839.16,1854.97,1874.76,1891.56,1908.46,1931.32,1951.32,1971.89,1991.44,2011.61,2030.70,2043.50,2056.42,2070.90,2085.77,2099.85,2111.88,2124.60,2134.03,2141.47,2147.28,2155.02,2164.91,2175.58,2189.66,2205.47,2220.90,2238.26,2258.04,2276.41,2294.50,2312.49,2328.10,2345.39,2361.97,2379.44,2392.41,2402.28,2414.36,2425.51,2433.33,2440.67,2444.58,2443.06,2437.44,2431.44,2426.84,2424.18,2422.20,2415.56,2405.81,2392.31,2372.84,2350.81,2331.40,2313.00,2292.32,2276.15,2258.70,2238.10,2213.61,2191.92,2176.09,2160.11,2142.58,2127.32,2114.11,2099.45,2087.47,2077.05,2070.43,2063.71,2056.86,2050.04,2044.99,2038.55,2039.00,2041.09,2040.26,2038.60,2039.55,2046.64,2054.70,2064.41,2076.12,2085.77,2092.14,2096.39,2098.51,2098.32,2096.03,2092.32,2085.02,2073.49,2059.43,2045.76,2037.67,2029.82,2020.36,2012.18,2007.79,2003.67,1999.58,1997.09,1994.33,1993.45,1993.39,1996.79,1997.68,1999.89,2001.59,2003.10,2005.14,2008.00,2008.55,2009.82,2013.24,2021.00,2030.36,2040.28,2055.01,2068.73,2078.55,2088.02,2097.20,2108.03,2115.95,2121.78,2126.19,2129.79,2129.60,2125.55,2120.43,2113.41,2104.86,2093.24,2081.78,2070.69,2058.18,2049.30,2038.14,2029.71,2026.91,2029.57,2035.92,2043.70,2052.37,2059.45,2064.94,2068.12,2073.81,2079.88,2083.50,2086.79,2089.32,2090.61,2091.56,2093.72,2096.22,2098.25,2101.27,2103.20,2096.43,2076.33,2062.16,2036.88,2013.38,1993.89,1979.22,1968.54,1956.10,1942.35,1916.05,1896.75
1565.78,1571.36,1574.74,1578.07,1580.61,1582.18,1583.75,1585.42,1587.15,1589.09,1590.89,1592.29,1593.44,1594.11,1594.33,1595.04,1595.68,1596.68,1598.05,1599.39,1600.70,1601.72,1602.61,1602.15,1601.31,1599.53,1596.98,1595.02,1593.68,1594.24,1596.41,1598.77,1601.89,1605.59,1609.28,1613.99,1619.18,1620.36,1620.79,1621.24,1621.72,1622.23,1622.76,1623.34,1624.01,1624.35,1624.24,1623.98,1623.76,1623.66,1624.53,1626.86,1629.37,1633.94,1638.97,1644.57,1652.20,1663.00,1670.97,1678.61,1697.35,1715.33,1725.17,1730.55,1733.95,1737.09,1739.18,1742.22,1746.03,1748.97,1752.44,1758.81,1767.89,1782.55,1788.92,1786.99,1778.86,1776.80,1781.99,1791.18,1804.38,1822.96,1842.75,1859.82,1878.08,1894.19,1911.88,1931.42,1950.38,1969.43,1988.11,2006.13,2021.20,2034.12,2046.29,2060.20,2071.75,2084.39,2097.53,2110.56,2123.05,2132.24,2139.57,2148.12,2157.01,2167.00,2181.10,2195.57,2211.40,2229.67,2247.69,2266.46,2282.50,2300.94,2315.22,2332.12,2349.05,2364.36,2378.60,2387.14,2398.03,2408.50,2416.90,2423.36,2427.79,2424.86,2418.53,2411.59,2405.69,2401.92,2398.23,2393.39,2385.94,2375.63,2359.42,2339.95,2323.55,2305.09,2285.46,2266.35,2249.31,2229.77,2205.65,2185.06,2169.76,2153.16,2137.38,2122.13,2108.88,2094.86,2084.60,2073.12,2063.14,2053.22,2048.62,2042.75,2038.37,2034.24,2032.45,2034.29,2033.58,2032.01,2030.97,2036.08,2044.73,2051.72,2059.84,2069.73,2077.27,2081.75,2084.60,2084.66,2082.97,2079.36,2072.05,2062.10,2046.35,2032.51,2024.93,2018.75,2011.24,2004.36,1999.48,1995.02,1991.23,1989.99,1991.04,1995.11,2000.57,2007.63,2009.03,2011.02,2012.74,2014.84,2016.16,2015.30,2014.13,2013.36,2016.86,2023.36,2031.84,2042.52,2057.02,2069.05,2079.49,2088.24,2097.57,2108.18,2115.48,2120.88,2125.09,2128.57,2127.17,2123.22,2117.73,2110.07,2101.07,2088.88,2077.29,2066.31,2054.70,2043.71,2033.49,2025.94,2022.44,2022.75,2024.62,2030.91,2040.87,2049.51,2058.64,2064.08,2068.30,2074.07,2079.43,2082.97,2085.56,2088.45,2090.47,2092.66,2095.09,2097.07,2098.03,2098.22,2091.80,2079.41,2066.84,2048.51,2022.85,2003.40,1988.59,1977.57,1964.45,1944.70,1924.63,1918.08
1565.51,1571.38,1574.85,1578.53,1581.31,1583.16,1584.91,1586.56,1588.08,1589.61,1591.08,1592.52,1593.72,1594.69,1595.42,1596.23,1597.01,1598.00,1598.98,1599.93,1601.44,1603.01,1604.42,1604.59,1603.77,1603.17,1602.21,1599.74,1598.34,1597.51,1597.30,1596.91,1597.81,1600.88,1604.54,1608.94,1614.93,1619.06,1620.35,1620.80,1621.22,1621.73,1622.23,1622.89,1623.80,1624.88,1625.25,1625.07,1624.88,1624.82,1625.15,1627.00,1629.45,1633.33,1637.09,1640.95,1646.30,1656.68,1667.54,1674.34,1683.95,1710.29,1724.79,1731.83,1735.10,1737.75,1740.66,1746.59,1751.90,1756.12,1761.06,1766.47,1774.15,1785.26,1791.70,1792.23,1787.56,1783.84,1788.52,1795.94,1807.15,1825.21,1843.87,1862.18,1879.10,1895.75,1912.89,1930.25,1945.90,1964.11,1981.07,1997.90,2011.46,2022.26,2034.88,2047.13,2057.93,2065.51,2075.38,2090.53,2108.88,2121.85,2130.90,2138.66,2147.06,2157.28,2172.15,2187.40,2202.66,2222.26,2238.77,2255.03,2272.81,2291.38,2307.50,2321.47,2337.55,2353.23,2363.36,2373.78,2385.30,2394.45,2401.58,2407.72,2411.31,2407.49,2398.13,2389.09,2385.20,2382.47,2377.41,2370.51,2363.92,2354.58,2335.93,2324.81,2311.74,2291.87,2271.27,2252.52,2234.63,2217.32,2196.99,2179.52,2163.79,2145.89,2130.31,2114.12,2099.50,2088.30,2077.68,2068.18,2060.53,2049.10,2041.56,2037.77,2034.21,2030.38,2025.59,2025.98,2025.48,2024.04,2022.94,2024.80,2032.24,2041.22,2048.74,2056.00,2062.74,2067.32,2069.70,2070.16,2068.62,2065.80,2059.41,2047.94,2033.41,2021.34,2012.71,2007.18,2001.59,1997.18,1993.47,1988.36,1987.87,1992.15,2000.27,2007.76,2016.01,2020.68,2021.90,2023.09,2024.86,2025.88,2025.73,2023.77,2019.87,2017.13,2020.03,2027.13,2034.54,2045.03,2058.85,2069.15,2079.75,2088.98,2098.26,2107.97,2114.82,2120.27,2124.25,2127.24,2125.10,2121.42,2114.68,2106.71,2096.91,2084.31,2072.56,2063.13,2052.46,2041.04,2030.74,2025.10,2021.65,2021.17,2021.38,2023.50,2031.79,2042.61,2052.02,2060.67,2065.28,2069.30,2073.95,2078.09,2081.28,2084.61,2087.96,2090.87,2092.72,2091.30,2089.69,2089.95,2086.10,2081.12,2072.04,2061.42,2045.84,2027.93,2004.34,1987.15,1966.91,1948.38,1940.27,1938.60
1562.63,1568.19,1572.71,1576.56,1579.91,1582.23,1584.38,1587.07,1589.26,1590.52,1591.49,1592.45,1593.16,1593.92,1594.82,1595.71,1596.60,1597.54,1598.48,1599.51,1601.21,1603.29,1605.18,1606.51,1606.93,1607.23,1607.74,1606.80,1605.48,1604.55,1603.81,1601.83,1599.25,1598.69,1600.34,1603.97,1609.63,1614.65,1618.79,1620.32,1620.67,1621.13,1621.71,1622.49,1623.48,1624.74,1626.10,1626.16,1626.01,1625.96,1626.15,1627.30,1629.43,1632.06,1635.40,1638.37,1643.89,1654.29,1665.52,1674.13,1682.01,1707.41,1724.02,1732.39,1736.52,1739.30,1743.38,1749.21,1754.38,1759.52,1765.98,1771.70,1778.72,1786.79,1792.30,1795.46,1795.11,1795.08,1800.29,1807.84,1816.95,1829.58,1843.63,1860.61,1878.43,1894.48,1910.58,1926.91,1940.88,1958.38,1973.25,1986.36,1998.77,2008.73,2021.43,2033.84,2043.12,2049.35,2057.04,2069.88,2088.71,2107.11,2120.18,2128.64,2136.79,2147.10,2161.59,2179.71,2194.25,2213.43,2232.03,2248.28,2268.25,2286.19,2303.68,2317.26,2331.99,2342.10,2350.57,2360.43,2370.53,2378.09,2385.33,2392.09,2395.79,2391.90,2381.25,2373.29,2368.94,2362.37,2355.15,2350.34,2343.93,2334.01,2318.81,2302.40,2294.22,2274.79,2255.36,2236.41,2217.61,2203.20,2188.61,2173.36,2156.19,2139.16,2122.35,2105.31,2091.22,2079.49,2067.65,2060.23,2054.26,2045.86,2037.99,2034.36,2030.90,2025.85,2020.56,2017.86,2017.77,2015.61,2015.21,2015.99,2019.97,2026.56,2033.81,2040.06,2045.87,2051.14,2054.84,2057.26,2056.30,2050.12,2042.93,2033.11,2021.01,2009.67,2001.65,1997.29,1994.27,1989.64,1986.36,1986.24,1994.46,2004.45,2014.64,2025.21,2031.86,2034.52,2035.08,2035.24,2035.28,2035.25,2034.97,2032.84,2028.02,2022.15,2023.02,2030.04,2036.60,2046.38,2059.60,2068.82,2079.53,2089.59,2099.25,2107.44,2113.98,2119.45,2123.42,2126.18,2123.68,2119.59,2112.23,2104.50,2093.99,2081.85,2069.28,2059.53,2050.42,2038.19,2027.77,2022.85,2021.35,2021.11,2021.11,2021.92,2026.23,2036.73,2047.69,2056.74,2062.41,2065.94,2068.86,2071.94,2076.06,2081.17,2084.78,2087.63,2088.45,2087.14,2085.73,2084.82,2081.90,2079.04,2075.77,2070.26,2061.51,2045.99,2024.80,2003.84,1978.37,1963.41,1962.18,1963.27
1555.55,1559.97,1565.30,1572.33,1576.29,1579.44,1581.52,1584.53,1587.90,1590.19,1591.10,1591.55,1592.20,1592.94,1593.85,1594.79,1595.69,1596.69,1597.98,1599.61,1601.49,1603.77,1605.61,1607.18,1608.70,1610.04,1611.61,1611.90,1611.57,1611.33,1610.47,1608.58,1605.91,1603.60,1601.71,1601.78,1604.92,1609.78,1614.21,1618.05,1619.96,1620.55,1621.24,1622.10,1622.95,1624.55,1626.29,1627.24,1627.13,1627.09,1627.28,1627.75,1629.24,1631.58,1634.98,1638.47,1646.18,1656.70,1667.86,1676.42,1688.31,1708.26,1724.00,1732.80,1737.92,1742.22,1746.71,1751.35,1755.68,1760.68,1769.09,1775.11,1781.15,1787.47,1792.36,1796.40,1800.23,1804.07,1810.01,1817.20,1825.15,1836.43,1846.76,1860.52,1876.93,1891.10,1905.61,1921.72,1935.40,1952.80,1967.00,1977.45,1987.44,1996.60,2008.71,2019.31,2026.79,2032.40,2041.14,2056.43,2073.31,2089.09,2104.06,2114.26,2124.81,2137.21,2152.40,2171.69,2188.47,2209.80,2230.19,2248.94,2268.47,2283.23,2298.57,2313.02,2324.52,2331.02,2335.36,2344.97,2352.20,2358.11,2366.07,2375.56,2381.06,2377.80,2366.57,2358.05,2350.70,2341.57,2333.59,2327.48,2320.53,2312.87,2300.53,2282.29,2270.23,2259.26,2242.35,2223.99,2201.75,2189.08,2178.85,2163.71,2147.63,2131.61,2114.45,2097.78,2084.93,2072.71,2061.49,2052.00,2046.16,2039.26,2033.04,2029.17,2026.56,2020.68,2014.95,2011.70,2012.39,2008.65,2006.93,2007.25,2010.24,2013.89,2018.15,2023.25,2028.43,2032.79,2036.87,2039.39,2038.42,2035.23,2030.36,2020.42,2009.67,2000.73,1994.48,1990.47,1986.63,1981.92,1985.80,1993.33,2005.69,2016.93,2028.71,2038.54,2044.09,2047.74,2048.56,2048.64,2047.80,2046.38,2045.50,2042.93,2038.36,2032.41,2028.13,2032.84,2039.41,2047.64,2060.22,2069.36,2079.23,2089.23,2099.55,2106.53,2112.33,2118.25,2122.61,2125.11,2122.70,2118.33,2111.18,2103.43,2091.68,2078.64,2066.22,2055.91,2046.90,2035.93,2030.92,2029.30,2025.42,2023.32,2022.05,2022.30,2025.08,2030.66,2042.25,2051.89,2058.78,2062.59,2065.41,2067.62,2070.85,2076.80,2081.16,2083.17,2083.55,2082.91,2081.99,2081.08,2079.20,2077.00,2076.68,2073.79,2070.38,2057.46,2040.88,2020.11,2008.79,1994.25,1986.36,1986.84
1549.80,1554.78,1558.20,1564.39,1570.56,1574.23,1576.79,1579.54,1582.64,1586.24,1589.13,1590.53,1591.22,1592.01,1592.93,1593.86,1595.01,1596.62,1598.44,1600.45,1602.30,1604.26,1606.06,1607.65,1609.27,1611.14,1613.25,1614.88,1615.36,1615.60,1615.05,1613.48,1612.12,1610.68,1608.66,1606.86,1604.58,1605.71,1608.70,1611.70,1615.74,1619.33,1620.70,1621.45,1622.62,1624.34,1626.26,1628.09,1628.24,1628.24,1628.49,1628.87,1629.49,1631.97,1635.81,1640.50,1650.62,1661.43,1672.09,1684.79,1704.21,1714.09,1724.94,1732.90,1738.57,1743.52,1748.22,1752.25,1755.70,1759.75,1769.17,1775.59,1781.37,1787.41,1792.31,1796.40,1800.64,1806.05,1812.62,1820.48,1828.28,1840.88,1854.19,1865.51,1876.97,1888.46,1902.11,1916.18,1927.01,1942.54,1957.39,1967.22,1978.06,1986.53,1994.63,2001.81,2009.52,2018.21,2029.11,2043.62,2059.36,2073.07,2086.27,2098.12,2110.97,2128.80,2146.54,2166.18,2185.90,2208.48,2227.69,2248.18,2266.05,2277.85,2289.14,2302.23,2312.78,2318.47,2321.44,2328.62,2335.09,2341.21,2348.86,2357.56,2363.59,2360.08,2348.97,2339.41,2332.53,2321.57,2312.61,2305.34,2298.15,2291.80,2281.31,2264.89,2248.24,2240.87,2228.36,2209.16,2191.77,2179.09,2161.72,2146.62,2135.07,2120.89,2103.43,2090.71,2075.13,2063.54,2052.51,2042.37,2036.49,2032.00,2026.16,2021.72,2018.74,2015.61,2010.04,2007.48,2007.31,2003.06,1999.72,1998.05,1999.26,2001.01,2002.74,2006.27,2011.15,2016.08,2019.25,2021.00,2021.13,2019.94,2015.70,2006.70,1998.74,1993.07,1988.23,1984.58,1980.17,1980.89,1989.28,2001.69,2015.24,2027.38,2039.34,2049.14,2056.91,2061.70,2063.10,2062.98,2060.59,2058.13,2055.49,2051.83,2047.53,2042.55,2037.00,2036.47,2042.43,2049.46,2061.52,2070.14,2078.31,2088.36,2098.93,2105.29,2110.23,2116.87,2121.74,2124.13,2122.14,2117.85,2110.54,2102.99,2090.22,2076.24,2063.20,2053.24,2044.47,2043.55,2047.58,2049.03,2047.24,2043.87,2036.90,2030.35,2027.91,2028.39,2034.23,2045.18,2053.09,2058.89,2062.41,2065.07,2067.87,2071.30,2075.71,2078.01,2078.36,2078.15,2077.99,2077.62,2076.48,2074.70,2074.85,2074.43,2072.06,2067.55,2056.66,2039.92,2025.27,2017.06,2010.40,2009.84
1548.00,1551.57,1554.04,1556.88,1559.53,1564.47,1569.11,1571.60,1574.24,1578.35,1583.28,1587.22,1589.98,1591.04,1591.90,1592.91,1594.61,1596.55,1598.84,1600.98,1603.02,1604.96,1606.74,1608.43,1609.98,1611.65,1613.79,1616.38,1618.64,1619.44,1619.11,1617.52,1616.01,1616.10,1615.70,1614.01,1610.79,1608.26,1607.05,1607.97,1610.89,1615.82,1619.65,1620.84,1622.32,1624.28,1626.77,1628.78,1629.21,1629.51,1630.12,1630.73,1631.37,1633.48,1637.21,1643.38,1654.35,1666.24,1676.30,1698.60,1710.62,1719.98,1726.50,1732.86,1737.88,1742.28,1746.70,1750.89,1754.38,1757.88,1764.92,1772.66,1779.18,1785.68,1791.19,1794.98,1798.78,1803.35,1808.25,1816.56,1825.51,1838.03,1854.10,1864.62,1872.28,1881.66,1894.22,1906.75,1915.89,1926.21,1941.04,1952.63,1963.83,1974.30,1980.85,1985.68,1992.10,2006.47,2018.98,2029.87,2042.79,2057.14,2068.74,2082.25,2099.84,2120.77,2140.14,2159.04,2180.20,2199.85,2218.21,2239.98,2259.18,2270.13,2279.53,2288.33,2297.30,2303.05,2306.85,2313.95,2319.02,2323.60,2330.85,2337.98,2344.65,2344.88,2335.09,2323.08,2312.32,2300.11,2292.79,2283.89,2275.22,2271.97,2264.04,2249.68,2229.93,2220.19,2212.28,2197.70,2184.35,2169.32,2147.18,2132.75,2119.39,2105.59,2092.20,2081.95,2064.96,2052.08,2043.05,2035.14,2028.58,2023.35,2018.72,2016.26,2013.68,2010.69,2005.21,2001.57,2001.25,1998.01,1994.78,1992.40,1992.63,1993.25,1994.55,1996.20,1998.75,2002.05,2004.50,2006.41,2006.55,2005.18,2000.96,1995.25,1989.93,1983.86,1980.95,1979.47,1977.30,1979.50,1992.45,2007.71,2021.69,2035.49,2047.78,2060.16,2069.17,2075.33,2076.87,2075.56,2072.74,2069.38,2065.52,2060.22,2054.97,2050.25,2045.68,2043.34,2045.41,2053.78,2063.74,2071.43,2078.23,2088.03,2098.05,2103.84,2108.50,2115.03,2120.68,2123.03,2121.92,2117.96,2110.35,2102.81,2089.59,2075.25,2061.22,2051.45,2052.18,2058.92,2061.09,2061.46,2060.64,2058.68,2053.22,2043.34,2035.26,2030.48,2029.39,2035.86,2045.57,2053.35,2059.55,2062.95,2065.54,2067.89,2070.43,2072.53,2072.98,2073.11,2073.44,2073.52,2073.28,2072.09,2072.32,2072.90,2072.03,2070.46,2065.17,2057.46,2045.03,2036.81,2032.35,2026.51
1548.17,1548.76,1550.91,1553.16,1555.15,1558.26,1563.18,1565.47,1567.14,1569.45,1574.17,1579.96,1585.00,1588.59,1590.57,1591.98,1593.80,1596.73,1600.18,1602.06,1603.95,1605.68,1607.47,1609.24,1610.75,1612.13,1614.15,1617.04,1619.96,1621.26,1621.24,1620.46,1619.72,1620.85,1621.01,1620.33,1618.83,1615.09,1611.56,1610.41,1609.48,1612.51,1616.94,1619.99,1622.30,1624.84,1627.40,1629.43,1630.28,1631.31,1632.55,1633.49,1634.15,1635.24,1638.24,1645.12,1656.89,1670.17,1683.14,1707.59,1716.86,1723.00,1728.12,1732.49,1736.25,1739.33,1743.21,1748.29,1752.38,1755.40,1758.83,1765.54,1772.50,1780.57,1787.45,1791.84,1794.94,1798.05,1801.27,1806.01,1816.27,1826.75,1839.68,1852.65,1860.89,1867.89,1877.54,1891.02,1901.84,1912.67,1926.69,1937.79,1946.84,1957.63,1963.86,1965.32,1976.74,1993.41,2006.80,2016.95,2027.77,2040.91,2056.17,2072.43,2089.89,2109.64,2129.96,2146.80,2164.03,2187.09,2206.53,2224.58,2241.99,2256.91,2266.86,2275.01,2280.35,2285.41,2291.03,2297.73,2300.88,2305.22,2314.10,2321.55,2328.10,2330.66,2322.47,2305.20,2293.27,2283.12,2273.46,2263.85,2256.76,2253.78,2246.62,2234.77,2215.74,2202.92,2192.91,2186.72,2176.15,2158.16,2139.21,2126.48,2111.50,2096.08,2082.40,2070.18,2056.68,2044.57,2035.72,2028.52,2022.46,2017.60,2013.35,2010.40,2007.25,2004.55,2001.12,1997.30,1996.67,1993.76,1990.35,1987.38,1986.80,1986.63,1987.13,1988.72,1991.24,1993.16,1994.14,1994.75,1994.64,1993.35,1990.53,1985.96,1980.43,1977.06,1976.44,1975.42,1975.20,1980.48,1995.14,2010.87,2026.00,2040.64,2054.86,2067.58,2079.40,2088.58,2092.57,2091.26,2086.01,2081.41,2076.78,2071.27,2064.31,2057.71,2053.75,2052.38,2051.79,2059.10,2066.48,2072.75,2078.69,2087.52,2096.53,2102.57,2107.25,2112.97,2118.72,2121.66,2121.72,2118.25,2110.23,2102.55,2088.85,2074.19,2059.54,2056.83,2064.32,2069.86,2073.14,2074.38,2073.49,2070.64,2063.47,2052.90,2042.85,2035.22,2029.63,2029.18,2037.38,2047.83,2055.65,2060.69,2063.30,2065.70,2067.74,2068.78,2069.05,2068.95,2069.36,2069.65,2069.67,2069.53,2069.77,2070.38,2069.50,2068.24,2066.30,2063.15,2059.94,2054.80,2044.88,2030.29
1552.47,1551.28,1553.31,1554.79,1554.85,1556.53,1559.00,1560.83,1562.71,1565.07,1567.38,1570.25,1576.68,1580.95,1584.66,1588.38,1591.79,1593.74,1597.20,1601.56,1603.31,1605.16,1607.47,1609.50,1611.24,1612.72,1614.56,1617.50,1619.94,1621.69,1622.77,1622.27,1621.96,1622.59,1622.88,1622.30,1621.67,1619.87,1616.57,1614.31,1612.23,1611.73,1614.48,1619.38,1622.72,1625.52,1628.14,1630.32,1631.89,1633.26,1634.64,1636.09,1637.05,1637.77,1639.37,1646.48,1658.66,1672.04,1684.70,1711.23,1720.16,1724.03,1727.57,1730.63,1731.94,1733.31,1736.20,1741.33,1747.21,1751.23,1753.96,1758.13,1764.04,1772.71,1782.43,1787.12,1789.24,1789.07,1790.70,1794.96,1802.96,1811.98,1819.98,1833.35,1844.05,1852.11,1861.07,1874.00,1886.89,1899.19,1913.24,1925.29,1933.33,1942.75,1947.64,1949.25,1964.30,1978.59,1991.06,2001.58,2012.75,2028.01,2045.00,2061.97,2080.28,2097.31,2115.91,2137.14,2159.21,2181.86,2196.27,2212.12,2226.95,2238.42,2249.40,2256.36,2263.04,2268.80,2276.93,2281.67,2282.14,2286.51,2296.83,2304.76,2309.66,2310.84,2305.74,2293.93,2277.71,2264.27,2254.84,2246.98,2239.74,2233.84,2227.46,2218.45,2203.65,2184.78,2174.84,2166.66,2162.09,2146.89,2132.18,2117.43,2104.14,2093.50,2079.94,2064.12,2049.20,2041.12,2032.12,2023.57,2015.80,2011.83,2009.73,2003.35,1999.86,1998.30,1996.18,1993.50,1993.19,1990.26,1986.22,1982.66,1981.39,1980.43,1978.38,1977.52,1978.79,1980.83,1982.34,1983.18,1983.17,1982.57,1980.89,1977.37,1974.20,1972.54,1972.83,1972.38,1975.65,1982.64,1996.60,2011.77,2027.64,2043.22,2059.11,2072.52,2086.97,2097.21,2106.46,2106.38,2100.51,2093.77,2088.26,2081.78,2075.55,2069.34,2063.20,2060.69,2059.80,2063.07,2068.39,2073.61,2078.74,2086.19,2094.17,2100.95,2105.68,2110.54,2115.76,2119.86,2121.05,2118.60,2109.91,2101.20,2087.19,2073.00,2064.12,2069.47,2077.83,2083.49,2086.29,2086.55,2084.97,2080.27,2071.74,2059.61,2048.24,2038.68,2031.11,2027.55,2030.48,2041.94,2051.91,2057.81,2061.64,2064.10,2065.63,2066.48,2066.80,2066.19,2066.11,2066.45,2066.49,2066.59,2066.88,2066.89,2065.82,2064.41,2062.50,2061.22,2059.41,2055.20,2043.11,2026.76
1556.43,1556.03,1557.36,1558.91,1558.55,1558.17,1558.48,1559.47,1560.59,1562.55,1565.27,1568.16,1571.72,1574.72,1577.47,1580.76,1586.24,1588.74,1590.32,1597.91,1601.32,1603.44,1606.02,1608.78,1611.06,1612.93,1614.83,1617.28,1619.67,1621.69,1623.64,1624.09,1623.89,1624.35,1624.60,1624.06,1623.21,1621.63,1619.96,1618.09,1616.59,1615.38,1614.36,1618.98,1622.73,1625.92,1629.04,1631.42,1633.27,1634.95,1636.44,1638.14,1639.80,1640.65,1641.66,1647.58,1657.08,1670.91,1680.41,1707.15,1716.37,1720.70,1723.32,1725.08,1725.15,1724.51,1724.90,1729.06,1735.77,1742.01,1747.61,1751.87,1757.22,1764.48,1775.12,1781.56,1780.72,1776.32,1777.72,1783.00,1791.43,1800.68,1808.27,1817.82,1829.05,1837.11,1845.29,1859.46,1873.74,1885.59,1897.92,1909.48,1918.60,1928.16,1933.62,1938.28,1953.56,1965.74,1975.20,1989.85,2005.93,2022.21,2039.57,2058.59,2076.68,2095.29,2112.76,2134.36,2154.61,2173.11,2187.49,2200.15,2213.06,2224.34,2232.04,2240.36,2247.43,2254.30,2260.57,2262.55,2263.32,2269.18,2278.34,2286.97,2292.89,2294.66,2292.06,2282.85,2265.67,2249.99,2240.22,2233.44,2223.73,2215.54,2209.37,2202.32,2190.70,2167.58,2159.67,2149.44,2141.38,2134.20,2123.34,2109.35,2097.34,2090.91,2080.06,2063.79,2049.93,2041.24,2031.63,2022.06,2014.14,2007.47,2006.04,2000.08,1995.60,1993.81,1992.14,1989.75,1989.72,1986.58,1982.50,1978.38,1976.59,1975.53,1973.23,1970.74,1970.25,1971.07,1971.95,1972.87,1973.31,1973.09,1972.00,1970.78,1969.83,1969.93,1970.43,1970.78,1976.35,1985.17,1997.35,2011.93,2027.68,2044.00,2060.49,2074.44,2088.61,2100.06,2111.23,2113.86,2111.49,2104.73,2098.84,2093.53,2087.02,2080.49,2075.36,2071.37,2067.78,2066.33,2069.01,2073.18,2077.44,2083.18,2090.39,2097.41,2102.61,2107.11,2112.16,2116.54,2119.39,2117.23,2108.21,2098.24,2084.62,2074.51,2076.85,2086.18,2093.88,2098.72,2098.84,2095.14,2089.45,2083.44,2073.62,2062.85,2051.89,2041.46,2033.02,2027.22,2026.57,2035.02,2047.47,2054.88,2059.99,2062.28,2063.36,2064.24,2064.35,2063.23,2062.78,2063.30,2063.40,2063.53,2063.40,2063.02,2061.87,2060.12,2057.41,2054.50,2051.78,2048.09,2038.00,2020.80
1560.83,1561.11,1561.39,1562.36,1562.25,1561.81,1561.64,1561.72,1562.25,1562.61,1564.31,1566.97,1568.63,1570.33,1572.90,1576.54,1581.32,1584.47,1587.58,1593.11,1598.96,1601.72,1604.37,1606.91,1609.66,1611.76,1614.01,1616.52,1619.09,1621.31,1623.67,1625.55,1625.80,1626.20,1626.33,1625.86,1624.74,1623.20,1621.89,1621.19,1620.51,1619.30,1616.47,1618.16,1622.20,1625.87,1629.53,1632.16,1634.34,1636.21,1637.97,1639.75,1641.76,1643.41,1644.33,1648.15,1655.56,1667.90,1680.29,1694.70,1705.40,1711.33,1714.91,1716.46,1715.71,1714.12,1713.36,1716.32,1723.93,1731.72,1738.13,1743.55,1749.36,1755.80,1763.80,1769.83,1768.98,1767.15,1769.09,1775.76,1783.14,1790.13,1797.39,1803.52,1812.45,1821.51,1827.63,1839.89,1856.86,1870.75,1880.96,1892.11,1900.89,1912.48,1921.67,1928.59,1942.80,1957.04,1970.59,1988.08,2005.81,2021.75,2038.13,2055.47,2073.74,2094.01,2109.63,2126.70,2146.44,2163.08,2178.43,2189.19,2199.63,2209.04,2216.54,2223.09,2231.34,2237.87,2241.05,2242.02,2245.49,2253.44,2261.64,2270.06,2276.28,2279.94,2276.93,2268.22,2252.94,2238.34,2227.63,2217.97,2208.53,2200.29,2193.15,2186.05,2175.22,2155.20,2143.65,2134.59,2124.81,2116.59,2111.13,2100.40,2092.80,2085.99,2072.54,2055.51,2043.49,2033.23,2023.24,2014.75,2008.27,2003.25,2001.97,1997.12,1992.15,1989.14,1986.90,1984.62,1984.95,1981.68,1978.74,1974.89,1972.20,1970.99,1969.39,1967.90,1967.15,1967.43,1967.23,1967.00,1966.70,1966.55,1966.68,1967.87,1968.27,1969.35,1969.58,1970.16,1976.10,1986.39,1998.06,2011.72,2027.09,2043.60,2059.27,2073.47,2087.09,2097.11,2107.35,2115.06,2119.26,2115.34,2107.83,2101.68,2095.80,2089.78,2084.13,2078.81,2074.02,2069.56,2068.03,2070.97,2074.90,2079.06,2084.94,2091.87,2097.78,2102.97,2108.09,2112.38,2115.44,2113.56,2106.27,2094.68,2083.86,2083.63,2091.95,2100.40,2108.01,2111.51,2106.91,2097.26,2089.21,2083.19,2073.90,2065.19,2055.13,2044.03,2033.41,2026.10,2024.01,2028.62,2040.97,2050.91,2056.97,2060.12,2061.30,2062.06,2062.40,2060.66,2059.09,2059.52,2059.84,2060.03,2059.67,2058.25,2056.15,2053.99,2050.68,2046.11,2042.88,2039.17,2032.52,2019.26
1567.28,1566.38,1565.49,1565.54,1565.46,1564.92,1564.58,1564.27,1564.34,1564.46,1564.66,1565.75,1567.15,1568.62,1570.09,1574.01,1579.04,1582.33,1587.22,1592.03,1596.09,1599.20,1601.51,1603.62,1606.56,1610.34,1613.21,1615.85,1618.51,1621.23,1623.92,1626.48,1627.53,1627.77,1627.98,1627.59,1626.33,1624.79,1623.78,1623.61,1623.21,1622.06,1619.84,1617.98,1620.87,1625.04,1629.26,1632.25,1634.80,1637.18,1639.16,1641.10,1643.23,1645.32,1646.98,1649.35,1655.57,1664.73,1677.28,1684.07,1687.25,1692.77,1698.05,1700.80,1701.65,1701.85,1701.76,1705.97,1713.12,1720.86,1726.69,1732.53,1740.57,1747.76,1754.62,1759.97,1761.70,1762.21,1765.76,1771.13,1776.75,1780.91,1787.00,1793.98,1800.17,1808.64,1816.67,1827.88,1841.35,1855.34,1866.22,1876.57,1885.61,1899.20,1915.41,1927.44,1944.42,1961.59,1979.67,1994.80,2010.42,2025.86,2038.97,2052.23,2068.82,2089.08,2104.37,2118.18,2136.74,2153.30,2167.45,2178.80,2187.41,2196.89,2202.55,2207.41,2214.59,2221.44,2225.84,2227.29,2229.56,2236.16,2242.11,2249.71,2257.23,2261.80,2260.29,2251.62,2239.86,2228.07,2214.47,2202.53,2192.41,2185.35,2175.90,2167.05,2158.09,2142.00,2128.13,2119.02,2111.75,2100.51,2095.45,2090.37,2083.27,2074.68,2062.96,2047.93,2037.14,2026.06,2016.20,2008.05,2001.64,1997.88,1997.08,1994.45,1988.93,1984.46,1981.88,1979.35,1980.32,1977.19,1974.18,1970.93,1968.33,1966.98,1966.00,1965.22,1964.61,1964.22,1963.71,1963.06,1962.46,1963.11,1964.82,1966.34,1966.87,1967.64,1968.51,1969.63,1974.82,1985.93,1998.09,2010.99,2025.70,2040.71,2054.89,2068.89,2080.42,2089.90,2098.08,2107.89,2115.15,2118.63,2115.11,2109.08,2102.85,2096.11,2089.45,2083.56,2077.64,2071.09,2067.17,2067.38,2070.39,2073.76,2077.65,2084.11,2091.32,2097.93,2103.26,2107.74,2111.19,2110.73,2103.80,2092.56,2090.04,2097.31,2105.12,2113.82,2119.39,2119.64,2112.05,2102.30,2095.35,2088.86,2079.92,2070.51,2058.04,2045.93,2033.88,2024.42,2022.40,2024.71,2034.95,2046.03,2053.28,2056.91,2058.53,2059.73,2060.15,2058.36,2055.80,2053.89,2053.02,2052.43,2051.67,2050.19,2048.35,2045.74,2040.69,2036.36,2034.22,2031.89,2025.42,2015.84
1575.09,1573.76,1571.25,1569.63,1568.93,1568.13,1567.46,1567.03,1566.77,1567.11,1566.88,1567.21,1568.59,1570.14,1571.93,1574.30,1577.41,1580.16,1584.17,1589.04,1592.36,1594.90,1597.09,1599.45,1604.17,1611.10,1614.47,1617.21,1619.77,1622.71,1625.54,1628.07,1628.83,1629.23,1629.51,1629.27,1627.90,1626.49,1625.87,1626.07,1625.74,1624.39,1622.57,1620.53,1620.04,1623.72,1628.01,1631.68,1634.72,1637.61,1640.24,1642.31,1644.57,1646.77,1649.14,1651.32,1656.39,1662.79,1669.72,1675.72,1679.59,1682.72,1684.87,1686.34,1689.60,1693.15,1695.03,1700.17,1705.57,1709.64,1713.22,1721.51,1730.14,1740.04,1746.20,1751.58,1754.90,1758.08,1763.04,1768.72,1773.35,1779.27,1790.48,1801.33,1810.97,1820.30,1830.44,1841.42,1851.25,1858.95,1866.94,1879.00,1894.35,1909.64,1923.41,1937.41,1952.12,1969.97,1987.99,2003.63,2020.93,2036.37,2046.56,2057.57,2070.34,2086.56,2101.71,2114.27,2129.96,2145.12,2158.05,2167.46,2175.50,2183.59,2189.55,2193.26,2198.80,2205.18,2208.66,2210.36,2213.92,2218.86,2224.34,2232.89,2240.08,2243.19,2241.32,2234.41,2226.53,2216.47,2203.23,2189.43,2176.47,2168.05,2160.27,2150.46,2141.31,2129.79,2116.22,2105.39,2100.13,2087.22,2079.52,2077.14,2067.14,2057.80,2049.63,2041.05,2031.52,2021.23,2013.48,2005.41,1997.51,1992.91,1990.69,1990.77,1987.58,1981.67,1977.54,1975.67,1976.36,1973.16,1970.07,1967.66,1965.08,1963.08,1962.39,1962.14,1962.26,1961.93,1961.20,1960.63,1961.49,1962.92,1964.37,1965.35,1966.36,1967.80,1969.15,1971.21,1977.21,1984.70,1995.99,2008.38,2021.62,2033.67,2044.60,2058.03,2069.99,2077.41,2085.71,2093.69,2103.37,2110.71,2113.16,2112.39,2107.84,2100.28,2093.29,2086.52,2079.23,2070.30,2065.45,2062.43,2061.76,2063.45,2068.09,2073.57,2082.16,2092.03,2098.19,2102.60,2106.54,2106.99,2101.35,2096.37,2102.61,2110.18,2120.80,2129.19,2131.18,2128.96,2119.59,2109.13,2102.19,2095.54,2087.13,2074.57,2060.90,2044.07,2030.55,2023.24,2022.09,2023.45,2030.70,2040.80,2050.02,2053.70,2055.75,2058.04,2057.99,2056.00,2053.74,2050.54,2047.84,2046.57,2045.23,2043.58,2040.66,2036.23,2032.00,2028.59,2025.91,2021.55,2015.70,2007.51
1583.43,1583.34,1581.73,1578.82,1578.84,1578.07,1576.58,1572.47,1570.91,1570.31,1568.99,1569.14,1571.03,1573.03,1575.36,1577.88,1581.42,1583.88,1585.53,1587.52,1589.86,1592.53,1596.56,1598.29,1601.76,1608.75,1613.27,1618.51,1621.82,1624.78,1627.59,1629.59,1629.88,1630.06,1630.16,1630.02,1629.30,1628.49,1628.07,1628.65,1628.22,1627.07,1625.74,1623.88,1621.79,1622.94,1627.16,1631.11,1634.56,1637.84,1640.83,1643.14,1645.42,1647.75,1650.21,1653.12,1657.00,1660.94,1665.46,1668.76,1672.43,1676.36,1679.10,1681.32,1685.18,1689.43,1693.08,1697.72,1702.09,1705.42,1707.93,1713.03,1722.64,1729.44,1736.89,1744.30,1750.58,1756.30,1761.06,1765.37,1770.64,1779.80,1793.32,1805.20,1817.67,1830.65,1842.96,1858.18,1869.41,1877.30,1886.38,1901.87,1914.53,1924.66,1937.29,1948.03,1961.19,1978.20,1994.79,2013.10,2034.09,2048.64,2060.09,2071.43,2082.16,2093.49,2103.87,2113.64,2128.46,2138.82,2149.72,2159.53,2166.61,2172.89,2177.96,2180.40,2183.64,2189.95,2192.84,2194.20,2196.40,2198.25,2204.11,2214.14,2223.00,2226.84,2224.84,2217.18,2209.71,2200.18,2190.67,2179.61,2167.17,2150.08,2143.33,2137.81,2128.29,2116.87,2105.25,2093.19,2083.36,2072.27,2064.27,2060.56,2052.95,2044.01,2036.25,2028.06,2019.63,2012.66,2006.73,2000.38,1994.15,1988.82,1986.16,1985.96,1983.74,1979.83,1975.29,1971.96,1972.49,1969.38,1966.56,1964.49,1962.27,1959.80,1959.31,1959.55,1959.46,1959.43,1959.58,1960.24,1961.92,1963.82,1965.56,1966.35,1967.48,1968.89,1971.75,1979.24,1987.96,1990.91,1993.83,2002.46,2014.16,2023.25,2032.23,2042.17,2056.27,2066.59,2073.15,2079.36,2086.29,2093.78,2101.59,2106.72,2106.52,2101.79,2095.36,2088.09,2079.11,2069.51,2064.62,2059.64,2053.64,2052.02,2056.97,2064.95,2073.87,2084.41,2093.07,2097.64,2101.65,2103.42,2103.07,2107.49,2116.47,2127.86,2138.25,2141.81,2141.39,2138.92,2129.48,2118.05,2110.53,2102.16,2091.94,2076.62,2061.86,2037.19,2024.18,2022.18,2021.81,2023.06,2029.18,2037.98,2047.15,2052.18,2054.90,2056.94,2056.06,2054.25,2051.75,2048.53,2044.62,2042.27,2040.05,2037.41,2033.81,2028.69,2024.58,2021.30,2018.10,2013.72,2005.77,1993.54
1590.27,1589.94,1588.66,1586.58,1586.08,1586.29,1585.59,1584.18,1581.74,1577.37,1572.75,1571.80,1574.04,1575.73,1578.24,1581.65,1585.24,1588.26,1590.41,1592.49,1593.91,1595.32,1599.42,1602.92,1605.97,1608.90,1612.25,1616.81,1620.13,1623.79,1628.68,1630.18,1630.32,1630.36,1630.38,1630.49,1630.73,1630.40,1630.31,1631.54,1630.83,1630.05,1629.28,1627.77,1625.99,1623.73,1627.06,1631.26,1634.87,1638.17,1640.81,1643.13,1645.44,1647.81,1650.39,1653.41,1656.66,1659.91,1663.67,1667.92,1671.21,1674.04,1677.56,1680.78,1685.77,1690.76,1695.41,1699.58,1702.83,1707.08,1710.06,1715.78,1723.11,1728.97,1736.04,1743.04,1749.25,1753.06,1756.06,1759.56,1765.17,1776.89,1790.67,1803.53,1819.62,1835.89,1850.90,1867.67,1881.98,1891.24,1899.67,1914.10,1924.45,1936.08,1948.72,1959.98,1971.59,1987.67,2006.07,2023.07,2043.89,2061.11,2074.76,2088.12,2097.47,2104.30,2111.27,2122.56,2132.70,2138.61,2145.58,2154.15,2161.22,2167.57,2170.30,2170.78,2170.24,2173.37,2175.74,2178.53,2181.05,2182.51,2189.44,2198.27,2206.75,2211.95,2211.35,2206.03,2196.14,2184.96,2173.06,2163.07,2156.47,2140.43,2130.11,2126.05,2116.86,2104.43,2096.00,2083.92,2068.67,2063.72,2056.05,2048.51,2042.09,2034.14,2025.68,2017.35,2009.63,2002.45,1995.02,1990.38,1986.49,1982.19,1981.41,1981.36,1978.30,1974.07,1972.08,1968.44,1967.50,1965.36,1962.98,1960.87,1959.28,1957.43,1956.48,1957.14,1959.00,1959.74,1960.33,1961.73,1963.48,1965.15,1966.92,1967.83,1968.89,1972.10,1981.55,1999.12,2011.94,2012.70,2006.41,2001.01,2003.52,2012.28,2019.82,2028.99,2039.68,2051.34,2060.72,2067.14,2073.45,2080.04,2086.45,2092.72,2097.50,2097.98,2093.76,2086.98,2077.55,2068.83,2064.11,2058.55,2049.61,2045.62,2048.03,2055.80,2066.66,2076.60,2085.84,2092.20,2097.33,2103.60,2111.48,2121.53,2133.16,2143.85,2151.07,2151.80,2149.92,2145.30,2138.41,2125.93,2117.84,2108.65,2093.27,2075.75,2058.50,2029.36,2022.46,2021.43,2021.47,2023.66,2031.03,2038.53,2048.20,2053.38,2055.92,2056.75,2054.44,2052.56,2050.02,2045.73,2041.59,2038.22,2034.90,2031.51,2027.22,2022.30,2017.60,2014.00,2010.43,2005.97,1994.19,1981.25
1594.22,1594.19,1593.56,1592.15,1591.75,1591.51,1590.67,1589.31,1586.65,1583.01,1578.54,1576.51,1577.55,1578.76,1582.20,1587.07,1589.97,1592.54,1594.96,1597.25,1599.15,1600.19,1601.82,1604.89,1608.79,1612.90,1615.85,1617.81,1619.12,1622.88,1627.77,1630.13,1630.60,1631.03,1631.38,1631.72,1632.09,1631.99,1632.10,1633.45,1633.80,1633.37,1632.47,1631.45,1629.62,1625.96,1627.53,1631.75,1635.42,1638.85,1641.18,1643.23,1645.43,1647.69,1650.03,1653.14,1656.48,1659.85,1663.68,1667.62,1670.79,1674.15,1677.87,1681.44,1685.18,1688.91,1694.24,1700.69,1704.69,1709.42,1713.80,1718.78,1724.48,1729.84,1734.86,1739.49,1743.23,1747.33,1749.72,1752.67,1759.43,1771.96,1787.40,1802.84,1821.10,1839.05,1855.06,1874.15,1887.01,1894.57,1902.01,1913.05,1925.09,1938.38,1952.64,1965.22,1979.13,1996.12,2013.01,2028.18,2047.53,2063.80,2078.57,2094.85,2107.12,2116.23,2127.13,2135.56,2141.36,2146.71,2150.26,2154.44,2159.92,2164.91,2162.80,2160.60,2157.53,2157.73,2160.17,2162.89,2165.29,2169.14,2176.82,2186.36,2195.27,2199.60,2199.14,2194.21,2185.98,2172.59,2156.33,2148.86,2145.14,2133.80,2121.24,2114.69,2105.64,2094.36,2086.46,2075.08,2058.17,2051.53,2047.20,2040.62,2032.37,2026.09,2017.79,2008.61,2000.27,1993.28,1986.81,1981.20,1977.78,1975.26,1974.48,1974.08,1970.48,1967.58,1966.42,1964.23,1961.23,1960.80,1958.99,1957.05,1955.63,1955.56,1958.02,1960.27,1961.69,1962.49,1963.08,1964.09,1965.55,1966.86,1968.33,1969.42,1971.80,1979.03,1997.40,2017.56,2030.17,2032.55,2027.83,2021.05,2013.52,2011.42,2013.91,2016.47,2025.98,2036.12,2045.80,2054.84,2062.08,2067.40,2074.67,2081.60,2086.44,2089.21,2088.19,2083.06,2075.40,2068.22,2063.30,2057.29,2048.49,2041.52,2041.53,2046.78,2057.91,2069.81,2079.35,2088.18,2096.54,2106.99,2121.76,2136.11,2149.30,2159.26,2165.27,2165.55,2161.56,2152.74,2142.99,2132.70,2123.62,2109.02,2090.00,2072.78,2049.15,2029.79,2026.09,2025.28,2025.91,2029.84,2038.70,2045.89,2054.03,2057.30,2058.23,2057.25,2054.34,2051.31,2047.21,2042.54,2038.13,2033.72,2029.91,2026.81,2022.67,2015.04,2009.38,2005.43,1999.08,1990.84,1980.33,1971.51
1597.79,1598.24,1598.01,1596.91,1596.29,1595.60,1594.39,1592.92,1590.73,1587.57,1584.26,1582.45,1583.15,1585.23,1588.94,1591.85,1594.21,1596.96,1599.47,1601.76,1604.31,1606.55,1608.06,1609.86,1610.80,1613.61,1617.14,1620.91,1622.61,1623.62,1626.83,1630.07,1631.24,1632.64,1633.16,1633.26,1633.48,1633.63,1633.93,1635.17,1636.65,1636.43,1635.29,1633.55,1631.34,1627.92,1628.49,1632.21,1635.82,1639.38,1641.78,1643.77,1645.82,1647.81,1650.00,1653.02,1656.30,1659.33,1662.54,1666.28,1670.21,1673.88,1677.43,1680.88,1684.36,1688.22,1692.64,1699.70,1704.25,1708.57,1712.90,1717.97,1722.98,1727.61,1731.45,1734.82,1737.94,1741.83,1743.84,1747.11,1756.07,1770.17,1786.27,1802.59,1820.86,1841.01,1858.28,1877.12,1886.34,1892.05,1897.84,1907.26,1921.17,1935.63,1949.47,1962.30,1978.26,1994.25,2007.70,2021.23,2037.24,2052.02,2069.34,2088.87,2108.91,2126.84,2136.86,2144.56,2150.19,2153.54,2155.97,2158.70,2161.90,2160.27,2154.91,2151.06,2147.32,2145.44,2146.63,2146.97,2150.15,2154.31,2163.64,2174.27,2184.94,2189.27,2186.27,2181.25,2175.56,2162.28,2145.66,2137.43,2133.16,2123.99,2111.30,2102.95,2095.05,2083.07,2073.49,2063.53,2049.24,2040.45,2034.86,2030.79,2023.83,2017.68,2011.06,2002.73,1994.46,1987.49,1981.72,1976.35,1971.65,1969.68,1968.10,1964.99,1962.93,1962.16,1960.60,1960.59,1957.79,1956.53,1955.06,1953.58,1955.05,1959.39,1961.63,1962.69,1963.84,1964.96,1965.89,1966.82,1967.88,1969.12,1970.24,1971.90,1975.94,1987.39,2010.69,2030.21,2048.91,2053.04,2045.34,2042.93,2036.28,2033.51,2033.06,2027.47,2019.53,2023.28,2031.21,2039.53,2048.16,2055.35,2062.58,2069.21,2075.97,2080.24,2080.84,2078.24,2072.39,2066.72,2061.30,2054.58,2046.10,2039.92,2039.76,2046.51,2059.52,2073.89,2085.20,2094.26,2104.70,2118.50,2135.31,2150.59,2162.76,2171.90,2176.86,2175.03,2168.93,2161.33,2150.26,2139.89,2127.29,2107.01,2087.94,2069.45,2050.28,2044.91,2046.94,2044.77,2043.76,2044.21,2050.72,2060.57,2066.78,2067.34,2064.35,2059.15,2054.47,2048.95,2042.04,2037.78,2033.76,2029.68,2025.30,2021.99,2016.45,2005.57,1999.38,1994.05,1985.49,1975.72,1967.18,1959.33
1602.94,1603.88,1603.83,1602.54,1601.16,1599.57,1597.86,1596.22,1594.43,1592.56,1590.52,1589.28,1590.13,1591.85,1593.16,1595.04,1597.69,1600.72,1603.78,1606.24,1608.95,1612.39,1614.11,1614.92,1615.32,1617.25,1619.86,1623.15,1626.65,1627.72,1628.33,1630.14,1632.45,1634.30,1635.14,1635.24,1635.32,1635.47,1635.98,1636.73,1638.80,1638.98,1637.32,1635.00,1632.66,1629.89,1629.06,1632.43,1635.92,1638.96,1641.22,1643.33,1645.62,1647.97,1650.28,1652.95,1655.48,1657.92,1660.57,1664.57,1668.95,1672.63,1675.97,1679.11,1683.33,1689.36,1693.51,1698.06,1702.24,1706.25,1710.74,1715.99,1720.96,1724.51,1727.47,1730.67,1734.28,1736.97,1738.38,1744.78,1757.54,1772.60,1786.53,1803.95,1822.93,1842.63,1860.93,1878.07,1884.32,1886.92,1890.76,1898.88,1915.15,1930.93,1944.64,1957.13,1972.41,1985.49,1996.43,2008.64,2023.56,2038.99,2058.30,2079.18,2101.56,2126.43,2139.58,2149.32,2153.85,2157.12,2159.88,2161.20,2162.30,2159.58,2152.13,2145.43,2138.31,2133.10,2132.05,2131.46,2134.37,2140.89,2152.43,2163.76,2173.01,2175.28,2173.36,2170.72,2165.74,2153.70,2137.12,2126.88,2120.50,2112.36,2101.32,2091.21,2081.57,2070.57,2062.95,2051.61,2041.73,2032.53,2023.40,2017.70,2013.76,2006.99,2000.47,1993.63,1987.27,1981.36,1976.07,1970.93,1966.71,1964.37,1963.80,1959.94,1957.44,1957.46,1956.79,1956.49,1954.95,1952.91,1951.90,1954.82,1959.28,1961.90,1963.71,1964.87,1965.98,1967.08,1968.09,1969.18,1970.36,1971.65,1972.72,1974.50,1979.09,1996.45,2020.16,2044.14,2062.45,2067.84,2062.15,2058.63,2054.21,2055.50,2056.73,2050.40,2038.25,2022.29,2020.61,2026.63,2033.50,2041.34,2050.08,2057.73,2064.34,2070.96,2072.72,2071.58,2067.98,2063.81,2058.12,2050.91,2042.87,2039.38,2041.72,2055.45,2070.54,2085.55,2096.28,2107.82,2119.92,2134.69,2147.81,2161.40,2176.45,2183.83,2185.43,2181.28,2174.57,2167.03,2156.19,2142.47,2127.95,2108.53,2091.43,2074.05,2064.25,2063.29,2062.56,2061.51,2060.03,2058.92,2063.19,2072.51,2079.93,2080.96,2075.91,2067.47,2056.72,2048.45,2039.99,2033.22,2027.99,2023.25,2018.77,2013.82,2004.01,1995.71,1989.50,1980.98,1971.42,1962.18,1955.28,1948.03
1610.65,1610.72,1610.39,1609.18,1607.36,1604.95,1602.34,1600.27,1598.91,1597.58,1595.76,1594.81,1594.96,1596.00,1596.88,1597.89,1600.81,1604.28,1607.69,1610.97,1614.56,1617.95,1619.71,1620.10,1620.26,1622.10,1624.26,1627.31,1630.38,1631.68,1632.55,1632.87,1633.91,1635.84,1637.03,1637.25,1637.19,1637.18,1638.08,1638.32,1640.47,1641.13,1638.94,1636.53,1634.06,1631.60,1629.86,1632.22,1635.39,1637.88,1640.30,1642.57,1644.87,1647.27,1649.54,1651.65,1653.94,1656.36,1659.02,1662.67,1667.01,1670.77,1673.95,1677.45,1682.12,1688.00,1692.28,1696.24,1699.97,1704.34,1709.48,1714.04,1717.68,1720.35,1723.49,1727.23,1730.50,1732.32,1736.82,1749.00,1764.13,1776.88,1790.12,1804.56,1822.81,1842.25,1859.52,1875.14,1880.69,1880.33,1882.77,1892.67,1907.29,1924.74,1938.83,1951.66,1963.31,1972.73,1983.53,1995.98,2010.12,2027.60,2049.34,2071.33,2094.79,2118.66,2135.07,2146.07,2152.04,2155.87,2159.34,2160.29,2160.34,2158.89,2153.13,2143.95,2131.56,2121.77,2118.41,2118.52,2121.22,2129.34,2138.28,2147.68,2153.08,2156.61,2158.99,2159.24,2155.84,2144.89,2131.09,2118.02,2106.74,2099.67,2091.35,2080.72,2068.76,2058.55,2051.43,2043.50,2033.95,2024.16,2013.90,2003.85,1998.82,1995.05,1988.87,1980.99,1974.70,1970.80,1966.33,1963.09,1960.66,1959.07,1959.71,1957.42,1954.46,1953.75,1953.42,1952.62,1951.52,1950.23,1953.25,1959.67,1961.81,1963.68,1965.64,1967.06,1968.13,1969.08,1970.08,1971.27,1972.61,1974.18,1975.39,1976.57,1981.55,2003.86,2028.66,2054.32,2072.34,2081.09,2078.87,2073.72,2071.22,2074.10,2078.39,2072.38,2056.76,2042.78,2024.71,2020.86,2025.23,2031.35,2039.99,2047.51,2053.80,2060.24,2064.72,2065.57,2063.73,2060.01,2053.72,2046.20,2040.14,2039.07,2046.59,2062.73,2080.66,2096.42,2109.74,2124.41,2137.88,2149.33,2158.95,2171.51,2183.69,2190.41,2191.57,2185.08,2179.41,2172.20,2162.47,2146.64,2129.55,2114.95,2101.57,2091.79,2083.11,2081.70,2080.12,2076.44,2072.91,2072.14,2075.11,2081.35,2092.60,2094.10,2087.10,2076.58,2061.62,2050.76,2042.06,2032.19,2022.20,2014.79,2009.20,2001.20,1994.73,1987.72,1978.96,1970.68,1960.97,1954.60,1948.62,1941.04
1618.01,1617.05,1616.12,1614.80,1613.12,1610.83,1609.06,1608.39,1607.03,1604.79,1602.21,1601.24,1600.98,1601.34,1601.62,1602.60,1604.16,1607.36,1611.77,1616.27,1620.20,1622.71,1624.48,1625.51,1626.24,1627.63,1628.88,1631.05,1633.45,1635.17,1636.25,1636.89,1637.50,1637.83,1638.84,1639.27,1638.89,1638.70,1640.22,1640.47,1642.28,1642.96,1640.56,1638.25,1636.17,1634.13,1632.55,1632.28,1634.57,1637.19,1639.78,1641.85,1644.10,1646.42,1648.28,1650.03,1652.56,1655.39,1658.41,1661.81,1665.88,1669.72,1673.78,1677.90,1681.69,1686.11,1690.45,1694.30,1697.77,1701.91,1706.56,1710.04,1713.41,1716.71,1720.51,1724.01,1725.81,1728.54,1738.64,1754.97,1769.84,1782.24,1792.86,1803.63,1818.22,1836.22,1851.96,1865.67,1871.35,1869.72,1874.47,1886.52,1899.76,1915.85,1926.90,1939.08,1950.83,1959.25,1968.91,1980.55,1995.27,2016.26,2041.92,2064.90,2089.41,2108.18,2126.67,2138.80,2147.72,2153.16,2156.73,2157.79,2156.37,2155.38,2152.24,2140.11,2123.67,2112.02,2109.59,2108.78,2110.00,2115.15,2122.14,2127.60,2130.88,2134.93,2141.85,2146.01,2142.86,2133.00,2122.71,2109.26,2096.84,2086.82,2079.33,2072.89,2060.76,2048.85,2041.31,2034.28,2024.47,2014.35,2003.84,1995.20,1987.93,1983.49,1979.22,1972.18,1966.78,1962.94,1958.18,1955.67,1953.94,1953.40,1953.07,1952.32,1951.35,1950.04,1949.58,1948.41,1948.34,1951.12,1959.21,1962.21,1963.73,1965.50,1967.48,1969.22,1970.45,1971.56,1972.46,1973.50,1974.89,1976.52,1978.04,1979.44,1985.87,2009.31,2034.97,2059.39,2077.99,2088.64,2091.32,2088.52,2085.70,2086.55,2091.34,2089.44,2073.74,2056.38,2042.92,2027.56,2024.75,2026.59,2031.93,2039.29,2045.15,2050.50,2056.30,2059.08,2057.76,2053.77,2047.69,2041.24,2038.79,2039.20,2050.11,2068.64,2089.09,2105.58,2122.27,2140.01,2152.07,2161.62,2169.87,2178.47,2188.07,2193.88,2193.89,2186.57,2183.14,2178.94,2172.09,2158.47,2140.58,2125.64,2112.51,2106.09,2102.53,2100.51,2096.96,2091.00,2086.77,2086.67,2090.37,2092.96,2103.01,2105.27,2097.60,2086.11,2070.55,2055.96,2044.45,2032.67,2018.76,2007.40,1999.48,1991.44,1984.11,1976.50,1970.23,1962.77,1955.10,1949.11,1942.95,1935.88
1628.07,1626.13,1623.53,1621.21,1619.00,1616.63,1615.18,1614.82,1614.33,1613.34,1612.26,1612.19,1612.04,1612.00,1611.74,1611.23,1610.51,1611.82,1617.20,1621.33,1624.97,1627.00,1628.73,1630.58,1631.55,1632.22,1633.01,1634.64,1636.76,1638.37,1639.81,1641.00,1641.78,1641.81,1642.05,1642.63,1642.15,1641.33,1643.13,1644.25,1645.25,1644.86,1642.65,1640.72,1639.03,1637.48,1636.39,1634.80,1634.49,1636.97,1639.58,1641.50,1643.38,1645.47,1647.37,1649.46,1652.10,1655.04,1658.08,1661.87,1666.63,1670.79,1673.80,1676.12,1678.71,1681.93,1687.59,1692.17,1695.51,1699.05,1702.98,1706.46,1710.16,1714.05,1717.66,1719.83,1720.80,1725.54,1738.91,1755.15,1769.00,1782.27,1791.34,1800.12,1813.00,1824.70,1840.19,1853.87,1858.64,1857.55,1863.88,1876.23,1890.50,1903.52,1912.28,1920.55,1933.77,1944.18,1954.55,1967.49,1987.72,2012.50,2038.04,2059.29,2082.08,2097.74,2113.02,2129.83,2142.61,2151.18,2154.71,2154.80,2152.48,2150.25,2147.08,2133.08,2115.30,2103.45,2098.98,2097.42,2098.84,2101.85,2107.13,2111.42,2113.98,2118.82,2123.65,2127.70,2125.99,2118.77,2109.06,2099.35,2090.19,2077.82,2067.84,2061.35,2051.99,2042.96,2033.77,2025.91,2017.65,2006.41,1996.78,1991.11,1984.10,1977.73,1971.94,1967.28,1963.36,1959.39,1956.22,1952.42,1949.10,1948.49,1948.38,1948.50,1947.67,1946.19,1945.41,1947.31,1949.64,1957.74,1962.34,1964.26,1965.83,1967.38,1969.30,1971.64,1973.28,1974.56,1975.51,1976.25,1977.05,1978.67,1980.59,1983.72,1990.50,2013.51,2037.57,2061.72,2079.00,2090.00,2095.53,2097.51,2096.72,2094.99,2096.86,2096.57,2085.81,2067.25,2054.59,2040.15,2032.96,2030.13,2029.84,2033.18,2038.11,2042.79,2046.90,2049.57,2048.99,2045.77,2041.30,2039.04,2038.18,2039.45,2052.24,2071.72,2093.97,2111.45,2129.84,2147.68,2158.64,2167.25,2176.53,2183.12,2189.93,2188.21,2184.93,2181.60,2181.25,2182.88,2180.57,2171.79,2154.23,2138.90,2125.96,2120.81,2119.81,2117.15,2112.06,2106.49,2102.06,2101.41,2105.30,2106.31,2111.11,2114.23,2107.94,2096.06,2079.80,2063.33,2047.51,2033.87,2018.91,2004.06,1992.34,1983.07,1975.43,1968.95,1962.09,1955.21,1948.53,1942.54,1936.80,1930.46
1637.73,1635.84,1633.71,1631.45,1628.66,1624.98,1621.90,1621.49,1622.03,1622.83,1622.93,1623.25,1623.09,1622.46,1622.01,1621.44,1620.47,1620.44,1622.95,1626.24,1629.79,1631.71,1633.29,1635.19,1635.74,1635.94,1636.89,1638.57,1640.54,1642.55,1644.04,1645.41,1646.25,1646.22,1646.77,1647.05,1646.77,1646.39,1647.21,1647.71,1648.16,1647.14,1645.22,1644.00,1642.55,1641.28,1640.50,1638.34,1636.34,1636.75,1638.97,1641.09,1643.12,1645.90,1648.41,1650.52,1652.70,1655.27,1658.00,1661.43,1666.16,1669.81,1672.32,1676.15,1678.44,1679.20,1682.84,1688.84,1692.20,1695.67,1699.63,1703.00,1706.81,1710.93,1713.97,1715.26,1716.70,1723.28,1736.43,1750.42,1762.98,1775.25,1785.88,1794.12,1804.32,1813.70,1822.74,1835.34,1842.87,1846.06,1853.27,1865.59,1877.28,1887.21,1896.85,1904.30,1916.54,1925.61,1943.17,1962.71,1983.05,2007.24,2029.89,2052.21,2070.45,2085.53,2100.02,2117.38,2134.36,2148.86,2152.82,2152.99,2151.57,2144.54,2136.34,2123.24,2108.26,2096.72,2090.15,2085.92,2085.16,2086.55,2090.49,2092.66,2094.03,2101.05,2108.61,2112.81,2113.65,2108.32,2096.52,2087.07,2081.76,2072.14,2061.34,2050.91,2042.81,2037.08,2029.32,2020.06,2009.87,2000.00,1993.69,1987.57,1981.20,1976.23,1971.38,1966.88,1962.74,1958.63,1953.77,1951.05,1947.66,1944.90,1944.94,1945.32,1943.86,1943.35,1945.59,1949.31,1956.12,1962.07,1964.54,1966.49,1968.08,1969.53,1971.63,1974.18,1976.14,1977.48,1978.71,1979.52,1979.75,1981.11,1983.45,1986.19,1992.57,2015.77,2038.39,2060.92,2079.03,2091.69,2098.57,2106.15,2108.37,2105.94,2105.16,2104.44,2095.44,2083.63,2070.40,2055.26,2047.19,2043.23,2037.86,2034.16,2033.46,2035.84,2039.08,2041.42,2041.22,2039.65,2038.54,2037.90,2037.83,2039.43,2052.23,2071.77,2094.46,2113.65,2130.80,2148.84,2160.59,2170.68,2179.43,2184.30,2186.77,2182.61,2179.42,2178.48,2179.67,2182.72,2182.71,2178.24,2165.88,2151.60,2139.93,2132.06,2128.05,2124.72,2121.55,2117.42,2114.76,2114.58,2115.71,2116.69,2118.82,2120.00,2115.93,2105.93,2090.57,2069.95,2051.94,2035.85,2021.26,2005.69,1992.53,1982.19,1974.08,1965.73,1957.21,1949.85,1944.08,1938.31,1932.67,1926.96
1648.96,1646.25,1643.31,1642.02,1640.63,1636.79,1631.49,1632.20,1634.19,1635.51,1636.47,1637.06,1637.17,1635.88,1634.10,1632.33,1630.55,1628.55,1628.07,1630.63,1634.28,1636.35,1638.34,1640.25,1640.50,1640.16,1641.34,1643.71,1646.14,1648.17,1649.02,1650.04,1651.30,1651.50,1652.71,1652.97,1652.57,1652.33,1652.12,1652.28,1651.52,1649.81,1648.38,1647.64,1646.55,1645.42,1643.86,1641.41,1639.75,1638.85,1638.89,1640.63,1643.45,1646.54,1649.47,1651.64,1653.68,1656.11,1658.58,1661.57,1665.77,1668.86,1672.78,1677.05,1680.05,1681.79,1682.86,1685.40,1688.74,1692.03,1697.10,1699.53,1701.81,1705.32,1709.21,1710.32,1712.77,1719.60,1730.51,1742.64,1753.29,1764.21,1774.38,1782.72,1789.20,1799.22,1809.54,1818.30,1826.26,1835.53,1845.97,1856.75,1863.91,1870.89,1881.62,1890.11,1901.22,1914.48,1936.14,1956.74,1977.02,2000.10,2016.60,2036.91,2054.11,2069.56,2086.59,2105.58,2121.75,2139.43,2150.12,2153.08,2151.70,2140.65,2127.09,2114.58,2100.46,2090.65,2082.95,2076.56,2071.77,2073.11,2075.69,2076.25,2077.19,2082.31,2090.48,2096.34,2099.64,2097.70,2088.00,2074.98,2069.60,2064.64,2056.45,2047.29,2038.24,2032.06,2024.56,2013.93,2002.75,1995.93,1990.78,1983.87,1977.47,1973.36,1968.87,1964.16,1959.79,1955.43,1951.36,1948.53,1946.00,1942.63,1940.99,1941.89,1941.70,1944.85,1948.05,1954.45,1961.32,1964.56,1967.12,1969.14,1970.97,1973.09,1975.27,1977.32,1979.56,1981.63,1983.87,1985.34,1985.60,1985.36,1987.40,1989.45,1995.33,2016.94,2037.77,2060.16,2081.73,2098.63,2108.09,2116.78,2120.91,2121.12,2118.06,2113.57,2107.95,2101.32,2092.61,2077.97,2067.99,2062.01,2052.40,2043.93,2039.65,2036.38,2035.14,2035.80,2036.57,2036.94,2036.95,2037.17,2037.88,2039.40,2049.85,2069.32,2091.13,2110.18,2127.25,2143.53,2156.26,2168.12,2177.47,2183.03,2182.50,2179.05,2176.71,2177.53,2179.10,2182.86,2184.87,2182.64,2176.95,2164.45,2152.16,2142.62,2135.11,2129.64,2126.20,2123.48,2122.29,2122.26,2122.15,2122.43,2122.80,2122.15,2120.04,2112.76,2099.75,2073.94,2055.91,2037.15,2022.64,2008.46,1994.53,1980.43,1972.50,1965.34,1957.79,1950.59,1945.16,1939.82,1934.57,1929.55
1663.09,1660.83,1657.90,1656.11,1655.35,1650.04,1642.36,1642.72,1644.95,1647.18,1649.85,1651.09,1651.68,1651.74,1650.66,1647.74,1645.26,1643.09,1640.72,1638.51,1639.27,1641.44,1644.29,1646.98,1647.74,1647.00,1647.32,1649.31,1652.19,1654.04,1655.08,1656.28,1657.69,1658.76,1659.94,1660.61,1660.32,1660.12,1659.71,1659.12,1657.95,1656.10,1654.12,1652.51,1651.01,1649.32,1646.92,1644.89,1643.81,1642.43,1641.04,1641.07,1643.71,1646.85,1649.89,1652.28,1654.52,1656.89,1659.31,1662.19,1665.45,1668.63,1672.28,1675.33,1677.96,1680.92,1684.45,1686.88,1688.39,1691.11,1695.29,1696.83,1698.14,1699.48,1702.27,1705.75,1709.07,1714.43,1722.04,1733.05,1743.70,1753.38,1761.01,1767.44,1774.76,1784.87,1796.34,1808.72,1815.49,1825.36,1837.31,1846.40,1850.57,1857.48,1865.80,1872.68,1885.55,1907.07,1929.45,1947.88,1966.48,1986.84,2003.68,2022.17,2041.50,2057.75,2074.89,2092.63,2110.31,2124.87,2139.71,2147.49,2146.48,2136.47,2121.17,2108.32,2096.30,2087.16,2078.77,2070.71,2061.86,2058.64,2059.62,2059.61,2060.27,2066.20,2073.91,2079.46,2083.11,2084.45,2079.34,2068.72,2061.55,2053.78,2047.23,2041.91,2035.80,2030.13,2021.06,2009.09,1999.87,1993.68,1987.75,1981.94,1975.30,1969.59,1964.68,1959.92,1955.78,1951.22,1948.15,1946.02,1943.89,1941.17,1939.55,1939.91,1942.72,1947.10,1952.54,1960.29,1963.88,1966.98,1970.05,1972.80,1975.18,1977.44,1981.28,1987.20,1991.12,1991.21,1991.87,1994.09,1994.03,1991.70,1994.09,1998.83,2001.95,2018.09,2038.00,2062.37,2084.99,2104.50,2117.48,2125.66,2130.59,2132.37,2130.22,2125.41,2121.58,2117.59,2111.06,2095.32,2086.76,2080.78,2072.43,2062.18,2056.25,2048.91,2041.92,2038.24,2036.97,2037.30,2037.90,2038.16,2038.31,2039.30,2045.37,2062.52,2083.59,2101.99,2118.93,2133.51,2146.44,2162.82,2175.16,2180.24,2176.64,2176.12,2179.40,2180.47,2179.45,2182.21,2187.08,2189.39,2186.38,2179.02,2167.50,2154.89,2144.57,2136.19,2131.28,2128.56,2127.95,2127.44,2126.56,2125.56,2123.53,2121.14,2117.75,2111.45,2098.97,2074.03,2057.75,2038.55,2023.50,2009.90,1996.38,1981.66,1972.12,1966.21,1960.39,1955.54,1949.32,1944.02,1938.36,1933.64
1676.88,1675.16,1673.29,1669.79,1668.04,1661.16,1651.50,1652.23,1656.83,1660.89,1663.19,1664.55,1665.43,1666.01,1665.66,1664.12,1661.62,1658.44,1655.41,1650.48,1647.31,1647.79,1650.94,1653.20,1654.64,1654.21,1654.31,1656.10,1658.90,1660.22,1661.32,1662.76,1664.11,1665.32,1666.19,1666.95,1667.14,1667.09,1666.53,1665.39,1664.11,1662.68,1660.57,1658.02,1656.05,1653.75,1650.48,1648.77,1647.72,1645.57,1644.20,1643.29,1643.91,1646.77,1649.42,1651.80,1654.16,1656.65,1659.09,1662.03,1665.32,1668.37,1671.07,1673.82,1676.54,1678.89,1682.51,1686.30,1689.16,1691.75,1693.34,1694.65,1696.14,1697.98,1700.47,1703.29,1706.22,1710.13,1716.36,1726.74,1737.18,1745.60,1751.52,1755.33,1763.21,1773.18,1782.47,1791.55,1802.50,1814.42,1825.38,1831.09,1833.51,1840.83,1848.95,1858.00,1876.86,1901.23,1922.60,1938.19,1954.02,1973.04,1989.51,2010.41,2032.22,2048.47,2064.03,2079.56,2098.06,2112.82,2127.98,2138.01,2140.03,2132.87,2118.96,2105.17,2094.20,2085.64,2077.37,2068.77,2055.41,2044.76,2043.29,2042.80,2045.22,2051.76,2058.44,2063.04,2066.78,2069.43,2069.90,2066.25,2059.38,2048.76,2037.43,2030.36,2027.68,2024.30,2017.14,2006.94,1998.97,1993.03,1984.68,1977.06,1970.63,1965.36,1960.39,1956.23,1953.11,1949.48,1946.06,1943.15,1941.02,1939.32,1938.42,1940.25,1944.70,1949.93,1958.82,1963.83,1966.90,1970.18,1974.25,1977.26,1980.96,1988.83,1999.93,2005.20,2007.45,2008.11,2009.45,2010.97,2009.25,2004.41,2003.83,2008.19,2014.52,2026.81,2046.03,2068.40,2092.33,2107.90,2123.15,2133.67,2140.55,2143.46,2143.36,2141.16,2139.04,2134.96,2127.26,2113.30,2103.99,2098.15,2090.15,2081.07,2074.93,2070.26,2059.53,2049.02,2043.76,2042.87,2042.04,2040.59,2039.50,2039.71,2043.58,2056.10,2072.36,2089.28,2106.34,2122.53,2136.70,2158.07,2171.38,2175.93,2177.47,2181.05,2185.33,2185.65,2182.73,2183.03,2189.06,2193.89,2193.07,2189.68,2180.52,2166.72,2155.56,2144.69,2137.42,2134.16,2132.78,2130.87,2127.60,2123.63,2120.53,2117.21,2111.99,2105.76,2089.66,2072.90,2058.16,2039.54,2024.69,2011.55,2000.13,1987.78,1978.68,1972.51,1966.40,1963.95,1960.46,1951.22,1944.36,1938.82
1691.68,1688.95,1685.36,1683.18,1680.73,1671.43,1662.21,1663.86,1669.02,1672.56,1674.19,1675.68,1677.06,1678.22,1678.11,1677.07,1675.17,1671.87,1668.07,1663.46,1657.72,1656.16,1658.01,1660.41,1661.67,1661.92,1662.14,1663.50,1665.81,1666.88,1667.53,1669.10,1671.20,1672.58,1673.19,1673.59,1673.84,1673.89,1673.36,1671.99,1670.23,1668.10,1665.68,1663.17,1661.06,1658.84,1656.28,1653.01,1650.35,1648.42,1647.40,1646.37,1645.49,1646.54,1649.15,1651.52,1653.95,1657.12,1659.89,1662.33,1665.21,1667.88,1670.18,1672.72,1675.36,1677.90,1681.07,1684.52,1687.41,1690.10,1691.85,1693.35,1695.06,1697.05,1698.78,1700.28,1703.62,1707.48,1712.16,1720.94,1730.73,1737.27,1742.19,1746.12,1752.21,1761.86,1770.09,1777.94,1788.78,1802.10,1809.87,1811.70,1813.96,1822.66,1837.66,1854.25,1870.82,1893.78,1912.35,1925.73,1942.54,1963.04,1979.89,1999.54,2017.66,2037.81,2051.25,2067.55,2085.64,2101.63,2115.97,2128.03,2133.11,2129.07,2118.46,2104.53,2093.66,2083.81,2073.96,2063.41,2047.97,2035.38,2028.38,2026.90,2031.85,2037.97,2042.14,2045.68,2050.86,2054.22,2056.95,2058.79,2058.05,2048.39,2032.50,2019.39,2015.77,2014.82,2011.77,2005.31,1998.08,1992.84,1983.01,1972.59,1966.05,1961.21,1956.56,1952.11,1949.76,1947.12,1944.51,1941.52,1938.78,1937.47,1938.70,1941.96,1947.82,1955.99,1963.98,1968.28,1971.68,1976.24,1981.29,1988.41,1999.61,2011.39,2020.98,2025.71,2027.28,2028.13,2030.03,2032.31,2032.44,2027.68,2020.41,2020.52,2029.62,2045.00,2061.29,2086.27,2105.77,2117.94,2129.48,2140.36,2146.64,2153.31,2155.54,2155.25,2154.18,2152.16,2146.54,2138.55,2128.72,2118.46,2108.38,2099.27,2093.05,2087.26,2077.85,2065.95,2058.92,2056.93,2054.41,2049.51,2045.36,2047.05,2054.43,2065.67,2073.45,2082.07,2093.75,2111.08,2132.57,2157.66,2171.82,2181.24,2186.55,2190.12,2192.32,2191.68,2188.66,2186.99,2191.87,2197.91,2200.70,2198.81,2190.68,2178.98,2165.60,2154.15,2143.75,2138.35,2134.09,2130.25,2125.85,2121.00,2116.38,2111.39,2104.74,2096.77,2084.88,2073.17,2058.84,2041.81,2028.75,2020.12,2013.81,2005.89,1999.27,1992.97,1984.50,1978.21,1970.97,1963.26,1953.40,1946.08
1707.89,1703.55,1699.05,1695.92,1690.06,1677.50,1672.63,1676.36,1680.17,1681.39,1682.23,1683.71,1684.99,1685.83,1685.95,1685.33,1683.75,1682.06,1679.42,1674.82,1666.56,1664.59,1667.86,1669.42,1669.73,1671.39,1671.66,1671.46,1673.37,1674.16,1674.93,1677.28,1679.79,1680.69,1680.90,1680.85,1680.90,1680.83,1680.68,1680.27,1678.88,1676.28,1672.03,1668.48,1666.26,1664.49,1662.48,1660.09,1656.72,1653.25,1651.19,1649.31,1648.48,1647.90,1648.94,1651.16,1653.84,1657.18,1660.16,1662.47,1664.78,1667.22,1669.68,1673.69,1676.92,1678.56,1680.76,1683.64,1686.84,1689.99,1691.98,1693.72,1695.42,1696.82,1698.03,1699.31,1702.70,1706.15,1709.31,1715.83,1723.88,1730.55,1735.62,1739.55,1744.35,1750.18,1755.69,1766.05,1777.22,1786.53,1792.70,1797.25,1805.34,1820.79,1838.17,1852.79,1866.65,1883.53,1901.04,1917.33,1934.54,1951.62,1967.08,1985.01,2003.63,2020.93,2038.09,2054.52,2071.98,2090.80,2106.62,2118.35,2125.76,2125.32,2117.44,2107.05,2099.34,2087.70,2074.24,2060.97,2043.58,2029.52,2017.07,2013.44,2017.57,2022.55,2025.72,2027.38,2033.80,2040.62,2045.17,2048.19,2049.54,2045.87,2034.56,2018.02,2007.01,2004.07,2002.55,2000.23,1996.55,1991.87,1981.43,1970.57,1962.57,1957.53,1953.74,1950.28,1946.91,1944.06,1941.81,1938.97,1936.85,1938.33,1942.56,1948.84,1956.52,1967.90,1975.22,1979.69,1984.31,1990.03,1996.63,2006.40,2017.32,2027.72,2036.76,2042.91,2047.17,2049.41,2050.05,2052.66,2053.01,2047.75,2040.97,2039.90,2047.13,2056.55,2071.25,2096.08,2116.75,2129.26,2141.16,2149.42,2159.33,2168.53,2173.31,2174.19,2173.97,2171.27,2165.35,2158.88,2153.05,2143.26,2130.23,2118.14,2107.87,2099.55,2090.64,2080.44,2073.34,2070.02,2067.19,2064.75,2060.40,2061.40,2072.42,2082.76,2089.24,2095.44,2103.41,2112.90,2133.56,2155.84,2171.06,2185.05,2197.86,2203.29,2202.32,2199.39,2195.23,2193.42,2194.85,2202.30,2210.12,2210.32,2204.49,2194.80,2176.52,2161.64,2149.01,2140.64,2135.19,2130.00,2125.48,2120.62,2115.16,2107.80,2096.26,2086.93,2081.37,2073.01,2062.50,2053.02,2043.61,2036.46,2029.26,2021.11,2012.97,2007.05,2000.40,1991.76,1981.63,1969.66,1959.94,1953.33
1722.88,1718.13,1713.23,1706.48,1694.50,1685.57,1685.25,1688.58,1690.26,1689.80,1689.56,1690.25,1691.10,1691.45,1691.49,1691.34,1690.39,1689.83,1688.09,1683.79,1673.76,1673.10,1678.47,1680.29,1679.73,1683.29,1684.30,1682.10,1681.43,1681.74,1682.64,1684.26,1685.30,1686.07,1686.86,1687.67,1688.51,1688.55,1689.13,1689.19,1688.09,1686.03,1682.01,1676.97,1672.85,1670.54,1668.53,1666.49,1663.68,1659.63,1656.73,1654.46,1652.84,1650.78,1650.06,1651.49,1653.71,1656.48,1659.07,1661.25,1663.82,1666.70,1670.40,1677.77,1682.33,1684.09,1685.33,1686.05,1687.01,1689.50,1691.94,1694.33,1696.70,1698.78,1700.67,1701.22,1705.57,1709.32,1711.78,1716.54,1722.16,1727.69,1732.51,1736.61,1740.70,1745.13,1749.63,1759.04,1769.10,1775.97,1781.71,1792.54,1802.81,1818.33,1833.83,1848.13,1861.59,1875.19,1892.98,1910.00,1924.64,1938.60,1952.69,1968.24,1986.13,2001.47,2019.63,2042.72,2058.95,2077.78,2097.36,2111.77,2118.86,2121.57,2116.90,2109.18,2103.94,2093.69,2077.49,2063.25,2046.86,2028.37,2013.23,2000.03,2000.11,2003.34,2006.33,2009.55,2016.19,2022.42,2027.01,2031.57,2035.27,2035.47,2031.96,2020.42,2004.93,1992.64,1990.57,1992.89,1993.83,1990.61,1979.93,1968.70,1958.78,1952.60,1948.79,1947.13,1944.31,1941.63,1938.21,1936.34,1940.28,1945.95,1952.88,1961.58,1973.33,1985.24,1992.84,1997.02,2001.20,2005.86,2011.65,2018.93,2027.71,2040.64,2049.51,2053.47,2059.59,2062.59,2063.39,2065.36,2067.92,2063.70,2056.02,2056.01,2060.61,2068.49,2081.23,2102.62,2125.08,2142.83,2155.47,2167.56,2179.25,2185.34,2195.33,2198.95,2198.78,2195.23,2190.01,2183.50,2175.12,2164.20,2151.80,2139.98,2129.43,2116.59,2103.05,2092.07,2084.60,2082.35,2080.58,2080.73,2077.90,2077.50,2090.08,2097.23,2103.70,2116.02,2127.47,2132.87,2142.51,2159.21,2175.43,2194.01,2210.51,2217.91,2215.40,2209.33,2204.71,2203.34,2202.21,2209.58,2221.99,2225.24,2219.57,2208.30,2191.38,2171.57,2159.49,2147.66,2141.40,2136.75,2131.92,2127.13,2121.64,2115.20,2103.79,2093.33,2086.03,2080.00,2074.47,2069.35,2062.61,2054.01,2047.25,2041.13,2032.63,2022.68,2012.84,2003.09,1992.12,1981.09,1974.00,1970.52
1737.47,1732.05,1726.35,1718.21,1705.73,1697.76,1696.13,1696.78,1697.79,1697.49,1696.88,1696.17,1695.85,1695.49,1695.43,1695.53,1696.08,1697.11,1695.84,1689.76,1681.02,1683.08,1688.64,1690.16,1688.27,1695.12,1698.35,1693.63,1691.25,1689.75,1690.58,1691.40,1691.78,1692.15,1693.60,1695.31,1695.99,1697.31,1699.15,1700.33,1700.43,1697.49,1694.02,1688.67,1683.13,1678.31,1675.57,1673.24,1670.23,1666.70,1663.33,1660.60,1657.85,1654.99,1653.74,1654.66,1655.66,1656.76,1658.24,1660.44,1664.25,1668.38,1674.93,1687.25,1696.88,1700.79,1700.63,1697.59,1693.81,1692.89,1693.66,1695.69,1697.94,1700.15,1703.18,1705.71,1709.46,1712.50,1715.11,1718.85,1723.10,1727.86,1732.17,1736.30,1740.85,1745.94,1751.75,1760.72,1766.93,1772.03,1779.03,1789.58,1798.51,1810.58,1825.88,1842.09,1855.52,1869.64,1883.04,1898.35,1910.54,1924.09,1940.42,1957.50,1973.57,1992.18,2013.41,2036.27,2055.55,2070.36,2090.79,2106.91,2114.35,2116.48,2115.70,2112.60,2107.50,2092.49,2074.64,2058.55,2043.31,2025.89,2009.50,1992.83,1986.69,1987.41,1988.93,1990.45,1995.59,2002.25,2005.72,2010.67,2018.44,2022.95,2024.11,2018.59,2003.91,1988.61,1979.12,1983.39,1988.01,1987.68,1978.69,1965.85,1954.51,1947.83,1943.86,1942.03,1940.36,1937.64,1936.40,1942.63,1950.71,1958.36,1967.97,1979.85,1994.44,2003.09,2008.18,2010.36,2012.90,2016.43,2022.18,2031.12,2041.00,2048.73,2057.22,2062.13,2064.57,2067.08,2069.40,2070.70,2072.58,2071.17,2065.70,2066.37,2071.34,2083.74,2099.07,2114.41,2134.86,2152.62,2166.47,2181.56,2195.81,2203.89,2215.35,2221.06,2222.22,2219.34,2213.42,2205.57,2197.05,2188.14,2178.02,2165.31,2152.45,2138.48,2120.50,2106.79,2099.36,2096.23,2096.15,2095.63,2091.30,2093.98,2105.19,2115.64,2123.62,2135.81,2145.64,2153.72,2157.55,2168.75,2186.81,2205.65,2221.86,2227.61,2229.15,2226.80,2224.70,2225.73,2223.81,2226.38,2235.71,2241.84,2239.96,2226.77,2208.01,2192.72,2176.05,2162.55,2154.64,2150.38,2146.04,2141.19,2136.14,2131.26,2123.70,2112.31,2102.71,2095.06,2090.45,2086.17,2081.63,2076.05,2068.65,2061.21,2052.00,2039.60,2026.60,2015.51,2006.34,1999.56,1995.15,1992.12
1751.30,1748.14,1738.56,1728.54,1718.69,1711.69,1708.67,1706.80,1705.94,1704.93,1703.83,1702.24,1700.84,1699.94,1699.86,1700.19,1702.24,1704.28,1702.55,1693.52,1688.45,1692.71,1701.84,1702.17,1696.01,1703.86,1711.48,1709.40,1705.11,1700.48,1701.50,1701.37,1700.78,1700.67,1702.32,1704.55,1705.75,1707.92,1711.18,1712.97,1713.88,1713.57,1711.00,1705.35,1698.13,1690.49,1683.95,1680.67,1677.79,1674.10,1670.28,1666.87,1662.92,1659.38,1658.03,1658.77,1659.41,1659.57,1660.02,1662.18,1666.02,1671.11,1681.45,1700.35,1709.81,1714.42,1715.31,1713.31,1709.98,1705.79,1702.11,1700.64,1702.53,1703.50,1704.31,1707.49,1710.48,1713.16,1715.80,1718.49,1722.30,1726.68,1730.83,1735.15,1740.02,1745.96,1753.17,1760.00,1764.03,1768.77,1776.71,1786.49,1795.49,1805.47,1818.56,1835.19,1848.45,1860.51,1872.12,1884.98,1898.30,1914.22,1933.75,1952.00,1969.58,1987.13,2008.75,2029.21,2050.65,2064.43,2082.32,2100.82,2109.57,2111.49,2111.13,2109.67,2103.76,2084.80,2068.02,2051.48,2036.23,2020.91,2003.52,1986.53,1978.99,1977.52,1977.45,1976.51,1976.35,1981.64,1987.11,1992.94,2002.53,2009.35,2012.25,2011.50,2001.45,1986.40,1972.38,1973.57,1979.58,1982.61,1976.29,1963.48,1950.69,1943.14,1938.62,1935.79,1933.94,1938.14,1949.72,1959.80,1966.49,1972.95,1982.14,1997.52,2007.15,2010.80,2012.16,2012.74,2012.02,2014.51,2023.97,2038.69,2052.13,2057.68,2062.87,2069.16,2070.55,2071.13,2073.34,2074.53,2075.63,2074.20,2072.76,2076.88,2084.27,2098.24,2113.97,2129.81,2147.61,2162.13,2180.58,2202.70,2217.03,2228.78,2235.57,2240.72,2244.54,2244.98,2240.32,2229.78,2219.68,2210.38,2201.85,2189.89,2173.31,2154.69,2138.44,2125.40,2118.27,2115.98,2114.47,2113.23,2109.86,2108.15,2117.63,2131.34,2143.54,2151.54,2161.35,2167.68,2172.51,2182.74,2197.78,2216.13,2231.26,2240.15,2242.95,2243.31,2247.52,2252.27,2253.85,2252.26,2251.14,2254.76,2255.49,2246.47,2229.76,2214.85,2198.21,2183.40,2177.44,2172.93,2167.48,2161.80,2155.45,2148.25,2142.76,2134.85,2127.80,2121.16,2117.97,2114.25,2103.42,2089.02,2082.29,2076.22,2068.25,2057.24,2043.58,2032.02,2024.43,2019.50,2015.87,2012.91
1755.55,1752.87,1745.37,1739.11,1732.62,1725.85,1721.09,1717.77,1715.33,1713.02,1711.06,1709.80,1709.11,1709.12,1709.34,1709.58,1710.67,1711.62,1709.52,1699.51,1696.98,1703.63,1712.33,1712.97,1705.96,1714.02,1721.65,1721.85,1716.16,1711.22,1712.96,1713.55,1712.00,1711.14,1713.24,1716.07,1720.18,1720.65,1724.22,1724.56,1726.00,1726.98,1725.68,1721.98,1713.38,1704.26,1693.66,1688.13,1684.88,1680.29,1675.66,1672.13,1668.32,1664.59,1662.98,1663.27,1663.48,1663.51,1663.74,1665.73,1668.61,1674.49,1687.80,1705.88,1715.94,1727.20,1729.49,1726.16,1722.97,1719.20,1715.96,1713.60,1711.11,1707.78,1706.07,1708.07,1710.82,1713.27,1715.70,1718.11,1721.28,1725.88,1730.44,1734.83,1739.48,1745.48,1751.65,1757.01,1761.99,1767.15,1773.74,1781.13,1792.07,1801.60,1813.44,1826.23,1837.96,1851.19,1864.36,1880.72,1898.39,1915.25,1932.89,1950.09,1969.20,1989.82,2007.51,2026.66,2047.76,2062.24,2077.66,2091.13,2098.76,2101.11,2103.24,2103.29,2097.57,2080.27,2063.96,2047.43,2030.14,2014.95,1997.95,1982.23,1972.91,1969.33,1967.16,1963.16,1960.31,1964.83,1970.52,1976.17,1985.52,1994.82,2000.65,2002.16,1995.84,1983.29,1968.95,1964.80,1970.21,1975.94,1974.89,1962.18,1948.88,1939.89,1933.60,1931.43,1937.48,1950.46,1964.64,1974.80,1980.05,1983.41,1992.53,2001.22,2005.11,2007.01,2006.15,2004.42,2001.49,2011.65,2027.32,2046.09,2060.80,2069.20,2072.43,2074.72,2073.63,2075.03,2076.88,2078.00,2078.87,2079.21,2080.52,2085.35,2095.30,2111.03,2129.58,2147.69,2161.96,2174.59,2199.50,2222.69,2240.63,2254.12,2260.87,2266.49,2268.72,2268.97,2264.61,2254.28,2245.59,2236.07,2224.93,2211.05,2192.08,2173.33,2157.63,2147.05,2141.14,2138.96,2134.62,2133.23,2129.98,2122.83,2128.57,2143.89,2158.80,2169.82,2178.31,2180.82,2185.48,2195.50,2207.27,2226.89,2243.84,2253.07,2256.55,2261.24,2267.42,2270.72,2270.82,2270.89,2269.26,2265.68,2263.73,2259.91,2253.22,2237.74,2221.18,2204.41,2198.11,2195.12,2191.60,2186.11,2179.89,2171.02,2162.66,2156.05,2147.44,2140.84,2137.32,2134.84,2132.03,2120.32,2098.78,2088.66,2081.04,2072.51,2061.88,2053.46,2047.12,2042.52,2039.13,2035.30
1755.90,1752.72,1749.20,1746.02,1743.67,1739.92,1736.22,1733.03,1729.06,1724.64,1721.78,1721.62,1721.98,1722.34,1721.96,1721.18,1720.19,1719.37,1717.37,1711.44,1710.28,1716.84,1723.55,1725.13,1719.91,1728.18,1734.18,1732.54,1725.44,1721.90,1724.67,1726.42,1724.17,1721.03,1725.27,1730.90,1733.24,1733.40,1738.17,1740.41,1740.76,1740.71,1739.11,1735.40,1725.76,1715.83,1707.17,1698.79,1692.09,1685.85,1680.66,1676.99,1673.66,1670.37,1668.44,1668.04,1667.91,1667.77,1667.66,1669.50,1672.45,1677.71,1690.90,1707.99,1719.85,1734.03,1738.53,1738.09,1736.50,1734.21,1731.44,1727.00,1722.08,1713.53,1709.99,1709.41,1711.50,1714.40,1717.25,1719.73,1722.48,1727.24,1731.70,1735.74,1740.05,1745.09,1750.38,1755.83,1761.76,1768.17,1775.21,1781.01,1788.51,1796.36,1808.36,1825.00,1837.21,1852.25,1867.21,1884.36,1901.18,1914.82,1929.61,1946.55,1969.53,1989.65,2007.06,2023.66,2042.28,2056.80,2068.47,2078.44,2083.09,2083.73,2089.47,2092.36,2087.76,2076.00,2059.22,2042.41,2024.35,2008.56,1993.17,1979.84,1970.03,1961.59,1955.77,1949.98,1947.32,1950.17,1953.40,1957.92,1969.24,1979.99,1987.94,1991.63,1988.51,1979.25,1963.65,1958.07,1962.04,1969.08,1973.10,1961.93,1949.71,1938.51,1930.44,1932.96,1946.59,1961.19,1975.64,1987.24,1988.61,1987.51,1991.07,1995.01,1996.57,1997.48,1996.42,1994.07,1996.04,2013.35,2031.52,2051.57,2067.73,2078.67,2080.08,2078.29,2076.61,2078.49,2081.78,2086.11,2089.89,2092.29,2093.91,2095.91,2104.82,2123.86,2143.41,2161.75,2174.15,2190.56,2215.79,2240.92,2260.74,2275.65,2284.37,2290.42,2293.33,2293.76,2298.70,2284.42,2266.68,2258.35,2246.30,2229.19,2209.82,2193.31,2176.40,2166.96,2163.85,2161.65,2158.07,2154.08,2151.19,2142.08,2139.79,2155.22,2172.11,2184.80,2192.76,2192.55,2194.11,2204.63,2218.64,2239.22,2254.14,2262.58,2268.91,2276.16,2283.04,2284.47,2283.85,2283.50,2282.23,2277.13,2271.41,2269.76,2266.26,2255.06,2242.91,2229.35,2222.32,2216.61,2210.19,2206.98,2204.07,2196.84,2186.32,2175.13,2167.58,2163.56,2159.87,2157.55,2153.19,2144.95,2131.49,2109.33,2094.22,2087.72,2080.74,2073.49,2067.58,2064.44,2062.21,2059.14
1754.18,1752.90,1751.07,1751.17,1751.14,1751.08,1750.30,1748.44,1744.02,1739.14,1735.79,1735.35,1734.87,1734.49,1734.23,1733.83,1733.29,1731.92,1728.97,1725.38,1725.15,1731.14,1737.87,1738.38,1735.95,1743.72,1749.66,1743.68,1734.65,1732.48,1736.38,1738.45,1736.15,1731.83,1739.31,1745.77,1747.06,1748.79,1753.99,1756.74,1756.71,1758.30,1756.33,1748.27,1738.40,1726.85,1718.31,1710.82,1701.94,1693.57,1687.02,1682.85,1679.81,1676.82,1674.40,1673.28,1672.72,1672.23,1672.00,1672.99,1675.74,1680.70,1691.56,1706.13,1722.30,1731.93,1741.14,1742.28,1742.01,1740.78,1738.79,1736.15,1733.67,1728.60,1721.43,1716.63,1715.15,1715.32,1718.03,1721.02,1724.14,1727.20,1730.78,1735.87,1740.53,1745.39,1750.61,1756.69,1763.28,1770.47,1776.72,1782.61,1788.20,1796.67,1811.22,1827.64,1842.10,1857.80,1873.35,1887.43,1902.13,1914.18,1929.09,1945.93,1966.71,1983.45,2001.13,2016.38,2030.94,2044.90,2056.16,2064.47,2067.88,2069.84,2075.66,2081.56,2079.72,2068.89,2052.72,2034.75,2018.43,2002.51,1988.27,1976.49,1966.29,1954.85,1948.18,1942.16,1938.10,1938.96,1938.10,1940.40,1953.41,1965.16,1975.70,1984.14,1983.67,1974.53,1958.62,1953.11,1955.53,1962.38,1969.76,1962.37,1951.54,1937.40,1927.89,1938.36,1957.35,1971.53,1990.16,1996.10,1990.92,1985.52,1983.56,1984.07,1986.38,1988.01,1987.32,1987.30,1995.09,2014.49,2035.23,2054.75,2070.40,2081.15,2083.02,2079.98,2080.16,2085.19,2094.18,2104.39,2111.15,2114.14,2115.00,2114.89,2119.68,2134.72,2154.86,2171.98,2187.42,2207.60,2232.79,2258.45,2277.07,2295.64,2308.12,2311.18,2312.93,2313.46,2322.28,2321.80,2298.78,2274.39,2261.09,2244.97,2230.33,2214.48,2199.43,2192.48,2190.61,2186.47,2180.10,2175.18,2170.84,2161.59,2151.73,2165.23,2183.25,2196.54,2204.60,2203.78,2201.70,2212.57,2230.51,2251.20,2262.84,2272.87,2282.04,2289.00,2294.55,2297.80,2298.72,2296.50,2294.34,2292.31,2287.93,2284.89,2280.03,2272.38,2265.73,2255.43,2249.07,2243.65,2233.73,2229.24,2228.84,2221.93,2209.64,2197.65,2190.31,2187.14,2180.89,2171.97,2165.84,2161.00,2151.24,2136.32,2119.22,2103.99,2097.91,2092.61,2087.18,2082.85,2078.99,2075.53
1750.55,1751.70,1751.81,1754.00,1755.29,1755.80,1755.52,1754.87,1752.24,1749.26,1748.39,1745.53,1742.47,1740.98,1740.92,1740.97,1741.87,1742.43,1742.14,1741.24,1741.52,1744.21,1749.28,1751.34,1750.28,1755.82,1762.62,1755.94,1746.11,1744.46,1747.85,1749.86,1748.33,1744.84,1750.76,1760.01,1762.87,1765.19,1771.20,1775.79,1777.92,1778.36,1774.58,1766.20,1752.91,1739.88,1730.50,1721.57,1712.67,1704.11,1696.29,1690.09,1686.63,1683.76,1680.75,1678.89,1677.82,1677.28,1676.96,1677.19,1678.99,1682.83,1690.37,1701.28,1717.45,1725.96,1736.67,1742.81,1744.94,1744.78,1744.42,1742.86,1741.29,1738.59,1733.97,1728.24,1722.81,1719.84,1719.03,1722.47,1727.42,1729.64,1731.89,1735.55,1740.14,1746.27,1752.30,1758.24,1763.05,1769.66,1776.85,1784.02,1791.07,1802.02,1818.87,1834.95,1849.59,1865.02,1878.92,1890.21,1903.41,1915.37,1930.16,1945.14,1961.43,1975.91,1991.13,2006.62,2019.23,2029.23,2038.82,2047.64,2051.82,2056.22,2062.24,2069.51,2071.35,2062.01,2047.47,2030.56,2012.55,1997.27,1983.57,1971.89,1958.84,1945.31,1939.27,1936.34,1932.95,1930.29,1929.16,1930.52,1940.68,1954.72,1967.65,1977.71,1979.06,1968.11,1953.92,1949.10,1950.25,1956.60,1965.50,1962.51,1952.47,1936.27,1926.20,1945.35,1964.53,1983.27,2000.40,1998.92,1991.14,1983.82,1978.45,1977.56,1978.65,1979.75,1981.04,1986.70,1997.46,2015.35,2037.42,2055.70,2068.41,2079.91,2085.58,2084.50,2085.86,2094.02,2108.91,2126.01,2137.74,2141.99,2140.45,2136.78,2136.19,2146.32,2164.97,2182.91,2201.19,2222.96,2247.48,2270.34,2289.67,2309.31,2324.95,2331.64,2329.10,2325.57,2335.37,2339.83,2334.80,2306.03,2277.23,2260.62,2248.31,2233.38,2223.58,2220.97,2218.45,2213.56,2206.45,2198.72,2191.03,2181.93,2168.35,2172.30,2190.22,2203.53,2211.67,2210.30,2208.45,2221.22,2241.48,2258.80,2271.10,2283.18,2292.35,2299.57,2305.17,2309.47,2312.36,2312.95,2311.47,2310.19,2308.67,2306.84,2304.15,2297.67,2289.04,2279.68,2274.64,2269.79,2260.00,2253.00,2249.26,2238.66,2224.70,2214.43,2209.76,2205.61,2198.58,2187.95,2177.11,2170.40,2163.18,2154.20,2143.95,2135.13,2118.87,2106.81,2103.65,2100.20,2093.74,2087.78
1745.70,1748.68,1750.89,1752.60,1753.10,1753.06,1752.93,1752.71,1752.28,1751.17,1749.14,1746.97,1743.94,1742.76,1742.68,1742.84,1744.71,1746.39,1748.98,1751.29,1752.76,1755.73,1760.95,1765.15,1766.13,1770.92,1773.86,1766.40,1760.03,1759.31,1760.38,1761.86,1761.13,1756.67,1762.99,1775.76,1778.30,1782.44,1787.94,1792.18,1795.54,1794.31,1788.61,1781.14,1770.23,1757.51,1746.31,1738.66,1726.81,1715.61,1707.19,1700.92,1696.07,1692.01,1688.28,1685.54,1683.55,1682.61,1682.17,1681.94,1683.22,1685.32,1688.90,1696.87,1708.80,1720.59,1728.12,1738.99,1744.41,1747.91,1748.97,1749.55,1749.85,1749.49,1746.95,1741.30,1734.71,1730.52,1726.83,1728.54,1732.39,1735.03,1737.54,1739.54,1741.58,1747.30,1752.10,1757.40,1767.70,1781.80,1787.57,1790.82,1797.28,1809.99,1828.52,1844.75,1858.18,1873.39,1886.21,1895.73,1905.87,1917.64,1929.87,1941.53,1955.80,1969.43,1981.83,1996.43,2009.16,2017.10,2022.35,2027.14,2031.28,2037.40,2046.69,2057.34,2062.62,2058.91,2045.75,2027.16,2007.98,1991.93,1977.57,1964.05,1951.00,1939.29,1933.19,1930.54,1928.00,1925.22,1923.96,1927.29,1938.64,1953.45,1963.91,1972.39,1971.44,1960.43,1949.78,1946.65,1948.16,1953.84,1962.61,1962.61,1952.30,1934.67,1923.48,1943.59,1965.35,1987.31,2000.78,1998.67,1990.57,1982.83,1978.03,1977.93,1980.08,1982.17,1983.73,1988.37,2001.64,2018.59,2040.20,2059.25,2074.89,2084.24,2090.06,2092.61,2095.85,2112.28,2137.21,2154.14,2160.83,2164.20,2165.52,2163.30,2158.81,2160.64,2175.09,2193.86,2213.29,2236.50,2262.13,2284.54,2304.13,2322.83,2335.86,2343.60,2340.10,2333.48,2344.66,2352.36,2343.93,2328.91,2300.76,2276.16,2261.31,2248.53,2244.95,2246.58,2245.64,2241.43,2233.48,2224.70,2212.74,2200.44,2186.60,2179.55,2196.39,2208.15,2214.51,2214.00,2214.53,2229.37,2247.49,2263.93,2277.71,2290.06,2300.62,2307.98,2312.30,2315.80,2319.14,2322.12,2324.51,2325.99,2327.78,2328.36,2326.33,2317.96,2307.63,2300.57,2295.72,2290.69,2281.89,2274.31,2266.53,2253.67,2242.40,2233.20,2226.95,2217.93,2208.10,2197.87,2187.80,2180.49,2174.33,2170.27,2163.40,2151.59,2139.48,2125.30,2116.26,2112.17,2106.02,2095.75
1740.45,1743.79,1746.34,1747.26,1746.47,1746.47,1746.95,1747.00,1746.91,1746.01,1744.54,1743.68,1742.36,1741.88,1741.96,1742.85,1745.79,1748.76,1752.19,1755.43,1758.12,1762.94,1769.07,1773.70,1776.06,1782.86,1784.20,1776.30,1772.73,1774.25,1779.27,1782.83,1777.32,1772.63,1780.47,1792.60,1793.18,1798.13,1802.09,1807.25,1809.83,1808.08,1802.72,1794.22,1784.79,1777.46,1767.42,1756.04,1744.47,1732.07,1720.23,1712.37,1706.66,1701.28,1695.92,1692.61,1689.85,1688.22,1687.64,1686.94,1687.61,1688.20,1690.27,1694.77,1702.45,1714.25,1723.83,1730.38,1741.43,1748.24,1751.87,1753.19,1754.25,1754.68,1753.89,1751.98,1748.80,1744.95,1741.74,1738.09,1738.84,1741.74,1744.95,1746.07,1745.90,1746.88,1752.58,1766.47,1781.87,1794.01,1800.29,1803.39,1809.97,1823.06,1839.97,1853.51,1866.96,1883.39,1894.48,1901.56,1908.96,1918.00,1927.40,1936.90,1949.10,1962.16,1974.23,1982.78,1994.49,2004.04,2008.99,2012.02,2016.94,2024.67,2031.85,2041.02,2050.11,2051.00,2038.79,2020.59,2003.40,1987.86,1972.21,1956.12,1944.40,1934.82,1927.96,1923.58,1921.94,1920.27,1919.36,1925.79,1937.94,1948.86,1956.22,1964.47,1963.12,1952.98,1945.80,1944.30,1947.51,1952.73,1960.71,1961.97,1951.88,1931.85,1918.32,1937.10,1960.11,1976.35,1992.82,1995.88,1989.58,1981.99,1979.47,1982.37,1987.24,1990.86,1993.51,1995.45,2006.20,2022.10,2042.76,2060.73,2080.25,2090.35,2097.65,2106.12,2116.20,2138.80,2160.13,2171.09,2182.21,2187.86,2188.03,2183.68,2176.61,2174.26,2186.39,2204.91,2224.48,2250.62,2276.39,2300.84,2318.40,2338.95,2349.98,2352.09,2348.77,2338.17,2348.76,2359.65,2347.91,2332.65,2310.90,2287.12,2272.72,2263.71,2265.51,2269.14,2266.74,2259.79,2253.06,2244.75,2233.49,2219.64,2204.16,2190.09,2200.36,2212.04,2218.28,2219.18,2218.86,2233.88,2251.57,2267.44,2281.58,2293.88,2306.65,2312.73,2316.13,2320.40,2324.70,2328.71,2334.45,2339.49,2342.40,2343.93,2341.36,2332.12,2320.43,2313.94,2312.06,2305.01,2295.02,2285.82,2276.81,2266.49,2257.04,2246.27,2236.50,2226.01,2216.61,2207.28,2196.88,2188.94,2183.18,2180.33,2174.11,2162.78,2150.04,2136.53,2124.16,2116.60,2111.12,2100.22
1734.89,1737.97,1738.82,1737.34,1736.01,1736.83,1737.74,1738.03,1737.93,1737.77,1737.67,1737.98,1738.54,1739.23,1739.88,1741.38,1744.41,1748.46,1753.16,1757.85,1762.64,1768.59,1775.00,1781.08,1787.03,1794.69,1795.21,1787.73,1785.53,1787.79,1797.58,1805.33,1798.64,1791.94,1794.95,1804.42,1808.16,1810.89,1814.10,1817.79,1820.41,1819.56,1814.71,1807.18,1800.02,1794.48,1786.52,1774.25,1760.74,1748.21,1737.74,1727.25,1718.11,1711.19,1705.02,1700.57,1697.50,1694.78,1693.61,1692.58,1692.37,1692.19,1693.76,1696.52,1701.00,1709.13,1719.89,1725.10,1733.54,1746.32,1752.62,1756.24,1758.20,1758.97,1758.35,1757.64,1756.84,1755.72,1753.09,1750.79,1750.91,1753.71,1755.80,1755.14,1753.00,1751.72,1758.95,1775.83,1791.43,1802.45,1810.88,1817.72,1825.04,1837.30,1849.37,1862.09,1876.82,1890.35,1898.31,1904.25,1910.15,1917.84,1925.91,1933.66,1943.20,1955.40,1965.15,1970.96,1976.02,1982.21,1988.83,1995.27,2001.70,2011.89,2021.25,2026.16,2030.53,2030.37,2023.43,2011.93,1998.29,1985.69,1968.58,1950.20,1940.52,1932.03,1924.59,1918.47,1916.01,1915.03,1915.07,1920.95,1932.12,1941.33,1950.30,1955.99,1951.64,1944.65,1940.78,1942.78,1946.78,1952.10,1959.58,1961.06,1950.89,1928.26,1912.22,1926.67,1950.95,1966.10,1981.85,1990.59,1988.98,1985.80,1986.77,1992.03,1997.22,2001.95,2006.60,2010.08,2015.07,2025.69,2045.20,2063.09,2081.03,2093.63,2105.08,2119.20,2133.29,2155.39,2175.98,2195.82,2205.68,2211.35,2212.20,2206.93,2198.70,2194.85,2195.51,2211.64,2232.40,2258.73,2284.42,2306.12,2325.65,2348.71,2354.69,2352.65,2348.90,2345.73,2357.89,2358.75,2349.19,2337.31,2322.54,2300.81,2280.86,2276.91,2284.24,2289.81,2287.36,2278.37,2268.05,2259.70,2249.83,2236.77,2221.34,2202.23,2204.26,2214.15,2221.08,2224.14,2225.28,2238.64,2256.33,2269.96,2284.57,2297.83,2310.22,2316.13,2319.88,2325.59,2331.19,2337.54,2341.87,2345.36,2349.80,2354.77,2354.46,2344.59,2332.69,2324.18,2321.24,2314.73,2303.01,2290.94,2281.39,2271.88,2262.29,2248.74,2238.59,2232.81,2227.59,2218.67,2208.91,2197.79,2189.90,2185.10,2179.24,2168.31,2156.55,2144.71,2130.40,2118.55,2112.87,2105.95
1728.83,1731.28,1730.63,1726.82,1723.18,1725.41,1727.45,1728.14,1728.59,1728.66,1728.78,1729.40,1730.83,1732.62,1734.59,1737.40,1741.02,1746.43,1752.55,1758.17,1764.98,1771.89,1778.72,1787.18,1795.22,1802.29,1804.24,1799.66,1799.01,1802.10,1812.86,1819.96,1813.54,1811.93,1811.91,1817.05,1820.31,1821.16,1823.17,1825.41,1826.60,1823.98,1821.99,1820.95,1817.37,1811.26,1802.83,1790.85,1778.17,1766.49,1755.13,1744.94,1735.78,1726.62,1718.80,1712.57,1707.48,1703.22,1700.46,1699.33,1699.06,1698.62,1698.50,1699.95,1701.72,1706.70,1714.48,1721.69,1729.19,1740.25,1751.37,1756.88,1761.15,1763.33,1763.88,1765.61,1766.47,1765.83,1763.52,1762.46,1764.43,1768.01,1769.13,1766.47,1761.58,1757.74,1762.59,1779.48,1795.91,1809.03,1821.31,1829.25,1839.28,1848.54,1859.32,1870.46,1883.97,1892.46,1897.83,1902.61,1908.26,1916.99,1925.04,1930.88,1938.36,1949.14,1956.13,1959.27,1961.38,1964.33,1969.38,1976.20,1985.20,1995.82,2005.10,2009.79,2010.43,2008.95,2006.53,2000.38,1991.83,1981.66,1962.93,1946.55,1936.15,1927.83,1920.32,1914.66,1910.76,1909.76,1910.17,1914.12,1923.17,1934.84,1945.19,1946.03,1940.80,1937.13,1937.26,1940.83,1945.47,1951.14,1958.62,1958.76,1948.34,1924.51,1908.57,1914.84,1940.20,1958.88,1972.99,1982.60,1985.12,1987.11,1992.00,2000.18,2008.81,2015.52,2020.15,2028.63,2034.95,2042.39,2056.93,2075.59,2090.86,2105.71,2125.61,2140.51,2150.03,2169.12,2193.18,2210.91,2220.28,2226.33,2228.60,2225.99,2221.24,2215.39,2206.63,2217.11,2237.45,2262.95,2287.74,2306.97,2324.64,2343.58,2350.49,2349.88,2348.59,2359.59,2362.86,2359.20,2355.50,2349.10,2334.21,2310.86,2291.54,2294.06,2304.86,2312.14,2308.99,2295.76,2283.20,2276.46,2264.39,2251.60,2234.80,2213.28,2209.05,2218.34,2226.59,2230.22,2234.48,2247.59,2264.31,2279.97,2296.36,2308.07,2316.84,2323.75,2329.97,2335.51,2339.70,2341.97,2344.18,2347.70,2354.40,2362.49,2365.14,2353.94,2338.92,2329.27,2321.44,2314.47,2304.42,2293.28,2282.52,2273.53,2261.95,2250.31,2241.75,2237.08,2233.59,2227.59,2220.92,2210.26,2198.66,2189.19,2182.36,2171.31,2160.21,2149.85,2135.04,2120.93,2116.54,2111.67
1720.80,1722.67,1721.12,1714.70,1708.82,1711.77,1716.64,1717.96,1718.68,1718.84,1719.30,1720.75,1723.08,1725.94,1728.85,1732.72,1737.91,1744.96,1752.04,1757.73,1764.98,1772.82,1780.25,1790.33,1799.90,1807.30,1811.68,1811.61,1812.62,1816.80,1824.89,1829.49,1823.69,1821.88,1821.73,1821.80,1820.95,1821.16,1824.64,1829.23,1828.20,1823.71,1823.04,1827.21,1829.92,1826.74,1815.59,1805.80,1796.91,1787.22,1775.17,1764.50,1754.39,1743.86,1735.56,1727.70,1720.59,1714.54,1709.89,1706.89,1705.70,1704.91,1704.31,1704.23,1704.69,1705.80,1709.76,1717.16,1726.91,1735.06,1746.44,1756.00,1761.53,1765.65,1769.17,1771.74,1772.95,1772.73,1771.89,1773.04,1776.95,1779.72,1780.50,1778.65,1772.22,1766.07,1767.11,1780.44,1796.54,1811.95,1827.50,1839.78,1850.19,1858.61,1867.20,1877.35,1887.36,1892.94,1896.43,1899.13,1905.22,1914.81,1922.88,1927.65,1932.47,1937.50,1944.75,1949.07,1950.71,1953.24,1956.71,1963.49,1973.07,1980.28,1985.58,1983.52,1986.49,1990.12,1990.04,1987.36,1981.98,1970.88,1954.36,1940.18,1928.82,1921.52,1915.50,1910.45,1906.91,1905.77,1906.23,1910.63,1921.75,1933.15,1939.65,1935.26,1930.97,1931.72,1934.52,1939.75,1946.11,1952.11,1956.93,1953.61,1940.56,1918.99,1905.95,1906.67,1930.39,1954.30,1966.56,1974.61,1979.02,1983.42,1993.45,2005.83,2018.87,2028.60,2037.14,2045.37,2052.72,2061.30,2074.85,2090.78,2108.45,2127.29,2147.84,2160.84,2172.02,2185.70,2204.72,2223.06,2233.05,2240.58,2245.36,2244.55,2237.96,2231.91,2222.90,2231.01,2247.03,2263.57,2286.38,2305.22,2319.88,2336.97,2347.79,2352.03,2355.57,2364.12,2367.85,2367.60,2366.11,2356.39,2336.96,2314.10,2306.52,2310.01,2323.60,2329.72,2320.40,2307.93,2297.72,2291.26,2276.19,2260.67,2243.01,2220.08,2214.86,2226.45,2237.95,2242.75,2247.10,2258.53,2276.53,2295.16,2311.53,2323.88,2335.10,2339.52,2340.98,2341.51,2342.41,2344.39,2346.56,2349.10,2358.41,2368.87,2374.02,2359.77,2342.73,2330.70,2317.31,2306.76,2298.63,2290.29,2277.49,2271.70,2262.42,2254.54,2247.38,2239.71,2235.22,2232.92,2227.71,2219.86,2208.34,2195.80,2185.28,2174.61,2163.44,2149.89,2134.43,2125.20,2119.69,2113.51
1710.58,1712.94,1710.83,1701.58,1695.67,1697.92,1704.28,1707.45,1708.20,1708.41,1709.46,1712.35,1716.03,1720.20,1724.72,1730.32,1737.21,1744.59,1751.74,1757.90,1766.04,1774.12,1782.39,1793.48,1804.28,1811.30,1816.45,1822.56,1826.42,1827.70,1827.82,1829.50,1827.85,1822.61,1815.30,1809.76,1806.70,1805.84,1812.68,1819.51,1820.45,1816.48,1816.31,1821.73,1826.65,1828.98,1825.39,1820.99,1812.90,1801.21,1790.28,1781.61,1773.83,1764.97,1753.99,1744.48,1735.48,1727.35,1721.26,1716.67,1713.50,1711.58,1710.39,1709.62,1709.13,1708.49,1708.79,1712.98,1720.13,1729.68,1738.82,1753.32,1761.14,1766.43,1771.18,1774.75,1776.87,1777.32,1776.65,1778.27,1781.20,1782.55,1783.01,1782.39,1779.26,1774.88,1774.31,1781.24,1794.90,1811.08,1829.54,1845.43,1857.58,1865.12,1872.51,1881.02,1888.71,1891.98,1892.35,1894.29,1901.81,1911.42,1919.64,1923.79,1926.28,1927.66,1929.28,1935.37,1940.93,1944.17,1947.36,1953.62,1962.09,1967.23,1967.30,1959.37,1964.15,1972.52,1973.48,1972.04,1966.31,1956.12,1944.47,1932.10,1921.85,1915.27,1910.47,1906.33,1903.26,1901.69,1903.86,1911.36,1923.16,1932.29,1930.97,1924.43,1923.39,1927.14,1930.59,1939.29,1947.11,1952.44,1952.21,1944.38,1927.68,1910.90,1901.26,1902.35,1921.49,1945.96,1957.71,1965.56,1971.66,1981.47,1995.51,2012.49,2027.66,2041.63,2052.22,2061.38,2069.68,2079.18,2092.00,2108.97,2127.35,2145.13,2160.88,2175.83,2189.38,2197.44,2212.87,2230.96,2243.02,2250.90,2256.01,2256.15,2251.29,2248.17,2240.70,2247.72,2260.74,2276.35,2293.92,2309.97,2330.07,2348.03,2359.83,2365.46,2366.84,2370.75,2375.53,2376.00,2369.95,2355.52,2336.84,2323.43,2322.11,2328.87,2339.70,2336.66,2323.41,2313.81,2311.12,2301.63,2283.45,2266.79,2246.58,2224.65,2222.09,2236.95,2247.01,2256.67,2265.94,2275.88,2290.40,2309.56,2326.92,2339.86,2343.56,2344.41,2344.48,2344.39,2344.73,2347.31,2350.49,2352.89,2361.79,2374.94,2379.32,2360.54,2343.98,2330.58,2316.21,2299.72,2293.70,2284.37,2268.42,2264.09,2261.52,2255.39,2249.99,2241.70,2233.38,2231.75,2231.35,2225.52,2216.16,2202.83,2189.80,2178.45,2164.49,2147.32,2131.70,2122.89,2115.55,2109.00
1699.81,1702.92,1700.47,1689.72,1684.51,1686.23,1691.94,1695.79,1695.76,1697.17,1701.28,1705.70,1710.45,1716.21,1722.27,1729.25,1736.08,1744.13,1752.35,1758.77,1768.04,1776.28,1785.88,1797.93,1807.38,1814.09,1820.18,1826.21,1825.67,1825.27,1822.19,1820.07,1818.95,1813.90,1801.44,1792.39,1789.62,1789.67,1795.66,1803.49,1804.36,1801.52,1803.66,1811.64,1819.20,1822.77,1827.75,1830.81,1826.48,1816.50,1804.27,1795.72,1789.73,1783.13,1773.96,1762.14,1750.79,1739.91,1733.20,1727.90,1724.07,1720.21,1717.98,1716.70,1715.18,1713.76,1712.46,1713.27,1717.22,1724.20,1733.18,1744.12,1758.55,1765.91,1772.24,1777.22,1780.24,1781.47,1781.40,1781.85,1783.30,1784.66,1785.17,1784.71,1783.22,1782.50,1783.41,1785.70,1794.52,1811.80,1830.35,1846.98,1860.11,1867.21,1874.31,1881.29,1886.65,1888.53,1888.34,1889.49,1897.39,1908.34,1915.13,1918.24,1919.91,1920.90,1923.42,1926.62,1930.05,1932.40,1934.36,1941.55,1951.42,1953.78,1951.27,1939.70,1941.02,1947.52,1949.62,1949.44,1947.06,1942.36,1934.76,1924.79,1916.23,1909.82,1905.67,1901.82,1898.59,1897.24,1903.01,1912.73,1923.56,1928.98,1923.83,1917.39,1917.88,1920.98,1927.20,1938.33,1945.82,1948.83,1942.85,1930.77,1916.58,1902.86,1898.84,1899.58,1913.79,1932.07,1946.99,1957.91,1970.51,1985.75,2002.87,2022.87,2041.68,2056.58,2069.35,2079.12,2090.67,2104.55,2118.15,2132.53,2146.09,2159.08,2172.49,2188.77,2199.96,2206.72,2216.98,2232.52,2245.45,2255.20,2262.81,2266.57,2265.75,2264.29,2259.49,2262.59,2276.06,2294.48,2307.95,2325.55,2348.10,2358.54,2369.10,2377.42,2381.83,2385.96,2388.66,2384.78,2376.05,2357.76,2341.59,2336.78,2342.58,2350.41,2351.36,2337.75,2326.04,2321.45,2318.59,2305.16,2286.88,2269.95,2247.66,2232.32,2234.79,2245.57,2260.80,2273.43,2283.97,2293.97,2306.82,2323.74,2339.49,2342.19,2343.32,2346.16,2347.76,2347.95,2347.32,2348.22,2353.62,2359.53,2365.28,2374.67,2370.77,2356.91,2343.43,2334.98,2320.82,2305.13,2298.00,2287.87,2272.05,2260.40,2257.11,2257.06,2257.51,2248.53,2237.03,2228.72,2230.35,2227.27,2218.21,2206.56,2191.22,2179.18,2162.77,2145.37,2130.39,2121.22,2112.63,2102.42
1688.49,1692.03,1690.54,1681.92,1674.65,1675.02,1680.68,1685.05,1685.51,1690.17,1694.72,1700.24,1707.38,1714.08,1720.47,1727.52,1734.33,1743.32,1752.61,1759.57,1768.92,1778.12,1789.71,1800.05,1808.90,1815.19,1817.61,1814.10,1812.46,1814.78,1813.00,1807.40,1805.20,1804.78,1795.42,1780.49,1775.05,1776.26,1780.99,1788.37,1789.92,1788.30,1790.75,1797.90,1806.33,1811.94,1820.99,1830.01,1832.74,1829.54,1821.26,1812.43,1805.98,1801.51,1795.39,1782.41,1765.80,1752.91,1746.79,1742.55,1738.15,1734.40,1730.31,1726.94,1723.64,1720.26,1718.19,1717.58,1718.03,1722.27,1730.64,1737.36,1749.76,1763.23,1771.59,1778.97,1782.80,1785.39,1786.56,1785.95,1785.84,1786.83,1787.38,1787.55,1787.93,1788.87,1791.38,1794.48,1802.85,1817.51,1833.98,1847.99,1860.93,1867.65,1873.97,1880.10,1884.17,1884.93,1884.85,1886.21,1892.67,1904.28,1909.35,1911.29,1912.28,1913.75,1917.52,1919.61,1921.84,1925.27,1928.03,1930.74,1934.23,1933.89,1929.03,1920.59,1922.01,1929.40,1931.09,1929.44,1928.67,1928.01,1924.23,1917.64,1911.06,1905.05,1900.63,1896.01,1892.04,1893.48,1902.70,1913.34,1922.25,1924.24,1917.77,1911.82,1911.72,1914.74,1924.61,1935.62,1940.65,1938.43,1930.20,1920.00,1905.66,1898.30,1897.98,1903.26,1920.55,1938.32,1952.31,1965.16,1980.57,1999.29,2018.80,2041.15,2058.67,2074.36,2088.62,2103.20,2117.10,2130.55,2140.43,2150.50,2162.31,2175.78,2189.51,2202.15,2209.70,2217.92,2226.47,2234.97,2243.30,2253.54,2264.38,2272.40,2277.70,2281.56,2281.64,2280.55,2288.19,2305.81,2319.97,2342.33,2353.98,2360.30,2370.76,2383.07,2393.80,2397.72,2394.78,2390.25,2376.81,2361.40,2352.95,2354.21,2361.59,2364.25,2355.19,2340.34,2331.55,2327.60,2320.30,2307.03,2287.49,2269.43,2249.83,2243.74,2249.13,2259.70,2274.64,2287.46,2299.32,2309.69,2322.77,2334.88,2339.46,2339.82,2342.80,2347.04,2349.57,2351.35,2350.64,2349.28,2352.27,2358.26,2363.08,2366.83,2358.55,2350.29,2344.99,2342.29,2332.68,2321.39,2312.13,2298.87,2283.10,2271.17,2261.38,2260.05,2261.05,2252.47,2240.83,2230.83,2223.06,2221.91,2219.05,2207.39,2189.67,2177.14,2161.07,2142.80,2126.57,2117.32,2108.39,2093.75
1678.09,1682.71,1682.02,1674.04,1666.24,1665.38,1670.81,1674.27,1676.87,1682.33,1688.29,1697.31,1705.18,1711.20,1716.74,1722.86,1729.25,1739.76,1750.45,1759.07,1768.33,1779.13,1791.48,1801.46,1810.44,1814.44,1811.01,1802.98,1798.88,1801.70,1801.08,1791.80,1786.34,1792.21,1788.07,1770.83,1759.47,1760.34,1767.97,1773.74,1775.26,1774.12,1777.08,1784.14,1791.05,1797.53,1807.15,1816.12,1826.12,1834.57,1836.09,1831.71,1825.09,1817.20,1807.98,1798.24,1782.51,1767.93,1760.06,1756.59,1751.72,1747.86,1743.00,1739.54,1735.73,1731.05,1726.58,1723.87,1722.73,1723.65,1729.98,1738.09,1745.94,1756.75,1768.21,1778.51,1784.43,1788.42,1790.43,1789.61,1788.44,1789.03,1790.09,1791.29,1793.28,1796.67,1800.85,1806.00,1814.53,1827.02,1840.20,1850.51,1862.34,1868.86,1873.99,1878.39,1881.31,1881.54,1881.35,1881.91,1888.19,1898.87,1901.53,1903.01,1904.97,1907.09,1910.85,1913.07,1915.95,1921.40,1923.83,1921.74,1917.25,1913.10,1909.16,1901.71,1902.82,1910.11,1913.61,1913.22,1912.81,1913.97,1911.99,1906.98,1901.94,1897.59,1892.59,1887.92,1884.42,1888.97,1901.37,1912.56,1920.53,1920.56,1913.48,1907.46,1906.27,1909.99,1921.17,1931.13,1933.57,1928.92,1920.59,1907.83,1898.40,1897.13,1905.26,1924.83,1944.06,1958.25,1970.05,1984.99,2000.09,2017.16,2031.65,2051.26,2069.02,2086.36,2102.28,2118.30,2131.02,2142.92,2152.56,2162.44,2174.49,2187.24,2200.09,2211.05,2220.64,2233.44,2247.14,2254.59,2254.98,2258.29,2265.33,2273.83,2282.70,2293.54,2299.23,2298.25,2299.90,2313.26,2330.61,2345.05,2353.96,2364.78,2372.59,2382.34,2396.82,2399.46,2394.50,2387.64,2374.99,2366.20,2363.79,2368.73,2372.49,2367.98,2354.56,2344.10,2336.51,2330.81,2319.81,2305.80,2286.37,2267.94,2258.72,2257.18,2263.26,2272.28,2288.17,2302.97,2313.73,2328.10,2339.99,2336.51,2339.15,2343.67,2347.00,2349.68,2352.44,2354.21,2352.78,2351.26,2352.17,2355.93,2357.89,2358.33,2353.21,2347.31,2349.47,2347.28,2345.03,2336.86,2322.74,2307.11,2294.68,2282.28,2269.36,2264.01,2262.60,2255.84,2247.31,2235.29,2224.99,2217.81,2214.90,2206.84,2189.60,2174.67,2156.99,2136.96,2119.91,2109.30,2094.92,2078.96
1667.98,1673.23,1671.33,1664.28,1656.27,1655.41,1660.91,1663.64,1670.36,1676.47,1683.68,1692.30,1699.13,1703.72,1707.83,1714.67,1722.59,1733.10,1744.00,1752.87,1762.59,1774.50,1789.10,1802.51,1811.11,1811.03,1803.22,1792.32,1784.74,1781.86,1784.99,1776.42,1770.88,1778.65,1780.66,1764.03,1747.50,1744.22,1752.28,1758.26,1759.20,1759.15,1762.41,1771.11,1776.98,1783.15,1791.56,1800.21,1813.44,1829.71,1843.51,1846.68,1839.96,1831.98,1819.38,1807.70,1795.78,1783.43,1777.37,1773.11,1769.26,1763.53,1756.65,1752.02,1747.74,1742.88,1737.15,1731.93,1728.55,1726.79,1729.20,1736.32,1742.85,1748.85,1761.44,1774.80,1785.36,1790.69,1792.64,1792.38,1792.54,1793.96,1797.04,1799.96,1802.56,1807.78,1813.78,1819.22,1826.53,1836.51,1845.45,1855.16,1864.10,1870.12,1874.44,1878.36,1879.18,1877.74,1876.63,1875.59,1881.89,1890.57,1892.29,1894.61,1897.33,1900.07,1904.25,1907.29,1910.16,1916.51,1917.30,1910.22,1903.60,1897.38,1892.04,1885.95,1886.59,1891.36,1896.10,1898.36,1899.29,1899.61,1896.81,1891.33,1884.85,1882.65,1880.63,1877.98,1878.03,1886.50,1898.30,1909.25,1916.82,1917.13,1910.86,1904.45,1901.11,1905.40,1917.96,1926.13,1926.64,1920.66,1910.24,1899.14,1896.11,1904.01,1923.83,1943.56,1960.41,1975.13,1989.93,2002.67,2013.14,2023.73,2037.48,2056.11,2077.43,2097.91,2114.06,2128.60,2140.21,2149.84,2160.87,2171.09,2180.64,2191.70,2201.84,2214.06,2228.68,2243.93,2258.69,2269.26,2275.15,2278.84,2283.75,2290.30,2294.71,2301.23,2311.57,2313.21,2309.40,2319.41,2331.77,2345.20,2357.86,2370.32,2375.47,2381.04,2388.85,2394.51,2391.92,2381.15,2374.78,2372.78,2373.30,2376.65,2377.16,2367.82,2357.66,2348.11,2337.68,2327.93,2315.06,2302.66,2287.44,2277.70,2271.55,2271.65,2278.89,2289.07,2304.43,2318.07,2333.24,2346.68,2342.61,2339.14,2346.06,2349.74,2352.16,2355.53,2357.46,2356.45,2354.79,2353.13,2353.97,2357.82,2360.33,2358.76,2355.21,2349.23,2351.00,2349.61,2350.21,2344.11,2328.24,2313.79,2304.31,2291.88,2275.84,2268.80,2265.80,2261.90,2253.98,2242.82,2232.55,2221.47,2211.17,2200.61,2184.02,2165.61,2148.94,2123.16,2107.84,2092.69,2077.55,2064.26
1658.91,1663.22,1660.16,1653.39,1644.63,1644.95,1651.34,1656.65,1664.63,1672.94,1677.97,1683.42,1688.12,1691.89,1695.34,1703.13,1713.46,1723.10,1734.35,1744.46,1754.71,1769.13,1786.64,1802.83,1808.72,1804.43,1794.45,1782.50,1772.74,1767.70,1769.05,1763.67,1756.05,1765.50,1771.92,1757.63,1739.12,1732.46,1739.77,1743.44,1742.19,1741.74,1744.71,1754.42,1763.99,1771.03,1781.97,1792.63,1807.37,1827.28,1843.66,1849.93,1845.53,1839.09,1829.98,1816.68,1806.49,1797.67,1793.67,1790.14,1784.86,1780.15,1774.49,1767.79,1761.38,1756.00,1749.94,1743.73,1738.34,1733.92,1733.72,1735.57,1739.57,1744.76,1752.89,1769.02,1783.41,1791.26,1793.65,1795.59,1797.18,1799.48,1804.37,1809.54,1815.26,1822.03,1827.95,1832.41,1839.80,1845.92,1852.52,1860.53,1865.99,1871.44,1875.82,1878.43,1877.24,1875.25,1872.60,1869.24,1872.75,1882.13,1884.08,1885.55,1888.21,1889.08,1894.11,1901.41,1905.13,1908.68,1908.84,1899.80,1890.33,1884.16,1879.90,1874.43,1870.62,1874.66,1877.99,1884.40,1889.82,1890.26,1885.23,1875.47,1867.02,1864.69,1865.29,1867.77,1874.96,1884.33,1892.92,1902.17,1910.74,1913.99,1908.60,1900.49,1896.73,1899.01,1912.21,1920.24,1918.89,1911.34,1900.23,1897.15,1909.12,1924.86,1938.64,1955.48,1972.05,1986.99,1999.19,2007.47,2016.50,2028.99,2049.60,2066.90,2087.15,2105.30,2123.17,2137.75,2150.08,2159.88,2169.40,2177.05,2186.24,2196.63,2209.89,2228.12,2243.77,2258.62,2271.13,2283.19,2291.02,2298.08,2307.64,2313.07,2313.95,2314.52,2321.83,2324.96,2320.54,2325.55,2335.51,2351.11,2366.51,2374.74,2380.02,2383.14,2386.85,2391.63,2392.16,2381.98,2379.01,2380.74,2382.81,2384.42,2380.37,2372.09,2363.82,2356.03,2345.61,2333.03,2320.95,2311.29,2305.17,2298.56,2290.66,2289.93,2298.67,2309.46,2320.86,2334.97,2349.11,2348.65,2343.92,2348.13,2353.11,2352.60,2354.24,2358.68,2360.13,2358.24,2356.61,2354.96,2355.06,2358.76,2363.43,2364.87,2361.80,2355.68,2354.99,2353.00,2353.96,2345.82,2332.24,2320.13,2308.40,2295.06,2283.36,2274.92,2269.50,2262.99,2254.20,2244.28,2232.97,2219.35,2204.95,2187.80,2168.74,2150.64,2123.23,2100.74,2089.47,2077.64,2065.31,2051.05
1649.89,1654.13,1649.01,1641.56,1637.02,1637.48,1644.78,1652.63,1658.13,1663.04,1665.68,1669.08,1674.02,1678.29,1683.54,1692.80,1703.24,1713.38,1726.59,1740.44,1753.33,1770.88,1789.86,1799.36,1798.41,1791.78,1783.95,1773.68,1764.01,1756.78,1751.66,1747.99,1742.12,1754.12,1762.80,1750.06,1730.27,1721.70,1730.11,1733.57,1729.05,1726.87,1730.46,1738.50,1750.10,1761.82,1775.84,1790.37,1808.57,1826.57,1841.61,1843.93,1841.02,1837.52,1831.88,1822.18,1815.83,1812.78,1810.81,1808.21,1801.62,1794.17,1789.97,1784.27,1778.13,1770.97,1763.88,1756.86,1750.06,1745.26,1742.57,1741.15,1740.96,1743.23,1748.29,1761.57,1778.32,1789.90,1793.06,1795.72,1798.39,1801.76,1808.19,1815.76,1824.64,1831.21,1835.86,1842.13,1849.73,1854.72,1859.83,1863.69,1868.05,1872.66,1876.82,1876.79,1875.05,1873.23,1870.47,1864.45,1864.77,1873.01,1875.32,1875.86,1877.51,1878.34,1884.16,1891.97,1897.94,1900.50,1900.30,1892.32,1877.93,1871.15,1865.99,1860.78,1857.49,1855.94,1860.57,1868.38,1874.72,1876.49,1870.26,1860.27,1850.58,1846.99,1849.16,1860.32,1873.36,1880.59,1884.76,1893.20,1903.20,1910.53,1906.52,1897.28,1892.56,1894.44,1904.47,1912.25,1910.12,1899.05,1898.05,1914.82,1928.76,1938.20,1947.55,1961.95,1976.38,1990.07,2001.34,2011.59,2023.41,2039.29,2059.54,2074.53,2089.97,2107.05,2126.33,2140.49,2153.45,2162.54,2169.97,2177.49,2187.21,2202.67,2224.59,2250.78,2261.23,2269.66,2282.28,2295.62,2309.24,2320.14,2326.10,2328.07,2329.38,2331.67,2335.27,2337.71,2334.13,2334.47,2344.78,2355.01,2369.55,2378.28,2384.57,2389.34,2391.31,2395.57,2395.72,2391.66,2390.65,2394.06,2394.69,2395.08,2390.88,2383.61,2375.14,2366.87,2357.62,2342.48,2331.97,2324.25,2323.51,2318.94,2312.22,2310.57,2318.20,2331.35,2342.78,2350.94,2351.72,2346.65,2352.94,2357.93,2358.03,2354.76,2354.14,2358.21,2361.48,2360.38,2358.49,2356.87,2356.02,2358.56,2365.36,2369.37,2365.54,2361.72,2359.13,2359.44,2359.43,2348.35,2334.79,2325.27,2310.16,2295.60,2285.50,2279.22,2271.00,2263.40,2253.89,2241.48,2226.41,2211.67,2191.10,2172.37,2152.67,2126.64,2102.99,2090.99,2081.40,2070.06,2058.50,2043.54
1638.86,1643.57,1638.27,1632.25,1629.00,1631.71,1640.51,1646.30,1647.44,1648.14,1651.09,1656.28,1662.90,1671.43,1680.27,1690.64,1700.31,1712.01,1727.30,1741.67,1755.93,1774.20,1789.55,1792.88,1785.44,1775.36,1769.59,1764.04,1756.47,1747.93,1738.20,1733.11,1730.81,1741.31,1752.27,1744.01,1725.46,1712.69,1719.89,1722.61,1717.45,1715.47,1720.82,1730.01,1742.86,1757.63,1773.69,1789.73,1809.23,1827.93,1837.44,1836.61,1835.27,1834.23,1832.24,1828.59,1825.70,1825.75,1826.24,1823.51,1817.71,1810.66,1806.15,1800.76,1793.65,1786.73,1779.90,1772.04,1763.22,1755.23,1750.64,1747.30,1745.31,1745.12,1747.16,1755.01,1772.48,1787.06,1792.43,1796.05,1799.32,1803.82,1810.37,1819.99,1829.38,1833.99,1838.38,1847.09,1855.39,1860.21,1862.95,1865.98,1869.88,1873.75,1875.19,1874.24,1872.82,1870.95,1865.71,1857.95,1857.35,1862.65,1864.98,1866.75,1866.00,1867.58,1876.79,1882.84,1884.29,1887.26,1885.08,1877.75,1865.49,1856.72,1849.12,1846.17,1844.85,1841.03,1842.19,1850.92,1857.99,1860.50,1854.64,1844.88,1836.30,1834.25,1844.64,1859.66,1871.02,1875.63,1878.61,1885.09,1894.39,1903.94,1903.47,1895.71,1887.52,1889.39,1897.96,1902.47,1895.25,1894.99,1914.33,1928.31,1937.55,1944.81,1952.91,1965.34,1977.77,1989.67,2002.73,2015.81,2027.66,2042.76,2057.70,2074.50,2093.52,2111.27,2127.32,2137.70,2150.68,2161.87,2170.62,2179.47,2190.75,2206.38,2228.33,2253.26,2269.34,2276.70,2286.54,2304.55,2323.66,2337.05,2344.55,2345.63,2346.11,2347.37,2347.78,2346.31,2344.78,2347.29,2353.84,2360.05,2371.80,2380.76,2390.41,2398.61,2399.65,2402.78,2406.10,2404.61,2404.11,2407.08,2411.93,2410.30,2406.85,2401.30,2392.11,2380.39,2367.02,2357.17,2350.18,2347.05,2348.29,2343.51,2333.80,2330.69,2338.04,2352.56,2356.98,2353.35,2347.04,2347.96,2356.85,2359.99,2359.66,2356.34,2354.28,2356.03,2360.99,2363.42,2361.64,2359.01,2357.28,2358.78,2366.03,2370.68,2368.82,2366.35,2363.20,2362.14,2360.10,2345.95,2330.93,2323.82,2312.85,2296.44,2286.28,2280.88,2273.08,2263.23,2250.20,2235.37,2217.98,2197.37,2177.05,2159.04,2132.49,2114.25,2099.00,2089.52,2086.09,2077.43,2063.07,2049.47
1629.39,1633.15,1629.27,1622.30,1621.42,1626.51,1632.61,1632.34,1633.16,1637.34,1644.82,1655.04,1664.37,1674.90,1686.13,1696.44,1705.19,1718.13,1732.50,1744.89,1760.81,1777.67,1787.89,1784.04,1772.35,1763.38,1756.91,1749.84,1744.76,1738.90,1730.23,1720.72,1716.84,1724.94,1737.55,1738.24,1722.66,1705.57,1706.45,1708.43,1705.55,1703.79,1710.50,1723.80,1739.94,1755.62,1772.08,1788.32,1808.25,1825.85,1830.28,1829.57,1828.74,1829.48,1831.80,1832.36,1834.00,1837.72,1841.13,1839.61,1832.93,1825.34,1821.90,1818.07,1810.59,1801.66,1792.10,1783.45,1775.30,1766.30,1758.83,1753.56,1749.51,1748.75,1749.04,1752.49,1764.83,1782.01,1792.42,1798.82,1802.87,1807.33,1816.92,1825.10,1831.66,1836.01,1841.39,1850.87,1858.61,1862.30,1864.81,1868.16,1871.18,1872.52,1871.33,1870.45,1869.29,1866.19,1858.42,1850.72,1850.42,1854.44,1855.38,1855.63,1854.70,1858.55,1866.58,1869.25,1869.86,1871.03,1865.71,1859.45,1850.93,1842.07,1834.29,1829.28,1827.52,1824.32,1823.80,1830.82,1839.26,1842.56,1839.04,1831.36,1823.01,1825.57,1842.34,1858.09,1866.90,1870.95,1873.62,1878.32,1886.52,1895.36,1899.02,1893.00,1880.35,1881.21,1888.52,1888.91,1888.90,1908.92,1925.55,1933.99,1941.03,1947.79,1956.84,1968.67,1980.37,1993.49,2005.39,2016.21,2026.66,2038.87,2049.51,2069.12,2092.50,2109.20,2120.84,2134.84,2149.57,2160.78,2169.65,2177.21,2189.53,2206.50,2227.40,2246.85,2261.88,2273.79,2285.32,2303.74,2325.24,2343.53,2353.69,2358.75,2360.52,2360.84,2360.45,2356.33,2353.43,2355.18,2362.71,2368.43,2376.51,2387.32,2397.80,2403.69,2405.99,2410.32,2415.07,2417.25,2418.86,2423.76,2427.53,2425.22,2419.31,2411.74,2403.05,2392.12,2380.81,2374.14,2373.53,2373.11,2369.31,2363.00,2353.96,2354.45,2358.01,2362.62,2358.59,2351.57,2346.27,2348.48,2357.00,2360.05,2359.84,2356.15,2356.39,2357.13,2358.86,2363.66,2364.74,2360.85,2358.73,2359.41,2365.19,2370.91,2370.65,2369.57,2366.40,2362.92,2358.03,2343.49,2328.85,2320.15,2310.98,2299.87,2288.91,2282.55,2273.27,2262.15,2246.28,2229.21,2204.67,2184.09,2165.63,2143.87,2123.32,2108.94,2099.76,2099.26,2096.80,2091.01,2075.46,2060.47
1619.83,1621.16,1617.45,1613.30,1615.32,1619.40,1619.81,1622.49,1631.25,1640.22,1649.32,1658.80,1669.95,1679.19,1692.75,1704.09,1714.27,1726.07,1738.26,1750.62,1767.38,1781.54,1783.74,1775.75,1762.73,1752.03,1744.58,1737.61,1733.87,1730.83,1723.89,1712.89,1705.26,1711.49,1723.38,1731.12,1722.16,1703.72,1693.23,1694.54,1694.21,1693.45,1702.28,1718.47,1734.97,1751.06,1768.39,1787.01,1808.46,1819.21,1819.34,1818.60,1819.84,1823.31,1828.83,1832.99,1837.02,1843.61,1852.26,1856.76,1850.82,1840.88,1835.24,1831.04,1824.28,1814.76,1803.53,1792.26,1784.06,1776.33,1767.76,1760.80,1755.66,1752.88,1752.48,1754.08,1759.56,1772.18,1786.93,1797.58,1804.80,1811.85,1822.05,1827.98,1832.78,1837.11,1843.29,1852.16,1859.42,1863.10,1865.38,1867.42,1868.74,1867.33,1865.32,1864.45,1863.19,1859.84,1851.14,1840.53,1839.21,1844.02,1845.67,1843.98,1843.09,1847.65,1853.48,1854.06,1853.30,1851.24,1847.07,1842.32,1835.86,1828.62,1821.16,1816.20,1813.93,1808.77,1807.76,1814.08,1820.91,1824.88,1823.40,1817.26,1811.55,1820.20,1836.76,1852.98,1862.06,1865.32,1867.25,1870.48,1878.12,1885.40,1890.34,1884.23,1871.90,1870.24,1875.57,1883.50,1900.57,1921.80,1931.28,1935.85,1942.44,1951.69,1962.14,1972.35,1983.26,1995.49,2004.27,2012.02,2020.61,2029.35,2043.32,2063.20,2086.60,2104.19,2116.17,2131.96,2143.35,2154.94,2165.81,2175.07,2186.12,2204.52,2223.37,2241.11,2254.00,2266.91,2280.72,2300.02,2315.91,2334.01,2350.69,2360.09,2369.09,2370.90,2370.13,2368.86,2363.48,2360.88,2368.10,2374.27,2382.88,2394.04,2400.52,2406.20,2411.63,2418.11,2424.81,2430.88,2436.78,2439.66,2440.07,2437.08,2429.36,2420.30,2412.93,2407.35,2401.97,2397.44,2397.49,2398.05,2388.41,2376.81,2371.60,2376.08,2369.86,2364.55,2362.07,2359.61,2352.17,2349.20,2357.78,2360.11,2360.05,2358.01,2357.00,2360.45,2358.53,2362.99,2366.71,2363.39,2360.89,2361.47,2367.90,2372.39,2372.30,2369.69,2365.22,2360.16,2351.31,2339.63,2327.08,2316.15,2306.72,2298.89,2292.97,2286.80,2279.37,2267.08,2244.97,2222.45,2194.89,2173.65,2154.09,2134.90,2121.07,2108.64,2106.43,2107.95,2104.88,2097.37,2085.74,2068.97
1609.62,1610.29,1607.11,1603.29,1606.89,1609.37,1616.44,1625.61,1635.30,1643.23,1650.46,1660.00,1671.08,1680.18,1695.10,1709.59,1721.57,1733.11,1745.88,1758.58,1774.47,1782.37,1777.04,1767.47,1755.26,1743.17,1734.85,1728.49,1723.29,1723.08,1721.16,1705.65,1695.07,1701.44,1714.42,1723.97,1721.34,1706.82,1689.61,1681.89,1683.94,1687.09,1696.95,1711.40,1727.51,1744.08,1761.99,1786.73,1805.91,1809.95,1809.88,1809.74,1811.32,1816.35,1823.38,1830.78,1837.47,1847.65,1858.58,1867.98,1868.39,1861.34,1857.93,1852.55,1841.36,1828.02,1814.88,1800.90,1790.49,1783.55,1776.29,1768.26,1761.33,1756.75,1755.79,1756.39,1758.83,1765.05,1776.78,1789.54,1802.33,1814.02,1822.90,1828.34,1832.96,1836.98,1842.36,1849.66,1855.85,1859.90,1860.73,1860.74,1860.11,1858.91,1858.37,1857.93,1857.02,1853.39,1842.24,1830.35,1827.34,1831.61,1834.61,1832.08,1829.30,1832.84,1838.00,1840.08,1839.14,1836.47,1832.40,1827.24,1821.20,1813.81,1805.95,1800.63,1799.96,1796.34,1795.01,1799.63,1804.28,1807.66,1806.81,1799.67,1802.61,1815.09,1830.00,1847.52,1856.62,1859.66,1860.78,1861.65,1867.36,1874.72,1878.16,1869.80,1860.04,1870.60,1882.99,1900.21,1918.56,1930.23,1934.36,1938.46,1945.58,1954.81,1963.63,1972.27,1981.26,1989.06,1997.14,2005.06,2011.78,2021.31,2039.31,2059.58,2080.38,2099.26,2113.10,2127.76,2140.19,2153.31,2165.53,2174.43,2183.61,2200.24,2217.32,2231.26,2245.53,2257.98,2272.92,2293.74,2307.63,2320.85,2336.63,2350.69,2359.38,2368.18,2374.86,2378.72,2376.98,2368.09,2368.17,2375.04,2383.93,2393.40,2400.19,2408.52,2418.19,2428.15,2437.50,2447.65,2452.61,2445.72,2439.81,2442.31,2441.06,2433.33,2426.68,2425.78,2423.64,2420.29,2418.45,2415.60,2399.63,2385.56,2387.01,2392.10,2373.35,2367.04,2365.37,2364.84,2361.41,2351.51,2353.80,2359.80,2360.17,2358.17,2357.85,2359.53,2358.66,2363.64,2368.77,2365.91,2364.24,2364.81,2369.64,2373.76,2373.44,2367.12,2361.02,2353.90,2344.26,2336.03,2326.22,2317.36,2311.16,2307.37,2304.63,2298.68,2286.50,2268.32,2240.72,2216.22,2188.75,2163.71,2145.31,2134.57,2122.05,2113.55,2111.59,2111.93,2110.09,2103.43,2091.98,2074.99
1597.98,1594.33,1592.52,1595.45,1601.92,1610.01,1620.12,1626.90,1634.60,1642.82,1650.67,1659.68,1671.61,1682.93,1698.37,1713.62,1726.35,1739.94,1752.20,1765.79,1778.04,1778.20,1767.18,1756.40,1749.37,1737.01,1725.42,1716.00,1709.73,1713.60,1716.51,1704.40,1688.23,1695.10,1710.41,1718.71,1718.79,1707.28,1689.39,1676.58,1675.19,1679.17,1690.02,1702.51,1720.85,1736.92,1757.44,1782.81,1797.17,1799.23,1798.35,1798.51,1801.57,1808.54,1816.93,1828.01,1838.72,1850.82,1861.63,1868.90,1874.73,1876.15,1875.88,1871.66,1859.58,1842.80,1824.07,1810.26,1797.49,1788.99,1782.80,1775.79,1767.87,1761.40,1758.71,1757.84,1758.37,1760.39,1769.20,1779.82,1792.45,1809.04,1819.88,1824.55,1829.70,1832.54,1835.97,1839.89,1845.35,1849.32,1852.14,1853.33,1852.59,1851.22,1851.85,1852.38,1851.94,1846.63,1835.25,1822.87,1816.57,1819.13,1820.56,1818.52,1816.19,1820.03,1824.82,1826.19,1825.75,1823.92,1819.72,1813.57,1808.23,1801.20,1793.53,1788.57,1785.51,1782.68,1782.96,1786.55,1788.87,1789.27,1786.38,1785.85,1797.76,1810.91,1825.55,1843.36,1853.16,1856.17,1856.99,1857.40,1860.08,1865.47,1864.98,1854.57,1855.33,1875.18,1898.09,1918.12,1929.40,1933.13,1936.73,1941.01,1947.33,1954.59,1961.38,1967.62,1974.40,1979.63,1984.86,1993.50,2003.72,2017.25,2039.03,2058.35,2076.84,2095.19,2110.65,2125.55,2138.94,2151.03,2162.47,2170.47,2178.51,2190.05,2205.47,2217.83,2232.10,2246.60,2262.63,2285.05,2301.96,2317.88,2329.23,2340.10,2352.49,2363.49,2373.69,2383.40,2386.14,2376.82,2371.64,2375.81,2383.57,2392.68,2401.78,2412.03,2425.27,2436.78,2448.29,2456.98,2455.81,2446.26,2437.51,2439.47,2448.12,2452.65,2448.95,2447.28,2448.24,2447.02,2439.41,2423.88,2407.52,2398.55,2395.22,2390.17,2376.01,2368.91,2369.16,2370.04,2366.36,2356.36,2348.97,2356.30,2360.41,2359.00,2358.64,2360.61,2363.68,2367.04,2370.28,2368.09,2368.22,2367.67,2369.45,2371.84,2366.50,2357.68,2351.34,2345.58,2338.93,2334.84,2329.68,2318.29,2312.34,2311.20,2308.97,2300.61,2287.05,2263.73,2234.60,2209.99,2185.14,2159.69,2143.95,2135.55,2126.45,2117.76,2115.40,2114.26,2111.95,2107.67,2096.82,2079.04
1588.26,1582.30,1587.64,1595.58,1603.96,1611.97,1619.78,1627.02,1635.18,1644.73,1653.24,1662.31,1674.62,1689.33,1703.96,1718.55,1730.63,1744.43,1755.49,1767.49,1775.08,1771.10,1756.70,1745.18,1735.38,1724.70,1713.59,1701.22,1696.25,1706.08,1710.26,1698.17,1680.27,1689.30,1704.61,1712.87,1713.71,1702.08,1683.41,1671.35,1666.83,1672.98,1686.24,1700.09,1716.07,1732.57,1753.02,1776.54,1785.82,1784.89,1783.40,1786.73,1791.78,1799.81,1810.12,1824.65,1837.20,1848.92,1860.55,1866.91,1873.77,1876.93,1877.48,1877.27,1869.68,1853.37,1833.58,1817.69,1806.39,1797.12,1789.65,1783.09,1775.31,1767.66,1761.48,1759.00,1758.28,1758.83,1760.81,1770.12,1781.55,1793.84,1807.46,1814.70,1818.69,1820.97,1822.29,1822.76,1824.21,1830.76,1838.18,1839.94,1837.55,1836.53,1840.79,1844.19,1842.99,1837.39,1828.80,1816.53,1806.94,1806.78,1807.80,1806.85,1804.41,1805.11,1810.00,1813.55,1814.25,1812.34,1806.74,1800.99,1797.12,1791.10,1784.77,1778.70,1773.90,1770.15,1770.68,1774.13,1776.22,1774.45,1770.89,1778.78,1795.01,1810.51,1824.44,1843.70,1853.26,1856.95,1856.74,1854.25,1854.86,1856.26,1850.35,1841.43,1854.43,1883.93,1910.09,1927.19,1932.24,1934.94,1938.06,1940.99,1945.77,1951.23,1955.88,1960.37,1965.41,1969.71,1974.14,1984.22,1999.70,2017.12,2039.41,2058.79,2077.45,2094.75,2106.77,2120.58,2136.43,2148.93,2159.12,2164.28,2169.49,2178.03,2189.69,2201.84,2218.14,2237.40,2252.27,2274.46,2295.89,2317.94,2338.57,2348.24,2356.01,2364.29,2373.14,2381.64,2383.51,2379.74,2377.00,2379.30,2384.49,2394.49,2406.77,2417.05,2429.62,2443.93,2455.91,2456.04,2449.76,2442.14,2432.49,2434.20,2449.22,2464.68,2473.96,2468.82,2463.33,2454.95,2441.38,2425.03,2411.94,2399.94,2392.52,2384.02,2376.42,2371.38,2373.49,2376.13,2372.82,2359.62,2349.57,2352.96,2360.54,2360.60,2360.28,2359.33,2362.19,2369.87,2370.62,2369.05,2369.93,2367.62,2365.22,2362.93,2353.14,2348.94,2347.66,2344.11,2338.81,2334.08,2326.01,2316.41,2310.58,2303.83,2298.96,2292.64,2278.84,2250.46,2227.53,2204.14,2179.77,2157.05,2143.45,2135.74,2128.11,2119.39,2115.38,2113.08,2111.94,2108.17,2098.28,2079.95
1577.95,1579.36,1586.56,1595.05,1604.15,1612.26,1620.93,1629.03,1637.71,1648.68,1657.17,1668.81,1680.92,1696.47,1709.69,1723.08,1735.78,1749.44,1757.41,1763.92,1768.80,1764.32,1746.87,1729.93,1718.91,1711.51,1703.34,1688.84,1685.73,1696.46,1701.88,1687.43,1670.60,1681.01,1695.21,1703.04,1707.61,1696.69,1678.24,1666.07,1660.55,1667.37,1680.85,1695.70,1708.27,1727.45,1746.29,1761.65,1768.12,1767.39,1769.48,1776.98,1783.20,1791.51,1804.23,1820.64,1834.97,1845.71,1856.69,1864.28,1870.86,1873.23,1873.65,1876.04,1872.03,1860.27,1843.77,1826.28,1814.00,1805.43,1798.80,1791.16,1782.66,1774.27,1766.55,1760.65,1758.17,1757.41,1756.02,1759.21,1769.36,1780.07,1790.57,1800.72,1805.38,1807.98,1808.02,1807.43,1809.27,1817.00,1823.03,1822.14,1819.75,1820.38,1825.04,1830.31,1831.75,1828.29,1820.63,1808.96,1796.89,1796.94,1798.69,1798.00,1795.98,1793.93,1796.85,1801.80,1803.09,1800.84,1798.86,1796.50,1792.11,1787.56,1782.95,1775.38,1766.30,1759.69,1759.19,1762.26,1764.31,1761.14,1766.50,1777.66,1792.43,1808.56,1821.65,1839.41,1852.56,1856.76,1855.70,1851.50,1843.14,1836.56,1829.01,1836.47,1859.01,1892.73,1918.08,1930.07,1933.34,1935.80,1935.91,1935.83,1940.78,1946.03,1948.97,1951.69,1956.86,1964.30,1971.81,1982.94,1998.05,2016.55,2039.39,2060.61,2077.27,2091.31,2104.96,2121.84,2135.83,2143.97,2149.28,2151.38,2153.38,2163.05,2177.99,2191.77,2207.49,2229.57,2244.95,2261.88,2285.28,2308.14,2334.98,2346.80,2357.16,2365.81,2372.03,2374.86,2376.35,2376.12,2376.37,2380.37,2386.96,2399.08,2410.36,2420.01,2431.06,2450.24,2459.52,2452.50,2442.47,2437.21,2429.69,2429.47,2444.95,2464.37,2476.31,2468.26,2458.19,2443.28,2426.50,2414.46,2401.45,2392.07,2384.27,2379.56,2376.95,2373.45,2376.24,2378.51,2375.80,2364.78,2352.72,2354.46,2360.57,2361.86,2361.84,2361.67,2362.41,2368.77,2369.63,2367.26,2366.25,2363.93,2359.80,2353.44,2348.30,2348.21,2348.33,2347.57,2345.61,2340.70,2328.99,2320.45,2312.14,2300.14,2291.79,2282.41,2259.86,2236.28,2217.31,2196.69,2173.02,2152.80,2141.11,2134.48,2126.64,2117.38,2112.14,2109.84,2109.13,2105.09,2095.05,2078.61
1574.06,1579.59,1587.32,1598.28,1608.68,1617.90,1626.00,1634.61,1642.94,1652.43,1661.63,1677.06,1688.94,1699.62,1714.80,1730.14,1742.96,1750.80,1750.76,1750.33,1754.68,1755.00,1739.21,1719.67,1705.88,1700.33,1693.84,1679.32,1672.28,1684.09,1690.56,1674.47,1657.61,1665.43,1677.92,1688.82,1698.18,1691.19,1675.76,1659.73,1653.48,1663.06,1676.38,1691.53,1707.22,1724.33,1738.51,1746.42,1751.56,1753.87,1757.23,1763.71,1773.61,1784.51,1798.48,1817.26,1833.23,1845.06,1854.48,1861.32,1866.81,1869.13,1869.93,1871.46,1870.46,1865.30,1856.26,1840.95,1824.25,1813.12,1805.61,1798.19,1789.46,1779.86,1771.06,1763.50,1757.94,1754.50,1751.29,1752.73,1758.34,1766.66,1775.32,1782.34,1787.94,1790.28,1789.15,1789.16,1792.98,1800.55,1805.04,1804.43,1802.54,1805.18,1810.44,1814.93,1816.86,1814.50,1809.10,1799.39,1788.61,1786.74,1788.76,1789.18,1788.29,1787.22,1789.33,1792.92,1795.19,1795.97,1795.69,1795.35,1792.69,1790.22,1785.26,1775.24,1763.43,1749.74,1743.60,1747.97,1749.81,1753.88,1766.80,1777.82,1789.18,1803.75,1816.86,1828.03,1842.28,1850.41,1850.49,1841.62,1826.85,1818.50,1820.10,1842.46,1868.57,1901.22,1923.78,1931.10,1933.36,1933.42,1932.32,1930.62,1935.32,1941.32,1944.61,1947.22,1954.06,1964.44,1972.40,1981.58,1997.14,2017.04,2039.29,2060.22,2074.35,2087.19,2104.13,2119.98,2130.07,2133.65,2133.07,2133.59,2139.18,2150.78,2169.78,2186.13,2198.60,2216.93,2235.56,2247.87,2269.88,2290.85,2318.81,2335.26,2354.70,2362.23,2365.07,2368.39,2371.53,2371.91,2372.71,2376.81,2386.12,2401.00,2410.24,2421.13,2432.32,2451.92,2460.30,2451.71,2439.72,2432.73,2428.52,2431.01,2447.70,2464.93,2470.15,2459.32,2443.93,2427.43,2411.58,2399.64,2389.72,2382.24,2379.01,2378.30,2377.00,2375.54,2376.95,2376.03,2373.29,2363.77,2357.12,2358.89,2361.15,2362.03,2362.78,2363.68,2365.38,2366.57,2365.67,2363.63,2360.66,2354.85,2349.42,2348.57,2351.44,2355.44,2358.39,2358.70,2353.68,2343.54,2333.04,2321.54,2312.99,2302.46,2291.66,2273.79,2246.39,2227.20,2205.88,2184.22,2164.93,2147.25,2138.33,2131.89,2123.20,2114.90,2108.53,2104.31,2101.57,2095.66,2086.28,2074.88
1574.19,1581.22,1592.15,1604.84,1615.29,1624.94,1633.89,1642.61,1651.22,1660.74,1671.25,1684.23,1698.28,1711.38,1723.71,1737.55,1743.10,1740.84,1733.69,1731.72,1736.98,1741.11,1733.68,1717.18,1695.02,1679.44,1674.81,1663.45,1658.22,1671.01,1678.57,1662.68,1647.80,1652.88,1661.99,1674.02,1683.52,1681.89,1668.78,1650.29,1647.32,1663.17,1678.35,1695.09,1709.27,1722.60,1728.76,1729.34,1731.09,1735.78,1743.42,1753.05,1764.92,1778.04,1793.80,1813.20,1830.90,1844.85,1853.20,1858.37,1861.29,1862.42,1864.52,1866.10,1866.65,1866.77,1863.37,1855.74,1841.29,1824.76,1813.57,1804.53,1795.53,1785.72,1775.56,1766.51,1759.34,1752.77,1748.90,1748.80,1752.31,1756.81,1761.64,1765.78,1768.58,1769.65,1770.37,1772.28,1776.42,1782.24,1786.53,1786.58,1786.38,1789.24,1794.62,1800.26,1801.08,1798.66,1794.44,1786.91,1779.53,1779.48,1782.60,1783.21,1781.50,1782.45,1785.05,1787.33,1789.62,1791.44,1792.01,1793.34,1793.08,1791.19,1785.31,1773.09,1759.21,1744.60,1734.50,1735.34,1741.91,1755.00,1766.08,1774.39,1783.45,1795.51,1808.17,1817.44,1825.95,1833.33,1833.21,1823.41,1811.21,1809.24,1821.14,1850.83,1879.90,1909.24,1925.76,1930.70,1931.06,1929.55,1926.19,1926.89,1932.96,1938.80,1943.37,1947.92,1955.36,1964.51,1971.80,1982.63,1998.84,2016.09,2037.41,2056.72,2070.15,2083.44,2099.71,2112.72,2118.59,2117.10,2114.93,2119.81,2130.53,2144.90,2160.97,2175.22,2187.99,2201.97,2219.87,2236.62,2255.57,2277.31,2300.48,2327.55,2347.96,2355.44,2356.82,2360.07,2364.01,2364.26,2366.33,2372.19,2380.14,2396.36,2407.21,2418.91,2431.32,2451.27,2460.23,2456.69,2443.12,2434.58,2431.25,2440.41,2457.15,2471.09,2464.47,2450.78,2432.47,2419.49,2404.52,2393.91,2385.39,2379.22,2377.50,2376.79,2376.29,2375.55,2374.21,2372.71,2369.89,2360.54,2358.42,2360.40,2360.89,2360.19,2360.99,2360.84,2362.74,2362.97,2361.36,2357.10,2350.63,2349.01,2353.36,2358.41,2360.60,2361.52,2362.35,2360.42,2352.09,2343.06,2333.22,2323.51,2317.70,2308.32,2294.87,2276.24,2248.07,2223.25,2200.37,2177.39,2158.50,2142.64,2134.73,2128.24,2120.22,2112.21,2104.26,2097.21,2090.27,2084.51,2078.74,2069.86
1575.51,1584.07,1597.92,1609.59,1618.34,1627.92,1637.82,1647.34,1659.52,1671.77,1682.44,1691.26,1703.43,1718.93,1732.48,1743.28,1738.95,1727.67,1716.50,1715.13,1723.77,1730.26,1726.82,1713.05,1691.76,1669.28,1656.73,1648.75,1644.10,1657.39,1667.55,1658.10,1643.38,1640.05,1650.33,1662.48,1672.93,1669.10,1654.61,1640.49,1643.15,1662.46,1679.27,1694.32,1705.46,1715.23,1716.45,1713.64,1714.74,1722.12,1733.55,1745.38,1757.93,1771.34,1788.50,1809.27,1829.14,1843.82,1851.06,1854.60,1856.37,1857.19,1859.74,1861.82,1862.18,1862.81,1864.47,1862.77,1855.05,1838.26,1823.58,1812.59,1802.08,1792.37,1781.19,1770.30,1762.18,1755.50,1750.11,1746.66,1747.30,1750.30,1753.02,1755.22,1756.38,1757.40,1760.39,1763.31,1765.24,1768.16,1772.30,1773.64,1774.34,1777.59,1782.33,1786.93,1787.93,1784.74,1780.91,1775.01,1770.45,1772.11,1774.36,1775.06,1773.62,1777.21,1780.93,1782.94,1784.10,1785.80,1788.43,1791.29,1790.96,1787.17,1777.62,1765.31,1751.62,1737.15,1725.61,1729.24,1744.78,1756.98,1763.46,1768.35,1775.49,1784.64,1795.70,1804.63,1812.70,1817.21,1814.23,1805.51,1797.11,1807.70,1826.30,1858.86,1888.60,1914.40,1924.04,1924.89,1924.09,1920.09,1919.50,1926.29,1932.84,1938.34,1943.77,1949.76,1957.81,1964.60,1971.69,1983.17,1998.54,2012.68,2031.05,2048.22,2062.41,2075.39,2088.09,2097.90,2101.69,2101.05,2102.93,2110.16,2121.13,2134.51,2145.28,2157.80,2172.44,2188.12,2204.76,2225.01,2243.65,2265.52,2284.77,2313.97,2335.23,2347.20,2349.13,2352.14,2356.14,2356.90,2360.21,2367.49,2375.39,2386.10,2401.74,2415.03,2427.39,2448.69,2456.82,2461.28,2449.15,2442.22,2441.53,2452.32,2467.05,2471.27,2460.16,2444.31,2427.02,2413.28,2399.40,2391.44,2383.99,2378.85,2376.75,2375.25,2374.77,2374.37,2373.27,2371.57,2367.99,2359.14,2359.69,2360.40,2360.16,2358.52,2358.59,2358.49,2359.64,2358.50,2353.09,2349.25,2351.36,2358.55,2360.94,2361.59,2359.49,2354.36,2352.20,2349.07,2343.84,2336.06,2333.97,2330.06,2320.74,2308.52,2293.95,2273.84,2247.01,2219.96,2196.04,2173.66,2153.72,2138.64,2130.85,2123.33,2114.62,2104.88,2095.75,2088.50,2082.31,2076.91,2071.17,2065.38
1575.32,1584.78,1597.94,1607.83,1613.64,1624.54,1638.12,1650.35,1665.88,1678.36,1688.35,1698.08,1713.93,1729.09,1744.86,1740.84,1726.40,1713.31,1703.28,1703.20,1713.36,1719.08,1718.06,1707.71,1687.81,1667.55,1653.56,1640.45,1634.34,1641.41,1650.30,1650.50,1639.86,1628.53,1641.13,1657.74,1665.26,1656.41,1639.81,1629.79,1641.64,1660.87,1676.64,1686.90,1697.76,1698.96,1697.51,1697.08,1702.95,1714.86,1727.21,1738.85,1750.82,1764.69,1783.91,1806.32,1828.22,1842.06,1847.53,1850.31,1851.76,1852.95,1855.10,1857.14,1857.51,1857.79,1859.83,1862.98,1861.02,1850.23,1835.27,1823.31,1809.47,1798.48,1787.67,1775.70,1766.83,1759.20,1753.19,1747.88,1744.11,1743.58,1744.97,1745.44,1744.89,1745.72,1749.18,1751.91,1752.42,1754.59,1759.52,1760.99,1761.93,1765.35,1770.85,1774.50,1775.39,1773.20,1768.47,1762.98,1759.53,1760.77,1762.29,1761.70,1761.21,1767.84,1771.86,1775.83,1777.89,1779.64,1783.76,1786.98,1781.56,1771.49,1761.82,1752.45,1738.62,1724.43,1717.25,1725.54,1741.34,1750.98,1754.89,1758.48,1765.60,1774.30,1782.70,1790.78,1797.77,1800.47,1795.27,1789.26,1786.37,1803.63,1832.16,1863.93,1892.78,1912.84,1917.70,1915.15,1915.36,1915.49,1917.96,1923.42,1930.28,1936.06,1942.18,1950.13,1959.13,1965.32,1972.13,1982.93,1996.98,2010.04,2021.64,2034.95,2048.18,2060.22,2070.89,2078.43,2082.27,2084.56,2089.88,2100.05,2108.05,2116.46,2126.33,2136.73,2150.72,2169.24,2189.21,2209.85,2230.07,2249.42,2269.84,2293.74,2319.46,2332.91,2338.59,2342.87,2348.99,2352.43,2357.04,2364.11,2373.19,2382.46,2394.46,2409.09,2420.74,2436.74,2451.64,2460.80,2461.92,2458.45,2460.37,2465.70,2470.48,2469.87,2457.48,2440.71,2422.71,2406.91,2395.23,2387.53,2381.20,2377.90,2375.94,2374.20,2373.15,2372.78,2372.43,2371.26,2365.27,2358.50,2359.98,2358.97,2358.36,2358.76,2359.57,2359.37,2358.68,2353.95,2348.49,2351.42,2354.48,2355.14,2354.71,2352.01,2347.51,2341.98,2336.53,2334.12,2329.11,2321.84,2326.79,2327.36,2317.88,2305.24,2291.07,2269.24,2241.54,2216.94,2193.53,2171.89,2151.22,2136.57,2125.79,2115.22,2103.98,2092.71,2083.87,2078.78,2074.47,2070.01,2065.63,2063.40
1573.34,1579.51,1587.48,1593.91,1603.59,1616.43,1632.71,1645.39,1661.01,1675.09,1687.54,1699.38,1718.43,1736.86,1742.13,1724.81,1712.57,1701.33,1691.59,1689.02,1699.58,1704.62,1707.35,1701.97,1685.58,1666.89,1652.59,1642.69,1632.55,1626.33,1630.75,1634.06,1629.54,1620.14,1637.94,1654.61,1660.75,1651.27,1633.24,1623.13,1635.44,1653.72,1666.68,1681.08,1686.41,1679.56,1678.56,1681.30,1694.89,1708.95,1721.69,1734.79,1745.73,1761.11,1783.58,1804.92,1827.40,1839.33,1844.01,1846.79,1848.01,1849.07,1850.39,1852.11,1852.85,1853.66,1855.97,1859.83,1862.07,1859.59,1850.48,1836.65,1821.18,1806.12,1793.78,1781.25,1771.68,1763.57,1757.47,1750.47,1743.79,1739.64,1738.70,1738.64,1738.59,1740.12,1742.13,1742.74,1744.50,1748.08,1752.65,1754.87,1755.85,1757.96,1761.65,1766.47,1765.14,1761.26,1758.35,1755.24,1752.95,1752.92,1752.70,1750.81,1749.03,1752.39,1759.40,1766.81,1771.50,1772.83,1775.61,1773.81,1764.08,1755.04,1747.34,1737.16,1725.43,1715.23,1710.48,1717.47,1731.72,1738.36,1741.37,1746.22,1755.99,1765.47,1774.19,1781.72,1789.56,1792.59,1788.10,1780.99,1780.88,1804.00,1837.02,1867.17,1890.78,1902.42,1903.70,1903.80,1909.88,1913.40,1916.68,1919.89,1925.83,1932.39,1939.09,1947.66,1958.67,1965.11,1971.17,1981.20,1993.60,2004.04,2011.09,2018.42,2027.96,2039.99,2048.75,2056.38,2065.29,2071.79,2079.13,2085.42,2090.77,2094.78,2106.18,2122.96,2139.69,2157.64,2177.90,2196.93,2216.23,2234.50,2253.90,2274.51,2295.59,2313.76,2321.32,2327.59,2336.27,2346.15,2354.14,2361.96,2373.09,2383.30,2393.27,2405.28,2416.43,2427.59,2435.57,2445.38,2455.20,2461.81,2458.02,2453.00,2458.57,2466.11,2454.73,2438.36,2422.91,2406.13,2394.69,2386.46,2380.77,2379.14,2377.32,2374.65,2372.13,2370.94,2370.85,2368.76,2360.11,2358.09,2358.79,2359.58,2359.91,2359.97,2360.11,2361.00,2359.98,2353.46,2349.98,2348.80,2347.64,2346.02,2345.40,2344.47,2341.81,2334.64,2326.12,2319.19,2315.57,2311.11,2309.24,2308.69,2305.96,2296.70,2282.91,2259.09,2226.25,2205.45,2184.53,2162.78,2146.28,2135.13,2120.64,2106.78,2096.19,2085.88,2078.77,2074.38,2069.29,2066.11,2064.11,2065.45
1568.80,1575.62,1583.32,1589.87,1599.85,1613.18,1626.83,1640.18,1653.19,1668.57,1682.74,1696.44,1716.18,1734.84,1728.45,1710.92,1698.84,1689.26,1681.13,1678.30,1683.98,1687.04,1693.97,1695.63,1688.14,1674.10,1659.67,1647.83,1636.81,1623.59,1613.99,1616.26,1613.79,1614.22,1632.62,1645.46,1652.46,1646.34,1629.10,1617.13,1625.20,1642.26,1660.21,1673.41,1670.09,1663.16,1665.25,1672.19,1689.10,1704.61,1718.62,1731.13,1744.97,1763.42,1785.79,1805.55,1826.36,1836.25,1841.02,1843.79,1845.28,1846.34,1847.24,1848.04,1848.44,1849.56,1852.07,1855.78,1859.21,1860.70,1858.35,1847.67,1831.33,1814.82,1799.29,1787.19,1776.80,1768.05,1761.74,1753.39,1741.81,1737.36,1735.73,1735.24,1735.15,1736.49,1737.57,1738.41,1741.27,1745.62,1749.48,1753.03,1756.86,1758.94,1760.27,1763.93,1758.95,1756.33,1753.94,1750.38,1746.96,1745.68,1744.54,1742.56,1741.22,1742.85,1747.97,1759.47,1766.43,1767.19,1766.66,1761.72,1753.51,1744.56,1733.07,1723.09,1714.74,1706.70,1700.39,1705.95,1718.03,1724.61,1731.81,1741.18,1752.11,1761.09,1769.18,1776.46,1783.10,1786.34,1783.00,1773.04,1777.68,1806.26,1836.90,1863.51,1883.01,1889.67,1892.17,1898.47,1907.12,1911.87,1913.73,1914.77,1919.84,1928.22,1935.46,1943.72,1955.94,1962.66,1967.62,1975.26,1985.21,1993.38,1999.77,2005.13,2011.90,2020.10,2029.90,2042.39,2054.04,2060.01,2063.94,2067.58,2071.36,2079.21,2098.23,2116.15,2131.46,2147.72,2167.57,2187.03,2202.93,2221.05,2238.96,2258.01,2272.98,2286.05,2299.72,2312.48,2325.12,2341.62,2354.99,2366.82,2379.34,2388.84,2399.14,2409.15,2415.73,2419.10,2422.41,2425.64,2429.05,2431.00,2429.13,2428.23,2438.38,2455.41,2453.10,2438.48,2425.35,2411.45,2398.90,2390.02,2384.71,2383.29,2381.41,2378.70,2374.86,2371.26,2368.01,2363.13,2359.34,2358.47,2359.38,2358.85,2359.56,2359.98,2360.14,2361.05,2359.91,2356.59,2353.73,2351.00,2345.42,2338.44,2334.43,2329.92,2331.02,2329.01,2320.88,2311.68,2306.20,2306.59,2302.58,2298.18,2294.03,2283.18,2271.18,2249.83,2226.47,2203.83,2182.04,2163.73,2148.74,2135.67,2120.69,2104.39,2091.59,2082.90,2077.11,2072.70,2068.63,2065.09,2064.87,2066.42
1569.21,1579.73,1587.75,1597.14,1608.14,1618.63,1630.12,1642.40,1653.98,1668.29,1683.57,1699.06,1717.04,1724.76,1714.64,1701.04,1688.13,1676.69,1666.97,1664.65,1667.44,1670.95,1679.44,1686.51,1687.05,1679.87,1665.35,1651.19,1638.93,1627.09,1613.26,1605.99,1604.18,1607.47,1620.53,1632.43,1642.37,1639.60,1622.95,1610.80,1617.06,1636.39,1653.40,1657.09,1650.89,1651.70,1658.82,1668.89,1686.99,1703.24,1717.85,1731.64,1748.41,1768.34,1789.49,1807.27,1825.12,1833.73,1838.15,1841.17,1842.72,1843.61,1844.28,1844.58,1844.40,1845.17,1846.51,1849.51,1852.57,1855.75,1857.12,1851.70,1837.97,1820.88,1803.23,1790.12,1779.88,1770.73,1763.39,1755.32,1744.60,1737.40,1733.23,1731.85,1731.79,1733.12,1735.07,1738.42,1742.32,1746.90,1751.33,1756.65,1760.46,1762.75,1763.86,1761.51,1756.34,1752.94,1750.25,1746.33,1742.02,1739.20,1737.09,1735.16,1734.00,1735.61,1742.45,1755.14,1763.23,1762.89,1759.70,1752.39,1744.00,1733.82,1721.26,1711.50,1705.48,1698.82,1692.80,1697.07,1705.85,1715.68,1728.66,1743.13,1752.07,1760.08,1766.51,1772.63,1777.36,1780.37,1775.54,1762.00,1774.48,1806.37,1830.95,1854.07,1872.13,1880.16,1887.80,1895.55,1903.27,1907.95,1908.61,1907.04,1912.05,1922.28,1930.63,1937.43,1949.30,1956.80,1962.30,1967.26,1973.75,1982.24,1987.96,1993.74,2001.86,2008.94,2017.85,2030.10,2037.96,2041.28,2043.67,2047.01,2056.16,2073.12,2093.76,2110.41,2123.49,2136.89,2155.34,2174.97,2191.90,2207.15,2224.76,2240.55,2255.76,2271.98,2285.71,2304.18,2325.97,2346.73,2363.88,2380.77,2389.88,2395.07,2399.91,2403.19,2403.34,2404.90,2413.09,2416.72,2420.57,2423.77,2421.47,2419.01,2428.42,2442.50,2445.88,2435.64,2425.14,2416.10,2404.50,2395.18,2389.57,2385.34,2380.10,2377.62,2374.73,2371.66,2367.76,2363.25,2359.69,2356.89,2356.66,2356.18,2357.42,2358.35,2358.14,2356.73,2353.55,2348.19,2340.43,2330.05,2320.65,2312.83,2307.96,2304.74,2303.75,2302.69,2300.73,2298.66,2295.53,2291.93,2287.41,2281.59,2272.77,2263.03,2255.00,2245.90,2232.36,2213.32,2193.28,2176.17,2157.05,2137.61,2122.77,2107.81,2094.75,2084.24,2076.96,2072.73,2068.71,2065.50,2065.69,2067.41
1572.26,1583.28,1592.20,1604.55,1614.91,1625.43,1638.75,1650.52,1661.40,1673.69,1688.42,1701.70,1713.52,1713.75,1703.79,1692.03,1679.53,1664.78,1651.93,1646.84,1648.52,1654.85,1663.78,1674.91,1680.76,1679.91,1669.17,1654.04,1642.97,1634.46,1622.71,1607.46,1597.86,1600.15,1611.33,1625.19,1634.65,1631.03,1615.57,1605.93,1615.40,1632.02,1637.82,1635.74,1637.61,1648.93,1658.30,1669.25,1686.45,1703.43,1718.87,1735.61,1754.64,1773.30,1793.90,1809.28,1824.17,1831.26,1835.25,1838.22,1839.88,1840.74,1841.02,1840.77,1840.08,1839.70,1839.82,1841.85,1844.15,1847.36,1850.73,1851.38,1842.86,1826.31,1804.90,1790.37,1779.04,1769.04,1761.07,1753.09,1745.20,1737.00,1731.01,1728.91,1728.91,1731.47,1735.76,1740.27,1745.46,1750.31,1755.47,1759.98,1761.84,1761.84,1760.01,1756.76,1752.92,1749.47,1745.95,1742.02,1737.76,1734.33,1731.37,1728.04,1725.98,1728.21,1737.94,1749.08,1757.68,1756.24,1751.94,1745.71,1736.98,1725.27,1711.68,1700.14,1695.39,1690.83,1686.07,1689.43,1698.37,1712.34,1728.24,1740.80,1750.05,1756.27,1760.09,1764.23,1769.14,1770.98,1760.95,1753.40,1770.11,1805.66,1824.10,1841.97,1859.82,1871.49,1881.94,1890.57,1898.84,1902.93,1900.63,1899.97,1905.79,1914.72,1923.99,1930.73,1938.03,1945.68,1954.00,1960.18,1964.44,1970.73,1979.11,1983.96,1990.05,1997.58,2003.94,2009.47,2014.12,2018.74,2023.92,2035.55,2054.95,2072.35,2087.57,2102.56,2117.10,2132.72,2150.38,2165.95,2181.33,2195.52,2211.36,2228.56,2245.14,2268.48,2290.78,2312.77,2335.50,2358.13,2376.87,2388.51,2392.15,2393.48,2393.77,2394.61,2397.10,2397.36,2404.88,2408.55,2412.59,2417.47,2419.95,2419.49,2421.16,2428.83,2433.47,2428.45,2419.78,2409.67,2402.97,2398.56,2394.49,2390.97,2387.58,2381.82,2378.73,2375.82,2370.76,2363.34,2356.97,2354.02,2353.44,2353.22,2353.82,2354.54,2353.95,2351.40,2339.72,2322.11,2310.71,2302.10,2295.64,2291.30,2286.89,2283.98,2280.03,2277.49,2275.35,2273.74,2269.52,2263.13,2259.23,2256.57,2250.57,2244.34,2246.40,2247.71,2235.79,2217.74,2197.24,2179.27,2159.40,2141.11,2126.81,2111.84,2097.47,2086.20,2078.70,2074.50,2068.84,2066.60,2066.62,2068.36
1576.01,1586.94,1598.37,1609.98,1619.95,1633.37,1646.78,1657.50,1670.85,1681.05,1695.12,1701.54,1703.63,1699.92,1690.89,1681.04,1669.86,1658.84,1644.56,1632.31,1631.20,1641.27,1654.08,1663.51,1669.80,1671.46,1666.92,1654.36,1643.14,1634.81,1623.49,1608.97,1591.37,1591.78,1605.29,1619.24,1628.79,1623.50,1608.12,1600.81,1612.99,1621.00,1619.87,1624.19,1636.71,1650.59,1663.00,1676.43,1689.89,1705.23,1721.96,1742.94,1761.70,1779.59,1798.15,1810.97,1822.58,1828.32,1831.95,1834.36,1835.77,1836.38,1836.22,1835.25,1833.97,1833.41,1833.38,1834.78,1836.78,1838.81,1841.21,1844.07,1842.30,1829.04,1808.06,1791.24,1777.59,1767.24,1758.03,1749.85,1743.19,1736.39,1729.94,1726.80,1727.66,1731.55,1736.73,1741.99,1747.64,1752.65,1757.00,1759.93,1760.37,1758.86,1755.92,1752.45,1749.18,1744.99,1741.10,1737.90,1733.75,1729.11,1723.66,1719.12,1715.44,1718.68,1726.17,1735.21,1740.27,1740.75,1739.86,1737.31,1729.62,1717.47,1704.13,1691.61,1684.77,1682.06,1679.65,1684.61,1694.28,1706.78,1720.90,1733.77,1741.87,1746.84,1749.15,1751.45,1754.85,1753.25,1745.36,1747.12,1769.74,1801.02,1816.74,1829.98,1844.68,1857.82,1868.71,1879.49,1888.05,1892.02,1890.98,1891.79,1898.68,1905.64,1914.04,1921.82,1929.49,1935.64,1942.40,1949.58,1953.40,1957.31,1963.00,1970.66,1977.26,1981.45,1983.21,1984.20,1989.71,2003.66,2019.50,2037.71,2053.62,2068.04,2083.02,2098.27,2113.37,2130.08,2148.22,2161.92,2175.80,2190.48,2209.59,2232.00,2251.80,2275.72,2298.46,2315.96,2335.39,2356.36,2372.64,2378.58,2384.05,2386.51,2387.30,2391.09,2394.19,2393.34,2398.55,2400.38,2400.89,2403.44,2405.56,2404.71,2402.99,2406.95,2413.34,2413.41,2407.23,2399.93,2396.49,2394.57,2389.70,2387.34,2384.64,2380.11,2378.02,2373.19,2369.27,2363.09,2354.49,2348.53,2348.47,2349.50,2349.65,2349.67,2347.51,2333.18,2311.88,2298.40,2288.51,2279.81,2273.78,2271.13,2267.16,2263.05,2257.60,2254.03,2250.51,2248.65,2246.00,2243.34,2241.49,2239.76,2240.06,2242.85,2247.11,2250.45,2235.87,2217.45,2198.32,2179.91,2160.26,2144.01,2130.91,2115.42,2101.32,2088.67,2079.99,2075.72,2070.30,2068.21,2067.61,2069.26
1581.36,1589.79,1600.70,1615.20,1628.55,1640.69,1653.28,1666.64,1679.72,1693.32,1699.21,1690.42,1685.36,1683.87,1677.77,1667.33,1659.48,1651.93,1641.10,1620.83,1615.92,1622.16,1636.67,1648.91,1652.89,1656.65,1658.61,1648.02,1635.72,1623.89,1615.60,1605.05,1588.25,1585.98,1601.05,1615.46,1621.65,1614.39,1600.11,1595.47,1604.60,1609.65,1618.14,1632.10,1644.27,1656.97,1672.83,1685.50,1696.62,1711.49,1728.61,1749.60,1768.85,1785.76,1800.88,1811.57,1820.05,1824.53,1827.58,1829.87,1831.24,1831.39,1830.69,1829.01,1827.44,1827.01,1826.74,1827.92,1830.50,1832.67,1834.24,1835.28,1832.19,1823.04,1810.79,1795.70,1780.39,1769.19,1759.61,1750.02,1741.59,1734.84,1729.14,1725.39,1726.00,1730.28,1736.35,1742.32,1747.53,1752.75,1757.24,1758.70,1758.45,1756.54,1753.39,1749.76,1746.25,1741.75,1737.91,1734.66,1730.69,1723.82,1715.69,1707.53,1702.72,1705.01,1712.23,1716.36,1715.91,1715.90,1717.26,1716.94,1713.76,1706.24,1696.68,1683.05,1675.11,1674.16,1675.83,1680.16,1686.68,1698.22,1708.98,1723.65,1731.75,1733.46,1734.61,1735.42,1736.89,1736.84,1736.53,1749.00,1774.27,1793.55,1804.67,1815.72,1827.64,1842.27,1853.97,1862.38,1871.37,1876.91,1877.25,1879.51,1887.13,1893.39,1901.75,1909.69,1919.03,1925.96,1929.75,1932.77,1934.74,1936.52,1940.34,1947.00,1951.72,1954.32,1954.96,1963.03,1984.65,2005.45,2021.86,2037.93,2052.23,2067.80,2084.36,2099.75,2113.10,2128.52,2143.65,2156.72,2172.75,2193.23,2216.35,2241.37,2259.79,2272.51,2287.66,2304.11,2324.60,2344.16,2356.32,2364.21,2370.76,2378.60,2386.25,2391.03,2390.78,2389.47,2393.84,2394.23,2389.79,2390.19,2391.27,2388.86,2384.09,2383.92,2387.63,2389.61,2388.95,2388.28,2388.62,2390.39,2390.47,2386.89,2381.56,2374.51,2366.38,2355.90,2350.04,2345.32,2338.32,2331.53,2327.56,2326.32,2325.14,2323.47,2317.25,2302.13,2288.33,2276.44,2268.01,2258.95,2251.55,2248.28,2245.68,2242.11,2238.47,2235.68,2233.28,2233.73,2234.61,2236.39,2239.40,2242.90,2246.06,2249.93,2254.00,2253.70,2239.86,2219.93,2200.65,2182.14,2163.42,2146.42,2132.51,2117.68,2103.73,2091.30,2081.82,2076.89,2072.88,2069.89,2068.73,2070.41
1585.68,1596.42,1608.42,1624.54,1637.02,1648.03,1661.38,1674.45,1690.32,1696.35,1690.77,1677.76,1668.91,1668.41,1664.43,1656.40,1647.48,1639.43,1628.54,1613.28,1605.05,1609.32,1618.62,1632.53,1635.93,1639.23,1647.81,1643.72,1632.13,1617.79,1609.40,1597.27,1582.32,1580.74,1597.66,1611.25,1613.88,1604.00,1593.04,1590.89,1596.47,1603.65,1623.16,1636.96,1650.56,1663.32,1680.35,1693.91,1707.02,1721.06,1736.43,1755.21,1773.53,1789.27,1802.47,1811.03,1816.47,1819.59,1821.59,1822.71,1823.97,1824.33,1823.69,1821.69,1820.65,1820.36,1819.78,1820.37,1824.07,1827.42,1828.88,1827.35,1821.98,1814.53,1805.41,1795.54,1784.61,1773.68,1763.32,1752.80,1741.48,1734.21,1728.15,1723.93,1723.45,1727.41,1732.99,1740.78,1746.75,1752.62,1758.40,1760.40,1759.56,1756.96,1753.42,1749.93,1746.22,1741.64,1737.85,1734.74,1730.15,1722.01,1712.11,1699.68,1694.28,1692.50,1695.56,1699.59,1698.37,1698.04,1698.55,1698.93,1698.11,1693.56,1684.83,1673.25,1667.11,1668.82,1673.02,1673.21,1677.41,1689.50,1700.52,1711.90,1718.96,1719.64,1719.74,1720.82,1723.76,1729.02,1738.46,1757.99,1777.61,1788.53,1793.84,1799.79,1809.45,1821.70,1835.65,1847.35,1854.22,1858.81,1860.22,1863.69,1871.91,1878.51,1887.48,1896.00,1903.28,1909.96,1914.28,1915.14,1914.57,1913.94,1915.86,1921.63,1924.57,1927.28,1939.24,1964.06,1991.27,2013.26,2032.28,2050.00,2062.72,2075.50,2091.31,2103.64,2115.41,2128.43,2138.03,2152.03,2172.74,2198.14,2219.45,2236.59,2248.09,2256.73,2271.87,2292.55,2313.47,2336.08,2351.37,2364.32,2373.88,2381.38,2387.02,2389.13,2388.59,2388.65,2391.75,2391.28,2385.21,2379.37,2378.95,2378.01,2371.89,2363.65,2359.23,2360.93,2364.19,2369.14,2376.32,2382.07,2385.78,2385.13,2378.69,2365.85,2347.87,2336.16,2328.47,2321.67,2315.48,2307.08,2299.96,2297.89,2297.06,2294.63,2288.48,2278.63,2264.48,2255.05,2247.88,2241.50,2238.09,2237.84,2238.94,2240.01,2239.62,2236.53,2233.74,2235.28,2239.57,2245.90,2249.99,2252.69,2256.45,2259.73,2261.09,2257.22,2243.69,2222.23,2202.90,2183.67,2166.36,2149.91,2134.57,2121.70,2106.55,2093.84,2084.05,2078.49,2074.98,2071.61,2070.24,2072.86
1586.08,1601.66,1617.72,1633.23,1644.32,1655.41,1669.09,1677.94,1687.60,1685.10,1678.87,1668.09,1656.56,1654.97,1653.53,1645.15,1630.97,1619.82,1613.89,1606.38,1595.34,1596.22,1608.56,1618.08,1620.01,1626.78,1640.90,1640.76,1630.07,1618.14,1604.87,1589.13,1574.77,1574.55,1590.54,1603.70,1604.59,1593.51,1584.95,1589.09,1594.63,1603.18,1624.80,1639.31,1653.52,1668.27,1686.19,1702.75,1716.17,1729.21,1745.74,1759.62,1775.26,1789.22,1800.65,1807.20,1811.22,1812.91,1813.92,1814.34,1815.21,1815.61,1815.26,1813.18,1811.54,1811.88,1812.82,1815.80,1820.99,1825.65,1827.25,1823.17,1815.63,1806.35,1796.50,1788.14,1781.72,1775.93,1767.85,1758.28,1747.49,1738.00,1729.20,1722.92,1719.71,1723.47,1728.28,1736.33,1744.27,1750.44,1757.44,1761.13,1760.03,1757.06,1753.73,1752.80,1749.93,1745.63,1741.28,1738.16,1731.90,1721.62,1709.35,1696.95,1688.55,1681.00,1680.43,1684.64,1685.66,1684.44,1683.99,1684.02,1683.50,1680.19,1673.73,1664.97,1659.75,1664.80,1669.20,1667.80,1671.99,1686.67,1696.48,1702.09,1704.80,1707.48,1709.81,1717.08,1728.30,1741.80,1753.42,1766.90,1777.00,1783.62,1787.05,1791.16,1796.46,1804.26,1813.98,1823.44,1832.43,1837.24,1838.82,1840.50,1846.21,1854.28,1863.16,1870.64,1877.00,1882.24,1887.08,1888.87,1889.49,1889.68,1891.13,1897.31,1906.51,1920.79,1944.79,1972.15,1999.34,2022.20,2041.88,2056.31,2067.22,2077.81,2093.64,2107.50,2120.82,2127.86,2136.26,2154.61,2179.80,2200.70,2212.65,2220.51,2229.79,2243.99,2263.69,2285.93,2306.97,2330.97,2352.35,2366.70,2375.16,2381.88,2387.54,2388.45,2388.31,2388.05,2389.14,2388.31,2383.96,2376.43,2367.14,2369.10,2365.07,2354.88,2343.30,2343.94,2347.75,2352.49,2361.74,2371.24,2378.08,2380.18,2372.26,2351.07,2328.78,2315.20,2305.36,2296.63,2288.78,2282.01,2277.70,2275.36,2274.07,2272.13,2267.34,2256.51,2244.74,2243.01,2240.39,2238.86,2242.11,2247.16,2252.93,2255.28,2255.10,2252.55,2249.83,2249.46,2253.77,2258.59,2260.12,2261.27,2265.32,2267.18,2265.99,2258.88,2242.89,2223.40,2203.88,2185.64,2169.72,2154.19,2139.07,2126.95,2111.68,2098.99,2089.72,2082.05,2076.76,2073.49,2073.19,2076.32
1588.68,1604.63,1621.88,1637.45,1649.57,1659.20,1665.82,1668.82,1673.83,1671.79,1668.29,1661.00,1645.69,1642.91,1637.18,1624.16,1612.59,1603.28,1600.70,1595.81,1583.89,1585.70,1600.35,1608.24,1609.01,1620.20,1632.29,1633.53,1624.92,1612.10,1597.19,1585.14,1570.06,1567.06,1581.23,1592.68,1590.69,1580.52,1579.16,1588.42,1595.13,1606.27,1630.41,1642.04,1653.76,1670.91,1691.22,1709.51,1723.09,1736.84,1752.79,1763.24,1774.64,1784.69,1792.41,1797.16,1799.50,1800.84,1801.93,1802.82,1804.70,1805.86,1805.98,1804.73,1804.35,1805.81,1808.75,1814.80,1821.82,1827.86,1829.59,1823.22,1814.50,1803.74,1792.49,1780.36,1773.25,1771.98,1771.17,1764.85,1755.49,1745.83,1732.96,1723.14,1715.07,1717.53,1724.33,1729.49,1736.99,1741.12,1748.70,1751.37,1749.66,1750.10,1752.42,1756.56,1755.11,1751.63,1747.77,1743.14,1737.22,1729.48,1717.46,1701.46,1686.61,1675.98,1671.54,1671.85,1671.57,1670.77,1670.56,1670.65,1669.71,1666.53,1663.24,1656.29,1653.46,1662.29,1664.29,1665.14,1672.75,1686.72,1693.36,1694.39,1696.39,1701.55,1711.55,1724.59,1740.01,1751.13,1758.97,1766.85,1773.58,1778.33,1782.89,1786.30,1788.67,1790.97,1793.22,1797.62,1804.71,1812.02,1816.39,1819.35,1824.30,1831.71,1839.76,1846.65,1850.25,1853.15,1856.58,1859.36,1861.81,1866.22,1873.95,1887.36,1905.54,1926.79,1952.17,1976.93,2003.01,2024.59,2042.41,2055.17,2065.65,2076.00,2091.26,2106.70,2118.74,2124.74,2135.63,2158.96,2180.29,2190.62,2196.68,2206.92,2216.80,2233.24,2255.30,2274.88,2298.84,2324.85,2346.05,2359.56,2375.31,2386.23,2393.50,2391.77,2389.50,2388.49,2386.59,2385.38,2383.09,2376.60,2359.48,2354.47,2357.38,2349.49,2335.25,2326.97,2327.91,2335.05,2344.63,2354.24,2363.45,2364.47,2354.23,2333.64,2313.01,2295.26,2283.47,2273.34,2264.93,2260.97,2257.59,2252.43,2251.76,2251.66,2248.37,2240.48,2239.96,2245.09,2243.49,2241.44,2251.62,2257.51,2262.17,2263.71,2263.82,2262.63,2261.60,2261.60,2265.24,2270.24,2271.88,2272.34,2274.96,2275.62,2270.76,2257.22,2238.80,2223.55,2205.04,2187.47,2172.07,2156.39,2142.66,2130.43,2115.62,2103.61,2093.52,2085.40,2079.09,2075.37,2076.07,2080.83
1595.38,1610.62,1626.08,1640.66,1653.65,1655.89,1650.94,1651.12,1658.55,1657.05,1656.32,1654.11,1637.48,1620.88,1612.06,1601.72,1599.86,1595.15,1587.86,1584.79,1575.14,1572.42,1589.73,1595.29,1595.72,1609.38,1621.70,1621.79,1614.50,1604.06,1592.10,1579.53,1565.40,1560.82,1577.38,1584.31,1575.78,1572.19,1579.20,1586.88,1595.72,1607.40,1628.03,1640.97,1655.11,1673.32,1696.47,1714.15,1727.14,1742.03,1755.03,1764.40,1772.22,1778.04,1782.34,1783.62,1784.07,1786.37,1788.18,1788.84,1791.57,1794.29,1795.66,1795.94,1798.22,1801.96,1807.38,1815.75,1823.92,1830.16,1829.04,1820.32,1812.73,1803.75,1790.73,1775.96,1765.00,1760.35,1762.82,1763.29,1758.06,1749.70,1737.38,1725.16,1713.88,1706.89,1715.96,1724.05,1725.13,1726.37,1734.62,1738.33,1734.77,1736.82,1746.05,1755.78,1758.96,1755.45,1751.91,1745.30,1736.93,1730.06,1719.97,1705.50,1688.99,1673.29,1665.18,1663.69,1663.21,1660.93,1656.69,1655.59,1654.72,1653.70,1648.38,1646.28,1650.07,1656.81,1657.08,1660.86,1669.58,1679.17,1684.43,1688.39,1694.58,1705.41,1720.95,1734.36,1745.86,1752.59,1757.03,1761.48,1768.75,1774.62,1779.29,1782.08,1783.26,1782.20,1780.93,1781.34,1784.14,1790.32,1795.13,1796.90,1800.45,1807.43,1815.21,1821.27,1826.28,1829.89,1833.08,1836.30,1843.80,1855.23,1867.10,1887.04,1907.60,1929.76,1954.85,1978.95,2003.16,2023.41,2038.83,2051.24,2062.04,2072.72,2084.59,2099.95,2108.70,2118.64,2135.97,2157.35,2168.99,2172.85,2180.23,2191.93,2206.74,2224.32,2244.71,2263.82,2286.96,2308.70,2330.38,2350.21,2369.37,2378.74,2387.86,2393.38,2391.60,2389.26,2386.18,2383.13,2380.51,2373.18,2357.21,2343.23,2346.18,2337.99,2329.12,2316.29,2310.27,2317.35,2330.15,2338.43,2344.33,2343.57,2333.37,2317.19,2299.03,2277.66,2260.94,2251.37,2243.69,2240.18,2237.83,2233.81,2233.35,2236.26,2235.55,2234.31,2243.22,2249.82,2246.11,2243.65,2256.17,2263.66,2268.58,2270.70,2271.32,2271.79,2272.03,2272.24,2275.51,2281.19,2282.93,2285.09,2287.16,2285.66,2275.65,2255.73,2237.19,2224.62,2207.23,2191.57,2173.88,2158.16,2144.45,2131.76,2116.63,2103.51,2094.28,2087.55,2081.60,2078.07,2079.37,2085.05
1595.33,1613.93,1630.92,1643.15,1654.11,1646.30,1636.66,1635.41,1641.43,1641.07,1644.92,1646.81,1632.13,1602.83,1591.56,1586.41,1587.25,1590.66,1579.83,1565.97,1559.53,1556.65,1575.26,1583.67,1581.79,1590.65,1601.74,1603.42,1599.39,1595.31,1584.04,1570.02,1557.58,1556.96,1573.43,1576.95,1567.28,1569.20,1577.63,1585.58,1595.09,1606.03,1625.41,1642.40,1656.26,1676.35,1699.02,1714.62,1727.75,1742.22,1753.38,1761.09,1765.77,1769.14,1770.76,1770.52,1770.55,1772.66,1775.82,1777.45,1779.72,1782.04,1784.67,1788.58,1794.17,1800.17,1807.28,1817.85,1826.03,1830.26,1822.61,1811.60,1806.08,1800.70,1789.68,1770.66,1753.19,1741.76,1742.45,1749.08,1748.82,1740.02,1730.88,1723.10,1712.98,1701.73,1702.00,1711.68,1714.79,1716.30,1721.20,1722.00,1716.13,1718.98,1732.62,1741.49,1747.22,1750.36,1749.61,1739.56,1726.17,1718.02,1710.21,1697.00,1681.10,1672.48,1660.10,1656.34,1656.20,1652.41,1648.91,1648.68,1647.15,1644.90,1640.46,1639.78,1643.93,1648.06,1654.54,1660.75,1665.76,1672.86,1683.41,1695.74,1708.68,1722.02,1731.30,1738.04,1745.33,1751.30,1755.31,1759.87,1765.62,1770.75,1774.02,1776.43,1776.54,1774.25,1772.58,1770.81,1769.92,1773.29,1774.69,1776.30,1778.47,1784.56,1792.22,1798.49,1802.17,1805.89,1810.22,1815.27,1827.04,1847.54,1861.00,1883.35,1906.77,1927.23,1951.68,1977.41,2000.97,2021.36,2035.33,2046.84,2056.84,2068.55,2079.09,2090.18,2099.26,2111.97,2132.95,2145.81,2151.23,2158.09,2168.40,2179.88,2197.79,2215.75,2231.91,2250.91,2275.95,2300.16,2323.07,2341.26,2355.84,2363.27,2372.38,2384.10,2388.04,2386.51,2384.61,2381.83,2376.17,2365.83,2353.59,2342.57,2333.28,2324.47,2319.75,2311.41,2299.77,2299.52,2311.82,2320.80,2323.77,2322.46,2314.88,2300.73,2280.73,2258.61,2246.78,2244.08,2239.46,2234.56,2231.31,2230.98,2229.85,2230.94,2230.15,2233.82,2246.55,2251.17,2250.18,2248.23,2259.66,2268.60,2274.61,2278.14,2279.11,2280.33,2282.66,2283.55,2285.66,2290.94,2294.70,2298.76,2300.67,2295.01,2279.47,2259.16,2242.37,2228.66,2212.16,2196.48,2175.66,2159.18,2143.95,2132.56,2117.52,2103.88,2095.99,2089.39,2084.69,2081.03,2082.98,2087.64
1594.90,1613.70,1632.91,1644.76,1650.89,1637.03,1622.54,1619.00,1625.64,1625.55,1634.30,1638.52,1627.76,1599.32,1578.90,1573.82,1573.91,1578.96,1573.84,1553.29,1544.17,1548.37,1566.68,1569.11,1566.38,1573.37,1583.20,1586.63,1582.24,1580.52,1570.99,1555.31,1547.27,1554.72,1567.15,1566.62,1560.59,1566.80,1576.18,1585.62,1595.03,1604.58,1620.50,1643.38,1659.59,1679.88,1698.37,1712.27,1723.43,1735.61,1745.34,1750.83,1753.88,1756.31,1757.71,1758.04,1758.29,1759.24,1762.30,1766.17,1767.82,1770.76,1778.08,1784.95,1792.24,1800.44,1809.16,1820.95,1827.15,1824.47,1811.91,1799.34,1794.67,1790.89,1785.29,1771.09,1748.38,1732.81,1724.85,1729.40,1732.15,1723.80,1716.01,1712.96,1706.85,1696.14,1693.84,1702.09,1702.00,1705.79,1710.35,1705.79,1704.61,1705.71,1712.69,1723.12,1728.30,1736.04,1741.73,1732.64,1717.04,1704.64,1693.43,1678.38,1673.48,1669.24,1658.18,1647.84,1647.37,1641.79,1637.61,1638.58,1637.76,1631.88,1629.62,1633.41,1640.65,1648.22,1656.10,1663.27,1669.23,1680.15,1695.57,1708.57,1719.76,1728.55,1733.22,1737.20,1742.30,1749.11,1754.72,1759.82,1764.48,1767.20,1768.82,1769.73,1768.87,1765.82,1762.19,1759.66,1759.07,1761.28,1762.12,1762.58,1764.35,1770.90,1776.30,1780.04,1782.76,1786.49,1791.67,1803.80,1817.37,1834.63,1853.28,1877.38,1902.99,1921.63,1944.21,1971.45,1996.80,2019.71,2034.11,2044.76,2054.47,2063.55,2070.37,2079.20,2090.70,2107.91,2124.70,2128.20,2133.14,2143.49,2155.16,2167.29,2183.45,2201.27,2219.11,2241.10,2266.34,2290.32,2313.27,2330.05,2340.86,2346.39,2358.72,2375.28,2381.44,2381.03,2381.57,2379.43,2370.80,2356.63,2343.02,2337.60,2328.50,2313.67,2308.81,2305.59,2299.20,2288.50,2289.42,2298.50,2302.63,2299.56,2289.09,2274.48,2262.79,2249.67,2250.94,2252.87,2248.14,2240.73,2236.73,2242.73,2236.80,2230.70,2231.61,2236.12,2247.44,2251.80,2252.89,2251.79,2260.39,2271.99,2279.66,2284.05,2287.38,2291.87,2296.48,2296.52,2295.09,2298.95,2303.12,2307.72,2310.34,2300.98,2285.79,2268.71,2250.86,2232.34,2215.74,2197.90,2176.56,2160.78,2145.84,2134.41,2121.19,2109.13,2099.42,2092.06,2087.49,2083.99,2085.87,2090.24
1600.56,1616.76,1635.34,1649.34,1646.99,1631.04,1613.29,1602.96,1604.29,1606.16,1615.53,1627.29,1620.59,1598.81,1578.71,1564.53,1559.92,1560.89,1559.27,1547.07,1537.27,1544.01,1561.73,1555.70,1556.43,1560.33,1566.33,1567.10,1562.05,1560.71,1553.64,1543.34,1542.23,1552.74,1559.45,1555.34,1557.05,1565.84,1578.07,1588.62,1597.59,1609.82,1627.26,1648.61,1664.43,1679.37,1693.61,1706.71,1716.10,1724.19,1731.96,1736.57,1738.02,1739.48,1741.15,1742.52,1743.80,1745.97,1750.18,1755.27,1760.80,1766.97,1774.35,1783.68,1793.98,1803.76,1813.98,1824.24,1822.99,1813.30,1801.13,1786.19,1776.50,1773.92,1771.51,1768.64,1753.98,1735.56,1717.28,1712.37,1715.56,1707.15,1698.91,1700.48,1698.32,1690.06,1687.44,1694.39,1690.29,1692.90,1700.00,1695.07,1691.51,1696.03,1700.72,1699.98,1711.32,1724.24,1733.72,1727.06,1710.89,1697.88,1683.42,1671.86,1664.21,1659.09,1651.32,1638.82,1634.24,1632.99,1629.87,1627.00,1624.00,1622.99,1627.69,1633.58,1640.00,1646.51,1653.63,1663.75,1673.07,1687.13,1702.07,1712.45,1720.70,1726.15,1729.73,1734.00,1739.60,1747.73,1753.95,1758.99,1762.47,1763.92,1765.17,1765.48,1763.54,1759.09,1755.88,1755.09,1756.16,1757.27,1758.76,1760.81,1763.17,1767.24,1771.55,1774.36,1775.16,1779.28,1784.63,1792.48,1808.17,1824.49,1845.87,1871.59,1896.42,1915.49,1936.80,1962.28,1988.96,2013.05,2030.01,2041.18,2050.40,2059.40,2060.88,2071.30,2088.05,2100.44,2103.66,2108.65,2118.76,2129.71,2142.52,2157.02,2172.78,2190.09,2208.81,2232.37,2252.11,2271.34,2289.55,2306.36,2320.86,2330.65,2346.27,2367.24,2374.08,2374.33,2376.06,2374.07,2363.68,2346.24,2329.89,2322.20,2320.17,2309.72,2306.15,2302.89,2297.28,2288.10,2279.94,2276.55,2275.82,2272.61,2263.51,2257.53,2252.45,2251.83,2254.57,2256.10,2255.28,2251.94,2250.05,2250.80,2245.15,2239.18,2238.20,2241.26,2249.44,2252.61,2254.49,2252.10,2256.94,2273.03,2282.19,2287.27,2292.55,2298.43,2304.22,2305.64,2303.26,2304.70,2308.71,2313.95,2316.53,2309.02,2294.50,2275.39,2255.38,2235.77,2216.47,2199.30,2182.39,2166.70,2152.93,2137.09,2125.68,2112.95,2103.84,2097.13,2090.89,2086.99,2088.43,2092.88
1612.77,1624.90,1640.43,1651.33,1640.84,1623.09,1606.14,1589.94,1584.82,1587.38,1596.96,1608.89,1608.27,1596.72,1585.30,1567.43,1550.92,1544.86,1542.65,1537.69,1532.31,1539.43,1552.91,1544.09,1548.16,1549.45,1551.29,1549.37,1546.76,1544.57,1539.95,1536.82,1539.72,1547.42,1549.68,1548.56,1556.37,1567.66,1578.63,1590.86,1601.19,1614.33,1628.79,1647.52,1662.16,1674.60,1684.60,1693.38,1702.49,1710.64,1716.16,1720.24,1723.29,1725.98,1728.19,1729.68,1731.25,1734.00,1739.77,1747.13,1756.69,1766.69,1776.06,1786.81,1799.17,1808.71,1820.23,1823.74,1813.67,1797.13,1785.33,1770.16,1757.20,1754.77,1752.92,1753.75,1755.04,1740.00,1717.08,1701.81,1695.49,1688.82,1681.26,1686.29,1686.67,1680.46,1684.71,1693.12,1685.34,1684.90,1692.11,1683.31,1674.65,1682.37,1691.75,1692.28,1699.22,1718.16,1727.36,1725.00,1713.99,1701.44,1684.85,1675.05,1666.09,1652.82,1641.70,1631.53,1626.87,1625.17,1622.48,1620.02,1617.51,1620.90,1627.40,1633.29,1638.61,1644.48,1652.40,1665.09,1675.61,1690.83,1703.36,1711.22,1717.34,1721.08,1725.07,1730.98,1736.48,1743.24,1750.11,1754.06,1758.98,1760.87,1761.65,1761.56,1758.38,1753.91,1754.21,1757.71,1761.42,1765.79,1773.26,1781.11,1787.26,1790.74,1791.80,1790.57,1785.48,1778.42,1778.70,1785.29,1801.98,1821.38,1843.52,1867.65,1887.23,1908.09,1930.21,1953.55,1978.27,2001.98,2019.82,2032.99,2040.98,2045.93,2052.45,2065.52,2078.47,2079.48,2081.13,2090.83,2104.91,2117.25,2129.65,2146.79,2165.50,2180.30,2197.55,2218.32,2238.08,2252.90,2266.08,2277.33,2294.73,2316.28,2337.69,2355.36,2363.59,2364.88,2367.48,2362.03,2345.76,2329.71,2316.59,2311.22,2312.83,2310.89,2305.73,2297.54,2293.82,2287.89,2280.65,2272.66,2264.00,2259.34,2257.41,2256.20,2256.26,2256.64,2257.00,2257.47,2257.31,2256.32,2255.13,2254.42,2253.32,2253.67,2249.43,2248.24,2253.06,2254.89,2254.68,2251.51,2252.03,2268.07,2280.74,2286.26,2291.74,2299.06,2307.73,2312.18,2310.42,2310.49,2314.70,2319.39,2320.75,2314.15,2299.41,2277.69,2258.14,2240.20,2218.34,2201.15,2184.02,2167.91,2152.83,2137.07,2126.56,2114.63,2106.07,2099.47,2093.66,2089.58,2091.89,2096.60
1626.05,1636.75,1646.08,1650.76,1638.68,1623.66,1605.62,1582.22,1571.17,1573.01,1582.88,1592.36,1592.39,1592.20,1592.81,1582.06,1561.35,1545.80,1535.59,1528.38,1526.33,1534.71,1541.24,1535.63,1537.72,1538.72,1538.52,1537.27,1535.86,1534.32,1531.55,1533.10,1536.99,1540.72,1543.01,1546.17,1553.49,1566.35,1575.89,1587.22,1598.42,1608.88,1617.94,1635.26,1654.14,1665.77,1672.69,1678.92,1685.84,1695.34,1702.35,1706.90,1709.83,1713.16,1716.07,1720.13,1723.52,1728.12,1738.48,1748.01,1758.36,1769.88,1779.99,1790.89,1803.34,1814.07,1822.67,1816.46,1802.85,1784.01,1771.07,1756.21,1742.77,1736.12,1735.36,1733.96,1740.99,1740.31,1725.61,1709.21,1690.91,1678.08,1668.70,1671.07,1671.89,1675.63,1691.58,1697.16,1683.58,1675.47,1681.74,1675.21,1664.04,1667.65,1674.16,1684.19,1695.00,1707.27,1718.67,1717.54,1711.47,1700.69,1688.06,1680.49,1672.59,1658.20,1640.93,1624.39,1620.91,1619.27,1615.74,1613.89,1614.01,1619.91,1625.76,1630.72,1637.35,1644.70,1653.58,1666.44,1679.28,1692.09,1702.42,1708.06,1711.36,1714.79,1720.32,1726.55,1731.01,1735.25,1741.78,1746.93,1753.33,1756.43,1756.14,1753.88,1751.01,1753.32,1758.31,1764.65,1774.84,1788.10,1801.04,1807.54,1810.49,1812.10,1812.34,1810.91,1803.94,1791.07,1779.43,1782.08,1800.82,1821.89,1841.95,1863.56,1879.26,1897.85,1921.31,1944.98,1965.86,1988.11,2003.96,2016.93,2023.81,2030.61,2041.34,2052.19,2057.33,2055.73,2061.46,2074.88,2089.94,2102.83,2118.09,2137.32,2151.65,2163.04,2182.23,2202.56,2219.61,2234.54,2245.64,2258.08,2280.58,2306.94,2328.60,2342.15,2349.32,2350.89,2349.93,2340.59,2326.84,2315.62,2308.49,2308.44,2310.93,2311.44,2303.96,2289.93,2280.97,2283.31,2279.82,2274.88,2270.63,2266.23,2262.11,2261.14,2261.44,2260.07,2259.13,2258.82,2258.93,2258.24,2257.34,2256.34,2256.40,2255.58,2253.76,2254.91,2255.35,2255.60,2255.18,2254.45,2250.20,2256.94,2272.76,2281.86,2288.68,2298.20,2308.16,2315.15,2317.43,2318.06,2320.53,2322.99,2321.27,2314.44,2304.36,2286.87,2265.26,2246.47,2221.85,2204.74,2186.36,2170.68,2155.35,2139.07,2130.40,2119.95,2109.25,2102.71,2097.37,2095.22,2098.89,2101.66
1638.52,1648.54,1651.70,1646.80,1633.54,1619.93,1603.70,1577.88,1563.17,1560.57,1568.79,1578.98,1577.90,1581.08,1588.22,1589.54,1576.16,1556.98,1540.41,1525.54,1519.90,1527.24,1533.35,1528.51,1528.03,1527.80,1525.12,1523.73,1523.66,1526.23,1526.33,1529.05,1531.08,1534.63,1539.76,1545.42,1549.79,1562.68,1569.98,1581.97,1592.46,1599.28,1610.37,1619.86,1637.70,1651.18,1657.48,1664.12,1671.63,1680.62,1688.20,1691.05,1695.36,1702.86,1708.70,1713.69,1718.10,1726.49,1738.51,1749.58,1760.87,1773.21,1783.87,1794.37,1806.04,1816.90,1820.83,1807.09,1789.64,1774.16,1764.72,1749.58,1731.63,1720.84,1720.22,1717.84,1720.34,1720.61,1718.20,1709.20,1692.78,1677.22,1664.37,1659.80,1665.22,1681.13,1697.69,1698.75,1684.42,1667.73,1668.32,1667.70,1654.41,1653.44,1667.46,1685.29,1693.38,1691.00,1693.23,1692.11,1689.82,1686.38,1682.77,1676.39,1668.51,1654.78,1638.25,1621.22,1615.17,1613.55,1609.71,1608.72,1610.27,1616.94,1622.95,1628.45,1639.20,1647.15,1656.32,1666.48,1680.59,1692.04,1701.44,1704.86,1706.62,1708.01,1712.81,1720.35,1724.47,1728.34,1734.62,1742.76,1750.17,1751.03,1748.84,1745.84,1749.01,1756.29,1763.00,1774.29,1793.05,1808.43,1816.62,1821.69,1824.03,1824.68,1825.91,1825.33,1820.22,1807.14,1788.10,1781.53,1800.88,1821.45,1839.60,1858.28,1873.76,1888.34,1909.22,1932.89,1953.18,1970.12,1985.54,1994.07,2005.05,2018.65,2028.37,2032.75,2032.28,2035.76,2046.52,2060.89,2076.30,2091.95,2112.47,2128.24,2134.10,2142.78,2160.47,2184.54,2200.09,2210.39,2223.49,2245.23,2272.47,2298.85,2316.09,2329.19,2334.84,2334.76,2329.25,2319.90,2311.18,2307.11,2309.20,2313.42,2319.34,2324.10,2315.36,2297.93,2278.72,2273.19,2276.94,2276.38,2273.99,2271.73,2269.42,2266.29,2264.11,2261.39,2259.50,2259.54,2259.88,2259.50,2258.51,2257.99,2257.38,2255.39,2255.27,2255.85,2256.03,2256.00,2255.63,2255.08,2251.91,2249.64,2263.05,2277.18,2289.99,2300.92,2310.78,2317.59,2320.84,2321.75,2322.38,2321.86,2319.47,2312.30,2303.57,2287.57,2267.12,2246.17,2223.08,2205.90,2188.34,2174.32,2161.03,2144.26,2133.65,2124.49,2114.27,2107.03,2102.85,2102.28,2105.08,2106.44
1639.12,1646.98,1651.05,1644.25,1627.26,1613.87,1596.06,1570.97,1554.88,1549.73,1555.41,1562.15,1562.36,1566.28,1575.27,1584.32,1580.42,1563.13,1543.49,1524.17,1515.88,1517.69,1523.93,1521.43,1518.61,1518.68,1517.25,1516.12,1517.52,1519.74,1521.63,1524.81,1527.86,1532.72,1539.50,1548.87,1555.23,1563.87,1572.67,1583.23,1592.38,1599.46,1609.13,1617.12,1625.70,1635.80,1642.10,1651.44,1659.58,1666.96,1675.32,1681.43,1688.98,1696.74,1703.30,1709.27,1718.90,1727.80,1738.48,1749.57,1762.40,1776.40,1787.08,1797.75,1809.92,1818.99,1819.40,1801.91,1778.76,1763.73,1753.10,1739.03,1724.49,1711.32,1702.52,1699.43,1700.69,1698.46,1692.39,1689.65,1682.48,1669.72,1655.89,1654.32,1667.38,1686.53,1698.53,1698.25,1685.21,1665.25,1654.29,1652.20,1643.12,1648.38,1665.99,1680.22,1688.42,1687.71,1681.73,1679.63,1681.75,1681.18,1671.25,1663.09,1655.71,1643.56,1628.78,1614.06,1609.28,1606.44,1603.63,1604.32,1607.15,1613.23,1619.70,1630.08,1642.83,1650.16,1657.38,1665.38,1677.60,1689.46,1698.09,1700.62,1701.44,1701.78,1704.58,1713.34,1719.10,1724.83,1731.05,1736.93,1740.82,1740.95,1739.15,1739.33,1747.10,1757.19,1766.74,1785.73,1806.93,1817.97,1824.93,1829.57,1830.80,1831.35,1832.82,1832.09,1827.94,1818.71,1800.70,1786.52,1800.03,1819.27,1835.46,1851.21,1867.10,1881.54,1900.15,1918.66,1936.04,1951.54,1964.70,1977.99,1996.61,2008.09,2009.57,2012.84,2013.98,2019.57,2033.67,2048.39,2067.78,2090.75,2105.25,2110.04,2114.87,2127.21,2140.49,2159.49,2177.42,2189.14,2208.66,2231.74,2257.42,2281.68,2297.72,2307.64,2312.30,2311.37,2306.71,2304.61,2306.39,2313.42,2321.18,2327.97,2332.70,2333.52,2326.28,2306.67,2285.48,2270.03,2269.68,2272.41,2273.13,2272.26,2270.05,2266.40,2262.68,2259.92,2259.25,2259.79,2259.71,2259.97,2259.59,2259.46,2258.24,2256.62,2256.39,2256.45,2256.51,2255.97,2255.48,2254.91,2252.26,2247.97,2258.73,2275.60,2291.86,2305.50,2313.64,2319.10,2320.82,2320.18,2317.38,2315.92,2316.34,2311.12,2301.41,2282.45,2261.21,2240.11,2220.52,2204.27,2188.31,2176.22,2163.74,2148.69,2137.39,2131.49,2122.26,2113.06,2109.67,2109.60,2111.41,2111.20
1624.74,1636.78,1648.75,1643.22,1623.22,1608.62,1588.99,1564.17,1547.05,1540.37,1545.36,1550.03,1549.54,1556.22,1563.52,1573.12,1573.28,1557.79,1538.55,1520.23,1511.54,1509.79,1513.79,1514.09,1510.12,1509.86,1511.47,1511.63,1512.82,1515.70,1521.78,1529.98,1535.91,1543.29,1551.20,1556.25,1560.58,1577.35,1591.35,1597.47,1599.33,1603.53,1612.17,1618.71,1623.59,1627.14,1632.69,1643.69,1653.78,1660.35,1667.99,1677.01,1684.11,1689.76,1699.15,1712.20,1725.85,1735.45,1743.97,1752.95,1765.10,1779.61,1790.14,1801.60,1814.08,1820.77,1817.48,1798.63,1775.53,1759.25,1743.69,1727.34,1715.90,1704.51,1691.34,1684.28,1681.97,1677.45,1670.15,1668.62,1668.32,1659.82,1647.45,1653.88,1670.48,1685.35,1694.15,1692.68,1680.41,1665.05,1650.35,1637.51,1632.64,1645.91,1660.70,1666.89,1675.34,1678.53,1669.17,1664.84,1671.23,1672.32,1658.88,1644.76,1634.92,1624.63,1613.24,1606.40,1602.95,1598.86,1598.84,1600.64,1604.35,1610.77,1619.45,1633.22,1640.06,1648.01,1653.73,1661.50,1672.18,1683.08,1691.46,1693.04,1693.11,1693.72,1697.60,1708.72,1717.21,1723.76,1727.36,1728.32,1726.72,1726.30,1730.19,1736.21,1746.01,1758.03,1768.80,1790.77,1812.28,1822.24,1829.13,1833.89,1835.90,1836.65,1837.92,1836.76,1832.72,1825.55,1812.26,1795.92,1799.89,1816.18,1829.54,1843.06,1857.40,1872.18,1890.57,1906.96,1921.89,1937.39,1956.63,1972.50,1984.59,1987.57,1990.73,1998.52,2000.17,2013.72,2030.93,2043.48,2068.12,2085.86,2087.71,2091.71,2095.96,2110.95,2129.33,2143.83,2159.82,2176.30,2195.57,2217.24,2240.31,2259.60,2271.38,2282.36,2291.50,2296.35,2302.01,2309.02,2317.09,2324.70,2331.07,2333.03,2333.92,2333.39,2328.24,2314.77,2295.00,2275.85,2267.09,2267.42,2269.41,2269.47,2267.49,2263.85,2260.70,2259.08,2259.18,2259.92,2259.28,2259.88,2261.91,2260.59,2259.05,2258.02,2257.40,2257.09,2256.51,2255.72,2255.06,2254.21,2252.03,2247.21,2252.98,2268.17,2287.74,2301.20,2307.68,2312.16,2316.25,2314.28,2309.05,2310.49,2313.54,2311.52,2302.65,2285.72,2263.79,2241.94,2219.23,2202.94,2188.48,2177.48,2167.38,2155.91,2146.11,2138.93,2132.10,2122.65,2118.04,2117.68,2117.83,2116.69
1615.14,1634.74,1645.51,1636.68,1618.50,1600.54,1578.08,1558.16,1543.25,1529.85,1529.12,1536.04,1535.33,1543.90,1549.92,1558.89,1563.64,1548.18,1528.63,1513.30,1505.35,1503.78,1506.63,1507.28,1505.08,1503.85,1505.56,1505.63,1508.57,1515.64,1526.96,1541.41,1552.83,1560.38,1565.14,1571.48,1578.40,1593.46,1607.97,1617.61,1618.91,1615.86,1616.31,1621.07,1626.93,1627.94,1630.98,1643.05,1652.95,1659.09,1667.57,1675.83,1683.86,1692.01,1704.04,1721.04,1733.66,1744.67,1754.52,1763.93,1773.46,1783.80,1794.55,1805.58,1815.93,1820.00,1812.99,1791.65,1773.04,1761.20,1749.00,1736.24,1724.19,1711.03,1694.05,1680.36,1669.79,1662.13,1656.22,1651.97,1652.77,1650.07,1641.05,1654.58,1669.08,1680.21,1685.86,1683.12,1672.81,1662.09,1649.43,1635.15,1627.25,1639.39,1649.46,1655.18,1662.83,1663.86,1655.30,1650.01,1659.27,1660.65,1649.20,1632.75,1619.30,1608.84,1601.60,1599.38,1597.26,1593.86,1594.70,1597.22,1602.44,1610.84,1623.35,1631.94,1634.42,1639.35,1646.25,1654.45,1664.91,1673.02,1679.10,1682.06,1681.81,1683.26,1693.12,1705.57,1716.43,1721.24,1719.26,1714.23,1711.53,1715.29,1724.54,1733.68,1742.90,1755.16,1767.94,1789.98,1813.32,1823.68,1830.47,1836.35,1840.06,1841.06,1841.68,1840.34,1836.68,1832.23,1825.64,1817.62,1813.07,1816.88,1825.72,1836.31,1847.90,1862.13,1880.00,1897.09,1913.99,1930.74,1948.40,1957.24,1963.10,1972.50,1986.81,1993.67,1994.71,2008.30,2026.53,2044.55,2061.33,2066.25,2066.42,2074.11,2083.99,2100.36,2120.45,2135.98,2149.94,2167.40,2184.70,2202.94,2223.01,2240.73,2252.32,2267.84,2284.60,2297.31,2306.84,2314.76,2320.98,2324.35,2327.30,2326.62,2325.23,2323.13,2319.43,2311.57,2300.24,2284.10,2271.39,2264.46,2264.37,2264.81,2263.45,2260.49,2258.92,2258.85,2259.43,2259.85,2258.96,2258.93,2259.68,2259.53,2258.92,2258.32,2257.68,2257.09,2256.45,2255.65,2254.36,2252.76,2251.67,2247.17,2246.09,2256.35,2272.24,2284.99,2288.45,2296.59,2304.70,2304.02,2300.13,2302.86,2309.16,2309.37,2299.83,2283.86,2265.13,2244.72,2222.30,2205.79,2190.66,2178.90,2170.01,2161.14,2152.33,2143.88,2137.32,2132.93,2131.08,2127.14,2123.98,2121.85
1617.02,1635.02,1638.65,1627.80,1612.93,1590.13,1566.44,1550.38,1538.48,1525.78,1516.74,1519.35,1521.30,1528.77,1535.29,1545.77,1554.62,1542.08,1522.74,1506.62,1499.27,1498.69,1501.78,1501.20,1498.53,1497.48,1499.23,1499.86,1506.22,1518.66,1536.54,1546.41,1559.89,1566.64,1576.49,1586.98,1592.20,1601.48,1617.26,1629.45,1631.79,1630.91,1626.41,1625.80,1631.07,1630.72,1632.72,1647.26,1656.25,1665.18,1674.11,1683.61,1693.97,1701.79,1713.39,1728.44,1741.70,1755.35,1766.78,1776.34,1783.97,1792.67,1801.22,1810.29,1816.72,1814.65,1803.91,1779.67,1764.66,1756.70,1750.59,1744.87,1736.48,1721.84,1704.59,1686.97,1671.89,1660.25,1652.23,1642.69,1638.59,1635.96,1637.14,1651.56,1664.61,1673.05,1675.47,1672.47,1665.70,1655.39,1645.09,1633.30,1621.56,1629.79,1637.10,1646.48,1654.54,1650.22,1641.19,1635.22,1645.58,1649.81,1635.23,1617.26,1608.30,1600.12,1589.27,1585.73,1588.80,1589.41,1590.86,1595.08,1601.99,1612.88,1627.20,1630.38,1630.97,1635.11,1636.85,1643.62,1653.87,1663.98,1670.11,1673.92,1674.18,1679.68,1689.90,1702.93,1711.46,1710.27,1703.50,1701.14,1706.26,1714.45,1723.27,1731.09,1738.72,1749.76,1764.56,1785.29,1810.26,1823.58,1830.70,1837.14,1842.23,1844.07,1844.55,1842.75,1840.77,1840.16,1840.35,1839.75,1835.54,1831.54,1833.56,1839.44,1850.46,1864.56,1882.49,1901.72,1917.64,1926.78,1931.32,1937.56,1952.92,1969.74,1984.94,1988.72,1989.68,2004.80,2024.04,2036.03,2040.80,2041.99,2049.68,2063.96,2079.69,2095.13,2113.17,2129.38,2143.70,2158.69,2176.57,2194.64,2212.03,2227.08,2242.92,2262.74,2279.94,2292.49,2299.01,2304.86,2309.41,2311.52,2313.41,2314.55,2313.88,2311.81,2308.19,2303.58,2296.72,2286.69,2275.75,2266.29,2259.86,2259.06,2258.48,2257.57,2257.37,2259.09,2259.97,2259.48,2258.33,2257.99,2258.42,2258.57,2258.29,2257.72,2257.04,2256.37,2256.06,2255.43,2253.03,2250.50,2250.10,2246.65,2240.72,2246.38,2255.95,2265.62,2271.70,2280.01,2282.17,2283.88,2288.28,2289.97,2295.37,2295.97,2285.37,2271.93,2257.65,2239.91,2221.44,2205.88,2191.29,2180.30,2171.74,2163.91,2156.18,2148.59,2142.61,2138.98,2136.60,2133.32,2129.86,2126.38
1622.18,1629.80,1622.92,1613.32,1605.00,1586.33,1563.51,1544.82,1530.91,1519.07,1510.63,1510.63,1513.55,1518.36,1525.54,1535.72,1545.68,1537.29,1520.26,1502.46,1493.87,1493.16,1495.90,1493.13,1489.77,1490.41,1493.66,1497.63,1507.01,1527.91,1550.08,1555.98,1562.13,1569.28,1585.29,1593.75,1599.89,1612.62,1625.75,1630.19,1632.15,1633.83,1635.17,1636.21,1637.17,1638.08,1645.17,1655.10,1662.63,1673.20,1681.18,1692.75,1703.87,1712.97,1722.00,1735.28,1749.84,1763.24,1775.07,1786.49,1795.47,1802.11,1808.23,1814.50,1812.26,1805.50,1788.39,1765.90,1747.97,1742.15,1740.52,1739.81,1736.39,1725.87,1714.26,1700.16,1682.63,1665.03,1654.56,1641.23,1633.95,1628.08,1629.83,1644.33,1656.05,1662.95,1664.98,1664.56,1658.64,1647.49,1638.04,1625.49,1615.74,1619.72,1628.58,1640.71,1648.38,1638.97,1623.88,1620.80,1630.48,1635.49,1621.74,1603.90,1595.16,1587.86,1579.13,1578.32,1582.05,1585.31,1587.61,1596.47,1605.46,1618.76,1629.83,1630.58,1630.74,1631.29,1628.40,1629.74,1640.48,1651.93,1658.17,1663.35,1667.47,1677.51,1686.20,1696.37,1701.02,1696.37,1695.81,1702.22,1709.45,1715.65,1720.86,1727.42,1733.83,1743.71,1759.25,1778.65,1804.50,1822.97,1833.21,1838.81,1843.28,1846.74,1847.35,1845.07,1844.56,1847.08,1852.13,1855.55,1855.75,1852.34,1849.66,1851.02,1861.84,1877.56,1893.94,1904.47,1911.28,1916.46,1923.14,1935.00,1951.94,1965.97,1976.09,1978.73,1986.03,2004.91,2014.35,2017.08,2021.86,2028.15,2041.34,2058.10,2075.70,2089.99,2106.15,2122.71,2138.77,2153.84,2172.03,2189.13,2207.44,2222.00,2237.49,2253.80,2267.92,2275.53,2279.25,2284.80,2292.70,2299.68,2302.69,2303.26,2301.99,2299.39,2296.47,2291.62,2285.86,2281.11,2274.53,2266.22,2256.45,2250.07,2250.68,2253.60,2255.63,2257.86,2258.70,2258.19,2257.51,2256.95,2257.32,2257.56,2257.50,2256.98,2256.42,2255.63,2255.11,2253.26,2248.78,2242.79,2243.04,2242.84,2238.80,2240.24,2245.51,2250.89,2256.74,2261.88,2263.27,2268.06,2273.55,2276.37,2277.02,2273.71,2266.88,2258.07,2248.48,2233.89,2219.01,2206.05,2194.23,2184.17,2174.90,2166.15,2158.89,2152.91,2147.78,2143.97,2142.59,2141.57,2136.82,2131.14
1623.15,1617.95,1607.78,1597.56,1590.09,1578.43,1563.47,1547.95,1532.06,1517.36,1505.43,1503.03,1506.72,1509.44,1515.66,1525.05,1533.82,1527.96,1513.37,1497.17,1488.41,1487.68,1489.55,1485.63,1482.20,1485.93,1490.23,1497.01,1510.21,1537.15,1556.22,1563.32,1568.68,1576.48,1589.67,1597.15,1605.13,1621.81,1630.14,1628.72,1627.75,1629.01,1633.14,1641.68,1644.43,1649.85,1662.84,1669.84,1677.32,1685.19,1691.61,1701.00,1712.01,1720.65,1729.87,1742.55,1756.40,1769.38,1783.33,1796.20,1804.29,1809.45,1813.20,1814.45,1806.22,1791.70,1772.45,1756.47,1737.28,1725.87,1722.29,1722.15,1722.94,1717.23,1706.52,1698.39,1689.44,1675.94,1661.92,1646.02,1634.50,1624.98,1621.83,1631.11,1641.07,1648.12,1653.03,1655.09,1651.01,1642.35,1631.22,1620.95,1611.76,1612.09,1623.41,1636.87,1641.79,1629.09,1614.53,1608.58,1616.13,1618.43,1607.31,1594.02,1582.77,1575.08,1572.34,1574.84,1579.45,1581.16,1584.34,1599.59,1611.84,1623.55,1629.82,1629.56,1625.12,1620.14,1619.53,1622.79,1626.38,1634.26,1641.30,1649.99,1660.83,1669.76,1676.64,1680.92,1685.02,1690.43,1699.69,1706.02,1711.47,1715.87,1720.44,1725.48,1731.39,1741.53,1755.63,1773.54,1800.20,1825.05,1837.97,1842.38,1845.65,1849.46,1850.50,1847.00,1848.87,1855.54,1861.88,1864.60,1866.16,1866.45,1863.69,1861.49,1868.20,1882.47,1893.94,1899.70,1906.26,1914.93,1924.13,1933.64,1944.80,1954.17,1960.14,1968.65,1986.92,1998.16,1998.19,2000.59,2010.26,2022.28,2035.18,2052.72,2070.38,2087.16,2103.11,2120.59,2135.40,2153.38,2170.47,2183.89,2201.73,2216.51,2230.34,2241.85,2251.04,2255.51,2260.89,2264.33,2274.38,2282.86,2286.79,2287.24,2286.47,2285.06,2282.59,2278.88,2274.18,2270.20,2266.90,2262.74,2255.08,2245.92,2241.84,2246.13,2252.05,2255.71,2256.34,2256.07,2256.31,2255.93,2256.18,2256.52,2256.59,2256.22,2255.60,2254.83,2252.19,2248.18,2240.76,2237.95,2238.09,2238.69,2238.07,2238.20,2239.83,2243.33,2247.18,2250.94,2253.83,2255.92,2257.97,2260.29,2261.79,2260.36,2254.72,2248.29,2239.57,2229.16,2217.93,2207.99,2200.20,2189.84,2179.84,2169.59,2161.99,2156.40,2152.16,2148.83,2147.61,2146.02,2141.55,2137.15
1620.26,1606.27,1596.01,1584.60,1572.98,1561.50,1552.73,1543.72,1535.36,1520.44,1505.08,1496.93,1499.16,1500.34,1506.34,1515.86,1520.61,1514.51,1504.63,1491.45,1482.08,1483.45,1482.79,1478.39,1480.15,1484.66,1487.70,1494.81,1515.85,1544.00,1558.67,1566.17,1577.55,1583.78,1588.71,1596.90,1607.12,1623.71,1629.50,1625.63,1620.89,1621.81,1627.49,1636.58,1642.38,1648.06,1668.78,1678.83,1687.75,1695.75,1704.02,1714.57,1721.73,1730.01,1740.52,1753.76,1766.03,1778.01,1792.20,1803.71,1809.97,1812.58,1814.25,1811.05,1798.65,1779.22,1761.72,1745.76,1728.41,1713.89,1707.84,1705.01,1703.16,1701.92,1695.40,1683.01,1675.99,1673.10,1667.62,1655.13,1639.09,1625.27,1616.73,1620.24,1626.31,1633.48,1640.92,1644.56,1643.78,1637.56,1627.31,1618.12,1609.75,1606.90,1620.85,1632.13,1631.63,1618.79,1604.62,1596.12,1600.74,1601.66,1595.06,1585.86,1573.95,1568.93,1568.58,1571.26,1575.25,1577.74,1587.03,1606.35,1617.10,1623.66,1624.61,1619.69,1610.35,1607.55,1610.99,1616.19,1620.59,1624.70,1631.47,1642.01,1653.30,1660.89,1669.09,1678.66,1687.68,1695.56,1701.80,1707.29,1711.81,1716.08,1720.95,1725.37,1730.56,1740.08,1753.04,1771.79,1798.28,1826.51,1840.75,1845.65,1849.62,1856.75,1855.22,1849.90,1855.77,1864.10,1869.18,1871.67,1873.75,1873.92,1870.21,1867.42,1871.32,1881.51,1891.65,1896.85,1903.61,1912.98,1922.43,1930.27,1936.88,1940.67,1949.05,1969.38,1982.12,1981.80,1983.87,1994.44,2005.86,2019.51,2035.80,2055.42,2073.55,2089.73,2104.71,2122.26,2136.22,2153.27,2168.44,2180.00,2193.70,2208.19,2219.79,2228.68,2233.59,2238.22,2241.88,2245.06,2255.64,2263.89,2269.08,2271.31,2271.65,2270.82,2267.94,2263.93,2260.18,2258.41,2257.66,2256.61,2252.23,2245.36,2239.49,2240.08,2246.27,2250.02,2249.94,2250.25,2252.94,2253.58,2254.70,2255.49,2255.63,2255.43,2253.10,2250.87,2248.41,2245.78,2244.16,2241.38,2237.98,2237.17,2237.59,2237.99,2238.30,2239.14,2241.58,2244.04,2245.40,2246.93,2248.41,2250.08,2250.95,2250.30,2246.66,2241.45,2234.95,2227.47,2219.92,2212.30,2206.51,2197.92,2185.14,2175.07,2166.67,2161.25,2157.72,2154.56,2152.66,2150.30,2146.25,2141.92
1616.05,1598.58,1584.47,1571.84,1555.32,1544.48,1538.33,1533.40,1526.90,1515.63,1503.36,1491.59,1490.90,1491.19,1496.48,1504.26,1507.66,1502.04,1493.64,1481.25,1476.80,1478.49,1474.85,1472.59,1479.39,1481.76,1484.23,1497.27,1522.49,1548.60,1560.23,1567.32,1574.07,1576.37,1578.19,1586.68,1601.24,1618.83,1624.86,1613.56,1608.76,1614.37,1620.63,1624.36,1633.28,1644.49,1659.74,1672.93,1687.85,1700.64,1714.68,1729.17,1740.74,1749.55,1757.30,1767.92,1776.64,1787.25,1797.39,1805.67,1810.52,1812.36,1812.85,1807.91,1796.33,1777.83,1757.95,1738.75,1722.47,1708.30,1696.05,1687.06,1681.67,1681.51,1680.91,1672.64,1658.87,1657.92,1659.55,1655.99,1643.34,1625.08,1613.87,1611.61,1615.88,1621.68,1627.87,1632.78,1633.35,1629.42,1621.50,1612.06,1605.67,1601.65,1616.27,1624.34,1618.83,1610.32,1596.88,1586.83,1586.86,1586.15,1581.63,1573.52,1566.18,1565.13,1568.49,1572.72,1576.12,1581.22,1597.77,1611.67,1617.09,1617.86,1612.12,1603.03,1601.50,1607.81,1614.53,1619.14,1622.20,1624.52,1627.57,1634.75,1649.19,1665.28,1677.91,1685.88,1692.22,1696.87,1701.05,1705.88,1710.81,1714.87,1719.45,1724.06,1730.62,1740.57,1752.60,1772.08,1798.24,1826.26,1840.14,1846.65,1854.52,1861.62,1861.47,1857.65,1863.55,1870.41,1874.83,1878.92,1881.26,1879.07,1873.68,1871.63,1874.01,1878.85,1887.66,1894.28,1901.29,1909.60,1917.98,1925.39,1931.10,1934.69,1949.03,1963.92,1965.84,1966.21,1976.88,1992.87,2007.28,2024.55,2043.96,2062.28,2078.09,2091.73,2105.77,2122.05,2136.03,2148.98,2161.56,2172.99,2184.69,2196.50,2204.95,2210.41,2212.36,2220.03,2222.43,2227.48,2237.46,2244.12,2249.36,2253.13,2254.26,2253.87,2251.44,2248.75,2247.75,2248.32,2249.09,2249.24,2247.14,2243.49,2238.90,2237.62,2239.56,2240.11,2239.72,2240.44,2243.66,2247.74,2250.34,2252.53,2252.72,2250.79,2249.01,2249.38,2251.81,2252.81,2252.29,2249.30,2242.87,2238.76,2239.02,2239.18,2239.14,2238.97,2239.36,2239.77,2240.12,2241.99,2244.90,2247.35,2247.47,2245.61,2241.49,2237.23,2232.95,2228.58,2222.84,2217.22,2213.65,2207.57,2196.53,2184.57,2175.34,2168.73,2164.24,2159.67,2156.16,2153.06,2149.78,2145.73
1610.08,1592.72,1577.71,1563.40,1548.98,1538.64,1530.82,1523.58,1516.36,1507.07,1496.30,1486.13,1483.01,1483.05,1484.85,1489.44,1490.24,1483.26,1477.08,1471.34,1471.74,1473.14,1469.43,1470.78,1475.65,1478.17,1484.29,1501.88,1528.36,1549.83,1558.79,1562.10,1562.17,1561.77,1562.77,1579.53,1597.83,1616.29,1615.64,1595.23,1592.76,1602.90,1612.04,1619.51,1627.82,1634.58,1644.79,1659.17,1678.58,1699.25,1715.31,1733.88,1750.41,1756.50,1763.89,1771.72,1779.35,1789.30,1796.75,1802.54,1806.60,1809.34,1811.72,1809.11,1797.74,1778.34,1762.40,1746.00,1728.75,1714.07,1699.85,1685.98,1669.84,1663.63,1661.92,1656.95,1645.19,1644.30,1648.68,1648.38,1640.90,1624.11,1611.27,1605.30,1608.47,1613.48,1618.03,1621.63,1622.53,1620.48,1614.11,1606.75,1601.11,1594.67,1607.86,1612.97,1606.91,1599.58,1587.18,1579.95,1578.71,1571.96,1564.12,1559.53,1561.06,1564.73,1569.92,1575.13,1580.14,1591.29,1606.05,1612.53,1610.88,1604.28,1598.04,1596.75,1602.38,1610.34,1619.48,1624.13,1628.25,1629.15,1628.16,1636.91,1653.39,1673.60,1682.83,1687.44,1691.35,1695.26,1698.79,1700.60,1703.37,1707.83,1714.25,1723.77,1735.91,1745.80,1756.72,1771.80,1796.74,1822.12,1836.61,1844.80,1853.57,1862.01,1865.61,1864.43,1868.93,1873.83,1878.31,1884.63,1887.41,1883.42,1878.14,1875.53,1878.11,1879.63,1884.43,1891.62,1899.01,1906.55,1913.64,1919.34,1923.68,1931.23,1943.93,1947.82,1949.32,1957.05,1974.04,1993.78,2012.17,2029.47,2047.56,2064.29,2076.65,2089.99,2103.83,2118.95,2131.16,2141.31,2151.69,2162.65,2173.24,2181.85,2189.34,2191.70,2191.72,2199.89,2203.64,2209.91,2218.68,2225.69,2232.07,2237.03,2238.73,2238.70,2237.71,2236.05,2234.53,2235.45,2238.45,2240.52,2240.52,2239.43,2237.02,2234.82,2235.28,2236.18,2237.59,2239.63,2242.07,2247.01,2249.41,2249.72,2249.75,2251.28,2254.44,2258.66,2261.88,2262.45,2261.24,2258.23,2251.99,2246.21,2245.11,2244.36,2243.86,2244.26,2244.08,2243.16,2241.85,2242.86,2245.71,2248.48,2248.69,2245.99,2241.61,2238.12,2235.87,2232.97,2228.97,2224.64,2221.41,2216.18,2208.80,2198.63,2186.39,2177.77,2169.65,2163.47,2158.58,2155.35,2152.24,2149.09
1605.41,1592.95,1578.40,1565.97,1553.26,1542.45,1533.41,1524.70,1517.48,1509.52,1496.15,1484.87,1477.79,1475.51,1475.71,1476.12,1475.29,1471.45,1467.51,1464.68,1466.16,1468.24,1464.79,1466.56,1471.36,1477.22,1486.64,1506.84,1531.44,1546.18,1551.00,1553.24,1552.62,1551.25,1553.63,1573.09,1597.18,1609.86,1597.77,1583.51,1583.02,1594.66,1610.87,1620.03,1620.60,1621.56,1634.47,1649.87,1668.06,1689.76,1709.75,1729.45,1743.56,1746.47,1751.30,1762.32,1771.90,1783.14,1791.27,1796.24,1801.27,1805.29,1809.75,1810.64,1803.26,1784.06,1767.96,1753.93,1740.69,1724.55,1711.60,1697.10,1677.23,1662.04,1653.69,1646.22,1635.77,1630.42,1635.21,1637.93,1633.75,1622.58,1607.83,1600.11,1601.72,1606.68,1610.05,1612.26,1611.52,1610.15,1606.53,1602.09,1596.11,1588.30,1599.91,1602.18,1592.25,1583.82,1576.20,1573.24,1569.56,1560.90,1555.70,1557.12,1561.32,1565.52,1570.14,1576.74,1586.19,1598.97,1607.22,1607.58,1599.69,1592.69,1591.32,1596.95,1604.36,1612.47,1622.99,1635.79,1645.95,1646.92,1634.98,1638.13,1653.60,1672.20,1679.38,1682.78,1687.07,1691.88,1692.80,1690.45,1689.23,1697.24,1710.40,1725.61,1741.09,1749.41,1760.52,1771.78,1791.92,1814.88,1830.12,1841.33,1849.68,1859.27,1867.53,1870.27,1872.19,1876.42,1881.14,1887.74,1890.65,1886.94,1881.83,1879.42,1881.66,1882.97,1885.25,1889.02,1895.07,1901.20,1907.53,1912.05,1917.23,1925.70,1928.41,1932.08,1941.17,1955.43,1973.97,1991.41,2011.16,2026.84,2042.70,2060.05,2073.52,2086.31,2097.20,2110.43,2122.34,2132.23,2141.30,2148.55,2159.18,2167.86,2174.42,2175.15,2173.40,2179.54,2188.07,2193.92,2201.35,2208.78,2215.99,2221.43,2224.52,2225.80,2225.77,2224.67,2223.97,2225.94,2229.92,2232.58,2234.45,2235.58,2234.17,2232.59,2233.96,2236.34,2239.04,2242.43,2246.10,2250.51,2253.86,2255.99,2257.62,2259.95,2263.84,2268.39,2271.28,2272.22,2272.35,2270.41,2265.83,2258.30,2252.95,2250.93,2250.27,2251.36,2251.51,2250.69,2249.68,2249.65,2250.21,2251.70,2252.38,2249.94,2246.30,2243.49,2240.89,2238.43,2236.11,2233.20,2230.82,2226.26,2216.95,2206.75,2195.06,2183.39,2174.45,2169.00,2162.11,2157.47,2154.50,2151.84
1597.74,1592.48,1582.17,1572.61,1562.72,1552.82,1543.71,1533.74,1527.23,1520.72,1509.91,1496.86,1484.41,1471.07,1468.12,1466.76,1464.14,1462.92,1461.49,1459.37,1460.64,1463.57,1461.55,1460.01,1467.95,1477.86,1489.40,1510.76,1530.22,1536.89,1538.71,1538.18,1534.67,1538.17,1552.28,1567.40,1591.29,1594.44,1582.50,1573.26,1574.43,1591.81,1608.38,1609.49,1604.99,1612.34,1627.36,1643.09,1660.50,1680.94,1703.85,1721.35,1729.87,1729.88,1732.99,1745.37,1757.71,1769.09,1779.30,1787.53,1795.29,1800.92,1806.49,1809.50,1805.29,1791.75,1777.01,1767.73,1757.03,1742.52,1725.43,1709.17,1690.76,1681.22,1671.27,1658.17,1643.49,1630.96,1624.01,1625.29,1625.15,1619.07,1604.55,1595.74,1594.17,1600.04,1603.63,1604.69,1600.66,1596.60,1595.35,1593.50,1588.81,1583.58,1594.66,1589.35,1576.77,1571.29,1568.86,1566.97,1562.23,1553.50,1552.70,1556.62,1560.90,1565.40,1570.86,1580.28,1592.50,1601.98,1603.64,1598.30,1587.71,1585.10,1591.38,1597.65,1608.70,1616.73,1636.33,1652.71,1663.55,1665.32,1651.64,1641.37,1651.02,1662.73,1670.39,1675.37,1680.66,1684.04,1683.24,1680.88,1688.82,1702.48,1714.37,1727.75,1743.36,1752.12,1761.87,1773.61,1789.32,1808.74,1824.88,1836.74,1845.29,1853.05,1862.25,1870.28,1873.88,1877.52,1881.82,1886.66,1890.06,1890.26,1885.96,1883.81,1884.74,1886.38,1887.80,1888.77,1890.72,1894.07,1900.74,1907.41,1912.51,1911.29,1914.58,1924.92,1938.28,1954.70,1970.89,1985.37,2003.87,2019.75,2034.62,2047.79,2062.04,2075.47,2086.67,2097.47,2110.00,2121.97,2132.11,2137.48,2144.21,2151.69,2155.24,2154.92,2155.71,2161.51,2170.94,2176.35,2185.37,2192.72,2200.89,2205.65,2208.73,2210.41,2211.26,2212.27,2213.55,2216.99,2221.76,2225.43,2229.52,2231.55,2231.23,2231.26,2233.73,2236.56,2239.42,2243.55,2247.95,2252.40,2256.72,2260.89,2263.85,2267.71,2271.42,2274.45,2277.36,2279.94,2282.03,2282.29,2279.57,2272.28,2264.44,2259.69,2258.09,2258.12,2258.05,2257.71,2257.45,2257.33,2257.01,2257.43,2257.41,2255.99,2252.80,2250.43,2247.99,2245.47,2243.53,2241.09,2237.87,2233.18,2224.69,2212.45,2199.91,2187.25,2180.10,2174.53,2166.74,2159.91,2157.38,2155.29
1589.07,1587.15,1581.10,1573.72,1565.64,1556.68,1547.98,1539.50,1533.40,1527.24,1518.14,1507.01,1494.16,1473.90,1464.60,1461.57,1458.75,1457.26,1456.90,1456.01,1456.99,1459.38,1458.38,1457.35,1466.57,1479.19,1493.77,1510.99,1522.16,1523.12,1522.71,1520.71,1521.45,1534.76,1553.85,1566.08,1581.24,1579.56,1569.21,1564.08,1569.23,1586.19,1594.96,1591.34,1592.43,1607.70,1621.88,1635.20,1655.56,1679.18,1698.91,1707.71,1707.31,1708.41,1716.24,1729.04,1742.61,1755.48,1767.02,1777.63,1788.10,1794.09,1798.13,1799.76,1796.81,1790.73,1784.73,1780.26,1771.05,1753.31,1731.51,1712.41,1697.64,1686.32,1675.26,1658.81,1646.06,1634.12,1622.04,1616.97,1615.70,1610.74,1600.59,1593.51,1588.36,1589.77,1595.45,1597.90,1592.04,1581.84,1580.42,1583.81,1581.60,1580.26,1591.66,1580.79,1570.16,1563.80,1560.55,1558.32,1552.79,1548.58,1551.71,1556.03,1561.26,1567.11,1574.68,1587.10,1596.25,1600.90,1597.15,1586.32,1579.16,1584.23,1592.01,1603.72,1615.06,1632.12,1654.39,1666.87,1674.18,1670.23,1661.02,1659.28,1664.29,1666.94,1671.45,1675.20,1677.88,1679.13,1679.65,1683.65,1696.67,1707.61,1719.97,1734.49,1747.71,1756.25,1768.05,1776.64,1789.10,1808.17,1825.99,1837.95,1844.14,1851.29,1859.28,1865.66,1870.43,1874.81,1879.69,1883.20,1886.66,1890.25,1888.91,1887.52,1886.13,1885.27,1885.76,1886.38,1887.16,1889.10,1895.92,1898.26,1897.74,1898.70,1909.49,1921.98,1931.90,1947.97,1961.64,1975.15,1992.63,2008.45,2022.03,2032.02,2044.67,2060.44,2074.34,2087.60,2098.46,2109.32,2118.20,2122.60,2125.00,2128.48,2131.65,2133.03,2137.04,2144.94,2150.97,2160.87,2170.49,2176.39,2182.51,2188.18,2192.64,2195.53,2197.67,2200.07,2202.51,2206.97,2213.78,2219.04,2223.69,2226.47,2227.53,2229.99,2232.72,2235.50,2238.79,2242.93,2247.36,2251.83,2256.19,2260.87,2265.86,2270.84,2274.71,2278.36,2282.15,2285.35,2288.46,2290.56,2290.18,2286.08,2279.10,2273.49,2269.66,2267.49,2266.36,2265.88,2265.59,2265.39,2264.91,2264.34,2263.16,2262.18,2259.95,2257.46,2254.91,2252.65,2250.59,2247.81,2243.96,2237.90,2229.11,2218.02,2204.86,2193.64,2186.49,2179.32,2170.21,2164.01,2161.73,2159.53
1581.61,1579.76,1574.28,1568.34,1559.32,1551.28,1541.71,1534.58,1529.82,1525.38,1517.74,1507.90,1496.83,1479.01,1464.48,1457.20,1454.62,1452.77,1452.82,1452.41,1453.34,1455.30,1453.65,1453.05,1462.04,1480.59,1491.85,1502.21,1508.34,1508.96,1508.72,1510.56,1517.21,1528.90,1545.67,1563.00,1572.88,1570.01,1558.58,1556.09,1564.35,1574.97,1574.90,1577.00,1584.61,1600.66,1618.51,1634.76,1658.77,1679.03,1691.86,1690.91,1682.88,1689.44,1703.13,1715.92,1728.64,1740.89,1755.37,1769.25,1780.01,1785.83,1785.71,1783.95,1783.37,1782.31,1782.63,1783.00,1775.42,1755.59,1730.40,1706.14,1690.43,1676.70,1665.82,1655.63,1645.22,1633.43,1625.44,1618.32,1612.83,1606.65,1600.73,1592.24,1584.31,1579.96,1582.61,1588.08,1585.53,1576.19,1574.75,1577.41,1573.96,1578.76,1587.53,1574.08,1563.70,1556.06,1551.42,1549.24,1546.27,1546.29,1549.98,1556.26,1564.29,1572.70,1582.63,1590.66,1592.42,1590.83,1583.08,1574.99,1577.05,1584.13,1596.29,1613.11,1628.20,1651.05,1664.06,1673.19,1674.01,1668.13,1667.46,1670.98,1673.65,1678.11,1681.64,1683.58,1686.93,1690.26,1691.54,1695.07,1703.32,1712.53,1729.36,1742.50,1753.13,1761.44,1768.59,1775.33,1788.07,1808.34,1828.93,1840.80,1845.61,1852.00,1860.32,1865.95,1869.89,1873.15,1876.75,1880.11,1885.45,1889.80,1890.47,1889.65,1887.70,1884.86,1883.33,1883.59,1883.81,1884.24,1883.63,1881.66,1885.25,1895.69,1907.02,1917.42,1924.13,1933.94,1949.68,1966.33,1979.16,1989.64,2000.68,2014.62,2033.11,2049.19,2067.57,2080.02,2089.72,2095.95,2101.22,2103.15,2105.97,2110.25,2113.25,2113.78,2118.24,2127.42,2132.94,2148.01,2159.29,2165.25,2169.51,2174.02,2179.09,2183.65,2187.62,2191.53,2194.94,2200.14,2207.11,2212.88,2217.55,2221.15,2223.72,2226.96,2230.60,2233.68,2236.78,2239.75,2243.96,2249.25,2254.07,2259.05,2264.92,2271.09,2275.98,2280.78,2285.57,2289.97,2294.11,2297.49,2298.66,2296.65,2292.42,2288.21,2285.20,2282.19,2278.55,2275.62,2274.38,2273.60,2272.98,2271.57,2269.50,2268.14,2267.42,2265.88,2262.87,2260.61,2258.61,2255.16,2250.66,2243.80,2232.93,2221.77,2212.79,2204.05,2194.70,2184.50,2174.34,2168.83,2166.12,2163.39
1572.02,1569.15,1563.73,1557.72,1549.91,1541.17,1532.60,1523.80,1516.50,1515.38,1511.57,1501.75,1491.18,1477.56,1462.98,1453.33,1450.68,1448.48,1448.26,1448.91,1449.86,1451.50,1449.62,1447.73,1460.41,1477.33,1482.71,1486.60,1490.52,1493.88,1499.63,1507.90,1515.80,1528.30,1546.91,1562.10,1569.56,1563.11,1550.94,1546.97,1554.53,1558.19,1559.64,1568.13,1581.08,1596.37,1616.61,1638.50,1662.28,1675.97,1681.38,1669.58,1662.64,1674.61,1691.22,1703.93,1720.21,1732.88,1747.18,1760.24,1769.65,1771.98,1767.56,1766.20,1768.03,1768.63,1772.74,1780.06,1772.82,1751.67,1731.08,1709.80,1694.06,1681.07,1668.89,1657.29,1647.60,1640.34,1634.45,1628.28,1621.04,1612.93,1605.72,1596.57,1584.61,1576.68,1574.04,1580.69,1581.27,1571.93,1569.28,1569.78,1566.68,1579.01,1582.07,1567.07,1557.22,1549.16,1544.26,1543.56,1542.14,1545.57,1551.52,1561.14,1571.24,1578.37,1580.03,1579.34,1577.26,1573.96,1570.66,1570.28,1576.74,1584.90,1604.88,1618.19,1642.67,1654.68,1662.74,1669.90,1670.60,1667.58,1668.61,1674.15,1678.11,1682.16,1685.77,1688.10,1692.13,1696.90,1700.42,1704.12,1710.55,1723.65,1737.27,1747.74,1754.88,1760.39,1765.32,1772.70,1785.11,1806.68,1828.00,1840.29,1846.81,1852.59,1860.50,1867.06,1871.28,1874.02,1876.92,1880.53,1884.96,1888.78,1890.31,1890.22,1889.09,1886.21,1883.34,1881.38,1878.61,1873.60,1869.81,1869.60,1877.92,1891.39,1899.12,1905.90,1912.90,1922.61,1936.85,1951.03,1959.66,1972.33,1987.34,2002.58,2022.23,2044.98,2062.62,2071.34,2076.30,2080.89,2086.64,2088.25,2090.03,2094.69,2099.31,2100.21,2104.83,2110.25,2119.28,2134.62,2146.41,2153.91,2158.85,2163.14,2167.91,2173.85,2179.59,2184.71,2189.69,2195.33,2200.78,2206.16,2210.99,2215.14,2218.35,2221.41,2225.68,2229.59,2232.76,2236.73,2241.82,2247.37,2252.64,2257.62,2263.47,2269.82,2275.32,2281.55,2288.45,2294.42,2299.61,2303.74,2305.89,2306.40,2304.73,2303.15,2301.39,2299.52,2296.33,2291.11,2285.86,2282.64,2280.82,2279.17,2277.53,2276.23,2275.65,2275.22,2273.74,2271.76,2268.85,2264.03,2257.66,2250.54,2238.73,2226.75,2219.43,2211.09,2200.13,2189.35,2178.98,2174.41,2170.30,2167.09
1563.64,1558.53,1548.98,1544.29,1543.15,1535.38,1520.91,1513.00,1507.52,1504.51,1502.71,1493.50,1482.21,1470.40,1457.83,1448.81,1445.79,1444.23,1443.05,1444.41,1444.16,1445.66,1442.37,1446.08,1458.66,1466.24,1468.43,1473.72,1483.57,1493.91,1506.55,1515.04,1525.44,1540.68,1556.40,1564.25,1564.91,1555.43,1541.54,1538.75,1543.62,1547.13,1552.90,1565.89,1586.24,1602.47,1618.43,1638.37,1659.44,1666.84,1662.19,1647.22,1650.73,1664.16,1678.46,1694.17,1711.25,1724.77,1739.33,1749.51,1753.95,1753.78,1751.91,1752.35,1754.02,1755.83,1760.40,1770.87,1762.44,1740.06,1722.99,1710.48,1698.64,1690.72,1680.11,1667.74,1659.41,1652.45,1643.00,1634.74,1627.50,1619.32,1610.31,1601.63,1590.37,1581.26,1571.44,1573.31,1576.63,1568.52,1562.65,1560.28,1563.73,1578.83,1577.99,1563.12,1552.52,1543.23,1539.16,1538.62,1540.03,1547.21,1559.03,1569.81,1572.71,1569.05,1565.24,1565.64,1566.10,1563.75,1565.49,1573.06,1580.45,1589.28,1605.48,1620.72,1641.26,1650.64,1655.59,1660.46,1663.90,1665.22,1669.21,1676.03,1682.14,1686.11,1690.94,1696.97,1701.65,1707.09,1711.35,1714.15,1723.86,1733.63,1742.19,1747.75,1752.28,1757.09,1762.90,1769.82,1781.31,1802.42,1823.81,1835.87,1844.54,1851.99,1858.88,1863.70,1867.45,1870.81,1873.63,1878.13,1881.59,1884.97,1888.60,1889.86,1888.44,1885.22,1882.09,1875.51,1865.92,1861.88,1862.57,1864.94,1869.79,1878.06,1885.23,1891.66,1899.44,1911.12,1922.88,1932.04,1943.51,1959.52,1977.03,1998.55,2019.10,2040.59,2051.42,2056.82,2058.35,2063.64,2069.91,2072.46,2075.00,2076.49,2082.31,2088.68,2092.65,2095.90,2106.10,2121.02,2131.49,2137.84,2142.21,2150.38,2159.38,2167.03,2173.84,2179.39,2184.09,2189.05,2193.48,2198.21,2203.15,2208.22,2212.39,2216.49,2221.31,2226.51,2231.09,2236.37,2242.16,2247.90,2253.55,2258.44,2263.81,2269.15,2274.83,2281.95,2291.88,2299.46,2306.51,2310.92,2314.02,2316.52,2318.18,2319.02,2318.41,2315.98,2312.11,2307.76,2302.68,2297.01,2292.67,2288.93,2287.61,2287.14,2286.97,2286.41,2285.13,2283.43,2280.09,2275.02,2267.86,2259.82,2250.31,2236.77,2226.01,2216.32,2204.55,2194.89,2186.77,2181.66,2176.28,2169.21
1556.17,1547.97,1537.23,1534.34,1536.17,1530.23,1514.22,1503.17,1494.52,1488.36,1488.06,1485.43,1476.14,1464.96,1455.47,1446.59,1440.89,1439.61,1438.61,1440.60,1438.43,1439.09,1438.27,1444.07,1454.04,1458.17,1463.15,1472.24,1488.62,1500.92,1513.61,1523.05,1538.81,1549.99,1557.31,1560.73,1556.99,1545.15,1535.05,1534.20,1535.88,1541.32,1552.59,1567.69,1590.45,1606.62,1617.10,1632.37,1650.12,1654.17,1640.30,1633.40,1641.86,1656.47,1668.91,1681.91,1697.04,1713.89,1729.34,1735.66,1735.61,1733.96,1733.75,1736.29,1738.54,1741.93,1751.52,1761.46,1749.25,1723.80,1707.04,1699.14,1691.59,1687.86,1683.29,1675.03,1662.97,1652.30,1644.40,1637.28,1631.28,1624.50,1616.00,1607.42,1599.38,1590.11,1576.80,1566.83,1568.57,1564.37,1556.57,1554.34,1561.96,1574.93,1573.91,1560.46,1548.39,1539.72,1536.42,1535.49,1541.15,1553.26,1564.54,1566.68,1560.57,1556.27,1556.44,1558.91,1560.13,1559.93,1566.80,1577.00,1584.87,1596.22,1607.19,1623.31,1635.01,1643.23,1649.49,1654.32,1658.39,1663.93,1671.11,1678.88,1685.73,1693.28,1701.42,1705.92,1710.57,1715.02,1719.51,1725.93,1732.05,1737.56,1742.31,1746.17,1749.31,1752.53,1759.08,1765.12,1774.67,1794.51,1814.69,1827.10,1835.83,1845.93,1853.29,1856.89,1859.59,1862.66,1866.33,1869.56,1873.95,1879.15,1883.74,1885.98,1885.00,1881.57,1874.67,1863.49,1857.83,1857.67,1859.03,1861.26,1864.97,1868.09,1871.24,1877.99,1888.35,1897.14,1907.42,1919.50,1934.27,1953.31,1972.85,1997.58,2017.58,2030.17,2033.78,2037.47,2042.89,2045.90,2050.51,2056.11,2057.49,2061.12,2068.47,2074.44,2077.55,2084.21,2096.15,2107.88,2113.93,2121.69,2130.14,2141.54,2154.84,2161.91,2167.32,2171.80,2176.03,2180.79,2186.76,2192.53,2197.86,2203.69,2208.93,2214.11,2219.91,2225.89,2231.04,2236.37,2242.36,2248.87,2255.38,2261.01,2266.83,2272.02,2277.11,2285.24,2296.01,2305.90,2314.25,2319.97,2325.12,2329.20,2331.81,2333.39,2333.65,2332.54,2329.33,2324.96,2318.91,2312.80,2307.66,2303.17,2301.10,2301.16,2301.26,2299.77,2296.91,2293.09,2288.89,2283.99,2277.36,2268.65,2259.38,2245.36,2231.67,2222.28,2213.39,2205.81,2198.33,2190.23,2182.57,2170.99
1549.07,1540.60,1525.96,1522.57,1525.48,1520.35,1513.19,1502.75,1487.13,1475.81,1470.38,1470.80,1467.10,1459.41,1450.04,1438.81,1436.38,1435.10,1434.66,1436.34,1434.13,1433.42,1434.53,1442.72,1451.99,1457.01,1463.33,1472.83,1488.65,1501.14,1512.23,1524.31,1538.79,1549.52,1553.89,1552.71,1547.85,1537.55,1527.83,1527.57,1532.11,1539.46,1549.90,1562.37,1580.06,1595.95,1606.08,1620.03,1635.03,1636.15,1621.98,1621.65,1634.22,1650.77,1661.43,1674.15,1688.64,1708.45,1722.34,1721.50,1717.70,1717.46,1717.76,1721.42,1725.07,1729.95,1744.33,1752.82,1739.06,1714.10,1693.10,1683.49,1673.86,1669.12,1665.92,1658.43,1648.45,1640.97,1636.15,1633.36,1632.47,1631.49,1625.35,1617.03,1608.13,1596.20,1581.36,1568.46,1559.55,1561.40,1552.52,1550.68,1556.09,1566.93,1569.64,1557.03,1541.74,1536.02,1532.92,1533.02,1540.93,1550.15,1555.72,1553.02,1549.91,1549.75,1552.55,1554.84,1555.99,1561.60,1570.44,1582.85,1594.31,1605.39,1618.72,1632.10,1638.28,1642.51,1648.39,1653.45,1657.63,1665.20,1674.63,1682.43,1690.65,1700.30,1705.13,1709.59,1714.48,1719.31,1724.03,1729.44,1733.71,1737.22,1740.30,1743.25,1744.57,1746.24,1752.83,1759.11,1766.94,1782.67,1798.38,1811.68,1822.29,1835.41,1844.38,1847.12,1848.93,1851.69,1856.08,1860.85,1865.13,1871.25,1876.43,1878.92,1878.26,1871.15,1861.55,1856.37,1858.28,1859.50,1859.60,1862.59,1864.26,1865.49,1867.19,1870.91,1880.62,1890.14,1900.48,1913.18,1930.89,1949.54,1970.56,1992.82,2009.30,2016.74,2017.19,2022.58,2029.72,2033.37,2038.10,2043.34,2044.87,2051.66,2058.05,2061.93,2065.53,2075.50,2086.37,2095.36,2102.31,2111.22,2125.62,2138.04,2146.63,2150.57,2156.90,2163.69,2170.13,2176.34,2182.50,2188.91,2195.72,2202.61,2208.76,2215.14,2221.74,2228.78,2233.77,2238.45,2244.53,2251.23,2258.28,2264.95,2271.03,2276.53,2282.60,2291.22,2301.65,2312.93,2321.26,2328.47,2336.25,2341.52,2344.81,2346.23,2346.42,2345.23,2342.31,2337.82,2333.22,2326.69,2319.73,2315.03,2312.15,2310.69,2309.93,2308.97,2307.67,2303.74,2298.10,2291.92,2285.08,2277.32,2267.93,2254.57,2241.68,2233.49,2226.53,2218.46,2209.26,2197.22,2186.56,2171.32
1539.53,1526.59,1507.54,1509.11,1512.93,1509.19,1504.62,1499.92,1489.45,1472.53,1457.80,1454.83,1454.78,1448.87,1437.42,1431.98,1431.68,1430.79,1430.53,1431.49,1429.40,1427.80,1432.75,1444.10,1453.08,1458.12,1467.53,1476.47,1491.74,1502.44,1515.11,1532.44,1541.70,1544.14,1544.22,1540.65,1534.52,1524.40,1518.59,1520.99,1529.70,1536.57,1544.29,1554.11,1566.27,1582.92,1598.57,1609.52,1614.01,1611.79,1606.77,1615.52,1630.38,1647.28,1659.39,1673.55,1688.83,1709.43,1714.08,1704.48,1702.41,1700.92,1701.06,1709.32,1714.67,1720.01,1736.59,1742.79,1725.62,1704.47,1684.45,1668.43,1658.73,1651.95,1646.04,1639.62,1632.77,1626.53,1623.16,1623.03,1626.95,1632.96,1630.44,1620.12,1608.80,1594.17,1579.58,1568.28,1555.91,1553.92,1551.16,1548.66,1548.38,1556.42,1561.55,1548.93,1533.00,1529.52,1528.99,1530.86,1537.36,1541.85,1543.21,1544.63,1545.17,1546.00,1549.03,1551.78,1557.24,1567.03,1578.80,1597.01,1606.67,1617.04,1629.22,1635.84,1642.14,1647.09,1650.46,1655.70,1661.41,1670.26,1678.89,1686.50,1693.91,1700.67,1704.10,1708.65,1713.65,1719.37,1724.80,1729.59,1732.18,1734.18,1737.13,1738.87,1738.53,1740.64,1748.85,1754.13,1760.69,1770.47,1781.92,1797.66,1810.55,1823.18,1833.46,1836.13,1836.41,1837.36,1843.43,1850.31,1855.02,1859.11,1862.42,1863.66,1860.40,1854.87,1853.84,1859.42,1864.07,1866.88,1868.65,1869.64,1869.55,1868.92,1869.55,1870.09,1875.61,1885.46,1895.85,1907.84,1926.74,1943.18,1963.00,1984.87,1995.06,1996.72,1988.85,2008.21,2017.92,2021.40,2027.36,2029.86,2034.07,2043.15,2045.93,2047.88,2057.93,2069.83,2079.42,2087.48,2096.54,2106.89,2120.94,2130.46,2136.58,2144.64,2156.71,2166.87,2175.39,2182.18,2186.98,2191.75,2199.21,2206.81,2213.36,2219.57,2226.09,2231.13,2236.01,2241.93,2249.15,2256.02,2263.31,2269.89,2275.66,2282.74,2290.87,2297.80,2307.87,2318.72,2326.76,2335.20,2345.01,2352.73,2358.24,2361.50,2362.15,2360.42,2356.67,2350.05,2343.16,2337.18,2331.02,2325.51,2322.40,2321.57,2321.94,2321.61,2320.31,2316.53,2308.34,2300.50,2293.13,2286.69,2280.08,2269.30,2258.12,2247.97,2238.68,2228.55,2217.11,2202.61,2187.83,2171.70
1529.37,1509.63,1496.41,1494.54,1500.13,1495.66,1493.53,1492.71,1486.06,1472.43,1455.48,1445.68,1438.49,1431.65,1425.92,1424.92,1426.49,1425.90,1425.91,1425.28,1422.54,1426.09,1438.69,1451.93,1459.99,1463.91,1473.13,1483.48,1499.62,1511.24,1526.77,1537.13,1536.52,1530.32,1523.85,1520.83,1516.07,1511.75,1512.84,1519.65,1525.31,1529.86,1538.06,1547.82,1559.86,1577.13,1591.02,1596.01,1595.72,1592.46,1596.22,1610.78,1627.41,1642.35,1656.83,1672.14,1688.32,1705.64,1701.00,1687.87,1685.29,1684.31,1687.60,1696.91,1701.66,1711.93,1730.16,1728.09,1709.00,1694.04,1679.25,1664.05,1646.88,1635.60,1628.65,1622.40,1615.60,1610.62,1607.66,1608.05,1615.19,1621.79,1620.78,1611.26,1597.57,1584.27,1573.25,1563.19,1553.92,1547.38,1547.17,1545.15,1541.12,1543.62,1547.70,1539.67,1529.16,1525.22,1525.53,1529.26,1533.42,1536.09,1536.34,1539.12,1540.49,1544.17,1550.05,1558.53,1568.53,1580.56,1598.44,1607.06,1617.36,1625.34,1631.44,1639.32,1645.52,1650.80,1655.03,1659.46,1665.96,1673.69,1680.56,1687.79,1693.55,1698.07,1700.57,1703.91,1708.48,1716.78,1723.19,1726.78,1728.31,1730.59,1732.88,1733.18,1731.34,1733.23,1740.36,1748.22,1755.39,1761.99,1770.50,1788.44,1803.27,1813.29,1821.75,1824.35,1821.98,1820.64,1825.00,1832.64,1840.11,1845.16,1846.96,1846.29,1845.67,1849.02,1856.22,1862.59,1867.91,1872.55,1876.44,1879.59,1881.95,1884.28,1886.33,1885.34,1881.09,1880.62,1889.89,1901.53,1918.80,1935.42,1949.40,1967.45,1977.91,1975.89,1968.31,1995.53,2008.41,2013.78,2017.65,2019.06,2024.80,2031.39,2033.86,2040.31,2052.34,2064.06,2074.18,2083.73,2090.97,2100.15,2110.10,2122.58,2135.38,2145.62,2159.50,2170.79,2179.03,2186.39,2191.92,2196.28,2201.88,2208.77,2216.15,2223.16,2229.63,2233.84,2237.91,2245.84,2253.51,2260.43,2267.93,2274.23,2280.47,2289.28,2296.99,2303.92,2313.44,2323.22,2331.88,2342.13,2352.89,2362.25,2371.26,2377.45,2378.67,2378.10,2373.77,2364.82,2354.41,2345.61,2340.21,2336.08,2332.96,2333.15,2335.14,2335.02,2333.07,2328.20,2320.98,2310.66,2303.00,2297.53,2292.50,2284.99,2274.92,2262.32,2249.03,2235.38,2222.13,2206.13,2188.94,2176.26
1518.75,1504.07,1487.57,1480.85,1483.53,1480.79,1482.16,1484.04,1481.03,1471.92,1456.35,1447.56,1436.08,1422.90,1418.46,1419.84,1421.49,1421.17,1421.22,1419.05,1419.16,1431.98,1448.76,1460.39,1467.74,1475.09,1482.06,1495.19,1508.52,1520.40,1528.14,1529.86,1525.57,1516.60,1509.99,1507.68,1505.75,1502.23,1509.11,1513.06,1513.63,1521.70,1528.27,1534.40,1548.66,1564.16,1574.63,1576.39,1576.81,1581.37,1591.72,1606.94,1623.70,1637.73,1653.22,1669.55,1686.51,1695.89,1686.13,1672.05,1667.18,1665.86,1672.83,1680.29,1687.93,1705.52,1720.96,1709.97,1693.44,1683.58,1672.20,1656.80,1638.79,1623.44,1616.75,1610.24,1603.85,1600.86,1598.05,1597.61,1603.12,1607.96,1606.53,1596.90,1584.62,1573.96,1564.30,1556.34,1550.28,1545.31,1541.23,1540.33,1539.50,1536.14,1535.15,1530.95,1525.85,1521.55,1523.28,1526.78,1528.99,1531.25,1531.61,1535.54,1541.49,1550.81,1564.27,1576.91,1586.53,1594.54,1604.68,1612.87,1620.67,1628.86,1637.90,1647.05,1652.24,1654.86,1658.06,1663.47,1668.18,1673.11,1678.13,1686.09,1691.96,1694.21,1696.73,1698.82,1703.38,1714.12,1720.69,1722.63,1723.61,1724.99,1727.11,1728.08,1726.89,1728.80,1734.23,1739.77,1749.36,1756.47,1764.18,1777.89,1792.75,1800.84,1808.08,1810.24,1806.60,1804.86,1808.08,1814.57,1819.53,1824.74,1829.20,1832.06,1839.99,1848.07,1855.61,1861.96,1868.23,1874.57,1880.16,1885.28,1890.32,1894.89,1900.27,1904.32,1902.96,1895.50,1892.35,1897.09,1908.60,1922.94,1936.43,1948.22,1957.57,1959.41,1967.30,1983.41,1994.97,2005.18,2007.71,2011.96,2016.47,2018.69,2024.90,2034.05,2042.72,2052.29,2064.89,2077.79,2087.38,2098.25,2109.22,2122.55,2133.03,2142.64,2155.38,2166.08,2174.34,2182.01,2188.61,2193.91,2199.47,2207.27,2215.25,2222.98,2230.39,2235.20,2240.25,2249.57,2256.77,2264.38,2271.92,2277.96,2285.24,2293.73,2301.89,2309.81,2318.87,2327.23,2337.36,2348.26,2359.16,2371.14,2384.46,2388.94,2390.87,2391.28,2387.71,2377.63,2366.78,2357.14,2349.77,2346.69,2345.76,2347.28,2349.26,2349.42,2346.61,2339.84,2332.25,2324.62,2315.12,2308.44,2304.03,2297.13,2286.05,2272.78,2257.06,2241.72,2225.82,2209.41,2193.04,2182.35
1515.03,1499.07,1480.57,1468.53,1465.79,1463.50,1468.37,1473.04,1473.85,1470.01,1457.17,1448.35,1435.97,1421.58,1416.43,1416.10,1417.04,1417.25,1416.65,1414.88,1420.95,1436.46,1454.52,1467.16,1477.96,1489.03,1497.00,1504.93,1515.48,1519.90,1520.12,1518.74,1513.54,1505.23,1498.90,1497.21,1496.00,1496.29,1501.26,1505.00,1507.76,1515.17,1521.75,1526.51,1535.59,1547.74,1555.27,1559.81,1568.85,1580.93,1593.03,1610.33,1628.18,1639.01,1654.10,1670.44,1686.73,1690.07,1674.71,1658.94,1653.73,1655.02,1660.91,1666.53,1676.07,1696.80,1707.32,1690.29,1676.44,1671.13,1663.16,1645.42,1626.73,1615.18,1608.58,1600.30,1595.37,1592.47,1589.60,1587.91,1591.31,1595.27,1592.49,1583.70,1573.56,1563.67,1555.21,1549.23,1544.98,1542.69,1540.02,1535.93,1534.82,1534.21,1530.82,1525.14,1521.02,1518.59,1521.17,1522.88,1524.88,1527.60,1532.05,1538.74,1548.68,1563.66,1577.81,1589.41,1593.96,1598.51,1607.95,1614.93,1620.77,1630.11,1639.78,1649.49,1658.06,1660.07,1661.16,1665.12,1668.61,1672.28,1677.75,1684.43,1688.39,1690.16,1692.86,1696.24,1701.76,1708.87,1713.42,1715.47,1714.95,1716.63,1719.84,1722.85,1723.45,1728.99,1735.90,1740.57,1746.67,1754.05,1761.39,1770.55,1779.82,1784.83,1788.95,1791.88,1794.26,1798.04,1803.22,1808.02,1811.13,1814.85,1820.35,1827.70,1836.28,1843.38,1850.25,1856.58,1863.94,1872.84,1880.58,1887.02,1893.26,1899.42,1906.71,1912.85,1917.39,1917.19,1909.97,1905.98,1907.75,1914.46,1923.49,1933.41,1941.32,1948.71,1958.46,1971.22,1983.44,1992.44,1998.07,2003.19,2008.25,2015.61,2024.51,2034.59,2045.14,2055.85,2065.57,2076.52,2087.89,2098.70,2108.03,2117.47,2126.31,2136.61,2147.40,2159.25,2167.90,2175.47,2181.68,2188.12,2194.14,2201.39,2211.99,2220.49,2230.00,2236.39,2243.34,2252.11,2259.74,2267.84,2274.88,2281.32,2288.50,2297.88,2306.78,2315.75,2324.56,2333.26,2343.42,2353.38,2363.66,2377.01,2390.30,2393.52,2396.59,2399.62,2398.23,2389.23,2375.99,2365.95,2360.26,2356.45,2356.26,2358.25,2360.33,2360.94,2358.87,2352.17,2344.73,2338.16,2330.34,2321.61,2315.72,2308.93,2293.94,2277.36,2261.15,2246.27,2229.26,2214.23,2200.99,2189.76
1513.79,1498.78,1480.44,1465.29,1456.18,1452.68,1455.31,1458.60,1460.38,1462.46,1454.88,1441.02,1428.34,1418.64,1415.04,1412.79,1412.86,1413.38,1412.33,1412.43,1422.16,1439.90,1460.21,1474.21,1487.46,1499.74,1506.23,1510.41,1510.84,1507.48,1505.67,1503.97,1498.64,1492.93,1490.62,1489.94,1489.62,1492.86,1496.74,1501.30,1507.73,1515.48,1521.46,1526.42,1533.01,1543.14,1553.83,1565.83,1581.20,1594.43,1603.47,1617.65,1633.30,1644.20,1660.44,1676.50,1684.90,1679.80,1664.02,1647.25,1640.09,1642.59,1648.46,1656.72,1667.94,1688.85,1691.72,1672.01,1655.95,1653.82,1658.15,1645.68,1625.34,1611.31,1600.93,1591.70,1586.88,1583.26,1579.47,1575.90,1576.89,1580.65,1579.62,1572.66,1562.40,1553.33,1545.39,1541.42,1539.00,1537.96,1538.15,1535.05,1530.74,1529.76,1528.55,1520.70,1516.04,1515.24,1517.90,1520.09,1523.78,1529.16,1535.46,1543.80,1558.93,1573.79,1584.42,1590.51,1593.09,1599.85,1611.91,1619.68,1625.28,1634.37,1643.18,1650.98,1659.60,1662.14,1664.12,1666.44,1668.76,1672.13,1677.34,1681.79,1685.18,1688.16,1692.01,1696.12,1697.88,1699.31,1703.08,1705.50,1704.51,1707.18,1710.84,1716.12,1719.35,1728.83,1741.53,1748.38,1751.51,1755.94,1762.24,1768.03,1772.67,1776.33,1780.56,1785.39,1791.22,1796.31,1800.96,1804.52,1807.75,1812.39,1818.72,1825.60,1832.38,1837.81,1844.33,1851.82,1860.97,1871.31,1878.29,1884.59,1891.64,1898.34,1908.57,1917.07,1925.64,1931.50,1934.68,1932.19,1929.95,1931.60,1938.32,1943.48,1946.51,1951.92,1960.94,1971.58,1980.92,1988.88,1995.77,2001.52,2010.87,2018.96,2027.51,2036.45,2043.47,2051.60,2061.71,2070.81,2081.74,2093.85,2103.01,2111.39,2119.96,2128.91,2140.22,2152.45,2162.43,2169.68,2175.62,2181.58,2189.15,2196.83,2207.59,2218.73,2229.16,2236.88,2244.63,2252.90,2261.33,2269.73,2276.95,2283.76,2291.36,2301.76,2311.63,2321.86,2332.26,2341.64,2350.47,2358.52,2366.97,2378.57,2388.53,2391.11,2393.37,2397.43,2400.62,2398.62,2387.39,2374.20,2367.43,2365.26,2366.38,2369.77,2370.75,2369.10,2365.69,2361.02,2354.04,2348.26,2342.03,2333.35,2324.74,2314.95,2297.86,2277.58,2262.20,2248.82,2231.81,2217.18,2206.53,2196.54
1512.32,1495.34,1475.63,1465.56,1453.47,1443.83,1447.64,1449.99,1450.89,1454.99,1451.29,1436.49,1422.31,1414.64,1411.69,1410.35,1409.03,1409.87,1408.76,1410.23,1422.22,1440.37,1461.65,1475.24,1489.42,1500.67,1502.60,1499.72,1496.86,1495.01,1490.51,1488.70,1487.51,1485.64,1484.66,1484.38,1485.46,1490.73,1495.86,1501.63,1508.59,1517.12,1525.44,1532.68,1546.06,1557.25,1569.49,1580.55,1597.10,1612.95,1621.11,1627.19,1638.76,1651.51,1667.25,1679.79,1672.28,1663.13,1651.15,1638.54,1629.38,1628.74,1635.44,1646.56,1663.68,1683.61,1676.76,1655.48,1640.42,1635.68,1645.96,1650.25,1634.43,1612.71,1598.34,1586.85,1579.74,1575.11,1570.81,1567.17,1565.19,1566.25,1564.88,1559.20,1551.11,1543.13,1537.91,1535.46,1533.91,1534.31,1535.36,1533.43,1530.25,1524.69,1522.90,1516.07,1511.82,1513.53,1517.04,1520.73,1524.89,1529.93,1539.44,1553.23,1568.33,1576.97,1581.97,1584.46,1589.22,1597.93,1611.29,1620.50,1628.36,1638.30,1645.71,1651.98,1657.68,1661.19,1663.48,1665.78,1668.16,1671.23,1676.24,1680.97,1684.60,1688.46,1691.84,1691.89,1688.28,1688.54,1691.80,1693.61,1695.35,1700.08,1704.92,1709.64,1716.15,1727.04,1741.41,1751.65,1756.72,1760.01,1763.38,1767.01,1769.43,1773.23,1777.73,1783.29,1789.39,1795.03,1799.78,1805.10,1809.93,1814.63,1819.35,1824.73,1830.25,1836.31,1842.97,1850.37,1859.71,1869.92,1874.97,1880.26,1887.47,1894.94,1905.02,1915.77,1926.81,1935.72,1942.94,1947.80,1954.42,1959.40,1963.12,1965.25,1966.61,1969.44,1977.95,1986.93,1992.06,1996.70,2001.53,2005.57,2010.75,2016.65,2021.78,2027.86,2034.92,2043.47,2052.52,2062.54,2074.90,2086.65,2097.91,2106.49,2114.51,2123.56,2132.91,2143.98,2154.99,2163.04,2169.74,2176.39,2186.11,2195.67,2205.17,2217.06,2227.43,2235.50,2243.41,2252.13,2261.12,2269.89,2277.68,2285.07,2293.24,2304.19,2315.88,2327.74,2340.05,2349.63,2358.99,2365.99,2371.72,2378.66,2382.64,2384.14,2386.48,2390.57,2396.60,2401.34,2396.64,2384.50,2376.87,2375.36,2377.11,2381.22,2380.81,2376.31,2370.03,2364.30,2358.52,2353.62,2349.05,2340.97,2326.95,2312.90,2296.38,2277.79,2262.64,2249.68,2233.22,2219.72,2209.48,2199.61
1511.71,1494.21,1474.34,1463.94,1449.66,1438.58,1434.91,1434.26,1438.65,1447.15,1442.80,1429.68,1416.80,1408.29,1406.05,1405.88,1404.94,1405.71,1404.77,1408.72,1421.63,1436.03,1454.68,1472.28,1486.69,1494.92,1493.05,1487.58,1483.92,1481.59,1478.92,1477.85,1477.07,1475.64,1475.51,1477.96,1482.56,1489.35,1496.62,1506.76,1513.78,1522.74,1534.29,1545.57,1559.12,1574.10,1588.79,1600.51,1611.72,1627.41,1636.27,1640.00,1647.97,1663.19,1673.78,1671.35,1653.14,1642.70,1637.12,1628.07,1618.21,1616.26,1624.83,1639.22,1662.38,1678.99,1663.72,1643.29,1628.95,1623.73,1628.05,1637.15,1636.60,1616.31,1600.42,1589.62,1580.85,1571.32,1564.32,1560.94,1557.72,1555.34,1553.21,1547.56,1538.99,1533.77,1531.21,1530.97,1529.68,1530.85,1532.72,1530.74,1527.14,1521.85,1514.92,1509.01,1510.32,1512.25,1515.89,1519.76,1523.81,1531.34,1547.11,1560.54,1568.30,1571.81,1574.30,1577.08,1583.96,1595.41,1607.14,1617.40,1625.51,1636.51,1644.99,1650.79,1656.20,1660.72,1663.48,1664.87,1665.66,1669.03,1672.50,1679.73,1683.39,1685.79,1686.75,1682.02,1676.45,1678.76,1683.89,1685.29,1687.84,1692.33,1700.96,1707.52,1715.51,1725.84,1738.31,1749.93,1756.51,1761.10,1763.41,1765.04,1767.94,1773.00,1778.45,1785.11,1791.76,1798.31,1804.12,1809.34,1814.47,1819.82,1825.44,1830.34,1833.95,1838.11,1843.70,1849.88,1857.22,1865.44,1871.27,1877.33,1884.41,1892.56,1902.67,1912.12,1922.13,1931.30,1940.45,1949.71,1960.33,1968.91,1973.29,1976.87,1980.55,1981.80,1985.21,1990.35,1992.84,1995.11,1998.80,2002.45,2006.09,2010.86,2015.49,2021.53,2029.64,2038.14,2046.84,2057.60,2070.95,2081.73,2092.53,2102.51,2108.91,2117.52,2126.59,2135.55,2143.70,2151.87,2162.23,2171.74,2184.01,2196.27,2206.00,2216.30,2225.20,2233.34,2241.16,2249.92,2258.94,2268.27,2277.04,2285.44,2294.38,2306.04,2319.60,2333.30,2346.26,2358.53,2368.10,2372.72,2373.61,2373.26,2374.36,2375.67,2377.63,2381.57,2389.11,2398.14,2400.44,2393.62,2387.64,2386.21,2387.32,2389.73,2387.35,2380.66,2373.13,2366.39,2360.34,2355.73,2351.87,2342.05,2325.16,2311.06,2296.15,2279.50,2263.30,2250.53,2236.16,2225.05,2215.14,2202.91
1511.11,1497.59,1477.85,1465.37,1450.15,1436.77,1427.60,1424.36,1425.28,1426.87,1423.90,1418.99,1409.26,1400.00,1400.18,1401.05,1400.68,1401.34,1400.43,1404.45,1421.08,1432.77,1450.93,1472.01,1482.31,1484.34,1477.56,1470.81,1467.09,1467.64,1467.38,1465.18,1461.96,1463.91,1469.49,1475.14,1481.55,1489.51,1501.92,1512.54,1521.37,1535.30,1546.58,1559.21,1575.64,1592.48,1605.72,1619.13,1629.58,1637.02,1646.26,1654.37,1662.77,1670.93,1671.06,1660.69,1639.02,1628.06,1622.02,1613.61,1606.12,1607.12,1618.10,1635.10,1661.82,1669.60,1651.03,1633.48,1618.43,1611.51,1612.36,1617.70,1621.48,1614.46,1604.47,1595.46,1586.64,1576.09,1562.73,1555.28,1552.02,1548.50,1543.31,1536.38,1530.68,1527.04,1525.91,1526.87,1526.25,1527.80,1529.78,1527.07,1522.63,1518.15,1509.87,1506.14,1508.52,1510.37,1514.02,1517.52,1521.07,1531.82,1544.59,1553.81,1560.07,1563.42,1566.21,1569.48,1579.68,1592.80,1600.08,1611.97,1618.55,1627.51,1641.27,1648.45,1653.88,1659.08,1661.85,1661.34,1660.20,1661.07,1664.10,1670.56,1676.40,1677.56,1677.48,1673.69,1668.38,1668.72,1675.52,1678.37,1682.08,1688.12,1696.92,1705.77,1714.96,1726.19,1738.38,1747.30,1753.42,1758.01,1760.26,1762.11,1766.62,1772.45,1778.22,1784.93,1792.52,1800.64,1806.53,1812.24,1817.84,1824.09,1830.51,1836.05,1840.12,1843.03,1847.18,1852.61,1858.65,1864.86,1871.17,1877.50,1884.40,1892.90,1902.13,1909.73,1918.35,1927.59,1937.01,1946.86,1957.95,1968.11,1973.45,1978.03,1981.29,1983.65,1985.27,1987.09,1988.55,1990.89,1994.87,1997.80,2000.98,2005.87,2011.11,2017.49,2025.77,2036.29,2047.83,2056.35,2067.36,2078.55,2088.45,2098.35,2104.85,2111.07,2119.65,2126.84,2133.69,2142.18,2155.63,2167.31,2179.98,2194.19,2205.06,2214.33,2222.12,2230.92,2238.13,2246.21,2255.14,2265.66,2276.02,2285.28,2294.63,2307.95,2322.72,2337.98,2352.53,2365.32,2370.77,2368.94,2365.70,2364.48,2365.22,2367.11,2369.27,2372.81,2379.71,2390.90,2397.68,2397.61,2394.53,2392.66,2392.23,2391.68,2388.70,2382.11,2374.95,2368.19,2362.17,2357.63,2354.16,2346.82,2332.86,2317.05,2300.35,2284.15,2267.30,2255.20,2243.49,2232.64,2221.76,2209.35
1510.25,1497.89,1475.65,1463.83,1452.55,1439.55,1427.13,1421.13,1416.35,1415.76,1412.43,1408.72,1399.97,1394.24,1395.25,1396.69,1396.64,1396.61,1396.19,1402.99,1421.16,1432.88,1452.03,1469.28,1473.70,1470.32,1463.44,1458.92,1456.70,1457.55,1457.39,1455.55,1457.43,1464.23,1470.89,1476.12,1482.11,1490.53,1504.49,1513.75,1526.57,1540.49,1555.38,1570.27,1588.82,1604.69,1621.33,1633.58,1640.41,1647.56,1655.73,1663.19,1666.61,1665.50,1657.45,1646.15,1628.36,1613.69,1608.17,1602.10,1594.71,1598.69,1612.72,1632.18,1659.34,1657.83,1637.47,1623.60,1610.63,1601.42,1600.01,1602.88,1603.87,1603.13,1601.03,1596.27,1589.13,1577.91,1563.36,1551.60,1545.74,1542.54,1537.82,1531.77,1526.70,1522.77,1521.14,1522.67,1522.53,1523.24,1524.45,1520.93,1517.67,1513.99,1505.41,1503.69,1505.90,1508.37,1512.07,1514.36,1517.47,1528.09,1537.59,1542.65,1544.83,1552.36,1559.76,1566.10,1580.20,1593.61,1597.95,1606.46,1614.01,1621.04,1633.96,1644.60,1648.80,1653.64,1657.92,1657.23,1655.07,1653.12,1653.56,1657.92,1665.35,1666.68,1667.40,1664.30,1659.72,1660.91,1666.16,1670.55,1677.55,1685.65,1694.18,1704.23,1715.55,1728.50,1739.65,1745.75,1750.56,1754.28,1756.67,1758.70,1762.98,1769.01,1776.05,1784.14,1794.38,1802.21,1807.79,1812.57,1817.61,1822.79,1829.51,1836.47,1841.92,1846.00,1850.46,1857.34,1863.36,1868.62,1874.93,1882.08,1889.05,1897.95,1906.72,1912.18,1918.35,1926.83,1935.20,1944.32,1954.92,1964.00,1971.35,1975.52,1978.62,1980.09,1980.66,1982.41,1984.75,1987.74,1990.57,1994.61,2001.05,2007.10,2012.11,2017.99,2024.48,2037.63,2049.70,2058.35,2067.18,2076.63,2086.40,2094.86,2101.41,2106.78,2113.07,2120.05,2127.38,2136.91,2149.41,2161.34,2175.44,2189.60,2200.66,2210.41,2218.69,2228.02,2235.34,2242.48,2250.99,2262.80,2274.87,2284.85,2295.09,2309.66,2325.74,2341.39,2356.44,2365.59,2365.71,2361.58,2358.30,2356.86,2357.15,2358.35,2359.73,2363.33,2371.45,2380.21,2388.74,2392.74,2394.79,2394.08,2392.80,2391.74,2389.36,2383.13,2376.58,2371.01,2366.20,2361.97,2358.61,2353.45,2341.71,2327.91,2311.34,2294.80,2278.90,2265.55,2252.43,2238.43,2227.91,2215.75
1506.55,1496.84,1477.11,1469.11,1463.22,1449.93,1433.99,1426.71,1414.17,1405.67,1398.89,1395.55,1391.76,1389.14,1390.60,1392.29,1392.39,1391.57,1393.09,1406.26,1423.23,1435.12,1453.91,1461.85,1460.92,1456.43,1451.19,1449.22,1449.66,1448.16,1448.24,1451.22,1457.42,1464.85,1471.37,1476.15,1481.57,1489.04,1500.45,1508.57,1526.17,1542.93,1559.71,1579.25,1599.35,1618.52,1633.48,1642.07,1651.66,1660.22,1662.13,1660.90,1659.67,1652.88,1641.63,1635.64,1621.49,1605.45,1597.10,1589.80,1585.20,1591.55,1607.97,1630.98,1655.14,1648.33,1625.38,1611.30,1602.07,1593.49,1587.86,1589.79,1590.22,1590.25,1592.80,1592.23,1587.38,1576.39,1561.88,1550.08,1540.00,1536.71,1533.43,1528.61,1523.70,1519.59,1517.14,1518.63,1518.97,1518.89,1519.31,1516.29,1513.34,1508.60,1500.40,1501.90,1503.97,1505.62,1508.35,1510.11,1514.48,1522.69,1529.22,1534.63,1538.54,1548.30,1556.71,1567.98,1585.59,1597.85,1602.27,1608.94,1614.77,1620.34,1628.48,1639.41,1644.76,1650.11,1653.06,1651.47,1650.25,1646.39,1645.10,1649.61,1656.43,1658.16,1656.79,1654.47,1653.75,1656.52,1660.69,1667.61,1677.27,1685.65,1694.73,1704.88,1716.63,1729.29,1738.63,1743.66,1747.76,1751.29,1753.05,1754.41,1759.23,1768.06,1776.33,1783.61,1793.61,1802.32,1808.24,1812.70,1817.65,1822.63,1830.36,1838.47,1844.25,1848.89,1854.57,1862.44,1868.76,1875.41,1883.37,1891.23,1897.15,1904.22,1911.69,1916.17,1921.05,1928.13,1935.04,1942.48,1951.86,1959.39,1967.64,1972.58,1975.06,1976.41,1976.63,1979.00,1981.36,1984.03,1987.59,1996.15,2005.13,2012.42,2019.44,2026.24,2031.68,2041.31,2051.41,2062.42,2072.40,2080.69,2090.12,2096.44,2100.74,2104.80,2109.24,2115.57,2123.18,2132.49,2142.55,2154.05,2170.05,2183.79,2195.81,2205.49,2214.75,2224.04,2232.41,2239.49,2248.10,2260.60,2273.74,2284.16,2295.76,2310.88,2328.25,2343.79,2355.80,2359.99,2357.62,2353.75,2351.70,2350.43,2350.24,2350.92,2352.66,2356.40,2363.46,2372.29,2379.83,2385.76,2389.64,2389.18,2388.03,2387.81,2386.90,2383.74,2378.91,2374.76,2371.68,2368.83,2366.03,2360.21,2349.54,2336.07,2321.39,2303.78,2288.76,2274.46,2259.86,2243.80,2232.18,2220.77
1496.69,1488.13,1476.71,1473.46,1470.47,1455.18,1440.63,1432.24,1419.50,1408.08,1396.27,1388.69,1386.76,1385.63,1386.56,1387.60,1387.76,1387.46,1390.58,1407.96,1424.45,1436.28,1448.97,1447.84,1444.78,1439.88,1439.26,1440.35,1441.36,1438.53,1443.22,1452.10,1457.83,1465.69,1472.78,1478.15,1486.24,1493.86,1501.51,1508.48,1529.72,1544.36,1563.34,1586.78,1608.63,1627.40,1638.99,1650.47,1659.51,1660.72,1651.56,1646.40,1645.74,1637.79,1628.42,1624.72,1614.84,1601.34,1587.59,1581.12,1578.53,1587.95,1606.20,1630.85,1652.30,1645.34,1618.78,1606.72,1596.17,1584.88,1577.90,1574.68,1574.72,1576.27,1581.97,1585.30,1583.58,1574.81,1559.73,1547.03,1536.43,1531.27,1528.41,1523.97,1519.60,1516.23,1513.26,1513.52,1514.32,1514.76,1514.61,1510.45,1506.21,1499.09,1498.31,1500.85,1502.40,1503.19,1504.32,1506.73,1509.82,1515.99,1522.20,1531.25,1537.41,1546.13,1557.24,1574.57,1592.72,1600.46,1605.82,1610.84,1617.33,1622.01,1627.57,1634.96,1640.06,1644.43,1647.85,1645.86,1642.69,1638.62,1637.92,1642.05,1645.95,1647.68,1646.94,1647.30,1650.73,1656.59,1663.78,1674.11,1683.60,1689.91,1697.51,1705.80,1714.88,1725.36,1734.13,1740.32,1743.08,1745.48,1746.96,1751.32,1760.21,1769.59,1778.31,1786.25,1794.12,1801.88,1807.38,1812.71,1819.12,1824.35,1831.58,1839.91,1846.76,1852.82,1859.11,1867.02,1875.42,1883.39,1891.97,1899.46,1906.04,1911.69,1916.82,1920.76,1923.76,1928.80,1934.93,1941.45,1949.21,1956.31,1963.38,1968.93,1971.42,1972.39,1972.74,1975.51,1978.14,1981.21,1987.03,2001.00,2011.58,2020.62,2029.12,2038.30,2045.05,2049.76,2054.93,2066.46,2078.90,2087.40,2095.51,2101.23,2105.15,2108.64,2111.15,2115.82,2122.43,2130.07,2137.60,2148.01,2163.36,2177.00,2190.46,2200.07,2209.99,2219.73,2229.03,2236.83,2246.30,2258.53,2272.72,2283.48,2296.54,2311.02,2329.38,2343.92,2352.31,2352.62,2348.51,2346.36,2344.78,2343.70,2343.67,2344.65,2346.99,2351.63,2357.73,2365.32,2372.49,2377.70,2379.46,2378.25,2377.71,2378.28,2379.07,2378.91,2377.75,2377.92,2378.44,2378.01,2376.67,2368.91,2355.90,2340.62,2325.42,2308.01,2292.57,2277.65,2263.64,2251.95,2238.48,2226.84
1480.49,1470.73,1463.00,1462.03,1464.39,1457.32,1443.90,1433.83,1420.40,1406.97,1394.29,1384.17,1382.39,1382.09,1382.25,1382.32,1382.12,1384.87,1391.74,1407.97,1422.55,1432.77,1437.95,1436.00,1432.49,1430.79,1432.09,1433.62,1434.51,1437.53,1444.30,1451.95,1459.78,1468.71,1475.30,1484.77,1497.63,1503.48,1508.36,1521.95,1542.71,1552.86,1569.42,1591.88,1612.42,1629.37,1638.71,1652.43,1659.78,1654.36,1640.42,1630.23,1629.41,1622.97,1614.98,1612.68,1607.43,1596.25,1582.97,1573.31,1572.53,1584.29,1605.66,1631.42,1651.41,1644.79,1616.30,1605.14,1595.87,1582.97,1573.91,1566.48,1562.69,1563.16,1568.80,1574.03,1574.13,1566.81,1555.18,1543.45,1533.06,1527.24,1524.43,1520.20,1516.46,1513.38,1509.62,1508.65,1509.61,1510.69,1510.16,1504.59,1497.15,1494.25,1497.69,1500.40,1501.07,1501.18,1501.81,1503.63,1506.47,1510.69,1518.37,1529.60,1538.04,1547.40,1562.41,1583.24,1596.43,1602.18,1606.50,1611.06,1617.90,1622.81,1627.36,1631.88,1636.26,1640.07,1641.27,1637.02,1631.28,1628.93,1631.56,1636.10,1639.63,1641.75,1641.30,1644.58,1650.96,1659.55,1671.49,1681.00,1686.76,1692.41,1697.39,1703.25,1711.42,1722.40,1729.99,1734.77,1736.36,1737.24,1738.49,1748.48,1758.25,1768.56,1777.30,1785.53,1794.09,1804.66,1812.12,1814.92,1819.79,1825.53,1831.47,1838.28,1844.89,1851.35,1858.94,1869.24,1879.73,1888.57,1897.19,1903.85,1909.41,1915.52,1921.61,1926.16,1928.52,1929.82,1935.03,1941.43,1947.75,1953.54,1959.59,1963.58,1965.76,1968.05,1969.08,1972.11,1975.68,1981.10,1989.76,2004.23,2017.28,2027.39,2038.06,2049.68,2056.79,2062.26,2065.86,2072.63,2082.43,2088.75,2096.34,2102.12,2107.30,2112.60,2116.55,2121.25,2126.09,2130.67,2136.66,2145.37,2157.32,2170.63,2183.08,2194.82,2203.91,2215.30,2225.28,2234.45,2244.88,2256.42,2271.33,2283.12,2296.33,2309.80,2326.98,2339.93,2345.95,2344.25,2340.74,2338.84,2337.25,2336.12,2336.41,2338.30,2341.74,2346.92,2353.10,2359.36,2366.05,2370.39,2370.94,2369.47,2368.40,2368.80,2370.38,2371.03,2371.52,2376.18,2379.88,2381.84,2382.55,2374.68,2360.00,2344.45,2328.96,2314.80,2298.06,2281.98,2269.33,2259.68,2249.77,2235.03
1464.36,1456.49,1448.83,1442.96,1443.41,1449.42,1444.01,1432.37,1413.67,1399.39,1388.28,1379.50,1378.16,1377.96,1378.01,1377.33,1379.44,1385.14,1393.21,1409.32,1420.52,1421.84,1421.10,1420.14,1420.59,1421.38,1423.40,1428.52,1433.41,1437.53,1442.36,1449.55,1464.62,1473.16,1480.11,1497.24,1507.47,1517.31,1529.01,1543.05,1552.88,1562.34,1577.13,1595.07,1610.64,1621.11,1628.20,1640.26,1651.65,1646.42,1629.85,1616.35,1614.23,1611.25,1603.74,1600.39,1596.48,1588.41,1578.94,1566.35,1565.80,1581.50,1605.68,1632.29,1650.39,1645.54,1622.69,1608.57,1600.07,1586.48,1573.97,1565.27,1557.81,1554.48,1555.76,1557.87,1558.33,1555.63,1549.96,1541.87,1531.32,1524.14,1520.59,1517.28,1513.63,1510.58,1506.08,1503.91,1504.72,1505.87,1505.79,1499.56,1490.96,1492.90,1496.39,1498.64,1498.92,1498.96,1499.60,1500.83,1504.22,1509.15,1517.63,1529.11,1541.01,1552.77,1569.97,1590.21,1598.57,1603.15,1606.69,1610.45,1614.55,1619.89,1625.64,1631.48,1633.33,1632.97,1628.31,1621.89,1621.31,1624.46,1628.35,1631.81,1635.25,1637.22,1638.11,1643.61,1653.09,1663.89,1673.50,1680.69,1687.16,1694.03,1699.53,1704.39,1710.82,1720.13,1725.51,1728.53,1729.53,1730.30,1733.40,1741.16,1751.87,1762.69,1773.90,1784.61,1795.62,1807.14,1815.84,1822.19,1826.89,1832.78,1838.39,1842.44,1846.39,1851.82,1857.93,1869.01,1880.60,1889.91,1897.54,1902.57,1905.92,1911.23,1918.38,1927.00,1930.85,1932.07,1935.87,1941.30,1946.17,1950.10,1954.66,1958.13,1959.53,1962.68,1966.45,1972.25,1980.53,1986.82,1993.29,2003.55,2017.20,2029.36,2042.44,2053.78,2061.96,2068.35,2073.01,2077.31,2082.03,2086.90,2092.12,2097.35,2103.59,2110.86,2118.09,2125.83,2131.49,2135.07,2139.36,2146.45,2155.58,2165.68,2175.99,2188.99,2198.09,2209.64,2221.29,2231.20,2242.54,2254.50,2269.26,2282.44,2294.73,2307.35,2321.78,2332.98,2336.51,2334.70,2331.03,2328.55,2327.84,2327.88,2328.71,2331.26,2335.87,2341.50,2347.65,2353.82,2359.00,2361.98,2362.45,2361.25,2359.96,2360.19,2361.64,2362.25,2362.76,2367.16,2372.09,2375.25,2376.32,2370.14,2360.82,2348.61,2333.69,2319.29,2304.48,2291.22,2279.77,2267.11,2255.78,2242.50
1450.19,1442.68,1435.71,1430.66,1432.40,1438.95,1442.14,1433.86,1418.93,1399.83,1384.12,1377.18,1374.03,1372.90,1372.46,1374.26,1377.98,1383.26,1393.69,1409.13,1415.04,1411.16,1409.73,1412.48,1413.29,1415.49,1421.11,1427.90,1431.54,1435.60,1441.42,1450.98,1469.38,1478.36,1493.90,1507.06,1518.87,1530.41,1538.40,1549.94,1557.48,1564.65,1575.63,1589.90,1598.77,1605.06,1614.38,1626.49,1640.48,1642.00,1626.92,1609.56,1601.82,1600.66,1591.85,1590.09,1585.09,1577.31,1569.48,1557.88,1560.26,1580.28,1605.53,1631.32,1648.65,1646.50,1628.64,1612.49,1600.37,1586.27,1574.36,1565.34,1556.70,1548.65,1545.10,1543.92,1544.20,1544.41,1543.38,1537.91,1528.49,1519.98,1515.55,1513.08,1510.10,1506.75,1502.03,1499.18,1499.82,1500.99,1501.80,1496.56,1488.65,1491.35,1493.42,1495.44,1496.01,1496.51,1497.39,1498.66,1502.91,1508.55,1517.07,1529.42,1543.87,1557.44,1575.25,1588.49,1592.25,1601.39,1603.87,1606.12,1607.42,1610.72,1618.34,1625.76,1626.32,1622.03,1616.84,1613.95,1615.27,1620.30,1623.80,1627.16,1630.84,1633.66,1637.21,1643.30,1653.96,1662.55,1668.81,1678.39,1688.08,1698.65,1703.27,1707.21,1711.65,1717.28,1720.28,1722.72,1723.39,1725.88,1731.46,1737.05,1747.05,1759.61,1772.53,1784.76,1797.95,1809.90,1817.81,1827.03,1833.53,1839.35,1843.60,1846.19,1849.47,1854.78,1860.51,1866.95,1877.82,1885.42,1890.76,1895.76,1901.59,1907.11,1913.73,1921.29,1928.43,1932.88,1936.72,1940.63,1944.34,1947.90,1950.86,1954.15,1956.94,1961.63,1971.61,1982.50,1993.03,1999.37,2002.56,2005.17,2013.18,2025.64,2039.66,2051.06,2059.76,2065.95,2071.35,2075.69,2079.82,2084.19,2088.37,2093.24,2100.05,2108.38,2116.84,2126.01,2133.60,2138.94,2144.82,2150.88,2156.89,2164.21,2172.51,2182.72,2193.97,2203.88,2217.50,2228.35,2239.83,2252.45,2265.81,2279.97,2291.99,2303.46,2314.23,2323.83,2326.23,2323.98,2321.02,2319.12,2318.83,2320.18,2322.65,2325.76,2329.75,2335.04,2340.51,2346.63,2351.39,2352.80,2353.03,2352.42,2351.63,2352.05,2353.50,2354.71,2355.52,2357.56,2361.73,2363.55,2363.69,2360.93,2355.55,2347.12,2335.53,2323.14,2308.27,2296.38,2285.48,2271.31,2257.51,2243.99
1437.56,1431.99,1421.90,1416.98,1423.83,1433.97,1440.11,1434.76,1418.03,1396.14,1378.64,1371.89,1370.73,1368.22,1370.41,1374.53,1378.83,1384.04,1394.35,1406.24,1407.85,1404.59,1405.60,1406.54,1409.55,1415.41,1421.55,1425.45,1429.46,1435.80,1444.98,1457.93,1473.20,1487.89,1503.34,1514.54,1523.51,1528.76,1535.00,1544.62,1551.09,1556.95,1564.32,1573.40,1580.58,1588.03,1603.00,1615.41,1627.84,1634.35,1620.88,1603.84,1588.46,1583.95,1580.18,1577.24,1569.13,1562.26,1556.31,1548.96,1555.45,1577.41,1603.10,1625.96,1642.73,1644.22,1627.65,1611.67,1599.80,1586.17,1576.32,1567.95,1558.85,1547.43,1539.40,1534.77,1532.77,1533.61,1533.76,1530.04,1524.52,1515.43,1509.64,1508.11,1505.50,1503.11,1499.30,1495.56,1495.38,1496.64,1496.65,1490.49,1485.55,1487.75,1490.55,1492.47,1493.24,1493.97,1494.88,1496.16,1501.35,1507.59,1515.82,1529.67,1545.43,1561.12,1575.73,1582.12,1586.11,1591.62,1598.23,1600.25,1601.44,1604.15,1609.10,1615.20,1614.66,1613.18,1609.42,1604.86,1605.21,1612.51,1617.32,1622.66,1629.38,1633.48,1636.98,1642.07,1652.99,1661.14,1668.92,1677.67,1686.88,1698.77,1703.19,1707.40,1711.64,1713.28,1714.84,1716.13,1719.00,1724.92,1730.61,1736.77,1746.59,1758.64,1771.59,1783.51,1797.66,1812.12,1821.84,1831.69,1838.39,1844.21,1848.94,1851.28,1853.11,1857.12,1862.48,1868.40,1873.18,1879.38,1886.38,1894.24,1901.87,1908.72,1917.34,1924.63,1930.12,1934.47,1938.21,1940.77,1943.56,1946.84,1950.31,1952.87,1956.78,1966.75,1979.18,1993.63,2004.19,2011.66,2014.68,2014.92,2017.16,2024.87,2036.73,2048.21,2056.80,2064.69,2071.07,2074.76,2078.52,2082.62,2086.75,2091.97,2099.99,2107.80,2115.27,2123.90,2132.50,2140.75,2148.47,2153.96,2159.04,2165.03,2171.33,2178.94,2190.31,2199.38,2213.17,2226.38,2237.72,2249.35,2262.07,2275.02,2285.74,2295.69,2303.59,2310.39,2313.62,2313.01,2311.99,2311.05,2311.26,2312.99,2315.89,2320.21,2323.69,2327.96,2332.64,2337.27,2341.27,2343.10,2343.54,2343.66,2343.55,2344.27,2345.93,2347.97,2349.18,2349.18,2350.77,2353.04,2353.24,2350.00,2346.00,2340.63,2332.89,2323.82,2312.01,2299.43,2287.18,2274.37,2258.61,2244.19
1428.51,1420.42,1411.05,1404.59,1416.23,1429.15,1435.37,1430.91,1406.02,1386.25,1372.59,1366.06,1365.19,1364.40,1368.01,1372.07,1378.13,1384.54,1393.89,1401.00,1398.47,1399.29,1400.80,1402.71,1411.03,1415.25,1418.84,1422.88,1429.22,1436.82,1448.60,1463.67,1478.48,1494.16,1506.30,1514.28,1513.85,1514.06,1520.84,1530.33,1534.53,1537.86,1546.75,1555.05,1560.11,1571.96,1589.64,1603.87,1614.20,1623.13,1616.67,1601.35,1581.26,1570.41,1567.70,1564.32,1556.53,1547.59,1542.51,1540.96,1554.90,1573.73,1598.00,1617.98,1633.57,1640.69,1629.01,1616.77,1607.43,1597.33,1586.75,1574.38,1560.84,1546.65,1536.95,1530.47,1525.82,1522.93,1522.25,1521.63,1517.56,1509.06,1504.64,1503.30,1500.73,1498.75,1496.06,1492.21,1491.46,1492.56,1490.90,1484.25,1483.47,1486.23,1488.63,1489.78,1490.75,1491.27,1492.04,1493.70,1498.51,1505.96,1514.60,1529.31,1545.69,1562.07,1573.32,1578.99,1582.68,1583.93,1586.66,1590.09,1592.79,1595.86,1600.37,1604.86,1605.28,1603.81,1599.38,1596.80,1596.39,1602.85,1611.84,1623.97,1630.80,1635.04,1638.92,1644.03,1652.72,1661.84,1668.91,1676.09,1683.44,1690.64,1696.27,1700.14,1704.68,1707.67,1708.69,1711.22,1717.18,1722.65,1730.17,1737.02,1746.97,1760.00,1771.82,1782.21,1796.38,1813.02,1824.17,1833.29,1840.02,1846.86,1853.01,1856.05,1858.12,1861.06,1864.85,1870.13,1875.94,1882.11,1889.12,1895.92,1903.02,1910.54,1921.05,1929.28,1934.63,1938.91,1940.49,1941.78,1944.64,1947.88,1950.05,1954.09,1960.80,1971.86,1985.75,1999.18,2011.46,2019.99,2023.55,2025.42,2028.40,2033.68,2041.81,2050.20,2058.31,2066.37,2072.19,2076.00,2079.73,2083.04,2086.57,2091.99,2100.87,2106.93,2113.55,2121.47,2130.17,2140.19,2149.14,2154.84,2160.08,2165.77,2171.65,2178.21,2188.23,2196.99,2209.86,2224.78,2236.88,2246.89,2257.75,2268.14,2276.86,2285.17,2292.10,2296.78,2299.40,2300.26,2300.37,2300.90,2302.16,2304.52,2307.34,2311.07,2315.27,2319.13,2323.19,2327.35,2330.91,2332.91,2333.62,2334.20,2335.36,2336.80,2338.74,2340.87,2342.20,2342.18,2341.77,2341.68,2341.00,2338.72,2336.32,2333.09,2327.60,2321.05,2312.53,2300.14,2289.01,2276.79,2258.76,2244.15
1415.47,1408.65,1399.84,1393.54,1406.73,1423.00,1428.05,1411.65,1389.38,1374.87,1362.66,1360.06,1359.62,1361.48,1365.82,1370.77,1376.51,1382.89,1390.02,1392.30,1390.49,1391.68,1396.39,1403.39,1408.18,1411.97,1417.28,1424.08,1432.26,1439.00,1450.23,1468.58,1481.88,1494.84,1504.30,1502.42,1497.56,1496.87,1503.47,1516.22,1519.23,1519.95,1526.85,1533.83,1539.47,1554.99,1573.95,1588.43,1599.43,1609.41,1613.15,1597.97,1575.33,1559.01,1553.59,1550.71,1545.10,1535.92,1531.76,1539.87,1560.22,1577.26,1598.42,1616.70,1628.14,1635.79,1633.00,1627.27,1617.70,1605.64,1592.90,1577.84,1561.52,1548.07,1537.14,1528.30,1522.00,1517.56,1513.43,1510.48,1507.53,1502.29,1499.28,1498.27,1496.83,1494.66,1492.10,1488.79,1487.52,1488.33,1485.02,1479.87,1482.14,1485.01,1486.62,1487.49,1488.30,1488.87,1489.72,1491.33,1494.51,1503.34,1512.23,1527.20,1544.83,1560.03,1571.30,1575.84,1577.37,1578.21,1579.85,1583.03,1584.96,1586.14,1587.86,1591.98,1595.11,1592.64,1590.24,1590.51,1590.08,1597.70,1613.23,1625.86,1631.73,1634.59,1638.94,1644.66,1652.08,1661.41,1667.71,1674.00,1680.33,1685.77,1691.08,1694.40,1698.16,1702.21,1707.63,1712.34,1716.79,1722.88,1731.49,1739.86,1750.44,1763.72,1773.45,1782.75,1795.99,1812.12,1822.55,1830.74,1839.59,1847.80,1856.30,1860.24,1862.51,1864.86,1867.83,1871.28,1877.43,1885.05,1892.78,1899.93,1907.57,1914.00,1922.08,1928.80,1934.49,1939.68,1940.88,1941.37,1945.44,1950.64,1953.80,1958.60,1965.93,1976.63,1989.56,1999.80,2011.35,2019.04,2025.18,2030.96,2036.57,2041.92,2047.78,2053.97,2060.50,2067.80,2073.69,2077.87,2081.83,2085.89,2088.53,2092.78,2102.22,2108.13,2113.35,2120.06,2128.94,2138.38,2147.26,2153.99,2159.99,2165.86,2172.04,2179.47,2188.78,2196.87,2210.25,2223.16,2235.78,2244.46,2251.40,2258.46,2265.53,2272.13,2278.47,2283.43,2286.38,2288.19,2289.07,2290.60,2292.93,2295.47,2298.18,2300.42,2303.43,2307.33,2311.69,2315.28,2318.51,2320.97,2323.46,2325.24,2327.30,2329.38,2331.33,2333.30,2334.65,2334.18,2331.83,2329.93,2329.00,2327.85,2326.74,2324.47,2320.28,2315.04,2308.14,2298.27,2288.92,2274.54,2257.70,2243.87
1405.87,1402.19,1391.39,1383.64,1393.14,1409.53,1411.97,1393.64,1376.50,1362.59,1355.88,1354.90,1357.44,1362.24,1366.74,1370.73,1375.58,1380.79,1385.57,1386.37,1385.84,1389.46,1395.85,1402.21,1408.08,1413.67,1420.13,1429.03,1438.84,1446.43,1456.46,1472.99,1481.39,1488.90,1490.32,1483.92,1479.51,1479.43,1488.78,1502.93,1503.26,1502.25,1506.47,1512.41,1525.74,1542.45,1556.87,1571.14,1584.65,1596.55,1603.02,1592.01,1569.18,1551.38,1539.98,1535.96,1532.24,1526.22,1527.44,1543.45,1564.11,1587.09,1607.34,1617.47,1625.87,1632.04,1634.00,1630.81,1620.73,1607.59,1593.37,1580.37,1566.94,1556.05,1542.48,1529.97,1519.34,1514.18,1509.84,1505.41,1501.77,1496.92,1493.46,1492.90,1492.49,1490.85,1488.14,1484.76,1483.60,1484.17,1481.75,1478.31,1481.23,1483.32,1484.22,1485.05,1485.80,1486.48,1487.52,1488.84,1490.70,1499.34,1509.81,1525.46,1543.09,1555.92,1565.92,1569.51,1570.89,1572.27,1571.21,1572.63,1574.01,1575.28,1580.60,1584.63,1587.17,1586.18,1584.68,1585.54,1590.10,1597.54,1610.67,1620.97,1625.45,1629.30,1635.89,1644.24,1652.21,1659.90,1666.06,1672.04,1677.14,1680.93,1685.59,1690.72,1696.70,1702.98,1709.92,1715.41,1719.85,1726.44,1735.05,1744.87,1757.58,1770.15,1779.03,1789.16,1801.26,1812.31,1821.80,1830.25,1840.48,1848.52,1856.91,1858.95,1859.80,1863.62,1867.53,1871.47,1877.53,1885.50,1893.86,1901.76,1909.08,1914.37,1918.99,1923.84,1930.93,1937.43,1939.65,1939.89,1942.27,1946.54,1951.51,1959.01,1967.85,1978.43,1988.36,1996.23,2005.66,2014.56,2023.48,2032.30,2040.26,2045.93,2051.62,2057.76,2064.69,2072.10,2077.53,2082.24,2087.03,2090.71,2094.14,2098.51,2106.29,2113.17,2117.49,2121.56,2129.65,2137.03,2144.89,2152.07,2158.61,2164.89,2171.80,2181.18,2190.89,2199.28,2211.66,2222.46,2233.19,2239.36,2242.68,2246.17,2251.57,2258.40,2263.89,2268.48,2271.73,2273.11,2274.24,2277.67,2282.05,2286.10,2288.97,2291.37,2293.99,2296.56,2300.15,2304.30,2308.21,2311.65,2314.86,2317.35,2319.63,2321.85,2323.74,2325.10,2325.53,2323.29,2320.64,2319.10,2317.58,2315.92,2314.36,2313.30,2310.74,2306.40,2300.80,2294.78,2285.68,2269.45,2255.41,2243.76
1397.12,1398.94,1385.09,1372.05,1377.13,1391.31,1397.55,1381.00,1362.57,1353.70,1351.15,1352.22,1358.43,1362.66,1365.79,1368.96,1373.21,1376.87,1378.93,1381.17,1388.28,1392.14,1396.48,1403.28,1411.88,1419.31,1428.72,1438.47,1446.94,1457.68,1465.63,1474.32,1477.06,1476.81,1470.73,1464.15,1461.76,1462.00,1472.63,1485.95,1484.32,1486.38,1491.56,1498.03,1513.63,1530.13,1542.30,1556.20,1570.93,1586.43,1595.04,1586.87,1563.49,1544.15,1532.11,1525.37,1520.55,1516.76,1525.39,1543.87,1565.76,1593.18,1608.48,1612.90,1621.03,1627.91,1631.52,1628.35,1615.75,1600.82,1589.03,1579.04,1568.54,1560.57,1547.52,1533.89,1520.67,1510.42,1505.96,1501.82,1497.83,1493.71,1489.37,1487.69,1487.76,1486.64,1484.16,1480.67,1480.00,1480.41,1477.31,1477.04,1480.06,1480.85,1481.75,1482.59,1483.41,1484.21,1485.23,1486.63,1488.76,1493.93,1506.54,1522.64,1540.36,1550.05,1557.04,1561.21,1563.46,1565.09,1563.72,1562.58,1562.37,1564.33,1571.06,1579.89,1583.17,1582.65,1580.54,1584.37,1590.38,1596.61,1605.48,1613.57,1616.43,1621.16,1629.37,1639.52,1649.80,1659.16,1665.32,1670.25,1673.95,1677.93,1684.41,1693.43,1701.58,1706.63,1712.04,1719.57,1725.63,1732.37,1740.24,1750.09,1764.90,1778.05,1791.70,1799.55,1810.19,1818.12,1825.98,1834.37,1842.18,1848.16,1852.60,1854.60,1858.45,1862.18,1865.46,1869.24,1874.52,1881.47,1890.50,1899.07,1905.85,1912.29,1916.77,1920.59,1927.36,1932.34,1933.69,1934.58,1937.86,1942.28,1948.79,1958.36,1968.09,1976.36,1982.81,1988.73,1997.40,2007.97,2018.47,2029.51,2039.47,2047.22,2054.15,2062.03,2071.75,2080.24,2085.74,2090.70,2094.63,2098.07,2101.18,2105.60,2112.71,2119.11,2122.13,2125.25,2130.58,2135.95,2141.36,2147.54,2154.85,2162.17,2169.00,2179.76,2190.55,2198.86,2210.27,2219.85,2225.90,2228.63,2231.05,2233.90,2237.65,2243.49,2249.34,2255.52,2258.52,2258.93,2259.80,2263.63,2269.13,2274.69,2279.16,2282.59,2285.84,2289.08,2292.39,2295.57,2298.38,2302.20,2306.88,2310.96,2313.58,2315.17,2316.75,2317.49,2317.36,2314.57,2310.97,2308.32,2306.42,2304.92,2304.15,2303.28,2301.10,2298.43,2295.46,2290.47,2280.38,2265.30,2253.57,2243.67
1390.71,1393.85,1379.16,1364.47,1366.32,1378.87,1381.87,1365.10,1349.56,1346.64,1347.58,1353.35,1358.22,1361.59,1364.53,1367.49,1370.07,1372.06,1377.54,1383.68,1391.31,1396.15,1399.67,1408.07,1415.15,1423.20,1432.28,1442.85,1454.46,1466.96,1471.27,1472.92,1470.80,1464.09,1455.11,1451.25,1449.04,1450.12,1456.33,1467.97,1466.17,1469.24,1478.25,1488.29,1499.75,1513.32,1528.70,1544.45,1563.32,1582.34,1591.64,1580.56,1555.37,1536.66,1524.90,1513.68,1508.66,1510.13,1520.66,1542.50,1569.05,1591.12,1597.84,1603.67,1614.94,1623.21,1627.28,1619.21,1605.19,1590.30,1581.79,1570.64,1562.61,1556.36,1547.25,1534.74,1521.45,1509.72,1502.55,1497.67,1494.25,1490.98,1486.71,1483.14,1482.82,1482.24,1480.13,1476.70,1475.65,1476.02,1473.92,1474.34,1477.05,1477.97,1479.28,1481.08,1482.25,1482.18,1482.87,1484.21,1485.73,1488.82,1502.45,1517.90,1535.56,1544.18,1547.04,1549.82,1552.75,1555.33,1556.14,1555.93,1557.48,1562.11,1569.49,1575.89,1578.72,1577.92,1577.17,1581.89,1588.64,1595.01,1601.57,1607.78,1610.15,1614.69,1620.41,1629.49,1641.80,1655.53,1661.96,1667.24,1672.58,1677.96,1686.70,1697.30,1706.73,1713.65,1720.33,1728.04,1735.34,1742.51,1748.79,1759.59,1772.36,1785.60,1802.09,1810.90,1819.28,1824.98,1831.07,1836.94,1841.58,1845.83,1849.28,1852.37,1856.00,1859.01,1862.84,1867.57,1873.28,1880.55,1888.89,1896.72,1904.63,1911.41,1914.86,1918.33,1922.94,1927.04,1928.38,1930.93,1935.72,1940.60,1948.52,1956.95,1963.76,1969.88,1975.20,1982.02,1991.44,2003.25,2013.22,2023.84,2034.83,2045.83,2055.62,2067.02,2078.17,2086.01,2092.29,2097.56,2101.28,2104.44,2107.98,2111.36,2117.76,2121.90,2124.39,2127.19,2129.87,2134.01,2138.36,2143.94,2150.68,2157.74,2164.56,2173.55,2184.84,2193.49,2201.89,2210.00,2214.20,2215.59,2217.48,2221.54,2226.34,2231.26,2236.66,2240.71,2243.43,2244.63,2248.12,2252.00,2256.20,2261.49,2267.23,2272.05,2276.66,2280.74,2284.46,2287.91,2291.32,2294.91,2299.12,2304.02,2307.43,2309.06,2310.68,2312.01,2312.49,2310.54,2306.83,2303.27,2299.72,2297.21,2296.09,2294.34,2293.21,2291.99,2289.85,2283.80,2274.19,2262.16,2251.64,2242.56
1379.75,1381.22,1368.21,1356.07,1359.39,1366.53,1362.41,1350.65,1344.32,1341.77,1347.61,1352.71,1356.58,1360.15,1363.11,1365.54,1366.73,1374.38,1388.01,1393.89,1396.32,1401.20,1406.62,1413.57,1419.84,1430.80,1436.61,1443.90,1455.80,1467.41,1468.08,1464.99,1458.61,1453.07,1444.18,1436.88,1435.68,1440.32,1444.57,1449.03,1450.54,1456.82,1466.35,1480.84,1490.91,1503.34,1517.61,1534.77,1557.76,1575.87,1584.77,1572.34,1545.78,1529.45,1516.48,1504.68,1502.04,1505.28,1518.66,1544.63,1570.10,1583.61,1588.51,1596.71,1608.57,1619.02,1621.63,1611.12,1594.66,1581.58,1570.26,1559.53,1551.34,1546.17,1541.36,1531.33,1520.00,1510.60,1501.51,1494.22,1490.16,1487.35,1483.43,1478.93,1477.24,1476.70,1474.61,1471.74,1471.15,1471.40,1470.66,1471.84,1473.80,1475.11,1477.41,1480.92,1480.81,1479.92,1480.39,1481.31,1481.28,1482.55,1496.06,1511.47,1527.56,1535.94,1539.33,1542.22,1543.80,1546.46,1548.61,1552.06,1557.43,1563.21,1568.32,1571.57,1569.90,1569.74,1574.37,1577.96,1584.01,1591.44,1597.62,1600.57,1604.37,1610.43,1615.32,1621.95,1634.65,1649.05,1657.20,1666.26,1673.31,1678.34,1686.45,1697.94,1709.66,1718.27,1727.18,1735.24,1743.45,1751.55,1759.53,1771.03,1780.56,1794.34,1808.67,1817.54,1822.29,1826.32,1831.62,1836.06,1840.47,1844.11,1847.04,1850.32,1853.81,1858.53,1864.65,1870.25,1876.13,1884.37,1892.15,1898.50,1904.58,1909.33,1912.46,1916.06,1920.25,1923.92,1927.77,1932.95,1938.13,1942.43,1948.84,1954.46,1958.66,1962.79,1969.15,1977.32,1986.55,1998.59,2007.75,2017.86,2029.91,2043.43,2054.88,2068.29,2079.33,2087.60,2094.65,2100.93,2105.84,2109.26,2111.78,2114.84,2118.78,2120.63,2123.33,2126.44,2128.87,2132.53,2137.20,2142.45,2147.35,2151.82,2158.28,2166.50,2176.58,2185.87,2193.08,2197.98,2201.25,2203.46,2205.05,2208.45,2214.03,2218.97,2224.09,2228.51,2229.93,2232.16,2237.22,2242.38,2246.81,2251.28,2256.42,2261.57,2266.42,2270.74,2275.37,2280.55,2285.12,2289.25,2293.47,2297.90,2301.47,2304.15,2306.49,2308.47,2309.13,2308.10,2304.89,2301.06,2296.56,2292.36,2288.66,2285.15,2283.19,2282.86,2281.63,2276.23,2268.35,2257.65,2247.79,2239.49
1368.38,1363.78,1355.74,1348.54,1351.75,1351.80,1347.56,1344.07,1339.69,1340.13,1346.12,1351.06,1354.91,1358.40,1361.19,1361.86,1366.31,1377.28,1389.99,1398.27,1402.38,1404.50,1410.18,1415.31,1421.16,1433.84,1441.57,1446.60,1457.53,1461.16,1459.93,1453.28,1449.55,1446.86,1434.72,1428.73,1428.18,1431.10,1435.42,1439.42,1445.55,1452.17,1455.66,1468.04,1483.23,1499.49,1514.26,1529.59,1553.26,1567.14,1574.24,1563.45,1538.55,1521.03,1507.62,1496.78,1495.60,1501.90,1519.36,1544.51,1564.19,1572.01,1581.60,1592.85,1606.06,1615.84,1616.32,1603.60,1587.15,1573.96,1561.91,1550.87,1539.72,1534.41,1529.81,1523.61,1516.65,1508.65,1499.71,1491.69,1487.36,1484.10,1480.27,1475.14,1471.55,1470.33,1468.90,1467.29,1466.70,1467.70,1469.49,1470.30,1470.98,1472.26,1474.43,1480.02,1479.87,1478.28,1478.46,1478.67,1478.69,1478.85,1488.17,1505.55,1518.67,1525.52,1530.38,1532.80,1534.42,1540.82,1542.92,1548.31,1556.00,1562.11,1565.98,1564.86,1563.41,1567.72,1572.22,1575.82,1580.58,1589.26,1594.58,1596.97,1602.00,1608.19,1614.80,1622.94,1637.22,1648.54,1658.58,1669.76,1674.17,1677.83,1683.52,1694.46,1707.00,1716.28,1725.93,1735.57,1747.09,1756.66,1767.38,1779.08,1790.73,1803.01,1813.93,1820.61,1821.66,1822.28,1827.73,1832.48,1836.99,1840.68,1842.17,1847.00,1854.20,1861.88,1870.91,1876.88,1882.34,1889.59,1895.05,1899.89,1903.75,1907.14,1909.84,1913.89,1919.03,1923.97,1929.48,1935.95,1941.04,1944.73,1948.75,1952.46,1955.32,1958.37,1965.08,1973.72,1981.35,1990.76,2000.14,2012.65,2025.90,2039.20,2050.82,2065.38,2078.11,2086.76,2094.59,2101.83,2107.76,2111.47,2113.58,2115.92,2116.91,2118.84,2122.32,2125.61,2128.41,2132.39,2136.97,2140.30,2142.62,2145.63,2150.12,2158.80,2168.11,2177.54,2185.08,2190.70,2193.01,2194.45,2196.14,2197.96,2201.15,2206.49,2211.53,2215.84,2219.65,2223.38,2227.98,2233.55,2238.76,2243.21,2247.22,2250.44,2252.93,2258.69,2264.67,2271.34,2278.51,2283.73,2288.24,2293.08,2297.22,2300.89,2303.82,2306.45,2307.67,2307.20,2304.58,2301.98,2297.61,2292.46,2286.47,2278.95,2273.58,2271.31,2270.27,2266.72,2259.39,2249.35,2242.23,2235.26
1353.14,1351.40,1346.27,1342.32,1345.19,1344.15,1341.33,1337.08,1335.09,1339.00,1344.31,1349.08,1352.14,1353.89,1356.83,1360.37,1365.83,1372.59,1380.50,1391.31,1402.09,1407.69,1413.86,1418.62,1424.43,1435.01,1444.96,1452.41,1458.82,1455.08,1446.11,1436.83,1437.12,1438.70,1428.18,1422.07,1421.83,1424.32,1427.22,1433.06,1440.77,1444.85,1450.57,1459.46,1480.34,1496.13,1509.15,1527.26,1547.73,1558.61,1566.04,1557.33,1534.92,1513.73,1499.64,1488.50,1489.50,1498.19,1516.27,1537.91,1551.57,1563.86,1579.68,1591.92,1604.35,1612.97,1612.08,1596.86,1580.80,1568.27,1557.35,1544.50,1532.83,1523.39,1517.60,1513.54,1509.30,1501.87,1492.26,1486.93,1484.02,1480.20,1475.35,1470.09,1465.66,1465.06,1463.97,1463.49,1464.60,1467.44,1469.78,1470.12,1470.12,1470.27,1472.69,1481.99,1480.29,1477.83,1476.63,1476.58,1476.73,1478.08,1483.93,1501.34,1510.06,1516.03,1520.42,1521.28,1524.33,1531.04,1537.37,1548.82,1556.34,1561.58,1563.40,1559.81,1559.51,1564.62,1569.47,1573.55,1578.34,1586.99,1591.53,1594.63,1599.42,1605.75,1612.21,1624.08,1636.95,1646.63,1655.34,1667.16,1672.40,1675.90,1680.95,1688.95,1700.76,1712.11,1722.69,1733.23,1749.05,1760.10,1771.45,1784.39,1795.37,1803.79,1810.44,1813.97,1813.81,1814.95,1819.54,1825.42,1830.02,1834.99,1838.20,1844.39,1853.12,1865.44,1877.48,1882.47,1886.69,1890.84,1895.43,1899.87,1902.87,1904.36,1906.36,1912.35,1917.55,1922.93,1929.26,1935.87,1940.83,1943.24,1945.91,1949.04,1952.03,1956.92,1963.73,1971.06,1977.45,1984.67,1994.26,2008.38,2019.37,2031.85,2045.64,2060.59,2074.95,2084.28,2093.18,2101.82,2107.51,2111.64,2113.23,2113.69,2114.32,2117.51,2121.39,2124.27,2128.10,2132.00,2134.34,2136.04,2137.75,2139.80,2142.92,2149.55,2159.86,2169.20,2176.36,2180.12,2182.91,2185.95,2189.41,2191.79,2193.99,2197.09,2201.63,2206.25,2210.35,2215.13,2220.44,2225.43,2230.43,2234.80,2238.31,2240.91,2242.85,2248.47,2255.43,2262.95,2269.80,2277.39,2283.49,2289.72,2294.45,2299.07,2302.99,2306.17,2308.39,2308.59,2307.17,2305.32,2301.19,2295.68,2288.17,2278.60,2269.84,2262.14,2257.57,2251.12,2243.94,2239.03,2234.68,2228.59
1344.49,1341.95,1338.88,1335.14,1336.52,1333.85,1330.91,1329.66,1333.04,1337.56,1342.22,1346.16,1347.77,1349.99,1353.77,1358.13,1363.16,1369.20,1375.68,1384.72,1399.68,1409.81,1420.17,1424.37,1429.18,1437.66,1446.38,1453.94,1454.28,1443.03,1428.53,1426.30,1426.59,1428.85,1421.55,1415.21,1415.62,1418.06,1421.50,1427.42,1434.82,1444.34,1451.92,1459.43,1478.27,1493.22,1509.72,1526.88,1539.78,1548.27,1558.02,1553.43,1531.40,1510.47,1494.20,1481.67,1482.69,1492.35,1506.83,1524.51,1547.28,1565.05,1577.89,1587.24,1597.71,1608.39,1610.19,1593.83,1575.77,1562.81,1551.51,1538.92,1527.55,1516.43,1507.52,1502.44,1497.25,1490.58,1485.99,1482.02,1478.06,1473.65,1468.00,1462.40,1459.84,1460.22,1459.88,1461.44,1464.10,1466.69,1468.84,1469.64,1469.76,1469.15,1475.24,1488.76,1482.80,1478.26,1476.26,1474.79,1475.11,1477.68,1482.70,1497.40,1505.57,1509.96,1513.06,1514.20,1517.06,1522.78,1534.79,1548.89,1556.61,1560.73,1560.26,1556.42,1555.14,1560.40,1566.30,1574.11,1580.43,1585.19,1590.03,1593.46,1597.48,1601.78,1607.99,1624.09,1636.01,1644.07,1650.65,1658.66,1667.69,1673.66,1680.42,1686.96,1698.91,1711.55,1721.61,1732.01,1750.56,1761.52,1770.33,1780.63,1790.33,1796.17,1799.94,1802.61,1804.92,1808.97,1814.13,1819.78,1825.96,1831.89,1838.17,1845.55,1854.29,1867.80,1878.69,1882.73,1886.22,1890.09,1893.95,1896.94,1899.46,1900.29,1902.01,1909.45,1914.39,1919.01,1924.64,1930.77,1936.24,1939.37,1941.36,1944.13,1948.86,1955.49,1962.73,1969.86,1977.39,1984.69,1994.93,2007.91,2016.69,2027.12,2042.14,2056.92,2070.03,2079.35,2088.64,2099.02,2105.09,2109.29,2110.89,2110.99,2111.44,2113.40,2115.88,2121.05,2125.15,2128.76,2130.36,2131.54,2133.41,2135.57,2138.11,2142.72,2150.86,2160.73,2169.72,2173.89,2175.82,2178.24,2182.59,2185.84,2188.61,2191.55,2195.55,2199.30,2202.66,2206.69,2211.43,2216.65,2221.68,2225.35,2228.86,2233.23,2235.77,2240.88,2247.72,2255.75,2264.06,2272.81,2279.68,2286.90,2293.13,2298.66,2304.14,2307.94,2310.56,2311.89,2311.88,2309.77,2305.11,2299.88,2289.83,2279.16,2269.75,2260.32,2249.88,2239.88,2232.39,2228.13,2223.41,2217.09
1338.70,1334.19,1331.19,1328.53,1327.06,1326.43,1325.11,1325.66,1329.52,1334.35,1339.10,1342.07,1344.94,1348.78,1352.55,1356.78,1364.19,1375.22,1381.68,1385.09,1392.94,1408.30,1418.45,1426.81,1434.81,1442.23,1447.97,1450.13,1448.15,1432.64,1421.36,1418.55,1419.16,1419.79,1410.44,1407.54,1408.83,1412.64,1420.82,1428.58,1439.42,1450.27,1457.22,1468.84,1484.90,1498.19,1511.95,1524.07,1531.72,1538.85,1548.72,1545.13,1524.54,1505.07,1486.54,1475.90,1477.58,1491.72,1508.25,1527.41,1552.90,1564.78,1571.57,1578.13,1589.07,1603.23,1607.00,1594.62,1575.70,1561.78,1547.07,1532.96,1521.49,1510.45,1500.13,1495.19,1489.15,1484.90,1482.23,1477.90,1472.68,1467.41,1461.80,1458.35,1456.70,1456.75,1458.78,1460.82,1462.68,1464.87,1466.94,1467.21,1466.55,1468.24,1483.57,1495.20,1485.97,1478.71,1476.49,1474.22,1473.33,1475.86,1481.69,1494.82,1502.04,1505.23,1505.99,1507.88,1510.14,1516.78,1528.07,1542.61,1551.76,1555.72,1556.57,1552.23,1551.53,1555.88,1564.20,1574.89,1581.12,1585.26,1588.99,1592.35,1596.43,1601.24,1607.61,1621.74,1633.86,1639.81,1644.80,1652.72,1664.01,1672.33,1681.79,1688.77,1702.28,1713.54,1722.13,1732.79,1750.09,1760.37,1767.15,1773.85,1779.77,1784.44,1789.08,1793.81,1798.74,1803.94,1809.46,1816.04,1823.47,1831.01,1839.17,1848.68,1858.47,1869.67,1876.36,1880.41,1883.35,1885.72,1888.26,1889.39,1891.53,1893.62,1896.26,1901.95,1908.74,1913.89,1919.23,1925.66,1931.10,1934.55,1936.97,1940.74,1947.38,1954.88,1962.52,1970.20,1978.67,1986.14,1996.64,2006.66,2014.75,2025.15,2038.41,2051.11,2061.76,2071.50,2081.42,2091.52,2100.36,2103.91,2104.86,2103.85,2102.75,2102.86,2105.67,2112.86,2120.11,2123.41,2124.90,2126.90,2129.69,2132.79,2135.89,2139.24,2145.26,2153.72,2161.18,2167.33,2170.50,2173.45,2177.42,2181.16,2184.12,2186.84,2190.85,2194.42,2196.86,2199.31,2202.58,2206.70,2211.43,2216.09,2220.10,2224.93,2229.05,2234.98,2242.36,2251.28,2260.90,2270.47,2277.28,2285.06,2293.15,2299.54,2306.67,2312.13,2315.54,2317.36,2318.22,2317.49,2313.30,2306.19,2296.13,2282.79,2271.97,2262.17,2249.19,2237.69,2227.48,2216.54,2209.80,2203.41
1330.06,1327.30,1322.89,1322.58,1322.78,1322.19,1321.06,1322.06,1326.75,1331.45,1336.10,1339.64,1343.30,1347.25,1351.59,1357.80,1363.91,1374.70,1384.55,1392.85,1398.31,1403.50,1419.36,1426.94,1438.22,1442.92,1448.20,1445.96,1438.55,1426.12,1417.13,1410.03,1408.92,1407.73,1401.89,1400.07,1403.48,1411.40,1421.36,1429.24,1439.66,1450.44,1457.04,1467.83,1479.58,1494.05,1507.19,1513.76,1521.88,1532.36,1540.29,1533.29,1514.46,1493.76,1476.28,1470.28,1475.71,1491.85,1509.26,1528.24,1546.73,1552.33,1560.95,1571.01,1583.44,1596.31,1600.61,1592.64,1577.65,1565.82,1550.67,1532.81,1520.43,1508.28,1498.98,1492.68,1486.45,1480.46,1477.35,1472.93,1467.44,1461.44,1457.74,1455.83,1453.96,1454.97,1458.27,1460.24,1461.26,1463.24,1464.91,1464.51,1464.96,1473.31,1493.65,1499.21,1487.83,1478.71,1476.43,1474.13,1471.97,1473.06,1480.43,1490.83,1496.13,1496.92,1498.56,1502.28,1506.31,1511.64,1520.98,1531.83,1543.92,1550.85,1553.83,1549.73,1548.87,1553.48,1564.84,1575.90,1581.47,1584.70,1587.82,1591.93,1596.58,1602.53,1610.74,1621.60,1631.84,1637.44,1643.97,1655.16,1665.44,1675.19,1684.78,1693.19,1706.73,1716.30,1724.11,1733.44,1746.67,1756.71,1762.54,1768.20,1772.93,1776.63,1781.17,1786.97,1792.81,1799.05,1805.73,1814.45,1823.48,1832.56,1842.06,1853.50,1862.77,1869.11,1870.74,1871.55,1872.76,1874.90,1877.96,1881.13,1884.86,1887.73,1890.61,1895.06,1902.26,1909.13,1915.40,1921.05,1925.74,1929.82,1933.69,1939.49,1946.89,1954.56,1962.15,1969.52,1977.90,1985.54,1995.18,2004.47,2012.98,2022.88,2033.44,2043.20,2052.46,2062.72,2072.89,2082.63,2089.71,2093.01,2092.96,2090.88,2089.89,2091.26,2095.62,2103.81,2112.88,2116.06,2119.62,2123.66,2127.49,2131.31,2134.56,2137.81,2142.26,2149.32,2155.15,2160.24,2164.89,2169.18,2173.28,2177.00,2179.85,2182.35,2185.90,2189.42,2191.74,2193.60,2195.98,2199.05,2203.12,2208.21,2213.23,2217.84,2223.35,2229.97,2237.67,2248.16,2257.68,2267.42,2275.19,2284.51,2294.05,2303.05,2311.57,2317.95,2321.53,2324.12,2326.00,2326.70,2324.12,2314.95,2303.99,2290.38,2275.95,2264.39,2251.27,2238.13,2226.10,2211.24,2199.85,2192.54
1324.33,1321.36,1317.72,1318.56,1318.76,1317.96,1318.08,1320.79,1324.84,1329.12,1333.48,1337.61,1341.66,1346.70,1354.22,1363.93,1369.82,1372.98,1380.27,1390.25,1398.37,1408.13,1421.68,1428.99,1435.11,1435.72,1439.96,1437.13,1426.05,1417.48,1407.67,1400.86,1398.56,1396.70,1393.36,1396.49,1402.45,1408.63,1416.75,1424.11,1431.38,1442.37,1451.38,1460.20,1471.05,1489.74,1501.01,1504.30,1513.75,1527.64,1533.14,1521.83,1503.63,1484.23,1469.33,1466.14,1474.53,1486.19,1499.01,1516.27,1529.21,1536.07,1552.39,1566.79,1579.52,1587.95,1589.61,1583.59,1573.86,1563.80,1551.69,1535.64,1522.75,1510.06,1499.08,1493.10,1486.59,1478.92,1472.42,1467.82,1462.51,1455.49,1452.30,1451.71,1450.85,1453.31,1456.82,1458.99,1459.72,1461.59,1462.69,1462.06,1466.75,1483.53,1500.46,1499.85,1487.14,1476.83,1475.08,1473.78,1471.66,1470.56,1477.72,1484.62,1488.62,1488.87,1492.93,1498.99,1502.09,1508.39,1517.21,1530.74,1543.24,1549.87,1551.40,1548.61,1547.65,1555.48,1567.30,1576.79,1581.95,1586.09,1590.47,1596.13,1602.63,1611.38,1619.50,1628.08,1636.60,1643.90,1650.82,1659.62,1670.62,1681.54,1689.24,1699.89,1711.38,1719.56,1727.57,1734.68,1744.66,1753.13,1757.85,1762.08,1767.06,1771.88,1776.44,1781.85,1788.06,1794.34,1803.08,1813.86,1823.26,1834.22,1844.95,1857.30,1863.17,1863.15,1860.24,1858.77,1860.65,1865.12,1871.00,1875.40,1880.13,1882.82,1885.28,1888.48,1895.76,1905.50,1912.42,1916.53,1919.87,1924.39,1930.86,1937.95,1945.94,1953.57,1960.35,1966.96,1975.16,1983.70,1993.53,2004.19,2012.85,2020.38,2028.23,2035.94,2044.48,2055.81,2065.45,2075.61,2081.64,2083.29,2081.83,2079.78,2080.19,2083.08,2088.54,2096.64,2103.97,2108.73,2115.66,2121.95,2126.67,2130.93,2134.14,2137.34,2141.29,2146.60,2151.28,2156.24,2161.07,2165.17,2169.33,2172.70,2174.63,2177.18,2179.83,2182.47,2184.96,2187.68,2190.32,2193.64,2197.62,2202.10,2207.86,2213.38,2218.78,2225.41,2233.40,2244.24,2255.15,2263.99,2273.76,2285.49,2297.74,2309.15,2318.81,2325.22,2329.41,2333.42,2337.85,2340.60,2337.30,2326.82,2311.86,2299.78,2282.27,2267.66,2254.89,2239.94,2225.84,2210.15,2197.83,2187.28
1318.53,1315.66,1314.15,1315.27,1315.06,1314.74,1317.33,1320.80,1323.75,1327.44,1331.27,1335.97,1342.18,1349.62,1359.67,1371.84,1382.22,1384.85,1382.36,1389.27,1398.63,1409.54,1423.22,1429.28,1427.08,1425.44,1427.11,1425.75,1415.30,1405.04,1397.10,1391.40,1387.35,1385.89,1390.55,1395.06,1399.78,1404.07,1409.20,1417.18,1433.30,1445.45,1453.79,1464.73,1476.64,1486.97,1490.06,1497.44,1511.51,1523.72,1524.33,1511.75,1496.00,1477.95,1464.04,1461.21,1470.74,1477.85,1484.47,1496.09,1510.02,1526.69,1548.46,1563.32,1573.51,1578.80,1577.03,1572.42,1565.09,1554.74,1543.92,1533.60,1520.75,1507.85,1497.74,1493.03,1487.42,1478.42,1468.32,1463.10,1458.19,1451.59,1448.29,1448.01,1448.99,1452.20,1454.48,1455.63,1457.26,1459.31,1459.84,1460.36,1472.57,1491.63,1502.22,1499.29,1485.10,1472.64,1470.54,1470.62,1469.29,1468.22,1470.78,1478.34,1484.91,1490.56,1494.46,1498.27,1504.03,1509.14,1514.57,1527.40,1539.92,1544.31,1545.48,1544.99,1547.05,1556.52,1569.47,1577.49,1582.89,1587.89,1597.32,1606.20,1612.60,1617.77,1626.39,1635.93,1645.54,1651.95,1656.79,1666.10,1679.73,1687.93,1697.09,1706.96,1715.05,1723.09,1731.41,1738.34,1746.12,1751.85,1755.75,1758.53,1761.72,1767.35,1772.40,1777.95,1784.02,1789.85,1799.05,1811.59,1822.66,1833.55,1846.13,1855.19,1857.72,1855.07,1850.29,1848.80,1852.32,1856.97,1862.67,1868.81,1873.67,1876.80,1880.18,1884.88,1891.91,1902.08,1908.26,1911.50,1914.84,1920.58,1928.40,1936.45,1944.24,1951.10,1956.84,1963.84,1974.38,1984.18,1993.83,2003.59,2010.78,2016.15,2022.13,2029.04,2037.90,2049.90,2061.32,2070.39,2075.44,2075.71,2073.84,2073.68,2076.42,2081.40,2087.49,2093.40,2098.76,2105.11,2113.34,2120.95,2125.53,2130.16,2133.11,2136.02,2139.56,2143.69,2148.05,2152.93,2157.22,2161.09,2165.14,2168.17,2169.42,2171.85,2174.68,2176.84,2178.87,2181.60,2185.09,2189.31,2193.56,2197.54,2202.45,2209.09,2215.04,2221.70,2230.10,2241.08,2253.97,2263.30,2274.60,2288.86,2304.04,2316.79,2328.77,2338.01,2343.42,2345.87,2350.68,2353.56,2351.11,2338.70,2321.10,2307.66,2291.56,2274.05,2260.50,2245.82,2228.86,2212.57,2200.53,2189.14
1310.96,1309.14,1311.22,1311.89,1311.83,1312.21,1315.82,1319.88,1323.08,1327.86,1332.13,1340.31,1351.36,1360.94,1366.16,1377.22,1390.67,1398.01,1393.97,1392.80,1405.69,1417.36,1425.27,1425.65,1420.33,1412.77,1410.79,1412.01,1406.42,1397.98,1389.34,1382.07,1378.89,1380.08,1385.53,1389.53,1395.08,1400.29,1408.64,1417.98,1432.44,1446.14,1456.75,1467.79,1473.50,1477.17,1481.46,1493.47,1508.97,1519.03,1513.39,1498.67,1486.21,1469.60,1458.15,1456.18,1462.57,1467.48,1476.65,1491.82,1508.74,1528.23,1548.43,1560.57,1566.09,1567.27,1566.22,1562.20,1551.80,1539.28,1533.07,1527.24,1515.09,1503.67,1496.95,1493.65,1489.68,1480.36,1465.51,1458.44,1454.48,1449.54,1445.95,1444.78,1446.77,1450.11,1451.27,1452.80,1454.75,1456.38,1456.80,1463.17,1479.04,1490.91,1496.45,1494.07,1481.21,1469.50,1466.50,1465.93,1465.68,1467.11,1470.50,1479.73,1490.47,1498.35,1503.99,1510.10,1517.89,1523.14,1522.97,1522.32,1532.63,1537.12,1539.42,1542.93,1548.35,1557.85,1570.54,1578.33,1585.43,1592.18,1607.02,1616.78,1618.34,1626.63,1634.99,1642.30,1647.99,1658.73,1671.03,1680.51,1687.45,1696.07,1704.61,1711.71,1718.44,1726.76,1734.12,1740.94,1748.16,1752.28,1754.55,1756.58,1759.38,1764.15,1769.16,1774.45,1780.08,1786.43,1794.93,1806.47,1819.71,1829.46,1841.82,1849.17,1847.73,1842.38,1837.60,1836.63,1841.67,1849.29,1854.82,1859.39,1864.49,1870.06,1876.11,1882.52,1889.21,1897.00,1902.04,1905.68,1910.91,1918.26,1925.75,1932.69,1939.68,1946.24,1953.52,1962.43,1973.14,1982.05,1990.31,1997.75,2004.63,2010.99,2017.35,2025.87,2035.68,2048.07,2059.15,2066.14,2069.51,2068.61,2067.54,2070.76,2076.07,2081.46,2087.27,2092.03,2096.03,2101.43,2108.93,2116.50,2120.90,2125.90,2129.64,2132.82,2136.45,2140.40,2145.34,2150.39,2154.59,2158.07,2161.40,2164.25,2165.74,2167.80,2170.30,2172.43,2174.14,2176.55,2180.87,2185.78,2190.34,2194.48,2198.78,2204.69,2211.35,2218.71,2227.47,2239.62,2253.41,2263.57,2276.87,2293.60,2310.59,2325.58,2341.80,2354.30,2357.34,2357.11,2360.67,2363.11,2359.17,2346.80,2328.89,2313.69,2299.33,2282.35,2268.68,2254.67,2237.52,2220.02,2205.65,2194.85
1305.65,1304.41,1306.70,1308.31,1308.81,1310.92,1314.09,1317.88,1321.32,1328.89,1335.82,1344.58,1359.48,1372.43,1377.16,1382.74,1394.49,1405.09,1407.92,1401.31,1411.50,1420.90,1423.34,1421.69,1413.83,1404.60,1394.65,1394.14,1389.78,1384.75,1379.41,1375.14,1374.18,1376.93,1382.72,1392.17,1401.19,1408.16,1412.87,1422.54,1437.03,1446.26,1455.92,1463.16,1461.16,1467.25,1480.10,1495.12,1507.66,1513.60,1501.49,1486.37,1475.02,1461.25,1450.77,1450.86,1455.64,1467.74,1486.14,1504.91,1520.75,1534.71,1547.62,1555.55,1556.55,1552.60,1552.11,1548.86,1537.44,1525.51,1522.01,1517.59,1508.68,1497.55,1490.22,1488.91,1486.23,1479.55,1464.43,1456.03,1451.52,1446.89,1442.60,1442.31,1445.64,1447.77,1448.83,1450.58,1452.43,1453.46,1456.32,1466.32,1476.74,1481.59,1483.19,1481.47,1473.37,1467.07,1463.85,1462.22,1464.64,1467.87,1474.01,1483.38,1495.87,1506.73,1513.67,1520.89,1528.17,1531.78,1531.31,1528.29,1529.56,1534.13,1539.27,1543.93,1549.10,1558.62,1571.62,1580.26,1591.59,1603.87,1619.32,1625.65,1631.15,1638.32,1643.13,1647.84,1659.62,1672.70,1681.03,1687.08,1695.20,1702.44,1707.41,1712.67,1719.78,1727.63,1734.17,1740.25,1746.43,1750.56,1752.82,1755.53,1758.48,1762.42,1766.71,1770.47,1775.08,1781.56,1790.95,1800.83,1812.94,1821.39,1830.62,1836.51,1834.43,1829.48,1827.08,1827.77,1831.80,1839.57,1846.79,1852.26,1857.48,1865.32,1872.74,1879.59,1885.99,1891.51,1895.53,1899.76,1906.99,1915.24,1921.54,1925.82,1931.48,1940.80,1950.14,1959.25,1968.57,1976.41,1983.47,1990.42,1997.07,2004.37,2014.39,2024.21,2033.56,2044.07,2055.03,2060.59,2061.82,2061.26,2063.51,2069.68,2075.15,2080.86,2085.89,2089.47,2092.84,2097.88,2104.37,2111.21,2116.56,2121.18,2125.57,2129.71,2133.90,2138.44,2143.44,2148.48,2152.50,2155.55,2158.25,2160.59,2162.06,2163.78,2165.90,2168.09,2169.66,2171.74,2177.03,2182.94,2187.73,2192.13,2196.37,2201.44,2208.47,2216.68,2226.35,2239.09,2253.26,2264.92,2279.57,2298.60,2316.18,2334.36,2352.77,2368.51,2372.51,2368.46,2369.61,2369.93,2362.80,2350.34,2333.27,2317.41,2304.09,2288.40,2275.91,2261.77,2246.30,2228.22,2212.32,2200.09
1301.14,1300.10,1302.05,1304.33,1306.75,1311.68,1314.80,1317.30,1321.39,1331.32,1338.80,1350.04,1364.62,1379.69,1391.18,1395.05,1403.58,1410.52,1412.84,1411.85,1416.02,1418.32,1417.45,1412.37,1404.02,1397.88,1387.28,1384.27,1381.10,1376.52,1372.63,1369.47,1371.34,1378.22,1386.65,1402.77,1415.81,1421.00,1423.18,1431.29,1442.27,1449.16,1454.08,1454.47,1454.58,1467.91,1482.30,1495.92,1505.92,1507.75,1493.13,1477.51,1463.04,1451.33,1445.47,1446.56,1454.33,1473.21,1495.11,1512.55,1526.86,1537.07,1544.38,1547.12,1543.19,1537.57,1537.46,1534.95,1523.18,1515.27,1509.37,1504.61,1500.57,1493.06,1483.90,1479.81,1478.27,1471.91,1459.29,1452.91,1447.81,1442.26,1439.76,1441.67,1444.53,1445.88,1447.24,1448.64,1450.03,1450.88,1454.47,1462.26,1469.60,1469.71,1468.97,1467.83,1465.82,1464.09,1461.20,1460.98,1464.86,1469.07,1477.46,1489.00,1504.20,1515.80,1522.63,1528.45,1533.22,1535.78,1535.30,1533.53,1532.50,1535.52,1540.61,1544.67,1549.23,1558.99,1573.07,1583.20,1598.70,1614.19,1624.72,1632.13,1639.85,1643.59,1647.51,1655.01,1668.39,1679.12,1684.96,1691.09,1699.07,1702.97,1706.64,1711.17,1717.14,1723.82,1730.45,1736.06,1741.58,1747.79,1752.75,1756.73,1759.67,1762.19,1765.45,1768.58,1770.64,1776.15,1786.21,1795.99,1804.69,1812.68,1819.95,1823.54,1820.85,1818.39,1819.41,1822.90,1827.48,1832.60,1838.93,1846.20,1854.24,1862.62,1869.72,1876.62,1882.76,1886.75,1889.47,1894.46,1902.00,1909.72,1914.26,1916.96,1924.10,1936.15,1944.82,1951.23,1958.98,1967.13,1976.48,1984.48,1990.66,1999.21,2012.35,2022.08,2029.70,2037.27,2046.07,2050.10,2051.31,2054.18,2058.94,2065.05,2072.45,2078.94,2082.97,2086.11,2090.73,2095.72,2100.74,2108.43,2113.77,2118.70,2123.48,2128.10,2132.86,2137.86,2142.76,2146.94,2150.22,2152.66,2154.99,2156.92,2158.28,2159.75,2161.91,2164.36,2166.74,2168.45,2173.21,2180.75,2185.69,2189.84,2194.12,2198.99,2205.81,2215.22,2225.55,2237.88,2252.63,2266.15,2281.65,2301.57,2320.36,2341.07,2358.99,2376.50,2379.32,2375.05,2373.56,2371.71,2363.59,2350.80,2335.14,2318.82,2306.04,2291.34,2279.88,2265.61,2250.72,2235.20,2220.03,2205.08
1297.22,1297.30,1298.58,1301.01,1305.19,1310.24,1314.65,1319.39,1326.08,1335.35,1345.05,1359.21,1372.98,1388.00,1402.43,1410.85,1412.29,1412.33,1411.44,1411.69,1412.24,1411.91,1406.74,1398.73,1394.92,1392.87,1385.39,1375.41,1367.67,1365.96,1364.34,1363.27,1371.90,1378.96,1388.45,1403.43,1414.04,1422.91,1430.40,1440.52,1448.45,1450.72,1450.82,1445.81,1453.89,1469.46,1481.95,1493.20,1500.45,1498.40,1486.55,1468.33,1450.80,1442.83,1440.02,1444.88,1456.32,1475.28,1495.01,1511.21,1524.97,1533.12,1535.63,1533.61,1526.87,1521.88,1523.31,1520.71,1511.84,1507.93,1502.56,1495.16,1491.38,1487.02,1479.52,1471.36,1468.52,1460.66,1451.84,1447.36,1443.24,1437.87,1438.78,1441.26,1442.89,1444.18,1445.32,1446.58,1447.77,1448.67,1449.89,1454.39,1460.60,1460.93,1460.67,1460.04,1459.47,1460.04,1458.31,1461.20,1466.08,1472.46,1485.14,1499.79,1513.21,1522.44,1528.83,1533.11,1536.91,1539.68,1538.54,1536.09,1534.68,1536.11,1539.13,1543.72,1549.51,1559.95,1572.34,1584.82,1600.72,1617.29,1626.32,1634.59,1639.92,1639.50,1646.78,1657.60,1669.24,1679.93,1685.29,1690.48,1694.94,1698.18,1702.75,1707.03,1711.84,1718.89,1726.08,1733.47,1741.68,1749.60,1755.92,1760.29,1761.83,1763.76,1765.76,1766.79,1768.33,1772.49,1781.72,1791.41,1798.42,1805.48,1811.46,1814.16,1812.35,1811.45,1815.47,1821.06,1824.68,1828.25,1834.57,1842.97,1852.48,1860.61,1867.12,1873.41,1878.96,1882.40,1885.79,1891.27,1896.74,1900.84,1905.10,1910.28,1918.86,1930.03,1937.39,1941.88,1948.27,1957.07,1969.66,1979.00,1986.67,1996.80,2009.62,2017.85,2023.28,2028.67,2035.66,2040.52,2044.13,2049.64,2056.04,2062.45,2070.37,2075.45,2079.95,2085.60,2091.10,2095.20,2099.59,2105.93,2112.06,2117.77,2122.83,2127.48,2132.41,2137.56,2141.70,2144.92,2147.81,2149.54,2151.43,2153.24,2154.69,2156.45,2158.69,2161.35,2163.96,2166.91,2171.32,2178.59,2183.57,2187.65,2191.88,2196.85,2203.35,2212.76,2223.68,2235.57,2251.03,2266.47,2282.37,2302.35,2322.66,2343.55,2360.65,2378.28,2380.64,2377.58,2374.30,2370.84,2360.49,2349.07,2333.36,2317.83,2305.16,2291.76,2279.99,2266.03,2251.93,2239.71,2227.37,2211.41
1293.61,1294.28,1296.60,1299.26,1303.26,1308.13,1313.47,1321.25,1330.35,1337.86,1348.03,1362.77,1377.85,1397.27,1410.90,1413.04,1407.72,1401.84,1403.96,1405.05,1405.08,1405.74,1399.48,1389.90,1382.28,1383.57,1384.25,1373.05,1360.18,1355.95,1355.79,1358.98,1367.05,1378.06,1388.42,1398.28,1409.53,1421.60,1432.02,1444.22,1448.28,1446.23,1443.31,1439.13,1454.00,1468.72,1477.65,1485.71,1487.36,1483.47,1473.94,1459.72,1442.86,1435.92,1435.80,1444.85,1460.81,1478.89,1496.30,1509.67,1518.68,1523.71,1522.59,1518.70,1515.33,1512.27,1511.24,1508.34,1500.48,1499.33,1496.57,1487.93,1480.90,1478.94,1473.05,1462.00,1454.08,1450.20,1446.84,1443.28,1438.82,1435.97,1437.86,1439.76,1441.28,1442.56,1443.54,1444.52,1445.58,1446.46,1447.16,1449.22,1454.10,1457.19,1457.28,1456.77,1456.22,1456.02,1456.79,1460.59,1467.73,1479.14,1496.83,1509.07,1518.99,1527.13,1533.18,1537.46,1541.49,1542.45,1539.30,1537.23,1536.54,1538.06,1540.68,1545.64,1551.46,1560.75,1569.22,1584.20,1599.26,1616.12,1625.49,1631.60,1635.13,1639.31,1646.35,1654.88,1665.15,1674.39,1680.30,1684.37,1688.25,1692.33,1699.19,1705.61,1711.83,1719.67,1727.52,1737.10,1746.11,1752.40,1756.80,1760.43,1762.69,1763.69,1763.57,1763.11,1764.05,1769.38,1777.57,1786.05,1793.61,1799.29,1803.52,1805.06,1804.79,1807.89,1814.11,1817.79,1820.16,1824.81,1830.95,1840.11,1850.12,1857.54,1863.82,1869.08,1873.17,1877.37,1882.95,1887.55,1890.85,1892.86,1898.11,1906.09,1914.49,1922.13,1928.74,1933.99,1941.58,1949.45,1961.65,1974.29,1985.29,1995.62,2005.03,2012.13,2014.92,2017.93,2024.10,2030.82,2039.54,2048.68,2057.18,2063.27,2068.01,2073.00,2078.96,2085.23,2090.64,2094.43,2098.35,2104.09,2110.74,2116.43,2121.58,2126.32,2131.33,2136.32,2140.49,2143.16,2145.26,2146.61,2148.04,2149.63,2151.42,2153.66,2156.20,2159.03,2162.19,2166.03,2170.40,2176.29,2181.26,2185.43,2189.60,2194.56,2200.61,2209.57,2220.91,2232.47,2248.73,2265.25,2281.59,2301.36,2321.26,2341.80,2358.14,2376.74,2380.91,2377.54,2373.34,2367.77,2356.53,2344.79,2328.64,2314.84,2301.99,2289.90,2278.52,2265.57,2252.17,2241.38,2231.10,2219.74
1289.32,1292.20,1295.17,1297.86,1301.21,1306.97,1314.76,1326.69,1334.74,1339.81,1347.15,1360.13,1378.26,1398.53,1410.07,1400.52,1390.96,1388.63,1393.59,1391.05,1393.63,1400.25,1396.29,1380.98,1372.62,1374.96,1378.54,1370.20,1358.09,1350.82,1349.99,1359.31,1368.72,1383.09,1394.29,1404.06,1414.35,1424.07,1432.93,1439.39,1439.10,1435.41,1432.23,1438.10,1453.32,1468.42,1475.25,1476.80,1473.93,1469.45,1462.48,1451.31,1436.42,1429.16,1432.64,1444.62,1460.28,1478.91,1494.38,1505.66,1511.19,1513.10,1512.99,1511.88,1509.51,1506.27,1501.55,1495.83,1490.33,1487.63,1487.91,1481.71,1471.38,1465.49,1462.95,1454.08,1447.41,1445.25,1443.15,1439.46,1434.43,1434.39,1436.03,1438.06,1439.70,1440.94,1441.96,1442.83,1443.49,1444.27,1445.91,1448.40,1451.43,1454.68,1454.45,1453.84,1453.41,1453.97,1457.43,1462.45,1472.47,1489.55,1503.62,1512.73,1519.61,1527.13,1534.05,1539.66,1542.21,1540.75,1538.19,1536.53,1537.81,1540.52,1546.27,1550.85,1554.69,1560.45,1569.82,1581.52,1595.31,1610.55,1623.37,1629.84,1634.10,1638.06,1642.76,1648.33,1657.06,1667.82,1674.47,1679.39,1685.91,1693.05,1700.85,1709.06,1717.36,1724.31,1732.61,1741.06,1746.71,1751.39,1755.20,1759.01,1761.46,1761.65,1760.53,1759.64,1760.09,1765.78,1773.29,1779.68,1788.04,1793.93,1796.91,1797.46,1800.26,1807.22,1810.79,1810.89,1815.15,1820.88,1826.78,1834.86,1844.43,1851.65,1858.59,1863.97,1867.20,1871.87,1877.43,1879.93,1881.11,1884.44,1891.13,1901.11,1908.82,1914.29,1917.69,1925.57,1936.01,1944.47,1954.84,1971.28,1982.89,1992.09,1997.75,2003.01,2005.74,2010.18,2016.35,2023.75,2034.03,2044.96,2052.76,2058.45,2062.80,2070.31,2077.02,2083.18,2087.94,2091.60,2095.51,2100.86,2107.74,2113.38,2118.85,2124.07,2129.22,2133.89,2138.29,2141.25,2142.16,2143.27,2144.84,2146.68,2148.80,2151.14,2153.89,2157.19,2160.86,2164.77,2168.62,2173.09,2178.20,2182.82,2187.06,2191.92,2197.68,2206.07,2217.68,2229.73,2245.49,2262.56,2278.70,2296.11,2315.46,2334.72,2350.64,2366.71,2377.71,2376.91,2372.38,2363.66,2352.93,2338.73,2323.89,2310.45,2298.05,2286.70,2275.65,2263.94,2251.99,2242.18,2233.00,2225.11
1286.82,1290.97,1293.80,1296.50,1299.46,1306.34,1319.88,1332.48,1338.91,1349.86,1360.28,1367.42,1383.17,1401.48,1404.55,1389.43,1376.64,1378.64,1380.10,1374.41,1380.71,1393.00,1390.90,1377.01,1364.07,1363.66,1368.48,1362.89,1352.83,1345.73,1348.13,1359.54,1370.17,1384.32,1394.61,1403.60,1413.50,1422.70,1430.18,1432.34,1429.61,1425.18,1429.93,1441.41,1453.52,1467.05,1469.88,1464.34,1459.74,1457.69,1451.60,1440.66,1427.67,1423.76,1429.87,1443.99,1460.52,1475.07,1487.94,1498.08,1501.02,1501.78,1502.68,1503.17,1502.48,1500.52,1496.61,1489.59,1481.23,1478.13,1479.26,1475.30,1464.37,1456.53,1454.36,1448.88,1444.64,1441.44,1439.37,1436.78,1433.03,1432.31,1434.08,1436.31,1437.98,1439.27,1440.24,1440.81,1441.39,1442.69,1445.36,1448.01,1450.52,1452.39,1451.98,1450.97,1450.83,1454.48,1460.11,1467.32,1480.04,1495.23,1505.81,1513.18,1518.62,1525.59,1532.51,1537.21,1538.05,1537.63,1536.72,1537.20,1539.49,1545.52,1552.13,1556.53,1561.82,1568.10,1572.08,1578.70,1589.65,1602.22,1616.84,1626.01,1630.19,1634.60,1638.79,1644.31,1652.63,1667.67,1674.42,1680.50,1688.73,1698.28,1705.64,1714.60,1722.32,1727.90,1733.28,1737.19,1740.99,1747.22,1752.70,1756.09,1758.80,1759.69,1757.20,1756.06,1757.65,1760.98,1767.97,1774.62,1781.93,1788.82,1791.74,1793.10,1797.36,1801.23,1801.94,1804.81,1810.35,1816.14,1822.63,1830.23,1841.33,1849.20,1854.85,1858.90,1862.24,1865.29,1867.65,1870.15,1872.45,1878.55,1887.47,1895.82,1899.01,1903.28,1909.05,1919.06,1931.53,1942.80,1954.04,1967.51,1976.79,1983.57,1987.91,1990.93,1995.75,2001.90,2009.69,2018.34,2027.87,2037.22,2043.99,2049.62,2056.26,2065.00,2072.97,2079.56,2084.08,2087.78,2091.82,2097.10,2102.93,2109.42,2115.24,2120.74,2125.68,2130.22,2134.70,2138.24,2139.13,2140.21,2142.11,2144.36,2146.65,2148.97,2152.05,2155.65,2159.14,2162.68,2166.16,2169.45,2174.12,2179.59,2184.15,2188.56,2194.34,2202.17,2213.57,2226.29,2241.04,2257.41,2273.94,2290.48,2306.69,2324.49,2341.18,2354.80,2368.37,2374.01,2370.26,2358.96,2347.92,2332.22,2319.23,2305.29,2294.00,2282.18,2271.77,2260.78,2250.26,2241.94,2234.20,2227.71
1277.43,1287.57,1292.26,1294.48,1297.65,1307.47,1323.71,1331.60,1341.07,1352.51,1367.92,1379.72,1394.87,1403.39,1397.63,1381.66,1365.45,1363.68,1366.13,1360.86,1371.93,1385.51,1385.37,1372.10,1359.45,1355.30,1356.47,1354.61,1345.35,1339.91,1345.66,1357.18,1367.05,1379.40,1387.75,1394.97,1407.26,1419.34,1423.35,1421.39,1416.80,1420.43,1436.17,1445.59,1454.99,1461.51,1459.57,1452.62,1447.21,1446.01,1439.07,1428.04,1418.17,1419.03,1429.00,1447.79,1463.63,1474.48,1482.91,1485.50,1489.52,1492.30,1490.48,1491.12,1492.71,1493.04,1491.91,1486.73,1475.44,1469.85,1469.23,1465.85,1457.45,1451.15,1449.14,1446.34,1442.41,1438.22,1435.88,1434.37,1431.56,1430.34,1432.40,1434.62,1436.22,1437.50,1438.12,1438.51,1439.53,1441.34,1444.30,1447.12,1448.69,1449.48,1449.45,1447.86,1450.20,1456.89,1463.71,1471.29,1486.20,1496.39,1505.89,1513.38,1518.66,1525.01,1530.90,1533.59,1533.74,1534.46,1536.89,1538.99,1543.11,1548.46,1553.54,1559.39,1568.19,1576.91,1578.11,1578.08,1584.99,1595.47,1608.25,1620.93,1631.12,1637.62,1643.66,1649.66,1658.26,1667.31,1672.69,1678.46,1689.28,1697.57,1704.74,1710.40,1716.86,1721.50,1724.28,1727.72,1729.18,1735.83,1745.63,1751.20,1753.65,1754.11,1752.86,1753.61,1756.07,1758.70,1764.18,1771.40,1778.42,1784.09,1786.78,1788.96,1793.29,1795.58,1797.18,1800.25,1805.12,1810.71,1818.67,1827.71,1840.33,1846.27,1849.19,1851.14,1854.11,1857.12,1859.21,1862.89,1868.29,1877.67,1885.84,1890.99,1892.29,1895.04,1903.59,1915.17,1930.48,1942.95,1952.29,1962.25,1967.57,1971.22,1974.98,1980.28,1986.84,1993.30,2001.34,2012.76,2021.80,2030.04,2035.98,2041.05,2049.66,2059.45,2069.31,2075.84,2081.19,2085.60,2090.06,2094.99,2100.20,2106.24,2111.82,2116.86,2121.69,2126.73,2131.59,2134.89,2136.64,2138.15,2139.95,2142.38,2144.82,2147.43,2150.39,2153.75,2157.05,2160.26,2163.53,2166.44,2169.43,2174.45,2180.64,2185.10,2190.35,2197.80,2209.25,2221.91,2235.61,2250.45,2267.02,2284.20,2298.63,2314.95,2330.70,2344.05,2358.30,2368.38,2364.14,2352.55,2339.82,2325.87,2313.90,2299.57,2288.43,2276.36,2266.41,2255.72,2247.24,2240.66,2235.08,2229.68
1269.88,1278.57,1288.94,1291.96,1297.08,1309.74,1322.97,1332.77,1344.20,1354.61,1368.59,1384.91,1399.15,1396.55,1385.79,1375.99,1360.72,1349.45,1351.19,1349.68,1362.15,1374.56,1378.65,1369.96,1358.42,1349.37,1345.07,1340.42,1335.33,1335.79,1343.08,1352.17,1359.11,1369.85,1381.97,1391.87,1405.62,1413.49,1410.56,1407.51,1410.73,1427.66,1440.70,1447.80,1454.19,1453.50,1447.24,1440.86,1436.39,1433.79,1427.83,1416.87,1412.24,1420.36,1436.29,1454.59,1465.29,1471.97,1472.16,1472.29,1480.78,1481.47,1476.53,1478.39,1482.37,1484.87,1485.66,1482.46,1472.77,1464.41,1460.14,1456.30,1451.49,1447.52,1445.63,1443.51,1440.63,1435.28,1432.32,1431.08,1429.34,1429.22,1431.18,1432.79,1434.40,1435.29,1435.65,1436.12,1437.73,1440.37,1443.40,1446.00,1446.48,1446.53,1445.37,1446.46,1452.88,1459.48,1465.54,1472.02,1486.82,1495.69,1503.25,1511.35,1517.01,1522.70,1527.19,1529.50,1530.23,1534.17,1538.28,1542.60,1548.44,1552.13,1555.20,1559.66,1568.20,1577.79,1582.55,1582.39,1584.93,1593.32,1606.03,1621.35,1635.99,1643.96,1650.71,1654.63,1660.02,1664.01,1667.92,1674.33,1682.45,1689.27,1696.98,1700.83,1707.14,1713.72,1715.74,1718.08,1721.44,1730.15,1735.19,1740.51,1746.12,1748.15,1749.44,1752.36,1755.69,1759.12,1764.73,1771.00,1776.85,1780.39,1781.22,1783.28,1787.95,1791.47,1794.32,1797.16,1801.16,1808.87,1817.83,1827.38,1836.41,1839.42,1842.05,1846.31,1848.22,1850.41,1854.61,1858.98,1865.95,1875.63,1881.24,1883.55,1885.25,1890.65,1902.42,1915.43,1929.42,1939.79,1946.15,1952.01,1957.57,1961.55,1966.79,1973.27,1980.24,1987.30,1995.53,2006.28,2014.99,2021.79,2029.26,2035.77,2045.22,2056.21,2067.98,2075.88,2081.53,2085.62,2089.60,2093.81,2098.30,2103.25,2108.34,2113.70,2119.09,2124.78,2129.97,2132.72,2134.12,2135.76,2137.99,2140.68,2143.30,2146.16,2148.90,2151.70,2154.88,2157.97,2160.83,2163.61,2166.39,2169.37,2174.69,2181.07,2186.20,2192.96,2203.92,2217.17,2229.64,2243.36,2258.49,2276.06,2291.49,2306.29,2321.84,2334.48,2348.05,2357.85,2351.72,2341.18,2330.62,2319.63,2307.73,2293.93,2280.86,2270.41,2261.62,2251.58,2244.65,2239.12,2234.83,2230.40
1268.42,1274.11,1284.02,1291.13,1297.94,1307.32,1317.69,1330.96,1340.75,1352.55,1365.83,1383.79,1391.79,1381.99,1372.73,1370.01,1360.19,1340.80,1336.51,1341.54,1349.93,1363.52,1371.68,1365.47,1354.88,1340.17,1333.67,1330.08,1328.97,1334.07,1347.53,1356.05,1362.53,1370.40,1381.56,1392.33,1402.81,1399.97,1397.39,1405.20,1418.45,1432.45,1442.39,1448.22,1451.79,1446.00,1435.79,1429.41,1427.14,1424.99,1418.06,1408.07,1412.96,1425.89,1445.76,1460.06,1463.32,1462.32,1458.38,1461.96,1471.75,1467.83,1464.18,1469.85,1475.67,1478.47,1479.78,1478.46,1471.80,1463.86,1456.86,1450.51,1446.94,1444.54,1442.31,1440.03,1436.74,1431.27,1428.41,1427.02,1426.96,1428.07,1429.48,1431.12,1432.58,1432.56,1433.08,1434.89,1438.01,1440.70,1443.25,1444.08,1443.99,1443.06,1441.48,1445.48,1453.56,1459.75,1465.34,1470.28,1483.32,1493.79,1499.41,1507.01,1513.47,1517.88,1521.50,1524.40,1528.63,1534.02,1539.19,1544.32,1549.42,1553.32,1556.85,1560.93,1567.32,1574.72,1581.99,1586.94,1590.94,1594.69,1606.36,1619.91,1633.33,1640.78,1645.56,1648.21,1653.30,1658.08,1663.83,1668.87,1673.18,1677.88,1686.11,1694.03,1697.56,1703.38,1706.70,1707.66,1712.53,1721.12,1729.10,1737.91,1742.77,1745.58,1748.10,1750.86,1755.59,1760.77,1768.06,1772.20,1772.25,1772.82,1773.94,1776.49,1780.86,1786.85,1791.55,1795.67,1800.96,1808.73,1817.22,1825.19,1830.52,1834.38,1839.53,1843.75,1845.07,1848.36,1854.03,1859.68,1866.48,1873.23,1874.88,1875.70,1880.70,1889.24,1900.89,1912.90,1922.97,1930.41,1937.16,1942.56,1947.64,1953.28,1960.20,1967.13,1974.76,1982.07,1989.77,1998.26,2006.92,2014.18,2022.59,2032.95,2045.07,2056.54,2066.34,2074.03,2079.98,2083.45,2086.50,2091.29,2096.35,2101.31,2106.92,2113.09,2118.81,2124.21,2128.41,2130.30,2131.49,2133.40,2136.07,2139.30,2142.30,2145.06,2147.50,2149.95,2152.97,2155.79,2158.26,2160.88,2163.64,2166.21,2169.13,2174.70,2181.42,2188.02,2197.60,2211.61,2224.64,2236.81,2251.16,2268.01,2283.50,2298.27,2312.85,2325.10,2337.62,2343.79,2337.07,2329.48,2321.46,2311.97,2300.21,2287.40,2275.68,2266.62,2257.74,2248.60,2241.58,2237.23,2233.82,2230.16
1269.55,1274.31,1282.55,1290.66,1297.02,1306.97,1316.13,1327.81,1340.26,1353.20,1366.94,1379.39,1380.12,1374.05,1362.25,1354.61,1352.53,1338.16,1325.93,1332.41,1341.24,1353.06,1363.95,1356.94,1345.17,1330.22,1325.84,1325.48,1327.00,1334.88,1347.77,1359.35,1371.77,1381.52,1388.01,1394.42,1392.09,1389.07,1401.94,1413.90,1424.06,1433.58,1442.10,1446.63,1446.89,1438.26,1426.36,1420.71,1420.00,1417.28,1407.73,1402.50,1414.99,1430.76,1448.02,1456.79,1450.53,1442.82,1440.06,1451.68,1458.23,1451.85,1456.33,1465.81,1471.14,1473.68,1474.84,1474.29,1471.44,1465.29,1458.15,1450.32,1445.13,1441.34,1439.06,1436.56,1433.04,1428.76,1425.27,1424.74,1425.54,1426.52,1427.97,1429.43,1430.21,1429.86,1431.37,1434.39,1437.56,1440.91,1441.87,1441.54,1441.39,1440.03,1439.98,1445.44,1452.18,1458.09,1463.25,1468.50,1476.41,1489.54,1494.69,1498.54,1504.43,1509.72,1515.61,1522.48,1528.28,1533.78,1538.86,1543.19,1547.63,1552.50,1557.85,1562.58,1568.05,1574.76,1582.10,1588.36,1596.35,1601.09,1607.92,1616.80,1625.50,1631.38,1636.59,1641.49,1646.88,1650.53,1653.79,1658.16,1663.13,1668.29,1676.15,1684.87,1690.02,1695.12,1698.70,1700.74,1705.73,1713.64,1724.53,1736.38,1742.11,1744.49,1746.20,1749.71,1754.55,1759.64,1765.26,1765.77,1762.94,1761.91,1764.01,1769.78,1777.30,1784.21,1789.97,1794.85,1799.72,1805.83,1812.85,1820.06,1826.11,1833.41,1839.90,1841.16,1842.72,1848.33,1855.59,1861.50,1865.29,1868.41,1868.11,1869.43,1877.45,1886.62,1895.92,1904.62,1912.58,1919.52,1925.97,1934.70,1941.79,1946.27,1952.37,1960.30,1969.35,1977.17,1984.63,1992.12,2001.46,2011.65,2021.25,2032.39,2044.58,2053.67,2059.37,2064.37,2068.49,2071.79,2078.45,2087.28,2093.82,2099.30,2106.73,2113.08,2118.23,2122.18,2125.06,2127.14,2128.78,2131.36,2134.90,2138.66,2141.44,2143.65,2146.05,2148.44,2150.94,2153.41,2155.78,2158.26,2160.84,2163.30,2165.78,2169.18,2175.94,2183.31,2191.79,2204.35,2219.51,2231.05,2245.26,2260.95,2275.66,2289.52,2303.42,2314.51,2323.25,2325.94,2323.05,2318.33,2311.98,2303.40,2293.37,2280.78,2271.71,2262.94,2254.17,2245.17,2238.11,2234.22,2231.41,2229.16
1271.04,1275.15,1280.04,1288.76,1298.97,1312.78,1320.85,1333.89,1345.93,1356.46,1366.99,1372.74,1369.92,1368.21,1357.46,1343.27,1337.88,1331.98,1317.97,1322.88,1333.82,1346.39,1353.83,1344.21,1330.66,1322.74,1320.37,1323.05,1326.53,1334.39,1346.33,1360.24,1375.64,1386.76,1392.62,1387.95,1380.76,1390.17,1406.52,1416.96,1424.44,1431.78,1439.40,1442.62,1442.40,1432.70,1420.84,1414.71,1413.92,1410.13,1399.29,1399.57,1416.84,1431.10,1443.25,1445.06,1434.16,1428.41,1427.95,1437.89,1441.14,1440.63,1454.32,1462.16,1465.86,1468.00,1469.54,1469.77,1467.88,1463.32,1456.76,1449.13,1443.84,1439.50,1436.67,1433.78,1430.72,1426.99,1423.20,1423.20,1423.98,1424.90,1426.35,1427.31,1427.69,1427.67,1429.88,1431.66,1431.52,1436.93,1437.14,1435.16,1436.60,1438.88,1442.20,1446.04,1450.29,1455.08,1459.39,1464.41,1470.16,1480.07,1487.98,1492.54,1497.53,1503.18,1510.55,1521.13,1528.83,1535.72,1541.06,1544.92,1549.03,1553.91,1559.33,1564.36,1569.34,1576.94,1583.63,1589.66,1596.06,1600.59,1605.90,1612.41,1617.46,1620.94,1627.79,1634.33,1638.25,1639.96,1640.29,1643.08,1649.88,1657.61,1664.64,1672.55,1680.45,1689.97,1691.84,1695.09,1702.02,1710.12,1720.66,1731.05,1740.54,1742.26,1743.05,1747.53,1751.49,1753.45,1755.53,1755.03,1752.17,1749.30,1751.31,1758.95,1770.64,1781.56,1787.45,1790.81,1792.54,1796.46,1804.66,1814.45,1824.18,1832.20,1836.56,1837.15,1841.27,1847.13,1853.87,1858.75,1859.87,1862.05,1861.41,1864.11,1871.87,1881.52,1887.81,1894.75,1902.68,1911.32,1917.53,1925.18,1932.52,1939.55,1946.21,1953.84,1963.42,1972.43,1981.44,1991.23,2001.95,2011.47,2021.38,2031.48,2039.49,2042.15,2043.17,2044.39,2046.23,2052.95,2067.17,2079.35,2088.43,2096.23,2105.34,2111.84,2115.68,2118.65,2121.57,2123.95,2126.80,2130.38,2134.01,2137.07,2139.72,2142.09,2144.49,2146.86,2148.91,2150.93,2153.22,2155.49,2157.63,2159.76,2161.99,2165.44,2170.92,2178.73,2187.26,2197.14,2212.64,2224.93,2238.15,2253.48,2267.24,2280.97,2292.98,2303.42,2310.89,2312.60,2310.47,2306.23,2300.34,2294.40,2283.93,2274.22,2266.38,2257.59,2249.38,2239.64,2233.72,2230.47,2228.51,2227.53
1270.12,1273.07,1278.48,1290.21,1305.43,1316.48,1327.98,1340.68,1351.19,1360.10,1366.33,1362.10,1355.66,1361.87,1358.95,1343.38,1325.97,1323.46,1312.31,1314.43,1329.41,1341.06,1343.64,1335.01,1321.71,1316.03,1316.87,1322.04,1327.97,1336.03,1346.45,1357.61,1373.80,1387.76,1390.24,1379.23,1376.60,1391.25,1406.24,1416.29,1422.67,1426.82,1431.83,1435.94,1434.39,1425.65,1415.39,1409.37,1407.86,1401.33,1393.09,1398.14,1416.07,1427.71,1432.83,1428.11,1419.11,1415.48,1419.52,1428.55,1430.02,1438.79,1451.08,1457.17,1459.46,1460.03,1461.77,1462.67,1461.41,1458.26,1452.89,1447.60,1443.31,1439.89,1436.86,1433.88,1430.92,1427.37,1422.61,1421.68,1422.41,1423.29,1424.49,1424.81,1425.20,1425.22,1426.85,1427.68,1427.86,1429.73,1430.08,1432.90,1438.20,1441.55,1443.91,1446.26,1449.34,1452.88,1456.69,1461.23,1467.87,1478.70,1487.78,1493.90,1499.54,1504.23,1509.27,1519.31,1530.68,1536.53,1540.98,1544.85,1549.17,1553.86,1558.97,1563.55,1567.28,1571.19,1576.92,1578.43,1585.13,1587.56,1592.79,1600.44,1607.38,1612.83,1617.71,1618.56,1620.67,1626.19,1627.73,1631.54,1640.72,1650.40,1658.45,1666.15,1673.99,1681.69,1685.95,1691.08,1700.17,1708.49,1716.14,1724.17,1731.80,1735.06,1735.00,1734.99,1737.12,1739.42,1741.74,1740.82,1736.78,1735.74,1741.21,1752.35,1765.02,1776.33,1780.66,1781.18,1780.68,1782.51,1793.61,1808.25,1819.56,1827.64,1831.26,1832.84,1836.84,1841.57,1845.66,1848.73,1850.80,1852.46,1854.27,1859.98,1867.72,1874.84,1880.39,1885.99,1893.59,1903.18,1912.45,1919.51,1925.55,1933.67,1942.43,1948.88,1957.64,1967.01,1976.96,1990.07,2001.33,2010.18,2019.88,2026.58,2026.17,2022.66,2022.66,2025.38,2030.73,2040.07,2051.25,2065.92,2078.99,2089.55,2101.06,2108.05,2111.88,2114.81,2118.54,2122.27,2126.03,2129.80,2132.85,2135.70,2138.51,2140.64,2143.00,2145.11,2146.88,2148.53,2150.29,2152.04,2153.78,2155.44,2157.84,2161.80,2166.85,2173.39,2182.57,2191.90,2203.85,2218.55,2229.15,2244.13,2258.24,2271.03,2282.45,2292.36,2297.33,2297.97,2296.37,2292.75,2287.61,2280.40,2271.93,2265.43,2257.80,2249.64,2241.30,2233.60,2229.12,2227.10,2225.77,2225.32
1264.97,1267.52,1275.76,1290.14,1305.67,1313.03,1322.87,1331.77,1342.29,1353.47,1356.57,1348.06,1344.18,1357.20,1360.61,1346.31,1323.40,1311.88,1305.66,1310.43,1323.53,1333.06,1333.39,1324.64,1313.40,1309.03,1310.74,1314.23,1326.16,1337.25,1345.26,1354.96,1371.28,1387.18,1384.01,1370.78,1373.78,1386.71,1401.22,1411.81,1416.58,1418.80,1421.38,1425.03,1427.03,1420.27,1409.69,1405.47,1402.20,1394.22,1387.08,1395.90,1413.18,1422.14,1420.96,1413.68,1406.86,1405.14,1415.76,1423.18,1428.48,1437.79,1445.65,1452.11,1453.89,1452.66,1452.92,1454.32,1454.39,1452.56,1448.88,1446.12,1443.43,1440.19,1437.32,1434.47,1431.82,1427.08,1420.77,1420.33,1420.83,1421.58,1422.12,1422.25,1422.72,1423.36,1425.06,1427.49,1430.43,1432.01,1432.38,1433.31,1436.75,1439.65,1441.38,1444.59,1449.05,1452.79,1456.56,1461.12,1470.10,1482.70,1491.35,1497.70,1501.72,1505.01,1508.75,1517.42,1528.12,1533.60,1538.45,1543.53,1549.24,1554.16,1557.68,1559.85,1561.66,1563.77,1567.17,1569.50,1575.18,1579.64,1583.94,1588.65,1598.42,1601.45,1602.69,1604.22,1607.27,1613.24,1619.46,1627.46,1636.72,1647.31,1654.26,1660.37,1666.30,1672.01,1682.09,1687.97,1697.68,1705.59,1710.43,1717.09,1722.75,1723.86,1721.63,1716.37,1715.38,1719.64,1722.69,1721.94,1723.60,1730.55,1737.67,1748.37,1760.19,1770.25,1774.97,1777.67,1776.81,1778.26,1786.95,1801.42,1812.19,1819.11,1821.64,1822.92,1824.26,1827.31,1831.04,1834.17,1838.64,1841.33,1848.35,1856.31,1863.04,1868.76,1874.48,1881.19,1890.60,1900.79,1911.26,1918.89,1924.58,1932.17,1938.96,1944.25,1951.44,1962.02,1974.16,1986.85,1996.43,2004.78,2010.05,2006.08,1998.58,1997.64,2002.26,2009.99,2020.73,2031.32,2042.07,2054.73,2068.88,2081.71,2093.33,2101.93,2107.53,2112.38,2117.47,2122.01,2125.82,2129.41,2132.39,2135.26,2137.97,2139.57,2141.33,2143.12,2144.56,2146.36,2147.97,2148.68,2149.66,2150.93,2153.08,2157.66,2162.84,2167.84,2175.37,2185.86,2196.15,2210.07,2221.95,2233.54,2248.94,2260.62,2271.50,2279.76,2284.17,2283.95,2281.20,2277.08,2271.28,2265.93,2261.22,2255.50,2248.86,2241.63,2233.91,2228.46,2225.59,2223.80,2222.88,2222.85
1258.93,1259.93,1269.09,1283.98,1298.93,1305.25,1311.11,1320.37,1332.01,1342.27,1341.12,1332.76,1344.38,1356.66,1359.65,1345.36,1325.32,1310.29,1300.08,1305.10,1313.67,1319.85,1320.22,1313.85,1306.48,1304.14,1305.97,1310.64,1321.30,1333.44,1344.84,1357.29,1373.18,1385.77,1377.10,1364.90,1370.09,1380.19,1392.10,1403.16,1408.65,1410.38,1412.89,1417.94,1423.67,1417.78,1407.52,1402.13,1396.80,1386.61,1380.59,1392.75,1406.89,1412.42,1408.65,1401.39,1395.11,1399.72,1411.16,1416.63,1424.24,1431.99,1437.84,1446.10,1448.37,1445.84,1446.17,1447.22,1446.65,1444.66,1442.60,1441.49,1441.01,1438.78,1435.59,1432.95,1430.99,1424.32,1418.38,1418.49,1418.86,1419.53,1419.88,1420.62,1422.97,1425.89,1428.48,1432.89,1437.20,1441.17,1442.15,1441.22,1440.56,1442.22,1443.93,1445.27,1450.07,1453.26,1456.59,1460.85,1472.10,1484.36,1492.51,1498.88,1503.65,1507.07,1511.20,1519.23,1526.14,1532.22,1537.74,1544.11,1550.28,1552.72,1552.44,1552.77,1552.84,1553.65,1556.77,1561.31,1564.69,1569.47,1577.39,1585.35,1591.55,1593.18,1593.04,1593.75,1602.41,1608.30,1612.95,1620.32,1628.88,1635.26,1640.49,1645.32,1654.25,1663.57,1679.06,1686.51,1695.56,1701.81,1705.51,1710.54,1715.40,1715.74,1712.09,1705.39,1701.17,1703.34,1705.24,1707.86,1720.02,1733.39,1744.34,1755.50,1763.36,1767.87,1771.74,1775.43,1774.15,1776.89,1783.79,1794.78,1802.59,1807.81,1809.03,1808.72,1810.43,1813.66,1817.65,1821.44,1825.72,1831.78,1841.05,1850.21,1857.78,1865.11,1873.30,1883.59,1895.70,1905.66,1915.90,1921.48,1925.16,1931.26,1935.74,1939.08,1945.61,1956.46,1969.92,1981.54,1988.82,1995.35,1992.44,1982.86,1981.29,1988.56,1997.64,2010.70,2025.66,2037.18,2047.75,2058.82,2070.53,2081.64,2093.41,2102.88,2108.41,2113.84,2119.15,2123.22,2127.01,2130.28,2132.53,2135.02,2137.33,2138.49,2139.49,2140.71,2142.28,2144.24,2145.33,2145.13,2145.69,2146.76,2148.62,2152.77,2158.02,2163.17,2168.70,2176.82,2189.32,2199.84,2214.25,2224.97,2237.56,2249.82,2258.88,2265.52,2268.26,2268.40,2265.62,2261.35,2257.65,2253.67,2249.26,2245.16,2239.85,2232.76,2227.24,2224.01,2221.67,2220.11,2219.74,2220.51
1254.15,1255.14,1260.51,1272.03,1280.66,1293.67,1303.77,1308.79,1318.13,1327.40,1325.12,1326.50,1342.34,1350.82,1355.56,1344.18,1325.06,1310.18,1298.43,1296.39,1302.01,1307.71,1308.35,1301.86,1300.96,1299.88,1302.92,1310.84,1323.63,1334.20,1346.31,1358.89,1375.93,1384.90,1374.58,1360.56,1364.64,1372.88,1383.44,1392.13,1397.58,1398.92,1404.45,1413.55,1420.79,1418.24,1407.79,1399.08,1392.02,1379.66,1376.36,1387.35,1400.27,1401.44,1396.15,1388.77,1387.69,1399.62,1406.25,1409.64,1418.73,1425.37,1432.93,1442.35,1442.67,1438.99,1440.49,1441.75,1439.90,1436.76,1435.08,1434.47,1434.81,1434.21,1432.36,1430.20,1426.22,1418.80,1416.72,1418.19,1419.11,1420.45,1423.84,1427.52,1432.05,1435.28,1437.16,1440.39,1446.55,1451.85,1451.15,1450.40,1455.36,1459.28,1458.67,1449.45,1451.41,1454.73,1457.59,1462.59,1474.48,1486.31,1493.65,1499.26,1504.22,1509.10,1516.47,1522.52,1527.01,1532.20,1538.76,1544.17,1548.03,1547.63,1545.55,1544.05,1543.16,1543.04,1546.00,1550.90,1555.63,1560.90,1566.41,1572.78,1579.80,1583.68,1584.06,1585.95,1594.74,1601.57,1604.91,1609.62,1617.09,1620.42,1624.92,1633.88,1645.67,1659.87,1675.87,1683.81,1692.21,1696.87,1701.46,1705.44,1707.72,1706.14,1699.60,1690.05,1684.56,1684.88,1689.85,1701.10,1718.17,1733.99,1748.80,1760.82,1768.34,1771.25,1772.66,1772.38,1770.66,1774.52,1781.18,1787.41,1790.95,1792.31,1793.33,1795.71,1799.41,1803.04,1806.36,1810.27,1818.22,1826.12,1835.62,1848.79,1857.82,1867.75,1879.08,1892.96,1905.03,1914.29,1921.19,1923.74,1925.80,1929.15,1931.93,1934.08,1941.13,1952.30,1964.15,1974.09,1981.20,1981.95,1971.70,1965.98,1975.22,1990.42,2002.68,2020.19,2034.98,2046.44,2057.20,2069.43,2078.11,2088.03,2099.30,2105.18,2110.21,2115.58,2120.65,2124.43,2127.95,2130.93,2133.23,2135.08,2135.65,2136.14,2136.89,2138.12,2140.34,2142.31,2142.44,2141.50,2141.76,2142.92,2145.18,2148.05,2151.88,2157.51,2163.12,2170.45,2179.69,2192.20,2203.02,2216.36,2226.86,2236.86,2244.15,2248.84,2251.96,2251.90,2249.91,2246.80,2244.65,2242.73,2239.11,2233.99,2228.73,2224.69,2220.83,2218.26,2216.39,2215.86,2215.97,2218.12
1249.92,1250.86,1254.55,1260.70,1268.01,1279.77,1293.34,1297.37,1304.66,1311.90,1310.17,1319.75,1334.94,1346.31,1352.32,1345.99,1326.00,1308.32,1296.34,1289.57,1291.96,1297.79,1297.71,1294.77,1295.24,1296.61,1300.10,1312.19,1324.13,1339.95,1353.78,1364.78,1375.85,1383.52,1374.38,1356.86,1358.89,1365.40,1372.40,1378.89,1382.97,1388.12,1399.97,1411.88,1418.77,1418.89,1409.35,1397.40,1387.15,1374.81,1371.64,1380.33,1393.11,1394.02,1388.48,1380.87,1386.96,1397.77,1400.77,1405.69,1414.71,1422.77,1429.91,1437.61,1437.22,1432.30,1431.16,1433.75,1433.25,1430.44,1425.69,1422.72,1423.96,1425.45,1425.06,1422.36,1416.97,1415.39,1417.76,1419.26,1422.09,1429.96,1439.03,1445.90,1451.11,1453.65,1455.67,1456.15,1458.16,1462.13,1462.26,1460.36,1464.10,1467.33,1466.36,1457.06,1453.34,1456.91,1460.20,1467.25,1478.90,1486.91,1493.67,1500.43,1505.03,1509.97,1517.25,1522.36,1525.74,1531.85,1538.40,1541.61,1542.27,1540.79,1538.17,1536.29,1535.56,1535.61,1537.18,1540.56,1543.47,1547.06,1552.87,1560.25,1564.72,1567.79,1570.95,1578.04,1585.61,1591.18,1594.84,1599.81,1606.36,1612.41,1618.55,1631.78,1646.84,1662.26,1674.49,1682.38,1687.89,1691.21,1694.99,1698.06,1697.47,1691.47,1681.89,1673.64,1671.59,1675.23,1682.56,1695.51,1714.35,1729.13,1744.29,1756.91,1765.95,1768.89,1767.97,1764.91,1763.03,1768.07,1774.63,1777.96,1779.38,1781.00,1784.37,1788.04,1791.55,1795.75,1800.50,1807.70,1816.28,1824.94,1836.75,1850.16,1861.37,1873.05,1886.19,1900.46,1913.43,1924.43,1927.18,1926.61,1926.14,1926.29,1927.31,1929.02,1937.36,1948.60,1957.33,1963.39,1964.70,1957.59,1954.94,1964.86,1982.30,1995.91,2012.60,2028.82,2043.14,2054.18,2065.88,2078.12,2085.79,2093.69,2101.02,2105.63,2110.42,2115.77,2120.86,2125.25,2129.04,2131.39,2132.99,2133.36,2133.44,2133.47,2134.14,2135.54,2137.98,2139.87,2139.44,2137.55,2137.76,2139.16,2141.45,2143.88,2147.05,2151.65,2157.41,2164.45,2172.34,2181.88,2192.67,2204.53,2216.67,2225.07,2229.03,2231.30,2234.42,2236.68,2235.52,2231.53,2229.83,2228.36,2225.81,2223.47,2219.75,2215.17,2210.85,2209.52,2209.60,2210.61,2211.97,2213.98
1246.60,1247.22,1249.34,1252.90,1258.61,1270.10,1278.90,1287.04,1294.46,1298.21,1302.27,1317.22,1334.20,1343.55,1346.47,1343.94,1328.25,1307.68,1294.04,1286.13,1288.11,1290.61,1289.93,1289.07,1291.32,1294.55,1299.18,1311.81,1323.58,1337.97,1357.00,1368.94,1377.80,1382.75,1373.45,1354.08,1351.31,1357.81,1362.00,1367.03,1374.78,1386.51,1398.53,1407.61,1411.33,1412.10,1410.32,1399.54,1385.56,1371.78,1366.02,1373.17,1385.23,1387.46,1382.23,1377.10,1386.00,1391.02,1393.87,1404.15,1414.18,1421.45,1425.92,1429.44,1429.96,1427.55,1424.59,1425.41,1424.95,1420.46,1412.42,1407.05,1406.74,1409.59,1410.94,1410.76,1415.19,1421.41,1426.79,1431.47,1435.44,1440.26,1447.22,1456.34,1460.92,1463.47,1465.88,1466.38,1466.89,1468.84,1468.60,1465.96,1467.45,1470.98,1469.40,1463.12,1456.81,1460.56,1464.01,1470.19,1481.58,1486.80,1492.28,1499.05,1503.47,1508.37,1515.28,1519.25,1522.03,1531.10,1536.90,1537.84,1537.19,1535.40,1534.48,1534.19,1534.09,1534.01,1533.95,1534.26,1535.06,1536.49,1539.40,1544.12,1551.42,1556.35,1559.82,1565.90,1572.34,1576.76,1581.36,1589.10,1595.94,1606.55,1621.86,1632.99,1649.58,1663.52,1669.90,1676.17,1679.79,1682.05,1684.63,1685.56,1683.86,1677.90,1667.75,1666.02,1666.87,1671.96,1677.35,1689.54,1708.55,1722.30,1736.67,1750.55,1759.63,1760.46,1758.03,1755.84,1756.76,1760.99,1765.87,1768.73,1772.44,1777.09,1781.49,1785.32,1788.68,1793.95,1801.78,1810.14,1819.04,1829.22,1840.47,1853.03,1864.48,1878.36,1891.72,1905.53,1919.32,1931.33,1933.66,1928.76,1925.98,1922.86,1922.62,1925.65,1932.63,1941.50,1946.97,1948.32,1944.43,1942.40,1952.97,1971.08,1986.99,2002.87,2020.90,2036.64,2050.90,2060.93,2072.34,2083.99,2091.13,2096.14,2101.54,2105.79,2110.12,2115.78,2120.74,2124.75,2128.74,2130.20,2131.11,2131.29,2131.30,2130.99,2131.18,2132.49,2134.34,2135.06,2134.05,2133.07,2133.81,2135.05,2137.13,2139.72,2142.74,2146.72,2151.63,2158.01,2165.25,2173.04,2181.48,2191.64,2202.68,2210.81,2214.22,2215.86,2217.95,2220.15,2218.74,2216.49,2215.35,2214.17,2212.44,2208.58,2203.57,2199.46,2198.15,2198.89,2200.28,2202.26,2205.68,2208.68
1242.93,1243.69,1245.25,1246.93,1250.49,1255.01,1260.81,1268.95,1284.35,1294.64,1306.24,1326.57,1334.83,1335.03,1334.40,1334.32,1324.23,1306.22,1292.26,1282.55,1279.90,1280.04,1280.99,1283.98,1288.52,1295.03,1302.36,1312.92,1326.00,1337.70,1355.98,1370.92,1379.74,1381.74,1369.10,1351.13,1346.35,1351.20,1355.39,1363.51,1373.10,1384.16,1393.28,1398.05,1400.96,1402.16,1405.59,1403.29,1389.87,1372.42,1360.86,1365.96,1377.42,1380.44,1374.45,1375.08,1382.11,1382.04,1389.85,1402.53,1408.73,1413.80,1420.04,1425.39,1429.46,1425.12,1417.24,1415.72,1413.81,1406.18,1398.67,1399.43,1406.27,1411.87,1414.54,1418.66,1429.40,1442.08,1447.05,1448.47,1448.79,1448.00,1450.22,1459.29,1464.61,1468.84,1470.65,1470.96,1471.21,1471.81,1471.73,1469.78,1471.53,1473.61,1470.93,1465.95,1461.59,1465.92,1467.28,1469.66,1478.35,1483.34,1487.05,1490.49,1497.38,1505.11,1512.03,1515.15,1518.38,1527.47,1534.07,1534.95,1534.45,1533.98,1533.62,1533.37,1533.32,1533.23,1533.15,1533.63,1534.09,1534.46,1534.94,1536.33,1540.82,1548.66,1552.68,1555.26,1559.41,1565.34,1573.31,1584.12,1592.98,1604.41,1622.31,1633.61,1651.96,1662.11,1663.99,1664.74,1666.35,1669.03,1673.46,1674.75,1672.69,1665.47,1660.27,1661.75,1663.51,1667.96,1674.24,1684.50,1701.24,1715.84,1732.11,1745.97,1751.94,1751.75,1749.31,1749.07,1753.05,1757.97,1765.12,1772.44,1777.66,1783.18,1787.53,1790.49,1794.42,1799.71,1807.23,1815.28,1824.05,1834.21,1846.48,1857.30,1869.03,1883.53,1896.39,1909.82,1922.56,1932.53,1935.49,1930.40,1925.43,1920.10,1917.91,1921.10,1925.74,1933.03,1937.70,1934.76,1931.55,1940.99,1956.10,1975.73,1991.87,2008.18,2024.95,2043.07,2056.71,2067.30,2079.20,2089.09,2095.07,2099.38,2103.57,2108.09,2111.83,2116.81,2120.83,2123.56,2126.17,2127.06,2127.81,2128.12,2127.99,2127.26,2126.84,2128.46,2129.85,2129.56,2128.34,2128.59,2129.86,2130.66,2133.01,2136.11,2138.81,2142.55,2146.86,2152.28,2158.68,2165.45,2173.01,2179.68,2188.21,2195.75,2199.57,2201.36,2203.49,2203.80,2201.98,2200.07,2198.89,2198.24,2196.24,2192.60,2189.37,2188.18,2188.44,2190.53,2192.53,2193.84,2196.72,2199.68
1239.35,1240.01,1240.73,1241.95,1243.82,1245.35,1248.20,1259.08,1278.26,1294.14,1309.48,1327.13,1330.14,1323.83,1319.65,1320.10,1312.83,1300.33,1285.31,1276.21,1274.05,1275.04,1277.29,1281.29,1287.73,1299.40,1308.04,1321.33,1333.46,1344.34,1361.01,1373.72,1380.22,1379.44,1362.30,1346.91,1342.03,1346.06,1350.98,1360.02,1368.86,1377.50,1384.15,1386.82,1389.44,1393.50,1399.85,1403.98,1397.44,1376.74,1359.63,1357.75,1368.22,1369.32,1364.18,1372.29,1375.10,1376.72,1386.51,1395.15,1399.49,1405.53,1415.41,1426.14,1429.53,1420.42,1406.51,1402.25,1398.45,1394.89,1399.06,1410.43,1423.48,1430.63,1434.14,1437.03,1445.41,1450.71,1451.42,1452.29,1453.31,1453.85,1455.07,1460.25,1466.75,1470.79,1472.26,1472.91,1473.30,1473.80,1473.83,1473.05,1475.24,1476.44,1471.59,1468.13,1466.51,1468.18,1471.65,1477.89,1482.86,1488.93,1494.01,1496.02,1498.65,1502.11,1508.08,1512.86,1516.97,1522.00,1529.16,1532.88,1533.38,1533.09,1532.73,1532.51,1532.52,1532.67,1533.18,1533.76,1534.28,1534.62,1534.84,1535.41,1537.66,1541.05,1546.19,1550.16,1555.78,1564.40,1573.67,1584.40,1592.56,1603.76,1621.83,1635.60,1650.41,1655.86,1656.68,1656.37,1659.91,1664.48,1665.71,1665.58,1662.51,1658.25,1658.32,1659.03,1660.82,1665.10,1671.32,1682.95,1699.18,1715.43,1731.20,1740.79,1744.26,1743.77,1742.49,1745.72,1752.81,1761.73,1771.72,1779.29,1786.43,1792.13,1796.80,1800.72,1805.13,1810.21,1816.96,1823.98,1830.89,1839.35,1851.21,1862.32,1875.50,1889.19,1903.13,1913.61,1923.15,1928.10,1929.39,1927.39,1922.35,1916.78,1912.85,1914.25,1918.22,1926.90,1930.18,1922.79,1927.66,1945.17,1961.49,1981.09,1995.24,2009.45,2026.94,2045.94,2060.49,2072.61,2083.80,2092.63,2098.54,2102.31,2106.00,2109.99,2113.49,2116.85,2119.84,2121.88,2122.60,2122.92,2123.18,2123.01,2122.75,2122.06,2121.43,2122.42,2123.74,2123.82,2123.69,2124.47,2125.77,2127.01,2129.91,2133.06,2136.02,2139.33,2143.80,2148.82,2153.89,2158.56,2164.99,2171.82,2176.87,2182.14,2186.98,2189.49,2190.58,2189.49,2186.67,2185.11,2185.29,2185.51,2184.48,2183.73,2182.51,2181.60,2181.61,2182.95,2184.41,2185.89,2188.03,2190.22
1236.32,1235.98,1236.28,1236.80,1238.23,1241.12,1245.55,1258.27,1280.10,1295.24,1308.65,1318.79,1317.64,1306.87,1301.62,1303.24,1299.35,1288.34,1276.55,1269.26,1268.89,1271.75,1275.91,1280.24,1289.81,1302.84,1309.89,1321.89,1333.48,1347.04,1365.11,1374.77,1379.34,1375.06,1358.56,1344.91,1338.00,1340.89,1346.89,1355.11,1362.21,1369.22,1372.27,1373.12,1375.86,1384.33,1395.93,1402.15,1400.63,1383.24,1361.71,1350.51,1358.23,1359.08,1359.20,1366.75,1367.82,1373.66,1383.01,1388.69,1395.74,1405.03,1416.37,1425.27,1423.66,1410.79,1395.38,1389.32,1395.39,1402.60,1412.47,1426.27,1434.90,1441.14,1446.74,1449.73,1450.66,1451.65,1452.72,1454.07,1457.04,1459.49,1460.08,1462.89,1469.02,1471.17,1472.24,1474.08,1475.28,1475.85,1476.23,1476.48,1479.28,1480.66,1478.72,1473.66,1469.72,1472.12,1480.98,1488.82,1493.01,1497.42,1501.80,1504.30,1511.30,1512.62,1512.74,1513.09,1515.85,1521.14,1529.04,1530.88,1532.15,1532.07,1531.76,1531.76,1532.13,1533.04,1533.55,1533.99,1534.46,1534.78,1534.89,1535.50,1538.11,1542.31,1549.56,1554.70,1561.33,1579.05,1591.13,1597.50,1598.93,1604.61,1621.05,1634.76,1644.26,1646.43,1647.64,1648.13,1652.91,1658.73,1658.93,1658.36,1657.13,1656.19,1657.13,1658.31,1660.27,1667.90,1678.89,1693.63,1707.99,1722.54,1732.09,1736.70,1737.39,1737.49,1738.74,1744.85,1755.36,1767.53,1777.97,1785.24,1792.34,1798.48,1804.87,1810.41,1815.82,1821.26,1827.05,1832.47,1838.41,1847.01,1856.67,1868.08,1881.40,1895.54,1909.65,1918.25,1922.98,1919.79,1918.13,1915.57,1912.13,1908.53,1906.05,1907.44,1913.20,1918.76,1915.48,1914.72,1928.24,1949.28,1967.22,1983.86,1996.27,2010.93,2028.75,2047.49,2062.93,2075.12,2085.48,2094.18,2100.30,2103.63,2106.79,2109.93,2112.94,2115.85,2118.41,2118.90,2119.02,2118.99,2118.72,2117.67,2116.96,2116.22,2115.59,2116.27,2117.62,2118.48,2119.18,2120.39,2121.75,2123.70,2126.89,2130.43,2133.74,2137.13,2140.94,2145.69,2149.49,2152.90,2156.80,2161.82,2167.73,2172.23,2175.29,2177.19,2177.98,2176.97,2175.24,2174.67,2175.50,2175.97,2175.56,2175.27,2175.05,2174.61,2175.01,2175.96,2176.76,2178.16,2179.60,2181.18
1233.54,1231.81,1231.82,1232.10,1235.13,1238.79,1242.08,1255.61,1281.04,1295.85,1303.70,1307.38,1303.65,1292.83,1288.02,1288.28,1283.02,1277.35,1271.52,1263.55,1265.76,1270.29,1274.52,1278.94,1290.73,1303.69,1311.26,1322.94,1334.52,1349.28,1366.63,1373.76,1376.29,1371.84,1357.53,1341.37,1332.58,1335.06,1338.22,1346.79,1354.75,1360.86,1363.45,1362.46,1364.67,1375.77,1389.38,1398.76,1398.84,1385.32,1363.27,1348.05,1346.96,1350.16,1356.15,1360.54,1365.76,1373.42,1380.57,1387.60,1399.24,1409.41,1418.96,1420.65,1409.80,1395.36,1385.75,1397.61,1413.47,1423.03,1430.42,1434.89,1439.82,1444.28,1448.97,1450.72,1451.42,1452.31,1453.34,1456.09,1460.70,1462.43,1463.70,1466.66,1469.54,1470.00,1471.48,1473.60,1475.63,1477.40,1478.20,1478.93,1481.18,1484.23,1484.23,1481.66,1475.52,1475.95,1485.18,1492.03,1496.25,1501.35,1505.78,1509.69,1516.42,1518.34,1518.12,1517.55,1516.32,1520.77,1529.23,1530.18,1530.81,1530.94,1531.33,1532.49,1533.14,1533.89,1534.11,1534.37,1534.71,1535.08,1535.67,1536.86,1539.80,1546.42,1554.51,1565.07,1581.66,1595.09,1602.45,1608.41,1612.52,1614.74,1621.09,1628.71,1635.51,1638.46,1641.72,1644.94,1648.40,1651.74,1653.27,1654.51,1656.15,1657.74,1658.53,1658.90,1663.09,1675.17,1689.07,1703.37,1716.30,1727.37,1731.80,1731.67,1731.78,1734.69,1739.39,1748.20,1761.35,1773.87,1783.99,1791.37,1797.34,1802.98,1809.96,1816.21,1821.89,1826.71,1831.91,1836.48,1844.48,1853.74,1862.40,1873.22,1885.83,1900.47,1912.46,1920.24,1919.89,1914.58,1908.64,1902.22,1897.93,1896.00,1896.63,1901.92,1908.31,1906.89,1906.80,1916.29,1933.04,1952.57,1969.90,1984.91,1997.05,2014.19,2031.59,2049.42,2063.45,2075.53,2085.66,2093.73,2099.24,2102.56,2106.13,2109.83,2112.40,2115.12,2116.32,2115.56,2115.43,2115.37,2114.30,2112.07,2110.68,2110.06,2109.81,2110.60,2112.48,2114.14,2115.36,2116.58,2118.05,2120.37,2124.03,2127.98,2131.59,2134.99,2138.41,2142.31,2145.34,2147.21,2149.08,2151.82,2155.23,2159.86,2163.76,2165.85,2166.31,2166.11,2166.48,2166.62,2167.13,2167.36,2166.84,2166.52,2166.52,2167.18,2168.27,2169.38,2170.01,2170.85,2171.59,2172.86
1231.34,1228.49,1227.72,1229.56,1232.71,1234.49,1237.05,1249.25,1276.75,1292.26,1293.03,1291.55,1289.02,1285.55,1280.51,1276.10,1271.41,1264.58,1258.54,1260.53,1264.64,1268.63,1273.62,1279.17,1290.99,1305.40,1318.04,1331.96,1343.27,1356.32,1365.62,1370.36,1373.21,1370.87,1358.29,1340.81,1328.45,1328.64,1329.00,1333.91,1343.54,1351.84,1352.22,1352.14,1356.72,1369.65,1381.80,1388.87,1388.43,1377.88,1361.66,1345.27,1340.06,1347.89,1355.90,1359.99,1366.22,1373.29,1380.02,1392.20,1403.22,1410.57,1413.67,1405.36,1392.39,1380.84,1382.65,1411.06,1427.53,1431.66,1434.60,1438.24,1442.09,1445.58,1449.18,1450.63,1451.44,1452.26,1453.78,1458.17,1461.28,1462.78,1464.10,1465.22,1466.36,1467.98,1470.82,1473.03,1475.15,1477.26,1479.40,1481.55,1483.92,1487.30,1488.64,1487.32,1481.00,1476.63,1484.46,1490.44,1496.08,1503.20,1508.66,1516.25,1521.98,1522.90,1524.68,1525.23,1521.05,1519.02,1525.12,1529.49,1530.05,1530.72,1532.30,1533.86,1534.79,1535.15,1535.03,1535.19,1536.21,1537.15,1538.93,1540.37,1544.02,1551.37,1559.48,1574.95,1591.80,1602.21,1608.56,1615.19,1620.78,1623.31,1626.17,1628.61,1632.64,1636.90,1640.91,1644.85,1648.58,1651.87,1656.02,1659.35,1662.82,1665.48,1664.54,1663.32,1668.09,1680.57,1693.70,1707.62,1719.50,1726.88,1728.18,1727.07,1729.20,1735.30,1742.28,1753.95,1767.50,1782.43,1791.76,1799.76,1803.14,1806.87,1811.35,1817.45,1822.99,1827.93,1832.43,1837.46,1848.38,1856.82,1865.76,1876.31,1889.13,1902.49,1911.67,1916.65,1915.31,1909.88,1900.38,1889.45,1884.34,1884.33,1887.41,1894.19,1897.41,1897.84,1907.96,1921.64,1939.13,1954.65,1970.59,1985.13,1997.97,2017.32,2034.38,2050.40,2062.89,2074.88,2084.91,2091.84,2096.25,2100.17,2104.73,2109.47,2112.13,2114.18,2113.66,2112.25,2111.83,2111.84,2110.60,2107.06,2104.93,2104.41,2104.93,2106.48,2108.32,2110.10,2111.59,2112.77,2114.41,2117.79,2122.25,2125.95,2129.38,2131.89,2135.00,2138.33,2140.86,2142.07,2142.64,2144.12,2145.95,2148.04,2150.29,2152.63,2155.09,2156.95,2158.54,2159.39,2159.80,2159.85,2159.34,2159.37,2159.66,2160.36,2161.29,2162.21,2162.82,2163.59,2164.70,2165.96
1228.53,1226.32,1225.21,1227.71,1228.67,1229.75,1233.88,1243.98,1269.04,1284.01,1283.90,1280.79,1278.04,1276.54,1266.69,1256.65,1252.80,1251.45,1255.39,1260.47,1264.16,1270.21,1280.12,1292.33,1298.96,1306.65,1322.87,1335.12,1347.28,1357.63,1362.98,1366.61,1368.15,1367.66,1360.98,1346.86,1329.88,1322.27,1321.54,1324.23,1331.38,1341.43,1341.19,1340.72,1349.35,1360.49,1373.49,1377.71,1369.50,1362.73,1353.20,1340.76,1336.51,1346.29,1355.76,1362.35,1367.97,1375.89,1384.74,1395.48,1402.17,1403.95,1399.11,1388.38,1375.39,1374.14,1391.73,1424.23,1431.57,1433.53,1436.18,1439.15,1442.11,1446.01,1449.48,1450.48,1451.20,1451.93,1453.37,1457.65,1459.42,1460.75,1461.10,1461.61,1463.94,1467.40,1470.69,1473.77,1477.29,1479.15,1480.68,1483.30,1486.75,1489.28,1490.50,1489.82,1483.26,1477.27,1480.29,1485.72,1494.60,1503.98,1510.27,1518.12,1522.66,1525.73,1528.71,1530.76,1527.24,1523.81,1525.51,1528.88,1531.32,1533.15,1534.32,1535.80,1537.53,1538.15,1537.88,1538.32,1539.86,1540.19,1542.01,1544.87,1549.20,1557.35,1568.79,1583.73,1596.97,1605.10,1612.74,1619.89,1624.15,1627.73,1631.08,1633.42,1636.10,1639.37,1642.59,1646.04,1650.11,1654.81,1658.94,1664.15,1670.41,1676.18,1677.51,1677.01,1681.12,1691.55,1701.58,1712.04,1720.54,1722.68,1721.30,1723.47,1728.06,1735.59,1746.24,1759.52,1776.04,1790.21,1795.30,1798.11,1802.05,1806.45,1810.94,1817.15,1823.01,1827.46,1830.26,1835.64,1847.44,1856.51,1866.63,1877.11,1889.76,1901.55,1908.02,1909.95,1907.33,1899.45,1887.05,1877.03,1874.90,1876.49,1880.43,1887.66,1890.89,1898.73,1913.29,1928.58,1943.20,1956.24,1970.86,1985.72,2001.13,2020.32,2036.13,2050.74,2062.82,2074.03,2082.83,2088.68,2092.74,2097.34,2102.82,2107.67,2110.86,2112.39,2111.67,2109.65,2107.90,2107.59,2106.09,2102.40,2099.54,2099.03,2100.80,2103.08,2104.84,2106.53,2108.21,2109.31,2110.93,2116.57,2121.93,2125.81,2128.88,2128.17,2129.74,2132.49,2135.02,2136.20,2136.94,2138.00,2139.74,2141.80,2143.98,2145.97,2147.77,2149.31,2150.81,2152.40,2153.82,2154.82,2155.05,2155.74,2156.02,2156.26,2156.64,2157.14,2157.65,2158.80,2159.51,2160.49
1224.39,1223.10,1222.42,1224.27,1225.01,1225.65,1230.61,1240.59,1261.02,1273.38,1269.59,1265.62,1263.45,1258.56,1249.91,1244.76,1246.14,1250.90,1255.58,1259.02,1262.67,1273.04,1289.41,1303.29,1306.93,1311.62,1325.88,1335.70,1346.57,1354.88,1358.98,1359.81,1357.97,1358.92,1360.56,1350.92,1334.42,1322.23,1315.83,1316.07,1321.58,1330.38,1330.10,1331.75,1340.72,1349.70,1360.97,1365.31,1355.26,1345.16,1338.07,1329.02,1325.67,1329.74,1340.36,1357.12,1367.93,1377.14,1384.12,1389.41,1391.68,1387.16,1378.69,1368.02,1366.24,1376.92,1410.17,1430.70,1433.38,1435.23,1437.37,1439.09,1441.62,1445.66,1449.36,1450.46,1450.91,1451.36,1452.71,1455.26,1456.84,1458.18,1458.82,1461.28,1465.15,1468.57,1471.80,1475.85,1479.86,1482.19,1483.54,1485.28,1488.05,1490.49,1491.24,1490.34,1485.81,1480.99,1479.53,1484.51,1493.16,1502.44,1509.04,1516.66,1521.42,1524.82,1528.89,1532.53,1532.59,1532.68,1535.21,1537.79,1538.35,1538.12,1538.56,1539.14,1540.58,1542.05,1542.34,1543.28,1544.97,1544.64,1544.36,1548.62,1554.45,1565.94,1579.11,1589.05,1598.21,1604.59,1610.37,1618.35,1624.30,1629.14,1633.07,1636.90,1640.09,1643.03,1646.38,1649.52,1652.41,1656.50,1660.13,1664.98,1671.37,1679.39,1684.40,1688.81,1694.63,1701.95,1709.03,1714.29,1717.45,1717.94,1718.25,1722.20,1727.64,1737.09,1750.32,1765.74,1779.24,1787.37,1790.41,1794.16,1800.86,1805.81,1810.97,1817.34,1823.21,1824.02,1826.01,1832.52,1845.41,1855.48,1865.67,1875.08,1886.36,1898.29,1903.86,1904.03,1896.14,1883.19,1873.22,1867.67,1868.93,1874.06,1881.74,1887.25,1893.09,1904.53,1919.63,1933.34,1946.03,1958.83,1973.74,1989.01,2005.52,2021.88,2036.76,2050.64,2062.52,2072.21,2079.19,2084.13,2088.74,2094.13,2100.03,2104.36,2107.96,2109.23,2109.17,2106.90,2103.75,2102.45,2100.84,2097.06,2094.22,2094.26,2096.71,2099.45,2101.29,2103.33,2105.23,2106.53,2108.09,2113.78,2121.87,2126.20,2127.63,2124.86,2125.12,2126.89,2128.56,2129.66,2131.12,2133.74,2136.13,2138.03,2139.74,2142.06,2144.83,2146.67,2147.55,2148.40,2149.39,2150.46,2151.32,2152.26,2152.66,2152.63,2152.77,2153.24,2154.29,2156.02,2157.00,2157.80
1220.28,1219.37,1219.30,1220.67,1221.21,1220.97,1225.99,1239.05,1255.52,1260.97,1253.56,1248.70,1246.53,1244.38,1240.55,1240.91,1246.05,1250.52,1253.23,1255.96,1263.30,1279.03,1297.28,1309.27,1316.37,1322.56,1329.92,1336.13,1344.55,1350.25,1350.10,1346.72,1340.55,1345.34,1355.47,1350.77,1334.33,1321.53,1313.88,1309.97,1313.88,1320.52,1321.85,1323.62,1328.98,1335.45,1342.55,1347.20,1340.22,1326.12,1317.90,1315.45,1318.72,1319.81,1323.33,1347.04,1361.13,1365.25,1368.60,1369.82,1368.09,1366.08,1361.85,1361.25,1376.70,1397.91,1426.18,1432.20,1433.46,1434.65,1436.60,1438.58,1441.12,1444.30,1447.39,1449.50,1450.38,1450.71,1452.06,1453.69,1455.41,1457.31,1460.48,1465.13,1469.05,1471.30,1473.90,1477.38,1480.88,1483.77,1486.15,1488.15,1489.99,1491.25,1491.95,1490.75,1487.83,1483.32,1481.23,1485.03,1491.15,1497.52,1506.98,1514.39,1519.25,1524.41,1530.07,1533.16,1536.06,1538.31,1540.35,1541.89,1542.31,1542.16,1542.36,1542.48,1543.32,1545.84,1547.84,1549.15,1550.13,1549.39,1546.97,1550.67,1557.19,1570.06,1581.54,1588.87,1596.17,1604.09,1612.09,1620.17,1624.11,1627.85,1631.83,1637.36,1641.63,1645.26,1648.91,1652.39,1655.77,1659.35,1662.41,1666.10,1670.81,1677.05,1682.40,1687.71,1692.77,1701.48,1707.62,1711.03,1712.48,1713.99,1716.86,1720.79,1728.33,1739.48,1755.35,1768.43,1776.89,1782.05,1786.49,1793.26,1801.13,1806.93,1812.20,1818.03,1821.23,1818.80,1820.84,1829.04,1842.72,1853.33,1861.40,1869.59,1878.75,1890.19,1897.79,1896.67,1883.84,1871.00,1862.38,1862.73,1869.16,1881.51,1891.96,1898.16,1903.28,1912.88,1923.51,1934.93,1947.75,1961.83,1977.92,1992.81,2008.28,2022.40,2036.69,2050.30,2061.14,2068.07,2073.26,2078.35,2083.81,2090.28,2096.36,2101.03,2103.25,2101.85,2101.91,2101.92,2099.91,2096.35,2093.56,2090.97,2088.89,2089.66,2091.91,2094.78,2097.69,2100.50,2102.28,2103.71,2106.01,2110.79,2120.26,2125.12,2125.27,2121.97,2120.46,2120.75,2121.93,2124.29,2127.11,2130.54,2133.31,2135.66,2137.51,2139.01,2141.30,2143.93,2145.17,2146.13,2146.88,2147.22,2147.80,2148.65,2149.09,2149.16,2149.52,2149.94,2151.40,2153.38,2154.69,2155.49
1216.87,1215.33,1215.15,1215.78,1215.75,1215.67,1220.93,1237.30,1250.75,1251.05,1241.84,1235.04,1232.73,1233.63,1235.82,1240.48,1244.64,1247.60,1250.46,1255.90,1269.04,1289.38,1304.53,1316.37,1327.85,1333.20,1336.07,1338.08,1341.90,1344.41,1343.29,1336.29,1329.09,1341.02,1351.32,1348.11,1333.37,1319.01,1312.09,1307.12,1307.11,1309.92,1311.66,1314.24,1316.82,1320.82,1324.60,1325.12,1315.45,1308.08,1311.92,1321.14,1328.97,1329.13,1326.50,1332.28,1343.35,1344.33,1347.42,1353.76,1356.74,1357.12,1357.77,1368.88,1405.00,1419.30,1429.85,1431.03,1431.10,1432.69,1434.92,1437.00,1439.17,1441.43,1444.46,1447.54,1449.78,1450.67,1452.70,1454.72,1456.81,1459.05,1463.05,1468.11,1471.81,1474.29,1476.80,1479.53,1482.34,1485.07,1487.31,1489.41,1490.61,1491.50,1492.55,1491.37,1488.53,1484.79,1483.99,1486.03,1490.13,1496.79,1506.82,1514.00,1519.57,1524.56,1529.79,1533.01,1535.88,1538.55,1540.59,1542.47,1544.56,1545.17,1545.54,1545.73,1546.04,1548.62,1551.18,1552.37,1553.10,1552.74,1550.21,1550.87,1556.68,1567.46,1578.53,1585.75,1593.95,1606.13,1613.97,1619.34,1621.73,1625.10,1630.63,1637.46,1642.20,1645.82,1648.83,1651.53,1655.92,1660.40,1664.13,1667.92,1671.89,1676.57,1681.71,1686.41,1690.21,1696.77,1702.81,1706.58,1709.43,1713.39,1717.81,1724.04,1732.58,1744.28,1758.95,1767.13,1772.30,1778.31,1785.97,1794.09,1802.23,1808.67,1813.68,1818.14,1818.05,1814.23,1816.00,1824.80,1834.47,1843.78,1853.81,1861.16,1869.97,1877.08,1882.74,1879.84,1869.71,1860.44,1855.78,1862.69,1873.51,1888.69,1897.00,1902.50,1907.39,1914.48,1923.81,1934.91,1948.03,1964.44,1981.51,1995.56,2009.09,2022.55,2035.56,2048.90,2058.22,2063.99,2068.57,2073.90,2079.86,2086.91,2092.89,2096.91,2097.38,2094.17,2093.72,2094.05,2093.21,2090.12,2086.88,2085.09,2083.74,2084.33,2086.16,2091.02,2094.76,2097.59,2099.73,2100.78,2102.51,2107.54,2115.43,2120.47,2122.31,2119.84,2115.95,2115.97,2117.47,2120.32,2124.06,2127.94,2131.13,2133.69,2135.60,2137.05,2138.59,2140.66,2142.38,2143.39,2143.87,2143.99,2144.43,2144.97,2145.29,2146.36,2147.49,2148.44,2149.63,2151.34,2152.32,2153.14
1213.86,1211.45,1210.85,1210.59,1210.21,1212.35,1218.41,1233.08,1242.90,1237.35,1228.02,1224.79,1228.55,1232.24,1235.89,1239.52,1242.09,1245.48,1250.76,1258.10,1274.27,1294.48,1306.77,1321.94,1331.86,1334.60,1333.78,1333.69,1332.83,1332.79,1331.98,1324.29,1326.01,1335.67,1343.93,1341.78,1328.17,1315.74,1308.83,1304.14,1303.13,1304.86,1304.64,1304.94,1305.07,1306.15,1306.25,1303.97,1305.15,1313.41,1323.90,1335.88,1343.92,1344.96,1341.39,1337.34,1339.03,1342.93,1346.79,1349.02,1351.80,1354.92,1361.62,1385.83,1414.19,1423.78,1428.70,1428.36,1428.88,1431.07,1432.94,1435.26,1437.64,1440.20,1443.62,1446.93,1449.77,1452.00,1454.16,1456.32,1458.22,1460.17,1464.07,1468.88,1472.18,1474.94,1478.47,1481.09,1482.76,1483.51,1485.32,1487.43,1488.84,1490.38,1492.41,1492.56,1489.72,1487.55,1487.18,1488.30,1491.46,1496.97,1505.57,1513.17,1518.93,1524.28,1529.25,1532.26,1534.58,1536.90,1539.08,1541.52,1544.44,1547.02,1548.51,1549.03,1548.93,1550.84,1553.68,1554.96,1555.77,1555.97,1553.90,1552.75,1556.24,1562.73,1575.11,1585.20,1596.70,1607.32,1613.31,1616.80,1617.98,1622.87,1631.53,1639.50,1643.15,1645.43,1647.67,1650.12,1654.31,1658.46,1662.84,1667.48,1672.53,1678.39,1685.61,1691.67,1695.75,1698.94,1702.01,1706.03,1710.47,1715.22,1720.57,1728.93,1737.07,1745.61,1756.49,1763.78,1767.57,1775.43,1784.82,1793.38,1801.38,1808.11,1812.98,1815.71,1812.89,1809.64,1810.79,1819.98,1826.14,1832.63,1844.70,1853.23,1859.62,1865.31,1867.75,1865.23,1858.08,1850.84,1853.20,1864.77,1878.42,1889.61,1894.65,1897.86,1902.66,1911.08,1922.49,1934.41,1948.03,1965.86,1983.40,1996.86,2009.25,2022.23,2033.55,2046.28,2054.88,2060.87,2066.43,2072.13,2078.06,2084.44,2089.05,2090.89,2088.98,2085.62,2084.01,2083.12,2082.96,2083.26,2081.91,2079.34,2077.82,2078.08,2079.43,2085.68,2091.90,2094.53,2096.13,2096.46,2097.46,2101.18,2106.41,2111.48,2115.52,2114.47,2111.19,2111.91,2114.08,2117.64,2122.02,2125.55,2129.09,2131.72,2133.43,2134.86,2136.30,2137.61,2139.06,2139.95,2140.34,2140.55,2141.31,2142.27,2143.18,2144.83,2146.15,2147.24,2148.28,2149.30,2150.04,2150.95
1211.57,1209.42,1207.93,1207.43,1208.50,1211.22,1216.01,1225.78,1232.36,1224.82,1220.16,1223.46,1229.10,1232.63,1235.24,1237.45,1239.43,1243.36,1251.54,1263.34,1280.47,1295.50,1306.70,1322.38,1332.03,1331.03,1325.22,1323.43,1317.29,1314.50,1314.03,1312.26,1315.80,1324.05,1330.75,1332.84,1324.25,1314.67,1306.45,1299.69,1298.89,1299.72,1296.71,1294.63,1295.72,1297.55,1301.15,1305.36,1314.44,1328.22,1341.27,1351.46,1358.72,1359.76,1355.82,1356.31,1357.51,1359.66,1360.09,1356.69,1355.62,1361.07,1376.71,1404.56,1418.94,1425.00,1425.68,1425.22,1426.75,1428.82,1432.09,1436.92,1439.57,1441.21,1444.32,1447.29,1451.10,1453.49,1455.77,1457.94,1460.04,1462.03,1465.03,1468.83,1471.84,1474.53,1477.83,1479.70,1479.98,1479.95,1481.87,1484.37,1487.14,1489.92,1492.46,1494.10,1492.24,1490.65,1490.20,1491.12,1494.82,1498.99,1504.96,1511.96,1518.40,1523.61,1528.11,1531.64,1534.65,1537.04,1539.18,1541.85,1544.44,1546.92,1549.52,1552.15,1553.28,1555.14,1557.10,1557.81,1558.74,1559.57,1558.25,1556.40,1556.79,1562.32,1575.02,1587.33,1599.15,1607.69,1612.36,1613.11,1615.08,1623.40,1634.30,1640.84,1642.53,1642.08,1644.50,1648.51,1652.94,1657.45,1661.70,1665.91,1671.58,1679.05,1687.72,1694.80,1700.19,1702.54,1704.58,1707.69,1712.35,1717.29,1724.38,1732.15,1737.57,1743.24,1750.30,1758.28,1762.93,1770.46,1779.78,1787.39,1794.63,1802.59,1810.67,1812.22,1807.95,1805.63,1807.36,1813.57,1818.74,1824.88,1834.12,1842.81,1847.53,1853.46,1856.35,1853.20,1846.47,1845.64,1856.18,1869.12,1879.40,1886.79,1889.51,1892.37,1898.89,1908.62,1920.90,1933.62,1947.89,1966.35,1983.55,1996.73,2008.61,2021.40,2031.79,2043.10,2052.68,2059.98,2066.94,2072.37,2077.28,2080.78,2082.97,2082.51,2079.65,2076.40,2074.36,2073.81,2074.56,2075.30,2074.84,2071.82,2070.55,2070.89,2073.01,2079.57,2087.75,2091.18,2092.07,2091.68,2091.99,2094.47,2096.43,2100.54,2104.92,2106.08,2106.18,2108.25,2111.26,2115.96,2120.65,2123.67,2126.49,2129.21,2130.82,2132.18,2133.66,2134.45,2135.04,2136.57,2137.97,2138.37,2139.18,2140.24,2141.43,2143.19,2144.79,2145.76,2146.55,2147.45,2148.37,2149.37
1208.79,1208.06,1206.41,1205.78,1207.48,1209.20,1213.37,1218.66,1219.28,1217.09,1218.54,1223.57,1228.20,1231.09,1232.89,1234.85,1237.38,1241.95,1249.46,1264.53,1279.90,1295.43,1306.96,1319.03,1330.41,1328.23,1316.26,1310.78,1306.11,1303.97,1306.46,1304.62,1303.77,1311.41,1318.21,1321.89,1318.92,1312.15,1303.34,1295.04,1292.27,1290.69,1291.74,1296.90,1300.03,1304.78,1311.49,1320.80,1333.14,1345.60,1354.86,1360.99,1368.85,1372.72,1371.84,1371.73,1375.44,1380.36,1378.95,1377.76,1370.61,1379.66,1401.28,1415.15,1421.95,1423.15,1422.43,1422.59,1424.95,1428.37,1432.81,1438.06,1440.91,1442.73,1444.64,1446.55,1450.85,1453.54,1456.73,1459.36,1461.58,1463.93,1466.48,1468.82,1471.07,1473.73,1475.40,1476.17,1476.59,1477.57,1480.39,1484.24,1488.91,1492.17,1494.48,1495.36,1495.12,1493.56,1493.20,1494.11,1497.96,1502.41,1507.03,1513.61,1521.28,1526.88,1530.56,1533.70,1537.22,1539.56,1541.46,1543.83,1545.50,1547.09,1548.64,1551.01,1554.26,1558.84,1560.97,1561.11,1562.32,1563.69,1562.59,1560.25,1559.24,1563.20,1573.77,1587.30,1597.46,1604.88,1609.00,1608.93,1612.77,1625.94,1634.97,1639.66,1639.23,1638.25,1642.25,1647.83,1652.59,1656.58,1659.22,1664.23,1670.65,1678.54,1687.74,1695.01,1700.61,1704.43,1707.35,1709.76,1714.10,1719.33,1727.24,1732.69,1736.74,1740.48,1745.86,1751.09,1756.91,1763.83,1771.72,1777.41,1785.02,1795.98,1806.86,1809.74,1804.56,1801.39,1803.94,1807.68,1811.75,1818.41,1824.34,1830.32,1834.72,1839.99,1843.47,1841.10,1838.69,1846.65,1860.10,1869.99,1875.70,1879.32,1881.64,1888.12,1897.14,1907.71,1919.24,1932.26,1947.45,1965.51,1982.78,1996.35,2007.92,2020.47,2031.12,2041.34,2051.56,2060.43,2067.91,2072.72,2074.68,2075.42,2074.85,2072.86,2069.88,2066.91,2065.26,2065.80,2067.24,2067.58,2066.84,2063.57,2061.87,2063.61,2067.35,2075.15,2082.06,2086.41,2087.32,2086.80,2086.72,2088.13,2089.70,2093.55,2096.78,2098.93,2101.70,2105.26,2109.82,2114.96,2119.65,2122.28,2124.05,2125.82,2127.75,2129.76,2131.53,2132.40,2133.03,2134.28,2135.95,2136.74,2137.73,2138.76,2139.71,2141.13,2142.85,2144.14,2144.90,2146.11,2147.34,2148.46
1205.98,1205.66,1204.79,1204.37,1205.86,1208.13,1212.73,1215.35,1213.88,1214.42,1218.00,1222.17,1225.95,1228.42,1230.45,1232.82,1238.42,1244.77,1254.07,1266.11,1276.75,1291.21,1304.39,1312.93,1326.13,1325.58,1313.76,1300.08,1296.47,1295.18,1304.69,1305.56,1297.36,1303.66,1310.34,1315.71,1313.77,1307.11,1298.57,1287.80,1286.64,1292.18,1300.15,1308.08,1316.03,1322.46,1328.23,1336.47,1342.74,1350.57,1359.36,1364.99,1370.15,1374.13,1377.55,1380.60,1384.18,1388.60,1395.27,1401.28,1405.57,1408.88,1414.03,1419.63,1420.31,1419.00,1418.70,1420.84,1424.51,1427.98,1431.33,1435.43,1439.67,1442.04,1443.97,1445.44,1449.36,1453.14,1456.66,1459.99,1462.47,1464.31,1465.87,1467.57,1469.53,1471.47,1471.98,1472.66,1474.04,1476.33,1479.15,1483.23,1488.40,1492.07,1494.88,1495.61,1496.17,1496.31,1496.10,1496.68,1498.67,1502.94,1509.03,1515.93,1522.53,1527.76,1531.89,1535.10,1538.50,1540.75,1541.52,1541.62,1542.84,1544.02,1545.65,1547.74,1551.26,1558.11,1562.27,1564.50,1566.26,1567.90,1567.45,1565.16,1564.89,1566.93,1571.07,1582.87,1591.18,1598.36,1601.80,1603.05,1611.56,1626.30,1632.96,1633.45,1632.09,1635.98,1642.12,1648.22,1652.31,1653.64,1655.84,1662.03,1668.84,1676.53,1685.48,1693.25,1698.69,1703.81,1708.99,1713.01,1717.52,1722.30,1728.53,1732.47,1734.31,1737.91,1742.80,1747.12,1752.60,1758.21,1763.59,1770.24,1777.79,1789.70,1801.37,1805.89,1800.96,1798.04,1800.52,1803.78,1807.51,1812.34,1816.75,1821.34,1827.05,1832.35,1833.83,1832.42,1837.25,1848.27,1859.50,1864.44,1867.00,1870.26,1875.94,1884.44,1894.86,1905.84,1916.46,1929.01,1945.90,1963.19,1981.07,1995.20,2007.28,2019.51,2031.10,2041.20,2051.66,2061.54,2066.80,2069.23,2068.88,2066.98,2064.76,2061.89,2059.15,2056.81,2056.70,2058.01,2059.50,2060.09,2059.22,2055.83,2054.56,2056.97,2061.44,2071.18,2077.28,2081.33,2081.97,2081.47,2081.77,2083.41,2085.31,2088.24,2091.07,2094.55,2098.83,2103.46,2108.83,2113.73,2117.96,2120.71,2122.01,2123.39,2125.40,2127.52,2129.27,2130.41,2131.14,2132.36,2133.93,2135.24,2136.39,2137.50,2138.53,2139.60,2141.12,2142.62,2143.83,2145.17,2146.41,2147.58
1203.29,1203.00,1202.46,1202.83,1204.55,1208.04,1212.14,1212.17,1210.52,1213.52,1216.95,1220.23,1223.32,1225.56,1227.83,1229.73,1237.25,1246.94,1261.47,1275.62,1288.61,1296.81,1304.88,1311.68,1322.77,1323.18,1317.41,1307.35,1295.34,1288.45,1294.55,1298.29,1290.93,1296.01,1307.03,1313.22,1310.98,1303.41,1289.36,1282.19,1288.60,1297.95,1312.84,1324.04,1329.86,1332.22,1335.37,1341.13,1345.73,1350.80,1358.37,1363.40,1368.11,1372.66,1377.08,1381.74,1386.42,1393.04,1400.97,1406.16,1410.55,1412.90,1415.32,1415.15,1414.70,1414.98,1416.51,1419.72,1422.28,1425.33,1429.17,1434.67,1439.61,1441.60,1443.33,1445.31,1449.20,1452.75,1456.18,1459.17,1461.12,1462.65,1463.80,1464.96,1466.49,1467.67,1469.19,1471.22,1474.39,1477.60,1480.22,1482.58,1486.17,1489.58,1492.75,1494.26,1495.03,1497.20,1498.66,1499.53,1500.06,1502.54,1508.18,1514.38,1520.87,1525.95,1530.54,1533.49,1536.36,1538.48,1538.57,1538.08,1539.45,1541.13,1543.90,1547.10,1551.09,1556.05,1560.49,1563.58,1566.85,1570.15,1572.06,1570.81,1571.55,1574.71,1576.39,1579.53,1585.20,1591.53,1595.71,1600.05,1609.90,1619.56,1625.27,1625.33,1627.80,1634.87,1641.32,1646.50,1648.48,1647.47,1648.60,1654.85,1663.52,1672.58,1680.07,1688.73,1695.22,1702.91,1710.27,1715.35,1720.15,1724.11,1726.43,1728.26,1728.61,1731.51,1736.86,1740.55,1746.77,1752.62,1756.99,1764.13,1773.94,1785.75,1800.12,1801.35,1796.63,1795.29,1797.83,1800.48,1804.39,1808.77,1813.84,1819.38,1824.21,1824.63,1823.72,1828.62,1837.30,1846.50,1854.03,1856.84,1860.24,1865.34,1872.11,1881.34,1892.00,1901.97,1913.04,1924.98,1942.10,1960.27,1979.04,1993.63,2006.16,2018.00,2030.54,2041.30,2050.76,2058.89,2059.98,2057.61,2054.28,2050.71,2048.30,2047.28,2046.91,2047.37,2048.96,2050.68,2051.60,2052.92,2052.51,2048.78,2048.30,2051.87,2057.03,2066.11,2073.32,2076.17,2075.86,2075.80,2077.07,2078.86,2081.25,2084.23,2087.28,2090.94,2095.51,2100.63,2106.53,2111.65,2115.22,2117.84,2119.66,2121.33,2123.18,2124.84,2126.20,2127.49,2128.76,2130.35,2132.22,2133.88,2135.31,2136.50,2137.57,2138.78,2140.09,2141.56,2142.95,2144.44,2145.72,2146.84
1200.55,1200.70,1200.81,1201.31,1202.62,1207.31,1211.23,1209.89,1208.24,1212.24,1215.36,1218.26,1220.69,1222.60,1224.38,1228.03,1235.26,1246.08,1261.97,1278.51,1292.08,1300.67,1311.07,1316.26,1318.15,1317.51,1315.22,1311.03,1298.46,1288.36,1284.60,1286.18,1285.98,1297.23,1308.84,1311.54,1308.81,1301.09,1284.39,1280.55,1288.09,1301.89,1321.05,1330.93,1333.40,1335.65,1338.51,1342.63,1347.32,1351.80,1355.74,1359.09,1363.38,1369.00,1374.11,1379.27,1384.99,1393.80,1401.57,1406.47,1410.38,1411.87,1411.81,1409.88,1409.63,1412.08,1414.87,1417.54,1420.60,1425.63,1430.66,1436.31,1440.10,1441.42,1443.00,1444.66,1449.11,1452.57,1455.30,1457.37,1459.16,1460.69,1460.99,1462.07,1465.13,1469.14,1471.29,1473.69,1477.32,1480.55,1483.27,1485.55,1487.65,1489.40,1491.53,1493.40,1494.91,1497.66,1500.17,1501.97,1503.47,1504.23,1506.51,1510.44,1517.07,1523.33,1528.21,1531.35,1533.23,1534.86,1535.13,1535.76,1538.85,1542.22,1546.01,1549.45,1551.21,1553.90,1557.89,1561.18,1564.57,1568.22,1572.44,1576.34,1578.52,1580.89,1582.55,1584.55,1587.01,1589.49,1593.56,1598.25,1604.82,1610.51,1614.52,1617.88,1624.88,1633.20,1638.63,1641.24,1639.33,1638.49,1640.65,1646.00,1653.81,1665.00,1672.91,1680.05,1690.04,1700.26,1707.82,1713.39,1718.73,1720.63,1719.36,1718.45,1720.21,1724.08,1728.61,1733.13,1738.55,1745.97,1753.74,1762.37,1772.93,1785.17,1798.03,1795.54,1791.54,1792.80,1795.73,1798.80,1803.02,1807.99,1813.05,1818.46,1820.19,1817.58,1821.14,1828.89,1836.49,1843.12,1848.34,1852.23,1856.75,1862.08,1868.59,1877.64,1888.30,1898.30,1909.34,1922.66,1938.96,1957.86,1978.47,1992.40,2004.50,2016.70,2029.15,2039.68,2047.16,2048.05,2044.15,2040.98,2038.71,2036.84,2035.99,2035.89,2036.14,2037.64,2040.23,2043.14,2042.78,2044.02,2044.30,2041.70,2042.49,2047.44,2052.96,2059.77,2068.02,2070.64,2069.69,2070.45,2072.57,2073.57,2076.82,2080.37,2083.72,2087.70,2092.59,2098.02,2103.71,2108.63,2111.88,2114.29,2116.73,2118.84,2120.85,2122.60,2123.95,2124.79,2126.52,2129.00,2131.17,2132.82,2134.27,2135.57,2136.84,2138.11,2139.36,2140.73,2142.22,2143.82,2145.23,2146.25
1197.35,1198.47,1198.86,1199.10,1199.81,1202.48,1205.49,1204.57,1205.99,1210.54,1213.49,1215.94,1218.00,1219.34,1223.30,1231.05,1237.43,1247.13,1262.26,1278.07,1291.83,1299.49,1309.58,1311.51,1307.57,1303.85,1305.93,1303.39,1294.06,1286.21,1277.05,1276.40,1284.21,1297.57,1300.30,1300.53,1300.29,1296.62,1282.12,1278.33,1285.64,1303.27,1322.50,1330.62,1333.44,1336.07,1338.70,1342.38,1346.04,1348.99,1352.15,1355.70,1359.42,1365.20,1371.12,1377.05,1384.35,1392.60,1399.06,1403.08,1405.80,1407.79,1407.73,1406.61,1408.12,1411.22,1414.56,1417.98,1422.19,1427.46,1432.85,1438.05,1440.29,1441.12,1442.44,1443.23,1448.10,1451.71,1453.56,1455.17,1456.79,1457.87,1459.90,1463.52,1468.54,1471.50,1473.59,1476.34,1479.65,1482.31,1485.36,1488.51,1490.80,1492.34,1494.30,1495.80,1497.72,1499.94,1501.86,1503.87,1505.95,1507.72,1508.37,1509.17,1513.47,1520.26,1524.97,1528.20,1529.53,1531.56,1532.28,1535.22,1539.07,1543.06,1547.37,1550.99,1553.09,1554.51,1555.99,1558.65,1561.41,1564.89,1568.63,1574.81,1581.39,1584.63,1586.67,1588.65,1591.65,1593.26,1595.98,1597.78,1599.94,1604.60,1608.08,1612.85,1621.80,1630.64,1633.22,1632.08,1633.92,1639.76,1645.05,1648.39,1650.04,1657.84,1666.37,1673.43,1682.17,1691.77,1699.41,1705.58,1708.43,1706.30,1709.49,1719.56,1727.50,1731.53,1733.71,1735.50,1736.99,1743.53,1753.70,1762.84,1772.23,1784.74,1792.11,1789.13,1788.60,1792.12,1795.49,1798.50,1802.77,1807.08,1811.70,1814.10,1813.04,1816.27,1822.75,1829.09,1835.05,1840.25,1844.95,1849.85,1854.90,1860.31,1868.02,1875.77,1885.23,1896.38,1908.06,1922.31,1939.46,1957.85,1978.38,1991.78,2003.01,2015.17,2026.26,2034.23,2037.22,2034.57,2031.74,2030.31,2028.77,2027.06,2026.25,2025.82,2026.63,2029.03,2030.96,2031.80,2030.99,2033.37,2034.97,2035.78,2038.62,2043.37,2047.95,2053.44,2060.36,2064.50,2064.77,2065.87,2067.71,2069.21,2073.14,2077.23,2081.44,2086.23,2091.30,2096.17,2101.01,2105.17,2108.68,2111.57,2114.11,2116.36,2118.81,2120.90,2122.36,2123.58,2125.26,2127.81,2130.20,2131.84,2133.36,2134.88,2136.19,2137.48,2138.76,2140.03,2141.44,2142.96,2144.36,2145.11
1193.88,1195.57,1196.19,1196.45,1197.25,1197.81,1198.20,1200.50,1204.15,1208.30,1211.26,1213.35,1215.40,1218.33,1224.72,1233.27,1243.04,1251.01,1268.83,1285.39,1295.38,1302.99,1301.93,1297.86,1291.15,1287.45,1293.54,1293.23,1284.91,1277.39,1270.99,1273.00,1278.11,1281.88,1278.43,1278.16,1278.35,1278.19,1276.39,1278.50,1288.14,1307.01,1323.34,1330.36,1332.86,1335.27,1338.30,1340.21,1343.06,1346.64,1350.54,1355.68,1359.66,1364.82,1371.62,1379.13,1384.95,1390.47,1395.54,1397.91,1398.97,1401.18,1402.96,1404.74,1407.33,1409.92,1414.04,1418.78,1424.10,1429.34,1434.55,1439.22,1440.41,1440.99,1441.68,1442.50,1446.31,1449.85,1451.70,1453.44,1455.95,1459.17,1463.09,1467.44,1470.77,1473.04,1475.30,1478.26,1481.11,1483.68,1486.50,1489.32,1491.58,1493.82,1495.82,1497.37,1499.16,1501.16,1503.13,1505.17,1507.42,1509.50,1511.08,1511.26,1513.37,1518.36,1522.37,1524.83,1526.63,1528.69,1531.36,1535.69,1539.82,1543.36,1546.86,1550.29,1553.52,1556.42,1558.07,1559.16,1560.24,1563.13,1567.16,1572.02,1579.62,1584.74,1589.80,1593.05,1596.30,1599.88,1603.29,1603.93,1605.53,1610.98,1612.51,1612.72,1617.84,1623.75,1626.31,1630.86,1637.64,1645.32,1652.21,1656.10,1656.45,1655.81,1661.39,1667.43,1672.42,1677.19,1684.29,1694.91,1696.73,1700.69,1715.95,1729.67,1738.35,1739.47,1740.35,1742.18,1741.30,1744.01,1753.38,1762.87,1772.77,1783.29,1786.19,1785.14,1788.27,1791.45,1790.43,1791.53,1796.68,1801.06,1804.81,1807.47,1811.00,1817.97,1823.66,1828.74,1833.58,1838.53,1843.58,1848.93,1854.51,1860.45,1868.73,1875.95,1884.49,1896.60,1908.31,1922.90,1939.88,1959.51,1978.68,1991.11,2001.76,2013.00,2022.98,2027.55,2027.64,2024.31,2021.39,2019.63,2018.43,2017.44,2017.23,2017.57,2018.95,2020.50,2021.51,2021.52,2022.62,2025.80,2028.30,2031.34,2034.91,2039.67,2044.09,2049.95,2055.90,2058.74,2059.82,2061.12,2064.05,2068.15,2072.47,2077.18,2081.56,2085.83,2090.20,2094.58,2098.64,2102.35,2105.61,2108.80,2111.66,2114.35,2116.95,2119.57,2121.84,2124.03,2125.82,2127.83,2129.84,2131.39,2133.02,2134.43,2135.71,2137.01,2138.33,2139.57,2140.82,2142.10,2142.94,2143.36
1190.64,1192.86,1193.50,1193.85,1194.75,1194.90,1195.97,1198.29,1201.46,1206.00,1209.43,1211.39,1214.16,1220.06,1230.14,1241.05,1255.90,1265.03,1276.65,1289.53,1298.18,1302.72,1289.89,1282.12,1280.08,1279.10,1285.27,1284.53,1276.36,1268.41,1264.67,1269.10,1270.54,1272.07,1273.51,1274.57,1274.80,1274.46,1276.11,1283.13,1300.30,1316.25,1328.51,1330.52,1332.34,1334.53,1337.03,1338.99,1341.97,1345.68,1349.50,1355.91,1362.02,1366.71,1374.95,1381.69,1385.42,1389.12,1392.22,1394.87,1398.06,1400.17,1402.55,1404.97,1407.39,1410.00,1414.82,1420.49,1426.28,1430.99,1434.93,1438.50,1440.23,1440.83,1441.24,1441.70,1444.62,1448.32,1451.22,1454.05,1457.29,1460.95,1465.10,1469.22,1471.85,1474.06,1476.17,1478.33,1480.45,1482.71,1485.39,1488.18,1490.88,1493.11,1495.01,1496.21,1497.76,1499.60,1501.52,1504.19,1507.00,1509.56,1512.48,1513.87,1514.44,1516.77,1520.09,1521.93,1525.10,1528.91,1532.86,1537.95,1542.40,1546.54,1549.53,1551.18,1553.68,1556.77,1559.72,1561.69,1562.56,1563.92,1566.52,1570.22,1576.55,1581.99,1588.79,1594.66,1600.34,1607.24,1610.34,1609.86,1611.20,1615.72,1618.67,1618.70,1619.53,1623.09,1629.68,1636.66,1643.44,1650.40,1657.87,1660.91,1661.84,1660.86,1660.62,1663.12,1667.20,1672.78,1679.53,1687.17,1694.24,1705.21,1721.16,1735.94,1742.83,1744.81,1746.40,1747.86,1745.88,1744.86,1751.93,1763.65,1773.79,1779.71,1780.56,1782.55,1784.47,1783.02,1784.66,1788.69,1792.69,1796.82,1801.18,1808.53,1813.73,1818.94,1823.20,1827.87,1832.50,1837.38,1842.66,1848.22,1854.22,1860.69,1868.89,1876.51,1885.73,1898.29,1910.22,1926.20,1943.51,1962.55,1979.21,1990.01,1999.92,2009.45,2016.80,2019.79,2017.61,2013.77,2011.01,2009.60,2009.01,2008.84,2008.87,2008.66,2008.91,2009.61,2012.52,2014.25,2017.24,2020.48,2023.79,2027.40,2030.80,2036.13,2042.07,2049.30,2052.65,2053.54,2055.33,2058.62,2063.57,2069.43,2073.53,2077.47,2081.35,2085.06,2088.67,2092.47,2096.21,2099.44,2102.52,2105.86,2109.44,2112.55,2115.95,2119.43,2122.51,2124.99,2126.77,2128.65,2130.34,2131.53,2132.84,2134.10,2135.35,2136.63,2137.68,2138.50,2139.93,2141.02,2141.26,2141.47
1187.55,1190.19,1190.64,1191.48,1191.93,1192.18,1194.52,1197.37,1200.24,1203.70,1206.85,1209.20,1214.23,1222.03,1232.34,1243.84,1263.17,1278.38,1285.71,1292.17,1299.77,1300.26,1285.82,1274.60,1270.14,1269.59,1273.83,1273.46,1266.89,1259.85,1261.13,1264.73,1265.40,1265.66,1265.78,1268.48,1270.97,1274.43,1281.61,1297.11,1313.53,1324.81,1330.25,1330.70,1331.85,1333.96,1336.07,1338.57,1341.59,1345.04,1348.51,1355.22,1363.75,1369.61,1377.47,1382.18,1384.44,1386.95,1390.46,1396.38,1400.74,1402.78,1404.90,1406.91,1409.21,1413.14,1417.80,1422.64,1428.02,1431.92,1435.11,1438.28,1440.18,1440.49,1440.61,1440.91,1444.22,1448.33,1451.90,1455.10,1458.25,1461.70,1465.50,1468.97,1471.14,1472.70,1474.46,1476.35,1478.39,1480.95,1484.28,1487.66,1490.36,1492.01,1493.53,1494.54,1495.82,1498.02,1500.32,1503.23,1506.10,1509.02,1512.03,1515.43,1517.01,1517.69,1519.44,1522.77,1526.68,1531.20,1535.28,1539.57,1543.64,1548.24,1552.42,1553.37,1554.95,1557.17,1559.81,1562.40,1564.69,1566.09,1567.42,1570.08,1574.67,1579.74,1586.87,1593.48,1599.29,1608.52,1612.43,1613.52,1614.38,1618.22,1621.98,1623.54,1625.09,1629.00,1636.29,1644.33,1651.32,1657.25,1661.39,1663.15,1664.81,1666.46,1668.12,1670.47,1676.02,1683.52,1691.56,1696.92,1701.84,1712.24,1724.42,1735.13,1741.97,1746.63,1750.50,1752.38,1750.76,1747.47,1750.45,1762.46,1770.36,1772.42,1774.68,1777.37,1777.10,1780.48,1788.49,1794.26,1799.22,1801.97,1806.70,1811.25,1814.40,1817.54,1821.30,1826.47,1831.51,1836.58,1841.91,1847.53,1853.53,1860.11,1868.64,1877.77,1888.86,1901.69,1914.38,1931.37,1948.45,1964.52,1979.11,1988.70,1997.51,2004.47,2008.33,2008.56,2006.11,2003.60,2002.76,2002.52,2002.46,2002.26,2001.64,1999.76,1999.41,2002.06,2005.71,2009.38,2013.91,2018.27,2022.61,2026.65,2030.82,2036.54,2042.44,2047.66,2048.15,2049.33,2053.49,2057.69,2063.23,2069.73,2073.55,2076.75,2079.91,2083.36,2086.95,2090.35,2093.84,2096.76,2099.58,2102.91,2106.96,2111.36,2115.43,2119.57,2122.99,2125.56,2127.20,2128.96,2130.42,2131.55,2132.51,2133.57,2134.81,2135.77,2135.95,2136.49,2137.14,2138.16,2138.22,2138.10
1183.41,1185.15,1186.09,1187.87,1188.69,1191.22,1194.19,1196.64,1198.69,1201.31,1204.34,1208.41,1219.84,1228.00,1236.74,1244.66,1263.29,1280.98,1288.29,1295.52,1300.71,1300.15,1290.35,1277.76,1268.16,1258.26,1256.82,1255.49,1253.10,1254.48,1257.59,1258.49,1258.82,1257.01,1258.73,1262.34,1270.09,1280.08,1294.74,1310.89,1322.20,1328.95,1330.47,1330.88,1331.51,1333.07,1335.30,1338.51,1341.70,1344.88,1348.05,1355.20,1364.58,1371.11,1375.99,1379.01,1380.93,1383.73,1387.93,1395.42,1401.36,1403.84,1406.47,1408.90,1411.73,1416.70,1420.98,1424.70,1428.47,1431.12,1433.61,1436.55,1439.05,1439.45,1439.57,1440.74,1444.43,1448.39,1451.78,1455.04,1458.33,1461.69,1464.34,1466.78,1468.79,1470.58,1472.47,1475.00,1478.21,1481.39,1484.73,1488.11,1490.81,1492.43,1493.40,1494.30,1495.86,1498.70,1501.20,1503.94,1506.32,1508.68,1511.59,1515.27,1518.73,1520.91,1522.70,1527.06,1531.89,1536.39,1539.99,1543.95,1547.76,1549.60,1554.52,1556.47,1556.74,1558.66,1560.98,1563.26,1565.51,1567.81,1569.51,1572.03,1576.05,1580.77,1586.86,1592.63,1597.64,1606.78,1612.37,1615.16,1617.36,1619.25,1622.30,1625.33,1628.04,1632.55,1641.19,1649.79,1657.59,1661.46,1663.97,1665.71,1667.14,1670.05,1674.09,1678.06,1684.05,1690.65,1697.62,1703.95,1710.16,1718.78,1725.99,1733.36,1740.13,1745.32,1750.19,1755.20,1757.72,1755.69,1752.64,1758.09,1762.93,1765.91,1768.46,1771.80,1779.19,1786.17,1792.28,1797.21,1801.37,1804.07,1806.73,1809.06,1812.24,1816.38,1820.41,1825.45,1830.57,1835.74,1841.07,1847.21,1853.63,1860.33,1870.54,1882.07,1894.78,1906.76,1920.88,1936.84,1951.57,1965.12,1977.82,1986.67,1993.79,1999.49,2000.98,1998.51,1997.01,1996.28,1995.69,1994.93,1994.78,1995.00,1995.53,1995.03,1995.55,1998.26,2002.99,2009.27,2014.71,2019.90,2025.46,2029.92,2033.10,2037.98,2041.82,2044.12,2043.45,2047.17,2052.94,2057.58,2063.10,2069.14,2072.68,2075.64,2078.61,2081.88,2085.48,2088.62,2091.40,2094.22,2096.89,2099.91,2104.68,2110.01,2114.34,2118.73,2122.35,2124.88,2126.35,2127.92,2129.69,2130.78,2131.20,2131.55,2132.36,2132.24,2131.72,2131.36,2130.70,2130.01,2129.28,2128.34
1180.93,1180.28,1181.89,1184.27,1188.06,1190.76,1192.24,1194.57,1196.93,1199.24,1202.29,1208.62,1222.46,1235.07,1250.10,1258.73,1273.08,1284.99,1291.66,1296.92,1299.03,1298.64,1294.10,1286.38,1274.03,1256.72,1247.86,1247.34,1247.13,1249.83,1249.11,1249.64,1253.00,1256.77,1263.11,1270.98,1277.85,1291.81,1307.84,1319.05,1326.46,1329.89,1329.88,1330.30,1331.00,1332.24,1334.72,1338.30,1341.68,1344.85,1347.94,1355.49,1362.96,1367.35,1370.34,1372.91,1376.68,1380.70,1385.63,1393.58,1400.72,1402.60,1405.59,1409.87,1413.93,1418.50,1421.90,1424.09,1426.08,1428.61,1431.11,1434.14,1436.80,1438.35,1439.89,1441.70,1444.96,1448.28,1451.26,1454.07,1457.12,1459.89,1462.21,1464.75,1467.60,1469.74,1472.09,1475.27,1478.59,1481.84,1485.07,1488.38,1491.09,1493.39,1495.13,1496.26,1498.72,1501.51,1504.02,1506.74,1508.72,1510.81,1513.22,1515.95,1519.20,1523.69,1526.14,1530.52,1537.77,1542.74,1547.42,1550.81,1553.44,1557.77,1560.45,1560.55,1559.71,1561.84,1564.53,1565.29,1566.98,1569.10,1571.40,1574.18,1577.30,1581.32,1587.11,1592.88,1597.75,1605.33,1611.18,1613.94,1617.47,1620.64,1623.07,1625.75,1628.32,1633.21,1642.67,1651.46,1658.03,1660.10,1664.72,1668.50,1670.60,1676.88,1681.30,1684.34,1688.94,1694.50,1700.77,1707.31,1714.25,1721.60,1728.01,1733.79,1739.88,1745.60,1750.90,1757.40,1763.02,1765.18,1765.35,1768.79,1772.41,1774.05,1775.08,1779.45,1784.24,1788.36,1792.38,1796.28,1799.48,1801.73,1804.26,1807.45,1811.16,1815.76,1820.45,1825.08,1829.80,1835.17,1840.99,1847.88,1856.07,1865.81,1876.81,1889.66,1900.80,1913.48,1927.33,1941.20,1953.15,1963.58,1974.57,1982.69,1987.78,1991.77,1992.65,1991.01,1990.68,1990.41,1989.37,1988.01,1987.97,1988.79,1990.09,1990.57,1992.54,1997.63,2002.71,2007.93,2012.90,2017.56,2024.13,2030.47,2033.52,2035.71,2037.87,2040.71,2039.99,2045.37,2051.98,2057.25,2063.53,2069.78,2072.82,2075.49,2078.17,2080.95,2084.08,2087.09,2089.28,2091.53,2093.97,2096.59,2101.46,2107.17,2111.96,2116.02,2119.95,2122.32,2124.12,2125.55,2127.03,2128.52,2129.13,2128.66,2127.41,2125.66,2123.82,2121.27,2118.83,2117.49,2117.18,2117.01
1180.53,1178.63,1180.12,1183.47,1186.71,1188.10,1189.61,1192.18,1193.89,1196.52,1200.92,1210.64,1224.80,1241.94,1261.09,1272.18,1279.83,1287.05,1289.79,1289.17,1287.99,1288.86,1288.91,1284.55,1273.12,1256.12,1243.89,1243.44,1242.48,1244.89,1251.12,1255.63,1259.23,1263.21,1271.02,1277.88,1287.77,1305.32,1315.09,1321.89,1326.56,1328.19,1327.89,1329.03,1330.62,1331.71,1333.97,1337.58,1341.09,1344.41,1347.63,1352.54,1357.66,1361.56,1367.60,1374.16,1379.50,1381.52,1385.52,1391.10,1397.36,1401.54,1404.83,1408.24,1412.07,1416.25,1419.43,1422.34,1426.85,1430.00,1431.63,1434.13,1438.52,1441.65,1443.48,1444.39,1446.60,1449.59,1451.99,1454.42,1457.31,1459.95,1462.77,1466.06,1469.45,1472.42,1474.23,1476.92,1479.98,1482.76,1485.54,1488.61,1491.55,1493.97,1496.21,1498.36,1500.58,1504.36,1507.14,1509.51,1511.36,1513.49,1515.48,1517.89,1520.56,1525.24,1529.52,1533.79,1540.43,1545.13,1549.69,1553.05,1555.41,1556.95,1558.95,1561.93,1566.45,1570.80,1571.49,1569.42,1569.36,1571.74,1573.75,1575.75,1578.01,1581.47,1587.52,1593.91,1599.14,1604.27,1608.66,1611.43,1615.55,1619.66,1622.39,1625.20,1628.36,1633.38,1642.05,1650.69,1655.03,1659.19,1665.63,1672.08,1678.08,1683.46,1688.33,1692.81,1697.43,1700.41,1704.05,1708.44,1715.22,1723.41,1731.52,1736.87,1742.29,1748.21,1753.78,1760.77,1768.24,1771.19,1773.67,1776.34,1779.46,1780.63,1781.58,1782.92,1784.96,1787.59,1790.67,1793.93,1796.69,1799.41,1802.71,1806.44,1810.51,1815.16,1819.62,1824.51,1829.71,1836.30,1843.62,1851.58,1862.15,1874.29,1886.38,1896.85,1907.68,1919.88,1932.29,1942.95,1951.91,1960.07,1969.33,1976.66,1981.90,1985.05,1985.90,1984.39,1983.75,1983.60,1982.77,1982.59,1983.86,1985.29,1986.32,1987.43,1990.63,1996.06,2000.49,2005.09,2010.82,2013.52,2021.94,2027.45,2029.55,2031.45,2034.03,2036.61,2038.11,2043.80,2049.35,2054.82,2060.71,2069.12,2072.74,2075.33,2077.94,2080.65,2083.19,2084.99,2086.68,2088.29,2089.66,2092.14,2097.26,2103.10,2107.64,2111.23,2114.66,2117.48,2119.59,2121.23,2122.23,2123.09,2123.52,2122.64,2120.31,2117.36,2113.84,2109.62,2107.99,2109.03,2109.78,2110.42
1180.12,1177.47,1179.33,1182.43,1184.15,1185.34,1187.35,1188.88,1191.35,1197.31,1205.21,1218.59,1229.88,1250.39,1269.35,1276.43,1280.76,1279.85,1277.63,1274.24,1273.31,1278.03,1280.79,1277.53,1267.13,1251.03,1238.69,1239.04,1241.45,1248.27,1257.54,1265.81,1271.35,1275.40,1280.42,1287.14,1300.61,1311.92,1317.50,1322.10,1324.75,1325.95,1325.98,1328.41,1330.43,1331.03,1332.36,1335.73,1339.59,1342.90,1346.25,1351.51,1358.76,1364.63,1371.55,1377.30,1381.13,1383.24,1387.91,1393.59,1400.57,1405.33,1408.42,1409.96,1412.91,1417.02,1420.47,1424.71,1429.45,1431.09,1433.63,1438.66,1442.41,1445.15,1447.07,1448.06,1449.07,1451.09,1453.38,1455.86,1458.17,1461.30,1464.49,1467.88,1471.03,1473.57,1476.42,1478.84,1482.18,1485.82,1488.21,1491.13,1494.53,1496.32,1497.76,1499.71,1502.74,1506.33,1509.70,1511.62,1513.16,1514.13,1515.51,1517.80,1520.37,1525.56,1531.06,1535.40,1539.49,1543.78,1548.64,1551.49,1552.34,1551.91,1552.13,1555.65,1563.90,1571.97,1579.75,1580.44,1579.10,1577.45,1576.77,1578.03,1579.94,1583.42,1588.13,1594.46,1600.79,1603.65,1606.38,1609.20,1613.21,1617.40,1620.77,1624.07,1627.75,1632.98,1640.44,1649.52,1654.29,1659.39,1666.26,1673.27,1679.38,1684.51,1691.30,1698.34,1703.97,1708.19,1710.51,1712.61,1718.13,1726.15,1734.72,1741.21,1746.86,1753.37,1759.59,1765.58,1771.18,1773.77,1776.03,1777.94,1779.15,1779.51,1780.06,1781.87,1784.78,1787.16,1789.09,1791.41,1794.54,1797.84,1801.36,1805.51,1809.82,1814.13,1818.49,1824.24,1831.01,1839.22,1848.36,1858.52,1871.72,1883.80,1894.84,1903.94,1914.83,1926.15,1934.92,1942.60,1949.27,1955.86,1962.61,1969.67,1975.33,1979.13,1980.02,1978.42,1977.41,1976.57,1976.38,1977.50,1980.24,1981.99,1983.35,1986.05,1989.00,1992.47,1996.04,2000.30,2005.26,2007.27,2014.97,2022.37,2025.26,2028.44,2031.29,2033.71,2037.16,2041.05,2046.08,2052.14,2056.73,2064.01,2071.43,2073.96,2076.53,2079.38,2081.65,2082.70,2083.68,2084.38,2084.43,2086.52,2090.84,2097.39,2101.65,2104.52,2107.05,2109.22,2111.19,2113.27,2114.89,2115.26,2115.40,2114.32,2111.39,2108.29,2105.32,2104.09,2104.35,2106.19,2107.82,2108.49
1178.59,1175.67,1177.60,1180.13,1181.31,1182.64,1184.42,1187.10,1192.17,1201.14,1212.72,1223.12,1235.48,1254.85,1270.75,1272.20,1267.10,1262.99,1261.34,1259.05,1259.18,1264.25,1270.64,1268.97,1256.27,1237.24,1235.67,1241.80,1251.50,1262.70,1268.90,1273.43,1278.32,1286.03,1293.74,1300.70,1307.91,1312.93,1317.12,1319.94,1322.86,1323.58,1324.79,1327.66,1329.78,1330.29,1330.51,1332.43,1335.71,1340.19,1344.72,1350.14,1356.90,1361.37,1368.39,1373.13,1379.85,1383.60,1392.45,1400.88,1406.48,1410.15,1412.20,1413.65,1417.03,1420.78,1423.71,1427.53,1430.21,1431.91,1438.04,1442.60,1445.48,1448.51,1450.02,1450.24,1451.07,1452.91,1455.18,1457.98,1460.12,1462.17,1464.95,1467.95,1471.60,1475.06,1477.81,1480.87,1485.18,1489.50,1491.27,1494.05,1496.63,1498.55,1499.98,1501.53,1504.40,1507.50,1510.01,1511.04,1511.02,1510.60,1511.95,1515.01,1518.79,1524.06,1529.55,1533.58,1537.19,1541.15,1544.79,1547.86,1547.95,1547.06,1547.12,1551.35,1560.74,1567.99,1578.51,1585.54,1588.33,1586.23,1582.10,1581.49,1582.36,1584.18,1587.33,1591.11,1596.79,1600.95,1604.85,1608.88,1612.12,1615.47,1618.71,1622.43,1626.82,1632.18,1639.47,1648.32,1653.63,1658.24,1664.01,1670.55,1675.30,1679.31,1688.37,1698.26,1705.32,1710.83,1714.27,1717.50,1722.71,1730.01,1736.66,1743.03,1748.84,1755.63,1762.20,1766.51,1769.58,1772.82,1775.88,1777.40,1777.71,1777.93,1778.63,1780.28,1784.03,1786.49,1788.13,1789.95,1793.05,1796.27,1799.52,1803.78,1808.55,1813.13,1818.04,1824.82,1834.22,1844.68,1854.74,1866.95,1881.00,1892.63,1902.07,1912.63,1923.36,1930.40,1935.31,1941.09,1946.44,1952.05,1958.08,1964.43,1970.09,1973.55,1973.70,1972.43,1972.18,1972.09,1972.56,1973.87,1976.54,1979.43,1982.12,1984.37,1986.40,1988.35,1990.69,1994.70,2000.02,2004.55,2009.90,2017.51,2022.61,2026.49,2029.79,2031.98,2035.23,2038.29,2042.07,2049.06,2053.90,2057.68,2065.07,2071.19,2073.70,2076.56,2079.36,2080.79,2081.09,2080.63,2079.48,2081.06,2085.53,2089.55,2092.05,2096.22,2098.71,2101.19,2103.67,2105.73,2106.55,2107.06,2106.98,2105.79,2103.43,2101.61,2101.60,2102.45,2103.66,2105.11,2106.34,2107.12
1174.28,1173.87,1176.55,1177.74,1178.80,1180.22,1182.45,1187.60,1194.41,1203.38,1213.90,1223.61,1236.27,1254.16,1265.21,1263.62,1254.50,1247.97,1245.13,1244.12,1246.95,1254.18,1261.65,1259.13,1237.30,1229.78,1238.17,1247.88,1262.39,1273.03,1275.81,1277.98,1282.55,1291.45,1300.06,1304.59,1309.01,1312.56,1315.15,1318.82,1321.31,1321.48,1323.61,1326.28,1328.03,1328.31,1328.30,1328.43,1330.33,1337.34,1343.17,1347.68,1351.72,1357.42,1363.61,1370.46,1379.31,1385.42,1393.66,1402.60,1408.69,1412.17,1414.64,1417.16,1420.00,1422.78,1425.33,1427.17,1428.91,1430.60,1436.97,1442.17,1446.75,1450.49,1450.98,1451.16,1451.99,1453.69,1456.49,1459.45,1462.36,1464.71,1467.29,1470.06,1472.65,1475.76,1478.51,1481.89,1486.30,1490.36,1493.07,1495.38,1497.42,1499.75,1501.83,1503.45,1506.26,1507.96,1508.32,1508.70,1508.30,1507.44,1509.11,1513.01,1517.15,1521.67,1526.82,1530.60,1533.98,1537.30,1540.29,1542.52,1541.37,1541.43,1544.57,1549.99,1558.67,1566.38,1575.55,1585.72,1594.90,1600.27,1595.49,1588.46,1586.67,1585.60,1587.13,1590.11,1595.00,1600.46,1605.73,1610.57,1614.23,1617.31,1619.92,1623.21,1627.49,1632.61,1639.45,1648.09,1653.97,1658.73,1663.82,1668.40,1672.88,1677.87,1689.04,1699.03,1705.00,1710.09,1714.12,1718.50,1724.15,1730.62,1736.57,1742.18,1747.37,1753.84,1760.90,1764.40,1767.73,1771.91,1775.62,1776.23,1776.07,1776.59,1778.00,1779.88,1783.26,1785.74,1787.05,1788.91,1791.53,1794.69,1798.10,1802.43,1807.39,1812.58,1818.30,1827.65,1839.71,1850.63,1861.66,1875.84,1888.69,1899.70,1910.82,1922.12,1929.56,1932.27,1934.92,1938.81,1943.24,1949.01,1955.76,1962.31,1965.99,1966.50,1966.06,1965.61,1966.53,1968.00,1970.02,1973.28,1976.09,1978.35,1979.64,1981.02,1983.16,1985.34,1987.91,1991.99,1997.56,2002.94,2008.60,2015.15,2020.78,2024.49,2027.90,2030.18,2033.23,2036.51,2038.72,2043.67,2050.20,2054.28,2058.39,2062.95,2068.48,2072.77,2075.74,2077.64,2077.96,2076.84,2075.93,2078.87,2083.16,2085.79,2086.12,2088.65,2091.99,2094.84,2097.12,2098.21,2098.58,2099.68,2100.58,2099.99,2098.80,2098.80,2100.35,2101.87,2103.30,2104.65,2105.45,2106.28
1170.74,1173.08,1174.80,1175.40,1176.63,1177.98,1180.44,1186.88,1194.01,1200.85,1210.69,1221.09,1231.84,1250.98,1258.74,1254.31,1243.62,1237.14,1234.68,1232.97,1237.31,1247.25,1254.93,1250.08,1226.63,1229.91,1238.61,1250.65,1268.08,1274.53,1273.15,1275.12,1280.89,1288.80,1296.80,1302.73,1307.23,1310.00,1313.54,1317.42,1318.31,1320.04,1322.67,1324.95,1325.21,1324.92,1324.44,1324.99,1327.36,1334.47,1342.38,1347.29,1354.29,1360.88,1365.88,1373.12,1380.84,1386.11,1392.65,1400.97,1406.53,1410.16,1412.58,1416.42,1420.58,1422.34,1422.65,1422.89,1423.67,1424.32,1429.83,1437.18,1444.77,1450.37,1451.30,1452.16,1453.03,1454.37,1457.44,1460.45,1462.80,1465.21,1467.51,1469.92,1472.57,1474.60,1477.44,1480.70,1485.13,1489.58,1492.92,1495.67,1498.01,1499.91,1502.93,1504.97,1505.93,1506.07,1506.17,1506.34,1505.85,1504.70,1506.43,1511.09,1514.95,1518.25,1521.07,1524.75,1530.40,1533.46,1535.23,1535.50,1535.03,1537.61,1542.61,1548.78,1556.49,1565.30,1575.11,1587.37,1597.65,1607.56,1608.15,1598.29,1591.12,1588.49,1588.82,1591.44,1595.74,1600.65,1605.87,1610.96,1615.84,1619.81,1622.69,1625.72,1629.57,1634.06,1639.58,1646.13,1652.92,1662.20,1668.95,1672.44,1676.56,1681.74,1691.00,1698.49,1704.23,1709.87,1715.39,1719.65,1724.32,1729.87,1735.15,1740.03,1747.26,1754.18,1760.28,1763.67,1766.72,1770.11,1773.58,1774.43,1774.47,1775.89,1777.62,1779.47,1782.06,1784.32,1785.65,1787.38,1789.90,1793.32,1797.26,1801.74,1806.75,1812.27,1819.63,1831.56,1845.00,1856.70,1869.90,1883.73,1895.50,1908.07,1919.27,1928.43,1932.18,1934.24,1936.31,1938.50,1942.43,1948.07,1955.41,1960.27,1960.29,1958.81,1958.41,1960.32,1964.46,1968.90,1972.53,1975.27,1974.66,1976.01,1976.71,1978.93,1981.25,1984.17,1987.42,1991.11,1996.08,2001.18,2006.70,2012.45,2018.03,2022.30,2025.84,2029.03,2032.28,2034.08,2035.56,2039.28,2045.72,2051.72,2055.41,2057.19,2060.50,2067.67,2071.59,2073.22,2073.27,2072.38,2073.51,2077.67,2081.25,2082.27,2081.56,2083.54,2086.66,2088.99,2090.12,2090.74,2092.87,2095.25,2096.48,2096.64,2096.75,2098.25,2100.20,2101.89,2103.37,2104.71,2105.87,2107.05
1169.20,1171.89,1172.26,1173.14,1174.42,1175.81,1179.03,1185.41,1191.86,1197.26,1205.85,1216.43,1228.33,1245.91,1252.03,1246.33,1238.81,1232.83,1229.23,1227.89,1230.27,1239.04,1247.33,1242.58,1220.81,1229.01,1239.37,1255.17,1271.44,1272.80,1268.60,1270.78,1281.51,1290.69,1296.41,1301.38,1303.93,1306.83,1311.93,1313.51,1315.79,1319.82,1321.94,1323.13,1322.58,1321.64,1320.53,1322.63,1327.66,1336.46,1347.74,1351.95,1359.22,1364.87,1368.90,1374.55,1381.37,1385.91,1390.64,1397.02,1401.17,1404.32,1407.23,1411.00,1416.47,1418.63,1417.92,1417.41,1417.33,1417.10,1424.63,1434.33,1443.02,1449.49,1450.61,1451.36,1453.04,1454.69,1457.10,1459.90,1462.21,1464.12,1465.96,1468.13,1470.47,1472.19,1475.11,1478.98,1483.55,1488.06,1491.85,1495.70,1499.18,1501.19,1503.34,1504.16,1504.25,1504.32,1504.37,1504.42,1503.41,1501.79,1501.41,1504.90,1510.35,1513.71,1515.83,1520.02,1526.08,1528.42,1528.06,1528.13,1530.42,1538.25,1545.04,1550.88,1557.74,1565.28,1574.25,1585.64,1596.27,1606.77,1611.71,1608.55,1599.30,1592.99,1591.77,1593.15,1596.39,1600.76,1605.46,1610.12,1615.34,1620.09,1623.91,1627.70,1631.41,1635.72,1640.38,1646.17,1653.20,1663.25,1671.52,1674.68,1678.19,1683.39,1689.24,1696.85,1704.25,1711.72,1718.77,1722.81,1726.70,1731.01,1735.30,1739.47,1747.14,1753.07,1757.99,1761.51,1763.73,1766.54,1768.92,1771.47,1773.88,1775.87,1777.64,1779.16,1780.85,1782.64,1784.12,1786.18,1788.67,1791.77,1796.20,1800.98,1806.56,1813.14,1822.26,1836.37,1849.85,1862.82,1877.43,1890.48,1902.90,1913.83,1921.98,1929.07,1932.00,1933.61,1935.52,1939.32,1943.70,1948.86,1951.63,1949.78,1953.09,1953.49,1955.09,1958.69,1967.65,1973.89,1975.42,1973.73,1972.96,1973.81,1974.85,1977.39,1979.95,1983.08,1986.30,1989.76,1994.32,1998.59,2003.72,2009.26,2014.98,2020.10,2024.17,2028.53,2030.67,2030.37,2032.48,2037.54,2043.68,2049.76,2052.34,2054.80,2059.51,2063.48,2065.33,2067.29,2067.61,2068.51,2071.66,2075.63,2078.85,2078.65,2077.52,2079.11,2081.57,2084.39,2085.86,2087.03,2089.29,2091.65,2093.34,2095.22,2097.22,2098.51,2100.03,2102.09,2103.88,2105.59,2106.89,2108.03
1166.93,1169.12,1169.51,1170.84,1172.09,1173.68,1176.20,1180.40,1186.38,1192.85,1200.46,1211.87,1226.79,1242.05,1245.33,1239.68,1234.31,1229.68,1227.38,1225.66,1227.19,1231.28,1234.14,1232.88,1219.15,1227.55,1242.02,1262.09,1272.22,1271.68,1266.58,1269.59,1284.22,1291.95,1294.59,1297.51,1299.02,1303.28,1308.27,1310.04,1314.41,1319.38,1319.91,1320.52,1319.27,1316.86,1318.85,1324.44,1331.93,1345.39,1352.98,1357.65,1362.61,1367.58,1372.47,1377.12,1381.76,1385.43,1388.84,1393.16,1396.71,1398.54,1399.97,1401.83,1406.67,1410.70,1410.70,1410.56,1410.57,1410.70,1421.66,1432.66,1440.91,1447.04,1449.80,1448.92,1450.56,1452.05,1454.01,1457.19,1460.28,1461.86,1463.00,1465.09,1467.52,1469.66,1473.32,1477.91,1482.38,1486.75,1490.13,1494.47,1499.15,1501.23,1502.22,1502.78,1502.85,1502.88,1502.95,1502.82,1501.66,1499.50,1498.48,1498.63,1501.00,1507.64,1512.52,1516.93,1520.00,1520.20,1521.57,1525.64,1530.76,1542.08,1550.34,1556.95,1562.42,1567.98,1576.04,1586.35,1596.99,1606.65,1612.50,1613.26,1609.41,1600.70,1596.59,1596.67,1597.45,1600.80,1605.20,1609.18,1613.59,1618.35,1623.08,1627.47,1632.06,1636.52,1641.23,1646.72,1653.00,1660.82,1668.34,1671.05,1673.47,1680.28,1688.52,1698.38,1706.12,1713.98,1721.19,1725.58,1729.57,1733.20,1736.34,1739.64,1744.27,1748.48,1752.23,1757.43,1761.08,1764.79,1768.97,1772.80,1775.34,1776.97,1778.53,1780.30,1781.75,1783.25,1784.87,1786.63,1788.59,1790.79,1795.15,1799.89,1806.25,1814.02,1825.37,1840.22,1854.27,1868.94,1883.25,1895.43,1905.81,1913.39,1918.87,1924.19,1928.46,1930.01,1930.36,1934.69,1940.12,1944.80,1945.34,1943.87,1946.40,1948.97,1956.44,1962.56,1971.13,1973.27,1971.00,1971.59,1971.22,1971.97,1973.67,1975.92,1978.62,1982.22,1985.59,1988.88,1992.79,1997.20,2002.06,2007.74,2013.37,2018.41,2022.31,2024.94,2026.45,2028.22,2032.13,2037.75,2042.77,2047.09,2049.62,2053.10,2057.50,2060.58,2062.38,2064.01,2065.92,2068.65,2071.32,2074.52,2076.34,2074.76,2073.81,2075.18,2077.55,2080.42,2082.55,2084.70,2087.71,2090.56,2094.14,2097.54,2100.54,2102.83,2102.99,2104.21,2105.44,2106.43,2107.88,2109.19
1160.84,1164.35,1165.81,1167.19,1168.66,1169.72,1169.59,1171.00,1175.67,1183.86,1194.47,1208.27,1226.26,1240.10,1241.70,1236.08,1230.39,1227.52,1225.51,1223.65,1223.35,1223.89,1221.79,1219.30,1218.22,1235.89,1251.49,1267.58,1271.89,1270.60,1263.05,1264.89,1277.24,1285.71,1288.06,1290.43,1293.71,1300.39,1303.80,1307.17,1312.26,1315.28,1313.95,1311.97,1311.41,1315.08,1321.00,1328.85,1339.29,1351.13,1356.40,1360.40,1364.34,1368.53,1372.83,1376.94,1380.83,1383.83,1386.73,1390.18,1393.00,1394.77,1396.24,1397.92,1400.81,1405.47,1406.48,1406.33,1406.11,1409.15,1418.22,1429.53,1437.43,1443.03,1445.48,1444.21,1445.97,1448.11,1449.32,1451.67,1455.50,1458.27,1459.82,1461.74,1464.48,1468.58,1472.90,1477.46,1481.62,1485.68,1488.63,1491.93,1496.02,1498.80,1500.50,1501.42,1501.43,1501.45,1501.46,1501.14,1499.73,1497.50,1496.43,1497.79,1499.89,1504.69,1510.40,1513.94,1516.39,1518.10,1521.32,1527.20,1533.68,1542.62,1554.97,1560.88,1565.08,1569.90,1577.41,1586.03,1597.13,1605.89,1611.23,1614.00,1615.00,1610.95,1604.23,1600.68,1600.53,1602.24,1605.01,1608.43,1612.75,1617.43,1622.16,1627.41,1632.04,1636.67,1640.97,1645.52,1649.94,1655.59,1660.58,1665.35,1669.96,1676.43,1685.02,1695.99,1704.88,1712.39,1719.95,1725.18,1730.28,1731.39,1733.39,1736.82,1740.68,1746.70,1754.07,1759.61,1762.46,1766.82,1772.25,1775.79,1777.13,1778.71,1779.99,1781.27,1782.41,1783.65,1785.16,1786.70,1788.28,1789.99,1794.03,1799.04,1805.73,1814.34,1827.22,1841.53,1856.44,1872.71,1886.12,1896.26,1903.13,1907.59,1912.42,1916.56,1920.47,1923.95,1925.91,1928.80,1932.99,1937.55,1938.32,1937.66,1941.05,1948.46,1958.55,1964.96,1968.49,1968.19,1967.80,1969.06,1969.55,1970.10,1971.62,1973.62,1976.73,1981.20,1984.54,1987.83,1991.86,1996.43,2000.66,2007.22,2013.12,2017.97,2021.13,2023.01,2025.63,2028.56,2032.48,2038.11,2041.65,2044.59,2047.76,2051.59,2055.89,2059.68,2062.59,2065.82,2069.17,2070.92,2072.55,2074.30,2073.73,2071.58,2070.08,2071.17,2073.76,2076.51,2079.89,2083.28,2086.60,2090.34,2095.40,2100.54,2105.42,2106.40,2106.88,2107.37,2107.94,2108.24,2109.24,2110.57
1159.14,1160.28,1161.68,1163.16,1165.23,1168.59,1171.09,1171.51,1171.66,1177.58,1188.18,1205.29,1226.91,1241.95,1243.80,1237.23,1229.50,1225.75,1223.56,1221.77,1218.94,1212.30,1211.29,1218.79,1232.97,1248.08,1259.71,1268.74,1270.99,1268.48,1259.30,1258.70,1265.87,1272.77,1275.64,1280.92,1286.60,1292.74,1297.85,1302.24,1307.12,1308.84,1306.37,1306.79,1311.61,1315.91,1321.92,1332.43,1344.74,1354.14,1359.52,1362.74,1365.59,1369.02,1372.05,1375.72,1378.81,1381.11,1384.14,1387.82,1391.08,1393.15,1395.14,1397.22,1399.27,1401.95,1402.99,1402.72,1403.09,1409.42,1416.37,1423.59,1431.91,1437.32,1438.66,1438.19,1441.33,1443.67,1443.22,1445.10,1449.32,1451.45,1452.82,1457.35,1463.37,1468.52,1472.57,1478.27,1481.62,1484.15,1486.67,1489.13,1492.30,1494.42,1497.34,1499.43,1499.69,1499.73,1499.36,1498.30,1495.96,1494.78,1496.68,1499.14,1502.52,1506.38,1509.81,1513.51,1516.79,1519.66,1523.39,1528.32,1534.42,1544.00,1556.46,1561.50,1564.97,1569.20,1575.09,1583.47,1591.75,1600.78,1607.21,1611.22,1616.10,1617.97,1614.91,1608.30,1605.91,1607.14,1608.32,1609.89,1613.04,1617.13,1621.91,1628.24,1632.38,1636.02,1639.53,1643.47,1647.62,1653.31,1660.87,1669.01,1677.98,1681.89,1685.49,1692.14,1700.43,1707.10,1713.23,1718.82,1723.68,1726.60,1730.91,1736.31,1741.61,1748.86,1756.56,1761.12,1764.34,1767.82,1772.36,1775.48,1776.04,1777.42,1778.38,1779.48,1780.46,1781.96,1784.41,1786.34,1787.95,1789.42,1793.04,1798.46,1805.19,1813.83,1827.01,1841.26,1855.90,1869.76,1882.28,1891.16,1896.22,1899.34,1903.90,1908.60,1912.75,1917.12,1921.18,1923.91,1926.03,1928.09,1929.93,1932.28,1939.54,1949.53,1957.38,1961.57,1963.83,1964.16,1964.73,1965.66,1966.55,1967.49,1969.29,1971.14,1974.29,1979.25,1983.42,1987.79,1991.96,1996.25,1999.95,2006.36,2011.39,2014.53,2018.39,2024.19,2028.62,2031.17,2034.01,2037.64,2039.82,2042.03,2045.49,2049.99,2054.01,2057.71,2061.73,2064.49,2067.99,2070.68,2072.01,2072.53,2072.09,2069.65,2067.20,2068.25,2070.07,2072.64,2077.98,2082.75,2086.60,2090.75,2096.51,2102.71,2106.43,2108.38,2109.74,2110.39,2110.64,2110.67,2111.10,2112.17
1164.26,1162.37,1163.45,1167.06,1171.46,1177.08,1178.82,1177.37,1175.90,1175.56,1185.47,1205.15,1229.79,1246.02,1247.35,1240.80,1232.49,1225.42,1220.78,1214.88,1209.01,1211.59,1222.89,1232.11,1242.68,1253.14,1260.15,1266.88,1268.61,1263.16,1256.14,1254.57,1258.51,1263.20,1266.06,1269.92,1276.40,1283.54,1287.14,1292.26,1297.64,1298.93,1300.48,1308.04,1312.82,1316.43,1322.41,1334.87,1349.10,1356.42,1361.86,1365.41,1367.93,1370.31,1372.32,1374.54,1376.84,1379.02,1382.67,1387.36,1390.81,1392.72,1394.50,1396.22,1397.80,1398.84,1399.45,1399.36,1400.71,1407.47,1413.10,1417.66,1425.31,1429.63,1430.62,1432.10,1436.46,1438.26,1437.33,1439.15,1442.14,1444.92,1447.86,1454.95,1463.30,1468.30,1472.43,1476.94,1479.38,1481.41,1484.15,1486.88,1489.33,1490.21,1492.22,1494.15,1495.18,1495.77,1494.58,1493.17,1492.77,1496.35,1499.47,1502.66,1506.89,1511.14,1514.11,1517.07,1520.55,1522.74,1526.07,1530.14,1535.98,1544.29,1555.32,1561.29,1564.67,1568.28,1573.64,1581.09,1587.38,1597.13,1605.69,1613.86,1619.07,1620.61,1621.39,1615.86,1611.67,1611.21,1611.85,1613.55,1615.63,1618.14,1621.72,1626.17,1629.83,1633.95,1638.38,1642.56,1648.54,1655.83,1663.92,1671.53,1679.73,1684.69,1689.70,1695.76,1700.53,1706.40,1711.47,1715.87,1720.13,1724.99,1730.61,1736.99,1742.52,1747.62,1752.95,1757.27,1761.03,1764.89,1767.29,1769.13,1771.58,1773.48,1774.76,1776.67,1778.38,1780.95,1784.70,1786.24,1787.68,1789.14,1792.29,1798.04,1804.45,1812.41,1824.77,1838.03,1852.89,1864.44,1874.94,1883.68,1888.47,1891.28,1894.68,1899.19,1903.95,1909.13,1914.07,1917.88,1919.04,1920.44,1924.03,1928.96,1939.09,1946.60,1952.26,1956.84,1959.38,1960.97,1961.90,1962.54,1963.41,1965.02,1966.92,1968.46,1971.90,1978.46,1983.82,1988.98,1992.28,1995.06,1998.38,2002.67,2007.34,2012.55,2019.90,2025.88,2029.53,2031.86,2033.47,2033.95,2035.56,2038.56,2042.44,2046.95,2049.83,2052.13,2057.47,2061.17,2063.24,2066.11,2068.80,2070.02,2069.96,2066.82,2065.06,2066.13,2068.02,2070.19,2077.55,2082.91,2087.15,2091.57,2097.29,2102.96,2106.55,2108.94,2111.16,2112.58,2113.38,2113.45,2113.46,2114.11
1174.50,1174.48,1174.13,1176.43,1183.86,1192.00,1195.10,1189.86,1181.28,1177.20,1187.93,1211.00,1234.27,1248.72,1247.94,1242.92,1235.18,1221.28,1208.63,1207.68,1210.22,1216.79,1225.52,1231.08,1239.38,1249.47,1258.31,1263.95,1262.67,1255.34,1250.94,1250.06,1253.49,1256.98,1259.27,1261.94,1267.31,1273.16,1277.76,1281.83,1286.45,1291.14,1300.26,1307.08,1311.92,1316.28,1324.86,1341.19,1356.14,1360.21,1364.55,1368.58,1370.45,1372.01,1373.86,1375.64,1377.51,1379.57,1382.55,1386.74,1389.97,1391.48,1392.99,1394.65,1394.99,1395.20,1395.84,1396.81,1399.62,1404.40,1408.39,1412.62,1419.81,1424.43,1426.00,1427.88,1430.62,1433.96,1439.32,1442.07,1442.45,1444.46,1447.42,1453.65,1462.74,1468.26,1473.91,1479.38,1481.42,1481.98,1482.76,1484.53,1486.75,1487.63,1488.80,1489.74,1490.76,1491.29,1490.44,1490.00,1492.83,1499.01,1503.21,1507.41,1511.38,1515.68,1519.33,1521.62,1525.51,1527.72,1529.93,1533.38,1538.63,1545.07,1553.08,1560.24,1564.65,1569.38,1574.90,1581.18,1587.93,1598.33,1607.75,1617.67,1622.78,1623.69,1626.01,1622.78,1617.24,1615.13,1614.94,1617.11,1619.29,1621.00,1623.82,1626.70,1629.89,1633.58,1637.13,1642.21,1649.99,1657.01,1663.46,1669.27,1675.40,1681.71,1687.33,1695.82,1701.87,1707.62,1713.00,1717.65,1721.54,1725.97,1730.85,1735.74,1740.26,1745.04,1749.17,1753.27,1757.59,1760.78,1762.17,1763.02,1765.40,1767.24,1769.75,1774.73,1777.65,1780.50,1784.96,1787.04,1788.37,1789.27,1792.37,1797.55,1803.30,1810.81,1821.85,1833.63,1847.38,1859.24,1867.45,1874.73,1880.14,1882.96,1885.34,1889.60,1894.91,1900.08,1905.28,1909.87,1912.41,1914.44,1918.56,1923.04,1935.15,1941.09,1947.77,1952.77,1955.42,1957.55,1958.83,1959.44,1960.66,1962.58,1964.58,1967.13,1971.09,1978.17,1983.64,1987.35,1989.38,1992.75,1996.76,2002.58,2010.88,2015.91,2021.74,2026.18,2028.07,2029.23,2030.01,2029.80,2030.82,2034.43,2039.13,2043.86,2046.90,2048.10,2050.05,2055.46,2059.36,2061.97,2063.80,2064.97,2065.41,2064.71,2064.54,2065.22,2067.39,2069.97,2075.39,2081.26,2086.41,2090.78,2096.41,2102.08,2105.86,2108.18,2110.33,2113.70,2115.63,2116.05,2115.94,2116.31
1190.26,1189.94,1187.77,1188.76,1195.61,1203.24,1207.77,1201.65,1184.15,1180.13,1195.85,1220.28,1235.62,1246.53,1245.90,1241.93,1233.70,1213.54,1206.15,1212.23,1214.19,1217.58,1222.78,1228.67,1237.03,1245.60,1254.46,1259.36,1252.86,1243.75,1243.63,1246.56,1249.85,1253.99,1256.81,1259.80,1261.51,1265.36,1270.92,1277.27,1283.22,1291.16,1299.88,1306.63,1312.21,1320.60,1338.03,1354.00,1361.40,1364.53,1367.99,1370.90,1372.42,1373.84,1375.47,1377.15,1378.86,1380.97,1383.36,1386.77,1388.65,1389.57,1391.39,1392.26,1391.44,1391.51,1393.10,1396.58,1400.80,1405.09,1407.29,1410.69,1416.28,1421.12,1424.19,1427.60,1432.18,1439.95,1443.51,1446.26,1447.65,1449.17,1451.02,1454.43,1461.60,1468.01,1474.09,1479.30,1482.13,1483.93,1484.54,1484.94,1485.72,1487.11,1488.17,1488.66,1489.04,1489.35,1489.59,1490.45,1493.69,1498.96,1503.84,1509.13,1513.68,1517.98,1522.34,1526.30,1530.47,1532.22,1534.29,1537.24,1540.97,1545.69,1552.03,1559.49,1564.81,1569.95,1575.97,1582.34,1589.67,1600.18,1608.52,1618.54,1624.37,1627.12,1629.29,1628.97,1623.05,1618.98,1617.59,1619.28,1621.60,1623.61,1626.19,1629.01,1632.94,1637.18,1640.98,1645.79,1651.01,1656.20,1660.95,1665.81,1671.75,1679.16,1684.57,1690.55,1696.06,1701.41,1710.51,1716.93,1721.98,1724.82,1730.00,1734.54,1738.71,1742.85,1746.43,1750.37,1753.62,1756.10,1757.60,1758.30,1760.05,1763.82,1768.79,1775.01,1779.04,1781.99,1786.24,1788.45,1790.15,1791.05,1793.07,1797.05,1801.68,1809.22,1819.57,1830.74,1842.56,1855.36,1863.19,1867.91,1871.58,1875.14,1878.00,1882.14,1887.98,1893.23,1897.19,1900.17,1903.81,1908.69,1913.48,1917.62,1927.11,1935.20,1942.11,1948.08,1951.17,1953.12,1954.61,1955.64,1957.75,1960.58,1963.16,1966.56,1970.43,1976.44,1981.02,1984.31,1989.40,1995.10,2000.84,2009.21,2014.98,2019.70,2022.96,2024.90,2026.01,2026.97,2027.57,2026.98,2027.79,2031.67,2037.81,2042.43,2044.61,2046.05,2048.08,2051.43,2056.09,2059.56,2061.70,2062.95,2063.86,2064.09,2064.22,2064.90,2067.26,2070.77,2075.88,2080.79,2084.45,2088.27,2093.64,2100.09,2105.30,2108.51,2110.78,2115.30,2117.53,2118.44,2118.50,2118.72
1203.43,1203.45,1201.55,1201.70,1205.88,1213.20,1215.13,1204.65,1183.11,1184.30,1203.67,1223.16,1232.51,1239.00,1240.71,1237.99,1229.40,1210.08,1204.45,1212.67,1215.75,1218.78,1223.43,1229.86,1237.90,1243.85,1247.39,1246.12,1238.81,1238.64,1243.04,1247.71,1254.03,1264.01,1269.32,1271.18,1270.57,1268.47,1272.15,1280.05,1287.53,1297.52,1308.99,1315.98,1320.19,1333.36,1350.31,1359.61,1363.13,1366.13,1368.88,1370.88,1372.41,1374.22,1376.22,1378.13,1379.81,1381.86,1384.32,1386.13,1386.87,1388.07,1389.21,1389.33,1389.24,1389.32,1391.94,1398.08,1405.25,1411.30,1414.93,1419.10,1422.26,1423.71,1426.79,1430.41,1439.81,1444.70,1447.83,1450.37,1453.10,1455.44,1456.63,1458.91,1464.89,1470.84,1475.14,1479.58,1482.23,1484.58,1486.47,1487.33,1488.01,1489.21,1489.76,1489.55,1489.15,1489.46,1490.91,1494.08,1497.60,1501.28,1504.50,1507.80,1512.24,1516.31,1519.38,1525.38,1531.92,1535.39,1538.17,1541.64,1545.35,1548.28,1554.54,1562.48,1567.02,1572.03,1577.67,1583.73,1591.17,1600.69,1608.34,1617.60,1625.20,1629.74,1630.76,1630.89,1628.10,1623.60,1620.75,1620.96,1623.07,1625.19,1627.67,1631.04,1636.28,1641.02,1645.16,1649.70,1652.89,1656.38,1659.86,1664.69,1669.66,1675.25,1679.08,1684.89,1691.55,1699.43,1706.61,1711.24,1716.20,1719.48,1726.48,1731.94,1736.09,1739.95,1743.24,1746.55,1749.08,1751.59,1753.60,1755.71,1758.88,1763.52,1768.90,1776.84,1782.70,1786.78,1790.05,1791.31,1793.14,1794.48,1795.46,1797.08,1801.23,1808.62,1818.32,1829.24,1840.92,1853.33,1861.25,1864.74,1867.67,1870.37,1874.46,1878.36,1882.87,1887.84,1891.50,1894.03,1897.34,1903.41,1909.66,1914.42,1920.23,1929.23,1936.46,1942.26,1945.83,1948.21,1950.19,1952.03,1954.66,1957.65,1960.98,1965.42,1969.21,1973.22,1979.16,1985.88,1992.97,1999.28,2006.80,2012.55,2016.51,2020.15,2022.03,2023.61,2024.38,2024.95,2025.30,2024.21,2025.27,2029.44,2036.20,2040.86,2042.57,2044.90,2048.19,2053.27,2058.56,2061.39,2061.93,2062.28,2063.05,2063.60,2064.11,2064.83,2067.26,2070.29,2074.26,2078.11,2081.97,2086.96,2092.91,2100.20,2107.29,2111.58,2114.27,2117.80,2119.78,2121.11,2121.58,2121.85
1210.40,1212.67,1212.89,1213.25,1216.64,1220.34,1217.94,1202.98,1183.72,1185.84,1202.17,1217.62,1223.84,1228.38,1230.64,1229.83,1221.49,1204.78,1201.35,1211.83,1215.32,1218.69,1223.06,1228.97,1234.89,1236.41,1235.11,1233.05,1234.36,1239.46,1244.46,1249.99,1260.01,1269.45,1274.13,1277.57,1279.66,1277.58,1276.80,1281.83,1288.59,1300.89,1316.18,1322.94,1328.06,1340.32,1355.18,1361.55,1363.97,1366.03,1367.82,1369.45,1371.17,1373.29,1375.54,1377.81,1380.09,1382.13,1383.73,1384.37,1385.05,1386.00,1386.89,1387.22,1387.61,1388.55,1391.80,1402.57,1413.75,1421.00,1425.33,1428.75,1430.39,1430.61,1432.12,1436.02,1442.21,1446.34,1450.49,1454.53,1458.80,1462.46,1465.58,1469.32,1472.59,1475.87,1479.05,1481.24,1483.12,1485.03,1487.16,1489.08,1490.18,1491.20,1491.38,1491.00,1490.06,1491.35,1494.86,1498.64,1502.52,1506.40,1509.66,1510.36,1512.21,1514.43,1517.50,1523.13,1530.40,1535.77,1540.64,1545.36,1550.81,1556.18,1562.24,1567.93,1572.61,1577.97,1582.26,1586.83,1593.76,1603.58,1610.51,1617.71,1625.30,1630.16,1631.63,1631.78,1630.70,1628.08,1625.28,1623.62,1625.21,1627.29,1628.75,1632.36,1637.55,1642.11,1646.20,1650.00,1653.07,1656.09,1659.55,1663.47,1667.05,1670.44,1674.31,1679.61,1685.72,1692.69,1700.87,1705.50,1709.73,1715.62,1722.34,1728.82,1733.82,1736.91,1739.70,1743.05,1746.06,1748.62,1751.85,1756.45,1760.15,1765.28,1770.68,1778.76,1784.71,1789.55,1792.72,1794.64,1796.36,1798.00,1798.91,1799.05,1802.94,1810.45,1820.84,1830.01,1842.13,1852.28,1858.16,1862.25,1865.51,1868.64,1872.35,1876.18,1879.43,1884.21,1887.68,1889.41,1891.96,1897.04,1902.59,1909.68,1915.76,1921.88,1930.39,1936.43,1940.04,1942.62,1945.14,1948.25,1951.19,1955.05,1959.88,1964.19,1966.95,1970.56,1980.24,1987.72,1993.91,2000.29,2006.46,2011.27,2015.25,2019.52,2021.43,2022.61,2022.25,2022.07,2021.89,2020.77,2022.52,2027.19,2033.23,2037.78,2041.20,2045.69,2051.11,2058.37,2063.63,2064.56,2063.84,2063.26,2063.44,2063.95,2064.45,2065.39,2067.54,2070.15,2073.80,2077.48,2082.42,2088.40,2094.98,2103.15,2110.82,2114.71,2117.93,2120.41,2122.35,2124.15,2125.16,2125.56
1211.82,1214.72,1216.46,1217.91,1219.36,1219.28,1216.35,1202.17,1187.21,1184.41,1193.68,1205.20,1210.81,1213.91,1218.22,1215.75,1203.20,1197.78,1202.95,1211.76,1215.07,1217.60,1219.94,1224.41,1227.79,1228.45,1227.73,1230.11,1234.34,1239.14,1243.87,1250.36,1259.52,1267.00,1274.41,1281.56,1286.72,1288.25,1287.31,1287.00,1290.60,1299.96,1313.73,1321.39,1328.57,1344.69,1356.56,1360.77,1362.57,1364.40,1365.72,1367.58,1369.80,1371.71,1373.72,1376.97,1379.64,1381.37,1381.93,1382.55,1383.17,1383.80,1384.58,1385.28,1386.24,1389.10,1395.47,1407.73,1419.56,1425.53,1430.33,1432.94,1434.45,1436.11,1438.91,1441.67,1446.55,1450.68,1455.38,1458.89,1462.49,1467.40,1471.04,1473.16,1475.48,1478.50,1481.38,1483.06,1484.77,1486.47,1488.19,1489.94,1491.31,1492.40,1492.99,1492.93,1492.42,1494.83,1499.22,1503.02,1507.78,1512.09,1515.70,1517.32,1517.68,1517.26,1517.91,1522.13,1528.97,1535.04,1541.52,1548.53,1557.65,1563.20,1567.38,1572.32,1577.30,1582.41,1586.74,1592.85,1601.71,1611.11,1616.47,1621.33,1626.20,1630.12,1631.98,1632.95,1632.15,1630.94,1628.90,1626.77,1627.55,1629.75,1631.46,1634.31,1638.37,1642.06,1645.83,1649.42,1652.40,1655.34,1658.35,1661.43,1664.71,1667.77,1671.34,1675.88,1681.01,1689.18,1698.59,1704.06,1708.95,1713.58,1721.59,1727.78,1732.07,1735.02,1737.95,1741.19,1744.37,1747.71,1752.47,1758.30,1764.56,1771.30,1776.65,1781.18,1785.66,1790.13,1793.53,1796.59,1799.06,1801.09,1802.41,1803.72,1807.93,1816.38,1827.74,1836.97,1848.39,1853.99,1858.81,1862.49,1865.49,1868.42,1871.43,1874.77,1878.23,1882.07,1884.67,1886.22,1887.91,1891.38,1896.14,1903.56,1912.07,1916.57,1922.48,1930.37,1934.67,1937.55,1940.62,1944.60,1948.51,1953.79,1959.62,1962.14,1963.55,1970.71,1978.86,1985.43,1991.18,1996.61,2002.36,2007.83,2014.12,2019.87,2021.21,2021.45,2020.42,2018.60,2018.44,2018.62,2020.92,2024.36,2029.48,2034.92,2040.80,2047.05,2054.08,2061.18,2064.99,2065.47,2065.01,2064.52,2064.36,2064.56,2065.37,2067.05,2069.02,2071.47,2074.89,2078.33,2084.34,2091.35,2098.68,2107.84,2113.53,2117.57,2120.55,2122.40,2124.65,2126.78,2128.53,2129.20
1211.57,1214.25,1216.31,1217.77,1217.93,1216.84,1214.79,1207.85,1194.46,1187.36,1187.21,1191.01,1194.03,1199.62,1201.28,1196.99,1197.46,1200.26,1206.64,1211.66,1213.53,1215.37,1217.46,1220.53,1223.55,1224.55,1226.43,1230.56,1234.36,1238.48,1243.03,1248.34,1258.07,1269.13,1277.48,1285.87,1291.97,1296.13,1299.02,1298.34,1297.33,1301.06,1308.22,1316.89,1325.53,1345.58,1354.60,1358.48,1360.71,1362.22,1361.93,1363.35,1365.69,1367.79,1371.35,1375.11,1377.27,1378.72,1379.75,1380.95,1381.48,1382.04,1382.88,1384.75,1386.72,1389.17,1395.82,1408.87,1420.71,1426.00,1429.80,1432.19,1436.15,1439.76,1442.77,1445.96,1450.59,1455.75,1460.39,1462.64,1465.40,1469.20,1471.97,1474.08,1476.28,1478.63,1480.90,1483.07,1485.40,1487.68,1489.53,1490.63,1491.95,1493.13,1494.20,1494.98,1495.02,1497.26,1502.05,1506.11,1510.32,1515.55,1520.31,1522.45,1522.47,1520.12,1520.11,1522.71,1527.23,1532.86,1541.91,1553.35,1562.91,1568.80,1573.20,1575.33,1579.59,1585.16,1591.69,1602.53,1609.36,1613.52,1618.83,1623.88,1628.47,1630.82,1631.92,1633.24,1633.99,1633.09,1631.49,1630.07,1629.72,1631.94,1634.16,1636.89,1641.02,1644.65,1646.70,1649.01,1652.22,1655.38,1658.63,1662.20,1665.96,1669.43,1672.80,1676.51,1680.64,1687.39,1695.73,1703.06,1709.18,1714.36,1721.39,1726.57,1730.74,1733.90,1737.02,1740.27,1743.98,1747.69,1752.88,1760.92,1769.44,1777.02,1782.97,1786.63,1787.89,1791.08,1794.58,1797.52,1800.03,1802.94,1805.43,1807.90,1812.58,1820.79,1831.27,1842.17,1851.25,1855.16,1859.06,1861.66,1864.22,1867.48,1870.64,1873.90,1877.14,1879.89,1881.76,1883.14,1884.56,1887.05,1891.13,1897.54,1906.99,1911.30,1916.55,1923.46,1929.47,1933.35,1937.39,1942.38,1948.63,1953.57,1957.15,1957.48,1959.56,1968.42,1975.21,1981.34,1985.43,1988.67,1995.31,2003.39,2010.73,2017.35,2019.40,2019.98,2017.77,2015.37,2017.11,2018.37,2020.66,2023.53,2027.71,2033.41,2038.97,2046.36,2054.44,2060.62,2064.72,2065.70,2065.96,2065.76,2065.56,2066.05,2067.46,2069.36,2071.87,2074.13,2076.33,2079.47,2086.18,2094.28,2102.83,2110.84,2115.46,2119.59,2122.05,2124.10,2126.39,2128.76,2131.20,2132.43
1212.11,1214.33,1215.93,1217.09,1216.57,1215.31,1213.82,1211.07,1204.93,1196.52,1192.36,1190.99,1191.02,1192.42,1194.20,1197.11,1200.92,1202.96,1206.78,1209.77,1212.21,1214.53,1216.26,1218.13,1220.32,1222.53,1226.18,1229.87,1234.25,1239.46,1245.47,1251.37,1263.59,1273.92,1281.44,1289.76,1295.96,1301.17,1306.73,1309.06,1306.86,1308.44,1310.57,1316.79,1324.84,1344.57,1353.20,1355.66,1357.57,1357.78,1357.40,1358.74,1360.72,1364.70,1370.26,1371.75,1372.69,1374.73,1378.08,1380.07,1380.20,1381.04,1382.04,1384.31,1387.30,1389.68,1395.80,1408.58,1418.82,1423.33,1426.26,1429.51,1434.51,1439.15,1442.72,1446.89,1451.40,1455.96,1460.12,1463.05,1465.63,1468.29,1470.55,1472.28,1474.46,1477.09,1479.44,1481.32,1484.15,1487.19,1489.70,1490.96,1491.73,1492.10,1493.46,1495.96,1497.62,1498.83,1502.87,1507.66,1511.04,1515.61,1520.29,1524.72,1526.86,1526.32,1525.59,1525.24,1527.59,1533.72,1545.09,1559.10,1567.42,1577.52,1582.78,1582.64,1582.95,1588.26,1599.90,1611.28,1615.84,1617.17,1619.47,1624.09,1628.48,1629.76,1630.54,1631.86,1633.81,1635.18,1634.36,1633.42,1632.84,1633.97,1636.38,1639.57,1646.48,1650.95,1651.88,1653.57,1654.47,1655.93,1659.36,1663.41,1667.52,1671.75,1675.49,1678.51,1682.92,1689.58,1696.72,1702.69,1707.98,1714.44,1721.03,1725.86,1730.45,1734.30,1737.69,1740.96,1744.56,1748.21,1753.31,1761.77,1771.16,1779.56,1785.92,1790.18,1791.39,1793.08,1795.68,1798.12,1800.31,1803.37,1806.51,1809.73,1814.67,1821.12,1830.88,1842.27,1849.80,1852.28,1855.41,1858.88,1862.42,1866.06,1869.55,1872.61,1875.22,1877.24,1878.83,1879.78,1880.68,1882.83,1886.09,1891.99,1899.74,1906.02,1912.74,1919.60,1925.36,1930.15,1935.06,1940.95,1948.40,1951.90,1951.90,1950.84,1953.56,1962.12,1968.81,1974.43,1978.35,1982.92,1990.70,1999.29,2005.59,2010.45,2012.14,2012.78,2012.55,2017.03,2020.11,2020.31,2021.48,2024.19,2028.58,2033.92,2039.17,2047.35,2053.56,2057.85,2062.24,2065.44,2066.57,2067.19,2067.45,2068.22,2069.87,2072.78,2075.76,2077.95,2079.86,2083.30,2089.25,2096.50,2105.55,2111.93,2115.70,2119.40,2122.07,2124.42,2126.80,2129.12,2131.89,2134.89
1213.08,1214.51,1215.69,1216.22,1215.72,1214.80,1213.87,1212.10,1210.32,1207.17,1200.24,1196.50,1196.22,1197.68,1199.16,1200.88,1203.45,1205.78,1207.85,1211.46,1216.88,1218.93,1219.46,1219.62,1220.46,1222.99,1226.42,1228.99,1231.47,1239.22,1247.20,1256.39,1267.90,1276.12,1283.93,1292.43,1299.46,1305.51,1311.46,1314.89,1314.27,1313.66,1315.73,1319.90,1324.92,1339.66,1350.23,1351.48,1351.35,1350.49,1352.56,1355.64,1359.29,1363.13,1366.86,1368.93,1370.51,1373.76,1377.98,1379.58,1380.08,1380.42,1381.21,1383.47,1386.73,1390.41,1396.16,1407.02,1415.49,1419.61,1423.09,1427.70,1432.44,1436.29,1440.11,1445.06,1450.19,1454.72,1459.03,1461.86,1464.14,1466.60,1468.55,1470.34,1473.11,1476.07,1478.34,1480.06,1482.89,1485.99,1488.92,1490.29,1490.65,1490.68,1492.46,1495.27,1498.14,1501.43,1505.52,1509.83,1513.52,1517.63,1521.77,1526.18,1530.07,1532.97,1531.78,1528.66,1529.90,1537.74,1551.11,1565.29,1574.32,1587.52,1592.73,1592.27,1589.67,1595.67,1607.61,1615.81,1620.25,1620.94,1621.88,1625.23,1627.47,1628.02,1628.94,1630.15,1632.29,1634.75,1636.43,1636.86,1636.78,1637.20,1638.47,1643.10,1650.86,1656.36,1658.83,1661.12,1660.38,1658.96,1660.34,1664.43,1668.82,1674.36,1679.08,1683.67,1688.56,1693.51,1699.78,1705.80,1709.93,1715.36,1721.57,1726.59,1731.14,1735.17,1739.10,1742.38,1745.45,1748.48,1753.47,1761.10,1771.12,1779.55,1785.15,1788.70,1790.67,1792.83,1794.98,1797.40,1799.54,1802.71,1806.46,1810.31,1815.31,1821.27,1830.53,1839.97,1845.68,1848.91,1853.28,1858.05,1861.94,1865.45,1868.33,1870.72,1872.67,1874.44,1875.27,1876.21,1877.21,1878.85,1881.41,1887.93,1895.73,1902.88,1909.63,1916.58,1922.49,1927.78,1933.34,1938.85,1944.25,1946.51,1945.60,1945.12,1947.16,1951.41,1958.13,1965.80,1973.20,1979.59,1986.05,1991.20,1994.53,1996.50,2000.71,2006.05,2011.99,2017.55,2021.74,2024.11,2023.85,2025.30,2031.33,2037.89,2044.35,2051.19,2056.55,2060.74,2064.01,2065.73,2066.78,2067.91,2068.93,2070.13,2073.28,2076.91,2080.16,2083.71,2087.43,2091.25,2096.22,2102.15,2109.25,2114.72,2118.02,2119.97,2122.80,2125.44,2127.48,2129.39,2132.20,2135.90
1213.76,1214.50,1214.81,1215.02,1214.92,1214.45,1213.67,1212.78,1211.68,1210.66,1206.47,1202.60,1202.89,1203.89,1203.53,1204.53,1206.42,1209.38,1214.58,1218.98,1220.46,1221.04,1221.69,1222.04,1222.85,1224.27,1225.27,1224.62,1227.18,1235.95,1245.86,1256.82,1268.29,1276.31,1284.96,1294.04,1301.86,1308.36,1314.52,1319.20,1320.01,1318.30,1318.49,1321.89,1326.81,1334.20,1342.72,1345.51,1346.05,1347.42,1351.04,1356.75,1361.65,1365.69,1369.43,1370.86,1372.44,1374.82,1377.59,1379.98,1380.03,1380.00,1380.38,1382.57,1385.73,1389.34,1395.72,1404.67,1412.05,1416.45,1420.80,1426.15,1431.39,1435.68,1440.03,1445.02,1450.02,1454.26,1458.36,1461.16,1463.22,1465.41,1467.47,1469.73,1472.36,1475.21,1477.37,1479.16,1481.70,1484.94,1487.55,1488.82,1488.98,1489.12,1490.83,1492.38,1496.25,1500.69,1506.21,1511.47,1515.98,1520.40,1525.06,1529.58,1533.73,1538.46,1539.52,1537.58,1539.33,1545.33,1555.38,1569.90,1581.13,1592.95,1598.59,1599.82,1600.76,1604.72,1611.13,1616.65,1620.31,1621.90,1623.75,1625.16,1625.67,1626.43,1627.47,1628.73,1630.44,1632.61,1634.29,1635.55,1637.93,1640.34,1642.26,1646.97,1652.85,1658.59,1663.32,1665.66,1664.97,1663.31,1662.95,1665.68,1670.14,1677.00,1683.28,1689.38,1694.88,1699.55,1704.00,1709.44,1714.26,1719.06,1723.41,1728.21,1732.38,1735.78,1738.91,1741.84,1745.57,1748.99,1754.45,1762.11,1771.04,1778.32,1783.13,1785.98,1788.71,1790.68,1793.29,1795.89,1798.59,1801.94,1805.92,1810.67,1817.01,1823.66,1831.45,1839.18,1843.93,1848.38,1853.20,1858.08,1861.80,1864.45,1866.94,1868.97,1870.48,1871.51,1871.52,1872.76,1874.65,1876.78,1879.07,1885.79,1894.31,1901.32,1907.58,1913.93,1919.92,1925.25,1930.67,1935.25,1938.40,1938.76,1938.52,1940.18,1943.71,1948.79,1955.11,1962.04,1968.60,1973.27,1979.68,1982.13,1986.38,1995.53,2003.32,2008.94,2012.88,2016.23,2020.80,2025.46,2026.32,2027.61,2033.10,2039.54,2045.84,2051.52,2056.32,2060.75,2064.81,2066.97,2067.55,2068.23,2069.28,2071.69,2075.95,2080.43,2085.32,2089.93,2093.99,2098.27,2102.80,2108.44,2113.75,2118.57,2121.57,2123.30,2125.89,2128.67,2130.51,2131.93,2134.13,2137.13
1213.87,1213.99,1214.10,1214.22,1214.43,1214.41,1213.78,1212.94,1211.79,1210.63,1208.63,1210.26,1211.21,1210.29,1208.04,1208.40,1210.63,1214.78,1219.87,1220.82,1221.39,1222.02,1222.55,1222.90,1223.15,1223.08,1222.25,1220.67,1224.16,1231.97,1244.25,1255.32,1267.86,1275.96,1283.45,1292.63,1300.89,1309.61,1315.93,1320.75,1322.87,1321.76,1321.68,1323.91,1327.37,1331.64,1336.43,1340.67,1343.72,1346.71,1349.78,1356.85,1363.02,1367.32,1370.82,1372.49,1373.79,1374.84,1375.66,1377.73,1378.23,1378.17,1378.97,1380.95,1384.51,1389.01,1395.28,1402.61,1409.08,1414.69,1419.94,1427.42,1432.56,1436.87,1441.34,1446.10,1450.65,1454.47,1458.32,1461.21,1463.45,1465.73,1468.02,1470.27,1472.36,1474.55,1476.67,1478.68,1481.16,1484.13,1485.67,1486.85,1486.68,1487.42,1488.25,1489.23,1493.45,1499.58,1505.75,1511.40,1516.14,1520.89,1525.82,1530.86,1535.68,1540.46,1544.34,1547.58,1550.63,1553.75,1561.98,1575.30,1585.61,1593.82,1598.71,1601.16,1603.04,1605.32,1608.96,1613.12,1616.86,1619.80,1622.32,1623.16,1623.88,1624.97,1626.08,1627.22,1628.54,1630.29,1630.87,1631.82,1635.13,1638.96,1643.99,1649.80,1655.19,1660.27,1665.45,1669.29,1669.42,1668.04,1666.82,1667.63,1670.93,1677.31,1684.20,1690.97,1697.52,1703.01,1708.00,1712.58,1717.12,1721.38,1724.97,1728.54,1731.48,1734.15,1737.00,1740.34,1745.52,1751.16,1758.80,1766.54,1772.68,1777.69,1781.76,1784.98,1787.54,1789.58,1792.24,1794.95,1797.68,1801.16,1808.13,1813.16,1820.91,1827.64,1833.79,1839.87,1844.05,1848.09,1852.52,1857.00,1860.56,1863.09,1865.52,1867.16,1868.25,1868.85,1869.38,1871.46,1874.65,1877.92,1880.68,1886.02,1893.37,1900.43,1905.57,1911.63,1917.05,1921.96,1926.96,1931.04,1932.53,1930.19,1931.61,1936.03,1942.64,1947.30,1951.23,1955.76,1961.08,1967.30,1973.09,1979.71,1989.75,1998.40,2002.54,2006.34,2009.60,2013.13,2019.45,2024.32,2027.71,2029.30,2033.21,2038.78,2046.24,2053.46,2059.41,2063.23,2065.96,2068.35,2068.87,2069.11,2070.31,2074.42,2078.26,2082.70,2088.28,2093.13,2097.34,2102.13,2107.12,2112.01,2116.73,2120.89,2123.86,2126.44,2128.80,2131.31,2133.32,2134.83,2136.81,2139.34
1213.40,1213.27,1213.38,1213.48,1213.72,1214.12,1213.88,1213.09,1211.97,1211.04,1212.62,1214.48,1215.36,1215.42,1213.77,1212.64,1214.93,1217.92,1220.36,1221.01,1221.51,1221.69,1221.31,1220.89,1220.66,1220.57,1220.34,1219.88,1223.57,1232.21,1244.83,1254.47,1264.46,1272.16,1277.00,1285.75,1299.23,1310.82,1318.18,1322.21,1324.98,1325.92,1326.54,1328.85,1330.76,1332.47,1337.35,1341.04,1343.53,1346.02,1348.78,1356.91,1363.25,1367.53,1370.70,1371.95,1373.04,1373.98,1374.54,1374.74,1375.04,1376.18,1377.83,1379.79,1383.93,1388.90,1395.03,1401.79,1409.65,1417.83,1422.58,1428.34,1432.66,1436.77,1441.38,1446.46,1451.18,1454.94,1458.64,1461.50,1463.78,1465.85,1467.86,1469.88,1471.97,1474.11,1476.39,1478.60,1480.98,1482.52,1483.50,1484.70,1484.57,1485.36,1486.83,1488.97,1492.95,1499.05,1505.07,1510.49,1514.61,1518.94,1524.08,1529.86,1534.66,1539.07,1543.18,1547.40,1551.83,1557.38,1565.87,1576.41,1584.55,1591.04,1594.56,1596.24,1597.66,1599.93,1603.76,1608.83,1613.48,1617.11,1620.06,1621.29,1622.27,1623.43,1624.43,1625.27,1626.44,1627.67,1628.19,1629.49,1633.25,1637.44,1643.56,1651.34,1657.65,1662.58,1667.00,1670.50,1671.66,1670.99,1670.27,1670.46,1671.77,1675.89,1682.04,1688.61,1694.81,1700.41,1706.91,1711.83,1716.07,1720.95,1722.93,1725.14,1728.68,1731.95,1735.70,1740.29,1747.56,1756.26,1763.35,1769.43,1773.81,1777.64,1781.23,1784.20,1786.81,1789.34,1792.36,1795.13,1797.78,1801.81,1811.24,1818.12,1825.12,1831.37,1836.84,1841.38,1844.85,1848.63,1852.34,1855.87,1859.25,1861.99,1863.85,1864.95,1865.94,1867.05,1868.74,1871.35,1874.92,1878.31,1882.42,1886.84,1891.67,1897.36,1901.33,1909.67,1914.84,1918.53,1921.41,1923.57,1923.04,1922.49,1926.23,1934.30,1941.59,1944.90,1946.03,1948.10,1954.45,1962.66,1969.20,1978.34,1986.44,1991.55,1995.89,2001.73,2006.42,2011.46,2015.07,2021.11,2027.58,2032.54,2036.07,2041.74,2051.10,2058.47,2063.80,2067.34,2069.97,2070.72,2070.96,2072.13,2075.03,2079.23,2082.88,2086.35,2090.35,2095.01,2099.57,2104.71,2109.80,2113.99,2118.51,2122.27,2125.57,2128.67,2131.04,2133.40,2135.81,2137.64,2139.61,2141.69
1213.00,1212.57,1212.66,1212.74,1212.99,1213.48,1213.76,1213.24,1212.16,1212.55,1214.80,1215.26,1215.41,1216.40,1216.56,1216.57,1217.44,1219.19,1220.05,1220.48,1220.95,1220.74,1220.09,1219.65,1219.53,1219.51,1219.49,1220.20,1224.10,1231.61,1243.98,1251.33,1258.20,1266.32,1273.28,1282.57,1299.39,1312.60,1320.32,1323.48,1326.01,1328.63,1330.77,1333.44,1337.36,1339.36,1341.83,1343.73,1345.61,1348.09,1350.97,1357.68,1363.13,1367.14,1370.14,1371.39,1372.45,1373.19,1373.40,1373.55,1374.01,1376.13,1378.34,1380.16,1383.86,1388.45,1394.35,1402.19,1412.05,1419.32,1423.55,1427.29,1430.47,1434.25,1439.31,1444.99,1450.47,1454.37,1458.29,1461.47,1462.91,1463.46,1465.26,1468.36,1471.36,1473.52,1475.35,1477.54,1479.26,1480.11,1481.57,1482.50,1482.78,1484.64,1487.35,1490.14,1493.41,1497.26,1503.10,1509.85,1515.44,1519.38,1523.13,1528.09,1531.58,1536.35,1541.06,1545.35,1550.88,1556.63,1564.23,1573.35,1578.40,1583.26,1588.82,1591.20,1593.38,1596.97,1601.66,1607.20,1611.48,1614.57,1617.13,1619.20,1620.64,1621.78,1622.06,1622.76,1623.79,1624.94,1626.44,1628.80,1632.76,1637.42,1644.84,1652.79,1658.55,1663.57,1667.73,1670.76,1672.85,1673.54,1673.23,1672.74,1673.13,1675.46,1679.89,1684.98,1689.37,1693.97,1699.50,1705.97,1712.03,1716.28,1718.41,1721.57,1725.82,1730.67,1736.46,1742.06,1748.92,1757.87,1763.84,1768.44,1772.23,1775.96,1780.29,1783.91,1787.65,1790.17,1792.89,1795.74,1798.21,1802.69,1811.70,1819.83,1827.94,1833.48,1838.21,1842.05,1845.42,1848.80,1852.05,1855.34,1858.40,1860.61,1861.62,1862.95,1865.01,1867.22,1869.44,1873.52,1877.37,1879.88,1883.40,1887.36,1891.20,1895.36,1900.45,1908.03,1912.77,1914.34,1915.00,1915.65,1915.82,1917.49,1922.90,1931.75,1939.32,1941.12,1940.27,1944.03,1949.58,1956.26,1963.13,1970.70,1976.11,1982.33,1990.32,1997.04,2000.99,2003.97,2008.41,2017.26,2026.07,2033.83,2039.77,2047.43,2054.92,2061.48,2066.01,2068.64,2071.26,2073.99,2076.06,2079.01,2081.39,2083.78,2087.52,2091.01,2094.51,2098.39,2102.07,2106.73,2111.44,2115.53,2119.53,2123.09,2126.56,2130.00,2132.89,2135.44,2138.01,2140.32,2142.39,2144.39
1212.65,1211.95,1211.94,1211.99,1212.26,1212.73,1213.23,1213.28,1212.63,1213.93,1214.57,1214.68,1214.77,1215.89,1217.09,1217.60,1218.13,1218.68,1219.25,1219.83,1220.29,1219.93,1219.43,1219.06,1219.02,1219.09,1219.38,1220.43,1224.61,1230.50,1241.84,1248.78,1257.79,1266.57,1273.48,1283.34,1301.90,1314.44,1320.13,1321.33,1322.58,1328.30,1333.49,1336.75,1339.98,1342.76,1344.54,1346.31,1347.92,1350.16,1353.38,1358.29,1362.33,1365.98,1369.46,1370.99,1371.85,1372.33,1372.48,1372.65,1373.99,1377.11,1379.73,1381.85,1384.82,1388.65,1393.99,1402.00,1412.56,1418.65,1422.38,1424.60,1427.08,1431.20,1436.89,1442.59,1447.97,1452.32,1456.06,1459.29,1460.20,1460.34,1462.88,1466.66,1470.10,1471.28,1472.39,1474.89,1476.07,1477.24,1480.01,1480.43,1482.18,1484.78,1487.63,1490.82,1495.15,1498.96,1504.99,1512.26,1518.00,1522.45,1525.35,1527.12,1530.35,1534.49,1538.93,1543.88,1549.22,1554.32,1559.71,1567.91,1572.10,1576.77,1583.53,1586.81,1590.87,1596.20,1600.91,1604.99,1608.72,1611.31,1613.88,1616.59,1618.44,1619.48,1619.61,1620.04,1621.42,1623.87,1627.35,1630.48,1635.30,1641.55,1649.74,1655.17,1660.03,1663.11,1667.25,1670.87,1673.41,1675.14,1675.31,1674.79,1674.93,1676.49,1679.26,1682.16,1684.63,1687.61,1692.25,1698.58,1705.82,1711.40,1715.23,1719.88,1725.09,1730.62,1737.23,1742.85,1747.91,1754.68,1760.18,1764.44,1769.43,1774.38,1779.42,1783.78,1788.16,1791.13,1793.33,1796.11,1798.40,1802.98,1811.73,1819.79,1828.11,1833.29,1837.08,1840.58,1844.63,1848.73,1851.86,1854.75,1856.79,1858.39,1860.28,1863.22,1866.62,1868.82,1872.82,1878.51,1881.28,1883.14,1886.18,1889.54,1892.47,1896.09,1900.23,1905.77,1909.55,1909.16,1908.16,1908.97,1910.87,1913.69,1919.51,1927.01,1932.97,1934.57,1935.72,1941.45,1945.24,1947.99,1953.09,1962.08,1967.26,1974.86,1982.21,1986.76,1989.80,1995.42,2002.87,2011.62,2022.41,2033.76,2042.17,2049.14,2055.04,2060.49,2064.79,2067.04,2069.43,2072.86,2077.01,2080.79,2084.38,2087.49,2090.78,2094.16,2097.77,2101.28,2104.26,2108.29,2112.04,2115.86,2119.65,2122.86,2126.23,2129.75,2132.82,2136.40,2139.52,2142.43,2144.97,2147.16
1212.30,1211.46,1211.22,1211.24,1211.51,1212.01,1212.49,1212.95,1213.22,1213.73,1214.07,1214.40,1214.70,1215.30,1216.09,1216.74,1217.17,1217.68,1218.30,1218.91,1219.40,1219.17,1218.72,1218.44,1218.66,1219.08,1219.51,1220.81,1225.03,1230.61,1241.66,1252.58,1265.94,1274.68,1281.88,1291.29,1304.15,1312.91,1316.11,1317.16,1321.09,1329.03,1336.12,1339.84,1342.05,1344.92,1347.13,1348.77,1350.02,1351.94,1354.86,1358.13,1361.93,1365.80,1368.82,1370.25,1371.06,1371.45,1371.60,1371.90,1374.34,1377.76,1381.53,1384.55,1386.36,1389.20,1393.79,1400.62,1411.58,1416.60,1419.43,1420.73,1424.40,1429.55,1434.91,1439.22,1444.13,1449.04,1453.08,1455.97,1457.15,1458.26,1461.32,1465.08,1468.08,1468.31,1469.84,1472.11,1472.77,1474.45,1477.07,1480.03,1482.77,1485.27,1487.67,1490.78,1496.00,1501.49,1507.86,1513.26,1518.56,1523.70,1528.46,1530.70,1533.01,1535.68,1538.00,1542.09,1546.95,1551.76,1556.91,1562.82,1567.64,1572.55,1579.05,1582.88,1588.11,1592.70,1597.13,1602.11,1605.27,1608.50,1612.01,1614.48,1616.08,1617.18,1617.71,1618.49,1620.68,1623.98,1627.54,1632.02,1638.51,1646.90,1651.87,1653.99,1656.80,1659.01,1664.60,1670.03,1673.19,1675.38,1676.30,1676.27,1676.67,1678.20,1680.21,1681.96,1683.64,1686.09,1690.46,1697.32,1703.65,1708.95,1714.16,1719.43,1724.78,1730.51,1737.49,1742.90,1747.29,1751.88,1756.78,1761.85,1768.24,1773.90,1779.09,1782.79,1786.58,1789.59,1792.81,1796.55,1798.86,1803.36,1811.50,1818.38,1825.41,1831.26,1834.77,1838.90,1843.59,1848.18,1851.11,1852.92,1855.14,1857.92,1860.68,1864.69,1868.53,1872.49,1878.29,1881.56,1883.69,1886.04,1888.48,1890.58,1892.27,1893.54,1896.70,1900.82,1902.59,1902.28,1901.46,1902.34,1905.69,1909.59,1915.81,1921.19,1924.87,1926.36,1931.40,1937.48,1939.15,1940.86,1947.04,1955.50,1958.84,1963.11,1968.71,1974.88,1982.53,1991.34,2000.15,2009.53,2022.55,2033.67,2042.38,2049.93,2054.85,2059.84,2064.69,2067.78,2069.89,2072.97,2076.98,2080.79,2084.68,2088.60,2091.93,2095.51,2099.12,2102.18,2104.92,2108.02,2111.34,2115.11,2118.94,2122.11,2125.43,2129.13,2132.64,2136.47,2140.19,2143.71,2146.88,2149.74
1211.64,1211.03,1210.52,1210.49,1210.78,1211.29,1211.88,1212.28,1212.78,1213.61,1214.18,1214.60,1214.81,1215.12,1215.82,1216.31,1216.48,1216.76,1217.23,1217.86,1218.44,1218.42,1218.00,1218.27,1219.00,1219.48,1220.16,1223.01,1226.45,1232.02,1243.77,1258.17,1271.96,1282.67,1294.94,1299.99,1305.45,1309.51,1311.45,1317.36,1324.12,1331.43,1339.02,1342.19,1344.37,1346.93,1349.16,1350.46,1351.31,1353.35,1356.28,1359.54,1362.43,1364.87,1367.06,1369.42,1370.31,1370.33,1370.59,1371.60,1374.65,1378.16,1382.21,1387.01,1389.32,1391.58,1396.76,1401.26,1409.70,1413.82,1416.48,1419.28,1424.18,1429.82,1434.47,1438.50,1442.77,1447.70,1451.25,1453.62,1455.69,1457.89,1460.26,1463.51,1465.44,1465.08,1467.09,1468.76,1470.09,1473.72,1478.32,1482.69,1484.94,1486.92,1488.67,1491.26,1497.22,1503.16,1509.05,1513.50,1517.44,1521.61,1527.59,1532.51,1536.95,1540.64,1541.60,1544.22,1547.64,1552.95,1558.03,1562.04,1565.36,1568.89,1574.12,1578.83,1583.78,1587.95,1592.76,1598.47,1602.54,1606.66,1610.27,1612.11,1613.70,1614.90,1616.02,1617.69,1620.06,1623.20,1626.51,1630.25,1635.88,1641.61,1645.37,1646.77,1650.99,1657.44,1663.69,1669.55,1672.84,1675.17,1676.58,1677.64,1678.23,1679.22,1680.90,1682.52,1684.18,1686.82,1691.03,1697.29,1702.84,1708.23,1713.41,1718.43,1724.28,1730.55,1736.95,1742.41,1747.04,1751.95,1757.96,1763.43,1769.52,1775.48,1780.10,1783.31,1786.68,1789.85,1793.36,1796.92,1799.88,1804.57,1811.05,1815.92,1820.53,1827.45,1831.83,1836.86,1841.86,1845.58,1849.03,1852.54,1856.67,1859.99,1862.72,1866.33,1870.06,1874.95,1879.93,1882.73,1884.65,1885.57,1886.84,1888.07,1888.56,1887.69,1889.48,1893.35,1893.63,1894.59,1896.07,1898.25,1902.38,1908.01,1913.08,1914.51,1916.49,1919.29,1925.39,1929.27,1930.43,1935.21,1942.72,1948.89,1952.28,1955.78,1961.72,1971.22,1981.03,1991.93,2002.41,2011.90,2023.38,2033.84,2041.56,2049.76,2055.09,2060.59,2066.63,2070.51,2072.79,2075.69,2079.06,2082.14,2085.26,2088.87,2092.18,2095.36,2098.21,2100.42,2102.70,2105.89,2109.26,2112.67,2116.09,2119.54,2124.22,2129.07,2132.89,2136.42,2139.90,2143.71,2147.66,2151.60
1210.83,1210.22,1209.48,1209.33,1210.10,1210.97,1211.45,1211.27,1211.79,1212.93,1213.75,1214.54,1214.60,1214.88,1215.51,1215.71,1215.85,1216.02,1216.39,1216.85,1217.43,1217.66,1217.63,1218.49,1219.39,1221.76,1226.32,1228.90,1230.99,1235.85,1245.07,1258.99,1272.64,1283.57,1297.11,1302.28,1304.81,1305.71,1308.15,1316.40,1324.70,1332.43,1339.63,1342.82,1345.48,1348.16,1350.28,1351.41,1352.48,1354.72,1357.26,1359.58,1362.17,1364.51,1366.47,1367.80,1367.97,1368.97,1372.35,1374.92,1375.85,1378.49,1383.38,1388.72,1393.28,1396.22,1400.21,1404.62,1409.55,1413.88,1417.36,1421.47,1429.59,1433.65,1436.32,1439.97,1444.44,1448.50,1451.57,1453.86,1455.80,1457.70,1459.44,1461.92,1462.36,1461.87,1463.93,1467.11,1471.42,1477.63,1480.98,1482.53,1483.51,1485.33,1487.96,1491.53,1497.46,1502.76,1507.64,1511.57,1514.80,1517.91,1522.59,1527.68,1534.84,1542.59,1547.20,1552.07,1555.87,1559.30,1562.65,1565.69,1567.36,1569.31,1574.73,1579.54,1585.62,1590.03,1592.93,1597.19,1601.39,1605.17,1608.56,1610.83,1612.49,1614.54,1616.45,1618.10,1619.52,1621.80,1624.90,1628.05,1630.45,1634.22,1638.10,1641.80,1648.38,1655.92,1662.69,1668.97,1672.24,1674.38,1675.99,1677.51,1679.04,1680.29,1681.60,1683.11,1684.81,1687.47,1691.19,1696.22,1701.72,1708.31,1714.35,1719.20,1725.92,1731.67,1736.44,1741.43,1746.35,1751.86,1758.69,1764.59,1770.18,1776.50,1781.65,1784.60,1787.88,1791.04,1793.87,1796.76,1799.96,1804.18,1808.80,1813.09,1819.55,1824.28,1828.63,1833.77,1839.18,1843.90,1849.04,1853.63,1857.95,1861.28,1863.89,1866.60,1869.55,1874.68,1879.84,1882.29,1882.42,1882.51,1883.69,1884.17,1883.84,1881.96,1883.07,1885.92,1886.75,1888.57,1892.12,1897.02,1902.18,1906.71,1908.78,1908.31,1910.10,1913.66,1916.57,1918.70,1922.37,1931.65,1937.88,1942.06,1945.88,1952.82,1962.28,1973.92,1983.66,1994.22,2004.76,2013.69,2023.16,2032.75,2039.68,2046.79,2053.00,2060.23,2066.17,2070.44,2073.51,2076.01,2079.26,2082.45,2085.53,2088.68,2091.66,2093.56,2095.28,2097.24,2100.00,2103.03,2106.03,2108.78,2111.85,2116.84,2122.69,2128.25,2132.40,2135.50,2138.86,2143.15,2147.95,2152.80
1209.43,1208.38,1207.37,1208.12,1209.88,1210.63,1210.44,1210.11,1210.82,1212.06,1213.05,1213.91,1214.23,1214.63,1214.96,1215.09,1215.20,1215.35,1215.62,1216.03,1216.48,1216.86,1217.60,1218.70,1220.38,1229.03,1236.49,1239.38,1240.19,1242.61,1248.57,1258.04,1270.47,1280.18,1293.07,1300.24,1301.56,1302.08,1305.94,1312.83,1321.23,1329.95,1337.94,1341.45,1343.63,1347.07,1350.21,1351.74,1353.27,1355.01,1356.52,1358.86,1360.96,1362.13,1363.47,1364.84,1367.38,1370.60,1375.26,1380.01,1380.82,1382.72,1387.61,1392.08,1396.54,1400.81,1403.79,1406.76,1410.92,1416.39,1421.29,1427.76,1434.88,1439.90,1441.11,1442.71,1446.61,1449.86,1451.80,1453.10,1454.59,1456.30,1458.27,1459.90,1459.47,1460.10,1463.84,1468.72,1475.11,1480.26,1481.02,1479.33,1481.47,1485.79,1489.61,1493.82,1498.32,1505.50,1509.60,1512.66,1516.10,1518.10,1520.23,1525.70,1533.76,1543.24,1549.79,1558.48,1564.92,1567.78,1568.00,1571.22,1573.38,1575.55,1579.91,1584.76,1590.80,1594.96,1597.74,1599.46,1601.78,1604.84,1608.35,1610.94,1612.95,1615.36,1617.62,1619.35,1620.46,1621.66,1623.47,1625.61,1627.57,1630.13,1634.09,1639.07,1646.17,1653.55,1659.87,1666.64,1670.61,1672.87,1675.27,1677.01,1678.75,1680.66,1682.74,1683.91,1685.53,1688.18,1691.54,1696.13,1701.63,1709.33,1717.26,1723.80,1730.09,1733.69,1737.43,1741.10,1746.08,1751.40,1758.04,1762.57,1766.44,1771.76,1779.06,1783.12,1786.92,1790.18,1792.56,1794.35,1796.10,1799.77,1804.45,1808.72,1815.09,1821.91,1826.81,1831.98,1838.89,1844.31,1849.33,1853.28,1856.80,1859.70,1862.45,1865.77,1869.60,1874.42,1878.77,1880.93,1880.26,1879.26,1880.00,1879.79,1879.49,1876.65,1876.90,1879.34,1881.37,1886.10,1891.88,1898.22,1900.96,1901.93,1902.73,1903.45,1905.87,1908.14,1910.34,1913.66,1920.58,1928.77,1933.94,1936.76,1941.72,1953.21,1964.04,1974.32,1984.03,1993.94,2003.65,2012.62,2020.73,2027.75,2034.71,2041.78,2048.55,2057.27,2064.05,2068.34,2071.14,2073.94,2077.48,2080.87,2083.77,2086.47,2088.93,2090.68,2091.95,2093.57,2095.74,2098.66,2101.80,2104.26,2107.47,2113.05,2118.97,2124.58,2130.57,2133.93,2137.91,2143.15,2148.29,2153.35
1207.33,1205.86,1205.60,1207.66,1209.26,1209.26,1208.84,1208.93,1210.41,1211.47,1212.39,1213.27,1213.86,1214.18,1214.31,1214.46,1214.56,1214.70,1214.88,1215.28,1215.67,1216.37,1217.65,1218.88,1222.20,1234.24,1243.22,1247.10,1249.18,1250.37,1254.93,1263.57,1273.92,1285.24,1293.67,1296.77,1297.77,1299.75,1304.42,1309.58,1316.03,1325.28,1332.85,1335.97,1340.53,1345.27,1349.55,1351.44,1352.97,1354.22,1355.33,1357.07,1358.82,1359.03,1360.31,1363.25,1366.20,1368.89,1371.60,1377.63,1382.12,1385.24,1390.26,1394.89,1399.30,1404.53,1409.95,1414.28,1418.56,1421.12,1425.46,1431.61,1437.29,1441.71,1443.98,1445.92,1447.81,1449.30,1449.92,1450.77,1452.59,1454.22,1455.89,1457.20,1457.86,1459.80,1463.76,1468.38,1473.80,1477.69,1477.18,1477.23,1482.15,1487.45,1492.50,1497.82,1504.34,1511.49,1515.09,1518.64,1520.82,1522.28,1523.97,1528.45,1537.56,1547.84,1553.22,1560.96,1566.99,1571.90,1572.97,1577.22,1581.21,1583.46,1586.48,1590.20,1594.09,1598.55,1601.45,1602.48,1603.72,1605.69,1608.44,1611.35,1613.49,1615.95,1618.53,1620.55,1621.49,1622.40,1623.69,1625.14,1626.68,1628.57,1632.04,1637.48,1643.80,1650.86,1657.62,1663.25,1668.02,1671.80,1674.99,1676.86,1678.55,1680.46,1683.43,1685.36,1686.76,1688.65,1691.63,1696.72,1702.99,1711.43,1719.74,1726.67,1730.73,1732.67,1736.30,1740.73,1746.00,1750.74,1755.43,1758.70,1763.13,1768.98,1775.74,1781.14,1783.61,1786.62,1789.44,1789.69,1791.15,1795.70,1801.36,1807.20,1814.73,1822.26,1827.38,1832.00,1839.36,1844.23,1848.81,1851.81,1854.62,1858.10,1861.92,1865.59,1868.80,1871.87,1874.89,1877.56,1877.51,1875.58,1874.48,1873.94,1873.42,1871.05,1871.06,1873.74,1878.07,1885.61,1891.89,1893.80,1894.91,1896.24,1897.68,1900.37,1903.20,1905.95,1908.28,1910.50,1916.93,1923.65,1929.28,1933.73,1941.50,1953.33,1963.74,1972.77,1981.96,1990.20,1998.14,2006.92,2014.55,2019.92,2027.07,2035.39,2043.01,2051.85,2059.81,2064.85,2068.22,2071.34,2074.23,2077.40,2080.47,2082.65,2084.53,2086.46,2087.99,2089.42,2090.26,2091.76,2095.27,2099.49,2102.93,2108.16,2113.72,2119.40,2126.47,2131.57,2136.90,2143.37,2149.08,2154.03
1204.87,1203.49,1204.14,1205.83,1206.62,1206.79,1206.93,1208.25,1209.78,1210.76,1211.66,1212.61,1213.38,1213.57,1213.68,1213.81,1213.94,1214.06,1214.20,1214.51,1214.99,1216.16,1217.80,1219.06,1223.47,1237.05,1246.88,1255.17,1259.92,1260.03,1262.03,1271.18,1279.91,1287.86,1291.53,1293.60,1296.68,1300.49,1305.33,1310.02,1314.45,1320.49,1326.48,1332.23,1339.84,1345.57,1349.86,1351.33,1352.22,1353.31,1354.39,1355.61,1356.96,1356.87,1359.49,1362.11,1365.37,1367.50,1369.53,1373.78,1377.69,1382.51,1391.46,1396.73,1401.38,1406.41,1412.86,1419.82,1423.62,1427.39,1430.80,1436.69,1440.40,1442.81,1444.74,1446.51,1447.73,1447.85,1447.97,1449.09,1450.48,1452.12,1454.15,1456.30,1458.21,1459.86,1462.39,1465.53,1469.66,1472.22,1472.89,1476.66,1481.07,1486.71,1492.43,1498.88,1505.79,1511.23,1516.86,1521.86,1524.39,1526.63,1528.63,1532.61,1539.91,1550.44,1557.74,1563.40,1568.03,1573.05,1576.99,1579.73,1585.67,1588.72,1591.24,1593.90,1597.10,1600.18,1602.83,1604.88,1606.19,1607.89,1609.76,1611.96,1614.14,1616.56,1619.21,1621.79,1622.99,1623.70,1624.51,1625.93,1627.57,1629.30,1632.35,1636.83,1641.87,1647.99,1654.68,1660.55,1665.64,1670.74,1674.71,1676.82,1678.58,1680.36,1683.03,1684.51,1685.12,1687.36,1690.73,1696.49,1703.29,1710.70,1717.15,1722.15,1725.97,1729.22,1734.03,1739.51,1744.87,1750.43,1757.32,1760.84,1764.78,1769.00,1773.26,1777.33,1779.28,1781.40,1784.14,1785.52,1788.08,1793.09,1800.52,1808.03,1815.98,1823.36,1829.59,1834.29,1838.81,1842.14,1845.17,1849.20,1852.18,1857.09,1861.42,1863.17,1863.99,1866.28,1869.85,1872.27,1872.86,1872.59,1870.38,1868.68,1868.29,1867.41,1867.70,1870.74,1875.13,1879.12,1884.19,1887.32,1889.38,1892.77,1896.58,1900.41,1904.13,1908.20,1911.03,1912.49,1914.33,1918.73,1924.98,1931.50,1939.53,1950.55,1959.66,1967.19,1975.19,1982.12,1988.51,1995.67,2003.20,2009.61,2018.96,2030.41,2040.92,2052.62,2061.14,2067.11,2070.27,2073.05,2074.39,2075.16,2076.07,2078.01,2079.76,2081.44,2083.26,2085.57,2087.09,2088.15,2090.53,2095.06,2099.29,2104.69,2110.32,2116.04,2121.59,2128.42,2135.51,2142.61,2148.97,2153.95
1201.65,1201.53,1202.32,1203.56,1204.42,1205.65,1206.96,1207.88,1208.91,1210.26,1211.28,1212.26,1212.86,1213.04,1213.13,1213.22,1213.33,1213.42,1213.55,1213.77,1214.64,1216.40,1218.34,1219.63,1226.34,1239.15,1249.75,1260.34,1264.30,1265.47,1267.39,1274.14,1281.16,1285.84,1289.88,1293.28,1296.74,1299.82,1303.93,1308.86,1315.01,1320.85,1327.42,1333.95,1340.87,1346.12,1350.04,1351.00,1351.40,1352.39,1353.49,1354.56,1354.99,1354.89,1357.72,1360.38,1366.84,1370.20,1373.56,1378.21,1383.50,1389.98,1395.33,1399.81,1404.05,1408.85,1416.04,1422.62,1427.00,1432.24,1436.52,1440.00,1441.95,1443.70,1445.38,1446.23,1446.16,1446.09,1446.93,1448.83,1450.48,1452.50,1455.02,1457.81,1460.49,1463.08,1466.02,1467.81,1467.75,1469.42,1472.03,1475.44,1478.98,1484.18,1489.13,1497.29,1503.53,1508.05,1514.82,1521.61,1526.40,1530.98,1536.17,1538.55,1541.84,1547.89,1556.78,1564.45,1569.83,1574.70,1579.39,1583.56,1588.59,1591.38,1593.23,1595.25,1597.04,1599.06,1601.28,1604.76,1608.05,1610.28,1612.17,1614.05,1615.97,1618.03,1620.01,1622.56,1624.58,1625.37,1625.92,1626.56,1628.19,1630.09,1633.13,1636.76,1640.91,1646.13,1651.37,1658.89,1665.80,1670.97,1674.68,1677.01,1679.00,1680.55,1681.96,1683.14,1684.28,1686.55,1690.34,1695.63,1701.22,1708.06,1713.84,1718.58,1723.36,1727.97,1734.43,1740.90,1745.91,1752.58,1760.48,1762.88,1765.32,1767.66,1769.74,1772.80,1775.56,1778.35,1781.45,1784.43,1787.89,1793.54,1801.13,1808.01,1814.30,1819.71,1826.82,1832.36,1835.07,1836.07,1838.59,1842.72,1847.73,1853.46,1856.79,1857.33,1857.73,1859.94,1863.35,1865.76,1867.69,1868.30,1866.74,1864.59,1864.28,1864.09,1865.46,1868.22,1871.46,1874.85,1878.41,1882.66,1887.90,1892.53,1896.79,1901.07,1904.88,1908.40,1911.34,1914.37,1916.51,1918.57,1923.30,1929.94,1936.39,1944.04,1952.94,1959.14,1965.45,1971.58,1978.29,1986.40,1995.21,2005.49,2019.05,2033.72,2049.64,2060.28,2067.80,2074.36,2080.07,2082.97,2082.57,2082.20,2080.38,2078.95,2078.69,2079.24,2080.49,2083.39,2085.69,2087.98,2091.41,2096.49,2101.40,2105.84,2110.34,2115.58,2120.82,2127.01,2133.87,2140.86,2147.46,2152.97
1199.66,1200.73,1202.24,1203.75,1205.25,1207.24,1208.87,1209.51,1209.53,1210.21,1211.09,1211.79,1212.32,1212.56,1212.65,1212.73,1212.82,1212.88,1212.95,1213.30,1215.05,1216.99,1218.94,1222.68,1232.87,1243.11,1253.04,1262.43,1268.27,1269.98,1272.13,1276.77,1282.13,1286.81,1290.44,1294.01,1297.01,1298.74,1301.50,1308.20,1318.45,1326.09,1331.57,1336.35,1340.85,1344.72,1349.18,1350.61,1350.65,1351.49,1352.44,1353.10,1352.91,1352.33,1355.60,1362.40,1371.16,1376.41,1382.14,1388.29,1392.32,1395.76,1399.65,1402.83,1406.68,1412.43,1419.91,1426.11,1431.28,1436.05,1440.15,1441.41,1442.75,1444.10,1444.63,1444.45,1444.30,1444.69,1447.46,1450.28,1451.77,1453.46,1455.75,1458.43,1462.02,1467.03,1470.75,1473.40,1472.99,1472.84,1475.02,1477.42,1480.82,1485.25,1489.41,1496.03,1502.22,1507.26,1512.86,1518.94,1525.94,1535.21,1542.20,1544.21,1545.89,1550.31,1558.00,1565.62,1571.48,1575.85,1579.92,1583.25,1586.92,1589.46,1590.84,1593.02,1595.08,1597.28,1599.93,1603.76,1607.38,1610.43,1612.88,1615.24,1617.53,1619.75,1622.26,1624.35,1626.29,1627.08,1627.63,1627.67,1628.59,1630.57,1633.58,1637.00,1640.82,1645.62,1651.60,1661.77,1669.55,1672.69,1675.70,1678.08,1680.11,1681.54,1682.71,1684.03,1685.57,1687.28,1690.51,1694.58,1700.34,1707.75,1713.56,1718.43,1723.36,1728.41,1736.43,1742.73,1747.40,1753.02,1757.76,1760.38,1763.21,1766.16,1768.07,1770.57,1773.56,1776.81,1779.88,1783.95,1788.19,1793.65,1799.75,1803.60,1808.46,1814.35,1822.59,1827.89,1828.82,1829.28,1832.47,1836.61,1841.15,1846.81,1848.92,1849.53,1851.27,1854.34,1857.01,1858.84,1861.07,1862.22,1862.02,1860.54,1860.49,1861.03,1863.08,1866.38,1869.71,1873.30,1877.35,1881.86,1886.88,1891.62,1896.15,1900.22,1903.13,1906.42,1910.23,1914.18,1918.00,1921.04,1924.94,1929.64,1934.85,1939.96,1947.19,1953.25,1958.18,1964.44,1973.08,1983.04,1993.38,2006.94,2022.19,2038.85,2053.97,2064.76,2073.97,2081.83,2088.08,2092.35,2092.68,2090.53,2087.86,2086.14,2084.99,2084.69,2085.31,2087.42,2088.93,2091.37,2097.66,2103.45,2108.74,2113.41,2118.48,2123.65,2130.42,2136.56,2141.75,2145.48,2148.67,2154.60
1200.07,1201.61,1203.50,1205.39,1206.83,1208.65,1210.02,1210.18,1210.13,1210.38,1210.83,1211.30,1211.79,1212.05,1212.09,1212.07,1212.05,1212.06,1212.07,1213.16,1215.83,1217.90,1221.01,1230.24,1239.39,1248.25,1254.63,1261.70,1269.06,1272.91,1275.03,1278.31,1286.43,1290.86,1292.47,1294.41,1295.39,1296.92,1300.60,1308.17,1317.11,1325.89,1331.93,1334.39,1337.08,1341.23,1346.64,1349.83,1349.43,1349.55,1350.64,1351.29,1350.76,1349.36,1353.17,1366.80,1374.16,1379.96,1386.82,1392.37,1395.72,1399.24,1402.47,1405.37,1408.73,1414.02,1420.68,1426.71,1432.06,1436.93,1440.45,1441.71,1442.85,1443.20,1442.69,1442.47,1442.56,1444.26,1447.87,1451.16,1453.36,1455.11,1456.66,1458.37,1462.07,1469.16,1474.34,1478.41,1479.77,1478.22,1479.29,1482.05,1484.73,1488.66,1492.68,1497.30,1502.90,1508.27,1513.55,1519.97,1527.42,1537.17,1544.96,1549.36,1550.23,1553.72,1559.38,1565.13,1570.01,1574.32,1577.99,1580.61,1583.67,1586.62,1589.70,1592.99,1595.91,1598.25,1600.73,1603.93,1606.81,1609.74,1612.35,1614.78,1617.17,1619.67,1623.26,1626.34,1628.08,1629.00,1629.36,1629.42,1629.89,1632.43,1635.94,1637.82,1640.70,1645.87,1651.86,1660.09,1668.28,1671.48,1675.76,1679.65,1683.04,1684.04,1683.89,1685.12,1686.36,1688.18,1690.45,1694.15,1700.15,1707.45,1713.35,1718.09,1723.44,1729.07,1735.89,1741.56,1746.42,1751.19,1754.95,1758.25,1761.46,1764.48,1766.86,1769.40,1772.26,1775.62,1779.36,1783.47,1786.67,1790.11,1791.60,1794.60,1800.92,1809.01,1817.29,1821.78,1822.87,1825.39,1829.39,1833.64,1837.03,1840.22,1842.61,1843.97,1846.60,1849.45,1851.09,1852.31,1855.08,1856.38,1856.62,1856.56,1856.93,1859.24,1863.46,1868.02,1871.57,1874.55,1877.93,1881.97,1886.42,1890.74,1894.57,1898.01,1901.61,1906.09,1910.54,1914.64,1918.74,1923.30,1927.82,1932.14,1936.65,1942.05,1948.12,1953.82,1959.05,1964.36,1971.94,1982.94,1994.82,2008.79,2024.86,2041.96,2056.37,2067.69,2079.23,2087.79,2096.68,2102.57,2103.99,2102.67,2099.03,2096.31,2095.14,2095.51,2096.93,2098.82,2101.60,2106.02,2110.72,2115.35,2120.28,2125.91,2132.41,2138.39,2145.98,2152.43,2155.92,2158.31,2161.05,2164.94
1202.35,1203.92,1205.75,1207.31,1209.28,1209.74,1210.14,1210.31,1210.43,1210.62,1210.86,1211.17,1211.38,1211.40,1211.26,1211.11,1211.06,1211.06,1211.25,1213.33,1216.28,1218.86,1226.67,1236.83,1245.43,1251.36,1256.10,1261.73,1267.89,1271.00,1275.13,1279.96,1286.86,1289.67,1290.19,1291.08,1292.80,1295.63,1299.43,1307.42,1316.11,1323.28,1327.48,1330.28,1334.46,1338.59,1342.82,1346.31,1344.97,1342.05,1343.64,1346.00,1346.18,1345.86,1350.22,1364.48,1373.11,1379.69,1385.55,1390.98,1395.69,1399.66,1402.51,1405.28,1408.18,1412.42,1418.78,1424.61,1430.16,1434.35,1438.29,1440.60,1441.83,1441.80,1440.84,1440.60,1441.31,1443.68,1447.17,1449.83,1452.05,1455.12,1457.72,1460.39,1464.84,1471.40,1476.22,1480.35,1482.43,1482.22,1482.98,1486.17,1490.84,1495.54,1499.18,1503.02,1507.98,1513.92,1517.94,1525.45,1533.09,1540.71,1548.82,1552.29,1554.44,1557.44,1561.31,1565.33,1569.61,1573.20,1576.50,1579.68,1583.37,1587.44,1591.38,1595.13,1598.24,1601.29,1604.47,1607.79,1609.99,1612.18,1614.67,1616.85,1618.62,1620.48,1623.88,1627.87,1629.79,1630.55,1630.58,1631.08,1631.88,1635.11,1639.05,1641.14,1643.01,1645.93,1650.41,1657.64,1664.64,1670.79,1676.47,1682.22,1686.50,1687.08,1686.24,1686.51,1687.30,1688.34,1690.32,1693.78,1699.44,1705.70,1711.12,1716.29,1722.06,1728.24,1734.17,1739.61,1745.55,1751.81,1756.95,1759.47,1761.80,1764.27,1766.69,1769.09,1772.05,1775.66,1778.10,1780.36,1781.15,1781.66,1783.09,1786.85,1793.45,1802.93,1810.22,1814.76,1818.41,1822.92,1827.20,1831.10,1833.26,1835.00,1837.38,1839.59,1843.07,1844.45,1845.29,1846.87,1849.64,1850.56,1851.11,1852.79,1856.12,1860.60,1865.16,1869.60,1872.70,1875.53,1878.60,1882.34,1886.40,1890.18,1893.48,1897.34,1901.62,1906.75,1911.54,1915.72,1919.87,1924.84,1929.89,1934.74,1939.58,1946.03,1952.02,1957.46,1962.69,1967.35,1973.32,1983.19,1995.86,2010.73,2027.20,2044.80,2059.43,2071.85,2083.81,2093.42,2103.78,2110.50,2113.30,2113.77,2112.50,2110.45,2110.08,2111.56,2113.47,2116.10,2119.44,2123.13,2126.84,2130.77,2135.76,2140.72,2146.07,2152.28,2157.89,2163.98,2170.17,2174.39,2177.90,2181.23
1204.87,1206.86,1209.03,1209.43,1210.08,1210.18,1210.27,1210.34,1210.37,1210.55,1210.73,1210.74,1210.81,1210.80,1210.70,1210.45,1210.23,1210.00,1210.77,1213.71,1216.82,1221.24,1232.08,1241.89,1250.80,1253.88,1257.44,1261.41,1265.07,1267.19,1270.90,1275.62,1280.31,1283.23,1284.62,1288.10,1292.20,1296.23,1299.86,1306.57,1312.80,1317.44,1322.40,1328.06,1333.08,1336.73,1339.99,1341.62,1340.92,1337.80,1337.32,1338.47,1339.98,1344.15,1349.06,1360.00,1370.61,1379.47,1385.86,1391.10,1394.62,1398.26,1401.48,1404.25,1407.61,1411.55,1416.68,1421.34,1426.72,1430.47,1434.45,1438.54,1440.82,1440.56,1438.02,1437.40,1440.70,1443.22,1446.03,1448.42,1451.31,1454.45,1457.38,1461.24,1467.18,1472.12,1476.16,1480.08,1483.27,1485.42,1486.57,1488.73,1495.41,1501.56,1505.54,1510.37,1514.71,1520.50,1523.53,1529.26,1534.84,1541.80,1549.27,1552.83,1554.54,1557.74,1561.94,1565.93,1570.17,1573.49,1576.80,1580.08,1583.64,1588.03,1592.45,1596.78,1601.04,1606.59,1609.73,1611.17,1613.40,1615.62,1618.17,1620.45,1621.89,1623.79,1626.36,1629.34,1630.38,1630.51,1630.50,1630.99,1631.75,1634.71,1639.43,1643.15,1646.77,1650.12,1654.31,1660.55,1667.72,1674.21,1679.78,1686.01,1689.59,1689.98,1689.57,1689.03,1688.80,1689.32,1690.92,1694.02,1698.40,1703.30,1707.51,1712.43,1718.33,1724.45,1730.91,1736.63,1745.61,1753.20,1759.21,1761.46,1763.44,1765.56,1767.47,1769.51,1772.00,1773.53,1773.31,1773.77,1773.63,1774.53,1776.62,1781.19,1786.98,1796.03,1804.17,1809.29,1814.26,1818.66,1822.16,1825.30,1827.30,1829.25,1832.71,1835.71,1837.91,1838.74,1840.08,1842.18,1844.62,1845.32,1849.35,1853.62,1857.89,1862.00,1865.85,1869.68,1872.67,1875.47,1878.33,1881.53,1885.27,1889.03,1892.59,1896.97,1901.94,1907.53,1912.50,1917.08,1921.62,1926.55,1931.68,1936.86,1943.16,1950.29,1955.46,1960.81,1966.52,1971.89,1977.47,1985.72,1997.88,2014.46,2030.42,2048.53,2063.63,2076.32,2088.11,2098.88,2109.70,2116.63,2120.89,2123.11,2123.87,2124.18,2125.61,2127.52,2129.89,2132.62,2135.94,2139.57,2143.47,2148.45,2152.82,2156.25,2160.09,2164.91,2172.53,2180.43,2186.11,2190.74,2194.68,2197.49
1206.23,1208.74,1209.97,1210.03,1210.07,1209.74,1209.98,1210.04,1210.04,1210.25,1210.39,1210.29,1210.22,1210.17,1210.12,1209.77,1209.00,1208.69,1212.35,1218.86,1221.51,1225.79,1235.36,1244.72,1251.63,1254.48,1257.02,1259.24,1261.11,1261.81,1263.96,1266.03,1268.47,1273.84,1278.95,1287.99,1293.60,1297.95,1301.94,1304.83,1306.73,1308.78,1317.16,1327.84,1333.08,1336.04,1337.59,1337.96,1337.27,1334.95,1333.56,1334.22,1337.55,1342.63,1348.69,1355.37,1365.99,1375.57,1384.22,1390.48,1393.88,1397.54,1401.07,1403.57,1406.71,1410.43,1414.23,1418.45,1423.14,1426.83,1430.69,1436.04,1438.70,1435.51,1431.80,1435.11,1440.42,1443.35,1446.62,1449.69,1453.08,1456.28,1458.70,1461.48,1466.33,1470.54,1474.07,1478.35,1481.85,1485.18,1488.32,1491.82,1497.61,1503.28,1508.32,1513.16,1517.86,1522.08,1525.94,1529.75,1533.43,1537.78,1545.31,1550.24,1550.44,1553.17,1558.03,1562.27,1569.49,1572.40,1574.75,1579.16,1583.03,1587.13,1591.74,1596.09,1600.56,1606.66,1610.85,1612.86,1614.32,1616.14,1619.00,1621.50,1623.67,1625.96,1628.28,1629.89,1630.17,1629.91,1628.62,1627.50,1627.98,1630.45,1635.49,1640.17,1645.49,1652.09,1659.37,1665.55,1671.89,1677.70,1682.73,1688.36,1691.01,1691.81,1691.82,1691.27,1690.93,1691.48,1692.73,1695.08,1698.17,1701.43,1704.51,1708.85,1714.47,1719.31,1725.10,1732.38,1744.29,1753.76,1759.03,1761.83,1762.98,1763.47,1764.52,1766.26,1768.63,1769.27,1768.28,1767.45,1767.71,1769.04,1770.19,1773.71,1779.62,1786.82,1795.55,1801.76,1805.63,1808.83,1812.29,1816.81,1819.76,1823.04,1825.57,1827.25,1830.56,1834.55,1835.70,1837.00,1839.28,1844.35,1850.88,1855.06,1859.10,1862.57,1865.73,1868.79,1871.56,1874.38,1877.46,1880.43,1884.06,1887.83,1891.86,1896.66,1901.97,1907.95,1913.12,1917.98,1923.10,1928.31,1933.46,1938.85,1946.50,1953.04,1957.80,1963.99,1969.87,1976.30,1982.55,1991.52,2004.78,2019.45,2035.08,2052.38,2068.23,2080.63,2092.91,2105.75,2115.69,2122.58,2127.98,2131.82,2134.11,2136.77,2139.81,2142.06,2144.57,2146.71,2149.24,2154.28,2161.17,2167.81,2172.45,2175.03,2176.56,2181.09,2187.13,2193.22,2199.13,2203.63,2206.82,2210.41
1204.74,1207.83,1209.79,1209.55,1207.66,1205.27,1206.37,1207.69,1208.28,1209.56,1209.92,1209.53,1208.51,1207.76,1207.44,1206.68,1206.52,1208.72,1217.07,1225.40,1227.60,1229.96,1237.45,1244.20,1249.36,1252.18,1253.46,1253.27,1254.38,1252.80,1253.94,1258.33,1260.22,1263.56,1272.33,1279.43,1288.28,1295.18,1299.60,1299.74,1301.70,1306.65,1316.70,1327.97,1332.37,1334.17,1334.86,1334.56,1333.83,1331.83,1329.81,1330.15,1334.65,1339.94,1345.54,1350.02,1359.66,1369.13,1378.78,1387.27,1392.09,1395.70,1399.97,1402.72,1405.19,1408.23,1411.71,1415.89,1419.97,1423.64,1427.17,1431.37,1432.72,1429.46,1429.34,1435.05,1440.74,1444.38,1447.93,1452.13,1456.03,1458.72,1460.99,1463.23,1465.64,1468.30,1471.61,1475.79,1479.92,1483.27,1487.14,1490.80,1496.10,1501.29,1506.06,1511.73,1516.62,1521.43,1524.41,1526.36,1528.24,1532.61,1540.50,1545.70,1546.43,1549.48,1553.94,1558.57,1565.23,1567.69,1570.11,1575.17,1579.40,1583.73,1590.26,1594.69,1598.79,1603.67,1607.45,1609.89,1611.25,1613.89,1617.51,1620.75,1623.25,1625.85,1627.69,1627.81,1627.38,1624.84,1621.73,1620.49,1621.22,1624.57,1629.44,1635.67,1643.23,1650.78,1661.32,1667.77,1674.73,1680.69,1684.62,1689.28,1691.54,1692.85,1693.80,1693.89,1694.00,1694.47,1695.53,1697.24,1698.98,1701.43,1703.87,1707.15,1711.77,1715.85,1720.23,1728.16,1740.66,1752.24,1757.12,1760.24,1760.33,1759.46,1759.79,1760.85,1762.97,1762.92,1761.99,1762.45,1763.41,1763.60,1763.45,1765.73,1769.80,1776.15,1783.22,1790.21,1794.45,1799.09,1804.65,1809.65,1812.91,1814.30,1814.15,1819.15,1826.52,1831.22,1830.85,1830.70,1836.56,1846.51,1852.21,1855.53,1858.92,1861.99,1864.81,1867.64,1870.36,1873.51,1876.75,1879.84,1883.21,1887.08,1891.63,1896.06,1900.26,1905.87,1912.09,1918.33,1924.39,1930.18,1935.51,1940.64,1947.81,1955.61,1961.34,1967.75,1974.71,1981.86,1989.07,2000.19,2012.70,2024.98,2041.27,2057.48,2073.41,2086.13,2100.32,2112.70,2121.31,2128.40,2134.93,2139.93,2143.86,2147.68,2151.97,2155.34,2158.25,2161.43,2165.89,2172.44,2179.34,2183.95,2186.42,2188.62,2191.39,2194.57,2198.60,2204.61,2210.18,2214.68,2218.48,2222.43
1203.32,1206.45,1207.27,1204.54,1200.25,1198.22,1200.38,1203.34,1205.05,1205.74,1206.34,1206.44,1205.26,1204.07,1203.43,1203.59,1206.00,1209.40,1220.59,1229.49,1233.00,1236.00,1240.40,1244.32,1247.57,1249.20,1249.05,1247.07,1245.40,1240.80,1240.24,1245.37,1248.99,1254.61,1264.64,1272.20,1277.51,1287.74,1291.72,1293.91,1299.63,1307.08,1317.13,1325.54,1329.98,1331.73,1332.02,1331.34,1330.42,1328.36,1324.77,1326.37,1333.01,1338.27,1341.73,1344.95,1351.05,1362.86,1371.82,1380.10,1387.30,1391.86,1396.26,1399.85,1401.37,1404.85,1408.95,1413.45,1417.05,1420.32,1422.60,1424.61,1426.05,1425.69,1430.58,1436.09,1442.09,1446.50,1450.26,1454.95,1459.38,1461.37,1463.66,1466.15,1468.21,1470.16,1472.56,1475.50,1478.52,1481.83,1485.59,1488.71,1492.24,1496.70,1501.84,1508.85,1512.95,1517.72,1520.43,1521.52,1524.59,1529.64,1536.76,1540.83,1542.46,1546.03,1549.04,1552.76,1559.73,1562.27,1565.23,1570.38,1573.68,1578.23,1586.23,1592.16,1595.22,1597.58,1600.13,1602.86,1607.82,1612.55,1616.59,1620.41,1623.15,1625.24,1624.86,1623.94,1621.88,1618.76,1617.11,1617.14,1618.69,1622.95,1629.66,1636.04,1642.74,1650.45,1661.29,1668.14,1675.49,1681.73,1684.60,1687.98,1690.89,1692.12,1693.74,1695.36,1696.67,1697.70,1699.32,1700.81,1701.62,1703.00,1704.96,1707.92,1711.15,1714.65,1718.43,1725.39,1735.50,1747.87,1753.49,1753.89,1754.40,1753.44,1754.05,1756.02,1757.56,1757.29,1756.20,1756.40,1757.74,1757.48,1756.40,1759.45,1763.36,1766.28,1771.08,1777.12,1783.34,1791.74,1798.98,1802.46,1803.00,1802.95,1804.87,1813.02,1818.84,1822.25,1821.47,1826.40,1835.93,1845.02,1850.62,1852.88,1856.73,1861.11,1863.67,1866.08,1869.42,1872.22,1873.92,1876.98,1880.75,1884.69,1890.36,1894.11,1898.27,1904.57,1912.24,1919.97,1927.62,1934.71,1940.11,1944.75,1950.09,1959.07,1966.54,1973.67,1981.56,1988.67,1996.33,2008.21,2019.89,2033.70,2048.92,2064.79,2079.83,2093.66,2108.59,2119.09,2126.90,2134.37,2141.18,2145.86,2150.95,2156.99,2162.57,2168.01,2172.96,2177.16,2181.47,2186.10,2190.43,2194.56,2199.11,2203.06,2206.28,2209.42,2212.20,2216.79,2221.68,2226.05,2229.73,2233.37
1202.20,1204.09,1202.44,1196.68,1192.26,1190.71,1193.72,1200.01,1201.47,1201.01,1201.15,1202.52,1201.94,1200.66,1200.58,1203.33,1206.51,1210.23,1221.08,1230.08,1234.30,1238.23,1241.28,1243.53,1244.42,1245.58,1244.80,1241.65,1236.09,1230.17,1230.89,1236.65,1243.23,1250.43,1256.61,1261.63,1269.00,1279.66,1285.40,1292.10,1298.95,1306.34,1314.59,1321.93,1326.38,1328.31,1329.03,1327.86,1326.32,1324.80,1321.11,1321.15,1329.91,1333.89,1336.46,1339.53,1344.86,1355.20,1365.05,1371.22,1378.44,1384.67,1389.03,1392.72,1396.47,1401.00,1405.52,1410.77,1414.34,1417.05,1417.24,1417.90,1420.39,1425.65,1432.39,1437.94,1443.40,1448.79,1453.10,1457.38,1461.33,1463.71,1466.01,1468.47,1470.64,1472.42,1474.40,1476.19,1478.12,1481.07,1484.41,1486.87,1488.76,1491.40,1496.40,1501.82,1506.62,1509.85,1514.44,1517.73,1522.61,1527.64,1532.60,1536.39,1538.74,1541.38,1541.82,1547.40,1554.22,1557.47,1561.65,1565.52,1568.53,1573.92,1580.65,1587.06,1589.07,1588.27,1589.69,1595.73,1605.36,1611.52,1616.29,1620.37,1622.96,1623.07,1621.83,1619.88,1617.08,1614.73,1614.72,1617.57,1621.14,1627.49,1634.66,1640.56,1645.07,1651.23,1659.73,1665.84,1670.75,1675.89,1678.28,1680.61,1685.64,1689.36,1691.86,1693.75,1695.95,1698.79,1700.97,1703.30,1704.95,1706.22,1708.41,1710.80,1712.01,1714.98,1718.18,1723.69,1729.95,1738.01,1745.98,1746.56,1747.62,1747.85,1749.18,1751.47,1752.80,1752.45,1750.79,1748.95,1749.49,1750.25,1749.48,1751.55,1756.34,1759.56,1763.78,1769.25,1777.34,1786.02,1791.07,1792.31,1791.99,1792.51,1797.09,1804.58,1807.99,1808.43,1816.00,1825.07,1832.82,1839.86,1844.92,1847.97,1851.77,1857.41,1860.20,1861.80,1864.67,1867.85,1869.28,1872.53,1876.65,1881.72,1887.74,1893.25,1899.42,1907.20,1916.87,1926.28,1935.86,1944.60,1950.09,1952.86,1955.89,1963.60,1971.63,1980.45,1989.83,1996.82,2004.76,2016.56,2031.07,2044.65,2057.97,2073.22,2087.66,2103.50,2116.44,2125.78,2133.23,2140.52,2146.61,2151.72,2158.85,2166.49,2172.75,2178.06,2182.69,2186.98,2191.04,2195.31,2199.34,2203.34,2207.93,2211.66,2214.89,2218.47,2221.32,2224.45,2228.59,2232.53,2236.79,2241.07
1198.72,1201.10,1196.18,1187.46,1185.42,1185.09,1188.13,1194.18,1197.29,1196.90,1197.40,1198.27,1198.37,1198.72,1201.24,1204.20,1207.27,1212.59,1221.83,1229.22,1233.43,1235.67,1239.07,1240.60,1240.52,1241.79,1241.27,1236.89,1230.14,1225.56,1227.01,1234.88,1242.58,1244.66,1246.55,1250.54,1262.82,1276.37,1286.20,1293.18,1297.41,1300.24,1303.86,1312.95,1320.69,1323.82,1325.29,1323.44,1321.40,1320.98,1316.63,1315.78,1324.58,1328.45,1330.75,1334.99,1341.32,1348.58,1357.85,1363.45,1367.29,1371.96,1378.45,1384.49,1390.67,1395.60,1399.67,1406.42,1411.48,1413.70,1412.50,1412.81,1418.72,1425.37,1432.92,1440.83,1445.61,1450.38,1454.06,1457.88,1461.34,1464.02,1466.18,1468.24,1470.32,1471.12,1471.92,1473.89,1477.00,1480.50,1482.98,1484.90,1486.72,1488.80,1492.94,1498.78,1502.69,1506.38,1510.42,1516.85,1522.09,1525.79,1529.30,1532.69,1535.25,1536.70,1537.20,1541.40,1549.39,1554.02,1558.61,1562.54,1566.85,1571.95,1577.28,1580.79,1582.59,1582.49,1584.89,1590.47,1601.24,1608.91,1615.91,1620.15,1621.69,1620.94,1616.63,1611.82,1610.54,1611.99,1615.70,1619.67,1624.71,1630.97,1637.26,1642.30,1646.29,1651.33,1658.75,1663.76,1667.28,1669.78,1673.21,1676.41,1680.34,1686.00,1691.35,1694.41,1696.75,1699.96,1702.12,1704.47,1706.74,1708.70,1711.03,1713.02,1711.87,1713.25,1716.21,1720.83,1725.67,1730.94,1737.28,1740.69,1742.32,1743.58,1745.39,1746.84,1748.01,1747.46,1744.68,1742.13,1742.09,1742.76,1743.30,1746.64,1751.78,1756.27,1760.88,1766.65,1771.87,1776.10,1780.96,1783.59,1783.98,1786.20,1790.27,1793.00,1794.54,1801.23,1814.42,1821.88,1827.91,1833.70,1837.74,1840.64,1844.45,1849.06,1852.59,1855.63,1858.56,1862.61,1866.90,1871.38,1876.77,1882.86,1889.17,1895.31,1902.32,1911.70,1923.17,1932.60,1943.59,1953.68,1958.87,1961.08,1963.89,1970.28,1979.47,1989.26,1998.53,2005.80,2015.27,2029.26,2043.60,2055.69,2068.70,2083.16,2098.58,2112.66,2123.44,2132.78,2141.11,2148.92,2153.22,2158.76,2166.80,2173.20,2178.85,2184.64,2189.84,2194.44,2198.60,2201.76,2204.97,2208.79,2212.64,2216.07,2219.49,2222.15,2225.19,2228.94,2232.08,2235.80,2240.20,2244.77
1195.03,1196.07,1187.39,1179.88,1179.05,1179.85,1183.78,1190.12,1192.32,1192.88,1194.09,1195.35,1197.51,1200.33,1203.33,1206.41,1209.36,1214.76,1221.50,1227.22,1230.12,1232.14,1235.90,1237.95,1237.44,1237.87,1236.78,1232.64,1226.58,1221.53,1224.60,1232.54,1238.39,1236.55,1237.68,1246.69,1264.51,1280.31,1288.08,1293.76,1292.16,1290.84,1292.84,1302.54,1310.17,1318.36,1321.52,1319.85,1316.10,1313.89,1308.58,1311.58,1319.33,1322.92,1325.99,1330.01,1336.46,1341.94,1347.73,1353.45,1358.64,1362.97,1367.25,1372.56,1379.53,1387.64,1390.16,1396.09,1406.13,1409.04,1406.48,1410.16,1417.48,1424.11,1432.98,1442.24,1446.53,1450.64,1454.11,1457.55,1460.42,1462.94,1463.44,1465.00,1466.65,1467.64,1470.10,1473.27,1476.53,1479.50,1481.83,1484.29,1486.91,1489.28,1492.79,1497.14,1501.19,1504.91,1508.62,1513.85,1519.65,1523.65,1527.14,1529.51,1531.06,1532.56,1536.02,1540.71,1547.48,1554.46,1560.52,1563.78,1567.34,1571.50,1575.11,1577.38,1578.61,1579.29,1582.15,1587.36,1595.10,1606.20,1612.32,1613.52,1616.38,1616.19,1607.49,1603.68,1606.97,1612.40,1617.06,1621.39,1626.74,1632.04,1637.64,1642.06,1645.72,1649.64,1657.01,1661.95,1665.01,1667.52,1670.78,1674.92,1678.52,1685.13,1692.75,1696.20,1698.34,1700.51,1702.32,1704.23,1705.56,1706.96,1708.12,1708.83,1708.17,1709.80,1713.38,1717.86,1722.53,1727.29,1732.26,1736.70,1738.63,1739.96,1741.12,1741.51,1742.60,1742.45,1739.74,1736.54,1736.04,1736.46,1739.07,1744.81,1750.66,1755.04,1758.68,1761.23,1763.82,1767.59,1772.85,1775.44,1775.30,1778.76,1781.89,1786.19,1793.68,1803.38,1811.90,1816.90,1822.41,1827.29,1830.74,1834.08,1838.17,1843.02,1847.54,1852.53,1857.66,1862.99,1868.24,1873.14,1877.98,1884.64,1891.68,1896.90,1902.87,1912.30,1925.63,1936.34,1947.13,1957.86,1965.57,1971.03,1976.15,1982.91,1990.86,1998.53,2006.80,2016.07,2028.13,2042.80,2055.36,2066.16,2079.95,2094.88,2109.57,2120.16,2131.02,2141.01,2149.51,2153.72,2157.52,2164.19,2171.61,2176.91,2183.06,2189.34,2194.71,2199.44,2202.65,2204.99,2207.71,2211.04,2214.05,2217.62,2221.47,2224.20,2227.13,2230.31,2234.16,2238.02,2242.20,2246.88
1191.77,1189.31,1179.39,1173.24,1172.44,1174.79,1179.50,1183.98,1188.35,1191.18,1193.71,1196.94,1200.05,1202.51,1206.34,1210.80,1210.62,1212.01,1217.49,1221.63,1223.96,1228.33,1232.55,1235.22,1234.74,1233.37,1231.35,1226.81,1220.96,1217.68,1222.70,1231.86,1234.08,1230.05,1232.70,1244.71,1262.68,1279.19,1286.67,1291.49,1289.61,1285.02,1286.57,1293.78,1302.93,1314.08,1313.61,1309.70,1308.99,1304.65,1302.34,1307.41,1312.53,1317.59,1321.20,1324.31,1330.37,1336.01,1340.63,1343.96,1349.92,1357.16,1361.65,1364.65,1369.64,1376.40,1381.07,1386.09,1393.69,1399.02,1399.82,1407.97,1415.89,1423.12,1432.30,1441.94,1446.30,1450.39,1453.46,1454.77,1456.87,1459.68,1459.63,1460.41,1462.23,1466.16,1470.69,1474.23,1477.71,1480.50,1482.36,1484.95,1488.29,1490.96,1494.43,1498.50,1502.42,1506.12,1509.82,1514.27,1518.88,1522.26,1523.82,1525.53,1527.88,1531.91,1537.18,1542.55,1548.99,1556.09,1561.56,1564.68,1567.95,1570.83,1573.03,1575.06,1576.51,1578.03,1579.77,1584.93,1591.25,1599.60,1604.57,1604.81,1605.65,1604.74,1597.78,1598.43,1604.38,1611.70,1618.06,1622.72,1626.82,1631.01,1637.36,1641.74,1644.66,1647.75,1653.79,1661.77,1664.72,1667.28,1670.61,1672.50,1675.55,1681.31,1691.73,1695.34,1697.65,1700.00,1701.69,1703.13,1703.99,1704.37,1704.42,1704.38,1704.47,1707.36,1711.47,1716.30,1721.01,1727.25,1731.80,1734.86,1737.09,1737.91,1738.38,1737.92,1737.93,1737.47,1734.88,1731.81,1730.71,1731.61,1737.78,1744.33,1750.15,1754.03,1755.31,1756.05,1759.69,1763.77,1765.79,1766.59,1767.60,1775.39,1782.39,1790.73,1798.12,1803.66,1806.38,1810.58,1815.25,1820.10,1825.28,1831.14,1837.22,1842.59,1847.92,1853.18,1858.16,1863.59,1869.20,1874.91,1880.22,1886.23,1893.28,1899.52,1904.99,1912.99,1926.20,1939.49,1950.38,1963.85,1973.05,1981.60,1988.65,1994.63,1999.73,2007.81,2017.59,2027.63,2041.10,2055.35,2065.72,2077.11,2091.60,2107.17,2117.20,2127.61,2140.00,2148.46,2152.63,2155.82,2159.22,2166.06,2173.10,2178.84,2186.43,2192.91,2198.35,2202.63,2205.68,2208.22,2210.28,2211.70,2213.91,2216.46,2220.61,2223.51,2226.51,2229.88,2234.36,2238.94,2243.36,2247.95
1186.18,1181.66,1173.14,1169.12,1168.78,1170.93,1175.09,1179.78,1186.85,1191.43,1194.54,1197.74,1200.91,1204.14,1210.26,1212.88,1211.47,1210.59,1211.53,1212.72,1215.70,1222.15,1229.80,1232.77,1232.32,1229.96,1224.83,1220.07,1217.15,1214.59,1220.83,1231.75,1230.87,1226.08,1229.07,1242.32,1257.39,1274.67,1283.52,1287.82,1287.66,1280.52,1280.99,1286.49,1300.92,1310.04,1305.45,1300.51,1298.33,1297.82,1300.61,1308.38,1309.51,1313.42,1316.85,1319.97,1325.64,1330.34,1335.52,1339.91,1344.81,1353.66,1358.19,1360.31,1365.10,1370.23,1374.94,1380.46,1386.90,1393.20,1397.25,1403.85,1413.84,1422.07,1428.83,1439.30,1444.75,1448.37,1450.46,1450.63,1452.67,1454.86,1455.97,1458.33,1461.72,1466.75,1470.84,1474.50,1478.19,1480.94,1482.91,1485.84,1489.46,1492.59,1495.65,1498.88,1502.42,1506.45,1510.17,1513.28,1516.72,1519.31,1519.81,1522.82,1527.42,1532.24,1537.24,1542.69,1548.60,1554.75,1560.38,1563.88,1568.15,1571.15,1573.09,1574.75,1576.31,1577.72,1579.92,1583.08,1587.95,1592.62,1594.71,1595.15,1594.59,1593.89,1591.28,1592.85,1598.63,1605.31,1614.57,1622.00,1626.55,1630.94,1638.02,1641.95,1644.66,1647.88,1653.10,1660.03,1660.80,1661.54,1664.79,1667.21,1671.67,1677.60,1688.78,1693.72,1696.38,1698.78,1700.69,1701.98,1701.79,1701.27,1700.23,1700.39,1702.45,1705.95,1710.85,1717.06,1721.60,1727.70,1731.42,1734.11,1735.27,1736.27,1736.20,1735.43,1734.37,1732.92,1730.18,1727.62,1726.39,1729.05,1736.15,1742.85,1749.02,1751.85,1750.53,1751.78,1756.34,1758.57,1757.95,1758.08,1765.81,1775.55,1782.83,1789.91,1795.60,1797.33,1797.62,1801.61,1809.99,1818.48,1826.81,1835.34,1841.36,1844.76,1848.81,1854.31,1860.42,1867.65,1873.68,1879.70,1884.91,1889.80,1897.88,1903.51,1908.71,1918.06,1929.30,1943.81,1958.38,1972.76,1981.99,1990.79,1998.74,2004.46,2010.04,2018.86,2027.96,2038.66,2053.07,2064.85,2076.38,2088.84,2104.78,2115.32,2123.78,2136.39,2146.92,2153.98,2154.50,2156.26,2159.26,2165.80,2173.01,2179.41,2188.08,2194.93,2200.62,2205.34,2208.86,2211.72,2212.88,2212.44,2213.80,2214.89,2218.94,2221.84,2225.26,2229.69,2234.20,2238.99,2243.18,2247.59
1180.40,1174.84,1169.14,1167.32,1167.35,1169.22,1173.64,1179.95,1186.09,1191.09,1194.50,1197.72,1201.25,1207.77,1211.43,1211.63,1211.21,1209.87,1205.16,1204.13,1207.63,1217.98,1226.52,1229.64,1229.32,1225.43,1219.13,1214.11,1213.87,1211.09,1218.66,1230.26,1225.89,1221.73,1226.05,1236.05,1250.64,1264.17,1278.34,1283.13,1284.46,1278.59,1275.86,1283.44,1299.70,1299.65,1292.61,1291.41,1294.44,1297.97,1302.90,1311.29,1313.21,1315.66,1319.23,1323.54,1327.47,1330.44,1334.47,1339.11,1344.90,1352.11,1355.99,1358.27,1361.03,1365.56,1370.17,1376.46,1383.97,1391.68,1397.06,1402.53,1411.60,1420.08,1425.44,1432.08,1440.95,1444.05,1445.78,1447.50,1450.38,1453.30,1456.52,1459.96,1463.61,1469.04,1472.40,1475.30,1478.46,1480.98,1483.97,1487.17,1489.62,1491.07,1493.37,1497.38,1501.19,1504.62,1507.56,1509.82,1512.69,1515.20,1518.07,1522.10,1526.38,1530.35,1535.37,1540.55,1545.74,1550.88,1558.21,1562.91,1567.12,1570.79,1574.14,1576.67,1578.38,1579.26,1581.41,1584.24,1587.43,1588.95,1589.19,1589.15,1588.67,1588.65,1588.51,1589.21,1591.91,1596.94,1606.45,1619.21,1625.22,1631.87,1639.21,1642.22,1644.72,1647.90,1651.63,1654.44,1655.82,1656.46,1658.26,1663.11,1669.78,1677.06,1686.92,1692.17,1694.20,1697.04,1699.85,1700.47,1699.78,1698.88,1697.75,1697.78,1700.14,1703.76,1709.39,1717.74,1723.29,1727.99,1731.21,1732.82,1733.46,1734.57,1734.06,1733.24,1731.81,1729.62,1727.03,1724.39,1722.50,1724.99,1730.35,1736.34,1744.12,1747.67,1745.45,1748.08,1752.75,1752.28,1750.06,1752.93,1761.88,1768.21,1773.78,1780.45,1786.69,1787.40,1791.99,1801.41,1811.77,1823.36,1833.89,1842.80,1848.12,1850.52,1853.51,1858.53,1867.36,1874.52,1881.86,1888.90,1895.27,1901.66,1906.58,1910.51,1916.32,1924.96,1935.52,1951.36,1966.51,1978.90,1990.08,2000.15,2007.44,2014.20,2021.21,2028.67,2039.15,2051.68,2064.07,2076.34,2088.73,2102.49,2114.57,2122.54,2133.20,2145.05,2154.93,2159.68,2157.81,2156.48,2158.97,2165.27,2172.72,2179.34,2187.82,2195.20,2201.58,2207.41,2211.63,2214.62,2214.13,2212.34,2211.82,2213.59,2217.02,2219.65,2222.93,2227.52,2232.71,2238.31,2242.61,2245.93
1176.82,1171.89,1168.33,1165.65,1166.14,1168.33,1171.68,1178.75,1184.34,1189.39,1193.43,1197.93,1202.55,1208.59,1207.93,1205.00,1203.38,1200.72,1197.17,1196.71,1204.79,1216.63,1223.16,1225.26,1225.41,1221.50,1215.26,1209.50,1210.74,1209.09,1217.36,1224.21,1217.73,1216.88,1221.45,1229.30,1241.34,1254.01,1266.52,1275.92,1279.13,1276.38,1272.30,1280.66,1289.81,1288.89,1283.50,1291.88,1297.76,1302.10,1307.34,1312.11,1315.69,1318.34,1322.30,1328.40,1331.73,1334.17,1337.05,1339.69,1346.49,1352.09,1354.16,1355.95,1358.33,1362.28,1367.45,1373.79,1381.36,1391.75,1398.86,1404.55,1410.00,1417.46,1422.81,1426.78,1432.92,1440.05,1444.46,1449.00,1452.51,1455.69,1458.96,1461.77,1465.33,1469.50,1472.87,1475.89,1478.63,1482.22,1485.44,1486.91,1487.51,1488.64,1491.76,1496.62,1500.52,1503.65,1506.44,1509.26,1512.22,1515.38,1518.39,1523.54,1529.61,1534.30,1538.85,1542.52,1546.11,1551.21,1558.09,1562.62,1566.49,1570.27,1574.05,1577.93,1580.92,1583.35,1584.40,1585.40,1586.94,1587.36,1587.66,1587.85,1587.25,1587.03,1587.22,1588.44,1589.55,1593.21,1600.02,1613.43,1623.62,1631.27,1639.20,1642.45,1644.83,1646.97,1647.85,1648.72,1651.54,1651.60,1654.40,1661.75,1668.91,1679.26,1685.96,1689.52,1691.18,1694.42,1697.20,1697.45,1696.30,1696.16,1695.43,1694.28,1695.84,1698.66,1704.37,1713.45,1721.56,1727.05,1730.19,1730.62,1732.06,1732.61,1731.92,1731.10,1729.21,1725.83,1723.45,1721.51,1718.81,1718.93,1722.53,1729.51,1737.76,1740.55,1738.23,1742.10,1745.84,1743.04,1744.35,1751.20,1756.83,1761.92,1766.76,1772.35,1776.96,1780.99,1790.27,1801.54,1811.20,1823.21,1834.86,1844.40,1851.60,1856.76,1861.14,1867.53,1875.66,1884.55,1894.25,1900.61,1906.42,1912.11,1916.52,1921.03,1926.95,1934.56,1946.97,1960.74,1971.96,1985.51,1998.92,2008.43,2016.63,2024.62,2032.61,2042.98,2054.22,2064.11,2076.04,2088.98,2101.09,2113.91,2122.72,2132.12,2143.86,2154.56,2162.46,2162.00,2158.14,2156.58,2159.37,2165.38,2172.20,2178.57,2186.36,2193.98,2201.14,2207.42,2211.71,2213.66,2212.07,2209.81,2208.74,2210.41,2213.98,2216.74,2219.61,2224.07,2229.57,2235.61,2240.43,2242.07
1173.56,1170.27,1167.37,1164.35,1164.34,1166.65,1169.44,1175.71,1179.42,1183.74,1188.43,1195.52,1201.07,1201.58,1199.32,1194.48,1192.87,1193.85,1194.11,1195.85,1205.68,1214.42,1218.39,1221.37,1222.26,1219.47,1212.73,1206.95,1207.75,1207.23,1216.38,1217.47,1211.13,1212.76,1217.05,1223.39,1232.49,1243.88,1252.97,1262.03,1267.28,1267.14,1266.40,1272.60,1281.42,1276.20,1281.04,1291.88,1299.37,1303.53,1307.17,1310.65,1315.11,1318.31,1321.47,1326.44,1330.02,1331.63,1337.08,1339.55,1344.96,1349.81,1351.04,1352.58,1356.18,1361.15,1366.50,1375.52,1383.83,1392.31,1399.56,1404.54,1409.11,1415.29,1421.68,1427.05,1431.55,1439.87,1445.63,1450.55,1454.28,1458.03,1461.57,1465.10,1468.21,1470.47,1472.76,1475.72,1478.80,1482.86,1483.97,1484.03,1486.40,1489.24,1494.22,1499.59,1503.12,1506.12,1508.49,1511.27,1514.65,1517.83,1521.29,1528.04,1538.25,1543.82,1546.53,1547.61,1549.84,1553.18,1558.30,1562.60,1566.51,1570.37,1574.03,1577.81,1581.59,1584.75,1585.46,1585.79,1585.63,1585.56,1585.91,1586.49,1585.93,1585.73,1587.54,1589.69,1591.65,1594.14,1597.96,1607.59,1620.54,1628.79,1637.82,1641.94,1643.54,1643.65,1643.72,1645.52,1646.66,1646.71,1651.38,1660.30,1666.48,1674.55,1681.65,1684.43,1684.90,1687.34,1691.06,1693.74,1693.38,1693.20,1691.03,1689.09,1689.74,1692.70,1698.92,1707.55,1716.10,1722.06,1725.05,1727.07,1729.86,1730.04,1729.24,1727.81,1724.72,1721.14,1719.34,1717.50,1714.74,1714.63,1720.05,1725.46,1728.46,1728.98,1728.86,1733.65,1736.35,1738.75,1744.06,1750.34,1755.13,1759.52,1764.16,1768.29,1771.88,1777.50,1787.12,1797.69,1806.58,1817.42,1829.33,1840.72,1848.28,1856.45,1864.74,1872.82,1881.84,1891.88,1900.51,1907.83,1916.15,1922.23,1927.06,1932.67,1939.67,1949.72,1960.19,1969.01,1979.12,1994.96,2007.44,2017.51,2026.34,2035.03,2045.38,2057.08,2065.95,2075.71,2088.42,2100.50,2113.14,2123.18,2132.92,2144.05,2154.70,2164.71,2167.04,2162.78,2158.26,2156.64,2159.86,2165.02,2170.29,2176.68,2184.05,2191.16,2198.23,2204.05,2208.09,2209.30,2208.53,2206.93,2205.53,2206.81,2209.49,2212.77,2216.21,2219.99,2225.23,2230.20,2234.05,2236.08
1170.13,1168.27,1165.36,1162.40,1161.82,1163.46,1166.38,1171.05,1174.67,1178.22,1182.63,1188.39,1196.15,1196.28,1191.63,1187.47,1188.55,1190.98,1191.94,1196.20,1202.73,1207.81,1211.19,1216.11,1217.75,1215.67,1210.20,1204.22,1203.27,1206.47,1213.95,1212.01,1205.54,1208.36,1213.54,1218.72,1225.40,1234.61,1241.87,1245.61,1248.20,1254.06,1259.01,1267.13,1270.52,1267.42,1280.05,1289.25,1298.89,1303.64,1307.59,1311.04,1314.57,1316.59,1318.13,1321.14,1324.91,1328.48,1334.13,1339.70,1344.20,1346.90,1347.73,1349.31,1353.01,1359.38,1363.82,1374.67,1386.19,1396.41,1404.53,1408.86,1412.68,1419.33,1426.59,1432.90,1437.98,1442.73,1446.99,1450.57,1454.20,1458.66,1462.54,1466.86,1470.46,1472.44,1474.16,1475.96,1478.47,1481.83,1480.67,1483.42,1489.42,1495.58,1500.70,1503.62,1507.68,1510.36,1512.06,1513.96,1517.23,1520.62,1525.16,1532.11,1541.43,1547.40,1550.50,1551.60,1553.99,1556.77,1559.74,1562.27,1565.93,1569.35,1572.61,1575.69,1578.97,1582.59,1584.11,1584.00,1582.67,1582.15,1582.96,1584.84,1584.38,1585.37,1589.68,1594.20,1597.55,1599.11,1600.86,1607.86,1618.60,1627.98,1636.73,1640.07,1640.41,1640.16,1640.15,1641.45,1641.17,1641.95,1647.59,1657.10,1664.53,1670.74,1675.46,1677.56,1677.90,1681.79,1687.33,1691.33,1691.18,1689.45,1686.26,1683.19,1682.43,1685.69,1693.42,1702.75,1709.68,1715.55,1718.20,1718.81,1721.71,1725.08,1724.93,1723.20,1720.33,1717.51,1715.42,1712.78,1710.21,1710.69,1715.47,1718.79,1720.19,1722.15,1726.37,1730.04,1736.28,1741.20,1745.40,1750.29,1754.82,1758.63,1761.33,1764.52,1767.15,1771.91,1781.53,1791.18,1803.80,1815.16,1826.18,1836.55,1844.88,1853.55,1862.56,1873.46,1884.61,1894.58,1904.57,1915.08,1924.61,1930.70,1937.11,1943.73,1953.25,1962.59,1970.53,1977.91,1990.20,2004.55,2017.07,2027.81,2036.92,2046.06,2055.94,2066.51,2076.80,2087.38,2098.73,2111.86,2122.68,2133.48,2145.62,2154.93,2165.60,2171.61,2169.69,2164.16,2159.02,2156.51,2158.90,2163.15,2167.80,2173.71,2181.07,2187.26,2193.23,2198.72,2202.36,2203.92,2204.23,2203.24,2202.12,2202.49,2204.74,2207.57,2210.97,2214.40,2218.81,2222.53,2225.34,2227.59
1168.34,1166.69,1163.92,1160.80,1160.21,1160.56,1162.80,1166.59,1170.63,1172.68,1175.26,1178.49,1184.08,1187.07,1185.09,1182.44,1186.96,1190.36,1190.83,1191.54,1192.42,1193.89,1199.23,1207.75,1211.22,1210.44,1206.15,1200.93,1200.34,1205.57,1211.02,1207.07,1199.73,1202.37,1208.57,1213.32,1216.76,1222.19,1229.49,1235.24,1242.37,1249.12,1255.46,1259.54,1258.39,1265.41,1279.73,1288.93,1298.81,1304.11,1308.32,1311.10,1312.76,1313.34,1314.19,1317.45,1322.78,1329.44,1335.34,1339.72,1342.46,1343.51,1344.00,1344.84,1346.98,1351.90,1357.83,1371.67,1386.25,1401.25,1409.28,1413.09,1418.99,1428.38,1432.66,1436.76,1440.59,1443.45,1445.81,1448.60,1451.70,1456.61,1461.46,1465.42,1469.35,1472.18,1474.73,1477.24,1479.24,1480.80,1478.47,1483.87,1490.86,1499.51,1503.19,1506.12,1510.38,1515.46,1517.75,1517.95,1519.77,1523.35,1526.96,1532.14,1539.22,1544.82,1548.34,1549.55,1551.83,1555.47,1559.27,1561.27,1562.54,1564.81,1569.13,1570.60,1573.26,1577.61,1578.98,1578.21,1577.54,1578.83,1580.96,1582.62,1584.24,1588.73,1594.62,1600.54,1605.21,1606.04,1609.39,1616.46,1622.27,1628.85,1635.06,1637.46,1637.53,1637.37,1637.55,1638.98,1638.53,1638.60,1642.40,1650.66,1659.27,1663.02,1667.72,1669.48,1670.90,1675.65,1682.14,1686.21,1687.34,1684.68,1681.61,1678.53,1676.81,1678.58,1686.33,1695.97,1701.90,1706.83,1708.38,1708.40,1710.89,1717.12,1719.64,1717.61,1714.42,1712.83,1712.18,1709.02,1705.95,1707.42,1710.78,1716.19,1720.17,1725.64,1731.58,1735.49,1740.88,1743.82,1746.66,1750.38,1754.82,1756.67,1758.13,1760.15,1763.51,1768.57,1777.24,1788.56,1803.17,1815.36,1825.62,1835.05,1843.32,1851.60,1861.11,1872.41,1884.16,1895.45,1908.13,1920.88,1930.40,1937.21,1943.63,1950.69,1960.94,1970.67,1978.56,1989.58,2002.20,2016.61,2030.82,2040.82,2049.53,2056.11,2065.15,2075.96,2086.17,2096.39,2109.30,2121.66,2133.51,2146.71,2156.43,2166.01,2173.19,2174.94,2171.03,2165.51,2160.02,2156.74,2157.69,2160.89,2165.16,2169.77,2176.28,2182.23,2187.11,2191.90,2195.62,2197.92,2198.84,2198.50,2197.26,2196.72,2198.60,2201.53,2204.04,2206.02,2207.94,2211.36,2214.80,2217.73
1166.24,1164.40,1163.36,1161.14,1159.91,1159.85,1160.16,1162.21,1165.73,1167.23,1169.04,1172.44,1175.57,1178.95,1178.61,1177.09,1183.02,1188.15,1187.94,1184.03,1181.94,1184.06,1189.68,1197.09,1202.37,1202.90,1200.07,1197.37,1198.96,1204.27,1206.84,1200.53,1194.17,1196.84,1200.25,1203.67,1206.81,1209.12,1216.91,1225.48,1235.54,1242.38,1244.55,1248.60,1260.19,1274.47,1284.85,1292.82,1300.46,1304.74,1307.68,1308.67,1309.68,1310.10,1312.10,1315.86,1321.41,1327.98,1332.68,1335.16,1337.60,1339.50,1339.77,1339.80,1343.18,1348.47,1355.94,1370.57,1386.28,1401.05,1410.12,1414.88,1420.76,1431.37,1434.41,1437.04,1439.38,1441.48,1443.44,1445.28,1447.41,1451.18,1456.86,1461.95,1467.25,1471.11,1473.78,1476.57,1478.64,1477.01,1473.76,1479.06,1486.38,1495.79,1500.18,1502.69,1510.62,1519.13,1522.24,1522.88,1524.92,1528.16,1529.57,1532.55,1536.81,1540.20,1542.84,1545.23,1548.49,1551.95,1556.03,1559.09,1558.70,1559.22,1561.90,1562.82,1565.14,1569.70,1571.16,1573.95,1578.10,1582.95,1585.21,1586.43,1589.36,1594.47,1600.71,1608.66,1614.31,1615.96,1619.19,1622.66,1625.92,1629.48,1633.84,1635.38,1634.91,1634.80,1635.72,1637.67,1636.68,1635.98,1637.50,1644.30,1652.50,1656.76,1661.53,1663.55,1665.11,1668.37,1672.60,1678.12,1680.92,1679.50,1676.93,1674.04,1671.98,1672.49,1677.68,1686.10,1690.80,1692.62,1693.05,1694.68,1699.85,1705.02,1709.66,1709.66,1708.22,1707.95,1706.59,1702.44,1703.92,1708.97,1714.57,1720.41,1724.68,1729.41,1734.64,1739.46,1743.30,1746.51,1749.54,1751.57,1752.29,1753.10,1754.82,1757.35,1761.19,1765.90,1775.13,1787.23,1802.45,1816.04,1828.01,1836.88,1844.27,1852.34,1862.17,1872.45,1883.33,1895.88,1909.76,1923.51,1932.97,1939.62,1945.72,1953.09,1964.50,1975.28,1985.83,2000.21,2013.37,2028.69,2040.58,2050.69,2057.00,2063.84,2072.96,2082.94,2093.24,2105.66,2119.03,2131.82,2146.02,2157.17,2166.37,2174.90,2179.18,2176.86,2172.18,2166.72,2160.56,2157.11,2156.71,2158.99,2161.97,2165.79,2169.66,2174.39,2179.16,2182.81,2186.07,2188.74,2189.99,2189.98,2188.94,2188.18,2188.50,2191.22,2194.12,2195.76,2196.67,2199.32,2203.09,2205.61
1164.11,1161.64,1161.79,1160.68,1159.85,1159.75,1159.78,1159.97,1161.49,1162.97,1164.43,1167.30,1170.42,1173.27,1172.23,1170.83,1175.94,1179.44,1177.60,1173.55,1173.39,1175.53,1180.83,1188.02,1192.24,1193.73,1193.86,1196.22,1200.87,1204.49,1201.31,1193.24,1189.27,1191.42,1192.88,1197.14,1204.44,1212.42,1225.05,1227.01,1229.36,1237.08,1247.89,1257.11,1267.44,1278.03,1289.73,1296.46,1301.68,1304.26,1305.63,1305.78,1305.97,1307.01,1309.42,1311.93,1318.08,1324.71,1329.47,1330.00,1330.72,1332.32,1334.70,1337.56,1341.67,1348.63,1356.06,1369.94,1385.10,1397.85,1408.70,1415.71,1423.24,1430.45,1433.20,1434.46,1436.36,1438.63,1439.99,1440.79,1442.38,1446.18,1451.50,1458.17,1464.29,1469.43,1472.50,1474.49,1472.64,1469.84,1469.74,1476.20,1484.97,1492.38,1495.05,1499.37,1512.21,1520.59,1524.28,1527.40,1529.98,1532.32,1532.75,1534.17,1536.94,1539.61,1541.49,1543.47,1545.55,1548.18,1551.03,1553.23,1554.07,1555.75,1557.44,1558.32,1559.97,1565.85,1571.43,1577.32,1585.68,1592.13,1596.35,1595.39,1596.87,1602.62,1609.90,1616.62,1620.74,1622.44,1624.11,1626.85,1629.44,1631.29,1633.40,1633.47,1632.83,1633.31,1635.62,1636.95,1635.50,1632.43,1633.60,1639.81,1647.07,1652.70,1656.39,1658.10,1660.33,1664.22,1666.61,1669.85,1673.96,1674.05,1672.12,1669.79,1668.13,1667.84,1672.36,1677.95,1681.74,1682.48,1683.36,1685.63,1689.49,1694.73,1700.45,1702.50,1702.89,1703.00,1699.77,1699.12,1706.33,1713.73,1719.44,1723.70,1728.17,1731.57,1735.49,1738.72,1741.44,1744.15,1746.98,1746.73,1747.12,1749.57,1751.85,1754.90,1758.74,1764.64,1775.73,1788.09,1803.46,1815.99,1828.32,1837.37,1845.47,1854.84,1865.15,1874.70,1884.42,1896.97,1909.77,1921.23,1931.42,1938.76,1945.02,1952.05,1962.92,1975.57,1989.32,2004.75,2018.64,2033.18,2044.83,2053.09,2059.74,2068.19,2077.52,2087.23,2099.91,2113.70,2127.31,2142.53,2155.00,2165.01,2174.44,2180.87,2181.10,2177.15,2172.66,2166.89,2160.06,2157.28,2156.26,2157.93,2159.44,2161.80,2164.59,2166.99,2169.20,2171.89,2174.18,2176.03,2177.18,2177.63,2177.32,2176.87,2176.61,2178.55,2181.30,2183.23,2184.38,2185.40,2187.21,2189.86
1165.69,1159.90,1160.28,1160.97,1159.88,1159.71,1159.64,1159.82,1160.51,1161.85,1163.38,1164.99,1167.39,1169.34,1170.04,1168.30,1169.45,1170.15,1168.79,1168.19,1169.07,1171.95,1176.71,1181.43,1184.48,1186.68,1191.81,1197.26,1201.56,1202.54,1198.15,1191.03,1186.83,1187.02,1187.94,1194.42,1204.09,1216.46,1230.34,1233.87,1237.84,1244.48,1248.22,1252.60,1260.54,1275.29,1289.81,1296.05,1300.07,1302.63,1302.60,1302.63,1305.89,1309.01,1312.95,1319.79,1321.80,1324.57,1327.05,1327.95,1329.01,1330.89,1335.46,1340.10,1343.84,1348.93,1357.36,1372.25,1384.83,1395.14,1406.09,1414.30,1422.28,1428.97,1430.26,1430.19,1432.31,1434.25,1434.89,1435.73,1438.56,1445.67,1452.09,1457.02,1461.61,1466.43,1469.89,1471.07,1468.91,1467.37,1469.18,1474.89,1481.72,1486.87,1490.03,1498.41,1511.77,1520.17,1524.88,1529.24,1532.08,1534.83,1536.39,1537.07,1538.61,1541.43,1543.61,1545.24,1546.55,1547.14,1548.17,1549.47,1551.35,1553.46,1555.36,1556.97,1559.87,1568.03,1574.88,1582.57,1592.84,1599.28,1605.53,1607.23,1611.22,1615.80,1619.10,1621.22,1623.22,1625.19,1627.42,1630.05,1631.02,1631.84,1631.89,1631.60,1630.94,1632.93,1635.46,1636.11,1634.57,1629.92,1630.05,1635.69,1641.70,1647.41,1651.22,1652.79,1656.49,1659.65,1662.52,1665.40,1668.70,1668.95,1668.03,1666.89,1664.99,1663.71,1667.08,1672.70,1676.22,1677.16,1678.09,1679.62,1682.49,1687.05,1692.48,1696.04,1697.44,1696.73,1694.33,1701.29,1711.44,1718.73,1722.27,1725.28,1728.71,1731.00,1731.81,1732.76,1734.67,1736.82,1738.36,1739.97,1742.99,1746.32,1749.14,1753.06,1757.63,1764.96,1776.78,1788.33,1803.24,1814.89,1825.05,1836.76,1847.22,1858.87,1869.24,1878.63,1888.93,1900.34,1910.00,1917.97,1927.60,1935.43,1942.24,1948.93,1958.40,1971.89,1987.32,2001.24,2016.75,2032.18,2043.79,2051.71,2059.35,2068.92,2078.68,2090.09,2104.65,2117.57,2132.01,2148.10,2160.48,2171.09,2180.46,2183.97,2180.98,2176.09,2171.28,2165.64,2158.83,2156.90,2156.17,2156.69,2157.25,2158.12,2159.74,2161.10,2161.81,2162.63,2163.65,2164.40,2164.65,2164.13,2162.76,2161.97,2162.40,2164.49,2166.53,2168.76,2170.66,2171.62,2171.84,2172.66
1163.93,1159.16,1159.51,1160.85,1160.04,1159.69,1159.55,1159.78,1160.62,1162.04,1163.48,1164.82,1166.71,1168.50,1168.86,1167.43,1166.05,1164.42,1164.47,1165.91,1167.59,1170.00,1174.92,1180.37,1185.64,1189.70,1192.72,1197.72,1200.47,1200.95,1196.45,1189.15,1185.28,1183.26,1185.43,1191.91,1200.90,1210.58,1223.99,1230.82,1236.30,1237.87,1240.41,1248.73,1261.55,1277.37,1287.59,1292.97,1297.16,1298.54,1298.31,1301.85,1309.21,1312.89,1316.38,1319.54,1321.02,1322.96,1325.06,1326.70,1329.46,1332.58,1335.18,1337.07,1338.73,1345.33,1358.28,1370.88,1382.02,1388.57,1401.57,1410.62,1418.58,1423.75,1423.49,1423.18,1426.69,1429.16,1429.68,1432.76,1438.18,1445.80,1452.23,1454.75,1457.68,1461.25,1464.25,1465.58,1465.30,1466.31,1468.58,1472.63,1476.71,1479.64,1487.17,1497.88,1511.40,1520.28,1526.70,1531.00,1533.98,1536.96,1539.31,1540.45,1541.06,1542.47,1545.29,1547.93,1549.82,1550.41,1550.75,1551.68,1553.21,1554.96,1557.07,1558.51,1560.60,1569.93,1577.08,1586.79,1596.34,1604.16,1610.95,1615.45,1619.24,1620.92,1621.91,1622.99,1624.69,1626.61,1628.49,1629.75,1630.36,1630.05,1629.57,1629.54,1628.99,1630.37,1633.71,1635.01,1633.21,1629.00,1627.83,1631.34,1635.64,1639.62,1642.34,1644.57,1648.26,1652.68,1657.04,1661.25,1664.64,1665.10,1664.22,1663.61,1661.96,1659.77,1661.68,1667.92,1672.07,1673.58,1674.45,1675.71,1677.66,1681.84,1686.58,1689.72,1689.90,1687.99,1696.53,1705.20,1710.21,1713.15,1716.41,1718.99,1720.85,1722.43,1723.81,1725.47,1728.15,1731.02,1734.69,1738.04,1741.20,1745.15,1749.27,1753.94,1758.82,1767.06,1777.80,1787.90,1800.96,1812.99,1822.10,1836.20,1849.41,1863.16,1874.20,1884.33,1894.40,1903.89,1911.59,1917.27,1923.57,1930.65,1937.95,1945.23,1953.58,1963.96,1979.08,1993.76,2008.14,2024.62,2037.07,2045.79,2054.61,2067.12,2077.84,2089.96,2105.48,2117.98,2132.71,2149.91,2163.53,2175.51,2183.52,2185.86,2181.30,2175.81,2170.34,2165.12,2160.11,2158.48,2157.16,2155.65,2154.71,2154.83,2155.08,2154.54,2153.11,2152.74,2152.63,2152.06,2149.74,2148.01,2147.29,2146.85,2147.58,2149.80,2151.97,2154.31,2156.81,2157.89,2157.54,2156.78
1159.97,1158.53,1159.24,1160.43,1160.23,1159.68,1159.43,1159.66,1160.26,1161.84,1163.35,1164.79,1166.62,1168.03,1168.63,1167.86,1163.65,1159.84,1160.00,1162.86,1166.31,1169.21,1176.04,1181.75,1188.56,1192.40,1194.32,1195.65,1197.07,1197.62,1193.37,1183.89,1182.72,1180.35,1182.43,1188.93,1198.58,1207.88,1218.97,1227.31,1230.35,1235.46,1247.01,1256.90,1267.44,1275.91,1278.92,1284.82,1289.47,1287.76,1290.77,1298.41,1305.59,1309.58,1311.68,1314.39,1317.50,1320.83,1323.25,1325.32,1327.81,1329.31,1328.34,1327.33,1330.14,1339.10,1349.82,1361.86,1374.45,1385.67,1396.53,1404.06,1410.60,1415.29,1415.17,1416.80,1419.94,1422.91,1426.34,1432.01,1438.03,1444.86,1449.34,1450.18,1453.78,1457.22,1459.90,1464.12,1467.42,1469.03,1470.64,1471.21,1474.32,1477.89,1485.04,1495.24,1507.80,1520.10,1527.77,1532.37,1535.52,1538.68,1541.30,1543.13,1544.20,1544.64,1546.16,1549.19,1551.64,1553.55,1554.87,1556.45,1558.26,1558.83,1559.70,1561.54,1564.21,1571.79,1577.82,1586.29,1595.71,1604.98,1611.87,1616.60,1619.61,1620.36,1621.74,1623.18,1624.52,1625.99,1627.44,1628.41,1628.61,1627.63,1626.44,1625.82,1626.31,1627.57,1630.85,1632.60,1631.27,1627.19,1625.30,1627.51,1630.01,1633.43,1635.68,1637.09,1638.57,1642.24,1649.21,1655.68,1661.07,1661.47,1660.54,1660.17,1659.47,1657.41,1658.51,1663.25,1668.09,1669.97,1670.78,1671.84,1673.46,1676.52,1679.38,1679.31,1679.77,1687.71,1698.84,1701.44,1702.23,1704.29,1706.82,1709.26,1711.59,1715.00,1717.49,1720.58,1724.72,1729.36,1734.44,1739.00,1742.60,1746.65,1750.70,1756.07,1761.66,1769.60,1778.23,1786.96,1797.81,1810.03,1820.80,1836.68,1852.87,1868.36,1878.98,1889.51,1898.28,1906.43,1912.25,1917.07,1922.21,1927.52,1933.90,1941.09,1948.80,1956.85,1968.08,1982.52,1994.35,2012.19,2024.92,2035.19,2046.50,2061.03,2075.40,2087.16,2101.65,2116.25,2131.41,2149.30,2164.45,2176.74,2187.10,2187.71,2182.15,2176.37,2170.68,2166.12,2162.22,2159.94,2158.30,2155.63,2152.88,2151.64,2150.40,2148.13,2145.01,2142.78,2140.18,2137.31,2134.21,2132.01,2130.74,2130.76,2132.21,2135.00,2137.63,2140.16,2143.00,2144.34,2143.50,2139.68
1158.76,1157.87,1158.83,1160.00,1160.04,1159.52,1159.21,1159.56,1160.33,1161.86,1163.34,1164.93,1167.16,1168.83,1169.34,1168.39,1161.80,1159.03,1158.79,1160.27,1165.28,1169.49,1176.25,1181.42,1186.33,1189.90,1190.69,1191.17,1192.28,1192.40,1188.03,1179.06,1179.75,1178.51,1182.14,1192.51,1205.24,1213.89,1220.33,1223.95,1226.56,1234.90,1247.85,1255.11,1259.65,1262.34,1265.48,1271.45,1276.65,1281.78,1288.06,1294.84,1300.88,1305.07,1308.50,1312.76,1317.86,1320.53,1321.64,1322.31,1322.18,1318.60,1315.61,1318.77,1324.46,1330.31,1338.55,1349.46,1362.27,1374.84,1390.53,1397.33,1401.71,1404.75,1408.45,1413.13,1416.68,1420.24,1424.98,1430.07,1435.30,1440.11,1444.28,1450.58,1456.65,1461.15,1464.68,1469.71,1472.04,1473.49,1475.68,1474.95,1474.92,1477.84,1482.88,1492.00,1502.50,1517.82,1526.75,1532.27,1536.15,1539.71,1542.33,1544.69,1546.77,1547.96,1548.18,1549.36,1552.00,1554.53,1556.68,1558.79,1560.70,1562.07,1563.00,1564.96,1567.54,1572.11,1577.16,1584.00,1594.43,1604.56,1611.13,1615.39,1617.28,1618.10,1620.41,1622.16,1623.59,1624.89,1626.08,1627.04,1626.32,1625.17,1624.02,1623.21,1623.74,1624.98,1626.23,1629.01,1628.41,1624.24,1620.62,1621.25,1622.98,1626.78,1630.54,1632.38,1633.90,1636.12,1641.19,1649.18,1656.28,1658.07,1658.37,1657.91,1656.62,1654.88,1656.09,1660.16,1664.38,1666.46,1667.29,1667.90,1668.72,1668.86,1667.82,1672.97,1683.30,1692.01,1693.37,1693.38,1695.57,1698.72,1702.44,1705.79,1709.15,1712.87,1716.62,1720.32,1724.04,1728.39,1733.92,1740.11,1744.71,1748.84,1753.28,1758.73,1764.69,1771.28,1779.01,1787.04,1797.01,1808.64,1821.17,1839.51,1859.69,1873.37,1882.09,1891.28,1897.78,1904.82,1911.05,1915.09,1919.78,1924.89,1930.41,1937.00,1944.04,1951.14,1960.25,1973.54,1986.34,2002.04,2017.68,2028.68,2042.41,2055.14,2071.35,2083.67,2096.61,2112.61,2127.45,2145.73,2162.09,2174.33,2188.19,2189.28,2182.81,2176.80,2171.29,2167.30,2163.82,2161.57,2159.26,2155.98,2152.36,2148.49,2145.07,2141.74,2136.56,2131.55,2126.53,2121.58,2117.46,2115.49,2114.42,2113.84,2115.68,2120.08,2124.74,2127.76,2129.92,2130.78,2128.84,2125.89
1158.26,1157.24,1157.97,1159.02,1159.20,1158.81,1159.03,1159.66,1160.87,1162.86,1164.12,1165.45,1167.76,1169.67,1170.30,1170.82,1164.69,1159.46,1158.07,1158.84,1163.61,1168.16,1173.13,1179.02,1182.23,1184.15,1184.28,1184.65,1185.81,1184.73,1180.17,1175.47,1176.01,1179.61,1186.53,1197.96,1207.04,1211.23,1216.22,1223.22,1229.59,1232.52,1239.18,1247.94,1252.95,1254.25,1256.50,1262.21,1275.35,1285.64,1294.35,1300.19,1302.95,1306.48,1310.22,1314.34,1318.62,1319.90,1319.39,1320.53,1319.96,1312.52,1308.07,1313.82,1319.16,1323.42,1329.42,1340.61,1355.06,1367.91,1380.93,1391.51,1396.93,1402.84,1410.08,1416.43,1419.56,1421.42,1424.56,1428.36,1432.68,1437.61,1444.37,1452.19,1457.66,1462.39,1465.42,1469.26,1472.81,1476.67,1479.93,1479.20,1477.45,1478.94,1484.65,1492.96,1502.58,1517.61,1526.21,1531.99,1536.05,1539.90,1542.65,1545.24,1547.82,1549.92,1550.44,1550.80,1552.58,1554.78,1556.20,1557.24,1558.68,1561.58,1564.40,1566.13,1568.10,1571.60,1576.51,1583.59,1596.07,1605.72,1611.36,1614.13,1614.39,1616.07,1619.35,1621.19,1622.01,1622.95,1624.70,1625.50,1624.65,1623.49,1622.31,1621.12,1621.00,1622.20,1622.89,1623.90,1624.21,1618.95,1613.90,1614.22,1616.02,1618.95,1622.35,1625.24,1628.34,1631.62,1636.60,1643.90,1651.31,1653.98,1655.95,1655.36,1653.83,1652.25,1653.33,1657.30,1661.14,1663.09,1663.92,1664.15,1663.64,1660.60,1664.01,1676.89,1684.26,1686.80,1687.58,1690.94,1695.12,1699.33,1703.48,1707.07,1710.19,1714.16,1718.17,1722.50,1726.02,1728.98,1733.99,1740.97,1746.24,1750.67,1755.40,1760.32,1765.78,1772.11,1779.99,1787.95,1798.26,1810.39,1825.80,1845.89,1865.02,1874.92,1882.59,1888.82,1893.47,1899.15,1905.56,1911.08,1916.25,1921.06,1926.44,1932.49,1939.15,1945.54,1952.84,1965.25,1978.98,1992.03,2009.16,2023.26,2036.10,2049.53,2065.86,2079.94,2092.39,2107.02,2123.11,2140.61,2157.43,2168.91,2184.01,2186.38,2181.11,2176.16,2171.19,2168.04,2165.27,2162.89,2160.41,2156.53,2151.77,2145.86,2139.92,2132.94,2125.56,2119.53,2111.58,2104.86,2099.89,2098.30,2098.70,2098.88,2099.20,2103.48,2109.91,2114.59,2116.59,2116.97,2115.43,2116.90
1158.86,1157.30,1156.74,1157.53,1157.91,1158.14,1159.28,1160.36,1161.93,1164.07,1165.43,1166.57,1168.30,1169.83,1170.74,1172.03,1169.05,1161.78,1158.38,1157.55,1160.64,1163.83,1167.28,1174.15,1178.51,1177.40,1173.89,1174.24,1175.20,1174.33,1173.09,1172.76,1176.39,1180.89,1187.10,1195.32,1200.60,1206.46,1216.51,1229.29,1238.52,1241.90,1243.49,1245.83,1248.70,1252.64,1258.87,1269.34,1284.47,1293.21,1300.79,1303.71,1305.56,1307.42,1309.87,1312.41,1313.74,1315.15,1312.57,1315.09,1315.52,1312.72,1304.92,1306.40,1311.79,1317.82,1325.71,1336.61,1350.30,1363.63,1375.22,1388.13,1397.78,1407.01,1415.21,1420.70,1422.40,1423.88,1425.74,1428.55,1433.14,1438.93,1444.75,1449.87,1454.06,1458.47,1461.47,1465.82,1469.83,1475.39,1481.25,1482.97,1480.17,1481.60,1487.08,1495.14,1507.01,1518.80,1525.87,1531.14,1534.72,1538.25,1541.45,1544.53,1547.42,1549.77,1550.57,1551.22,1552.39,1552.84,1553.13,1553.86,1556.26,1559.96,1561.93,1565.04,1569.02,1573.46,1577.98,1585.03,1596.08,1605.25,1610.63,1611.50,1611.60,1614.44,1617.38,1618.99,1619.65,1620.73,1623.06,1624.06,1623.45,1622.26,1620.86,1618.38,1616.86,1618.93,1620.57,1621.15,1620.59,1615.53,1608.50,1607.63,1608.84,1612.13,1614.64,1616.89,1620.30,1626.30,1633.32,1639.41,1646.94,1651.57,1653.78,1653.31,1651.34,1649.33,1650.20,1654.31,1657.26,1659.13,1660.15,1659.74,1656.23,1659.35,1669.78,1676.16,1679.77,1683.92,1689.43,1693.47,1696.34,1700.05,1704.69,1708.88,1711.78,1715.09,1718.97,1724.18,1728.79,1732.11,1736.05,1741.83,1748.33,1752.54,1756.10,1760.89,1766.30,1772.80,1780.99,1789.09,1800.64,1814.98,1832.32,1853.04,1866.08,1873.77,1880.26,1884.70,1889.06,1894.94,1901.19,1907.26,1912.73,1917.24,1921.39,1926.20,1932.94,1939.29,1945.49,1956.61,1969.66,1982.35,1998.32,2014.38,2028.67,2042.02,2059.26,2075.59,2088.76,2102.07,2119.22,2134.89,2152.73,2163.85,2175.38,2180.01,2177.35,2174.10,2170.11,2167.02,2164.27,2162.28,2160.01,2155.57,2149.83,2141.38,2134.31,2125.90,2116.41,2106.15,2096.33,2090.48,2085.74,2082.59,2079.64,2077.94,2080.04,2085.90,2092.47,2098.17,2102.43,2104.05,2104.37,2110.43
1159.56,1157.67,1156.03,1156.01,1156.66,1157.86,1159.36,1161.03,1162.74,1164.47,1165.96,1167.17,1168.04,1169.12,1170.38,1171.03,1168.49,1163.07,1159.28,1156.53,1158.17,1160.45,1163.55,1168.71,1171.08,1168.85,1164.23,1164.57,1166.58,1167.36,1169.12,1171.83,1174.85,1178.06,1182.95,1188.32,1192.09,1203.10,1214.21,1225.90,1238.72,1244.31,1249.92,1255.19,1259.27,1261.95,1268.81,1281.86,1290.96,1299.05,1301.86,1302.43,1302.67,1303.20,1305.33,1306.64,1306.72,1307.12,1306.38,1304.19,1305.15,1306.89,1300.45,1301.60,1307.43,1314.89,1324.13,1335.53,1348.29,1362.06,1376.14,1389.40,1398.27,1410.42,1417.80,1421.45,1423.40,1425.55,1427.67,1429.88,1433.82,1437.96,1441.74,1445.78,1449.02,1453.40,1459.68,1466.09,1470.54,1475.57,1482.62,1488.78,1485.53,1485.30,1489.54,1496.28,1508.05,1517.24,1523.44,1528.31,1532.21,1536.34,1540.70,1543.57,1545.91,1547.45,1548.04,1548.80,1550.26,1550.23,1549.65,1551.66,1556.12,1559.68,1562.55,1568.93,1573.45,1576.96,1581.57,1588.50,1596.78,1603.80,1606.91,1607.28,1609.02,1612.56,1614.36,1615.72,1617.10,1619.55,1621.74,1622.71,1622.30,1621.21,1619.33,1614.33,1610.97,1612.18,1613.93,1615.50,1614.72,1609.61,1603.33,1599.49,1599.67,1603.17,1606.76,1610.45,1615.29,1622.39,1630.69,1636.70,1642.56,1648.52,1651.48,1651.72,1648.79,1645.20,1646.92,1650.05,1651.19,1652.78,1653.33,1650.90,1649.71,1665.99,1671.73,1673.78,1677.87,1683.88,1689.98,1691.12,1691.93,1697.22,1703.66,1710.13,1713.95,1717.34,1720.44,1725.64,1731.13,1735.18,1739.15,1744.13,1750.12,1756.15,1758.66,1762.03,1767.37,1773.89,1782.10,1791.32,1803.69,1818.87,1837.96,1856.51,1864.58,1869.93,1875.43,1880.76,1885.71,1891.12,1896.90,1902.42,1909.03,1913.63,1916.20,1918.44,1924.03,1931.57,1938.45,1947.69,1960.23,1973.03,1987.55,2003.88,2019.28,2034.29,2050.72,2069.28,2084.65,2098.43,2115.71,2130.62,2148.82,2159.33,2166.78,2172.23,2173.05,2171.01,2167.72,2164.64,2161.97,2159.62,2156.43,2152.45,2144.96,2136.16,2128.41,2118.18,2106.44,2092.78,2082.55,2076.32,2071.07,2065.03,2058.86,2056.07,2060.08,2069.91,2078.42,2083.59,2088.25,2091.70,2094.55,2101.92
1159.08,1157.57,1155.91,1154.92,1155.81,1157.93,1159.52,1161.06,1162.62,1163.99,1165.26,1166.15,1166.56,1167.87,1169.63,1169.48,1166.30,1162.95,1159.47,1156.41,1155.69,1157.35,1159.99,1163.23,1163.44,1161.01,1158.16,1157.51,1159.21,1163.87,1167.57,1170.55,1173.13,1175.98,1178.50,1182.16,1186.36,1195.82,1206.21,1214.86,1225.66,1237.65,1245.11,1253.13,1260.51,1265.08,1270.12,1278.77,1291.84,1298.06,1298.38,1297.58,1297.51,1297.69,1298.26,1298.77,1298.04,1298.35,1298.74,1299.09,1298.45,1297.72,1296.56,1301.96,1308.38,1315.48,1324.41,1335.48,1348.17,1362.96,1378.34,1390.35,1396.99,1408.40,1415.74,1419.72,1421.97,1424.29,1426.86,1429.64,1433.07,1436.08,1439.28,1443.25,1447.26,1453.25,1462.54,1471.38,1475.41,1481.48,1493.14,1495.20,1490.89,1489.42,1492.71,1497.77,1507.37,1515.59,1521.29,1525.73,1529.98,1534.71,1539.13,1541.64,1542.87,1543.54,1543.66,1544.51,1545.98,1545.42,1546.75,1552.88,1559.26,1563.67,1565.42,1570.84,1575.58,1579.55,1585.39,1592.23,1597.63,1600.77,1601.52,1601.51,1603.20,1608.21,1611.86,1613.93,1616.33,1618.68,1620.42,1621.39,1621.19,1620.12,1617.03,1612.17,1606.49,1606.26,1607.53,1608.78,1608.06,1603.26,1598.07,1595.60,1596.25,1597.89,1599.48,1604.46,1612.13,1619.53,1629.39,1635.30,1639.49,1643.56,1645.93,1645.13,1640.79,1638.71,1639.64,1642.29,1644.77,1646.70,1645.33,1642.20,1648.31,1661.22,1667.46,1671.27,1676.13,1679.35,1684.15,1687.19,1690.35,1695.71,1701.22,1708.13,1713.32,1719.16,1723.02,1726.67,1731.18,1735.16,1739.85,1743.35,1748.99,1756.94,1761.88,1764.82,1768.94,1775.17,1783.50,1794.03,1806.48,1820.05,1838.94,1854.97,1860.86,1864.81,1869.44,1874.80,1880.87,1885.67,1890.62,1895.89,1901.89,1907.93,1909.50,1909.80,1914.47,1921.96,1931.36,1940.88,1951.59,1965.16,1978.30,1992.86,2011.63,2027.52,2042.78,2061.32,2080.18,2095.12,2112.22,2127.74,2143.53,2154.05,2161.28,2165.47,2167.04,2166.16,2163.92,2161.22,2157.76,2153.99,2150.40,2145.76,2137.82,2130.31,2120.49,2108.28,2094.65,2079.24,2069.97,2063.66,2056.98,2050.44,2046.00,2046.09,2050.23,2059.66,2069.58,2074.98,2078.54,2082.51,2087.34,2094.33
1157.22,1157.39,1155.73,1154.03,1154.78,1157.23,1159.56,1161.06,1162.18,1163.28,1164.39,1164.90,1165.16,1166.82,1168.31,1166.93,1164.74,1163.12,1160.93,1158.18,1155.18,1154.63,1156.77,1158.41,1158.38,1156.48,1154.17,1154.03,1157.36,1161.57,1164.69,1167.66,1170.76,1171.79,1174.21,1178.34,1182.99,1187.57,1195.25,1204.36,1212.51,1221.10,1231.41,1241.51,1251.62,1260.05,1265.13,1272.23,1284.74,1289.60,1289.93,1289.59,1289.57,1289.67,1290.22,1290.23,1288.67,1290.36,1293.36,1294.45,1294.33,1293.12,1295.44,1302.53,1310.11,1317.29,1325.81,1336.56,1348.66,1363.65,1377.68,1390.24,1399.47,1406.34,1412.38,1416.74,1420.19,1422.96,1425.92,1428.76,1432.43,1436.68,1441.45,1448.95,1455.76,1459.21,1469.04,1477.66,1484.60,1495.55,1501.25,1500.05,1495.71,1494.37,1496.88,1502.63,1508.99,1515.46,1520.71,1523.88,1527.81,1531.30,1534.44,1536.35,1538.25,1538.11,1538.33,1539.88,1540.66,1540.46,1544.45,1551.78,1559.22,1567.04,1568.86,1571.54,1575.59,1579.28,1585.04,1590.49,1593.33,1594.24,1595.25,1595.67,1596.22,1602.03,1610.63,1613.05,1614.97,1616.83,1618.85,1619.86,1619.52,1617.64,1614.15,1608.24,1600.82,1601.21,1603.18,1603.95,1602.12,1597.10,1592.90,1591.73,1593.40,1595.30,1597.40,1601.26,1609.90,1617.41,1628.41,1633.67,1636.52,1638.43,1638.47,1635.46,1628.50,1624.24,1625.83,1633.45,1639.44,1641.12,1638.84,1643.15,1653.17,1665.96,1672.57,1677.15,1681.76,1683.53,1688.48,1692.47,1696.93,1701.80,1705.09,1707.59,1710.74,1715.56,1719.01,1721.49,1727.00,1731.55,1735.83,1739.34,1745.21,1751.53,1759.09,1763.84,1768.61,1775.34,1783.57,1793.68,1805.93,1818.74,1832.50,1846.76,1853.08,1856.90,1861.51,1866.20,1871.73,1877.86,1883.31,1888.29,1892.40,1895.63,1898.29,1900.35,1906.73,1915.23,1924.94,1934.54,1944.12,1957.14,1971.45,1984.72,2001.59,2019.91,2037.48,2055.68,2075.82,2091.61,2109.51,2125.51,2137.63,2146.75,2153.41,2157.85,2159.72,2159.25,2158.09,2154.74,2150.06,2145.70,2141.82,2136.87,2130.10,2121.63,2110.04,2096.78,2081.73,2067.91,2060.51,2053.36,2046.39,2041.09,2039.16,2043.00,2047.99,2056.39,2064.65,2069.59,2073.14,2076.59,2080.84,2087.75
1154.31,1156.65,1155.19,1153.25,1153.81,1156.49,1159.15,1160.81,1161.62,1162.49,1163.39,1163.83,1164.26,1165.68,1166.49,1164.45,1163.26,1161.71,1160.64,1159.88,1156.61,1153.14,1153.45,1154.70,1155.09,1152.83,1150.60,1151.60,1155.97,1159.45,1161.21,1163.83,1165.74,1167.47,1172.14,1177.00,1179.00,1180.20,1183.73,1191.26,1199.63,1207.85,1216.29,1224.93,1236.70,1249.37,1260.29,1266.24,1273.01,1275.76,1273.86,1272.84,1273.69,1276.59,1281.92,1284.29,1285.16,1287.16,1289.71,1291.09,1290.93,1290.07,1294.14,1301.61,1310.78,1318.68,1328.31,1339.14,1350.85,1363.50,1374.88,1387.72,1399.88,1405.87,1410.75,1415.00,1419.62,1424.85,1428.47,1431.77,1435.00,1439.10,1448.01,1460.18,1467.01,1471.85,1479.29,1487.90,1494.62,1500.18,1503.38,1501.93,1499.42,1499.61,1503.39,1509.87,1512.20,1514.99,1518.77,1522.27,1525.55,1527.40,1528.78,1529.57,1530.63,1530.26,1531.48,1534.70,1536.93,1539.52,1543.73,1549.85,1559.58,1569.17,1573.18,1575.10,1576.44,1578.78,1581.23,1584.24,1586.85,1588.10,1589.81,1589.21,1590.37,1597.04,1606.35,1611.03,1612.94,1614.94,1616.93,1617.22,1616.13,1614.07,1609.92,1599.63,1594.09,1595.42,1598.49,1599.03,1596.51,1591.12,1588.39,1590.01,1592.85,1595.47,1598.04,1602.19,1609.44,1616.68,1625.86,1630.67,1632.96,1634.26,1633.42,1628.32,1618.74,1619.36,1621.96,1626.82,1631.08,1633.89,1639.02,1651.28,1663.75,1673.78,1678.58,1682.59,1686.25,1688.40,1692.19,1697.14,1701.67,1705.82,1709.93,1712.95,1715.19,1718.10,1720.65,1724.99,1729.03,1733.78,1738.86,1741.66,1744.60,1747.89,1753.23,1759.91,1765.53,1773.15,1781.38,1789.88,1802.67,1814.37,1823.38,1830.93,1837.27,1842.26,1848.46,1855.10,1860.12,1866.82,1873.74,1879.57,1883.68,1885.80,1888.22,1892.11,1899.00,1908.43,1919.22,1929.65,1938.83,1949.75,1965.43,1979.38,1995.89,2014.57,2036.07,2054.09,2072.63,2088.98,2107.47,2123.28,2133.42,2140.40,2145.09,2148.37,2150.59,2150.64,2148.99,2144.98,2140.52,2136.66,2132.91,2128.03,2120.98,2109.79,2098.34,2086.25,2070.07,2059.41,2051.01,2043.42,2037.62,2034.50,2036.16,2041.84,2047.06,2053.88,2060.22,2064.32,2067.83,2071.23,2075.55,2082.93
1151.88,1154.87,1155.03,1152.74,1152.06,1155.16,1158.40,1160.42,1161.15,1161.87,1162.57,1163.22,1163.90,1164.64,1166.00,1163.93,1162.09,1160.29,1158.63,1158.53,1155.53,1152.88,1151.68,1151.54,1152.13,1150.25,1149.31,1151.46,1155.16,1157.49,1159.01,1159.88,1161.55,1168.49,1172.37,1175.37,1175.65,1176.25,1178.59,1184.68,1191.67,1198.82,1206.77,1213.57,1221.57,1237.51,1254.08,1261.72,1264.69,1264.72,1262.44,1260.70,1263.02,1267.03,1272.76,1279.47,1281.71,1283.73,1286.57,1287.59,1285.53,1286.38,1291.02,1297.91,1308.50,1318.58,1330.35,1341.57,1353.60,1367.71,1378.06,1389.32,1400.03,1405.88,1410.76,1414.86,1419.93,1428.75,1433.43,1437.66,1440.72,1444.72,1453.42,1464.87,1473.41,1481.79,1489.88,1495.84,1500.05,1503.41,1506.07,1504.52,1503.42,1505.69,1510.48,1514.60,1517.11,1517.32,1517.68,1520.47,1522.82,1524.32,1525.77,1527.44,1529.45,1533.28,1536.94,1539.72,1542.74,1546.96,1547.50,1552.36,1560.97,1568.43,1572.90,1575.44,1577.27,1578.78,1579.76,1580.85,1582.40,1583.32,1583.27,1583.52,1586.94,1593.18,1599.10,1606.22,1611.10,1613.27,1614.78,1614.15,1612.79,1609.47,1599.79,1588.91,1585.17,1589.56,1593.34,1594.89,1591.61,1587.10,1586.15,1590.91,1595.90,1598.34,1599.72,1603.84,1608.88,1615.43,1622.74,1627.04,1629.35,1629.97,1629.01,1622.97,1615.59,1619.61,1626.33,1632.00,1638.09,1642.20,1649.74,1658.89,1666.75,1675.59,1683.52,1688.86,1693.39,1695.85,1697.16,1700.27,1704.36,1708.62,1712.25,1715.67,1719.50,1723.53,1727.37,1731.88,1734.97,1740.35,1745.88,1748.51,1752.10,1754.80,1755.60,1757.55,1763.12,1770.35,1777.70,1784.95,1794.55,1805.84,1812.96,1817.96,1821.93,1827.60,1833.43,1840.95,1848.93,1857.69,1864.46,1870.40,1874.77,1877.75,1880.02,1885.25,1893.65,1902.45,1914.07,1925.25,1935.09,1945.79,1960.70,1975.34,1993.29,2012.12,2034.63,2053.11,2069.90,2086.92,2106.68,2121.46,2128.71,2134.03,2137.85,2140.29,2141.50,2141.40,2138.56,2134.70,2131.43,2128.42,2125.03,2119.45,2109.16,2098.19,2088.16,2074.81,2059.82,2049.18,2041.30,2034.55,2029.33,2027.24,2031.59,2038.55,2043.61,2048.69,2053.69,2057.95,2061.51,2064.61,2070.95,2078.74
1150.90,1153.36,1154.37,1152.07,1150.34,1152.60,1157.87,1160.53,1161.28,1162.01,1162.69,1163.38,1164.02,1164.64,1165.76,1164.51,1162.44,1160.40,1158.44,1157.44,1156.24,1153.41,1151.31,1150.11,1149.33,1148.49,1149.21,1151.71,1155.11,1156.82,1158.24,1159.09,1163.15,1170.43,1172.39,1172.25,1171.60,1172.99,1176.31,1180.27,1186.22,1193.69,1199.22,1204.33,1212.65,1227.05,1245.16,1254.14,1256.22,1253.79,1247.55,1246.20,1251.89,1261.61,1265.28,1268.49,1272.45,1278.65,1282.55,1283.08,1280.94,1284.21,1288.08,1293.52,1304.64,1317.94,1330.07,1342.06,1356.54,1369.49,1379.15,1388.19,1398.85,1404.82,1409.53,1415.37,1423.14,1432.97,1438.30,1444.10,1449.38,1452.13,1457.42,1466.66,1476.46,1488.61,1497.01,1501.42,1504.87,1507.90,1509.12,1507.37,1506.73,1509.79,1514.24,1518.34,1520.93,1521.28,1521.23,1522.26,1523.54,1525.39,1527.36,1531.66,1539.06,1544.30,1548.80,1550.22,1551.69,1553.68,1557.10,1561.41,1564.43,1568.30,1572.24,1575.06,1578.27,1579.12,1578.77,1578.70,1578.98,1579.19,1579.62,1581.80,1586.66,1592.11,1596.85,1601.17,1608.08,1611.53,1612.38,1611.43,1608.32,1600.40,1592.12,1580.16,1579.09,1584.87,1589.40,1591.26,1588.69,1584.12,1584.69,1591.11,1598.70,1601.42,1601.95,1603.91,1607.78,1612.82,1619.49,1623.41,1625.79,1625.57,1624.68,1620.52,1613.98,1617.36,1628.97,1638.21,1643.62,1647.90,1652.18,1659.30,1667.36,1676.21,1687.11,1697.27,1701.94,1702.41,1702.82,1704.34,1707.55,1710.99,1714.12,1717.33,1721.45,1727.35,1732.34,1736.45,1738.54,1744.14,1752.09,1757.98,1763.16,1766.65,1767.02,1766.22,1766.17,1769.07,1774.43,1780.81,1787.50,1796.37,1803.28,1807.57,1812.41,1818.47,1824.17,1830.89,1840.72,1849.35,1854.53,1859.61,1864.83,1870.62,1875.22,1881.73,1890.75,1898.34,1909.85,1921.95,1932.70,1944.09,1958.60,1973.95,1992.11,2012.25,2033.15,2052.86,2069.17,2085.98,2106.10,2118.57,2124.11,2127.86,2131.78,2134.14,2134.66,2133.22,2129.93,2127.09,2124.25,2121.34,2117.19,2109.39,2097.32,2087.73,2077.11,2063.11,2048.46,2039.48,2031.42,2023.31,2017.70,2017.07,2022.17,2028.99,2035.24,2040.13,2043.36,2046.68,2052.13,2056.81,2063.43,2072.96
1151.28,1153.20,1153.26,1151.36,1149.53,1151.52,1158.96,1160.85,1161.58,1162.22,1162.78,1163.30,1163.80,1164.44,1165.17,1164.71,1162.97,1161.09,1159.79,1159.92,1159.74,1155.26,1150.71,1148.89,1147.22,1146.95,1148.46,1151.24,1155.16,1156.74,1158.21,1161.31,1165.41,1168.10,1169.22,1169.09,1169.00,1171.49,1175.72,1178.73,1184.21,1191.48,1194.29,1196.12,1203.23,1216.60,1231.46,1242.08,1244.00,1240.82,1236.13,1236.23,1242.74,1253.04,1257.90,1260.92,1264.89,1271.52,1277.48,1279.88,1279.78,1282.25,1285.37,1290.02,1299.92,1314.82,1327.42,1340.16,1354.54,1364.26,1371.87,1379.96,1389.23,1399.38,1408.38,1416.63,1425.36,1433.38,1439.62,1445.68,1450.79,1455.34,1459.64,1469.39,1479.82,1489.20,1500.25,1504.22,1507.99,1510.75,1511.31,1510.13,1510.20,1512.79,1517.21,1520.80,1523.04,1524.85,1525.69,1525.89,1526.54,1528.11,1531.01,1538.88,1543.55,1548.05,1552.88,1555.75,1557.26,1558.67,1561.87,1568.10,1571.09,1573.20,1576.08,1578.64,1579.72,1578.74,1576.99,1576.95,1577.18,1577.74,1579.35,1583.07,1587.60,1592.02,1595.20,1598.31,1603.35,1608.09,1608.92,1607.00,1601.40,1592.84,1584.57,1575.04,1575.70,1581.21,1585.99,1587.55,1584.96,1580.25,1584.45,1592.96,1598.94,1601.91,1604.28,1604.95,1606.66,1610.20,1615.61,1620.68,1622.35,1622.14,1621.14,1616.09,1610.30,1619.77,1631.12,1637.47,1642.04,1645.11,1648.16,1653.57,1666.34,1676.49,1689.47,1699.98,1704.16,1706.66,1707.88,1708.94,1710.93,1713.34,1716.15,1719.36,1724.26,1730.71,1738.32,1741.66,1743.41,1748.03,1756.42,1764.63,1771.68,1777.81,1781.45,1782.00,1779.74,1776.79,1776.98,1780.20,1785.32,1790.58,1796.94,1802.13,1807.55,1813.31,1819.88,1826.68,1833.82,1841.01,1846.68,1853.03,1859.56,1866.82,1873.43,1880.45,1889.38,1897.45,1907.96,1919.65,1931.48,1945.47,1958.77,1974.82,1991.84,2012.13,2032.49,2052.37,2067.90,2085.21,2103.65,2113.76,2118.21,2121.12,2125.24,2128.34,2128.88,2126.10,2123.41,2120.87,2118.40,2114.98,2109.65,2100.24,2088.05,2077.01,2065.45,2051.74,2039.27,2029.52,2018.57,2009.92,2006.23,2005.34,2009.54,2015.76,2021.63,2026.44,2029.60,2033.95,2042.37,2049.51,2055.05,2062.73
1151.90,1152.86,1152.19,1150.60,1148.91,1149.75,1157.44,1160.90,1161.40,1161.83,1162.24,1162.79,1163.45,1164.16,1164.59,1164.12,1163.21,1161.92,1160.93,1160.48,1159.15,1152.92,1149.37,1147.37,1145.47,1146.24,1148.67,1151.59,1151.36,1154.05,1158.74,1161.09,1161.30,1163.14,1165.08,1167.01,1168.97,1173.74,1179.61,1181.32,1183.03,1188.06,1189.77,1190.38,1196.14,1206.95,1217.08,1225.33,1228.12,1226.36,1225.99,1229.33,1240.51,1251.16,1255.11,1261.17,1268.09,1269.90,1274.85,1278.48,1279.03,1279.78,1281.79,1286.75,1294.63,1306.77,1320.98,1334.16,1345.66,1355.50,1362.57,1368.42,1377.60,1391.28,1406.37,1414.48,1420.76,1429.91,1437.49,1443.01,1447.83,1454.33,1462.55,1472.18,1480.96,1489.26,1499.33,1503.46,1507.68,1510.82,1512.88,1513.64,1514.59,1516.39,1519.59,1521.89,1524.00,1525.67,1526.78,1527.79,1529.13,1531.94,1537.30,1542.03,1545.13,1548.70,1553.57,1559.27,1561.92,1563.80,1566.48,1572.54,1576.41,1577.95,1579.95,1580.60,1580.36,1577.86,1574.93,1575.19,1575.96,1577.97,1580.57,1585.55,1588.57,1589.99,1591.85,1594.43,1598.46,1601.96,1602.10,1599.70,1593.54,1585.85,1577.62,1569.62,1572.18,1579.74,1583.28,1584.14,1580.84,1577.34,1582.37,1591.36,1596.41,1600.77,1604.52,1607.16,1607.95,1609.72,1612.22,1616.09,1617.20,1617.02,1613.12,1607.21,1609.15,1624.56,1632.70,1636.54,1639.36,1642.04,1645.29,1649.66,1664.05,1676.53,1689.80,1700.01,1703.99,1707.91,1710.96,1712.48,1713.79,1715.81,1718.51,1722.83,1727.94,1733.84,1741.13,1746.16,1749.46,1753.62,1760.40,1769.39,1778.71,1787.39,1794.97,1797.85,1796.94,1794.01,1790.77,1789.32,1790.93,1793.96,1798.37,1804.56,1809.76,1814.86,1820.31,1825.92,1831.12,1837.38,1844.60,1853.13,1860.72,1867.41,1874.19,1881.50,1890.76,1899.56,1909.86,1920.85,1932.76,1947.01,1961.01,1977.84,1993.06,2012.36,2032.99,2051.73,2065.66,2083.03,2099.45,2108.59,2111.69,2114.78,2119.29,2122.71,2124.07,2120.07,2118.54,2116.48,2114.11,2109.24,2102.10,2093.13,2080.68,2066.08,2054.05,2042.53,2032.18,2020.03,2008.85,2001.26,1995.13,1991.92,1994.70,1999.13,2002.72,2005.81,2012.65,2018.31,2028.55,2039.46,2045.87,2051.77
1150.91,1151.82,1151.28,1149.76,1148.06,1148.57,1154.00,1160.26,1160.72,1161.13,1161.71,1162.48,1163.16,1163.85,1163.72,1162.94,1162.15,1161.52,1160.72,1158.93,1155.26,1149.45,1147.81,1145.88,1143.94,1144.76,1148.30,1151.12,1150.07,1149.29,1153.46,1158.10,1159.30,1161.90,1166.49,1169.07,1170.86,1175.82,1180.23,1183.64,1185.19,1186.18,1187.99,1189.61,1193.12,1199.06,1204.43,1209.47,1211.76,1217.30,1224.21,1231.97,1245.28,1252.61,1256.30,1266.49,1274.13,1275.51,1278.09,1279.21,1280.97,1280.36,1280.82,1285.14,1289.99,1298.58,1310.97,1323.88,1334.72,1345.79,1353.69,1359.65,1370.80,1385.07,1401.05,1410.24,1415.69,1423.21,1432.79,1439.44,1445.07,1452.15,1460.90,1471.09,1478.01,1486.20,1494.90,1501.51,1505.77,1509.36,1512.03,1514.65,1516.77,1518.63,1520.40,1522.10,1523.78,1524.94,1525.37,1526.86,1529.62,1533.65,1538.11,1541.08,1543.86,1547.82,1552.83,1559.17,1563.98,1567.44,1570.18,1574.51,1575.97,1575.96,1578.44,1578.65,1579.61,1576.70,1572.77,1574.16,1576.60,1579.56,1585.66,1589.81,1589.40,1587.66,1587.78,1589.34,1593.47,1594.29,1592.44,1590.61,1587.37,1581.78,1570.86,1564.88,1567.73,1573.98,1578.72,1580.23,1577.85,1573.82,1580.63,1588.54,1592.61,1598.01,1602.53,1607.88,1609.80,1610.27,1610.57,1609.37,1608.29,1607.90,1604.81,1605.00,1613.89,1624.75,1630.21,1634.17,1637.36,1639.68,1641.99,1647.46,1661.64,1673.98,1686.30,1695.99,1701.74,1706.08,1710.54,1713.70,1716.24,1718.34,1722.27,1728.41,1732.84,1738.01,1743.06,1748.69,1754.09,1759.26,1765.20,1773.22,1782.89,1793.93,1803.46,1808.03,1809.83,1809.90,1808.84,1807.23,1805.15,1805.47,1809.50,1815.30,1819.41,1822.59,1826.53,1831.23,1835.95,1841.20,1848.00,1856.59,1864.25,1870.55,1877.17,1885.17,1894.11,1903.85,1913.82,1924.11,1935.12,1948.11,1964.51,1981.40,1997.34,2014.54,2034.45,2052.11,2064.99,2081.32,2092.99,2102.43,2105.71,2110.12,2114.64,2118.40,2121.17,2117.92,2115.34,2112.90,2109.05,2101.39,2094.04,2086.35,2072.82,2057.87,2044.65,2034.91,2024.17,2012.05,2000.76,1991.52,1985.08,1981.97,1982.00,1983.95,1987.71,1992.59,1999.16,2005.85,2012.76,2022.60,2032.63,2040.57
1149.45,1150.63,1150.45,1148.33,1146.70,1148.20,1150.66,1156.49,1159.63,1160.59,1161.38,1162.18,1162.93,1163.45,1162.82,1161.81,1160.90,1160.10,1159.09,1155.18,1150.93,1148.23,1146.44,1144.53,1142.58,1142.44,1146.06,1149.00,1149.03,1147.86,1152.32,1158.91,1162.47,1166.29,1170.26,1171.57,1172.85,1176.41,1179.63,1183.70,1187.85,1189.65,1190.13,1190.51,1191.99,1196.09,1198.17,1201.23,1210.02,1219.61,1226.43,1233.43,1241.22,1247.35,1249.77,1259.69,1268.80,1273.13,1280.80,1286.63,1289.14,1287.10,1284.55,1284.30,1286.87,1291.04,1301.47,1313.61,1324.65,1336.19,1345.53,1352.18,1364.39,1377.08,1390.71,1403.73,1412.98,1422.16,1427.75,1434.89,1443.39,1449.84,1456.20,1465.01,1473.52,1481.93,1491.41,1500.57,1504.10,1507.66,1510.77,1513.32,1515.58,1516.93,1518.91,1521.07,1522.73,1523.32,1523.93,1525.89,1528.83,1531.95,1535.42,1538.19,1541.99,1546.79,1552.67,1560.58,1566.49,1569.82,1571.13,1573.24,1573.11,1571.78,1573.29,1575.26,1575.98,1572.90,1571.42,1576.38,1580.18,1585.32,1590.92,1591.03,1588.38,1585.41,1584.43,1585.08,1588.72,1587.59,1586.13,1584.74,1581.53,1573.84,1564.17,1559.21,1562.02,1566.11,1567.67,1571.01,1571.94,1569.86,1576.61,1583.57,1587.38,1592.06,1598.80,1606.17,1610.06,1610.37,1610.02,1600.75,1596.34,1597.34,1600.60,1610.60,1620.00,1624.67,1628.54,1632.35,1634.84,1636.19,1638.14,1644.00,1655.85,1668.56,1679.44,1687.87,1696.21,1703.60,1709.04,1712.46,1716.13,1719.97,1725.92,1732.02,1736.68,1741.04,1744.87,1749.30,1754.83,1761.01,1767.55,1774.85,1783.76,1796.21,1806.06,1813.37,1818.20,1821.57,1823.70,1824.36,1824.64,1826.23,1829.28,1831.95,1833.16,1834.59,1836.65,1840.18,1843.70,1848.47,1855.00,1862.34,1869.19,1875.37,1881.68,1889.04,1896.65,1907.56,1916.75,1926.15,1936.97,1949.99,1968.42,1984.29,2000.65,2018.48,2035.67,2051.53,2063.35,2076.79,2086.49,2094.36,2099.76,2105.19,2110.06,2113.61,2117.04,2115.48,2112.64,2109.04,2099.41,2091.44,2085.04,2077.25,2063.39,2049.67,2037.59,2028.05,2015.44,2001.53,1990.63,1982.59,1976.02,1972.05,1972.05,1976.26,1982.02,1988.52,1994.72,2000.72,2006.23,2011.35,2019.24,2026.99
1146.84,1148.72,1148.42,1145.76,1146.08,1149.35,1151.84,1154.49,1157.95,1160.26,1161.09,1161.89,1162.68,1162.94,1162.31,1161.21,1160.02,1157.83,1155.77,1152.46,1149.61,1147.46,1145.11,1143.25,1141.43,1140.03,1141.66,1143.72,1144.50,1146.40,1151.78,1160.43,1162.98,1166.27,1170.32,1172.16,1173.91,1176.17,1179.01,1182.81,1186.67,1189.15,1189.58,1190.45,1191.20,1193.57,1196.55,1203.05,1211.45,1217.36,1223.23,1229.73,1235.91,1242.23,1247.98,1254.20,1262.05,1272.65,1284.60,1290.09,1290.72,1290.39,1288.75,1286.16,1287.03,1289.93,1296.74,1306.17,1316.90,1327.62,1337.90,1346.28,1357.39,1367.07,1378.24,1393.48,1406.24,1417.30,1424.38,1430.64,1441.69,1447.21,1452.95,1459.91,1470.00,1479.48,1488.79,1498.19,1502.14,1506.21,1510.34,1512.35,1513.26,1514.28,1516.76,1519.94,1521.25,1522.24,1524.14,1526.09,1528.57,1531.04,1533.57,1537.05,1540.89,1546.64,1554.35,1564.15,1570.76,1571.08,1569.47,1568.88,1568.94,1568.28,1568.73,1571.37,1570.04,1567.50,1572.35,1579.08,1586.16,1590.80,1591.58,1590.53,1586.86,1584.25,1582.98,1583.38,1584.18,1582.70,1577.54,1572.74,1568.67,1563.87,1556.05,1551.93,1555.61,1558.80,1560.05,1563.44,1565.69,1567.30,1572.04,1577.86,1582.18,1586.79,1593.08,1601.31,1609.34,1610.21,1608.75,1594.01,1593.51,1604.63,1610.24,1616.19,1621.38,1624.76,1627.72,1630.26,1631.35,1632.31,1634.94,1639.93,1648.01,1661.20,1671.03,1679.27,1687.89,1698.89,1705.04,1710.37,1714.58,1719.67,1726.43,1732.51,1737.69,1741.76,1745.02,1748.64,1753.70,1759.91,1766.81,1774.37,1783.43,1794.65,1804.41,1813.90,1822.40,1828.31,1832.37,1834.95,1837.72,1841.69,1845.13,1847.34,1848.58,1848.90,1849.23,1850.10,1852.56,1856.13,1861.70,1868.42,1875.80,1881.81,1887.01,1893.07,1899.63,1908.80,1917.71,1927.14,1939.02,1953.76,1971.34,1986.35,2003.33,2021.36,2035.15,2048.13,2059.14,2067.89,2077.28,2083.94,2089.37,2096.91,2103.29,2107.01,2111.43,2112.70,2109.49,2099.63,2088.35,2080.78,2073.01,2062.60,2051.65,2040.55,2029.81,2017.91,2004.29,1991.15,1981.85,1973.32,1967.14,1963.56,1968.57,1979.19,1986.59,1992.08,1996.66,2002.91,2009.34,2013.66,2018.60,2024.13
1142.67,1145.55,1144.88,1143.22,1146.01,1150.93,1155.18,1157.82,1159.60,1160.37,1161.00,1161.76,1162.39,1162.38,1161.82,1160.88,1159.96,1157.60,1154.69,1151.70,1148.84,1146.04,1143.25,1141.37,1140.10,1138.66,1138.90,1139.74,1141.53,1146.07,1153.20,1157.68,1158.70,1160.09,1165.35,1169.52,1171.46,1172.31,1174.74,1178.13,1181.94,1183.34,1182.89,1187.07,1189.82,1193.00,1197.36,1202.88,1208.00,1211.97,1218.14,1225.60,1233.90,1241.70,1247.67,1254.12,1262.82,1276.26,1288.09,1290.52,1291.15,1291.25,1290.17,1288.20,1288.59,1291.30,1296.09,1301.76,1309.39,1319.11,1330.32,1341.37,1352.23,1360.00,1370.80,1384.41,1399.73,1408.45,1418.73,1428.74,1438.16,1442.05,1450.26,1458.59,1466.99,1473.60,1479.42,1492.26,1498.96,1503.87,1508.17,1509.71,1510.20,1511.52,1514.44,1518.02,1520.90,1523.96,1525.35,1526.90,1528.74,1529.93,1532.08,1534.92,1538.99,1544.56,1551.00,1559.05,1567.22,1568.11,1564.75,1563.46,1564.95,1565.17,1564.71,1564.41,1562.57,1565.08,1573.37,1580.50,1589.38,1590.86,1588.81,1587.52,1585.18,1583.81,1582.48,1581.59,1580.66,1572.59,1563.76,1560.41,1558.28,1552.36,1546.85,1547.21,1550.67,1556.39,1560.11,1563.95,1566.47,1567.65,1569.90,1574.24,1578.76,1584.08,1589.50,1595.89,1604.84,1608.76,1602.47,1589.23,1602.62,1612.08,1615.13,1618.28,1620.93,1623.42,1625.33,1626.62,1627.30,1628.13,1629.97,1635.46,1642.03,1650.22,1662.26,1671.80,1679.85,1689.65,1698.47,1705.75,1711.35,1718.30,1725.71,1731.74,1735.93,1739.91,1743.29,1746.90,1751.40,1757.01,1763.93,1771.76,1781.50,1790.36,1798.95,1809.83,1821.04,1828.04,1833.30,1838.46,1843.07,1848.49,1854.63,1859.95,1863.26,1862.92,1861.52,1861.80,1863.13,1864.57,1868.32,1875.57,1884.07,1891.08,1894.73,1899.24,1904.13,1910.31,1918.70,1928.05,1941.28,1956.67,1972.54,1987.14,2004.02,2020.45,2031.36,2041.16,2049.23,2055.59,2061.66,2068.92,2076.07,2084.01,2093.16,2098.11,2101.99,2104.26,2099.28,2087.80,2076.24,2066.05,2055.41,2046.46,2038.51,2028.87,2017.86,2006.01,1992.16,1981.45,1972.15,1966.43,1961.48,1960.02,1971.33,1984.82,1992.46,1997.81,2003.57,2011.00,2017.07,2022.90,2028.49,2032.78
1140.18,1142.64,1141.30,1141.54,1144.06,1151.53,1158.73,1159.95,1160.14,1160.77,1161.18,1161.79,1161.95,1161.81,1161.55,1160.89,1160.12,1157.85,1154.91,1151.95,1148.36,1144.41,1141.31,1139.31,1137.97,1136.99,1137.77,1138.91,1140.89,1144.36,1148.00,1150.74,1154.26,1157.14,1159.47,1161.98,1165.86,1167.10,1168.70,1170.80,1173.77,1174.98,1179.44,1185.00,1190.14,1193.89,1197.59,1201.71,1205.83,1209.33,1214.79,1221.37,1228.66,1236.14,1243.59,1250.01,1262.69,1275.35,1285.95,1289.78,1290.69,1291.80,1291.50,1290.43,1290.69,1292.32,1295.15,1298.92,1303.81,1311.56,1325.04,1336.09,1346.95,1355.73,1365.65,1376.56,1390.01,1401.70,1411.23,1425.43,1432.81,1438.11,1448.03,1454.77,1459.44,1465.41,1470.64,1479.71,1491.93,1498.97,1502.98,1504.38,1505.79,1510.28,1515.95,1521.16,1524.57,1525.56,1526.25,1527.30,1527.55,1528.03,1529.85,1532.16,1535.96,1540.36,1545.49,1551.19,1556.24,1559.20,1558.73,1558.40,1561.01,1562.04,1560.80,1558.44,1557.90,1562.47,1571.48,1579.64,1588.00,1587.29,1583.85,1583.29,1583.62,1583.72,1583.43,1581.18,1573.74,1559.37,1550.68,1547.19,1545.80,1542.97,1543.11,1549.38,1557.44,1562.46,1565.91,1570.00,1572.25,1573.39,1576.46,1578.93,1580.25,1584.74,1588.11,1592.06,1596.85,1596.21,1588.45,1588.52,1605.08,1612.75,1615.07,1616.73,1618.70,1620.72,1621.85,1622.45,1623.09,1625.46,1629.43,1634.00,1639.34,1645.38,1654.96,1666.74,1674.64,1682.31,1691.42,1701.52,1708.94,1716.34,1722.29,1727.61,1732.03,1736.08,1740.26,1743.66,1747.42,1752.75,1760.06,1767.66,1777.44,1785.69,1793.48,1803.69,1815.09,1823.62,1830.47,1837.06,1842.63,1849.24,1857.74,1866.27,1871.76,1872.80,1872.81,1872.97,1873.12,1873.87,1877.03,1884.02,1893.32,1901.34,1905.25,1908.02,1909.91,1913.62,1920.95,1929.88,1943.08,1957.78,1972.42,1986.82,2001.75,2015.03,2024.65,2031.51,2037.45,2043.22,2048.44,2054.43,2062.21,2071.12,2080.16,2085.97,2088.69,2089.20,2084.92,2075.02,2061.74,2049.65,2038.66,2030.42,2022.75,2014.15,2005.27,1992.78,1980.68,1970.48,1964.71,1960.71,1955.89,1960.32,1975.61,1989.22,1998.09,2006.09,2014.10,2021.73,2029.02,2036.31,2041.62,2046.85
1138.64,1138.79,1137.83,1138.80,1140.33,1149.62,1156.77,1157.65,1159.98,1160.67,1161.05,1161.45,1161.39,1161.20,1161.07,1160.81,1160.09,1157.25,1153.71,1151.07,1146.22,1140.88,1138.29,1137.06,1135.76,1136.28,1138.87,1141.12,1143.17,1146.03,1146.35,1146.92,1148.73,1151.42,1153.50,1156.11,1159.14,1161.23,1162.61,1164.46,1167.38,1173.32,1180.32,1184.56,1188.67,1193.00,1197.45,1204.15,1208.97,1213.18,1216.66,1219.54,1225.29,1230.39,1237.64,1245.88,1260.28,1272.18,1280.76,1285.54,1289.28,1290.96,1292.29,1293.08,1293.26,1294.84,1295.73,1297.63,1301.05,1308.54,1319.76,1330.45,1339.79,1350.10,1361.41,1371.63,1381.67,1393.69,1404.70,1419.54,1428.75,1434.59,1441.13,1447.83,1450.00,1453.21,1461.79,1471.07,1481.10,1490.76,1496.46,1498.28,1501.51,1508.15,1515.07,1520.40,1523.88,1525.43,1526.05,1526.14,1525.70,1525.71,1526.88,1528.45,1530.77,1534.00,1538.83,1544.17,1548.72,1551.98,1552.91,1554.09,1557.25,1558.51,1556.60,1554.54,1556.80,1562.84,1570.60,1579.15,1584.31,1582.34,1580.87,1580.22,1582.02,1584.46,1585.06,1580.83,1569.61,1553.74,1541.49,1537.93,1537.49,1537.01,1543.28,1551.89,1557.23,1558.55,1561.91,1567.15,1571.23,1576.53,1580.75,1582.25,1583.63,1584.07,1581.76,1581.63,1581.69,1580.59,1586.10,1595.66,1608.48,1611.91,1612.07,1612.61,1614.36,1616.63,1618.00,1618.72,1620.76,1624.13,1627.64,1631.22,1637.57,1644.82,1654.90,1665.63,1673.18,1680.16,1690.48,1701.84,1708.21,1713.48,1717.49,1721.22,1726.41,1731.26,1735.97,1739.74,1743.64,1749.05,1755.96,1763.52,1772.27,1780.91,1788.68,1798.11,1807.24,1815.51,1822.91,1830.50,1837.86,1845.99,1855.68,1864.25,1871.07,1876.20,1880.31,1882.53,1883.51,1884.43,1887.00,1892.63,1900.80,1909.43,1915.53,1916.76,1916.21,1918.73,1923.30,1931.27,1943.40,1956.96,1970.89,1984.42,1995.94,2005.01,2014.32,2020.32,2024.00,2028.39,2034.86,2041.06,2048.24,2057.27,2066.83,2072.73,2075.41,2074.95,2070.62,2060.78,2048.12,2035.00,2022.20,2011.85,2005.54,2000.27,1990.64,1978.77,1968.00,1961.14,1956.11,1951.96,1952.14,1962.82,1979.66,1993.42,2004.01,2014.49,2023.29,2031.34,2037.72,2043.92,2050.57,2060.01
1134.91,1134.58,1134.87,1136.44,1139.66,1145.62,1150.60,1156.89,1159.49,1159.82,1160.37,1160.89,1160.79,1160.58,1160.48,1160.46,1159.49,1154.03,1148.91,1144.01,1140.20,1136.64,1134.81,1134.33,1134.89,1138.49,1141.67,1147.09,1149.09,1149.97,1149.87,1148.55,1147.76,1148.18,1148.92,1150.47,1154.14,1156.86,1158.57,1161.59,1166.54,1172.01,1177.71,1181.68,1187.44,1193.36,1199.30,1209.50,1217.71,1222.93,1228.72,1231.31,1233.52,1235.47,1240.22,1250.19,1261.25,1269.80,1275.79,1280.97,1285.59,1287.79,1291.12,1294.89,1296.06,1297.41,1298.46,1299.18,1302.15,1307.66,1315.03,1324.13,1333.68,1343.84,1356.68,1367.80,1378.02,1389.83,1402.28,1414.37,1425.20,1431.88,1437.80,1441.99,1444.50,1448.00,1456.12,1469.46,1477.36,1485.27,1490.18,1492.30,1493.78,1499.33,1506.67,1511.68,1515.95,1521.28,1524.11,1524.05,1522.92,1522.59,1523.47,1524.47,1525.83,1527.93,1531.01,1536.02,1541.02,1544.01,1546.40,1549.74,1553.60,1554.46,1551.85,1551.71,1557.60,1565.87,1572.96,1579.16,1579.28,1577.05,1576.64,1579.63,1583.68,1586.17,1584.74,1574.29,1556.69,1538.90,1530.01,1530.15,1530.94,1533.52,1538.50,1543.44,1546.21,1546.96,1550.01,1554.80,1561.05,1571.18,1578.53,1581.09,1581.15,1576.88,1572.68,1574.11,1579.20,1586.15,1592.38,1595.97,1604.15,1606.23,1605.57,1607.03,1609.68,1612.59,1614.95,1617.41,1620.51,1625.91,1629.74,1634.31,1641.53,1651.37,1661.77,1668.50,1674.18,1680.75,1690.46,1701.26,1706.00,1710.20,1714.13,1718.35,1723.27,1728.57,1732.96,1737.07,1741.39,1746.26,1751.76,1759.49,1768.18,1776.01,1783.91,1792.86,1800.69,1808.32,1815.32,1823.06,1831.56,1840.04,1849.85,1859.12,1867.86,1875.35,1883.75,1891.97,1895.95,1896.36,1897.43,1901.34,1907.53,1915.25,1919.91,1920.43,1920.59,1922.06,1925.41,1931.82,1941.67,1952.61,1967.60,1979.75,1989.24,1995.45,2000.72,2003.74,2006.61,2011.70,2020.55,2029.26,2036.81,2043.36,2051.88,2057.44,2058.82,2058.47,2054.64,2046.08,2035.17,2021.98,2009.09,1998.24,1990.06,1982.88,1973.56,1964.01,1956.53,1949.93,1944.66,1945.43,1953.89,1967.23,1984.20,1997.91,2010.20,2021.04,2029.35,2037.21,2043.38,2049.54,2058.95,2067.72
1131.09,1131.39,1133.61,1136.88,1140.36,1144.26,1148.14,1152.88,1155.13,1157.25,1159.65,1160.28,1159.65,1157.81,1155.16,1152.54,1149.50,1145.08,1138.81,1135.27,1134.92,1132.90,1131.21,1133.53,1138.32,1141.81,1145.06,1149.68,1150.81,1151.37,1154.13,1153.64,1151.23,1149.57,1149.12,1149.31,1150.01,1154.69,1159.15,1163.82,1168.63,1173.24,1176.51,1180.30,1187.06,1195.10,1204.18,1216.79,1224.66,1230.67,1241.19,1243.64,1244.76,1246.89,1250.70,1254.53,1260.67,1269.26,1273.70,1277.63,1281.10,1283.80,1289.25,1294.90,1298.89,1299.87,1301.74,1303.35,1307.39,1310.41,1314.98,1320.34,1329.56,1340.00,1352.48,1364.75,1376.48,1389.41,1401.10,1408.56,1418.68,1426.63,1431.79,1436.41,1441.57,1448.67,1457.92,1466.44,1474.82,1481.66,1485.03,1486.54,1486.46,1487.86,1491.46,1495.58,1499.56,1506.59,1514.41,1516.70,1515.94,1517.60,1519.58,1520.66,1521.66,1523.34,1526.00,1530.37,1536.16,1537.77,1538.87,1544.65,1550.81,1550.82,1547.82,1550.52,1557.55,1567.01,1573.02,1576.20,1575.61,1572.69,1575.46,1581.34,1584.92,1584.31,1575.24,1557.55,1536.19,1521.27,1521.47,1530.11,1537.56,1540.17,1539.77,1539.05,1538.93,1540.60,1545.17,1546.02,1549.27,1563.42,1571.11,1574.48,1573.42,1566.97,1570.44,1578.31,1582.82,1584.26,1584.81,1586.56,1590.60,1594.37,1597.67,1603.07,1608.63,1612.24,1616.28,1620.04,1625.07,1631.69,1638.35,1644.76,1654.61,1665.19,1670.75,1673.66,1678.00,1683.06,1690.07,1698.61,1703.93,1708.84,1713.61,1718.25,1722.85,1727.58,1732.39,1737.08,1740.89,1745.27,1749.60,1756.30,1764.11,1771.87,1778.72,1787.47,1795.16,1802.76,1809.34,1817.50,1827.01,1835.22,1843.55,1853.87,1863.64,1874.02,1885.16,1898.46,1905.18,1906.06,1906.45,1908.16,1911.34,1915.02,1917.47,1918.16,1918.47,1919.99,1924.95,1929.78,1937.73,1947.37,1961.17,1973.25,1980.10,1984.51,1986.60,1987.09,1989.59,1995.81,2006.79,2016.69,2024.25,2030.02,2035.73,2039.68,2041.35,2041.35,2038.36,2031.78,2022.98,2011.08,1997.95,1984.18,1974.36,1966.51,1958.24,1951.18,1945.61,1940.56,1938.57,1947.50,1958.71,1973.90,1990.41,2002.92,2016.31,2026.11,2034.10,2042.10,2048.80,2056.69,2065.00,2072.92
1129.14,1130.76,1134.75,1138.33,1141.42,1144.38,1147.49,1150.73,1154.07,1156.91,1157.67,1155.74,1151.13,1144.76,1139.98,1138.83,1140.00,1137.68,1133.00,1129.78,1130.19,1129.95,1131.74,1138.40,1141.73,1144.49,1147.12,1149.62,1150.30,1152.60,1157.11,1159.74,1158.00,1155.17,1152.95,1150.90,1150.92,1155.81,1160.76,1166.14,1173.45,1181.09,1184.13,1186.71,1192.56,1199.71,1206.83,1219.93,1228.23,1242.08,1250.52,1251.19,1251.59,1252.47,1253.91,1256.34,1261.85,1267.89,1270.35,1273.43,1276.85,1280.59,1287.60,1294.56,1299.47,1301.68,1303.46,1305.49,1308.79,1311.76,1315.00,1318.94,1327.60,1338.39,1351.32,1362.86,1375.46,1388.40,1397.24,1403.10,1408.24,1416.45,1424.16,1431.99,1442.11,1450.45,1459.41,1466.25,1472.62,1476.37,1479.53,1480.61,1478.56,1475.44,1474.13,1475.17,1478.27,1484.09,1490.91,1494.22,1497.52,1505.76,1512.43,1514.85,1515.72,1518.73,1524.52,1530.45,1533.60,1532.93,1533.08,1538.90,1545.68,1546.22,1544.65,1549.57,1557.31,1564.64,1569.72,1573.16,1572.76,1569.22,1572.37,1576.89,1577.77,1574.09,1560.87,1538.82,1520.14,1515.89,1528.57,1546.15,1557.35,1559.29,1558.39,1556.14,1553.59,1554.26,1555.83,1552.25,1547.81,1553.07,1559.11,1561.76,1562.87,1563.26,1569.03,1573.19,1576.42,1579.83,1587.52,1592.51,1592.45,1591.69,1595.18,1601.86,1610.29,1615.14,1618.65,1625.84,1634.23,1641.16,1646.03,1653.56,1663.37,1671.01,1674.29,1677.59,1681.78,1686.25,1691.66,1698.58,1704.07,1709.10,1714.22,1718.87,1724.29,1729.38,1733.94,1738.25,1741.30,1745.42,1749.88,1755.31,1761.41,1768.59,1775.75,1783.43,1790.69,1799.13,1806.46,1814.26,1822.88,1831.76,1840.61,1851.71,1861.22,1873.33,1886.38,1902.65,1911.63,1912.50,1911.39,1911.13,1911.66,1913.10,1914.50,1916.09,1917.69,1919.42,1922.87,1927.35,1932.88,1941.87,1952.46,1962.60,1967.93,1969.49,1969.13,1969.46,1972.78,1980.87,1992.20,2001.91,2009.09,2014.90,2017.29,2018.48,2020.34,2021.25,2019.76,2015.31,2006.35,1993.52,1981.54,1971.23,1960.71,1952.55,1945.36,1939.11,1932.49,1933.91,1942.55,1953.35,1966.15,1982.10,1996.92,2008.39,2020.93,2030.14,2037.74,2044.93,2052.77,2061.52,2069.50,2077.28
1128.51,1129.65,1133.82,1140.17,1142.88,1145.64,1148.39,1151.37,1153.87,1153.12,1150.22,1144.31,1137.07,1132.32,1131.09,1132.33,1134.37,1133.31,1128.99,1126.13,1126.91,1129.37,1134.27,1140.60,1144.88,1147.38,1149.15,1150.40,1151.37,1154.01,1158.31,1161.83,1162.18,1160.87,1159.66,1157.36,1155.13,1156.47,1160.30,1167.09,1177.80,1191.49,1199.55,1202.22,1204.66,1209.86,1213.07,1219.74,1228.56,1243.16,1250.26,1251.39,1252.42,1254.26,1256.23,1258.07,1261.85,1264.79,1266.70,1270.09,1273.58,1277.95,1284.57,1291.07,1294.36,1297.59,1299.78,1300.63,1302.69,1307.87,1313.86,1319.49,1329.75,1342.23,1354.18,1363.66,1374.44,1384.73,1392.05,1396.93,1401.55,1407.53,1417.79,1429.56,1443.01,1450.81,1457.69,1461.97,1464.47,1467.41,1469.46,1468.12,1462.92,1456.99,1454.35,1453.50,1453.41,1455.07,1461.39,1468.02,1473.62,1484.73,1500.29,1506.58,1508.50,1515.46,1522.39,1527.32,1529.61,1527.92,1526.85,1530.71,1537.65,1539.96,1542.23,1548.57,1558.20,1563.54,1568.35,1571.13,1570.56,1564.82,1563.87,1565.39,1564.27,1558.52,1542.28,1523.77,1510.16,1516.73,1534.98,1555.21,1572.06,1577.14,1576.91,1574.36,1570.70,1568.89,1566.79,1560.69,1552.72,1553.86,1560.74,1565.73,1566.43,1568.90,1573.65,1583.94,1591.91,1596.03,1602.90,1608.43,1607.16,1600.51,1597.00,1598.91,1607.05,1617.97,1622.87,1630.60,1639.14,1644.28,1649.05,1657.34,1665.49,1671.34,1675.64,1679.85,1684.81,1690.06,1697.44,1703.36,1707.78,1712.18,1717.36,1721.89,1727.99,1732.06,1735.89,1739.42,1742.79,1746.63,1750.97,1755.88,1761.17,1767.76,1774.95,1781.95,1787.83,1796.07,1805.13,1813.50,1821.40,1830.59,1840.81,1851.73,1861.54,1874.47,1888.14,1904.48,1914.70,1914.25,1910.83,1909.21,1909.81,1911.25,1913.23,1915.58,1917.23,1919.03,1921.82,1925.53,1929.15,1935.49,1943.98,1950.97,1953.39,1953.53,1953.45,1954.27,1957.99,1969.24,1980.01,1990.01,1995.20,1997.25,1996.73,1996.06,1997.79,1999.32,2000.60,1996.89,1986.61,1977.31,1968.68,1958.06,1947.89,1939.35,1931.76,1923.05,1925.15,1938.22,1950.92,1962.53,1975.07,1990.99,2002.53,2014.09,2024.28,2032.76,2039.94,2046.92,2055.61,2064.95,2073.09,2080.93
1128.13,1129.18,1133.28,1140.95,1143.87,1146.55,1149.19,1151.13,1149.79,1144.67,1136.15,1130.03,1125.92,1124.08,1124.55,1126.63,1129.16,1128.38,1124.87,1126.26,1132.35,1138.99,1143.49,1145.26,1147.88,1149.53,1151.35,1152.74,1153.81,1155.69,1159.30,1162.66,1165.05,1164.72,1163.78,1160.54,1158.13,1157.96,1160.90,1167.73,1177.54,1191.71,1200.42,1206.92,1210.70,1210.69,1209.03,1217.26,1226.86,1239.45,1248.03,1250.49,1251.45,1253.19,1255.66,1258.15,1260.35,1261.40,1263.47,1267.15,1270.03,1274.36,1279.56,1284.88,1288.51,1293.03,1297.03,1300.76,1305.71,1312.65,1319.06,1325.55,1336.65,1346.90,1355.16,1363.07,1370.04,1378.53,1385.54,1390.32,1395.52,1403.18,1413.96,1427.01,1437.48,1442.36,1444.37,1444.60,1446.45,1450.79,1451.52,1448.21,1440.33,1431.86,1428.80,1429.43,1429.74,1430.53,1436.50,1444.12,1451.84,1464.23,1478.63,1489.79,1497.98,1508.00,1515.74,1519.84,1520.90,1520.34,1521.44,1525.38,1529.62,1534.53,1540.43,1549.42,1558.72,1562.95,1565.16,1564.86,1562.13,1554.10,1548.63,1543.42,1540.36,1533.43,1523.97,1509.24,1505.95,1520.04,1538.28,1556.78,1582.06,1593.85,1596.13,1594.14,1589.92,1584.67,1579.44,1576.82,1577.87,1578.45,1582.42,1589.09,1589.90,1590.62,1596.83,1604.69,1610.62,1613.31,1614.23,1617.15,1620.43,1615.21,1606.15,1601.26,1605.34,1616.76,1624.97,1631.35,1638.99,1643.84,1648.40,1657.34,1665.04,1670.73,1675.42,1680.72,1686.61,1694.02,1702.00,1708.03,1712.78,1717.61,1721.88,1725.69,1730.13,1733.29,1736.38,1739.46,1742.80,1747.00,1751.46,1756.14,1761.24,1767.57,1774.08,1780.03,1785.83,1794.08,1804.92,1813.69,1821.52,1831.20,1842.03,1852.60,1863.08,1876.61,1890.90,1906.15,1914.08,1912.13,1908.21,1906.33,1907.70,1909.36,1911.24,1913.64,1915.25,1917.35,1920.49,1924.54,1927.35,1929.81,1933.99,1938.86,1940.32,1938.85,1938.08,1939.26,1943.28,1953.79,1967.46,1975.47,1980.41,1981.18,1978.57,1977.56,1980.16,1983.07,1984.01,1980.08,1972.59,1963.63,1954.70,1943.20,1932.40,1922.18,1912.68,1916.44,1929.87,1944.98,1959.89,1971.35,1983.34,1997.49,2008.03,2019.01,2026.80,2034.26,2041.42,2048.48,2056.55,2065.74,2074.81,2083.84
1128.99,1130.55,1135.71,1141.46,1144.45,1146.61,1147.52,1145.69,1138.91,1128.38,1122.52,1120.80,1118.76,1118.27,1119.21,1121.55,1123.38,1122.28,1124.01,1130.91,1139.92,1145.34,1148.22,1148.92,1149.39,1150.97,1153.79,1155.55,1156.92,1157.77,1160.32,1163.61,1166.80,1168.39,1168.13,1166.02,1163.10,1161.54,1163.45,1168.03,1175.06,1186.64,1194.18,1199.41,1202.86,1204.82,1206.99,1212.97,1220.19,1232.36,1242.39,1247.10,1250.05,1251.79,1254.10,1256.29,1258.14,1259.14,1261.21,1264.73,1268.00,1272.37,1277.44,1282.99,1290.28,1298.49,1304.31,1309.32,1313.19,1317.59,1323.52,1330.64,1338.90,1345.04,1350.34,1358.73,1364.79,1370.69,1378.24,1384.28,1389.99,1398.88,1407.97,1416.29,1420.13,1420.49,1420.22,1421.78,1425.53,1428.61,1428.18,1422.94,1414.91,1409.95,1409.28,1409.91,1410.49,1411.77,1416.34,1423.41,1430.69,1443.24,1459.67,1471.98,1479.13,1490.89,1502.03,1507.89,1510.12,1511.02,1514.95,1521.28,1526.61,1533.36,1540.15,1548.38,1555.84,1559.68,1558.39,1552.94,1541.02,1527.13,1517.75,1513.92,1510.10,1507.67,1505.41,1498.91,1508.68,1522.42,1539.76,1557.54,1586.51,1602.59,1606.82,1607.42,1607.32,1602.80,1595.91,1593.57,1597.36,1599.30,1603.09,1608.39,1610.65,1610.40,1612.22,1617.84,1623.82,1626.66,1625.14,1623.01,1625.70,1627.22,1617.52,1607.37,1605.11,1612.74,1622.50,1628.26,1635.07,1641.46,1646.59,1654.50,1662.85,1667.80,1672.23,1677.91,1685.03,1693.51,1701.98,1708.66,1713.75,1718.96,1722.89,1725.97,1728.84,1731.71,1734.92,1738.35,1742.32,1746.40,1750.43,1754.74,1759.70,1766.09,1772.52,1778.61,1785.70,1794.56,1805.32,1814.07,1821.59,1831.17,1841.79,1853.00,1863.62,1877.70,1892.61,1906.10,1910.10,1907.99,1905.31,1903.92,1905.32,1907.13,1909.63,1911.93,1913.74,1916.71,1920.98,1923.61,1925.28,1925.79,1925.94,1927.68,1926.93,1919.03,1919.19,1922.42,1928.88,1937.82,1948.97,1957.57,1960.03,1960.25,1959.47,1959.28,1960.73,1962.95,1964.81,1964.31,1958.08,1949.82,1938.28,1926.32,1916.65,1903.22,1907.45,1919.71,1934.08,1951.76,1967.16,1977.59,1989.06,2001.02,2012.08,2021.20,2027.17,2033.64,2040.95,2047.80,2055.58,2064.80,2074.56,2084.76
1130.06,1132.78,1136.83,1141.18,1143.48,1143.25,1141.57,1135.20,1124.96,1113.65,1113.03,1115.26,1114.14,1114.10,1115.43,1117.65,1118.81,1121.03,1127.19,1136.41,1142.54,1146.11,1148.50,1149.70,1150.93,1153.39,1156.13,1158.66,1160.25,1160.73,1162.16,1164.80,1167.88,1171.16,1172.06,1172.19,1171.67,1170.32,1169.30,1170.72,1177.16,1185.50,1190.66,1195.83,1200.16,1204.82,1208.29,1211.72,1217.84,1224.61,1232.16,1237.95,1240.85,1246.95,1250.31,1251.80,1255.83,1260.19,1262.79,1266.40,1270.04,1273.58,1277.44,1282.22,1291.51,1300.27,1305.63,1309.00,1310.47,1312.34,1317.63,1325.57,1334.59,1340.91,1346.11,1354.00,1360.36,1366.72,1373.86,1380.75,1386.78,1393.43,1398.73,1401.44,1401.48,1400.08,1399.06,1400.26,1402.88,1404.15,1402.00,1397.57,1393.77,1392.88,1392.97,1394.27,1395.57,1396.97,1400.14,1404.79,1411.79,1422.80,1437.29,1452.56,1462.72,1471.11,1482.18,1491.34,1499.11,1505.61,1510.72,1517.66,1525.79,1533.39,1539.69,1545.61,1549.59,1551.25,1545.68,1529.67,1511.41,1497.32,1491.13,1490.20,1488.87,1489.84,1492.65,1499.42,1513.20,1525.39,1541.02,1560.63,1586.37,1606.75,1614.19,1617.41,1618.59,1612.71,1606.13,1604.22,1607.80,1610.93,1613.20,1617.11,1621.94,1624.57,1624.38,1626.27,1630.59,1632.60,1631.72,1629.22,1628.30,1632.10,1628.42,1615.92,1607.94,1608.67,1614.78,1622.39,1628.31,1636.86,1644.46,1651.09,1658.25,1662.99,1668.61,1675.24,1682.40,1691.69,1700.34,1706.45,1711.66,1716.94,1721.19,1723.81,1726.73,1730.08,1733.47,1736.89,1740.58,1743.67,1747.02,1751.26,1756.51,1762.94,1771.00,1778.93,1786.63,1795.42,1805.42,1813.73,1820.82,1829.25,1839.72,1851.95,1861.70,1875.59,1892.70,1902.47,1903.87,1902.17,1901.51,1901.52,1903.27,1906.83,1910.26,1912.26,1914.27,1917.29,1920.02,1921.10,1921.62,1920.04,1917.20,1914.30,1903.62,1895.62,1897.67,1903.43,1912.27,1922.52,1930.08,1937.21,1939.01,1938.57,1936.76,1935.86,1936.62,1938.79,1942.02,1942.51,1939.34,1931.53,1921.60,1911.24,1900.82,1895.07,1912.56,1922.18,1938.11,1956.44,1971.16,1980.18,1990.88,2000.77,2011.13,2019.38,2024.94,2031.22,2039.22,2046.72,2054.78,2064.11,2074.00,2084.63
1130.97,1134.28,1137.97,1140.16,1137.82,1135.38,1130.79,1123.60,1113.34,1108.26,1109.11,1110.57,1111.26,1113.58,1115.85,1117.68,1119.70,1125.09,1131.08,1137.04,1141.65,1145.33,1148.43,1150.97,1153.55,1156.09,1158.48,1161.37,1163.65,1164.23,1165.76,1167.85,1169.74,1172.99,1175.47,1176.03,1175.66,1174.93,1177.17,1181.78,1186.98,1190.42,1194.61,1199.35,1201.98,1207.10,1211.27,1213.99,1216.80,1218.97,1222.88,1228.01,1231.83,1239.12,1244.48,1248.26,1253.23,1260.22,1263.62,1265.99,1268.47,1271.15,1275.35,1280.06,1288.84,1296.62,1300.28,1301.44,1300.73,1300.71,1303.10,1310.08,1323.60,1334.28,1342.63,1350.71,1357.76,1364.34,1369.80,1375.42,1380.27,1382.26,1382.05,1380.48,1379.92,1379.95,1381.40,1383.59,1386.41,1386.81,1384.27,1380.94,1378.66,1378.27,1378.52,1378.85,1378.54,1378.63,1381.71,1387.47,1396.11,1405.17,1415.81,1428.37,1439.32,1449.64,1463.60,1478.70,1496.21,1509.43,1514.55,1520.50,1526.72,1532.24,1536.04,1538.70,1538.69,1535.29,1521.67,1502.95,1487.54,1478.09,1479.78,1487.10,1491.33,1494.57,1502.27,1510.67,1520.86,1533.88,1545.75,1568.65,1593.50,1611.90,1619.01,1623.56,1625.08,1620.19,1612.14,1611.53,1616.57,1621.20,1622.73,1624.22,1628.12,1632.52,1631.97,1631.89,1633.91,1635.81,1635.30,1633.51,1633.08,1634.91,1636.01,1627.77,1617.63,1613.92,1613.75,1615.68,1620.38,1627.29,1639.05,1646.44,1652.63,1660.46,1668.24,1674.52,1680.50,1688.39,1695.42,1701.86,1707.88,1713.57,1718.12,1721.50,1724.76,1727.94,1730.64,1733.94,1737.12,1739.42,1742.40,1746.96,1752.84,1759.53,1767.66,1775.89,1784.24,1793.58,1803.49,1811.43,1818.00,1825.68,1835.45,1846.73,1857.06,1870.94,1890.13,1897.41,1897.78,1896.18,1896.64,1898.66,1902.62,1906.28,1909.52,1911.60,1912.56,1913.59,1913.77,1913.41,1912.76,1908.73,1903.11,1892.98,1882.23,1876.17,1879.49,1886.76,1895.27,1905.34,1912.11,1917.13,1918.68,1918.85,1918.09,1914.57,1913.77,1917.72,1921.21,1922.32,1921.18,1916.82,1908.14,1896.27,1885.10,1899.86,1913.96,1922.86,1939.15,1957.23,1971.58,1979.32,1990.27,1998.45,2006.71,2014.40,2021.17,2028.16,2036.77,2045.03,2054.21,2064.03,2074.09,2084.88
1130.65,1132.81,1132.64,1130.07,1125.70,1121.42,1116.34,1111.30,1107.19,1106.35,1108.41,1111.09,1114.01,1116.67,1118.21,1120.25,1125.26,1130.99,1134.31,1137.36,1140.30,1144.19,1147.68,1151.34,1154.38,1157.54,1160.26,1162.07,1164.20,1167.09,1169.15,1171.10,1172.75,1175.29,1178.17,1179.70,1179.53,1179.47,1184.36,1191.11,1195.74,1198.83,1200.81,1202.49,1203.80,1206.79,1210.26,1212.44,1215.12,1217.98,1221.24,1224.76,1228.45,1235.56,1241.11,1243.88,1249.47,1256.68,1260.17,1263.28,1268.04,1271.86,1275.02,1278.05,1283.64,1288.90,1290.28,1290.13,1288.98,1286.48,1284.26,1286.80,1299.88,1316.79,1330.42,1342.43,1350.48,1357.10,1360.87,1362.09,1360.43,1356.16,1353.65,1352.82,1354.08,1355.57,1359.22,1364.33,1368.15,1368.05,1364.63,1361.35,1360.38,1360.29,1360.12,1359.56,1358.27,1359.90,1366.14,1371.82,1382.18,1392.66,1398.49,1404.34,1416.53,1429.94,1446.87,1469.21,1494.19,1508.85,1512.20,1517.50,1523.08,1525.88,1524.97,1524.07,1522.58,1515.74,1501.06,1485.16,1473.78,1473.87,1488.81,1500.58,1506.68,1514.78,1525.58,1534.18,1542.45,1548.41,1558.83,1579.74,1600.83,1616.62,1623.46,1628.28,1630.35,1625.28,1617.95,1618.23,1622.29,1628.00,1632.66,1634.80,1637.35,1637.93,1635.17,1635.38,1637.53,1639.21,1639.24,1637.65,1638.50,1639.61,1641.88,1639.19,1630.37,1622.64,1620.64,1621.18,1620.36,1623.16,1633.98,1642.37,1649.05,1659.55,1667.19,1673.10,1679.01,1685.81,1693.15,1700.24,1706.28,1711.37,1715.41,1719.09,1722.51,1725.20,1727.64,1730.61,1733.05,1735.07,1737.94,1742.72,1749.13,1756.10,1763.30,1769.11,1777.07,1786.69,1796.88,1805.44,1812.57,1820.10,1829.59,1840.33,1851.66,1863.10,1880.72,1889.40,1889.86,1890.15,1891.45,1895.25,1899.32,1897.99,1898.96,1902.10,1902.63,1901.41,1898.64,1896.06,1894.70,1891.50,1884.23,1873.16,1862.31,1859.23,1863.21,1869.13,1874.79,1880.22,1887.01,1892.07,1894.61,1895.90,1895.64,1892.95,1890.77,1892.21,1895.41,1901.72,1904.39,1903.11,1895.31,1883.22,1882.18,1897.60,1911.53,1920.68,1936.76,1956.05,1969.79,1977.04,1986.22,1994.38,2001.50,2008.43,2015.74,2025.21,2035.00,2044.41,2054.86,2064.83,2075.57,2087.27
1126.49,1124.29,1120.48,1116.75,1110.80,1104.77,1102.94,1104.29,1103.95,1108.51,1111.91,1114.44,1117.13,1119.85,1121.70,1124.99,1128.16,1130.28,1133.02,1136.02,1139.59,1143.19,1145.88,1150.22,1153.56,1156.26,1158.35,1159.18,1161.75,1166.00,1170.14,1173.03,1175.62,1177.98,1180.18,1182.15,1183.45,1184.70,1188.68,1193.49,1196.94,1198.74,1201.50,1204.38,1206.39,1207.72,1209.30,1212.27,1215.64,1218.11,1220.72,1223.57,1227.46,1232.48,1235.92,1239.72,1244.74,1251.17,1257.02,1262.41,1267.14,1269.41,1269.78,1270.56,1272.67,1271.49,1265.84,1259.50,1253.89,1250.60,1252.12,1259.88,1274.58,1293.31,1308.99,1327.99,1337.92,1342.67,1344.06,1343.18,1341.00,1339.07,1337.88,1337.82,1339.68,1342.23,1345.10,1347.89,1349.20,1348.38,1345.92,1344.91,1344.95,1343.85,1342.10,1345.34,1352.67,1371.41,1381.69,1379.04,1377.60,1383.90,1393.77,1402.66,1404.03,1417.72,1436.57,1461.93,1486.79,1493.42,1492.40,1496.35,1508.36,1511.76,1507.07,1500.69,1495.80,1490.57,1481.10,1470.66,1467.72,1475.90,1500.04,1520.63,1534.43,1544.02,1550.46,1553.96,1558.90,1566.42,1575.85,1588.08,1604.69,1619.44,1627.25,1631.86,1633.75,1629.47,1625.93,1626.10,1626.11,1633.60,1641.39,1644.55,1646.59,1644.26,1637.98,1638.32,1641.54,1643.35,1643.29,1642.16,1642.98,1644.46,1646.08,1645.48,1641.28,1634.66,1629.15,1628.04,1625.48,1624.47,1630.50,1636.96,1644.20,1654.77,1663.85,1670.41,1677.19,1685.17,1693.20,1700.34,1705.20,1709.27,1712.59,1715.82,1719.41,1722.27,1724.23,1726.41,1728.34,1730.88,1734.69,1739.06,1745.23,1752.42,1759.16,1764.91,1771.48,1779.98,1788.62,1797.13,1804.90,1812.59,1821.80,1833.96,1847.90,1858.84,1869.56,1878.92,1882.90,1885.45,1886.24,1886.74,1883.01,1878.71,1878.53,1880.68,1882.49,1882.45,1879.13,1874.89,1872.86,1871.43,1862.06,1850.33,1844.95,1845.09,1847.16,1850.79,1856.45,1862.91,1867.84,1871.56,1874.11,1875.24,1875.21,1875.64,1875.52,1875.13,1875.84,1878.15,1879.95,1879.10,1876.84,1878.61,1883.76,1890.95,1903.83,1915.57,1930.07,1950.09,1964.66,1973.45,1979.99,1988.11,1996.88,2005.10,2013.53,2024.99,2036.13,2047.19,2057.31,2068.15,2079.86,2092.48
1120.57,1116.03,1110.67,1102.24,1098.87,1098.70,1099.66,1101.60,1104.27,1107.65,1111.26,1114.16,1116.78,1119.32,1121.57,1123.91,1126.38,1129.06,1132.01,1135.47,1139.34,1141.78,1144.07,1147.10,1150.83,1152.34,1154.28,1156.49,1159.44,1163.59,1167.85,1171.08,1175.04,1179.37,1181.22,1182.67,1184.66,1186.82,1189.14,1191.62,1194.40,1197.07,1200.14,1203.76,1207.13,1209.35,1211.18,1213.05,1214.56,1214.63,1214.00,1214.45,1216.19,1222.72,1230.26,1234.48,1238.05,1242.71,1246.91,1248.68,1248.44,1247.77,1246.31,1243.39,1241.08,1239.61,1238.67,1239.95,1241.00,1240.61,1244.42,1247.35,1253.66,1273.49,1292.60,1308.87,1316.99,1321.31,1322.43,1323.59,1324.13,1324.05,1324.03,1324.63,1327.78,1331.58,1334.10,1335.28,1334.59,1333.16,1332.27,1330.86,1328.50,1330.26,1345.06,1364.87,1382.22,1394.82,1404.31,1405.55,1397.93,1399.68,1413.25,1417.45,1408.36,1415.68,1436.52,1461.13,1473.11,1464.84,1459.53,1467.52,1485.77,1490.45,1481.68,1474.42,1471.17,1468.03,1462.92,1465.42,1478.64,1496.73,1517.80,1539.20,1555.24,1563.38,1569.78,1575.47,1579.93,1586.73,1594.58,1602.74,1616.57,1625.88,1630.95,1634.13,1635.03,1631.75,1631.53,1630.71,1630.07,1638.50,1645.43,1647.81,1650.18,1649.15,1641.34,1641.18,1645.61,1647.98,1647.49,1647.17,1647.70,1649.05,1651.10,1652.85,1650.52,1649.22,1642.65,1637.62,1631.04,1628.84,1629.61,1632.57,1636.36,1645.65,1657.11,1666.62,1675.49,1683.91,1692.24,1698.16,1701.93,1704.89,1707.90,1710.63,1713.96,1717.80,1719.78,1721.29,1723.20,1727.31,1732.27,1737.28,1743.49,1750.35,1756.32,1762.12,1768.55,1777.18,1785.36,1793.00,1801.13,1807.96,1816.14,1828.36,1844.10,1855.69,1863.31,1869.19,1876.74,1880.84,1879.34,1872.68,1867.16,1861.86,1860.37,1861.18,1861.43,1861.38,1860.49,1858.80,1855.85,1848.95,1839.49,1833.51,1830.27,1830.97,1833.83,1841.13,1844.87,1848.38,1852.39,1855.08,1856.91,1857.69,1858.50,1861.03,1861.67,1860.45,1860.67,1866.36,1871.86,1877.57,1882.05,1889.15,1895.78,1897.49,1899.61,1909.76,1921.26,1941.08,1955.92,1967.35,1974.95,1983.39,1995.24,2005.29,2014.95,2027.21,2039.30,2051.06,2061.45,2073.89,2086.93,2098.58
1111.46,1107.03,1101.60,1097.07,1096.44,1099.48,1101.99,1104.43,1106.90,1108.94,1111.13,1113.34,1115.73,1118.09,1120.83,1123.43,1126.12,1128.76,1131.66,1134.74,1137.61,1140.22,1142.59,1144.62,1146.15,1149.06,1152.42,1155.80,1159.27,1162.51,1165.78,1168.52,1171.68,1176.13,1179.02,1180.80,1182.91,1185.02,1187.86,1191.18,1194.90,1198.28,1201.02,1203.98,1207.05,1209.11,1210.30,1210.02,1210.51,1207.92,1200.63,1195.24,1193.58,1198.23,1208.64,1216.62,1222.40,1226.38,1229.13,1229.83,1228.32,1226.54,1226.03,1227.29,1230.45,1232.47,1231.01,1233.00,1237.50,1243.54,1254.31,1259.73,1254.45,1259.41,1277.68,1290.09,1294.68,1297.02,1300.42,1304.72,1307.52,1308.39,1308.86,1311.34,1314.93,1318.21,1320.24,1320.41,1319.03,1319.19,1321.19,1319.65,1327.67,1348.37,1378.61,1402.07,1413.72,1417.16,1427.06,1442.83,1443.55,1435.75,1434.09,1430.83,1412.24,1419.12,1439.37,1455.69,1451.05,1437.61,1433.26,1448.61,1469.71,1465.88,1457.69,1454.92,1455.16,1456.64,1461.26,1476.27,1493.71,1516.89,1535.91,1552.90,1565.11,1573.12,1580.30,1583.89,1587.54,1597.19,1607.57,1619.49,1630.81,1631.95,1634.09,1635.63,1635.76,1633.53,1634.10,1633.36,1632.52,1639.47,1645.58,1647.93,1650.48,1650.70,1645.03,1644.84,1649.76,1652.20,1653.29,1655.99,1656.34,1656.07,1658.67,1660.01,1656.62,1656.97,1656.56,1652.29,1642.27,1637.84,1636.13,1636.58,1637.63,1638.68,1646.17,1660.16,1672.73,1682.28,1689.83,1693.80,1696.42,1698.62,1700.76,1703.31,1707.58,1711.59,1714.21,1716.41,1719.62,1725.37,1731.54,1737.42,1744.28,1751.03,1756.31,1762.05,1768.67,1776.67,1784.67,1792.34,1800.17,1806.92,1814.97,1826.63,1840.22,1850.61,1858.04,1862.99,1866.48,1867.16,1862.10,1854.65,1848.06,1844.58,1844.44,1844.53,1844.59,1844.60,1843.99,1842.01,1836.94,1829.02,1821.66,1821.20,1826.36,1831.51,1838.13,1845.22,1846.19,1845.27,1846.27,1847.53,1848.53,1849.22,1851.49,1856.45,1861.48,1866.88,1874.37,1881.94,1886.36,1890.01,1895.34,1903.78,1910.21,1911.34,1907.04,1907.15,1916.34,1932.48,1946.71,1959.31,1971.05,1983.01,1998.33,2008.74,2019.67,2030.73,2043.86,2055.26,2067.52,2080.12,2092.39,2103.98
1101.34,1099.02,1095.68,1094.25,1096.04,1098.84,1102.37,1106.09,1109.20,1111.19,1112.96,1114.49,1116.74,1119.43,1122.33,1124.85,1127.23,1129.57,1132.12,1134.87,1137.47,1139.67,1141.71,1143.73,1146.23,1150.01,1153.22,1156.89,1160.59,1163.33,1165.36,1167.04,1169.39,1172.93,1176.17,1178.90,1181.38,1185.01,1189.81,1192.97,1196.28,1199.59,1202.19,1204.32,1206.38,1207.62,1206.64,1205.51,1204.57,1198.98,1191.97,1183.97,1188.49,1195.13,1198.25,1200.39,1202.26,1205.27,1209.84,1212.44,1215.93,1221.70,1229.29,1230.74,1230.29,1232.04,1239.07,1250.24,1258.84,1270.36,1283.79,1287.21,1274.01,1257.94,1263.81,1274.18,1277.28,1279.77,1284.30,1288.20,1292.26,1294.92,1296.00,1298.61,1302.36,1306.18,1307.88,1308.16,1308.01,1308.96,1310.61,1329.14,1358.66,1383.44,1403.82,1419.15,1438.27,1446.50,1453.10,1467.17,1464.10,1458.06,1455.69,1441.96,1418.23,1419.08,1431.55,1437.76,1432.14,1428.64,1430.35,1443.95,1452.85,1446.85,1448.65,1454.06,1460.30,1466.33,1477.41,1493.11,1507.48,1528.33,1544.79,1556.01,1565.24,1572.46,1577.71,1583.27,1590.61,1601.64,1614.34,1627.10,1634.78,1634.30,1635.53,1636.58,1636.07,1634.47,1635.51,1635.19,1633.61,1638.20,1644.19,1647.50,1650.66,1652.61,1648.04,1648.09,1653.87,1656.91,1659.54,1661.96,1662.24,1662.26,1663.48,1663.20,1661.04,1661.17,1663.13,1661.69,1655.71,1649.13,1643.14,1643.28,1643.98,1642.93,1642.58,1650.82,1665.48,1678.75,1684.95,1687.52,1689.49,1691.85,1694.15,1697.19,1702.16,1706.23,1709.20,1713.48,1718.86,1724.99,1731.35,1737.13,1743.82,1750.87,1756.78,1763.73,1771.58,1780.09,1786.80,1793.97,1801.66,1808.19,1816.00,1826.48,1836.59,1843.96,1849.73,1852.02,1851.29,1846.37,1839.53,1833.46,1828.27,1825.56,1826.18,1826.49,1825.94,1824.70,1823.43,1821.72,1819.32,1813.72,1816.52,1825.75,1832.71,1838.37,1847.30,1853.48,1856.27,1855.48,1852.71,1851.80,1854.82,1862.50,1870.04,1877.73,1884.47,1890.63,1895.06,1896.92,1898.80,1901.96,1907.52,1915.80,1921.99,1924.00,1922.08,1914.19,1914.76,1928.73,1944.10,1956.96,1970.10,1985.88,2002.25,2013.59,2024.21,2034.93,2047.92,2060.02,2072.76,2084.55,2095.60,2108.71
1094.98,1093.21,1092.22,1094.12,1096.32,1098.40,1101.11,1104.98,1108.30,1110.97,1113.54,1115.89,1117.79,1119.88,1122.82,1125.92,1128.74,1131.34,1133.24,1135.31,1137.51,1139.36,1141.32,1143.26,1145.50,1150.25,1153.76,1156.96,1159.96,1161.89,1163.90,1167.04,1170.17,1172.62,1175.19,1177.94,1181.13,1185.42,1189.76,1193.19,1196.49,1199.34,1201.15,1203.11,1205.26,1204.87,1202.73,1200.72,1197.20,1190.99,1183.72,1181.59,1199.93,1216.88,1225.38,1228.01,1228.54,1226.27,1226.56,1231.36,1237.30,1244.21,1249.99,1255.64,1260.04,1263.96,1267.34,1273.04,1283.88,1297.17,1307.51,1309.63,1302.47,1279.22,1261.49,1263.53,1266.98,1269.54,1273.08,1276.06,1278.73,1281.03,1284.14,1287.40,1290.95,1293.93,1295.42,1300.63,1309.18,1309.32,1319.38,1357.49,1387.34,1412.61,1426.64,1436.78,1457.13,1467.95,1476.45,1485.43,1479.63,1476.59,1467.42,1456.92,1446.67,1424.40,1419.83,1421.32,1429.30,1440.63,1436.98,1438.05,1441.32,1448.88,1464.24,1479.41,1494.74,1501.73,1507.01,1515.17,1527.24,1545.11,1553.00,1556.95,1563.35,1569.93,1575.31,1580.74,1587.20,1601.02,1617.38,1630.27,1635.49,1635.55,1636.41,1637.37,1636.92,1635.70,1637.01,1636.62,1634.62,1637.70,1642.99,1648.96,1653.51,1654.10,1649.53,1649.87,1657.63,1661.86,1662.63,1664.63,1665.63,1666.29,1667.28,1666.80,1665.08,1664.33,1666.17,1667.64,1665.84,1659.77,1649.87,1649.65,1650.87,1651.01,1648.61,1646.62,1655.64,1669.53,1677.86,1680.27,1681.84,1685.03,1688.42,1692.70,1697.64,1702.26,1707.59,1713.27,1719.13,1725.76,1732.63,1738.85,1745.90,1753.70,1760.51,1769.88,1776.22,1783.59,1790.19,1797.09,1803.17,1807.54,1814.10,1822.37,1830.14,1835.40,1838.98,1837.98,1832.24,1825.57,1816.79,1809.15,1804.72,1804.30,1806.33,1808.43,1808.96,1805.63,1802.19,1803.99,1807.82,1814.38,1825.89,1833.57,1839.59,1847.86,1856.58,1863.67,1870.48,1874.05,1876.63,1879.00,1883.43,1887.99,1893.39,1898.49,1903.71,1907.50,1910.02,1911.13,1912.26,1915.31,1921.19,1927.02,1930.78,1932.81,1932.02,1926.90,1919.01,1927.35,1942.68,1957.69,1971.14,1987.79,2002.82,2015.19,2026.96,2037.65,2049.11,2061.70,2074.97,2086.59,2096.87,2110.18
1089.87,1090.56,1093.02,1095.62,1097.63,1099.27,1101.60,1104.13,1107.15,1110.13,1112.80,1115.54,1117.95,1120.41,1123.16,1126.03,1128.72,1130.66,1132.44,1134.72,1137.10,1139.00,1140.83,1142.50,1144.06,1147.99,1151.98,1155.08,1157.84,1160.48,1163.63,1167.58,1171.02,1173.79,1176.14,1178.28,1181.04,1184.73,1188.41,1192.14,1195.27,1197.43,1199.70,1202.19,1203.18,1201.62,1198.28,1191.39,1182.56,1177.05,1177.19,1192.75,1224.22,1241.86,1247.05,1249.26,1250.16,1250.68,1250.92,1252.05,1256.18,1262.53,1270.92,1276.59,1280.08,1283.51,1287.63,1294.90,1306.43,1318.24,1325.50,1326.38,1321.55,1310.02,1282.37,1271.53,1273.35,1278.57,1283.88,1289.49,1293.94,1297.61,1301.39,1302.43,1303.16,1305.91,1316.12,1344.22,1372.88,1374.12,1375.93,1395.24,1409.25,1431.36,1447.52,1457.27,1470.34,1482.99,1491.99,1499.06,1497.14,1489.35,1478.52,1472.56,1463.40,1452.18,1441.04,1437.21,1445.29,1457.73,1452.34,1444.88,1447.21,1464.55,1486.45,1501.25,1513.88,1520.97,1524.64,1531.29,1536.81,1549.44,1556.76,1562.02,1566.66,1570.05,1576.13,1581.60,1586.34,1600.91,1619.49,1632.43,1635.83,1636.35,1637.03,1637.79,1638.25,1638.28,1639.11,1638.92,1636.40,1637.93,1643.56,1650.19,1654.97,1655.06,1651.46,1653.83,1660.76,1666.01,1667.07,1668.01,1668.47,1669.78,1671.01,1670.68,1669.08,1667.60,1669.24,1673.36,1673.53,1668.05,1656.42,1652.70,1656.18,1659.63,1656.84,1649.28,1653.24,1662.86,1671.47,1674.52,1676.74,1679.88,1685.74,1692.33,1697.93,1703.49,1709.19,1715.24,1721.03,1728.58,1736.99,1743.85,1750.68,1756.90,1762.61,1768.64,1774.32,1779.74,1783.72,1788.49,1793.99,1798.55,1804.03,1810.63,1817.62,1823.54,1827.37,1825.45,1815.02,1803.85,1794.00,1788.90,1786.76,1787.42,1789.34,1793.31,1796.22,1799.78,1805.76,1814.29,1821.38,1825.78,1834.75,1841.60,1847.71,1855.73,1865.18,1875.96,1885.98,1891.50,1895.29,1898.22,1900.86,1902.86,1906.77,1911.13,1917.61,1922.23,1923.59,1924.80,1925.67,1927.55,1932.06,1937.30,1942.27,1945.56,1944.15,1940.21,1932.13,1928.89,1940.38,1957.63,1971.56,1987.14,2002.69,2015.26,2027.78,2038.18,2049.12,2061.14,2075.04,2087.05,2096.84,2109.64
1087.84,1091.11,1094.35,1097.36,1099.78,1101.95,1103.89,1105.89,1107.89,1110.50,1112.53,1114.61,1116.91,1119.50,1122.50,1125.05,1127.07,1129.03,1131.43,1133.87,1136.35,1138.68,1140.44,1141.97,1143.49,1146.26,1150.22,1153.61,1157.09,1159.92,1163.49,1167.48,1170.92,1173.36,1176.42,1179.45,1182.47,1185.42,1188.48,1191.29,1193.33,1195.43,1198.57,1200.94,1200.99,1197.11,1189.78,1182.22,1171.91,1173.80,1185.08,1208.24,1241.36,1253.96,1258.95,1262.46,1264.67,1266.29,1268.42,1271.92,1277.35,1284.58,1291.89,1296.27,1300.47,1306.31,1312.59,1318.54,1326.14,1335.02,1342.63,1344.89,1341.78,1333.42,1325.61,1322.66,1325.27,1329.98,1333.94,1335.95,1340.04,1346.34,1351.67,1350.57,1349.18,1357.84,1364.94,1373.47,1388.75,1403.70,1414.74,1423.42,1433.74,1447.84,1462.74,1472.42,1481.67,1491.92,1499.32,1504.31,1503.87,1497.44,1488.20,1484.40,1474.81,1470.76,1464.87,1457.20,1463.55,1475.97,1473.49,1463.44,1470.64,1488.41,1502.82,1514.25,1520.78,1524.79,1528.83,1532.95,1536.70,1544.95,1556.28,1567.62,1572.41,1573.32,1576.47,1581.38,1587.11,1602.69,1622.21,1633.85,1635.88,1636.67,1637.35,1638.06,1638.74,1639.40,1640.25,1640.29,1638.28,1638.69,1643.91,1650.25,1655.11,1655.83,1654.12,1659.23,1665.22,1669.52,1670.35,1670.57,1670.68,1670.46,1669.55,1669.75,1671.57,1672.20,1673.47,1675.20,1675.30,1673.02,1660.74,1655.77,1657.32,1661.62,1662.03,1655.29,1653.65,1661.64,1666.91,1669.97,1674.02,1679.83,1687.29,1694.57,1701.90,1708.87,1713.57,1719.38,1724.34,1730.32,1737.28,1742.76,1747.59,1750.92,1754.42,1758.13,1762.85,1767.78,1771.36,1774.23,1776.67,1780.32,1786.48,1792.89,1800.62,1808.15,1812.64,1809.73,1798.73,1784.63,1777.51,1778.10,1781.73,1789.26,1794.66,1798.66,1802.50,1808.88,1816.25,1823.25,1832.11,1838.72,1846.33,1852.60,1858.81,1865.87,1875.11,1886.58,1896.36,1903.53,1908.67,1912.10,1910.61,1912.22,1916.99,1921.31,1926.11,1931.01,1935.25,1937.58,1937.63,1938.28,1941.61,1946.72,1952.59,1957.60,1957.44,1955.14,1949.57,1937.90,1940.80,1957.02,1971.98,1987.12,2002.90,2014.80,2027.34,2038.01,2048.70,2060.05,2073.32,2085.28,2095.64,2108.57
1087.75,1090.07,1093.39,1097.05,1100.58,1103.47,1106.07,1108.55,1110.62,1112.28,1113.95,1115.62,1117.40,1119.56,1121.75,1123.93,1126.14,1128.38,1130.81,1133.46,1136.02,1138.54,1140.50,1141.80,1143.25,1146.90,1151.16,1154.07,1157.26,1159.88,1163.32,1166.65,1168.71,1170.97,1174.19,1177.52,1180.78,1182.98,1186.02,1189.34,1191.20,1192.23,1194.65,1197.20,1197.48,1190.95,1183.98,1176.17,1168.93,1175.09,1193.54,1219.45,1247.34,1258.44,1264.10,1268.43,1272.95,1278.08,1282.90,1287.45,1292.01,1297.52,1303.96,1311.10,1318.87,1325.85,1331.09,1336.00,1342.52,1350.18,1357.32,1360.87,1360.15,1354.76,1348.10,1347.16,1349.68,1354.74,1357.65,1357.46,1358.28,1365.45,1372.97,1374.10,1374.78,1385.69,1392.40,1393.04,1400.45,1416.70,1432.88,1440.59,1447.06,1456.20,1472.78,1481.77,1487.84,1493.16,1497.79,1501.74,1502.77,1500.79,1495.34,1493.46,1490.56,1488.86,1482.57,1475.89,1484.47,1495.31,1496.22,1488.91,1496.38,1509.92,1521.75,1527.68,1529.09,1530.00,1532.72,1535.69,1538.04,1543.47,1551.04,1561.17,1572.00,1577.77,1577.87,1584.72,1594.04,1607.49,1624.28,1633.90,1635.70,1636.07,1636.68,1637.61,1638.74,1639.62,1640.67,1641.01,1639.60,1639.77,1643.50,1648.60,1653.20,1656.66,1656.70,1660.42,1666.51,1669.93,1669.30,1668.64,1668.56,1668.22,1667.71,1667.62,1670.31,1673.35,1674.92,1675.51,1675.54,1673.53,1664.28,1659.97,1659.55,1662.88,1665.46,1663.27,1658.37,1659.50,1662.58,1665.72,1670.67,1677.16,1684.19,1692.62,1701.84,1709.36,1713.14,1716.34,1720.72,1725.49,1728.96,1731.30,1734.10,1736.79,1738.65,1741.09,1747.43,1753.62,1756.92,1759.00,1760.27,1762.39,1768.20,1774.62,1783.46,1790.68,1794.23,1791.41,1777.26,1768.57,1777.52,1787.24,1796.57,1801.75,1804.11,1806.98,1811.70,1820.01,1828.28,1837.85,1847.37,1854.07,1860.60,1868.03,1874.88,1882.26,1889.74,1894.87,1900.64,1909.77,1914.85,1917.29,1914.68,1915.42,1921.53,1927.28,1933.44,1940.05,1945.22,1949.33,1950.42,1950.28,1952.23,1955.44,1961.12,1965.78,1966.83,1965.90,1960.71,1948.03,1943.16,1958.20,1974.58,1990.76,2004.29,2014.74,2027.11,2038.25,2048.81,2059.51,2071.56,2083.76,2094.62,2107.64
1089.90,1092.85,1095.73,1098.72,1100.61,1103.40,1105.86,1108.61,1110.85,1112.72,1114.57,1116.40,1118.15,1120.05,1122.16,1124.12,1126.13,1128.29,1130.79,1133.64,1136.42,1139.08,1140.73,1141.87,1142.90,1145.28,1150.70,1153.79,1156.81,1159.70,1162.48,1164.81,1167.14,1169.06,1171.43,1174.71,1177.67,1180.08,1183.39,1186.74,1188.03,1188.16,1189.81,1192.42,1193.79,1188.32,1181.26,1172.40,1167.05,1172.51,1194.76,1222.61,1246.45,1259.01,1266.24,1271.72,1276.72,1281.56,1286.35,1291.43,1295.80,1300.82,1307.34,1314.14,1321.99,1329.51,1335.06,1340.88,1347.72,1356.80,1364.38,1368.50,1369.61,1368.47,1365.72,1364.52,1367.11,1372.29,1375.74,1375.52,1377.42,1385.28,1391.77,1396.60,1400.32,1407.58,1411.43,1410.00,1415.81,1428.57,1438.73,1442.57,1444.60,1446.72,1455.52,1474.49,1484.12,1488.84,1492.20,1494.99,1497.82,1498.67,1497.72,1498.17,1499.52,1500.61,1495.48,1492.54,1502.10,1513.63,1516.88,1512.25,1514.70,1525.82,1530.83,1531.67,1532.15,1532.99,1532.32,1530.95,1535.14,1540.67,1547.64,1558.15,1572.74,1584.11,1591.87,1597.40,1599.62,1613.07,1623.95,1631.66,1634.55,1635.18,1635.79,1636.97,1638.26,1639.45,1640.90,1641.90,1640.90,1641.11,1643.59,1647.15,1651.51,1655.72,1657.26,1658.66,1663.03,1667.17,1667.24,1666.32,1666.42,1666.28,1665.81,1666.19,1668.85,1671.33,1674.04,1675.64,1675.86,1674.56,1669.29,1665.14,1662.48,1664.68,1667.87,1669.52,1666.57,1663.53,1664.46,1665.54,1667.47,1670.01,1673.27,1677.87,1683.94,1689.86,1695.67,1695.68,1699.47,1705.52,1708.67,1710.10,1712.37,1715.41,1718.20,1719.33,1724.72,1737.34,1741.87,1743.49,1744.82,1748.78,1754.85,1762.39,1769.91,1776.54,1779.30,1775.06,1759.50,1772.59,1787.65,1795.70,1801.59,1806.32,1810.29,1816.00,1824.56,1834.10,1843.02,1851.37,1858.98,1864.49,1872.05,1879.58,1886.34,1890.34,1888.94,1889.51,1894.51,1902.43,1907.77,1909.49,1912.82,1916.89,1922.80,1931.29,1939.83,1945.55,1950.41,1954.39,1957.10,1959.62,1962.27,1965.03,1969.64,1973.72,1975.91,1973.80,1967.13,1954.88,1948.25,1958.53,1975.65,1993.54,2005.17,2015.07,2027.49,2039.00,2049.80,2060.53,2073.32,2085.34,2096.21,2109.14
1091.90,1095.53,1098.55,1100.12,1100.82,1102.93,1105.20,1107.74,1110.23,1112.21,1114.13,1116.01,1117.79,1119.61,1121.98,1124.49,1126.82,1128.93,1131.16,1133.88,1136.55,1138.86,1140.42,1141.36,1142.20,1143.07,1148.21,1152.61,1155.65,1158.50,1161.31,1163.43,1165.14,1167.13,1169.57,1172.25,1175.38,1178.68,1181.66,1183.87,1184.13,1184.26,1185.57,1188.00,1189.86,1185.74,1174.38,1165.78,1164.60,1174.10,1197.60,1221.74,1241.22,1255.84,1266.01,1273.40,1278.68,1283.80,1288.15,1291.26,1294.63,1298.76,1304.08,1310.96,1317.84,1325.08,1332.59,1340.09,1346.51,1356.34,1366.43,1370.77,1371.71,1371.95,1372.26,1373.03,1375.40,1379.93,1382.31,1383.50,1384.89,1388.75,1391.00,1393.37,1395.55,1401.42,1402.75,1404.78,1410.20,1416.83,1425.89,1434.47,1439.17,1442.50,1445.04,1447.91,1459.59,1476.53,1484.29,1487.73,1491.04,1492.68,1492.75,1494.24,1497.55,1500.18,1504.66,1509.82,1519.82,1527.78,1529.80,1529.30,1529.16,1530.56,1529.63,1530.43,1530.77,1529.83,1529.02,1529.36,1533.71,1540.07,1548.29,1558.24,1573.10,1586.80,1599.37,1604.23,1608.41,1615.14,1620.03,1626.37,1629.04,1632.07,1634.92,1636.51,1637.89,1639.24,1640.96,1642.81,1642.66,1642.19,1644.13,1646.96,1650.07,1653.33,1656.11,1657.76,1660.26,1663.16,1664.30,1663.03,1663.61,1663.95,1664.21,1665.52,1667.49,1669.64,1673.46,1675.57,1676.39,1675.99,1674.20,1669.99,1666.36,1666.47,1669.60,1673.29,1674.24,1672.65,1670.54,1669.48,1671.59,1677.03,1682.97,1685.42,1687.10,1688.23,1689.88,1692.85,1698.07,1704.05,1707.37,1709.79,1716.11,1720.34,1725.38,1728.12,1726.70,1727.73,1730.85,1734.89,1737.01,1738.76,1744.12,1754.26,1763.15,1768.21,1768.49,1754.82,1761.40,1778.20,1787.68,1792.56,1799.44,1807.28,1814.50,1822.61,1832.87,1841.98,1849.57,1855.72,1861.91,1865.84,1870.91,1877.05,1881.96,1882.69,1880.29,1883.65,1890.51,1897.18,1902.99,1908.54,1913.86,1919.23,1926.20,1936.40,1944.58,1950.00,1954.57,1958.42,1963.07,1967.58,1970.43,1972.56,1975.37,1979.61,1982.46,1979.63,1971.07,1959.83,1954.97,1958.52,1970.95,1992.31,2004.31,2014.82,2027.34,2039.18,2049.78,2061.83,2076.10,2088.27,2100.35,2114.81
1092.73,1094.14,1096.89,1099.10,1100.44,1102.69,1104.99,1107.25,1109.63,1111.78,1113.73,1115.62,1117.41,1119.28,1121.60,1123.92,1126.37,1128.96,1131.41,1133.50,1135.74,1137.76,1139.63,1140.75,1141.59,1142.55,1146.91,1151.81,1154.51,1157.49,1159.73,1161.20,1163.73,1166.16,1168.37,1170.99,1174.35,1177.64,1179.77,1180.79,1180.71,1180.51,1181.26,1184.25,1185.25,1179.49,1164.75,1160.99,1167.26,1181.63,1202.11,1218.21,1233.42,1247.97,1260.88,1271.89,1279.28,1286.11,1291.10,1293.01,1295.00,1297.83,1301.75,1307.48,1313.59,1319.56,1328.66,1337.55,1346.49,1356.92,1366.79,1371.03,1372.65,1373.83,1374.94,1376.12,1376.61,1376.03,1374.36,1375.95,1375.60,1374.68,1379.75,1380.97,1382.02,1386.97,1388.35,1393.17,1399.99,1406.45,1414.45,1419.30,1426.40,1434.93,1440.70,1444.21,1449.01,1455.22,1462.38,1471.85,1477.51,1482.97,1485.58,1490.36,1494.22,1496.53,1501.82,1513.42,1523.29,1529.29,1528.80,1528.19,1528.15,1527.27,1526.93,1528.75,1528.60,1527.83,1528.20,1530.85,1538.73,1545.12,1549.43,1559.34,1572.63,1585.97,1598.36,1603.94,1608.99,1612.87,1616.33,1621.64,1624.87,1630.44,1634.60,1636.58,1638.30,1639.80,1642.76,1644.44,1644.30,1643.52,1644.25,1646.75,1649.43,1652.46,1654.20,1654.95,1657.33,1659.08,1659.73,1660.22,1661.53,1663.04,1665.16,1667.88,1669.79,1670.72,1672.47,1674.94,1676.63,1677.16,1676.17,1673.13,1670.35,1669.21,1671.40,1675.15,1679.51,1681.41,1678.40,1675.41,1677.03,1684.55,1693.98,1698.89,1700.36,1701.42,1704.77,1707.05,1710.14,1713.68,1715.91,1717.96,1725.00,1728.10,1732.14,1736.31,1735.31,1736.38,1738.28,1742.68,1746.03,1744.02,1741.68,1747.69,1757.32,1761.77,1754.01,1754.02,1772.28,1781.92,1785.50,1788.74,1795.82,1805.29,1813.38,1820.98,1828.58,1835.70,1842.55,1847.16,1852.68,1858.67,1863.95,1868.48,1871.78,1874.23,1877.03,1883.53,1892.03,1899.20,1905.13,1911.06,1916.76,1923.50,1932.21,1942.27,1948.82,1954.20,1958.94,1963.97,1969.43,1972.57,1974.68,1976.74,1979.91,1984.89,1987.40,1983.87,1973.67,1965.35,1963.55,1964.42,1969.35,1986.35,2001.31,2010.96,2024.23,2036.37,2047.17,2060.65,2076.07,2088.37,2101.66,2115.03
1090.02,1090.13,1093.54,1097.05,1100.72,1103.30,1105.77,1108.14,1110.20,1111.98,1113.67,1115.38,1117.17,1119.08,1121.14,1123.30,1125.63,1127.86,1129.88,1132.09,1134.44,1136.57,1138.75,1140.43,1141.43,1142.51,1146.68,1151.03,1153.29,1155.78,1157.63,1160.28,1163.20,1165.83,1168.03,1170.52,1173.56,1176.41,1177.42,1177.79,1177.60,1177.03,1178.39,1181.86,1181.75,1172.12,1160.04,1159.13,1168.51,1184.04,1201.83,1211.74,1224.37,1238.00,1250.83,1263.95,1275.93,1284.65,1291.05,1295.26,1296.79,1299.14,1302.95,1307.32,1312.40,1318.41,1327.98,1337.94,1349.47,1358.95,1366.32,1370.46,1371.69,1373.07,1373.37,1373.10,1371.10,1367.24,1362.76,1362.58,1361.41,1358.77,1358.07,1359.40,1362.92,1367.08,1371.57,1376.84,1383.36,1395.31,1405.30,1410.19,1414.07,1419.20,1429.09,1439.28,1445.32,1450.30,1456.39,1462.62,1467.61,1474.02,1480.98,1487.78,1491.41,1491.02,1499.31,1509.14,1517.13,1522.96,1522.95,1523.23,1523.53,1523.30,1525.45,1526.48,1526.45,1526.82,1528.98,1536.10,1546.80,1553.24,1553.73,1559.69,1572.11,1583.29,1593.10,1597.53,1600.42,1605.79,1610.62,1614.97,1620.63,1627.17,1632.91,1636.43,1638.85,1642.29,1645.36,1645.95,1645.80,1644.98,1644.72,1646.60,1649.24,1656.30,1657.86,1656.31,1658.08,1659.35,1660.56,1661.46,1662.83,1664.76,1667.63,1671.48,1674.93,1675.84,1675.01,1675.52,1677.82,1678.30,1677.71,1677.23,1676.01,1674.40,1673.17,1676.27,1680.26,1683.71,1684.40,1683.90,1687.00,1692.54,1699.08,1702.97,1706.01,1709.56,1712.05,1713.34,1714.98,1718.10,1721.03,1723.98,1729.45,1733.24,1736.62,1740.88,1742.25,1744.44,1745.30,1748.75,1753.29,1752.55,1748.43,1744.54,1747.32,1747.97,1750.63,1764.95,1777.32,1787.25,1792.56,1796.78,1800.77,1806.51,1812.38,1817.59,1823.36,1829.59,1836.14,1841.58,1846.10,1851.22,1858.68,1863.69,1867.65,1872.07,1877.18,1883.95,1893.07,1902.75,1910.13,1916.29,1922.60,1930.08,1938.71,1946.49,1952.98,1958.50,1964.03,1969.74,1973.62,1976.09,1978.65,1982.32,1987.66,1992.00,1993.47,1988.76,1978.57,1973.11,1972.74,1973.94,1975.48,1983.40,1997.13,2005.99,2017.55,2029.26,2041.76,2055.55,2071.28,2083.56,2094.59,2106.88
1087.47,1090.16,1094.83,1099.07,1101.57,1104.07,1105.81,1107.48,1109.72,1112.11,1114.30,1116.15,1117.78,1119.31,1121.21,1123.42,1125.65,1127.84,1129.99,1132.09,1134.31,1136.54,1138.73,1140.38,1141.35,1142.19,1145.38,1150.75,1153.11,1155.52,1157.93,1160.42,1163.00,1165.53,1167.92,1170.38,1173.04,1174.18,1174.61,1174.91,1174.63,1173.93,1175.81,1178.11,1175.31,1164.60,1156.71,1155.45,1166.85,1183.38,1199.95,1207.25,1215.53,1227.30,1240.53,1252.20,1265.96,1279.34,1288.71,1295.69,1299.41,1300.76,1304.35,1308.33,1312.90,1318.67,1329.20,1339.52,1350.43,1358.73,1364.32,1367.89,1369.96,1370.95,1370.17,1367.89,1363.14,1358.27,1354.54,1348.62,1345.78,1340.68,1344.20,1345.47,1347.89,1353.42,1356.83,1362.04,1368.38,1379.22,1388.28,1391.94,1397.71,1407.70,1419.33,1428.38,1437.74,1441.73,1447.92,1457.18,1462.76,1466.92,1473.95,1480.75,1485.04,1485.65,1493.44,1503.55,1509.40,1514.14,1517.07,1519.07,1519.63,1521.59,1523.49,1524.13,1525.54,1527.13,1529.77,1540.33,1552.22,1559.40,1558.26,1560.17,1569.92,1577.52,1584.75,1589.93,1593.35,1598.22,1604.09,1608.25,1615.32,1623.92,1631.05,1636.08,1639.17,1644.44,1646.51,1647.40,1647.29,1646.41,1646.41,1647.94,1649.93,1657.10,1660.85,1660.34,1661.77,1662.45,1663.86,1664.51,1664.47,1667.02,1671.02,1676.41,1679.66,1680.74,1680.01,1679.57,1680.14,1679.70,1679.11,1679.73,1681.36,1678.93,1675.87,1676.89,1680.28,1683.57,1687.14,1690.48,1693.06,1696.10,1699.10,1702.43,1705.94,1709.61,1712.29,1714.91,1717.59,1720.33,1723.50,1726.85,1730.49,1733.95,1737.62,1741.45,1745.35,1748.73,1750.84,1752.55,1757.27,1758.70,1755.28,1750.63,1748.14,1752.87,1759.89,1768.85,1779.32,1790.69,1797.95,1803.18,1806.52,1810.79,1815.15,1819.49,1825.58,1831.57,1837.52,1843.03,1847.85,1853.49,1860.52,1866.27,1869.86,1875.11,1879.92,1884.88,1892.36,1903.32,1911.81,1919.57,1926.74,1934.95,1943.15,1950.31,1956.75,1962.78,1968.68,1973.79,1977.43,1981.02,1986.33,1991.32,1995.41,1999.29,2000.50,1995.87,1987.65,1984.45,1984.36,1985.14,1986.10,1988.91,1995.51,2002.23,2009.72,2020.66,2031.65,2045.26,2061.11,2075.09,2085.13,2094.27
1084.90,1089.62,1094.51,1099.57,1101.68,1102.43,1103.12,1106.43,1110.58,1112.58,1114.51,1116.33,1118.42,1120.42,1122.33,1124.44,1126.59,1128.66,1130.72,1132.92,1135.12,1137.34,1139.43,1140.51,1141.29,1142.05,1147.00,1151.42,1153.70,1155.95,1158.26,1160.57,1162.91,1165.16,1167.44,1169.72,1171.22,1171.41,1171.76,1172.04,1171.68,1170.74,1171.47,1171.20,1166.44,1158.43,1151.64,1154.68,1169.04,1188.15,1201.16,1205.47,1209.97,1218.75,1229.52,1241.85,1253.52,1271.74,1285.98,1295.51,1300.98,1303.08,1305.07,1307.12,1310.10,1315.36,1326.07,1336.42,1346.89,1355.19,1360.76,1363.58,1365.12,1364.92,1361.61,1355.16,1346.19,1338.55,1332.42,1331.57,1332.03,1329.76,1332.29,1334.60,1335.32,1338.49,1343.63,1349.78,1353.55,1360.97,1370.31,1379.32,1389.80,1400.33,1412.22,1420.81,1428.14,1434.12,1438.49,1446.42,1453.80,1458.01,1462.66,1469.22,1474.60,1481.14,1490.21,1499.48,1505.07,1510.42,1513.47,1515.68,1517.48,1520.34,1522.16,1524.80,1527.30,1528.21,1530.06,1542.09,1554.06,1561.26,1562.07,1562.93,1566.19,1571.54,1577.74,1584.03,1588.74,1594.36,1600.82,1606.39,1613.72,1623.07,1630.76,1636.03,1638.99,1643.84,1647.03,1648.70,1648.95,1648.39,1648.61,1650.48,1653.62,1657.79,1661.66,1663.72,1664.99,1666.11,1667.25,1667.96,1668.02,1670.74,1676.12,1682.24,1686.44,1688.25,1687.69,1686.96,1685.95,1684.92,1683.32,1683.63,1684.93,1681.42,1678.19,1677.91,1680.28,1683.12,1686.69,1690.37,1692.83,1695.20,1697.99,1700.59,1704.10,1707.73,1710.87,1713.80,1716.88,1719.87,1722.78,1726.02,1729.47,1733.05,1737.01,1740.68,1743.95,1747.36,1750.96,1754.64,1758.19,1762.07,1761.26,1757.26,1758.14,1763.61,1766.50,1775.31,1787.73,1796.11,1801.99,1806.30,1809.97,1814.58,1819.40,1824.79,1831.07,1836.38,1840.99,1845.90,1851.36,1859.27,1866.53,1874.20,1879.65,1882.69,1886.37,1889.82,1894.74,1902.82,1910.19,1919.30,1927.62,1937.48,1946.13,1953.34,1959.98,1966.26,1972.24,1977.82,1983.41,1989.54,1994.55,1998.91,2003.28,2007.89,2009.23,2006.53,2002.02,2000.51,2000.30,1999.93,2000.04,2000.32,2001.96,2003.91,2006.51,2012.32,2022.60,2034.72,2047.99,2062.87,2075.97,2085.11
1080.06,1081.64,1082.15,1084.03,1088.29,1094.18,1097.18,1102.26,1108.73,1110.82,1111.96,1113.23,1116.67,1120.45,1122.25,1123.83,1125.96,1128.11,1130.54,1132.86,1135.22,1137.46,1139.15,1139.91,1140.42,1141.41,1145.43,1150.52,1152.73,1154.01,1155.43,1158.83,1161.79,1163.80,1165.10,1166.63,1166.96,1167.26,1167.67,1168.05,1167.50,1165.90,1165.30,1163.20,1158.28,1151.99,1150.07,1161.61,1177.24,1190.64,1198.67,1203.21,1207.18,1213.15,1221.82,1231.93,1243.12,1262.27,1281.65,1293.03,1298.20,1300.21,1300.90,1302.09,1304.14,1306.85,1314.52,1325.73,1336.87,1347.37,1353.57,1356.86,1356.85,1353.56,1347.47,1338.71,1328.07,1323.96,1321.83,1321.07,1320.84,1319.29,1319.56,1321.05,1323.77,1328.33,1335.54,1342.84,1354.11,1366.85,1376.71,1390.12,1403.65,1415.36,1423.23,1426.96,1430.42,1434.01,1437.85,1440.99,1446.30,1451.75,1457.39,1464.02,1469.68,1478.58,1487.06,1494.24,1501.16,1508.29,1511.17,1514.12,1518.36,1522.11,1525.20,1527.53,1529.84,1530.58,1532.58,1541.97,1552.80,1560.73,1563.79,1565.70,1567.97,1570.73,1576.28,1581.76,1586.13,1591.37,1599.31,1605.21,1612.67,1621.34,1629.88,1635.33,1639.61,1644.20,1647.68,1650.26,1651.45,1650.99,1651.94,1655.69,1659.88,1663.48,1664.99,1666.24,1668.29,1670.46,1671.78,1673.03,1673.72,1676.71,1682.59,1689.68,1695.35,1697.30,1697.30,1696.85,1694.94,1693.18,1691.96,1690.87,1688.68,1684.31,1680.99,1680.54,1681.73,1683.84,1686.32,1689.13,1691.71,1694.32,1696.89,1699.47,1702.95,1706.38,1709.58,1712.66,1715.78,1718.76,1721.80,1725.04,1728.32,1731.89,1735.46,1738.67,1742.21,1746.20,1750.20,1753.82,1757.42,1762.07,1767.29,1769.52,1772.96,1776.89,1780.35,1789.05,1797.63,1803.86,1808.89,1813.39,1815.96,1819.94,1825.39,1831.32,1837.26,1842.64,1847.29,1852.34,1858.25,1864.41,1871.17,1880.44,1886.09,1890.62,1894.69,1897.58,1901.99,1908.47,1913.97,1920.74,1928.40,1938.58,1947.99,1955.95,1963.09,1969.43,1975.41,1982.29,1990.45,1996.42,2001.28,2006.13,2012.20,2018.00,2020.12,2019.18,2017.42,2017.41,2017.27,2016.60,2014.84,2012.61,2011.15,2011.60,2012.83,2014.97,2018.07,2025.54,2037.23,2048.59,2064.79,2076.49
1073.00,1073.21,1073.85,1074.01,1074.37,1076.56,1082.65,1090.23,1094.12,1096.09,1099.31,1102.94,1107.74,1113.66,1118.47,1121.82,1124.35,1127.62,1130.60,1132.90,1134.83,1135.77,1136.35,1136.95,1137.68,1139.90,1140.85,1143.75,1150.06,1151.53,1152.28,1155.25,1159.30,1160.03,1160.38,1161.02,1161.29,1161.12,1160.49,1160.87,1161.61,1160.16,1157.46,1152.93,1147.69,1146.90,1158.49,1172.51,1184.89,1193.68,1198.90,1202.87,1205.74,1210.02,1216.89,1225.56,1235.72,1253.14,1273.95,1287.65,1293.40,1295.13,1295.31,1295.21,1296.31,1297.71,1302.56,1311.57,1322.17,1332.50,1339.93,1342.84,1342.11,1338.04,1328.15,1316.56,1312.15,1309.90,1303.91,1301.78,1304.35,1307.17,1308.12,1312.01,1320.13,1331.67,1344.04,1356.07,1371.59,1382.28,1391.12,1399.02,1410.06,1421.22,1428.45,1433.61,1436.36,1440.12,1443.41,1444.91,1446.82,1450.37,1455.72,1462.36,1467.97,1475.09,1481.88,1487.38,1493.51,1500.66,1508.65,1517.42,1523.99,1529.53,1534.24,1535.25,1536.75,1535.43,1535.23,1540.85,1550.36,1558.67,1562.64,1565.49,1568.20,1571.00,1575.32,1579.35,1582.77,1586.63,1592.21,1599.88,1607.86,1616.25,1627.12,1635.68,1642.14,1645.68,1649.13,1652.46,1655.01,1655.31,1656.36,1660.97,1666.21,1670.19,1671.62,1672.28,1673.72,1676.05,1677.69,1679.76,1681.68,1684.79,1691.40,1700.34,1704.43,1706.38,1708.07,1708.06,1706.54,1702.99,1700.52,1698.14,1693.46,1688.34,1686.11,1685.53,1685.76,1686.05,1687.72,1690.02,1692.26,1694.63,1696.99,1699.51,1702.70,1706.03,1709.43,1712.84,1716.16,1719.20,1722.39,1725.86,1729.35,1732.86,1735.90,1738.78,1742.44,1746.64,1750.53,1754.15,1757.60,1763.37,1771.94,1778.87,1784.22,1790.04,1794.35,1801.01,1806.86,1812.39,1819.26,1823.57,1825.66,1827.87,1832.40,1837.39,1844.13,1850.67,1856.56,1862.77,1868.79,1875.72,1884.22,1890.41,1894.31,1899.20,1902.60,1905.17,1909.87,1914.28,1918.54,1924.13,1931.29,1941.86,1950.65,1958.49,1966.67,1973.06,1979.21,1987.44,1995.91,2002.72,2008.41,2015.23,2023.51,2030.96,2034.85,2036.02,2036.10,2035.16,2034.66,2034.43,2033.86,2032.05,2029.12,2026.91,2025.93,2025.79,2026.57,2029.19,2033.19,2040.73,2054.14,2068.51
1069.27,1070.09,1071.01,1072.88,1074.77,1077.27,1077.49,1079.04,1079.87,1080.83,1084.80,1088.18,1092.06,1098.34,1104.03,1110.98,1119.15,1124.45,1129.37,1131.76,1132.46,1132.63,1133.00,1133.48,1134.29,1137.85,1140.13,1141.00,1144.15,1146.29,1148.47,1149.66,1150.38,1150.00,1148.89,1148.26,1149.13,1147.51,1144.10,1145.90,1150.92,1151.56,1147.21,1140.32,1142.04,1149.98,1166.63,1183.87,1196.49,1201.46,1203.83,1206.76,1208.97,1209.95,1214.74,1221.44,1231.53,1245.88,1264.16,1279.03,1286.90,1288.78,1287.67,1285.74,1285.13,1286.15,1289.45,1296.20,1305.77,1314.97,1321.19,1323.25,1322.37,1318.13,1310.38,1306.38,1303.54,1300.94,1293.44,1293.26,1293.23,1296.91,1301.86,1312.49,1323.37,1340.25,1356.08,1372.03,1387.76,1399.30,1405.72,1407.37,1412.10,1421.80,1429.49,1436.12,1441.38,1445.93,1449.56,1451.32,1453.82,1457.16,1459.84,1464.96,1469.71,1474.03,1479.71,1486.02,1492.75,1500.28,1510.24,1521.65,1530.32,1537.99,1543.78,1545.71,1543.71,1538.82,1537.36,1540.22,1547.50,1556.04,1561.53,1564.43,1567.41,1570.44,1573.65,1576.88,1579.63,1583.90,1589.09,1597.22,1604.64,1612.18,1624.77,1638.37,1648.06,1650.15,1652.29,1656.05,1658.66,1659.06,1661.04,1666.85,1673.54,1679.17,1683.06,1685.37,1685.58,1685.48,1686.73,1689.37,1691.34,1695.02,1700.78,1707.37,1712.47,1717.37,1720.93,1721.62,1720.17,1714.93,1710.24,1705.98,1700.50,1695.47,1692.75,1690.88,1690.01,1689.52,1690.29,1692.21,1694.50,1696.66,1698.06,1700.14,1703.28,1706.69,1710.34,1713.90,1717.31,1720.77,1724.15,1727.35,1730.88,1734.58,1737.96,1740.79,1743.84,1747.29,1751.28,1755.44,1759.33,1766.73,1774.27,1780.59,1786.18,1793.05,1801.33,1808.38,1815.05,1819.98,1823.71,1828.47,1832.56,1835.20,1839.77,1846.37,1852.95,1858.77,1865.73,1873.43,1883.18,1892.65,1898.51,1901.40,1903.51,1906.08,1909.08,1911.71,1915.36,1919.21,1924.02,1930.06,1939.46,1948.22,1955.58,1962.96,1971.88,1978.96,1986.78,1995.03,2002.79,2010.48,2018.63,2027.38,2035.25,2041.69,2045.95,2050.26,2054.33,2054.89,2051.67,2048.69,2048.20,2048.22,2047.32,2043.58,2040.49,2039.64,2040.73,2042.94,2043.45,2045.00,2051.18,2063.95
1071.37,1074.75,1074.83,1075.79,1077.82,1079.79,1081.93,1082.44,1084.07,1084.84,1083.79,1083.38,1086.48,1089.64,1092.19,1095.37,1102.02,1112.86,1118.18,1123.02,1125.36,1126.43,1126.46,1126.31,1127.60,1131.00,1134.24,1136.43,1138.71,1138.26,1137.07,1134.71,1134.88,1135.40,1135.12,1135.94,1137.03,1132.93,1130.09,1131.70,1135.38,1141.53,1138.70,1140.83,1152.48,1165.70,1169.86,1179.29,1192.32,1199.05,1202.41,1205.70,1209.79,1212.34,1215.16,1219.60,1228.62,1240.28,1252.58,1267.72,1276.47,1278.27,1276.96,1275.21,1274.70,1275.73,1278.76,1283.48,1288.70,1296.26,1302.66,1305.20,1304.97,1303.49,1301.32,1297.56,1290.97,1287.73,1286.46,1287.71,1290.51,1296.79,1304.67,1315.26,1327.38,1347.02,1366.57,1383.91,1399.73,1411.16,1417.57,1419.44,1420.51,1423.46,1428.62,1435.86,1443.14,1450.08,1457.18,1462.58,1466.45,1468.35,1469.29,1470.43,1474.45,1478.03,1481.91,1486.63,1493.11,1501.79,1512.81,1526.59,1538.10,1546.13,1551.92,1552.98,1547.57,1542.01,1541.71,1542.62,1547.00,1553.16,1559.86,1563.22,1566.60,1570.38,1574.47,1577.59,1580.57,1584.78,1590.29,1598.83,1605.26,1612.66,1625.30,1638.47,1652.23,1658.47,1657.60,1660.55,1663.29,1664.45,1666.34,1673.37,1683.00,1690.52,1695.76,1698.61,1699.86,1700.49,1701.09,1702.27,1704.89,1709.05,1713.45,1719.78,1725.03,1729.28,1731.27,1732.95,1731.15,1726.72,1723.10,1717.62,1709.98,1704.18,1699.99,1696.97,1695.66,1694.82,1694.72,1695.65,1697.62,1699.77,1701.25,1703.05,1705.60,1708.18,1711.50,1714.94,1718.34,1722.19,1726.15,1729.28,1732.57,1736.31,1740.12,1743.70,1746.61,1749.17,1753.44,1757.96,1763.63,1770.33,1775.21,1780.35,1785.91,1793.00,1803.26,1812.55,1819.65,1823.07,1826.26,1830.14,1835.32,1840.12,1847.19,1853.92,1859.60,1866.67,1875.81,1886.41,1897.02,1903.25,1906.92,1909.32,1911.14,1913.76,1916.37,1919.36,1922.94,1926.94,1932.10,1939.72,1948.25,1956.05,1963.81,1972.55,1981.24,1989.65,1997.38,2004.70,2012.74,2022.77,2031.91,2039.50,2045.46,2050.68,2055.63,2060.47,2065.86,2070.00,2071.36,2068.99,2065.60,2064.14,2062.54,2059.20,2055.75,2054.47,2055.36,2057.20,2058.48,2059.59,2060.81,2065.40
1080.26,1081.34,1080.24,1079.92,1082.95,1084.07,1087.27,1090.59,1092.92,1093.17,1091.38,1087.32,1085.60,1085.63,1086.22,1087.38,1088.33,1093.47,1100.56,1101.88,1103.16,1107.98,1110.86,1108.61,1106.69,1112.13,1121.04,1126.00,1129.48,1128.54,1118.12,1117.01,1118.88,1120.34,1122.63,1126.85,1128.48,1126.60,1128.31,1131.57,1133.86,1135.85,1140.20,1151.05,1169.52,1177.04,1180.85,1179.01,1181.16,1188.98,1195.32,1200.74,1205.47,1208.12,1211.01,1216.57,1224.50,1234.11,1242.49,1251.86,1261.46,1264.67,1264.45,1264.06,1263.35,1263.87,1266.18,1271.38,1276.95,1282.45,1287.04,1290.14,1290.69,1288.87,1284.98,1280.73,1278.34,1279.92,1282.20,1286.20,1290.68,1297.45,1306.22,1317.11,1329.79,1351.16,1372.76,1391.40,1407.12,1417.93,1424.93,1428.58,1429.38,1429.50,1430.05,1434.05,1440.94,1449.68,1460.73,1468.98,1475.37,1478.72,1478.61,1475.76,1479.38,1482.78,1485.93,1490.04,1497.24,1505.95,1517.06,1531.95,1545.71,1556.05,1561.16,1560.64,1553.81,1550.81,1549.74,1548.09,1548.84,1553.59,1558.72,1563.09,1567.08,1571.55,1576.52,1580.02,1583.46,1587.39,1593.60,1602.34,1608.60,1617.41,1628.48,1639.71,1653.32,1665.15,1664.12,1664.69,1667.84,1670.77,1673.03,1680.33,1691.64,1700.74,1706.32,1709.91,1712.74,1714.83,1717.24,1719.82,1722.61,1725.28,1727.75,1732.80,1739.70,1744.43,1744.49,1745.40,1745.63,1738.63,1733.84,1731.38,1723.68,1714.00,1708.18,1704.70,1702.65,1701.23,1700.27,1700.14,1702.19,1705.15,1706.54,1707.34,1708.99,1711.28,1714.60,1717.38,1720.20,1724.39,1728.68,1732.19,1735.12,1738.31,1742.43,1746.76,1750.08,1753.47,1757.65,1763.24,1769.55,1773.91,1777.59,1782.58,1788.12,1794.50,1803.39,1812.35,1818.54,1821.93,1826.49,1830.41,1836.88,1843.86,1851.84,1859.75,1866.15,1874.78,1886.24,1895.26,1902.57,1907.44,1911.83,1915.45,1919.28,1923.13,1927.41,1932.64,1935.30,1938.39,1943.69,1950.18,1957.98,1965.69,1974.40,1983.98,1991.53,2000.76,2010.13,2018.22,2028.60,2037.94,2045.66,2052.15,2058.00,2062.86,2068.12,2074.91,2082.15,2087.13,2090.01,2089.12,2085.39,2081.79,2078.41,2076.20,2074.40,2073.82,2073.72,2074.63,2075.48,2075.79,2075.99,2077.44
