1087.63,1087.47,1089.30,1089.20,1089.73,1090.37,1092.86,1098.20,1100.22,1100.67,1100.63,1099.67,1097.45,1093.78,1090.73,1090.50,1091.83,1090.97,1089.96,1091.15,1093.99,1095.69,1097.93,1099.82,1102.79,1104.13,1107.21,1115.84,1120.59,1116.70,1115.20,1120.31,1123.14,1123.24,1123.30,1124.01,1125.26,1127.20,1133.09,1145.07,1149.17,1155.32,1165.42,1174.82,1179.68,1186.48,1191.19,1190.17,1189.95,1188.92,1188.31,1192.89,1200.64,1204.29,1207.97,1213.53,1220.39,1226.87,1232.54,1238.17,1244.61,1247.92,1249.73,1250.28,1250.82,1251.90,1254.52,1259.29,1265.03,1269.90,1273.12,1273.89,1272.32,1270.38,1269.62,1272.16,1273.07,1276.84,1281.69,1286.04,1290.71,1296.68,1306.28,1318.62,1332.44,1352.45,1375.38,1393.26,1409.16,1420.63,1427.40,1431.73,1433.97,1435.08,1436.56,1436.93,1439.97,1448.84,1460.36,1472.61,1482.92,1486.64,1482.64,1480.28,1484.96,1487.93,1490.92,1495.65,1503.20,1511.59,1521.72,1534.87,1550.44,1562.34,1567.70,1568.89,1565.17,1562.17,1558.90,1555.16,1553.55,1556.93,1561.10,1565.14,1569.45,1574.45,1579.33,1583.30,1586.94,1591.55,1598.54,1605.70,1613.36,1622.98,1633.70,1644.49,1656.46,1671.51,1672.34,1669.15,1673.27,1677.54,1680.63,1686.62,1697.64,1708.28,1714.32,1718.08,1722.30,1728.21,1734.71,1739.78,1741.63,1742.38,1743.20,1745.73,1750.53,1753.60,1754.25,1755.79,1755.97,1752.59,1744.98,1743.47,1739.85,1728.78,1718.88,1714.25,1711.98,1710.74,1709.97,1709.70,1709.88,1711.43,1712.71,1713.23,1714.31,1716.19,1718.90,1721.81,1724.69,1728.19,1731.76,1735.12,1738.38,1741.62,1745.32,1749.79,1754.71,1758.98,1763.50,1769.55,1774.02,1777.66,1781.43,1786.83,1792.12,1797.05,1803.58,1810.32,1815.71,1820.59,1826.51,1832.42,1839.34,1846.35,1854.97,1864.76,1873.54,1883.76,1893.01,1899.32,1904.96,1910.07,1914.54,1919.05,1924.53,1930.35,1939.40,1946.00,1949.07,1951.46,1955.62,1961.06,1967.51,1976.18,1986.73,1996.34,2004.96,2017.85,2027.88,2037.58,2045.49,2052.41,2058.98,2065.04,2071.39,2078.63,2087.08,2094.47,2100.34,2106.16,2110.75,2109.89,2104.76,2100.25,2097.09,2095.16,2094.36,2094.63,2095.23,2094.80,2094.42,2094.13,2093.66,2093.88
1089.98,1092.28,1093.70,1094.01,1094.11,1094.46,1095.81,1099.71,1102.08,1103.15,1103.33,1105.73,1109.31,1109.40,1105.76,1102.49,1103.07,1101.95,1099.10,1098.99,1100.07,1102.81,1107.37,1111.83,1118.45,1117.51,1111.37,1108.70,1109.94,1112.14,1117.70,1124.74,1129.67,1129.64,1130.01,1134.54,1139.98,1145.95,1158.17,1167.11,1170.60,1174.16,1178.63,1181.89,1185.33,1189.75,1193.84,1196.84,1199.41,1199.89,1198.47,1196.66,1197.52,1201.19,1205.14,1209.88,1215.02,1220.01,1223.11,1226.57,1230.67,1234.46,1236.20,1238.28,1240.09,1243.00,1246.85,1251.36,1255.30,1259.09,1261.25,1261.91,1261.84,1263.14,1266.42,1268.83,1270.69,1276.04,1281.36,1286.13,1291.24,1296.73,1305.12,1317.55,1332.78,1351.27,1372.52,1390.49,1405.77,1415.95,1423.04,1430.35,1434.25,1437.77,1440.77,1441.86,1444.01,1451.37,1461.57,1474.74,1485.33,1489.62,1486.14,1486.16,1490.43,1492.49,1495.78,1501.02,1508.22,1516.71,1526.80,1540.71,1554.34,1566.62,1573.14,1575.53,1572.60,1567.40,1562.91,1560.18,1559.15,1561.54,1564.59,1568.21,1573.04,1578.58,1583.52,1587.39,1592.17,1598.44,1604.33,1611.10,1620.52,1630.79,1641.94,1652.04,1661.56,1676.29,1683.13,1677.37,1680.14,1684.05,1688.38,1693.17,1702.82,1713.75,1721.78,1729.62,1737.92,1746.99,1754.72,1758.61,1759.01,1757.97,1756.61,1757.15,1759.18,1759.66,1760.06,1761.27,1761.10,1760.89,1757.45,1754.11,1752.57,1745.91,1735.11,1728.02,1723.81,1721.76,1720.36,1719.64,1718.60,1718.53,1719.35,1720.23,1721.21,1722.52,1724.58,1727.08,1729.47,1732.87,1735.72,1738.66,1742.75,1746.51,1749.70,1754.27,1759.49,1765.22,1769.84,1775.07,1778.94,1782.41,1786.28,1791.69,1797.23,1801.56,1806.62,1812.13,1818.14,1824.03,1830.29,1836.85,1843.28,1849.78,1858.66,1867.91,1879.34,1890.14,1896.77,1902.81,1907.96,1912.63,1916.77,1922.01,1929.20,1937.17,1946.93,1953.93,1958.39,1962.22,1967.12,1973.21,1980.59,1988.96,2000.23,2011.33,2023.89,2036.10,2045.43,2052.35,2058.71,2064.75,2071.60,2079.78,2089.01,2097.37,2104.01,2109.11,2112.60,2115.93,2119.44,2120.28,2117.50,2113.47,2113.16,2113.73,2113.16,2113.96,2115.30,2116.30,2116.68,2116.70,2115.89,2115.08
1088.21,1091.67,1096.68,1097.47,1097.91,1098.17,1098.65,1100.56,1103.00,1105.01,1105.57,1107.47,1110.64,1112.75,1112.75,1112.39,1113.98,1117.92,1117.80,1114.99,1113.21,1114.33,1116.75,1119.65,1125.23,1125.41,1130.54,1126.44,1120.18,1121.98,1128.47,1137.31,1142.45,1143.45,1147.11,1154.98,1160.47,1166.31,1171.40,1173.40,1175.34,1178.04,1181.23,1184.45,1187.42,1190.34,1194.05,1198.04,1201.05,1202.75,1203.65,1203.84,1204.06,1204.14,1205.06,1206.84,1209.79,1213.81,1217.30,1220.18,1224.03,1227.72,1230.22,1233.00,1235.15,1238.03,1241.54,1245.00,1247.82,1250.64,1253.64,1255.97,1257.45,1260.97,1264.01,1266.33,1269.84,1275.14,1280.39,1286.15,1292.30,1298.60,1305.65,1315.55,1329.38,1345.90,1364.98,1382.42,1397.95,1407.73,1415.63,1426.02,1432.19,1435.83,1439.76,1442.97,1446.33,1451.48,1462.47,1472.62,1482.01,1485.80,1487.16,1489.79,1492.41,1495.27,1498.63,1504.50,1512.73,1521.52,1533.81,1548.98,1564.03,1571.84,1577.22,1580.24,1575.81,1568.71,1565.82,1564.48,1564.16,1565.82,1568.64,1572.91,1577.78,1583.13,1588.47,1594.32,1600.45,1605.49,1610.94,1619.33,1629.88,1641.60,1652.97,1660.91,1667.06,1680.60,1694.14,1691.88,1687.40,1690.00,1694.48,1699.37,1708.47,1719.95,1732.35,1742.14,1750.51,1756.51,1761.77,1766.80,1767.37,1766.62,1765.92,1765.13,1764.90,1764.42,1763.67,1763.24,1763.12,1763.17,1762.25,1761.10,1761.00,1758.50,1750.31,1743.11,1738.00,1734.57,1731.07,1728.62,1726.93,1726.56,1726.73,1727.58,1728.64,1729.90,1731.53,1733.34,1735.24,1738.09,1742.13,1745.81,1749.15,1752.69,1756.73,1762.31,1768.34,1772.70,1777.18,1781.79,1785.69,1789.10,1792.96,1799.42,1805.34,1810.05,1814.62,1819.47,1824.46,1830.69,1836.68,1842.71,1848.75,1855.07,1862.02,1870.01,1883.19,1893.86,1901.19,1907.76,1913.17,1917.27,1921.24,1927.27,1934.34,1942.31,1952.50,1960.73,1966.88,1972.70,1980.41,1987.52,1993.65,2002.02,2015.33,2029.27,2041.92,2050.63,2056.74,2063.26,2070.36,2078.95,2087.42,2096.40,2104.61,2110.15,2112.00,2113.70,2115.65,2117.39,2118.29,2118.33,2117.56,2118.61,2120.11,2121.55,2122.16,2123.93,2126.03,2128.85,2131.30,2133.72,2135.20,2135.53
1088.40,1090.90,1096.99,1099.11,1100.49,1101.05,1100.92,1102.10,1104.30,1106.28,1107.68,1108.30,1110.67,1113.16,1115.43,1116.40,1119.06,1121.91,1124.10,1125.08,1124.73,1125.58,1127.00,1132.63,1136.15,1133.57,1139.29,1141.75,1139.47,1139.06,1141.83,1148.30,1153.73,1158.03,1160.90,1163.10,1165.57,1168.98,1172.12,1174.50,1176.85,1179.24,1182.38,1185.97,1189.11,1191.66,1194.72,1198.19,1200.82,1203.20,1205.18,1207.00,1208.77,1210.50,1211.20,1210.97,1211.78,1213.97,1215.50,1217.87,1221.68,1224.78,1226.55,1228.84,1231.60,1234.82,1237.69,1240.66,1244.18,1246.67,1249.34,1251.71,1255.63,1260.20,1263.22,1266.31,1269.80,1274.59,1279.67,1286.46,1294.08,1301.43,1307.90,1315.64,1325.74,1339.02,1354.01,1370.76,1386.48,1397.89,1407.81,1417.78,1426.45,1431.71,1435.73,1439.31,1444.98,1452.35,1460.30,1467.53,1474.64,1479.59,1483.54,1487.99,1491.15,1495.62,1500.49,1508.00,1516.39,1526.69,1542.26,1557.58,1574.06,1577.69,1579.21,1582.32,1578.62,1571.64,1570.29,1569.78,1569.60,1571.55,1575.81,1580.62,1585.44,1591.08,1597.92,1603.60,1608.06,1613.03,1619.64,1629.11,1640.76,1654.32,1662.70,1666.63,1672.42,1685.51,1701.12,1701.91,1696.04,1698.13,1701.78,1705.89,1713.20,1725.57,1738.22,1745.53,1749.59,1752.45,1756.50,1759.47,1760.96,1761.81,1763.03,1763.85,1763.96,1764.64,1764.62,1764.20,1764.48,1764.92,1765.02,1764.98,1765.74,1765.69,1763.04,1758.11,1754.75,1750.37,1744.84,1741.11,1738.82,1737.72,1737.24,1737.35,1737.61,1738.22,1739.06,1740.57,1742.83,1745.96,1751.90,1755.84,1756.31,1759.74,1765.93,1773.03,1777.54,1781.97,1787.18,1792.81,1799.13,1802.73,1803.95,1809.39,1815.74,1821.87,1827.96,1831.67,1834.75,1839.18,1843.99,1849.57,1855.66,1861.82,1867.71,1877.81,1890.84,1901.01,1909.20,1916.06,1920.55,1924.33,1929.14,1934.55,1940.94,1948.74,1958.79,1969.08,1976.74,1985.46,1994.61,2002.37,2009.92,2020.68,2033.59,2045.73,2053.95,2060.12,2067.38,2075.03,2084.50,2091.29,2095.46,2100.20,2104.36,2107.89,2110.17,2111.95,2114.02,2115.97,2117.77,2118.66,2118.92,2121.35,2123.61,2124.05,2123.83,2125.96,2128.64,2132.21,2136.01,2140.13,2143.34,2146.40
1090.76,1092.48,1096.11,1098.47,1100.11,1102.24,1103.42,1104.11,1105.90,1107.62,1109.33,1110.47,1111.43,1113.37,1116.00,1118.48,1120.41,1122.39,1124.77,1127.35,1129.76,1131.96,1133.55,1138.33,1141.61,1141.68,1142.05,1143.62,1145.01,1144.99,1145.45,1149.43,1153.82,1157.84,1159.99,1162.78,1165.98,1168.67,1171.11,1173.37,1175.76,1178.28,1181.14,1184.81,1189.36,1192.41,1195.20,1198.21,1200.83,1203.12,1205.01,1206.88,1208.72,1210.33,1212.35,1214.99,1216.99,1219.31,1219.65,1219.56,1221.38,1225.25,1227.38,1227.77,1229.39,1232.07,1235.10,1238.23,1241.12,1243.63,1246.49,1249.93,1255.88,1260.76,1263.95,1267.03,1270.18,1274.62,1279.87,1286.72,1293.77,1300.41,1308.59,1317.01,1325.31,1334.36,1345.36,1360.45,1377.84,1396.88,1410.69,1419.54,1427.10,1433.53,1436.38,1440.01,1447.22,1453.40,1458.30,1463.41,1469.37,1476.08,1482.41,1487.64,1492.15,1496.52,1502.40,1510.32,1519.62,1531.31,1547.38,1562.50,1578.70,1582.21,1581.52,1584.23,1580.80,1577.44,1577.13,1577.89,1579.35,1582.64,1587.26,1593.47,1600.25,1605.36,1609.78,1613.84,1619.09,1625.40,1633.07,1642.80,1655.54,1665.45,1671.01,1675.81,1681.05,1690.01,1704.37,1709.89,1706.22,1707.36,1709.95,1712.59,1716.25,1725.17,1735.35,1740.67,1743.47,1746.13,1750.07,1753.14,1755.06,1756.70,1758.38,1759.60,1760.71,1762.31,1763.89,1764.00,1764.62,1765.33,1765.96,1766.56,1767.17,1767.79,1768.13,1768.78,1770.05,1767.49,1760.36,1754.01,1751.05,1749.13,1748.35,1748.22,1747.50,1747.32,1747.94,1749.93,1753.66,1757.56,1762.50,1764.34,1766.07,1769.83,1776.75,1784.12,1790.23,1797.26,1803.07,1808.75,1814.30,1816.57,1817.10,1822.20,1831.18,1839.37,1844.37,1845.61,1844.99,1847.22,1852.23,1857.65,1863.60,1870.15,1878.58,1888.63,1900.58,1910.92,1919.22,1925.81,1929.81,1933.96,1938.79,1943.30,1949.72,1957.03,1968.42,1977.11,1986.82,1998.56,2009.93,2020.73,2029.91,2037.85,2047.63,2056.49,2063.85,2072.40,2079.47,2083.82,2088.06,2090.22,2093.01,2096.44,2099.93,2103.77,2107.43,2110.84,2112.95,2113.34,2116.60,2119.83,2120.51,2121.10,2122.40,2120.99,2120.46,2123.10,2126.38,2130.51,2134.18,2138.65,2142.64,2146.60
1091.93,1094.35,1096.29,1098.05,1099.78,1101.97,1103.84,1105.47,1107.03,1108.52,1110.05,1112.30,1113.95,1115.23,1116.63,1118.73,1121.70,1124.02,1125.64,1127.28,1130.25,1133.66,1136.38,1139.65,1142.46,1143.70,1144.16,1144.74,1146.72,1148.73,1149.03,1150.54,1153.17,1155.80,1158.05,1160.90,1164.14,1166.96,1169.70,1172.41,1175.24,1177.47,1179.05,1181.07,1186.19,1190.18,1192.40,1196.22,1199.93,1201.88,1203.26,1204.60,1206.21,1207.55,1210.12,1213.54,1216.79,1219.84,1222.78,1224.90,1227.09,1230.53,1232.18,1232.02,1232.95,1234.88,1235.68,1237.63,1240.62,1246.24,1250.12,1253.15,1258.17,1261.43,1264.18,1266.73,1269.14,1273.15,1278.82,1285.59,1292.31,1298.52,1307.76,1319.56,1330.99,1340.95,1351.70,1364.51,1381.57,1400.71,1414.50,1423.23,1431.90,1441.43,1443.56,1444.51,1448.25,1453.58,1458.13,1463.65,1469.40,1476.07,1482.47,1488.48,1493.17,1497.40,1503.04,1511.20,1521.53,1532.48,1547.75,1562.81,1579.60,1587.99,1587.02,1584.90,1582.79,1582.86,1583.18,1585.56,1590.07,1596.23,1602.84,1608.90,1614.12,1619.38,1625.22,1631.03,1636.59,1642.13,1650.21,1659.82,1667.60,1677.61,1686.43,1689.82,1692.13,1697.79,1706.18,1714.47,1715.49,1716.49,1717.52,1718.88,1720.69,1725.55,1731.55,1736.03,1738.86,1742.11,1745.76,1748.03,1750.31,1752.76,1754.82,1756.83,1759.49,1761.04,1762.60,1763.46,1764.15,1764.91,1765.83,1766.29,1765.75,1766.23,1767.86,1770.76,1776.83,1780.09,1777.62,1771.47,1766.25,1762.48,1762.07,1762.50,1760.54,1760.25,1761.93,1762.66,1766.49,1770.82,1774.13,1775.81,1779.64,1785.15,1791.30,1798.05,1806.70,1813.25,1817.24,1822.67,1828.18,1831.87,1833.47,1836.98,1845.78,1853.25,1857.53,1860.17,1860.58,1861.56,1865.44,1869.14,1874.70,1882.14,1890.54,1901.00,1912.08,1921.35,1932.16,1939.53,1942.36,1945.16,1948.52,1953.20,1960.18,1968.77,1978.33,1987.73,1998.65,2012.64,2027.55,2037.21,2044.29,2052.49,2061.08,2067.81,2074.04,2079.88,2081.89,2083.93,2085.79,2087.53,2089.77,2093.70,2097.78,2101.74,2106.75,2109.93,2110.12,2109.14,2109.58,2110.65,2109.09,2107.34,2107.76,2106.66,2108.43,2110.93,2114.70,2120.49,2126.85,2132.77,2138.25,2142.88
1091.96,1094.29,1096.18,1098.37,1100.06,1101.51,1103.30,1105.11,1106.91,1108.63,1110.33,1112.66,1115.03,1117.28,1119.17,1119.93,1122.07,1125.28,1127.71,1129.18,1130.68,1133.63,1136.48,1139.70,1141.98,1144.16,1145.85,1146.57,1147.50,1149.90,1151.64,1152.60,1154.77,1156.80,1158.79,1161.55,1164.44,1166.59,1169.41,1172.26,1174.39,1176.00,1177.60,1179.51,1182.68,1186.45,1188.65,1191.65,1195.49,1198.48,1200.28,1201.63,1203.23,1205.66,1209.38,1212.96,1217.16,1220.33,1222.96,1225.70,1227.81,1229.75,1232.22,1235.05,1238.39,1240.88,1242.26,1245.41,1249.53,1251.62,1253.63,1255.80,1258.42,1260.69,1262.90,1265.37,1267.83,1271.51,1277.00,1282.71,1289.57,1296.87,1308.30,1323.13,1340.32,1355.39,1370.17,1383.45,1396.60,1410.63,1422.00,1428.56,1436.22,1447.26,1450.64,1451.37,1454.51,1459.54,1464.48,1470.45,1473.26,1477.65,1484.00,1489.84,1493.79,1497.57,1503.72,1512.17,1521.39,1531.57,1544.84,1559.19,1577.59,1590.69,1589.80,1586.09,1588.12,1587.91,1588.85,1594.55,1602.06,1607.31,1613.83,1619.89,1628.57,1638.81,1646.51,1651.18,1654.75,1660.46,1667.15,1673.69,1682.11,1693.12,1700.22,1701.27,1702.15,1707.04,1711.78,1717.85,1721.27,1723.08,1724.83,1726.50,1726.74,1729.58,1733.28,1736.05,1738.07,1741.52,1744.77,1746.95,1748.54,1750.87,1753.58,1757.06,1760.11,1761.16,1761.86,1762.34,1762.77,1763.60,1765.24,1765.35,1764.57,1764.91,1766.91,1769.68,1775.06,1779.84,1784.53,1787.01,1785.30,1780.38,1778.04,1778.73,1777.61,1777.74,1779.22,1777.74,1780.64,1787.87,1793.11,1793.47,1795.07,1798.80,1803.99,1813.23,1823.53,1829.07,1832.91,1837.92,1843.75,1847.36,1848.16,1849.92,1856.15,1863.11,1868.51,1873.01,1876.38,1879.68,1882.57,1886.04,1891.80,1898.78,1906.36,1914.24,1924.66,1935.79,1945.76,1950.81,1952.89,1954.72,1958.78,1965.04,1973.12,1982.33,1992.15,2001.90,2012.09,2026.50,2041.13,2048.53,2055.70,2063.05,2069.55,2072.71,2075.29,2077.05,2078.45,2080.58,2082.95,2085.62,2089.04,2092.85,2095.98,2099.26,2102.45,2102.43,2099.57,2097.48,2096.35,2093.49,2089.58,2087.61,2088.61,2090.16,2091.45,2094.50,2098.41,2105.26,2110.57,2119.19,2128.56,2135.11
1092.28,1094.36,1096.34,1098.80,1101.22,1102.35,1103.44,1104.78,1106.51,1108.35,1110.44,1112.77,1115.11,1117.50,1119.91,1121.98,1123.24,1126.14,1128.55,1130.82,1132.11,1133.62,1135.85,1138.41,1140.88,1143.16,1145.50,1147.87,1149.00,1150.82,1153.29,1154.96,1156.92,1158.90,1162.25,1165.66,1167.12,1167.99,1169.79,1171.63,1173.47,1175.48,1177.59,1179.79,1183.20,1185.62,1187.34,1189.22,1192.19,1195.04,1197.15,1199.09,1201.49,1204.89,1208.80,1213.00,1217.36,1220.74,1222.26,1223.77,1225.24,1226.97,1228.87,1231.06,1235.92,1239.18,1241.28,1245.49,1248.29,1248.65,1250.79,1253.68,1256.37,1258.70,1261.40,1264.69,1268.52,1272.10,1276.81,1280.81,1287.63,1297.98,1311.34,1327.88,1348.75,1367.61,1384.98,1401.45,1414.18,1424.66,1435.74,1439.76,1442.60,1449.93,1453.64,1456.17,1460.03,1465.03,1470.85,1476.83,1481.31,1486.80,1492.73,1496.27,1498.18,1499.76,1505.39,1513.54,1521.47,1530.30,1541.39,1554.46,1573.68,1590.91,1592.46,1588.78,1592.89,1594.09,1598.21,1602.95,1607.71,1614.04,1621.83,1633.67,1647.80,1656.99,1661.66,1665.55,1670.58,1677.00,1684.40,1691.52,1696.72,1702.47,1707.64,1709.12,1710.57,1714.24,1718.91,1721.49,1724.09,1726.70,1729.72,1732.45,1732.95,1735.24,1738.07,1740.18,1741.93,1745.69,1749.23,1751.31,1751.37,1751.56,1753.61,1756.62,1759.38,1760.46,1760.90,1761.51,1762.03,1762.57,1763.31,1763.62,1763.96,1765.01,1766.79,1768.88,1772.55,1776.94,1782.12,1789.83,1795.38,1798.64,1798.05,1796.65,1791.85,1792.90,1794.58,1794.53,1796.59,1805.27,1811.27,1812.56,1813.67,1816.08,1821.08,1832.31,1841.17,1844.77,1846.99,1850.61,1856.26,1860.66,1862.62,1864.08,1868.34,1874.19,1879.64,1885.14,1889.88,1894.31,1899.30,1904.58,1909.44,1914.24,1919.53,1927.79,1938.38,1947.80,1955.67,1960.89,1963.10,1965.73,1970.50,1978.35,1987.62,1997.39,2007.61,2015.46,2026.70,2040.94,2049.68,2053.73,2058.30,2062.86,2066.28,2069.04,2070.89,2073.15,2075.62,2078.52,2081.59,2084.32,2087.05,2089.76,2091.03,2091.99,2091.93,2088.87,2084.86,2081.45,2078.50,2071.89,2065.05,2062.54,2064.96,2068.16,2071.39,2076.65,2084.33,2091.86,2095.89,2099.76,2113.87,2122.43
1091.63,1094.86,1096.28,1098.89,1101.57,1103.28,1104.65,1105.74,1106.73,1108.15,1110.42,1112.84,1115.18,1117.59,1120.03,1122.46,1124.58,1126.83,1128.88,1131.13,1133.17,1134.92,1136.73,1138.48,1140.45,1142.25,1144.56,1147.32,1149.80,1151.91,1154.28,1156.51,1158.31,1161.05,1166.11,1168.23,1169.50,1169.77,1170.22,1171.85,1173.91,1176.03,1178.18,1181.64,1186.78,1189.19,1190.23,1192.00,1195.81,1199.46,1201.49,1203.89,1205.61,1206.98,1208.81,1211.74,1215.10,1217.86,1219.55,1221.50,1224.25,1226.81,1228.36,1230.70,1233.47,1236.12,1238.89,1242.07,1244.44,1246.96,1249.94,1252.74,1255.63,1258.31,1261.16,1264.94,1269.95,1272.82,1276.52,1280.84,1288.40,1299.55,1312.98,1330.98,1353.86,1373.90,1393.86,1411.95,1425.73,1435.67,1441.65,1443.03,1442.95,1447.44,1451.47,1455.02,1460.70,1466.44,1472.95,1480.49,1486.44,1492.90,1498.98,1501.93,1503.39,1505.26,1508.64,1515.28,1522.62,1529.93,1539.35,1551.25,1570.56,1589.09,1593.96,1590.33,1595.99,1599.88,1603.43,1606.84,1612.05,1619.58,1630.24,1644.80,1657.76,1665.17,1670.85,1677.59,1682.19,1687.26,1694.63,1700.15,1703.03,1707.03,1710.94,1712.64,1714.43,1717.14,1719.57,1721.44,1723.63,1726.62,1729.91,1734.32,1738.08,1742.12,1746.78,1748.90,1749.88,1752.72,1756.55,1756.73,1755.54,1754.14,1754.61,1756.50,1758.73,1760.82,1761.86,1762.63,1763.78,1764.03,1763.35,1763.18,1763.84,1764.93,1766.64,1769.22,1774.16,1778.33,1782.44,1787.54,1793.30,1799.70,1804.95,1809.35,1808.08,1807.39,1808.36,1809.72,1814.21,1821.08,1827.23,1832.99,1836.17,1837.08,1839.90,1848.10,1854.48,1858.86,1861.09,1864.16,1870.92,1876.61,1881.56,1885.20,1888.88,1892.64,1896.27,1899.11,1902.42,1906.58,1911.62,1917.86,1923.36,1927.29,1931.80,1938.55,1946.65,1954.34,1961.76,1967.49,1971.87,1977.28,1984.53,1992.44,2000.84,2012.37,2021.59,2029.19,2037.97,2045.39,2050.91,2055.33,2058.80,2061.73,2064.47,2066.80,2068.85,2071.42,2074.41,2075.97,2077.61,2079.46,2081.25,2082.20,2082.32,2080.73,2076.79,2072.14,2067.65,2062.66,2058.24,2052.00,2043.19,2039.03,2039.74,2041.47,2050.11,2062.48,2068.01,2071.84,2075.41,2084.93,2102.43,2106.52
1089.27,1092.30,1095.58,1098.12,1100.45,1102.38,1104.39,1106.31,1107.89,1109.01,1110.59,1112.95,1115.32,1117.69,1120.05,1122.22,1124.53,1126.80,1128.97,1131.05,1132.94,1134.94,1136.94,1138.78,1140.65,1142.76,1145.38,1146.60,1148.02,1151.16,1154.32,1157.03,1159.06,1163.55,1168.01,1169.61,1171.18,1171.77,1172.24,1173.34,1174.84,1176.87,1179.17,1184.97,1190.47,1192.09,1193.60,1195.89,1198.72,1201.97,1206.07,1210.38,1211.73,1212.42,1213.06,1214.34,1216.04,1217.95,1219.79,1222.46,1226.61,1229.76,1230.95,1232.67,1234.95,1237.13,1239.18,1241.69,1244.83,1247.82,1250.95,1254.16,1257.16,1259.87,1262.10,1264.78,1268.31,1271.10,1275.79,1280.92,1288.72,1299.03,1312.47,1332.00,1356.25,1375.24,1396.58,1411.84,1423.75,1433.72,1437.08,1437.14,1436.82,1441.22,1446.32,1450.40,1457.41,1464.64,1472.14,1480.12,1486.06,1492.08,1497.18,1501.50,1504.73,1508.27,1512.29,1516.89,1522.19,1528.63,1537.48,1549.18,1566.72,1586.54,1594.92,1592.24,1596.98,1601.61,1605.42,1609.32,1615.11,1623.30,1635.37,1648.45,1660.07,1668.93,1676.52,1682.31,1686.11,1690.80,1697.86,1702.27,1705.06,1707.88,1709.63,1709.62,1711.27,1714.80,1717.11,1718.71,1721.47,1725.05,1728.19,1732.83,1739.00,1746.80,1754.14,1758.09,1757.22,1758.62,1761.98,1761.18,1759.05,1757.17,1756.41,1758.03,1760.27,1763.06,1764.63,1764.43,1765.23,1765.41,1764.34,1763.63,1763.94,1764.65,1766.76,1770.60,1776.86,1782.13,1786.59,1789.15,1792.44,1796.54,1801.25,1806.79,1810.33,1813.85,1815.45,1818.81,1825.31,1831.97,1840.97,1850.67,1854.13,1854.75,1857.27,1862.05,1869.17,1874.84,1877.04,1881.42,1889.45,1898.92,1904.29,1906.05,1906.85,1907.41,1907.67,1908.89,1911.84,1915.94,1921.61,1928.47,1932.47,1935.02,1939.07,1944.88,1952.08,1959.64,1967.82,1974.11,1980.41,1988.35,1994.65,2002.03,2013.56,2024.08,2033.62,2039.12,2042.68,2046.65,2051.30,2056.21,2060.00,2062.50,2065.12,2066.81,2068.61,2070.59,2071.14,2070.05,2068.91,2067.96,2067.08,2066.28,2064.63,2061.94,2058.45,2054.58,2050.76,2047.54,2042.20,2031.19,2017.91,2010.43,2013.39,2022.11,2034.74,2044.86,2045.72,2048.68,2057.38,2075.21,2089.07,2088.09
1088.50,1091.11,1095.39,1097.76,1100.15,1102.11,1103.97,1105.95,1107.76,1109.87,1111.93,1113.83,1116.08,1118.33,1120.68,1122.29,1124.09,1126.40,1128.87,1131.03,1132.91,1134.96,1137.25,1139.21,1141.56,1144.44,1147.53,1149.73,1149.27,1150.96,1153.91,1156.81,1159.73,1165.47,1169.84,1171.17,1172.70,1173.95,1174.56,1175.59,1176.67,1177.87,1180.14,1185.51,1190.05,1192.11,1193.99,1195.74,1197.51,1199.13,1201.20,1206.67,1210.43,1212.63,1215.23,1217.85,1219.83,1221.46,1223.02,1224.94,1228.10,1230.41,1232.34,1234.31,1236.54,1238.61,1240.80,1243.20,1245.86,1248.73,1252.20,1255.92,1259.08,1261.40,1263.56,1266.01,1268.46,1271.56,1275.82,1281.05,1288.09,1297.20,1309.50,1329.50,1353.86,1372.23,1392.63,1406.78,1416.92,1424.57,1426.12,1425.73,1427.09,1431.89,1438.94,1444.10,1450.53,1459.49,1466.88,1473.70,1479.82,1485.94,1491.79,1496.33,1499.98,1502.72,1509.25,1514.73,1519.41,1526.01,1535.73,1547.54,1563.50,1583.76,1594.85,1594.41,1597.35,1601.84,1606.44,1611.37,1618.57,1627.93,1637.99,1650.06,1660.08,1669.63,1676.92,1681.85,1685.68,1690.35,1696.73,1700.47,1702.38,1704.66,1706.29,1707.07,1709.92,1712.77,1714.63,1717.68,1722.47,1726.88,1727.82,1730.79,1736.53,1745.10,1754.70,1760.55,1761.87,1762.05,1764.25,1765.48,1763.31,1760.51,1759.12,1759.83,1762.14,1765.22,1767.73,1767.39,1767.21,1765.53,1764.46,1764.02,1764.34,1765.06,1768.10,1773.00,1779.87,1786.90,1790.80,1793.02,1796.07,1798.52,1801.38,1804.99,1808.48,1813.09,1817.50,1820.77,1829.71,1839.02,1852.09,1863.07,1869.31,1872.68,1876.25,1880.92,1887.13,1891.36,1895.83,1900.86,1907.08,1913.46,1918.40,1920.94,1921.88,1920.99,1919.94,1920.45,1922.83,1926.66,1932.14,1936.25,1938.79,1941.28,1944.96,1950.17,1956.82,1965.55,1972.94,1979.07,1987.93,1995.26,2001.90,2011.36,2021.63,2030.98,2038.15,2042.87,2045.79,2049.21,2053.07,2057.45,2061.05,2063.54,2065.84,2067.58,2068.63,2068.11,2065.26,2060.52,2054.16,2049.35,2047.44,2045.76,2045.62,2044.48,2042.14,2039.26,2037.15,2034.85,2025.17,2004.89,1993.20,1992.96,1998.35,2007.24,2020.14,2024.23,2025.98,2032.39,2046.49,2064.31,2071.11,2067.31
1089.68,1094.02,1096.22,1098.10,1100.30,1102.49,1104.54,1106.40,1108.77,1110.55,1112.37,1114.36,1116.51,1118.64,1121.04,1123.30,1124.84,1126.45,1128.97,1131.14,1133.03,1135.15,1137.72,1140.53,1143.13,1145.54,1147.82,1150.20,1150.99,1151.14,1153.51,1156.39,1159.82,1166.88,1170.38,1171.45,1172.52,1174.59,1176.60,1177.83,1178.97,1180.13,1181.90,1184.50,1187.53,1190.00,1192.02,1193.84,1195.68,1197.41,1199.29,1202.64,1206.74,1208.89,1211.78,1216.27,1219.47,1221.46,1223.98,1225.63,1227.23,1228.85,1230.59,1233.41,1236.09,1238.58,1241.07,1243.70,1246.35,1248.90,1252.49,1256.75,1260.44,1262.84,1265.10,1267.60,1270.27,1273.46,1277.11,1281.37,1287.08,1294.69,1306.49,1326.30,1348.58,1366.27,1384.34,1399.27,1408.48,1412.23,1412.26,1412.66,1416.48,1422.25,1428.59,1434.08,1439.06,1448.20,1457.48,1463.17,1468.01,1473.92,1481.32,1487.16,1491.77,1495.88,1502.87,1511.27,1516.07,1522.73,1532.69,1545.03,1561.33,1580.93,1593.02,1597.22,1598.65,1601.50,1607.46,1614.39,1623.97,1635.46,1644.89,1653.52,1661.16,1668.85,1674.64,1678.91,1682.69,1687.31,1692.48,1696.23,1698.92,1701.40,1703.06,1704.77,1707.40,1710.18,1712.96,1717.99,1724.94,1729.49,1728.14,1729.45,1734.30,1741.57,1752.04,1759.76,1763.07,1764.77,1766.51,1768.60,1769.34,1765.97,1762.91,1762.15,1763.23,1766.21,1769.62,1770.00,1768.64,1765.67,1764.65,1764.53,1764.94,1767.08,1771.15,1775.58,1781.41,1789.33,1793.59,1796.45,1799.54,1803.26,1806.02,1808.96,1811.45,1815.00,1818.97,1824.31,1833.50,1845.28,1859.94,1872.31,1881.81,1889.89,1892.52,1895.34,1900.20,1904.49,1909.09,1911.63,1915.04,1920.29,1924.50,1927.45,1929.88,1931.80,1932.64,1934.42,1936.69,1938.81,1940.90,1942.75,1944.69,1947.31,1950.38,1954.38,1959.89,1968.10,1974.52,1980.94,1990.17,1998.58,2007.52,2017.07,2025.96,2033.22,2038.82,2042.30,2045.58,2049.28,2053.32,2057.53,2060.92,2063.37,2065.94,2068.32,2069.47,2064.23,2055.97,2045.69,2036.92,2032.31,2030.63,2028.31,2028.71,2029.53,2028.22,2024.59,2021.39,2019.43,2010.63,1993.48,1985.58,1999.64,2005.78,2008.01,2012.19,2016.34,2018.02,2022.51,2038.17,2053.57,2056.36,2064.61
1093.38,1096.16,1097.55,1099.23,1100.80,1103.71,1106.52,1107.16,1109.17,1111.58,1113.58,1115.26,1116.85,1118.58,1120.98,1123.54,1125.86,1127.43,1129.00,1131.25,1133.15,1135.29,1137.66,1139.91,1142.32,1144.64,1146.88,1149.33,1152.86,1153.65,1154.08,1155.91,1158.64,1162.61,1165.40,1169.07,1171.34,1174.15,1177.41,1179.43,1181.38,1183.62,1185.55,1187.26,1188.38,1190.29,1192.20,1194.36,1196.40,1197.97,1199.46,1201.99,1204.80,1207.57,1210.61,1214.28,1216.99,1219.58,1221.88,1223.49,1225.21,1227.26,1229.91,1232.74,1235.32,1237.92,1240.59,1243.50,1246.25,1248.83,1252.44,1256.92,1260.74,1263.48,1266.21,1268.56,1271.70,1275.86,1278.84,1282.38,1286.93,1294.20,1305.49,1322.97,1342.13,1357.49,1373.69,1386.39,1393.78,1395.66,1395.83,1397.25,1401.86,1407.74,1414.83,1418.45,1423.44,1431.54,1439.94,1445.82,1451.27,1457.52,1466.80,1475.97,1483.80,1491.06,1497.55,1505.19,1512.11,1519.45,1529.08,1541.40,1556.57,1574.80,1588.16,1594.59,1597.28,1600.59,1608.37,1616.50,1626.94,1637.92,1647.13,1654.19,1660.65,1666.44,1671.28,1675.21,1678.75,1682.67,1687.80,1691.74,1695.01,1698.68,1700.74,1701.37,1703.16,1706.53,1711.19,1717.63,1725.52,1729.62,1727.80,1729.01,1733.46,1739.59,1749.61,1759.40,1762.57,1763.09,1763.86,1767.39,1772.93,1772.22,1767.28,1765.03,1764.73,1766.52,1769.66,1770.82,1769.91,1767.18,1766.10,1766.09,1767.37,1769.77,1774.85,1780.21,1786.56,1791.68,1796.16,1799.15,1802.88,1807.67,1811.96,1815.38,1817.78,1820.91,1824.28,1830.56,1839.24,1851.29,1865.53,1877.00,1885.80,1890.92,1895.61,1900.12,1903.57,1906.88,1910.28,1914.12,1918.55,1923.29,1928.09,1933.58,1939.39,1943.76,1946.04,1946.72,1946.87,1947.19,1947.53,1948.23,1949.90,1951.77,1953.91,1956.87,1961.23,1967.80,1974.31,1981.30,1990.69,2000.15,2009.58,2019.06,2025.91,2031.43,2036.23,2040.20,2044.33,2048.68,2052.79,2055.53,2058.05,2059.98,2062.66,2065.32,2064.19,2053.89,2039.81,2030.36,2023.69,2019.40,2016.63,2012.08,2013.67,2015.02,2013.03,2006.23,2001.08,1999.20,1992.70,1981.47,1977.66,2003.87,2025.20,2032.86,2035.19,2036.76,2034.03,2025.91,2033.04,2043.05,2052.68,2070.33
1095.59,1098.54,1100.54,1101.50,1103.32,1105.65,1109.34,1109.99,1110.87,1111.95,1113.93,1116.18,1118.22,1120.19,1121.37,1123.66,1126.05,1128.31,1130.25,1131.68,1133.43,1135.54,1137.68,1139.99,1142.68,1145.08,1147.35,1149.69,1152.86,1156.05,1156.68,1157.02,1158.59,1160.81,1162.81,1168.27,1171.50,1174.66,1178.01,1180.78,1183.43,1186.17,1188.86,1190.67,1191.43,1192.57,1193.84,1195.93,1198.29,1199.94,1200.89,1202.59,1205.15,1207.99,1210.71,1213.12,1215.51,1217.82,1220.14,1222.55,1225.07,1227.70,1230.36,1232.93,1235.50,1238.07,1240.63,1243.36,1246.11,1248.76,1252.47,1257.14,1261.16,1264.22,1267.09,1269.54,1273.29,1278.03,1281.82,1284.58,1288.47,1295.25,1304.33,1318.83,1334.84,1346.64,1359.99,1371.25,1377.57,1379.98,1380.38,1381.12,1384.40,1388.33,1396.76,1405.45,1410.66,1417.94,1424.58,1428.68,1431.18,1436.78,1449.14,1463.41,1476.44,1486.07,1493.61,1498.95,1507.00,1515.76,1524.75,1535.40,1549.45,1562.30,1576.12,1585.27,1591.92,1597.64,1606.08,1615.52,1625.84,1635.91,1644.32,1651.36,1657.70,1662.74,1668.11,1672.56,1675.82,1679.15,1683.83,1687.59,1690.05,1692.46,1694.85,1696.69,1698.79,1703.16,1709.26,1716.92,1723.97,1726.57,1725.71,1727.61,1732.04,1738.80,1747.99,1757.10,1760.74,1760.02,1759.57,1764.48,1771.35,1774.42,1771.60,1770.28,1770.20,1768.50,1768.28,1769.89,1771.29,1769.45,1769.00,1769.50,1771.40,1773.30,1777.57,1784.42,1791.25,1795.41,1799.59,1803.36,1807.68,1813.85,1820.55,1824.77,1827.24,1830.64,1835.21,1841.26,1848.19,1857.69,1868.01,1877.08,1884.34,1889.93,1895.47,1899.76,1901.40,1903.20,1906.43,1911.06,1917.81,1924.33,1930.47,1937.83,1944.73,1949.93,1952.59,1952.14,1951.70,1951.88,1951.98,1952.17,1952.68,1954.38,1956.92,1959.74,1963.32,1968.07,1974.07,1980.72,1990.07,2000.42,2009.93,2017.93,2024.28,2030.20,2035.23,2039.72,2043.88,2047.45,2049.15,2047.88,2045.97,2046.13,2048.96,2054.24,2053.49,2041.63,2028.81,2018.55,2006.91,2001.68,1997.47,1991.97,1991.55,1990.48,1987.93,1982.59,1976.08,1970.35,1970.09,1971.95,1979.99,2005.16,2029.71,2039.44,2044.39,2048.20,2047.95,2035.37,2039.78,2049.80,2064.43,2083.26
1096.76,1099.05,1101.83,1104.25,1106.31,1107.80,1110.40,1112.93,1113.60,1113.98,1114.37,1116.37,1118.45,1121.18,1122.90,1123.87,1126.12,1128.45,1131.38,1133.14,1134.34,1135.99,1138.25,1140.93,1143.95,1146.65,1148.96,1151.53,1154.56,1157.40,1158.99,1159.75,1160.29,1161.82,1164.42,1169.58,1173.37,1176.35,1179.29,1182.09,1184.85,1187.62,1190.36,1192.70,1194.46,1195.64,1196.64,1197.46,1199.61,1202.40,1203.68,1204.74,1206.02,1208.37,1211.05,1213.53,1215.90,1218.10,1220.63,1223.09,1225.57,1228.13,1230.81,1233.40,1235.97,1238.56,1241.01,1243.39,1245.90,1248.28,1251.51,1257.04,1261.58,1264.92,1267.97,1270.79,1274.77,1279.12,1282.81,1286.13,1289.39,1295.10,1302.51,1313.21,1325.56,1335.35,1344.47,1351.38,1355.34,1357.50,1360.06,1362.83,1367.95,1372.00,1378.96,1389.31,1398.46,1406.09,1411.99,1415.16,1420.13,1433.51,1450.70,1463.31,1471.62,1478.92,1488.75,1495.51,1502.82,1511.33,1520.45,1529.01,1541.48,1552.63,1561.14,1570.33,1578.55,1588.84,1599.86,1610.74,1621.37,1631.14,1640.11,1647.30,1653.46,1658.26,1664.53,1669.98,1673.02,1676.58,1680.63,1682.99,1684.18,1685.83,1687.78,1690.85,1694.99,1699.54,1706.89,1715.56,1720.97,1722.47,1722.96,1726.00,1731.10,1738.73,1745.20,1750.08,1753.96,1754.38,1756.20,1761.41,1768.14,1772.84,1773.31,1773.82,1774.43,1771.65,1768.89,1769.50,1772.11,1771.67,1771.42,1772.97,1775.15,1776.93,1780.45,1786.43,1792.21,1797.11,1802.19,1806.98,1813.09,1822.25,1832.66,1839.51,1842.79,1844.32,1848.51,1853.26,1857.45,1863.27,1871.20,1880.32,1888.72,1892.40,1894.32,1895.39,1896.62,1898.57,1902.75,1908.22,1915.74,1923.46,1931.23,1939.25,1945.39,1949.54,1950.61,1950.63,1950.39,1950.38,1950.05,1949.15,1950.08,1953.24,1957.44,1961.88,1965.57,1969.74,1974.49,1980.36,1989.56,2000.35,2009.57,2016.63,2023.86,2030.71,2035.26,2039.24,2042.45,2041.88,2036.90,2031.10,2028.10,2029.27,2030.87,2036.18,2038.01,2029.51,2017.42,2001.92,1990.83,1984.69,1978.10,1968.42,1961.17,1959.13,1961.17,1958.68,1951.08,1958.29,1979.65,1993.20,2001.36,2014.19,2030.38,2040.92,2047.20,2052.77,2054.09,2044.57,2039.92,2049.05,2060.72,2078.72
1098.04,1099.90,1102.17,1104.75,1107.35,1109.94,1111.98,1114.35,1116.38,1116.71,1116.25,1116.68,1118.58,1121.42,1124.97,1125.20,1126.32,1128.60,1131.10,1133.53,1135.63,1137.10,1138.49,1141.08,1144.29,1147.51,1150.47,1153.45,1156.07,1158.43,1160.87,1164.07,1166.35,1168.71,1168.07,1169.21,1173.15,1176.86,1180.17,1183.28,1186.04,1188.82,1191.49,1193.89,1196.21,1198.29,1199.60,1200.08,1201.96,1204.72,1206.52,1207.66,1208.63,1209.58,1211.38,1214.08,1216.78,1219.18,1221.37,1223.86,1226.28,1228.68,1231.22,1233.81,1236.43,1239.04,1241.39,1243.62,1245.78,1247.94,1250.94,1257.00,1261.89,1265.40,1268.74,1272.30,1276.25,1280.16,1283.36,1286.43,1289.50,1294.62,1300.97,1309.23,1317.66,1324.05,1330.15,1336.05,1340.26,1342.10,1344.96,1349.14,1353.76,1358.68,1364.61,1372.51,1382.60,1390.67,1398.24,1406.50,1421.35,1439.99,1461.77,1478.80,1483.55,1482.40,1485.30,1493.62,1500.45,1507.34,1515.68,1523.73,1532.53,1544.29,1552.20,1557.27,1563.52,1574.51,1590.58,1602.80,1613.64,1623.37,1631.70,1638.81,1646.25,1652.22,1658.47,1664.58,1668.79,1671.96,1673.89,1674.86,1676.69,1679.21,1683.11,1689.12,1695.26,1699.38,1705.66,1711.74,1715.46,1717.55,1720.28,1724.69,1729.86,1735.95,1738.73,1740.05,1743.19,1748.04,1753.50,1759.97,1765.96,1770.24,1772.56,1774.76,1775.02,1772.85,1770.27,1770.08,1772.19,1773.59,1773.45,1775.04,1776.89,1779.53,1784.33,1789.67,1793.45,1797.67,1802.64,1808.74,1817.37,1829.37,1840.41,1849.17,1852.89,1855.15,1858.80,1861.16,1863.53,1867.68,1874.57,1883.28,1887.75,1888.12,1888.53,1889.76,1891.30,1894.47,1900.61,1907.35,1914.18,1921.01,1929.38,1937.95,1942.55,1944.37,1944.58,1944.06,1943.17,1942.26,1941.28,1941.08,1942.74,1947.45,1953.16,1958.45,1962.95,1969.71,1974.85,1981.69,1990.97,1999.41,2007.37,2014.14,2020.97,2028.75,2031.85,2032.67,2033.27,2028.55,2019.29,2011.58,2007.47,2008.59,2012.25,2019.32,2021.75,2015.07,2002.21,1989.23,1980.13,1970.50,1959.74,1947.24,1936.05,1935.59,1938.33,1942.74,1954.34,1975.03,1994.04,2003.96,2011.04,2019.72,2032.53,2042.57,2050.16,2057.41,2060.62,2056.71,2050.19,2047.05,2049.18,2062.05
1099.01,1101.10,1103.39,1105.86,1108.43,1110.81,1113.20,1115.70,1117.95,1119.30,1118.52,1117.89,1119.20,1123.66,1127.81,1127.62,1127.47,1128.64,1130.90,1133.27,1135.75,1137.83,1139.79,1141.98,1144.50,1147.22,1149.60,1152.70,1155.81,1158.84,1161.57,1164.20,1167.30,1170.89,1173.63,1174.06,1176.02,1178.33,1181.28,1184.57,1187.31,1190.07,1192.66,1195.17,1197.40,1199.43,1201.28,1202.89,1204.97,1206.97,1208.87,1210.34,1211.15,1212.02,1213.18,1214.89,1217.40,1219.88,1221.92,1224.50,1227.13,1229.60,1232.08,1234.65,1237.22,1239.74,1241.88,1244.02,1246.20,1248.19,1251.36,1257.50,1261.92,1265.39,1268.84,1272.16,1276.17,1279.66,1282.06,1285.58,1289.20,1294.16,1300.02,1306.97,1313.28,1316.65,1319.36,1324.41,1330.82,1334.78,1338.16,1345.45,1356.32,1363.34,1366.42,1374.38,1381.19,1390.64,1400.64,1409.70,1422.39,1440.34,1460.83,1478.96,1487.63,1491.22,1491.24,1492.77,1497.32,1504.01,1511.36,1518.82,1525.92,1534.92,1543.98,1549.62,1555.49,1564.32,1578.60,1593.68,1604.46,1614.47,1623.17,1629.95,1635.86,1642.18,1648.60,1654.10,1656.38,1658.32,1659.44,1661.39,1665.36,1671.31,1680.50,1690.80,1697.82,1702.07,1705.69,1707.37,1709.53,1713.61,1718.42,1722.98,1726.67,1729.80,1730.94,1731.74,1736.66,1745.18,1754.24,1761.25,1763.74,1765.82,1770.32,1772.90,1773.31,1772.16,1770.99,1771.16,1772.61,1774.39,1775.39,1776.73,1778.40,1780.83,1785.88,1790.95,1794.74,1798.36,1802.45,1807.82,1816.54,1830.59,1837.53,1843.79,1850.83,1857.06,1861.40,1863.28,1865.07,1868.46,1874.49,1879.96,1882.22,1881.93,1881.92,1882.97,1884.84,1890.08,1897.43,1905.39,1912.21,1917.53,1923.56,1930.33,1935.31,1936.24,1935.26,1933.65,1931.72,1930.37,1929.73,1930.38,1932.40,1936.21,1942.11,1948.79,1954.62,1961.90,1968.24,1975.05,1983.29,1990.73,1999.41,2005.95,2011.78,2016.40,2018.57,2017.55,2013.97,2007.88,2000.82,1994.34,1989.61,1990.49,1994.73,2003.83,2006.41,1998.53,1987.71,1977.98,1968.47,1955.70,1943.45,1930.61,1922.01,1926.75,1943.44,1955.77,1967.71,1978.98,1989.56,2000.33,2007.15,2018.81,2032.63,2042.64,2050.65,2060.32,2067.70,2069.78,2066.71,2061.82,2056.09,2061.89
1099.96,1102.24,1104.24,1106.29,1108.44,1111.04,1113.56,1115.73,1117.76,1120.05,1121.13,1120.11,1122.23,1129.15,1130.96,1130.30,1130.03,1130.55,1132.51,1133.98,1135.71,1138.16,1141.15,1143.46,1145.57,1147.66,1149.82,1151.99,1154.33,1156.70,1158.67,1160.74,1163.82,1168.18,1174.78,1179.84,1181.69,1182.90,1185.27,1188.04,1189.74,1192.04,1194.18,1196.01,1197.59,1199.10,1201.06,1203.29,1205.51,1207.63,1209.89,1212.08,1213.38,1214.31,1215.40,1216.42,1218.11,1220.38,1222.47,1224.98,1227.68,1230.40,1233.10,1235.70,1238.23,1240.55,1242.57,1244.59,1246.67,1248.72,1252.17,1258.35,1262.09,1264.96,1267.79,1270.82,1274.54,1277.78,1281.07,1284.84,1288.64,1293.50,1298.44,1303.05,1308.89,1314.01,1319.17,1325.06,1330.61,1337.20,1345.22,1358.94,1369.88,1378.15,1378.46,1388.71,1395.99,1403.64,1409.95,1417.79,1430.95,1446.43,1461.60,1476.78,1483.91,1487.88,1492.44,1496.45,1499.52,1502.46,1508.20,1514.52,1520.60,1527.49,1535.61,1542.60,1549.60,1557.73,1568.72,1583.36,1595.54,1605.95,1615.37,1622.87,1627.84,1632.85,1637.08,1640.14,1641.84,1643.71,1646.39,1650.54,1658.41,1667.52,1679.25,1691.47,1696.76,1701.05,1702.99,1702.81,1706.72,1712.05,1714.75,1717.67,1719.74,1721.56,1723.88,1727.89,1735.67,1745.02,1753.13,1756.79,1755.52,1757.52,1763.48,1768.47,1770.16,1768.91,1767.84,1769.63,1771.72,1773.92,1776.73,1778.95,1780.95,1783.72,1786.77,1791.29,1794.82,1795.94,1798.93,1803.58,1809.25,1819.07,1825.32,1828.58,1835.90,1847.22,1856.77,1858.74,1859.20,1862.12,1868.23,1871.54,1871.99,1870.54,1870.39,1872.28,1876.39,1882.31,1890.79,1899.33,1906.75,1912.26,1916.03,1919.26,1921.38,1921.06,1919.86,1919.00,1918.29,1918.14,1918.51,1919.34,1921.48,1925.22,1930.59,1936.21,1941.66,1947.15,1954.05,1962.73,1970.98,1976.84,1982.51,1989.28,1995.28,1998.31,1998.79,1997.59,1994.62,1990.58,1985.26,1978.59,1972.23,1973.87,1978.50,1986.26,1987.95,1981.61,1972.25,1962.89,1951.37,1939.20,1927.56,1917.49,1917.97,1935.83,1952.29,1962.05,1977.94,1986.43,1990.25,1996.29,2003.69,2013.23,2025.42,2037.96,2046.69,2057.97,2068.18,2076.18,2079.08,2077.63,2072.17,2064.69
1099.59,1101.52,1103.69,1105.89,1108.14,1110.41,1112.49,1114.59,1116.74,1118.63,1121.74,1125.12,1127.76,1131.46,1133.26,1133.54,1134.35,1137.61,1139.01,1138.23,1137.26,1139.98,1142.88,1145.05,1147.05,1149.08,1150.67,1152.10,1153.86,1155.64,1157.48,1159.38,1163.33,1168.07,1172.10,1176.90,1181.43,1184.35,1187.05,1189.80,1191.22,1192.21,1193.21,1194.59,1196.67,1199.18,1201.24,1203.35,1205.50,1207.73,1209.97,1212.36,1214.70,1216.44,1217.43,1218.35,1219.68,1221.79,1223.78,1225.50,1227.80,1230.42,1233.30,1236.23,1239.13,1241.63,1243.60,1245.48,1247.40,1249.48,1253.70,1259.38,1262.33,1265.04,1267.72,1270.49,1274.09,1277.59,1281.01,1284.60,1288.41,1293.08,1296.05,1300.05,1308.14,1316.36,1323.46,1330.07,1336.77,1344.05,1354.88,1370.87,1383.84,1392.43,1395.75,1403.38,1414.18,1421.99,1425.53,1429.58,1440.42,1454.16,1466.92,1474.61,1478.73,1482.76,1487.67,1493.45,1501.80,1507.35,1509.14,1512.97,1518.26,1524.62,1531.36,1537.44,1544.38,1553.02,1563.21,1577.78,1593.22,1603.57,1610.66,1616.82,1621.56,1625.76,1628.90,1631.17,1634.18,1637.03,1640.33,1647.67,1657.89,1667.90,1678.44,1688.89,1693.11,1698.19,1699.55,1698.59,1702.71,1706.56,1707.54,1709.41,1711.95,1715.01,1720.55,1727.48,1736.00,1741.07,1741.25,1739.63,1738.04,1743.13,1751.62,1757.04,1758.76,1755.55,1754.74,1761.81,1767.20,1770.50,1774.16,1779.76,1784.41,1788.01,1790.41,1789.19,1785.98,1786.11,1788.27,1792.06,1796.36,1800.54,1805.70,1811.61,1817.85,1828.48,1840.98,1845.03,1845.05,1848.93,1856.65,1859.44,1858.58,1857.37,1858.01,1859.83,1864.61,1870.91,1878.71,1888.76,1896.54,1902.32,1905.45,1905.63,1904.43,1903.78,1904.59,1905.99,1906.81,1906.99,1907.43,1908.78,1911.22,1914.86,1919.33,1924.87,1930.29,1935.50,1942.12,1950.08,1959.00,1967.03,1971.76,1975.44,1979.36,1982.25,1982.82,1982.42,1979.91,1976.72,1970.01,1960.95,1954.19,1957.09,1964.70,1970.37,1970.28,1963.99,1954.09,1943.79,1932.03,1920.69,1910.69,1910.28,1921.48,1939.49,1952.90,1962.24,1979.51,1990.56,1996.00,2001.78,2007.49,2013.63,2021.44,2031.52,2040.45,2051.31,2061.53,2072.42,2080.31,2082.99,2082.32,2077.27
1098.92,1101.10,1103.37,1105.69,1107.78,1110.00,1112.00,1113.89,1115.63,1117.37,1119.33,1123.02,1127.89,1131.39,1133.62,1135.69,1137.88,1140.20,1141.63,1141.04,1139.81,1142.94,1146.17,1146.95,1148.39,1150.17,1151.47,1152.67,1153.90,1155.62,1157.59,1159.72,1163.13,1165.60,1168.21,1171.85,1177.00,1180.83,1183.70,1186.61,1188.33,1189.85,1191.95,1194.71,1197.40,1199.83,1201.73,1203.66,1205.79,1207.92,1210.03,1212.57,1215.23,1217.78,1219.39,1220.52,1222.24,1224.76,1227.07,1227.86,1228.54,1230.75,1233.76,1236.74,1239.79,1242.63,1244.89,1246.78,1248.61,1251.24,1255.89,1260.28,1262.66,1265.20,1267.70,1270.34,1274.05,1277.54,1280.96,1284.40,1288.07,1290.73,1294.94,1302.63,1311.40,1321.01,1329.27,1336.40,1343.14,1349.47,1360.59,1378.41,1394.95,1406.34,1409.43,1413.10,1425.32,1434.97,1438.59,1442.01,1450.31,1458.54,1465.99,1472.32,1477.14,1483.61,1491.95,1498.99,1505.38,1514.49,1518.22,1518.99,1519.10,1523.55,1530.19,1536.10,1543.10,1552.81,1564.23,1580.12,1595.88,1606.35,1612.63,1616.49,1619.26,1622.60,1625.63,1628.07,1631.21,1635.60,1640.04,1648.40,1657.82,1668.61,1678.50,1685.64,1689.38,1693.35,1695.19,1694.12,1696.76,1699.62,1702.07,1705.40,1708.33,1711.15,1718.91,1725.47,1730.17,1728.39,1723.35,1718.78,1718.46,1725.78,1735.50,1739.79,1739.17,1736.26,1738.16,1748.03,1756.01,1760.74,1766.48,1774.98,1782.80,1789.01,1786.30,1777.28,1770.30,1769.88,1774.01,1775.83,1777.16,1780.87,1786.07,1791.65,1798.56,1806.08,1814.54,1821.14,1824.81,1830.14,1841.00,1845.42,1843.47,1842.04,1843.71,1844.50,1849.86,1856.52,1866.70,1876.87,1884.19,1888.15,1888.60,1887.76,1886.82,1887.06,1889.32,1892.24,1893.42,1894.03,1895.60,1898.50,1902.67,1906.84,1910.71,1915.28,1920.41,1925.97,1932.87,1940.63,1947.56,1955.08,1960.04,1963.31,1966.26,1967.77,1968.01,1966.57,1963.32,1958.81,1951.84,1945.07,1940.32,1943.58,1951.24,1955.19,1952.86,1943.32,1932.38,1921.00,1910.62,1902.74,1901.85,1913.02,1922.55,1936.14,1949.43,1958.27,1974.47,1989.85,1999.23,2008.58,2016.71,2024.79,2032.46,2037.75,2042.02,2048.51,2057.56,2066.36,2074.91,2081.67,2085.89,2086.61
1098.87,1101.20,1103.86,1106.17,1108.06,1110.04,1111.68,1113.37,1114.93,1116.51,1118.68,1122.56,1126.81,1129.52,1131.38,1133.98,1136.73,1139.97,1142.58,1143.69,1144.08,1146.87,1149.58,1149.57,1149.99,1151.38,1152.59,1153.71,1154.65,1155.98,1157.35,1159.22,1161.25,1163.37,1165.57,1168.05,1171.61,1176.26,1180.36,1183.48,1188.26,1190.98,1192.91,1195.57,1198.12,1200.18,1202.14,1204.05,1206.14,1208.20,1210.36,1213.07,1215.82,1218.55,1221.01,1223.01,1224.87,1227.36,1229.82,1230.80,1231.44,1233.80,1236.16,1238.22,1241.14,1244.27,1246.43,1248.35,1250.39,1253.76,1257.89,1260.97,1263.07,1265.22,1267.33,1269.49,1273.27,1277.32,1280.70,1283.56,1286.22,1290.20,1298.82,1308.88,1317.94,1328.47,1339.73,1349.20,1355.03,1360.56,1369.91,1383.72,1400.68,1415.82,1426.02,1428.43,1435.89,1443.68,1448.04,1452.27,1459.38,1467.02,1472.87,1478.11,1481.82,1486.77,1497.12,1508.22,1516.23,1523.33,1529.13,1531.21,1530.40,1528.94,1532.88,1538.11,1545.01,1554.44,1568.56,1586.16,1600.17,1610.43,1617.52,1623.16,1627.22,1628.82,1630.33,1632.00,1634.96,1639.29,1646.05,1652.83,1658.88,1668.83,1678.73,1683.46,1685.32,1689.92,1690.81,1689.31,1690.11,1693.51,1698.58,1702.69,1705.82,1708.86,1714.42,1716.60,1715.74,1712.54,1707.38,1702.22,1703.14,1711.53,1719.63,1721.94,1719.73,1716.69,1717.96,1728.32,1739.15,1747.54,1756.96,1765.12,1772.90,1776.53,1770.25,1759.06,1752.07,1752.30,1755.66,1755.98,1756.50,1760.74,1768.17,1774.94,1781.39,1787.42,1792.70,1796.70,1802.55,1811.10,1821.91,1827.63,1826.16,1823.89,1826.46,1830.35,1834.37,1840.06,1849.44,1863.35,1870.45,1871.61,1870.32,1869.38,1869.36,1870.33,1874.71,1880.11,1881.84,1883.87,1887.19,1892.33,1897.06,1902.14,1905.63,1908.88,1913.55,1918.18,1923.46,1928.81,1934.30,1939.74,1944.22,1947.51,1948.78,1948.03,1946.51,1946.06,1944.12,1940.43,1935.89,1929.77,1923.56,1926.88,1933.13,1933.59,1927.65,1918.38,1908.10,1899.33,1895.19,1895.44,1904.41,1914.31,1922.57,1935.19,1948.64,1959.91,1977.63,1994.73,2007.98,2020.28,2030.88,2039.01,2045.84,2052.25,2055.80,2057.84,2061.37,2067.09,2073.48,2080.01,2085.96,2090.93
1099.83,1101.72,1104.44,1106.76,1108.60,1111.09,1113.42,1114.70,1115.69,1116.99,1118.97,1121.56,1124.73,1127.22,1129.21,1131.70,1135.29,1139.07,1141.05,1143.35,1145.94,1149.06,1151.45,1152.23,1152.54,1153.76,1154.96,1155.66,1155.62,1157.02,1158.23,1159.61,1161.85,1164.01,1166.23,1168.53,1170.42,1175.09,1179.13,1181.97,1188.39,1191.36,1193.12,1195.41,1197.89,1200.43,1202.43,1204.37,1206.48,1208.54,1210.81,1213.54,1216.31,1218.98,1221.32,1223.67,1226.10,1228.23,1230.60,1232.93,1234.66,1237.12,1239.80,1241.75,1244.05,1246.99,1249.00,1251.01,1253.87,1256.95,1259.94,1261.64,1263.19,1265.00,1267.07,1269.31,1272.46,1276.38,1278.99,1282.50,1287.47,1294.45,1304.24,1313.83,1324.17,1338.31,1351.65,1361.64,1370.33,1376.47,1382.61,1391.73,1405.80,1421.59,1436.58,1441.68,1444.36,1448.30,1454.29,1459.97,1465.28,1474.18,1481.04,1485.28,1488.85,1491.27,1496.48,1507.24,1516.19,1523.43,1529.44,1531.39,1534.28,1538.41,1540.71,1543.37,1552.05,1562.31,1575.95,1593.02,1605.43,1615.71,1624.77,1631.40,1634.51,1635.81,1635.89,1637.14,1640.36,1646.09,1652.65,1657.79,1662.23,1668.86,1677.93,1679.75,1679.94,1684.71,1685.08,1683.44,1686.27,1691.28,1697.22,1701.22,1701.99,1703.03,1705.42,1700.99,1695.03,1693.17,1690.19,1684.77,1685.16,1696.47,1704.78,1704.37,1699.56,1699.30,1704.44,1712.88,1723.95,1734.89,1746.03,1755.09,1760.32,1759.52,1751.56,1742.83,1737.73,1736.78,1738.47,1740.28,1741.35,1743.97,1750.05,1756.85,1761.74,1766.30,1772.80,1779.36,1787.01,1794.89,1802.39,1805.32,1804.57,1804.40,1808.40,1814.41,1819.24,1824.65,1833.74,1844.85,1850.71,1850.02,1849.03,1849.09,1849.59,1852.28,1859.34,1865.27,1867.05,1872.29,1879.15,1883.88,1889.52,1895.66,1900.50,1902.58,1906.03,1910.22,1911.91,1913.64,1916.62,1919.92,1924.12,1929.50,1933.06,1933.04,1931.74,1930.35,1928.12,1924.40,1919.31,1913.16,1907.11,1907.58,1911.36,1909.93,1904.38,1897.29,1891.19,1887.84,1889.49,1897.70,1906.95,1915.37,1925.19,1940.33,1952.54,1966.75,1984.68,1998.84,2015.44,2032.33,2043.27,2052.15,2059.58,2066.19,2070.17,2072.01,2072.10,2073.89,2076.77,2081.67,2087.58,2093.46
1101.25,1103.01,1105.11,1107.28,1109.09,1112.44,1116.21,1117.52,1118.08,1118.89,1119.68,1121.71,1123.92,1125.99,1128.07,1130.33,1133.35,1136.54,1138.45,1140.35,1144.15,1149.17,1152.11,1154.26,1155.23,1156.38,1157.54,1157.69,1157.05,1157.83,1159.78,1160.81,1162.72,1165.14,1167.65,1170.52,1173.22,1175.83,1177.46,1179.18,1183.66,1187.45,1189.69,1191.71,1194.27,1199.07,1201.38,1203.14,1206.46,1209.14,1211.42,1213.99,1216.70,1219.10,1221.39,1223.97,1226.52,1228.64,1230.70,1233.08,1235.51,1237.90,1240.65,1244.09,1247.20,1250.01,1252.33,1254.99,1258.08,1260.36,1261.82,1263.17,1264.59,1265.87,1267.09,1269.28,1272.20,1275.42,1278.69,1283.95,1290.27,1298.65,1307.58,1317.00,1328.90,1344.66,1359.85,1374.43,1384.36,1393.89,1400.97,1408.04,1421.42,1431.04,1440.30,1447.09,1451.91,1454.33,1458.86,1465.64,1472.84,1481.32,1487.02,1491.87,1495.68,1497.20,1500.00,1507.74,1517.27,1522.59,1526.28,1526.12,1528.84,1534.87,1538.86,1544.47,1554.78,1566.80,1583.63,1599.07,1609.40,1620.00,1629.54,1635.33,1639.31,1641.61,1642.38,1643.75,1646.83,1651.31,1655.96,1660.74,1665.24,1669.99,1676.60,1676.42,1675.66,1679.76,1679.93,1678.73,1684.12,1690.53,1692.15,1694.80,1695.10,1694.58,1692.40,1681.75,1673.36,1671.49,1669.87,1666.46,1667.69,1682.14,1688.89,1684.39,1679.99,1682.51,1689.81,1699.05,1709.09,1719.32,1732.03,1742.26,1746.62,1744.69,1738.36,1730.96,1724.23,1720.41,1720.67,1723.83,1727.21,1730.89,1734.57,1738.65,1742.69,1746.32,1752.31,1761.43,1771.18,1779.05,1784.55,1785.80,1786.35,1786.97,1792.55,1797.97,1802.15,1809.00,1818.14,1826.68,1830.28,1831.28,1831.59,1831.68,1832.11,1835.18,1843.03,1847.81,1851.41,1858.68,1866.35,1871.33,1874.80,1880.71,1885.81,1887.49,1890.41,1894.91,1896.55,1896.73,1897.89,1903.71,1909.66,1912.62,1914.02,1914.06,1913.27,1911.76,1909.06,1905.18,1901.28,1895.69,1889.30,1887.82,1890.89,1890.87,1887.52,1884.28,1882.06,1888.10,1899.18,1906.72,1913.22,1920.72,1933.13,1946.68,1958.68,1974.09,1989.52,2002.77,2022.47,2038.81,2052.88,2062.88,2070.69,2076.97,2082.31,2085.65,2086.72,2085.47,2086.06,2089.66,2094.04,2098.12
1099.78,1101.98,1104.79,1107.57,1109.75,1113.69,1117.62,1119.32,1119.77,1120.61,1121.66,1123.10,1125.13,1126.79,1128.80,1130.74,1132.58,1134.63,1136.56,1138.55,1142.27,1147.54,1150.94,1153.32,1156.19,1158.63,1159.83,1159.70,1158.93,1159.06,1162.31,1163.04,1163.87,1165.87,1168.47,1171.17,1172.95,1174.57,1176.41,1178.28,1180.43,1183.86,1186.47,1188.07,1190.04,1194.67,1198.68,1201.27,1205.49,1209.52,1212.14,1214.52,1217.00,1219.24,1221.72,1224.33,1226.88,1229.25,1231.31,1233.62,1235.95,1238.16,1240.75,1244.34,1248.05,1251.42,1254.44,1257.56,1260.43,1262.26,1263.63,1264.88,1266.26,1267.62,1268.54,1269.80,1273.16,1276.63,1280.07,1286.08,1293.17,1301.01,1309.36,1319.68,1332.70,1351.31,1369.46,1385.09,1398.68,1411.44,1420.88,1428.81,1435.58,1441.95,1446.90,1451.50,1457.61,1461.84,1465.60,1471.28,1479.51,1487.05,1492.64,1498.23,1501.89,1503.70,1506.84,1514.49,1520.84,1522.91,1523.00,1520.68,1522.38,1525.95,1531.45,1541.47,1554.87,1570.46,1589.37,1602.29,1611.53,1621.78,1631.46,1638.01,1641.98,1644.81,1647.80,1650.80,1652.63,1655.81,1659.61,1663.22,1667.54,1671.46,1675.27,1672.81,1670.61,1674.60,1674.52,1676.17,1681.46,1683.19,1683.04,1684.11,1684.70,1683.25,1676.67,1661.54,1653.18,1651.31,1649.58,1646.99,1651.55,1663.03,1666.47,1662.97,1662.94,1668.46,1675.58,1684.90,1695.87,1706.05,1717.32,1728.16,1732.91,1730.98,1724.96,1716.33,1708.40,1704.34,1704.18,1706.86,1710.79,1715.88,1720.76,1724.99,1729.24,1732.54,1737.48,1745.91,1754.74,1760.41,1764.38,1767.74,1770.53,1772.99,1777.11,1783.19,1788.35,1794.55,1803.78,1810.20,1811.32,1811.05,1811.80,1813.13,1814.94,1819.24,1826.98,1832.83,1836.15,1842.22,1848.84,1853.62,1858.41,1863.86,1868.97,1871.73,1876.09,1881.89,1883.88,1883.19,1882.37,1885.30,1890.77,1893.10,1894.02,1894.32,1894.50,1893.70,1891.51,1889.14,1885.36,1880.00,1874.96,1873.00,1874.11,1875.34,1874.80,1875.25,1881.73,1898.81,1909.56,1915.71,1922.73,1930.59,1942.65,1952.94,1966.27,1981.22,1994.45,2008.32,2027.78,2042.43,2059.30,2071.53,2079.27,2089.51,2095.85,2099.73,2101.77,2100.86,2099.77,2100.03,2102.93,2107.14
1103.26,1102.16,1103.79,1106.89,1109.75,1113.34,1116.27,1117.95,1119.65,1120.42,1122.52,1124.51,1126.34,1127.93,1129.64,1131.40,1133.15,1135.01,1136.93,1138.84,1141.61,1145.75,1148.95,1150.95,1154.28,1158.73,1161.17,1162.13,1161.63,1161.00,1163.79,1165.68,1166.18,1167.25,1168.67,1170.78,1172.81,1174.82,1176.80,1178.70,1180.81,1183.17,1185.55,1188.14,1190.43,1192.66,1195.67,1198.59,1202.20,1208.70,1211.90,1213.83,1216.69,1219.52,1222.09,1224.68,1227.25,1229.88,1232.22,1234.24,1236.08,1237.99,1240.10,1243.63,1247.55,1250.63,1252.81,1255.87,1260.02,1261.74,1263.26,1265.33,1267.34,1269.13,1270.61,1272.30,1275.23,1278.33,1282.07,1287.66,1294.20,1301.58,1310.31,1322.49,1337.41,1357.75,1377.16,1392.29,1405.70,1418.73,1428.57,1439.15,1443.87,1448.57,1452.72,1456.67,1462.31,1467.94,1473.05,1478.56,1484.39,1490.88,1495.64,1500.63,1504.57,1508.77,1512.99,1517.75,1520.38,1521.15,1519.92,1515.23,1514.29,1518.45,1528.00,1540.23,1555.74,1574.36,1592.24,1602.98,1611.98,1621.85,1631.88,1639.28,1643.17,1646.32,1649.51,1653.12,1656.43,1659.57,1662.63,1665.84,1669.54,1672.22,1673.10,1669.86,1667.55,1670.56,1669.87,1673.95,1677.40,1677.28,1675.33,1675.25,1675.61,1672.30,1660.71,1645.82,1640.21,1638.36,1637.50,1636.40,1638.62,1644.12,1644.60,1645.99,1649.06,1654.15,1659.53,1670.40,1684.01,1695.67,1706.38,1715.08,1719.40,1717.10,1709.29,1701.07,1695.80,1694.01,1694.07,1695.85,1698.41,1702.11,1706.84,1711.90,1716.41,1720.34,1724.86,1730.98,1737.18,1741.41,1744.14,1746.77,1752.56,1760.43,1765.32,1769.66,1774.35,1779.29,1787.78,1793.37,1794.29,1794.52,1796.63,1799.49,1802.45,1807.18,1812.76,1817.07,1821.18,1826.78,1833.98,1838.27,1841.72,1846.87,1854.67,1860.06,1863.80,1865.68,1865.71,1864.87,1864.84,1866.87,1870.61,1873.87,1875.15,1875.66,1876.64,1877.05,1876.28,1874.43,1869.98,1866.43,1866.13,1866.11,1866.53,1867.95,1870.71,1876.61,1887.30,1901.89,1911.95,1919.96,1929.61,1939.51,1950.01,1959.59,1973.22,1986.71,1998.61,2014.24,2031.83,2047.12,2065.98,2078.32,2092.19,2105.57,2111.69,2115.06,2116.83,2118.08,2119.60,2119.34,2119.18,2120.02
1107.39,1106.84,1105.37,1106.01,1108.69,1111.95,1114.57,1116.40,1119.00,1120.54,1122.49,1124.63,1126.66,1128.53,1130.39,1132.12,1133.78,1135.59,1137.44,1139.20,1141.25,1144.20,1146.65,1148.82,1152.76,1157.71,1160.08,1161.64,1164.24,1164.91,1165.75,1167.85,1168.68,1169.96,1171.65,1172.84,1174.16,1175.80,1177.80,1179.74,1181.96,1184.38,1186.90,1189.41,1191.80,1193.75,1195.59,1197.59,1200.36,1206.11,1209.49,1212.16,1214.90,1218.85,1221.90,1223.69,1226.18,1229.30,1231.41,1232.42,1234.09,1236.08,1238.66,1242.47,1246.55,1248.69,1249.42,1251.28,1256.13,1259.85,1261.14,1262.70,1265.14,1268.76,1271.51,1272.83,1272.92,1275.96,1280.74,1286.32,1293.65,1300.54,1310.17,1323.74,1340.28,1361.22,1380.88,1394.89,1406.86,1419.24,1430.42,1440.10,1444.22,1447.36,1450.57,1457.34,1464.95,1471.79,1477.70,1482.51,1486.28,1489.22,1492.28,1497.48,1502.09,1506.01,1509.02,1510.89,1512.23,1512.51,1509.88,1505.65,1507.15,1514.55,1526.30,1541.14,1558.96,1577.18,1592.47,1602.58,1611.10,1620.84,1631.32,1639.11,1643.36,1646.94,1650.36,1653.88,1657.19,1659.89,1662.62,1664.56,1667.21,1670.59,1670.42,1665.07,1664.60,1666.25,1666.50,1671.17,1673.22,1673.35,1670.60,1668.23,1667.11,1659.42,1646.53,1637.62,1631.14,1629.40,1628.94,1628.95,1629.33,1631.15,1633.73,1637.01,1640.88,1644.78,1648.68,1656.63,1670.24,1682.75,1694.25,1703.68,1707.66,1704.27,1696.55,1689.82,1685.74,1685.31,1686.19,1687.10,1688.77,1691.04,1694.34,1698.95,1704.02,1708.92,1713.37,1718.64,1724.09,1727.68,1731.11,1734.61,1739.52,1747.81,1755.46,1760.84,1763.70,1766.82,1770.95,1776.86,1780.73,1783.73,1787.62,1790.62,1792.87,1795.12,1798.06,1800.54,1805.54,1810.27,1817.50,1824.37,1828.52,1831.96,1836.87,1842.04,1846.21,1848.05,1848.33,1847.16,1846.38,1847.91,1851.42,1854.80,1856.24,1857.16,1859.03,1861.44,1862.72,1860.27,1857.25,1857.38,1860.50,1864.30,1869.37,1875.93,1881.03,1884.83,1892.28,1901.55,1910.56,1921.41,1932.15,1943.90,1954.13,1966.08,1976.60,1988.97,2002.32,2019.87,2036.68,2052.41,2070.51,2085.44,2102.58,2117.36,2126.29,2132.87,2134.53,2134.49,2137.17,2138.20,2136.85,2133.92
1106.34,1109.34,1110.62,1109.51,1108.70,1110.42,1112.82,1114.93,1117.91,1120.74,1122.69,1124.61,1126.47,1128.28,1130.18,1132.04,1133.83,1135.67,1137.47,1139.27,1141.46,1144.06,1146.67,1149.25,1152.97,1156.10,1157.58,1159.21,1162.64,1166.45,1168.91,1170.08,1171.30,1172.99,1174.59,1175.63,1176.73,1177.60,1178.99,1181.04,1183.26,1185.58,1188.11,1190.57,1192.66,1194.67,1196.66,1198.68,1201.04,1203.96,1206.78,1209.03,1211.16,1215.97,1219.18,1220.63,1222.73,1225.70,1228.17,1229.79,1232.00,1235.49,1239.52,1242.67,1245.66,1246.46,1247.26,1249.99,1254.11,1257.60,1258.38,1259.59,1262.63,1267.28,1269.99,1269.89,1269.18,1271.96,1276.88,1282.28,1291.85,1298.64,1309.15,1323.88,1341.93,1362.75,1381.16,1396.31,1408.36,1418.69,1428.07,1436.39,1441.05,1445.03,1450.28,1458.97,1467.02,1473.35,1478.85,1481.81,1483.07,1484.78,1487.20,1491.41,1496.30,1498.37,1498.60,1498.27,1497.60,1496.26,1494.59,1495.31,1500.08,1511.21,1525.09,1544.28,1562.30,1578.54,1592.20,1602.12,1610.57,1619.80,1630.09,1637.47,1642.82,1647.45,1651.37,1653.44,1654.24,1656.12,1658.64,1659.75,1661.19,1664.96,1664.35,1659.10,1661.45,1661.82,1662.08,1666.65,1669.32,1668.24,1664.86,1662.19,1657.28,1646.58,1637.94,1628.32,1621.96,1619.83,1619.12,1620.21,1621.76,1624.25,1627.59,1631.18,1634.37,1637.29,1640.34,1646.12,1656.38,1669.42,1679.42,1688.96,1694.61,1692.16,1685.52,1679.56,1677.53,1678.27,1678.82,1678.63,1680.01,1682.56,1686.00,1690.29,1694.69,1698.31,1702.50,1707.87,1713.95,1718.33,1723.25,1726.83,1730.35,1736.33,1742.95,1749.63,1752.43,1758.33,1762.10,1765.52,1769.79,1774.88,1778.78,1782.24,1784.20,1785.38,1787.15,1789.73,1794.88,1799.09,1804.88,1810.65,1814.69,1818.82,1822.41,1826.52,1831.37,1836.50,1837.52,1830.53,1826.99,1828.16,1832.96,1837.71,1839.73,1841.61,1844.59,1847.12,1847.00,1847.80,1850.53,1856.92,1866.01,1876.37,1885.24,1892.11,1896.81,1898.73,1902.70,1907.42,1914.84,1924.54,1935.61,1947.87,1957.91,1970.75,1979.30,1991.41,2005.19,2023.78,2040.71,2055.53,2074.75,2091.22,2110.74,2126.11,2139.18,2148.51,2150.36,2151.86,2155.03,2155.72,2154.67,2151.15
1101.49,1105.52,1108.42,1111.18,1113.52,1113.13,1112.93,1114.57,1116.78,1120.34,1122.04,1123.73,1125.72,1127.99,1130.19,1132.05,1133.85,1135.66,1137.50,1139.72,1142.14,1144.66,1147.26,1149.92,1152.28,1154.05,1156.14,1158.39,1160.71,1164.94,1168.81,1170.28,1170.86,1171.83,1173.62,1175.28,1177.15,1178.82,1180.79,1182.57,1184.70,1186.88,1189.08,1191.25,1193.38,1195.45,1197.38,1199.37,1201.23,1203.25,1205.39,1207.55,1210.01,1213.66,1216.12,1217.67,1219.18,1221.54,1224.89,1227.82,1230.91,1236.19,1240.66,1243.01,1244.04,1244.38,1247.46,1251.12,1254.00,1255.12,1256.01,1258.37,1261.68,1264.45,1266.14,1266.68,1267.47,1270.38,1274.52,1278.74,1286.94,1295.20,1306.62,1322.24,1341.42,1360.90,1376.68,1392.02,1405.38,1414.36,1422.68,1431.76,1438.71,1446.58,1456.45,1464.91,1470.48,1474.69,1476.92,1477.64,1478.89,1479.97,1482.99,1487.20,1489.31,1489.68,1487.92,1485.54,1483.57,1483.69,1486.07,1490.81,1498.36,1510.62,1527.16,1546.10,1563.48,1579.13,1591.62,1601.72,1610.12,1618.74,1628.18,1635.09,1639.79,1644.78,1648.33,1648.65,1648.86,1650.51,1652.75,1653.31,1653.66,1657.21,1657.16,1653.92,1656.26,1657.37,1657.61,1660.01,1661.16,1658.42,1657.74,1656.22,1649.02,1639.60,1628.54,1618.62,1615.85,1615.49,1615.39,1616.00,1617.24,1619.20,1621.98,1625.09,1628.01,1630.59,1633.13,1637.12,1646.62,1656.67,1665.77,1674.41,1680.51,1679.95,1675.74,1672.06,1671.97,1672.36,1671.14,1671.47,1673.32,1675.74,1679.20,1683.00,1688.27,1692.50,1697.08,1702.70,1708.06,1711.90,1716.08,1719.24,1721.31,1724.86,1730.21,1735.90,1741.57,1750.77,1754.45,1757.48,1762.69,1766.57,1769.15,1772.19,1773.84,1775.11,1777.72,1781.56,1787.60,1792.73,1796.75,1801.65,1806.44,1811.21,1814.77,1817.98,1822.24,1827.08,1827.83,1819.33,1813.91,1815.87,1819.98,1825.11,1829.29,1833.84,1836.07,1838.80,1841.20,1846.35,1855.77,1866.97,1879.11,1889.95,1899.00,1905.75,1910.91,1914.02,1917.01,1920.72,1925.50,1932.33,1943.19,1953.15,1962.71,1973.91,1983.28,1993.63,2006.11,2026.52,2044.11,2059.97,2077.92,2094.09,2113.94,2130.39,2149.06,2163.84,2170.32,2174.39,2175.87,2174.55,2172.17,2167.97
1101.97,1102.29,1106.02,1109.73,1113.07,1116.65,1117.61,1117.99,1117.85,1119.00,1121.03,1123.10,1125.19,1127.61,1130.06,1131.98,1133.87,1135.99,1138.01,1140.04,1142.34,1144.66,1146.97,1149.22,1151.28,1153.27,1155.36,1157.34,1159.51,1163.83,1167.28,1167.85,1168.55,1170.75,1172.67,1174.57,1176.71,1178.87,1181.28,1183.61,1185.84,1187.97,1190.18,1192.17,1194.16,1196.21,1198.09,1199.99,1201.69,1203.49,1205.61,1207.62,1209.38,1211.50,1213.70,1215.84,1218.19,1220.69,1224.12,1227.14,1230.47,1235.89,1240.47,1241.67,1241.76,1243.35,1247.33,1250.68,1251.94,1252.73,1254.53,1257.10,1259.15,1261.15,1262.91,1264.63,1266.87,1269.89,1273.66,1277.36,1282.74,1292.28,1303.59,1318.96,1336.44,1352.37,1367.93,1382.18,1395.64,1406.34,1418.50,1430.38,1439.61,1449.74,1461.35,1468.29,1472.12,1473.45,1472.40,1472.08,1474.28,1477.31,1481.09,1483.59,1483.06,1480.58,1475.62,1472.73,1474.57,1478.97,1484.10,1489.50,1496.97,1509.35,1527.84,1545.63,1562.63,1578.85,1590.51,1600.71,1608.14,1616.34,1625.47,1632.37,1636.26,1638.97,1639.33,1638.15,1639.67,1642.59,1644.57,1643.37,1641.87,1646.09,1647.41,1646.80,1649.80,1652.50,1653.74,1654.96,1653.82,1651.32,1653.26,1652.68,1644.09,1632.21,1619.40,1612.50,1610.73,1611.55,1611.89,1612.42,1613.44,1615.14,1617.07,1619.36,1621.97,1624.47,1626.92,1631.75,1641.19,1648.74,1656.12,1661.65,1668.66,1671.43,1667.80,1665.17,1665.61,1663.78,1659.91,1663.01,1665.26,1668.47,1671.24,1676.63,1683.11,1688.19,1692.50,1695.34,1698.95,1697.97,1699.32,1703.86,1708.48,1712.25,1715.78,1720.89,1727.33,1735.00,1740.75,1742.17,1746.06,1752.38,1755.20,1757.21,1758.75,1760.81,1764.32,1768.35,1772.45,1779.27,1787.32,1793.46,1799.94,1804.38,1807.38,1809.77,1812.48,1815.55,1815.74,1805.96,1808.36,1813.07,1816.53,1819.90,1824.40,1829.69,1833.52,1839.41,1846.51,1854.61,1866.63,1879.45,1891.59,1903.28,1912.37,1919.15,1923.99,1926.94,1930.12,1934.63,1940.39,1947.47,1954.21,1960.06,1968.49,1977.22,1986.61,1995.38,2007.70,2028.13,2045.58,2063.07,2080.40,2096.50,2115.47,2131.95,2155.85,2175.66,2184.62,2189.93,2192.69,2193.93,2192.27,2186.99
1107.22,1104.59,1106.40,1111.18,1113.69,1116.19,1118.72,1120.33,1120.38,1120.42,1121.16,1122.91,1124.75,1126.94,1129.39,1131.48,1133.53,1135.90,1138.36,1140.61,1142.84,1145.19,1147.42,1149.57,1151.60,1153.56,1155.55,1157.57,1159.70,1163.32,1165.09,1165.64,1167.93,1170.68,1172.58,1174.40,1176.58,1178.86,1181.09,1183.26,1185.46,1187.50,1189.47,1191.89,1194.27,1196.64,1198.74,1200.61,1202.28,1203.95,1205.72,1207.45,1209.18,1211.35,1213.80,1216.21,1218.68,1221.36,1224.03,1226.72,1229.59,1234.48,1238.37,1239.35,1239.76,1242.64,1245.95,1248.33,1249.48,1251.07,1253.18,1255.55,1258.09,1260.58,1262.50,1264.52,1266.96,1269.43,1272.74,1276.61,1282.21,1291.88,1301.74,1314.15,1328.40,1341.61,1355.91,1370.80,1383.44,1398.90,1414.94,1429.23,1440.39,1451.62,1462.19,1468.24,1470.53,1469.86,1468.21,1468.99,1472.85,1476.60,1478.26,1477.85,1473.94,1467.88,1465.11,1467.82,1474.41,1481.84,1486.34,1490.03,1496.47,1507.52,1526.33,1543.90,1558.87,1575.67,1587.35,1596.89,1604.24,1611.40,1619.47,1626.90,1630.28,1630.13,1629.05,1628.56,1630.50,1633.14,1635.03,1633.56,1631.45,1633.88,1635.97,1637.97,1642.25,1647.22,1649.31,1649.83,1648.19,1646.91,1650.39,1650.02,1639.79,1624.07,1613.35,1608.00,1606.61,1608.08,1608.62,1608.90,1609.75,1610.97,1612.69,1614.74,1616.55,1618.44,1620.85,1629.29,1640.07,1647.41,1652.97,1655.70,1660.37,1664.41,1659.67,1657.61,1657.57,1654.30,1652.75,1654.59,1653.40,1654.80,1658.25,1666.07,1676.48,1681.73,1679.99,1676.02,1678.53,1683.09,1686.37,1691.38,1695.94,1698.99,1701.47,1705.78,1713.13,1718.72,1721.75,1723.15,1724.36,1728.04,1731.42,1735.71,1742.27,1748.28,1753.14,1756.83,1761.77,1766.10,1770.01,1775.11,1782.86,1788.49,1790.90,1795.32,1798.78,1800.41,1799.39,1802.60,1811.70,1817.66,1825.14,1833.99,1839.80,1842.66,1847.18,1854.38,1861.95,1871.32,1882.17,1894.36,1905.66,1916.47,1924.28,1931.94,1938.56,1942.91,1946.50,1951.39,1957.65,1962.58,1966.93,1970.11,1973.90,1980.56,1988.25,1997.46,2009.67,2029.25,2046.39,2063.95,2082.73,2100.14,2117.85,2132.59,2157.32,2178.64,2194.16,2208.30,2212.84,2214.23,2213.86,2208.04
1111.47,1109.72,1107.38,1108.50,1111.70,1113.94,1116.51,1119.70,1122.19,1123.65,1124.32,1125.57,1126.45,1127.36,1129.24,1131.32,1133.28,1135.44,1137.77,1139.94,1142.37,1144.91,1147.21,1149.34,1151.26,1153.10,1155.04,1157.43,1159.70,1161.98,1162.83,1164.78,1167.92,1170.60,1172.44,1174.24,1176.41,1178.69,1180.81,1182.63,1184.69,1186.74,1188.98,1191.65,1193.95,1196.41,1198.96,1201.30,1203.01,1204.74,1206.47,1208.16,1209.90,1211.99,1214.36,1216.77,1219.20,1221.70,1223.97,1226.46,1229.56,1232.81,1234.90,1236.31,1238.42,1241.19,1243.67,1245.83,1247.85,1250.13,1252.58,1255.11,1257.88,1260.41,1262.42,1264.52,1266.64,1268.70,1272.66,1277.65,1284.64,1293.43,1301.90,1311.67,1321.84,1332.96,1346.88,1361.09,1373.21,1391.00,1407.35,1423.60,1439.11,1452.36,1461.90,1465.87,1466.44,1465.10,1464.49,1468.45,1472.39,1474.06,1472.51,1469.05,1462.78,1458.58,1463.93,1473.25,1483.87,1490.61,1495.55,1498.56,1503.12,1511.29,1524.59,1540.65,1553.64,1568.70,1580.80,1590.04,1598.13,1605.16,1611.18,1615.72,1618.03,1617.77,1616.90,1618.17,1621.70,1624.48,1625.75,1623.38,1619.55,1618.25,1620.86,1627.27,1634.70,1640.70,1643.62,1644.14,1643.03,1642.63,1646.35,1645.68,1634.71,1618.26,1608.85,1603.31,1602.83,1604.55,1605.27,1605.75,1606.60,1607.59,1608.88,1610.21,1611.25,1612.21,1614.12,1623.17,1635.98,1643.43,1648.80,1650.57,1657.00,1658.40,1651.63,1648.41,1647.90,1644.47,1645.20,1646.64,1644.91,1647.32,1650.41,1655.91,1665.54,1668.87,1668.11,1672.31,1676.77,1679.22,1682.40,1685.60,1687.49,1690.60,1694.94,1699.32,1705.15,1710.70,1715.34,1718.89,1722.71,1727.73,1732.08,1735.44,1738.68,1742.39,1746.53,1749.41,1754.95,1759.81,1763.64,1767.60,1771.70,1778.81,1781.78,1785.04,1788.63,1790.75,1796.42,1807.27,1816.23,1826.92,1838.60,1849.92,1856.75,1861.68,1867.17,1873.38,1880.18,1888.10,1897.30,1908.23,1919.84,1929.16,1939.39,1949.13,1954.53,1957.96,1961.45,1965.22,1968.96,1972.61,1976.00,1978.69,1981.00,1985.47,1991.47,1999.46,2012.38,2030.73,2047.93,2065.03,2083.49,2100.70,2117.75,2133.45,2155.31,2176.87,2195.89,2218.01,2227.85,2230.61,2230.73,2229.30
1113.82,1114.40,1113.72,1111.05,1109.28,1111.81,1116.79,1120.77,1123.10,1125.48,1127.44,1129.09,1129.94,1130.05,1131.07,1132.58,1133.86,1135.11,1137.48,1139.89,1141.97,1144.46,1146.95,1148.94,1150.57,1152.32,1154.19,1156.43,1158.50,1160.02,1161.95,1164.67,1167.55,1170.21,1172.22,1174.09,1176.22,1178.40,1180.82,1182.69,1184.63,1187.24,1189.98,1192.07,1193.99,1196.15,1198.44,1200.60,1202.58,1204.61,1206.59,1208.44,1210.55,1212.69,1214.94,1217.30,1219.62,1221.66,1223.83,1226.14,1228.86,1230.76,1233.02,1235.56,1238.13,1240.34,1242.52,1244.79,1246.99,1249.43,1252.08,1254.88,1257.84,1260.47,1262.30,1264.85,1267.58,1269.94,1274.97,1280.47,1287.95,1296.00,1303.34,1309.85,1318.35,1328.05,1340.31,1353.54,1364.80,1381.78,1399.26,1418.83,1438.10,1452.02,1460.57,1462.63,1462.01,1460.21,1462.50,1467.86,1471.09,1470.19,1466.54,1460.22,1453.03,1455.82,1469.58,1483.96,1495.38,1504.23,1509.76,1514.30,1518.62,1523.72,1529.47,1539.81,1549.02,1559.21,1569.26,1579.17,1587.05,1594.82,1600.27,1601.57,1600.36,1599.53,1601.64,1607.13,1612.83,1615.70,1615.54,1613.18,1610.69,1608.45,1610.07,1616.59,1626.13,1634.26,1637.92,1638.59,1637.33,1637.20,1640.00,1638.83,1628.12,1615.02,1604.82,1599.38,1599.70,1601.02,1601.87,1602.67,1603.54,1604.64,1606.08,1606.99,1606.74,1606.95,1608.44,1613.96,1625.16,1635.75,1641.81,1646.57,1653.82,1650.93,1641.90,1639.12,1639.44,1637.41,1637.27,1639.93,1643.33,1649.63,1654.39,1656.75,1659.85,1664.99,1670.40,1676.89,1683.36,1690.08,1695.10,1696.72,1698.33,1703.79,1707.66,1710.32,1714.08,1718.37,1721.74,1725.73,1730.53,1734.96,1738.32,1742.80,1748.10,1752.05,1754.31,1757.75,1762.70,1766.68,1770.82,1774.87,1779.29,1784.29,1788.56,1790.50,1791.18,1794.66,1802.63,1813.94,1826.34,1838.25,1851.26,1862.43,1873.36,1881.04,1886.59,1890.10,1895.48,1903.15,1912.50,1923.03,1932.02,1943.11,1954.41,1963.05,1969.05,1972.90,1975.41,1977.53,1979.69,1983.62,1988.08,1990.98,1992.77,1994.88,1997.31,2003.70,2015.78,2031.16,2047.28,2063.99,2082.74,2100.07,2116.91,2134.45,2154.32,2174.73,2194.60,2219.36,2234.76,2241.91,2244.32,2244.04
1115.67,1117.76,1119.41,1119.09,1114.13,1110.91,1117.38,1121.52,1123.65,1125.89,1128.13,1130.27,1132.12,1133.38,1134.43,1135.90,1136.95,1136.55,1137.03,1138.98,1141.31,1144.05,1146.82,1149.10,1150.68,1152.41,1154.36,1156.88,1159.48,1161.32,1162.85,1164.88,1167.34,1170.02,1172.17,1174.28,1176.31,1178.14,1180.83,1182.78,1184.70,1186.93,1190.36,1192.99,1194.94,1196.81,1198.77,1200.85,1202.96,1205.30,1207.61,1209.17,1211.46,1214.32,1216.04,1217.88,1220.05,1221.97,1223.76,1225.93,1228.17,1230.34,1232.88,1235.35,1237.47,1239.41,1241.55,1243.95,1246.50,1249.26,1251.97,1254.76,1257.58,1260.14,1262.09,1265.17,1268.34,1273.68,1279.95,1283.96,1289.77,1296.11,1301.55,1306.85,1314.30,1324.32,1334.13,1345.95,1357.91,1375.96,1396.41,1415.57,1434.28,1448.72,1455.65,1457.84,1456.41,1456.87,1461.83,1465.55,1465.23,1462.44,1457.98,1450.83,1446.56,1455.79,1475.80,1491.61,1502.29,1510.62,1514.69,1519.21,1523.74,1528.30,1532.49,1537.07,1543.28,1551.26,1558.10,1566.37,1574.64,1579.78,1582.73,1583.31,1582.74,1582.10,1584.05,1591.97,1602.64,1606.70,1606.27,1603.97,1599.92,1596.53,1601.91,1609.33,1617.39,1628.27,1632.88,1633.66,1631.62,1631.10,1634.17,1632.18,1621.39,1611.02,1601.26,1597.39,1597.84,1598.60,1598.96,1599.72,1600.54,1601.82,1603.37,1603.92,1602.82,1602.55,1603.94,1608.08,1615.71,1626.16,1635.40,1643.32,1649.39,1642.17,1633.29,1631.17,1632.44,1631.97,1633.97,1641.18,1649.74,1659.14,1665.21,1667.12,1670.73,1675.97,1682.75,1690.02,1697.53,1707.57,1714.34,1718.94,1723.87,1727.62,1729.89,1732.47,1734.76,1737.02,1740.08,1744.00,1748.91,1753.43,1755.77,1760.88,1766.08,1769.55,1773.91,1778.86,1784.63,1788.84,1791.24,1792.37,1794.16,1798.91,1803.61,1804.83,1803.35,1805.55,1817.04,1828.36,1839.78,1851.05,1861.26,1876.07,1890.41,1899.04,1902.96,1906.29,1911.40,1918.51,1926.94,1934.39,1944.46,1955.21,1964.15,1973.98,1981.45,1986.00,1988.39,1991.06,1995.25,2000.94,2004.93,2007.05,2008.08,2008.53,2009.68,2012.54,2021.01,2032.80,2046.36,2062.40,2081.63,2099.82,2116.84,2136.86,2155.14,2174.09,2193.47,2217.14,2237.40,2252.62,2259.72,2258.89
1117.61,1118.98,1121.33,1122.38,1121.24,1117.45,1115.91,1119.49,1122.44,1124.71,1126.91,1129.31,1132.20,1134.87,1136.91,1138.76,1140.00,1139.15,1138.28,1139.84,1142.46,1144.78,1147.02,1149.12,1151.09,1152.92,1154.98,1157.51,1159.93,1161.94,1164.23,1166.37,1168.38,1170.50,1172.83,1175.14,1177.43,1179.42,1181.74,1184.02,1186.13,1187.87,1190.26,1192.92,1195.53,1197.58,1199.46,1201.71,1204.05,1206.59,1209.36,1212.23,1215.03,1217.93,1218.56,1219.90,1221.27,1222.94,1224.07,1225.69,1227.79,1230.18,1232.42,1234.76,1237.10,1238.99,1241.21,1243.93,1246.59,1249.36,1251.70,1254.36,1257.15,1259.43,1261.86,1264.86,1268.29,1274.99,1281.74,1285.24,1289.02,1294.01,1299.14,1305.10,1312.25,1320.30,1327.93,1338.31,1352.98,1371.68,1391.95,1410.52,1425.38,1440.38,1447.41,1449.15,1450.17,1455.01,1460.30,1460.36,1455.92,1450.89,1444.71,1438.84,1442.90,1455.54,1475.68,1493.09,1501.50,1507.55,1511.09,1515.15,1519.56,1523.32,1526.97,1530.62,1535.87,1542.70,1549.12,1554.48,1562.34,1567.75,1569.65,1570.21,1570.26,1570.48,1572.37,1578.00,1587.18,1595.73,1596.13,1592.09,1587.44,1587.12,1592.20,1599.33,1610.05,1622.47,1627.85,1628.62,1626.80,1626.58,1628.80,1625.37,1615.03,1605.83,1598.34,1595.02,1596.03,1596.35,1596.50,1597.21,1597.92,1599.24,1600.56,1600.71,1599.73,1599.07,1599.69,1602.95,1608.45,1616.72,1630.03,1638.74,1640.70,1630.07,1623.09,1623.31,1626.15,1625.77,1633.00,1641.85,1655.85,1672.58,1681.22,1686.19,1690.82,1694.55,1699.44,1706.67,1716.71,1725.45,1731.58,1737.76,1743.37,1747.78,1752.53,1757.23,1762.11,1765.10,1768.81,1772.69,1777.61,1781.53,1783.08,1784.83,1788.02,1791.20,1795.34,1800.52,1805.96,1809.43,1811.28,1812.84,1814.69,1816.95,1818.34,1818.62,1819.42,1823.22,1835.00,1845.46,1855.38,1864.03,1873.79,1887.57,1901.60,1909.38,1915.32,1919.86,1925.45,1932.51,1938.99,1946.92,1956.62,1965.26,1974.86,1986.12,1995.02,1999.62,2002.25,2006.43,2012.07,2016.26,2021.42,2025.62,2025.93,2025.34,2024.49,2024.28,2028.63,2038.24,2050.83,2065.78,2082.57,2100.55,2117.93,2138.92,2156.81,2175.15,2193.38,2216.32,2235.64,2256.15,2270.01,2272.44
1119.86,1120.81,1122.63,1124.38,1123.41,1121.98,1120.67,1120.47,1121.58,1123.53,1126.35,1129.79,1132.38,1134.73,1136.91,1138.98,1141.16,1142.71,1142.37,1142.07,1144.30,1145.81,1147.34,1148.70,1150.55,1153.32,1155.65,1158.05,1160.21,1161.99,1163.96,1166.12,1168.62,1171.20,1173.35,1175.25,1177.26,1179.44,1182.54,1186.03,1188.93,1190.23,1190.89,1193.28,1196.01,1198.05,1199.91,1202.08,1204.43,1206.92,1209.35,1211.43,1215.39,1219.13,1220.35,1220.94,1221.67,1222.34,1223.41,1225.24,1227.34,1229.41,1231.68,1234.15,1236.63,1239.07,1241.53,1244.14,1246.75,1249.44,1251.63,1253.92,1256.47,1258.31,1260.68,1264.13,1267.68,1272.22,1278.95,1282.78,1287.07,1291.87,1296.67,1301.92,1309.14,1316.26,1323.54,1333.07,1348.26,1363.77,1382.52,1402.46,1415.13,1428.35,1437.10,1441.88,1447.03,1452.59,1454.93,1452.09,1446.54,1440.24,1431.86,1429.60,1437.65,1449.07,1466.82,1487.25,1496.49,1502.67,1508.39,1511.93,1515.60,1519.06,1522.65,1526.20,1530.35,1535.93,1541.66,1546.75,1551.28,1557.60,1561.58,1563.41,1564.07,1564.39,1565.21,1568.77,1573.74,1576.77,1577.14,1575.45,1575.85,1578.91,1583.78,1592.13,1604.92,1617.08,1621.23,1621.51,1621.20,1622.07,1622.65,1617.69,1608.24,1600.49,1595.75,1591.99,1593.92,1594.00,1593.56,1594.24,1595.25,1596.56,1597.67,1598.20,1598.12,1596.88,1596.85,1598.42,1602.92,1610.80,1624.73,1633.23,1628.62,1618.66,1617.19,1618.43,1620.49,1622.27,1633.39,1640.91,1655.32,1673.64,1687.45,1701.70,1710.34,1715.60,1721.52,1728.17,1734.51,1736.83,1740.46,1745.88,1751.30,1756.31,1762.49,1767.90,1773.12,1777.58,1782.62,1787.46,1793.26,1798.19,1802.64,1805.85,1808.25,1810.10,1812.70,1817.95,1823.06,1828.02,1832.24,1834.67,1835.45,1836.32,1837.93,1840.02,1842.25,1846.77,1856.39,1864.30,1870.34,1877.80,1883.69,1893.30,1908.48,1919.08,1925.63,1931.46,1938.38,1945.16,1951.78,1959.58,1967.63,1976.96,1988.63,2000.16,2009.28,2015.66,2020.89,2025.75,2030.12,2035.42,2041.37,2044.40,2044.83,2043.46,2041.80,2040.39,2040.82,2044.49,2054.80,2070.97,2085.20,2100.80,2119.15,2139.92,2157.42,2176.34,2193.46,2216.03,2232.28,2251.92,2271.28,2281.64
1121.41,1123.27,1125.06,1126.40,1125.71,1124.59,1124.29,1124.17,1123.98,1123.63,1125.63,1129.77,1132.13,1134.24,1136.35,1138.39,1140.91,1145.54,1147.19,1146.88,1146.81,1147.24,1147.92,1149.00,1150.99,1154.05,1156.97,1159.56,1162.55,1164.54,1165.18,1165.87,1168.18,1171.16,1173.01,1174.70,1176.36,1178.29,1182.02,1185.70,1189.30,1191.74,1192.62,1194.04,1196.49,1198.38,1199.95,1201.73,1203.80,1206.09,1207.72,1209.40,1213.11,1216.29,1218.12,1218.80,1219.46,1221.00,1222.89,1224.93,1227.13,1229.33,1231.81,1234.34,1236.86,1239.21,1241.66,1244.30,1246.93,1249.53,1251.69,1253.76,1255.98,1258.11,1260.49,1263.63,1266.92,1269.98,1275.12,1280.60,1285.39,1290.10,1294.51,1298.98,1305.75,1313.01,1320.41,1329.60,1342.58,1356.91,1376.35,1392.10,1404.07,1415.63,1427.48,1437.92,1444.94,1449.18,1448.74,1445.13,1438.99,1428.40,1421.25,1423.27,1433.26,1448.13,1468.29,1486.93,1498.25,1507.77,1511.83,1513.87,1515.90,1518.15,1521.70,1526.21,1528.94,1532.34,1537.05,1542.12,1546.19,1550.32,1554.18,1556.62,1557.79,1558.21,1558.11,1558.75,1561.30,1562.37,1562.06,1562.09,1565.57,1570.44,1576.44,1587.69,1604.38,1613.87,1615.92,1616.08,1616.05,1615.58,1613.69,1609.09,1602.58,1596.92,1592.07,1589.61,1592.30,1591.51,1590.13,1590.03,1590.88,1592.62,1594.60,1596.01,1596.64,1595.19,1594.03,1596.93,1602.39,1610.22,1621.73,1627.14,1619.51,1612.70,1612.99,1614.70,1617.21,1623.15,1630.95,1638.81,1652.80,1666.37,1678.98,1696.77,1712.90,1727.22,1734.99,1740.36,1742.17,1742.66,1744.73,1749.24,1753.87,1758.67,1764.32,1769.99,1774.99,1779.99,1785.38,1791.01,1796.92,1804.58,1811.79,1817.20,1823.18,1829.41,1835.20,1841.87,1848.85,1853.38,1855.60,1856.15,1855.99,1856.02,1857.39,1859.74,1864.53,1873.60,1884.45,1885.82,1884.24,1887.46,1892.01,1900.02,1913.48,1923.59,1932.64,1941.32,1949.98,1956.84,1964.07,1972.94,1980.95,1991.24,2002.66,2014.61,2025.82,2035.16,2041.35,2045.98,2050.72,2055.04,2059.43,2062.37,2062.52,2060.95,2058.58,2056.09,2054.72,2054.51,2060.07,2076.16,2088.23,2102.18,2120.19,2139.95,2156.27,2175.55,2192.70,2213.58,2229.58,2247.38,2268.70,2283.32
1119.93,1122.13,1125.50,1128.25,1128.11,1127.35,1127.57,1128.09,1128.21,1128.01,1125.90,1129.46,1132.45,1134.76,1137.04,1139.29,1142.20,1148.96,1150.09,1149.35,1148.80,1148.56,1149.07,1149.54,1151.09,1154.13,1157.87,1162.30,1167.64,1168.59,1168.39,1167.74,1168.66,1170.89,1172.50,1174.15,1175.66,1177.57,1181.94,1185.71,1189.38,1191.96,1193.60,1195.07,1196.81,1198.43,1199.95,1201.70,1203.56,1205.37,1207.22,1209.11,1211.46,1213.64,1215.35,1216.63,1218.27,1220.45,1222.58,1224.64,1226.88,1229.39,1232.15,1234.73,1237.15,1239.42,1241.91,1244.48,1247.06,1249.59,1251.87,1254.20,1256.61,1258.98,1261.16,1263.47,1266.12,1268.63,1272.88,1279.04,1283.92,1288.61,1294.10,1299.83,1305.20,1310.63,1317.16,1325.51,1336.60,1349.57,1365.69,1378.64,1392.01,1408.06,1425.95,1437.85,1443.63,1445.09,1443.01,1437.96,1426.91,1417.39,1414.20,1418.69,1430.44,1453.58,1474.54,1488.55,1499.17,1507.66,1511.88,1514.42,1517.65,1520.60,1524.45,1529.28,1532.98,1536.51,1539.10,1540.96,1544.83,1547.63,1548.05,1549.10,1549.89,1550.22,1550.08,1549.52,1549.55,1549.64,1550.29,1553.19,1559.91,1566.53,1575.27,1588.22,1603.58,1610.89,1611.65,1611.36,1610.92,1608.44,1606.97,1604.99,1599.94,1593.42,1588.85,1589.23,1591.57,1589.62,1588.47,1588.36,1588.81,1589.48,1591.07,1593.49,1594.64,1592.49,1591.99,1597.02,1603.12,1611.48,1621.19,1622.23,1611.79,1607.72,1610.36,1614.85,1620.03,1624.22,1629.01,1636.68,1646.51,1656.42,1668.04,1683.74,1698.05,1716.42,1732.88,1740.89,1744.61,1747.13,1749.06,1752.16,1755.88,1760.08,1765.56,1771.14,1775.94,1781.01,1786.53,1792.22,1798.63,1808.27,1816.57,1826.44,1836.73,1845.00,1853.59,1864.41,1873.12,1877.19,1878.42,1878.08,1877.11,1876.60,1878.39,1882.93,1890.64,1900.79,1905.49,1902.07,1897.15,1898.38,1901.91,1907.54,1915.00,1924.43,1936.08,1945.78,1954.51,1963.72,1973.28,1983.85,1994.65,2005.56,2019.38,2032.40,2044.69,2054.74,2061.42,2066.43,2070.20,2073.04,2075.91,2079.50,2081.08,2079.28,2076.38,2073.59,2071.82,2070.72,2072.98,2082.38,2092.90,2105.55,2121.32,2139.27,2154.84,2172.39,2188.97,2208.56,2228.44,2247.43,2265.42,2281.99
1117.43,1119.49,1122.78,1128.34,1130.12,1129.95,1130.40,1130.91,1131.24,1131.58,1128.84,1127.83,1131.17,1133.57,1136.49,1139.55,1145.21,1151.78,1152.76,1152.44,1151.45,1151.17,1153.41,1153.00,1152.94,1154.53,1156.97,1161.24,1169.87,1170.95,1171.10,1170.48,1169.84,1171.25,1173.08,1174.74,1176.16,1178.13,1182.12,1185.98,1189.20,1190.72,1192.27,1194.10,1196.02,1198.07,1200.03,1201.78,1203.53,1205.33,1207.24,1209.14,1211.01,1212.88,1214.69,1216.77,1218.76,1220.39,1222.36,1224.40,1226.70,1229.09,1231.73,1234.84,1237.65,1239.91,1242.34,1244.85,1247.35,1249.74,1252.36,1254.76,1257.15,1259.59,1261.90,1264.44,1267.09,1269.52,1272.66,1277.23,1280.90,1285.76,1292.06,1299.86,1304.41,1308.26,1313.60,1320.86,1330.42,1342.28,1354.60,1371.04,1389.30,1408.44,1425.38,1436.79,1441.84,1441.20,1436.44,1426.27,1416.51,1410.94,1408.65,1415.33,1427.61,1448.74,1465.26,1479.97,1492.40,1499.70,1506.46,1510.36,1514.63,1519.65,1523.41,1527.39,1531.36,1536.34,1540.23,1542.64,1544.14,1543.73,1542.68,1542.11,1541.63,1541.84,1541.94,1540.78,1539.69,1540.58,1543.95,1549.40,1557.64,1565.86,1575.54,1589.41,1600.58,1606.85,1607.78,1606.49,1605.17,1602.13,1602.08,1602.07,1597.33,1590.17,1586.77,1589.22,1590.55,1587.93,1586.84,1587.00,1587.43,1588.12,1589.01,1589.84,1590.35,1589.36,1592.22,1597.73,1604.06,1611.21,1617.90,1615.88,1603.25,1606.35,1611.66,1616.31,1620.43,1624.70,1629.50,1635.70,1643.84,1653.53,1663.23,1677.15,1689.42,1703.67,1725.42,1737.83,1743.70,1748.91,1752.88,1755.84,1759.37,1763.54,1767.99,1772.88,1777.52,1782.90,1788.94,1794.50,1801.23,1811.17,1819.50,1832.70,1844.42,1855.97,1867.62,1880.65,1889.84,1898.17,1900.32,1901.00,1899.56,1898.93,1902.38,1908.04,1913.88,1918.98,1919.37,1914.86,1911.84,1911.71,1913.18,1915.16,1919.88,1928.43,1937.73,1945.54,1953.66,1964.95,1976.49,1989.44,2002.16,2014.81,2028.80,2042.39,2056.31,2067.85,2079.40,2089.44,2093.18,2095.24,2098.59,2101.01,2100.91,2099.31,2094.62,2090.17,2087.70,2087.50,2089.77,2095.48,2102.53,2112.16,2124.93,2141.54,2155.94,2170.32,2186.00,2205.46,2225.43,2246.93,2263.03,2279.40
1117.26,1119.08,1121.38,1125.71,1129.31,1131.17,1132.09,1132.68,1133.28,1134.29,1132.30,1130.14,1129.46,1130.71,1134.14,1138.81,1143.92,1151.06,1153.63,1155.74,1156.39,1158.91,1160.33,1158.89,1157.49,1157.37,1158.91,1161.19,1166.41,1169.09,1170.29,1171.63,1172.63,1174.15,1175.58,1177.05,1178.04,1179.40,1182.51,1185.56,1187.13,1188.57,1190.94,1193.46,1196.13,1198.76,1201.30,1203.30,1204.67,1205.66,1207.19,1209.23,1211.38,1213.71,1215.42,1217.48,1219.91,1222.18,1223.36,1224.94,1226.92,1229.07,1232.00,1235.22,1238.42,1240.55,1242.71,1245.21,1247.59,1249.87,1252.71,1255.20,1257.64,1260.21,1262.91,1265.65,1268.35,1270.96,1273.64,1276.60,1279.67,1284.35,1289.92,1297.39,1302.86,1306.89,1311.65,1318.36,1326.86,1340.42,1355.33,1372.75,1391.03,1410.69,1424.80,1433.62,1437.60,1434.55,1428.03,1418.88,1411.46,1404.38,1403.23,1411.11,1423.46,1439.63,1451.67,1467.56,1483.87,1495.59,1502.10,1505.72,1509.74,1515.28,1519.31,1523.00,1526.32,1529.73,1533.79,1537.37,1538.58,1537.41,1534.62,1532.27,1531.56,1531.68,1532.01,1532.14,1532.54,1536.34,1542.96,1551.22,1561.03,1569.03,1578.73,1590.05,1598.07,1604.00,1602.86,1601.78,1599.87,1596.11,1597.10,1598.16,1592.86,1586.88,1584.62,1588.69,1589.07,1585.93,1584.99,1585.54,1586.08,1586.84,1587.68,1587.98,1587.73,1588.69,1592.96,1598.07,1602.58,1605.83,1608.73,1603.85,1599.90,1606.51,1612.09,1615.75,1619.01,1623.54,1629.17,1636.11,1645.93,1656.62,1666.52,1676.74,1688.91,1701.55,1719.41,1733.52,1742.31,1748.18,1753.88,1759.15,1763.99,1768.83,1772.78,1776.13,1779.86,1785.78,1791.84,1797.06,1804.21,1813.24,1822.10,1837.47,1850.65,1863.53,1877.27,1888.92,1897.06,1902.58,1905.69,1909.21,1911.34,1912.33,1916.49,1921.60,1927.60,1934.46,1937.49,1932.75,1927.43,1926.85,1928.44,1930.60,1935.18,1941.55,1948.16,1955.41,1961.87,1967.95,1975.35,1986.36,2001.20,2012.96,2026.63,2040.04,2054.66,2068.63,2081.64,2094.64,2104.02,2111.43,2117.59,2120.25,2118.78,2115.69,2111.60,2107.63,2105.72,2106.09,2108.59,2112.50,2117.73,2124.90,2135.73,2148.92,2161.51,2173.91,2190.87,2208.79,2227.51,2246.91,2264.74,2281.22
1118.86,1120.66,1122.11,1124.13,1127.35,1130.28,1131.89,1134.11,1135.30,1136.63,1137.13,1135.94,1134.58,1132.23,1134.21,1139.35,1142.72,1148.92,1152.85,1155.99,1158.52,1160.66,1162.65,1162.28,1161.18,1160.25,1161.04,1161.51,1163.15,1166.44,1168.02,1168.77,1169.56,1171.57,1173.85,1176.13,1178.03,1179.79,1181.80,1183.64,1185.72,1188.01,1190.72,1193.73,1196.89,1199.88,1202.65,1205.31,1207.34,1208.03,1208.07,1209.66,1213.49,1216.62,1217.42,1218.10,1220.66,1224.49,1225.44,1226.60,1227.93,1230.07,1233.94,1236.87,1239.45,1241.24,1243.09,1245.44,1247.65,1249.95,1252.95,1255.67,1258.39,1261.04,1263.65,1266.48,1269.28,1272.08,1274.88,1277.77,1281.01,1284.28,1288.23,1293.93,1301.03,1305.79,1310.92,1317.07,1325.70,1340.15,1357.32,1375.65,1392.87,1410.60,1421.74,1428.45,1430.68,1427.39,1422.01,1414.39,1405.82,1398.48,1398.56,1405.71,1416.27,1430.42,1445.45,1464.86,1481.10,1492.54,1497.37,1500.59,1504.49,1510.90,1514.83,1517.63,1519.81,1521.22,1523.05,1524.57,1524.57,1523.22,1521.34,1520.01,1519.28,1519.49,1522.11,1525.90,1530.71,1538.57,1546.86,1555.46,1563.74,1571.16,1580.80,1589.99,1596.77,1602.00,1598.88,1595.82,1593.79,1590.53,1591.77,1594.23,1589.81,1583.41,1583.35,1587.47,1586.55,1582.33,1580.92,1582.63,1584.14,1585.50,1586.20,1586.24,1586.28,1588.84,1593.74,1596.42,1596.44,1596.84,1598.39,1597.12,1596.72,1604.14,1611.30,1615.03,1618.67,1623.14,1628.35,1635.54,1645.26,1659.35,1671.46,1681.72,1692.82,1702.84,1714.43,1725.32,1736.50,1744.04,1751.73,1759.74,1766.91,1773.21,1778.43,1781.21,1783.88,1789.17,1795.06,1800.10,1807.15,1814.85,1826.24,1842.94,1856.06,1868.45,1883.03,1891.46,1896.86,1900.98,1904.55,1909.33,1913.49,1917.37,1922.39,1928.70,1936.31,1946.47,1951.13,1949.59,1948.10,1947.81,1947.95,1949.13,1951.40,1956.83,1964.11,1969.37,1972.63,1974.87,1978.08,1985.63,1997.66,2008.66,2020.52,2031.91,2044.97,2058.45,2070.32,2081.96,2094.00,2104.28,2115.28,2125.05,2131.16,2130.77,2129.09,2126.58,2125.32,2125.81,2126.66,2129.22,2133.27,2140.57,2150.62,2163.60,2174.15,2185.82,2201.97,2218.48,2235.69,2252.11,2271.49,2290.32
1120.02,1122.12,1123.80,1125.10,1126.67,1128.95,1131.52,1134.41,1136.64,1137.85,1139.41,1140.50,1139.66,1138.65,1139.03,1139.98,1143.10,1148.24,1152.18,1155.28,1158.67,1161.28,1163.68,1164.85,1163.82,1162.55,1162.60,1163.31,1163.60,1164.60,1166.23,1167.48,1169.28,1171.42,1173.31,1175.21,1177.19,1179.26,1181.67,1183.88,1186.22,1188.40,1190.96,1193.97,1197.17,1200.26,1203.44,1206.49,1209.20,1210.73,1210.49,1211.76,1216.52,1219.99,1220.49,1220.93,1223.52,1227.44,1228.37,1228.85,1230.85,1233.81,1237.09,1239.84,1242.12,1243.49,1244.23,1245.53,1247.55,1250.06,1253.61,1257.12,1260.13,1262.74,1264.71,1267.04,1270.00,1273.09,1276.02,1278.91,1281.95,1285.16,1288.53,1292.69,1298.70,1303.81,1309.09,1315.77,1325.15,1339.71,1358.09,1377.02,1393.87,1409.76,1416.88,1420.82,1422.36,1420.93,1415.99,1408.44,1399.47,1393.23,1395.65,1402.07,1412.31,1426.85,1444.62,1462.42,1474.58,1482.99,1489.82,1493.73,1498.89,1504.97,1508.16,1509.95,1510.77,1510.49,1509.87,1509.58,1509.97,1509.98,1509.90,1510.41,1512.05,1517.18,1523.64,1530.28,1537.41,1544.11,1550.75,1557.22,1563.69,1570.12,1578.78,1586.64,1594.47,1599.75,1595.66,1590.22,1588.39,1587.26,1589.24,1591.01,1585.61,1578.21,1582.40,1584.99,1582.87,1578.64,1576.77,1578.93,1581.76,1583.37,1583.92,1584.10,1585.12,1588.93,1593.28,1591.64,1589.18,1589.04,1591.74,1592.51,1593.83,1602.21,1610.90,1614.87,1618.63,1622.91,1627.70,1634.50,1644.39,1661.05,1674.26,1685.43,1693.93,1699.85,1706.85,1714.90,1722.93,1732.30,1743.34,1755.04,1765.75,1774.09,1780.77,1785.03,1788.56,1794.19,1800.26,1805.14,1810.75,1817.70,1831.57,1846.47,1859.73,1872.12,1883.78,1889.50,1893.23,1897.26,1902.10,1907.18,1911.92,1917.38,1923.66,1931.24,1939.54,1950.00,1958.42,1961.94,1963.64,1965.10,1965.94,1965.65,1967.19,1972.40,1977.43,1981.43,1984.69,1987.16,1989.38,1992.56,1999.19,2005.81,2012.29,2020.68,2029.99,2039.76,2051.70,2065.79,2079.22,2090.95,2100.55,2108.85,2115.91,2122.26,2127.94,2131.41,2133.12,2137.52,2140.25,2142.55,2148.80,2156.56,2166.15,2176.55,2187.99,2201.04,2216.77,2231.88,2247.06,2259.99,2279.15,2298.55
1121.60,1123.48,1125.45,1126.99,1128.38,1129.93,1132.06,1134.66,1137.37,1138.99,1140.73,1142.50,1142.34,1142.01,1142.53,1142.26,1143.00,1146.15,1149.46,1153.31,1158.15,1161.48,1163.89,1166.41,1166.62,1165.23,1164.26,1165.11,1165.49,1165.83,1166.28,1167.81,1169.91,1171.99,1174.02,1176.01,1178.11,1180.14,1182.18,1184.39,1186.81,1189.01,1191.41,1194.48,1197.90,1200.97,1203.84,1206.66,1209.18,1211.88,1213.78,1215.75,1219.02,1221.74,1223.58,1225.41,1228.00,1230.65,1232.11,1233.56,1237.43,1240.50,1241.79,1243.59,1245.73,1247.14,1247.20,1247.34,1247.96,1250.93,1256.62,1260.48,1264.42,1267.75,1269.14,1268.99,1270.93,1274.31,1277.38,1280.30,1283.48,1286.28,1289.36,1292.83,1297.00,1301.05,1306.69,1313.23,1324.35,1339.56,1357.73,1375.82,1392.19,1406.13,1412.31,1414.89,1415.42,1413.41,1408.12,1400.33,1390.81,1388.07,1392.91,1400.18,1409.62,1422.76,1440.28,1454.71,1465.32,1474.44,1482.19,1490.23,1495.85,1497.07,1497.42,1497.52,1497.18,1497.07,1497.12,1497.69,1498.35,1498.92,1501.36,1507.77,1515.69,1523.01,1528.80,1534.09,1540.87,1545.69,1550.12,1556.30,1562.80,1569.65,1577.63,1584.85,1591.64,1594.71,1591.46,1587.16,1584.80,1585.01,1587.54,1585.91,1577.93,1572.45,1576.81,1575.70,1572.48,1571.41,1573.15,1577.04,1579.99,1579.92,1580.49,1582.55,1585.03,1589.48,1590.89,1586.81,1583.36,1583.58,1586.49,1588.50,1593.19,1603.22,1611.30,1615.10,1618.75,1622.94,1627.49,1634.37,1645.07,1662.93,1675.55,1685.71,1692.38,1693.45,1696.93,1704.31,1712.53,1720.17,1732.94,1747.16,1761.43,1771.96,1779.88,1786.13,1792.44,1799.21,1806.81,1810.60,1814.39,1821.76,1834.60,1847.51,1860.57,1871.99,1880.80,1882.44,1883.99,1889.15,1896.57,1903.15,1908.18,1914.69,1922.68,1930.58,1939.50,1951.30,1959.88,1966.20,1970.54,1973.37,1975.70,1974.32,1974.68,1979.68,1980.31,1980.50,1982.83,1986.21,1988.86,1991.58,1992.25,1994.64,1999.82,2005.81,2012.89,2022.09,2032.97,2045.78,2061.88,2075.51,2085.67,2093.12,2098.84,2104.39,2111.27,2117.72,2123.49,2128.87,2135.41,2143.79,2154.26,2165.41,2175.59,2186.58,2200.98,2216.72,2231.32,2245.12,2257.52,2270.33,2284.55,2297.34
1123.43,1125.07,1126.87,1128.60,1130.18,1131.38,1133.18,1135.22,1137.60,1139.99,1142.15,1143.93,1144.98,1145.64,1146.73,1146.75,1145.35,1145.21,1147.64,1152.00,1157.17,1161.01,1163.77,1167.09,1169.24,1168.07,1166.02,1166.77,1167.36,1167.73,1168.06,1168.56,1170.14,1172.02,1174.18,1176.47,1178.81,1180.82,1182.72,1184.92,1187.34,1189.82,1192.37,1195.03,1197.85,1200.68,1203.63,1206.13,1208.14,1210.03,1212.51,1215.42,1218.21,1220.47,1221.84,1224.81,1228.58,1232.05,1235.42,1237.88,1241.45,1244.33,1245.54,1247.36,1249.58,1250.67,1250.99,1251.15,1251.73,1255.10,1260.50,1264.69,1269.21,1272.72,1274.43,1274.18,1274.69,1276.15,1279.07,1283.08,1287.23,1289.65,1291.60,1293.94,1297.14,1300.70,1304.87,1309.90,1321.18,1335.70,1352.56,1368.99,1384.57,1397.63,1404.64,1407.31,1407.44,1403.50,1397.02,1388.63,1381.60,1383.68,1389.64,1396.58,1404.98,1416.55,1432.04,1445.22,1459.58,1474.34,1486.01,1491.38,1491.24,1488.38,1487.33,1487.86,1488.54,1488.84,1489.22,1490.17,1492.12,1497.14,1505.54,1514.87,1521.13,1523.92,1527.56,1534.52,1541.70,1546.23,1551.27,1558.11,1564.17,1570.65,1578.56,1584.91,1588.88,1589.24,1586.67,1582.65,1581.36,1583.87,1583.75,1580.56,1569.75,1564.13,1563.77,1561.83,1561.89,1565.95,1571.49,1576.59,1578.03,1578.05,1579.72,1582.81,1586.10,1588.03,1585.49,1581.25,1578.70,1580.76,1582.96,1587.30,1595.22,1607.36,1612.89,1616.17,1618.98,1622.54,1627.44,1634.86,1647.95,1666.07,1677.06,1684.27,1685.96,1685.60,1689.05,1695.59,1703.09,1711.91,1725.28,1741.32,1756.94,1767.54,1775.68,1784.05,1791.80,1799.40,1808.50,1812.13,1816.64,1824.02,1833.68,1844.56,1855.34,1863.58,1868.08,1868.93,1870.19,1873.97,1882.85,1892.95,1899.55,1905.50,1914.93,1925.46,1936.25,1948.39,1958.55,1965.79,1969.99,1971.06,1970.91,1969.09,1965.87,1962.40,1959.06,1957.94,1957.30,1959.34,1965.71,1970.48,1973.31,1976.26,1982.39,1990.42,1997.59,2007.77,2021.10,2032.75,2044.34,2055.79,2066.58,2075.17,2081.97,2087.38,2092.04,2097.30,2103.31,2111.17,2120.97,2133.47,2146.65,2159.52,2175.23,2192.22,2209.80,2226.54,2238.09,2253.91,2265.46,2275.96,2283.73,2289.37
1124.22,1126.17,1128.01,1129.76,1131.34,1132.60,1134.28,1136.15,1137.39,1139.36,1142.30,1144.98,1146.98,1148.36,1149.62,1149.94,1148.42,1147.69,1147.77,1150.46,1155.22,1160.75,1165.59,1168.68,1170.48,1169.12,1167.67,1168.33,1169.12,1169.75,1170.05,1170.54,1171.56,1172.77,1174.81,1177.11,1179.13,1181.38,1183.69,1185.68,1187.58,1190.07,1192.91,1195.65,1198.38,1200.85,1202.81,1204.57,1206.40,1208.17,1210.31,1212.97,1215.69,1217.65,1219.42,1223.07,1227.22,1231.19,1235.73,1240.34,1244.26,1247.71,1249.62,1250.63,1252.82,1254.18,1255.75,1259.43,1261.51,1262.85,1264.56,1267.23,1272.33,1277.33,1280.06,1280.92,1281.15,1281.53,1283.29,1287.20,1291.88,1295.43,1297.39,1297.90,1299.02,1303.08,1306.72,1309.56,1316.32,1327.15,1341.96,1358.22,1371.72,1383.55,1390.12,1390.87,1389.69,1386.17,1381.28,1376.43,1375.98,1380.46,1385.92,1392.06,1399.66,1408.94,1421.13,1434.96,1452.64,1466.06,1475.69,1481.31,1480.52,1476.41,1473.60,1474.06,1476.16,1478.14,1480.75,1486.71,1496.00,1507.50,1512.56,1516.11,1520.44,1525.78,1531.19,1538.28,1543.27,1548.14,1555.68,1563.72,1568.85,1575.45,1581.43,1583.76,1584.03,1584.22,1582.43,1578.26,1579.84,1581.42,1577.38,1571.45,1564.18,1556.85,1554.13,1555.32,1559.76,1567.21,1572.73,1575.50,1575.63,1576.59,1579.11,1582.32,1582.76,1578.78,1574.89,1575.24,1575.30,1578.65,1581.27,1589.71,1602.96,1611.38,1613.37,1615.47,1618.46,1621.84,1627.40,1637.08,1653.22,1669.06,1676.93,1678.04,1676.34,1677.11,1682.23,1690.44,1697.13,1705.60,1719.59,1735.24,1751.18,1761.80,1768.36,1776.30,1784.48,1792.58,1801.25,1807.81,1812.93,1818.99,1825.96,1834.15,1841.91,1846.68,1848.54,1848.44,1850.46,1842.58,1865.24,1876.11,1883.49,1888.78,1896.08,1907.82,1923.62,1939.06,1951.25,1958.32,1958.48,1955.67,1951.58,1946.87,1942.14,1940.19,1939.42,1939.43,1939.08,1939.91,1945.18,1950.44,1953.66,1958.74,1965.97,1974.46,1984.80,1994.45,2005.78,2017.63,2027.24,2037.08,2045.34,2050.54,2056.75,2065.07,2072.43,2078.76,2084.82,2092.07,2104.67,2121.26,2139.66,2154.58,2172.95,2193.44,2210.58,2228.88,2239.73,2254.12,2259.01,2263.91,2269.11,2272.92
1123.65,1125.80,1127.87,1130.08,1132.11,1133.82,1135.36,1136.52,1136.89,1137.24,1140.22,1144.13,1148.10,1149.89,1151.29,1151.61,1150.95,1150.51,1150.51,1150.19,1153.22,1160.04,1169.02,1170.87,1171.74,1170.89,1170.00,1170.51,1171.21,1171.90,1172.29,1172.51,1173.47,1174.64,1175.84,1178.23,1180.86,1183.09,1185.65,1187.78,1188.87,1190.34,1192.86,1195.20,1197.53,1199.98,1202.03,1204.01,1206.14,1208.27,1210.41,1212.42,1214.37,1216.33,1218.58,1221.73,1225.40,1228.67,1233.10,1241.02,1246.58,1251.05,1253.96,1255.00,1256.26,1257.45,1259.92,1264.06,1266.61,1267.83,1269.55,1272.90,1277.68,1283.43,1287.94,1290.69,1291.74,1292.10,1292.51,1293.67,1297.46,1301.18,1302.97,1303.43,1304.19,1306.86,1310.54,1314.29,1317.27,1322.03,1330.39,1344.14,1356.87,1365.16,1369.75,1370.63,1370.20,1369.75,1368.70,1369.36,1373.06,1377.58,1382.07,1388.45,1395.84,1404.31,1413.98,1425.80,1441.20,1452.63,1459.76,1465.94,1468.59,1465.97,1463.12,1464.14,1468.11,1475.06,1483.18,1493.09,1505.80,1511.89,1516.73,1520.47,1526.06,1530.87,1533.45,1535.62,1540.86,1547.82,1557.72,1568.82,1572.70,1574.78,1577.55,1578.09,1577.35,1577.55,1576.13,1574.98,1578.78,1573.42,1566.03,1559.94,1554.85,1549.41,1548.86,1554.75,1565.05,1571.00,1572.52,1572.86,1573.51,1576.09,1578.94,1579.63,1572.16,1566.52,1567.64,1570.05,1573.00,1579.06,1587.95,1598.75,1607.92,1609.75,1610.12,1613.27,1617.12,1621.95,1629.33,1642.84,1659.89,1671.45,1672.39,1670.06,1668.64,1670.40,1677.07,1685.29,1693.32,1701.61,1713.56,1726.61,1740.40,1752.66,1760.43,1766.42,1772.42,1778.72,1785.36,1791.59,1796.90,1803.02,1809.84,1816.59,1821.61,1823.33,1824.88,1826.35,1822.96,1810.81,1846.21,1857.71,1861.57,1865.25,1873.62,1885.94,1900.11,1919.40,1935.36,1942.69,1939.93,1934.19,1929.38,1925.65,1922.84,1919.48,1916.73,1915.89,1916.70,1919.61,1923.73,1928.79,1932.85,1938.26,1949.41,1959.61,1969.44,1980.94,1989.96,1996.95,2006.04,2017.33,2025.43,2029.25,2032.59,2038.76,2046.95,2055.38,2065.23,2074.25,2087.13,2112.35,2135.54,2152.14,2170.30,2192.26,2209.96,2229.07,2240.02,2244.56,2243.16,2244.85,2250.05,2255.49
1123.59,1125.98,1128.57,1130.52,1132.46,1134.40,1135.85,1136.64,1136.99,1137.20,1138.55,1142.83,1148.26,1151.33,1152.96,1153.37,1153.16,1152.82,1152.89,1153.03,1153.11,1156.88,1166.33,1168.00,1170.53,1172.72,1173.53,1173.89,1173.84,1174.27,1174.60,1174.60,1175.81,1177.14,1177.66,1178.99,1181.26,1183.49,1186.00,1188.55,1190.68,1192.31,1194.07,1196.24,1198.31,1200.39,1202.24,1204.13,1206.16,1208.30,1210.53,1212.77,1215.02,1217.12,1219.10,1221.63,1224.50,1227.26,1231.24,1240.43,1248.92,1254.81,1258.41,1260.05,1261.00,1262.93,1266.34,1269.49,1271.63,1274.25,1278.66,1282.91,1286.65,1292.38,1297.66,1301.16,1302.53,1302.28,1302.40,1303.04,1304.61,1306.96,1308.62,1310.19,1313.06,1316.50,1319.02,1321.53,1324.43,1327.51,1330.49,1334.08,1340.18,1347.49,1353.64,1357.02,1359.09,1362.55,1365.95,1369.16,1373.28,1377.34,1381.16,1385.65,1392.06,1399.71,1408.02,1417.75,1427.59,1436.81,1443.55,1448.85,1453.83,1453.54,1454.86,1463.53,1472.58,1481.85,1489.60,1496.87,1503.52,1509.32,1518.21,1522.97,1525.78,1527.00,1527.76,1530.80,1539.07,1544.60,1551.14,1560.24,1563.15,1564.67,1566.56,1567.63,1567.29,1567.29,1568.45,1571.10,1569.68,1561.20,1555.08,1550.51,1547.00,1545.43,1548.88,1559.22,1567.96,1569.54,1568.95,1570.17,1572.05,1574.98,1573.12,1566.79,1563.40,1567.21,1571.18,1575.70,1582.26,1589.92,1598.62,1603.94,1606.90,1606.92,1608.37,1612.67,1617.60,1624.26,1634.47,1650.74,1664.81,1668.64,1664.78,1661.99,1663.45,1668.04,1674.41,1681.38,1691.00,1699.66,1708.80,1718.34,1728.41,1740.49,1748.22,1754.19,1758.87,1761.46,1764.43,1769.04,1775.50,1782.39,1789.14,1794.28,1798.42,1801.32,1803.40,1804.38,1804.16,1807.78,1825.68,1833.63,1837.54,1844.54,1854.42,1864.64,1880.88,1898.12,1911.02,1915.45,1914.51,1911.96,1909.52,1905.88,1902.46,1899.63,1897.90,1897.07,1896.68,1899.26,1903.39,1906.27,1911.36,1918.18,1928.28,1941.21,1952.98,1962.26,1971.86,1979.15,1987.29,1996.65,2003.71,2008.81,2014.12,2019.96,2026.81,2033.84,2044.63,2059.05,2076.50,2105.48,2130.64,2148.55,2166.24,2188.94,2208.39,2227.00,2232.29,2229.21,2225.46,2223.87,2227.28,2235.26
1124.61,1126.12,1128.86,1130.82,1132.73,1134.60,1136.31,1138.02,1139.11,1139.53,1139.95,1143.25,1148.48,1151.33,1153.22,1155.06,1155.43,1155.17,1155.22,1156.17,1156.23,1156.09,1158.22,1159.62,1163.64,1169.19,1172.42,1175.22,1176.35,1176.76,1176.92,1176.78,1178.00,1179.78,1180.36,1181.58,1183.08,1184.53,1185.95,1187.70,1190.19,1192.60,1195.08,1197.24,1199.01,1200.87,1202.80,1204.81,1206.90,1208.59,1210.64,1213.02,1215.34,1217.69,1219.92,1222.72,1225.65,1228.47,1234.19,1243.61,1253.27,1261.67,1267.86,1270.56,1272.89,1275.31,1277.31,1277.84,1278.78,1281.16,1285.67,1290.65,1297.99,1304.83,1311.25,1316.04,1316.63,1313.13,1313.40,1315.10,1316.19,1318.05,1318.88,1320.91,1325.26,1327.67,1329.60,1332.88,1336.15,1338.82,1340.02,1339.71,1340.02,1342.57,1348.03,1354.76,1360.86,1365.13,1370.96,1376.52,1380.87,1384.65,1388.00,1389.38,1390.87,1395.72,1401.95,1410.11,1417.04,1423.69,1429.84,1434.76,1440.68,1447.41,1458.13,1469.82,1477.96,1485.70,1492.13,1496.17,1500.47,1508.55,1515.89,1519.09,1520.16,1520.26,1521.56,1526.88,1532.80,1537.30,1541.40,1548.38,1551.99,1555.53,1556.51,1557.19,1558.26,1561.21,1563.64,1563.70,1559.94,1553.40,1548.55,1544.75,1541.91,1543.34,1550.62,1559.65,1564.07,1565.14,1566.30,1568.14,1569.60,1571.60,1564.10,1559.65,1564.87,1571.84,1580.04,1585.49,1591.26,1595.65,1599.81,1602.46,1604.11,1604.58,1607.98,1613.21,1619.63,1628.09,1640.33,1655.77,1662.53,1659.50,1655.32,1655.47,1659.59,1665.35,1671.82,1678.62,1687.59,1696.30,1704.39,1713.56,1722.57,1731.45,1736.97,1740.69,1743.51,1747.18,1750.18,1753.12,1757.80,1764.11,1770.21,1775.26,1778.88,1781.81,1783.04,1784.14,1786.19,1795.11,1805.03,1811.05,1818.45,1827.27,1837.49,1848.31,1865.09,1883.44,1894.04,1894.63,1891.66,1889.40,1887.27,1883.81,1879.49,1876.58,1875.75,1876.25,1877.93,1880.59,1883.72,1887.11,1892.36,1901.71,1911.88,1921.04,1932.35,1943.22,1952.18,1959.68,1967.99,1977.05,1983.51,1988.95,1995.14,2003.28,2010.56,2018.81,2034.64,2054.62,2072.70,2093.44,2118.25,2140.37,2158.98,2180.57,2200.71,2211.97,2214.49,2211.12,2205.80,2202.09,2204.27,2212.46
1127.91,1127.38,1128.54,1130.43,1132.64,1134.86,1137.06,1139.27,1141.17,1141.67,1141.83,1143.50,1147.61,1150.55,1152.76,1154.98,1157.18,1157.63,1157.53,1158.90,1159.63,1159.57,1159.72,1161.33,1164.64,1165.81,1169.19,1173.00,1175.89,1178.15,1179.09,1179.19,1179.76,1181.80,1183.28,1184.28,1185.72,1187.16,1188.51,1189.45,1191.22,1193.40,1195.04,1197.24,1199.60,1202.12,1204.00,1205.71,1207.79,1210.52,1213.46,1215.53,1216.91,1218.67,1221.60,1225.45,1228.41,1231.17,1240.20,1251.56,1261.49,1273.44,1279.08,1283.23,1286.02,1287.93,1289.02,1289.08,1289.34,1290.64,1294.85,1301.84,1311.07,1318.22,1325.80,1331.81,1334.47,1330.31,1328.83,1330.02,1329.74,1331.35,1331.27,1331.13,1336.15,1342.50,1346.02,1348.67,1351.78,1356.17,1360.03,1360.06,1359.74,1360.91,1364.45,1368.03,1370.41,1372.53,1378.85,1384.64,1389.46,1396.28,1401.01,1400.64,1398.90,1401.76,1407.25,1412.83,1417.03,1421.70,1428.40,1436.70,1447.59,1458.35,1467.49,1473.37,1478.11,1484.00,1490.86,1494.70,1498.38,1504.60,1511.21,1514.88,1515.85,1515.87,1518.61,1523.28,1524.82,1527.66,1529.97,1535.13,1542.94,1547.21,1548.70,1550.66,1554.43,1556.10,1556.82,1555.53,1551.39,1547.07,1543.18,1539.93,1538.38,1541.19,1548.13,1555.05,1559.42,1561.86,1564.30,1565.49,1565.18,1564.39,1556.05,1560.04,1567.47,1577.59,1583.16,1586.90,1590.10,1593.59,1597.56,1600.13,1601.26,1603.35,1608.08,1614.41,1623.07,1633.05,1643.02,1651.08,1651.92,1647.30,1645.85,1651.28,1658.02,1664.57,1671.02,1678.03,1686.58,1694.66,1703.03,1712.18,1718.31,1724.23,1727.34,1727.97,1729.55,1735.28,1739.99,1743.36,1747.24,1751.34,1755.68,1759.84,1763.13,1764.60,1764.82,1765.21,1769.26,1782.00,1787.90,1793.01,1803.21,1813.43,1824.04,1834.89,1852.72,1869.46,1873.56,1868.89,1865.98,1864.93,1862.69,1859.47,1856.64,1855.47,1856.29,1856.86,1857.72,1860.82,1865.26,1869.21,1875.82,1885.78,1897.05,1906.49,1914.70,1924.48,1934.90,1944.12,1951.06,1958.83,1966.34,1972.61,1978.40,1985.03,1996.67,2010.16,2025.46,2044.88,2061.52,2079.65,2108.66,2130.57,2148.42,2167.66,2186.39,2194.37,2193.89,2187.81,2179.90,2176.39,2181.37,2196.12
1130.74,1129.80,1130.14,1131.29,1132.96,1135.02,1137.07,1139.97,1142.29,1143.47,1143.73,1144.12,1146.42,1149.43,1151.58,1153.94,1157.46,1159.65,1159.93,1161.00,1162.15,1162.47,1162.72,1163.93,1168.67,1169.54,1168.71,1171.10,1176.20,1178.71,1180.59,1181.86,1182.14,1183.11,1184.98,1186.66,1188.26,1189.69,1190.78,1191.45,1191.97,1194.69,1197.22,1198.01,1199.63,1202.94,1206.05,1207.43,1208.97,1213.18,1218.12,1219.87,1220.97,1223.38,1226.49,1229.82,1233.25,1236.49,1246.88,1260.10,1272.71,1283.77,1292.07,1297.40,1300.42,1301.79,1302.67,1302.80,1303.08,1305.39,1311.49,1319.42,1327.79,1333.48,1337.43,1344.39,1351.60,1347.99,1346.05,1347.07,1345.84,1348.94,1347.58,1346.56,1348.70,1359.96,1366.88,1369.92,1373.22,1376.53,1378.47,1379.31,1380.44,1381.51,1383.14,1384.41,1384.30,1384.98,1387.91,1393.51,1402.36,1411.82,1417.13,1416.32,1412.45,1414.90,1423.40,1428.99,1432.49,1438.35,1445.25,1452.14,1460.25,1466.16,1471.15,1474.53,1478.09,1482.79,1489.19,1493.22,1496.63,1500.57,1506.94,1511.44,1512.02,1511.95,1514.09,1515.26,1517.89,1521.56,1524.87,1528.08,1533.98,1539.90,1543.39,1547.00,1549.54,1549.25,1549.77,1546.90,1543.21,1540.39,1537.66,1535.92,1536.25,1538.95,1543.59,1549.11,1554.12,1559.41,1562.45,1562.41,1558.82,1552.04,1553.64,1561.50,1571.07,1578.99,1582.63,1585.50,1588.26,1591.61,1595.58,1597.35,1598.70,1603.19,1608.78,1615.15,1622.40,1629.97,1635.41,1638.09,1638.54,1635.50,1641.81,1653.16,1661.89,1668.81,1674.61,1681.50,1689.85,1696.08,1703.81,1710.85,1714.63,1717.05,1717.63,1716.73,1718.74,1723.94,1728.39,1732.19,1737.69,1742.12,1745.31,1749.11,1752.05,1753.02,1752.74,1752.74,1759.61,1769.60,1772.58,1779.98,1790.36,1800.48,1813.28,1825.41,1845.14,1856.54,1851.30,1845.51,1844.58,1843.99,1841.57,1837.56,1834.32,1834.56,1836.47,1838.85,1841.95,1845.82,1849.74,1854.84,1863.10,1872.57,1882.03,1890.23,1899.62,1909.95,1918.29,1927.39,1935.90,1942.15,1947.66,1955.05,1963.53,1972.48,1988.68,2005.63,2021.05,2037.85,2051.39,2073.03,2098.08,2118.73,2135.46,2152.41,2167.95,2173.63,2169.05,2158.87,2150.34,2151.15,2161.02,2180.90
1133.45,1132.29,1131.93,1132.62,1133.69,1134.80,1136.86,1140.43,1142.58,1144.54,1145.58,1145.93,1146.47,1148.33,1150.45,1153.26,1157.03,1160.36,1161.91,1162.90,1163.90,1164.84,1165.45,1166.02,1168.79,1170.18,1170.35,1171.44,1178.64,1181.68,1182.78,1184.05,1184.70,1185.21,1186.17,1187.97,1189.76,1191.23,1192.50,1193.34,1193.27,1195.32,1198.74,1201.00,1201.65,1205.37,1208.66,1210.32,1215.73,1223.85,1230.19,1231.78,1231.41,1233.20,1236.61,1238.43,1239.72,1242.35,1250.60,1263.80,1279.45,1292.35,1301.88,1308.24,1312.81,1316.09,1318.78,1320.70,1323.41,1327.53,1332.20,1336.88,1341.59,1346.12,1351.12,1358.72,1363.90,1363.05,1364.62,1368.07,1364.03,1367.14,1369.37,1367.35,1364.22,1374.85,1386.52,1390.59,1393.51,1396.88,1400.68,1402.48,1402.86,1402.70,1402.20,1401.38,1400.75,1401.81,1406.83,1414.17,1421.78,1427.07,1429.40,1429.53,1429.20,1432.57,1440.05,1442.01,1442.84,1448.85,1452.31,1455.77,1459.28,1464.76,1470.19,1474.05,1477.77,1482.14,1487.41,1491.49,1495.01,1498.42,1501.71,1506.66,1507.55,1506.99,1507.81,1509.59,1514.00,1518.45,1522.82,1528.46,1533.00,1537.49,1539.19,1541.78,1544.08,1543.71,1542.66,1538.67,1535.23,1532.98,1531.71,1532.78,1537.20,1540.60,1543.47,1547.05,1551.45,1557.23,1560.12,1558.03,1550.45,1548.66,1554.98,1564.55,1572.78,1578.55,1582.35,1585.19,1588.35,1591.37,1593.58,1593.99,1597.14,1601.53,1603.81,1607.65,1611.15,1616.23,1621.44,1624.10,1625.24,1630.06,1643.11,1656.49,1666.67,1674.13,1679.84,1685.66,1691.98,1695.93,1699.87,1703.93,1707.40,1707.89,1704.83,1705.47,1711.01,1715.61,1719.80,1723.61,1727.86,1733.01,1737.15,1740.79,1744.03,1743.96,1740.99,1742.00,1750.31,1753.58,1757.49,1768.66,1779.98,1792.58,1806.88,1824.02,1843.75,1844.63,1836.69,1828.11,1824.66,1824.59,1822.13,1816.91,1814.70,1815.92,1817.69,1820.37,1824.48,1830.11,1835.00,1840.92,1848.73,1856.98,1865.59,1872.76,1882.95,1897.64,1906.02,1913.49,1919.61,1926.12,1930.19,1939.31,1953.00,1965.88,1982.58,2000.45,2016.53,2031.74,2046.60,2064.51,2080.21,2099.77,2116.69,2132.23,2145.07,2148.44,2143.51,2135.02,2130.43,2131.76,2143.70,2166.38
1136.42,1136.09,1134.11,1133.76,1134.31,1135.29,1137.26,1140.01,1142.06,1144.38,1146.65,1147.90,1148.34,1149.49,1151.39,1153.20,1155.98,1159.00,1161.48,1163.52,1165.24,1166.46,1167.56,1168.59,1169.78,1171.28,1172.34,1173.16,1176.42,1182.19,1184.68,1186.20,1187.16,1187.65,1187.98,1189.25,1190.99,1192.45,1193.82,1195.11,1195.06,1195.63,1198.50,1201.15,1205.07,1208.98,1213.48,1218.59,1226.76,1237.45,1243.63,1244.85,1244.92,1246.93,1248.32,1247.16,1246.87,1250.07,1254.47,1263.56,1281.48,1296.18,1307.04,1315.06,1321.80,1327.81,1332.36,1336.49,1339.93,1343.92,1348.28,1350.19,1352.85,1357.43,1361.09,1367.47,1373.41,1374.67,1377.61,1383.21,1381.12,1385.66,1390.29,1388.40,1386.07,1388.66,1397.52,1407.66,1410.28,1410.68,1411.30,1411.78,1412.65,1412.79,1414.65,1418.46,1419.65,1421.82,1424.57,1427.88,1431.41,1433.12,1434.74,1435.81,1436.48,1440.02,1444.39,1445.79,1445.98,1447.88,1451.56,1456.98,1462.03,1468.71,1472.14,1475.95,1479.94,1483.55,1487.90,1490.89,1494.30,1497.07,1498.68,1501.28,1502.89,1506.24,1509.19,1511.63,1517.90,1521.11,1524.13,1529.10,1533.02,1534.89,1536.63,1537.81,1538.80,1537.92,1534.66,1530.85,1528.51,1527.59,1528.54,1532.59,1537.77,1541.62,1544.80,1548.13,1551.22,1555.36,1555.14,1551.03,1545.52,1548.45,1556.89,1566.17,1572.12,1576.39,1580.06,1582.97,1586.86,1589.51,1590.39,1590.48,1591.37,1593.44,1596.23,1598.99,1603.77,1608.17,1612.60,1616.14,1620.35,1631.13,1641.84,1656.07,1668.12,1676.46,1682.07,1685.38,1688.70,1690.99,1692.23,1693.17,1694.30,1695.52,1694.75,1698.31,1704.12,1709.15,1712.92,1717.39,1722.13,1727.41,1732.56,1736.29,1737.68,1734.59,1728.03,1729.95,1735.79,1741.17,1749.96,1763.13,1779.25,1793.97,1810.23,1827.66,1836.41,1834.06,1825.10,1811.23,1803.35,1804.48,1803.46,1798.39,1796.49,1798.15,1801.29,1804.06,1807.09,1810.90,1816.85,1824.40,1834.29,1841.80,1849.10,1858.54,1868.64,1879.42,1888.82,1895.08,1899.77,1906.49,1915.76,1929.77,1948.22,1963.01,1974.89,1989.57,2007.19,2025.70,2038.54,2047.67,2059.37,2075.80,2096.89,2116.02,2124.66,2125.30,2120.41,2115.58,2113.14,2115.84,2130.21,2153.48
1139.30,1140.06,1137.71,1133.96,1134.47,1136.39,1138.42,1140.22,1142.25,1144.70,1147.05,1149.05,1150.39,1151.35,1153.16,1154.37,1156.20,1158.64,1160.98,1162.95,1164.93,1166.90,1168.58,1170.41,1172.22,1173.52,1174.81,1176.07,1176.45,1180.26,1183.39,1187.29,1189.30,1190.13,1190.38,1191.05,1192.42,1193.89,1195.48,1197.05,1197.07,1196.89,1198.54,1200.24,1204.12,1209.11,1216.74,1224.82,1236.39,1248.29,1254.42,1256.66,1257.85,1260.44,1263.03,1262.36,1259.73,1261.26,1265.22,1269.28,1279.75,1294.78,1306.75,1315.04,1322.46,1330.84,1338.90,1345.07,1350.07,1354.41,1357.45,1360.39,1363.65,1366.66,1368.66,1373.68,1382.38,1386.22,1388.59,1392.88,1394.02,1400.05,1401.85,1403.67,1406.06,1407.62,1408.54,1410.88,1412.96,1413.18,1413.51,1414.38,1415.90,1416.65,1418.64,1421.96,1424.86,1426.79,1429.66,1432.01,1434.99,1436.86,1438.74,1440.09,1440.77,1443.27,1447.38,1449.66,1450.33,1453.62,1457.76,1461.39,1465.74,1469.05,1472.30,1476.42,1480.26,1484.72,1488.72,1491.16,1493.59,1494.82,1496.43,1498.27,1500.35,1506.78,1513.08,1518.03,1521.49,1523.18,1525.95,1528.77,1530.50,1532.60,1533.70,1533.45,1532.95,1530.65,1526.43,1524.58,1523.55,1524.82,1528.20,1532.19,1536.61,1539.72,1543.56,1547.88,1551.09,1553.01,1550.89,1543.02,1544.55,1548.95,1558.99,1565.68,1569.92,1573.68,1577.61,1580.62,1583.66,1583.81,1584.02,1585.38,1586.85,1589.32,1594.37,1599.70,1603.74,1605.79,1610.33,1615.19,1621.78,1634.94,1645.49,1656.97,1666.76,1673.28,1677.18,1678.16,1679.64,1681.72,1682.74,1682.82,1682.73,1684.38,1688.58,1694.12,1698.86,1703.72,1708.49,1713.75,1718.59,1724.46,1730.02,1731.81,1731.51,1725.64,1718.94,1723.30,1728.97,1741.46,1757.24,1776.56,1791.46,1802.97,1814.42,1821.48,1823.96,1820.48,1812.76,1799.06,1785.74,1784.11,1782.76,1777.07,1774.87,1777.77,1781.22,1785.52,1789.57,1794.18,1800.96,1809.55,1818.87,1828.22,1837.26,1847.67,1856.68,1864.74,1870.22,1873.99,1881.22,1897.82,1911.71,1924.33,1938.99,1954.41,1968.35,1984.30,2003.87,2016.53,2021.54,2031.35,2040.85,2058.08,2081.59,2104.03,2107.12,2102.34,2099.20,2095.35,2094.07,2105.12,2121.10,2137.45
1140.86,1141.76,1140.13,1136.10,1135.20,1137.30,1139.45,1141.13,1142.79,1145.10,1147.38,1149.76,1152.28,1153.46,1154.99,1156.36,1157.42,1159.42,1161.36,1163.11,1164.99,1166.79,1168.66,1170.85,1173.04,1175.14,1177.03,1178.68,1179.73,1179.10,1181.00,1187.09,1191.26,1193.01,1193.49,1193.81,1194.24,1195.64,1197.50,1199.09,1199.21,1199.16,1200.49,1202.08,1205.33,1209.25,1219.32,1231.70,1247.81,1257.67,1266.78,1271.63,1273.26,1274.18,1276.47,1276.81,1274.89,1275.60,1278.00,1279.50,1285.43,1295.10,1305.59,1314.08,1320.91,1329.43,1338.16,1347.19,1355.88,1362.00,1365.56,1368.54,1371.92,1375.35,1378.86,1384.13,1391.88,1396.82,1398.88,1399.97,1401.00,1402.95,1404.69,1407.07,1410.39,1412.11,1412.88,1413.36,1414.84,1415.45,1415.66,1416.68,1418.42,1419.99,1421.71,1423.95,1426.98,1429.68,1431.77,1434.19,1437.86,1440.03,1441.17,1442.24,1443.01,1445.44,1448.70,1452.13,1454.95,1458.33,1460.63,1462.89,1464.31,1466.29,1470.19,1474.31,1477.50,1480.22,1483.43,1488.41,1491.47,1492.27,1494.01,1496.41,1498.43,1502.54,1510.20,1518.74,1522.12,1524.05,1525.40,1525.66,1526.93,1529.68,1529.49,1527.76,1525.36,1522.29,1519.07,1518.38,1520.68,1523.91,1527.62,1531.10,1535.29,1538.62,1542.62,1545.73,1547.55,1549.30,1545.28,1539.08,1544.31,1551.55,1561.67,1565.91,1569.06,1572.01,1575.41,1577.66,1578.96,1578.38,1580.18,1584.03,1587.20,1590.62,1597.92,1604.93,1609.67,1609.31,1610.28,1615.02,1621.15,1632.24,1643.99,1653.45,1660.53,1664.21,1666.37,1667.04,1668.09,1670.46,1672.92,1674.14,1675.75,1679.44,1685.76,1692.11,1698.98,1703.64,1708.26,1712.56,1717.09,1722.45,1724.07,1722.76,1721.77,1712.06,1709.44,1722.13,1739.81,1757.32,1770.68,1785.62,1796.82,1803.55,1806.45,1804.18,1803.12,1803.27,1798.63,1785.52,1770.02,1765.19,1761.71,1756.85,1756.04,1758.23,1760.44,1763.90,1772.12,1779.61,1788.58,1799.19,1807.45,1814.77,1825.25,1837.69,1845.01,1850.73,1856.20,1863.55,1874.63,1887.26,1903.28,1917.10,1930.07,1948.11,1966.12,1980.70,1993.20,1996.63,2003.29,2014.55,2024.62,2048.24,2075.03,2095.17,2093.18,2084.10,2080.21,2074.98,2073.81,2091.97,2109.43,2117.71
1141.19,1143.03,1142.21,1140.33,1137.80,1138.15,1140.30,1141.88,1143.45,1145.43,1147.70,1150.07,1152.44,1154.79,1156.68,1158.31,1159.14,1160.61,1162.42,1164.29,1166.33,1168.39,1169.98,1171.52,1173.17,1175.24,1177.53,1179.76,1182.10,1181.72,1182.06,1186.30,1191.23,1193.67,1196.30,1196.94,1197.01,1197.38,1199.36,1201.55,1201.86,1202.01,1202.83,1203.91,1206.72,1211.39,1222.91,1240.59,1255.74,1269.16,1279.99,1283.66,1284.74,1285.15,1287.69,1289.09,1288.13,1289.28,1292.81,1293.99,1298.86,1308.60,1318.04,1327.96,1335.03,1338.40,1340.37,1348.54,1360.08,1369.07,1371.86,1373.90,1378.56,1383.01,1387.44,1394.43,1399.29,1400.97,1401.49,1401.67,1402.22,1404.56,1406.95,1408.61,1410.45,1412.37,1414.31,1415.76,1416.88,1417.42,1417.61,1418.32,1419.86,1421.87,1423.96,1426.47,1428.85,1431.28,1433.62,1435.99,1439.11,1441.46,1442.82,1443.98,1445.10,1447.25,1449.00,1451.08,1453.90,1456.17,1457.58,1458.94,1460.53,1462.82,1467.52,1471.37,1473.64,1475.65,1477.40,1480.15,1485.08,1488.65,1492.06,1494.56,1496.16,1498.41,1504.54,1513.69,1520.63,1522.27,1522.45,1522.31,1521.99,1522.21,1519.76,1518.81,1516.05,1511.73,1512.49,1515.89,1519.08,1522.17,1526.54,1530.24,1533.25,1537.34,1540.79,1539.91,1539.95,1542.40,1538.92,1536.30,1543.82,1554.65,1562.02,1564.70,1566.87,1570.18,1571.71,1572.50,1574.80,1579.10,1583.62,1587.60,1592.10,1599.01,1605.58,1611.27,1616.41,1618.03,1615.28,1616.16,1620.27,1626.87,1635.06,1643.85,1650.23,1651.64,1652.69,1655.43,1658.50,1661.38,1664.82,1668.57,1675.48,1681.60,1688.05,1692.96,1695.22,1696.77,1698.24,1701.51,1705.97,1711.41,1712.03,1707.51,1702.32,1698.21,1712.32,1732.22,1750.61,1764.12,1773.12,1783.89,1792.47,1793.53,1790.37,1786.54,1787.45,1785.62,1777.04,1764.55,1752.78,1748.59,1745.28,1739.71,1738.90,1741.09,1744.77,1748.67,1754.61,1765.63,1777.40,1788.35,1798.13,1806.38,1815.67,1825.72,1833.79,1839.48,1845.66,1855.28,1866.22,1885.64,1905.45,1918.76,1931.62,1947.03,1960.28,1971.35,1976.65,1978.66,1987.75,2001.19,2017.88,2046.82,2070.89,2084.22,2076.57,2063.93,2055.53,2049.00,2054.69,2071.60,2087.70,2094.58
1142.14,1144.12,1144.22,1142.89,1140.94,1139.76,1141.10,1142.50,1144.10,1146.11,1147.78,1149.66,1152.35,1155.13,1157.44,1159.39,1161.33,1162.34,1163.90,1166.03,1167.55,1169.71,1171.57,1173.01,1174.36,1175.77,1177.46,1179.83,1182.84,1184.98,1186.37,1188.15,1189.16,1192.19,1197.30,1199.80,1199.96,1199.84,1201.20,1203.13,1204.62,1205.16,1205.73,1206.27,1207.30,1212.09,1225.57,1245.25,1260.19,1275.91,1286.16,1291.75,1295.30,1296.53,1298.20,1299.57,1300.64,1304.25,1309.79,1312.04,1316.55,1325.39,1335.12,1345.03,1350.52,1352.13,1351.93,1357.06,1366.17,1371.86,1374.39,1377.14,1380.18,1385.73,1393.12,1400.42,1401.74,1402.37,1402.91,1403.11,1403.30,1404.95,1407.95,1410.68,1411.82,1412.67,1414.29,1416.26,1418.18,1419.30,1419.75,1420.47,1421.76,1423.63,1426.08,1428.97,1431.42,1433.68,1435.98,1438.07,1439.97,1442.04,1443.34,1444.61,1445.99,1447.36,1448.64,1449.79,1451.45,1453.42,1454.38,1455.68,1457.27,1458.94,1462.00,1465.91,1468.97,1471.31,1473.11,1475.59,1478.36,1484.36,1490.93,1491.95,1492.46,1494.77,1499.05,1506.01,1515.90,1518.19,1517.87,1515.36,1513.52,1512.96,1511.73,1510.29,1507.47,1506.65,1511.71,1514.25,1516.77,1520.69,1524.19,1526.71,1529.11,1532.06,1530.07,1527.89,1528.30,1530.23,1532.48,1538.91,1548.23,1555.75,1558.16,1558.40,1559.13,1561.37,1566.15,1572.15,1578.32,1583.01,1587.80,1593.64,1600.78,1605.93,1610.36,1613.42,1617.47,1622.35,1624.65,1625.08,1625.66,1626.57,1629.95,1635.76,1639.78,1643.30,1646.97,1650.81,1655.60,1659.54,1665.59,1671.61,1677.84,1681.13,1682.47,1682.81,1681.84,1681.69,1682.95,1686.06,1690.61,1694.06,1693.43,1688.82,1687.88,1699.11,1719.80,1734.17,1746.49,1755.84,1766.91,1775.66,1778.80,1777.61,1774.14,1771.76,1771.87,1766.02,1754.59,1744.73,1738.68,1737.59,1732.56,1730.37,1738.64,1747.56,1753.20,1755.98,1757.47,1759.02,1767.53,1780.05,1790.02,1799.99,1810.13,1816.33,1823.43,1832.62,1839.49,1850.03,1865.12,1885.68,1903.65,1913.76,1920.05,1927.82,1943.91,1956.14,1956.78,1963.46,1980.26,2000.62,2020.12,2043.56,2064.68,2069.56,2056.18,2042.39,2030.82,2026.10,2033.13,2044.68,2057.67,2068.42
1143.58,1145.26,1145.90,1145.32,1145.71,1145.44,1145.61,1144.44,1144.90,1146.88,1148.96,1150.81,1153.11,1155.64,1157.80,1159.98,1162.35,1164.26,1165.60,1167.76,1169.60,1170.84,1172.61,1174.34,1175.97,1177.45,1178.57,1180.80,1183.81,1186.86,1189.01,1190.42,1191.03,1192.05,1196.39,1200.98,1202.74,1203.18,1204.24,1205.80,1206.88,1207.77,1208.41,1209.11,1209.60,1213.42,1226.20,1245.29,1261.60,1276.18,1287.77,1295.98,1302.55,1306.84,1309.05,1310.04,1311.82,1316.28,1320.69,1325.59,1331.09,1338.74,1347.74,1351.94,1355.68,1358.75,1360.58,1362.72,1367.44,1370.96,1374.13,1377.67,1381.06,1388.45,1397.03,1401.08,1402.76,1403.83,1404.35,1404.52,1404.68,1405.40,1408.17,1411.09,1413.92,1414.78,1415.15,1416.15,1418.13,1419.76,1421.85,1423.16,1424.08,1425.69,1427.47,1430.07,1432.32,1434.66,1437.13,1439.44,1440.54,1441.43,1442.72,1444.22,1445.77,1447.26,1448.30,1448.94,1449.52,1450.44,1451.09,1452.67,1454.56,1456.45,1458.53,1460.94,1464.19,1467.12,1469.51,1473.08,1478.04,1483.80,1487.04,1487.24,1488.31,1490.36,1493.87,1497.52,1506.12,1509.24,1508.40,1504.68,1503.43,1502.81,1501.94,1500.16,1498.98,1500.66,1506.70,1509.68,1511.66,1515.86,1520.30,1522.35,1523.20,1522.14,1518.97,1521.80,1527.56,1534.13,1541.36,1548.21,1552.09,1552.56,1549.82,1547.34,1551.78,1561.01,1567.59,1571.02,1576.75,1581.89,1586.98,1593.10,1598.63,1599.14,1599.60,1601.69,1607.86,1615.64,1621.30,1627.09,1630.44,1631.52,1632.39,1635.73,1638.89,1643.80,1650.63,1654.81,1660.06,1664.90,1669.01,1669.28,1666.93,1664.55,1663.82,1663.98,1665.06,1666.61,1669.11,1672.92,1675.34,1675.34,1674.42,1677.23,1686.74,1703.39,1719.44,1729.11,1734.61,1747.03,1757.58,1761.39,1761.01,1758.58,1756.00,1754.73,1753.13,1746.14,1737.12,1728.88,1727.22,1725.11,1724.26,1732.74,1743.64,1752.94,1758.71,1764.01,1766.79,1767.25,1767.42,1770.90,1779.75,1791.37,1802.35,1809.42,1815.68,1823.78,1832.56,1841.23,1850.59,1859.08,1870.68,1881.17,1888.81,1903.00,1922.92,1926.84,1937.05,1961.23,1980.76,2002.43,2019.90,2039.16,2057.17,2054.18,2034.48,2015.81,2018.21,2031.04,2040.25,2039.99,2040.99,2049.24
1145.06,1146.46,1147.57,1147.21,1148.80,1150.57,1149.50,1147.61,1147.07,1147.55,1149.03,1150.82,1153.09,1155.43,1157.81,1160.23,1162.72,1165.07,1167.10,1168.86,1171.32,1172.62,1174.11,1175.63,1177.09,1178.81,1180.72,1182.99,1185.57,1188.49,1190.31,1191.59,1192.65,1193.68,1195.33,1198.49,1201.89,1205.33,1207.16,1208.10,1208.66,1209.78,1211.09,1212.16,1213.62,1216.49,1226.09,1243.65,1260.88,1275.65,1287.12,1296.73,1305.52,1312.35,1315.86,1318.33,1321.52,1325.43,1329.84,1334.40,1338.51,1346.00,1351.46,1353.78,1357.57,1360.56,1363.03,1365.11,1367.28,1370.30,1374.12,1378.01,1383.77,1392.68,1400.14,1401.71,1403.08,1404.63,1405.73,1406.00,1406.11,1406.34,1407.97,1410.61,1414.95,1417.42,1417.68,1417.47,1418.48,1420.23,1422.23,1424.63,1426.24,1427.68,1429.14,1430.69,1432.17,1433.87,1435.91,1437.87,1439.40,1441.01,1442.59,1444.17,1445.70,1446.50,1446.69,1446.96,1447.25,1447.54,1449.83,1452.48,1455.19,1457.91,1459.95,1461.59,1464.03,1466.70,1469.78,1473.85,1477.90,1479.71,1479.92,1481.03,1484.06,1486.17,1487.79,1488.57,1490.21,1491.27,1495.00,1494.70,1493.87,1493.54,1493.18,1492.51,1492.27,1492.14,1494.27,1499.46,1500.38,1504.49,1511.37,1514.93,1515.68,1515.28,1519.88,1527.17,1537.06,1542.44,1545.76,1546.74,1545.41,1544.46,1541.33,1542.01,1548.56,1554.29,1556.82,1559.07,1563.26,1567.46,1573.46,1580.66,1584.50,1584.51,1582.80,1584.41,1591.16,1600.70,1607.60,1612.59,1617.93,1620.63,1621.20,1628.10,1636.49,1644.78,1652.57,1659.08,1662.23,1662.57,1658.53,1652.25,1648.42,1647.56,1648.10,1649.82,1652.94,1656.94,1661.86,1664.57,1664.52,1664.78,1668.01,1677.03,1688.19,1700.20,1710.34,1717.91,1728.74,1741.71,1744.56,1744.93,1744.12,1740.19,1738.02,1738.50,1736.87,1730.78,1722.24,1717.38,1715.87,1717.51,1726.53,1737.10,1747.25,1755.64,1763.56,1771.26,1777.19,1781.80,1782.94,1782.21,1780.48,1783.69,1792.16,1799.31,1807.10,1811.11,1815.07,1820.52,1828.85,1834.99,1841.07,1846.07,1854.98,1885.19,1899.29,1906.28,1931.93,1958.17,1980.56,1996.93,2011.52,2025.60,2038.29,2033.25,2016.02,2006.89,2026.74,2048.00,2062.97,2063.44,2062.63,2070.89
1146.87,1147.72,1148.89,1149.04,1149.92,1152.05,1150.82,1150.45,1150.79,1150.71,1151.77,1152.45,1152.93,1154.93,1157.10,1159.35,1162.16,1164.62,1167.08,1169.43,1171.80,1173.95,1175.68,1177.19,1178.55,1179.89,1182.23,1184.80,1187.37,1189.93,1191.86,1193.22,1194.37,1195.88,1197.70,1198.59,1199.70,1204.44,1209.05,1209.86,1210.42,1212.00,1213.66,1215.09,1216.46,1219.22,1229.41,1245.13,1261.86,1277.71,1289.12,1298.81,1307.47,1315.27,1320.49,1324.15,1327.91,1333.67,1340.12,1345.02,1348.58,1350.78,1352.27,1354.35,1356.81,1359.42,1362.33,1365.37,1368.28,1371.15,1375.05,1379.21,1386.22,1395.42,1401.20,1402.51,1403.81,1405.13,1406.53,1407.68,1408.10,1408.11,1408.58,1411.68,1416.49,1419.64,1419.92,1419.37,1420.08,1422.06,1423.79,1425.41,1427.45,1428.98,1430.39,1431.68,1433.03,1434.47,1435.95,1437.37,1439.37,1441.34,1442.93,1444.42,1444.92,1444.63,1444.39,1444.47,1444.64,1445.70,1449.12,1451.95,1454.81,1458.18,1461.06,1463.42,1465.34,1467.60,1470.13,1473.53,1474.81,1474.90,1474.94,1476.60,1479.24,1477.04,1473.96,1475.73,1475.82,1478.09,1482.07,1483.23,1481.05,1480.01,1483.01,1484.47,1485.67,1488.14,1490.82,1493.75,1497.61,1499.97,1501.82,1506.29,1509.68,1514.39,1523.70,1532.28,1540.60,1542.79,1542.01,1537.14,1534.26,1534.17,1537.06,1542.22,1545.51,1546.92,1547.89,1550.07,1552.84,1555.73,1559.80,1566.34,1568.57,1567.67,1565.65,1568.80,1574.68,1582.01,1589.87,1595.32,1599.09,1599.99,1604.30,1613.75,1623.80,1632.72,1641.82,1650.55,1654.14,1651.23,1645.21,1640.03,1638.05,1638.24,1639.84,1642.38,1646.30,1651.74,1655.61,1656.03,1656.33,1661.17,1669.20,1677.93,1683.26,1687.52,1695.03,1709.90,1726.93,1733.41,1728.08,1726.34,1725.80,1722.90,1722.73,1723.10,1721.22,1716.01,1710.40,1707.35,1710.11,1721.99,1732.07,1739.79,1749.26,1758.61,1769.95,1778.23,1786.47,1795.79,1803.41,1806.40,1800.90,1794.36,1792.91,1796.19,1798.51,1804.15,1811.37,1815.93,1819.73,1825.69,1829.73,1833.64,1841.86,1872.54,1884.07,1897.15,1924.30,1946.74,1968.82,1981.62,1994.91,2006.98,2012.22,2006.27,1992.00,2000.90,2022.72,2043.04,2067.87,2082.46,2093.18,2103.23
1148.79,1149.37,1150.42,1151.20,1151.96,1153.69,1153.49,1154.43,1156.29,1157.61,1157.07,1156.33,1154.76,1155.26,1157.63,1160.00,1162.09,1164.21,1166.61,1168.85,1171.20,1173.56,1175.80,1177.88,1179.87,1181.63,1183.54,1186.07,1188.32,1190.15,1192.26,1194.31,1196.09,1197.84,1199.71,1201.86,1202.19,1204.31,1209.13,1210.99,1212.13,1214.39,1215.88,1217.70,1219.64,1224.38,1234.59,1248.67,1265.61,1281.15,1292.87,1303.41,1311.48,1318.80,1324.34,1328.78,1333.25,1340.15,1346.71,1350.45,1351.59,1352.30,1353.24,1354.82,1356.78,1359.04,1361.72,1364.74,1367.94,1371.63,1376.43,1381.75,1388.93,1396.87,1401.46,1402.86,1404.22,1405.63,1407.01,1408.35,1409.67,1410.01,1409.71,1412.74,1417.42,1420.46,1421.11,1420.92,1421.66,1423.51,1425.47,1427.27,1428.83,1430.06,1431.29,1432.47,1433.82,1435.26,1436.74,1438.27,1439.87,1441.74,1443.15,1443.40,1443.02,1442.63,1442.33,1442.19,1442.27,1443.28,1446.24,1448.86,1451.63,1456.22,1460.73,1463.20,1464.09,1465.57,1469.18,1470.21,1469.41,1469.45,1469.00,1466.63,1464.22,1457.72,1456.99,1459.28,1460.27,1462.79,1466.00,1469.15,1472.32,1478.76,1481.36,1484.56,1487.59,1492.26,1496.75,1501.48,1506.51,1511.71,1513.84,1515.55,1517.48,1523.39,1529.34,1535.42,1539.13,1538.85,1533.27,1524.63,1523.40,1528.82,1535.03,1538.68,1541.00,1542.37,1540.62,1537.38,1538.95,1541.88,1545.36,1549.45,1552.61,1554.08,1554.16,1556.54,1562.25,1568.91,1574.16,1578.95,1582.91,1585.71,1591.80,1602.13,1609.81,1618.38,1626.79,1633.50,1637.27,1636.28,1633.21,1631.00,1631.30,1632.78,1635.05,1638.37,1643.62,1648.93,1648.47,1647.53,1652.61,1660.27,1668.23,1669.24,1670.18,1675.32,1689.47,1705.57,1715.93,1713.97,1707.59,1705.07,1704.92,1704.83,1705.29,1705.06,1703.01,1701.49,1699.44,1702.87,1716.14,1726.10,1733.76,1740.95,1750.11,1762.15,1772.46,1781.46,1790.95,1802.76,1816.11,1826.05,1827.15,1818.32,1812.52,1810.59,1808.09,1812.84,1821.40,1826.86,1829.10,1835.55,1841.91,1843.87,1846.51,1858.01,1867.58,1879.27,1907.78,1930.81,1946.05,1956.62,1972.94,1986.25,1985.49,1976.10,1981.03,1999.99,2018.12,2037.66,2062.56,2084.21,2103.93,2121.46
1150.34,1151.26,1152.08,1153.24,1154.23,1155.64,1156.67,1158.05,1159.47,1161.21,1161.10,1159.50,1157.72,1156.63,1157.89,1160.24,1162.27,1164.43,1167.23,1169.71,1171.88,1174.04,1176.19,1178.28,1180.51,1182.77,1184.86,1186.87,1188.65,1190.50,1192.68,1194.94,1196.92,1198.69,1200.95,1204.25,1206.86,1208.45,1209.34,1211.28,1213.95,1216.62,1218.26,1220.05,1223.89,1230.12,1240.16,1251.92,1268.14,1282.16,1292.75,1302.31,1309.31,1316.64,1324.24,1331.34,1337.49,1345.30,1350.42,1352.15,1353.13,1353.83,1354.53,1355.72,1357.31,1359.12,1361.83,1365.00,1367.63,1371.93,1378.55,1385.98,1391.86,1397.09,1400.53,1402.13,1403.64,1405.19,1406.73,1408.27,1410.19,1412.28,1412.45,1414.37,1418.05,1420.78,1422.13,1422.51,1423.31,1425.01,1426.81,1428.34,1429.65,1430.88,1431.68,1432.31,1432.90,1433.85,1435.34,1437.25,1439.90,1441.69,1441.93,1441.58,1441.02,1440.22,1438.94,1438.53,1439.15,1440.57,1443.35,1445.50,1448.79,1454.89,1459.72,1461.14,1460.80,1460.39,1459.88,1457.20,1458.02,1459.55,1458.27,1455.19,1454.18,1454.37,1458.23,1462.12,1463.98,1466.02,1469.06,1474.39,1479.16,1486.42,1489.08,1490.83,1493.46,1499.13,1506.90,1510.74,1513.16,1518.64,1522.45,1524.16,1526.88,1530.87,1533.18,1534.73,1534.06,1533.15,1526.99,1513.38,1515.05,1520.76,1522.47,1525.57,1530.30,1532.85,1528.84,1521.71,1519.40,1519.40,1520.77,1524.28,1529.90,1535.35,1539.23,1543.13,1549.85,1556.79,1561.63,1565.39,1570.95,1576.75,1583.86,1591.40,1598.57,1605.15,1612.67,1618.91,1622.81,1623.82,1624.27,1624.84,1626.26,1628.53,1632.40,1637.92,1643.20,1645.04,1642.21,1642.33,1652.98,1658.56,1659.17,1657.96,1663.85,1671.68,1681.26,1690.24,1695.23,1693.58,1689.68,1688.09,1689.54,1691.67,1692.04,1690.97,1690.16,1691.43,1700.15,1710.77,1720.73,1726.21,1733.53,1744.55,1754.18,1763.51,1771.47,1782.67,1793.86,1808.90,1827.70,1845.14,1853.76,1848.13,1841.59,1837.81,1828.93,1825.34,1837.66,1845.06,1844.57,1846.45,1853.90,1858.98,1860.20,1863.79,1874.01,1880.61,1890.89,1909.61,1928.16,1941.88,1952.99,1961.18,1965.09,1974.64,1989.66,2007.06,2023.72,2041.94,2062.80,2085.89,2105.74,2126.98
1151.52,1152.55,1153.70,1154.91,1156.18,1157.42,1158.28,1159.13,1160.35,1162.47,1163.55,1162.21,1160.12,1158.46,1158.78,1160.39,1162.42,1164.66,1167.50,1170.26,1172.40,1174.35,1176.26,1178.30,1180.62,1183.02,1185.44,1187.66,1189.70,1191.57,1193.57,1195.67,1197.56,1199.49,1202.65,1206.39,1209.37,1211.34,1212.69,1213.24,1214.88,1218.63,1221.33,1223.72,1227.23,1235.10,1245.36,1258.05,1269.95,1280.35,1288.18,1297.19,1304.60,1310.94,1318.29,1327.53,1339.03,1349.29,1351.92,1353.59,1354.66,1355.38,1356.14,1356.91,1358.30,1360.18,1363.21,1366.90,1370.29,1375.35,1382.16,1388.94,1393.78,1398.01,1400.94,1402.78,1404.46,1406.07,1407.72,1409.39,1411.22,1413.53,1415.52,1416.97,1419.24,1420.92,1422.27,1423.50,1424.44,1425.37,1425.97,1426.60,1428.61,1430.48,1430.64,1430.90,1431.37,1431.67,1432.93,1435.39,1438.42,1438.46,1437.59,1433.84,1431.29,1427.55,1426.57,1427.86,1432.36,1434.74,1438.47,1440.12,1443.52,1448.03,1449.69,1449.05,1447.42,1443.51,1438.61,1440.28,1445.41,1449.63,1449.98,1449.83,1452.53,1456.18,1460.15,1465.31,1468.76,1473.44,1480.91,1487.42,1491.42,1495.23,1497.86,1500.47,1504.32,1509.85,1512.43,1514.51,1516.93,1519.86,1522.60,1524.83,1527.76,1529.90,1530.06,1529.05,1526.96,1522.97,1512.40,1498.00,1498.76,1503.72,1502.29,1505.93,1513.57,1514.72,1510.07,1504.16,1502.83,1503.07,1505.59,1508.51,1513.23,1519.36,1524.55,1529.40,1535.80,1543.04,1548.55,1552.48,1559.79,1570.62,1577.11,1581.82,1585.68,1592.77,1600.98,1607.99,1613.00,1615.69,1617.56,1620.56,1624.85,1629.04,1633.47,1639.18,1642.18,1639.08,1634.71,1640.61,1650.14,1649.99,1647.32,1651.52,1657.89,1662.68,1668.27,1673.06,1676.12,1676.82,1675.21,1674.78,1677.09,1677.27,1678.26,1679.96,1684.57,1698.78,1710.12,1716.00,1722.27,1728.22,1736.39,1746.68,1755.25,1763.14,1773.89,1786.62,1800.77,1817.42,1840.44,1856.06,1867.64,1872.32,1868.08,1864.36,1854.97,1846.35,1856.75,1865.13,1864.75,1863.07,1868.63,1877.19,1879.64,1882.65,1896.33,1901.50,1899.84,1907.71,1936.54,1955.73,1954.66,1962.24,1974.46,1989.91,2004.78,2018.54,2037.26,2055.85,2071.71,2092.28,2111.21,2128.50
1152.85,1153.66,1154.93,1156.40,1157.80,1159.12,1159.93,1160.74,1161.82,1163.49,1165.50,1165.43,1163.37,1162.05,1161.29,1161.28,1162.95,1164.94,1167.13,1169.30,1171.43,1173.75,1176.28,1178.90,1181.27,1183.49,1185.68,1187.87,1190.10,1192.23,1194.41,1196.51,1198.38,1200.57,1204.17,1208.26,1211.22,1213.19,1215.13,1216.74,1217.74,1218.78,1221.17,1225.63,1230.77,1239.33,1249.40,1262.76,1273.83,1282.96,1289.59,1297.71,1304.95,1309.29,1316.46,1328.92,1343.26,1351.36,1353.02,1354.76,1356.02,1356.92,1357.77,1358.55,1359.35,1361.89,1365.24,1368.63,1373.45,1379.09,1384.20,1389.54,1394.67,1399.32,1401.81,1403.65,1405.58,1407.66,1409.34,1410.95,1412.70,1414.65,1416.25,1416.69,1418.07,1420.21,1421.66,1422.81,1423.00,1423.26,1423.29,1423.80,1425.95,1426.62,1426.58,1427.13,1428.50,1428.41,1427.50,1427.00,1426.83,1425.90,1424.32,1422.95,1419.94,1418.02,1417.02,1416.07,1417.26,1420.45,1422.42,1424.18,1426.82,1430.36,1431.55,1430.64,1429.88,1429.65,1435.06,1438.27,1440.28,1443.49,1447.71,1453.71,1457.56,1461.13,1466.44,1473.07,1479.91,1485.86,1490.85,1493.01,1496.36,1500.61,1503.39,1506.30,1508.75,1510.83,1513.04,1514.78,1517.11,1519.16,1521.14,1522.25,1523.81,1523.03,1519.76,1514.29,1506.96,1497.42,1486.07,1478.39,1479.23,1482.81,1486.69,1493.26,1494.71,1495.22,1495.92,1496.81,1498.40,1503.26,1507.62,1512.16,1513.96,1514.40,1517.38,1521.46,1525.03,1528.84,1535.22,1541.64,1549.67,1559.49,1565.99,1569.29,1572.91,1579.61,1587.51,1595.86,1603.45,1609.41,1614.03,1619.91,1625.56,1630.57,1634.19,1637.24,1637.59,1631.46,1625.37,1633.84,1637.15,1633.00,1632.98,1639.55,1643.75,1646.97,1650.50,1652.90,1655.66,1657.90,1660.16,1663.43,1667.99,1672.70,1678.46,1685.73,1692.39,1698.32,1709.81,1717.42,1723.61,1729.99,1738.06,1745.78,1753.32,1763.05,1775.31,1789.47,1806.56,1824.89,1844.75,1856.10,1866.75,1881.02,1890.35,1888.18,1873.42,1864.84,1875.53,1888.46,1890.49,1883.93,1887.02,1896.81,1901.06,1906.10,1919.29,1930.64,1929.01,1926.10,1942.27,1964.99,1972.08,1977.01,1987.13,1999.58,2015.02,2028.80,2044.86,2058.16,2074.67,2092.59,2109.52,2123.56
1154.18,1154.99,1155.89,1157.28,1158.88,1160.47,1161.89,1162.80,1163.82,1164.92,1166.62,1168.43,1168.30,1166.93,1164.74,1163.18,1164.11,1166.26,1168.23,1169.85,1171.99,1174.81,1177.51,1180.08,1182.32,1184.49,1186.59,1188.65,1190.82,1193.04,1195.27,1197.47,1199.41,1201.96,1205.00,1208.77,1211.82,1214.44,1216.76,1218.89,1221.10,1221.44,1221.36,1225.57,1232.78,1240.69,1250.52,1264.67,1276.74,1287.08,1294.67,1301.45,1309.43,1314.11,1321.61,1332.99,1343.27,1350.48,1352.46,1354.38,1355.35,1355.80,1357.28,1359.52,1361.63,1364.05,1366.97,1370.18,1375.76,1381.20,1385.67,1390.27,1395.30,1399.89,1402.25,1404.35,1406.36,1408.67,1410.55,1412.08,1413.48,1414.26,1414.22,1413.47,1414.58,1418.59,1420.96,1421.46,1421.15,1420.99,1420.15,1418.88,1416.93,1416.38,1416.91,1418.25,1421.01,1420.07,1416.82,1416.51,1417.27,1415.64,1412.50,1410.09,1406.35,1404.56,1404.29,1404.42,1406.04,1408.88,1411.60,1413.14,1415.70,1419.56,1422.19,1424.99,1428.71,1437.80,1445.20,1448.47,1451.69,1455.34,1459.04,1464.24,1468.08,1472.32,1479.45,1485.17,1488.57,1491.04,1493.73,1495.79,1499.14,1501.77,1504.16,1505.91,1507.40,1509.75,1510.99,1513.13,1515.80,1517.75,1518.41,1518.54,1516.89,1508.70,1498.67,1488.36,1480.30,1473.90,1470.29,1474.51,1480.39,1483.42,1484.56,1487.01,1490.06,1496.58,1500.10,1502.22,1504.59,1510.23,1517.04,1522.70,1525.17,1524.88,1523.58,1521.20,1520.99,1523.93,1527.24,1532.09,1537.76,1544.53,1552.33,1555.92,1559.90,1565.65,1572.70,1580.16,1588.04,1597.11,1606.31,1614.08,1620.79,1624.82,1627.97,1629.52,1629.35,1622.54,1612.86,1613.90,1614.88,1616.60,1619.36,1624.96,1630.09,1633.38,1638.42,1643.31,1649.76,1658.09,1665.87,1671.16,1675.04,1681.30,1690.83,1699.11,1705.47,1708.40,1710.02,1714.30,1721.43,1728.45,1736.01,1744.55,1752.89,1760.05,1770.57,1785.12,1802.34,1822.21,1834.13,1844.99,1853.87,1867.95,1886.33,1899.61,1888.54,1883.74,1894.02,1909.77,1912.21,1904.36,1905.93,1915.34,1922.65,1933.43,1945.27,1953.51,1953.18,1950.90,1958.21,1972.18,1980.33,1983.54,1988.96,1997.66,2009.75,2020.54,2032.30,2047.40,2065.88,2082.86,2095.57,2106.53
1155.56,1156.32,1157.17,1158.06,1159.61,1161.38,1163.14,1164.70,1165.84,1166.81,1167.96,1169.74,1171.32,1170.07,1167.67,1165.66,1165.35,1167.63,1169.92,1171.60,1173.40,1176.03,1178.44,1180.63,1182.96,1185.31,1187.62,1189.73,1191.81,1193.95,1196.16,1198.37,1200.63,1203.48,1206.40,1209.50,1212.46,1215.36,1217.88,1219.93,1222.43,1224.25,1224.54,1226.10,1232.31,1239.60,1249.03,1262.82,1275.05,1286.50,1297.12,1304.68,1310.89,1315.23,1321.32,1331.51,1338.43,1345.41,1350.22,1352.83,1352.54,1352.10,1352.81,1354.68,1360.01,1363.86,1367.50,1371.76,1377.93,1382.84,1387.15,1391.52,1396.09,1400.05,1402.33,1404.36,1405.33,1407.23,1410.25,1411.80,1411.77,1411.90,1411.74,1410.23,1409.27,1413.16,1417.12,1416.71,1412.10,1409.13,1407.91,1405.81,1403.09,1401.17,1400.70,1401.65,1404.08,1403.12,1400.58,1399.81,1400.08,1399.94,1398.47,1393.96,1393.97,1396.78,1399.33,1402.39,1407.28,1410.01,1412.51,1416.35,1421.15,1422.33,1425.94,1432.66,1440.27,1448.64,1453.28,1458.89,1462.04,1464.21,1466.11,1470.85,1475.13,1477.92,1483.59,1489.85,1491.98,1493.93,1495.92,1497.86,1499.76,1501.26,1502.53,1504.04,1506.18,1507.35,1509.35,1512.20,1514.63,1514.26,1513.16,1510.46,1500.92,1484.73,1472.81,1467.08,1465.76,1466.72,1474.03,1482.67,1487.75,1491.43,1494.15,1498.09,1504.29,1513.14,1519.59,1521.40,1522.22,1527.14,1534.37,1540.37,1543.47,1545.44,1545.15,1539.87,1532.73,1530.15,1530.47,1532.26,1536.19,1538.71,1540.69,1543.83,1547.08,1551.63,1557.43,1564.29,1572.36,1581.49,1590.98,1600.73,1607.23,1611.46,1613.56,1614.67,1614.01,1609.11,1603.68,1609.00,1615.42,1620.94,1624.95,1629.38,1632.84,1639.45,1650.81,1659.49,1667.45,1676.20,1685.02,1689.10,1690.98,1695.14,1700.24,1707.26,1712.66,1717.27,1721.65,1724.52,1728.11,1732.94,1741.49,1752.17,1762.54,1770.35,1777.28,1787.90,1798.11,1812.60,1825.84,1840.39,1855.87,1868.83,1885.60,1903.21,1905.17,1903.88,1911.67,1925.51,1931.13,1925.20,1925.07,1929.06,1934.54,1943.86,1956.21,1963.67,1967.66,1969.84,1972.87,1972.82,1971.88,1972.85,1978.54,1987.46,1997.46,2009.00,2019.13,2037.47,2053.80,2066.73,2081.36,2094.35
1156.89,1157.63,1158.49,1159.31,1160.49,1162.28,1164.13,1165.93,1167.48,1168.74,1169.79,1171.15,1173.06,1172.69,1170.19,1168.29,1167.07,1168.44,1170.52,1172.59,1174.59,1176.79,1178.82,1180.97,1183.30,1185.74,1188.37,1190.71,1192.75,1194.97,1197.11,1199.33,1202.08,1205.07,1208.03,1210.92,1213.82,1216.54,1219.10,1221.03,1223.21,1225.64,1227.52,1228.29,1230.21,1237.18,1245.40,1256.50,1268.48,1279.63,1292.99,1303.54,1310.14,1314.57,1319.62,1327.63,1333.41,1338.38,1347.65,1351.82,1350.29,1348.24,1347.46,1348.95,1355.78,1362.10,1365.89,1371.54,1378.36,1383.53,1387.89,1391.95,1395.96,1399.66,1401.86,1402.24,1401.24,1401.02,1406.39,1409.97,1408.62,1406.85,1405.79,1401.56,1398.92,1400.30,1400.97,1397.94,1392.45,1390.06,1389.04,1385.97,1384.04,1383.62,1383.51,1383.38,1384.00,1385.55,1387.23,1387.61,1387.74,1388.94,1388.73,1389.94,1397.31,1402.68,1407.70,1413.47,1418.26,1423.34,1427.58,1431.54,1435.99,1438.13,1440.68,1445.65,1450.27,1453.43,1456.83,1461.18,1464.35,1467.45,1470.36,1473.55,1478.56,1482.38,1486.81,1490.41,1492.28,1494.53,1496.24,1497.43,1498.31,1499.29,1500.69,1502.47,1504.03,1505.38,1508.78,1511.63,1512.54,1510.46,1501.09,1486.91,1474.28,1462.39,1458.20,1459.79,1466.29,1476.37,1486.26,1494.47,1501.95,1509.95,1517.13,1523.05,1529.53,1534.24,1537.21,1538.36,1539.51,1541.85,1546.89,1551.24,1553.05,1558.08,1560.44,1557.70,1549.05,1542.10,1540.93,1543.19,1546.62,1547.14,1546.18,1547.40,1550.01,1550.72,1553.22,1557.23,1560.14,1572.10,1577.77,1585.31,1591.24,1594.79,1596.92,1597.62,1597.19,1596.88,1599.68,1606.74,1611.57,1615.78,1619.14,1621.21,1623.86,1630.26,1640.42,1648.14,1659.48,1669.67,1679.95,1689.29,1697.59,1702.65,1706.19,1711.07,1715.92,1721.16,1726.49,1731.32,1736.05,1742.34,1748.30,1758.93,1770.07,1780.92,1794.43,1808.11,1816.89,1826.33,1838.16,1852.54,1866.06,1877.87,1893.50,1906.55,1910.44,1913.62,1920.32,1929.93,1932.52,1928.34,1921.57,1920.67,1924.64,1934.14,1950.62,1962.26,1967.65,1969.45,1966.44,1960.85,1957.99,1961.03,1968.51,1976.58,1986.26,1998.54,2009.93,2024.69,2037.93,2053.77,2073.76,2095.36
1157.87,1158.84,1159.71,1160.76,1161.97,1163.51,1165.28,1166.99,1168.53,1170.15,1171.72,1172.94,1174.61,1175.83,1174.28,1172.23,1169.53,1169.68,1172.68,1173.47,1174.85,1177.01,1179.19,1181.36,1183.64,1186.12,1188.70,1191.23,1193.24,1195.67,1197.97,1200.34,1203.39,1206.49,1209.61,1212.55,1215.43,1218.29,1220.68,1222.54,1224.38,1226.44,1228.69,1230.36,1231.36,1234.57,1240.98,1249.51,1259.94,1269.67,1284.19,1298.04,1306.61,1312.10,1316.81,1322.84,1328.39,1334.55,1344.68,1350.85,1349.44,1345.28,1345.65,1349.90,1354.84,1358.48,1360.97,1366.48,1374.31,1381.33,1386.19,1390.72,1392.60,1395.86,1398.89,1398.71,1394.62,1390.97,1393.38,1396.12,1393.96,1390.88,1388.53,1386.24,1385.17,1385.01,1383.49,1378.58,1372.58,1370.98,1370.54,1370.42,1370.35,1371.81,1374.33,1375.26,1375.63,1376.64,1379.80,1381.12,1381.00,1383.84,1388.16,1395.72,1404.12,1409.72,1415.63,1421.46,1424.94,1429.25,1433.46,1437.51,1441.32,1444.22,1447.88,1451.46,1453.36,1455.78,1458.69,1461.34,1464.31,1467.70,1471.06,1475.10,1479.01,1482.84,1486.78,1489.76,1491.49,1492.68,1494.30,1495.17,1495.80,1497.85,1500.39,1502.08,1503.84,1505.85,1507.79,1509.62,1509.12,1499.72,1476.32,1461.83,1456.28,1453.14,1458.42,1469.45,1482.99,1494.09,1503.86,1513.18,1520.84,1528.00,1531.90,1535.28,1539.55,1542.07,1543.82,1544.83,1547.18,1548.98,1551.64,1555.48,1556.33,1560.27,1562.86,1563.28,1562.13,1560.47,1560.61,1561.62,1563.46,1563.87,1560.87,1556.24,1555.54,1556.00,1558.55,1562.64,1561.54,1565.00,1568.62,1572.65,1578.25,1581.05,1584.35,1587.19,1589.15,1592.92,1596.80,1600.73,1605.05,1608.32,1611.53,1617.45,1620.53,1622.52,1627.58,1632.59,1641.98,1650.71,1658.17,1670.49,1685.91,1700.96,1708.77,1713.41,1717.93,1723.50,1729.28,1734.95,1739.70,1746.02,1754.78,1765.89,1776.77,1788.39,1803.23,1818.36,1829.06,1836.48,1844.41,1852.57,1862.50,1872.98,1884.30,1892.93,1893.47,1900.26,1908.79,1918.95,1922.88,1915.40,1907.47,1908.44,1915.21,1926.69,1941.91,1949.32,1950.96,1956.14,1954.63,1948.28,1947.84,1952.65,1960.63,1970.53,1979.82,1990.06,1999.73,2015.16,2034.95,2057.48,2075.71,2093.77
1156.84,1158.75,1160.46,1161.91,1163.19,1164.46,1165.73,1166.95,1168.13,1169.85,1172.00,1174.14,1176.01,1177.53,1178.77,1179.10,1177.46,1175.18,1177.13,1176.84,1176.38,1177.24,1179.41,1181.63,1183.91,1186.29,1188.64,1191.11,1193.66,1196.02,1198.54,1201.27,1204.43,1207.66,1210.78,1213.70,1216.67,1219.62,1222.04,1224.13,1226.02,1228.00,1229.79,1231.48,1232.84,1234.13,1237.90,1242.99,1251.57,1261.04,1273.94,1289.63,1301.63,1307.97,1313.33,1318.70,1324.48,1331.53,1337.99,1344.81,1346.37,1342.12,1342.36,1346.42,1349.68,1351.50,1353.77,1357.29,1364.20,1371.42,1378.15,1381.86,1382.81,1386.59,1388.04,1385.79,1382.01,1378.31,1376.13,1374.79,1373.56,1371.30,1368.78,1367.46,1367.30,1366.73,1364.25,1360.70,1358.46,1357.99,1359.08,1361.55,1362.43,1363.94,1367.65,1369.20,1369.97,1371.07,1374.35,1378.01,1383.60,1391.64,1398.48,1405.18,1410.53,1413.20,1418.11,1422.02,1425.64,1429.42,1433.55,1437.55,1441.55,1445.49,1449.05,1451.89,1453.68,1455.39,1458.18,1460.97,1463.56,1466.45,1470.30,1475.26,1479.66,1483.14,1486.17,1487.63,1488.44,1488.55,1488.88,1491.50,1494.67,1497.79,1500.35,1502.12,1503.90,1505.25,1503.37,1498.74,1490.66,1471.39,1454.71,1450.10,1449.51,1457.46,1473.28,1490.39,1503.22,1513.34,1519.65,1523.00,1527.09,1530.13,1533.52,1536.99,1539.65,1541.13,1544.88,1548.81,1551.99,1555.01,1558.42,1559.79,1559.24,1560.57,1563.48,1565.97,1566.95,1567.74,1569.54,1571.11,1572.91,1574.12,1574.60,1570.87,1565.70,1567.39,1568.83,1567.50,1565.78,1568.34,1571.40,1575.23,1581.25,1584.81,1588.38,1592.57,1595.99,1601.73,1607.19,1612.55,1616.34,1618.56,1621.24,1625.33,1629.89,1633.74,1634.46,1634.77,1635.34,1639.37,1645.89,1655.26,1670.08,1686.63,1706.48,1717.44,1724.44,1729.68,1733.99,1738.82,1747.04,1756.70,1767.76,1779.05,1791.46,1803.47,1813.22,1817.07,1818.94,1825.62,1832.78,1837.86,1847.91,1862.08,1874.57,1876.29,1875.51,1883.65,1893.54,1907.93,1909.52,1900.91,1892.72,1894.61,1909.47,1922.30,1930.19,1933.78,1933.77,1937.15,1939.39,1937.48,1940.19,1945.92,1954.33,1964.85,1972.40,1980.83,1991.95,2009.21,2030.43,2051.52,2072.24,2094.41
1155.22,1157.31,1159.53,1160.97,1161.93,1162.87,1163.91,1165.28,1167.89,1170.48,1172.31,1174.54,1176.65,1178.40,1180.26,1182.12,1182.34,1182.13,1182.58,1181.95,1180.17,1178.88,1179.83,1182.02,1184.03,1186.07,1188.55,1191.20,1193.70,1196.17,1198.69,1201.74,1205.30,1208.55,1211.58,1214.47,1217.35,1220.10,1222.66,1225.18,1227.45,1229.71,1231.62,1233.07,1234.58,1236.70,1238.76,1239.55,1244.59,1253.52,1265.14,1279.45,1292.94,1301.36,1307.01,1312.28,1316.85,1322.50,1327.11,1330.38,1331.64,1331.07,1331.01,1332.45,1333.16,1334.49,1339.78,1346.63,1353.58,1360.29,1365.69,1369.51,1371.30,1372.36,1371.52,1368.09,1362.97,1358.23,1355.04,1352.88,1351.58,1350.79,1350.31,1350.48,1350.55,1349.94,1348.25,1347.66,1349.59,1352.13,1354.37,1356.58,1359.46,1361.75,1364.35,1367.18,1372.06,1377.33,1381.79,1387.22,1392.76,1396.56,1401.88,1409.04,1412.74,1415.29,1417.87,1421.37,1425.91,1430.00,1433.75,1438.40,1442.11,1444.39,1447.10,1449.63,1450.77,1452.04,1454.49,1457.42,1459.96,1462.60,1469.21,1475.64,1480.51,1482.79,1483.63,1483.81,1484.15,1483.83,1484.35,1489.01,1494.66,1497.20,1499.69,1501.45,1502.51,1502.90,1493.34,1473.19,1455.72,1445.17,1444.52,1448.88,1458.74,1476.18,1497.32,1509.61,1515.24,1520.70,1523.21,1525.37,1527.44,1528.98,1531.20,1534.00,1536.37,1538.46,1542.45,1547.92,1551.15,1554.30,1558.53,1560.61,1562.54,1563.61,1565.77,1567.68,1569.21,1571.69,1574.02,1576.42,1578.19,1579.36,1581.29,1582.77,1582.48,1585.80,1585.66,1578.43,1571.91,1574.18,1577.28,1581.22,1589.21,1594.88,1598.82,1604.53,1610.76,1619.22,1626.92,1632.88,1637.09,1639.14,1639.38,1640.14,1642.05,1645.67,1649.57,1649.89,1645.47,1641.30,1643.21,1651.67,1661.74,1674.35,1696.18,1721.01,1735.22,1743.45,1745.26,1746.29,1752.22,1765.07,1778.50,1791.51,1804.28,1811.11,1808.53,1806.16,1807.76,1812.10,1820.43,1834.09,1846.05,1856.85,1863.88,1860.71,1864.46,1870.56,1884.34,1898.73,1897.67,1889.00,1883.36,1886.90,1901.03,1912.28,1915.81,1918.16,1919.39,1922.71,1927.22,1929.96,1934.33,1941.61,1948.45,1957.48,1967.41,1978.80,1992.15,2011.05,2034.00,2056.70,2079.20,2098.29
1152.98,1153.76,1155.42,1157.61,1159.34,1160.62,1161.94,1163.52,1167.52,1170.91,1172.99,1174.96,1177.01,1178.82,1180.81,1182.96,1184.71,1185.83,1187.71,1189.68,1189.35,1186.44,1184.68,1186.22,1187.03,1187.85,1188.98,1190.90,1193.34,1196.03,1198.83,1202.52,1206.21,1209.42,1212.24,1215.01,1217.76,1220.15,1222.89,1225.58,1228.18,1230.71,1232.97,1234.89,1236.50,1238.28,1241.14,1242.49,1243.31,1245.41,1253.23,1266.93,1280.59,1288.96,1294.18,1298.53,1302.16,1306.43,1310.38,1312.96,1312.87,1313.14,1313.93,1315.51,1316.65,1318.27,1322.21,1329.21,1337.68,1346.43,1353.78,1357.78,1357.79,1354.70,1350.52,1345.62,1341.90,1339.49,1337.59,1335.19,1333.29,1333.81,1334.97,1336.62,1338.58,1340.81,1345.37,1351.54,1354.83,1357.25,1359.04,1361.14,1365.67,1368.65,1370.11,1372.77,1377.77,1382.23,1386.17,1390.08,1394.89,1399.70,1404.14,1409.02,1412.48,1414.95,1417.41,1420.44,1423.06,1425.64,1428.71,1433.55,1436.25,1436.32,1437.27,1438.26,1438.46,1439.70,1441.11,1443.51,1448.58,1456.94,1466.09,1471.65,1475.73,1478.68,1479.16,1478.02,1476.00,1474.39,1474.79,1480.45,1489.62,1494.31,1496.19,1496.34,1494.73,1487.34,1475.46,1452.90,1439.43,1443.10,1449.11,1461.33,1478.55,1498.27,1509.87,1513.15,1517.39,1520.81,1522.73,1524.70,1526.91,1528.51,1530.11,1532.57,1535.36,1538.28,1541.30,1545.21,1548.04,1550.95,1554.88,1557.66,1560.76,1564.89,1567.62,1569.01,1571.07,1574.73,1577.68,1580.75,1583.46,1585.11,1586.96,1588.28,1590.44,1593.57,1594.65,1594.26,1590.33,1589.86,1593.13,1594.66,1594.01,1599.12,1608.76,1618.55,1625.99,1635.45,1645.23,1653.06,1657.13,1659.22,1659.84,1662.45,1666.81,1669.24,1670.34,1668.45,1662.50,1653.15,1646.68,1648.24,1655.87,1667.72,1686.64,1714.82,1736.50,1753.92,1759.16,1758.78,1759.21,1765.40,1775.14,1788.91,1801.04,1804.26,1795.79,1794.65,1798.48,1802.16,1810.89,1824.61,1834.11,1841.81,1846.56,1846.85,1851.58,1859.80,1879.01,1888.64,1885.80,1877.15,1875.66,1880.39,1888.75,1896.40,1903.11,1909.00,1913.36,1916.47,1920.33,1924.48,1928.38,1936.89,1943.87,1952.36,1965.50,1981.25,2001.78,2025.71,2047.19,2068.99,2090.13,2108.60
1147.24,1148.34,1150.07,1151.56,1153.42,1156.10,1159.47,1161.15,1164.28,1168.98,1172.11,1174.31,1176.53,1178.78,1180.91,1182.87,1184.82,1186.74,1188.61,1190.49,1191.80,1191.44,1191.13,1191.19,1191.71,1192.72,1193.43,1193.05,1194.02,1196.09,1198.85,1202.71,1207.00,1210.48,1212.91,1215.35,1217.66,1219.86,1222.84,1225.94,1228.93,1231.46,1233.79,1236.09,1238.24,1240.04,1241.78,1244.43,1246.85,1248.69,1249.94,1251.87,1263.27,1274.83,1280.33,1283.22,1285.70,1288.71,1292.75,1294.92,1293.61,1295.17,1296.49,1299.93,1303.65,1306.64,1309.24,1314.00,1321.49,1329.86,1337.45,1340.38,1338.94,1336.08,1332.92,1327.77,1323.28,1325.77,1326.10,1326.59,1329.84,1332.80,1334.83,1337.59,1343.30,1345.87,1351.08,1358.34,1360.75,1362.03,1363.55,1366.50,1370.52,1372.15,1373.31,1374.94,1376.26,1379.80,1383.83,1388.57,1393.85,1397.27,1400.43,1404.12,1409.26,1411.18,1412.80,1414.97,1416.76,1418.74,1420.43,1421.77,1420.67,1418.64,1417.25,1415.93,1414.21,1413.70,1415.24,1423.05,1433.95,1443.07,1449.26,1452.59,1455.39,1457.30,1457.49,1456.26,1454.09,1453.76,1455.90,1462.75,1473.18,1481.15,1481.36,1475.99,1470.41,1467.47,1456.92,1439.95,1440.52,1449.30,1461.71,1475.28,1490.01,1505.11,1511.24,1513.23,1516.96,1519.40,1521.37,1523.92,1526.31,1528.02,1529.90,1532.36,1535.14,1538.14,1541.06,1544.60,1548.39,1552.87,1556.47,1558.54,1561.52,1564.82,1567.94,1570.74,1574.36,1578.07,1581.48,1584.75,1588.03,1590.60,1592.88,1594.76,1597.05,1599.07,1600.67,1603.23,1604.77,1606.11,1608.36,1610.16,1607.38,1604.90,1607.22,1612.56,1622.68,1636.66,1649.98,1661.95,1671.47,1677.58,1680.10,1682.91,1685.11,1686.72,1686.79,1683.81,1678.85,1669.87,1658.62,1653.74,1653.82,1663.04,1681.02,1702.20,1719.24,1736.92,1751.75,1758.78,1762.93,1767.35,1773.74,1781.46,1790.12,1795.08,1788.26,1790.34,1796.72,1802.71,1806.73,1811.76,1817.86,1823.16,1830.66,1836.61,1842.13,1850.72,1865.47,1872.88,1871.40,1867.61,1870.95,1877.33,1883.43,1888.58,1895.10,1902.22,1908.09,1912.29,1915.99,1919.66,1925.14,1932.43,1942.38,1954.15,1964.14,1980.35,2000.90,2025.19,2048.54,2070.51,2092.18,2109.07
1140.11,1142.88,1145.97,1147.01,1147.92,1149.52,1152.38,1156.46,1159.64,1165.47,1171.14,1173.33,1175.55,1178.00,1180.72,1182.73,1184.47,1186.31,1188.56,1190.62,1192.69,1193.34,1193.85,1194.75,1196.36,1198.65,1198.87,1197.44,1197.20,1197.44,1198.91,1202.12,1206.09,1209.65,1212.35,1215.19,1217.63,1219.89,1222.96,1226.28,1229.54,1232.19,1234.57,1236.83,1239.02,1241.58,1243.63,1245.19,1247.53,1250.58,1253.60,1253.80,1254.57,1258.89,1264.37,1266.52,1267.15,1269.59,1273.60,1278.47,1281.35,1283.29,1283.41,1284.85,1288.21,1292.99,1296.69,1302.54,1308.28,1313.68,1319.29,1321.61,1320.84,1320.18,1318.93,1317.87,1320.38,1324.19,1329.00,1333.48,1338.91,1339.98,1341.19,1345.24,1349.31,1351.38,1355.13,1359.97,1362.68,1363.97,1365.28,1366.00,1367.65,1367.14,1366.99,1368.18,1369.37,1373.92,1376.85,1380.89,1385.76,1387.67,1388.51,1389.92,1392.84,1397.13,1401.14,1405.11,1407.28,1407.55,1406.07,1402.86,1399.27,1396.03,1392.88,1390.09,1388.74,1389.56,1393.75,1403.82,1412.29,1417.37,1420.83,1423.78,1425.81,1426.86,1427.45,1427.80,1429.51,1432.37,1437.19,1443.75,1453.38,1461.54,1460.96,1454.28,1449.67,1445.37,1434.63,1433.70,1442.61,1455.36,1470.36,1485.39,1498.20,1509.41,1511.96,1513.60,1515.89,1517.91,1520.19,1523.12,1525.71,1527.78,1530.24,1532.63,1535.17,1537.58,1540.74,1545.35,1549.26,1555.82,1560.34,1561.66,1563.31,1565.48,1568.47,1572.61,1577.39,1581.54,1585.16,1588.77,1592.14,1595.08,1597.81,1600.49,1602.64,1605.03,1607.26,1610.16,1612.74,1614.76,1616.45,1617.71,1617.27,1616.63,1617.72,1616.57,1617.88,1628.22,1642.35,1656.68,1670.49,1680.00,1685.63,1690.89,1694.20,1698.31,1702.51,1702.48,1696.55,1687.92,1677.32,1667.13,1661.70,1663.43,1676.80,1689.09,1699.13,1712.52,1728.62,1740.24,1749.03,1759.28,1766.36,1772.46,1777.62,1780.66,1785.79,1796.56,1807.48,1814.62,1819.34,1823.37,1825.36,1830.60,1836.44,1840.07,1842.32,1845.76,1851.07,1856.73,1861.13,1864.59,1869.10,1874.22,1880.28,1885.01,1890.67,1898.35,1903.69,1908.37,1913.53,1919.60,1925.95,1933.43,1943.82,1954.53,1963.41,1974.86,1991.56,2010.86,2034.76,2060.92,2086.30,2103.03
1138.53,1140.63,1142.29,1144.24,1146.73,1149.46,1150.44,1152.89,1156.10,1159.93,1168.59,1172.18,1174.41,1176.92,1179.84,1181.64,1182.53,1184.13,1187.19,1190.33,1192.73,1194.65,1195.93,1197.15,1198.51,1199.86,1201.54,1201.11,1200.60,1200.72,1202.03,1204.10,1206.42,1209.91,1212.39,1214.99,1217.50,1220.01,1223.07,1226.43,1229.80,1232.30,1234.20,1236.62,1238.96,1241.57,1244.40,1246.97,1248.67,1251.12,1255.60,1258.66,1259.42,1258.51,1259.17,1261.58,1266.29,1270.07,1271.15,1272.09,1275.96,1278.38,1281.56,1285.72,1288.32,1290.15,1292.02,1295.14,1300.84,1302.76,1305.31,1307.89,1310.60,1315.16,1318.71,1322.23,1327.60,1331.46,1333.96,1337.58,1341.77,1344.85,1347.68,1350.35,1352.01,1355.20,1358.63,1360.86,1361.67,1362.05,1362.34,1360.98,1358.70,1358.43,1358.24,1358.63,1361.26,1365.81,1368.45,1368.98,1371.61,1373.23,1371.45,1368.79,1372.16,1378.88,1384.92,1389.56,1391.41,1388.51,1382.10,1377.62,1375.62,1374.57,1373.71,1373.48,1373.06,1373.84,1377.25,1382.65,1387.86,1390.85,1393.19,1395.74,1400.34,1407.62,1409.41,1409.83,1410.86,1414.60,1425.31,1432.81,1436.64,1441.25,1441.25,1434.90,1429.83,1426.69,1428.36,1438.94,1449.52,1465.67,1484.15,1498.46,1507.27,1511.54,1513.11,1514.65,1516.09,1517.58,1519.57,1522.67,1525.85,1528.50,1531.40,1534.17,1536.79,1538.71,1542.36,1548.55,1554.76,1561.24,1564.46,1565.20,1566.87,1568.29,1570.52,1574.76,1579.61,1584.30,1588.53,1592.39,1596.11,1599.07,1601.72,1604.39,1606.96,1609.71,1612.90,1616.15,1618.68,1620.91,1623.13,1625.16,1625.88,1625.95,1629.38,1630.15,1628.79,1627.73,1634.21,1644.73,1654.95,1665.82,1675.20,1685.15,1693.62,1700.89,1707.64,1713.98,1716.20,1708.57,1695.63,1682.00,1669.00,1667.88,1676.08,1683.02,1695.72,1710.99,1731.35,1749.89,1757.50,1760.44,1763.28,1767.51,1771.10,1777.93,1788.72,1803.30,1815.07,1823.72,1831.62,1837.08,1841.46,1844.38,1846.95,1848.54,1849.36,1850.65,1853.24,1858.98,1864.98,1867.74,1870.00,1874.99,1880.58,1886.94,1892.05,1898.32,1904.03,1909.92,1914.43,1919.86,1926.61,1934.49,1943.39,1953.08,1962.34,1973.25,1989.38,2008.87,2028.12,2054.23,2077.07,2093.91
1139.19,1139.93,1142.15,1146.03,1149.32,1151.78,1152.15,1152.70,1155.36,1158.24,1163.18,1170.09,1172.13,1172.89,1174.36,1177.15,1179.28,1181.50,1185.19,1189.68,1192.02,1193.66,1194.74,1195.82,1197.07,1199.10,1202.07,1203.60,1203.73,1204.27,1206.63,1208.90,1209.71,1211.06,1213.22,1215.45,1217.51,1219.98,1222.51,1225.65,1228.47,1230.55,1233.16,1235.88,1238.40,1241.30,1244.63,1247.88,1250.56,1253.61,1257.13,1260.26,1261.96,1262.14,1262.78,1265.32,1269.32,1275.24,1280.71,1286.04,1288.16,1290.28,1293.48,1293.96,1294.37,1295.23,1295.93,1296.82,1299.11,1301.91,1306.34,1309.91,1314.49,1321.19,1324.75,1326.83,1330.39,1333.72,1336.58,1339.56,1342.68,1345.26,1347.61,1349.68,1351.19,1353.76,1356.49,1359.05,1358.95,1358.53,1358.36,1357.37,1353.75,1350.33,1349.32,1350.30,1352.49,1354.52,1353.56,1352.17,1353.32,1354.16,1350.81,1348.05,1349.70,1355.35,1364.22,1370.09,1371.11,1367.31,1363.03,1359.70,1359.06,1360.51,1362.94,1365.57,1368.34,1370.42,1373.16,1375.46,1377.66,1380.09,1383.39,1386.94,1392.62,1402.13,1404.03,1404.86,1406.03,1408.50,1415.13,1419.26,1419.30,1420.20,1421.80,1422.13,1420.50,1420.20,1434.53,1447.11,1460.03,1478.37,1495.93,1502.74,1508.53,1510.95,1512.91,1515.15,1517.18,1518.92,1520.85,1524.08,1527.05,1529.68,1533.17,1536.34,1538.81,1541.61,1546.88,1554.34,1562.01,1567.07,1569.34,1568.82,1571.50,1577.07,1580.07,1582.05,1585.48,1588.31,1592.65,1596.41,1599.99,1602.72,1605.22,1607.99,1611.09,1614.33,1617.69,1620.99,1623.54,1625.72,1628.66,1632.03,1634.53,1635.88,1638.69,1641.09,1642.26,1640.62,1638.00,1638.14,1642.76,1649.62,1657.85,1667.92,1683.08,1697.20,1706.94,1715.57,1724.43,1728.12,1712.24,1691.62,1673.15,1673.81,1684.82,1694.55,1711.26,1729.25,1748.80,1762.07,1768.24,1772.07,1775.38,1778.53,1780.44,1783.94,1794.00,1807.03,1817.72,1826.25,1833.44,1839.71,1844.60,1849.07,1852.36,1854.61,1858.18,1860.69,1862.73,1866.31,1871.66,1876.55,1880.66,1884.97,1890.19,1896.28,1900.86,1904.58,1909.70,1914.17,1917.66,1922.23,1928.15,1934.91,1943.69,1953.37,1962.79,1977.76,2001.74,2017.48,2031.48,2047.27,2062.95,2081.97
1140.44,1142.83,1144.95,1148.46,1151.24,1153.43,1154.36,1153.90,1154.86,1157.32,1159.29,1163.80,1168.01,1168.50,1168.86,1169.86,1172.05,1176.11,1181.24,1186.61,1190.62,1191.90,1192.98,1194.09,1196.05,1198.85,1201.67,1204.46,1206.15,1207.52,1209.24,1210.83,1212.13,1213.14,1214.81,1217.05,1219.05,1220.73,1222.98,1225.53,1227.97,1231.12,1235.78,1238.88,1240.63,1242.79,1245.98,1249.07,1251.97,1255.09,1257.98,1260.53,1262.85,1264.60,1265.96,1268.10,1271.43,1277.89,1287.26,1292.44,1295.17,1298.81,1301.13,1300.69,1300.18,1300.27,1302.30,1306.45,1310.37,1311.97,1313.92,1316.12,1318.57,1323.24,1329.50,1330.81,1332.24,1335.20,1337.45,1339.37,1341.34,1342.80,1344.98,1347.69,1349.17,1350.18,1352.96,1355.59,1355.65,1354.84,1353.92,1351.94,1346.78,1340.62,1339.10,1338.89,1338.05,1336.01,1333.57,1333.17,1336.07,1338.48,1336.51,1335.46,1337.36,1341.48,1347.54,1349.92,1348.09,1349.82,1351.80,1356.04,1361.22,1364.77,1368.81,1375.12,1381.15,1386.03,1388.19,1387.43,1386.39,1386.53,1387.17,1388.05,1392.78,1402.77,1404.52,1405.16,1405.68,1406.44,1409.52,1411.61,1410.83,1412.74,1414.83,1416.48,1417.69,1424.62,1440.42,1454.49,1473.59,1491.27,1501.02,1503.65,1506.66,1509.30,1511.89,1514.48,1516.85,1519.30,1522.54,1525.64,1528.17,1531.25,1535.14,1538.71,1541.55,1544.37,1548.82,1556.79,1565.45,1573.81,1578.30,1575.66,1578.62,1584.77,1590.64,1593.88,1594.55,1594.16,1597.67,1600.94,1603.72,1606.30,1608.76,1611.95,1615.32,1618.67,1621.87,1624.67,1627.46,1630.75,1634.93,1638.87,1641.82,1644.41,1647.35,1650.78,1653.52,1654.00,1651.56,1648.44,1649.60,1656.12,1660.89,1664.09,1672.75,1688.26,1702.25,1713.48,1723.34,1731.27,1721.38,1695.68,1676.63,1678.15,1691.18,1704.71,1721.72,1740.81,1758.89,1767.72,1773.26,1777.47,1781.56,1785.54,1788.11,1790.02,1796.01,1807.34,1816.66,1824.53,1832.49,1839.69,1844.83,1849.48,1853.43,1857.51,1860.92,1863.54,1866.04,1869.65,1875.03,1880.56,1884.71,1889.26,1894.19,1899.60,1904.01,1908.28,1913.41,1918.26,1922.60,1927.88,1933.27,1939.02,1947.85,1955.06,1965.41,1980.80,1994.70,2000.30,2011.30,2030.18,2051.38,2071.82
1142.33,1144.66,1147.66,1150.73,1153.54,1155.62,1156.63,1156.09,1155.60,1156.40,1158.10,1160.40,1163.72,1165.09,1166.22,1167.61,1168.94,1172.26,1177.65,1181.51,1186.24,1189.28,1191.07,1192.60,1195.15,1197.99,1200.80,1203.80,1206.13,1208.32,1209.94,1211.41,1212.97,1214.60,1216.50,1218.52,1220.73,1222.91,1224.90,1227.34,1230.23,1235.35,1239.89,1241.91,1243.61,1245.35,1248.02,1250.86,1253.42,1255.62,1257.76,1259.74,1261.99,1264.31,1266.60,1268.80,1272.71,1278.84,1285.41,1290.88,1295.37,1299.43,1302.32,1304.10,1304.93,1305.60,1308.76,1312.44,1314.76,1316.90,1319.05,1321.54,1323.88,1327.22,1330.72,1332.45,1333.70,1334.70,1335.04,1336.87,1338.25,1339.57,1342.39,1345.31,1346.12,1346.14,1349.13,1352.53,1352.57,1351.83,1350.08,1345.43,1336.28,1328.58,1325.82,1325.15,1323.59,1320.92,1321.70,1323.87,1326.91,1329.83,1332.27,1335.74,1336.26,1337.03,1338.75,1339.99,1344.53,1350.88,1355.27,1363.59,1372.81,1380.84,1390.56,1401.45,1410.53,1417.10,1418.08,1416.22,1414.00,1408.55,1402.55,1398.70,1403.09,1407.56,1409.23,1409.04,1408.40,1408.01,1408.09,1409.74,1412.78,1417.43,1421.28,1424.21,1430.96,1446.28,1459.40,1469.89,1479.94,1492.38,1501.60,1505.41,1507.78,1510.22,1512.96,1515.59,1517.94,1520.41,1524.42,1527.84,1530.39,1534.98,1538.25,1541.79,1544.89,1547.19,1551.01,1558.91,1567.16,1577.88,1587.25,1586.21,1584.45,1589.92,1597.36,1602.45,1602.20,1600.43,1603.16,1605.48,1607.76,1610.31,1613.40,1616.75,1620.01,1623.33,1626.07,1628.49,1632.46,1638.08,1643.33,1647.50,1650.83,1653.93,1658.88,1664.78,1667.71,1668.20,1667.04,1665.43,1666.76,1672.12,1675.92,1675.19,1673.05,1680.38,1694.01,1707.54,1719.24,1727.79,1720.54,1694.35,1681.50,1677.86,1683.95,1702.61,1721.38,1736.42,1755.11,1768.18,1775.33,1780.59,1784.75,1789.47,1793.21,1796.02,1801.69,1809.78,1816.66,1825.17,1833.17,1839.43,1844.17,1848.32,1852.69,1857.65,1861.49,1864.49,1867.46,1870.98,1876.19,1881.25,1885.77,1890.41,1895.25,1900.10,1904.32,1908.20,1913.58,1919.76,1925.48,1931.37,1936.87,1943.14,1949.95,1954.42,1962.35,1969.72,1974.66,1979.41,1991.39,2018.73,2047.35,2065.41
1146.29,1147.85,1149.98,1153.20,1156.44,1158.32,1158.97,1158.49,1157.72,1157.30,1158.77,1160.82,1162.46,1164.16,1165.92,1167.64,1168.91,1171.07,1174.83,1177.70,1179.91,1182.76,1187.72,1191.32,1194.25,1197.08,1199.76,1202.49,1205.17,1208.43,1210.56,1211.81,1213.17,1215.64,1217.98,1220.21,1221.99,1224.09,1226.20,1228.16,1230.89,1235.90,1239.68,1241.19,1242.94,1245.60,1248.00,1250.36,1252.43,1254.42,1256.52,1258.67,1260.94,1263.27,1266.16,1269.09,1273.52,1279.30,1285.59,1290.97,1294.66,1298.04,1300.78,1303.88,1306.75,1309.17,1311.04,1313.02,1315.31,1317.44,1319.40,1322.01,1324.99,1327.99,1330.44,1331.35,1331.57,1331.45,1331.37,1332.97,1334.19,1336.58,1340.79,1342.97,1342.46,1341.61,1341.91,1345.70,1346.74,1345.93,1342.98,1334.17,1321.52,1314.04,1313.71,1314.87,1316.28,1319.62,1321.47,1324.87,1329.98,1334.31,1338.42,1344.20,1346.38,1343.93,1343.61,1347.26,1350.12,1354.38,1360.09,1371.33,1384.59,1396.97,1412.07,1423.32,1430.41,1438.11,1446.88,1450.81,1448.90,1443.74,1435.75,1427.57,1424.35,1426.42,1430.09,1431.28,1429.05,1424.13,1420.99,1423.40,1428.57,1431.04,1433.38,1443.34,1460.74,1476.27,1485.88,1491.43,1494.50,1496.06,1499.46,1505.75,1510.07,1512.72,1515.13,1517.81,1521.11,1525.04,1528.40,1531.59,1536.55,1543.26,1547.68,1548.18,1549.33,1551.27,1555.37,1561.15,1567.74,1578.22,1591.09,1595.01,1591.22,1594.88,1603.22,1609.07,1608.97,1606.88,1608.90,1610.98,1613.31,1616.06,1619.18,1622.48,1625.68,1628.85,1631.63,1634.75,1640.21,1647.36,1653.87,1659.37,1663.11,1666.59,1671.56,1676.91,1680.16,1681.38,1681.01,1678.67,1678.51,1681.96,1685.64,1686.30,1682.65,1679.62,1688.22,1700.20,1712.48,1722.76,1718.80,1698.19,1686.93,1684.72,1683.42,1690.84,1712.34,1730.10,1750.36,1765.42,1772.17,1777.69,1782.27,1786.43,1791.00,1797.99,1807.61,1814.31,1820.69,1829.28,1835.43,1840.53,1844.42,1848.41,1853.23,1858.65,1862.12,1865.03,1867.86,1871.52,1877.20,1882.07,1886.24,1890.52,1894.71,1898.26,1900.40,1901.86,1905.28,1911.31,1918.46,1926.53,1933.29,1937.78,1941.19,1941.98,1949.47,1954.89,1956.81,1965.88,1988.94,2018.93,2042.33,2051.76
1149.65,1151.86,1154.32,1157.22,1159.81,1161.01,1161.71,1161.24,1160.23,1159.12,1159.38,1162.76,1164.55,1165.63,1167.28,1169.49,1170.53,1172.64,1174.65,1175.94,1177.83,1180.23,1184.65,1189.31,1191.35,1193.58,1196.69,1199.41,1202.07,1206.76,1210.40,1211.33,1212.63,1214.97,1217.99,1220.58,1222.41,1224.08,1225.80,1227.74,1230.02,1233.38,1236.66,1238.48,1240.99,1244.02,1246.47,1248.94,1251.11,1253.08,1255.24,1257.42,1259.65,1262.01,1265.69,1269.56,1274.37,1279.76,1285.30,1290.28,1293.43,1296.51,1299.44,1302.46,1305.42,1308.14,1310.68,1312.83,1314.96,1316.96,1318.92,1321.36,1324.26,1327.05,1328.19,1328.08,1327.75,1327.03,1326.33,1327.80,1328.88,1332.82,1337.67,1338.77,1336.15,1330.79,1326.36,1328.42,1332.06,1332.06,1326.03,1314.97,1308.38,1308.72,1310.89,1314.68,1320.14,1324.76,1327.98,1332.84,1338.51,1343.62,1353.66,1362.84,1363.78,1360.98,1361.99,1366.24,1366.11,1366.15,1372.25,1383.90,1397.38,1411.81,1422.63,1431.25,1438.80,1447.52,1455.30,1461.52,1466.07,1465.28,1458.98,1452.09,1449.36,1450.52,1451.91,1452.39,1452.17,1450.91,1447.64,1451.26,1457.91,1462.08,1466.09,1476.71,1488.03,1495.97,1502.18,1505.14,1508.99,1509.18,1503.84,1506.36,1512.13,1516.12,1518.35,1520.95,1527.03,1531.67,1535.27,1537.91,1542.90,1553.04,1559.78,1558.60,1556.95,1558.53,1560.94,1563.92,1569.02,1580.24,1594.73,1604.40,1601.25,1600.29,1609.10,1616.59,1616.71,1615.34,1617.78,1619.14,1620.37,1622.84,1625.61,1628.76,1632.17,1636.20,1639.10,1643.75,1651.27,1658.16,1664.70,1670.03,1674.71,1678.81,1682.05,1685.78,1688.94,1690.68,1690.53,1689.35,1689.01,1691.14,1694.94,1696.78,1694.80,1690.03,1689.08,1697.57,1706.75,1720.20,1726.39,1713.31,1698.43,1695.34,1689.86,1689.22,1706.87,1727.23,1743.92,1755.08,1761.48,1766.27,1771.41,1775.60,1781.51,1794.27,1807.38,1815.71,1823.04,1830.54,1836.30,1841.24,1844.96,1849.24,1854.02,1858.65,1862.00,1863.50,1866.40,1871.25,1877.25,1882.17,1885.79,1889.13,1891.30,1891.38,1893.26,1894.86,1896.14,1901.07,1907.02,1913.30,1920.92,1926.68,1929.94,1930.24,1936.98,1942.10,1948.94,1964.15,1993.30,2018.39,2026.35,2018.78
1152.73,1154.87,1157.86,1160.34,1162.17,1163.38,1164.54,1164.80,1165.15,1165.51,1164.31,1166.35,1168.11,1168.35,1169.03,1172.05,1175.16,1177.07,1178.70,1178.14,1178.72,1180.97,1183.57,1186.66,1188.48,1190.94,1194.55,1197.41,1199.29,1203.25,1208.89,1210.74,1212.22,1214.11,1216.95,1219.04,1220.82,1222.80,1225.19,1227.81,1230.36,1232.75,1235.06,1237.49,1240.03,1242.69,1245.31,1247.91,1249.91,1251.77,1253.96,1256.14,1258.25,1260.60,1264.15,1268.35,1274.55,1281.46,1285.84,1290.34,1293.34,1296.47,1299.63,1302.40,1305.14,1307.78,1310.28,1312.32,1314.09,1316.22,1318.39,1320.87,1323.32,1325.08,1324.47,1323.41,1322.29,1321.11,1319.45,1318.70,1319.14,1322.96,1326.56,1326.85,1320.85,1312.37,1309.13,1311.21,1314.36,1313.77,1307.61,1305.25,1308.48,1311.47,1315.18,1319.00,1324.52,1330.95,1339.33,1347.81,1356.18,1365.89,1375.58,1378.84,1379.44,1379.87,1382.76,1385.85,1387.56,1388.62,1391.84,1399.21,1411.74,1421.79,1428.85,1435.25,1441.85,1448.92,1454.74,1459.05,1464.55,1465.04,1457.56,1451.40,1448.03,1444.96,1444.62,1446.97,1449.41,1455.28,1458.75,1463.14,1472.76,1481.53,1488.92,1494.05,1499.41,1505.41,1510.70,1515.08,1520.75,1522.12,1516.72,1510.90,1513.79,1518.92,1525.46,1529.00,1536.64,1542.14,1545.89,1548.48,1550.43,1559.77,1567.52,1568.78,1565.42,1565.22,1566.51,1567.65,1573.64,1587.17,1602.63,1614.59,1612.91,1608.10,1615.44,1625.45,1627.04,1626.03,1630.12,1629.83,1629.12,1631.11,1634.30,1637.17,1639.86,1644.04,1648.44,1653.70,1659.56,1666.65,1673.87,1680.99,1686.10,1689.27,1692.66,1697.87,1702.43,1703.66,1702.96,1700.69,1700.29,1701.45,1704.60,1705.92,1704.18,1701.10,1698.92,1699.31,1707.83,1722.02,1732.95,1730.28,1721.95,1713.24,1700.01,1690.34,1700.69,1716.91,1732.52,1742.04,1746.92,1754.27,1757.55,1762.29,1769.71,1782.03,1796.01,1807.05,1817.49,1827.59,1834.03,1838.42,1841.84,1845.72,1849.60,1851.90,1856.26,1859.14,1862.46,1866.81,1873.12,1879.53,1882.62,1884.17,1884.61,1884.13,1885.23,1887.15,1890.08,1896.49,1900.82,1906.82,1912.75,1917.71,1917.48,1916.67,1921.59,1928.13,1939.54,1955.14,1977.18,1995.58,1995.61,1984.32
1155.34,1157.22,1158.78,1160.03,1162.01,1163.69,1165.23,1166.76,1168.29,1169.97,1170.72,1170.84,1171.50,1171.76,1172.71,1176.39,1179.53,1180.48,1180.95,1180.42,1180.10,1181.54,1183.55,1185.81,1188.00,1190.23,1192.93,1195.68,1197.75,1201.31,1206.32,1209.87,1211.74,1213.49,1215.66,1217.72,1220.00,1222.55,1225.23,1227.92,1230.44,1232.49,1234.67,1237.15,1239.57,1242.09,1244.74,1247.42,1249.17,1250.56,1252.71,1254.75,1256.72,1258.74,1261.58,1265.94,1272.19,1282.51,1288.78,1291.47,1293.94,1296.64,1299.44,1302.33,1305.07,1307.30,1309.10,1310.72,1312.33,1314.86,1317.23,1319.56,1321.31,1322.20,1320.52,1317.49,1313.57,1309.41,1306.24,1305.36,1306.50,1308.84,1310.90,1309.20,1303.61,1300.54,1300.02,1300.88,1304.75,1303.73,1301.54,1304.38,1307.61,1310.64,1315.94,1322.02,1332.05,1345.48,1356.31,1363.76,1373.64,1380.88,1383.68,1385.89,1388.81,1391.31,1392.62,1395.08,1399.61,1404.31,1407.70,1410.20,1416.49,1424.76,1431.63,1436.86,1442.17,1447.45,1449.63,1449.90,1449.17,1447.23,1441.19,1434.14,1432.38,1435.62,1441.36,1447.48,1454.34,1462.91,1468.93,1473.34,1477.81,1481.42,1486.83,1492.22,1498.43,1505.34,1511.56,1517.55,1522.75,1526.50,1526.06,1519.07,1515.93,1520.40,1531.05,1539.47,1545.58,1552.43,1558.49,1562.61,1563.08,1569.12,1580.70,1583.35,1578.21,1574.39,1575.17,1576.07,1580.91,1592.67,1609.34,1622.76,1626.23,1623.71,1628.54,1638.03,1640.12,1640.91,1645.54,1644.64,1642.90,1644.32,1647.42,1648.80,1649.92,1652.23,1655.95,1660.90,1667.28,1675.19,1685.37,1693.16,1697.19,1700.65,1705.82,1711.73,1716.33,1718.37,1717.78,1714.69,1713.80,1715.21,1716.83,1716.79,1714.44,1711.70,1710.57,1708.23,1713.04,1727.41,1737.29,1741.53,1740.56,1732.82,1710.17,1696.45,1695.99,1701.14,1712.09,1723.40,1734.21,1742.73,1745.95,1751.52,1760.42,1766.99,1777.67,1789.15,1801.80,1817.88,1828.01,1830.58,1830.95,1830.16,1828.52,1831.13,1835.32,1840.50,1846.37,1853.31,1860.15,1868.02,1873.12,1872.35,1870.47,1867.91,1863.38,1861.75,1866.26,1873.47,1880.77,1886.53,1891.53,1894.52,1894.32,1895.77,1898.31,1903.36,1917.96,1930.41,1939.40,1949.39,1954.42,1948.98
1155.87,1156.44,1157.45,1159.60,1161.52,1163.08,1164.73,1166.41,1168.04,1169.77,1171.97,1173.40,1174.48,1175.25,1176.35,1178.29,1180.98,1181.80,1182.27,1181.91,1181.62,1182.20,1183.90,1186.01,1188.07,1190.21,1192.68,1195.55,1198.32,1201.41,1205.19,1208.36,1210.74,1212.89,1215.29,1217.57,1219.89,1222.49,1225.09,1227.65,1230.02,1232.12,1234.32,1236.73,1239.07,1241.59,1244.27,1246.93,1248.51,1249.62,1251.23,1253.14,1255.15,1257.31,1259.51,1263.21,1268.15,1278.63,1288.14,1292.32,1294.52,1296.88,1299.54,1302.16,1303.64,1304.95,1306.41,1308.29,1310.55,1313.29,1315.61,1316.92,1317.99,1316.93,1313.37,1307.55,1300.92,1297.22,1295.90,1294.97,1294.70,1294.03,1293.98,1294.59,1294.41,1295.77,1295.12,1295.49,1298.29,1298.91,1301.93,1305.33,1308.63,1313.63,1319.25,1330.84,1347.22,1362.32,1369.31,1374.62,1379.03,1379.21,1379.79,1383.74,1388.18,1392.05,1395.46,1398.91,1403.91,1409.49,1412.81,1414.57,1417.34,1423.97,1431.13,1437.03,1441.96,1443.23,1440.99,1436.34,1431.89,1428.16,1424.95,1425.53,1431.69,1441.82,1450.58,1457.35,1464.60,1472.51,1478.41,1483.98,1487.80,1489.29,1491.76,1495.56,1500.40,1505.84,1509.04,1514.69,1520.97,1527.39,1531.19,1527.15,1520.48,1521.84,1530.87,1543.08,1550.82,1558.78,1566.19,1572.26,1575.72,1580.63,1588.09,1592.55,1592.27,1591.33,1589.65,1587.63,1588.42,1594.98,1611.49,1628.54,1638.53,1642.45,1645.23,1651.79,1655.38,1655.41,1658.50,1659.32,1657.49,1658.07,1660.42,1661.41,1661.08,1661.53,1663.49,1668.06,1675.74,1688.21,1698.50,1705.73,1711.82,1716.83,1721.49,1726.83,1730.82,1732.95,1732.77,1731.53,1731.19,1732.11,1732.95,1732.75,1730.51,1727.99,1724.08,1720.19,1718.93,1730.00,1743.55,1749.91,1752.55,1753.28,1740.89,1716.78,1708.17,1707.48,1709.34,1712.24,1716.88,1723.80,1730.36,1735.64,1741.19,1755.74,1771.29,1783.32,1791.65,1803.37,1816.15,1813.81,1802.72,1794.12,1793.93,1799.46,1808.50,1818.16,1827.53,1836.52,1845.24,1852.23,1854.41,1849.68,1847.37,1846.42,1849.67,1856.47,1861.95,1866.13,1871.09,1876.02,1878.46,1882.80,1893.20,1899.29,1902.19,1904.73,1909.54,1915.51,1922.98,1932.26,1943.78,1957.89
1153.92,1154.66,1156.62,1158.86,1160.73,1162.37,1164.43,1166.25,1167.77,1169.33,1171.66,1173.63,1175.22,1176.77,1178.31,1179.78,1181.11,1182.21,1183.30,1183.54,1183.29,1183.22,1184.44,1186.15,1188.07,1190.33,1193.31,1196.43,1199.24,1202.23,1205.09,1207.80,1210.32,1212.75,1215.15,1217.49,1219.84,1222.32,1224.73,1227.05,1229.27,1231.63,1233.98,1236.35,1238.96,1241.70,1244.22,1246.46,1247.76,1248.75,1249.81,1251.59,1253.84,1256.15,1258.26,1260.77,1265.24,1271.38,1281.48,1288.25,1291.33,1293.70,1297.12,1298.80,1300.20,1301.85,1303.23,1305.13,1308.30,1311.45,1313.22,1313.01,1310.94,1306.79,1300.07,1294.01,1290.09,1289.30,1288.17,1285.47,1286.33,1287.33,1286.95,1287.64,1289.45,1292.12,1290.82,1292.38,1295.98,1300.62,1306.25,1309.91,1314.32,1320.38,1330.27,1344.30,1358.59,1368.34,1372.39,1372.78,1371.31,1373.06,1378.24,1382.82,1387.11,1391.01,1395.38,1399.82,1405.03,1410.11,1413.81,1417.10,1419.80,1424.01,1429.46,1434.77,1437.38,1435.28,1428.52,1422.55,1418.55,1417.03,1420.63,1428.77,1439.46,1449.33,1460.18,1467.70,1474.51,1481.14,1486.33,1490.78,1494.28,1497.38,1500.17,1502.06,1506.25,1512.05,1514.86,1516.51,1519.58,1526.63,1532.70,1533.53,1530.90,1529.47,1530.94,1538.91,1548.71,1556.51,1564.23,1570.38,1576.09,1582.32,1587.55,1592.48,1597.75,1602.45,1604.83,1604.04,1603.25,1608.07,1616.84,1630.87,1641.95,1648.59,1653.44,1659.16,1663.13,1666.31,1669.91,1672.71,1672.79,1673.88,1674.59,1675.59,1675.45,1674.59,1675.40,1679.75,1689.17,1702.50,1713.11,1722.87,1731.07,1735.61,1739.51,1742.96,1745.78,1747.88,1748.34,1747.37,1745.52,1745.54,1746.72,1746.80,1746.09,1744.25,1740.81,1736.46,1731.72,1731.78,1744.01,1753.17,1758.08,1762.18,1760.91,1749.86,1732.86,1726.30,1725.34,1726.21,1730.20,1736.34,1741.45,1743.20,1742.54,1745.00,1763.31,1780.40,1788.19,1801.17,1807.58,1795.18,1785.66,1789.40,1795.98,1799.50,1799.64,1801.93,1813.10,1821.89,1829.71,1833.79,1834.56,1836.64,1841.95,1849.60,1859.47,1868.93,1883.59,1888.86,1888.81,1888.50,1886.27,1886.34,1898.79,1913.21,1920.87,1925.82,1928.55,1931.81,1938.80,1949.80,1962.89,1981.11
1151.89,1153.41,1155.54,1157.67,1159.94,1162.05,1164.19,1166.15,1167.68,1169.18,1171.36,1173.08,1174.63,1176.12,1177.57,1178.98,1180.24,1181.38,1183.34,1184.95,1184.90,1184.65,1185.23,1186.85,1188.38,1190.57,1193.87,1197.16,1200.12,1202.59,1205.20,1207.92,1210.43,1212.80,1215.09,1217.37,1219.65,1221.72,1223.93,1226.18,1228.20,1230.35,1233.77,1237.52,1240.05,1242.72,1244.42,1245.05,1246.42,1247.49,1248.65,1250.51,1252.78,1255.03,1257.04,1259.00,1262.27,1266.54,1272.17,1278.46,1282.81,1286.25,1288.69,1290.78,1292.43,1295.06,1297.70,1301.10,1304.66,1307.90,1308.74,1304.94,1298.57,1292.50,1288.32,1285.47,1282.56,1278.95,1276.30,1276.62,1280.15,1283.30,1282.64,1283.53,1285.78,1288.33,1289.50,1294.47,1299.27,1306.39,1312.54,1317.23,1323.01,1330.35,1340.47,1351.20,1360.65,1364.20,1364.88,1364.55,1367.30,1372.64,1378.00,1381.75,1385.65,1390.32,1395.21,1400.85,1407.88,1411.88,1414.66,1417.78,1420.97,1424.57,1427.37,1429.22,1428.22,1423.36,1416.20,1410.66,1410.61,1415.58,1425.90,1438.08,1447.86,1458.61,1468.05,1474.93,1481.43,1487.50,1492.92,1497.41,1499.82,1502.66,1506.62,1509.22,1511.07,1514.57,1520.21,1522.77,1523.52,1527.00,1532.51,1537.02,1539.20,1540.67,1541.21,1542.65,1548.22,1554.16,1560.22,1566.25,1572.35,1579.11,1584.29,1589.17,1594.40,1600.06,1607.05,1612.74,1615.94,1620.70,1625.08,1632.67,1639.30,1646.25,1652.58,1658.74,1664.53,1670.07,1675.67,1681.53,1685.43,1690.50,1694.82,1695.26,1692.82,1692.38,1694.25,1696.46,1703.14,1714.96,1728.08,1740.64,1747.53,1752.85,1758.13,1762.68,1767.07,1770.09,1770.56,1769.44,1768.09,1767.26,1765.99,1764.86,1762.47,1759.51,1756.23,1752.62,1749.34,1746.34,1746.45,1752.61,1759.10,1765.19,1768.86,1766.77,1758.75,1750.36,1745.43,1743.34,1744.90,1748.68,1754.29,1756.97,1755.47,1751.75,1751.54,1765.31,1779.40,1787.56,1782.59,1779.76,1785.40,1794.63,1808.80,1817.63,1816.23,1812.28,1812.55,1816.00,1821.73,1826.62,1832.13,1838.41,1846.55,1858.51,1870.26,1885.14,1904.68,1910.76,1912.44,1910.23,1902.83,1894.79,1898.76,1917.59,1927.98,1937.20,1946.64,1956.28,1964.66,1970.72,1981.56,2001.82
1150.40,1152.44,1155.18,1158.32,1160.51,1162.12,1164.01,1166.02,1167.58,1168.95,1170.28,1171.71,1173.37,1174.84,1176.27,1177.62,1179.02,1180.87,1183.21,1185.54,1186.46,1186.24,1186.24,1187.59,1189.29,1191.72,1194.80,1198.09,1200.91,1203.31,1205.77,1208.23,1210.59,1212.77,1214.97,1217.22,1219.34,1221.31,1223.24,1225.54,1227.61,1229.91,1235.74,1240.05,1241.48,1242.33,1242.25,1243.12,1244.77,1246.13,1247.73,1249.85,1251.93,1253.11,1254.75,1257.10,1259.45,1261.98,1265.87,1270.10,1272.31,1274.57,1275.97,1277.98,1280.31,1282.46,1285.58,1290.24,1296.41,1298.69,1296.14,1288.91,1284.28,1284.38,1283.74,1280.63,1276.49,1272.60,1272.13,1274.72,1276.91,1279.51,1280.61,1287.26,1289.33,1290.51,1293.57,1299.85,1305.89,1311.83,1316.57,1322.09,1328.40,1335.56,1343.36,1350.64,1354.69,1355.18,1356.93,1361.36,1367.47,1371.88,1374.26,1376.67,1381.68,1386.95,1392.08,1397.81,1404.87,1409.04,1412.22,1415.48,1418.92,1421.26,1421.79,1420.90,1416.70,1410.98,1406.69,1405.62,1410.15,1419.87,1432.32,1445.15,1454.40,1462.58,1470.19,1476.07,1482.32,1489.41,1495.38,1500.62,1503.76,1506.90,1510.40,1513.74,1516.60,1517.51,1521.93,1526.94,1530.30,1531.02,1533.85,1538.38,1542.03,1545.06,1547.67,1550.68,1554.88,1559.38,1561.99,1566.85,1572.32,1578.14,1583.81,1588.02,1593.63,1600.13,1606.39,1611.80,1616.48,1621.15,1626.74,1632.00,1638.03,1645.34,1652.56,1658.75,1664.76,1670.73,1676.82,1683.28,1690.55,1699.47,1707.98,1710.66,1708.77,1710.52,1712.87,1712.98,1716.87,1727.75,1742.93,1753.33,1760.16,1769.18,1777.60,1784.83,1790.40,1793.48,1795.44,1794.42,1792.33,1790.20,1788.25,1786.13,1783.46,1779.65,1775.86,1771.68,1767.02,1762.63,1759.93,1758.31,1760.64,1767.28,1772.92,1774.53,1772.75,1767.51,1763.63,1763.50,1763.23,1768.26,1777.05,1780.65,1775.12,1768.15,1764.82,1764.86,1767.81,1771.30,1778.15,1783.76,1789.07,1799.36,1816.27,1826.25,1830.52,1828.93,1826.60,1827.68,1831.36,1834.79,1840.72,1845.98,1854.64,1870.58,1888.21,1902.46,1916.38,1926.34,1934.22,1933.94,1924.23,1912.15,1901.96,1912.89,1924.82,1931.11,1943.08,1959.21,1974.51,1985.87,1998.85,2019.38
1149.26,1151.94,1155.03,1158.60,1161.21,1162.71,1164.31,1165.66,1166.74,1167.69,1168.73,1170.57,1172.13,1173.66,1175.19,1176.74,1178.46,1180.82,1183.29,1185.86,1187.76,1187.84,1187.62,1188.29,1190.09,1192.92,1196.03,1199.12,1201.65,1203.91,1206.31,1208.57,1210.64,1212.68,1214.70,1216.77,1218.81,1220.77,1222.64,1225.65,1228.71,1232.09,1236.85,1239.89,1240.22,1239.62,1239.83,1241.38,1243.07,1244.64,1246.44,1248.51,1249.87,1250.18,1251.71,1254.53,1256.34,1257.89,1261.95,1266.09,1267.22,1268.36,1269.40,1270.29,1271.20,1272.19,1274.17,1276.52,1279.28,1280.45,1279.59,1278.05,1277.65,1279.18,1278.12,1273.04,1270.59,1269.85,1272.68,1276.10,1278.96,1281.76,1287.91,1295.60,1297.89,1299.83,1303.03,1308.86,1311.43,1313.69,1317.98,1322.96,1328.60,1334.39,1339.67,1343.88,1347.26,1351.32,1357.54,1362.02,1364.34,1366.59,1368.04,1370.68,1375.67,1379.79,1383.37,1389.18,1395.19,1401.62,1407.89,1410.97,1411.73,1411.92,1411.45,1408.91,1404.38,1400.59,1400.37,1406.25,1415.13,1425.15,1436.83,1447.25,1455.33,1462.82,1470.27,1476.06,1481.88,1489.04,1494.71,1499.62,1503.99,1508.86,1512.14,1515.83,1520.04,1521.57,1524.43,1528.79,1532.60,1535.56,1537.59,1540.69,1544.11,1547.48,1550.64,1555.09,1559.83,1563.62,1566.61,1570.85,1576.33,1583.28,1590.11,1594.51,1600.41,1607.16,1611.62,1614.83,1619.30,1624.04,1629.82,1634.69,1640.51,1647.85,1654.77,1661.00,1666.88,1672.67,1678.72,1684.90,1691.88,1699.35,1707.93,1713.18,1716.85,1721.40,1725.35,1729.80,1736.15,1746.07,1756.65,1766.18,1775.64,1784.46,1791.47,1799.45,1805.48,1809.46,1812.33,1813.48,1812.97,1811.16,1808.11,1803.69,1799.92,1796.04,1791.99,1787.29,1781.89,1777.62,1774.17,1771.86,1771.01,1772.61,1776.68,1780.02,1782.14,1781.71,1780.87,1782.22,1782.97,1790.54,1802.52,1804.99,1797.59,1789.86,1787.72,1791.05,1789.63,1787.49,1789.28,1791.85,1795.06,1799.99,1811.14,1820.66,1828.86,1835.72,1839.31,1841.14,1842.79,1846.84,1853.38,1859.68,1866.43,1886.80,1906.67,1917.51,1929.11,1944.55,1953.69,1954.45,1946.44,1932.39,1914.51,1909.78,1921.67,1926.88,1935.02,1953.49,1973.44,1993.40,2012.25,2035.25
1148.40,1151.53,1154.83,1158.12,1160.81,1162.42,1163.24,1164.09,1165.02,1166.14,1167.99,1170.16,1171.97,1173.72,1175.46,1177.20,1179.08,1181.24,1183.79,1186.34,1188.59,1189.37,1189.17,1189.55,1190.94,1193.43,1196.80,1199.98,1202.30,1204.27,1206.48,1208.37,1210.26,1212.00,1213.76,1215.83,1217.89,1219.87,1222.07,1225.04,1228.00,1231.64,1234.72,1237.37,1237.66,1236.99,1238.00,1239.81,1241.25,1242.98,1244.32,1246.06,1247.42,1248.03,1249.76,1251.61,1253.05,1256.26,1260.03,1262.89,1264.07,1265.38,1266.54,1266.90,1267.02,1267.19,1267.77,1268.14,1268.55,1269.97,1272.85,1273.81,1273.96,1273.44,1270.21,1267.47,1267.42,1270.58,1273.78,1277.10,1281.57,1287.84,1295.90,1301.10,1303.40,1306.19,1309.41,1311.63,1313.96,1315.82,1317.87,1321.20,1326.47,1331.05,1335.53,1340.23,1347.64,1352.83,1354.88,1356.71,1358.04,1359.86,1361.18,1363.82,1367.62,1371.33,1374.21,1377.53,1382.68,1390.48,1398.69,1402.23,1402.21,1401.51,1400.76,1397.74,1394.25,1395.63,1401.62,1410.51,1421.25,1431.86,1440.78,1448.39,1457.18,1464.79,1472.98,1479.61,1484.63,1489.07,1493.55,1497.88,1503.55,1510.44,1514.25,1518.00,1521.26,1524.58,1527.31,1529.99,1533.99,1538.35,1541.22,1543.76,1546.64,1549.99,1553.45,1557.67,1562.18,1566.33,1570.48,1575.56,1581.69,1591.51,1599.58,1607.01,1613.04,1617.20,1620.20,1620.49,1622.35,1626.73,1632.18,1637.04,1642.83,1650.36,1657.61,1662.93,1667.97,1673.48,1678.94,1685.01,1691.16,1697.51,1704.91,1711.53,1717.77,1724.04,1729.98,1738.14,1749.17,1760.36,1770.13,1778.02,1785.07,1792.48,1799.32,1805.30,1810.87,1815.84,1820.30,1825.06,1828.58,1828.30,1824.18,1819.55,1815.47,1811.63,1807.07,1801.36,1795.97,1791.17,1787.10,1784.16,1782.59,1782.28,1782.94,1785.56,1788.90,1791.02,1791.49,1792.04,1795.73,1807.64,1819.29,1820.93,1815.63,1809.62,1811.30,1817.75,1821.41,1820.77,1816.25,1812.12,1810.09,1811.13,1811.20,1820.34,1833.64,1840.06,1843.93,1846.05,1848.13,1853.86,1864.95,1877.23,1884.31,1899.14,1915.98,1929.42,1942.63,1956.39,1965.07,1967.25,1961.68,1948.35,1928.77,1911.06,1921.59,1928.73,1936.61,1950.07,1966.83,1991.79,2018.98,2042.59
1146.67,1150.73,1153.38,1155.81,1159.12,1160.79,1161.44,1162.35,1163.55,1165.45,1167.71,1169.80,1171.53,1173.39,1175.38,1177.36,1179.26,1181.63,1184.25,1186.91,1189.45,1190.94,1190.98,1191.50,1192.49,1193.89,1196.61,1199.43,1201.22,1203.63,1206.14,1208.03,1209.60,1210.90,1212.75,1214.79,1216.77,1218.64,1220.56,1222.97,1226.15,1229.82,1232.44,1234.69,1234.84,1234.57,1235.75,1237.24,1239.32,1241.34,1242.62,1243.88,1245.27,1246.79,1247.89,1248.26,1251.29,1254.90,1257.23,1259.27,1260.98,1262.68,1263.81,1263.94,1263.88,1263.78,1263.92,1263.77,1263.91,1265.07,1268.03,1270.23,1269.78,1267.91,1264.93,1264.74,1267.62,1271.73,1275.19,1278.44,1284.22,1291.48,1298.40,1301.13,1303.29,1305.84,1307.80,1309.38,1312.52,1317.15,1319.80,1323.02,1326.90,1330.63,1336.00,1340.86,1344.59,1346.80,1349.00,1349.40,1351.33,1355.17,1355.76,1357.70,1360.83,1364.18,1366.69,1369.40,1373.62,1379.49,1385.42,1388.04,1388.26,1388.30,1387.85,1387.45,1390.41,1396.95,1406.54,1417.89,1431.68,1443.73,1450.88,1456.26,1462.81,1469.70,1479.88,1486.44,1491.22,1493.48,1496.94,1500.42,1504.67,1510.72,1515.24,1519.09,1522.05,1525.07,1528.32,1531.81,1535.98,1540.20,1543.32,1546.16,1549.18,1552.74,1556.46,1560.23,1564.20,1568.41,1573.84,1580.13,1588.70,1600.32,1609.39,1614.68,1619.38,1623.60,1626.38,1626.88,1627.25,1630.00,1635.32,1640.64,1646.53,1653.83,1660.67,1665.09,1669.67,1674.49,1679.49,1686.34,1692.11,1697.30,1703.62,1712.22,1720.26,1727.60,1734.38,1743.10,1756.43,1766.86,1775.31,1782.85,1790.09,1798.25,1805.08,1810.55,1814.88,1820.23,1827.09,1832.49,1836.79,1840.64,1840.69,1837.13,1832.78,1828.82,1824.68,1819.66,1812.77,1806.64,1800.81,1796.26,1793.52,1792.04,1792.05,1793.87,1797.13,1799.39,1800.56,1802.62,1808.39,1822.48,1831.91,1834.24,1831.31,1827.85,1827.47,1832.00,1836.97,1842.20,1845.07,1841.61,1835.18,1831.77,1829.50,1832.25,1845.76,1851.75,1850.88,1852.14,1857.69,1863.73,1875.68,1893.34,1902.55,1908.79,1919.11,1933.21,1950.10,1963.22,1973.67,1978.22,1975.68,1961.00,1943.88,1923.35,1919.68,1929.39,1940.53,1951.11,1963.50,1988.47,2016.41,2042.62
1147.47,1148.47,1149.82,1152.26,1155.72,1158.06,1159.48,1161.03,1162.76,1164.65,1166.77,1168.34,1170.22,1172.30,1174.39,1176.48,1178.55,1181.10,1184.42,1187.56,1190.28,1192.33,1193.11,1193.70,1194.63,1195.56,1196.56,1198.31,1200.49,1203.18,1205.75,1207.77,1209.05,1209.97,1211.66,1213.56,1215.42,1217.24,1218.74,1220.78,1224.45,1227.70,1230.33,1232.30,1232.24,1232.11,1232.95,1234.78,1237.46,1239.64,1241.03,1242.36,1244.00,1245.10,1245.03,1245.85,1249.86,1251.38,1252.61,1253.85,1256.49,1260.11,1261.03,1260.76,1260.28,1259.80,1259.02,1258.99,1259.66,1260.68,1263.36,1265.55,1263.94,1262.14,1261.91,1264.47,1267.46,1270.58,1274.87,1280.62,1288.19,1292.63,1296.25,1298.71,1301.30,1303.40,1305.34,1307.56,1311.67,1317.39,1321.93,1325.66,1329.93,1332.74,1334.71,1335.20,1335.42,1339.49,1344.04,1344.88,1348.55,1349.78,1350.14,1352.31,1354.28,1356.04,1358.24,1360.31,1364.56,1369.73,1372.14,1374.87,1376.55,1378.06,1381.02,1387.12,1393.81,1400.98,1414.37,1428.17,1445.47,1456.66,1464.08,1467.99,1470.70,1475.75,1483.05,1489.29,1494.08,1497.86,1501.06,1504.06,1508.16,1511.65,1515.24,1518.12,1520.50,1523.79,1527.78,1532.11,1536.83,1541.18,1544.76,1547.91,1551.34,1555.34,1559.15,1562.93,1566.72,1571.14,1577.43,1585.91,1597.59,1608.65,1614.32,1618.90,1623.68,1628.13,1632.31,1635.30,1637.08,1640.44,1645.13,1648.36,1652.00,1658.40,1663.36,1667.40,1672.57,1678.31,1684.37,1691.91,1697.50,1702.86,1710.20,1721.94,1730.07,1735.83,1741.50,1749.78,1760.29,1768.61,1776.24,1784.00,1792.22,1801.46,1808.89,1814.14,1818.77,1824.48,1830.80,1835.70,1840.45,1844.69,1848.25,1850.41,1850.33,1847.84,1843.72,1839.02,1832.62,1824.28,1816.05,1809.09,1805.12,1803.55,1803.55,1804.67,1807.39,1809.39,1811.62,1815.27,1821.68,1833.39,1843.77,1848.21,1845.87,1842.30,1841.57,1842.70,1848.13,1857.59,1865.71,1866.46,1859.04,1849.07,1845.41,1845.71,1853.27,1864.43,1866.35,1867.65,1874.28,1880.94,1889.61,1902.84,1913.53,1920.18,1927.61,1936.98,1952.82,1967.56,1978.76,1983.00,1983.62,1975.02,1956.03,1939.17,1926.38,1926.43,1939.50,1953.25,1965.37,1989.13,2014.10,2040.18
1150.74,1149.94,1149.38,1150.81,1153.12,1155.39,1157.72,1160.33,1162.16,1163.95,1165.80,1167.78,1169.79,1171.91,1174.13,1176.51,1178.88,1181.54,1184.59,1187.64,1190.36,1192.38,1194.25,1195.75,1196.76,1197.65,1198.48,1199.24,1201.13,1202.93,1205.30,1207.44,1208.51,1209.44,1210.72,1212.40,1214.14,1215.95,1217.92,1220.38,1223.43,1226.35,1228.54,1229.70,1229.77,1229.66,1230.30,1232.85,1235.67,1237.64,1239.27,1241.17,1242.63,1242.61,1242.10,1242.55,1244.43,1245.09,1246.38,1247.42,1249.54,1252.33,1252.86,1252.07,1251.38,1250.73,1250.23,1252.80,1255.72,1257.26,1259.24,1260.40,1258.45,1258.95,1262.06,1265.66,1267.40,1269.38,1276.42,1284.70,1290.60,1293.44,1296.14,1297.84,1299.13,1301.16,1303.05,1306.15,1310.17,1315.98,1319.53,1320.26,1322.29,1324.16,1327.55,1328.15,1331.69,1338.95,1340.95,1339.78,1338.82,1339.05,1341.47,1345.54,1348.03,1350.71,1356.10,1358.75,1360.20,1362.94,1365.86,1368.40,1372.11,1376.73,1382.29,1391.23,1400.89,1411.89,1425.42,1440.17,1454.38,1464.44,1473.03,1479.36,1484.20,1489.02,1493.30,1495.86,1498.33,1500.57,1503.57,1506.57,1509.74,1512.20,1513.15,1514.38,1517.71,1522.22,1526.53,1531.44,1536.29,1541.10,1545.26,1549.28,1553.47,1557.67,1561.77,1565.65,1569.68,1575.20,1582.57,1593.65,1607.18,1614.19,1618.94,1624.94,1629.53,1633.08,1637.67,1642.91,1646.54,1651.71,1655.81,1657.15,1658.72,1662.06,1665.51,1669.89,1676.62,1684.77,1693.08,1700.96,1707.03,1712.56,1719.56,1728.77,1735.41,1741.30,1747.09,1754.58,1762.21,1769.08,1776.03,1784.19,1793.80,1802.39,1809.50,1815.26,1820.75,1826.49,1831.88,1836.73,1841.79,1847.10,1852.45,1857.82,1860.87,1861.93,1860.54,1855.99,1849.88,1841.85,1832.81,1824.06,1818.04,1815.39,1814.64,1815.45,1817.84,1820.41,1823.71,1827.74,1833.28,1843.85,1855.60,1862.97,1865.34,1861.75,1858.87,1859.89,1864.09,1872.49,1880.54,1882.47,1876.99,1868.39,1864.87,1866.18,1869.91,1876.83,1883.38,1889.28,1894.96,1899.27,1904.96,1912.63,1924.26,1934.12,1940.96,1945.58,1955.47,1969.55,1981.15,1986.18,1988.25,1985.66,1971.68,1951.87,1939.55,1931.16,1935.33,1951.00,1966.04,1989.37,2011.95,2036.80
1151.77,1151.96,1151.56,1152.41,1153.87,1155.39,1157.58,1159.91,1161.70,1163.37,1165.16,1167.13,1168.92,1170.84,1173.08,1175.47,1178.08,1180.88,1183.74,1186.33,1189.03,1191.00,1193.07,1195.43,1197.98,1199.53,1200.34,1200.89,1202.71,1204.10,1205.48,1206.99,1207.98,1208.93,1209.97,1211.45,1213.29,1215.47,1217.72,1220.09,1222.80,1224.75,1226.34,1227.05,1226.67,1226.45,1228.41,1231.69,1233.55,1234.30,1236.04,1238.57,1239.81,1239.07,1237.68,1236.36,1235.63,1235.93,1238.13,1239.60,1240.72,1242.07,1243.07,1244.19,1245.27,1245.72,1246.74,1249.87,1252.41,1253.87,1255.40,1254.55,1255.90,1259.44,1263.95,1267.68,1269.58,1274.55,1282.21,1287.36,1291.54,1293.64,1294.77,1295.52,1297.20,1299.17,1300.69,1303.32,1306.95,1310.84,1312.65,1314.38,1315.73,1317.97,1321.15,1323.08,1328.08,1331.74,1332.08,1331.83,1334.11,1338.74,1345.25,1350.22,1353.15,1357.80,1361.33,1362.88,1364.13,1365.34,1367.64,1370.97,1375.49,1380.45,1386.12,1395.27,1410.58,1425.95,1437.56,1447.65,1458.53,1468.78,1477.77,1485.67,1492.27,1498.10,1500.40,1500.96,1501.50,1502.36,1504.78,1507.00,1508.61,1509.46,1509.05,1509.67,1513.41,1518.98,1523.89,1529.07,1534.18,1539.94,1544.56,1549.14,1554.18,1559.15,1564.05,1568.35,1573.47,1579.97,1590.13,1604.32,1614.49,1619.49,1626.22,1632.11,1636.34,1640.19,1645.44,1651.17,1655.99,1660.69,1662.54,1664.03,1665.11,1666.87,1668.89,1673.57,1682.13,1692.98,1701.77,1709.50,1715.25,1719.74,1725.36,1731.56,1736.83,1742.77,1748.94,1756.68,1764.46,1770.94,1776.84,1785.67,1795.07,1802.18,1808.63,1814.42,1819.70,1825.49,1831.46,1836.41,1841.71,1847.55,1854.25,1860.70,1864.98,1868.37,1871.40,1871.37,1868.01,1859.69,1848.22,1838.89,1832.26,1828.20,1826.85,1828.02,1830.64,1833.52,1836.58,1840.13,1845.55,1856.40,1868.67,1877.41,1882.53,1883.87,1882.21,1881.12,1883.59,1891.18,1898.80,1899.68,1893.46,1886.38,1885.79,1888.55,1891.80,1895.67,1900.53,1904.99,1908.60,1912.83,1917.97,1924.06,1936.91,1948.99,1954.18,1956.02,1960.18,1970.95,1982.30,1988.69,1991.86,1992.33,1986.49,1967.72,1951.74,1941.52,1936.24,1945.97,1964.82,1987.91,2008.86,2032.84
1151.49,1153.58,1154.06,1154.69,1155.81,1156.63,1158.17,1159.88,1161.36,1162.87,1164.54,1166.34,1168.05,1169.80,1171.97,1174.29,1176.85,1179.37,1181.42,1184.27,1187.09,1189.19,1191.23,1193.92,1196.94,1199.64,1200.98,1202.22,1203.30,1204.12,1204.93,1205.89,1206.82,1207.73,1208.89,1210.70,1212.87,1215.11,1217.32,1219.46,1220.97,1221.76,1223.77,1224.12,1223.60,1223.34,1225.79,1229.07,1230.18,1230.24,1230.32,1230.26,1230.23,1229.73,1228.25,1226.71,1226.44,1226.89,1228.25,1229.35,1230.22,1232.21,1234.48,1236.80,1239.91,1241.99,1244.04,1247.04,1249.19,1250.44,1251.08,1250.82,1255.55,1261.58,1267.22,1271.85,1276.71,1281.47,1284.86,1288.52,1290.49,1291.64,1292.19,1293.31,1295.20,1297.05,1298.50,1301.10,1304.66,1307.17,1309.22,1311.76,1313.91,1316.07,1318.12,1319.75,1322.68,1325.22,1327.05,1329.43,1333.68,1339.28,1347.25,1352.18,1355.15,1358.27,1359.83,1360.49,1363.41,1367.61,1370.38,1375.26,1380.51,1385.99,1391.39,1398.92,1412.98,1427.05,1437.35,1447.51,1458.94,1470.82,1479.65,1487.23,1493.27,1497.80,1499.90,1500.44,1501.36,1502.81,1503.89,1504.72,1505.72,1504.91,1503.62,1504.43,1508.09,1514.34,1520.20,1526.12,1531.73,1537.32,1542.35,1547.21,1553.49,1559.94,1565.82,1571.57,1578.22,1588.08,1602.09,1615.77,1621.43,1625.97,1631.97,1636.65,1642.05,1648.08,1654.21,1659.23,1662.44,1665.12,1667.24,1669.25,1671.51,1674.86,1677.90,1681.27,1688.48,1699.13,1707.92,1716.08,1721.03,1724.29,1728.94,1733.41,1737.89,1743.83,1750.60,1757.76,1765.53,1772.40,1778.08,1786.18,1794.36,1801.80,1808.14,1813.37,1817.23,1822.05,1829.12,1835.04,1841.30,1847.08,1853.90,1861.08,1866.32,1871.37,1876.20,1879.61,1880.93,1877.08,1867.15,1854.45,1846.63,1843.77,1843.74,1844.86,1845.48,1846.74,1849.99,1854.07,1859.97,1870.88,1881.50,1890.22,1897.58,1902.33,1903.16,1903.44,1905.97,1910.85,1913.57,1912.43,1908.77,1905.90,1906.30,1907.72,1909.73,1912.15,1915.40,1919.02,1923.09,1927.63,1933.36,1938.95,1948.20,1964.00,1969.34,1969.91,1970.30,1973.37,1981.69,1989.51,1993.66,1996.33,1995.34,1984.51,1966.16,1952.05,1942.54,1944.72,1961.86,1984.47,2003.22,2027.18
1150.87,1153.22,1155.45,1156.70,1157.41,1158.08,1159.40,1160.60,1161.68,1162.97,1164.34,1165.84,1167.34,1169.01,1171.09,1173.25,1175.48,1177.42,1179.46,1182.45,1185.32,1187.60,1189.72,1192.43,1195.28,1198.02,1199.68,1200.88,1201.68,1202.51,1203.60,1204.56,1205.47,1206.52,1208.19,1210.31,1212.43,1214.53,1216.45,1218.20,1219.19,1219.86,1221.61,1221.28,1220.40,1220.00,1221.62,1223.51,1224.07,1222.71,1220.20,1219.16,1219.74,1220.20,1219.47,1219.38,1220.70,1222.65,1225.22,1227.72,1229.61,1231.29,1233.56,1235.66,1237.25,1238.75,1240.86,1243.79,1245.97,1247.24,1248.21,1251.73,1260.43,1267.86,1272.74,1277.47,1281.02,1283.51,1285.79,1287.23,1288.41,1289.26,1289.71,1291.43,1293.32,1295.48,1298.21,1303.40,1310.17,1314.06,1317.07,1319.15,1318.66,1319.95,1323.00,1323.94,1323.94,1325.09,1327.22,1329.45,1331.77,1335.70,1339.93,1347.23,1351.64,1353.78,1355.13,1357.23,1362.32,1368.14,1374.06,1380.93,1388.23,1394.76,1401.99,1407.35,1416.03,1428.13,1441.54,1451.63,1458.83,1469.79,1478.45,1485.33,1490.68,1494.86,1497.34,1497.95,1499.49,1500.67,1501.01,1501.77,1502.58,1500.67,1498.68,1499.33,1504.19,1512.29,1519.73,1524.29,1528.48,1533.59,1538.75,1544.38,1551.31,1559.88,1567.79,1575.72,1585.67,1599.89,1615.18,1622.21,1625.32,1628.91,1633.65,1638.66,1644.66,1651.30,1658.07,1662.55,1665.57,1668.56,1670.86,1672.61,1675.49,1679.62,1683.16,1686.25,1692.28,1701.67,1710.15,1719.15,1722.99,1725.79,1728.85,1731.97,1737.62,1744.71,1752.36,1759.20,1765.96,1772.33,1778.15,1784.76,1790.41,1799.38,1805.86,1810.74,1813.87,1818.06,1825.37,1832.61,1839.94,1845.89,1852.53,1860.72,1866.50,1872.58,1879.10,1884.69,1889.24,1889.98,1883.54,1872.83,1864.91,1861.28,1860.08,1860.02,1861.13,1863.25,1866.68,1869.12,1872.34,1881.66,1894.11,1905.23,1914.33,1918.95,1920.90,1923.17,1927.01,1930.12,1930.12,1927.12,1923.86,1922.29,1922.58,1923.20,1924.69,1927.25,1930.76,1934.41,1942.20,1946.87,1951.47,1956.82,1957.54,1974.93,1982.50,1982.21,1980.30,1979.36,1982.69,1989.36,1994.34,1998.50,2001.47,1997.30,1981.93,1965.99,1953.47,1947.32,1957.05,1979.42,1997.94,2020.45
1151.67,1153.65,1155.93,1157.73,1158.84,1159.56,1160.42,1161.27,1162.19,1163.37,1164.80,1166.34,1167.79,1169.09,1171.15,1173.32,1175.44,1177.39,1179.05,1180.72,1183.60,1186.45,1188.59,1190.56,1193.30,1195.91,1197.29,1198.55,1199.84,1201.21,1202.28,1203.22,1204.09,1205.59,1207.58,1209.61,1211.57,1213.41,1215.18,1216.89,1217.69,1216.95,1216.77,1216.63,1215.99,1215.39,1215.52,1215.56,1214.24,1210.98,1209.66,1210.30,1213.59,1215.57,1216.34,1217.82,1220.54,1224.63,1228.56,1231.33,1232.88,1234.15,1236.40,1238.58,1240.14,1241.50,1244.18,1246.07,1246.54,1248.64,1253.39,1262.36,1269.27,1272.28,1275.39,1279.19,1281.58,1283.01,1284.00,1285.07,1286.10,1287.03,1287.71,1289.98,1292.77,1296.67,1300.91,1312.20,1325.04,1332.22,1334.71,1335.10,1332.22,1331.47,1332.04,1330.72,1328.50,1328.40,1330.13,1333.01,1334.86,1335.60,1337.07,1339.97,1344.95,1348.12,1351.09,1357.34,1364.00,1371.08,1381.75,1394.40,1403.62,1410.95,1416.53,1421.55,1428.75,1439.76,1449.35,1456.09,1460.79,1467.26,1475.06,1482.55,1488.55,1492.90,1494.25,1494.60,1495.87,1496.80,1496.99,1497.83,1498.40,1496.36,1494.86,1496.13,1499.99,1506.02,1513.14,1517.94,1522.38,1528.12,1533.91,1540.78,1548.31,1558.90,1570.61,1581.03,1595.13,1612.56,1621.70,1624.95,1627.60,1628.79,1632.23,1637.93,1644.48,1651.28,1658.28,1663.01,1666.97,1670.46,1672.93,1675.19,1677.90,1681.01,1684.43,1688.01,1693.54,1701.59,1710.00,1718.70,1722.00,1724.45,1726.56,1729.22,1735.27,1743.04,1752.03,1759.22,1765.48,1771.47,1777.21,1782.97,1788.03,1794.65,1800.71,1805.13,1808.87,1814.56,1821.35,1828.87,1836.88,1844.22,1851.76,1861.12,1868.10,1874.79,1881.72,1887.58,1891.97,1895.22,1895.64,1889.49,1882.11,1878.13,1876.14,1875.57,1877.36,1881.33,1885.79,1886.77,1879.36,1895.44,1910.46,1921.76,1930.73,1937.72,1942.61,1946.29,1951.03,1953.56,1953.30,1949.27,1942.40,1938.86,1938.53,1940.02,1942.55,1947.11,1951.81,1954.19,1960.21,1964.80,1968.22,1973.28,1977.78,1984.94,1999.00,1997.87,1996.23,1992.88,1991.29,1992.56,1995.60,1999.77,2005.04,2005.16,1995.34,1980.54,1966.99,1956.39,1954.44,1971.86,1993.33,2014.24
1152.78,1154.50,1156.46,1158.17,1159.73,1160.78,1161.48,1162.24,1162.97,1163.87,1165.25,1166.74,1168.28,1169.75,1171.49,1173.18,1174.81,1176.30,1177.72,1179.48,1182.17,1185.08,1187.37,1189.20,1191.67,1193.44,1194.75,1196.35,1198.31,1199.96,1201.02,1201.81,1202.97,1205.04,1207.05,1208.95,1210.55,1212.22,1213.94,1215.30,1214.11,1211.12,1209.32,1210.17,1210.92,1210.32,1208.82,1207.45,1206.06,1206.02,1207.65,1209.62,1211.80,1213.98,1217.44,1221.02,1224.54,1228.35,1231.76,1234.61,1236.10,1237.08,1239.19,1242.92,1246.05,1249.90,1255.35,1258.26,1258.90,1260.63,1264.83,1270.18,1272.45,1274.35,1276.44,1278.46,1279.90,1280.71,1281.91,1283.06,1283.92,1284.85,1286.62,1289.51,1294.21,1300.48,1313.57,1324.68,1337.16,1341.22,1341.66,1341.87,1342.29,1343.19,1342.42,1340.46,1337.26,1338.42,1338.71,1337.65,1339.39,1340.57,1340.01,1340.24,1342.78,1346.34,1351.33,1358.44,1365.82,1375.32,1391.47,1409.26,1420.28,1427.02,1430.83,1436.05,1442.62,1448.17,1454.34,1460.91,1466.09,1469.56,1476.24,1482.72,1488.07,1490.66,1490.85,1490.56,1491.38,1491.99,1492.06,1492.38,1492.09,1491.21,1491.35,1493.00,1495.95,1499.06,1504.40,1509.68,1515.57,1521.88,1529.19,1538.09,1546.87,1559.88,1574.83,1588.12,1606.44,1620.38,1624.11,1625.57,1625.09,1626.08,1630.45,1637.70,1644.99,1651.83,1658.48,1663.07,1666.96,1670.50,1673.11,1675.69,1678.38,1680.91,1683.61,1687.37,1692.41,1699.64,1707.16,1715.10,1720.08,1722.23,1723.92,1726.94,1731.98,1737.79,1747.71,1755.88,1762.26,1768.31,1773.78,1780.70,1784.76,1788.51,1793.55,1797.91,1803.10,1811.84,1818.02,1825.05,1833.40,1842.56,1852.12,1863.13,1870.95,1877.37,1883.16,1888.16,1892.18,1896.51,1900.60,1901.22,1897.19,1892.87,1892.33,1893.95,1896.65,1900.46,1905.13,1909.58,1912.64,1919.66,1930.05,1940.64,1949.72,1957.04,1962.59,1966.49,1970.89,1974.49,1975.06,1971.22,1963.95,1958.29,1957.51,1958.97,1961.88,1966.13,1970.60,1973.47,1974.67,1980.78,1984.95,1990.53,1998.22,2005.26,2011.82,2013.20,2009.71,2005.37,2001.26,1998.80,1999.73,2003.65,2009.80,2012.44,2006.64,1992.27,1980.62,1969.21,1961.52,1964.03,1984.84,2008.70
1153.29,1155.15,1156.89,1158.62,1160.33,1161.71,1162.60,1163.34,1164.06,1164.78,1165.58,1166.65,1168.07,1169.59,1171.16,1172.63,1174.19,1176.12,1178.04,1179.84,1182.18,1183.88,1184.70,1187.10,1189.49,1190.79,1192.77,1194.91,1196.92,1198.34,1199.36,1200.45,1202.32,1204.48,1206.61,1208.40,1209.72,1211.36,1212.95,1212.93,1210.36,1207.12,1205.50,1205.71,1205.70,1204.54,1202.59,1202.11,1204.22,1207.06,1209.53,1213.60,1215.30,1216.85,1221.72,1226.98,1229.67,1232.36,1235.34,1238.00,1239.44,1240.23,1242.98,1247.92,1253.66,1258.88,1260.81,1261.60,1262.87,1264.72,1268.24,1270.29,1271.56,1272.40,1274.22,1276.03,1277.40,1278.37,1279.86,1281.11,1281.97,1283.52,1287.08,1291.41,1298.76,1313.77,1326.96,1333.61,1339.06,1342.74,1344.57,1345.11,1345.95,1348.61,1348.78,1347.63,1346.96,1348.55,1347.99,1346.68,1350.04,1351.85,1350.31,1347.83,1346.52,1347.39,1351.59,1358.69,1366.32,1377.39,1397.28,1418.11,1428.70,1433.66,1437.89,1444.49,1450.12,1454.58,1459.93,1466.10,1471.02,1474.44,1479.45,1482.76,1484.61,1485.74,1486.12,1486.24,1487.05,1487.63,1487.92,1488.30,1488.42,1488.67,1489.21,1490.58,1493.55,1497.00,1500.98,1507.02,1513.97,1521.55,1529.76,1539.21,1548.30,1564.06,1579.92,1595.96,1614.23,1621.99,1622.86,1621.06,1620.83,1623.10,1628.41,1636.36,1644.01,1651.80,1657.29,1661.83,1665.11,1668.99,1672.09,1674.11,1676.37,1678.34,1681.27,1685.62,1690.12,1695.56,1700.34,1707.49,1714.64,1718.73,1720.79,1723.48,1727.69,1731.84,1740.11,1749.68,1756.88,1763.29,1768.39,1774.73,1779.75,1784.23,1789.09,1794.98,1802.67,1812.03,1817.77,1824.50,1832.69,1842.73,1853.62,1863.44,1869.71,1876.19,1881.95,1886.06,1890.40,1895.26,1900.72,1903.75,1904.18,1903.48,1904.95,1907.09,1909.71,1914.38,1920.79,1927.12,1933.18,1939.47,1946.37,1955.35,1963.62,1972.85,1979.88,1983.94,1990.07,1995.11,1997.01,1994.40,1987.95,1981.68,1978.80,1979.14,1982.41,1988.33,1992.33,1993.20,1993.91,1998.17,2001.32,2005.04,2010.54,2018.46,2026.25,2027.63,2023.94,2017.34,2011.13,2007.12,2006.92,2010.67,2016.18,2019.23,2016.16,2004.57,1990.76,1981.89,1974.84,1969.84,1974.84,1995.31
1153.23,1155.09,1156.92,1158.79,1160.54,1161.84,1163.08,1164.25,1165.16,1165.92,1166.67,1167.33,1168.07,1169.46,1171.02,1172.44,1173.92,1175.91,1177.92,1179.65,1180.73,1180.90,1181.23,1183.71,1186.30,1188.96,1191.54,1193.66,1195.31,1196.65,1198.41,1200.51,1202.40,1204.32,1206.11,1207.30,1208.67,1210.32,1211.22,1209.54,1205.83,1202.43,1201.71,1201.36,1200.71,1199.23,1198.79,1202.34,1206.68,1210.33,1215.42,1219.42,1219.51,1220.99,1227.71,1231.06,1232.37,1235.44,1239.01,1241.30,1242.88,1244.39,1247.18,1252.71,1259.15,1260.95,1261.90,1262.85,1264.39,1266.31,1267.50,1268.53,1269.37,1269.80,1271.70,1273.71,1274.95,1276.21,1277.76,1279.08,1280.16,1282.98,1287.53,1296.34,1308.87,1325.55,1335.47,1339.86,1341.21,1343.41,1346.13,1348.01,1349.02,1350.54,1352.74,1353.05,1353.28,1354.76,1356.02,1357.90,1360.76,1362.42,1363.51,1361.40,1354.19,1351.28,1352.88,1358.43,1365.34,1377.58,1395.26,1414.19,1427.95,1434.34,1439.61,1446.34,1452.28,1457.14,1462.64,1468.12,1472.22,1474.46,1476.72,1478.77,1479.79,1480.60,1481.77,1482.69,1483.53,1484.52,1485.38,1486.18,1487.05,1487.94,1488.84,1490.01,1493.65,1498.48,1503.79,1510.42,1518.74,1527.08,1535.42,1543.54,1552.66,1570.18,1585.92,1601.31,1615.98,1621.05,1619.42,1616.13,1616.74,1619.16,1624.66,1630.97,1637.44,1645.99,1651.72,1656.88,1660.36,1663.79,1667.83,1671.59,1673.97,1677.55,1681.73,1685.65,1689.29,1692.93,1696.44,1700.71,1708.54,1713.87,1716.88,1720.01,1724.46,1728.10,1734.87,1744.16,1752.27,1759.17,1765.08,1771.03,1776.53,1782.46,1790.60,1797.71,1806.48,1814.89,1821.44,1828.08,1834.93,1843.38,1853.74,1861.06,1866.06,1871.63,1877.79,1882.22,1886.45,1891.80,1899.32,1903.36,1906.76,1909.95,1912.51,1914.69,1919.51,1925.53,1932.07,1938.91,1943.83,1950.13,1959.39,1966.65,1973.60,1979.82,1982.67,1988.59,1996.16,2004.92,2011.98,2013.80,2009.67,2002.35,1998.32,1997.79,2000.83,2007.38,2012.94,2014.69,2015.15,2017.01,2019.24,2021.82,2027.79,2037.63,2046.93,2045.51,2035.52,2026.63,2021.29,2016.55,2015.15,2017.03,2022.00,2025.95,2025.56,2016.95,2001.31,1991.19,1984.81,1980.44,1977.70,1980.55
1154.25,1155.84,1157.69,1159.49,1160.84,1162.14,1163.41,1164.67,1165.83,1166.87,1167.76,1168.54,1169.12,1169.84,1171.14,1172.43,1173.77,1175.36,1176.89,1178.31,1178.91,1179.26,1179.65,1181.19,1184.36,1187.98,1190.84,1192.47,1194.26,1196.32,1198.41,1200.55,1202.63,1204.05,1204.43,1203.88,1204.20,1205.41,1203.32,1198.67,1195.78,1194.70,1195.17,1196.06,1196.03,1195.74,1198.86,1204.18,1209.38,1215.63,1220.91,1224.03,1225.82,1228.76,1231.78,1233.21,1234.44,1236.86,1239.86,1242.71,1245.65,1248.24,1251.74,1257.52,1260.75,1261.72,1262.60,1263.33,1264.09,1264.86,1265.60,1266.44,1267.32,1267.91,1269.65,1271.43,1272.70,1274.09,1275.47,1276.78,1279.01,1283.07,1288.55,1302.26,1316.73,1331.65,1339.20,1341.63,1343.12,1344.63,1346.88,1348.87,1350.89,1352.25,1354.16,1356.12,1357.64,1359.33,1361.11,1361.96,1364.61,1368.36,1370.88,1369.30,1361.62,1356.38,1354.78,1358.37,1364.73,1375.50,1390.08,1405.73,1421.35,1430.18,1437.19,1443.97,1450.01,1455.63,1460.44,1464.57,1468.18,1470.04,1471.66,1473.82,1476.05,1478.45,1481.38,1484.33,1485.89,1487.11,1487.80,1488.11,1488.89,1489.89,1491.17,1493.65,1497.17,1504.88,1512.25,1517.07,1526.22,1535.00,1542.95,1550.28,1562.86,1577.60,1589.94,1602.35,1614.43,1617.74,1614.32,1611.39,1613.15,1615.81,1619.00,1622.69,1627.30,1632.88,1637.46,1644.46,1649.83,1653.67,1657.66,1667.32,1672.76,1678.23,1684.18,1688.70,1692.50,1695.11,1697.20,1700.68,1707.68,1713.91,1717.37,1720.06,1724.27,1728.13,1734.52,1743.64,1751.50,1757.70,1763.66,1770.15,1775.89,1782.94,1793.88,1805.16,1814.31,1820.88,1827.48,1832.35,1837.43,1844.89,1851.81,1857.03,1861.86,1866.83,1871.53,1876.11,1880.67,1887.47,1896.12,1901.15,1904.81,1909.07,1913.15,1917.48,1923.25,1930.43,1937.58,1942.99,1947.34,1956.32,1963.63,1968.53,1971.91,1974.76,1978.09,1985.25,1995.29,2007.46,2020.52,2027.22,2028.44,2024.19,2020.37,2018.73,2020.12,2027.91,2035.56,2038.74,2039.09,2038.93,2039.26,2041.56,2048.46,2056.06,2061.58,2058.26,2050.19,2039.86,2030.20,2025.77,2024.90,2026.42,2029.01,2031.72,2033.15,2027.32,2012.85,2000.00,1993.66,1988.30,1985.37,1983.96
1155.28,1156.95,1158.63,1160.37,1161.46,1162.68,1163.97,1165.11,1166.16,1167.26,1168.35,1169.38,1170.30,1170.87,1172.15,1173.37,1174.56,1175.73,1176.93,1178.11,1179.22,1179.64,1179.75,1180.89,1183.53,1186.80,1189.90,1191.84,1194.05,1196.20,1198.24,1200.26,1201.97,1202.19,1201.92,1200.77,1196.91,1190.41,1186.23,1185.66,1186.34,1187.48,1188.81,1190.58,1192.90,1196.55,1200.76,1206.16,1212.32,1218.69,1222.32,1225.50,1229.06,1231.41,1233.19,1234.88,1236.37,1237.64,1239.35,1242.26,1245.65,1248.96,1253.68,1258.80,1260.70,1261.33,1261.83,1261.93,1262.38,1263.08,1263.82,1264.53,1265.32,1266.44,1267.93,1269.30,1270.52,1271.82,1273.26,1275.56,1278.54,1282.89,1290.03,1305.29,1321.09,1332.64,1337.93,1341.22,1343.12,1344.88,1346.73,1348.54,1350.69,1353.23,1355.40,1357.36,1359.18,1361.99,1364.24,1364.78,1366.59,1370.32,1373.09,1372.17,1366.92,1358.91,1357.08,1359.26,1364.86,1373.53,1386.71,1402.78,1417.36,1424.21,1430.63,1438.98,1447.33,1453.17,1456.33,1459.17,1462.88,1466.11,1468.77,1473.50,1479.13,1482.48,1485.07,1488.18,1490.66,1493.25,1495.02,1495.47,1496.95,1497.97,1498.98,1501.40,1504.66,1510.84,1518.18,1526.70,1536.50,1545.90,1555.13,1564.58,1574.89,1583.40,1591.34,1600.47,1610.69,1612.64,1610.17,1608.12,1609.68,1611.28,1612.12,1613.03,1614.81,1617.82,1621.81,1629.99,1634.86,1638.16,1646.91,1660.63,1670.65,1678.18,1686.40,1693.30,1698.01,1700.10,1701.18,1703.83,1710.16,1717.52,1721.84,1722.54,1725.55,1729.49,1737.25,1746.34,1753.57,1758.18,1764.44,1771.45,1777.06,1784.09,1796.40,1811.61,1820.96,1826.04,1830.98,1834.90,1839.29,1844.92,1850.26,1854.80,1858.66,1862.87,1866.52,1869.19,1873.37,1881.11,1889.32,1894.64,1898.28,1901.25,1907.20,1913.38,1920.42,1928.98,1936.86,1942.50,1946.31,1952.42,1958.58,1962.80,1965.74,1969.85,1975.62,1982.88,1993.25,2008.37,2024.23,2035.68,2042.82,2044.16,2039.99,2039.28,2043.00,2050.48,2056.93,2060.01,2059.84,2058.75,2058.53,2060.06,2065.82,2071.91,2073.51,2070.01,2061.60,2054.08,2046.45,2040.33,2038.70,2040.80,2042.29,2039.46,2038.56,2036.05,2022.64,2014.64,2009.32,2001.15,1994.08,1992.04
1155.60,1157.20,1158.87,1160.71,1162.11,1163.25,1164.38,1165.40,1166.33,1167.21,1168.01,1168.88,1170.78,1171.94,1173.09,1174.24,1175.41,1176.64,1177.95,1179.16,1180.13,1180.78,1181.37,1182.55,1184.67,1186.91,1189.40,1191.68,1193.90,1195.88,1197.50,1199.01,1200.03,1198.79,1194.85,1187.22,1180.12,1179.91,1182.50,1184.88,1186.83,1189.30,1191.45,1194.14,1198.55,1202.08,1205.48,1209.85,1215.43,1220.66,1223.40,1226.15,1228.47,1230.22,1231.53,1233.28,1236.07,1238.72,1241.01,1243.91,1246.52,1249.36,1253.62,1258.44,1259.88,1260.27,1260.42,1260.46,1260.61,1261.32,1262.08,1262.86,1263.52,1264.64,1266.01,1267.42,1268.55,1269.86,1271.76,1274.32,1277.30,1281.12,1290.04,1305.84,1321.95,1332.15,1336.41,1339.88,1341.94,1343.83,1345.78,1347.75,1350.04,1352.90,1355.95,1358.21,1360.14,1363.64,1367.05,1368.05,1367.98,1370.43,1374.28,1374.37,1370.60,1361.44,1359.70,1362.37,1366.28,1373.69,1385.99,1400.84,1413.31,1418.44,1426.25,1434.93,1442.86,1448.79,1452.75,1457.96,1464.45,1470.66,1476.54,1483.89,1490.51,1492.99,1493.41,1496.19,1501.47,1505.40,1506.42,1506.59,1508.26,1509.63,1510.98,1513.65,1517.14,1523.02,1530.70,1539.22,1549.42,1559.52,1566.66,1573.84,1581.07,1585.60,1590.37,1597.09,1604.04,1607.09,1607.25,1605.71,1605.16,1604.55,1602.76,1601.24,1602.01,1604.58,1609.61,1616.27,1619.84,1625.93,1639.08,1654.66,1667.61,1677.64,1687.87,1698.32,1705.14,1708.41,1709.46,1709.20,1712.45,1719.34,1725.97,1727.32,1728.29,1732.68,1740.37,1749.19,1757.80,1763.79,1769.60,1776.27,1782.51,1789.64,1800.60,1814.28,1823.29,1828.48,1832.40,1836.04,1839.82,1844.31,1849.01,1853.07,1856.32,1859.35,1862.18,1864.65,1867.57,1872.23,1879.81,1885.28,1888.39,1891.45,1898.52,1906.64,1914.17,1922.45,1929.56,1936.30,1941.76,1946.01,1951.27,1955.80,1960.98,1967.74,1975.63,1983.61,1993.15,2010.16,2026.75,2040.22,2051.66,2058.45,2060.64,2062.19,2064.55,2067.85,2072.16,2075.99,2077.52,2078.86,2080.59,2082.05,2086.51,2090.89,2090.13,2083.62,2075.16,2067.25,2060.85,2057.72,2057.24,2058.31,2057.28,2049.89,2045.02,2043.26,2036.06,2034.09,2034.33,2026.28,2011.24,2001.32
1156.15,1157.32,1158.66,1160.27,1161.93,1163.09,1163.81,1164.56,1165.01,1165.49,1166.16,1167.88,1170.40,1171.65,1172.14,1172.57,1173.66,1174.83,1176.52,1178.27,1179.09,1180.35,1181.80,1183.50,1185.23,1187.05,1189.39,1191.46,1192.75,1193.19,1193.72,1194.13,1191.73,1184.59,1177.89,1175.73,1179.53,1182.82,1185.09,1187.47,1189.88,1193.74,1196.59,1199.57,1203.79,1208.24,1210.80,1213.17,1217.17,1220.46,1222.87,1224.22,1225.73,1227.36,1229.01,1230.94,1233.93,1237.02,1239.95,1245.33,1249.23,1251.30,1254.48,1258.02,1258.65,1259.17,1259.23,1259.09,1258.75,1259.68,1260.68,1261.35,1261.78,1262.73,1264.11,1265.55,1266.75,1268.18,1270.39,1273.10,1275.97,1278.77,1287.72,1304.22,1319.01,1331.51,1335.33,1339.06,1341.68,1343.84,1346.30,1348.61,1350.50,1353.40,1356.56,1359.21,1361.75,1365.59,1369.57,1372.59,1372.69,1373.05,1376.58,1377.05,1373.42,1366.85,1363.35,1366.69,1369.80,1375.67,1384.46,1394.80,1406.70,1414.02,1421.54,1430.21,1438.93,1447.00,1453.47,1461.21,1471.26,1481.66,1490.35,1497.03,1500.94,1502.77,1504.74,1509.26,1514.54,1517.92,1517.91,1515.94,1517.14,1519.40,1520.34,1524.19,1529.98,1536.07,1542.34,1549.10,1558.77,1565.89,1571.46,1575.64,1581.23,1585.67,1589.38,1593.59,1597.76,1600.50,1603.15,1603.79,1601.56,1596.90,1592.23,1590.90,1591.76,1594.63,1598.86,1605.34,1611.66,1618.10,1630.88,1645.13,1661.33,1674.99,1687.63,1701.42,1711.78,1717.48,1718.12,1715.98,1715.53,1720.45,1728.21,1732.39,1733.06,1737.22,1744.69,1752.95,1762.37,1770.92,1778.06,1785.91,1792.26,1798.12,1805.78,1816.81,1824.30,1829.58,1833.00,1835.78,1838.84,1842.67,1847.07,1850.99,1853.71,1855.86,1857.91,1860.66,1863.59,1866.58,1870.99,1877.68,1882.64,1886.87,1892.81,1902.74,1910.86,1917.91,1924.18,1928.96,1935.22,1939.65,1944.80,1950.78,1958.90,1967.62,1977.26,1986.53,1996.24,2014.59,2030.26,2045.84,2057.64,2063.77,2068.78,2073.87,2078.35,2080.70,2083.93,2087.63,2091.31,2095.54,2098.78,2099.60,2102.78,2108.13,2107.92,2100.74,2090.36,2082.89,2078.28,2075.33,2074.27,2072.81,2068.22,2060.42,2055.46,2056.08,2055.61,2058.14,2059.88,2054.26,2035.62,2019.85
1156.31,1157.32,1158.69,1160.05,1161.35,1161.92,1162.40,1163.04,1163.17,1163.49,1164.13,1165.62,1168.08,1170.43,1170.39,1170.10,1170.69,1172.01,1173.69,1175.07,1175.65,1177.22,1180.29,1181.59,1182.81,1183.51,1186.03,1187.72,1187.69,1187.08,1186.58,1183.55,1174.99,1170.33,1174.14,1177.46,1180.13,1184.83,1188.30,1191.41,1195.97,1199.26,1200.65,1201.87,1205.62,1209.64,1212.39,1214.80,1217.09,1218.97,1220.20,1221.28,1223.02,1225.14,1227.48,1230.29,1234.16,1237.48,1242.26,1249.85,1252.22,1253.56,1256.08,1256.91,1257.21,1258.06,1258.03,1257.37,1256.85,1257.90,1259.00,1259.55,1260.01,1260.87,1262.23,1263.72,1265.26,1267.23,1269.71,1272.75,1275.67,1278.48,1286.17,1301.28,1315.66,1330.18,1334.36,1338.89,1342.60,1345.37,1347.58,1349.71,1352.46,1354.26,1357.27,1360.42,1363.32,1366.74,1371.58,1377.69,1378.62,1378.25,1380.37,1380.80,1378.24,1372.24,1368.07,1370.90,1374.45,1379.62,1385.79,1393.85,1405.32,1416.45,1425.03,1434.44,1445.65,1454.25,1460.32,1469.78,1482.45,1494.18,1500.46,1503.09,1505.94,1509.59,1513.46,1517.40,1521.59,1524.26,1525.07,1524.09,1523.20,1524.70,1527.37,1532.70,1539.37,1544.74,1549.80,1555.64,1562.71,1568.37,1573.15,1577.31,1581.87,1586.88,1590.49,1593.28,1595.98,1598.87,1601.01,1600.35,1596.22,1587.37,1582.52,1582.82,1584.72,1588.03,1592.77,1599.83,1607.18,1614.58,1624.97,1637.33,1653.00,1670.26,1686.82,1702.37,1717.43,1727.46,1728.15,1723.78,1720.73,1722.32,1729.09,1735.45,1739.93,1747.09,1755.32,1762.72,1770.90,1779.67,1787.01,1793.76,1799.70,1804.44,1810.75,1818.03,1823.16,1827.72,1831.01,1833.15,1835.81,1838.85,1842.68,1846.84,1850.21,1851.45,1852.94,1855.45,1859.02,1862.78,1867.38,1874.28,1881.91,1889.83,1897.84,1903.74,1910.74,1917.88,1923.42,1928.30,1933.40,1938.19,1944.31,1952.25,1960.85,1969.77,1981.01,1990.72,2001.09,2018.31,2032.69,2046.03,2055.23,2062.93,2069.25,2076.39,2082.27,2085.61,2089.51,2092.89,2096.41,2101.22,2105.10,2109.86,2117.11,2121.87,2124.79,2119.67,2108.75,2100.24,2096.58,2094.51,2091.57,2087.12,2081.03,2073.35,2069.32,2070.80,2074.85,2078.59,2077.79,2068.76,2053.98,2036.70
1154.21,1154.53,1155.87,1157.74,1159.63,1160.64,1160.98,1161.31,1161.33,1161.52,1161.75,1161.82,1163.32,1165.63,1164.61,1162.67,1162.03,1165.34,1169.55,1171.14,1171.50,1172.04,1174.90,1175.94,1177.40,1177.84,1178.02,1176.88,1174.95,1173.84,1171.80,1168.11,1167.93,1174.14,1179.50,1181.42,1182.44,1186.22,1190.50,1195.74,1200.44,1202.05,1202.97,1203.78,1206.14,1209.28,1211.94,1214.10,1215.68,1216.98,1218.20,1219.75,1222.29,1225.00,1227.70,1231.30,1236.60,1240.21,1245.27,1250.94,1253.51,1254.99,1255.22,1255.11,1255.95,1256.79,1256.25,1255.43,1254.97,1256.00,1257.04,1257.55,1258.07,1259.11,1260.88,1263.85,1266.45,1268.57,1272.16,1275.91,1278.42,1281.23,1287.25,1300.16,1314.21,1325.82,1333.04,1340.27,1343.24,1346.04,1348.57,1351.28,1354.25,1356.41,1358.21,1361.71,1364.95,1368.02,1373.88,1381.24,1383.82,1383.58,1384.37,1385.82,1384.35,1379.83,1375.67,1376.35,1378.18,1382.75,1388.74,1399.23,1416.76,1427.65,1437.83,1447.66,1457.14,1465.65,1474.84,1485.03,1494.02,1500.63,1502.88,1505.12,1508.40,1512.89,1518.12,1521.86,1525.29,1528.62,1529.95,1529.59,1528.15,1528.79,1532.30,1538.43,1544.25,1549.73,1554.16,1559.01,1563.99,1568.88,1573.74,1578.51,1583.29,1588.13,1591.69,1593.88,1595.71,1597.31,1595.82,1590.53,1584.08,1577.15,1575.67,1577.16,1580.33,1584.94,1589.86,1596.13,1602.82,1611.57,1622.25,1637.08,1652.83,1669.77,1686.54,1703.11,1721.90,1734.31,1736.69,1731.07,1726.42,1726.19,1730.48,1738.09,1747.77,1757.29,1763.34,1768.80,1773.86,1778.58,1783.48,1789.36,1795.99,1801.13,1805.76,1812.64,1817.22,1820.24,1823.35,1827.32,1829.89,1832.28,1835.49,1839.01,1842.34,1844.86,1847.32,1849.57,1852.88,1858.85,1865.47,1874.23,1884.80,1896.81,1905.37,1909.26,1915.29,1921.30,1925.75,1930.76,1935.48,1940.52,1947.92,1956.13,1964.24,1973.58,1985.45,1994.83,2005.39,2019.25,2030.94,2040.99,2047.64,2056.22,2064.18,2071.57,2079.34,2083.85,2088.68,2092.13,2095.39,2099.42,2103.50,2110.17,2118.39,2125.22,2131.47,2134.58,2129.87,2119.78,2114.03,2111.24,2109.76,2106.10,2100.03,2093.01,2089.18,2090.03,2094.20,2097.16,2097.86,2089.78,2070.05,2053.29
1151.77,1151.57,1152.09,1153.34,1154.44,1156.04,1156.68,1156.92,1157.09,1157.26,1157.11,1156.93,1156.92,1155.87,1153.47,1153.92,1154.70,1157.14,1158.94,1162.11,1163.59,1164.29,1164.24,1164.00,1164.28,1164.64,1164.74,1164.11,1162.46,1160.69,1160.83,1166.96,1173.10,1177.87,1181.96,1184.75,1186.35,1188.80,1191.90,1196.69,1200.56,1203.06,1205.03,1206.02,1206.97,1209.22,1211.38,1212.96,1214.65,1216.40,1218.17,1220.15,1222.98,1225.90,1228.75,1232.99,1239.15,1244.55,1248.26,1251.15,1253.35,1253.05,1252.77,1253.36,1254.73,1255.57,1254.29,1253.30,1252.95,1254.12,1255.02,1255.55,1256.75,1258.69,1262.47,1266.92,1270.66,1275.52,1279.93,1282.78,1285.73,1289.04,1293.95,1303.55,1316.46,1326.67,1334.03,1340.25,1342.85,1345.07,1347.60,1350.67,1354.79,1358.22,1360.21,1362.64,1366.20,1369.88,1375.66,1382.80,1388.50,1389.18,1388.89,1392.09,1393.34,1390.47,1387.20,1388.26,1391.88,1394.91,1400.17,1413.32,1427.17,1440.02,1449.75,1459.28,1467.33,1475.18,1484.38,1491.13,1493.16,1495.32,1499.05,1501.92,1506.65,1512.86,1519.76,1523.93,1527.92,1530.88,1532.03,1531.93,1531.72,1532.70,1536.44,1541.76,1546.86,1551.88,1556.58,1560.95,1564.71,1568.83,1573.56,1578.59,1582.93,1586.44,1588.78,1590.47,1590.96,1590.00,1584.99,1578.47,1572.08,1569.28,1570.55,1573.48,1578.46,1583.00,1587.38,1592.28,1598.49,1608.51,1618.83,1635.85,1656.26,1673.99,1689.17,1705.26,1722.53,1733.93,1740.20,1736.86,1733.16,1735.01,1737.21,1741.31,1748.52,1756.24,1760.62,1762.69,1766.68,1770.83,1774.30,1778.56,1783.23,1789.49,1794.98,1799.92,1805.43,1810.03,1811.95,1814.49,1818.39,1821.57,1825.05,1829.61,1833.34,1837.53,1841.68,1845.04,1848.84,1855.96,1864.50,1874.40,1885.75,1898.60,1908.76,1914.45,1919.92,1924.28,1928.62,1933.46,1938.80,1944.01,1951.24,1959.37,1967.74,1977.05,1987.77,1995.97,2004.96,2014.80,2022.05,2029.45,2036.84,2044.61,2054.24,2063.22,2070.26,2077.27,2081.84,2085.41,2089.55,2092.75,2097.18,2103.81,2111.49,2121.85,2129.72,2137.90,2142.45,2141.23,2138.93,2134.38,2131.58,2129.53,2124.85,2117.14,2111.39,2112.35,2116.36,2120.48,2122.33,2114.52,2094.23,2078.94
1150.15,1146.71,1145.95,1147.69,1148.31,1148.10,1147.30,1145.93,1144.01,1144.18,1144.87,1146.34,1147.72,1149.12,1146.98,1146.94,1150.80,1152.67,1152.63,1154.28,1156.25,1157.57,1156.67,1155.86,1156.23,1156.30,1156.32,1157.39,1159.12,1160.98,1163.57,1167.71,1172.73,1176.82,1180.83,1186.13,1189.61,1192.02,1194.27,1196.59,1199.77,1202.75,1205.67,1208.06,1209.25,1210.45,1211.93,1213.39,1214.94,1216.94,1219.11,1222.22,1225.19,1227.84,1232.72,1237.28,1241.66,1248.74,1251.08,1251.44,1250.68,1250.13,1250.82,1251.86,1253.33,1254.48,1252.95,1251.23,1251.01,1252.30,1253.09,1254.74,1257.26,1260.25,1266.63,1274.44,1282.34,1287.95,1290.16,1292.17,1295.97,1300.95,1306.52,1311.53,1319.76,1326.49,1332.79,1338.09,1341.03,1343.40,1347.03,1350.84,1354.58,1358.00,1361.47,1364.48,1367.59,1371.11,1375.77,1382.79,1391.88,1395.53,1397.54,1400.24,1403.32,1403.48,1401.63,1402.30,1407.78,1414.21,1420.21,1427.26,1434.97,1446.12,1455.54,1463.26,1470.21,1476.34,1482.53,1485.90,1485.77,1486.38,1491.44,1496.60,1503.41,1510.29,1518.30,1523.08,1527.68,1530.85,1532.60,1533.91,1534.66,1536.11,1538.64,1541.82,1546.91,1551.84,1556.39,1560.41,1562.72,1566.68,1571.48,1575.86,1579.72,1581.39,1581.11,1580.86,1580.52,1578.43,1574.04,1569.62,1567.25,1566.80,1568.51,1571.77,1576.21,1580.63,1584.96,1589.67,1595.76,1604.32,1614.65,1631.68,1655.02,1673.83,1689.90,1704.23,1718.79,1730.40,1740.00,1742.38,1741.82,1743.99,1746.98,1748.09,1749.72,1755.34,1757.02,1757.21,1758.62,1761.58,1767.10,1771.19,1775.20,1780.26,1786.15,1791.53,1794.54,1797.93,1801.37,1805.01,1808.38,1812.07,1815.87,1820.82,1827.84,1834.13,1839.77,1845.28,1849.40,1855.90,1865.01,1874.40,1884.42,1894.97,1904.33,1911.19,1916.20,1921.13,1927.93,1934.08,1939.97,1945.23,1951.67,1960.54,1969.05,1978.83,1987.58,1993.53,1999.00,2004.23,2007.47,2011.79,2018.58,2027.63,2037.39,2049.89,2059.49,2066.12,2071.42,2075.64,2079.12,2083.94,2088.38,2094.55,2101.59,2112.28,2123.28,2133.10,2140.91,2145.74,2149.59,2150.80,2151.09,2148.90,2144.59,2138.85,2135.52,2137.01,2143.05,2147.76,2147.46,2139.19,2121.72,2105.82
1143.44,1138.99,1139.50,1141.74,1142.64,1140.79,1138.85,1136.09,1134.60,1135.96,1137.43,1137.51,1141.64,1144.47,1142.91,1141.64,1145.49,1147.85,1147.58,1149.06,1151.47,1152.93,1151.14,1150.52,1151.92,1154.96,1158.82,1161.93,1163.30,1164.77,1166.68,1169.64,1174.81,1179.17,1183.17,1188.50,1192.59,1195.56,1197.88,1199.65,1201.42,1203.18,1205.78,1208.81,1211.91,1213.65,1214.94,1216.05,1216.59,1217.37,1219.15,1223.34,1227.70,1232.06,1239.76,1242.70,1246.14,1250.05,1250.30,1248.80,1247.54,1247.37,1248.94,1250.30,1252.03,1253.42,1252.06,1250.17,1249.74,1250.66,1252.75,1255.48,1258.15,1264.47,1274.76,1284.57,1291.11,1294.63,1297.13,1300.81,1306.00,1311.66,1315.28,1316.89,1321.62,1326.14,1331.26,1336.04,1339.05,1341.61,1345.20,1349.62,1353.29,1356.24,1359.98,1363.80,1367.69,1371.56,1375.51,1380.28,1390.82,1396.72,1401.00,1405.20,1409.45,1410.54,1408.11,1407.90,1411.40,1419.05,1427.56,1434.59,1441.05,1448.13,1456.23,1463.32,1469.16,1473.37,1477.19,1479.17,1478.73,1479.51,1485.70,1493.69,1502.97,1509.73,1516.16,1521.23,1525.86,1530.05,1532.14,1533.63,1534.59,1535.63,1537.43,1540.57,1545.96,1551.23,1555.05,1557.79,1559.53,1562.90,1567.08,1570.50,1572.28,1572.25,1570.19,1568.61,1567.69,1566.03,1564.62,1564.41,1564.29,1565.72,1568.49,1571.75,1575.64,1579.57,1584.02,1589.49,1595.46,1603.00,1612.87,1627.80,1651.88,1673.38,1689.93,1703.51,1715.85,1727.30,1737.85,1743.45,1745.39,1747.04,1749.13,1750.66,1750.89,1752.96,1752.75,1753.31,1755.39,1758.21,1762.17,1766.76,1771.16,1775.27,1778.36,1783.16,1788.06,1791.82,1796.15,1800.08,1804.33,1808.15,1814.15,1822.99,1832.37,1840.01,1846.28,1849.85,1853.35,1858.78,1865.02,1872.01,1880.03,1887.04,1894.50,1901.79,1906.40,1912.21,1920.25,1928.05,1935.77,1942.74,1950.15,1959.16,1967.53,1976.62,1981.06,1981.01,1983.01,1987.05,1990.05,1992.91,2002.30,2013.31,2024.35,2035.06,2046.16,2052.13,2058.12,2063.59,2067.28,2072.35,2079.59,2085.09,2091.84,2100.92,2112.29,2122.70,2132.42,2139.68,2144.02,2147.37,2151.13,2153.40,2153.98,2153.14,2151.26,2154.97,2162.03,2167.44,2170.07,2163.49,2145.90,2134.36
1136.62,1135.49,1136.97,1138.07,1137.28,1134.82,1131.88,1129.20,1130.14,1133.30,1133.38,1132.72,1137.68,1139.98,1139.15,1138.77,1140.60,1142.80,1143.58,1145.27,1147.51,1148.40,1148.42,1150.87,1154.22,1159.64,1163.82,1165.75,1167.03,1168.49,1171.84,1177.05,1181.84,1184.68,1187.63,1191.23,1195.80,1199.30,1202.52,1205.04,1206.45,1206.70,1207.03,1209.01,1213.71,1217.14,1218.46,1219.45,1220.01,1220.77,1223.60,1227.82,1231.78,1238.33,1242.29,1244.86,1247.15,1248.54,1248.33,1246.63,1245.03,1246.20,1248.76,1250.36,1251.84,1252.58,1251.75,1249.97,1249.47,1251.09,1253.60,1256.32,1259.23,1270.11,1281.47,1290.67,1296.24,1299.72,1302.18,1306.48,1311.47,1315.48,1319.56,1320.65,1322.39,1326.48,1330.64,1333.37,1336.71,1339.78,1343.26,1347.00,1349.16,1352.54,1357.24,1361.72,1366.47,1371.15,1375.00,1378.77,1386.95,1393.41,1398.36,1404.04,1410.00,1414.34,1413.33,1412.53,1415.42,1420.55,1429.82,1436.63,1442.03,1447.79,1455.54,1462.00,1464.05,1466.87,1469.81,1471.29,1471.10,1474.74,1484.24,1493.45,1502.31,1508.11,1513.42,1517.98,1522.69,1527.51,1530.47,1531.21,1531.60,1532.39,1534.42,1537.64,1542.54,1548.98,1552.27,1553.53,1554.34,1555.95,1559.08,1561.36,1561.73,1560.70,1559.19,1557.97,1556.81,1557.96,1559.40,1560.84,1563.03,1565.82,1568.58,1571.56,1575.08,1578.49,1583.29,1589.43,1597.35,1604.66,1612.89,1625.70,1645.56,1666.21,1685.01,1699.68,1713.41,1724.32,1733.19,1739.86,1742.27,1743.16,1744.17,1745.21,1745.21,1746.88,1747.64,1750.01,1753.54,1757.43,1761.67,1766.30,1770.77,1774.94,1779.31,1782.88,1787.58,1793.31,1799.42,1804.00,1808.79,1813.74,1820.50,1829.61,1840.00,1849.86,1855.24,1858.52,1856.30,1854.12,1855.49,1858.46,1863.37,1869.33,1875.31,1881.27,1886.90,1894.14,1903.68,1914.72,1925.54,1932.49,1941.65,1951.74,1959.92,1963.49,1962.74,1960.85,1961.14,1962.84,1965.27,1971.37,1986.38,2000.12,2009.46,2019.53,2026.98,2031.28,2038.76,2044.95,2049.30,2055.60,2064.23,2072.01,2078.79,2087.71,2098.29,2108.34,2116.90,2126.58,2133.64,2138.90,2143.71,2147.70,2149.47,2151.53,2156.84,2163.58,2173.06,2181.17,2189.24,2186.14,2172.98,2162.29
1130.52,1132.46,1134.52,1133.97,1132.22,1128.86,1125.88,1123.91,1127.87,1129.49,1128.27,1128.73,1131.36,1134.27,1135.38,1136.50,1138.13,1139.54,1142.46,1146.15,1147.96,1150.71,1153.39,1155.59,1160.29,1165.08,1169.11,1171.43,1174.62,1178.54,1184.25,1188.35,1190.57,1191.90,1193.43,1195.73,1199.69,1203.74,1207.86,1209.99,1210.43,1210.34,1210.28,1211.04,1216.13,1220.41,1221.86,1223.05,1224.54,1228.01,1231.17,1232.88,1235.88,1239.01,1241.18,1243.86,1244.90,1245.61,1245.83,1244.51,1243.26,1245.46,1249.12,1250.66,1251.21,1251.26,1251.07,1249.52,1249.45,1251.97,1254.45,1257.01,1260.81,1274.26,1285.74,1294.23,1299.97,1303.94,1307.32,1310.32,1313.25,1316.79,1320.67,1323.95,1325.57,1327.18,1329.22,1333.20,1337.61,1340.59,1343.20,1346.32,1348.62,1350.84,1356.01,1361.10,1366.24,1370.81,1375.17,1380.15,1386.84,1393.42,1399.17,1405.08,1411.14,1417.69,1418.19,1416.63,1419.53,1424.47,1430.04,1435.08,1439.61,1446.54,1453.61,1457.82,1458.71,1459.84,1462.52,1464.63,1465.60,1469.93,1479.54,1488.76,1498.52,1504.41,1509.27,1513.14,1517.38,1521.31,1523.74,1525.14,1525.79,1527.32,1529.34,1531.30,1534.11,1538.28,1543.36,1546.02,1545.97,1545.79,1547.53,1549.82,1550.80,1550.99,1551.78,1553.02,1555.53,1559.15,1562.47,1561.95,1565.05,1568.70,1571.25,1574.10,1576.95,1580.20,1584.39,1589.05,1598.87,1607.63,1615.06,1627.84,1642.59,1656.11,1673.28,1693.93,1711.39,1721.39,1726.95,1731.62,1735.15,1736.76,1737.45,1738.45,1739.08,1739.77,1740.87,1745.45,1750.70,1755.18,1760.16,1764.63,1769.52,1773.79,1778.82,1783.86,1790.22,1797.22,1803.03,1808.64,1814.43,1820.64,1827.19,1835.21,1844.07,1848.77,1848.22,1848.13,1841.98,1834.95,1834.69,1838.28,1842.27,1846.49,1851.70,1858.87,1866.26,1875.75,1884.06,1896.14,1907.56,1914.58,1923.03,1930.56,1937.08,1939.30,1939.74,1940.28,1940.55,1941.20,1943.94,1955.27,1970.85,1982.97,1993.91,2004.27,2008.38,2012.73,2019.59,2025.84,2032.72,2040.62,2049.39,2058.08,2065.04,2074.28,2084.28,2093.61,2102.14,2110.31,2118.02,2124.38,2130.35,2135.74,2139.38,2143.66,2151.63,2162.29,2173.87,2184.66,2197.94,2204.42,2196.94,2190.00
1125.67,1130.40,1130.13,1124.30,1118.47,1118.63,1118.88,1118.99,1121.18,1124.86,1127.94,1130.87,1132.69,1134.99,1138.28,1140.10,1140.78,1143.51,1147.02,1153.43,1156.56,1158.52,1160.89,1163.29,1170.95,1175.59,1178.70,1181.94,1185.08,1187.72,1191.35,1193.33,1195.36,1197.42,1199.11,1200.51,1203.11,1206.85,1210.24,1211.72,1212.49,1212.46,1212.71,1213.78,1217.70,1221.62,1223.85,1225.69,1227.61,1229.64,1231.83,1233.54,1235.23,1237.42,1240.24,1241.65,1241.33,1241.81,1243.10,1242.08,1241.24,1243.53,1246.39,1246.16,1247.33,1248.83,1249.13,1248.21,1249.23,1251.65,1254.53,1257.28,1262.04,1276.10,1287.70,1297.05,1302.39,1306.40,1310.24,1313.17,1316.00,1318.77,1321.94,1325.44,1328.42,1330.81,1332.80,1337.59,1341.57,1343.95,1346.17,1349.58,1351.74,1353.88,1358.33,1362.49,1366.24,1369.57,1373.62,1379.25,1386.24,1392.65,1398.14,1405.05,1413.45,1420.43,1421.65,1420.26,1421.16,1425.05,1429.56,1433.61,1437.90,1444.94,1451.70,1453.83,1455.00,1456.31,1458.09,1459.44,1462.19,1466.76,1472.03,1482.53,1490.72,1496.91,1501.09,1504.90,1508.52,1510.74,1511.78,1512.84,1514.04,1515.28,1516.73,1518.02,1518.90,1520.34,1523.23,1527.82,1532.39,1536.49,1541.12,1544.57,1546.39,1547.84,1550.53,1554.57,1557.24,1560.47,1566.30,1567.29,1569.24,1572.39,1574.99,1578.08,1581.48,1584.71,1588.67,1595.02,1602.64,1611.90,1618.89,1630.73,1643.66,1659.01,1674.81,1694.22,1707.96,1715.44,1720.58,1723.73,1725.70,1726.84,1726.75,1727.64,1729.24,1730.10,1732.68,1738.40,1744.91,1749.91,1754.34,1758.75,1763.10,1769.06,1774.58,1780.46,1788.66,1797.42,1805.40,1811.08,1816.41,1823.40,1831.29,1838.60,1842.60,1838.58,1829.71,1822.46,1818.63,1815.77,1815.65,1821.00,1826.09,1828.95,1834.05,1842.10,1849.29,1856.47,1867.07,1874.05,1882.68,1893.52,1905.19,1909.50,1913.21,1916.23,1919.12,1920.81,1921.25,1922.67,1927.69,1937.92,1952.05,1967.58,1981.38,1986.68,1991.32,2000.09,2005.95,2011.50,2020.97,2029.39,2036.96,2046.56,2055.41,2065.24,2074.66,2083.67,2091.64,2098.70,2104.39,2108.80,2112.65,2116.97,2124.34,2134.06,2143.76,2155.27,2168.22,2181.16,2195.04,2208.09,2211.12,2213.38
1119.10,1117.47,1112.32,1113.75,1118.43,1119.51,1119.81,1120.20,1122.24,1129.01,1131.37,1133.40,1135.46,1137.88,1141.47,1146.80,1147.72,1149.06,1150.73,1155.40,1160.42,1162.57,1164.62,1167.43,1171.70,1174.03,1179.05,1182.11,1184.45,1187.81,1191.92,1195.38,1198.21,1200.74,1202.55,1204.01,1205.72,1208.16,1210.13,1211.82,1213.70,1214.55,1215.17,1216.09,1217.79,1220.87,1223.42,1225.82,1227.64,1228.68,1229.51,1231.20,1233.90,1237.08,1238.24,1238.18,1237.91,1238.41,1239.93,1238.81,1238.36,1241.28,1241.48,1238.33,1239.50,1243.60,1245.44,1247.29,1249.20,1251.23,1254.83,1257.67,1262.32,1275.88,1287.88,1298.33,1303.16,1307.04,1310.50,1313.02,1315.61,1318.60,1322.11,1326.20,1329.73,1332.81,1335.93,1339.58,1342.48,1345.07,1347.64,1350.36,1353.00,1355.47,1358.57,1361.90,1364.61,1367.71,1372.09,1376.93,1382.08,1389.62,1395.73,1403.38,1413.78,1420.91,1423.86,1423.90,1424.20,1425.14,1428.16,1432.17,1435.98,1440.09,1447.01,1449.99,1451.55,1453.41,1455.53,1457.88,1460.35,1463.83,1466.69,1472.95,1480.08,1484.27,1486.75,1490.81,1496.39,1499.25,1498.67,1498.24,1499.04,1499.57,1499.06,1498.95,1499.98,1507.27,1517.43,1525.94,1533.20,1541.96,1550.07,1553.47,1554.30,1554.47,1554.99,1557.62,1559.79,1564.40,1571.48,1574.08,1575.94,1578.01,1579.09,1582.79,1587.63,1591.60,1596.02,1602.91,1609.66,1618.57,1628.18,1639.04,1651.71,1667.20,1682.39,1693.08,1702.26,1707.86,1712.35,1715.23,1716.26,1715.33,1714.15,1715.99,1719.02,1722.61,1726.86,1732.00,1737.84,1743.02,1747.14,1750.56,1755.55,1763.18,1770.86,1779.07,1790.29,1801.10,1810.39,1816.82,1823.15,1830.12,1833.51,1836.88,1835.58,1822.61,1810.93,1801.99,1798.79,1801.41,1806.28,1811.67,1816.79,1821.32,1826.06,1831.07,1837.40,1841.51,1848.88,1856.23,1862.94,1872.39,1882.84,1887.57,1892.42,1897.82,1901.30,1903.83,1906.61,1910.80,1915.98,1925.13,1937.71,1956.58,1968.69,1972.43,1979.38,1986.69,1996.21,2005.12,2014.21,2024.10,2032.72,2043.01,2052.21,2061.60,2068.09,2076.01,2083.97,2089.61,2092.59,2094.89,2097.36,2100.10,2106.70,2119.06,2132.53,2144.68,2159.14,2173.38,2187.56,2201.30,2209.82,2219.20
1111.41,1108.85,1112.72,1119.63,1121.40,1122.13,1123.00,1124.17,1125.89,1129.61,1131.64,1132.56,1134.13,1135.84,1139.75,1149.81,1151.30,1152.09,1153.14,1153.94,1155.70,1155.42,1156.30,1160.47,1166.38,1167.98,1171.22,1176.09,1181.66,1186.96,1192.22,1197.33,1199.78,1202.04,1203.66,1204.17,1205.19,1206.72,1209.37,1211.79,1213.76,1215.47,1216.84,1218.15,1219.35,1221.34,1223.63,1225.40,1226.01,1226.44,1228.19,1230.74,1233.87,1235.13,1235.03,1234.87,1234.64,1234.73,1235.37,1234.92,1234.83,1238.50,1237.64,1235.70,1237.64,1239.74,1241.68,1246.40,1250.88,1252.90,1255.26,1257.71,1261.43,1274.51,1286.95,1298.44,1303.14,1306.08,1308.77,1311.16,1314.46,1318.41,1322.16,1326.53,1330.64,1333.63,1336.58,1339.45,1342.04,1344.56,1347.01,1349.31,1351.01,1353.05,1356.34,1359.69,1361.24,1365.60,1369.51,1373.52,1377.86,1384.93,1393.69,1403.17,1413.28,1420.62,1424.46,1427.19,1427.70,1427.76,1428.91,1431.69,1435.21,1438.51,1442.42,1445.80,1448.92,1452.24,1455.60,1457.95,1459.22,1460.53,1462.32,1464.79,1467.31,1471.15,1474.82,1476.96,1480.23,1481.84,1480.65,1481.02,1482.19,1482.64,1483.02,1488.20,1499.80,1517.08,1531.84,1541.95,1548.50,1555.02,1563.30,1568.75,1569.20,1568.20,1566.53,1566.38,1567.08,1571.25,1578.72,1583.75,1587.85,1590.54,1590.93,1591.22,1593.78,1600.19,1606.69,1612.61,1623.40,1633.79,1644.21,1653.20,1663.71,1674.60,1682.45,1689.35,1696.00,1700.12,1702.91,1704.77,1705.20,1704.47,1705.53,1708.04,1711.03,1717.03,1722.84,1727.38,1731.76,1737.15,1740.95,1745.81,1753.65,1764.22,1772.55,1782.33,1792.27,1801.96,1809.92,1814.88,1818.25,1818.26,1814.74,1813.02,1814.01,1807.40,1796.81,1789.93,1793.15,1801.88,1807.72,1813.61,1819.39,1825.28,1829.64,1832.98,1837.66,1840.08,1843.65,1848.96,1854.16,1859.08,1866.18,1872.80,1878.44,1883.02,1888.29,1893.27,1899.34,1905.31,1909.85,1917.30,1928.09,1940.93,1952.36,1961.41,1970.72,1980.88,1992.24,2003.56,2014.07,2025.39,2035.71,2046.81,2055.53,2063.43,2069.38,2075.41,2082.10,2083.59,2080.26,2082.02,2085.26,2089.95,2096.48,2104.95,2115.72,2129.94,2146.26,2160.96,2174.43,2190.02,2202.36,2211.79
1107.16,1110.43,1114.99,1119.77,1120.80,1121.22,1122.36,1123.55,1124.57,1125.47,1127.23,1128.13,1130.10,1132.56,1141.44,1149.74,1147.87,1149.13,1149.48,1146.84,1147.81,1149.41,1151.02,1151.75,1157.55,1162.63,1165.50,1167.49,1174.57,1184.00,1190.78,1196.90,1199.27,1199.87,1199.82,1199.71,1200.58,1203.71,1210.13,1211.79,1212.52,1213.65,1215.51,1218.59,1220.51,1222.13,1223.11,1223.27,1223.59,1225.32,1228.23,1231.11,1232.18,1231.95,1231.77,1231.51,1231.23,1230.99,1230.85,1231.05,1230.75,1232.46,1233.05,1235.74,1238.32,1239.64,1241.17,1245.44,1249.20,1251.74,1254.44,1256.93,1259.87,1271.09,1283.41,1295.26,1300.84,1302.91,1305.38,1308.48,1312.79,1317.19,1321.60,1325.92,1329.22,1331.89,1334.91,1337.91,1340.82,1343.02,1345.18,1347.19,1348.62,1350.19,1353.19,1356.13,1358.39,1361.41,1365.45,1369.64,1374.45,1379.88,1388.88,1400.42,1412.03,1419.59,1424.11,1428.45,1431.07,1431.65,1433.30,1435.51,1437.85,1442.01,1445.74,1448.16,1450.40,1453.29,1456.18,1456.35,1456.28,1456.83,1457.43,1456.61,1456.92,1460.27,1464.52,1466.02,1467.11,1468.44,1469.31,1469.39,1470.24,1472.86,1478.70,1490.03,1507.63,1524.45,1540.19,1551.46,1559.50,1563.97,1569.41,1574.42,1578.39,1579.60,1578.46,1577.55,1577.46,1580.60,1588.94,1595.50,1600.95,1604.87,1601.51,1602.61,1607.41,1611.28,1622.10,1629.19,1639.69,1647.92,1654.72,1661.38,1667.19,1672.81,1678.65,1684.22,1689.27,1692.31,1692.89,1692.97,1695.24,1697.27,1700.65,1704.25,1708.14,1713.89,1719.53,1724.02,1728.12,1732.82,1737.84,1746.43,1757.26,1767.71,1773.94,1778.12,1783.33,1790.60,1796.46,1797.79,1797.56,1796.54,1793.96,1792.87,1795.41,1792.78,1784.34,1782.60,1793.80,1802.62,1809.14,1816.31,1824.60,1833.02,1839.48,1846.52,1853.87,1855.28,1854.30,1857.15,1859.62,1863.41,1868.15,1871.98,1877.30,1881.99,1888.97,1895.28,1901.58,1908.40,1910.81,1914.91,1922.66,1933.96,1946.09,1959.52,1971.58,1983.45,1995.14,2007.65,2020.85,2034.00,2045.27,2056.34,2065.57,2071.78,2077.47,2081.06,2080.68,2072.14,2070.32,2072.99,2079.36,2087.34,2093.43,2099.06,2107.30,2118.76,2133.92,2145.97,2158.22,2172.13,2188.18,2202.16
1105.63,1108.37,1109.92,1114.15,1116.94,1117.13,1118.71,1118.88,1119.57,1119.95,1124.51,1129.67,1132.15,1131.38,1135.23,1138.98,1139.60,1143.07,1146.10,1152.02,1163.50,1168.50,1168.15,1165.74,1158.75,1157.54,1161.83,1165.16,1170.52,1176.99,1182.08,1184.65,1185.72,1185.64,1186.40,1187.51,1189.30,1192.42,1199.69,1205.21,1208.93,1210.79,1213.18,1215.81,1219.05,1220.00,1220.20,1220.61,1222.21,1224.88,1227.33,1228.27,1227.25,1226.04,1225.14,1224.91,1225.28,1225.02,1225.26,1227.04,1228.38,1229.69,1232.43,1236.22,1239.35,1240.80,1243.18,1246.25,1248.71,1250.86,1253.35,1255.76,1258.46,1267.05,1278.99,1289.40,1295.90,1299.16,1302.31,1306.25,1309.88,1314.19,1319.86,1323.18,1326.43,1329.79,1332.70,1335.09,1339.29,1341.73,1343.41,1344.56,1345.79,1347.89,1351.48,1354.60,1357.01,1359.38,1363.04,1367.48,1372.27,1376.86,1383.15,1396.76,1408.85,1416.35,1422.30,1427.69,1432.55,1436.35,1439.09,1441.14,1443.06,1447.43,1450.00,1451.44,1452.99,1454.52,1454.04,1452.54,1452.40,1453.07,1452.85,1448.98,1447.26,1450.77,1453.31,1453.35,1452.09,1455.10,1458.48,1461.63,1465.75,1471.62,1480.76,1492.82,1509.20,1526.03,1540.72,1552.30,1561.23,1567.75,1572.70,1577.10,1581.44,1584.20,1585.00,1585.63,1589.15,1593.98,1600.99,1611.46,1617.64,1620.62,1616.72,1616.17,1625.93,1626.54,1632.43,1640.41,1646.16,1650.97,1656.31,1661.45,1665.55,1670.06,1674.84,1678.26,1681.42,1684.17,1685.61,1687.02,1689.93,1693.35,1697.89,1702.40,1707.31,1712.25,1716.82,1721.03,1725.29,1730.27,1738.96,1750.00,1756.51,1762.10,1767.12,1770.28,1774.53,1778.07,1780.73,1778.72,1775.69,1773.80,1772.54,1772.61,1774.34,1775.39,1776.07,1783.52,1793.74,1801.82,1811.17,1820.04,1830.51,1840.38,1849.39,1859.47,1868.53,1872.49,1870.41,1871.29,1873.09,1875.66,1878.79,1883.22,1889.10,1893.19,1896.97,1903.17,1912.56,1922.20,1921.06,1916.36,1922.33,1935.69,1949.71,1963.88,1977.92,1991.55,2002.25,2014.36,2026.55,2036.87,2047.27,2057.21,2066.23,2072.05,2077.08,2076.69,2068.86,2061.98,2064.54,2070.72,2084.92,2096.24,2103.48,2108.55,2112.12,2117.86,2126.76,2136.71,2147.20,2158.47,2170.52,2186.51
1107.49,1108.34,1110.11,1109.98,1111.17,1113.18,1114.91,1116.53,1119.73,1128.87,1139.93,1143.87,1145.90,1145.02,1142.51,1142.72,1148.39,1156.82,1164.12,1170.92,1178.68,1180.84,1180.55,1179.28,1174.48,1162.96,1159.21,1161.82,1165.34,1169.63,1171.77,1172.91,1174.51,1174.66,1175.94,1178.65,1181.64,1183.95,1186.78,1190.53,1196.16,1201.29,1203.44,1206.44,1208.91,1211.96,1214.68,1217.44,1220.34,1222.39,1223.22,1222.68,1219.44,1216.67,1217.46,1219.13,1220.53,1222.50,1224.52,1226.21,1227.94,1229.45,1231.83,1235.27,1239.44,1241.66,1243.79,1246.68,1248.60,1249.42,1251.42,1254.44,1257.32,1262.63,1274.49,1285.06,1291.95,1297.57,1302.66,1307.46,1310.62,1314.00,1318.40,1320.62,1323.52,1326.16,1328.89,1331.38,1335.92,1339.20,1340.78,1341.41,1343.37,1347.12,1350.81,1353.71,1356.02,1357.90,1360.57,1364.98,1370.20,1375.40,1382.23,1391.47,1402.65,1409.97,1417.06,1423.66,1430.90,1436.36,1441.50,1444.87,1447.97,1450.41,1451.38,1451.94,1452.37,1452.07,1450.71,1447.31,1445.78,1445.93,1443.61,1438.05,1437.08,1439.05,1441.35,1444.68,1446.34,1450.07,1454.72,1459.33,1465.31,1472.40,1481.63,1494.82,1512.88,1528.22,1540.43,1551.57,1559.30,1567.04,1573.40,1578.21,1582.97,1587.16,1589.84,1592.53,1597.42,1604.09,1612.33,1620.97,1626.29,1629.41,1627.08,1623.26,1629.89,1634.60,1637.56,1641.86,1646.38,1649.52,1653.93,1658.44,1662.68,1667.13,1670.63,1673.32,1675.97,1678.90,1680.97,1683.99,1687.15,1690.63,1695.92,1701.17,1706.04,1710.28,1714.13,1717.87,1722.07,1727.83,1737.62,1744.62,1748.25,1751.82,1757.66,1762.92,1767.07,1768.30,1764.74,1758.56,1755.50,1754.66,1756.75,1760.96,1765.93,1771.12,1778.93,1788.46,1798.95,1807.79,1818.16,1829.14,1841.80,1850.68,1860.41,1869.44,1879.96,1887.24,1888.84,1889.72,1891.30,1893.39,1897.45,1902.62,1905.98,1908.32,1910.55,1915.50,1925.26,1932.91,1931.95,1924.07,1925.26,1937.33,1952.08,1968.85,1981.35,1991.76,2001.64,2009.94,2018.70,2026.12,2034.18,2044.88,2053.45,2059.06,2061.36,2060.02,2055.83,2056.74,2062.46,2072.44,2089.87,2103.25,2114.65,2125.29,2130.44,2131.55,2132.78,2137.47,2146.16,2154.62,2163.78,2177.86
1112.75,1113.09,1114.61,1114.88,1114.61,1114.73,1116.42,1118.13,1121.99,1128.41,1136.41,1144.66,1150.43,1151.61,1151.34,1150.86,1155.30,1162.07,1168.48,1174.49,1179.79,1182.27,1183.63,1183.57,1182.99,1179.76,1169.83,1163.90,1167.12,1168.02,1170.58,1172.38,1173.32,1174.45,1176.60,1178.41,1178.63,1179.94,1182.20,1185.80,1189.60,1193.08,1195.01,1197.17,1199.34,1201.87,1208.87,1213.45,1214.93,1216.13,1215.79,1213.34,1211.68,1213.66,1215.86,1218.10,1219.71,1221.72,1224.16,1225.96,1227.80,1229.43,1231.68,1234.91,1237.82,1239.84,1242.85,1246.72,1248.81,1249.35,1251.38,1253.94,1256.16,1258.99,1267.32,1278.98,1288.76,1296.47,1302.24,1309.01,1313.01,1314.75,1315.61,1317.74,1318.95,1320.82,1323.89,1328.06,1331.63,1334.30,1336.30,1338.47,1342.45,1346.19,1349.68,1352.25,1353.37,1353.33,1355.01,1359.42,1365.12,1372.15,1379.17,1384.56,1391.19,1399.53,1408.40,1417.28,1426.57,1433.15,1437.51,1441.01,1444.51,1448.07,1449.24,1448.96,1448.28,1446.92,1444.49,1439.51,1434.38,1432.51,1430.39,1428.67,1430.81,1434.05,1437.09,1440.34,1444.76,1449.58,1454.68,1459.79,1466.38,1474.72,1485.89,1498.13,1514.19,1527.58,1537.73,1547.49,1553.49,1562.76,1571.86,1579.17,1584.90,1589.68,1593.60,1597.53,1603.08,1610.04,1617.03,1623.83,1629.30,1631.10,1630.98,1628.77,1629.07,1635.03,1640.01,1642.81,1645.47,1648.06,1651.43,1655.70,1659.75,1663.62,1666.77,1669.50,1672.98,1677.18,1679.24,1682.22,1686.06,1690.19,1695.63,1700.84,1704.51,1707.46,1710.65,1713.87,1717.61,1725.44,1730.49,1733.62,1738.09,1745.22,1752.28,1755.65,1755.92,1754.28,1746.80,1740.71,1743.40,1750.60,1759.78,1769.80,1777.16,1783.05,1788.49,1796.58,1807.91,1817.54,1829.52,1843.89,1855.42,1864.27,1871.98,1880.75,1890.03,1896.71,1902.58,1907.60,1910.56,1912.82,1916.08,1922.79,1924.83,1927.73,1930.87,1933.53,1938.39,1947.59,1947.72,1937.31,1931.59,1937.42,1948.14,1962.31,1973.03,1980.90,1988.30,1994.63,2000.23,2008.57,2017.78,2027.61,2035.56,2041.34,2044.95,2046.74,2049.59,2056.21,2066.08,2078.46,2093.10,2108.63,2125.05,2138.55,2146.50,2149.35,2149.99,2150.94,2153.86,2160.23,2167.23,2175.66
1118.10,1118.68,1119.29,1120.75,1120.03,1118.10,1118.58,1120.09,1121.90,1125.36,1128.81,1136.42,1147.82,1153.19,1154.96,1154.51,1154.90,1158.24,1162.21,1169.88,1176.02,1180.70,1183.41,1186.02,1186.87,1187.86,1187.15,1182.91,1178.18,1175.38,1175.95,1177.07,1177.15,1177.47,1178.59,1181.52,1181.73,1182.59,1182.97,1183.89,1185.92,1187.81,1190.52,1193.44,1196.15,1197.79,1201.15,1208.25,1208.87,1208.92,1208.59,1208.05,1210.17,1212.85,1215.21,1217.60,1219.80,1221.85,1223.84,1225.82,1227.81,1229.60,1232.55,1236.88,1240.25,1241.80,1243.92,1246.89,1249.52,1250.31,1252.64,1254.92,1256.62,1257.82,1260.09,1268.57,1280.78,1291.72,1298.01,1307.35,1311.84,1311.11,1311.30,1312.56,1314.37,1316.59,1320.07,1323.78,1326.49,1329.65,1331.95,1335.24,1339.62,1342.14,1344.10,1345.83,1346.60,1346.70,1349.01,1353.19,1358.43,1364.45,1370.15,1376.69,1382.33,1389.42,1399.07,1408.62,1418.20,1426.57,1431.73,1435.11,1438.17,1441.09,1442.99,1443.11,1442.09,1438.87,1435.12,1430.29,1425.85,1425.43,1425.19,1424.60,1427.86,1431.80,1434.87,1437.89,1443.78,1450.58,1455.51,1460.94,1468.69,1479.97,1495.56,1508.73,1519.65,1528.27,1535.24,1542.38,1548.72,1558.18,1567.77,1577.06,1584.98,1591.03,1595.63,1600.43,1606.38,1612.28,1617.64,1623.48,1629.24,1631.57,1632.67,1631.70,1630.79,1633.99,1638.12,1641.70,1645.04,1648.43,1651.81,1655.32,1658.88,1662.36,1665.78,1669.32,1672.60,1675.88,1678.45,1681.44,1685.35,1689.30,1694.03,1698.87,1700.91,1703.26,1706.01,1707.95,1714.61,1720.33,1721.30,1725.71,1732.70,1741.49,1745.94,1742.37,1736.18,1733.84,1733.33,1738.29,1747.93,1759.83,1770.10,1780.49,1789.79,1796.20,1801.99,1808.29,1818.98,1831.36,1846.12,1857.69,1866.32,1872.77,1880.39,1889.60,1899.14,1905.52,1911.82,1921.84,1929.27,1931.10,1932.87,1938.11,1944.10,1948.21,1953.28,1956.85,1958.43,1964.38,1962.05,1950.46,1944.31,1943.15,1947.52,1955.13,1962.96,1968.73,1976.51,1983.21,1988.96,1999.24,2006.86,2014.69,2022.08,2029.33,2035.89,2043.59,2052.16,2061.74,2075.63,2087.93,2100.80,2117.08,2134.47,2149.73,2160.92,2165.76,2167.84,2170.73,2169.79,2172.97,2178.80,2184.74
1129.97,1129.36,1127.05,1129.47,1130.16,1127.52,1123.51,1122.91,1122.38,1124.70,1127.66,1129.86,1140.98,1150.72,1156.77,1158.32,1158.12,1158.91,1160.72,1165.45,1170.28,1175.52,1180.97,1184.30,1187.77,1190.36,1192.06,1191.87,1190.18,1187.34,1184.98,1183.13,1182.32,1181.92,1181.83,1183.91,1186.12,1186.75,1187.04,1187.35,1188.31,1189.04,1189.43,1190.93,1193.33,1195.89,1199.13,1203.58,1204.35,1204.49,1205.09,1206.17,1209.86,1212.36,1214.74,1217.21,1219.50,1221.92,1224.48,1226.70,1228.40,1230.44,1233.28,1237.80,1241.15,1243.75,1246.35,1248.74,1250.82,1252.52,1254.20,1256.21,1258.11,1259.12,1260.01,1262.13,1269.51,1282.44,1292.60,1299.73,1306.11,1306.26,1304.67,1306.28,1309.76,1312.49,1315.18,1317.65,1321.00,1323.75,1326.46,1330.48,1334.77,1337.58,1338.64,1340.36,1343.70,1348.88,1353.78,1358.71,1360.84,1365.42,1370.06,1373.97,1379.14,1385.21,1392.12,1399.75,1407.41,1415.61,1422.48,1427.55,1431.15,1432.94,1433.98,1434.03,1432.30,1429.14,1424.87,1421.40,1419.69,1420.46,1420.75,1420.84,1425.10,1431.92,1436.94,1438.85,1443.45,1449.22,1454.60,1461.52,1472.21,1486.09,1501.40,1517.20,1526.89,1533.24,1539.11,1545.68,1552.68,1561.33,1568.50,1575.84,1583.91,1590.91,1596.19,1601.55,1607.49,1613.12,1618.19,1622.62,1628.06,1630.94,1633.23,1634.14,1633.45,1635.13,1638.87,1642.53,1646.16,1649.70,1652.87,1656.32,1659.77,1663.15,1666.49,1669.72,1671.74,1674.10,1677.06,1680.20,1683.68,1687.22,1690.97,1695.79,1696.64,1698.24,1696.99,1697.32,1705.75,1709.22,1712.89,1719.58,1725.27,1729.72,1728.08,1723.69,1723.74,1728.28,1737.29,1747.24,1760.20,1771.92,1780.25,1786.24,1793.85,1801.12,1809.29,1818.49,1830.50,1846.75,1858.86,1867.34,1874.04,1879.58,1886.63,1894.01,1903.16,1913.13,1921.97,1930.36,1936.67,1940.48,1944.51,1950.79,1958.97,1964.24,1971.21,1976.76,1978.69,1981.11,1979.93,1966.91,1960.32,1957.77,1958.08,1961.59,1966.69,1971.89,1978.06,1984.42,1989.93,1997.11,2005.18,2013.55,2022.30,2032.13,2040.07,2048.60,2057.96,2071.04,2087.12,2100.65,2115.12,2131.21,2146.30,2160.52,2172.26,2179.65,2184.49,2187.77,2188.07,2190.22,2197.41,2202.16
1136.34,1134.34,1136.03,1141.11,1142.12,1141.51,1138.47,1132.27,1125.01,1125.23,1127.14,1129.22,1135.67,1146.36,1156.65,1160.77,1161.16,1161.40,1162.12,1164.41,1167.38,1169.69,1175.48,1181.83,1188.65,1190.23,1193.12,1194.76,1195.29,1195.79,1194.89,1192.13,1190.69,1190.60,1189.97,1188.90,1190.18,1191.82,1193.54,1194.93,1196.59,1196.99,1195.85,1194.73,1193.47,1194.66,1197.44,1199.49,1200.17,1200.76,1202.76,1205.86,1209.67,1212.01,1214.31,1216.69,1218.73,1221.23,1224.69,1227.75,1229.72,1231.79,1234.05,1236.92,1239.47,1242.88,1246.91,1249.98,1252.01,1253.78,1255.56,1257.35,1259.25,1260.29,1261.22,1262.84,1265.42,1273.07,1281.21,1288.15,1293.25,1295.29,1295.77,1297.93,1302.76,1307.34,1309.37,1310.05,1313.74,1317.78,1322.10,1328.21,1337.13,1339.09,1341.64,1346.24,1350.57,1353.95,1357.48,1360.56,1363.80,1366.86,1370.09,1374.00,1377.62,1381.78,1386.93,1393.08,1396.55,1399.98,1405.86,1412.38,1417.83,1421.07,1422.21,1422.59,1421.05,1419.52,1417.50,1415.81,1415.64,1416.96,1418.10,1419.78,1426.72,1435.28,1442.44,1446.44,1446.41,1448.66,1454.28,1462.81,1473.95,1485.97,1499.31,1516.33,1526.24,1532.54,1538.64,1545.69,1554.14,1563.31,1571.26,1578.78,1585.78,1591.96,1596.73,1602.00,1608.26,1613.73,1619.02,1622.79,1626.60,1629.80,1632.57,1635.14,1636.34,1636.87,1640.04,1643.55,1647.06,1650.42,1653.48,1656.66,1659.75,1662.75,1665.44,1667.73,1669.26,1672.21,1675.62,1678.81,1682.01,1685.91,1690.07,1693.16,1691.66,1687.89,1683.80,1686.11,1693.26,1699.68,1704.75,1711.36,1714.94,1714.66,1713.54,1717.28,1725.02,1734.60,1746.35,1756.83,1768.07,1776.25,1782.22,1787.90,1794.84,1804.04,1815.98,1828.18,1840.71,1854.50,1864.68,1873.10,1879.75,1887.09,1894.39,1900.39,1908.70,1919.53,1928.80,1937.41,1943.63,1946.93,1952.12,1960.51,1966.06,1971.55,1979.05,1986.04,1991.90,1997.90,1995.85,1983.52,1978.03,1976.49,1975.95,1976.02,1978.51,1983.59,1989.36,1995.15,2001.78,2007.91,2015.70,2022.07,2031.03,2042.74,2050.77,2059.24,2071.56,2084.49,2097.98,2115.09,2131.67,2147.10,2159.73,2170.32,2178.28,2188.56,2198.37,2204.92,2209.08,2211.56,2216.52,2221.72
1140.45,1138.50,1138.80,1142.46,1144.82,1144.25,1144.71,1145.19,1135.36,1126.92,1127.09,1129.11,1133.55,1141.02,1154.43,1161.24,1162.93,1163.64,1164.20,1164.91,1166.31,1168.30,1171.28,1176.98,1183.75,1190.20,1193.17,1194.42,1196.65,1199.09,1200.65,1200.89,1200.75,1201.00,1200.74,1200.65,1202.15,1201.41,1202.90,1205.30,1208.46,1209.12,1207.42,1205.46,1202.72,1198.65,1197.30,1198.18,1200.36,1202.90,1203.82,1206.16,1209.04,1211.68,1214.49,1217.15,1219.57,1221.97,1225.23,1228.46,1230.77,1232.92,1235.21,1237.54,1239.94,1243.25,1246.77,1250.05,1252.01,1253.73,1255.47,1257.24,1258.97,1260.47,1262.52,1265.37,1267.57,1269.00,1272.78,1277.86,1283.97,1286.50,1288.32,1290.17,1294.81,1302.05,1303.80,1309.86,1315.66,1319.99,1324.05,1328.95,1337.85,1342.32,1344.88,1347.14,1349.37,1352.24,1353.92,1356.68,1359.77,1361.98,1365.45,1370.10,1372.63,1376.38,1381.99,1386.43,1388.15,1389.86,1393.36,1397.61,1404.13,1406.72,1407.45,1407.49,1407.61,1411.88,1412.82,1414.13,1417.05,1418.94,1420.37,1425.04,1433.38,1440.96,1448.89,1454.05,1456.99,1458.14,1459.37,1464.42,1473.45,1482.36,1494.19,1509.71,1521.77,1528.05,1532.76,1539.36,1549.79,1560.63,1570.56,1578.55,1586.08,1594.14,1600.13,1605.16,1611.54,1615.70,1619.75,1623.38,1627.09,1630.28,1632.35,1634.65,1637.05,1638.82,1640.99,1643.85,1647.18,1649.79,1652.75,1655.83,1658.59,1661.05,1663.36,1665.71,1668.27,1671.23,1674.52,1677.74,1681.60,1686.40,1688.65,1687.98,1683.89,1677.92,1677.94,1681.83,1687.15,1691.86,1697.23,1701.92,1705.43,1707.35,1712.55,1721.94,1730.44,1740.12,1753.23,1763.16,1770.42,1775.62,1780.90,1788.20,1796.05,1806.49,1821.38,1835.59,1846.43,1856.82,1867.48,1877.04,1886.22,1894.28,1900.36,1907.79,1915.17,1924.64,1934.50,1944.67,1951.76,1955.47,1960.37,1965.75,1971.66,1978.28,1984.26,1990.86,1997.36,2003.70,2007.02,2002.60,1998.73,1997.05,1996.55,1996.58,1997.30,2000.01,2004.56,2009.61,2015.37,2023.19,2030.87,2034.90,2043.57,2055.69,2064.90,2075.22,2088.30,2099.62,2110.70,2127.52,2145.16,2160.05,2171.06,2179.30,2186.09,2197.14,2206.38,2216.38,2224.02,2228.73,2233.13,2239.05
1142.24,1141.35,1141.88,1144.32,1147.13,1146.86,1147.38,1150.22,1147.42,1135.72,1128.56,1129.27,1132.28,1137.96,1146.83,1159.33,1162.60,1165.01,1166.18,1166.87,1167.56,1169.10,1171.32,1174.48,1177.70,1181.30,1187.42,1191.64,1194.20,1197.24,1200.87,1202.95,1204.28,1205.49,1206.52,1208.81,1210.30,1210.44,1210.17,1210.55,1211.08,1212.41,1213.07,1213.55,1213.91,1211.42,1208.52,1206.84,1207.44,1207.80,1207.30,1208.21,1210.73,1213.69,1216.59,1219.01,1220.63,1222.70,1225.90,1229.37,1231.95,1234.16,1236.48,1238.93,1242.24,1246.19,1249.24,1251.12,1252.81,1254.32,1255.84,1257.43,1258.91,1261.05,1264.10,1267.38,1270.85,1272.33,1273.20,1275.19,1277.85,1281.83,1284.51,1287.73,1292.23,1297.33,1302.55,1310.50,1318.04,1322.22,1325.30,1328.53,1332.72,1338.68,1340.80,1342.10,1343.60,1346.16,1347.89,1349.65,1351.57,1353.27,1355.29,1359.60,1363.08,1366.46,1370.99,1375.53,1379.36,1382.10,1386.33,1392.75,1397.05,1398.28,1399.39,1400.29,1403.62,1408.62,1412.48,1416.57,1420.41,1422.55,1423.96,1428.19,1434.48,1441.75,1450.80,1456.00,1461.30,1466.01,1468.44,1467.70,1472.18,1479.28,1488.90,1500.20,1510.82,1516.66,1526.61,1536.75,1551.28,1564.08,1575.13,1582.23,1591.06,1599.43,1605.97,1610.39,1615.31,1619.47,1621.59,1624.23,1627.68,1630.69,1632.87,1634.95,1637.23,1639.56,1641.88,1644.31,1646.72,1648.79,1651.43,1653.72,1656.46,1659.39,1662.04,1664.90,1667.75,1670.58,1674.49,1678.49,1683.06,1685.72,1682.39,1675.83,1671.16,1673.85,1679.38,1685.45,1691.92,1694.62,1697.66,1700.70,1706.31,1712.74,1721.05,1728.87,1735.64,1744.67,1757.34,1764.75,1770.34,1775.34,1781.06,1789.22,1797.35,1807.52,1820.58,1834.46,1847.56,1859.47,1871.84,1883.27,1893.55,1901.41,1906.97,1913.35,1920.84,1930.35,1939.87,1951.49,1958.96,1962.48,1965.28,1970.06,1977.29,1983.86,1989.27,1994.15,1999.56,2005.41,2011.60,2016.07,2017.38,2016.16,2014.21,2013.72,2015.29,2018.28,2021.32,2025.00,2030.26,2040.35,2048.51,2051.94,2058.63,2069.61,2080.15,2089.95,2103.62,2114.18,2124.88,2140.02,2155.72,2170.27,2180.80,2189.01,2197.56,2205.85,2215.43,2228.12,2237.38,2245.92,2251.55,2255.67
1143.93,1144.02,1144.59,1146.08,1148.99,1149.67,1149.42,1151.35,1153.21,1150.27,1135.46,1130.05,1133.12,1136.74,1139.37,1149.16,1160.43,1163.75,1166.85,1168.70,1169.38,1170.30,1171.90,1173.88,1175.97,1178.03,1181.35,1187.58,1191.36,1194.82,1198.78,1200.85,1203.57,1205.99,1207.85,1209.55,1210.37,1210.88,1211.53,1212.27,1212.35,1213.58,1214.71,1216.51,1219.60,1220.44,1219.70,1219.55,1219.34,1217.81,1215.76,1215.88,1217.72,1219.22,1219.71,1219.67,1220.97,1223.31,1226.35,1229.78,1232.73,1235.31,1237.73,1240.34,1244.16,1248.00,1250.00,1251.00,1252.34,1253.88,1255.56,1257.18,1258.71,1261.18,1265.54,1269.70,1274.27,1277.75,1279.86,1281.18,1280.06,1280.07,1282.66,1287.78,1292.46,1296.79,1302.47,1309.03,1315.81,1319.73,1322.07,1324.10,1325.54,1327.72,1330.63,1333.54,1335.70,1337.58,1339.71,1341.44,1343.28,1344.83,1347.64,1350.46,1352.77,1356.86,1361.99,1365.86,1369.86,1374.10,1380.25,1386.83,1390.15,1391.10,1394.95,1401.16,1408.58,1411.55,1414.30,1418.17,1422.01,1425.70,1428.29,1429.08,1433.51,1439.35,1447.94,1454.23,1459.59,1466.55,1471.30,1472.19,1473.58,1478.10,1485.54,1494.24,1499.72,1506.77,1521.74,1533.99,1548.43,1565.03,1580.67,1590.66,1597.70,1605.22,1611.12,1614.93,1619.23,1622.25,1624.22,1625.96,1628.07,1630.79,1633.23,1635.35,1637.53,1639.36,1641.34,1642.59,1643.59,1644.98,1647.67,1651.02,1654.17,1657.75,1661.31,1664.39,1667.59,1671.41,1676.53,1680.81,1683.88,1680.99,1673.30,1665.52,1669.71,1679.20,1686.95,1691.14,1697.37,1702.76,1706.56,1711.18,1716.80,1722.42,1727.95,1733.93,1740.14,1748.83,1758.53,1764.66,1769.90,1775.51,1781.60,1790.22,1799.58,1808.95,1820.66,1832.95,1847.99,1862.63,1877.89,1891.27,1899.72,1907.43,1913.45,1918.74,1926.50,1936.26,1947.44,1957.72,1962.86,1965.89,1969.15,1974.05,1980.41,1986.64,1992.06,1996.47,2001.32,2006.76,2012.31,2017.80,2022.25,2025.45,2027.12,2029.85,2033.79,2035.89,2037.45,2043.07,2050.72,2061.43,2070.51,2075.05,2078.00,2084.68,2094.37,2106.89,2119.41,2130.59,2142.31,2153.87,2165.22,2179.87,2192.01,2202.39,2211.06,2219.02,2227.67,2237.22,2245.92,2257.90,2269.98,2276.31
1144.21,1146.21,1147.31,1148.32,1149.99,1152.10,1153.32,1154.40,1156.36,1156.45,1149.78,1135.27,1134.95,1137.00,1139.47,1143.61,1151.51,1160.13,1165.60,1170.05,1171.34,1172.28,1173.37,1174.58,1176.04,1177.88,1180.65,1184.88,1188.03,1190.85,1195.13,1199.74,1202.61,1204.78,1206.43,1207.94,1208.65,1209.34,1210.29,1212.10,1213.49,1214.49,1215.40,1216.65,1220.30,1223.47,1225.44,1227.99,1230.66,1231.25,1229.98,1227.87,1227.11,1228.81,1227.82,1224.59,1223.22,1224.66,1227.57,1230.07,1232.92,1236.04,1239.01,1242.20,1245.02,1246.70,1247.85,1249.19,1251.35,1253.26,1255.10,1256.90,1258.84,1262.88,1268.35,1273.72,1278.44,1281.96,1285.12,1286.33,1285.51,1284.80,1286.16,1285.92,1288.77,1292.77,1297.38,1302.56,1310.03,1313.41,1316.16,1317.80,1319.21,1320.13,1321.49,1324.33,1327.42,1330.38,1332.97,1334.45,1336.55,1338.90,1341.61,1345.35,1348.22,1352.13,1357.21,1361.82,1367.22,1371.55,1376.91,1381.28,1384.94,1390.56,1397.93,1404.67,1409.72,1412.12,1414.57,1417.73,1421.46,1425.44,1429.76,1432.53,1435.62,1439.48,1445.90,1451.35,1457.61,1464.47,1469.63,1473.32,1475.93,1478.89,1484.35,1491.07,1496.74,1504.33,1515.56,1528.60,1542.86,1561.80,1582.13,1594.02,1601.72,1609.13,1614.26,1618.19,1621.26,1624.15,1626.75,1628.69,1630.01,1631.39,1633.66,1635.65,1636.29,1635.93,1637.34,1638.21,1638.05,1639.38,1641.42,1646.65,1652.34,1656.50,1661.06,1665.05,1668.79,1673.88,1679.23,1682.07,1681.79,1674.07,1663.10,1661.18,1675.47,1687.15,1695.09,1700.34,1705.13,1709.59,1713.97,1718.95,1722.12,1726.21,1731.27,1736.90,1743.35,1750.69,1757.99,1763.79,1769.10,1775.25,1782.34,1793.37,1805.54,1816.29,1827.68,1839.82,1853.25,1867.48,1882.69,1897.65,1907.89,1914.84,1919.97,1924.87,1932.99,1942.79,1952.20,1959.65,1964.82,1968.83,1972.91,1977.80,1982.74,1987.87,1992.71,1997.08,2001.62,2006.70,2011.61,2016.21,2021.75,2028.44,2033.99,2041.47,2049.19,2053.41,2055.88,2062.00,2071.11,2080.22,2086.97,2092.18,2096.63,2102.14,2113.36,2125.46,2137.76,2149.37,2160.39,2168.47,2177.22,2191.66,2204.52,2215.83,2224.36,2230.73,2236.08,2243.58,2252.60,2264.50,2277.24,2287.94
1143.44,1146.13,1148.62,1150.29,1151.31,1152.82,1154.80,1156.63,1158.35,1159.65,1159.42,1148.05,1137.96,1139.02,1140.57,1144.16,1147.30,1151.42,1162.67,1170.41,1172.63,1174.33,1175.46,1176.51,1177.53,1178.74,1180.50,1183.32,1186.37,1189.38,1193.67,1199.19,1201.65,1203.19,1204.79,1206.21,1208.10,1209.90,1210.80,1212.75,1214.11,1214.75,1215.51,1216.12,1217.34,1221.84,1225.92,1230.15,1233.38,1236.07,1237.18,1236.35,1234.01,1233.16,1232.12,1230.33,1227.40,1226.53,1229.41,1231.37,1233.71,1237.05,1240.03,1241.72,1243.16,1244.88,1247.02,1249.37,1251.70,1253.39,1255.81,1257.98,1260.38,1266.47,1272.83,1278.44,1282.59,1285.15,1289.31,1292.09,1292.04,1291.65,1295.86,1292.63,1290.09,1290.04,1292.07,1295.87,1301.07,1305.84,1308.40,1309.57,1311.16,1313.22,1315.99,1318.95,1321.55,1323.86,1327.20,1331.45,1337.16,1342.64,1350.89,1357.63,1359.82,1361.17,1362.49,1364.94,1370.32,1375.55,1378.31,1380.92,1385.71,1391.63,1396.93,1401.08,1405.99,1410.43,1413.83,1418.63,1421.51,1424.70,1428.01,1431.53,1435.18,1438.62,1443.29,1448.18,1454.27,1460.93,1465.10,1469.89,1472.96,1476.99,1482.22,1488.61,1495.65,1503.71,1514.19,1526.28,1539.16,1559.16,1581.45,1595.47,1604.37,1611.01,1616.17,1620.49,1623.01,1625.67,1628.39,1630.34,1631.35,1632.54,1633.81,1633.75,1632.97,1630.42,1627.63,1627.19,1624.88,1625.60,1629.80,1639.07,1649.03,1654.32,1659.59,1664.22,1668.88,1674.84,1680.09,1680.93,1676.74,1665.21,1654.64,1659.84,1677.76,1689.08,1697.75,1703.59,1708.27,1713.26,1718.79,1722.64,1725.42,1728.76,1733.25,1738.45,1744.16,1749.98,1756.43,1762.55,1768.80,1776.43,1785.53,1800.88,1817.09,1829.14,1839.36,1851.55,1863.36,1876.78,1889.74,1902.27,1910.76,1917.47,1923.06,1928.52,1936.67,1945.78,1953.76,1960.41,1965.69,1970.93,1975.91,1980.67,1984.80,1989.27,1993.27,1997.09,2001.03,2005.50,2009.77,2015.26,2023.51,2031.54,2038.77,2048.89,2058.79,2064.36,2068.97,2076.40,2082.86,2089.08,2094.01,2099.55,2106.20,2116.29,2128.31,2143.31,2155.55,2165.72,2175.32,2182.64,2192.71,2204.70,2215.21,2224.56,2231.32,2236.83,2242.33,2249.50,2257.95,2267.43,2277.78,2290.55
1142.72,1145.59,1148.39,1150.97,1152.60,1153.85,1155.46,1157.29,1158.95,1159.96,1160.06,1159.16,1147.52,1143.57,1141.43,1143.33,1146.17,1148.42,1153.49,1164.71,1171.03,1174.18,1177.08,1178.52,1179.54,1180.61,1181.60,1182.80,1185.11,1187.76,1190.12,1194.71,1199.93,1202.03,1205.46,1207.07,1208.13,1209.87,1212.32,1213.91,1214.52,1215.17,1217.00,1219.81,1220.69,1222.98,1225.19,1227.66,1230.81,1237.14,1240.39,1240.40,1238.50,1235.72,1233.74,1232.02,1230.23,1228.69,1230.63,1232.60,1234.67,1236.67,1238.77,1240.59,1242.41,1244.60,1247.09,1249.29,1249.95,1252.08,1255.42,1258.34,1262.38,1270.42,1277.61,1283.13,1287.12,1290.47,1295.17,1299.47,1300.41,1301.10,1303.70,1301.26,1298.51,1296.49,1295.15,1295.03,1296.40,1299.74,1302.68,1304.26,1306.52,1309.09,1312.32,1316.76,1320.10,1321.91,1326.99,1333.93,1340.94,1346.78,1356.58,1362.94,1365.47,1367.31,1371.19,1372.55,1376.19,1381.29,1385.23,1389.00,1392.02,1396.51,1401.61,1405.10,1409.85,1413.26,1417.12,1421.68,1424.51,1426.59,1428.84,1431.98,1435.11,1437.96,1441.46,1445.91,1450.23,1455.61,1458.62,1463.99,1468.99,1473.95,1480.56,1487.10,1493.88,1501.19,1510.88,1522.78,1538.22,1557.61,1579.70,1594.17,1604.67,1611.39,1616.29,1621.01,1623.23,1625.19,1627.37,1629.51,1630.97,1631.93,1632.40,1631.36,1628.85,1622.38,1613.77,1610.43,1609.44,1609.32,1615.37,1628.61,1639.60,1645.47,1649.63,1656.63,1662.86,1667.98,1672.79,1671.55,1664.06,1654.60,1649.68,1659.83,1675.24,1688.18,1697.42,1702.81,1707.05,1711.86,1717.90,1722.10,1725.50,1729.23,1733.57,1738.17,1743.16,1747.93,1754.13,1762.12,1770.34,1779.96,1792.87,1809.62,1827.55,1837.67,1849.99,1860.65,1872.92,1883.53,1892.97,1901.92,1907.60,1913.61,1920.36,1927.59,1936.31,1945.37,1953.79,1960.64,1965.68,1971.04,1975.84,1980.56,1984.98,1989.30,1993.15,1996.90,2000.78,2005.14,2009.51,2016.36,2025.45,2034.81,2043.93,2055.66,2063.93,2070.04,2075.68,2081.85,2087.57,2092.78,2097.42,2103.78,2112.76,2126.59,2141.48,2155.87,2167.35,2177.11,2187.80,2195.41,2202.81,2210.63,2219.47,2227.24,2233.51,2239.35,2245.28,2251.74,2259.41,2267.73,2277.24,2289.31
1142.45,1145.01,1147.87,1150.42,1152.26,1154.05,1156.05,1157.56,1158.98,1159.95,1160.14,1160.31,1160.35,1159.29,1149.51,1143.51,1145.52,1147.37,1148.90,1151.70,1161.53,1169.16,1175.68,1180.21,1181.94,1182.99,1183.80,1184.52,1185.21,1186.53,1188.15,1190.33,1196.06,1200.51,1205.48,1209.28,1209.82,1210.86,1213.87,1216.12,1216.25,1217.17,1219.68,1223.00,1226.22,1229.03,1230.12,1229.89,1230.58,1235.76,1240.17,1241.38,1240.58,1238.13,1235.67,1233.57,1231.89,1231.06,1232.24,1234.42,1236.61,1238.39,1240.02,1241.33,1242.75,1244.44,1246.29,1248.13,1249.34,1252.80,1257.79,1260.41,1266.54,1276.14,1282.68,1288.38,1295.11,1301.02,1303.62,1306.08,1307.80,1309.52,1309.63,1308.27,1307.78,1306.11,1304.07,1303.13,1302.57,1302.32,1303.34,1307.27,1311.69,1315.26,1319.09,1322.26,1324.19,1324.92,1326.08,1330.50,1336.52,1343.28,1351.73,1359.85,1365.79,1370.55,1373.64,1376.01,1378.81,1383.57,1387.70,1392.50,1397.03,1400.80,1404.81,1408.49,1412.56,1416.38,1420.10,1423.44,1427.03,1429.33,1431.66,1434.84,1437.88,1440.72,1443.36,1445.99,1448.97,1452.72,1456.44,1460.81,1466.49,1473.02,1480.45,1487.41,1493.85,1500.37,1508.83,1522.19,1538.73,1555.76,1577.41,1590.55,1601.01,1607.74,1611.73,1616.79,1620.07,1622.07,1624.54,1626.77,1628.88,1630.31,1630.75,1628.31,1620.28,1610.92,1601.15,1597.26,1596.82,1599.42,1605.39,1614.16,1622.30,1626.02,1630.27,1639.78,1647.00,1651.09,1655.09,1652.17,1647.93,1645.82,1648.63,1661.33,1675.85,1687.70,1694.88,1700.54,1705.10,1709.84,1715.40,1720.31,1723.91,1727.64,1731.88,1736.66,1742.08,1746.93,1753.29,1762.60,1773.77,1786.27,1801.23,1816.60,1832.88,1842.99,1854.54,1864.64,1874.32,1882.77,1890.67,1898.13,1903.60,1910.26,1917.64,1925.01,1932.82,1940.52,1949.29,1955.87,1961.41,1967.08,1972.88,1978.98,1984.42,1989.21,1993.58,1997.57,2001.98,2006.87,2012.17,2018.97,2027.53,2037.50,2048.78,2058.61,2064.56,2069.29,2075.11,2081.45,2087.34,2092.93,2098.52,2106.78,2117.50,2132.70,2147.79,2160.54,2171.66,2180.67,2190.76,2198.47,2204.14,2209.75,2217.64,2225.14,2231.50,2237.80,2244.61,2251.72,2259.33,2267.66,2276.64,2288.45
1143.82,1145.43,1147.31,1149.58,1151.72,1154.15,1156.72,1158.20,1159.38,1160.04,1160.42,1161.64,1162.62,1163.16,1161.57,1151.33,1145.25,1146.48,1147.75,1149.07,1154.08,1159.11,1165.92,1176.45,1181.35,1184.22,1185.98,1186.77,1187.42,1187.99,1188.92,1190.49,1193.52,1198.16,1203.41,1209.37,1212.36,1214.59,1219.39,1221.03,1220.64,1220.57,1222.11,1225.25,1228.72,1230.92,1232.03,1231.97,1232.02,1233.83,1238.01,1240.90,1242.22,1240.44,1237.93,1235.49,1234.14,1233.55,1234.15,1236.42,1238.65,1240.18,1241.21,1242.36,1243.93,1245.73,1246.84,1248.47,1253.21,1259.43,1264.73,1269.37,1275.74,1282.62,1286.92,1292.42,1299.02,1303.38,1307.13,1310.47,1313.06,1314.37,1314.25,1314.07,1315.08,1313.24,1314.43,1315.62,1317.96,1321.08,1324.69,1326.22,1327.79,1329.82,1333.13,1335.05,1336.02,1335.03,1331.86,1329.07,1332.28,1339.59,1346.70,1354.74,1362.91,1369.69,1375.35,1378.61,1381.63,1386.78,1390.35,1394.08,1398.90,1403.35,1407.23,1410.39,1413.77,1417.53,1421.03,1424.23,1428.03,1430.71,1432.12,1434.11,1438.64,1442.84,1446.96,1449.39,1451.41,1454.31,1457.38,1461.60,1469.54,1475.64,1481.59,1487.28,1493.24,1499.33,1508.87,1522.22,1537.95,1556.39,1574.60,1584.98,1592.64,1599.05,1604.72,1610.58,1615.12,1618.43,1621.49,1622.92,1624.75,1626.07,1626.26,1621.68,1611.44,1599.42,1588.26,1584.26,1586.16,1591.45,1597.18,1602.07,1608.45,1613.35,1618.03,1622.03,1626.03,1631.24,1636.26,1635.33,1638.23,1641.94,1648.51,1659.07,1671.92,1683.61,1690.72,1697.49,1702.90,1707.40,1712.15,1717.20,1721.25,1725.06,1729.40,1735.39,1741.64,1747.08,1754.44,1764.62,1778.08,1792.61,1806.20,1821.57,1835.26,1844.62,1854.02,1863.28,1871.75,1879.51,1888.03,1894.83,1900.46,1907.01,1913.66,1919.61,1925.95,1932.09,1939.16,1945.60,1950.33,1956.96,1965.51,1974.87,1982.79,1988.35,1993.69,1998.68,2004.14,2009.84,2016.23,2022.99,2030.88,2039.40,2048.35,2055.84,2061.43,2065.23,2068.76,2074.34,2083.80,2092.66,2100.04,2109.63,2120.07,2134.18,2148.23,2160.09,2169.38,2177.39,2185.55,2193.12,2199.74,2204.78,2211.79,2219.93,2225.95,2232.01,2239.92,2248.89,2257.99,2266.88,2275.54,2287.39
1145.59,1147.50,1148.88,1150.21,1152.38,1154.86,1157.45,1159.14,1159.89,1160.14,1161.18,1163.06,1164.65,1165.67,1165.38,1162.95,1155.46,1147.56,1147.28,1149.61,1153.18,1156.47,1158.57,1164.07,1176.17,1183.21,1187.19,1188.92,1189.74,1190.44,1191.14,1192.07,1193.89,1196.82,1199.60,1204.53,1210.21,1215.72,1220.92,1222.98,1223.25,1222.86,1224.19,1227.36,1230.23,1231.67,1233.06,1233.71,1233.75,1234.40,1236.38,1239.33,1241.78,1242.76,1239.83,1237.21,1237.58,1236.55,1236.07,1238.14,1240.17,1241.28,1242.26,1243.51,1245.42,1247.38,1248.68,1252.41,1264.37,1269.58,1274.44,1280.03,1283.15,1287.22,1291.47,1295.89,1300.33,1303.38,1306.72,1310.45,1314.38,1317.55,1318.80,1318.55,1320.13,1318.47,1320.60,1321.98,1325.10,1329.85,1332.67,1334.03,1335.95,1338.29,1341.61,1343.00,1345.27,1345.97,1344.19,1339.57,1333.94,1337.07,1343.76,1350.17,1358.26,1366.26,1373.99,1380.01,1384.33,1389.18,1392.93,1396.45,1399.99,1404.09,1408.65,1411.82,1414.45,1416.72,1419.64,1422.29,1423.73,1424.36,1425.08,1429.47,1433.58,1438.61,1447.63,1451.89,1453.84,1456.41,1460.50,1464.66,1469.13,1473.53,1478.65,1484.52,1491.32,1498.86,1510.23,1522.61,1538.89,1558.40,1570.34,1576.59,1581.29,1589.08,1596.96,1603.77,1609.19,1611.65,1613.99,1616.19,1618.56,1618.87,1618.90,1610.37,1601.26,1588.52,1577.12,1578.60,1587.17,1595.66,1601.74,1604.50,1606.96,1609.60,1612.88,1616.66,1620.54,1625.31,1629.35,1637.92,1648.19,1650.57,1649.05,1655.37,1665.97,1678.49,1687.16,1694.38,1700.43,1705.03,1709.52,1714.05,1718.61,1723.35,1728.06,1734.27,1741.35,1747.96,1756.09,1767.11,1781.60,1796.72,1809.55,1824.67,1835.82,1844.00,1851.52,1859.95,1868.22,1875.25,1883.17,1891.03,1895.31,1898.46,1904.32,1909.51,1915.49,1921.60,1928.17,1934.84,1941.14,1947.63,1954.94,1963.01,1972.84,1981.08,1988.65,1995.42,2002.80,2010.51,2018.18,2025.35,2032.03,2037.77,2043.82,2050.68,2056.34,2059.91,2062.92,2069.28,2083.36,2095.43,2105.88,2112.73,2121.44,2131.77,2143.47,2154.34,2163.19,2170.19,2176.93,2184.05,2190.43,2196.98,2204.19,2211.70,2217.95,2223.43,2231.09,2241.93,2253.19,2264.35,2273.54,2286.65
1146.93,1149.50,1151.18,1152.43,1154.22,1156.25,1158.40,1159.89,1160.08,1160.49,1162.13,1164.07,1166.00,1167.66,1168.73,1169.61,1167.89,1160.29,1149.43,1149.05,1151.79,1154.65,1156.86,1158.96,1166.36,1180.37,1187.67,1190.74,1192.14,1192.78,1193.43,1194.10,1195.13,1196.75,1198.58,1201.97,1208.09,1213.53,1219.80,1223.05,1225.44,1225.39,1225.95,1228.71,1231.33,1232.46,1233.75,1235.12,1235.54,1235.83,1237.17,1238.89,1241.57,1243.96,1241.09,1239.45,1240.06,1238.46,1238.03,1239.72,1242.00,1243.15,1244.12,1244.71,1246.64,1248.88,1252.20,1260.31,1271.03,1274.98,1278.36,1282.62,1286.48,1290.76,1295.44,1299.86,1303.88,1307.00,1308.38,1310.75,1313.84,1316.88,1320.33,1322.40,1322.97,1322.31,1324.29,1325.57,1328.29,1331.26,1334.06,1337.05,1340.15,1343.03,1345.37,1346.45,1349.04,1351.59,1351.54,1349.76,1343.41,1338.19,1342.37,1348.14,1354.79,1362.49,1371.52,1377.81,1382.70,1388.53,1392.57,1396.87,1400.92,1404.27,1407.65,1410.13,1411.38,1411.79,1412.82,1413.94,1413.80,1414.10,1415.34,1419.60,1422.72,1428.14,1437.73,1447.54,1450.92,1451.69,1457.46,1461.72,1465.46,1471.19,1478.26,1485.83,1490.53,1501.04,1514.38,1527.22,1541.26,1555.32,1560.90,1566.44,1572.99,1578.11,1583.03,1587.82,1593.01,1594.79,1598.21,1600.86,1604.73,1602.80,1602.72,1594.33,1586.08,1574.01,1571.40,1581.69,1597.23,1611.20,1617.95,1616.72,1618.80,1622.79,1624.15,1626.82,1633.97,1639.34,1644.34,1654.12,1664.62,1666.68,1658.25,1655.03,1665.14,1676.52,1684.98,1692.14,1698.94,1703.80,1707.62,1711.99,1717.62,1722.90,1727.95,1733.61,1739.50,1748.02,1758.17,1770.07,1783.73,1799.75,1813.57,1825.25,1834.19,1841.35,1848.12,1855.34,1862.43,1868.71,1875.07,1881.27,1885.91,1889.65,1894.38,1899.51,1905.97,1911.07,1918.36,1926.02,1933.73,1940.61,1946.07,1951.37,1960.21,1968.74,1976.52,1986.06,1996.30,2006.73,2016.63,2024.55,2030.09,2034.28,2038.24,2044.19,2049.32,2052.89,2058.70,2067.63,2081.08,2095.14,2107.71,2114.60,2120.76,2127.05,2135.52,2144.62,2152.99,2159.60,2165.07,2171.38,2178.28,2185.82,2194.48,2200.90,2206.89,2212.51,2220.21,2231.13,2242.96,2257.71,2271.34,2285.76
1147.48,1149.85,1152.03,1154.12,1155.98,1157.93,1159.63,1160.06,1160.39,1161.51,1163.17,1165.08,1167.02,1168.94,1170.87,1172.80,1172.71,1169.82,1161.99,1151.76,1150.50,1152.63,1155.28,1157.41,1160.92,1171.68,1184.97,1190.82,1193.15,1194.98,1195.77,1196.43,1196.98,1198.14,1199.70,1202.11,1206.79,1210.56,1216.56,1222.20,1225.25,1227.81,1227.69,1229.61,1232.30,1233.91,1234.68,1235.91,1237.10,1237.45,1238.50,1240.65,1243.86,1244.97,1242.29,1241.37,1240.87,1239.86,1240.42,1241.74,1244.15,1245.68,1246.53,1246.22,1246.97,1249.06,1254.31,1264.58,1274.24,1279.69,1281.28,1283.71,1287.15,1291.41,1296.96,1301.91,1305.96,1309.85,1312.23,1314.02,1316.34,1318.64,1320.16,1323.90,1325.86,1325.58,1328.85,1329.12,1330.86,1332.84,1334.90,1337.51,1341.15,1345.20,1348.61,1350.29,1352.06,1355.40,1357.42,1358.77,1355.68,1346.13,1342.81,1347.70,1353.79,1360.03,1368.56,1374.81,1380.37,1386.38,1391.76,1396.19,1400.24,1402.89,1403.34,1404.60,1403.45,1401.19,1399.75,1399.49,1401.38,1405.61,1410.36,1415.30,1419.70,1423.79,1428.37,1433.98,1440.62,1445.44,1450.60,1456.51,1462.08,1468.73,1479.56,1493.39,1497.46,1503.69,1517.61,1527.82,1536.12,1542.99,1547.23,1555.37,1562.56,1565.47,1565.86,1566.78,1570.45,1573.96,1575.75,1578.27,1579.76,1577.22,1575.64,1569.67,1565.42,1567.30,1576.48,1590.63,1611.07,1628.05,1636.89,1636.64,1636.81,1640.31,1642.25,1646.70,1653.67,1657.53,1659.75,1667.64,1680.37,1681.34,1668.32,1657.59,1662.49,1674.09,1682.50,1689.63,1696.68,1701.62,1705.76,1710.55,1716.30,1721.47,1726.38,1731.72,1737.79,1748.24,1760.98,1773.55,1787.06,1803.00,1815.85,1824.24,1830.62,1836.80,1842.78,1848.31,1853.11,1857.76,1863.98,1868.46,1874.00,1879.96,1885.27,1890.10,1896.68,1903.80,1913.49,1922.43,1927.88,1932.62,1938.42,1943.14,1951.08,1960.05,1967.48,1979.71,1991.57,2003.48,2014.41,2021.54,2025.98,2029.01,2032.39,2037.21,2041.04,2046.26,2055.16,2064.35,2078.55,2093.22,2105.35,2112.14,2117.17,2122.27,2128.73,2134.93,2140.50,2146.82,2152.27,2158.40,2166.74,2176.26,2183.94,2189.25,2194.69,2201.92,2211.34,2224.20,2239.40,2255.28,2271.35,2285.47
1149.82,1150.72,1152.17,1154.13,1156.23,1158.32,1159.86,1160.17,1161.22,1162.74,1164.31,1166.16,1168.15,1170.07,1172.02,1174.09,1175.63,1175.12,1171.94,1165.38,1156.53,1152.67,1153.96,1157.34,1161.79,1166.91,1175.21,1186.77,1191.98,1195.34,1197.82,1198.79,1199.21,1199.93,1201.55,1203.20,1205.35,1208.25,1211.38,1218.68,1223.34,1227.68,1230.29,1230.75,1233.48,1235.35,1236.46,1236.76,1238.02,1238.99,1239.81,1241.85,1244.54,1246.05,1244.24,1243.68,1243.10,1242.19,1242.55,1244.02,1246.53,1248.26,1248.84,1248.25,1248.18,1249.30,1254.40,1265.51,1274.29,1280.31,1283.65,1286.49,1289.75,1293.29,1297.14,1301.19,1305.01,1308.65,1312.38,1315.38,1318.14,1321.05,1323.47,1326.30,1328.22,1328.71,1331.76,1332.24,1332.96,1335.02,1337.15,1339.10,1341.78,1345.75,1349.96,1353.36,1356.22,1358.94,1361.32,1364.06,1364.97,1360.57,1350.32,1346.89,1352.32,1358.45,1365.53,1371.12,1377.07,1383.71,1390.21,1394.31,1396.41,1396.10,1394.87,1395.13,1394.52,1394.31,1396.89,1401.33,1405.63,1410.61,1416.44,1420.72,1424.73,1429.13,1433.12,1437.87,1441.29,1445.25,1448.85,1453.26,1459.13,1465.93,1476.14,1492.22,1501.00,1505.68,1513.86,1521.07,1523.55,1526.71,1531.95,1538.97,1545.21,1547.10,1547.37,1548.84,1553.34,1557.02,1557.95,1558.68,1558.67,1557.20,1556.06,1557.97,1566.19,1577.37,1588.10,1602.04,1620.22,1638.40,1651.14,1654.21,1652.71,1658.08,1661.17,1662.45,1671.17,1674.73,1675.25,1682.51,1689.97,1689.58,1677.35,1663.47,1659.88,1669.42,1677.91,1685.84,1693.65,1700.13,1704.90,1709.53,1714.59,1719.56,1724.76,1730.34,1738.21,1749.18,1763.95,1777.54,1792.33,1806.23,1815.93,1822.47,1826.51,1830.23,1834.25,1836.75,1839.61,1845.43,1852.09,1857.09,1864.26,1871.07,1875.68,1880.57,1888.12,1898.97,1909.90,1916.80,1919.22,1923.39,1930.19,1935.56,1944.65,1955.51,1965.46,1978.65,1990.22,2003.29,2012.21,2017.38,2020.71,2022.66,2026.26,2031.62,2035.17,2041.08,2051.47,2060.10,2075.90,2090.84,2101.81,2107.83,2112.66,2117.67,2123.06,2127.36,2131.21,2136.11,2142.02,2150.49,2157.89,2166.09,2172.85,2178.95,2186.62,2197.30,2211.31,2226.07,2244.11,2258.10,2274.48,2287.86
1155.93,1156.20,1155.86,1156.03,1157.59,1159.07,1159.99,1160.76,1162.58,1164.15,1165.99,1167.49,1169.51,1171.49,1173.32,1175.24,1177.30,1178.90,1178.93,1177.24,1171.11,1161.99,1156.06,1157.53,1161.45,1165.16,1168.67,1179.59,1190.53,1195.00,1198.63,1201.28,1202.00,1202.75,1204.46,1206.02,1206.60,1208.31,1210.60,1214.07,1219.79,1225.38,1230.81,1233.36,1235.37,1236.88,1238.28,1238.63,1238.98,1240.39,1241.50,1243.14,1245.36,1247.11,1246.51,1245.75,1244.92,1244.82,1245.72,1245.96,1248.86,1251.34,1252.01,1251.12,1252.65,1258.74,1264.70,1269.87,1274.17,1278.36,1282.55,1286.43,1290.45,1294.83,1299.39,1302.25,1305.13,1308.01,1310.96,1313.68,1316.62,1319.66,1323.51,1327.83,1330.58,1331.89,1334.22,1335.44,1335.38,1337.42,1339.48,1342.17,1344.59,1347.56,1350.88,1354.92,1358.62,1361.61,1365.04,1368.18,1371.97,1374.16,1368.20,1354.71,1350.11,1356.32,1362.38,1366.99,1371.40,1378.56,1386.58,1388.55,1385.79,1383.70,1385.26,1388.09,1391.83,1398.71,1402.54,1405.85,1411.50,1415.59,1419.55,1424.42,1428.13,1432.12,1435.53,1439.58,1443.32,1447.99,1451.93,1454.38,1457.54,1463.46,1471.59,1481.57,1490.69,1496.55,1500.68,1504.95,1510.08,1514.33,1518.22,1521.90,1527.40,1532.65,1535.16,1537.68,1540.74,1543.77,1545.16,1545.55,1546.55,1548.28,1555.57,1567.00,1578.21,1590.00,1601.42,1614.37,1628.93,1647.35,1662.41,1668.94,1668.92,1673.12,1677.23,1679.71,1684.82,1687.99,1689.49,1691.36,1692.46,1690.74,1681.59,1670.31,1663.14,1665.43,1672.74,1680.40,1690.11,1698.63,1703.85,1708.64,1714.05,1720.01,1725.29,1731.29,1740.72,1751.95,1766.43,1780.96,1796.30,1805.67,1811.32,1816.53,1819.87,1821.79,1823.77,1824.39,1827.37,1833.66,1838.82,1845.10,1853.80,1862.30,1868.62,1874.68,1881.82,1891.69,1902.66,1907.51,1910.04,1915.17,1921.38,1931.35,1944.10,1956.07,1968.48,1981.71,1993.89,2003.73,2009.09,2011.39,2012.93,2015.20,2019.61,2025.47,2031.43,2038.81,2049.60,2058.95,2071.15,2084.42,2093.72,2102.35,2108.06,2113.55,2117.03,2119.24,2121.87,2129.38,2138.13,2147.32,2157.35,2166.18,2173.80,2181.07,2191.39,2204.03,2216.55,2230.76,2247.66,2262.08,2276.32,2288.70
1159.93,1159.90,1159.60,1159.07,1159.54,1160.01,1160.31,1162.00,1164.08,1165.85,1167.86,1169.28,1170.66,1172.61,1174.55,1176.50,1178.48,1180.65,1182.43,1182.69,1181.90,1174.41,1163.67,1158.67,1161.00,1163.76,1166.62,1171.52,1185.14,1195.51,1200.82,1203.32,1205.06,1205.92,1207.44,1208.96,1209.05,1209.62,1211.16,1213.61,1217.93,1221.58,1226.44,1231.47,1234.89,1238.08,1239.99,1240.70,1240.66,1241.65,1242.82,1244.49,1246.48,1248.18,1248.15,1247.34,1246.60,1247.78,1249.23,1247.92,1249.18,1252.46,1255.52,1256.28,1258.70,1264.59,1270.79,1275.98,1279.41,1279.90,1282.39,1285.92,1289.72,1293.61,1297.40,1300.23,1303.08,1306.03,1309.17,1312.74,1315.94,1318.99,1322.57,1326.79,1330.38,1333.77,1336.78,1338.46,1338.18,1339.65,1342.39,1345.28,1347.78,1350.20,1353.49,1357.29,1360.78,1363.99,1367.82,1371.91,1377.63,1380.83,1379.69,1373.41,1362.92,1356.53,1359.39,1363.83,1367.19,1371.52,1377.03,1377.20,1377.59,1381.01,1388.23,1393.88,1398.38,1406.96,1410.61,1413.69,1417.49,1421.48,1424.63,1429.09,1435.63,1440.39,1441.47,1442.68,1446.69,1449.73,1453.56,1457.54,1460.15,1462.85,1468.02,1474.90,1482.01,1486.95,1491.55,1495.29,1500.34,1505.34,1510.45,1514.17,1517.74,1522.94,1527.92,1531.32,1533.61,1535.19,1536.45,1539.35,1544.22,1552.34,1567.20,1578.85,1590.60,1605.28,1617.98,1627.48,1638.03,1655.35,1669.28,1673.51,1676.20,1680.43,1683.75,1686.60,1690.17,1691.91,1692.60,1693.83,1693.79,1690.66,1682.25,1673.74,1667.70,1666.05,1669.04,1675.74,1684.03,1693.24,1701.81,1707.50,1714.73,1721.40,1726.96,1734.34,1744.21,1754.70,1767.32,1780.88,1793.87,1798.87,1801.29,1803.35,1804.77,1805.76,1809.47,1813.45,1817.48,1822.77,1829.81,1837.22,1847.31,1855.90,1862.09,1868.59,1875.34,1883.35,1890.88,1895.44,1900.84,1909.37,1917.54,1929.88,1943.28,1957.83,1971.59,1984.87,1996.27,2002.95,2004.08,2003.93,2005.31,2009.71,2015.98,2022.80,2029.84,2037.63,2047.83,2056.76,2067.29,2078.33,2085.84,2094.72,2102.17,2107.55,2108.45,2106.66,2108.02,2116.10,2127.55,2141.26,2153.18,2166.59,2177.65,2186.05,2197.61,2208.52,2220.24,2235.47,2251.35,2263.31,2273.06,2281.76
1160.00,1160.00,1160.04,1160.54,1161.09,1161.38,1163.34,1164.72,1165.85,1167.61,1169.60,1171.30,1171.90,1173.67,1175.60,1177.51,1179.47,1181.75,1184.10,1185.70,1186.23,1185.45,1180.25,1164.57,1160.32,1162.14,1165.01,1170.09,1178.34,1193.47,1202.06,1205.31,1207.60,1208.90,1209.99,1210.67,1210.74,1211.19,1211.84,1214.22,1217.33,1218.83,1221.55,1228.00,1233.18,1237.63,1240.87,1242.46,1242.41,1243.03,1243.94,1245.25,1247.15,1248.91,1249.45,1248.91,1248.46,1250.10,1251.94,1250.80,1250.63,1252.48,1255.79,1259.82,1262.45,1266.17,1271.44,1277.81,1282.32,1284.54,1286.52,1289.24,1290.65,1293.39,1296.67,1300.12,1303.18,1306.57,1310.21,1314.30,1317.70,1320.03,1324.17,1328.11,1330.71,1334.33,1338.03,1340.86,1342.03,1343.60,1345.85,1347.96,1350.72,1353.06,1356.09,1359.70,1362.91,1366.04,1369.38,1373.61,1378.25,1381.39,1383.11,1381.36,1377.83,1372.24,1364.60,1363.39,1364.99,1367.38,1370.29,1374.21,1382.59,1388.10,1393.34,1399.67,1409.89,1414.87,1419.68,1422.39,1424.31,1427.12,1431.24,1440.36,1447.60,1449.89,1450.28,1450.25,1450.34,1453.27,1456.07,1459.47,1462.54,1465.20,1467.83,1471.92,1477.63,1482.29,1487.07,1491.78,1496.31,1499.03,1503.24,1508.46,1512.06,1516.25,1520.49,1524.67,1527.90,1530.69,1537.87,1544.63,1551.47,1564.21,1577.50,1587.57,1604.76,1620.47,1631.43,1639.08,1647.26,1659.04,1667.62,1669.40,1672.27,1679.69,1685.71,1689.78,1691.84,1693.52,1694.75,1695.76,1695.02,1691.07,1682.76,1676.48,1672.79,1672.08,1672.30,1674.24,1678.92,1686.22,1696.51,1705.68,1714.38,1722.05,1728.32,1737.26,1746.65,1755.62,1765.75,1775.17,1783.11,1788.45,1790.71,1791.57,1793.15,1795.21,1797.79,1802.00,1808.21,1815.63,1824.71,1834.09,1842.94,1851.24,1856.49,1861.65,1866.88,1872.68,1879.73,1886.61,1895.43,1908.43,1917.44,1928.44,1940.24,1953.79,1966.63,1979.34,1994.51,1999.36,1997.40,1997.21,2001.79,2008.16,2015.83,2024.20,2032.14,2038.83,2047.15,2056.02,2064.90,2072.09,2078.19,2083.05,2087.60,2091.22,2091.49,2091.75,2097.35,2106.43,2116.15,2127.93,2140.41,2155.61,2168.76,2180.40,2193.44,2206.47,2220.71,2236.34,2250.84,2259.78,2264.36,2268.39
1160.00,1160.07,1160.97,1162.72,1164.35,1165.76,1168.23,1168.95,1168.90,1169.59,1171.18,1172.98,1173.44,1174.74,1176.57,1178.32,1180.14,1182.53,1185.20,1187.78,1189.63,1190.72,1191.35,1182.47,1167.42,1164.12,1164.18,1167.08,1171.97,1182.79,1197.92,1204.33,1209.25,1210.20,1211.33,1212.35,1212.67,1213.01,1213.84,1215.83,1217.09,1218.36,1220.16,1225.54,1231.28,1237.29,1240.96,1243.34,1244.51,1244.56,1245.41,1246.19,1247.54,1249.66,1251.01,1250.63,1250.54,1252.28,1254.51,1254.38,1253.89,1255.97,1257.95,1259.01,1261.64,1267.19,1272.17,1277.42,1282.04,1286.02,1289.70,1292.34,1293.85,1296.12,1298.30,1301.11,1303.92,1307.09,1310.67,1315.64,1320.12,1322.76,1326.40,1330.53,1333.40,1336.17,1339.25,1342.21,1345.65,1348.43,1349.83,1350.68,1353.29,1356.08,1358.88,1361.77,1364.63,1367.61,1370.66,1373.64,1376.81,1379.96,1383.40,1385.79,1385.05,1382.87,1377.66,1374.23,1373.24,1373.26,1376.01,1380.51,1387.03,1392.74,1397.97,1405.12,1412.24,1416.53,1420.77,1425.63,1428.95,1432.01,1436.38,1443.36,1448.96,1448.27,1447.82,1451.20,1453.08,1455.08,1458.59,1461.39,1464.20,1467.19,1469.95,1473.29,1477.06,1481.07,1486.42,1491.14,1494.86,1498.03,1502.53,1507.30,1510.86,1514.93,1519.91,1525.55,1532.15,1539.22,1546.51,1553.59,1562.20,1574.09,1584.60,1596.57,1615.73,1630.01,1639.09,1645.14,1650.78,1654.05,1658.18,1661.35,1666.49,1676.56,1686.17,1691.12,1693.39,1695.19,1696.57,1697.50,1696.64,1692.42,1686.48,1681.53,1679.89,1681.42,1683.68,1684.24,1682.13,1683.43,1690.88,1702.67,1712.38,1721.47,1728.63,1737.57,1746.46,1754.31,1761.64,1767.94,1772.29,1775.39,1777.99,1781.08,1785.13,1788.81,1791.97,1795.56,1802.25,1812.07,1820.63,1829.43,1835.69,1842.97,1848.22,1850.63,1856.57,1861.48,1869.12,1881.42,1894.76,1905.79,1913.62,1922.23,1932.19,1943.33,1956.80,1973.06,1984.80,1988.73,1989.98,1995.08,2001.74,2010.24,2020.31,2030.74,2039.29,2045.28,2050.38,2054.99,2059.55,2061.96,2065.82,2068.46,2069.56,2071.21,2076.74,2086.32,2096.23,2103.96,2113.05,2121.42,2130.30,2142.77,2154.57,2166.78,2183.96,2200.26,2216.37,2230.33,2241.42,2248.95,2251.99,2253.77
1160.00,1160.87,1163.01,1165.11,1167.04,1169.37,1170.97,1171.26,1171.34,1171.84,1173.22,1174.75,1175.35,1175.78,1177.26,1178.88,1180.92,1183.60,1186.36,1189.06,1191.14,1192.87,1193.33,1191.38,1182.12,1170.26,1167.05,1167.44,1168.61,1170.98,1181.20,1195.63,1207.95,1210.17,1212.37,1215.13,1215.51,1215.41,1216.06,1217.76,1218.45,1219.24,1220.62,1223.37,1228.01,1233.03,1239.22,1242.68,1245.36,1246.63,1246.82,1247.83,1248.47,1250.35,1252.38,1252.50,1252.25,1254.23,1256.48,1257.89,1257.46,1259.20,1261.87,1262.01,1263.13,1266.11,1270.69,1275.36,1279.64,1284.35,1289.14,1293.02,1296.50,1299.54,1301.31,1303.43,1305.99,1308.04,1311.46,1316.23,1320.58,1324.19,1327.72,1330.96,1334.49,1337.80,1340.83,1343.71,1346.75,1349.68,1351.94,1353.38,1355.56,1358.26,1361.03,1363.52,1366.12,1368.93,1371.65,1373.91,1375.91,1377.61,1380.70,1385.79,1389.25,1389.14,1385.49,1383.20,1382.72,1382.51,1384.11,1386.34,1391.01,1397.25,1404.39,1409.10,1413.58,1418.27,1422.43,1427.74,1431.62,1435.05,1438.44,1442.17,1446.39,1445.22,1445.43,1450.90,1453.95,1456.33,1459.37,1462.44,1465.56,1468.41,1471.51,1475.66,1480.10,1485.21,1491.60,1496.00,1499.79,1505.87,1511.84,1515.41,1517.55,1521.50,1529.65,1535.12,1542.78,1550.15,1559.23,1566.65,1574.08,1582.65,1591.81,1605.12,1621.10,1630.14,1636.96,1642.10,1644.97,1645.19,1649.78,1654.81,1659.94,1671.52,1685.92,1692.32,1696.04,1697.33,1698.30,1699.26,1698.89,1694.97,1689.82,1685.54,1685.15,1687.68,1691.64,1694.02,1692.85,1689.30,1688.88,1698.32,1708.52,1719.09,1726.87,1734.60,1742.87,1749.58,1755.70,1761.08,1764.55,1766.96,1768.85,1772.38,1777.03,1780.89,1785.26,1792.20,1800.90,1808.38,1813.93,1819.51,1824.33,1830.24,1836.41,1839.79,1845.07,1854.32,1867.67,1880.85,1888.22,1893.72,1900.16,1910.86,1921.20,1931.19,1944.38,1963.22,1973.50,1979.71,1987.58,1994.86,2002.80,2014.53,2027.88,2036.31,2038.20,2037.70,2038.18,2042.73,2045.22,2044.44,2046.80,2051.04,2056.38,2065.09,2079.17,2093.45,2106.49,2114.92,2120.64,2125.85,2132.70,2140.07,2147.81,2157.97,2175.12,2191.99,2206.65,2217.95,2225.64,2230.13,2232.21,2233.20
1159.99,1161.05,1163.52,1166.03,1168.47,1170.56,1172.21,1172.98,1173.35,1173.96,1175.38,1176.72,1177.30,1177.38,1178.25,1179.78,1181.86,1184.46,1187.16,1189.83,1191.75,1193.66,1195.32,1194.01,1191.50,1182.79,1171.36,1170.96,1171.80,1170.16,1174.27,1180.42,1195.96,1208.66,1212.86,1217.32,1218.32,1217.94,1218.03,1219.70,1220.14,1221.01,1222.21,1224.04,1226.24,1229.66,1236.71,1241.71,1245.44,1248.32,1248.76,1249.31,1250.37,1251.14,1253.24,1254.41,1254.03,1255.43,1258.21,1260.30,1260.69,1261.20,1263.62,1265.18,1266.62,1268.34,1270.29,1273.32,1277.28,1280.94,1283.02,1289.60,1295.21,1300.28,1303.12,1305.73,1308.69,1310.91,1312.87,1317.12,1320.55,1323.96,1327.63,1330.56,1334.08,1337.75,1341.11,1343.30,1345.22,1348.79,1350.93,1352.91,1354.87,1357.28,1360.01,1361.83,1364.10,1367.00,1369.65,1371.21,1373.04,1376.28,1380.41,1383.99,1386.92,1390.30,1391.66,1390.33,1390.32,1392.95,1397.55,1398.61,1400.81,1406.62,1411.25,1413.21,1415.89,1420.86,1425.09,1429.49,1432.85,1436.72,1440.30,1442.89,1443.72,1441.72,1444.67,1450.78,1452.96,1455.42,1458.75,1462.10,1465.53,1469.07,1472.99,1477.42,1483.04,1489.50,1496.79,1504.77,1514.41,1520.13,1520.87,1523.29,1526.25,1531.16,1537.40,1543.45,1552.86,1565.70,1573.83,1579.97,1586.54,1592.36,1600.61,1612.84,1621.93,1626.77,1631.76,1636.82,1638.71,1638.64,1642.82,1649.01,1655.24,1667.51,1684.16,1693.82,1699.33,1700.57,1700.58,1701.49,1701.49,1698.37,1693.69,1690.16,1689.06,1692.18,1696.09,1700.05,1699.75,1696.15,1693.48,1695.17,1703.41,1714.20,1722.91,1728.72,1735.48,1742.11,1748.32,1753.39,1756.70,1760.26,1763.41,1766.35,1769.82,1773.97,1779.30,1789.23,1796.76,1801.03,1803.44,1806.76,1812.36,1818.31,1824.66,1830.00,1837.12,1851.10,1867.06,1873.96,1877.32,1882.99,1891.04,1901.10,1911.43,1924.95,1940.18,1955.34,1966.32,1976.90,1986.83,1997.05,2008.87,2022.02,2029.65,2023.52,2016.77,2016.13,2016.98,2019.88,2022.88,2028.58,2040.31,2051.04,2061.98,2072.59,2083.90,2094.96,2107.70,2119.45,2128.64,2135.17,2140.45,2146.67,2151.25,2157.01,2169.14,2183.69,2194.10,2201.08,2204.32,2206.24,2209.05,2212.34
1159.76,1160.67,1163.16,1165.71,1168.25,1170.40,1171.98,1173.77,1175.16,1176.05,1177.35,1178.56,1179.24,1179.32,1179.63,1180.89,1182.70,1185.23,1187.75,1189.91,1191.80,1194.01,1196.26,1197.23,1196.21,1194.89,1186.82,1177.46,1175.39,1172.60,1173.38,1175.83,1180.88,1194.68,1209.25,1217.46,1221.04,1220.55,1220.42,1222.27,1222.42,1223.46,1224.15,1225.52,1227.52,1229.94,1235.56,1240.95,1245.95,1249.55,1251.12,1252.08,1252.62,1252.82,1253.93,1255.69,1256.07,1256.54,1259.55,1262.00,1263.32,1264.05,1265.96,1267.56,1268.96,1270.42,1271.84,1273.37,1275.60,1277.83,1279.18,1283.43,1289.55,1296.31,1301.05,1304.07,1308.00,1311.42,1314.22,1317.47,1320.47,1323.64,1325.78,1328.70,1332.92,1335.71,1338.64,1339.82,1341.34,1345.03,1347.27,1349.26,1351.32,1353.88,1356.70,1358.91,1361.35,1364.45,1367.11,1369.40,1372.63,1376.38,1379.81,1383.44,1386.84,1390.87,1394.73,1395.16,1395.19,1398.31,1402.68,1404.79,1407.50,1411.89,1414.47,1416.73,1418.36,1422.18,1426.42,1429.93,1433.18,1436.65,1439.79,1441.34,1440.26,1438.85,1442.48,1447.44,1449.82,1453.14,1458.03,1461.92,1465.02,1467.93,1472.15,1478.58,1485.45,1493.12,1500.40,1514.27,1526.31,1533.49,1533.99,1533.18,1536.87,1542.98,1548.38,1555.43,1567.84,1578.28,1583.93,1589.82,1593.58,1598.03,1604.66,1611.49,1617.74,1622.17,1626.93,1631.69,1634.35,1634.57,1638.30,1643.95,1652.15,1665.83,1682.18,1694.85,1701.39,1704.05,1704.15,1704.45,1703.88,1701.71,1699.46,1696.32,1694.64,1697.27,1699.76,1704.48,1708.39,1707.70,1703.23,1700.76,1702.42,1709.17,1717.48,1722.82,1727.43,1732.45,1738.42,1744.03,1748.04,1751.53,1757.05,1761.34,1764.85,1769.16,1774.80,1784.33,1790.95,1794.30,1796.66,1799.29,1805.27,1811.14,1816.72,1823.12,1832.15,1842.81,1858.05,1863.85,1868.19,1878.11,1888.64,1899.83,1910.66,1924.73,1938.11,1950.53,1965.37,1979.60,1991.48,2005.59,2016.72,2020.92,2015.46,2005.15,1998.57,1998.50,2001.09,2007.42,2017.40,2029.24,2039.66,2045.09,2053.15,2061.81,2067.08,2078.67,2093.82,2107.50,2120.17,2133.45,2145.59,2157.56,2161.09,2161.74,2166.50,2172.16,2175.69,2180.84,2182.92,2184.66,2189.75,2195.63
1159.07,1160.35,1162.64,1165.14,1167.58,1169.64,1171.22,1173.17,1175.28,1177.32,1178.74,1180.08,1181.36,1181.39,1181.65,1182.42,1183.68,1185.86,1187.90,1189.86,1192.06,1194.30,1196.63,1198.99,1200.24,1200.55,1199.45,1193.40,1181.89,1176.88,1175.63,1175.95,1177.09,1179.60,1191.86,1209.97,1221.20,1224.10,1224.85,1225.50,1225.02,1226.20,1226.73,1227.07,1229.01,1231.87,1236.11,1239.17,1243.89,1249.02,1251.80,1254.22,1255.14,1255.28,1255.36,1256.63,1257.91,1257.88,1260.07,1262.29,1264.47,1266.37,1267.91,1269.36,1270.81,1272.18,1273.70,1275.60,1276.97,1277.64,1279.26,1280.86,1285.50,1289.90,1294.88,1299.25,1302.49,1306.82,1311.53,1314.92,1319.19,1321.15,1322.21,1326.49,1329.86,1330.92,1333.06,1335.43,1338.05,1341.56,1344.52,1347.19,1350.17,1353.53,1357.19,1359.96,1362.98,1366.67,1369.59,1371.89,1375.36,1379.14,1381.75,1385.05,1388.25,1391.24,1394.52,1397.28,1398.99,1401.18,1404.35,1407.59,1410.38,1413.07,1415.89,1418.64,1421.01,1423.61,1426.66,1429.06,1432.09,1435.62,1437.49,1437.89,1436.62,1436.78,1439.69,1443.79,1447.79,1452.04,1457.10,1460.86,1463.94,1467.82,1473.49,1482.10,1490.09,1496.43,1504.84,1518.40,1530.72,1541.73,1544.62,1545.72,1548.61,1553.89,1560.67,1568.77,1576.99,1582.70,1586.99,1590.93,1594.31,1598.13,1602.90,1607.56,1612.17,1617.22,1622.03,1626.72,1629.53,1629.81,1632.90,1638.61,1648.46,1661.99,1679.71,1695.66,1703.50,1707.36,1707.71,1707.63,1707.35,1706.33,1704.88,1702.31,1700.66,1702.18,1703.60,1707.16,1714.28,1720.74,1720.20,1716.25,1713.72,1713.48,1716.03,1719.98,1724.50,1728.19,1732.46,1737.87,1742.26,1747.75,1752.71,1757.19,1761.45,1766.01,1771.12,1778.50,1784.60,1789.30,1793.66,1798.51,1803.74,1809.39,1816.80,1823.88,1831.75,1840.01,1850.91,1859.18,1868.63,1883.61,1898.06,1908.03,1918.31,1928.45,1940.00,1954.63,1973.99,1987.76,2000.22,2008.55,2009.43,2006.22,1997.37,1988.17,1984.86,1987.28,1995.00,2000.04,2004.00,2009.77,2014.87,2018.02,2027.76,2038.59,2046.08,2059.59,2075.45,2092.67,2109.14,2121.63,2136.27,2155.14,2167.18,2163.18,2156.57,2151.80,2152.47,2156.80,2161.98,2165.97,2170.97,2178.66
1158.69,1160.28,1162.13,1164.47,1166.73,1168.58,1170.37,1172.54,1174.90,1177.15,1179.22,1181.03,1182.87,1183.59,1183.88,1184.60,1185.29,1186.38,1188.19,1190.28,1192.43,1194.62,1196.95,1199.34,1201.36,1202.71,1202.65,1201.84,1198.86,1189.69,1180.90,1179.49,1180.21,1180.70,1182.56,1194.93,1212.00,1222.79,1227.88,1228.62,1227.51,1228.85,1229.35,1229.33,1230.23,1231.99,1235.17,1237.68,1240.51,1245.76,1251.18,1254.34,1256.97,1257.67,1257.81,1258.08,1259.24,1259.88,1260.59,1262.83,1265.17,1267.35,1269.02,1270.71,1272.56,1274.13,1275.93,1277.90,1279.69,1279.69,1281.13,1282.91,1284.25,1287.23,1289.49,1292.71,1296.60,1300.51,1305.63,1310.41,1315.82,1317.52,1320.01,1323.65,1326.53,1328.61,1331.73,1335.02,1339.02,1342.76,1346.46,1349.63,1352.24,1355.63,1359.27,1362.65,1365.84,1369.26,1372.18,1374.68,1377.78,1380.90,1383.41,1385.88,1388.43,1391.30,1394.20,1397.16,1399.66,1402.23,1404.59,1407.13,1409.97,1412.40,1414.58,1417.32,1420.28,1422.43,1424.21,1427.11,1431.19,1432.69,1432.59,1432.64,1433.39,1436.70,1440.46,1444.60,1448.17,1451.51,1455.56,1459.45,1465.79,1470.86,1477.60,1486.77,1494.68,1502.11,1514.06,1526.37,1535.22,1543.13,1548.74,1552.23,1554.88,1559.41,1565.73,1571.93,1576.81,1581.26,1584.97,1588.46,1591.86,1596.07,1600.65,1604.63,1608.25,1612.24,1616.33,1619.07,1619.97,1620.82,1625.52,1633.77,1645.84,1658.27,1677.70,1696.25,1706.98,1711.87,1712.72,1711.88,1710.92,1710.92,1710.00,1707.74,1705.61,1706.07,1707.58,1710.49,1716.14,1723.43,1729.98,1732.16,1728.65,1722.92,1721.66,1723.56,1728.55,1732.25,1734.46,1737.20,1741.09,1746.71,1752.10,1757.13,1761.95,1766.47,1771.46,1777.89,1784.19,1790.02,1795.02,1800.51,1806.92,1814.40,1822.42,1830.28,1835.76,1842.39,1853.93,1862.88,1874.15,1888.38,1902.77,1916.85,1928.24,1938.74,1952.67,1969.18,1982.66,1993.54,2000.09,1998.16,1992.06,1987.27,1980.74,1975.56,1975.24,1973.48,1974.88,1976.34,1976.79,1983.54,1989.30,1997.53,2006.95,2015.28,2024.63,2042.15,2057.15,2073.86,2094.85,2109.17,2126.29,2144.89,2153.56,2149.02,2140.29,2133.24,2130.00,2132.05,2138.63,2144.79,2151.88,2161.36
1158.52,1160.28,1162.06,1164.03,1166.10,1167.96,1170.09,1172.24,1174.57,1176.84,1179.14,1181.04,1183.11,1185.03,1186.06,1186.73,1187.37,1188.00,1189.01,1190.95,1193.30,1195.50,1197.61,1199.57,1201.56,1203.44,1204.93,1204.76,1204.12,1203.15,1197.71,1188.18,1185.31,1184.09,1182.68,1186.85,1197.49,1213.01,1225.93,1230.34,1230.22,1230.71,1231.75,1231.89,1232.42,1233.43,1234.62,1236.58,1238.94,1244.88,1251.12,1254.39,1257.52,1259.84,1260.65,1260.64,1261.32,1262.77,1262.90,1263.88,1265.97,1268.13,1270.02,1271.83,1273.79,1275.81,1277.77,1279.78,1282.04,1282.51,1284.06,1285.91,1286.33,1286.85,1288.92,1291.52,1295.41,1299.55,1304.19,1309.49,1312.69,1315.34,1319.78,1325.21,1328.98,1330.75,1335.58,1337.56,1340.79,1345.06,1348.38,1351.52,1354.05,1356.79,1359.43,1362.52,1365.98,1369.58,1372.44,1374.72,1377.12,1379.41,1381.70,1384.51,1388.59,1391.24,1394.16,1396.13,1396.99,1398.98,1401.20,1403.37,1405.52,1408.66,1411.32,1413.94,1416.37,1418.82,1420.74,1423.27,1425.51,1426.49,1427.17,1429.44,1433.41,1437.67,1440.97,1443.97,1447.30,1450.78,1456.47,1463.42,1472.62,1477.97,1483.73,1490.81,1498.48,1510.54,1523.64,1532.06,1537.83,1543.62,1548.68,1552.16,1555.53,1559.29,1564.30,1569.03,1573.14,1578.38,1582.57,1586.04,1589.74,1594.40,1599.05,1602.50,1604.95,1607.38,1610.21,1611.37,1611.53,1613.47,1619.40,1630.16,1643.23,1657.09,1676.53,1695.12,1709.04,1717.46,1720.35,1719.72,1717.28,1715.72,1714.37,1712.47,1710.50,1710.69,1713.62,1718.20,1721.49,1725.51,1732.67,1739.05,1739.57,1734.01,1728.57,1726.99,1731.11,1735.95,1739.41,1742.27,1745.21,1749.88,1754.14,1759.20,1764.00,1768.13,1774.26,1781.66,1788.26,1793.72,1798.42,1804.76,1812.92,1822.37,1831.05,1838.83,1845.80,1853.09,1864.86,1874.50,1884.89,1899.14,1912.51,1924.28,1936.34,1949.54,1961.25,1972.26,1982.11,1986.59,1984.83,1980.42,1975.04,1968.25,1966.81,1965.60,1960.06,1952.72,1950.33,1951.88,1954.49,1960.95,1966.04,1977.26,1988.62,1996.87,2008.79,2025.39,2043.71,2060.10,2076.82,2096.32,2114.71,2130.46,2135.79,2131.53,2123.71,2116.55,2112.44,2113.59,2120.44,2130.55,2142.42,2152.54
1158.43,1160.13,1162.03,1164.25,1166.63,1168.84,1170.79,1172.60,1174.46,1176.59,1178.76,1180.84,1182.97,1185.15,1187.38,1188.69,1189.50,1190.09,1190.89,1192.16,1194.31,1196.75,1199.06,1200.85,1202.21,1203.78,1205.63,1207.26,1207.93,1207.70,1206.32,1202.61,1193.73,1187.82,1185.82,1185.22,1190.26,1199.63,1214.73,1227.18,1231.09,1232.33,1233.49,1234.48,1235.28,1236.13,1236.50,1237.14,1238.94,1243.43,1250.03,1253.79,1257.19,1260.31,1262.97,1264.22,1264.94,1265.86,1266.02,1266.11,1267.16,1269.38,1271.43,1273.20,1275.02,1277.02,1279.14,1281.26,1283.38,1285.37,1287.16,1288.84,1289.61,1289.44,1290.70,1292.81,1295.16,1298.23,1301.85,1306.78,1309.89,1313.70,1318.83,1326.24,1331.43,1334.12,1338.49,1340.61,1342.71,1345.71,1347.87,1350.38,1352.56,1355.18,1358.00,1360.84,1363.05,1367.29,1370.78,1372.95,1375.14,1377.10,1379.24,1382.90,1388.90,1391.46,1392.44,1392.63,1392.29,1393.29,1395.00,1397.37,1399.40,1402.49,1406.77,1409.33,1411.42,1413.78,1415.80,1417.03,1418.62,1422.22,1426.30,1430.60,1433.96,1436.54,1438.78,1442.38,1445.87,1450.26,1459.46,1468.58,1474.54,1480.00,1485.73,1492.17,1501.02,1515.35,1527.56,1533.40,1537.54,1542.48,1546.38,1549.66,1553.23,1557.14,1561.32,1565.01,1569.35,1575.06,1580.27,1584.20,1588.58,1593.13,1596.25,1598.34,1600.04,1600.73,1601.26,1602.35,1604.55,1608.38,1617.40,1629.10,1640.51,1654.54,1673.85,1692.42,1708.80,1719.29,1723.55,1724.19,1722.89,1720.30,1718.59,1717.15,1715.95,1716.61,1720.97,1725.36,1728.92,1732.59,1738.07,1746.27,1749.39,1745.18,1737.20,1732.55,1734.16,1739.57,1744.45,1747.85,1750.17,1753.46,1757.04,1761.95,1767.11,1771.93,1778.91,1785.76,1792.19,1797.94,1804.13,1811.86,1820.72,1829.69,1838.72,1851.37,1862.66,1871.15,1882.89,1893.60,1898.60,1906.57,1916.58,1927.15,1938.86,1948.52,1958.61,1968.59,1974.40,1972.23,1966.61,1962.42,1958.00,1958.93,1957.91,1948.62,1939.21,1930.11,1926.90,1929.64,1933.43,1941.06,1949.57,1959.42,1969.50,1981.71,1994.39,2009.38,2029.58,2048.05,2062.32,2082.70,2100.83,2113.03,2114.95,2110.71,2105.48,2101.06,2099.68,2105.56,2116.24,2131.13,2145.21,2156.40
1158.95,1160.19,1162.27,1164.58,1166.98,1169.38,1171.24,1172.95,1174.75,1176.75,1178.76,1180.75,1182.89,1185.13,1187.60,1189.81,1191.60,1192.61,1193.41,1194.40,1195.67,1198.03,1200.38,1202.07,1203.64,1204.90,1206.30,1207.88,1209.64,1211.38,1211.15,1210.16,1207.70,1198.42,1189.27,1187.34,1187.76,1190.55,1199.95,1216.18,1228.35,1231.84,1232.84,1235.55,1237.95,1238.76,1238.91,1238.94,1239.82,1242.79,1247.03,1250.11,1254.10,1258.54,1262.71,1266.15,1268.16,1268.90,1269.09,1269.15,1269.38,1271.18,1273.14,1274.99,1276.92,1278.41,1280.31,1282.45,1284.47,1286.52,1288.68,1291.07,1293.18,1293.91,1294.65,1296.16,1296.42,1298.11,1300.63,1304.53,1307.84,1311.80,1316.41,1321.60,1327.29,1330.09,1334.75,1337.72,1340.74,1343.31,1345.88,1348.23,1350.10,1352.33,1354.88,1357.13,1359.86,1363.94,1367.91,1370.83,1372.79,1374.51,1376.65,1378.83,1382.66,1385.35,1385.79,1386.00,1387.10,1387.40,1388.61,1390.98,1394.51,1397.87,1401.84,1404.98,1407.04,1409.08,1410.77,1412.89,1416.59,1420.45,1425.13,1429.53,1432.14,1434.76,1437.79,1441.23,1445.73,1452.07,1463.26,1471.06,1475.57,1480.62,1485.78,1491.73,1500.28,1513.23,1525.69,1531.77,1535.34,1539.10,1542.50,1546.05,1550.12,1553.56,1556.70,1559.30,1563.96,1569.35,1575.34,1581.24,1585.83,1590.02,1591.29,1590.35,1589.38,1589.36,1591.94,1595.70,1600.43,1606.72,1617.01,1628.47,1638.06,1650.52,1669.73,1688.22,1706.56,1718.59,1723.61,1727.91,1727.83,1725.51,1723.04,1721.83,1721.08,1722.13,1726.54,1731.44,1736.48,1741.35,1745.92,1753.51,1758.41,1755.41,1746.61,1740.99,1740.96,1745.61,1751.39,1755.17,1756.95,1758.36,1761.50,1767.80,1772.55,1776.82,1783.57,1790.45,1797.71,1804.94,1812.45,1820.49,1829.17,1837.82,1848.90,1863.99,1880.76,1893.84,1898.78,1901.84,1905.64,1911.24,1917.48,1927.04,1937.35,1947.24,1956.64,1962.61,1960.70,1954.75,1949.44,1947.57,1953.69,1951.49,1938.39,1926.59,1917.05,1911.36,1910.85,1913.07,1919.29,1925.60,1937.21,1950.83,1960.69,1972.15,1981.37,1996.94,2015.85,2032.84,2050.63,2068.73,2082.82,2091.15,2093.18,2089.87,2086.32,2087.47,2095.09,2108.59,2122.21,2139.50,2153.19,2167.13
1160.19,1161.63,1163.33,1165.14,1167.36,1169.72,1171.52,1173.18,1175.06,1177.11,1179.13,1181.01,1182.91,1185.08,1187.30,1189.47,1191.77,1193.95,1195.65,1196.95,1198.13,1199.05,1201.02,1203.11,1204.92,1206.41,1207.65,1209.05,1210.99,1213.24,1214.02,1213.91,1213.93,1213.31,1200.77,1190.86,1190.86,1191.30,1193.28,1203.12,1217.89,1228.46,1229.50,1232.32,1239.18,1241.51,1241.86,1241.65,1241.78,1243.95,1247.79,1250.62,1254.15,1258.70,1262.27,1266.64,1270.07,1271.40,1271.55,1272.01,1272.67,1273.89,1275.22,1276.82,1278.80,1281.01,1282.36,1284.13,1285.81,1287.65,1289.60,1291.72,1294.16,1296.71,1298.72,1299.60,1299.17,1300.25,1301.94,1303.61,1306.35,1309.83,1314.13,1317.97,1322.33,1327.35,1331.73,1334.73,1337.98,1340.46,1343.63,1345.70,1346.88,1348.57,1351.60,1354.27,1356.78,1359.64,1363.17,1366.78,1369.75,1371.79,1373.54,1374.26,1375.92,1377.32,1377.84,1379.26,1381.98,1385.11,1388.39,1391.33,1393.80,1396.48,1399.22,1401.88,1404.33,1406.71,1409.20,1412.55,1416.36,1420.21,1423.68,1427.41,1430.89,1433.48,1435.95,1439.05,1444.06,1451.10,1459.05,1465.55,1471.33,1478.12,1483.64,1489.17,1496.72,1506.52,1518.16,1526.68,1530.80,1532.91,1535.58,1539.09,1542.62,1545.54,1549.11,1550.99,1553.47,1558.83,1565.68,1571.74,1576.19,1579.16,1580.59,1579.93,1580.78,1583.28,1587.57,1592.53,1598.24,1605.60,1615.25,1625.56,1635.78,1649.23,1667.66,1684.33,1703.56,1715.27,1722.57,1729.32,1730.40,1729.60,1727.70,1725.89,1725.66,1727.69,1731.76,1736.50,1741.80,1747.58,1753.87,1760.05,1763.18,1761.61,1753.62,1747.16,1747.16,1752.84,1762.55,1765.37,1765.52,1765.82,1768.00,1772.53,1776.78,1782.55,1790.32,1798.67,1807.06,1814.03,1821.40,1830.07,1839.47,1850.26,1860.44,1873.81,1890.34,1900.33,1903.22,1905.55,1908.95,1913.48,1918.86,1927.41,1935.96,1944.56,1950.34,1948.76,1941.72,1935.10,1936.12,1948.44,1952.55,1937.08,1919.20,1906.73,1895.30,1890.90,1901.86,1915.98,1926.50,1931.32,1936.12,1943.77,1954.46,1965.46,1974.11,1984.39,2002.30,2021.78,2038.57,2055.88,2065.69,2071.13,2072.11,2071.38,2074.52,2083.70,2095.48,2110.18,2126.89,2145.64,2161.43,2178.78
1161.59,1163.35,1165.37,1166.99,1168.38,1170.12,1171.84,1173.50,1175.34,1177.26,1179.19,1181.16,1183.77,1186.07,1187.42,1189.27,1191.48,1193.64,1195.77,1197.88,1199.89,1201.31,1202.18,1203.68,1205.64,1207.61,1209.21,1210.56,1212.58,1214.85,1216.64,1216.81,1218.09,1220.49,1216.18,1200.85,1195.83,1195.31,1194.96,1196.61,1201.50,1209.35,1213.82,1216.58,1231.41,1242.11,1244.73,1245.41,1245.46,1245.71,1248.13,1251.59,1254.81,1257.55,1260.84,1267.41,1271.50,1273.40,1273.85,1274.91,1276.19,1277.56,1278.02,1278.62,1280.76,1284.24,1286.64,1286.82,1288.00,1288.95,1290.90,1293.02,1295.11,1297.32,1299.81,1302.54,1302.70,1302.98,1304.12,1305.16,1306.54,1309.20,1312.44,1315.97,1319.37,1323.99,1329.12,1332.07,1334.75,1338.59,1341.81,1342.42,1343.16,1345.21,1348.83,1350.98,1352.09,1354.65,1358.07,1361.01,1364.20,1367.46,1369.57,1369.93,1370.63,1372.73,1375.40,1378.65,1381.39,1385.27,1389.26,1392.28,1394.96,1397.63,1400.21,1402.62,1405.14,1407.62,1410.35,1413.75,1417.30,1420.53,1423.09,1426.31,1429.05,1432.21,1436.71,1440.89,1446.68,1454.33,1461.69,1467.33,1470.40,1474.25,1479.58,1485.57,1492.33,1499.48,1508.36,1515.12,1519.66,1522.17,1523.00,1525.60,1530.01,1533.25,1538.21,1542.53,1545.28,1550.34,1555.78,1559.92,1563.35,1566.99,1570.67,1573.06,1576.57,1581.30,1586.48,1591.75,1597.46,1604.39,1612.48,1621.59,1634.89,1649.91,1670.83,1687.85,1704.36,1714.11,1722.23,1728.99,1730.55,1730.82,1730.45,1729.55,1730.05,1732.03,1735.36,1739.98,1745.27,1751.45,1757.80,1762.96,1766.54,1766.05,1759.73,1753.75,1754.05,1760.78,1770.62,1773.57,1774.73,1775.18,1775.84,1778.44,1783.25,1792.22,1800.73,1810.23,1817.16,1824.08,1832.00,1841.18,1851.53,1862.16,1873.07,1885.78,1894.58,1900.11,1902.87,1905.73,1908.55,1912.90,1918.52,1923.19,1926.64,1930.82,1933.30,1929.83,1923.52,1926.67,1940.78,1951.37,1945.59,1921.77,1902.06,1883.89,1874.35,1887.42,1912.94,1929.96,1944.10,1955.08,1957.90,1956.08,1957.47,1962.57,1969.42,1978.06,1991.91,2011.86,2029.03,2042.58,2051.77,2055.33,2055.90,2059.83,2068.20,2079.65,2094.64,2112.03,2129.00,2148.39,2168.31,2189.41
1162.97,1164.93,1167.15,1169.14,1170.59,1171.85,1173.43,1175.14,1176.48,1177.65,1179.32,1182.26,1185.53,1188.38,1189.51,1190.52,1192.17,1193.86,1195.53,1197.41,1199.60,1201.85,1203.98,1205.46,1206.72,1208.30,1210.25,1212.00,1213.91,1216.41,1218.83,1219.59,1220.68,1223.22,1223.72,1219.35,1206.19,1199.84,1198.34,1197.83,1199.42,1201.93,1205.99,1208.13,1215.50,1235.72,1243.57,1247.92,1249.29,1248.86,1248.90,1251.16,1253.63,1256.10,1258.67,1265.68,1271.60,1274.29,1276.24,1277.69,1279.24,1280.82,1280.96,1281.27,1283.22,1286.84,1290.25,1289.96,1290.82,1291.37,1293.07,1294.74,1296.75,1298.93,1301.10,1303.92,1306.16,1306.64,1307.14,1307.12,1308.78,1310.13,1312.46,1315.27,1317.99,1321.64,1326.12,1329.43,1331.71,1335.34,1338.56,1339.18,1339.65,1341.82,1345.63,1347.85,1348.53,1350.40,1353.61,1356.23,1358.87,1362.05,1364.82,1366.74,1369.12,1371.96,1374.80,1377.79,1380.98,1384.82,1388.56,1391.65,1394.43,1397.34,1400.04,1402.09,1404.68,1407.70,1410.56,1413.86,1417.09,1420.05,1422.46,1425.59,1428.67,1434.45,1442.59,1450.72,1456.51,1463.73,1470.93,1475.99,1478.91,1478.94,1478.55,1482.25,1488.20,1493.54,1499.19,1503.79,1507.66,1511.15,1513.91,1517.55,1521.18,1525.40,1530.74,1535.72,1539.32,1543.69,1549.34,1553.61,1557.83,1562.25,1566.34,1570.44,1575.98,1581.59,1587.07,1592.33,1597.65,1603.65,1610.22,1618.88,1633.29,1648.53,1669.34,1688.62,1702.14,1711.32,1719.70,1726.48,1730.13,1731.20,1731.92,1732.19,1733.67,1735.45,1738.42,1742.33,1747.12,1752.16,1757.67,1762.69,1767.95,1770.50,1767.46,1761.68,1761.36,1764.18,1768.33,1773.98,1779.44,1782.57,1783.79,1786.22,1792.15,1801.92,1811.51,1819.67,1827.52,1836.36,1845.27,1854.47,1863.40,1872.75,1881.68,1890.24,1893.95,1897.03,1900.87,1903.74,1906.59,1910.46,1913.04,1904.75,1901.27,1903.62,1908.03,1913.04,1920.53,1933.57,1944.78,1948.49,1936.60,1911.97,1890.65,1871.25,1872.29,1895.08,1915.42,1934.20,1951.79,1966.59,1976.29,1978.80,1979.37,1978.32,1976.65,1979.68,1987.20,2003.72,2018.85,2029.23,2034.84,2041.09,2050.20,2061.45,2072.41,2088.12,2107.14,2124.90,2141.11,2159.33,2179.48,2198.08
1164.35,1166.40,1168.62,1170.73,1172.50,1173.92,1175.63,1177.51,1179.01,1180.17,1181.81,1183.85,1187.19,1190.41,1192.05,1193.04,1194.53,1196.19,1197.57,1198.68,1200.86,1202.50,1204.32,1206.37,1208.25,1209.81,1211.42,1213.23,1215.31,1217.94,1220.55,1222.18,1223.65,1225.82,1228.09,1229.66,1227.59,1217.78,1206.38,1201.78,1201.88,1202.49,1204.01,1207.09,1212.21,1224.55,1238.81,1246.88,1251.07,1251.43,1251.21,1252.38,1254.34,1256.59,1258.66,1264.52,1271.19,1273.88,1277.22,1279.17,1280.85,1283.04,1284.20,1284.44,1285.91,1288.73,1291.58,1292.89,1293.59,1294.95,1296.93,1298.29,1298.76,1300.74,1302.91,1305.50,1308.04,1309.82,1309.88,1309.08,1311.23,1312.90,1313.72,1315.30,1317.86,1320.67,1323.64,1326.35,1328.56,1331.33,1334.93,1336.45,1338.07,1340.57,1343.20,1345.37,1347.19,1349.49,1352.26,1355.59,1358.91,1361.68,1364.07,1366.40,1368.80,1371.70,1374.77,1378.01,1381.09,1384.19,1387.41,1389.94,1392.73,1395.63,1398.11,1400.57,1403.67,1406.90,1410.00,1413.05,1416.08,1418.68,1421.38,1426.68,1430.90,1440.71,1452.78,1460.72,1465.35,1470.70,1474.77,1479.33,1482.25,1483.02,1482.65,1483.03,1485.51,1489.56,1494.27,1498.16,1502.32,1506.08,1509.57,1513.54,1517.41,1521.92,1527.28,1532.26,1537.61,1541.91,1547.37,1552.79,1557.95,1562.55,1566.79,1570.86,1575.72,1581.27,1586.97,1592.67,1598.25,1603.50,1609.17,1618.24,1631.75,1645.16,1663.09,1680.31,1693.69,1702.70,1710.25,1718.37,1725.46,1729.78,1731.44,1733.94,1736.86,1738.99,1741.47,1744.80,1748.05,1751.90,1756.84,1761.70,1766.25,1769.56,1772.10,1771.33,1768.91,1770.37,1772.62,1776.42,1780.86,1786.38,1789.53,1792.69,1799.39,1808.06,1817.80,1827.22,1837.93,1848.92,1857.44,1862.83,1869.28,1875.45,1881.67,1886.01,1889.01,1891.35,1895.81,1899.35,1901.43,1902.85,1898.16,1884.22,1879.91,1884.28,1893.00,1910.18,1922.57,1928.02,1930.03,1931.77,1925.66,1905.60,1883.68,1867.70,1870.24,1889.69,1910.30,1928.08,1944.30,1961.13,1975.74,1988.25,1993.14,1995.15,1995.94,1993.59,1991.60,1999.10,2008.72,2017.85,2028.20,2039.29,2051.89,2064.99,2078.10,2096.02,2113.26,2132.95,2151.61,2170.56,2190.21,2207.76
1165.65,1166.99,1169.15,1171.29,1173.35,1175.53,1177.64,1179.76,1181.65,1183.49,1186.15,1187.69,1188.51,1190.80,1193.08,1195.14,1196.91,1198.68,1200.34,1201.16,1202.46,1204.22,1205.89,1207.58,1209.26,1210.91,1212.67,1214.54,1216.43,1218.38,1220.75,1223.08,1225.17,1227.27,1229.38,1231.80,1232.68,1230.42,1221.71,1209.98,1207.43,1207.86,1206.62,1206.28,1209.36,1216.03,1226.78,1241.90,1250.27,1253.18,1254.29,1255.19,1256.40,1258.33,1260.46,1264.74,1270.02,1273.37,1277.14,1280.43,1282.38,1284.33,1286.36,1287.60,1288.46,1290.92,1292.73,1294.90,1296.32,1297.66,1299.60,1301.25,1301.67,1302.31,1303.71,1306.28,1309.08,1311.28,1312.10,1311.55,1312.92,1316.04,1317.35,1317.22,1318.46,1320.71,1322.88,1325.38,1327.93,1330.37,1332.63,1335.06,1337.75,1340.36,1342.47,1344.79,1347.15,1349.52,1352.53,1356.05,1359.45,1362.11,1364.54,1366.95,1369.43,1372.22,1375.11,1377.96,1380.65,1383.31,1386.09,1388.90,1391.71,1394.35,1397.15,1399.89,1403.34,1407.25,1410.40,1412.77,1415.59,1418.25,1422.47,1429.32,1438.92,1450.48,1459.61,1464.49,1468.80,1472.66,1475.99,1479.38,1482.29,1485.10,1486.82,1487.57,1487.56,1489.81,1493.98,1498.47,1502.07,1505.50,1508.66,1513.09,1518.18,1523.28,1528.72,1533.87,1540.14,1544.13,1548.24,1553.03,1558.10,1563.21,1568.20,1572.78,1576.78,1581.22,1586.20,1591.94,1598.64,1603.99,1609.23,1618.42,1630.55,1641.12,1652.55,1666.82,1679.79,1690.00,1697.70,1706.22,1714.46,1722.86,1728.16,1732.85,1737.95,1742.17,1744.97,1748.01,1751.00,1754.13,1757.79,1761.17,1764.28,1767.12,1770.12,1775.18,1774.07,1775.94,1779.33,1783.08,1787.30,1790.64,1793.55,1796.97,1801.31,1808.72,1818.71,1829.90,1841.84,1850.75,1854.97,1856.06,1861.92,1869.00,1872.41,1875.91,1879.53,1883.16,1886.74,1890.15,1891.68,1890.71,1884.10,1868.60,1864.97,1872.19,1889.06,1902.41,1909.66,1908.22,1908.36,1912.19,1911.66,1901.84,1884.60,1866.87,1865.83,1881.34,1898.92,1915.01,1934.56,1952.17,1966.72,1981.69,1990.65,2002.74,2012.01,2012.13,2009.68,2011.27,2017.84,2026.38,2035.65,2044.70,2056.96,2070.35,2085.99,2101.87,2118.13,2137.89,2156.92,2175.78,2196.02,2213.70
1167.19,1168.14,1169.30,1171.33,1173.64,1175.96,1178.33,1180.90,1183.48,1185.89,1188.71,1190.38,1190.55,1191.48,1193.47,1195.72,1197.77,1199.88,1202.07,1203.18,1204.22,1205.82,1207.26,1209.13,1210.54,1211.90,1213.42,1215.14,1217.01,1219.05,1221.28,1223.31,1225.29,1227.35,1229.48,1232.13,1234.81,1234.70,1232.61,1227.99,1225.41,1222.69,1214.13,1207.83,1209.80,1214.26,1219.80,1232.15,1247.08,1252.38,1255.03,1257.21,1258.77,1260.26,1262.00,1264.53,1267.57,1270.83,1275.62,1280.18,1282.45,1284.60,1287.09,1289.24,1290.89,1292.45,1294.35,1296.25,1298.00,1299.61,1300.99,1302.62,1304.32,1305.08,1305.68,1306.46,1308.94,1311.29,1313.80,1314.52,1314.74,1317.76,1320.37,1319.59,1319.38,1321.27,1323.25,1325.48,1327.68,1329.80,1332.33,1334.98,1337.39,1339.86,1342.16,1344.48,1346.78,1349.06,1351.92,1355.49,1359.09,1361.73,1363.98,1366.35,1368.86,1371.37,1373.94,1376.72,1379.54,1382.32,1385.31,1388.56,1391.49,1394.11,1396.87,1399.90,1403.44,1407.32,1410.56,1413.54,1416.95,1420.49,1425.97,1434.33,1445.50,1454.43,1460.76,1464.84,1468.80,1472.18,1475.18,1478.14,1480.88,1483.83,1487.90,1490.82,1491.21,1491.99,1495.03,1498.89,1503.09,1507.18,1510.15,1514.63,1519.97,1526.02,1531.31,1535.90,1541.22,1545.97,1550.17,1555.38,1560.90,1566.22,1571.25,1575.90,1579.56,1583.23,1587.69,1593.07,1598.73,1604.09,1609.48,1618.28,1629.12,1637.42,1647.08,1657.09,1666.82,1674.96,1682.52,1692.86,1701.85,1709.95,1718.15,1724.50,1732.17,1740.72,1745.26,1749.74,1753.37,1756.75,1760.17,1763.05,1765.72,1768.65,1772.62,1777.54,1777.83,1780.01,1782.91,1787.19,1791.39,1794.67,1798.28,1801.50,1804.53,1809.23,1816.57,1826.47,1835.45,1840.52,1845.15,1849.07,1855.73,1863.23,1865.69,1867.42,1869.73,1873.97,1878.17,1883.07,1887.65,1883.44,1871.75,1854.25,1850.50,1861.56,1872.94,1882.75,1889.88,1888.20,1887.94,1894.80,1898.48,1892.47,1879.68,1862.59,1859.18,1870.35,1886.59,1910.36,1930.16,1941.45,1954.94,1967.68,1979.55,1993.65,2012.22,2023.98,2026.00,2026.26,2031.27,2039.03,2048.01,2061.03,2072.78,2084.39,2098.72,2114.37,2130.01,2146.44,2163.77,2181.44,2200.31,2218.28
1168.51,1169.68,1170.59,1171.83,1174.03,1176.38,1178.62,1180.97,1183.69,1186.51,1189.26,1190.79,1191.61,1192.64,1194.04,1196.14,1198.13,1200.01,1202.08,1204.11,1205.82,1207.20,1208.50,1210.02,1211.37,1212.60,1214.18,1216.11,1218.06,1219.61,1221.67,1224.21,1226.55,1228.49,1230.39,1232.57,1235.34,1238.05,1239.68,1240.39,1240.38,1240.58,1231.71,1212.37,1210.30,1214.23,1218.30,1229.03,1244.82,1251.62,1254.54,1257.45,1259.61,1261.78,1263.74,1265.68,1267.59,1269.98,1274.87,1278.72,1280.85,1282.84,1286.12,1289.20,1291.58,1293.83,1295.83,1297.56,1299.18,1300.65,1302.14,1303.62,1305.53,1307.54,1308.80,1308.70,1309.12,1311.53,1314.54,1317.11,1317.34,1318.84,1322.37,1322.50,1321.33,1322.02,1323.63,1325.54,1327.77,1330.09,1332.53,1335.08,1337.65,1339.88,1341.97,1344.10,1346.33,1348.53,1351.07,1354.19,1357.46,1360.41,1362.83,1365.18,1367.53,1369.92,1372.86,1375.94,1379.04,1382.49,1387.03,1390.69,1393.16,1395.83,1398.07,1400.81,1405.45,1408.38,1411.56,1415.62,1419.17,1422.81,1427.86,1436.08,1445.68,1453.14,1458.57,1462.67,1466.51,1470.38,1473.20,1475.88,1478.71,1482.05,1486.57,1490.90,1494.02,1495.90,1497.67,1500.21,1504.59,1509.27,1512.69,1516.72,1521.96,1528.47,1533.35,1537.62,1542.71,1548.13,1552.97,1558.41,1565.28,1570.17,1573.96,1578.76,1581.99,1585.07,1589.07,1594.97,1600.60,1605.21,1610.38,1617.87,1627.01,1635.30,1644.19,1652.15,1657.78,1663.66,1670.90,1678.77,1687.44,1695.05,1704.94,1713.76,1721.63,1734.03,1743.35,1749.43,1753.61,1757.19,1760.94,1764.40,1767.57,1771.51,1777.22,1781.32,1782.66,1784.28,1786.05,1788.31,1792.00,1795.78,1799.96,1805.21,1809.39,1813.16,1819.16,1826.91,1832.92,1837.18,1841.74,1847.77,1853.41,1858.53,1861.96,1866.31,1869.66,1872.32,1878.12,1883.54,1887.95,1877.76,1859.39,1843.74,1837.03,1843.70,1853.31,1861.43,1869.72,1868.72,1869.98,1877.22,1881.25,1875.16,1864.69,1852.35,1854.50,1870.12,1889.51,1907.22,1922.28,1935.97,1951.39,1961.95,1975.59,1988.43,2005.22,2020.03,2030.73,2038.64,2046.58,2054.12,2063.43,2074.44,2087.28,2098.75,2112.48,2126.27,2140.21,2155.39,2170.93,2187.39,2204.59,2218.91
1169.32,1171.06,1172.07,1172.95,1174.50,1176.63,1178.63,1180.70,1183.22,1186.09,1188.92,1190.67,1192.01,1193.43,1194.83,1196.54,1198.15,1199.84,1201.96,1204.29,1206.54,1208.21,1209.49,1210.79,1212.04,1213.33,1215.02,1217.08,1219.14,1221.11,1222.51,1224.48,1227.16,1229.81,1232.10,1234.00,1236.00,1238.36,1240.89,1242.73,1243.31,1243.67,1242.02,1226.89,1212.29,1215.27,1220.16,1231.04,1243.54,1250.57,1254.78,1259.44,1261.25,1262.78,1264.46,1266.48,1268.67,1271.52,1274.36,1276.80,1278.70,1281.14,1284.91,1288.91,1291.58,1293.80,1296.12,1298.38,1300.25,1301.53,1302.98,1304.96,1306.76,1308.35,1310.89,1311.70,1311.40,1313.00,1315.37,1318.64,1320.45,1320.88,1323.66,1325.83,1325.33,1324.26,1324.91,1326.63,1328.02,1330.35,1332.86,1335.35,1337.88,1340.29,1342.41,1344.42,1346.45,1348.51,1350.94,1353.94,1357.35,1360.55,1362.88,1364.98,1367.08,1369.29,1372.10,1375.20,1378.49,1383.49,1389.08,1392.75,1395.63,1398.73,1401.62,1405.21,1409.45,1411.89,1414.38,1418.23,1422.15,1425.55,1429.30,1435.03,1442.06,1449.36,1454.33,1459.37,1463.80,1467.68,1470.64,1473.43,1476.47,1480.07,1485.13,1489.86,1494.10,1498.16,1500.68,1503.20,1506.33,1510.43,1514.06,1517.89,1522.87,1528.88,1533.38,1537.62,1542.99,1549.42,1554.62,1560.05,1568.29,1572.70,1575.95,1579.53,1582.74,1586.03,1589.46,1595.17,1601.12,1606.26,1611.38,1617.21,1624.22,1632.48,1641.26,1647.22,1651.28,1656.27,1662.74,1670.10,1676.57,1683.13,1691.61,1702.13,1709.90,1720.87,1737.04,1746.25,1751.44,1755.19,1760.00,1763.97,1767.83,1773.26,1780.00,1786.18,1790.15,1791.73,1792.42,1793.08,1794.03,1795.57,1798.65,1804.59,1811.09,1816.00,1821.67,1827.89,1831.93,1834.79,1839.10,1843.92,1848.91,1853.55,1859.45,1865.53,1871.43,1875.64,1880.61,1886.33,1888.25,1870.06,1852.50,1836.97,1825.08,1825.56,1831.38,1839.75,1848.74,1848.05,1851.38,1859.98,1861.47,1856.21,1847.16,1843.74,1856.64,1877.42,1899.01,1918.47,1934.56,1947.11,1957.79,1967.52,1977.66,1986.44,2000.35,2013.11,2022.90,2033.85,2045.41,2056.74,2068.44,2082.03,2094.40,2106.24,2119.28,2131.35,2144.28,2158.45,2172.81,2188.51,2198.87,2206.81
1169.73,1171.54,1173.20,1174.37,1175.38,1176.89,1178.80,1180.73,1182.81,1185.47,1187.69,1189.84,1191.51,1193.38,1195.26,1197.24,1199.21,1200.64,1202.54,1204.86,1206.99,1208.86,1210.63,1212.05,1213.18,1214.30,1215.56,1217.38,1219.37,1221.76,1223.95,1225.48,1227.29,1229.91,1232.75,1235.53,1237.79,1239.80,1241.60,1243.72,1245.33,1246.10,1245.09,1239.56,1219.78,1215.73,1221.61,1230.29,1237.47,1244.02,1250.12,1257.04,1261.46,1263.72,1265.78,1267.62,1269.35,1271.30,1273.16,1275.06,1277.00,1280.03,1284.62,1289.04,1291.91,1294.32,1296.65,1298.48,1300.40,1302.27,1304.09,1306.68,1308.83,1309.75,1312.64,1314.89,1315.20,1316.39,1317.17,1319.38,1323.12,1323.75,1324.89,1327.92,1329.29,1328.07,1327.05,1328.71,1330.17,1331.14,1332.97,1335.40,1337.86,1340.45,1342.95,1345.06,1347.00,1348.91,1351.46,1354.73,1357.25,1359.93,1362.10,1364.05,1365.89,1367.87,1370.31,1373.78,1377.51,1382.93,1390.47,1394.76,1398.15,1401.23,1405.47,1410.06,1413.29,1415.76,1417.79,1421.35,1426.37,1429.41,1431.96,1435.88,1440.87,1446.61,1451.56,1456.93,1461.45,1465.11,1468.50,1472.21,1476.61,1481.09,1486.64,1491.48,1495.35,1499.37,1502.68,1505.79,1508.85,1511.58,1514.20,1517.51,1521.68,1527.01,1531.65,1536.93,1542.82,1548.91,1554.05,1559.68,1567.43,1571.91,1574.99,1578.33,1582.29,1586.73,1591.10,1596.40,1601.66,1606.44,1611.41,1616.43,1622.10,1628.48,1636.14,1642.21,1646.14,1649.82,1655.15,1662.40,1669.09,1675.86,1683.36,1689.87,1697.93,1707.40,1721.26,1735.57,1744.60,1752.09,1757.28,1762.09,1767.09,1773.56,1780.89,1788.12,1794.55,1801.28,1804.50,1801.44,1799.32,1798.60,1799.48,1803.54,1808.53,1813.66,1819.33,1823.90,1827.64,1830.24,1834.41,1838.77,1843.06,1848.15,1854.77,1862.25,1869.12,1873.06,1878.33,1882.52,1874.15,1855.33,1834.55,1822.29,1811.57,1808.73,1813.72,1820.93,1824.46,1823.48,1828.57,1835.09,1837.90,1834.34,1835.15,1848.88,1864.92,1886.95,1909.76,1931.92,1949.72,1961.62,1968.94,1979.60,1987.94,1995.47,2005.90,2015.54,2024.48,2034.47,2045.51,2057.72,2068.67,2081.90,2093.48,2107.36,2120.51,2132.49,2145.72,2159.09,2170.95,2178.66,2182.44,2187.37
1169.82,1171.68,1173.61,1175.48,1176.71,1177.78,1179.37,1181.21,1183.17,1185.19,1186.99,1188.80,1190.83,1193.11,1195.49,1197.59,1199.55,1201.60,1203.36,1205.22,1207.10,1208.95,1210.74,1212.69,1214.36,1215.55,1216.49,1217.56,1219.27,1221.77,1224.52,1226.98,1228.44,1230.39,1233.13,1236.06,1238.90,1241.04,1242.76,1244.55,1246.31,1247.91,1248.62,1246.30,1232.48,1218.03,1219.55,1225.16,1228.29,1229.28,1231.94,1240.94,1255.86,1261.85,1264.61,1267.53,1270.44,1272.57,1274.30,1275.91,1277.55,1279.44,1283.69,1288.40,1291.87,1294.75,1297.76,1299.89,1301.41,1303.37,1305.72,1308.20,1310.66,1312.45,1315.01,1317.58,1318.93,1319.93,1320.63,1321.60,1325.15,1327.06,1327.18,1329.08,1331.26,1331.10,1329.83,1331.57,1333.95,1334.80,1335.08,1335.77,1337.72,1340.66,1343.84,1346.22,1348.13,1350.38,1354.25,1358.07,1360.35,1361.05,1362.55,1364.27,1365.94,1367.64,1370.17,1374.78,1379.66,1385.42,1391.53,1395.68,1399.97,1404.32,1408.07,1412.58,1416.91,1419.60,1422.50,1426.33,1430.40,1432.79,1434.83,1437.80,1442.18,1447.43,1451.89,1457.00,1461.42,1465.47,1469.53,1474.13,1478.80,1484.33,1489.20,1493.21,1496.94,1500.47,1503.55,1506.87,1510.12,1513.37,1515.95,1518.15,1521.15,1525.63,1530.82,1538.52,1543.15,1547.68,1552.20,1557.91,1564.37,1569.84,1574.41,1578.99,1584.08,1589.46,1594.34,1599.43,1604.41,1608.68,1612.94,1617.55,1622.10,1627.19,1631.14,1636.86,1642.01,1644.98,1648.22,1655.76,1662.77,1668.99,1676.96,1683.33,1688.54,1696.89,1707.54,1720.38,1730.00,1741.91,1750.36,1756.23,1762.97,1770.65,1778.50,1785.37,1792.30,1801.49,1809.99,1808.86,1805.91,1803.84,1804.24,1805.90,1808.36,1811.54,1815.75,1819.68,1823.71,1826.98,1831.04,1835.74,1840.44,1846.14,1852.32,1858.45,1864.10,1868.91,1874.06,1869.73,1853.76,1837.00,1817.66,1805.29,1799.62,1796.53,1799.05,1798.10,1799.97,1804.14,1808.18,1813.03,1819.03,1826.55,1840.53,1858.60,1877.98,1897.37,1918.67,1941.98,1962.53,1975.67,1986.10,1994.47,2004.18,2013.96,2021.88,2028.03,2034.46,2042.97,2055.02,2065.67,2075.86,2088.70,2099.97,2114.24,2127.93,2140.41,2152.03,2159.53,2158.25,2154.13,2158.74,2165.84
1170.74,1172.60,1174.60,1176.42,1177.91,1178.98,1180.40,1182.52,1184.72,1186.80,1188.51,1189.86,1191.20,1193.37,1195.83,1198.21,1199.85,1201.39,1203.08,1204.86,1206.65,1208.38,1210.21,1212.39,1214.73,1216.63,1217.93,1218.99,1220.13,1222.26,1225.06,1227.87,1230.01,1231.75,1234.15,1236.88,1239.44,1241.39,1243.26,1245.29,1247.06,1248.81,1250.69,1250.72,1244.83,1229.27,1220.64,1221.39,1223.73,1224.74,1225.74,1228.36,1245.65,1258.14,1260.94,1263.70,1268.97,1272.35,1274.75,1277.46,1279.38,1280.73,1282.82,1286.47,1290.09,1293.43,1297.40,1300.25,1302.30,1305.64,1307.63,1308.84,1310.69,1313.42,1316.36,1319.24,1321.49,1322.82,1323.95,1325.81,1328.43,1330.25,1330.34,1330.90,1333.03,1332.79,1332.63,1335.60,1337.84,1339.04,1338.67,1338.21,1339.42,1342.09,1345.44,1348.06,1350.35,1353.63,1357.62,1361.60,1365.54,1365.53,1364.76,1366.33,1368.03,1369.53,1372.75,1376.75,1381.15,1388.18,1392.95,1396.74,1400.71,1405.49,1410.55,1414.82,1419.21,1422.63,1425.94,1429.68,1432.63,1435.16,1437.65,1440.69,1444.91,1449.56,1453.87,1458.32,1462.80,1466.84,1471.52,1477.02,1482.27,1488.29,1492.34,1495.63,1498.88,1501.60,1504.43,1507.45,1510.11,1513.62,1517.36,1520.67,1524.30,1528.87,1534.83,1541.11,1544.67,1548.24,1552.55,1557.43,1563.44,1570.14,1575.42,1580.68,1586.67,1591.55,1596.01,1601.02,1606.88,1611.45,1615.10,1619.18,1622.66,1624.97,1627.43,1630.26,1634.04,1636.79,1640.12,1649.70,1657.04,1662.78,1669.76,1677.29,1684.56,1691.97,1699.71,1709.38,1717.13,1724.84,1730.81,1737.66,1746.98,1755.23,1763.30,1772.22,1782.35,1793.03,1803.66,1811.10,1812.35,1810.70,1810.84,1811.89,1813.81,1815.72,1817.34,1821.19,1826.42,1829.73,1832.90,1836.38,1840.69,1845.94,1851.18,1856.32,1861.24,1867.23,1871.67,1857.09,1833.92,1816.10,1803.24,1792.20,1785.62,1781.67,1785.63,1790.38,1797.94,1806.69,1813.78,1820.21,1826.89,1836.74,1851.51,1867.85,1887.05,1903.42,1921.92,1944.89,1965.62,1979.30,1994.01,2008.23,2020.58,2031.73,2039.52,2043.60,2048.71,2055.70,2066.39,2076.17,2087.94,2098.13,2110.08,2123.83,2137.72,2147.80,2149.16,2143.11,2133.25,2127.41,2134.84,2141.95
1171.99,1173.76,1175.59,1177.33,1178.97,1180.15,1181.73,1184.01,1186.30,1188.52,1190.21,1191.38,1192.49,1193.95,1196.16,1198.59,1200.85,1202.35,1203.59,1205.35,1207.40,1209.37,1211.36,1213.08,1215.31,1217.15,1218.75,1220.38,1222.06,1223.45,1225.62,1228.39,1230.97,1233.04,1235.23,1237.61,1239.72,1241.75,1243.88,1246.05,1247.88,1249.44,1251.77,1253.10,1252.48,1249.51,1242.96,1239.22,1235.42,1232.36,1229.81,1228.16,1235.61,1247.66,1252.44,1256.76,1262.11,1269.31,1272.59,1277.20,1280.61,1282.52,1284.66,1286.45,1288.68,1292.06,1296.51,1299.86,1302.83,1306.96,1309.94,1310.91,1312.50,1314.33,1316.40,1319.04,1322.35,1325.07,1326.72,1329.31,1331.30,1333.03,1333.76,1334.62,1335.66,1334.41,1335.23,1339.68,1342.33,1343.71,1343.06,1341.24,1342.62,1344.72,1347.85,1351.28,1354.68,1358.34,1363.25,1367.35,1369.39,1369.86,1368.02,1369.31,1370.55,1373.10,1377.56,1380.41,1384.33,1389.69,1393.20,1396.98,1400.84,1405.49,1410.80,1415.32,1419.76,1423.46,1427.05,1430.72,1433.76,1436.64,1439.61,1443.49,1447.69,1451.40,1454.60,1458.31,1463.72,1469.09,1474.21,1480.37,1485.93,1490.74,1494.16,1497.85,1500.84,1502.96,1504.79,1506.09,1507.56,1510.89,1515.01,1520.04,1524.44,1529.84,1536.58,1542.07,1545.43,1549.42,1553.99,1558.84,1564.31,1569.71,1574.65,1580.15,1586.43,1591.49,1594.45,1599.25,1605.48,1610.55,1613.01,1616.15,1619.54,1621.15,1622.70,1623.32,1622.10,1623.37,1630.84,1644.37,1650.57,1653.59,1658.59,1668.07,1680.90,1688.30,1694.24,1699.07,1702.79,1707.41,1710.29,1716.41,1726.31,1734.21,1742.08,1752.15,1763.04,1776.13,1790.00,1801.36,1810.17,1814.88,1816.67,1818.32,1820.40,1822.83,1825.29,1829.42,1834.09,1837.58,1840.40,1843.89,1848.23,1851.99,1856.55,1860.40,1866.19,1870.42,1867.07,1845.14,1819.81,1799.45,1789.54,1778.92,1774.51,1780.79,1789.37,1795.22,1803.51,1816.86,1830.95,1838.09,1842.88,1853.26,1866.29,1883.84,1898.41,1910.68,1925.59,1944.37,1964.42,1981.39,1997.72,2014.46,2027.82,2041.11,2052.30,2060.84,2067.80,2076.20,2084.87,2092.23,2100.22,2111.13,2123.42,2134.19,2143.29,2143.41,2133.01,2120.19,2111.01,2108.24,2113.13,2119.70
1173.64,1175.18,1176.61,1178.36,1180.03,1181.37,1182.82,1185.17,1187.61,1189.95,1191.63,1192.85,1194.00,1195.22,1196.57,1198.62,1201.03,1203.44,1205.19,1206.31,1207.62,1209.65,1211.76,1213.81,1215.80,1217.59,1219.30,1221.19,1223.30,1225.19,1226.76,1228.73,1231.25,1233.69,1235.95,1238.07,1240.26,1242.56,1244.70,1246.82,1248.79,1250.33,1252.41,1254.54,1255.82,1255.45,1255.50,1255.34,1253.19,1248.03,1243.09,1235.44,1231.40,1233.40,1237.32,1245.88,1253.72,1259.72,1266.85,1270.61,1272.91,1276.44,1282.28,1287.61,1290.35,1292.41,1296.15,1299.16,1302.46,1306.26,1310.11,1313.42,1315.44,1316.93,1318.95,1319.90,1322.59,1326.16,1328.69,1330.63,1332.91,1334.96,1336.66,1337.86,1337.96,1336.07,1337.47,1341.10,1344.73,1348.09,1348.14,1346.64,1348.59,1349.51,1349.98,1352.85,1357.03,1362.01,1368.14,1372.14,1374.22,1373.51,1372.21,1372.83,1375.26,1377.09,1379.23,1383.64,1387.46,1390.80,1393.40,1396.10,1398.95,1403.64,1410.20,1414.39,1418.43,1422.07,1426.56,1430.74,1433.98,1437.16,1440.68,1445.32,1449.70,1453.63,1457.04,1459.95,1465.91,1472.19,1477.15,1482.44,1487.38,1491.56,1494.76,1497.91,1499.97,1501.34,1501.72,1501.95,1502.20,1504.31,1508.45,1513.21,1518.00,1523.74,1531.69,1538.28,1542.42,1546.87,1551.78,1556.07,1560.78,1564.80,1568.68,1572.45,1576.46,1581.16,1585.76,1591.01,1596.48,1600.47,1603.85,1607.85,1611.24,1613.61,1614.95,1614.37,1610.98,1614.54,1628.55,1639.17,1641.05,1642.36,1648.90,1660.54,1672.70,1682.39,1688.11,1691.11,1692.01,1692.18,1691.82,1697.94,1708.53,1716.22,1723.81,1733.56,1746.52,1758.49,1771.58,1785.82,1799.71,1810.13,1815.80,1820.39,1824.62,1829.39,1833.26,1837.20,1842.41,1847.16,1852.42,1855.79,1858.83,1863.44,1867.06,1870.16,1876.14,1877.16,1857.14,1830.41,1808.95,1789.31,1777.56,1769.76,1772.11,1782.81,1789.98,1795.10,1804.39,1819.95,1839.15,1855.87,1863.88,1871.64,1884.72,1898.86,1913.82,1922.09,1938.75,1954.76,1971.01,1987.20,2004.36,2019.77,2033.15,2046.13,2057.86,2067.43,2077.16,2088.02,2095.96,2103.34,2114.68,2126.68,2134.58,2139.47,2134.86,2126.80,2115.70,2102.45,2092.11,2088.35,2093.53,2103.20
1175.08,1176.47,1177.83,1179.32,1180.91,1182.38,1183.88,1186.02,1188.24,1190.26,1192.05,1193.75,1195.25,1196.65,1197.94,1199.15,1201.21,1203.93,1206.41,1208.13,1209.12,1210.07,1211.76,1213.64,1215.72,1217.76,1219.75,1221.68,1223.63,1225.76,1228.16,1230.29,1232.32,1234.45,1236.62,1238.62,1240.90,1243.30,1245.63,1247.79,1249.74,1251.33,1253.31,1255.36,1257.28,1258.80,1260.17,1261.15,1261.13,1259.62,1255.83,1251.46,1246.24,1242.28,1237.90,1236.72,1241.56,1248.96,1252.10,1252.77,1251.77,1256.38,1270.95,1284.44,1290.51,1292.71,1293.92,1296.10,1300.37,1304.39,1309.18,1313.32,1317.11,1319.53,1320.64,1322.24,1324.22,1326.75,1328.90,1331.11,1333.30,1335.52,1337.70,1339.79,1340.20,1338.58,1338.75,1341.63,1345.02,1348.97,1351.63,1351.92,1354.02,1355.95,1354.91,1355.06,1357.16,1361.11,1366.13,1371.61,1377.68,1377.82,1377.75,1376.86,1377.77,1381.75,1382.00,1383.50,1387.38,1391.48,1394.44,1397.27,1399.88,1403.41,1408.90,1412.20,1415.69,1419.94,1424.85,1429.82,1433.37,1436.70,1440.54,1446.16,1451.59,1456.44,1460.51,1464.69,1469.61,1473.94,1478.60,1483.26,1488.03,1491.61,1493.40,1493.07,1493.02,1493.48,1493.25,1493.32,1494.33,1496.05,1499.64,1504.46,1509.07,1514.27,1520.13,1526.98,1533.21,1538.34,1542.66,1547.03,1550.48,1554.01,1557.08,1559.34,1561.94,1564.93,1568.64,1574.45,1581.09,1587.02,1592.21,1595.87,1599.12,1602.10,1603.92,1601.72,1599.29,1609.94,1623.58,1629.86,1628.63,1632.65,1643.77,1653.56,1661.36,1670.83,1677.61,1678.48,1678.02,1676.49,1676.19,1682.07,1693.94,1703.29,1710.70,1719.65,1729.48,1742.14,1755.22,1770.58,1788.11,1804.41,1812.90,1817.02,1820.92,1825.58,1830.31,1835.30,1842.41,1849.80,1854.79,1859.83,1863.32,1868.05,1873.35,1877.69,1875.76,1867.18,1845.91,1819.72,1798.83,1780.88,1769.35,1764.19,1771.81,1779.03,1784.45,1791.64,1801.59,1817.43,1835.99,1855.69,1873.27,1888.29,1901.06,1916.52,1932.98,1942.41,1952.00,1967.39,1981.90,1994.24,2008.28,2021.70,2034.38,2048.19,2059.24,2068.31,2079.21,2090.82,2101.66,2111.40,2122.89,2131.07,2130.70,2126.10,2115.97,2105.78,2095.26,2084.33,2072.37,2066.93,2074.22,2087.83
1174.22,1176.75,1178.78,1180.43,1181.90,1183.37,1184.90,1186.38,1187.98,1189.75,1191.57,1193.43,1195.19,1197.00,1198.77,1200.48,1202.46,1204.76,1207.12,1209.22,1210.97,1211.70,1212.85,1214.31,1215.96,1217.73,1219.76,1221.77,1223.72,1225.98,1228.38,1230.63,1232.83,1235.13,1237.12,1239.05,1241.35,1243.92,1246.42,1248.81,1250.75,1252.30,1254.18,1256.18,1258.05,1259.80,1261.71,1263.60,1264.81,1264.99,1264.32,1263.01,1263.18,1260.86,1256.94,1247.43,1239.07,1239.15,1241.06,1243.02,1245.23,1249.73,1263.70,1276.85,1284.78,1289.25,1289.59,1290.37,1294.97,1299.80,1305.36,1311.81,1315.43,1318.58,1318.58,1319.97,1322.94,1325.08,1328.29,1331.22,1333.06,1334.93,1336.96,1339.18,1341.98,1342.11,1340.46,1342.17,1345.07,1348.11,1351.47,1355.21,1358.05,1361.20,1361.67,1361.72,1360.95,1362.58,1367.81,1375.25,1381.19,1381.94,1382.24,1379.99,1381.85,1385.88,1388.18,1386.71,1388.16,1390.94,1394.22,1397.23,1400.57,1403.36,1407.11,1410.15,1414.17,1418.21,1422.89,1428.22,1432.37,1436.24,1441.25,1448.93,1453.74,1459.03,1464.35,1468.88,1472.20,1475.33,1478.87,1483.45,1487.49,1487.92,1487.32,1484.03,1481.56,1483.26,1485.37,1487.79,1488.78,1489.98,1492.01,1496.55,1500.45,1504.12,1510.41,1514.97,1519.60,1524.54,1528.98,1533.02,1535.96,1539.86,1544.18,1547.70,1551.43,1554.70,1557.05,1560.63,1566.77,1572.57,1578.35,1583.74,1588.27,1591.44,1592.53,1591.21,1591.14,1603.00,1612.30,1616.89,1618.13,1624.77,1635.72,1643.10,1648.12,1656.02,1661.51,1661.12,1658.60,1660.43,1665.55,1672.13,1680.20,1689.82,1698.66,1708.65,1718.44,1729.41,1744.02,1761.75,1777.54,1794.43,1805.18,1810.62,1813.21,1815.46,1819.67,1824.71,1830.34,1836.78,1841.81,1846.96,1852.08,1856.38,1861.33,1863.16,1855.91,1845.05,1830.87,1810.27,1789.30,1771.85,1762.09,1760.77,1770.09,1773.92,1780.44,1789.22,1798.45,1812.48,1827.83,1845.80,1864.80,1884.38,1900.12,1917.63,1939.86,1953.56,1962.31,1971.44,1983.30,1994.29,2004.26,2014.46,2025.44,2040.11,2051.33,2063.03,2073.42,2085.71,2100.22,2110.63,2120.30,2122.27,2113.37,2102.15,2094.16,2084.34,2072.39,2064.26,2053.70,2048.19,2056.29,2069.13
1172.79,1175.74,1178.53,1180.91,1182.70,1184.40,1185.95,1187.43,1188.88,1190.37,1192.02,1193.75,1195.53,1197.34,1198.98,1200.78,1203.15,1205.48,1207.61,1209.86,1211.98,1213.45,1214.58,1215.73,1217.17,1218.78,1220.35,1222.23,1224.20,1226.35,1228.45,1230.50,1233.04,1235.55,1237.34,1239.12,1241.33,1244.04,1246.79,1249.50,1251.56,1253.23,1255.04,1256.95,1258.76,1260.61,1262.56,1264.50,1266.60,1268.44,1269.96,1270.64,1271.22,1270.76,1270.38,1265.87,1248.45,1241.69,1242.96,1245.48,1246.59,1248.07,1258.89,1268.83,1273.29,1277.50,1279.30,1281.97,1286.86,1291.75,1296.76,1304.41,1306.14,1304.75,1299.84,1301.03,1313.73,1322.35,1327.94,1331.78,1334.82,1336.67,1338.05,1339.57,1342.31,1344.82,1343.48,1343.63,1345.27,1348.17,1351.40,1355.13,1358.58,1363.11,1367.85,1370.97,1369.04,1367.92,1373.35,1380.41,1386.38,1388.23,1387.49,1387.36,1388.32,1392.34,1394.57,1392.26,1392.57,1394.64,1398.84,1400.23,1401.22,1403.45,1406.60,1410.16,1414.09,1418.07,1421.99,1426.45,1430.48,1435.22,1442.02,1451.58,1456.04,1461.53,1467.93,1471.79,1474.70,1477.37,1480.41,1484.22,1482.34,1478.14,1476.99,1475.80,1476.51,1478.30,1481.43,1484.95,1486.20,1487.32,1489.07,1492.39,1496.05,1498.14,1502.66,1507.02,1510.79,1514.54,1517.45,1520.70,1523.96,1528.49,1533.47,1537.95,1542.18,1546.24,1549.88,1553.04,1556.98,1561.12,1565.08,1569.62,1573.03,1576.54,1579.28,1582.38,1585.73,1593.49,1602.52,1606.58,1609.91,1616.65,1624.47,1631.01,1637.86,1642.71,1644.91,1644.55,1643.84,1649.11,1658.32,1665.42,1671.47,1678.45,1688.24,1700.07,1711.65,1723.88,1739.90,1754.97,1767.98,1780.52,1791.29,1796.74,1799.59,1801.63,1806.16,1811.40,1818.60,1824.67,1829.51,1835.09,1839.88,1842.04,1842.39,1843.64,1838.46,1825.38,1815.43,1802.05,1780.91,1764.17,1754.07,1757.59,1764.91,1769.50,1776.45,1784.62,1795.02,1805.55,1820.42,1837.73,1854.24,1872.33,1890.80,1910.32,1929.80,1939.26,1947.53,1954.92,1964.37,1974.55,1983.53,1993.07,2004.67,2018.82,2031.04,2043.12,2058.11,2072.23,2087.83,2100.13,2109.36,2105.72,2093.80,2079.18,2070.46,2062.25,2052.93,2044.60,2032.34,2027.10,2036.60,2049.27
1172.49,1175.92,1179.54,1181.54,1183.21,1184.98,1186.67,1188.26,1189.86,1191.54,1193.18,1194.90,1196.75,1198.63,1200.49,1201.93,1203.80,1206.04,1207.90,1209.93,1211.78,1213.50,1215.32,1216.94,1218.42,1220.02,1221.91,1223.74,1225.41,1227.32,1229.46,1231.55,1233.69,1235.98,1237.66,1239.36,1241.40,1243.83,1246.57,1249.27,1251.52,1253.56,1255.61,1257.53,1259.38,1261.29,1263.25,1265.22,1267.41,1269.48,1271.48,1272.92,1273.75,1273.88,1274.33,1273.01,1261.06,1248.23,1248.81,1251.56,1252.18,1248.88,1254.03,1262.95,1266.06,1268.07,1269.65,1273.18,1278.72,1284.94,1290.47,1295.67,1293.31,1286.30,1284.50,1287.41,1294.26,1306.21,1319.45,1325.88,1333.18,1338.86,1340.76,1342.29,1344.61,1347.09,1347.00,1347.22,1347.75,1348.51,1351.27,1355.33,1359.09,1363.85,1369.30,1374.52,1377.33,1376.66,1379.03,1385.18,1390.22,1391.41,1391.65,1392.91,1394.85,1398.42,1400.34,1399.48,1398.61,1399.73,1404.18,1407.50,1407.53,1406.35,1407.27,1411.24,1417.04,1419.63,1423.09,1426.49,1429.78,1434.78,1441.05,1451.25,1456.89,1464.06,1470.57,1473.78,1476.91,1479.84,1481.48,1478.26,1472.58,1469.30,1470.49,1472.49,1474.87,1477.74,1480.71,1482.88,1484.64,1486.90,1489.29,1491.97,1494.37,1496.57,1499.07,1502.79,1506.37,1508.90,1511.94,1515.66,1517.88,1520.85,1525.80,1530.14,1533.86,1537.99,1542.07,1546.39,1550.41,1554.07,1557.24,1559.99,1563.67,1568.59,1573.07,1577.11,1581.00,1585.26,1590.21,1596.03,1601.42,1607.57,1612.76,1617.26,1623.95,1629.72,1631.60,1632.59,1635.02,1639.90,1650.30,1658.76,1664.90,1671.49,1682.35,1697.44,1709.74,1720.96,1736.88,1750.89,1760.74,1768.10,1776.50,1783.99,1787.68,1791.37,1795.21,1800.26,1809.08,1817.60,1823.29,1826.84,1828.95,1827.53,1824.52,1824.36,1820.04,1807.38,1798.74,1792.89,1777.30,1758.44,1747.92,1751.92,1759.78,1766.68,1773.45,1781.43,1791.39,1803.12,1816.11,1832.92,1848.90,1866.25,1886.34,1901.98,1912.04,1916.64,1921.89,1930.15,1941.19,1950.57,1960.28,1968.70,1980.81,1994.80,2006.51,2023.54,2038.18,2054.13,2069.08,2081.65,2092.99,2087.01,2070.68,2058.89,2049.26,2040.42,2028.19,2019.86,2009.72,2011.41,2021.60,2035.80
1172.61,1176.01,1179.50,1181.56,1183.33,1185.18,1186.91,1188.54,1190.16,1191.85,1193.61,1195.41,1197.25,1199.12,1201.12,1202.87,1204.59,1206.39,1208.13,1209.83,1211.50,1213.19,1214.97,1216.66,1218.37,1220.48,1222.82,1225.01,1227.02,1228.78,1230.41,1232.32,1234.46,1236.41,1238.16,1239.98,1241.99,1244.06,1246.31,1248.52,1250.88,1253.01,1255.25,1257.41,1259.64,1261.74,1263.67,1265.60,1267.51,1269.38,1271.38,1273.49,1275.39,1276.74,1277.69,1277.31,1272.92,1264.15,1263.41,1268.04,1268.64,1256.79,1256.08,1261.54,1266.57,1272.18,1275.04,1274.80,1275.28,1283.25,1286.49,1285.28,1279.96,1278.58,1279.21,1280.46,1284.66,1289.42,1294.68,1306.63,1324.65,1337.34,1341.16,1343.71,1346.83,1349.01,1349.90,1350.21,1351.40,1351.53,1352.47,1355.69,1359.60,1363.99,1368.38,1373.11,1377.58,1380.49,1383.20,1386.85,1390.01,1391.90,1393.56,1395.13,1397.55,1400.16,1402.27,1403.44,1404.30,1405.85,1409.29,1411.22,1411.51,1410.84,1409.96,1412.62,1418.87,1423.52,1427.09,1430.05,1431.51,1436.03,1441.29,1450.46,1457.75,1465.87,1471.43,1473.93,1475.86,1477.19,1472.70,1468.50,1467.22,1466.74,1469.28,1471.86,1474.50,1477.34,1479.99,1482.26,1484.60,1487.00,1489.31,1491.56,1493.73,1495.87,1498.03,1500.70,1503.86,1506.77,1509.77,1512.93,1515.87,1518.77,1522.45,1526.69,1528.72,1531.64,1536.27,1541.52,1546.24,1550.23,1553.76,1556.40,1559.43,1564.13,1568.66,1572.74,1576.69,1580.90,1585.54,1590.31,1595.79,1601.62,1605.74,1609.39,1614.66,1619.26,1622.39,1625.68,1631.01,1636.68,1643.56,1650.96,1659.04,1668.15,1681.69,1698.62,1713.58,1728.01,1737.64,1748.51,1756.08,1762.51,1768.20,1774.46,1779.72,1784.52,1789.32,1794.76,1802.06,1810.62,1816.33,1818.28,1815.65,1812.01,1807.34,1807.54,1805.05,1795.42,1784.28,1780.65,1772.37,1755.25,1742.89,1747.51,1757.09,1763.91,1770.49,1780.38,1792.18,1804.09,1815.47,1829.42,1846.24,1864.56,1879.76,1887.85,1889.56,1894.09,1898.41,1908.75,1921.14,1929.21,1938.50,1947.06,1957.15,1970.18,1986.34,2002.37,2015.47,2032.43,2047.99,2060.99,2070.07,2065.17,2050.67,2038.24,2025.66,2017.24,2009.10,2002.55,1995.34,2002.72,2008.73,2018.30
1173.83,1176.43,1179.15,1181.31,1183.20,1185.13,1186.87,1188.57,1190.23,1191.85,1193.52,1195.28,1197.03,1198.75,1200.49,1202.29,1204.14,1205.93,1207.68,1209.42,1211.29,1213.12,1215.04,1217.14,1219.10,1221.15,1223.19,1225.29,1227.57,1229.87,1231.79,1233.45,1235.38,1237.21,1239.07,1240.93,1242.76,1244.76,1247.32,1249.46,1251.43,1253.43,1255.60,1257.85,1259.95,1261.76,1263.60,1265.43,1267.25,1269.11,1271.14,1273.28,1275.34,1277.37,1279.34,1280.54,1280.00,1278.57,1279.30,1281.27,1280.89,1273.48,1266.95,1268.99,1275.09,1283.35,1289.32,1286.74,1277.32,1280.63,1280.71,1277.90,1281.40,1286.70,1287.76,1285.43,1284.96,1286.14,1286.72,1290.00,1305.94,1320.85,1331.39,1338.76,1345.42,1350.27,1352.07,1353.10,1354.35,1355.24,1355.70,1356.74,1359.48,1363.17,1367.05,1370.73,1374.63,1378.43,1380.57,1381.79,1385.73,1390.31,1391.34,1392.49,1395.59,1398.49,1400.55,1402.65,1404.93,1407.19,1409.85,1411.44,1413.55,1414.52,1414.46,1416.20,1419.84,1423.52,1428.05,1431.70,1434.42,1437.47,1441.54,1450.29,1457.83,1464.54,1468.27,1468.86,1467.94,1464.71,1461.85,1462.23,1463.44,1465.34,1468.45,1471.24,1473.97,1477.27,1480.27,1482.85,1485.40,1487.98,1490.51,1492.85,1495.17,1497.65,1499.71,1501.92,1504.69,1507.65,1510.56,1513.58,1516.64,1519.54,1522.03,1524.65,1526.99,1529.55,1534.25,1539.29,1543.48,1547.32,1551.02,1554.64,1558.55,1562.61,1566.33,1570.02,1574.42,1579.09,1583.84,1587.58,1592.07,1597.51,1601.98,1606.14,1610.74,1614.47,1617.68,1622.47,1628.71,1634.28,1640.16,1646.08,1654.05,1665.06,1679.98,1697.15,1714.79,1733.05,1743.31,1750.65,1756.35,1761.52,1767.84,1772.91,1777.41,1782.15,1788.35,1793.44,1799.49,1804.57,1805.94,1806.50,1802.07,1796.37,1790.25,1790.32,1788.30,1781.63,1771.53,1765.00,1759.59,1745.93,1739.76,1746.49,1753.28,1758.88,1766.56,1776.70,1785.63,1796.03,1807.71,1821.51,1840.22,1858.07,1866.46,1868.11,1868.07,1873.07,1879.75,1891.06,1901.89,1907.79,1917.53,1927.54,1936.07,1953.43,1966.57,1979.96,1995.23,2009.74,2027.58,2040.60,2046.11,2041.91,2028.69,2017.33,2006.62,1997.31,1990.37,1985.86,1980.78,1990.79,1995.17,2001.78
1174.57,1177.01,1179.48,1181.51,1183.21,1184.97,1186.72,1188.44,1190.14,1191.82,1193.61,1195.47,1197.29,1199.05,1200.80,1202.37,1204.07,1205.78,1207.52,1209.34,1211.27,1213.23,1215.28,1217.39,1219.44,1222.26,1224.97,1227.21,1229.06,1230.49,1232.53,1234.56,1236.24,1237.99,1239.81,1241.57,1243.32,1245.57,1248.26,1250.56,1252.35,1254.18,1256.63,1258.71,1260.76,1262.61,1264.41,1266.14,1267.84,1269.57,1271.45,1273.39,1275.38,1277.32,1279.32,1281.15,1281.99,1281.70,1282.49,1284.10,1285.21,1281.78,1277.92,1282.46,1289.00,1293.51,1295.95,1295.06,1288.65,1279.19,1280.13,1286.79,1296.32,1305.07,1308.76,1306.23,1301.60,1299.93,1294.70,1290.80,1291.41,1301.39,1317.30,1329.84,1340.87,1348.56,1351.74,1353.67,1355.99,1358.01,1359.20,1360.07,1361.48,1363.61,1366.14,1369.32,1373.47,1376.42,1372.18,1369.22,1375.04,1381.15,1383.18,1388.18,1392.68,1395.14,1397.50,1400.09,1402.55,1405.11,1407.79,1410.06,1413.43,1416.26,1418.14,1419.98,1422.31,1424.69,1427.45,1430.74,1434.54,1437.81,1442.68,1450.56,1456.61,1460.81,1461.65,1460.58,1459.18,1457.76,1457.74,1459.45,1461.44,1464.41,1467.50,1470.43,1473.36,1476.75,1480.09,1482.72,1485.30,1488.05,1491.07,1494.27,1497.13,1499.73,1501.71,1504.06,1506.30,1508.89,1511.74,1514.74,1517.73,1520.55,1522.96,1525.37,1527.74,1530.22,1533.53,1537.22,1540.96,1545.36,1549.87,1553.80,1557.51,1561.14,1564.84,1568.86,1573.39,1578.11,1582.28,1586.17,1590.45,1594.98,1599.58,1603.86,1607.61,1610.85,1615.28,1620.44,1625.68,1630.61,1635.78,1640.49,1647.93,1659.34,1672.31,1689.24,1705.13,1724.86,1741.26,1751.59,1759.25,1766.42,1772.50,1777.31,1781.68,1785.70,1790.65,1793.82,1796.13,1796.02,1792.11,1791.17,1788.38,1782.02,1775.62,1774.66,1772.39,1767.40,1760.59,1753.80,1747.74,1736.12,1736.95,1743.15,1749.32,1756.44,1763.90,1772.20,1783.19,1799.10,1812.99,1825.43,1840.33,1847.20,1849.89,1850.63,1850.65,1856.59,1864.42,1874.38,1882.17,1887.99,1899.87,1907.64,1923.36,1939.48,1946.70,1960.85,1976.46,1994.47,2012.78,2023.62,2026.13,2019.56,2008.20,1998.50,1987.10,1979.32,1974.20,1968.62,1965.78,1974.99,1980.28,1987.93
1174.20,1176.44,1178.64,1180.58,1182.33,1184.13,1185.92,1187.64,1189.37,1191.36,1193.26,1195.19,1197.11,1199.02,1201.02,1203.03,1204.93,1206.71,1208.39,1210.11,1211.72,1213.61,1215.83,1218.39,1220.79,1223.21,1225.85,1228.38,1230.63,1232.15,1233.90,1235.44,1236.95,1238.52,1240.29,1242.12,1243.93,1246.37,1248.84,1250.86,1252.68,1254.67,1257.65,1260.11,1261.53,1263.06,1264.87,1266.86,1268.73,1270.50,1272.35,1274.26,1276.15,1278.03,1279.83,1281.47,1282.93,1283.44,1284.67,1286.40,1288.31,1290.10,1290.40,1292.90,1296.13,1299.21,1300.55,1299.96,1297.60,1293.99,1295.91,1302.52,1308.66,1311.53,1314.26,1315.93,1316.40,1315.47,1310.41,1300.73,1294.42,1293.85,1302.18,1318.79,1331.52,1340.75,1346.82,1349.94,1352.13,1355.36,1358.84,1361.59,1363.77,1366.26,1368.48,1370.45,1373.71,1370.82,1358.38,1354.52,1359.07,1364.89,1368.31,1377.57,1388.53,1393.85,1398.05,1401.47,1404.17,1405.98,1407.64,1409.67,1413.20,1415.41,1415.81,1418.84,1421.40,1423.49,1426.14,1429.51,1432.83,1436.93,1442.70,1449.43,1453.92,1455.22,1454.42,1452.94,1454.51,1454.51,1455.71,1457.75,1460.72,1463.91,1467.23,1470.32,1473.16,1476.24,1479.35,1482.10,1484.70,1487.33,1490.38,1494.40,1498.15,1501.24,1503.72,1506.22,1508.59,1510.47,1512.94,1516.04,1519.06,1521.60,1524.00,1526.39,1528.77,1531.46,1534.57,1537.78,1540.99,1545.24,1549.61,1553.28,1556.49,1559.35,1562.92,1567.20,1571.73,1576.38,1580.73,1585.38,1590.13,1594.26,1597.77,1600.99,1604.47,1609.24,1613.95,1617.81,1622.01,1626.72,1631.55,1635.94,1641.17,1651.63,1662.84,1677.97,1694.62,1715.23,1732.97,1744.76,1753.73,1761.92,1768.41,1772.86,1777.71,1780.45,1783.69,1785.64,1785.28,1780.31,1774.03,1773.42,1771.84,1765.83,1758.51,1756.44,1756.65,1754.93,1749.99,1745.24,1737.25,1729.46,1735.09,1743.13,1752.37,1762.31,1771.57,1779.81,1793.46,1809.52,1820.97,1828.07,1832.04,1832.41,1832.35,1831.97,1833.04,1841.44,1849.12,1853.54,1864.02,1876.92,1882.90,1892.06,1910.25,1918.77,1927.21,1944.81,1963.17,1983.63,1999.79,2009.48,2008.49,2000.38,1987.66,1981.44,1973.63,1964.66,1960.28,1955.22,1953.42,1959.01,1963.58,1972.62
1174.14,1175.88,1177.69,1179.63,1181.56,1183.36,1185.25,1187.26,1189.32,1191.26,1193.04,1194.95,1197.04,1199.08,1201.07,1203.10,1205.16,1207.07,1208.88,1210.64,1212.32,1214.04,1216.26,1218.46,1220.64,1223.01,1225.28,1227.65,1229.97,1232.07,1234.05,1235.91,1237.62,1239.13,1240.79,1242.63,1244.59,1246.60,1248.66,1250.93,1253.11,1255.24,1258.21,1260.61,1262.57,1264.14,1265.53,1267.09,1268.99,1271.02,1272.99,1275.02,1276.93,1278.81,1280.52,1281.95,1283.40,1284.76,1286.15,1287.58,1289.91,1292.26,1294.27,1296.71,1299.55,1301.74,1303.09,1303.45,1302.98,1303.38,1306.95,1310.42,1311.91,1313.60,1316.74,1319.81,1321.48,1321.25,1320.13,1317.51,1310.43,1299.08,1296.50,1303.31,1312.24,1320.98,1327.61,1333.42,1339.71,1344.38,1347.61,1354.71,1358.43,1362.35,1368.68,1371.85,1370.98,1357.81,1344.13,1344.66,1348.17,1354.37,1367.69,1382.19,1390.88,1396.30,1400.58,1402.42,1403.74,1406.18,1409.27,1411.04,1412.30,1410.63,1407.84,1407.99,1411.08,1415.25,1419.72,1423.82,1428.28,1433.10,1439.07,1445.03,1448.29,1447.40,1443.62,1442.93,1449.85,1452.12,1454.93,1457.92,1461.18,1464.31,1467.84,1471.24,1474.10,1476.88,1479.91,1482.56,1485.12,1487.78,1490.78,1494.19,1497.87,1501.28,1504.70,1508.28,1510.67,1512.22,1514.21,1517.09,1520.16,1522.66,1525.04,1527.39,1529.74,1532.78,1536.14,1539.47,1542.59,1545.88,1549.36,1552.50,1555.32,1558.14,1561.55,1565.89,1570.28,1574.67,1578.94,1583.82,1588.84,1592.47,1595.45,1598.55,1602.91,1607.43,1610.99,1614.48,1618.65,1623.49,1628.59,1633.05,1637.85,1645.88,1656.09,1670.85,1686.49,1701.34,1719.32,1731.18,1740.06,1748.05,1753.59,1757.57,1760.22,1761.22,1761.28,1760.81,1760.23,1758.90,1755.94,1753.76,1753.92,1749.85,1743.29,1742.22,1744.12,1743.38,1742.27,1739.10,1728.80,1725.20,1731.61,1742.53,1754.12,1766.27,1774.97,1782.91,1795.56,1806.31,1811.42,1812.31,1811.05,1811.25,1813.66,1815.42,1821.30,1827.27,1830.66,1840.68,1853.82,1859.43,1867.33,1881.53,1894.28,1903.34,1919.89,1938.39,1955.45,1971.95,1985.85,1996.20,1992.69,1981.62,1970.31,1963.18,1956.25,1949.60,1946.85,1943.44,1943.27,1946.71,1950.17,1959.16
1174.37,1176.06,1177.77,1179.65,1181.63,1183.52,1185.31,1187.52,1189.82,1191.63,1193.43,1195.41,1197.09,1199.04,1201.18,1203.13,1205.13,1207.17,1209.20,1211.44,1213.10,1214.73,1216.36,1218.09,1219.92,1221.88,1223.94,1226.13,1228.33,1230.29,1232.45,1235.04,1237.55,1239.52,1241.54,1243.55,1245.58,1247.45,1249.10,1251.03,1253.29,1255.61,1257.99,1260.29,1262.55,1264.84,1266.72,1268.18,1269.53,1271.24,1273.43,1275.55,1277.38,1279.17,1280.82,1282.29,1283.78,1285.20,1286.51,1288.39,1291.08,1293.09,1295.49,1297.99,1300.43,1302.47,1304.46,1306.18,1307.63,1309.24,1311.28,1312.58,1313.82,1315.40,1317.92,1320.59,1322.98,1324.21,1324.07,1324.44,1324.64,1319.25,1306.16,1300.21,1302.21,1305.38,1307.63,1310.50,1316.54,1321.97,1324.65,1333.29,1345.99,1353.99,1362.13,1369.10,1360.39,1341.17,1338.00,1339.66,1344.55,1351.44,1367.18,1383.18,1387.37,1393.42,1398.28,1397.93,1397.38,1399.92,1405.27,1408.73,1403.62,1394.21,1386.74,1386.03,1390.24,1394.48,1399.88,1407.15,1414.17,1420.95,1427.83,1433.47,1434.33,1431.04,1426.06,1428.40,1441.59,1451.81,1457.65,1460.30,1462.40,1464.93,1467.97,1471.27,1474.83,1478.18,1480.72,1482.67,1484.98,1487.66,1490.39,1493.34,1496.70,1499.92,1504.10,1509.18,1512.70,1514.37,1515.84,1517.96,1521.09,1524.68,1526.69,1528.41,1530.63,1533.27,1536.60,1539.90,1542.47,1545.59,1548.77,1551.68,1554.68,1557.80,1561.56,1566.24,1570.58,1574.55,1578.47,1582.73,1586.84,1590.07,1593.39,1597.07,1600.56,1604.04,1607.67,1611.70,1616.02,1620.45,1625.21,1629.97,1635.22,1641.38,1649.24,1660.66,1675.10,1688.25,1698.93,1711.93,1723.38,1731.52,1736.63,1738.59,1739.94,1740.81,1741.14,1741.95,1742.17,1741.67,1739.89,1738.52,1737.90,1735.05,1730.94,1730.45,1734.39,1735.18,1734.76,1731.69,1721.09,1721.92,1731.11,1744.31,1755.97,1765.65,1772.47,1779.18,1787.24,1790.53,1793.10,1795.03,1795.38,1795.85,1798.15,1803.53,1811.18,1815.75,1819.46,1827.64,1836.10,1843.90,1856.31,1866.28,1879.44,1898.63,1916.57,1934.70,1949.31,1962.89,1974.22,1981.82,1980.26,1966.31,1955.43,1946.68,1941.96,1936.10,1932.05,1928.08,1932.87,1935.14,1938.84,1950.43
1174.59,1176.36,1178.31,1180.70,1183.59,1185.77,1186.93,1187.93,1190.12,1192.20,1194.34,1196.51,1198.32,1199.76,1201.53,1203.32,1205.21,1207.10,1209.07,1211.11,1213.04,1214.89,1216.68,1218.43,1220.42,1222.47,1224.25,1225.88,1227.57,1229.23,1231.43,1234.06,1236.68,1239.25,1241.67,1244.20,1246.68,1248.77,1250.44,1252.00,1253.84,1256.03,1258.30,1260.58,1262.86,1265.16,1267.36,1269.19,1270.87,1272.22,1274.02,1276.06,1277.85,1279.63,1281.23,1282.70,1284.18,1285.56,1286.97,1290.32,1292.27,1294.07,1296.05,1298.25,1300.52,1302.65,1304.84,1307.14,1309.37,1311.42,1313.05,1314.35,1315.72,1317.14,1318.64,1320.84,1323.31,1325.55,1327.38,1328.56,1330.06,1329.22,1326.38,1320.70,1317.46,1314.08,1311.31,1309.55,1309.89,1313.31,1314.96,1316.53,1320.43,1331.07,1343.96,1355.21,1345.82,1336.53,1338.90,1339.66,1343.53,1352.43,1365.34,1370.83,1371.48,1382.38,1389.57,1386.82,1381.38,1380.89,1391.45,1395.81,1383.50,1376.51,1376.02,1377.45,1379.14,1381.38,1385.65,1390.68,1395.44,1400.49,1407.14,1417.57,1421.76,1413.23,1409.76,1414.83,1425.49,1446.76,1458.27,1462.83,1465.05,1467.12,1469.02,1471.84,1475.46,1479.14,1482.47,1484.44,1486.10,1487.83,1491.14,1495.00,1496.75,1499.01,1503.51,1508.71,1514.29,1517.25,1518.15,1519.74,1525.03,1528.58,1529.82,1531.88,1534.31,1535.38,1536.45,1539.39,1542.21,1545.01,1547.93,1551.03,1554.63,1558.33,1562.57,1567.05,1571.01,1574.30,1577.69,1581.17,1584.63,1588.01,1591.54,1595.00,1598.16,1601.61,1605.39,1609.08,1612.98,1617.06,1621.02,1625.27,1631.04,1636.38,1642.39,1651.96,1662.50,1674.14,1682.72,1690.79,1700.15,1709.40,1715.04,1717.99,1720.78,1722.88,1724.17,1724.77,1724.97,1724.46,1723.16,1721.53,1721.22,1719.96,1719.04,1721.66,1725.49,1728.00,1727.15,1722.71,1716.40,1721.86,1733.42,1746.45,1753.50,1756.57,1764.09,1769.90,1773.29,1774.63,1777.44,1780.68,1782.51,1785.55,1788.96,1795.86,1801.45,1806.61,1814.21,1824.79,1838.15,1849.05,1858.47,1869.87,1884.22,1897.64,1913.89,1929.51,1942.96,1954.03,1962.97,1967.63,1966.98,1955.97,1942.39,1932.78,1926.95,1920.18,1916.61,1914.05,1922.28,1925.06,1931.62,1943.66
1175.06,1177.02,1178.96,1181.88,1185.91,1188.94,1189.86,1190.07,1191.18,1193.22,1195.35,1197.57,1199.61,1201.11,1202.33,1203.81,1205.50,1207.39,1209.33,1211.19,1213.09,1215.29,1217.40,1219.27,1220.88,1222.82,1225.00,1227.24,1229.21,1230.57,1231.84,1234.13,1236.77,1239.06,1240.71,1243.67,1247.11,1249.81,1251.74,1253.41,1255.02,1256.65,1258.64,1260.88,1263.17,1265.49,1267.79,1269.74,1271.45,1273.11,1274.75,1276.50,1278.23,1279.95,1281.62,1283.19,1284.63,1286.02,1288.63,1291.61,1293.45,1295.17,1296.82,1299.05,1301.00,1302.99,1305.19,1307.48,1309.71,1311.94,1314.09,1316.04,1317.74,1319.18,1320.31,1321.76,1323.69,1325.91,1328.24,1330.37,1332.46,1333.15,1332.55,1332.85,1334.01,1334.13,1332.14,1328.13,1323.02,1321.28,1321.13,1321.11,1320.78,1320.80,1326.36,1334.52,1337.44,1335.70,1342.13,1346.87,1343.36,1348.20,1353.39,1355.21,1358.97,1366.20,1373.31,1368.73,1366.78,1367.18,1374.50,1376.25,1369.01,1368.98,1371.11,1374.08,1376.23,1378.49,1381.79,1385.40,1386.91,1390.61,1396.07,1401.67,1403.83,1400.96,1404.16,1408.37,1414.35,1439.75,1456.47,1462.88,1467.00,1469.61,1471.37,1473.66,1476.59,1479.07,1482.97,1486.80,1488.58,1489.75,1493.63,1497.97,1499.56,1503.01,1508.36,1512.02,1517.06,1520.63,1522.45,1524.57,1529.62,1532.59,1534.84,1538.21,1539.90,1539.94,1539.24,1539.61,1541.94,1544.82,1548.04,1551.43,1555.12,1558.83,1562.66,1566.42,1569.72,1572.94,1576.40,1579.64,1583.01,1587.07,1590.87,1593.68,1596.46,1599.43,1602.66,1606.20,1609.58,1613.34,1616.69,1620.24,1625.98,1630.87,1635.68,1642.65,1651.21,1661.40,1668.71,1675.88,1682.50,1690.61,1696.42,1700.25,1702.66,1704.81,1706.33,1706.92,1707.44,1708.76,1708.54,1708.64,1710.23,1709.47,1708.86,1714.14,1718.87,1720.50,1718.47,1713.21,1713.85,1723.52,1735.37,1744.30,1747.22,1748.36,1754.46,1759.39,1761.87,1764.58,1769.05,1771.80,1775.84,1781.32,1786.06,1790.97,1800.61,1812.80,1823.95,1838.14,1854.00,1865.31,1872.76,1881.25,1889.09,1894.96,1906.51,1918.90,1932.65,1943.65,1948.96,1951.63,1951.62,1949.36,1937.30,1920.50,1911.68,1907.64,1906.66,1904.49,1911.89,1915.22,1924.57,1935.78
1176.13,1178.13,1180.39,1183.66,1187.35,1190.49,1191.49,1191.82,1192.97,1194.68,1196.65,1198.67,1200.50,1201.99,1203.45,1204.82,1206.23,1207.70,1209.40,1211.53,1213.84,1216.16,1218.47,1221.04,1222.55,1223.96,1225.60,1227.38,1229.42,1231.43,1232.93,1234.64,1236.98,1238.69,1240.13,1243.28,1246.83,1250.01,1252.09,1253.99,1255.94,1257.78,1259.51,1261.46,1263.64,1265.89,1268.17,1270.20,1271.93,1273.63,1275.34,1277.02,1278.55,1280.19,1281.86,1283.56,1285.25,1288.25,1291.01,1292.84,1294.68,1296.19,1297.67,1299.72,1302.01,1303.88,1305.60,1307.59,1309.72,1311.87,1314.01,1316.33,1318.71,1320.70,1322.19,1323.51,1325.06,1326.70,1328.75,1331.01,1333.08,1335.17,1336.76,1338.14,1340.53,1341.23,1341.09,1341.97,1345.14,1347.69,1346.82,1344.28,1338.46,1331.18,1328.55,1331.26,1333.56,1335.87,1347.28,1354.85,1348.61,1345.53,1346.67,1347.83,1349.97,1354.24,1357.88,1357.89,1359.16,1360.05,1362.69,1364.92,1367.34,1371.00,1373.80,1375.44,1375.93,1377.53,1380.23,1382.46,1385.05,1387.91,1391.47,1395.41,1397.36,1399.08,1402.32,1405.91,1413.59,1441.41,1454.24,1458.37,1465.64,1470.70,1472.57,1474.18,1475.63,1477.71,1482.19,1489.46,1492.01,1494.94,1498.98,1503.15,1506.91,1510.36,1513.16,1515.48,1516.72,1517.63,1517.79,1521.23,1527.56,1531.27,1533.62,1538.02,1540.91,1542.24,1543.05,1543.11,1544.15,1545.49,1547.94,1551.16,1555.12,1558.34,1561.74,1565.28,1568.90,1572.30,1575.77,1578.50,1581.44,1585.30,1588.56,1590.88,1594.07,1597.40,1600.33,1603.67,1606.93,1610.05,1613.45,1617.21,1621.76,1626.20,1630.91,1636.81,1643.47,1651.14,1657.80,1664.82,1670.71,1675.88,1681.73,1686.17,1687.17,1687.23,1688.75,1690.27,1690.66,1694.20,1696.91,1699.47,1700.47,1699.03,1701.40,1709.61,1715.58,1713.98,1709.94,1707.86,1713.71,1723.64,1733.69,1739.45,1739.88,1740.33,1745.46,1750.72,1754.75,1759.58,1764.51,1768.16,1773.28,1779.14,1785.89,1796.35,1812.79,1826.61,1838.75,1853.57,1869.57,1877.16,1880.89,1881.33,1881.60,1883.00,1888.03,1903.38,1916.94,1925.57,1930.90,1935.15,1933.89,1934.24,1928.23,1912.30,1900.47,1896.95,1896.68,1896.10,1900.74,1904.39,1914.15,1922.48
1176.80,1178.88,1181.50,1184.71,1188.03,1190.75,1192.44,1193.48,1194.76,1196.22,1197.94,1199.41,1201.09,1202.65,1204.16,1205.63,1207.10,1208.61,1210.10,1211.92,1214.24,1216.60,1218.90,1221.20,1223.11,1224.93,1226.66,1228.38,1230.13,1231.99,1233.87,1235.55,1237.27,1238.83,1240.57,1243.25,1246.72,1249.79,1251.96,1254.03,1256.12,1258.21,1260.24,1262.24,1264.29,1266.48,1268.65,1270.73,1272.50,1274.23,1275.96,1277.65,1279.25,1280.63,1282.16,1283.79,1286.38,1290.87,1292.43,1294.02,1295.76,1297.19,1298.64,1300.39,1302.67,1304.98,1306.93,1308.48,1310.23,1312.06,1313.95,1316.09,1318.35,1320.48,1322.66,1324.82,1326.69,1328.36,1329.97,1331.65,1333.59,1335.65,1337.76,1339.95,1342.02,1343.38,1343.45,1344.54,1348.98,1352.03,1353.29,1353.41,1352.77,1351.15,1341.96,1337.66,1337.27,1345.10,1359.43,1364.01,1361.46,1357.46,1360.01,1362.61,1358.13,1353.86,1355.43,1359.38,1364.53,1368.10,1370.80,1371.07,1374.85,1384.55,1392.23,1395.20,1394.30,1393.07,1392.93,1393.38,1393.46,1393.59,1393.59,1395.08,1397.06,1399.79,1401.60,1404.86,1411.96,1432.44,1441.42,1445.88,1458.30,1466.84,1470.46,1471.45,1474.06,1479.27,1485.55,1491.81,1494.90,1498.48,1502.11,1507.70,1510.68,1511.86,1511.87,1510.66,1509.22,1505.99,1504.14,1508.01,1514.42,1518.29,1521.79,1525.57,1532.28,1538.63,1541.88,1544.12,1545.66,1547.72,1549.27,1551.81,1555.27,1558.14,1560.76,1565.13,1569.84,1572.68,1575.01,1577.26,1579.50,1582.28,1585.38,1588.76,1592.26,1595.54,1598.67,1601.80,1604.74,1607.61,1610.80,1614.75,1619.20,1624.00,1628.87,1634.13,1639.50,1645.06,1649.65,1657.46,1663.14,1666.93,1669.90,1673.67,1675.57,1674.36,1676.46,1677.54,1677.76,1682.76,1687.22,1691.89,1690.61,1692.54,1699.46,1708.49,1712.03,1704.46,1703.09,1709.18,1715.00,1721.68,1728.77,1732.85,1734.17,1736.14,1740.27,1745.93,1751.94,1757.76,1761.88,1765.14,1772.54,1784.34,1796.76,1809.56,1825.93,1840.95,1853.26,1867.41,1873.78,1874.42,1870.41,1867.21,1866.03,1864.56,1866.84,1885.47,1901.53,1909.92,1913.79,1915.72,1916.09,1918.26,1913.70,1900.04,1887.87,1886.91,1886.41,1887.21,1890.29,1895.50,1901.69,1906.24
1176.57,1178.62,1181.22,1184.45,1187.70,1190.43,1192.11,1193.55,1194.80,1196.01,1197.42,1198.89,1200.77,1202.58,1204.24,1205.90,1207.56,1209.10,1210.72,1212.43,1214.41,1216.66,1218.68,1220.60,1222.49,1224.39,1226.29,1228.23,1230.22,1232.48,1234.35,1236.13,1237.95,1239.41,1241.26,1243.59,1246.36,1248.83,1251.31,1253.86,1256.13,1258.22,1260.40,1262.47,1264.50,1266.61,1268.77,1271.03,1272.87,1274.63,1276.48,1278.21,1279.87,1281.13,1282.55,1284.04,1287.28,1291.52,1293.34,1295.08,1296.76,1298.27,1299.80,1301.57,1303.68,1305.93,1308.05,1310.00,1311.68,1313.39,1315.14,1316.88,1318.47,1320.17,1322.40,1324.68,1326.95,1329.18,1331.65,1333.30,1334.73,1336.76,1338.62,1340.70,1342.88,1344.95,1345.83,1346.45,1349.65,1352.30,1354.73,1356.40,1357.36,1360.73,1360.59,1357.53,1357.53,1362.61,1368.07,1370.66,1370.70,1372.26,1376.65,1380.58,1381.30,1379.24,1379.20,1385.03,1389.06,1390.26,1390.49,1390.24,1392.30,1398.88,1403.85,1406.49,1409.10,1410.07,1410.19,1411.53,1413.78,1417.09,1417.80,1418.34,1418.74,1420.96,1415.14,1405.88,1408.13,1415.58,1422.15,1431.64,1447.97,1455.73,1458.78,1465.79,1474.58,1481.23,1486.08,1490.52,1492.61,1496.55,1501.73,1505.19,1507.90,1509.22,1505.90,1501.06,1498.57,1494.18,1489.84,1491.04,1492.96,1490.36,1494.37,1507.81,1520.76,1528.87,1535.37,1539.09,1540.46,1544.29,1550.26,1552.40,1554.29,1556.85,1560.58,1565.16,1568.98,1571.47,1573.61,1575.78,1577.89,1580.18,1583.33,1586.90,1590.12,1593.04,1596.14,1599.22,1602.35,1605.46,1609.26,1613.87,1618.71,1623.05,1627.22,1631.78,1636.84,1641.28,1646.42,1652.63,1656.86,1659.57,1661.65,1664.45,1665.72,1663.48,1667.24,1666.13,1668.56,1678.23,1684.22,1683.39,1682.22,1692.69,1704.09,1709.55,1700.12,1697.45,1702.80,1708.81,1711.43,1717.94,1723.87,1727.57,1729.74,1732.95,1737.13,1742.62,1748.23,1753.60,1758.98,1766.87,1781.32,1797.29,1811.12,1826.29,1840.79,1854.18,1862.36,1865.10,1863.65,1859.13,1852.15,1848.52,1844.75,1842.15,1852.41,1872.77,1885.42,1891.82,1893.39,1894.71,1897.38,1902.82,1895.48,1882.97,1874.23,1873.92,1874.76,1875.97,1880.24,1885.10,1888.43,1891.64
1176.55,1178.49,1180.62,1183.59,1186.72,1189.45,1190.95,1192.15,1193.44,1194.93,1196.80,1198.86,1200.73,1202.40,1204.16,1205.98,1207.80,1209.52,1211.22,1213.01,1214.79,1216.59,1218.39,1220.32,1222.51,1224.84,1227.22,1229.30,1231.15,1233.01,1234.46,1236.34,1238.51,1240.46,1242.34,1244.38,1246.59,1248.91,1251.34,1253.92,1256.16,1258.16,1260.13,1262.01,1263.99,1266.11,1268.14,1269.86,1271.78,1274.18,1276.34,1278.19,1279.97,1281.41,1282.77,1284.16,1288.01,1291.18,1292.97,1294.86,1296.73,1298.57,1300.47,1302.50,1304.56,1306.60,1308.51,1310.51,1312.60,1314.63,1316.60,1318.50,1320.34,1322.08,1324.18,1325.98,1328.13,1330.33,1332.45,1334.88,1336.52,1337.95,1339.99,1342.06,1344.13,1346.20,1347.88,1348.54,1350.60,1352.77,1354.94,1357.29,1359.59,1361.67,1363.91,1364.50,1365.13,1367.62,1371.46,1373.08,1374.20,1377.07,1380.70,1382.96,1384.76,1386.58,1390.19,1392.43,1393.56,1394.32,1396.25,1398.95,1401.79,1403.82,1407.11,1410.59,1412.25,1414.20,1416.29,1419.27,1420.49,1422.05,1424.10,1427.57,1429.60,1431.75,1430.35,1418.18,1408.36,1410.41,1413.38,1419.21,1431.32,1435.95,1441.61,1455.94,1468.45,1476.23,1479.88,1484.15,1487.34,1490.50,1495.71,1498.72,1501.12,1501.35,1495.90,1488.99,1481.34,1473.20,1470.92,1472.48,1475.68,1476.87,1479.08,1487.35,1504.76,1516.23,1523.61,1530.41,1532.65,1537.10,1543.17,1547.12,1551.40,1554.59,1559.39,1563.36,1566.78,1570.04,1572.34,1574.55,1577.12,1579.96,1582.83,1586.43,1589.58,1592.34,1595.00,1597.66,1600.83,1605.14,1609.94,1613.92,1617.66,1621.24,1625.55,1630.39,1634.42,1637.74,1641.78,1647.23,1649.95,1650.44,1652.59,1655.71,1657.36,1656.38,1660.52,1659.21,1670.20,1676.93,1676.69,1674.39,1683.95,1696.25,1703.53,1696.14,1691.72,1697.88,1703.15,1706.05,1709.11,1714.82,1719.93,1723.92,1726.63,1729.37,1732.94,1739.89,1749.48,1756.00,1762.23,1769.01,1782.66,1800.28,1818.00,1834.95,1845.28,1848.37,1847.72,1846.75,1845.06,1839.70,1833.27,1829.51,1824.58,1828.52,1844.83,1863.79,1870.48,1872.74,1874.19,1875.10,1879.57,1880.25,1869.87,1858.68,1855.33,1858.08,1863.04,1867.82,1871.87,1877.14,1881.03,1887.19
1176.68,1178.74,1180.56,1182.63,1185.66,1187.89,1189.34,1190.88,1192.75,1194.88,1197.08,1199.22,1200.97,1202.59,1204.24,1206.09,1207.96,1209.80,1211.61,1213.47,1215.31,1217.15,1218.96,1221.09,1223.55,1226.03,1228.62,1230.41,1231.81,1233.13,1234.36,1236.26,1238.44,1240.53,1243.23,1245.79,1247.68,1249.66,1251.67,1254.01,1256.18,1258.19,1260.11,1261.69,1263.45,1265.38,1266.97,1268.54,1271.20,1273.88,1275.96,1277.80,1279.72,1281.33,1282.70,1284.80,1289.89,1292.07,1293.68,1295.31,1297.06,1298.82,1300.51,1302.48,1304.76,1306.74,1308.49,1310.34,1312.53,1314.78,1316.92,1318.96,1321.10,1323.55,1325.82,1327.59,1329.44,1331.78,1333.85,1336.06,1338.12,1339.78,1341.32,1343.30,1345.37,1347.34,1349.32,1351.31,1353.19,1355.25,1356.06,1357.58,1359.89,1362.31,1364.83,1367.02,1368.47,1370.29,1372.42,1374.76,1376.55,1379.07,1382.23,1384.84,1386.96,1388.74,1391.23,1394.21,1396.36,1397.43,1399.32,1401.94,1404.64,1407.21,1409.64,1411.69,1413.73,1416.00,1418.18,1421.22,1423.89,1425.35,1427.22,1430.42,1432.71,1434.35,1434.56,1430.53,1422.11,1421.93,1421.52,1417.77,1418.70,1420.19,1423.85,1434.17,1447.20,1466.05,1473.88,1478.37,1482.09,1484.80,1488.70,1492.03,1492.78,1488.64,1474.45,1467.73,1460.85,1465.75,1477.53,1483.38,1488.37,1486.96,1482.26,1482.23,1490.32,1498.13,1507.45,1520.30,1525.51,1528.71,1530.54,1536.98,1544.67,1548.46,1554.31,1561.01,1565.41,1570.66,1573.92,1575.83,1577.08,1579.62,1583.22,1587.25,1591.34,1594.81,1597.41,1599.56,1602.24,1606.13,1609.83,1612.86,1615.36,1618.49,1622.95,1627.22,1630.65,1632.88,1633.69,1639.08,1642.74,1642.44,1642.45,1645.12,1648.07,1649.10,1652.55,1655.23,1664.64,1666.28,1665.29,1673.48,1685.13,1692.67,1693.34,1686.18,1692.03,1697.82,1701.41,1704.64,1708.79,1713.35,1718.07,1721.03,1722.04,1725.15,1730.40,1738.36,1745.42,1751.08,1758.07,1764.65,1778.12,1796.27,1810.18,1819.89,1824.80,1827.95,1828.97,1827.83,1823.63,1817.53,1812.89,1811.49,1810.38,1821.08,1834.77,1846.15,1850.02,1852.09,1854.69,1856.68,1863.22,1861.54,1847.39,1842.77,1852.53,1862.22,1874.61,1884.34,1887.44,1890.11,1896.05,1903.37
1176.80,1178.67,1180.34,1182.12,1184.45,1186.32,1188.57,1190.90,1192.91,1195.07,1197.25,1199.43,1201.19,1202.77,1204.37,1206.13,1207.82,1209.50,1211.39,1213.20,1215.05,1216.95,1218.80,1220.99,1223.32,1225.79,1228.47,1230.38,1231.63,1232.98,1234.24,1236.08,1237.89,1239.86,1243.12,1246.73,1249.30,1250.93,1252.52,1254.32,1256.31,1258.37,1260.28,1261.97,1263.80,1265.52,1266.97,1268.78,1271.13,1273.35,1275.41,1277.46,1279.57,1281.19,1282.59,1284.88,1289.81,1292.21,1294.11,1295.88,1297.72,1299.56,1301.49,1303.16,1304.98,1306.82,1308.48,1310.32,1312.46,1314.41,1316.29,1318.15,1320.08,1322.73,1325.22,1327.43,1329.53,1331.68,1333.75,1336.08,1338.68,1340.98,1342.76,1344.59,1346.53,1348.37,1350.49,1353.05,1355.68,1358.16,1358.81,1359.65,1361.66,1363.42,1365.57,1367.58,1370.13,1372.65,1374.34,1376.00,1378.07,1380.38,1383.43,1386.49,1388.92,1390.81,1392.33,1394.45,1397.74,1400.20,1401.98,1404.28,1406.83,1409.31,1411.52,1413.17,1414.78,1416.65,1418.90,1421.73,1424.68,1427.90,1429.88,1431.57,1433.77,1436.16,1438.04,1436.88,1436.55,1439.93,1441.19,1438.30,1434.47,1432.01,1429.37,1426.28,1432.85,1450.27,1464.97,1470.80,1472.13,1477.69,1482.81,1482.47,1479.29,1468.01,1456.72,1457.26,1462.84,1485.84,1502.02,1502.31,1502.21,1500.89,1494.66,1488.48,1486.73,1490.92,1501.62,1513.62,1518.70,1520.50,1523.64,1526.86,1533.01,1542.73,1551.62,1555.00,1559.94,1567.56,1574.17,1579.39,1580.30,1580.53,1583.13,1587.00,1591.26,1596.02,1599.62,1601.60,1604.25,1606.36,1607.80,1609.67,1610.79,1611.06,1614.67,1620.22,1622.68,1621.85,1619.00,1623.37,1629.25,1629.92,1628.97,1631.96,1636.20,1639.90,1644.81,1649.08,1654.37,1656.72,1661.64,1671.20,1676.77,1683.10,1681.99,1684.27,1691.04,1695.83,1699.25,1703.49,1708.46,1712.29,1712.63,1716.21,1721.27,1725.34,1728.82,1732.72,1739.34,1745.36,1751.04,1757.46,1768.61,1779.99,1787.24,1793.55,1797.86,1802.00,1804.86,1804.70,1801.55,1794.32,1791.49,1794.35,1800.93,1809.51,1817.88,1824.35,1829.84,1835.64,1843.13,1846.62,1852.17,1845.82,1837.82,1851.73,1863.19,1869.68,1884.20,1898.68,1911.10,1918.47,1921.86,1924.93
1176.59,1178.18,1179.85,1182.14,1185.13,1187.22,1189.28,1191.64,1193.47,1195.36,1197.49,1199.61,1201.33,1202.88,1204.45,1206.31,1208.23,1210.03,1211.67,1213.19,1215.15,1217.39,1219.28,1221.06,1222.83,1224.88,1227.11,1229.18,1230.72,1232.36,1234.11,1236.04,1238.06,1240.33,1243.68,1247.22,1250.43,1252.25,1253.81,1255.46,1257.13,1258.84,1260.98,1263.03,1264.95,1266.82,1268.54,1269.78,1271.39,1273.17,1275.04,1276.78,1278.64,1280.58,1282.37,1285.10,1288.62,1291.26,1293.14,1294.96,1296.84,1298.69,1300.58,1302.43,1304.27,1306.09,1307.88,1309.75,1311.57,1313.40,1315.28,1317.23,1319.32,1321.72,1324.23,1326.49,1328.72,1330.76,1332.74,1335.11,1337.79,1340.03,1341.85,1344.44,1346.99,1348.97,1351.28,1354.06,1356.82,1359.55,1361.07,1361.80,1363.74,1365.67,1368.27,1369.77,1371.25,1374.32,1376.84,1378.41,1379.65,1381.46,1384.37,1387.66,1390.53,1392.56,1394.20,1395.81,1397.63,1399.90,1402.00,1404.22,1406.63,1409.13,1411.49,1413.75,1415.87,1417.78,1419.64,1421.76,1424.48,1428.18,1431.12,1433.09,1435.09,1437.08,1439.41,1441.47,1442.20,1444.01,1445.59,1446.90,1448.27,1449.18,1447.15,1438.19,1429.11,1433.99,1443.01,1449.16,1453.30,1466.70,1470.87,1464.40,1457.68,1453.21,1465.27,1483.16,1494.90,1505.47,1510.26,1513.68,1515.63,1513.66,1510.58,1506.96,1498.42,1491.01,1497.45,1508.01,1511.83,1513.07,1512.41,1513.56,1521.05,1527.91,1535.07,1540.46,1547.91,1560.17,1567.96,1577.46,1581.47,1583.74,1585.96,1588.70,1592.18,1596.51,1600.07,1602.45,1603.26,1602.62,1601.71,1601.82,1601.30,1598.46,1597.97,1603.40,1605.26,1602.09,1600.07,1603.84,1610.67,1614.18,1619.21,1625.03,1631.02,1636.05,1640.88,1645.61,1650.16,1657.26,1662.09,1668.86,1672.71,1672.99,1678.11,1685.45,1691.16,1694.49,1698.00,1702.52,1703.91,1706.46,1710.51,1717.30,1721.80,1724.53,1727.69,1732.26,1738.87,1744.01,1746.90,1750.13,1757.27,1762.72,1769.44,1775.69,1781.32,1785.12,1787.48,1787.05,1781.28,1772.28,1772.33,1777.89,1787.34,1796.10,1799.99,1803.54,1809.53,1819.77,1832.12,1838.81,1838.19,1831.78,1846.11,1858.74,1865.18,1871.60,1884.43,1904.00,1923.57,1935.42,1941.92,1942.57
1177.15,1178.70,1180.38,1183.75,1187.29,1189.43,1190.59,1192.34,1194.39,1196.03,1197.80,1199.79,1201.45,1202.97,1204.53,1206.40,1208.26,1209.98,1211.43,1213.14,1215.21,1217.69,1220.03,1221.81,1223.46,1225.11,1226.77,1228.49,1230.49,1232.46,1234.48,1236.44,1238.40,1240.81,1244.13,1247.35,1250.13,1252.28,1254.44,1256.45,1258.29,1260.12,1262.10,1264.25,1266.19,1268.05,1269.93,1271.66,1273.09,1274.81,1276.61,1278.45,1280.13,1281.07,1282.26,1284.59,1287.57,1290.09,1292.08,1294.06,1296.13,1298.36,1300.46,1302.28,1304.09,1306.04,1307.99,1309.96,1311.66,1313.34,1315.20,1317.17,1319.16,1321.21,1323.34,1325.61,1327.78,1329.90,1332.10,1334.39,1336.74,1339.01,1341.37,1344.52,1346.93,1349.03,1351.51,1354.41,1357.28,1359.95,1362.20,1363.95,1365.62,1367.61,1369.57,1371.69,1373.45,1375.82,1377.89,1379.92,1382.12,1383.28,1385.05,1387.96,1390.72,1393.10,1395.42,1397.64,1399.52,1400.77,1402.63,1404.62,1406.31,1408.09,1410.29,1412.72,1415.30,1417.80,1420.21,1423.01,1424.92,1427.05,1429.51,1431.93,1434.56,1437.12,1439.63,1442.20,1444.60,1446.67,1448.72,1450.47,1452.39,1454.21,1455.27,1453.32,1447.63,1439.97,1438.91,1438.17,1439.11,1449.38,1451.65,1447.25,1451.68,1468.89,1490.33,1500.28,1506.11,1510.39,1512.71,1516.38,1520.05,1523.06,1523.94,1526.90,1526.27,1510.28,1495.82,1498.35,1501.36,1503.94,1505.49,1507.07,1509.78,1514.26,1517.87,1521.02,1531.13,1546.38,1559.02,1570.12,1574.58,1579.70,1583.92,1588.08,1591.55,1594.81,1598.82,1600.78,1599.58,1594.51,1590.58,1589.40,1587.02,1586.69,1587.33,1589.17,1590.65,1592.25,1595.93,1598.58,1600.16,1604.46,1609.97,1618.21,1626.14,1635.10,1642.47,1647.69,1653.35,1660.35,1664.31,1665.82,1666.80,1671.56,1680.30,1685.46,1689.17,1691.95,1695.98,1699.34,1699.08,1708.42,1713.70,1717.10,1721.40,1725.30,1728.76,1733.59,1739.25,1742.98,1745.78,1748.01,1751.41,1756.61,1760.36,1765.18,1769.09,1772.11,1773.41,1770.33,1765.39,1771.68,1780.21,1781.86,1782.95,1788.00,1795.69,1803.62,1807.72,1808.88,1817.40,1823.99,1824.70,1839.77,1853.45,1859.36,1865.54,1872.40,1883.48,1901.88,1924.36,1945.15,1958.59,1964.66
1178.63,1180.08,1182.07,1185.37,1189.03,1191.12,1192.39,1193.68,1195.29,1196.98,1198.53,1200.05,1201.60,1203.08,1204.64,1206.25,1207.84,1209.52,1211.28,1213.20,1215.27,1217.72,1220.02,1221.96,1223.83,1225.66,1227.45,1229.25,1231.21,1233.02,1234.93,1236.85,1238.72,1241.05,1244.07,1246.74,1249.13,1251.43,1253.82,1256.13,1258.05,1260.07,1262.43,1264.80,1267.11,1269.20,1271.05,1272.98,1274.49,1276.12,1277.95,1279.57,1280.95,1281.48,1282.39,1284.64,1287.09,1289.49,1291.83,1294.07,1296.34,1298.46,1300.57,1302.49,1304.41,1306.58,1308.53,1310.43,1312.71,1314.53,1315.93,1317.77,1319.66,1321.39,1323.45,1326.03,1328.60,1330.81,1332.91,1335.16,1337.56,1339.99,1342.02,1344.60,1346.90,1349.22,1351.29,1353.96,1356.70,1358.70,1360.65,1362.62,1364.53,1366.44,1368.34,1370.70,1372.85,1374.59,1376.69,1379.51,1382.42,1384.91,1386.60,1388.15,1390.29,1392.70,1395.15,1397.63,1400.07,1402.53,1403.98,1405.76,1408.15,1410.32,1411.36,1413.61,1416.18,1418.47,1420.67,1423.82,1426.94,1428.66,1429.81,1431.97,1434.41,1437.33,1439.95,1441.99,1444.13,1446.37,1449.09,1452.20,1454.75,1457.32,1459.95,1460.92,1463.80,1467.76,1467.13,1462.22,1452.28,1443.27,1446.06,1459.29,1474.86,1487.91,1496.73,1503.09,1508.36,1511.63,1514.15,1516.90,1520.20,1525.01,1529.37,1534.05,1537.72,1530.23,1506.58,1501.46,1504.07,1509.78,1513.08,1514.04,1514.32,1514.75,1515.28,1517.55,1522.28,1531.10,1546.07,1557.46,1563.38,1572.49,1578.82,1582.94,1585.79,1591.50,1595.20,1595.55,1590.50,1584.96,1582.41,1579.09,1578.34,1580.55,1582.54,1586.21,1591.17,1596.35,1600.41,1603.77,1605.87,1609.52,1610.08,1612.04,1615.79,1622.61,1633.76,1639.92,1649.54,1656.69,1657.06,1660.66,1667.97,1674.58,1679.78,1682.14,1684.26,1688.23,1692.17,1692.84,1698.87,1707.41,1714.50,1719.91,1723.80,1726.87,1730.25,1732.66,1737.52,1741.56,1742.83,1746.41,1751.10,1753.89,1754.12,1757.10,1758.10,1758.92,1759.27,1759.12,1766.85,1779.98,1785.52,1791.05,1796.77,1800.95,1809.19,1816.57,1820.14,1817.78,1816.10,1820.55,1831.01,1849.25,1855.38,1860.61,1867.31,1874.56,1886.01,1901.56,1920.62,1943.75,1963.87,1979.94
1180.14,1182.04,1184.04,1186.88,1189.76,1191.73,1192.90,1194.05,1195.42,1196.97,1198.45,1200.14,1201.83,1203.44,1205.07,1206.59,1208.05,1209.60,1211.41,1213.31,1215.31,1217.39,1219.36,1221.29,1223.22,1225.13,1227.01,1228.93,1230.87,1232.87,1234.94,1236.90,1238.82,1240.94,1243.51,1246.10,1248.69,1251.24,1253.18,1254.83,1256.58,1259.19,1261.85,1264.41,1266.81,1269.12,1271.07,1271.70,1272.75,1275.10,1277.87,1279.54,1280.58,1281.16,1283.11,1285.55,1287.99,1290.20,1292.26,1294.44,1296.82,1299.14,1301.01,1302.81,1304.79,1307.00,1309.24,1311.46,1313.52,1315.72,1317.58,1318.83,1320.90,1322.69,1324.32,1326.48,1329.21,1331.68,1333.89,1336.16,1338.45,1340.65,1342.68,1344.92,1347.13,1349.38,1351.38,1353.48,1355.60,1357.32,1359.13,1360.86,1362.91,1364.98,1367.03,1369.00,1371.18,1373.76,1376.56,1379.49,1382.29,1385.26,1387.98,1389.63,1391.10,1393.55,1396.09,1398.82,1401.00,1403.36,1405.78,1407.16,1408.78,1411.50,1414.14,1416.34,1418.66,1420.90,1422.39,1424.70,1428.05,1430.97,1432.68,1434.47,1436.49,1438.48,1441.37,1443.81,1445.81,1447.71,1449.43,1452.05,1454.69,1457.36,1460.79,1464.96,1468.44,1472.36,1475.89,1478.94,1475.47,1469.98,1472.56,1479.99,1488.34,1493.96,1499.90,1504.57,1509.24,1512.21,1515.45,1518.61,1521.65,1526.50,1532.25,1539.23,1543.78,1540.41,1528.04,1526.27,1530.76,1535.63,1533.56,1530.64,1532.75,1533.53,1529.14,1521.45,1521.62,1526.32,1533.79,1542.90,1552.02,1562.01,1568.13,1572.43,1575.71,1584.88,1589.53,1586.53,1579.35,1575.23,1571.58,1571.73,1574.80,1580.16,1585.12,1588.08,1591.94,1596.39,1601.31,1606.19,1610.40,1612.84,1615.52,1617.21,1618.58,1619.52,1622.00,1626.06,1632.73,1638.24,1651.00,1662.86,1668.15,1672.88,1675.28,1676.76,1679.94,1685.26,1686.91,1691.77,1698.63,1705.69,1713.31,1720.71,1720.53,1717.38,1715.01,1715.64,1721.53,1729.01,1735.30,1741.56,1743.79,1742.30,1741.43,1742.56,1746.08,1749.66,1753.92,1763.44,1774.02,1782.08,1787.67,1796.45,1808.01,1813.21,1817.27,1821.69,1825.31,1829.79,1832.27,1836.70,1842.77,1849.08,1854.66,1861.17,1869.12,1877.85,1889.80,1905.13,1923.63,1943.18,1963.92,1984.02
1180.90,1183.13,1185.33,1187.67,1189.83,1190.85,1191.07,1192.04,1193.71,1195.46,1197.27,1199.27,1201.31,1203.16,1205.01,1206.77,1208.52,1210.22,1211.98,1213.77,1215.59,1217.43,1219.29,1221.11,1222.88,1224.66,1226.57,1228.42,1230.39,1232.54,1234.66,1236.68,1238.71,1240.58,1242.60,1245.20,1247.90,1249.83,1251.08,1253.21,1256.08,1258.94,1261.39,1263.48,1265.46,1267.62,1269.11,1269.45,1271.03,1274.14,1277.37,1279.22,1280.10,1281.53,1283.92,1286.36,1288.74,1290.92,1292.91,1295.11,1297.30,1299.47,1301.43,1303.18,1305.15,1307.27,1309.23,1311.39,1313.66,1315.94,1318.17,1320.52,1322.43,1324.41,1326.10,1327.47,1329.26,1331.65,1333.86,1336.26,1338.65,1340.80,1342.95,1345.54,1348.04,1350.12,1352.23,1354.31,1356.42,1358.17,1359.69,1362.09,1364.41,1366.74,1368.92,1370.30,1372.04,1374.36,1376.84,1379.55,1382.62,1385.77,1388.79,1390.80,1392.29,1394.74,1397.40,1400.13,1402.39,1404.61,1406.92,1408.96,1410.51,1412.59,1415.53,1418.04,1420.42,1422.41,1424.24,1425.96,1428.45,1431.53,1434.27,1436.63,1439.03,1440.77,1442.52,1444.98,1447.34,1449.60,1451.25,1452.84,1455.51,1458.34,1461.37,1466.33,1470.46,1473.48,1476.26,1478.91,1481.61,1482.97,1483.77,1487.26,1493.22,1497.89,1501.84,1505.20,1508.79,1512.13,1515.83,1519.91,1524.99,1529.77,1538.60,1546.24,1552.89,1554.13,1551.53,1556.32,1559.78,1558.51,1554.67,1550.43,1548.63,1547.28,1545.62,1538.49,1528.19,1525.85,1528.94,1534.74,1542.27,1550.73,1557.15,1560.67,1564.64,1573.67,1576.16,1571.47,1567.67,1567.11,1568.30,1572.03,1577.62,1582.94,1590.42,1593.11,1595.26,1596.84,1600.16,1604.49,1609.18,1612.80,1616.93,1620.08,1623.27,1625.17,1627.45,1627.97,1628.63,1631.01,1641.12,1655.03,1660.20,1665.85,1668.80,1671.09,1677.30,1681.45,1681.65,1688.34,1695.90,1702.03,1709.33,1712.68,1703.95,1701.15,1708.00,1711.38,1714.66,1717.67,1721.01,1726.47,1731.00,1735.64,1739.33,1744.37,1750.91,1755.49,1762.21,1771.13,1777.90,1785.73,1793.53,1802.95,1817.34,1824.03,1824.13,1825.15,1827.72,1831.22,1835.58,1840.11,1844.80,1849.13,1854.62,1860.81,1869.55,1880.30,1892.85,1908.83,1928.66,1948.69,1967.60,1987.14
1180.03,1182.04,1184.00,1186.11,1188.00,1188.85,1189.19,1190.84,1192.82,1194.83,1196.98,1199.10,1201.08,1202.89,1204.76,1206.59,1208.46,1210.27,1212.07,1213.92,1215.80,1217.66,1219.52,1221.24,1222.90,1224.63,1226.47,1228.29,1230.07,1232.02,1234.03,1236.12,1238.19,1240.20,1242.08,1244.08,1246.13,1247.95,1250.21,1253.08,1255.78,1257.98,1259.95,1261.83,1263.60,1265.35,1266.86,1269.15,1271.60,1274.10,1276.85,1278.90,1280.01,1282.21,1284.59,1286.92,1289.19,1291.41,1293.54,1295.91,1298.46,1300.40,1302.17,1303.86,1305.59,1307.35,1309.22,1311.38,1313.63,1315.90,1318.07,1320.70,1323.40,1325.83,1327.79,1329.54,1330.45,1331.68,1333.56,1336.03,1338.55,1340.92,1343.50,1346.13,1348.77,1351.32,1353.76,1356.08,1358.38,1360.01,1361.32,1363.69,1366.27,1368.79,1370.91,1372.28,1374.10,1376.41,1378.81,1380.89,1383.65,1386.76,1389.69,1391.81,1393.44,1395.81,1398.45,1400.87,1403.05,1405.28,1407.49,1409.73,1411.98,1414.19,1416.61,1418.89,1421.50,1423.61,1425.55,1427.49,1429.34,1431.75,1434.39,1436.76,1438.82,1440.91,1442.97,1444.81,1447.38,1449.87,1451.29,1453.73,1456.83,1459.82,1463.08,1466.68,1470.12,1472.69,1475.29,1477.72,1480.21,1483.74,1487.07,1489.69,1494.30,1498.94,1502.31,1505.42,1508.61,1512.16,1516.23,1520.67,1527.03,1533.80,1543.72,1552.31,1560.24,1564.02,1567.81,1571.93,1574.59,1576.25,1574.52,1569.47,1565.81,1564.33,1563.06,1559.63,1549.03,1534.45,1530.15,1532.30,1537.28,1543.00,1548.24,1551.38,1554.57,1559.94,1561.02,1561.07,1562.43,1565.55,1570.28,1578.14,1583.42,1588.60,1597.30,1604.66,1606.86,1608.43,1612.95,1611.44,1610.63,1613.78,1617.44,1621.19,1625.36,1629.60,1632.84,1635.20,1636.16,1634.56,1637.46,1643.21,1651.94,1656.76,1661.78,1667.98,1673.61,1676.85,1676.98,1679.76,1686.79,1690.56,1696.22,1695.80,1695.61,1704.55,1716.43,1727.62,1735.20,1734.84,1735.13,1740.10,1745.45,1748.45,1751.82,1757.33,1761.58,1764.09,1767.82,1771.53,1780.15,1790.76,1800.28,1812.69,1830.39,1837.23,1834.62,1830.92,1832.10,1833.73,1837.18,1840.62,1844.78,1850.16,1856.22,1862.52,1870.93,1883.57,1898.64,1914.70,1934.43,1955.44,1973.03,1994.77
1178.62,1180.44,1182.29,1184.29,1185.61,1186.55,1188.16,1190.64,1192.63,1194.64,1196.71,1198.70,1200.65,1202.57,1204.50,1206.35,1208.14,1209.88,1211.77,1213.76,1216.00,1218.06,1219.94,1221.75,1223.44,1225.08,1226.76,1228.45,1230.16,1231.92,1233.94,1236.22,1238.45,1240.47,1242.21,1244.00,1245.93,1248.14,1250.54,1252.73,1254.87,1257.09,1259.41,1261.41,1263.36,1265.33,1267.74,1270.37,1272.63,1275.19,1277.63,1279.55,1281.19,1283.17,1285.41,1287.60,1289.53,1291.82,1294.18,1296.61,1299.02,1301.14,1303.05,1304.95,1306.77,1308.45,1310.24,1312.24,1314.54,1316.89,1319.21,1321.26,1323.68,1326.26,1328.34,1330.50,1332.50,1333.72,1334.46,1335.65,1337.83,1340.89,1343.57,1346.20,1348.83,1351.49,1354.23,1356.91,1359.57,1361.68,1363.37,1365.30,1367.56,1369.80,1371.90,1373.88,1375.93,1378.11,1380.45,1382.71,1385.07,1387.77,1390.20,1392.43,1394.47,1396.65,1398.65,1400.52,1402.59,1404.73,1406.97,1409.26,1411.69,1414.33,1416.84,1418.90,1420.67,1422.55,1424.81,1426.90,1429.22,1431.38,1433.35,1435.20,1436.93,1438.76,1440.95,1443.47,1446.20,1449.51,1452.80,1454.97,1457.86,1460.84,1463.46,1467.10,1470.58,1473.67,1476.76,1479.49,1481.89,1483.95,1486.27,1489.13,1493.16,1497.96,1501.63,1504.89,1508.39,1512.93,1517.44,1522.52,1528.73,1536.26,1546.94,1554.75,1559.37,1563.70,1568.60,1574.09,1580.11,1584.34,1587.04,1586.09,1583.45,1581.82,1579.85,1575.05,1567.65,1554.81,1540.17,1535.81,1536.72,1539.21,1543.38,1546.60,1548.47,1551.88,1554.65,1558.36,1563.28,1572.92,1579.07,1583.04,1587.42,1597.12,1609.09,1617.73,1621.90,1624.64,1627.93,1626.72,1625.29,1624.25,1624.64,1627.79,1628.21,1633.98,1639.60,1641.63,1643.99,1641.78,1641.98,1644.42,1646.89,1653.12,1660.66,1666.16,1670.74,1672.39,1673.96,1677.84,1682.94,1687.45,1690.00,1689.11,1694.52,1700.48,1708.73,1720.60,1732.18,1735.34,1738.83,1746.02,1750.27,1752.28,1754.38,1758.02,1761.33,1762.91,1766.30,1772.97,1785.11,1796.58,1807.16,1825.92,1847.15,1850.66,1847.60,1841.48,1838.87,1839.29,1840.95,1845.11,1847.53,1851.72,1862.18,1871.54,1882.50,1895.24,1910.49,1926.88,1943.82,1962.11,1980.78,2004.54
1177.34,1179.55,1181.05,1182.68,1184.66,1186.13,1188.11,1190.55,1192.44,1194.33,1196.24,1198.30,1200.48,1202.31,1204.03,1205.83,1207.62,1209.53,1211.63,1213.69,1216.12,1218.62,1220.82,1222.69,1224.43,1226.12,1227.73,1229.42,1231.37,1232.98,1234.76,1236.62,1238.85,1241.09,1243.03,1244.85,1246.61,1248.29,1250.23,1252.69,1255.19,1257.41,1259.72,1261.94,1264.13,1266.39,1268.66,1271.01,1273.24,1275.54,1277.78,1279.83,1281.72,1283.38,1285.24,1287.39,1289.46,1291.70,1293.86,1295.94,1298.00,1300.17,1302.39,1304.67,1306.97,1309.13,1311.30,1313.33,1315.47,1317.67,1319.79,1322.06,1324.31,1326.58,1328.73,1330.89,1333.12,1335.34,1337.10,1337.93,1338.04,1340.22,1343.02,1345.79,1348.68,1351.42,1353.98,1356.60,1359.24,1361.60,1363.78,1365.81,1367.85,1369.81,1371.76,1373.67,1375.96,1378.26,1380.49,1382.94,1385.39,1387.93,1390.57,1392.72,1394.48,1396.15,1397.86,1399.76,1402.14,1404.75,1407.38,1409.86,1412.10,1414.00,1415.63,1417.23,1418.59,1420.59,1422.03,1423.94,1426.50,1429.37,1431.54,1433.61,1436.38,1438.96,1441.83,1444.66,1447.61,1449.71,1452.82,1455.82,1458.63,1461.21,1463.68,1467.57,1470.30,1472.83,1476.64,1479.42,1481.82,1485.01,1487.76,1490.28,1493.65,1498.15,1501.55,1505.33,1508.91,1513.44,1518.42,1526.08,1532.82,1541.19,1549.03,1553.19,1556.64,1560.15,1563.89,1570.02,1577.15,1583.15,1589.86,1593.66,1595.51,1597.71,1597.63,1594.24,1586.01,1574.58,1562.50,1550.58,1546.57,1545.15,1544.99,1545.88,1548.06,1551.84,1559.50,1572.20,1577.76,1580.08,1589.77,1596.07,1596.05,1600.21,1608.36,1615.46,1623.62,1632.43,1639.74,1641.43,1641.42,1640.02,1640.74,1641.84,1640.59,1642.46,1649.01,1655.13,1654.83,1651.16,1648.18,1648.17,1650.31,1651.13,1657.72,1662.18,1665.76,1668.39,1670.44,1674.67,1680.16,1682.82,1685.11,1690.39,1694.09,1698.39,1703.67,1710.30,1717.98,1724.55,1730.77,1736.07,1740.13,1744.15,1747.34,1752.42,1758.42,1764.29,1773.02,1783.44,1797.06,1804.40,1813.97,1838.75,1859.63,1868.51,1866.47,1855.60,1847.82,1848.19,1851.13,1855.59,1858.87,1864.69,1875.83,1886.20,1897.57,1909.83,1925.46,1944.79,1958.02,1974.01,1992.17,2009.48
1176.41,1178.57,1180.71,1183.61,1186.93,1188.34,1188.46,1190.22,1192.25,1194.71,1196.61,1198.11,1199.90,1201.87,1203.77,1205.63,1207.38,1209.61,1211.63,1213.65,1216.12,1218.63,1220.87,1222.77,1224.78,1226.93,1228.79,1230.66,1232.71,1234.48,1236.46,1238.23,1239.41,1241.42,1243.37,1245.35,1247.28,1249.17,1251.29,1253.54,1255.91,1258.04,1260.24,1262.47,1264.72,1266.98,1269.26,1271.33,1273.20,1275.14,1277.01,1278.70,1280.13,1281.85,1284.09,1286.38,1288.66,1290.95,1293.25,1295.47,1297.46,1299.53,1301.75,1304.05,1306.36,1308.62,1310.78,1313.05,1315.35,1317.60,1319.79,1322.03,1324.32,1326.60,1328.85,1331.08,1333.33,1335.62,1337.84,1339.74,1340.06,1340.39,1342.44,1344.93,1347.70,1350.17,1352.98,1356.05,1359.11,1361.50,1363.42,1365.31,1367.26,1369.19,1370.99,1372.86,1375.33,1377.82,1380.20,1382.60,1385.02,1387.44,1389.77,1391.67,1393.42,1395.21,1397.37,1399.78,1402.38,1404.51,1406.52,1408.49,1410.49,1412.06,1413.59,1415.05,1416.54,1418.27,1420.24,1422.68,1425.37,1427.95,1430.58,1433.16,1436.51,1439.73,1443.02,1446.64,1450.01,1451.56,1453.04,1455.82,1458.92,1461.48,1463.79,1466.47,1468.89,1471.61,1474.71,1477.38,1480.72,1484.06,1487.13,1490.28,1494.33,1498.07,1501.57,1505.79,1510.61,1515.51,1521.75,1531.42,1537.45,1542.51,1547.26,1550.52,1554.21,1558.08,1563.41,1568.90,1573.90,1578.59,1586.68,1593.57,1597.83,1602.42,1607.70,1606.27,1600.41,1592.09,1584.88,1573.89,1568.97,1566.45,1564.27,1567.20,1565.03,1565.20,1572.97,1586.66,1593.22,1585.39,1592.35,1605.25,1611.30,1610.80,1611.91,1612.63,1619.47,1626.83,1640.67,1650.97,1655.29,1658.59,1660.88,1661.11,1654.17,1650.10,1663.61,1673.23,1673.20,1663.25,1656.39,1657.18,1659.90,1659.93,1660.36,1662.06,1665.89,1668.69,1671.39,1674.83,1677.03,1679.89,1689.91,1699.51,1704.11,1705.54,1705.07,1709.68,1716.13,1723.19,1732.87,1741.05,1744.45,1748.59,1752.45,1759.11,1764.27,1771.79,1782.39,1793.90,1804.07,1811.88,1829.38,1848.67,1866.42,1878.02,1880.28,1870.96,1865.05,1864.42,1870.28,1876.23,1878.33,1882.21,1892.48,1903.31,1912.33,1926.92,1944.44,1959.85,1975.26,1989.41,1999.00,2009.21
1175.86,1178.81,1182.01,1185.42,1188.47,1190.01,1190.49,1191.01,1193.30,1196.09,1198.50,1200.22,1201.60,1203.79,1205.97,1208.13,1209.30,1210.27,1211.96,1213.74,1215.81,1217.78,1219.61,1221.65,1224.05,1226.43,1228.78,1231.27,1233.74,1236.01,1238.11,1240.16,1241.17,1242.44,1244.15,1246.17,1248.25,1250.22,1252.38,1254.68,1256.84,1258.86,1260.86,1262.96,1265.16,1267.40,1269.65,1271.45,1273.11,1274.71,1275.47,1276.93,1279.17,1281.59,1283.96,1286.33,1288.74,1291.00,1293.26,1295.51,1297.50,1299.40,1301.53,1303.70,1305.97,1308.24,1310.43,1312.63,1314.90,1317.13,1319.24,1321.40,1323.78,1326.19,1328.38,1330.66,1333.01,1335.08,1336.96,1339.26,1341.18,1342.88,1344.56,1346.37,1348.24,1350.81,1353.51,1356.52,1358.92,1360.76,1362.47,1364.39,1366.34,1368.19,1370.00,1372.13,1374.58,1377.08,1379.40,1381.46,1384.02,1386.42,1388.65,1390.70,1392.48,1394.28,1396.25,1398.64,1400.71,1402.72,1404.93,1407.41,1409.85,1411.60,1413.37,1415.18,1416.99,1418.72,1421.33,1424.26,1426.99,1429.80,1432.23,1434.31,1436.61,1438.97,1442.73,1446.74,1450.49,1453.28,1454.86,1456.34,1458.82,1461.43,1463.74,1466.37,1469.09,1471.71,1474.40,1477.49,1480.54,1483.62,1487.01,1490.16,1494.37,1497.93,1501.30,1507.84,1513.41,1518.60,1528.41,1534.30,1538.54,1541.93,1545.17,1550.10,1558.05,1563.73,1571.04,1575.51,1580.52,1584.18,1589.46,1593.76,1597.25,1601.79,1607.89,1610.42,1609.40,1607.65,1602.24,1590.35,1582.84,1581.67,1579.48,1589.42,1584.34,1578.55,1585.98,1593.29,1601.01,1597.61,1593.52,1602.22,1613.77,1620.56,1619.58,1619.70,1617.90,1620.37,1632.22,1643.88,1653.50,1660.92,1665.50,1669.64,1666.59,1658.16,1663.90,1676.44,1682.79,1680.44,1672.39,1668.10,1682.35,1688.66,1688.22,1687.67,1690.40,1694.94,1694.83,1692.26,1700.51,1699.25,1709.50,1718.09,1719.62,1721.57,1718.10,1711.78,1713.34,1719.27,1725.74,1733.89,1738.89,1740.75,1746.01,1755.52,1762.63,1769.34,1781.31,1794.51,1804.96,1819.91,1837.36,1852.58,1869.72,1884.46,1890.30,1887.62,1886.62,1886.37,1889.41,1896.88,1901.87,1903.88,1910.39,1919.64,1930.26,1948.39,1964.82,1979.44,1989.98,1993.95,1994.22,1998.24
1175.90,1179.22,1182.43,1184.43,1186.33,1187.91,1189.83,1192.12,1194.01,1196.72,1199.35,1201.92,1203.73,1205.65,1207.55,1209.28,1211.10,1212.40,1213.80,1215.31,1216.69,1218.10,1220.12,1222.19,1224.49,1227.10,1229.63,1231.81,1234.38,1236.83,1239.05,1241.55,1243.13,1244.28,1245.44,1247.02,1249.03,1251.43,1253.94,1256.20,1258.35,1259.96,1261.35,1263.31,1265.32,1267.43,1269.58,1271.12,1272.50,1273.78,1274.39,1276.59,1279.53,1281.92,1284.25,1286.63,1289.02,1291.22,1293.34,1295.55,1297.56,1299.52,1301.52,1303.43,1305.85,1308.31,1310.53,1312.51,1314.50,1316.59,1318.64,1320.86,1323.24,1325.54,1327.71,1329.97,1331.91,1333.66,1335.84,1338.06,1339.36,1341.90,1345.21,1347.84,1350.05,1352.20,1354.12,1356.09,1357.85,1359.65,1361.51,1363.45,1365.41,1367.47,1369.34,1371.34,1373.64,1376.00,1377.96,1380.42,1382.92,1385.41,1387.61,1389.63,1391.66,1394.22,1397.42,1399.86,1401.26,1403.20,1405.38,1407.84,1410.44,1412.68,1414.66,1416.55,1418.40,1420.21,1422.84,1426.30,1429.31,1431.56,1434.38,1437.22,1439.79,1441.59,1445.39,1449.21,1451.52,1453.66,1456.29,1458.08,1459.52,1461.62,1463.82,1466.28,1468.76,1471.61,1474.47,1477.46,1480.49,1483.76,1487.33,1490.94,1494.85,1498.00,1504.12,1513.08,1519.73,1526.27,1530.93,1534.12,1537.61,1540.04,1543.80,1551.47,1559.38,1566.11,1571.51,1576.59,1582.52,1588.18,1593.33,1598.03,1601.30,1604.36,1608.44,1612.84,1618.12,1620.34,1616.65,1608.47,1601.41,1597.28,1591.77,1600.86,1597.22,1588.85,1593.94,1599.11,1605.47,1609.19,1603.26,1600.82,1608.12,1619.21,1627.64,1632.23,1632.15,1629.82,1629.18,1634.10,1641.61,1651.81,1661.14,1670.00,1671.18,1666.30,1665.14,1671.43,1681.99,1689.58,1685.67,1670.98,1686.18,1703.14,1709.95,1711.08,1712.92,1715.61,1709.75,1700.54,1711.28,1713.59,1723.34,1734.13,1736.66,1739.19,1738.80,1730.23,1720.66,1720.97,1724.36,1728.61,1734.39,1737.71,1742.02,1746.74,1751.57,1759.33,1768.88,1781.78,1793.16,1803.28,1820.28,1838.81,1858.92,1878.07,1888.37,1890.43,1892.12,1895.56,1901.68,1911.25,1918.56,1923.68,1929.18,1939.51,1951.57,1966.38,1978.71,1985.86,1989.11,1986.88,1981.47,1981.23
1175.64,1177.48,1179.87,1181.84,1183.91,1186.33,1188.80,1190.02,1192.26,1195.51,1199.08,1201.21,1202.27,1203.81,1205.53,1207.84,1210.85,1213.47,1215.24,1217.20,1218.77,1220.25,1221.74,1223.76,1225.85,1228.17,1230.63,1232.82,1235.00,1237.30,1239.55,1241.98,1244.05,1245.76,1247.13,1248.46,1249.93,1252.37,1255.13,1257.60,1259.65,1260.51,1261.47,1263.46,1265.55,1267.62,1269.61,1270.88,1271.93,1273.12,1274.52,1276.94,1279.73,1282.16,1284.46,1286.88,1289.26,1291.52,1293.54,1295.58,1297.53,1299.37,1301.08,1303.18,1305.68,1308.17,1310.43,1312.27,1314.10,1316.19,1318.26,1319.98,1321.96,1324.08,1326.22,1328.42,1330.58,1332.54,1334.73,1336.43,1337.98,1341.58,1344.43,1347.08,1349.42,1351.00,1352.85,1354.82,1356.70,1358.64,1360.76,1362.90,1365.05,1367.16,1368.97,1370.91,1372.98,1375.29,1377.84,1380.33,1382.50,1384.64,1386.94,1389.29,1392.34,1395.91,1399.50,1401.73,1403.15,1404.81,1406.74,1408.76,1410.79,1412.74,1414.98,1417.16,1419.23,1421.44,1424.03,1427.51,1430.54,1432.82,1435.35,1437.93,1440.82,1444.13,1447.56,1450.89,1453.81,1455.74,1457.22,1459.48,1461.77,1463.36,1465.03,1466.91,1469.28,1471.83,1474.81,1477.76,1480.72,1484.32,1487.77,1491.62,1496.70,1500.15,1508.87,1519.27,1524.92,1529.62,1531.55,1533.54,1535.72,1538.25,1544.03,1551.72,1558.28,1564.75,1570.25,1576.46,1582.39,1587.58,1593.07,1598.74,1603.60,1608.44,1613.09,1617.88,1624.21,1629.03,1628.53,1624.85,1623.88,1619.33,1613.28,1620.24,1615.38,1601.32,1604.33,1612.96,1618.89,1620.98,1618.42,1611.90,1618.72,1622.76,1626.31,1635.32,1642.20,1643.73,1639.92,1642.33,1649.63,1651.65,1658.23,1670.16,1676.17,1674.87,1672.46,1674.16,1679.66,1689.44,1691.30,1677.49,1688.89,1703.31,1712.75,1718.78,1724.37,1728.98,1721.13,1710.26,1715.61,1725.30,1728.15,1735.12,1746.49,1755.37,1755.06,1743.14,1732.23,1733.87,1740.20,1741.43,1748.79,1749.11,1751.76,1753.60,1753.91,1757.37,1760.87,1767.83,1776.13,1783.68,1799.42,1819.38,1839.10,1857.08,1868.24,1870.67,1874.33,1885.76,1897.22,1907.37,1916.63,1925.00,1933.01,1943.28,1951.94,1959.96,1967.21,1971.64,1973.13,1969.36,1962.81,1962.62
1175.61,1177.43,1178.91,1180.54,1182.82,1185.05,1187.23,1189.29,1191.43,1194.09,1196.71,1198.62,1200.10,1201.97,1204.22,1207.13,1209.82,1211.48,1214.55,1217.49,1219.59,1221.72,1223.36,1225.16,1227.18,1229.20,1231.07,1232.77,1234.86,1237.04,1239.10,1240.89,1243.28,1245.98,1248.08,1249.84,1251.66,1253.68,1256.30,1258.68,1260.29,1260.94,1261.66,1263.49,1265.60,1267.67,1269.66,1270.89,1271.97,1273.47,1275.04,1277.07,1279.33,1281.67,1283.95,1286.34,1288.88,1291.39,1293.00,1294.83,1296.72,1298.60,1300.56,1302.90,1305.32,1307.84,1310.17,1311.97,1313.74,1315.63,1317.42,1319.18,1321.24,1323.58,1326.00,1328.43,1330.59,1332.23,1333.98,1335.65,1337.64,1341.03,1343.54,1346.07,1347.90,1349.81,1351.98,1354.00,1356.32,1358.71,1360.83,1362.75,1364.84,1366.83,1368.61,1370.47,1372.55,1374.85,1377.53,1380.07,1382.15,1384.21,1386.59,1389.01,1392.42,1396.65,1400.40,1402.62,1404.30,1405.99,1407.77,1409.57,1411.71,1413.63,1415.39,1417.29,1419.42,1422.07,1425.11,1427.77,1430.67,1433.22,1435.58,1437.65,1440.46,1443.47,1446.58,1449.56,1453.41,1457.30,1459.85,1461.06,1463.74,1466.10,1467.54,1469.12,1470.45,1472.57,1475.22,1477.97,1481.10,1486.27,1488.76,1492.91,1500.53,1507.11,1516.14,1522.30,1526.13,1529.56,1530.83,1531.95,1535.26,1538.57,1544.56,1551.74,1557.69,1563.65,1569.71,1575.93,1581.73,1587.21,1592.81,1598.23,1603.00,1607.53,1611.71,1618.82,1627.45,1633.19,1636.32,1637.22,1637.00,1633.70,1628.70,1631.17,1626.16,1620.55,1618.78,1624.83,1631.48,1631.59,1627.82,1623.63,1627.76,1630.20,1632.85,1637.54,1647.49,1652.91,1653.03,1653.71,1664.68,1668.63,1663.86,1672.78,1682.16,1684.31,1680.59,1685.88,1688.27,1691.57,1699.34,1686.51,1690.44,1709.59,1720.17,1728.25,1735.14,1739.17,1735.88,1723.67,1722.48,1738.25,1744.28,1743.45,1751.25,1765.72,1769.51,1759.88,1748.35,1744.50,1756.08,1758.64,1765.05,1764.30,1766.52,1773.22,1765.12,1768.45,1770.73,1773.67,1774.34,1776.29,1783.86,1799.03,1814.72,1830.90,1841.97,1847.08,1854.12,1865.09,1876.36,1887.56,1898.77,1907.79,1916.20,1924.15,1930.40,1936.98,1943.30,1947.30,1948.53,1947.76,1947.89,1948.82
1175.84,1177.62,1179.24,1180.47,1182.25,1184.54,1187.94,1190.63,1192.87,1195.30,1197.78,1199.90,1201.57,1203.09,1204.80,1206.57,1208.40,1211.09,1214.35,1217.24,1219.86,1221.95,1224.04,1226.06,1228.00,1229.98,1232.01,1233.57,1235.20,1236.76,1238.43,1240.59,1243.29,1246.01,1248.13,1250.18,1252.68,1254.89,1257.28,1259.43,1260.59,1261.32,1261.97,1263.53,1265.60,1267.45,1269.24,1270.68,1271.56,1273.14,1274.99,1277.33,1279.17,1281.02,1283.07,1285.28,1287.58,1289.65,1291.55,1293.66,1295.76,1297.85,1300.06,1302.58,1305.15,1307.69,1310.11,1312.04,1313.91,1315.76,1317.62,1319.48,1321.56,1323.64,1326.05,1328.78,1331.07,1332.88,1334.76,1336.56,1338.41,1340.92,1343.10,1345.30,1347.44,1349.68,1351.75,1353.58,1355.95,1358.65,1360.98,1362.76,1364.58,1366.49,1368.27,1370.06,1372.12,1374.38,1377.03,1379.56,1381.71,1383.76,1386.02,1388.22,1391.38,1396.26,1400.08,1401.83,1403.50,1405.24,1407.20,1409.11,1411.45,1413.89,1416.19,1418.16,1420.04,1423.03,1426.55,1429.37,1431.73,1434.65,1437.25,1438.87,1440.74,1444.13,1448.18,1451.56,1454.93,1458.30,1461.34,1463.65,1465.31,1468.47,1470.35,1472.03,1473.14,1474.22,1475.73,1478.15,1482.82,1489.70,1494.26,1498.43,1506.56,1513.30,1519.80,1523.15,1525.31,1527.11,1528.22,1531.41,1538.35,1541.77,1546.71,1552.39,1557.67,1563.34,1569.09,1574.74,1579.84,1585.90,1591.80,1595.17,1599.58,1602.71,1606.58,1612.67,1625.78,1635.04,1640.24,1645.22,1649.53,1650.61,1648.58,1648.36,1640.32,1636.14,1628.81,1634.46,1650.54,1652.08,1646.87,1635.71,1636.83,1640.31,1644.35,1645.27,1652.74,1662.84,1669.45,1667.90,1671.19,1684.38,1680.19,1675.89,1692.37,1699.33,1693.41,1695.73,1702.94,1700.56,1707.90,1699.80,1691.30,1710.94,1730.01,1742.58,1749.85,1752.93,1753.11,1741.96,1729.89,1748.56,1760.63,1757.08,1759.77,1775.34,1781.45,1776.61,1767.51,1756.04,1766.76,1773.72,1779.30,1778.16,1777.13,1785.44,1776.13,1781.53,1788.88,1791.47,1787.82,1782.12,1781.62,1785.64,1792.28,1803.38,1815.81,1827.97,1839.45,1846.58,1853.94,1865.65,1877.10,1884.76,1891.65,1899.50,1907.86,1915.63,1922.17,1926.33,1928.82,1930.97,1934.28,1938.78
1176.01,1177.84,1179.61,1181.12,1182.73,1184.88,1188.76,1191.72,1194.03,1196.25,1198.65,1200.11,1201.53,1203.59,1205.49,1207.39,1209.14,1211.42,1214.28,1217.11,1219.87,1222.05,1224.10,1226.22,1228.33,1230.49,1232.37,1234.03,1236.03,1237.82,1239.54,1241.50,1243.71,1245.80,1247.65,1249.44,1251.49,1253.90,1256.94,1259.64,1260.82,1261.59,1262.30,1263.48,1264.87,1265.78,1268.12,1270.09,1271.16,1273.01,1275.01,1277.60,1280.11,1281.93,1283.69,1285.44,1287.22,1289.34,1291.56,1293.72,1295.95,1298.26,1300.27,1302.34,1305.00,1307.66,1310.20,1312.05,1313.80,1315.74,1317.70,1319.60,1321.49,1323.48,1325.87,1328.64,1331.04,1332.89,1335.01,1337.09,1338.92,1341.39,1343.66,1345.65,1347.71,1349.61,1351.39,1353.17,1355.39,1358.02,1360.17,1362.01,1364.01,1366.06,1368.02,1369.88,1371.76,1373.90,1376.36,1378.63,1381.03,1383.17,1385.57,1388.23,1391.30,1394.84,1398.05,1400.96,1403.02,1405.17,1407.31,1409.49,1411.82,1414.13,1416.36,1418.63,1421.02,1423.70,1427.19,1430.26,1433.00,1435.91,1438.55,1441.17,1443.12,1445.87,1449.14,1452.90,1456.84,1460.29,1463.09,1465.73,1467.41,1469.91,1472.42,1474.80,1476.25,1477.03,1477.81,1479.66,1487.01,1496.38,1502.04,1508.21,1512.82,1516.19,1518.83,1520.57,1522.07,1524.00,1527.71,1533.79,1539.45,1542.42,1545.49,1549.91,1554.65,1560.15,1564.59,1571.57,1577.01,1582.35,1584.80,1587.43,1593.29,1601.93,1608.19,1613.05,1618.63,1629.28,1636.76,1644.98,1651.91,1656.96,1660.96,1660.76,1657.54,1653.54,1644.29,1648.74,1663.02,1669.76,1665.30,1651.82,1648.88,1652.27,1659.15,1660.44,1659.28,1670.76,1682.94,1683.98,1679.66,1692.59,1697.37,1685.10,1702.97,1714.58,1707.49,1703.20,1711.81,1716.33,1721.59,1716.55,1700.04,1715.18,1734.49,1751.22,1762.26,1768.05,1769.46,1759.83,1739.52,1756.26,1775.75,1771.94,1770.37,1786.15,1797.42,1794.90,1780.81,1767.07,1776.16,1787.53,1793.01,1785.72,1785.76,1796.87,1788.58,1792.10,1804.15,1810.50,1806.27,1796.19,1789.78,1791.67,1794.36,1797.66,1800.64,1807.70,1817.72,1827.57,1836.48,1845.75,1856.70,1866.99,1873.43,1879.63,1886.39,1893.23,1899.76,1906.35,1913.54,1921.39,1927.95,1935.44
1176.09,1177.95,1179.80,1181.55,1183.36,1185.21,1188.23,1191.43,1193.59,1195.52,1197.47,1199.24,1201.37,1203.30,1205.26,1207.17,1209.12,1211.35,1213.84,1216.39,1218.92,1221.23,1223.28,1225.28,1227.58,1229.48,1230.37,1232.51,1235.36,1237.46,1239.30,1241.01,1242.40,1244.23,1246.19,1247.95,1249.78,1252.08,1255.44,1258.86,1260.39,1261.11,1261.95,1263.30,1264.38,1265.19,1267.93,1269.48,1270.92,1272.99,1275.07,1277.71,1280.40,1282.56,1284.51,1286.42,1288.27,1290.15,1292.09,1294.10,1296.34,1298.58,1300.54,1302.10,1304.43,1307.09,1309.28,1310.98,1312.91,1315.04,1317.13,1319.26,1321.31,1323.28,1325.49,1327.69,1329.80,1332.10,1334.61,1336.79,1338.77,1340.96,1342.64,1344.99,1347.15,1349.16,1351.02,1352.77,1354.85,1357.13,1359.34,1361.66,1364.29,1366.86,1368.85,1370.43,1372.28,1374.15,1376.03,1377.74,1380.12,1382.61,1385.64,1388.83,1391.71,1394.84,1398.36,1401.02,1403.24,1405.49,1407.73,1409.95,1412.36,1414.80,1417.16,1419.49,1422.02,1424.56,1427.17,1429.95,1433.13,1436.38,1438.99,1441.64,1444.43,1447.22,1450.03,1452.89,1456.80,1460.48,1463.85,1467.06,1469.63,1472.12,1474.99,1477.72,1479.25,1480.32,1482.14,1486.45,1494.52,1501.78,1505.68,1510.09,1512.29,1512.99,1514.60,1516.88,1519.32,1523.40,1527.88,1530.83,1533.49,1536.75,1540.01,1544.37,1548.63,1553.61,1558.51,1565.91,1570.64,1575.20,1579.29,1587.65,1598.57,1609.04,1618.25,1621.62,1623.40,1626.77,1635.25,1643.74,1650.97,1657.10,1663.01,1667.88,1670.39,1668.07,1663.74,1665.17,1673.31,1682.56,1680.95,1668.24,1662.52,1665.28,1675.14,1679.60,1673.63,1678.92,1695.88,1702.04,1694.25,1701.31,1711.95,1702.95,1709.71,1724.75,1721.05,1717.69,1719.01,1729.55,1734.38,1732.27,1717.26,1718.52,1738.29,1753.56,1769.31,1783.49,1785.50,1773.33,1751.99,1761.79,1783.36,1783.11,1781.21,1797.35,1812.74,1809.17,1792.48,1778.63,1786.88,1803.98,1809.84,1798.90,1794.46,1804.43,1800.10,1799.39,1813.68,1825.83,1824.03,1811.59,1800.72,1802.15,1809.82,1814.32,1811.28,1815.82,1814.74,1819.85,1824.69,1831.20,1839.74,1848.11,1853.79,1860.04,1866.45,1871.78,1878.82,1888.51,1895.82,1907.79,1923.00,1933.37
1176.17,1178.13,1180.18,1181.94,1183.74,1185.76,1188.01,1190.86,1193.02,1194.99,1196.99,1199.45,1201.62,1203.69,1205.74,1207.77,1209.78,1211.91,1214.07,1216.17,1218.22,1220.29,1222.14,1223.98,1225.95,1227.67,1229.74,1232.24,1234.51,1236.25,1237.61,1238.78,1240.46,1242.49,1244.60,1246.44,1248.18,1250.32,1253.81,1257.19,1259.05,1260.22,1261.55,1263.25,1264.84,1266.15,1268.63,1270.14,1271.49,1273.40,1275.27,1277.43,1279.74,1282.12,1284.30,1286.36,1288.32,1290.30,1292.34,1294.37,1296.41,1298.47,1300.43,1302.12,1303.95,1306.08,1307.81,1309.95,1312.24,1314.45,1316.63,1318.88,1320.99,1323.01,1325.21,1327.74,1330.01,1332.15,1334.23,1336.14,1337.83,1339.48,1341.61,1344.06,1346.29,1348.35,1350.43,1352.76,1355.28,1358.02,1360.55,1362.82,1365.61,1368.37,1370.80,1372.39,1374.16,1376.25,1378.55,1379.29,1380.37,1383.87,1387.85,1390.89,1393.14,1395.71,1398.34,1400.35,1402.85,1405.61,1407.90,1410.04,1412.44,1414.92,1417.33,1419.74,1422.81,1425.84,1428.36,1430.98,1433.97,1436.98,1439.74,1442.08,1444.63,1447.34,1449.97,1453.13,1456.65,1460.13,1463.67,1467.37,1470.87,1474.10,1477.35,1480.12,1481.63,1484.14,1488.48,1492.58,1496.55,1499.10,1501.17,1505.14,1507.51,1508.93,1511.18,1514.39,1518.71,1521.58,1524.78,1529.73,1535.15,1539.82,1544.28,1550.55,1555.57,1559.67,1563.12,1566.13,1569.96,1575.82,1580.40,1587.32,1597.96,1609.85,1622.45,1629.72,1634.81,1638.76,1645.59,1651.43,1657.01,1660.85,1665.88,1671.09,1675.46,1678.99,1680.89,1681.56,1687.39,1695.80,1695.75,1686.78,1684.84,1684.35,1692.01,1696.56,1692.91,1694.37,1710.20,1717.94,1712.69,1712.67,1725.53,1723.96,1722.53,1736.76,1735.27,1731.66,1730.72,1739.48,1746.77,1746.64,1739.36,1728.64,1735.61,1752.13,1770.14,1787.65,1796.40,1788.24,1767.58,1769.22,1787.61,1794.88,1795.57,1809.08,1823.60,1821.35,1803.23,1792.05,1793.88,1814.40,1826.82,1815.74,1806.79,1813.72,1811.05,1807.28,1819.34,1836.53,1836.55,1820.81,1815.82,1818.31,1822.19,1832.62,1827.42,1837.62,1833.72,1836.81,1834.97,1830.18,1833.54,1839.22,1846.47,1852.46,1858.63,1863.38,1867.83,1875.43,1885.50,1896.15,1909.44,1923.73
1176.35,1178.35,1180.30,1182.31,1184.40,1186.54,1188.62,1190.61,1192.74,1195.24,1197.72,1199.79,1201.57,1203.62,1205.76,1207.90,1210.01,1212.02,1213.99,1215.97,1217.94,1219.90,1221.74,1223.53,1225.60,1227.81,1230.04,1231.74,1233.29,1234.85,1236.31,1237.95,1239.78,1241.80,1243.81,1245.85,1247.91,1250.18,1253.10,1255.38,1257.31,1259.50,1261.37,1263.15,1264.86,1266.80,1269.22,1271.43,1273.04,1274.65,1276.28,1278.06,1279.89,1281.96,1284.05,1286.08,1288.07,1289.94,1291.93,1293.97,1296.03,1298.10,1300.11,1301.90,1303.70,1305.95,1308.22,1310.27,1312.06,1314.22,1316.40,1318.63,1320.74,1322.67,1324.82,1327.50,1330.10,1332.01,1333.80,1335.67,1337.51,1339.55,1341.79,1343.87,1345.99,1347.97,1350.29,1353.30,1356.41,1359.13,1361.18,1363.55,1366.15,1368.78,1371.42,1373.93,1376.12,1378.08,1380.13,1381.91,1383.14,1386.15,1389.40,1391.78,1393.59,1395.62,1397.66,1399.66,1402.33,1405.24,1407.94,1410.03,1412.45,1414.92,1417.39,1419.86,1422.98,1426.42,1429.60,1432.45,1435.47,1438.47,1440.60,1442.76,1445.49,1449.01,1451.18,1454.29,1458.60,1460.81,1464.41,1468.74,1471.48,1474.65,1478.08,1481.06,1483.66,1486.68,1489.28,1492.65,1496.10,1499.02,1500.72,1503.63,1506.61,1508.89,1511.74,1515.04,1518.53,1521.97,1528.06,1537.33,1545.37,1550.70,1554.70,1560.46,1565.68,1570.55,1574.61,1577.78,1579.92,1582.38,1587.66,1593.96,1598.62,1606.24,1618.91,1630.05,1639.44,1645.82,1652.06,1658.24,1664.57,1669.71,1673.83,1678.37,1682.24,1685.19,1688.44,1692.18,1699.67,1709.15,1710.57,1706.29,1707.33,1705.91,1709.07,1715.77,1715.49,1714.57,1723.59,1732.71,1735.03,1734.27,1743.92,1745.72,1744.82,1754.48,1752.67,1750.15,1747.59,1753.58,1763.20,1764.96,1757.10,1746.08,1741.41,1750.56,1765.86,1784.97,1800.30,1801.65,1786.97,1781.39,1793.74,1806.22,1813.75,1821.52,1834.40,1835.29,1817.70,1804.70,1803.00,1821.48,1836.63,1833.12,1822.18,1825.61,1824.16,1819.14,1830.03,1843.80,1843.53,1830.03,1831.54,1837.24,1833.62,1842.80,1846.59,1852.69,1849.13,1848.10,1852.19,1843.80,1840.06,1844.15,1852.15,1860.78,1867.80,1873.55,1879.38,1881.95,1881.06,1885.53,1891.07,1902.75
1176.92,1178.89,1180.68,1182.63,1184.76,1186.89,1189.00,1190.98,1193.18,1196.00,1199.16,1201.24,1202.44,1203.71,1205.61,1207.76,1209.88,1211.88,1213.88,1215.90,1217.91,1219.90,1221.61,1223.35,1225.39,1227.73,1229.89,1231.54,1233.22,1234.99,1236.72,1238.50,1240.55,1242.57,1244.41,1246.33,1248.14,1249.99,1251.99,1254.06,1256.50,1259.05,1261.17,1262.95,1264.97,1267.22,1269.48,1271.63,1273.12,1274.75,1276.74,1278.46,1280.07,1281.83,1283.78,1285.82,1287.77,1289.63,1291.55,1293.65,1295.83,1297.89,1299.91,1301.72,1303.50,1305.75,1308.20,1310.42,1312.20,1314.13,1316.30,1318.43,1320.42,1322.30,1324.43,1327.08,1329.83,1332.20,1333.79,1335.64,1337.69,1339.70,1342.15,1344.54,1346.88,1349.02,1351.31,1354.20,1357.13,1359.62,1360.92,1363.38,1366.16,1368.84,1371.36,1373.87,1376.38,1378.71,1380.94,1382.76,1384.43,1386.51,1388.59,1390.42,1392.41,1394.88,1396.99,1399.20,1401.95,1404.85,1407.76,1410.13,1412.23,1414.77,1417.32,1419.92,1423.09,1426.59,1430.06,1432.31,1435.48,1438.73,1441.01,1443.34,1446.20,1449.49,1452.17,1455.55,1459.44,1461.92,1465.42,1469.00,1472.36,1475.99,1479.50,1482.79,1486.40,1489.79,1492.21,1496.23,1500.23,1502.70,1504.54,1507.33,1509.67,1511.40,1513.93,1516.64,1519.71,1523.89,1528.49,1536.89,1545.63,1551.48,1555.94,1561.68,1566.83,1572.84,1578.87,1583.86,1587.92,1591.28,1596.93,1603.17,1608.04,1614.39,1620.53,1628.59,1637.71,1645.68,1652.97,1659.64,1667.64,1673.59,1678.47,1684.20,1689.16,1692.87,1695.72,1698.87,1706.85,1714.35,1719.43,1722.94,1725.90,1725.72,1726.85,1733.65,1735.90,1735.17,1738.80,1748.26,1755.82,1757.18,1761.84,1768.37,1768.48,1774.55,1773.11,1770.49,1768.89,1771.77,1780.73,1784.49,1776.22,1765.94,1759.23,1756.56,1765.45,1785.63,1805.15,1815.67,1804.58,1797.57,1805.43,1816.12,1828.65,1836.62,1848.82,1849.07,1833.83,1816.12,1812.94,1829.42,1848.02,1849.54,1840.45,1839.75,1839.51,1832.63,1841.95,1852.07,1853.33,1843.46,1846.04,1851.24,1849.61,1846.60,1858.95,1862.62,1857.63,1857.35,1864.75,1862.33,1855.45,1856.02,1863.09,1875.03,1880.08,1888.35,1898.11,1904.11,1901.89,1898.63,1898.95,1899.04
1177.65,1179.68,1181.28,1182.89,1184.93,1186.94,1188.78,1190.88,1193.43,1196.28,1199.14,1201.39,1203.29,1204.85,1206.05,1207.54,1209.64,1211.95,1214.03,1216.10,1218.16,1220.09,1221.55,1223.21,1225.16,1227.50,1229.61,1231.25,1232.93,1234.81,1236.60,1238.35,1240.24,1242.07,1243.82,1245.58,1247.34,1249.02,1250.79,1252.93,1255.32,1257.87,1260.07,1262.35,1264.16,1266.48,1268.88,1270.37,1271.52,1273.68,1276.16,1278.12,1279.92,1281.79,1283.65,1285.56,1287.42,1289.19,1291.17,1293.43,1295.65,1297.72,1299.67,1301.50,1303.31,1305.43,1307.68,1309.95,1312.13,1314.10,1316.15,1318.13,1320.10,1322.06,1324.30,1326.51,1328.61,1330.64,1332.34,1334.37,1336.43,1338.48,1341.05,1344.62,1347.41,1349.85,1352.34,1354.83,1357.29,1358.98,1360.03,1362.49,1365.42,1368.36,1370.91,1372.81,1374.78,1376.91,1379.31,1380.52,1382.17,1384.36,1386.72,1389.21,1391.63,1394.16,1396.44,1398.87,1401.59,1404.49,1407.42,1410.08,1411.93,1414.23,1416.77,1419.36,1422.51,1426.14,1429.62,1431.98,1434.60,1437.63,1440.50,1443.39,1447.33,1450.08,1451.50,1455.81,1459.88,1461.85,1465.48,1469.29,1473.33,1477.67,1481.53,1484.78,1488.32,1491.60,1493.86,1496.84,1500.76,1503.60,1506.66,1510.04,1512.63,1514.67,1517.49,1520.24,1521.98,1524.27,1527.28,1531.76,1538.36,1543.79,1548.63,1554.20,1560.24,1567.95,1576.06,1582.92,1589.01,1593.02,1600.04,1606.68,1615.19,1622.71,1627.86,1632.32,1637.70,1644.97,1652.57,1660.01,1668.42,1674.68,1680.30,1686.88,1693.18,1698.58,1701.92,1704.47,1708.89,1714.06,1719.51,1726.03,1731.13,1733.33,1735.37,1739.38,1742.93,1746.72,1753.00,1761.72,1770.14,1774.48,1780.79,1788.70,1791.27,1795.58,1793.92,1793.01,1792.62,1793.27,1801.14,1801.80,1793.28,1784.33,1778.20,1774.54,1776.76,1793.34,1812.53,1827.42,1822.59,1812.99,1816.10,1826.35,1839.78,1848.03,1857.65,1861.04,1848.59,1830.19,1823.26,1840.09,1858.45,1863.58,1856.93,1854.26,1855.04,1845.90,1851.27,1861.38,1868.15,1858.66,1863.18,1864.98,1867.59,1856.65,1870.65,1871.48,1866.01,1869.78,1873.33,1875.63,1876.24,1874.10,1880.98,1891.24,1894.25,1899.12,1909.29,1918.08,1925.15,1924.83,1922.71,1919.74
1178.35,1180.30,1181.84,1183.39,1185.09,1186.70,1188.28,1190.45,1193.44,1196.49,1199.26,1201.42,1203.29,1205.21,1207.05,1208.45,1210.06,1212.22,1214.40,1216.47,1218.47,1220.19,1221.66,1223.11,1224.96,1227.08,1228.68,1230.39,1232.50,1234.40,1236.17,1237.87,1239.51,1241.11,1242.88,1244.64,1246.37,1248.03,1249.81,1252.12,1254.62,1257.08,1259.63,1261.64,1263.24,1265.24,1267.16,1268.53,1270.47,1272.95,1275.49,1277.54,1279.46,1281.43,1283.00,1285.09,1287.30,1289.06,1291.04,1293.24,1295.48,1297.52,1299.33,1301.16,1303.12,1305.37,1307.53,1309.90,1312.23,1314.50,1316.61,1318.51,1320.60,1323.12,1325.75,1328.69,1330.71,1332.09,1333.78,1335.71,1337.73,1339.75,1341.45,1345.05,1347.72,1350.09,1352.67,1354.88,1356.35,1357.25,1358.78,1361.73,1364.67,1367.41,1369.19,1370.20,1372.38,1374.84,1376.89,1379.10,1381.80,1384.62,1387.62,1390.24,1392.26,1394.33,1396.47,1398.73,1401.38,1404.21,1407.02,1409.70,1411.65,1413.71,1416.25,1418.74,1421.15,1424.53,1428.06,1430.91,1433.89,1437.02,1439.99,1443.14,1446.74,1449.83,1450.25,1451.88,1457.96,1460.64,1464.46,1469.90,1473.96,1478.19,1482.03,1483.89,1485.89,1487.43,1488.94,1491.57,1497.15,1500.68,1503.80,1508.65,1512.74,1516.08,1519.93,1522.82,1525.37,1527.88,1530.25,1532.78,1535.75,1539.46,1545.15,1549.22,1554.56,1559.40,1567.65,1575.16,1580.02,1583.19,1591.43,1602.69,1613.40,1622.50,1629.04,1634.97,1640.75,1646.44,1653.10,1660.25,1668.32,1674.65,1680.87,1687.75,1694.25,1699.91,1702.17,1702.63,1704.35,1707.34,1711.20,1716.52,1721.25,1723.60,1724.11,1726.79,1734.67,1742.24,1749.64,1755.67,1763.95,1772.13,1781.93,1792.17,1801.78,1809.19,1812.59,1815.46,1816.13,1814.01,1817.98,1820.32,1813.14,1804.14,1801.39,1801.74,1800.28,1808.29,1823.52,1839.63,1838.43,1827.37,1831.13,1843.14,1855.04,1863.43,1869.14,1873.89,1865.53,1847.95,1837.69,1853.91,1872.82,1881.04,1875.43,1871.58,1866.50,1857.14,1862.91,1871.71,1878.20,1873.16,1881.90,1881.33,1888.63,1873.24,1878.85,1880.90,1876.17,1885.42,1883.09,1889.27,1895.07,1893.95,1897.50,1905.00,1909.76,1913.25,1920.31,1930.69,1938.24,1945.49,1945.26,1944.14
1178.79,1180.75,1182.44,1184.01,1185.89,1187.72,1189.09,1190.85,1193.72,1196.78,1199.14,1201.07,1203.00,1205.07,1207.23,1209.25,1211.06,1212.88,1214.72,1216.60,1218.31,1219.94,1221.49,1223.05,1224.69,1226.47,1228.30,1230.15,1232.05,1233.90,1235.73,1237.45,1238.93,1240.36,1242.12,1243.93,1245.82,1247.83,1249.92,1252.43,1254.91,1257.23,1259.37,1260.81,1262.54,1264.39,1266.34,1268.30,1270.29,1272.41,1274.81,1276.94,1278.63,1280.07,1281.84,1284.44,1287.10,1289.17,1291.02,1293.15,1295.30,1297.23,1299.03,1301.10,1303.45,1305.94,1308.58,1310.88,1312.90,1315.16,1317.34,1319.44,1321.99,1324.41,1326.72,1328.99,1330.79,1332.47,1334.54,1336.74,1338.83,1341.03,1343.16,1345.67,1348.11,1350.51,1352.38,1353.68,1354.66,1356.00,1358.39,1361.24,1364.03,1366.05,1367.58,1369.13,1371.38,1373.96,1376.70,1379.68,1382.76,1385.58,1388.24,1390.81,1393.13,1395.35,1397.51,1399.47,1401.43,1404.38,1407.27,1409.71,1410.95,1413.31,1416.70,1419.75,1421.68,1424.53,1428.27,1430.54,1432.29,1435.10,1437.74,1440.03,1441.92,1446.14,1447.01,1448.49,1451.26,1456.30,1461.15,1468.04,1472.82,1476.71,1479.29,1478.69,1480.16,1481.70,1488.76,1493.14,1496.81,1497.97,1500.06,1504.29,1508.64,1512.22,1518.21,1522.43,1526.14,1529.89,1532.58,1534.68,1537.47,1540.61,1543.11,1545.99,1549.93,1552.91,1557.84,1564.66,1566.90,1571.75,1581.49,1591.19,1602.70,1614.75,1624.27,1631.63,1639.61,1646.02,1652.65,1659.37,1666.06,1672.52,1679.73,1685.64,1689.81,1693.51,1694.35,1691.73,1691.15,1692.56,1695.85,1703.17,1706.49,1707.08,1706.86,1710.89,1719.16,1727.62,1734.71,1741.88,1749.82,1759.49,1770.30,1781.59,1792.96,1804.50,1814.96,1824.00,1829.24,1831.43,1834.77,1837.63,1836.26,1831.05,1827.85,1827.73,1824.21,1825.43,1839.47,1855.82,1859.84,1850.00,1852.64,1863.26,1873.63,1881.41,1887.11,1890.57,1883.62,1867.19,1854.97,1870.80,1890.59,1900.10,1895.55,1890.50,1882.37,1868.39,1873.79,1884.54,1889.26,1883.31,1897.87,1899.20,1904.78,1891.92,1888.72,1892.86,1889.14,1901.29,1899.16,1898.83,1911.16,1913.53,1912.92,1920.68,1926.71,1932.54,1934.26,1944.02,1951.68,1958.85,1964.29,1964.29
1178.30,1180.66,1182.72,1184.57,1186.61,1188.68,1190.47,1192.08,1194.45,1196.69,1198.12,1199.66,1201.88,1204.18,1206.45,1208.81,1210.84,1212.20,1213.80,1215.88,1217.59,1219.30,1220.96,1222.57,1224.32,1226.16,1228.03,1229.85,1231.62,1233.44,1235.31,1236.99,1238.42,1240.10,1241.98,1243.86,1245.82,1247.79,1249.75,1252.04,1254.42,1256.59,1258.70,1260.97,1262.86,1264.79,1266.73,1268.50,1270.26,1272.30,1274.33,1276.12,1277.35,1278.83,1281.26,1283.94,1286.66,1289.26,1291.25,1293.04,1294.80,1296.54,1298.43,1300.60,1302.77,1304.84,1307.13,1309.51,1311.78,1314.69,1317.24,1319.15,1321.21,1322.96,1324.64,1326.54,1328.47,1330.70,1333.04,1335.37,1337.68,1340.27,1343.02,1345.78,1347.89,1349.38,1350.76,1352.05,1353.57,1356.72,1359.40,1360.84,1362.78,1364.46,1366.31,1368.63,1371.52,1374.42,1377.07,1379.88,1382.60,1385.28,1388.03,1390.78,1392.99,1395.18,1397.52,1399.68,1401.33,1404.17,1406.82,1408.53,1410.55,1412.98,1416.09,1419.44,1421.38,1422.91,1426.73,1429.63,1430.46,1432.31,1434.64,1437.71,1440.94,1443.40,1447.02,1452.89,1457.42,1458.78,1458.60,1462.07,1469.59,1472.32,1473.15,1476.47,1480.88,1487.21,1494.05,1499.17,1503.71,1505.80,1509.61,1512.66,1512.90,1513.48,1516.02,1519.33,1523.73,1528.25,1529.91,1531.05,1534.26,1537.68,1540.52,1543.38,1547.00,1548.81,1551.28,1556.06,1559.26,1563.37,1570.26,1580.55,1589.59,1599.07,1609.87,1621.21,1630.33,1638.61,1645.92,1653.29,1662.41,1669.80,1674.92,1675.30,1674.82,1677.02,1678.24,1675.20,1671.13,1672.92,1677.20,1685.24,1691.07,1692.94,1694.26,1696.00,1700.98,1707.15,1718.28,1728.96,1738.77,1749.15,1759.73,1771.66,1782.16,1793.86,1806.29,1819.33,1828.89,1833.47,1838.35,1842.93,1846.31,1848.73,1849.09,1848.97,1844.41,1843.66,1853.56,1870.13,1877.34,1873.95,1875.09,1886.39,1896.36,1902.56,1907.63,1910.18,1902.58,1885.30,1874.18,1886.66,1905.12,1916.77,1916.53,1910.67,1900.01,1883.63,1886.15,1901.38,1905.25,1895.12,1906.81,1914.60,1916.64,1906.75,1903.74,1904.43,1901.49,1916.37,1919.53,1911.65,1924.10,1931.34,1933.76,1938.47,1944.96,1950.29,1952.46,1958.68,1963.91,1970.59,1977.32,1977.56
1176.46,1179.52,1181.79,1184.02,1186.49,1188.91,1191.06,1192.72,1194.14,1195.29,1196.70,1198.70,1200.90,1203.09,1205.30,1207.54,1209.15,1210.67,1212.80,1214.97,1216.84,1218.67,1220.45,1222.13,1223.95,1225.83,1227.69,1229.54,1231.32,1233.06,1234.87,1236.55,1238.18,1239.87,1241.72,1243.44,1245.43,1247.33,1249.20,1251.42,1253.80,1256.02,1258.31,1260.80,1262.86,1264.90,1266.78,1268.63,1270.49,1272.17,1273.60,1274.98,1276.65,1278.75,1281.09,1283.55,1286.26,1288.63,1290.21,1292.01,1293.53,1295.08,1296.93,1298.80,1300.78,1303.15,1306.58,1310.07,1312.18,1313.96,1315.80,1317.47,1318.98,1320.43,1322.10,1324.27,1326.77,1329.29,1331.96,1334.74,1337.63,1340.67,1343.14,1344.62,1345.70,1347.09,1349.25,1351.00,1352.94,1355.96,1358.54,1359.66,1361.28,1363.44,1365.81,1368.45,1370.56,1373.18,1375.49,1378.32,1380.69,1383.60,1386.20,1388.89,1391.37,1393.64,1396.26,1398.80,1400.68,1402.92,1404.85,1407.15,1409.77,1412.43,1414.81,1417.77,1419.63,1421.45,1424.50,1427.30,1429.48,1434.20,1438.67,1444.57,1450.42,1451.40,1452.41,1456.54,1461.05,1465.90,1468.96,1467.50,1466.75,1468.75,1472.81,1479.41,1484.21,1490.03,1494.97,1499.86,1505.52,1511.17,1516.59,1521.12,1523.34,1525.31,1528.09,1527.80,1527.60,1527.53,1528.79,1531.69,1535.64,1539.66,1542.68,1546.12,1550.14,1552.59,1554.04,1558.90,1564.06,1568.43,1567.83,1570.84,1581.45,1589.58,1597.24,1606.00,1617.25,1627.18,1634.68,1645.63,1657.57,1663.95,1663.48,1659.29,1660.01,1661.31,1659.83,1657.32,1658.36,1659.98,1663.00,1669.60,1674.56,1678.29,1683.16,1689.18,1695.26,1697.18,1704.58,1715.61,1727.10,1739.20,1751.40,1760.51,1771.16,1785.90,1799.26,1809.85,1819.03,1823.49,1829.26,1836.53,1842.29,1849.92,1856.75,1861.30,1861.30,1864.19,1870.36,1881.67,1891.62,1895.87,1899.74,1907.72,1916.92,1921.74,1924.63,1926.10,1920.34,1903.44,1896.33,1902.90,1916.76,1932.01,1935.97,1929.47,1914.13,1898.91,1899.19,1913.38,1919.16,1910.07,1914.45,1927.92,1930.56,1920.40,1917.65,1917.36,1913.02,1929.30,1936.74,1932.04,1932.48,1946.17,1953.80,1958.93,1963.68,1968.07,1973.03,1977.92,1981.53,1984.97,1987.33,1985.27
1174.46,1177.54,1180.43,1182.97,1185.50,1187.85,1189.93,1191.28,1192.40,1193.87,1195.52,1197.99,1200.15,1202.20,1204.28,1206.24,1208.18,1210.37,1212.32,1213.83,1215.87,1218.05,1219.95,1221.72,1223.60,1225.43,1227.21,1229.01,1230.94,1232.57,1234.10,1235.85,1237.48,1239.09,1240.65,1242.40,1244.72,1246.79,1248.73,1250.89,1253.20,1255.49,1258.02,1260.57,1262.62,1264.01,1265.53,1267.60,1269.59,1271.17,1272.54,1274.26,1276.45,1278.63,1280.88,1283.32,1285.48,1286.71,1288.61,1290.34,1291.74,1293.74,1295.85,1298.03,1300.31,1302.60,1305.77,1308.57,1310.08,1311.99,1313.77,1315.33,1316.90,1318.60,1320.84,1323.60,1326.71,1329.60,1332.53,1335.50,1338.25,1340.40,1341.01,1342.30,1343.87,1346.81,1349.60,1350.81,1352.38,1354.86,1358.03,1360.09,1361.48,1363.99,1366.88,1369.78,1370.77,1372.72,1375.80,1378.30,1380.15,1382.23,1384.72,1387.41,1389.61,1392.08,1394.78,1397.55,1400.19,1402.03,1404.30,1408.68,1416.13,1420.34,1421.11,1423.09,1425.68,1430.97,1433.47,1435.38,1438.85,1444.40,1448.55,1451.33,1455.07,1458.52,1460.72,1462.43,1463.93,1467.65,1472.49,1475.16,1475.88,1477.46,1479.54,1482.94,1486.30,1490.63,1495.22,1499.93,1506.00,1511.88,1517.16,1521.98,1526.21,1529.76,1533.90,1536.63,1539.32,1540.08,1537.55,1537.92,1541.26,1544.37,1545.54,1548.48,1551.13,1553.93,1557.26,1561.29,1566.36,1571.20,1572.85,1570.92,1574.39,1580.59,1587.83,1595.14,1603.66,1613.86,1624.13,1637.58,1649.13,1652.10,1645.19,1641.67,1644.96,1643.82,1643.07,1648.38,1656.47,1664.11,1668.43,1671.42,1677.62,1686.96,1695.96,1703.24,1707.62,1706.69,1703.81,1708.17,1720.20,1733.48,1742.07,1752.86,1765.88,1779.59,1791.52,1800.85,1804.89,1809.06,1815.44,1823.97,1832.25,1839.88,1849.74,1860.50,1868.91,1875.50,1883.17,1893.41,1904.52,1911.57,1916.53,1921.67,1929.93,1937.10,1940.49,1940.02,1935.33,1922.23,1918.62,1921.58,1932.12,1947.57,1954.62,1947.92,1929.99,1921.34,1914.10,1928.09,1935.11,1928.26,1922.37,1938.20,1945.03,1934.42,1932.51,1931.20,1925.97,1940.67,1951.25,1950.56,1944.41,1958.90,1971.85,1980.91,1986.72,1990.41,1992.61,1994.29,1997.29,2001.21,1999.71,1994.24
1172.73,1175.61,1179.36,1182.17,1184.27,1185.89,1187.85,1189.34,1191.01,1192.26,1193.24,1196.40,1199.62,1201.86,1203.75,1205.61,1207.44,1209.29,1210.71,1212.28,1214.52,1216.85,1219.19,1221.20,1222.95,1224.64,1226.27,1227.90,1229.53,1230.87,1232.68,1234.62,1236.28,1237.74,1239.30,1241.56,1243.93,1246.13,1247.92,1249.51,1251.13,1253.17,1256.51,1259.08,1260.64,1261.24,1262.92,1265.05,1267.57,1270.13,1271.74,1273.71,1275.94,1278.08,1280.35,1282.49,1283.27,1284.46,1286.72,1289.60,1291.78,1293.95,1296.14,1298.15,1300.15,1302.27,1304.68,1306.88,1309.10,1311.12,1313.07,1315.09,1317.13,1319.25,1321.39,1323.96,1327.26,1330.38,1332.91,1335.43,1337.49,1337.72,1340.06,1341.51,1342.61,1344.61,1347.81,1350.22,1351.04,1354.11,1357.67,1360.16,1361.44,1364.08,1367.64,1369.95,1370.46,1372.56,1376.53,1379.64,1380.53,1382.35,1384.80,1388.17,1390.40,1392.33,1394.94,1398.07,1400.74,1402.86,1406.07,1411.16,1419.77,1424.46,1429.13,1432.05,1434.19,1438.01,1441.35,1443.33,1447.09,1449.97,1453.76,1456.88,1459.60,1462.26,1464.60,1466.22,1468.77,1471.30,1474.29,1478.20,1481.36,1484.21,1486.38,1488.64,1490.14,1492.75,1496.08,1500.11,1506.25,1513.35,1519.71,1524.57,1527.93,1532.47,1538.09,1542.41,1546.62,1549.74,1549.59,1546.65,1548.93,1552.92,1551.55,1551.71,1553.61,1555.19,1557.40,1561.99,1568.12,1572.79,1576.63,1577.68,1578.18,1578.85,1581.39,1585.36,1589.71,1596.31,1608.34,1624.91,1634.16,1627.18,1623.28,1627.48,1633.80,1639.44,1646.83,1656.40,1664.85,1672.22,1675.96,1681.22,1689.60,1699.55,1711.64,1718.07,1721.77,1722.36,1716.99,1708.49,1711.94,1727.20,1737.78,1749.81,1760.09,1771.85,1782.09,1789.27,1790.46,1792.85,1799.17,1807.93,1816.84,1827.06,1838.91,1850.36,1861.56,1873.87,1885.11,1896.75,1908.57,1916.93,1922.15,1927.34,1937.06,1945.79,1951.75,1953.92,1951.35,1943.03,1940.89,1941.76,1949.19,1964.14,1973.26,1968.08,1950.06,1942.95,1936.13,1944.07,1952.25,1946.22,1937.94,1950.02,1956.03,1946.72,1946.20,1947.78,1942.89,1954.36,1968.35,1970.34,1963.28,1970.56,1985.77,1999.66,2009.73,2014.91,2015.10,2012.31,2013.92,2017.36,2015.37,2008.79
1174.18,1174.95,1177.47,1180.47,1181.98,1183.60,1185.29,1186.84,1188.93,1189.73,1190.64,1193.64,1197.78,1200.73,1202.34,1203.95,1205.79,1207.58,1208.99,1211.03,1213.43,1215.88,1218.25,1220.33,1221.92,1223.37,1224.84,1226.57,1228.02,1229.66,1231.68,1233.21,1234.82,1236.29,1238.37,1241.11,1243.09,1244.13,1245.16,1246.35,1248.09,1249.49,1251.41,1254.09,1256.62,1258.34,1260.31,1262.70,1265.75,1268.85,1271.01,1273.02,1274.88,1276.66,1279.14,1280.20,1281.03,1283.47,1286.67,1289.65,1291.88,1293.87,1295.89,1297.92,1299.95,1302.21,1304.72,1307.31,1309.99,1312.26,1314.10,1316.02,1317.98,1319.88,1322.02,1324.34,1327.04,1329.44,1332.01,1334.55,1334.91,1335.50,1339.50,1339.76,1340.74,1343.31,1346.42,1349.05,1350.48,1353.52,1357.15,1359.96,1361.26,1364.01,1366.41,1368.43,1369.97,1372.39,1375.74,1378.88,1380.72,1382.60,1385.00,1387.88,1390.96,1395.81,1398.61,1402.20,1406.42,1408.81,1412.48,1415.09,1417.36,1421.23,1426.31,1430.45,1434.53,1438.62,1442.66,1447.12,1451.21,1453.86,1457.16,1460.68,1463.15,1465.56,1468.08,1469.84,1472.36,1475.66,1477.87,1480.29,1483.13,1486.95,1490.41,1492.55,1493.93,1496.16,1498.95,1502.74,1508.61,1516.66,1523.47,1528.52,1532.42,1537.52,1543.21,1548.08,1552.01,1555.42,1557.30,1556.22,1556.64,1560.25,1561.97,1561.75,1559.23,1558.39,1558.72,1562.27,1568.74,1573.77,1578.20,1582.34,1584.83,1586.83,1591.72,1593.03,1595.16,1596.04,1600.82,1613.88,1613.82,1614.64,1622.72,1631.62,1637.81,1644.23,1652.10,1661.18,1666.75,1672.68,1678.71,1687.19,1695.59,1708.21,1722.54,1730.30,1735.16,1737.52,1735.38,1724.12,1715.05,1717.46,1728.96,1742.08,1752.10,1762.81,1768.20,1772.56,1776.84,1780.69,1786.73,1793.38,1800.01,1809.21,1822.94,1838.10,1850.62,1865.06,1877.30,1889.23,1897.56,1905.05,1914.10,1919.64,1928.12,1939.36,1951.40,1961.87,1964.66,1960.48,1959.15,1961.04,1966.04,1978.52,1990.14,1988.99,1974.63,1961.48,1958.15,1964.45,1970.52,1965.08,1958.50,1963.46,1968.18,1962.14,1960.47,1961.38,1959.33,1964.80,1983.26,1991.17,1984.83,1986.81,1995.60,2014.46,2029.03,2034.78,2034.52,2031.28,2032.49,2033.21,2030.04,2022.90
1177.07,1177.56,1178.32,1178.93,1180.03,1181.68,1183.28,1184.87,1186.48,1188.01,1189.31,1191.34,1194.53,1198.01,1200.55,1202.25,1204.06,1205.91,1207.97,1210.30,1212.60,1214.96,1217.29,1219.17,1220.41,1221.73,1223.49,1225.14,1226.60,1228.24,1229.92,1231.56,1233.24,1234.83,1236.55,1239.07,1240.57,1241.14,1242.70,1245.03,1247.59,1250.20,1251.96,1253.73,1255.61,1257.63,1259.11,1261.15,1263.76,1266.52,1269.53,1271.47,1273.15,1274.99,1276.79,1279.57,1282.15,1284.65,1287.53,1290.25,1292.26,1294.19,1296.18,1298.13,1300.13,1302.49,1305.00,1307.43,1309.67,1311.79,1313.71,1315.99,1318.07,1320.05,1322.29,1324.67,1326.99,1329.02,1331.52,1332.57,1331.78,1332.64,1335.28,1338.50,1340.77,1343.07,1345.94,1349.37,1350.51,1352.82,1355.80,1358.33,1360.73,1363.15,1365.45,1368.73,1371.82,1374.14,1376.80,1379.08,1381.76,1384.63,1386.86,1388.81,1392.80,1399.33,1404.92,1410.32,1412.89,1415.21,1419.18,1421.53,1422.50,1424.18,1427.63,1430.49,1433.41,1437.42,1441.86,1447.04,1450.96,1454.01,1457.70,1461.46,1464.49,1467.59,1470.77,1473.34,1476.05,1479.30,1481.61,1483.29,1485.32,1488.32,1491.68,1494.68,1497.26,1499.60,1502.89,1506.91,1513.44,1521.46,1528.03,1533.23,1537.81,1542.84,1548.20,1552.45,1556.24,1559.95,1562.88,1563.52,1564.08,1566.27,1569.39,1572.23,1572.31,1569.80,1566.97,1565.77,1568.20,1573.34,1578.51,1583.02,1586.94,1590.76,1594.28,1598.00,1601.25,1602.84,1603.17,1607.67,1612.54,1620.68,1628.76,1634.23,1638.78,1644.16,1650.91,1660.55,1665.98,1671.41,1679.65,1691.75,1699.97,1714.90,1727.35,1738.33,1748.40,1755.21,1752.50,1742.43,1730.97,1726.67,1725.27,1729.65,1737.52,1745.63,1757.91,1771.22,1782.27,1788.19,1791.76,1795.72,1799.22,1803.34,1810.59,1822.37,1836.44,1850.75,1865.29,1876.34,1884.66,1892.98,1903.26,1909.75,1917.29,1927.72,1938.84,1952.61,1965.59,1972.19,1973.77,1978.10,1982.66,1991.04,2003.24,2005.66,1994.98,1985.89,1985.76,1989.63,1991.83,1985.08,1976.94,1976.43,1981.93,1978.40,1975.84,1975.56,1975.51,1974.72,1991.99,2004.79,2005.53,2003.56,2011.77,2027.03,2046.76,2054.24,2052.94,2048.84,2051.46,2052.73,2047.67,2037.70
1178.89,1180.16,1181.14,1181.37,1181.94,1183.48,1185.17,1186.91,1188.63,1190.07,1191.32,1193.57,1195.60,1197.51,1198.93,1200.67,1202.72,1205.20,1207.62,1209.92,1211.76,1214.11,1216.22,1217.90,1219.27,1220.94,1222.77,1224.62,1226.28,1228.13,1229.83,1231.43,1232.94,1234.41,1235.88,1237.57,1239.00,1240.52,1243.12,1245.80,1249.18,1252.29,1254.57,1256.34,1258.15,1260.61,1261.75,1262.92,1264.41,1265.99,1267.84,1269.91,1271.78,1274.29,1277.47,1280.83,1283.46,1285.86,1288.11,1290.24,1292.35,1294.39,1296.47,1298.61,1300.87,1303.00,1305.16,1307.18,1308.78,1310.45,1312.81,1315.34,1317.58,1319.85,1322.56,1324.55,1325.43,1326.44,1329.70,1329.53,1329.16,1331.02,1335.91,1339.98,1341.26,1343.21,1345.92,1348.43,1351.24,1354.88,1357.40,1360.46,1364.21,1366.64,1368.38,1371.28,1375.28,1378.23,1381.60,1385.32,1388.54,1391.99,1393.76,1394.11,1396.57,1399.44,1404.28,1410.41,1413.36,1416.20,1418.92,1422.16,1425.56,1428.73,1431.28,1433.20,1435.15,1438.27,1442.01,1445.55,1448.68,1451.67,1456.51,1460.96,1463.76,1466.87,1470.36,1474.03,1477.79,1481.11,1484.12,1486.36,1488.46,1490.15,1492.86,1496.14,1499.29,1502.47,1506.11,1511.03,1518.99,1525.58,1531.18,1537.01,1542.31,1547.37,1551.95,1555.82,1559.78,1563.87,1567.27,1568.98,1570.01,1571.85,1573.02,1575.33,1579.12,1581.73,1580.91,1579.09,1575.88,1575.05,1576.98,1580.55,1584.04,1588.10,1592.14,1596.43,1600.75,1604.38,1608.41,1614.03,1619.95,1624.50,1629.27,1634.12,1638.40,1643.65,1650.17,1658.39,1664.86,1671.36,1684.51,1697.85,1704.71,1714.40,1726.69,1743.88,1761.42,1776.02,1779.26,1767.70,1754.27,1748.75,1745.14,1741.11,1741.15,1748.62,1764.22,1780.70,1795.47,1805.35,1813.13,1817.99,1820.83,1824.65,1826.99,1827.47,1829.62,1840.01,1855.98,1870.34,1877.00,1885.39,1894.21,1899.73,1905.57,1912.51,1920.31,1931.41,1946.72,1963.83,1977.17,1989.40,1997.98,2006.23,2018.08,2022.09,2013.64,2009.28,2012.63,2016.60,2015.42,2006.28,1999.03,1992.96,1996.61,1995.30,1993.19,1993.65,1992.88,1990.41,1998.62,2012.69,2021.43,2020.78,2028.34,2040.51,2059.27,2071.44,2072.61,2067.92,2072.38,2075.42,2069.09,2057.98
1179.21,1180.99,1182.84,1183.99,1184.82,1186.09,1187.71,1189.64,1191.13,1192.76,1194.10,1196.42,1199.13,1201.02,1201.53,1201.88,1202.91,1205.20,1207.34,1209.59,1211.11,1213.15,1215.10,1216.93,1219.10,1221.34,1223.71,1225.98,1227.70,1229.47,1231.95,1234.20,1236.16,1237.80,1238.83,1240.27,1241.45,1243.27,1245.62,1248.73,1251.83,1254.38,1256.86,1258.94,1260.55,1262.46,1264.37,1265.71,1266.97,1268.50,1269.80,1270.27,1271.88,1274.94,1278.82,1281.47,1283.10,1284.96,1287.00,1289.16,1291.44,1293.37,1295.57,1298.45,1300.89,1303.06,1304.79,1305.94,1307.03,1309.56,1312.33,1313.33,1315.32,1318.29,1321.43,1321.65,1321.68,1323.85,1327.22,1329.22,1330.64,1332.53,1336.26,1339.85,1344.42,1348.44,1351.60,1356.35,1359.85,1361.30,1362.80,1366.10,1369.38,1371.52,1374.32,1376.23,1377.95,1382.00,1385.64,1389.92,1393.69,1397.54,1400.78,1401.37,1402.49,1404.51,1406.09,1409.70,1412.81,1415.49,1417.78,1420.27,1424.07,1428.65,1431.77,1434.54,1437.09,1439.51,1442.63,1445.75,1448.90,1452.49,1456.69,1460.06,1462.69,1465.95,1469.65,1473.04,1477.02,1481.37,1485.34,1488.71,1491.22,1492.72,1494.56,1497.63,1501.16,1504.74,1507.94,1513.74,1522.21,1529.23,1534.49,1539.52,1544.88,1550.01,1554.51,1558.58,1562.99,1567.54,1570.95,1573.26,1574.56,1576.66,1578.05,1578.16,1580.70,1583.95,1586.73,1589.14,1591.06,1590.79,1589.77,1587.78,1586.90,1587.65,1589.72,1593.28,1597.38,1600.46,1605.69,1613.09,1620.34,1625.50,1630.83,1636.10,1641.19,1646.59,1653.35,1661.20,1668.07,1678.01,1696.10,1709.00,1718.27,1724.39,1733.81,1747.51,1764.67,1783.64,1793.70,1794.94,1786.07,1780.59,1777.50,1771.55,1766.37,1772.40,1782.70,1794.73,1802.33,1811.48,1823.32,1832.79,1839.03,1843.47,1847.87,1849.72,1849.37,1854.29,1867.89,1880.62,1885.68,1887.18,1890.94,1898.77,1908.14,1915.08,1920.35,1927.77,1934.80,1949.27,1967.27,1985.42,2005.40,2019.65,2032.80,2039.25,2033.56,2027.59,2031.98,2037.49,2036.13,2026.17,2020.39,2017.47,2013.83,2012.77,2011.47,2010.14,2011.17,2010.93,2011.40,2024.14,2036.88,2040.84,2042.12,2054.74,2067.74,2084.37,2092.24,2090.33,2093.16,2094.16,2087.80,2076.33
1179.66,1181.39,1183.36,1185.17,1186.81,1188.35,1189.87,1191.62,1193.06,1195.01,1196.84,1199.03,1201.17,1202.83,1204.22,1204.90,1205.69,1206.99,1208.18,1209.59,1212.21,1214.03,1215.33,1217.91,1220.26,1222.51,1224.86,1227.25,1229.25,1230.76,1233.13,1235.72,1238.55,1240.28,1240.80,1241.90,1243.94,1247.34,1250.52,1252.10,1254.15,1256.70,1259.18,1261.21,1262.84,1264.51,1266.49,1268.11,1269.36,1270.60,1271.67,1272.51,1273.12,1275.18,1277.82,1279.45,1280.99,1283.02,1285.03,1287.36,1289.91,1291.41,1293.63,1297.40,1300.71,1302.24,1302.80,1303.77,1305.30,1308.74,1309.82,1310.25,1312.32,1315.59,1319.13,1319.37,1321.08,1325.22,1329.51,1330.48,1332.19,1335.30,1342.55,1348.92,1352.15,1354.43,1357.55,1360.94,1363.50,1365.81,1368.24,1370.99,1373.49,1375.86,1379.16,1380.97,1381.00,1383.03,1386.03,1389.36,1393.52,1397.92,1401.52,1404.52,1406.70,1409.19,1410.37,1411.88,1414.87,1418.00,1420.15,1421.92,1424.20,1426.99,1430.17,1433.45,1436.76,1440.00,1443.33,1446.76,1450.06,1452.88,1455.74,1458.36,1461.38,1465.19,1469.20,1472.25,1476.06,1481.02,1485.95,1490.45,1493.55,1495.57,1497.38,1499.10,1503.04,1507.11,1510.72,1515.92,1522.97,1530.32,1537.53,1542.69,1548.04,1552.66,1556.89,1561.30,1566.03,1570.32,1573.63,1576.53,1578.68,1580.78,1582.84,1582.80,1584.40,1586.95,1588.99,1592.88,1596.58,1600.81,1603.36,1602.54,1599.04,1595.44,1594.67,1595.80,1598.08,1600.53,1604.23,1608.93,1615.99,1623.79,1629.98,1637.39,1646.29,1654.73,1663.52,1672.52,1681.64,1691.84,1706.28,1719.70,1731.07,1739.52,1747.89,1758.27,1768.49,1782.07,1795.71,1800.41,1802.96,1803.34,1802.36,1801.04,1799.20,1800.03,1803.33,1808.94,1813.69,1819.45,1830.92,1844.39,1852.28,1856.26,1859.57,1866.26,1872.08,1875.10,1880.11,1889.29,1896.90,1902.88,1907.44,1911.98,1921.36,1929.78,1936.23,1943.15,1945.56,1949.04,1958.88,1974.37,1992.94,2012.86,2033.68,2051.52,2054.37,2046.26,2049.95,2056.87,2054.83,2050.44,2047.81,2043.47,2035.06,2030.78,2029.87,2028.74,2028.82,2030.89,2028.67,2037.00,2050.30,2060.18,2063.01,2068.93,2082.73,2096.33,2108.36,2110.27,2112.96,2111.86,2104.12,2093.99
1180.43,1182.14,1183.88,1185.66,1187.42,1189.18,1191.27,1193.19,1194.90,1196.86,1198.90,1200.85,1202.60,1204.29,1206.05,1207.87,1209.68,1211.35,1212.50,1214.78,1217.02,1218.76,1219.39,1220.56,1222.14,1224.14,1226.23,1228.47,1230.47,1231.86,1233.76,1236.41,1239.05,1240.62,1241.56,1243.31,1246.47,1250.08,1252.22,1254.09,1256.21,1258.57,1260.99,1263.11,1264.90,1266.64,1268.51,1270.24,1271.66,1272.86,1274.08,1275.02,1276.31,1277.79,1279.15,1280.58,1282.33,1283.93,1285.93,1288.55,1289.37,1290.17,1292.07,1294.68,1297.61,1299.55,1300.51,1301.83,1303.91,1306.64,1309.01,1311.15,1313.05,1314.88,1316.74,1319.55,1323.81,1327.55,1329.18,1330.04,1332.18,1340.91,1349.87,1351.97,1353.50,1354.48,1355.76,1358.23,1361.38,1364.60,1367.82,1370.53,1372.08,1374.39,1378.24,1381.17,1383.59,1385.19,1387.39,1389.50,1392.45,1396.17,1399.77,1403.89,1408.32,1411.29,1413.00,1414.62,1417.31,1420.21,1422.78,1424.98,1427.32,1429.43,1431.72,1434.97,1437.68,1440.17,1443.12,1446.54,1449.78,1452.53,1455.62,1458.72,1462.30,1465.62,1468.67,1471.88,1475.94,1480.27,1485.40,1490.36,1494.60,1498.62,1501.10,1502.29,1505.18,1509.34,1513.76,1518.14,1522.79,1528.65,1537.21,1543.72,1549.10,1554.10,1558.83,1563.55,1568.48,1572.21,1575.48,1578.95,1581.87,1584.38,1587.13,1588.09,1589.19,1592.15,1595.75,1600.04,1603.84,1607.09,1610.72,1612.63,1612.35,1608.14,1606.19,1605.34,1604.79,1605.98,1608.60,1612.61,1614.53,1622.08,1629.85,1642.40,1653.76,1666.33,1677.72,1688.81,1697.20,1705.37,1714.39,1724.43,1734.70,1742.51,1750.37,1760.81,1770.04,1780.34,1792.28,1799.06,1804.37,1810.74,1814.84,1815.59,1815.62,1815.03,1816.12,1820.18,1825.57,1831.40,1840.31,1851.26,1860.32,1868.11,1872.27,1878.50,1886.60,1891.37,1893.33,1897.31,1906.71,1915.23,1924.26,1929.79,1936.45,1945.70,1954.10,1961.77,1964.92,1967.05,1969.82,1977.34,1989.74,2008.02,2031.23,2052.70,2069.36,2069.74,2072.76,2078.66,2079.03,2075.51,2071.79,2066.26,2058.26,2050.64,2047.13,2047.36,2049.26,2051.52,2049.80,2052.34,2062.97,2075.64,2084.63,2091.77,2101.89,2112.92,2124.12,2129.40,2132.91,2131.87,2122.24,2114.13
1181.40,1183.03,1184.71,1186.40,1187.91,1189.41,1191.80,1193.53,1195.41,1197.47,1199.32,1201.34,1203.44,1205.43,1207.48,1209.33,1211.17,1213.30,1216.60,1219.70,1220.18,1220.49,1221.38,1222.31,1224.05,1226.28,1228.12,1229.86,1231.34,1232.95,1234.51,1236.97,1239.39,1240.59,1242.09,1244.85,1248.03,1250.88,1252.86,1254.86,1257.01,1259.38,1261.97,1264.52,1266.76,1268.67,1270.61,1272.51,1273.94,1275.10,1276.41,1277.58,1279.69,1281.69,1282.66,1284.13,1285.93,1287.49,1288.85,1291.39,1292.08,1292.18,1294.10,1296.55,1299.28,1300.33,1300.64,1302.09,1304.65,1308.30,1311.47,1313.67,1315.88,1318.22,1320.44,1323.62,1327.05,1329.68,1329.94,1329.87,1331.86,1337.79,1343.86,1348.54,1350.03,1350.55,1351.42,1354.44,1357.75,1360.04,1363.25,1366.45,1367.97,1370.61,1374.26,1379.09,1382.37,1384.97,1387.87,1390.33,1393.12,1396.07,1399.21,1403.51,1407.85,1410.87,1413.24,1415.54,1418.10,1420.63,1423.94,1427.34,1430.13,1432.33,1435.13,1438.63,1440.90,1442.59,1444.41,1446.61,1449.48,1452.65,1455.95,1459.55,1464.45,1468.60,1470.89,1473.30,1476.20,1479.61,1483.72,1487.82,1492.21,1498.75,1503.17,1505.92,1508.25,1511.46,1515.83,1520.49,1524.71,1529.25,1535.62,1540.91,1546.79,1553.08,1559.55,1564.51,1569.25,1572.92,1576.26,1579.70,1583.38,1587.16,1590.55,1592.46,1594.18,1598.20,1602.39,1606.82,1612.19,1615.22,1617.78,1621.00,1622.62,1622.23,1619.91,1615.97,1612.80,1614.21,1614.88,1616.55,1619.11,1619.52,1625.81,1637.05,1649.09,1666.77,1681.48,1692.71,1701.12,1708.78,1712.71,1719.76,1727.38,1732.45,1738.80,1749.30,1760.23,1773.26,1782.79,1789.24,1796.19,1804.72,1814.90,1823.10,1827.97,1829.57,1830.65,1833.78,1838.73,1843.99,1851.51,1860.69,1872.09,1880.73,1886.12,1892.17,1899.82,1906.01,1910.66,1911.82,1917.94,1929.09,1937.41,1945.44,1951.86,1960.18,1969.48,1978.01,1983.42,1986.80,1991.73,1996.34,2004.70,2019.86,2038.40,2056.57,2076.91,2088.63,2092.57,2099.18,2100.13,2097.22,2092.34,2087.21,2081.47,2076.28,2068.51,2063.80,2065.61,2071.09,2074.37,2072.78,2082.11,2090.39,2100.83,2111.75,2120.68,2131.11,2140.66,2147.13,2151.04,2149.59,2141.44,2134.27
1181.92,1183.13,1184.40,1185.83,1187.20,1188.80,1190.33,1192.19,1194.51,1196.73,1198.82,1200.80,1202.84,1204.76,1207.34,1209.82,1211.34,1213.33,1217.31,1219.78,1220.38,1221.40,1222.70,1223.93,1225.77,1228.38,1229.87,1230.82,1232.03,1233.75,1235.42,1237.55,1239.71,1241.95,1243.58,1245.74,1248.81,1251.39,1253.45,1255.49,1257.53,1259.92,1262.60,1265.33,1267.97,1270.57,1272.94,1274.84,1276.38,1277.37,1278.65,1280.50,1283.52,1285.34,1285.82,1287.45,1289.25,1290.79,1291.44,1292.87,1294.30,1294.51,1297.05,1300.03,1302.26,1303.45,1303.55,1303.85,1306.16,1309.56,1312.21,1314.54,1316.85,1319.32,1320.33,1322.81,1326.84,1328.98,1329.17,1329.47,1333.74,1339.24,1341.52,1344.59,1347.14,1348.09,1349.19,1352.01,1355.46,1357.76,1360.89,1363.93,1365.53,1367.85,1370.74,1376.01,1379.97,1382.99,1386.36,1389.98,1393.01,1396.23,1399.75,1403.03,1406.22,1409.72,1412.07,1414.19,1417.19,1420.17,1423.90,1427.93,1431.38,1434.23,1437.32,1440.63,1443.46,1445.48,1447.32,1449.03,1451.15,1453.89,1456.86,1460.69,1465.92,1470.65,1473.55,1476.05,1478.43,1481.31,1484.99,1488.24,1491.95,1497.13,1501.94,1507.04,1510.94,1513.79,1517.14,1521.57,1526.30,1530.78,1535.08,1539.34,1545.00,1551.19,1558.04,1562.95,1566.63,1570.36,1574.64,1579.32,1583.77,1588.13,1592.34,1596.15,1598.38,1601.92,1606.22,1610.84,1616.87,1621.90,1625.94,1629.64,1632.01,1633.34,1632.60,1628.74,1624.29,1626.49,1628.86,1626.66,1624.83,1623.32,1624.01,1631.74,1643.44,1658.72,1672.32,1681.69,1689.31,1694.07,1697.04,1707.36,1712.46,1715.73,1725.89,1734.50,1746.62,1760.05,1769.14,1775.51,1784.47,1793.41,1802.33,1812.99,1823.40,1829.17,1836.43,1840.56,1844.08,1849.97,1857.17,1863.75,1870.76,1877.00,1884.23,1891.44,1900.38,1911.35,1924.18,1929.69,1933.92,1943.05,1952.45,1960.53,1966.82,1974.49,1983.16,1990.92,1998.99,2005.37,2009.30,2017.25,2023.97,2035.02,2053.59,2071.19,2087.09,2103.64,2112.27,2117.49,2118.66,2118.59,2115.36,2107.90,2102.32,2100.01,2095.07,2088.24,2088.10,2092.10,2096.23,2094.62,2101.41,2109.28,2117.82,2127.38,2134.64,2143.54,2154.97,2164.68,2168.81,2167.12,2159.81,2151.44
1179.92,1181.49,1183.07,1184.56,1186.09,1187.59,1189.19,1191.43,1193.62,1195.85,1198.04,1200.16,1201.96,1203.75,1206.01,1208.30,1209.89,1212.15,1215.17,1217.68,1219.90,1221.76,1223.49,1225.22,1227.19,1229.46,1230.54,1231.45,1232.65,1234.37,1236.17,1238.34,1242.93,1246.18,1246.79,1246.99,1249.26,1251.77,1253.89,1256.01,1258.09,1260.38,1263.05,1265.72,1268.36,1271.27,1274.79,1277.35,1278.94,1279.87,1281.55,1284.56,1287.70,1289.20,1288.74,1289.91,1291.56,1293.13,1294.22,1295.40,1296.45,1296.67,1298.68,1301.56,1304.10,1306.32,1306.82,1306.88,1307.01,1308.92,1311.10,1313.39,1315.96,1317.74,1318.94,1321.80,1325.49,1328.14,1329.54,1331.98,1338.58,1341.75,1343.41,1345.01,1346.26,1347.96,1350.44,1355.29,1360.02,1362.40,1367.03,1368.78,1368.48,1368.68,1370.72,1374.19,1377.36,1380.86,1384.19,1387.73,1390.38,1393.93,1398.12,1400.84,1403.62,1407.45,1410.50,1412.75,1416.00,1419.84,1423.81,1427.72,1431.10,1433.88,1436.94,1440.24,1444.05,1447.61,1450.16,1451.95,1454.28,1457.27,1459.69,1462.36,1466.45,1470.62,1474.21,1477.65,1481.00,1484.62,1488.74,1491.60,1495.47,1500.50,1502.80,1506.51,1511.44,1515.90,1519.37,1523.55,1528.22,1532.42,1536.72,1540.31,1544.32,1548.92,1554.17,1558.70,1561.62,1567.15,1573.70,1579.60,1585.02,1589.78,1594.50,1599.09,1602.16,1605.80,1610.03,1615.08,1620.86,1626.43,1631.24,1634.99,1637.91,1640.61,1642.47,1642.49,1639.88,1639.53,1644.42,1641.31,1632.28,1629.77,1629.19,1629.94,1636.57,1645.41,1655.02,1665.14,1673.68,1677.42,1682.80,1692.04,1695.30,1701.41,1713.62,1723.22,1735.98,1746.57,1756.20,1762.78,1772.10,1778.97,1790.09,1802.40,1808.75,1815.71,1825.35,1827.54,1830.62,1839.45,1843.90,1849.40,1853.48,1858.38,1866.97,1875.83,1889.16,1905.02,1926.42,1940.94,1951.57,1960.40,1967.86,1974.46,1982.45,1990.52,1996.33,2003.08,2013.45,2024.07,2031.84,2037.82,2044.75,2051.35,2067.05,2085.39,2100.34,2112.93,2123.86,2128.94,2132.12,2134.89,2135.62,2130.13,2123.48,2120.29,2114.30,2111.00,2111.16,2114.18,2117.73,2118.80,2120.91,2127.94,2133.80,2141.28,2149.15,2157.93,2167.79,2173.76,2174.80,2172.92,2168.19,2163.24
1178.12,1180.71,1182.32,1183.83,1185.58,1187.52,1189.40,1190.98,1192.92,1195.11,1197.27,1199.29,1201.04,1202.84,1204.90,1207.23,1209.52,1211.83,1214.54,1217.26,1219.85,1221.67,1223.37,1225.43,1227.64,1229.60,1230.89,1231.96,1233.23,1235.17,1237.87,1241.97,1248.81,1249.88,1249.80,1249.58,1250.20,1252.16,1254.20,1256.28,1258.37,1260.58,1263.11,1265.73,1268.09,1270.53,1274.88,1279.38,1282.37,1283.38,1284.80,1287.93,1290.88,1291.97,1291.29,1292.27,1293.76,1295.39,1296.61,1297.53,1298.47,1299.06,1301.00,1303.71,1306.38,1308.91,1310.05,1310.04,1309.66,1310.15,1311.80,1314.38,1318.35,1320.40,1321.11,1323.00,1326.24,1329.88,1333.95,1338.52,1341.99,1343.95,1345.68,1347.43,1348.73,1349.46,1353.35,1357.72,1361.95,1365.62,1369.42,1373.31,1375.26,1377.29,1378.60,1378.46,1378.28,1381.76,1384.28,1386.55,1389.18,1392.26,1395.68,1398.20,1400.79,1404.66,1408.27,1411.34,1415.12,1419.46,1423.30,1426.83,1430.25,1433.43,1436.85,1440.30,1444.13,1447.97,1451.13,1453.84,1456.81,1459.74,1462.51,1465.33,1469.05,1472.02,1475.03,1477.97,1481.37,1485.26,1489.44,1493.56,1497.56,1502.06,1506.91,1509.51,1511.65,1515.93,1521.22,1526.31,1530.85,1534.25,1538.38,1541.57,1544.66,1547.42,1550.77,1554.88,1558.74,1565.81,1573.68,1580.22,1585.93,1591.56,1596.20,1600.86,1605.65,1609.62,1614.58,1619.52,1624.46,1629.65,1634.49,1638.97,1642.90,1646.60,1649.93,1652.59,1654.67,1656.62,1661.51,1657.32,1643.84,1636.48,1635.93,1636.67,1638.04,1638.86,1642.27,1649.31,1656.86,1661.08,1662.59,1668.56,1675.70,1689.75,1701.35,1713.26,1724.98,1733.75,1741.01,1750.79,1758.70,1768.52,1781.11,1791.07,1795.20,1804.16,1810.96,1812.08,1815.93,1823.53,1825.88,1832.65,1839.93,1848.25,1858.53,1873.96,1889.11,1907.36,1928.86,1946.67,1963.35,1975.40,1983.29,1990.74,1998.26,2004.72,2012.05,2020.33,2028.77,2039.44,2050.91,2058.30,2064.02,2072.32,2083.35,2096.72,2110.30,2118.89,2128.06,2133.19,2136.55,2140.05,2141.32,2141.77,2140.34,2138.63,2135.44,2134.47,2134.92,2135.02,2136.32,2140.34,2144.06,2145.30,2148.88,2157.19,2166.60,2170.97,2172.91,2174.87,2171.53,2165.57,2161.62,2156.83
1177.80,1180.73,1182.21,1183.57,1185.22,1187.21,1189.21,1190.79,1192.38,1194.43,1196.38,1198.43,1200.37,1202.36,1204.56,1207.32,1209.85,1211.76,1214.34,1216.98,1219.55,1221.37,1223.31,1225.54,1227.76,1229.78,1231.02,1232.47,1234.14,1236.93,1241.07,1246.62,1250.62,1252.11,1252.39,1251.84,1251.63,1253.09,1254.86,1256.80,1258.77,1260.80,1263.08,1265.54,1267.79,1270.50,1274.50,1278.77,1284.03,1287.61,1288.32,1290.31,1293.14,1293.90,1293.28,1294.56,1296.05,1297.65,1299.00,1299.82,1300.98,1303.30,1305.45,1306.55,1308.33,1310.41,1312.47,1312.84,1312.82,1313.99,1315.62,1316.14,1317.26,1319.15,1322.69,1325.77,1329.08,1332.39,1335.70,1339.04,1342.80,1346.10,1347.91,1351.56,1355.41,1354.03,1356.70,1360.84,1362.73,1365.86,1369.77,1373.54,1377.36,1380.59,1382.49,1382.99,1382.37,1384.49,1387.38,1388.95,1390.80,1393.21,1395.49,1398.29,1400.92,1403.51,1406.36,1409.44,1413.37,1418.17,1422.56,1426.44,1430.14,1433.57,1436.92,1440.24,1443.72,1447.16,1449.51,1452.73,1456.72,1460.24,1463.25,1466.48,1470.17,1474.04,1477.30,1480.31,1483.49,1486.70,1489.76,1493.71,1497.74,1502.66,1508.64,1512.88,1515.41,1517.82,1520.55,1525.76,1531.09,1535.20,1539.13,1542.83,1546.58,1549.37,1551.82,1555.02,1558.53,1565.20,1573.18,1580.61,1586.73,1593.20,1599.09,1603.98,1609.00,1613.86,1619.02,1624.05,1628.78,1633.70,1638.64,1643.05,1647.37,1651.27,1655.00,1658.79,1663.23,1668.65,1673.33,1669.85,1655.98,1645.93,1643.96,1644.39,1645.30,1645.26,1646.65,1648.91,1653.18,1657.32,1659.42,1662.17,1666.04,1675.31,1691.14,1703.76,1712.15,1720.45,1729.59,1738.10,1746.95,1759.28,1772.28,1780.34,1786.41,1795.43,1799.13,1798.14,1804.14,1810.84,1817.62,1827.98,1839.53,1849.29,1860.62,1878.39,1895.86,1915.11,1934.33,1950.59,1966.82,1979.37,1990.50,1999.99,2009.01,2018.34,2026.41,2034.98,2044.45,2054.84,2065.76,2076.01,2081.50,2089.04,2097.24,2106.49,2115.68,2122.57,2128.37,2131.24,2130.29,2132.10,2133.07,2132.02,2135.74,2138.69,2143.05,2147.94,2150.37,2150.71,2151.84,2154.71,2158.92,2160.57,2162.54,2164.49,2162.68,2162.48,2163.01,2160.39,2150.76,2145.56,2143.41,2139.35
1177.74,1180.57,1181.97,1183.32,1184.87,1186.77,1188.63,1190.14,1192.04,1194.10,1196.04,1198.16,1200.06,1202.00,1204.29,1206.83,1209.19,1211.61,1214.20,1216.81,1219.24,1221.17,1223.32,1225.43,1227.55,1229.57,1231.21,1233.20,1235.34,1238.17,1241.93,1245.90,1249.62,1252.34,1254.17,1253.81,1253.18,1254.47,1256.07,1257.78,1259.69,1261.97,1264.12,1266.00,1268.06,1271.07,1274.80,1278.46,1284.64,1291.18,1293.24,1294.09,1295.94,1295.72,1295.33,1296.73,1298.33,1299.81,1300.90,1302.57,1304.63,1305.62,1307.58,1308.94,1309.84,1311.29,1313.64,1315.45,1316.59,1318.02,1319.70,1320.36,1320.51,1321.36,1325.03,1329.25,1332.31,1335.39,1338.66,1341.14,1344.81,1348.23,1350.45,1358.31,1361.51,1360.04,1359.31,1361.63,1364.28,1367.04,1369.59,1372.52,1375.93,1378.73,1381.26,1384.95,1387.02,1388.84,1390.72,1391.88,1394.26,1397.16,1398.73,1400.04,1403.08,1406.07,1408.13,1411.34,1414.31,1417.32,1421.55,1426.22,1430.45,1433.67,1436.83,1440.01,1442.98,1446.10,1449.25,1452.87,1456.62,1460.29,1463.83,1467.07,1470.52,1474.77,1478.91,1483.28,1487.68,1489.94,1493.06,1496.80,1500.49,1504.26,1508.92,1513.36,1517.52,1521.18,1524.31,1528.29,1531.73,1535.06,1538.85,1543.27,1547.80,1551.82,1554.75,1557.73,1560.76,1565.30,1572.22,1580.59,1587.14,1595.11,1602.30,1607.62,1613.27,1618.99,1623.57,1628.37,1633.46,1638.33,1642.77,1646.89,1650.96,1654.67,1658.64,1663.03,1667.82,1673.02,1678.26,1679.28,1668.55,1659.46,1655.29,1653.62,1652.83,1653.19,1655.09,1658.58,1662.47,1665.35,1670.76,1675.31,1676.91,1675.98,1679.29,1689.47,1701.67,1712.24,1718.57,1728.84,1740.24,1751.61,1759.02,1767.43,1777.27,1783.96,1783.51,1781.40,1788.91,1803.76,1821.34,1834.64,1844.34,1855.77,1868.05,1882.19,1898.87,1918.17,1937.60,1952.14,1963.95,1973.41,1982.11,1990.41,1999.08,2009.97,2020.35,2033.13,2045.40,2057.86,2068.38,2076.25,2081.16,2089.03,2097.44,2103.50,2110.56,2114.64,2120.07,2120.08,2112.85,2111.02,2109.30,2111.56,2114.46,2118.46,2129.40,2139.89,2146.21,2148.74,2149.50,2151.34,2157.23,2159.97,2159.69,2153.86,2145.99,2142.35,2142.33,2138.93,2128.09,2124.05,2123.96,2118.28
1177.97,1180.21,1181.69,1183.07,1184.58,1186.41,1188.60,1190.61,1192.63,1194.80,1196.74,1198.63,1200.06,1202.24,1204.76,1207.13,1209.50,1211.64,1214.16,1216.69,1218.89,1221.02,1223.14,1225.26,1227.37,1229.49,1231.60,1233.82,1236.19,1238.68,1241.61,1245.03,1248.38,1251.22,1254.71,1255.61,1254.86,1255.85,1257.36,1258.94,1261.03,1264.04,1266.82,1268.90,1269.05,1271.64,1275.46,1279.37,1286.13,1293.47,1298.57,1299.27,1298.74,1297.50,1297.37,1298.72,1300.61,1302.12,1302.81,1303.81,1306.25,1307.74,1309.36,1311.24,1312.56,1313.71,1315.70,1317.53,1318.82,1320.24,1321.52,1323.78,1327.41,1331.01,1334.55,1338.17,1338.59,1338.91,1342.11,1344.96,1347.82,1350.55,1353.79,1358.82,1362.69,1364.50,1364.67,1365.08,1365.08,1367.10,1370.36,1372.58,1374.96,1377.58,1380.59,1383.99,1387.42,1390.45,1392.63,1394.58,1396.97,1399.82,1402.95,1404.59,1405.63,1407.73,1411.44,1413.07,1415.73,1419.10,1422.56,1426.87,1430.51,1433.61,1436.86,1440.31,1443.79,1447.12,1450.42,1453.63,1456.86,1460.34,1464.10,1467.82,1471.39,1475.30,1479.53,1484.48,1489.48,1493.09,1496.26,1499.86,1504.02,1507.44,1510.82,1514.25,1518.01,1522.20,1526.71,1531.02,1535.01,1538.73,1540.80,1543.48,1548.29,1552.82,1556.77,1560.32,1564.41,1568.70,1573.68,1580.52,1587.24,1595.52,1603.37,1609.86,1616.41,1622.01,1626.53,1631.54,1637.08,1641.95,1646.22,1650.12,1653.20,1656.89,1660.70,1664.90,1669.50,1674.25,1679.24,1684.39,1683.07,1677.01,1669.98,1665.76,1665.15,1665.25,1665.81,1667.41,1668.99,1673.06,1679.86,1684.81,1685.90,1684.84,1682.98,1684.95,1693.01,1702.64,1711.03,1721.30,1732.33,1740.47,1746.04,1755.82,1765.01,1766.75,1764.20,1771.70,1789.99,1808.79,1825.66,1838.85,1849.86,1861.09,1873.20,1886.83,1902.32,1920.12,1935.84,1945.33,1951.72,1957.61,1967.47,1977.42,1986.66,1994.18,2002.26,2017.62,2031.71,2043.72,2052.44,2058.21,2060.76,2069.03,2078.45,2084.61,2094.65,2097.83,2101.49,2098.18,2091.33,2090.29,2086.47,2091.28,2095.49,2103.56,2114.49,2123.72,2129.00,2130.97,2131.22,2134.94,2141.09,2144.87,2143.84,2135.73,2126.50,2120.63,2121.17,2119.43,2105.28,2100.81,2102.96,2093.56
1178.03,1179.78,1181.37,1182.85,1184.37,1186.43,1189.21,1191.51,1193.49,1195.54,1197.56,1199.57,1201.54,1203.55,1205.89,1208.17,1210.35,1212.14,1214.15,1216.43,1218.63,1220.74,1222.82,1224.98,1227.21,1229.52,1232.10,1234.64,1237.11,1239.57,1242.33,1245.31,1248.46,1251.46,1255.60,1257.25,1256.46,1257.42,1258.91,1260.55,1262.71,1265.45,1269.20,1272.06,1272.30,1272.81,1276.67,1280.57,1286.92,1294.57,1302.62,1306.02,1303.33,1299.95,1299.54,1301.80,1304.24,1304.87,1304.83,1305.00,1306.53,1308.57,1310.59,1313.15,1315.21,1316.53,1318.01,1319.26,1320.02,1320.99,1324.26,1333.59,1339.70,1342.82,1344.44,1344.99,1343.18,1343.04,1345.78,1348.70,1351.38,1353.55,1356.69,1360.33,1362.56,1365.28,1367.78,1369.80,1369.03,1368.27,1370.70,1372.92,1375.30,1377.58,1379.88,1382.54,1386.05,1389.64,1392.03,1394.56,1397.23,1400.24,1405.03,1409.05,1411.02,1411.80,1415.53,1416.87,1417.49,1419.81,1423.05,1426.68,1430.10,1432.89,1436.26,1439.81,1443.55,1447.27,1450.66,1453.91,1457.16,1460.56,1464.39,1468.22,1472.06,1475.80,1479.71,1484.72,1489.61,1493.51,1497.15,1501.37,1506.68,1510.98,1514.58,1517.34,1520.28,1524.20,1528.38,1532.68,1536.81,1541.26,1545.42,1547.08,1549.21,1553.37,1557.60,1561.84,1565.96,1570.36,1574.88,1580.22,1586.60,1593.78,1601.12,1609.16,1616.63,1622.63,1627.55,1633.01,1638.80,1643.71,1648.26,1651.89,1654.79,1658.04,1661.53,1665.81,1670.33,1675.24,1680.58,1687.68,1690.19,1688.78,1684.35,1679.44,1678.63,1679.11,1679.53,1679.97,1680.71,1684.28,1689.56,1693.06,1694.27,1694.48,1694.46,1694.23,1695.68,1697.30,1701.41,1710.62,1719.15,1727.07,1732.86,1743.88,1749.37,1748.80,1759.10,1780.74,1798.30,1810.72,1821.62,1833.54,1845.85,1859.17,1872.73,1884.88,1899.74,1915.30,1926.18,1931.31,1934.38,1942.88,1953.80,1962.31,1969.49,1971.74,1981.03,2000.20,2012.46,2023.11,2029.00,2033.14,2034.70,2046.23,2056.76,2065.81,2076.14,2079.10,2084.17,2079.87,2069.23,2067.35,2063.64,2067.65,2072.80,2085.88,2097.88,2105.37,2110.78,2112.18,2112.01,2115.76,2119.66,2124.29,2124.60,2116.64,2104.51,2097.05,2098.89,2100.00,2089.28,2079.38,2078.61,2068.53
1179.75,1181.11,1182.35,1183.73,1185.16,1186.76,1189.24,1191.47,1193.63,1196.03,1198.08,1200.13,1202.27,1204.51,1206.53,1208.65,1210.67,1212.46,1214.50,1216.53,1218.32,1220.32,1222.64,1225.01,1227.39,1229.80,1232.52,1235.24,1237.86,1240.53,1243.58,1246.63,1249.93,1253.76,1257.35,1258.95,1258.17,1258.75,1261.22,1263.52,1266.04,1268.03,1269.89,1273.51,1276.33,1275.85,1277.90,1282.24,1287.14,1294.92,1303.26,1308.60,1309.14,1305.73,1304.39,1305.42,1305.50,1305.38,1305.37,1305.76,1307.43,1309.26,1311.21,1314.05,1316.89,1319.02,1319.71,1320.13,1320.66,1322.82,1330.99,1340.52,1344.42,1347.85,1350.04,1348.58,1347.40,1346.96,1349.50,1352.51,1355.45,1358.02,1359.41,1361.03,1363.12,1365.26,1367.20,1370.44,1372.47,1370.90,1371.33,1373.67,1376.43,1379.12,1382.07,1384.61,1386.14,1388.25,1391.24,1394.32,1397.28,1400.39,1406.44,1412.59,1416.38,1419.19,1424.34,1423.46,1422.85,1422.88,1424.15,1426.40,1429.04,1432.65,1436.32,1439.25,1442.97,1446.78,1450.36,1453.76,1457.30,1460.95,1464.77,1468.56,1472.73,1476.90,1481.13,1486.86,1491.54,1495.17,1498.88,1504.05,1510.30,1514.93,1518.77,1521.16,1524.48,1528.24,1531.97,1535.83,1540.17,1544.52,1549.01,1551.43,1552.46,1554.09,1558.51,1562.74,1566.51,1570.43,1574.85,1579.52,1585.39,1591.57,1597.94,1605.91,1614.48,1621.89,1627.17,1632.89,1638.33,1643.13,1647.86,1651.57,1654.34,1658.09,1661.77,1665.85,1670.21,1675.57,1681.82,1688.93,1692.70,1694.63,1694.76,1695.04,1693.72,1692.37,1692.17,1692.18,1692.25,1695.03,1700.99,1705.92,1708.85,1710.62,1711.53,1712.00,1712.53,1712.78,1712.81,1715.03,1719.93,1724.05,1727.96,1733.70,1737.54,1747.16,1763.31,1780.12,1793.05,1803.35,1813.99,1826.27,1838.02,1849.50,1862.97,1876.39,1888.78,1900.54,1908.36,1913.23,1920.39,1929.72,1937.94,1941.08,1946.53,1951.82,1959.69,1970.02,1992.09,2001.97,2007.76,2012.31,2015.16,2028.04,2037.94,2051.28,2058.44,2060.17,2066.05,2062.61,2046.78,2043.72,2042.59,2045.63,2042.75,2061.98,2078.54,2087.37,2091.64,2091.32,2090.09,2092.03,2095.10,2105.81,2105.94,2097.52,2084.23,2077.03,2079.72,2082.12,2073.85,2059.55,2056.09,2047.19
1181.43,1182.89,1184.15,1185.48,1186.82,1188.07,1189.35,1191.39,1193.72,1196.28,1198.64,1200.62,1202.88,1205.12,1206.98,1208.83,1210.81,1212.91,1215.12,1217.33,1219.38,1221.12,1223.19,1225.54,1227.85,1230.07,1232.76,1235.56,1238.40,1241.24,1244.06,1246.85,1249.72,1254.15,1258.67,1260.96,1260.79,1260.61,1263.30,1266.48,1269.14,1271.68,1272.77,1274.63,1278.99,1279.97,1279.11,1281.63,1286.60,1294.32,1302.40,1306.72,1308.54,1307.09,1305.58,1303.93,1304.23,1305.60,1306.23,1307.52,1308.74,1310.31,1311.72,1313.89,1316.60,1318.26,1319.61,1321.25,1323.13,1329.15,1335.36,1341.30,1345.27,1348.59,1349.69,1348.89,1349.09,1350.23,1352.90,1356.07,1359.36,1362.53,1364.62,1363.64,1364.94,1367.22,1368.79,1370.18,1374.48,1375.78,1375.76,1375.02,1377.33,1380.61,1384.53,1388.07,1389.91,1390.04,1392.00,1395.19,1398.12,1402.68,1409.19,1415.27,1421.19,1427.23,1431.90,1431.70,1430.07,1427.84,1426.89,1428.90,1431.47,1434.93,1439.91,1442.31,1444.50,1447.36,1450.56,1454.21,1457.85,1461.48,1465.17,1468.83,1473.14,1477.92,1482.99,1488.69,1493.41,1497.68,1502.21,1507.49,1513.16,1518.22,1522.01,1524.71,1528.30,1531.47,1534.85,1538.93,1543.69,1548.18,1551.69,1554.32,1556.57,1557.11,1559.33,1563.44,1567.28,1571.18,1575.17,1579.07,1584.18,1589.32,1595.08,1600.91,1608.34,1617.02,1624.06,1630.27,1635.29,1639.78,1644.44,1649.29,1652.73,1656.99,1661.41,1665.00,1668.71,1674.10,1680.80,1686.86,1691.57,1695.09,1698.90,1702.70,1704.28,1705.71,1707.36,1708.13,1709.10,1712.26,1718.57,1722.79,1725.21,1726.52,1727.31,1728.83,1731.05,1732.92,1733.22,1732.11,1732.30,1734.89,1738.11,1741.32,1744.26,1749.90,1759.64,1769.41,1781.28,1792.01,1803.81,1817.92,1827.52,1837.46,1848.22,1862.61,1873.86,1880.82,1885.99,1894.95,1905.94,1909.29,1911.00,1912.77,1919.99,1934.68,1947.43,1962.41,1974.75,1979.49,1988.53,1991.95,1997.69,2010.76,2022.93,2033.93,2035.98,2039.45,2046.91,2043.90,2030.44,2022.89,2023.56,2025.77,2026.81,2046.70,2061.70,2071.66,2076.03,2072.06,2068.75,2070.95,2076.11,2087.57,2087.66,2082.36,2070.40,2057.09,2056.45,2055.29,2049.94,2041.53,2034.64,2020.95
1182.58,1184.37,1185.88,1187.24,1188.56,1189.65,1190.65,1191.87,1193.84,1196.43,1199.16,1201.46,1203.57,1205.70,1207.58,1209.49,1211.38,1213.44,1215.66,1217.87,1220.16,1222.16,1224.04,1226.17,1228.11,1230.14,1232.95,1235.91,1238.86,1241.75,1244.51,1247.22,1249.96,1254.01,1258.59,1261.35,1263.92,1265.26,1266.92,1269.35,1271.61,1274.20,1276.44,1277.56,1279.85,1282.69,1283.57,1285.25,1287.80,1293.60,1300.65,1304.89,1306.49,1304.75,1301.78,1303.56,1308.40,1311.26,1312.80,1312.91,1312.95,1313.72,1315.56,1317.41,1319.47,1321.28,1322.83,1324.77,1326.34,1330.20,1335.33,1340.14,1342.15,1344.52,1347.35,1348.11,1349.76,1352.20,1355.41,1358.86,1362.33,1366.05,1369.23,1367.95,1367.54,1369.46,1371.13,1372.82,1376.62,1380.28,1382.13,1378.73,1378.81,1382.22,1386.52,1390.60,1393.62,1395.35,1396.61,1397.29,1399.62,1404.09,1409.95,1416.26,1424.03,1431.19,1435.14,1437.97,1437.99,1434.74,1431.24,1433.42,1437.26,1438.40,1442.72,1446.34,1448.23,1451.49,1453.64,1455.37,1458.94,1462.94,1466.80,1470.24,1474.09,1478.61,1483.47,1488.70,1493.30,1497.95,1502.88,1508.27,1513.56,1518.62,1522.78,1526.71,1530.46,1533.63,1536.93,1541.01,1546.48,1551.07,1554.18,1557.25,1560.15,1561.60,1561.15,1564.00,1567.84,1571.79,1576.02,1579.89,1583.95,1588.29,1592.91,1597.51,1602.50,1608.25,1615.76,1623.48,1629.70,1633.99,1638.67,1643.10,1648.51,1653.86,1658.75,1662.13,1665.41,1669.65,1676.64,1683.05,1688.86,1693.04,1696.95,1701.96,1706.82,1711.15,1714.12,1717.39,1721.78,1725.43,1729.85,1732.92,1737.07,1741.11,1744.65,1747.55,1749.17,1751.96,1753.28,1750.43,1747.98,1750.28,1756.03,1760.94,1763.46,1764.51,1765.12,1768.57,1773.14,1781.37,1793.07,1807.11,1816.28,1825.27,1835.67,1845.17,1853.65,1863.85,1873.64,1883.71,1888.23,1884.98,1885.70,1890.84,1902.63,1918.27,1937.73,1954.04,1957.54,1962.46,1969.65,1970.38,1978.66,1989.54,2003.20,2014.91,2012.76,2018.74,2027.97,2026.97,2014.49,2000.09,2002.35,2008.66,2018.58,2034.96,2045.72,2056.05,2059.49,2050.69,2044.96,2048.66,2056.48,2067.83,2067.29,2065.31,2056.71,2036.63,2030.33,2030.89,2027.18,2020.22,2012.89,1995.45
1183.06,1185.22,1187.24,1188.91,1190.26,1191.20,1192.27,1193.30,1194.54,1196.42,1198.95,1201.32,1203.73,1206.29,1208.47,1210.48,1212.31,1214.18,1216.10,1218.17,1220.34,1222.49,1224.71,1226.71,1228.57,1230.72,1233.59,1236.50,1239.41,1242.25,1245.05,1247.85,1250.58,1253.81,1257.01,1259.72,1262.98,1266.49,1269.57,1271.64,1273.79,1276.33,1278.65,1280.59,1282.07,1284.07,1286.31,1288.20,1290.66,1294.37,1297.97,1301.41,1303.51,1300.53,1299.92,1302.83,1306.47,1310.17,1312.55,1315.58,1317.95,1319.96,1321.27,1321.95,1322.92,1324.40,1326.03,1328.20,1329.76,1330.70,1333.45,1337.13,1339.00,1341.84,1344.77,1346.54,1348.70,1350.67,1354.42,1359.50,1363.33,1367.15,1370.52,1370.49,1370.36,1371.83,1372.53,1374.23,1377.26,1381.54,1386.73,1388.12,1386.77,1384.87,1388.41,1393.05,1396.61,1399.31,1402.09,1403.51,1405.15,1407.99,1411.97,1418.52,1426.44,1432.51,1436.93,1441.23,1443.37,1441.92,1439.55,1440.23,1442.54,1444.05,1447.73,1450.23,1451.68,1456.76,1459.41,1458.71,1460.55,1464.88,1469.25,1472.62,1477.20,1480.78,1483.83,1488.06,1492.74,1497.81,1502.39,1507.28,1511.69,1516.25,1520.14,1524.88,1529.93,1533.75,1537.79,1542.01,1547.76,1552.63,1556.33,1559.63,1563.29,1566.18,1566.59,1566.03,1568.18,1572.12,1576.85,1581.40,1585.41,1589.46,1593.47,1597.50,1601.81,1606.68,1611.36,1617.06,1622.67,1628.39,1633.45,1637.25,1640.90,1646.90,1652.57,1656.78,1660.21,1663.50,1669.72,1676.74,1683.19,1688.42,1692.60,1697.51,1701.96,1705.60,1709.34,1714.33,1721.21,1726.64,1731.89,1735.85,1740.79,1747.20,1752.27,1755.42,1759.31,1764.14,1768.77,1770.37,1770.32,1773.57,1778.74,1782.78,1784.50,1783.87,1782.03,1780.62,1779.38,1780.16,1786.61,1796.55,1803.20,1812.39,1821.47,1833.03,1846.52,1860.10,1870.39,1872.29,1870.16,1863.45,1865.10,1880.85,1899.04,1917.37,1938.28,1943.23,1939.07,1946.74,1952.79,1953.83,1961.27,1970.46,1985.16,1995.35,1991.36,2002.22,2008.85,2009.53,1999.00,1982.74,1982.92,1990.08,2007.54,2021.10,2028.43,2038.40,2041.74,2031.73,2024.26,2027.90,2037.92,2047.42,2046.62,2047.94,2039.32,2019.85,2002.44,2002.85,2002.48,1993.71,1984.43,1975.94
1183.43,1185.61,1187.82,1189.97,1191.65,1192.76,1193.81,1194.88,1196.08,1197.40,1198.90,1200.99,1203.57,1206.42,1209.10,1211.30,1213.23,1215.11,1217.02,1218.89,1220.93,1223.24,1225.49,1227.34,1229.27,1231.77,1234.59,1237.46,1240.21,1242.84,1245.57,1248.41,1251.09,1253.66,1256.63,1259.59,1262.03,1265.20,1267.96,1269.86,1272.74,1276.10,1278.21,1279.49,1281.19,1283.37,1285.61,1287.47,1289.14,1291.71,1295.78,1297.98,1298.82,1298.45,1300.75,1302.98,1305.63,1308.31,1310.65,1315.06,1318.73,1321.33,1323.18,1324.52,1325.74,1327.30,1328.93,1330.64,1331.88,1332.73,1333.65,1335.28,1337.71,1340.32,1342.65,1344.89,1346.94,1349.17,1353.64,1359.21,1363.46,1367.47,1371.14,1372.52,1372.62,1373.81,1374.79,1375.21,1376.84,1379.74,1385.22,1390.70,1391.86,1389.85,1391.28,1396.30,1400.31,1402.72,1406.09,1409.66,1411.65,1412.45,1414.98,1419.83,1426.40,1432.04,1437.06,1441.97,1446.62,1447.04,1446.43,1445.64,1446.89,1449.50,1452.47,1454.20,1455.38,1457.75,1462.46,1463.99,1463.78,1466.71,1470.82,1475.41,1478.46,1482.97,1486.56,1489.21,1493.67,1498.34,1502.30,1506.27,1509.89,1514.29,1519.03,1524.17,1529.19,1533.94,1538.42,1543.62,1549.15,1553.90,1558.13,1561.99,1566.04,1569.80,1572.13,1570.81,1571.00,1575.32,1579.89,1583.61,1586.84,1590.53,1594.83,1599.36,1604.34,1609.15,1612.85,1617.04,1621.11,1626.20,1630.81,1634.43,1636.60,1638.60,1643.83,1648.61,1652.98,1656.23,1659.54,1665.09,1671.90,1677.75,1683.01,1687.32,1691.11,1694.11,1698.42,1705.31,1713.90,1721.83,1727.33,1731.62,1735.76,1740.39,1747.04,1752.95,1760.35,1767.23,1775.33,1781.58,1785.09,1788.54,1794.49,1801.48,1805.07,1805.48,1803.60,1800.86,1798.86,1798.35,1799.10,1801.80,1806.74,1815.14,1826.64,1839.00,1853.44,1863.13,1858.01,1850.99,1845.12,1840.23,1856.74,1880.76,1903.91,1924.89,1939.25,1930.79,1922.00,1936.54,1938.91,1933.89,1940.75,1956.81,1973.93,1979.80,1972.82,1982.27,1988.78,1990.43,1981.14,1967.34,1961.58,1973.09,1990.59,2001.44,2007.50,2017.37,2021.07,2011.42,2000.23,2005.50,2020.76,2029.64,2027.18,2029.47,2024.63,2006.15,1981.46,1974.75,1974.55,1965.67,1959.25,1955.94
1183.71,1185.84,1187.91,1189.89,1191.74,1193.73,1195.27,1196.47,1197.67,1198.96,1200.56,1201.98,1203.67,1206.39,1209.32,1211.81,1214.03,1216.08,1218.14,1220.12,1221.89,1224.09,1226.18,1227.99,1229.97,1232.80,1235.76,1238.66,1241.23,1243.64,1246.20,1248.91,1251.40,1253.81,1256.55,1259.12,1261.68,1264.39,1267.37,1270.19,1272.92,1275.03,1276.50,1278.16,1280.22,1282.14,1284.25,1286.41,1288.71,1290.89,1293.89,1295.15,1296.27,1298.86,1301.44,1303.67,1305.94,1308.80,1311.85,1315.26,1318.44,1320.67,1322.29,1324.24,1327.12,1329.35,1330.72,1332.13,1333.54,1334.56,1335.47,1336.56,1338.06,1340.60,1342.82,1345.04,1347.30,1349.83,1354.25,1359.18,1363.36,1367.41,1371.03,1373.65,1374.77,1375.86,1376.90,1377.62,1377.96,1379.50,1383.43,1388.91,1391.37,1393.94,1395.72,1398.71,1402.40,1405.80,1409.13,1411.91,1414.14,1416.05,1418.28,1421.02,1425.28,1430.19,1435.77,1441.74,1447.68,1450.27,1450.73,1450.36,1450.88,1454.05,1457.48,1458.62,1460.06,1461.25,1466.10,1468.44,1467.94,1469.96,1474.03,1479.11,1482.51,1486.43,1490.52,1494.15,1497.38,1500.80,1505.84,1509.31,1512.41,1516.16,1520.22,1525.29,1530.26,1535.38,1540.76,1547.23,1552.58,1557.22,1560.89,1564.61,1568.55,1573.15,1577.02,1577.87,1577.58,1580.63,1583.97,1587.01,1590.11,1593.01,1596.77,1601.40,1606.61,1610.58,1613.35,1615.88,1620.03,1623.97,1627.94,1631.22,1632.85,1633.64,1636.30,1640.38,1644.47,1647.48,1650.13,1653.19,1657.59,1663.33,1668.18,1673.87,1679.40,1683.34,1687.66,1694.65,1703.64,1711.79,1718.80,1723.85,1727.97,1731.80,1735.35,1741.49,1754.73,1765.32,1773.99,1781.62,1788.77,1793.34,1798.20,1804.62,1810.55,1813.34,1815.07,1817.24,1818.44,1818.37,1817.84,1818.26,1821.09,1826.38,1835.35,1846.84,1856.48,1850.69,1838.76,1830.75,1823.20,1830.13,1849.86,1872.31,1893.86,1916.66,1923.40,1909.70,1908.53,1923.27,1919.63,1914.53,1926.23,1949.14,1965.74,1964.43,1954.58,1962.37,1971.77,1974.65,1963.62,1946.86,1942.84,1960.04,1974.32,1983.20,1988.27,1997.75,1999.38,1988.78,1977.94,1986.28,2007.11,2012.29,2005.80,2007.22,2002.02,1991.25,1968.55,1954.73,1954.48,1947.05,1945.16,1953.27
1183.47,1185.67,1187.53,1189.39,1191.36,1193.52,1195.78,1197.70,1199.14,1200.59,1202.04,1203.67,1204.90,1206.32,1208.75,1211.47,1214.03,1216.60,1219.10,1221.19,1223.01,1224.91,1226.84,1228.66,1230.81,1233.71,1236.68,1239.61,1242.09,1244.48,1246.87,1249.34,1251.66,1254.45,1257.38,1260.00,1262.54,1265.20,1267.76,1270.22,1272.03,1273.64,1275.71,1277.86,1279.95,1282.03,1284.31,1286.72,1289.10,1290.83,1292.36,1294.03,1296.65,1299.63,1302.08,1304.33,1306.59,1308.92,1311.87,1314.98,1317.42,1318.87,1320.27,1321.83,1325.72,1329.72,1331.04,1331.85,1333.51,1335.56,1337.15,1338.38,1339.55,1341.63,1343.96,1346.10,1348.02,1350.60,1354.85,1359.52,1363.44,1367.13,1370.49,1373.17,1375.10,1376.63,1378.21,1379.63,1380.56,1381.43,1383.05,1386.40,1388.68,1391.83,1395.31,1397.96,1400.38,1403.96,1408.66,1411.79,1414.84,1417.68,1420.35,1423.87,1426.87,1429.45,1434.04,1439.89,1445.64,1449.88,1451.07,1452.55,1453.67,1457.59,1461.23,1463.41,1465.48,1467.27,1469.58,1472.44,1472.47,1473.11,1476.90,1481.34,1485.26,1489.47,1493.80,1498.67,1502.74,1505.14,1510.09,1514.25,1517.84,1520.94,1524.78,1528.44,1531.72,1536.04,1541.68,1549.15,1555.30,1560.45,1563.76,1567.34,1571.42,1576.17,1580.75,1583.50,1585.18,1587.55,1588.52,1590.66,1593.48,1596.63,1599.89,1603.57,1605.60,1606.88,1608.36,1609.58,1612.47,1616.66,1619.77,1622.50,1625.17,1627.37,1629.35,1631.36,1633.29,1634.96,1637.78,1640.89,1643.45,1648.25,1654.63,1659.78,1665.55,1671.17,1676.61,1684.70,1693.88,1701.44,1705.71,1710.70,1715.59,1720.08,1724.95,1732.54,1746.46,1761.01,1771.06,1778.88,1787.41,1793.36,1798.04,1803.22,1807.81,1809.21,1808.90,1811.22,1817.13,1822.80,1826.29,1829.36,1831.92,1834.43,1838.78,1841.60,1838.32,1827.91,1817.99,1810.48,1806.16,1823.95,1840.84,1860.72,1883.37,1899.76,1898.69,1887.17,1893.78,1905.38,1899.25,1896.18,1916.80,1939.96,1955.69,1950.69,1938.39,1946.29,1956.59,1962.14,1949.31,1923.89,1928.52,1946.84,1957.50,1963.13,1970.86,1982.54,1980.82,1964.10,1959.96,1974.85,1991.53,1991.07,1983.43,1983.50,1977.13,1964.60,1951.72,1938.13,1935.36,1936.24,1945.81,1963.53
1183.15,1185.39,1187.52,1189.24,1191.18,1193.51,1195.85,1198.11,1200.09,1201.99,1203.63,1205.21,1206.75,1208.00,1209.73,1211.72,1213.88,1216.30,1218.83,1221.11,1223.17,1225.27,1227.40,1229.32,1231.74,1234.53,1237.37,1240.04,1242.17,1244.51,1246.88,1249.25,1251.81,1254.47,1257.06,1259.68,1262.13,1264.46,1266.79,1269.03,1270.93,1272.80,1274.92,1277.21,1279.51,1281.73,1284.05,1286.54,1288.94,1290.67,1292.10,1294.36,1297.09,1299.86,1302.22,1304.52,1306.80,1309.11,1311.71,1313.94,1315.32,1316.66,1318.30,1320.08,1323.31,1326.89,1329.26,1330.69,1332.76,1335.09,1337.22,1339.23,1341.31,1343.40,1345.68,1347.83,1349.68,1351.73,1354.89,1359.12,1362.76,1366.13,1369.39,1371.70,1373.63,1375.45,1377.34,1379.53,1382.18,1383.72,1384.64,1385.83,1387.83,1390.95,1393.73,1396.25,1398.51,1402.40,1407.31,1411.31,1414.69,1418.01,1421.11,1425.64,1429.93,1432.48,1434.25,1437.40,1441.17,1446.48,1450.10,1453.31,1455.39,1459.15,1462.56,1465.94,1469.24,1471.88,1473.69,1476.12,1477.26,1477.32,1478.86,1482.66,1486.56,1490.92,1496.19,1500.56,1504.56,1509.10,1513.49,1518.05,1521.67,1524.81,1529.34,1532.43,1534.97,1537.72,1542.01,1548.69,1554.85,1560.04,1564.25,1568.46,1572.91,1577.68,1581.92,1586.09,1589.89,1591.69,1592.35,1594.08,1596.43,1598.76,1600.19,1599.90,1599.43,1599.02,1598.35,1597.82,1598.05,1600.46,1604.36,1606.32,1609.47,1614.27,1618.03,1620.82,1622.28,1624.25,1628.27,1632.26,1635.46,1638.33,1643.17,1648.85,1653.74,1660.69,1665.67,1673.78,1683.63,1690.74,1694.88,1698.07,1703.32,1708.62,1714.34,1725.23,1736.94,1751.22,1764.86,1774.88,1784.41,1791.47,1795.13,1797.56,1798.27,1797.66,1796.84,1798.31,1802.53,1810.34,1815.12,1817.82,1821.01,1824.03,1825.83,1824.20,1819.35,1811.45,1801.18,1793.10,1800.99,1820.87,1838.79,1859.77,1873.02,1880.70,1875.21,1869.88,1873.62,1883.58,1879.55,1885.55,1906.95,1930.33,1941.11,1935.15,1920.68,1928.85,1943.09,1950.13,1931.08,1907.58,1917.88,1937.09,1943.16,1945.86,1952.25,1961.69,1960.40,1943.32,1945.62,1961.68,1972.71,1970.71,1962.58,1961.80,1957.63,1944.92,1931.74,1922.68,1925.20,1934.34,1949.69,1969.17
1182.97,1185.13,1187.35,1189.40,1191.52,1193.80,1196.04,1198.32,1201.25,1203.50,1205.01,1206.59,1208.11,1209.85,1211.38,1212.83,1214.48,1216.36,1218.54,1220.76,1222.88,1225.05,1227.32,1229.64,1232.27,1234.99,1237.69,1240.15,1242.08,1244.17,1246.52,1248.78,1251.03,1253.54,1256.06,1258.54,1260.91,1263.27,1265.63,1267.86,1269.97,1272.05,1274.23,1276.75,1279.14,1281.17,1283.65,1286.13,1288.50,1290.19,1292.07,1294.82,1297.53,1299.96,1302.05,1304.26,1306.51,1308.76,1310.69,1312.33,1314.09,1316.48,1319.02,1321.44,1323.72,1326.06,1328.44,1330.67,1332.68,1334.77,1336.84,1338.92,1341.32,1343.97,1346.61,1349.09,1351.63,1354.07,1356.18,1358.42,1361.34,1364.28,1367.09,1369.41,1371.80,1374.08,1376.35,1378.87,1381.84,1384.55,1386.61,1387.82,1388.89,1391.28,1393.97,1397.19,1400.24,1404.28,1408.75,1411.94,1414.84,1418.04,1421.91,1426.32,1430.43,1433.89,1436.97,1439.48,1441.73,1445.56,1450.40,1453.77,1456.76,1460.00,1463.47,1467.01,1470.39,1473.02,1475.58,1478.11,1480.99,1482.09,1482.29,1484.26,1487.93,1492.23,1497.45,1502.86,1506.04,1509.84,1514.90,1519.90,1523.85,1527.18,1530.75,1534.95,1538.00,1541.04,1545.27,1549.79,1554.36,1558.86,1563.35,1567.90,1572.70,1577.79,1582.52,1587.00,1590.68,1592.79,1593.93,1594.75,1595.17,1595.00,1594.30,1592.39,1590.31,1588.56,1587.01,1586.54,1588.07,1590.31,1593.50,1596.74,1600.39,1604.53,1607.17,1608.84,1611.04,1615.92,1621.86,1627.09,1630.88,1633.92,1637.70,1642.69,1646.59,1652.67,1658.38,1664.24,1673.93,1682.37,1686.99,1689.55,1693.18,1699.96,1706.64,1716.92,1727.99,1737.69,1749.75,1764.56,1775.91,1782.76,1784.96,1784.64,1783.84,1783.99,1784.20,1785.95,1790.76,1797.35,1802.24,1804.52,1806.42,1808.30,1809.39,1808.83,1803.83,1796.28,1785.14,1783.16,1801.84,1822.39,1839.79,1853.73,1859.49,1864.73,1857.05,1851.97,1855.97,1864.47,1863.58,1879.64,1899.56,1918.54,1922.72,1916.84,1903.43,1910.98,1927.67,1936.64,1916.90,1896.53,1905.98,1922.52,1925.12,1928.01,1935.24,1944.07,1943.90,1926.73,1934.44,1949.51,1950.40,1947.37,1942.80,1936.42,1933.13,1922.35,1913.87,1916.09,1922.74,1931.78,1948.32,1965.16
1183.19,1185.29,1187.41,1189.61,1191.99,1194.35,1196.65,1198.94,1202.31,1204.25,1205.66,1207.42,1208.86,1210.52,1212.38,1214.06,1215.66,1217.28,1218.97,1221.16,1223.32,1225.54,1227.58,1229.69,1232.76,1235.49,1238.03,1240.00,1242.01,1244.05,1246.14,1248.13,1250.22,1252.68,1255.13,1257.61,1260.05,1262.38,1264.68,1267.04,1269.37,1271.72,1274.07,1276.65,1279.22,1281.32,1283.31,1285.66,1287.85,1289.82,1292.09,1294.98,1297.91,1300.29,1302.08,1304.10,1306.20,1308.38,1310.24,1312.22,1314.25,1316.52,1318.70,1321.49,1324.40,1326.95,1329.58,1331.69,1333.42,1335.23,1337.05,1338.83,1340.62,1343.17,1346.81,1350.05,1352.76,1355.45,1358.16,1360.55,1362.19,1364.53,1367.04,1368.97,1371.37,1373.61,1375.78,1378.06,1380.19,1383.08,1386.80,1389.51,1391.22,1392.76,1395.17,1398.32,1402.08,1406.86,1411.13,1413.80,1416.29,1419.03,1422.25,1426.34,1430.48,1435.28,1438.42,1441.53,1445.03,1447.79,1450.09,1453.25,1456.96,1460.46,1464.11,1467.89,1471.18,1473.82,1476.36,1478.81,1482.39,1486.34,1487.04,1487.24,1489.57,1494.28,1499.52,1504.81,1509.31,1512.65,1517.90,1521.98,1525.70,1529.40,1533.00,1536.90,1540.76,1544.93,1549.25,1552.26,1555.98,1559.98,1564.00,1568.44,1573.10,1577.85,1582.37,1586.81,1590.51,1591.60,1591.13,1590.66,1590.24,1588.55,1584.23,1579.43,1578.68,1578.99,1579.17,1580.33,1583.28,1585.87,1588.02,1591.58,1595.82,1599.31,1602.43,1605.28,1608.04,1611.94,1617.38,1622.08,1626.09,1629.86,1633.92,1638.18,1642.93,1648.22,1653.35,1657.80,1664.87,1674.23,1679.88,1682.46,1685.30,1691.29,1699.32,1707.90,1716.81,1725.30,1736.84,1749.16,1759.12,1765.00,1766.56,1766.51,1766.66,1767.96,1769.95,1773.95,1779.51,1785.30,1789.35,1791.58,1793.85,1796.13,1797.32,1795.54,1789.37,1779.80,1772.22,1779.92,1798.11,1820.10,1833.64,1838.12,1842.86,1849.28,1841.74,1834.14,1842.09,1846.23,1856.72,1880.02,1896.11,1902.30,1904.13,1899.66,1884.93,1893.84,1911.08,1921.61,1904.85,1883.03,1892.16,1906.49,1904.06,1910.25,1917.39,1928.94,1925.27,1907.22,1917.77,1930.21,1927.98,1924.04,1919.00,1915.41,1910.10,1905.21,1905.94,1912.70,1918.10,1925.45,1939.89,1956.62
1183.31,1185.43,1187.55,1189.64,1192.11,1194.73,1197.22,1199.56,1201.68,1203.00,1205.00,1207.17,1208.99,1210.60,1212.50,1214.33,1216.16,1218.01,1219.79,1221.93,1224.28,1226.68,1229.08,1231.09,1233.33,1236.00,1238.18,1240.21,1242.28,1244.27,1246.41,1248.48,1250.60,1252.95,1254.94,1257.43,1260.05,1262.23,1264.60,1267.16,1269.69,1271.85,1273.98,1276.42,1278.73,1280.72,1283.02,1285.43,1287.69,1289.71,1292.05,1294.91,1297.77,1300.19,1302.18,1304.16,1306.16,1308.24,1310.48,1312.41,1314.43,1317.19,1319.63,1321.70,1324.29,1326.58,1329.09,1330.99,1332.63,1334.34,1336.08,1337.81,1339.68,1342.75,1346.47,1349.71,1352.63,1355.46,1358.37,1361.25,1363.97,1366.63,1369.32,1371.50,1372.84,1375.32,1377.96,1378.72,1380.00,1382.55,1386.09,1389.78,1392.94,1395.37,1397.37,1399.70,1404.60,1409.53,1413.32,1416.67,1418.91,1421.86,1425.80,1427.83,1431.41,1437.02,1441.00,1443.04,1446.53,1449.73,1452.38,1453.81,1456.18,1459.41,1463.02,1467.09,1471.05,1474.55,1477.36,1480.12,1484.54,1489.03,1492.49,1492.73,1493.55,1496.22,1501.03,1506.16,1511.39,1516.77,1521.43,1524.65,1527.84,1531.29,1535.05,1538.87,1543.10,1547.61,1551.49,1554.38,1557.53,1561.34,1564.90,1568.79,1573.20,1577.70,1581.93,1585.97,1588.70,1587.65,1584.57,1581.90,1579.14,1574.18,1570.27,1570.07,1573.11,1575.50,1576.74,1579.33,1582.13,1585.20,1588.19,1591.26,1594.73,1598.25,1601.66,1604.72,1607.73,1610.96,1615.37,1618.85,1622.72,1626.77,1630.91,1635.14,1639.46,1644.52,1649.86,1654.31,1658.38,1665.88,1671.72,1674.55,1679.76,1685.66,1692.32,1700.28,1707.07,1715.73,1726.83,1737.47,1743.42,1747.70,1750.12,1751.16,1751.99,1754.60,1758.45,1763.11,1768.89,1775.06,1779.17,1781.01,1781.82,1782.64,1781.33,1778.75,1773.31,1763.36,1758.89,1778.95,1797.99,1813.84,1823.87,1822.02,1831.69,1834.63,1823.48,1813.58,1821.78,1838.51,1861.21,1877.29,1883.53,1881.87,1886.88,1885.03,1867.73,1880.99,1897.12,1903.71,1896.45,1875.76,1875.99,1887.85,1887.51,1893.45,1903.76,1910.56,1905.84,1889.94,1903.15,1911.42,1906.72,1901.25,1898.17,1896.18,1894.81,1895.77,1901.98,1908.34,1913.78,1920.64,1934.72,1951.85
1183.48,1185.59,1187.61,1189.33,1191.43,1194.07,1196.75,1198.93,1200.29,1202.29,1204.50,1206.72,1208.86,1210.76,1212.51,1214.25,1216.11,1218.02,1219.97,1222.12,1224.51,1227.02,1229.32,1231.79,1234.12,1236.39,1238.58,1240.68,1242.60,1244.55,1246.76,1249.01,1251.11,1252.97,1254.86,1257.25,1259.78,1262.13,1264.66,1267.16,1269.65,1271.81,1273.93,1276.17,1278.39,1280.67,1283.01,1285.47,1287.77,1290.01,1292.20,1294.76,1297.34,1299.76,1301.98,1304.08,1306.35,1308.69,1310.77,1312.70,1314.77,1317.13,1319.63,1321.72,1324.08,1326.27,1329.00,1331.24,1332.97,1334.70,1336.43,1338.21,1340.26,1343.12,1346.46,1349.87,1352.54,1355.17,1357.86,1360.53,1363.27,1366.16,1369.13,1372.87,1376.13,1377.74,1380.03,1381.15,1382.19,1384.22,1386.56,1389.26,1392.29,1395.61,1399.03,1403.09,1408.68,1412.29,1415.21,1418.69,1422.45,1426.52,1430.30,1432.04,1435.26,1439.61,1442.32,1444.78,1447.43,1450.22,1453.39,1455.93,1457.70,1460.06,1464.22,1468.48,1473.17,1478.44,1481.67,1484.84,1489.95,1493.47,1498.95,1499.67,1499.70,1500.33,1502.65,1506.78,1511.89,1517.56,1522.16,1525.90,1528.78,1532.08,1536.11,1540.22,1544.79,1549.26,1552.87,1556.11,1559.24,1562.79,1566.40,1569.94,1573.71,1577.80,1581.22,1582.85,1581.65,1576.98,1571.13,1567.95,1566.44,1565.70,1565.89,1568.41,1571.14,1573.78,1576.67,1579.60,1582.69,1585.96,1589.17,1592.25,1595.39,1598.68,1601.94,1605.04,1608.00,1610.91,1614.23,1617.88,1621.46,1625.20,1628.88,1632.66,1636.89,1641.19,1646.19,1650.84,1655.53,1659.54,1662.53,1668.55,1675.55,1680.89,1686.85,1693.48,1700.85,1707.87,1716.63,1725.17,1730.86,1733.51,1736.53,1740.20,1742.54,1745.48,1750.02,1754.56,1759.43,1766.55,1770.49,1770.77,1768.38,1764.53,1760.10,1758.04,1755.55,1746.41,1758.55,1779.09,1792.59,1803.62,1805.23,1808.70,1822.34,1823.48,1806.73,1797.56,1814.06,1838.26,1858.26,1866.58,1867.40,1866.58,1872.59,1866.81,1853.28,1868.87,1882.48,1883.92,1882.37,1870.57,1859.86,1871.37,1874.52,1878.89,1883.12,1884.16,1883.88,1876.02,1885.99,1889.42,1884.26,1882.61,1883.61,1885.28,1888.22,1895.40,1902.42,1907.25,1911.72,1919.45,1932.97,1951.50
1183.78,1185.67,1187.42,1189.13,1191.05,1193.22,1195.47,1197.55,1199.85,1202.17,1204.42,1206.64,1208.87,1210.78,1212.43,1214.16,1216.03,1217.94,1219.84,1222.09,1224.89,1227.77,1230.25,1232.36,1234.59,1236.78,1238.93,1240.95,1242.88,1244.83,1247.09,1249.35,1251.14,1252.88,1254.77,1257.13,1259.39,1261.69,1264.13,1266.63,1269.37,1271.98,1274.30,1276.60,1278.89,1281.07,1283.24,1285.50,1287.78,1290.02,1292.42,1295.13,1297.91,1300.50,1302.60,1304.72,1307.18,1309.87,1312.30,1314.60,1317.98,1318.70,1320.11,1322.19,1324.30,1326.26,1329.06,1331.51,1333.47,1335.25,1336.97,1338.71,1340.84,1343.72,1347.11,1350.29,1352.90,1355.72,1358.60,1361.36,1363.85,1366.43,1369.07,1372.77,1376.58,1379.62,1381.35,1383.28,1384.91,1386.90,1389.19,1391.32,1393.23,1395.64,1398.47,1402.36,1407.69,1411.48,1415.45,1419.06,1423.03,1427.29,1431.63,1434.74,1437.49,1439.88,1442.55,1445.34,1448.00,1450.75,1453.86,1456.72,1458.81,1461.40,1465.19,1468.94,1473.26,1478.10,1482.85,1488.29,1493.15,1498.03,1501.98,1503.79,1504.99,1506.88,1508.17,1509.39,1512.80,1517.71,1522.15,1526.43,1530.09,1533.17,1537.01,1541.33,1546.58,1550.93,1554.57,1557.80,1561.03,1564.65,1568.35,1571.64,1574.68,1576.11,1577.14,1575.55,1570.57,1564.14,1560.74,1559.99,1559.90,1561.95,1565.00,1568.14,1571.10,1574.11,1577.16,1580.13,1583.31,1586.55,1589.73,1592.73,1595.84,1598.91,1602.06,1605.20,1608.39,1611.48,1614.35,1617.37,1620.72,1624.05,1627.43,1630.89,1635.09,1639.15,1644.02,1649.38,1653.47,1652.23,1654.90,1664.72,1672.02,1676.16,1680.57,1687.10,1694.92,1701.49,1707.67,1714.10,1719.77,1722.86,1725.38,1729.03,1733.14,1738.02,1742.87,1747.42,1751.63,1758.00,1763.29,1763.45,1759.44,1751.82,1745.54,1741.02,1734.66,1740.19,1757.58,1774.52,1787.94,1789.24,1786.97,1802.24,1812.19,1807.09,1789.11,1786.72,1808.97,1829.30,1844.09,1850.04,1848.66,1850.63,1857.29,1849.81,1838.84,1853.36,1867.75,1865.37,1862.60,1859.59,1849.78,1856.88,1863.19,1864.55,1862.31,1861.22,1860.45,1861.14,1866.75,1869.20,1870.16,1872.58,1875.91,1880.47,1890.32,1903.11,1914.45,1918.53,1917.28,1919.05,1927.42,1940.12
1183.76,1185.70,1187.66,1189.49,1191.43,1193.50,1195.64,1197.81,1199.98,1202.21,1204.46,1206.68,1208.92,1210.80,1212.43,1214.08,1215.91,1217.78,1219.70,1222.32,1225.16,1228.01,1230.61,1232.70,1234.78,1237.04,1239.24,1241.25,1243.15,1245.14,1247.36,1249.39,1251.17,1252.82,1254.67,1256.84,1258.70,1260.74,1263.31,1266.25,1269.29,1272.06,1274.57,1277.23,1279.52,1281.16,1283.22,1285.52,1287.81,1290.13,1292.80,1295.57,1298.36,1301.04,1303.32,1305.52,1307.90,1310.39,1313.44,1316.53,1320.08,1322.51,1324.62,1326.91,1328.55,1329.01,1329.58,1331.41,1333.60,1335.69,1337.64,1339.53,1341.84,1344.46,1347.49,1350.43,1353.17,1356.01,1358.82,1361.29,1364.00,1366.74,1369.30,1372.01,1375.26,1377.97,1379.94,1382.26,1385.05,1387.83,1390.35,1392.98,1395.32,1397.69,1399.97,1402.88,1406.66,1410.05,1413.61,1417.55,1422.05,1426.86,1431.17,1433.48,1435.04,1438.91,1442.41,1445.58,1448.57,1451.47,1453.56,1455.13,1457.68,1461.30,1464.94,1468.46,1472.66,1477.38,1482.20,1487.43,1491.95,1497.49,1501.67,1503.92,1507.45,1510.84,1512.69,1513.91,1515.91,1518.48,1522.34,1526.59,1530.53,1534.05,1537.76,1542.19,1548.53,1552.55,1556.36,1560.03,1563.14,1566.00,1569.17,1571.67,1572.22,1571.08,1568.63,1564.17,1557.84,1555.59,1555.83,1556.10,1558.03,1561.57,1564.78,1567.98,1571.14,1574.29,1577.47,1580.55,1583.62,1586.72,1589.71,1592.28,1595.25,1598.30,1601.29,1604.38,1607.81,1611.30,1614.46,1617.69,1620.74,1624.28,1627.90,1631.77,1635.93,1640.24,1644.56,1647.76,1649.02,1643.32,1644.57,1658.14,1665.37,1671.39,1677.25,1684.07,1689.91,1695.39,1701.18,1706.22,1710.90,1714.27,1717.45,1720.78,1726.54,1732.43,1736.82,1741.80,1745.66,1749.16,1754.24,1755.37,1750.22,1741.10,1732.08,1724.40,1724.58,1742.50,1758.52,1776.12,1782.66,1773.75,1779.05,1794.59,1800.54,1792.91,1777.25,1780.40,1801.62,1817.69,1829.18,1836.07,1834.52,1836.03,1840.61,1836.14,1826.77,1840.63,1851.73,1848.31,1844.89,1845.98,1836.21,1845.82,1851.40,1847.87,1845.36,1846.15,1849.47,1853.42,1857.87,1861.47,1865.56,1870.84,1878.63,1886.49,1897.90,1916.17,1931.84,1936.27,1934.40,1927.79,1926.22,1932.14
1183.72,1185.68,1187.66,1189.76,1191.81,1193.86,1195.99,1198.07,1200.16,1202.30,1204.46,1206.63,1208.78,1210.67,1212.31,1214.13,1216.23,1217.74,1219.49,1222.31,1225.17,1227.98,1230.60,1232.62,1234.66,1237.00,1239.33,1241.37,1243.30,1245.41,1247.39,1249.29,1251.11,1252.88,1254.66,1256.42,1258.17,1260.19,1263.29,1266.46,1269.58,1272.10,1274.22,1277.05,1279.86,1280.94,1283.12,1285.57,1287.86,1290.23,1292.82,1295.58,1298.34,1300.86,1303.03,1305.19,1307.30,1309.47,1312.86,1316.37,1319.06,1320.78,1325.89,1329.94,1330.44,1330.64,1331.15,1332.07,1333.85,1335.87,1337.97,1340.05,1342.52,1345.13,1348.13,1350.90,1353.34,1356.00,1358.47,1360.51,1363.35,1366.13,1368.73,1371.16,1373.74,1376.25,1378.57,1381.11,1383.95,1386.79,1389.59,1392.04,1394.40,1396.74,1398.97,1401.73,1404.99,1408.18,1411.12,1414.97,1419.71,1424.27,1428.40,1429.40,1432.15,1436.54,1439.96,1443.53,1447.31,1449.50,1450.71,1452.36,1455.93,1460.81,1464.36,1467.58,1471.17,1475.39,1479.03,1481.01,1485.31,1490.68,1495.71,1499.58,1504.05,1509.70,1513.36,1516.64,1519.91,1521.21,1523.50,1527.28,1530.31,1534.44,1538.82,1543.92,1550.02,1553.66,1556.77,1559.81,1560.98,1561.42,1563.55,1565.68,1565.22,1562.13,1557.31,1551.92,1548.93,1549.41,1552.02,1554.40,1557.92,1561.39,1564.54,1567.74,1570.99,1574.28,1577.57,1580.71,1583.47,1586.43,1589.21,1592.04,1595.03,1598.08,1601.50,1605.87,1609.22,1612.28,1615.63,1618.47,1620.59,1622.49,1624.59,1628.81,1633.44,1638.54,1640.82,1638.31,1637.59,1629.97,1634.70,1647.01,1656.07,1666.80,1674.45,1681.87,1685.63,1688.35,1693.75,1700.21,1704.67,1708.08,1712.53,1717.15,1722.93,1727.45,1731.57,1736.65,1739.94,1742.68,1745.21,1745.80,1742.12,1731.96,1719.91,1715.45,1732.78,1750.91,1763.87,1774.11,1773.98,1764.43,1773.17,1785.16,1791.15,1784.25,1769.69,1776.76,1795.67,1805.01,1813.49,1822.43,1820.36,1820.21,1825.35,1821.36,1813.64,1828.11,1832.49,1831.95,1830.59,1829.80,1823.96,1831.87,1835.75,1834.15,1836.79,1841.06,1845.82,1850.87,1857.62,1863.70,1868.49,1876.65,1889.02,1899.80,1909.05,1929.66,1948.02,1953.07,1951.71,1944.93,1939.41,1935.53
1183.70,1185.66,1187.61,1189.61,1191.71,1193.93,1196.17,1198.35,1200.37,1202.37,1204.44,1206.50,1208.59,1210.47,1212.18,1214.37,1216.82,1219.09,1220.61,1222.59,1225.40,1228.19,1230.54,1232.46,1234.52,1236.73,1238.89,1240.95,1243.43,1245.95,1247.96,1249.86,1251.66,1253.45,1255.26,1257.06,1258.82,1260.93,1263.69,1266.65,1269.63,1271.80,1273.80,1276.01,1278.71,1280.69,1283.18,1285.66,1287.97,1290.35,1292.92,1295.53,1298.10,1300.52,1302.62,1304.81,1307.12,1309.50,1312.27,1314.37,1316.45,1318.49,1323.84,1329.09,1330.41,1330.88,1331.57,1332.63,1334.48,1336.47,1338.44,1340.65,1343.63,1346.44,1349.01,1351.40,1353.96,1356.44,1359.11,1361.20,1363.37,1365.81,1368.21,1370.81,1373.68,1376.67,1379.37,1381.75,1384.28,1386.92,1389.70,1392.14,1394.51,1397.05,1399.61,1401.94,1404.48,1406.92,1409.49,1412.89,1416.76,1419.26,1421.20,1423.96,1428.44,1431.30,1434.89,1438.94,1441.07,1442.90,1446.78,1449.56,1450.09,1453.91,1458.29,1459.31,1462.19,1468.89,1470.58,1471.15,1473.76,1479.83,1484.17,1488.61,1493.64,1501.67,1508.66,1511.99,1519.53,1522.54,1524.60,1527.03,1530.02,1533.59,1537.64,1542.37,1547.08,1550.03,1551.68,1552.34,1552.19,1551.22,1551.86,1553.61,1553.27,1550.51,1547.26,1545.53,1545.23,1547.59,1550.58,1553.91,1557.24,1560.48,1563.70,1567.03,1570.28,1573.69,1577.28,1580.70,1583.43,1586.69,1589.87,1593.37,1597.06,1601.16,1606.27,1610.05,1612.07,1614.06,1614.98,1614.89,1614.64,1613.66,1614.19,1618.45,1624.45,1627.86,1625.18,1621.47,1619.27,1615.67,1623.59,1632.13,1648.53,1659.84,1666.84,1674.90,1680.15,1683.31,1688.27,1694.10,1699.79,1705.14,1710.80,1715.81,1720.13,1723.51,1727.34,1730.38,1732.44,1734.28,1736.35,1736.61,1732.15,1719.06,1708.74,1719.33,1739.81,1749.19,1754.06,1761.66,1762.69,1755.63,1763.74,1771.47,1779.43,1773.40,1762.02,1772.48,1786.42,1793.88,1800.55,1803.66,1802.94,1804.02,1808.77,1806.34,1804.73,1814.59,1813.59,1812.39,1813.37,1815.41,1816.40,1819.63,1825.51,1832.88,1839.07,1844.59,1851.67,1859.30,1867.72,1876.13,1882.08,1884.72,1900.01,1915.76,1926.27,1940.95,1958.49,1966.85,1968.49,1969.46,1965.15,1956.82
1183.81,1185.73,1187.66,1189.57,1191.73,1193.99,1196.26,1198.52,1200.64,1202.59,1204.60,1206.65,1208.58,1210.31,1212.26,1214.67,1217.05,1219.43,1222.01,1223.93,1226.30,1228.63,1230.64,1232.68,1235.10,1236.72,1238.61,1241.26,1244.04,1246.55,1248.54,1250.45,1252.30,1254.12,1255.93,1257.73,1259.58,1262.09,1264.86,1267.61,1269.99,1271.48,1273.40,1275.46,1278.98,1281.87,1284.31,1286.67,1288.53,1290.76,1293.23,1295.76,1298.40,1300.76,1302.78,1304.94,1307.36,1309.61,1312.03,1314.27,1316.41,1318.44,1321.55,1326.17,1329.16,1330.14,1331.35,1333.23,1335.16,1337.25,1339.34,1341.76,1344.89,1348.39,1351.25,1353.45,1356.08,1358.46,1360.23,1362.33,1364.47,1367.05,1369.33,1371.55,1374.63,1377.80,1380.34,1382.60,1385.04,1387.50,1390.02,1392.46,1394.84,1397.55,1400.06,1402.58,1405.28,1407.89,1410.11,1412.21,1414.95,1417.35,1419.10,1421.58,1425.14,1428.34,1432.22,1436.16,1437.88,1439.66,1443.01,1446.41,1448.30,1450.79,1453.46,1455.53,1458.74,1463.41,1466.14,1467.53,1469.23,1472.44,1477.11,1480.01,1485.83,1495.17,1500.01,1505.32,1514.87,1519.68,1521.71,1523.16,1525.82,1528.09,1529.81,1532.92,1536.91,1538.72,1540.57,1541.56,1541.67,1540.84,1540.17,1541.30,1542.01,1540.99,1540.16,1542.12,1544.92,1547.40,1550.32,1553.63,1556.75,1559.92,1563.12,1566.44,1569.03,1571.84,1575.49,1579.52,1582.93,1585.81,1589.89,1592.66,1595.00,1599.94,1605.13,1608.53,1609.43,1610.44,1609.56,1606.86,1602.29,1597.88,1599.21,1606.25,1611.13,1612.31,1609.05,1603.90,1604.85,1610.61,1619.33,1627.93,1637.62,1648.66,1659.12,1667.74,1675.15,1680.67,1686.26,1691.96,1697.61,1703.43,1708.95,1712.41,1715.10,1717.79,1718.88,1718.75,1720.13,1722.64,1724.65,1724.40,1717.99,1706.27,1703.69,1719.10,1731.77,1734.42,1736.59,1743.64,1747.95,1744.98,1753.53,1760.71,1766.74,1759.49,1757.77,1768.32,1776.48,1780.72,1785.57,1788.63,1788.82,1791.76,1797.31,1795.83,1795.22,1799.58,1800.15,1801.47,1804.34,1808.47,1814.87,1823.08,1831.82,1839.27,1845.59,1853.22,1864.34,1872.10,1883.08,1894.71,1902.48,1897.50,1911.32,1932.33,1946.27,1954.32,1967.82,1980.87,1986.19,1987.33,1984.24,1980.62
1183.88,1185.75,1187.68,1189.57,1191.74,1194.07,1196.40,1198.79,1201.10,1202.90,1204.80,1206.74,1208.47,1210.24,1212.43,1214.76,1217.05,1219.32,1221.74,1224.12,1226.50,1228.70,1230.97,1233.64,1236.50,1238.57,1239.89,1242.19,1244.73,1247.11,1248.90,1250.67,1252.65,1254.61,1256.52,1258.38,1260.34,1262.95,1265.75,1268.51,1270.76,1271.81,1272.78,1275.85,1280.65,1283.24,1285.68,1288.10,1290.18,1292.72,1295.08,1297.16,1299.08,1301.13,1302.92,1304.98,1307.36,1309.54,1311.53,1313.55,1315.87,1318.31,1320.95,1324.12,1326.86,1329.49,1331.74,1333.87,1335.86,1338.00,1340.23,1342.78,1345.70,1348.91,1352.33,1355.46,1358.15,1360.37,1361.98,1363.62,1365.77,1368.26,1370.59,1372.79,1375.45,1378.56,1380.73,1382.72,1385.18,1387.61,1390.04,1392.29,1394.56,1397.62,1400.77,1403.37,1405.97,1408.55,1410.68,1412.49,1415.74,1419.08,1420.81,1422.48,1425.15,1428.34,1431.38,1434.32,1437.25,1440.07,1441.98,1444.55,1446.95,1449.00,1451.03,1454.17,1457.56,1460.85,1463.58,1466.38,1469.54,1473.02,1476.57,1479.03,1480.87,1485.89,1489.53,1494.34,1501.77,1504.69,1508.50,1514.04,1517.37,1519.14,1519.93,1521.51,1524.52,1526.65,1527.89,1529.18,1529.79,1530.26,1530.83,1532.67,1535.23,1536.74,1539.85,1542.91,1546.03,1548.36,1550.99,1554.47,1557.64,1560.61,1563.23,1565.08,1566.37,1568.10,1570.68,1573.42,1575.95,1577.41,1579.43,1581.53,1582.18,1583.44,1586.30,1590.81,1594.31,1595.48,1593.92,1589.49,1584.01,1581.91,1585.22,1591.12,1595.13,1595.12,1591.80,1593.05,1606.28,1621.65,1632.17,1638.26,1644.37,1657.19,1668.67,1673.90,1679.50,1683.43,1687.81,1692.44,1697.47,1702.04,1704.80,1705.97,1705.61,1704.22,1702.17,1700.11,1701.95,1705.25,1707.74,1707.48,1704.96,1699.80,1700.40,1713.82,1721.85,1722.69,1724.90,1730.79,1734.11,1734.86,1740.10,1749.26,1753.59,1748.65,1755.04,1760.74,1765.19,1769.83,1773.99,1777.34,1777.96,1782.44,1785.92,1785.01,1787.99,1791.00,1795.16,1799.80,1807.11,1813.23,1821.11,1829.15,1836.92,1845.20,1854.32,1860.19,1877.51,1888.57,1897.75,1913.74,1923.34,1915.96,1924.69,1945.95,1965.31,1976.69,1977.81,1992.37,2003.63,2005.68,2001.81,2000.42
1183.88,1185.73,1187.64,1189.45,1191.57,1194.04,1196.52,1199.00,1201.19,1202.87,1204.76,1206.69,1208.46,1210.27,1212.50,1214.79,1217.00,1219.10,1221.29,1223.63,1226.01,1228.33,1230.83,1234.13,1237.58,1240.23,1241.63,1243.49,1245.19,1247.14,1248.74,1250.44,1252.47,1254.50,1256.54,1258.61,1260.76,1263.10,1265.83,1268.52,1270.91,1271.90,1272.65,1276.68,1280.94,1283.67,1286.32,1288.70,1290.69,1293.73,1297.14,1299.57,1301.14,1302.52,1304.01,1305.66,1307.33,1308.97,1311.27,1313.68,1316.36,1319.00,1321.74,1324.44,1326.93,1329.40,1331.50,1333.88,1336.48,1338.71,1341.03,1343.71,1346.35,1348.78,1351.89,1356.09,1359.48,1361.53,1363.29,1365.18,1367.61,1369.65,1371.38,1373.67,1376.06,1378.59,1380.87,1382.84,1385.22,1387.57,1389.82,1392.00,1394.20,1397.13,1399.63,1401.95,1404.79,1407.33,1409.75,1412.26,1415.28,1418.07,1420.44,1422.95,1425.50,1428.18,1430.80,1433.92,1437.25,1440.27,1442.34,1444.61,1447.08,1449.01,1450.69,1453.76,1457.03,1460.22,1463.25,1466.10,1469.10,1472.97,1477.31,1480.71,1483.09,1485.38,1487.78,1491.46,1495.33,1496.16,1497.13,1500.18,1506.95,1510.73,1511.11,1511.60,1513.70,1516.25,1520.15,1523.30,1525.19,1526.71,1528.61,1531.18,1534.60,1538.42,1541.71,1544.41,1547.20,1549.94,1552.81,1555.03,1557.10,1559.54,1561.06,1561.26,1561.22,1560.37,1559.30,1559.10,1557.39,1556.08,1556.38,1556.95,1558.27,1560.92,1563.89,1567.96,1572.83,1575.77,1576.31,1574.34,1570.99,1572.23,1576.03,1578.57,1580.86,1580.89,1582.38,1592.45,1604.14,1615.30,1625.26,1631.83,1642.17,1657.14,1665.79,1669.21,1674.65,1681.78,1686.88,1691.85,1694.21,1696.10,1696.80,1694.81,1691.21,1687.51,1683.98,1681.86,1684.19,1687.62,1690.39,1691.88,1693.40,1690.82,1694.88,1703.16,1708.76,1711.80,1715.03,1719.02,1723.32,1726.00,1732.23,1738.79,1740.36,1745.76,1750.21,1751.54,1755.15,1760.33,1764.86,1767.32,1771.10,1774.82,1776.33,1779.66,1786.89,1793.61,1800.32,1806.85,1814.12,1820.29,1828.27,1839.22,1849.66,1857.07,1870.64,1874.79,1881.10,1900.39,1914.19,1929.48,1944.31,1945.95,1942.19,1957.40,1982.12,1995.94,1995.95,2001.15,2016.96,2024.65,2023.16,2021.24
1183.89,1185.71,1187.49,1189.22,1191.21,1193.51,1195.96,1198.20,1200.18,1202.23,1204.53,1206.60,1208.46,1210.35,1212.52,1214.65,1216.74,1218.82,1220.98,1223.23,1225.50,1227.64,1229.85,1232.79,1236.60,1239.69,1241.28,1242.30,1244.25,1246.52,1248.46,1250.19,1252.18,1254.25,1256.37,1258.58,1260.87,1263.26,1265.78,1268.30,1270.45,1269.84,1272.72,1277.22,1281.10,1283.56,1285.42,1287.12,1289.56,1293.21,1297.06,1300.05,1301.39,1302.88,1304.51,1306.25,1307.80,1309.30,1311.28,1313.72,1316.44,1318.90,1321.22,1323.46,1325.67,1327.88,1330.22,1333.35,1336.48,1339.23,1341.99,1344.70,1347.39,1349.79,1352.50,1356.48,1360.24,1362.62,1364.61,1366.85,1369.26,1370.93,1372.27,1374.41,1376.67,1378.80,1380.91,1383.07,1385.26,1387.38,1389.40,1391.68,1394.13,1396.68,1398.74,1401.12,1403.94,1406.50,1409.22,1412.12,1415.11,1418.28,1421.16,1423.84,1426.68,1429.40,1431.85,1434.61,1438.01,1440.95,1442.92,1445.51,1448.75,1451.11,1452.93,1455.62,1458.63,1461.58,1464.32,1467.11,1469.92,1473.24,1477.06,1480.13,1482.65,1485.19,1487.60,1489.86,1491.80,1494.32,1497.87,1499.82,1501.26,1504.08,1505.94,1507.83,1509.98,1516.28,1521.14,1523.17,1525.28,1527.45,1530.09,1533.17,1536.73,1540.42,1542.91,1545.23,1547.71,1550.24,1550.46,1550.11,1550.47,1550.17,1548.91,1546.62,1544.43,1541.93,1539.20,1535.87,1532.19,1530.28,1529.31,1529.13,1531.18,1536.02,1539.20,1543.55,1548.00,1553.23,1559.32,1560.90,1561.74,1565.67,1569.40,1570.84,1571.54,1574.62,1580.65,1587.65,1596.58,1603.41,1612.02,1621.95,1634.52,1648.44,1654.62,1658.13,1669.69,1681.28,1686.29,1687.42,1681.42,1677.16,1675.42,1674.09,1672.00,1668.88,1666.67,1667.90,1671.63,1674.58,1677.78,1679.33,1681.05,1685.73,1692.24,1696.85,1700.48,1703.19,1707.82,1710.84,1716.86,1721.39,1727.19,1731.45,1738.30,1740.93,1742.73,1745.83,1749.64,1754.10,1757.76,1761.81,1766.14,1768.29,1772.99,1782.38,1792.44,1799.89,1805.24,1811.65,1822.64,1832.12,1837.89,1846.75,1863.10,1871.79,1881.81,1893.47,1889.98,1902.90,1919.54,1936.70,1955.61,1966.51,1961.83,1967.58,1991.55,2011.04,2014.84,2011.68,2025.95,2037.29,2041.27,2040.99
1183.98,1185.81,1187.54,1189.18,1191.10,1193.19,1195.38,1197.55,1199.74,1202.03,1204.36,1206.44,1208.34,1210.33,1212.41,1214.49,1216.59,1218.70,1220.86,1223.14,1225.39,1227.52,1229.68,1231.91,1234.99,1237.53,1239.05,1241.11,1243.46,1245.76,1247.84,1249.81,1251.72,1253.76,1255.80,1258.11,1260.69,1262.93,1264.73,1266.71,1268.59,1268.73,1272.46,1276.74,1280.35,1282.28,1284.50,1287.17,1289.98,1292.83,1295.60,1298.06,1300.09,1301.97,1303.85,1305.67,1307.28,1308.95,1311.03,1313.89,1317.03,1320.09,1322.04,1324.09,1326.19,1328.36,1330.79,1333.54,1336.44,1339.30,1342.46,1345.52,1348.36,1350.82,1353.28,1357.01,1360.13,1362.50,1364.87,1367.42,1369.79,1371.74,1373.25,1375.27,1377.53,1379.60,1381.45,1383.86,1386.02,1388.40,1390.91,1394.34,1397.88,1400.07,1401.13,1403.35,1406.04,1408.02,1410.18,1413.13,1415.98,1419.25,1422.41,1425.26,1428.08,1430.76,1433.28,1435.90,1438.66,1441.33,1443.53,1446.26,1449.20,1451.59,1453.95,1456.48,1459.00,1461.67,1464.41,1467.46,1470.46,1473.47,1476.61,1479.64,1482.01,1484.32,1486.61,1488.88,1491.49,1494.65,1498.39,1501.80,1504.59,1506.70,1509.31,1511.31,1514.39,1519.55,1522.41,1524.18,1526.13,1528.58,1531.36,1534.01,1535.94,1538.57,1540.27,1541.51,1541.68,1538.28,1534.84,1532.26,1532.26,1531.45,1529.63,1527.01,1523.66,1519.91,1516.51,1514.80,1514.08,1514.31,1514.84,1515.66,1519.59,1520.65,1521.85,1527.14,1532.69,1537.32,1542.91,1548.91,1553.81,1558.50,1561.29,1562.83,1567.71,1573.59,1577.82,1583.63,1590.10,1596.46,1604.30,1615.32,1625.73,1631.32,1639.16,1654.36,1670.36,1681.55,1682.03,1675.06,1668.06,1662.90,1656.54,1654.63,1653.21,1652.66,1655.42,1659.58,1664.71,1667.26,1669.54,1671.58,1678.75,1682.30,1686.51,1690.05,1693.95,1701.40,1706.72,1712.54,1719.60,1725.02,1730.06,1732.86,1733.63,1733.48,1737.52,1742.43,1745.61,1749.09,1753.30,1758.13,1762.79,1770.16,1777.41,1785.35,1795.03,1806.08,1814.72,1825.55,1836.14,1847.79,1856.68,1860.07,1867.74,1884.63,1893.81,1908.48,1908.94,1908.72,1923.10,1937.31,1956.45,1973.37,1979.34,1976.72,1988.77,2012.49,2028.44,2030.37,2032.43,2047.83,2057.71,2061.07
1184.10,1185.97,1187.94,1189.73,1191.57,1193.67,1195.35,1197.30,1199.79,1202.02,1204.23,1206.31,1208.27,1210.29,1212.40,1214.54,1216.68,1218.82,1220.95,1223.14,1225.38,1227.45,1229.61,1231.77,1233.91,1236.03,1238.39,1240.73,1243.06,1245.59,1247.73,1249.65,1250.88,1252.80,1254.99,1257.11,1259.10,1260.59,1262.04,1263.80,1266.04,1269.80,1273.19,1276.31,1279.46,1282.14,1284.84,1287.54,1290.12,1292.59,1294.99,1297.44,1299.87,1301.72,1303.43,1305.25,1307.03,1308.80,1311.22,1314.33,1317.41,1320.38,1322.82,1325.07,1327.21,1329.25,1331.74,1334.44,1337.19,1340.20,1343.17,1346.17,1349.25,1351.76,1354.08,1356.80,1359.28,1361.72,1364.15,1366.67,1369.30,1371.92,1374.03,1376.12,1378.39,1380.70,1382.68,1384.76,1387.11,1389.60,1393.15,1397.02,1400.84,1403.00,1404.44,1406.39,1408.74,1409.95,1411.18,1413.93,1416.86,1419.88,1423.09,1426.13,1429.09,1431.48,1433.97,1436.70,1439.40,1441.85,1444.15,1446.42,1448.87,1451.23,1453.39,1455.72,1457.89,1460.39,1463.30,1466.45,1469.63,1472.43,1475.72,1479.01,1481.67,1483.99,1486.48,1488.93,1491.66,1494.93,1498.12,1501.85,1506.45,1509.85,1512.42,1514.18,1515.86,1518.04,1520.50,1521.66,1522.81,1525.40,1528.59,1529.95,1530.15,1530.48,1529.27,1526.57,1519.82,1514.32,1509.97,1509.13,1510.03,1508.95,1507.20,1505.92,1503.76,1501.22,1500.17,1503.10,1505.69,1507.46,1508.76,1511.59,1516.57,1518.03,1519.14,1522.65,1527.27,1531.85,1535.53,1539.42,1546.55,1552.77,1555.07,1558.16,1564.79,1569.87,1573.04,1579.32,1584.66,1589.79,1597.37,1605.22,1612.38,1622.95,1639.44,1659.07,1672.26,1677.26,1670.86,1660.15,1651.91,1647.20,1643.26,1641.76,1643.99,1647.95,1652.38,1656.09,1658.85,1659.82,1662.53,1667.43,1672.55,1676.49,1680.86,1685.47,1691.61,1699.05,1705.76,1711.71,1716.48,1720.76,1722.31,1724.58,1726.02,1729.40,1735.16,1740.39,1746.25,1751.84,1756.60,1761.99,1770.49,1785.80,1793.54,1802.00,1810.51,1815.23,1825.09,1837.67,1847.45,1858.41,1873.34,1879.09,1876.31,1885.00,1900.82,1919.52,1927.10,1925.71,1931.16,1946.65,1961.30,1977.33,1992.80,1997.30,1996.61,2010.68,2032.88,2047.07,2044.99,2058.38,2071.50,2075.28
1184.19,1186.06,1188.11,1190.32,1193.46,1196.41,1198.03,1198.23,1199.94,1202.13,1204.34,1206.43,1208.31,1210.23,1212.43,1214.65,1216.83,1219.00,1221.12,1223.26,1225.40,1227.50,1229.64,1231.71,1233.70,1235.87,1238.03,1240.34,1243.31,1245.28,1247.07,1248.93,1250.16,1251.62,1253.49,1255.36,1257.54,1259.73,1262.07,1265.19,1269.20,1272.16,1274.64,1277.44,1280.07,1282.60,1285.22,1287.80,1290.36,1292.77,1295.21,1297.66,1299.96,1301.72,1303.32,1305.48,1307.55,1309.31,1311.96,1315.31,1318.50,1320.98,1322.98,1325.17,1327.46,1329.80,1332.48,1335.23,1337.94,1340.81,1343.81,1346.78,1349.72,1352.58,1355.13,1357.53,1359.66,1362.13,1364.74,1367.31,1369.67,1372.12,1374.41,1376.65,1378.82,1381.00,1383.20,1385.41,1387.54,1389.86,1393.43,1397.29,1400.76,1403.49,1406.14,1408.59,1410.79,1412.10,1413.51,1415.76,1418.26,1420.80,1423.69,1426.73,1429.65,1432.10,1434.43,1436.98,1439.29,1441.78,1444.49,1447.29,1449.83,1452.01,1454.13,1456.26,1458.46,1460.79,1463.30,1465.95,1468.60,1471.44,1474.76,1478.17,1481.17,1483.71,1486.39,1489.12,1492.31,1495.89,1499.34,1502.76,1505.35,1508.44,1509.90,1510.43,1511.05,1511.76,1513.22,1514.19,1514.33,1514.79,1515.46,1515.07,1513.27,1509.80,1506.37,1501.86,1494.31,1490.58,1486.60,1486.20,1488.66,1488.81,1489.61,1491.70,1495.62,1496.13,1497.02,1499.78,1502.74,1505.67,1508.55,1510.85,1514.16,1516.47,1519.23,1522.42,1525.04,1528.01,1531.07,1535.13,1539.39,1544.52,1549.66,1553.17,1559.05,1565.22,1568.56,1574.84,1581.01,1586.27,1591.71,1598.63,1608.72,1623.85,1638.71,1655.19,1668.61,1666.44,1653.20,1641.61,1636.16,1633.99,1634.30,1637.23,1642.22,1642.30,1645.60,1648.56,1651.90,1656.41,1660.48,1666.44,1672.71,1677.71,1682.40,1685.96,1689.51,1695.58,1701.95,1707.46,1710.90,1713.55,1717.13,1723.31,1729.94,1738.40,1746.14,1753.08,1763.73,1770.64,1778.29,1781.65,1788.98,1804.81,1819.84,1825.28,1837.33,1836.91,1838.37,1847.99,1858.82,1872.63,1887.57,1895.19,1893.94,1891.65,1902.95,1925.62,1943.98,1948.84,1946.90,1960.42,1975.09,1984.81,2003.73,2018.00,2014.90,2019.39,2037.38,2057.64,2065.64,2071.51,2083.93,2089.14
1184.30,1186.16,1188.18,1190.45,1193.96,1197.61,1200.32,1200.82,1200.99,1202.49,1204.78,1206.90,1208.66,1210.25,1212.48,1214.81,1217.09,1219.29,1221.44,1223.50,1225.56,1227.69,1229.75,1231.69,1233.68,1235.82,1238.18,1240.63,1241.91,1242.24,1244.09,1246.35,1249.04,1251.26,1253.54,1256.05,1258.70,1261.17,1263.90,1267.13,1270.34,1272.77,1275.28,1277.77,1280.16,1282.63,1285.11,1287.77,1290.38,1292.82,1295.26,1297.66,1299.91,1301.44,1303.38,1305.77,1308.09,1310.18,1313.10,1316.32,1319.50,1321.63,1323.68,1326.02,1328.07,1330.28,1332.90,1335.65,1338.39,1341.02,1343.77,1346.53,1349.33,1352.53,1355.95,1358.84,1361.19,1363.51,1366.11,1368.71,1370.88,1372.81,1374.84,1376.83,1378.58,1380.36,1382.58,1385.09,1387.49,1389.69,1393.16,1397.14,1400.68,1403.42,1406.13,1408.81,1411.30,1413.27,1415.06,1416.93,1418.77,1420.91,1423.68,1426.63,1429.60,1432.02,1434.12,1436.37,1438.70,1441.13,1444.11,1447.20,1450.14,1452.34,1453.90,1455.56,1458.05,1460.55,1462.92,1465.39,1468.09,1470.82,1473.70,1477.08,1480.44,1483.53,1486.29,1488.95,1492.11,1494.59,1497.50,1497.86,1496.69,1496.80,1498.93,1502.09,1504.12,1503.03,1501.20,1498.61,1496.25,1494.11,1490.93,1490.34,1491.28,1486.79,1481.08,1478.10,1475.88,1475.78,1476.95,1479.26,1481.88,1484.31,1486.09,1488.24,1490.63,1493.51,1496.74,1501.19,1504.89,1508.06,1511.97,1514.88,1516.68,1519.85,1522.09,1526.16,1528.32,1528.67,1529.78,1533.28,1536.98,1539.57,1543.48,1548.62,1554.40,1560.34,1565.14,1570.86,1577.41,1583.28,1587.51,1594.34,1604.65,1614.96,1625.84,1641.28,1657.69,1653.02,1636.80,1628.88,1627.20,1627.00,1630.79,1635.74,1637.61,1639.19,1644.40,1648.61,1654.01,1658.89,1667.25,1677.30,1687.03,1691.95,1695.37,1696.30,1696.74,1698.87,1701.85,1705.50,1709.46,1716.73,1724.98,1737.84,1748.56,1755.21,1764.42,1779.69,1792.07,1796.66,1803.87,1802.76,1805.30,1819.88,1841.25,1852.07,1858.08,1859.74,1857.95,1862.04,1871.95,1885.45,1903.86,1916.06,1916.61,1909.56,1915.66,1928.99,1950.81,1968.34,1972.82,1975.36,1993.08,2005.68,2016.50,2034.23,2036.27,2035.25,2049.40,2066.69,2082.97,2090.04,2098.15,2105.95
1184.38,1186.25,1188.16,1190.23,1193.77,1197.55,1200.62,1202.15,1202.81,1203.59,1205.28,1207.30,1208.78,1210.25,1212.45,1214.80,1217.16,1219.54,1221.68,1223.72,1225.71,1227.65,1229.41,1231.43,1233.58,1235.54,1237.43,1239.08,1239.23,1240.23,1243.24,1247.02,1250.35,1252.19,1254.52,1257.28,1259.60,1261.99,1264.45,1267.09,1269.61,1272.26,1274.92,1277.55,1280.04,1282.38,1284.80,1287.45,1290.07,1292.44,1294.76,1297.05,1299.30,1301.29,1303.60,1305.97,1308.35,1310.94,1313.95,1317.04,1320.00,1322.28,1324.67,1327.09,1329.53,1331.91,1333.99,1336.55,1338.87,1341.04,1343.83,1346.68,1349.59,1352.93,1356.40,1359.69,1362.19,1364.37,1366.66,1369.00,1371.08,1372.65,1374.00,1375.73,1377.81,1379.70,1382.03,1384.60,1387.17,1389.61,1393.14,1397.16,1400.26,1402.92,1405.62,1408.28,1410.62,1412.34,1414.08,1416.28,1418.19,1420.17,1422.93,1425.89,1428.86,1431.22,1433.10,1435.13,1437.72,1440.41,1443.26,1445.94,1448.43,1450.27,1451.01,1452.06,1454.78,1458.39,1461.39,1463.88,1466.56,1469.27,1472.80,1476.63,1480.11,1481.89,1482.52,1483.36,1485.92,1487.84,1487.29,1483.74,1481.68,1479.42,1480.83,1484.18,1486.53,1483.09,1478.85,1473.85,1471.56,1469.64,1466.42,1464.81,1465.97,1466.72,1467.17,1468.69,1470.89,1474.65,1479.51,1482.22,1484.83,1487.65,1489.44,1490.78,1492.88,1497.54,1501.38,1504.61,1508.52,1510.88,1515.35,1519.46,1522.31,1525.11,1526.88,1529.76,1533.66,1535.10,1536.18,1536.45,1537.68,1540.41,1542.80,1546.43,1550.82,1555.73,1560.64,1566.05,1571.89,1578.99,1581.01,1586.02,1594.56,1604.13,1613.84,1628.62,1645.66,1642.93,1625.06,1620.38,1621.80,1622.67,1626.38,1629.19,1634.02,1640.14,1649.90,1657.33,1664.37,1670.74,1683.40,1697.61,1708.08,1713.26,1720.67,1720.98,1722.03,1724.42,1723.22,1722.34,1728.32,1735.95,1744.76,1756.10,1767.70,1779.92,1790.53,1803.19,1812.58,1817.25,1821.27,1825.04,1829.30,1837.31,1851.65,1869.01,1879.64,1882.21,1880.02,1881.26,1888.50,1896.93,1914.00,1930.47,1935.47,1928.15,1930.37,1941.01,1956.12,1976.70,1993.31,1999.51,2008.16,2022.74,2033.35,2049.08,2056.68,2058.58,2069.03,2085.69,2101.91,2112.97,2115.43,2123.28
1184.39,1186.23,1188.00,1189.94,1193.43,1197.29,1200.34,1201.93,1203.11,1204.54,1205.95,1207.52,1208.78,1210.25,1212.45,1214.75,1217.14,1219.57,1221.75,1223.36,1224.35,1226.14,1228.06,1230.66,1232.33,1233.26,1234.52,1237.37,1240.72,1242.00,1244.55,1248.37,1251.25,1253.19,1255.51,1258.33,1260.79,1263.06,1265.40,1267.73,1270.13,1272.55,1274.95,1277.41,1279.82,1282.13,1284.48,1287.00,1289.36,1291.68,1294.00,1296.34,1298.70,1301.07,1303.52,1305.91,1308.34,1310.95,1313.92,1316.93,1319.87,1322.38,1324.84,1327.32,1330.19,1333.26,1334.88,1336.69,1338.78,1340.87,1343.78,1346.72,1349.71,1353.07,1356.51,1359.74,1361.94,1363.74,1365.95,1368.08,1369.75,1371.07,1372.38,1374.22,1376.36,1378.89,1381.72,1384.46,1387.08,1389.77,1393.35,1397.09,1399.57,1402.12,1404.74,1407.22,1409.49,1411.26,1413.08,1415.49,1417.49,1419.45,1422.15,1425.08,1427.84,1430.19,1432.01,1433.90,1436.32,1438.90,1441.29,1443.67,1445.55,1446.99,1448.20,1449.78,1453.18,1457.16,1460.74,1463.84,1466.99,1469.93,1472.83,1474.37,1474.91,1475.27,1474.33,1472.68,1472.48,1470.19,1465.17,1460.27,1459.89,1459.36,1461.08,1463.99,1463.24,1459.73,1455.91,1455.33,1454.55,1453.92,1454.13,1456.23,1459.53,1461.00,1464.29,1469.35,1472.50,1476.90,1480.95,1484.40,1487.55,1490.49,1492.81,1495.24,1497.73,1500.77,1506.29,1510.40,1513.18,1515.11,1518.60,1523.03,1526.48,1530.31,1534.22,1537.38,1540.25,1542.70,1546.72,1548.13,1546.62,1547.20,1547.60,1548.27,1549.93,1552.88,1556.37,1559.87,1563.56,1568.84,1573.81,1578.30,1582.46,1592.00,1603.10,1616.63,1632.95,1629.21,1616.98,1613.68,1615.68,1620.16,1627.87,1634.67,1644.28,1649.53,1656.69,1665.46,1672.90,1682.40,1695.20,1711.02,1727.91,1736.36,1743.94,1746.46,1745.96,1749.83,1748.08,1746.48,1750.47,1760.98,1772.42,1775.81,1785.27,1794.87,1800.57,1804.04,1807.06,1814.46,1823.33,1831.31,1840.32,1850.29,1863.35,1877.70,1896.09,1903.71,1903.42,1904.08,1904.46,1913.13,1927.92,1945.06,1956.52,1951.55,1952.87,1964.39,1972.01,1986.76,2009.65,2026.06,2029.71,2041.67,2056.06,2072.22,2084.76,2089.17,2093.50,2108.00,2123.70,2131.55,2133.53,2142.01
1184.10,1186.13,1187.95,1189.84,1192.86,1196.16,1199.15,1200.78,1201.34,1203.15,1205.19,1206.88,1208.43,1210.16,1212.25,1214.03,1216.15,1218.69,1220.65,1221.11,1221.69,1223.88,1226.05,1228.30,1229.78,1231.77,1235.17,1239.44,1242.25,1244.11,1245.74,1248.77,1251.53,1253.83,1256.20,1258.51,1260.83,1263.33,1265.82,1268.13,1270.35,1272.60,1274.86,1277.12,1279.36,1281.68,1284.02,1286.55,1288.98,1291.35,1293.73,1296.06,1298.35,1300.74,1303.42,1306.04,1308.66,1311.18,1313.82,1316.50,1319.23,1321.74,1324.21,1326.73,1329.37,1331.87,1332.55,1334.54,1337.61,1340.45,1343.39,1346.34,1349.31,1352.53,1355.83,1359.02,1361.14,1362.93,1365.01,1366.66,1368.15,1369.43,1370.75,1372.70,1375.26,1378.34,1381.54,1384.66,1387.69,1390.80,1393.83,1396.34,1398.70,1401.11,1403.50,1405.67,1407.88,1409.97,1412.20,1414.69,1416.81,1418.84,1421.32,1424.04,1426.73,1428.91,1430.83,1432.78,1434.91,1437.17,1439.35,1441.53,1443.66,1445.98,1449.06,1451.81,1455.50,1459.16,1461.92,1464.10,1466.37,1468.09,1468.58,1465.45,1461.52,1461.43,1459.30,1455.47,1452.30,1449.43,1444.99,1439.44,1438.71,1440.07,1440.77,1443.82,1442.17,1443.05,1445.41,1446.87,1448.95,1450.57,1452.61,1455.32,1458.50,1460.01,1466.03,1471.35,1474.20,1477.55,1480.96,1484.67,1488.31,1491.89,1494.92,1497.97,1501.45,1504.44,1508.39,1513.91,1517.51,1520.10,1522.55,1526.81,1530.92,1535.41,1540.90,1545.76,1550.97,1557.83,1560.32,1569.70,1576.97,1577.72,1571.04,1561.71,1557.87,1558.19,1557.23,1559.97,1563.02,1567.77,1572.28,1576.77,1580.51,1585.63,1592.84,1605.70,1619.26,1617.48,1610.63,1609.11,1617.96,1630.25,1641.21,1650.43,1660.66,1667.68,1671.29,1675.97,1680.97,1685.97,1691.39,1705.95,1728.23,1746.80,1761.63,1772.47,1772.01,1775.32,1771.27,1771.42,1781.53,1788.89,1797.34,1794.56,1790.28,1787.56,1787.08,1787.96,1792.14,1797.87,1804.84,1810.62,1825.68,1842.52,1857.87,1874.93,1896.31,1911.19,1920.41,1926.79,1929.34,1933.25,1946.56,1963.72,1977.09,1979.87,1980.62,1990.44,2000.46,2009.69,2031.11,2044.13,2053.58,2063.99,2077.42,2092.23,2106.35,2115.25,2119.72,2130.88,2145.40,2153.50,2157.53,2160.83
1183.88,1185.96,1187.88,1189.80,1192.03,1194.79,1197.33,1198.33,1199.86,1202.11,1203.59,1205.06,1206.79,1208.69,1210.20,1211.52,1213.55,1215.84,1217.50,1219.24,1220.58,1222.63,1224.99,1228.29,1231.13,1233.35,1237.06,1240.16,1242.55,1244.89,1247.14,1249.05,1251.60,1254.27,1256.87,1259.15,1261.22,1263.49,1265.92,1268.06,1270.01,1272.15,1274.29,1276.43,1278.70,1281.02,1283.48,1286.10,1288.71,1291.16,1293.45,1295.73,1298.00,1300.47,1303.59,1306.61,1309.42,1311.77,1314.01,1316.32,1318.73,1321.17,1323.50,1325.95,1328.57,1330.17,1330.05,1332.60,1336.16,1339.67,1342.66,1345.52,1348.46,1351.48,1354.56,1357.68,1360.14,1361.93,1363.58,1365.10,1366.56,1367.87,1369.22,1371.34,1374.50,1378.02,1381.28,1384.27,1387.49,1390.58,1392.54,1394.69,1397.23,1399.77,1401.94,1404.03,1406.26,1408.90,1411.66,1413.97,1416.23,1418.43,1420.68,1423.18,1425.66,1427.76,1429.94,1432.15,1434.48,1436.73,1439.23,1441.91,1444.37,1447.06,1450.10,1452.85,1455.41,1457.93,1459.19,1460.80,1461.83,1460.86,1457.88,1451.13,1446.56,1444.44,1441.34,1434.70,1425.75,1422.56,1423.31,1424.78,1427.58,1430.11,1431.83,1434.47,1438.05,1440.60,1443.57,1448.08,1449.95,1450.36,1452.29,1454.76,1457.36,1461.06,1467.26,1472.01,1475.18,1478.66,1481.58,1483.88,1486.58,1491.30,1495.46,1498.46,1502.57,1507.79,1511.72,1516.39,1521.76,1525.51,1528.60,1532.55,1537.88,1543.18,1548.36,1557.00,1562.20,1573.81,1578.87,1581.21,1596.26,1605.81,1607.25,1595.27,1582.47,1573.49,1566.71,1565.02,1565.42,1569.42,1574.49,1578.40,1580.87,1584.08,1588.71,1597.08,1602.41,1604.46,1604.13,1611.41,1624.41,1633.51,1641.75,1650.96,1660.48,1671.47,1681.85,1691.06,1698.81,1705.30,1708.29,1711.44,1729.82,1750.04,1767.47,1784.15,1790.92,1795.27,1793.40,1794.21,1805.64,1804.83,1797.43,1785.74,1773.55,1767.62,1763.99,1763.90,1769.20,1777.25,1787.31,1796.65,1809.22,1830.34,1848.39,1864.32,1884.70,1901.91,1919.90,1933.20,1942.43,1952.62,1964.91,1980.07,1995.73,2005.83,2008.54,2017.77,2026.71,2036.29,2048.95,2063.27,2074.72,2084.44,2097.27,2111.39,2123.70,2134.35,2143.85,2151.52,2165.36,2174.54,2177.79,2177.40
1183.69,1185.63,1187.55,1189.60,1191.38,1193.31,1194.81,1195.89,1198.49,1200.00,1200.81,1202.85,1204.98,1207.48,1210.02,1211.45,1213.53,1216.67,1219.65,1221.14,1222.63,1224.75,1227.11,1230.51,1232.83,1235.03,1237.80,1240.30,1242.66,1245.09,1247.51,1249.95,1252.33,1254.85,1257.38,1259.87,1261.91,1263.81,1265.70,1267.52,1269.30,1271.25,1273.43,1275.72,1278.04,1280.37,1282.97,1285.61,1288.28,1290.80,1293.10,1295.40,1297.83,1300.47,1303.68,1306.94,1310.00,1312.26,1314.45,1316.65,1318.86,1320.75,1322.61,1324.90,1327.20,1328.10,1329.34,1331.97,1335.40,1338.69,1341.49,1344.47,1347.63,1350.51,1353.21,1356.30,1358.74,1360.51,1362.05,1363.54,1365.12,1366.79,1368.61,1370.92,1374.33,1377.81,1380.91,1383.68,1386.32,1388.76,1390.77,1392.96,1395.44,1398.07,1400.40,1402.71,1405.79,1408.85,1411.00,1412.91,1415.43,1418.02,1420.51,1423.01,1425.49,1427.65,1429.72,1432.06,1434.19,1435.31,1436.68,1438.88,1440.67,1443.61,1446.28,1448.56,1451.98,1453.09,1452.90,1452.07,1447.46,1441.64,1435.22,1428.64,1424.98,1424.25,1422.36,1416.62,1416.32,1419.75,1420.67,1423.45,1428.47,1429.86,1430.55,1433.36,1437.13,1439.62,1442.76,1447.45,1448.41,1451.06,1454.27,1457.25,1458.98,1464.26,1470.35,1473.66,1476.71,1480.02,1484.76,1487.80,1491.52,1496.22,1499.57,1503.39,1507.95,1513.86,1519.85,1523.48,1528.21,1533.17,1537.63,1540.57,1548.54,1556.31,1560.10,1573.32,1576.75,1583.67,1598.18,1596.09,1608.34,1619.25,1622.12,1617.43,1610.99,1602.24,1587.59,1576.29,1574.82,1574.84,1580.45,1582.76,1585.86,1585.70,1586.83,1590.91,1594.05,1596.68,1600.96,1611.63,1619.53,1622.43,1627.29,1637.41,1648.44,1660.83,1673.14,1688.30,1698.46,1710.62,1720.52,1725.56,1735.98,1752.64,1770.50,1783.19,1795.47,1804.90,1810.15,1811.80,1810.84,1797.09,1782.38,1769.13,1757.69,1749.73,1745.43,1747.76,1752.62,1758.63,1766.47,1777.80,1797.86,1816.40,1836.20,1850.05,1867.03,1885.56,1906.08,1921.50,1932.39,1945.83,1960.01,1976.38,1992.67,2005.24,2016.16,2026.98,2037.31,2049.33,2064.76,2077.76,2091.09,2102.29,2116.45,2129.81,2141.80,2153.74,2164.61,2173.02,2181.79,2191.19,2195.29,2194.49
1182.93,1184.47,1186.51,1189.03,1190.96,1191.80,1192.93,1194.46,1197.02,1199.98,1201.99,1204.08,1206.82,1209.47,1212.01,1213.79,1215.79,1218.14,1219.38,1219.52,1222.01,1225.23,1227.96,1230.67,1233.14,1235.57,1237.97,1240.38,1242.76,1245.14,1247.51,1249.88,1252.34,1254.78,1257.28,1259.72,1261.63,1263.28,1265.10,1267.07,1268.80,1270.55,1272.78,1275.07,1277.34,1279.77,1282.41,1285.07,1287.70,1290.30,1292.77,1295.30,1297.82,1300.50,1303.69,1306.89,1309.89,1312.22,1314.44,1316.66,1318.93,1320.75,1322.23,1323.88,1325.32,1326.77,1329.33,1331.90,1334.66,1337.68,1340.57,1343.69,1346.87,1349.88,1352.21,1354.92,1357.21,1359.03,1360.97,1362.84,1364.92,1366.94,1368.88,1371.32,1374.19,1376.98,1379.51,1381.63,1384.29,1386.74,1388.91,1391.19,1393.76,1396.52,1399.36,1402.45,1405.62,1407.80,1409.45,1411.61,1414.63,1418.06,1420.91,1423.30,1425.56,1427.15,1428.38,1429.98,1430.23,1428.81,1427.23,1427.31,1430.24,1434.10,1434.65,1434.54,1436.24,1437.59,1435.25,1430.31,1426.98,1423.99,1418.38,1413.65,1411.70,1411.22,1410.01,1412.91,1418.93,1420.29,1420.68,1423.53,1427.89,1429.66,1430.88,1435.62,1437.36,1439.63,1442.63,1445.95,1449.98,1453.78,1457.85,1461.92,1464.20,1469.54,1474.59,1477.14,1481.19,1485.29,1490.58,1495.53,1500.45,1506.73,1511.34,1517.17,1524.69,1532.10,1537.15,1539.01,1542.52,1547.54,1553.11,1552.19,1561.42,1573.46,1575.41,1582.12,1595.27,1596.27,1609.88,1614.39,1619.32,1626.98,1631.28,1632.13,1629.30,1619.45,1605.75,1597.55,1596.30,1592.47,1594.46,1593.24,1593.61,1589.46,1588.32,1588.77,1590.72,1594.83,1600.04,1604.52,1609.01,1614.32,1617.67,1622.91,1629.99,1642.74,1659.57,1673.28,1689.49,1701.25,1711.72,1720.05,1730.70,1743.97,1758.80,1769.78,1786.40,1801.35,1811.44,1814.87,1806.65,1788.05,1770.96,1755.60,1742.71,1735.54,1733.76,1737.34,1741.22,1747.97,1754.96,1759.55,1773.79,1799.94,1818.37,1833.84,1849.94,1870.50,1889.16,1903.62,1915.60,1930.32,1944.50,1958.17,1972.15,1984.52,1995.65,2011.07,2025.90,2039.88,2055.48,2069.24,2083.78,2094.11,2106.63,2123.37,2136.26,2149.57,2165.23,2179.83,2193.30,2205.53,2213.91,2215.50
1180.95,1182.34,1184.17,1186.69,1189.20,1190.42,1192.64,1194.81,1197.42,1200.47,1202.88,1205.25,1207.53,1209.81,1212.31,1214.15,1215.19,1216.16,1217.11,1219.86,1222.59,1225.26,1227.87,1230.42,1232.90,1235.37,1237.84,1240.24,1242.59,1244.93,1247.28,1249.55,1251.87,1254.32,1256.74,1259.06,1260.95,1262.60,1264.44,1266.41,1268.43,1270.31,1272.13,1274.33,1276.61,1279.14,1281.75,1284.38,1287.06,1289.77,1292.36,1294.93,1297.50,1300.15,1303.20,1306.26,1309.13,1311.58,1313.89,1316.22,1318.66,1320.65,1322.08,1323.56,1325.07,1326.96,1329.00,1331.35,1334.35,1337.59,1340.62,1343.29,1346.17,1349.24,1351.64,1353.85,1356.27,1358.81,1360.99,1363.07,1365.14,1366.98,1368.61,1370.45,1372.74,1374.97,1377.20,1379.90,1382.54,1385.11,1387.78,1390.66,1393.96,1397.31,1400.34,1402.62,1404.30,1405.98,1408.19,1411.08,1414.90,1418.77,1421.62,1423.23,1423.83,1424.00,1423.63,1421.49,1418.90,1415.34,1411.36,1409.84,1411.19,1413.89,1413.63,1412.25,1412.97,1414.37,1412.38,1409.65,1409.31,1407.41,1404.16,1402.81,1404.00,1405.69,1409.46,1413.32,1418.43,1420.16,1420.38,1422.29,1425.94,1429.38,1436.85,1442.12,1442.23,1443.65,1446.81,1451.45,1456.52,1459.27,1461.55,1469.18,1473.28,1477.51,1481.97,1485.63,1491.86,1499.01,1506.87,1512.03,1519.04,1524.53,1528.70,1537.86,1546.16,1553.00,1557.10,1558.08,1561.15,1564.45,1570.69,1566.85,1568.31,1586.10,1592.91,1593.59,1605.61,1611.39,1616.23,1623.22,1625.87,1631.43,1636.69,1639.07,1637.96,1627.88,1618.72,1612.06,1606.82,1605.15,1608.03,1607.23,1605.03,1600.70,1601.48,1600.53,1599.56,1602.45,1603.94,1605.26,1607.13,1610.13,1613.61,1617.46,1621.44,1627.96,1641.75,1658.44,1676.03,1687.75,1695.26,1704.49,1717.90,1731.17,1744.22,1759.11,1775.45,1793.38,1803.12,1807.14,1801.65,1784.20,1763.04,1745.26,1730.53,1728.98,1729.64,1733.14,1736.71,1740.74,1747.69,1753.19,1761.70,1778.93,1798.30,1814.70,1834.94,1853.63,1864.89,1883.32,1897.12,1913.87,1927.56,1939.26,1948.37,1958.30,1974.82,1990.31,2006.08,2022.37,2036.38,2050.66,2063.49,2072.25,2087.87,2104.66,2119.10,2133.31,2151.90,2170.54,2187.29,2206.30,2222.93,2232.98
1179.47,1181.36,1183.96,1187.43,1190.53,1192.11,1193.80,1195.91,1197.87,1200.37,1202.83,1205.27,1207.47,1209.58,1211.59,1212.25,1213.03,1214.78,1217.68,1220.53,1222.78,1224.99,1227.57,1230.25,1232.68,1235.13,1237.59,1240.04,1242.39,1244.71,1246.88,1249.03,1251.27,1253.58,1255.83,1258.05,1260.11,1261.95,1263.76,1265.72,1267.74,1269.66,1271.63,1273.61,1275.87,1278.17,1281.04,1283.77,1286.51,1289.27,1291.86,1294.41,1296.96,1299.55,1302.35,1305.15,1307.92,1310.54,1313.03,1315.62,1318.20,1320.38,1321.83,1323.36,1324.97,1326.81,1328.66,1331.30,1334.86,1338.21,1341.08,1343.61,1346.17,1348.77,1351.24,1353.74,1356.60,1359.46,1361.42,1362.96,1364.02,1365.54,1367.09,1368.88,1371.06,1373.80,1377.32,1380.31,1382.66,1385.09,1387.82,1390.78,1394.08,1397.13,1399.03,1400.63,1402.72,1405.67,1408.39,1411.37,1415.21,1418.92,1420.78,1420.69,1419.91,1418.07,1412.71,1407.38,1403.68,1400.34,1396.34,1392.38,1392.76,1394.99,1395.87,1396.98,1397.09,1396.08,1396.89,1397.12,1397.07,1397.02,1398.45,1401.66,1404.84,1407.64,1409.79,1411.53,1414.81,1418.28,1420.43,1424.39,1431.32,1436.59,1441.01,1449.56,1451.03,1453.08,1455.98,1460.60,1468.19,1472.58,1476.36,1479.90,1484.84,1492.55,1495.67,1500.50,1509.38,1516.75,1528.59,1533.17,1540.53,1547.99,1549.31,1555.97,1565.10,1570.68,1574.04,1576.53,1578.74,1581.44,1586.50,1584.22,1581.83,1592.79,1601.67,1604.97,1611.25,1617.04,1622.60,1626.88,1631.96,1634.17,1641.07,1645.86,1644.99,1639.71,1634.48,1630.36,1619.82,1616.69,1618.47,1620.04,1618.14,1613.46,1619.42,1623.11,1622.95,1622.94,1617.63,1614.63,1613.83,1613.78,1616.50,1619.38,1621.63,1624.48,1629.91,1642.25,1661.37,1672.19,1680.79,1691.54,1702.77,1715.46,1729.99,1749.14,1766.45,1781.56,1788.95,1791.16,1789.57,1781.04,1763.99,1743.99,1730.12,1727.92,1728.73,1730.69,1732.81,1737.02,1743.24,1750.58,1758.24,1770.46,1782.94,1798.70,1817.88,1834.21,1845.75,1861.96,1877.78,1892.61,1905.81,1917.75,1927.54,1940.63,1953.56,1970.40,1985.70,2002.27,2018.37,2028.36,2040.00,2055.66,2073.68,2090.28,2105.97,2123.16,2143.11,2164.16,2181.09,2200.54,2219.55,2237.67
1180.95,1182.85,1185.21,1188.03,1190.44,1192.72,1194.82,1196.76,1198.67,1200.80,1202.96,1204.68,1206.41,1208.33,1209.87,1210.65,1212.78,1215.48,1218.28,1220.69,1222.56,1224.53,1227.40,1230.27,1232.67,1235.03,1237.40,1239.83,1242.10,1244.25,1246.35,1248.49,1250.68,1252.90,1255.10,1257.25,1259.37,1261.29,1263.14,1265.09,1267.04,1268.99,1271.16,1273.52,1276.13,1278.60,1280.86,1283.54,1286.41,1289.01,1291.43,1294.01,1296.58,1299.16,1301.84,1304.51,1307.13,1309.70,1312.36,1314.99,1317.63,1319.75,1321.26,1322.92,1324.86,1326.80,1328.73,1331.47,1335.60,1339.08,1341.57,1343.88,1346.26,1348.68,1351.25,1353.95,1356.71,1358.92,1360.38,1360.94,1361.88,1363.55,1365.39,1367.61,1370.36,1373.63,1377.25,1380.52,1383.19,1385.88,1388.22,1390.73,1393.40,1395.23,1396.95,1399.53,1402.41,1405.77,1408.97,1412.00,1415.12,1416.20,1416.29,1413.90,1408.08,1399.26,1394.06,1389.46,1387.30,1385.37,1382.86,1381.13,1382.77,1384.69,1385.30,1386.51,1387.63,1388.51,1391.22,1391.54,1393.36,1397.69,1400.28,1402.34,1405.15,1408.11,1410.89,1415.04,1418.08,1422.36,1424.92,1427.48,1434.82,1443.79,1450.83,1458.26,1462.68,1471.24,1478.58,1485.09,1490.11,1489.74,1497.27,1502.17,1505.36,1515.27,1516.88,1518.92,1526.06,1532.56,1543.94,1551.01,1555.41,1561.76,1563.47,1567.75,1574.97,1580.60,1582.64,1585.05,1588.88,1591.51,1594.14,1596.40,1596.79,1603.61,1609.32,1612.44,1616.64,1621.53,1627.19,1633.13,1637.65,1640.42,1644.38,1652.08,1654.01,1649.86,1646.33,1639.58,1631.13,1629.83,1633.38,1631.32,1629.24,1621.74,1623.86,1634.33,1643.17,1643.27,1640.92,1640.06,1637.53,1633.22,1628.25,1624.95,1626.32,1627.22,1628.63,1634.57,1645.27,1656.56,1667.71,1678.93,1692.34,1707.27,1724.67,1740.70,1756.41,1766.60,1770.31,1776.00,1776.74,1771.68,1766.20,1752.16,1733.92,1725.89,1724.65,1727.68,1730.78,1735.68,1741.96,1748.99,1756.05,1764.78,1774.51,1787.97,1798.87,1813.57,1829.91,1842.75,1856.06,1869.99,1883.39,1894.74,1909.50,1924.18,1935.71,1951.28,1967.19,1981.46,1997.72,2009.99,2020.70,2040.64,2058.61,2074.55,2091.36,2108.59,2131.75,2154.35,2174.44,2193.26,2213.80,2233.14
1181.36,1183.48,1185.68,1187.88,1190.09,1192.32,1194.28,1196.13,1198.10,1200.10,1201.09,1202.53,1204.34,1206.46,1208.81,1211.36,1213.67,1216.30,1218.69,1220.63,1222.25,1223.97,1227.16,1230.31,1232.71,1235.06,1237.35,1239.55,1241.71,1243.87,1246.03,1248.17,1250.37,1252.49,1254.61,1256.74,1258.81,1260.78,1262.68,1264.89,1267.24,1269.32,1271.67,1274.33,1277.03,1279.79,1282.01,1284.03,1286.44,1288.65,1290.97,1293.54,1296.11,1298.68,1301.29,1303.93,1306.66,1309.54,1312.00,1314.58,1317.15,1318.91,1320.60,1322.64,1324.73,1326.87,1328.85,1331.89,1336.30,1340.11,1342.25,1344.46,1346.77,1349.03,1351.52,1354.13,1355.92,1356.88,1357.84,1358.68,1359.86,1361.94,1364.64,1367.83,1370.93,1374.59,1378.46,1381.20,1383.62,1386.01,1387.92,1389.66,1391.35,1393.43,1396.10,1398.84,1401.95,1405.45,1408.99,1411.74,1412.65,1410.80,1407.71,1400.90,1391.11,1381.67,1376.21,1372.03,1371.42,1371.23,1372.16,1374.57,1375.66,1377.89,1379.52,1381.63,1384.06,1386.32,1388.51,1391.33,1396.35,1400.10,1401.06,1402.93,1405.80,1409.28,1414.73,1420.94,1425.05,1426.89,1430.76,1437.64,1448.42,1457.99,1465.73,1474.12,1475.28,1487.53,1501.09,1508.95,1511.78,1507.24,1513.45,1520.53,1522.12,1533.31,1538.64,1538.10,1539.69,1548.89,1553.18,1558.47,1562.54,1566.60,1569.58,1575.07,1580.49,1585.04,1587.22,1589.65,1594.30,1597.40,1599.28,1602.74,1605.05,1611.34,1618.22,1619.57,1623.49,1629.86,1633.61,1639.60,1644.43,1647.12,1648.39,1658.26,1663.43,1660.64,1656.77,1648.96,1644.49,1645.07,1647.60,1642.96,1635.68,1631.07,1630.40,1634.72,1651.69,1659.71,1663.52,1665.88,1664.39,1655.24,1642.98,1634.74,1632.91,1631.28,1632.13,1632.78,1637.84,1645.84,1655.17,1665.86,1681.25,1693.23,1713.24,1731.85,1742.97,1748.67,1754.62,1760.68,1760.50,1754.35,1752.67,1748.36,1730.51,1720.06,1721.92,1726.45,1732.55,1739.56,1741.24,1747.41,1754.72,1761.71,1768.28,1778.12,1789.55,1801.51,1815.10,1825.08,1834.21,1846.78,1863.85,1880.01,1893.72,1906.67,1919.47,1933.69,1947.97,1964.78,1978.46,1990.31,2006.64,2023.93,2042.73,2060.47,2079.97,2099.42,2119.14,2143.74,2166.67,2186.77,2207.88,2230.41
1181.16,1183.05,1184.88,1186.94,1188.94,1190.73,1191.88,1193.40,1195.56,1197.92,1200.50,1202.55,1204.89,1207.39,1209.94,1212.24,1214.34,1216.47,1218.59,1220.45,1221.87,1223.44,1226.84,1230.30,1232.62,1234.83,1237.01,1239.21,1241.38,1243.54,1245.70,1247.94,1250.13,1252.28,1254.40,1256.48,1258.45,1260.37,1262.36,1264.76,1267.23,1269.62,1272.14,1274.72,1277.31,1279.82,1282.02,1284.21,1286.49,1288.40,1290.52,1293.06,1295.58,1298.09,1300.67,1303.74,1306.99,1310.06,1312.22,1314.39,1316.54,1318.24,1319.88,1321.64,1323.97,1327.18,1329.98,1333.58,1337.79,1341.09,1343.07,1345.10,1347.28,1349.27,1351.67,1352.98,1353.50,1354.38,1356.28,1358.04,1359.54,1361.73,1364.53,1368.15,1371.79,1375.26,1378.84,1381.22,1382.62,1384.14,1385.80,1387.68,1390.04,1392.97,1395.82,1398.42,1401.25,1404.77,1407.25,1408.04,1404.01,1397.01,1392.13,1383.60,1372.97,1367.33,1364.04,1364.04,1365.39,1366.85,1369.23,1371.47,1374.74,1379.43,1381.91,1384.76,1387.77,1390.51,1391.93,1393.88,1396.04,1398.14,1401.69,1405.11,1407.70,1412.29,1423.34,1431.44,1434.33,1436.73,1444.74,1454.83,1468.43,1478.81,1487.69,1493.25,1486.57,1493.52,1511.75,1527.02,1530.82,1526.11,1529.75,1535.69,1537.73,1542.04,1547.83,1552.64,1553.10,1558.09,1562.63,1565.93,1569.60,1573.32,1577.80,1583.68,1588.34,1591.14,1593.63,1595.92,1599.25,1603.19,1605.05,1607.63,1611.31,1617.96,1625.29,1628.19,1630.91,1637.80,1643.06,1646.50,1652.81,1657.11,1658.97,1666.05,1672.83,1674.43,1671.30,1663.33,1660.87,1661.99,1659.56,1652.81,1646.50,1645.68,1642.66,1642.52,1653.61,1668.54,1681.08,1685.52,1687.04,1677.76,1660.33,1645.94,1641.69,1638.07,1637.43,1637.24,1639.06,1642.69,1649.37,1656.72,1666.73,1683.62,1706.18,1718.45,1722.94,1726.34,1733.32,1737.70,1737.17,1732.13,1727.37,1720.16,1712.11,1714.62,1720.00,1724.61,1732.79,1748.75,1746.13,1747.67,1753.39,1758.64,1764.50,1771.93,1782.04,1791.42,1800.09,1808.37,1819.35,1834.28,1849.05,1867.68,1879.62,1889.90,1901.41,1917.41,1934.17,1949.81,1964.16,1977.79,2002.27,2027.33,2051.45,2072.21,2092.22,2108.66,2128.42,2145.36,2165.29,2185.00,2205.21,2229.80
1179.96,1181.71,1183.50,1185.51,1187.29,1189.36,1190.72,1193.01,1195.80,1198.69,1201.63,1203.71,1205.91,1208.08,1210.12,1212.12,1214.10,1216.18,1218.28,1220.18,1221.48,1222.97,1226.44,1230.13,1232.41,1234.56,1236.70,1238.86,1241.03,1243.27,1245.49,1247.72,1249.96,1252.07,1254.13,1256.09,1258.02,1259.95,1262.16,1264.62,1267.06,1269.49,1272.03,1274.60,1277.15,1279.69,1281.84,1284.47,1286.84,1288.60,1290.63,1293.06,1295.51,1297.99,1300.66,1303.91,1307.22,1310.27,1312.31,1313.87,1315.42,1317.16,1318.85,1320.18,1322.56,1326.28,1330.38,1334.28,1338.12,1341.40,1343.26,1344.88,1346.49,1348.36,1350.13,1350.47,1352.03,1355.70,1358.90,1360.11,1360.90,1362.36,1364.46,1367.61,1370.52,1373.11,1376.10,1378.50,1380.15,1382.27,1384.62,1387.14,1389.63,1392.58,1395.54,1398.15,1400.71,1403.04,1402.90,1396.34,1387.99,1380.89,1374.00,1366.27,1361.09,1359.00,1359.30,1361.62,1364.31,1367.97,1370.83,1373.55,1376.16,1379.26,1381.28,1383.80,1386.64,1389.12,1391.07,1394.15,1396.89,1400.02,1405.92,1412.29,1419.52,1429.57,1434.82,1438.48,1443.93,1452.71,1463.04,1473.23,1487.69,1498.43,1503.07,1504.89,1496.51,1500.81,1517.64,1536.97,1547.47,1543.95,1548.69,1551.72,1553.94,1555.06,1559.47,1563.70,1565.92,1568.57,1571.96,1575.44,1578.65,1583.60,1590.28,1595.22,1598.42,1601.63,1604.09,1606.17,1608.13,1610.37,1612.33,1615.13,1619.21,1625.08,1632.73,1638.00,1641.50,1646.81,1652.91,1657.79,1663.14,1669.65,1673.56,1677.83,1683.06,1687.61,1686.64,1680.47,1680.59,1679.99,1674.60,1666.14,1664.32,1662.72,1658.10,1654.46,1660.76,1674.57,1693.99,1702.34,1701.65,1695.26,1681.09,1666.70,1660.14,1654.82,1648.72,1645.12,1646.70,1646.61,1648.05,1653.53,1661.60,1675.83,1689.69,1695.79,1701.06,1702.93,1705.44,1705.72,1706.21,1704.99,1702.58,1702.63,1707.50,1712.72,1716.30,1718.70,1731.47,1756.94,1753.40,1748.67,1753.61,1760.79,1765.86,1771.25,1778.02,1784.34,1790.21,1798.43,1809.94,1823.28,1835.61,1849.36,1862.91,1876.40,1889.13,1905.64,1922.55,1939.61,1959.36,1979.92,2002.62,2027.46,2051.16,2073.05,2090.92,2108.46,2131.64,2155.44,2176.73,2197.53,2218.22,2236.03
1180.07,1182.20,1184.21,1186.38,1188.55,1190.73,1192.66,1194.49,1196.73,1198.80,1200.89,1203.17,1205.46,1207.69,1209.81,1211.74,1213.81,1215.90,1217.99,1219.90,1221.15,1222.46,1225.83,1229.77,1232.15,1234.24,1236.26,1238.39,1240.65,1242.94,1245.24,1247.48,1249.72,1251.80,1253.73,1255.66,1257.60,1259.56,1261.85,1264.25,1266.63,1269.06,1271.49,1274.03,1276.58,1279.19,1281.90,1284.88,1287.22,1288.93,1290.99,1293.42,1295.82,1298.20,1300.65,1303.53,1306.58,1309.24,1311.09,1312.53,1314.03,1315.70,1317.27,1318.80,1321.65,1325.61,1329.23,1332.59,1336.02,1339.37,1341.24,1342.35,1343.53,1345.25,1347.28,1350.08,1354.71,1359.18,1360.92,1361.82,1362.69,1363.99,1365.07,1366.71,1368.82,1371.06,1373.87,1376.84,1379.74,1382.30,1384.72,1387.09,1389.51,1392.47,1394.97,1395.84,1397.05,1395.91,1389.34,1381.20,1372.53,1361.68,1356.73,1356.22,1356.11,1356.68,1359.63,1362.26,1365.11,1368.26,1370.86,1374.90,1378.37,1381.24,1383.68,1385.54,1387.55,1389.45,1393.29,1399.55,1405.17,1411.91,1419.75,1427.76,1435.06,1441.49,1447.22,1454.00,1461.66,1471.17,1482.59,1488.53,1494.27,1501.45,1508.24,1512.52,1508.41,1512.79,1528.77,1545.87,1552.81,1555.18,1559.96,1561.99,1564.00,1566.62,1571.43,1575.43,1579.51,1584.15,1588.15,1590.70,1593.72,1597.61,1602.50,1608.03,1613.24,1616.19,1618.47,1620.83,1622.71,1622.92,1623.35,1625.01,1627.91,1633.53,1641.07,1646.66,1651.78,1657.24,1665.32,1672.37,1678.94,1682.94,1687.03,1693.59,1699.63,1702.76,1705.94,1702.01,1701.65,1698.61,1690.36,1684.67,1683.18,1681.22,1676.58,1666.00,1671.34,1679.96,1700.99,1715.92,1719.53,1715.11,1705.27,1693.80,1684.82,1677.95,1670.68,1664.52,1661.09,1658.60,1654.95,1656.11,1658.81,1663.65,1670.93,1677.45,1680.02,1681.16,1685.41,1687.81,1690.07,1693.19,1698.03,1702.22,1706.21,1709.14,1712.91,1719.89,1743.54,1768.10,1758.07,1751.11,1754.45,1762.39,1769.79,1781.64,1793.82,1801.33,1806.07,1811.53,1822.41,1832.27,1844.63,1858.44,1872.12,1884.24,1896.34,1909.65,1929.23,1951.41,1986.60,2013.04,2026.70,2035.24,2050.11,2076.54,2099.32,2119.94,2135.93,2157.76,2179.52,2203.73,2228.07,2248.40
1179.82,1181.98,1184.08,1186.14,1188.21,1190.26,1192.27,1194.24,1196.20,1198.16,1200.21,1202.55,1204.81,1207.08,1209.33,1211.42,1213.51,1215.62,1217.65,1219.56,1220.84,1221.97,1224.98,1228.99,1231.50,1233.47,1235.60,1237.86,1240.13,1242.40,1244.68,1247.00,1249.38,1251.40,1253.33,1255.25,1257.19,1259.14,1261.35,1263.75,1266.13,1268.52,1270.93,1273.76,1276.73,1279.57,1282.36,1285.29,1287.60,1289.28,1291.27,1293.58,1295.90,1298.24,1300.51,1303.02,1305.57,1307.97,1310.18,1311.82,1313.52,1315.28,1317.10,1318.86,1321.16,1324.27,1327.34,1329.61,1332.44,1335.86,1338.26,1339.57,1340.82,1343.94,1348.99,1353.37,1357.96,1360.77,1362.07,1363.24,1364.31,1365.29,1366.18,1367.62,1368.97,1370.85,1374.34,1377.86,1380.81,1383.20,1385.59,1387.83,1390.00,1391.93,1390.47,1385.80,1381.65,1374.49,1367.76,1361.87,1353.92,1349.59,1349.72,1351.35,1353.98,1357.35,1360.81,1363.82,1366.97,1370.16,1372.84,1375.82,1378.60,1381.41,1385.46,1388.32,1391.31,1395.41,1400.09,1410.62,1420.79,1431.11,1439.21,1442.05,1451.99,1457.40,1465.28,1472.14,1478.71,1484.19,1492.23,1495.04,1498.63,1503.81,1510.20,1518.30,1526.55,1534.39,1546.10,1551.77,1553.56,1554.75,1556.39,1557.84,1561.38,1568.01,1573.97,1579.79,1584.43,1590.18,1596.89,1601.72,1606.34,1609.64,1612.34,1616.90,1622.38,1627.00,1630.82,1633.39,1635.84,1637.91,1638.37,1638.66,1640.64,1644.67,1652.02,1658.70,1664.43,1670.48,1675.79,1683.14,1691.57,1697.13,1701.30,1707.35,1713.30,1715.59,1720.80,1721.12,1722.54,1719.88,1707.07,1702.89,1703.00,1702.41,1695.63,1684.54,1689.20,1699.21,1706.40,1724.02,1736.91,1737.99,1732.97,1724.51,1713.37,1704.74,1697.72,1690.74,1685.21,1679.25,1673.14,1668.66,1666.71,1667.13,1670.06,1672.45,1675.60,1678.91,1682.21,1685.33,1689.52,1693.79,1697.90,1701.25,1704.45,1707.96,1713.61,1729.74,1755.51,1775.37,1758.88,1754.79,1757.30,1763.94,1775.49,1788.18,1805.57,1820.83,1829.57,1830.50,1840.13,1848.01,1858.58,1877.75,1890.46,1901.44,1913.90,1926.65,1941.29,1960.29,1995.19,2029.92,2049.57,2061.26,2069.70,2080.77,2103.40,2126.90,2149.90,2169.20,2186.94,2211.55,2237.63,2257.07
1179.26,1181.44,1183.52,1185.60,1187.67,1189.75,1191.73,1193.78,1195.92,1198.10,1200.27,1202.39,1204.66,1206.95,1209.23,1211.30,1213.21,1215.24,1217.20,1219.13,1220.44,1221.47,1224.20,1227.71,1230.54,1232.78,1235.04,1237.25,1239.43,1241.70,1244.03,1246.38,1248.83,1251.02,1252.93,1254.85,1256.79,1258.73,1260.91,1263.47,1266.01,1268.43,1271.65,1276.01,1279.42,1281.78,1283.64,1285.57,1287.90,1289.66,1291.52,1293.63,1295.94,1298.16,1300.23,1302.65,1305.16,1307.62,1309.92,1311.76,1313.62,1315.31,1317.11,1318.81,1320.54,1322.82,1325.45,1327.54,1329.79,1332.62,1335.29,1337.45,1340.08,1345.17,1350.62,1354.83,1358.85,1361.16,1362.12,1362.75,1363.91,1365.41,1366.86,1368.22,1369.32,1371.30,1374.89,1378.59,1381.54,1383.88,1385.01,1385.39,1386.61,1384.94,1376.33,1369.77,1362.37,1351.81,1347.64,1346.13,1345.69,1346.34,1348.71,1351.86,1355.32,1358.76,1361.73,1363.90,1366.49,1369.68,1372.16,1374.86,1377.76,1381.95,1387.59,1393.89,1400.35,1408.28,1417.09,1431.88,1440.24,1445.22,1453.01,1460.33,1468.24,1472.06,1477.23,1481.99,1484.89,1489.23,1494.97,1499.94,1504.63,1510.19,1516.95,1525.78,1538.05,1544.99,1548.20,1548.71,1548.52,1549.40,1551.83,1555.46,1560.32,1565.73,1569.77,1574.86,1579.25,1584.13,1589.24,1593.82,1599.86,1606.31,1611.48,1615.98,1621.10,1625.17,1629.20,1633.94,1639.51,1644.83,1650.61,1654.44,1657.50,1659.73,1667.55,1676.40,1681.36,1684.19,1688.14,1695.45,1706.28,1711.79,1717.35,1721.70,1729.26,1733.28,1736.03,1741.03,1742.43,1740.40,1726.94,1720.62,1722.26,1722.74,1715.27,1701.74,1707.18,1718.05,1722.35,1736.11,1752.48,1760.94,1758.52,1752.39,1743.88,1733.53,1721.03,1710.61,1705.50,1700.25,1694.26,1690.52,1684.35,1677.85,1676.08,1676.53,1681.29,1683.50,1687.69,1690.71,1690.17,1692.54,1695.95,1699.47,1703.51,1709.99,1721.97,1742.37,1764.87,1777.87,1758.92,1757.35,1760.54,1767.84,1781.68,1795.02,1812.23,1839.47,1854.75,1856.80,1866.47,1870.87,1881.09,1898.98,1916.43,1922.77,1933.01,1946.57,1968.78,1990.94,2007.02,2025.25,2048.82,2075.20,2092.72,2104.92,2119.35,2141.14,2159.28,2179.16,2202.49,2222.63,2239.76,2251.50
1178.84,1180.94,1183.03,1185.15,1187.32,1189.40,1191.53,1193.67,1195.85,1198.09,1200.34,1202.39,1204.53,1206.82,1208.80,1210.39,1212.30,1214.60,1216.67,1218.57,1220.10,1220.98,1223.24,1226.57,1229.78,1232.17,1234.34,1236.49,1238.61,1240.85,1243.20,1245.70,1248.24,1250.59,1252.59,1254.86,1256.91,1258.86,1261.64,1264.83,1267.62,1270.15,1274.07,1277.81,1279.94,1280.38,1281.01,1283.90,1287.25,1289.80,1291.80,1293.81,1295.88,1297.87,1299.79,1302.13,1304.64,1307.17,1309.62,1311.85,1313.71,1315.38,1317.07,1318.66,1320.39,1322.61,1325.06,1327.49,1329.99,1333.13,1336.32,1338.88,1341.63,1345.82,1350.45,1354.08,1357.44,1359.96,1360.78,1361.13,1362.27,1363.90,1365.93,1367.86,1369.37,1371.81,1375.18,1378.62,1381.36,1382.55,1381.84,1380.43,1376.95,1369.05,1361.26,1352.93,1342.18,1338.00,1338.49,1340.89,1344.46,1347.45,1349.87,1352.33,1355.04,1358.54,1363.12,1366.29,1367.78,1370.73,1376.48,1380.29,1386.27,1394.37,1401.46,1409.42,1418.72,1427.51,1436.35,1443.91,1449.31,1458.40,1465.06,1469.80,1473.17,1476.63,1480.21,1483.89,1487.38,1491.84,1497.61,1504.05,1511.75,1518.55,1525.21,1533.00,1540.13,1542.06,1541.49,1542.38,1545.84,1550.90,1554.95,1556.38,1559.32,1563.24,1566.97,1570.90,1575.42,1579.78,1584.71,1589.13,1595.37,1601.28,1606.50,1610.96,1615.78,1619.76,1625.18,1630.32,1636.79,1643.79,1652.07,1661.04,1669.33,1676.30,1684.22,1692.85,1699.00,1702.05,1704.66,1711.27,1720.34,1726.34,1732.52,1737.55,1742.63,1746.98,1751.62,1758.50,1765.73,1764.15,1749.23,1740.21,1738.16,1740.07,1730.06,1718.06,1723.43,1728.18,1738.24,1741.74,1758.82,1776.49,1783.62,1782.39,1774.84,1763.08,1746.16,1731.66,1729.34,1725.19,1718.00,1712.42,1701.28,1689.24,1688.60,1684.62,1686.87,1693.62,1698.10,1698.85,1696.80,1696.09,1699.26,1703.66,1708.04,1720.03,1737.56,1756.78,1778.29,1777.73,1760.47,1760.11,1764.74,1773.87,1784.79,1803.10,1824.10,1851.99,1874.37,1885.12,1895.18,1900.21,1908.69,1926.37,1940.43,1949.07,1961.88,1987.66,2006.78,2016.13,2029.29,2042.74,2058.56,2082.76,2108.39,2128.07,2141.89,2157.97,2175.87,2191.25,2209.22,2220.76,2226.28,2235.34
1178.60,1180.71,1182.86,1185.03,1187.17,1189.28,1191.47,1193.65,1195.84,1198.00,1200.16,1202.31,1204.45,1206.32,1207.63,1209.15,1211.58,1213.97,1216.10,1217.96,1219.63,1220.55,1222.64,1225.79,1228.83,1231.30,1233.38,1235.51,1237.81,1240.26,1242.81,1245.40,1247.98,1250.49,1253.10,1256.01,1258.46,1260.65,1263.50,1266.57,1269.35,1272.11,1273.63,1274.73,1276.12,1277.50,1279.46,1282.79,1286.46,1289.57,1291.56,1293.35,1295.32,1297.28,1299.20,1301.38,1303.92,1306.37,1308.72,1311.45,1313.44,1314.16,1315.85,1318.38,1320.55,1323.01,1325.52,1328.07,1330.90,1334.62,1338.20,1340.99,1343.63,1346.50,1349.03,1351.45,1353.94,1355.94,1357.53,1358.64,1360.61,1362.49,1364.86,1366.99,1368.94,1371.88,1374.64,1377.32,1379.34,1379.12,1375.96,1369.24,1361.13,1350.87,1343.60,1337.47,1334.70,1335.43,1339.49,1342.61,1346.69,1350.23,1353.21,1356.04,1357.80,1361.59,1367.07,1371.65,1375.92,1381.94,1389.91,1397.29,1406.91,1414.56,1421.37,1429.63,1438.56,1446.77,1450.19,1451.26,1455.88,1462.54,1466.73,1470.30,1473.09,1476.14,1480.02,1486.33,1490.44,1496.43,1502.43,1509.37,1515.46,1521.24,1525.48,1530.60,1534.73,1535.75,1537.34,1544.29,1551.60,1558.81,1562.70,1563.24,1563.80,1566.11,1567.82,1571.78,1577.20,1581.89,1586.97,1592.60,1599.52,1604.02,1608.86,1614.19,1618.41,1622.52,1628.96,1634.22,1640.19,1647.46,1654.82,1664.82,1675.11,1683.74,1691.75,1698.75,1704.41,1709.57,1715.33,1721.91,1728.80,1734.07,1739.09,1743.71,1747.78,1753.70,1760.59,1768.98,1778.76,1780.58,1772.19,1763.33,1756.96,1754.89,1739.30,1734.18,1740.63,1742.47,1748.33,1752.30,1766.24,1786.81,1801.11,1806.49,1797.71,1784.76,1770.73,1756.91,1753.47,1749.63,1741.40,1732.20,1713.51,1703.26,1710.63,1701.19,1698.33,1700.31,1705.04,1707.55,1705.55,1703.70,1708.93,1716.79,1725.36,1741.06,1759.02,1777.76,1786.45,1772.83,1763.09,1764.64,1770.33,1782.24,1792.10,1807.11,1828.83,1851.45,1869.49,1887.63,1906.91,1922.33,1934.69,1949.15,1965.59,1983.91,2004.70,2021.71,2031.62,2039.57,2053.26,2067.55,2081.93,2099.40,2119.62,2138.48,2156.46,2167.64,2179.76,2191.45,2198.64,2200.14,2202.00,2214.15
1178.49,1180.61,1182.77,1184.92,1187.06,1189.18,1191.33,1193.50,1195.66,1197.83,1200.06,1202.18,1203.57,1204.80,1206.58,1209.03,1211.35,1213.42,1215.52,1217.33,1219.31,1220.39,1221.98,1224.65,1227.57,1230.18,1232.58,1235.06,1237.59,1240.16,1242.68,1245.23,1247.75,1250.42,1253.66,1256.93,1259.98,1262.33,1264.26,1266.56,1268.97,1270.07,1269.93,1271.82,1275.19,1278.55,1281.06,1283.79,1286.67,1288.75,1290.44,1292.40,1294.45,1296.49,1298.53,1300.68,1303.13,1305.48,1307.66,1309.97,1311.30,1311.06,1313.27,1316.82,1320.49,1323.21,1325.80,1328.45,1331.63,1335.40,1339.06,1341.72,1342.98,1343.93,1345.29,1347.47,1349.32,1350.51,1352.33,1355.28,1358.52,1361.29,1363.80,1366.01,1367.88,1369.85,1372.69,1374.83,1373.40,1369.36,1361.14,1350.99,1342.44,1335.88,1332.42,1329.96,1331.86,1337.76,1341.65,1344.33,1347.56,1351.90,1357.06,1361.07,1365.88,1373.22,1383.65,1391.99,1397.17,1402.77,1411.42,1419.57,1425.73,1431.46,1438.81,1441.53,1446.03,1450.95,1453.68,1454.53,1457.27,1461.81,1464.99,1468.39,1472.80,1478.12,1483.95,1492.26,1498.76,1504.93,1510.01,1512.24,1514.47,1517.09,1520.42,1524.98,1528.68,1532.96,1540.77,1550.12,1556.25,1561.82,1566.40,1570.08,1571.84,1573.44,1575.29,1579.76,1585.08,1589.75,1594.08,1599.77,1605.44,1611.43,1617.49,1622.08,1626.53,1632.28,1638.03,1642.28,1647.54,1655.36,1662.08,1668.73,1675.78,1684.08,1692.93,1699.62,1706.05,1711.52,1718.09,1725.63,1733.02,1738.40,1743.14,1748.01,1752.85,1759.03,1765.42,1774.43,1783.15,1787.95,1790.65,1787.18,1779.30,1770.63,1754.65,1749.59,1757.98,1762.22,1761.50,1768.31,1780.09,1796.25,1812.15,1822.74,1814.63,1800.10,1791.40,1782.93,1780.76,1776.84,1762.85,1744.85,1722.99,1719.81,1732.19,1724.80,1713.98,1711.39,1712.74,1716.82,1719.53,1720.53,1728.92,1740.56,1753.07,1768.91,1784.76,1786.57,1773.85,1767.39,1766.57,1770.18,1780.24,1799.11,1810.96,1827.25,1843.63,1860.23,1878.20,1893.05,1911.47,1931.03,1946.47,1968.55,1991.43,2008.77,2024.07,2039.44,2050.57,2060.55,2075.50,2088.22,2100.13,2109.75,2120.14,2129.24,2138.93,2150.87,2164.31,2176.32,2178.90,2178.77,2181.53,2191.24
1178.41,1180.55,1182.64,1184.73,1186.78,1188.86,1191.06,1193.25,1195.42,1197.58,1199.35,1200.61,1201.99,1203.94,1206.40,1208.91,1210.97,1212.78,1214.63,1216.44,1219.63,1220.99,1222.65,1224.37,1226.54,1229.07,1231.68,1234.29,1236.95,1239.71,1242.31,1244.83,1247.40,1250.03,1253.09,1256.43,1259.25,1259.69,1260.82,1263.20,1265.57,1266.69,1268.58,1271.64,1275.61,1279.54,1281.72,1283.25,1285.31,1287.59,1289.55,1291.53,1293.61,1295.70,1297.85,1300.06,1302.40,1304.74,1307.09,1309.15,1309.88,1309.33,1311.67,1315.85,1319.65,1322.43,1325.22,1328.32,1331.71,1334.95,1337.76,1339.40,1339.86,1340.17,1341.08,1343.24,1345.40,1347.35,1350.51,1353.82,1357.30,1360.56,1362.35,1363.76,1365.74,1368.23,1370.33,1370.03,1365.71,1356.38,1339.97,1331.15,1330.25,1329.32,1327.79,1328.99,1333.36,1338.83,1342.94,1346.00,1348.59,1355.06,1364.14,1372.25,1381.44,1394.55,1405.14,1413.96,1418.72,1422.03,1428.06,1431.23,1433.01,1436.11,1441.11,1445.00,1446.84,1449.56,1454.47,1457.41,1458.57,1462.83,1468.32,1472.63,1478.60,1485.35,1492.90,1499.20,1505.30,1508.81,1507.39,1508.89,1513.25,1519.02,1523.38,1527.81,1531.79,1537.58,1544.31,1551.95,1557.27,1562.49,1567.62,1572.11,1575.59,1578.72,1582.99,1588.54,1595.57,1601.14,1604.91,1608.90,1614.13,1623.95,1631.65,1635.46,1638.59,1643.79,1649.24,1654.80,1659.92,1667.19,1673.30,1677.65,1680.67,1688.02,1696.57,1702.08,1707.03,1713.16,1719.79,1727.60,1735.24,1741.60,1746.76,1752.46,1758.34,1764.15,1770.22,1778.51,1784.76,1791.03,1799.85,1802.13,1796.87,1787.39,1781.44,1774.03,1773.31,1778.18,1776.05,1786.43,1796.68,1810.67,1825.52,1836.63,1829.22,1818.16,1811.08,1806.69,1809.03,1801.27,1787.45,1760.22,1735.09,1737.26,1755.27,1756.90,1739.01,1724.54,1721.05,1724.16,1729.73,1738.71,1752.61,1766.38,1779.28,1793.91,1792.26,1777.35,1773.91,1773.02,1771.69,1779.35,1795.89,1820.19,1838.96,1851.04,1862.18,1877.51,1894.70,1906.66,1923.29,1941.90,1958.34,1974.75,1991.40,2006.25,2020.42,2036.32,2050.33,2064.10,2078.27,2085.99,2091.04,2096.55,2103.04,2110.72,2122.74,2137.49,2150.98,2158.89,2155.82,2155.94,2164.16,2174.54
1177.77,1180.18,1182.17,1184.17,1186.22,1188.38,1190.69,1192.94,1194.77,1195.90,1197.00,1199.10,1201.20,1203.32,1205.43,1207.46,1209.59,1211.58,1213.38,1215.68,1219.89,1221.51,1223.16,1224.94,1226.81,1228.88,1231.20,1233.69,1236.31,1238.88,1241.43,1244.15,1246.97,1249.42,1251.85,1254.34,1256.37,1257.01,1258.87,1261.28,1263.50,1265.78,1268.14,1270.75,1274.40,1277.76,1279.22,1281.28,1283.70,1286.10,1288.50,1290.74,1292.93,1295.17,1297.41,1299.70,1302.06,1304.44,1306.70,1307.86,1308.02,1308.88,1311.76,1315.12,1318.21,1321.22,1324.49,1327.77,1330.55,1333.17,1335.42,1336.84,1337.47,1337.93,1338.90,1341.13,1344.04,1347.32,1350.48,1352.99,1356.00,1358.43,1359.76,1362.02,1364.68,1366.16,1365.23,1361.98,1352.63,1338.00,1328.60,1326.26,1325.53,1325.06,1326.31,1330.62,1335.70,1340.36,1344.62,1348.30,1354.45,1367.38,1378.94,1392.84,1405.97,1409.75,1415.04,1420.87,1424.06,1427.11,1430.07,1432.60,1435.24,1437.99,1441.81,1447.61,1450.61,1453.89,1457.37,1462.17,1466.87,1472.09,1476.86,1481.06,1488.42,1495.40,1500.52,1502.82,1503.65,1501.77,1503.38,1509.94,1517.84,1523.59,1528.72,1532.76,1536.80,1541.78,1546.35,1551.46,1556.20,1560.89,1566.56,1571.36,1575.38,1580.56,1586.58,1593.27,1600.74,1606.33,1612.51,1618.19,1623.12,1631.11,1639.89,1645.63,1649.59,1653.61,1658.18,1663.29,1668.72,1673.90,1679.67,1684.76,1688.37,1693.62,1700.30,1705.82,1709.98,1714.43,1719.77,1726.96,1734.51,1741.29,1747.48,1753.78,1760.29,1766.63,1773.26,1780.09,1785.28,1791.86,1801.52,1806.52,1809.18,1807.31,1806.27,1799.57,1794.77,1797.83,1796.13,1802.68,1814.63,1827.58,1840.74,1847.97,1844.64,1832.86,1822.42,1824.07,1828.86,1825.39,1810.02,1780.06,1754.60,1760.91,1777.17,1782.03,1759.61,1737.28,1735.65,1738.68,1741.55,1755.36,1775.73,1791.52,1802.65,1808.18,1793.14,1780.17,1783.59,1785.68,1788.13,1802.89,1821.81,1841.77,1863.73,1871.11,1881.43,1895.79,1910.86,1926.88,1939.52,1952.62,1962.07,1965.03,1973.00,1985.75,1997.82,2013.21,2031.69,2045.98,2057.68,2066.85,2073.67,2079.61,2083.58,2091.22,2108.78,2121.38,2130.43,2133.88,2131.38,2135.48,2145.76,2159.07
1176.91,1179.54,1181.65,1183.57,1185.48,1187.70,1190.01,1191.28,1191.97,1193.77,1195.91,1198.16,1200.04,1201.58,1203.71,1205.86,1208.38,1210.60,1212.28,1215.39,1220.07,1221.95,1223.75,1225.56,1227.38,1229.38,1231.58,1233.82,1236.22,1238.58,1241.11,1243.99,1246.58,1248.03,1249.69,1251.90,1254.00,1256.15,1258.62,1261.02,1263.25,1265.71,1268.18,1270.54,1273.20,1275.72,1277.98,1280.49,1282.96,1285.40,1287.88,1290.28,1292.76,1295.21,1297.63,1299.94,1302.13,1304.31,1305.49,1305.79,1306.17,1308.48,1311.75,1314.90,1318.08,1321.13,1324.05,1326.62,1328.84,1330.94,1332.87,1334.24,1335.23,1336.33,1338.12,1340.88,1344.21,1347.57,1350.43,1352.72,1354.94,1357.06,1358.96,1360.40,1363.14,1361.87,1356.05,1344.72,1333.90,1327.61,1324.95,1323.13,1322.24,1323.60,1327.28,1331.21,1336.10,1340.98,1347.03,1354.91,1369.86,1384.82,1395.88,1406.02,1411.87,1414.25,1417.75,1420.91,1423.75,1426.25,1428.66,1431.80,1435.68,1439.18,1444.21,1450.30,1455.68,1460.89,1466.02,1470.72,1473.36,1476.45,1480.38,1484.13,1488.68,1492.40,1494.88,1495.81,1496.05,1497.90,1503.97,1510.97,1518.14,1523.19,1528.00,1531.67,1535.92,1540.55,1544.84,1549.56,1554.06,1558.38,1563.43,1568.47,1573.84,1580.02,1586.73,1593.67,1600.12,1606.87,1614.90,1622.35,1628.37,1635.15,1642.33,1649.03,1655.01,1660.20,1664.07,1668.97,1673.57,1678.13,1683.06,1688.55,1693.53,1698.80,1703.61,1708.31,1713.53,1718.21,1723.96,1730.64,1737.95,1743.77,1748.64,1754.16,1760.22,1766.86,1773.60,1780.02,1785.14,1791.42,1800.84,1806.73,1812.68,1816.43,1818.58,1818.69,1817.60,1818.48,1816.26,1820.06,1832.86,1842.56,1853.16,1858.84,1856.91,1848.66,1838.93,1842.61,1844.94,1837.18,1814.29,1787.13,1772.02,1782.28,1798.21,1802.14,1781.55,1759.27,1763.51,1768.24,1760.54,1764.64,1786.98,1807.81,1820.65,1821.83,1802.87,1788.70,1788.07,1794.96,1804.45,1819.62,1850.14,1867.86,1881.53,1887.74,1900.26,1912.29,1928.41,1943.57,1951.39,1950.68,1944.41,1940.19,1946.22,1959.66,1973.97,1990.38,2008.14,2022.69,2034.41,2044.19,2052.30,2058.80,2062.68,2067.93,2087.14,2101.89,2110.30,2109.57,2105.57,2112.64,2123.53,2143.53
